# This file uses centimeters as units for non-parametric coordinates.

v -15.556816 -0.084837 -0.008202
v -15.564775 -0.085796 -0.033965
v -15.552641 -0.086448 -0.057717
v -15.526920 -0.086411 -0.065416
v -15.503074 -0.085706 -0.052635
v -15.495673 -0.084746 -0.026990
v -15.508658 -0.084094 -0.003419
v -15.533821 -0.084132 0.004399
v -15.530229 -0.086679 -0.030129
v -15.548459 2.136212 -0.066295
v -15.562564 2.137015 -0.040172
v -15.554060 2.137817 -0.011729
v -15.527926 2.138150 0.002373
v -15.499475 2.137817 -0.006127
v -15.485369 2.137015 -0.032250
v -15.493874 2.136212 -0.060693
v -15.520007 2.135880 -0.074796
v -15.523936 2.139584 -0.036507
v -15.504353 1.044161 -0.003122
v -15.529834 1.044459 0.004489
v -15.553238 1.044161 -0.008140
v -15.560854 1.043442 -0.033612
v -15.548223 1.042723 -0.057007
v -15.522741 1.042425 -0.064620
v -15.499337 1.042723 -0.051990
v -15.491720 1.043442 -0.026517
v -15.091169 1.908511 -0.001193
v -15.088989 1.933881 -0.011739
v -15.086811 1.959251 -0.001193
v -15.085908 1.969759 0.024266
v -15.086811 1.959251 0.049724
v -15.088989 1.933880 0.060270
v -15.091169 1.908511 0.049724
v -15.092072 1.898002 0.024266
v -15.684046 1.905155 -0.006048
v -15.684069 1.930619 -0.016594
v -15.684091 1.956083 -0.006048
v -15.684099 1.966630 0.019411
v -15.684066 1.952919 0.045667
v -15.684044 1.927455 0.056213
v -15.684046 1.905155 0.044907
v -15.684037 1.894608 0.019448
v -15.088473 1.933116 0.024266
v -15.684316 1.930585 0.019411
v -15.392475 1.956260 0.052005
v -15.392483 1.966055 0.028360
v -15.392475 1.956260 0.004715
v -15.392454 1.932611 -0.005078
v -15.392433 1.908962 0.004715
v -15.392425 1.899167 0.028360
v -15.392433 1.908962 0.052005
v -15.392454 1.932611 0.061799
v -15.524867 1.887518 -0.067029
v -15.524988 1.877532 -0.066544
v -15.524860 1.886916 -0.074082
v -15.524981 1.876930 -0.073598
v -15.524867 1.879687 0.012130
v -15.525140 1.879654 0.023111
v -15.525048 1.869628 0.023146
v -15.524796 1.869661 0.012157
v -15.484882 1.875745 -0.029957
v -15.476986 1.875881 -0.029998
v -15.476895 1.865850 -0.030020
v -15.484792 1.865715 -0.029979
v -15.564313 1.871076 -0.029976
v -15.572672 1.870989 -0.029495
v -15.572581 1.860958 -0.029517
v -15.564222 1.861046 -0.029998
v -15.497262 1.882907 -0.058909
v -15.492957 1.882710 -0.064687
v -15.492962 1.872700 -0.064481
v -15.497266 1.872897 -0.058703
v -15.496392 1.865484 0.000936
v -15.496472 1.875512 0.000931
v -15.491447 1.875576 0.005542
v -15.491367 1.865548 0.005545
v -15.552231 1.862241 0.001294
v -15.552311 1.872269 0.001290
v -15.557375 1.872195 0.006947
v -15.557295 1.862167 0.006950
v -15.548466 1.869735 -0.060244
v -15.548457 1.879744 -0.060459
v -15.553915 1.879402 -0.067319
v -15.553924 1.869392 -0.067103
v -15.524867 1.875846 -0.067029
v -15.524988 1.865860 -0.066544
v -15.524860 1.875244 -0.074082
v -15.524981 1.865258 -0.073598
v -15.524867 1.868015 0.012130
v -15.525140 1.867982 0.023111
v -15.525048 1.857956 0.023146
v -15.524796 1.857989 0.012157
v -15.484882 1.864073 -0.029957
v -15.476986 1.864208 -0.029998
v -15.476895 1.854178 -0.030020
v -15.484792 1.854043 -0.029979
v -15.564313 1.859404 -0.029976
v -15.572672 1.859317 -0.029495
v -15.572581 1.849286 -0.029517
v -15.564222 1.849374 -0.029998
v -15.497262 1.871235 -0.058909
v -15.492957 1.871038 -0.064687
v -15.492962 1.861028 -0.064481
v -15.497266 1.861225 -0.058703
v -15.496392 1.853812 0.000936
v -15.496472 1.863840 0.000932
v -15.491447 1.863904 0.005542
v -15.491367 1.853876 0.005545
v -15.552231 1.850569 0.001294
v -15.552311 1.860597 0.001290
v -15.557375 1.860523 0.006947
v -15.557295 1.850495 0.006950
v -15.548466 1.858063 -0.060244
v -15.548457 1.868072 -0.060459
v -15.553915 1.867730 -0.067319
v -15.553924 1.857720 -0.067103
v -15.524313 1.999771 -0.071142
v -15.524433 1.989785 -0.070657
v -15.524306 1.999169 -0.078195
v -15.524426 1.989183 -0.077711
v -15.524867 2.004318 0.008017
v -15.524865 2.004285 0.015141
v -15.524795 1.994259 0.015169
v -15.524796 1.994292 0.008044
v -15.484882 2.008234 -0.034070
v -15.476987 2.008370 -0.034110
v -15.476896 1.998340 -0.034132
v -15.484792 1.998204 -0.034092
v -15.564313 2.003566 -0.034089
v -15.572672 2.003478 -0.033608
v -15.572581 1.993448 -0.033630
v -15.564222 1.993535 -0.034111
v -15.497262 2.004957 -0.063022
v -15.492957 2.004760 -0.068799
v -15.492962 1.994750 -0.068593
v -15.497266 1.994946 -0.062816
v -15.496392 1.996083 -0.003177
v -15.496472 2.006111 -0.003181
v -15.491447 2.006175 0.001428
v -15.491367 1.996147 0.001432
v -15.552231 1.992840 -0.002819
v -15.552311 2.002868 -0.002822
v -15.557375 2.002794 0.002834
v -15.557295 1.992766 0.002838
v -15.548466 1.991785 -0.064356
v -15.548457 2.001794 -0.064572
v -15.553915 2.001451 -0.071431
v -15.553924 1.991442 -0.071215
v -15.524313 2.010462 -0.071142
v -15.524433 2.000477 -0.070657
v -15.524306 2.009860 -0.078195
v -15.524426 1.999874 -0.077710
v -15.524867 2.015009 0.008017
v -15.524865 2.014976 0.015141
v -15.524795 2.004950 0.015169
v -15.524796 2.004983 0.008044
v -15.484882 2.018925 -0.034070
v -15.476986 2.019061 -0.034110
v -15.476895 2.009031 -0.034132
v -15.484792 2.008895 -0.034092
v -15.564313 2.014257 -0.034089
v -15.572672 2.014169 -0.033608
v -15.572581 2.004139 -0.033630
v -15.564222 2.004226 -0.034111
v -15.497262 2.015648 -0.063022
v -15.492957 2.015451 -0.068799
v -15.492962 2.005441 -0.068593
v -15.497266 2.005638 -0.062816
v -15.496392 2.006775 -0.003177
v -15.496472 2.016802 -0.003181
v -15.491447 2.016867 0.001428
v -15.491367 2.006839 0.001432
v -15.552231 2.003531 -0.002819
v -15.552311 2.013559 -0.002822
v -15.557375 2.013485 0.002834
v -15.557295 2.003457 0.002838
v -15.548466 2.002476 -0.064356
v -15.548457 2.012485 -0.064572
v -15.553915 2.012142 -0.071431
v -15.553924 2.002133 -0.071215
v -15.534881 1.947140 -0.076188
v -15.528399 1.952536 -0.075909
v -15.534721 1.947480 -0.083250
v -15.528239 1.952875 -0.082970
v -15.532618 1.944504 0.061503
v -15.532591 1.944525 0.070757
v -15.524290 1.950149 0.070792
v -15.524317 1.950128 0.061538
v -15.568063 1.981861 -0.029507
v -15.572519 1.990329 -0.029548
v -15.566138 1.995978 -0.029571
v -15.561681 1.987510 -0.029530
v -15.486821 1.892444 -0.013832
v -15.482139 1.883449 -0.013351
v -15.475758 1.889097 -0.013373
v -15.480439 1.898093 -0.013854
v -15.561976 1.976370 -0.057350
v -15.564414 1.981136 -0.063053
v -15.557989 1.986670 -0.063051
v -15.555552 1.981904 -0.057349
v -15.542644 1.977470 0.046288
v -15.550940 1.971834 0.046283
v -15.554604 1.977235 0.052270
v -15.546309 1.982870 0.052275
v -15.505332 1.919223 0.045389
v -15.513627 1.913587 0.045384
v -15.509925 1.908148 0.052732
v -15.501631 1.913784 0.052737
v -15.494274 1.908162 -0.057635
v -15.500701 1.902632 -0.057646
v -15.497681 1.896917 -0.064605
v -15.491254 1.902447 -0.064593
v -15.532262 1.949984 -0.070554
v -15.525948 1.944261 -0.070270
v -15.532098 1.949654 -0.077616
v -15.525784 1.943931 -0.077332
v -15.526956 1.950350 0.068412
v -15.526927 1.954112 0.081372
v -15.518570 1.944794 0.081407
v -15.518599 1.944811 0.072154
v -15.486006 1.993544 -0.029507
v -15.481670 2.002117 -0.029548
v -15.475222 1.996598 -0.029571
v -15.479558 1.988025 -0.029530
v -15.567570 1.895219 -0.023381
v -15.572195 1.886175 -0.022899
v -15.565747 1.880655 -0.022921
v -15.561121 1.889699 -0.023402
v -15.498278 1.983872 -0.059370
v -15.495925 1.988394 -0.065224
v -15.489540 1.982783 -0.065221
v -15.491892 1.978261 -0.059366
v -15.486768 1.977858 0.042582
v -15.495133 1.983387 0.042578
v -15.491531 1.988830 0.048564
v -15.483166 1.983300 0.048569
v -15.545897 1.901735 0.045389
v -15.554263 1.907265 0.045384
v -15.557885 1.901773 0.052731
v -15.549520 1.896244 0.052737
v -15.546662 1.904825 -0.055974
v -15.553045 1.910440 -0.055987
v -15.556099 1.904375 -0.062753
v -15.549716 1.898760 -0.062739
v -15.534881 1.934119 -0.076188
v -15.528399 1.939514 -0.075909
v -15.534721 1.934459 -0.083250
v -15.528239 1.939855 -0.082970
v -15.532618 1.931483 0.061503
v -15.532591 1.931504 0.070757
v -15.524290 1.937128 0.070792
v -15.524317 1.937108 0.061538
v -15.568063 1.968840 -0.029507
v -15.572519 1.977308 -0.029548
v -15.566138 1.982957 -0.029571
v -15.561682 1.974489 -0.029530
v -15.486821 1.879423 -0.013832
v -15.482139 1.870428 -0.013351
v -15.475758 1.876076 -0.013373
v -15.480439 1.885072 -0.013854
v -15.561976 1.963349 -0.057350
v -15.564414 1.968115 -0.063053
v -15.557989 1.973650 -0.063051
v -15.555552 1.968884 -0.057349
v -15.542644 1.964449 0.046288
v -15.550940 1.958813 0.046283
v -15.554604 1.964214 0.052270
v -15.546309 1.969849 0.052275
v -15.505332 1.906202 0.045389
v -15.513627 1.900566 0.045384
v -15.509925 1.895128 0.052732
v -15.501631 1.900764 0.052736
v -15.494274 1.895141 -0.057635
v -15.500701 1.889611 -0.057646
v -15.497681 1.883896 -0.064605
v -15.491253 1.889426 -0.064593
v -15.532262 1.936963 -0.070554
v -15.525948 1.931240 -0.070270
v -15.532098 1.936633 -0.077616
v -15.525784 1.930910 -0.077332
v -15.526956 1.937330 0.068412
v -15.526927 1.941091 0.081372
v -15.518570 1.931774 0.081407
v -15.518599 1.931790 0.072154
v -15.486006 1.980523 -0.029507
v -15.481670 1.989096 -0.029548
v -15.475222 1.983577 -0.029571
v -15.479558 1.975004 -0.029530
v -15.567570 1.882198 -0.023381
v -15.572195 1.873154 -0.022899
v -15.565747 1.867634 -0.022921
v -15.561121 1.876678 -0.023402
v -15.498278 1.970852 -0.059370
v -15.495926 1.975374 -0.065224
v -15.489540 1.969763 -0.065221
v -15.491892 1.965241 -0.059366
v -15.486768 1.964837 0.042582
v -15.495133 1.970367 0.042578
v -15.491531 1.975809 0.048564
v -15.483166 1.970279 0.048569
v -15.545897 1.888715 0.045389
v -15.554263 1.894245 0.045384
v -15.557885 1.888753 0.052731
v -15.549520 1.883223 0.052737
v -15.546662 1.891804 -0.055974
v -15.553045 1.897418 -0.055987
v -15.556099 1.891354 -0.062753
v -15.549716 1.885739 -0.062739
v -15.138475 1.944673 0.052345
v -15.154960 1.944602 0.050111
v -15.140854 1.950729 0.065277
v -15.156493 1.951010 0.062720
v -15.136689 1.917510 0.001452
v -15.136150 1.910595 -0.011128
v -15.151587 1.912255 -0.013607
v -15.153482 1.919305 -0.001333
v -15.136667 1.906500 0.036512
v -15.139808 1.893137 0.043507
v -15.154112 1.894717 0.042840
v -15.151215 1.908358 0.035823
v -15.139508 1.956376 0.008705
v -15.136710 1.970327 0.001024
v -15.150892 1.970768 -0.001162
v -15.154198 1.957342 0.006135
v -15.132704 1.920005 0.057176
v -15.136304 1.916387 0.068027
v -15.151288 1.917242 0.066238
v -15.150506 1.921147 0.054240
v -15.158881 1.901047 0.014328
v -15.140972 1.899890 0.015694
v -15.143828 1.887897 0.013759
v -15.158801 1.889224 0.011890
v -15.148319 1.942818 -0.009509
v -15.130531 1.942083 -0.006637
v -15.129189 1.946102 -0.018552
v -15.144096 1.947178 -0.020984
v -15.156067 1.965348 0.032837
v -15.138001 1.964212 0.034547
v -15.138927 1.977049 0.039222
v -15.153742 1.978003 0.037034
v -15.123476 1.946366 0.053050
v -15.139364 1.949453 0.049205
v -15.125981 1.952625 0.065861
v -15.140945 1.955901 0.061788
v -15.121638 1.919899 0.001792
v -15.121126 1.913142 -0.010874
v -15.135640 1.917732 -0.014807
v -15.137421 1.924883 -0.002575
v -15.128148 1.908101 0.036563
v -15.134544 1.895522 0.042843
v -15.148070 1.899813 0.040753
v -15.142029 1.912713 0.034521
v -15.118793 1.957899 0.010094
v -15.112590 1.971205 0.003162
v -15.126207 1.974295 -0.000404
v -15.132607 1.961663 0.006139
v -15.124013 1.920921 0.057534
v -15.129560 1.917907 0.067955
v -15.143783 1.921226 0.064982
v -15.140695 1.925024 0.053202
v -15.148531 1.906978 0.012283
v -15.131556 1.902916 0.015217
v -15.136675 1.891564 0.012547
v -15.150773 1.895309 0.009465
v -15.126227 1.946594 -0.009266
v -15.109346 1.943057 -0.004887
v -15.105740 1.946942 -0.016440
v -15.119716 1.950441 -0.020084
v -15.133884 1.969740 0.032968
v -15.116677 1.965676 0.036054
v -15.115315 1.978424 0.040976
v -15.129264 1.981802 0.037615
v -15.634972 1.963221 0.011517
v -15.653110 1.960768 0.011688
v -15.637589 1.977188 0.004319
v -15.654797 1.974365 0.004117
v -15.633007 1.908396 0.043504
v -15.632413 1.894853 0.051631
v -15.649398 1.892058 0.049909
v -15.651484 1.905259 0.041646
v -15.632982 1.947404 0.054149
v -15.636438 1.955652 0.068550
v -15.652176 1.954853 0.066839
v -15.648989 1.946569 0.052134
v -15.636108 1.914752 0.000468
v -15.633030 1.905725 -0.014551
v -15.648634 1.903302 -0.014944
v -15.652271 1.911885 -0.000486
v -15.628621 1.969561 0.038438
v -15.632583 1.981643 0.041964
v -15.649070 1.979640 0.041099
v -15.648209 1.966286 0.037305
v -15.657424 1.923240 0.061068
v -15.637718 1.924790 0.062283
v -15.640862 1.923163 0.075550
v -15.657336 1.921053 0.074169
v -15.645803 1.895290 0.016135
v -15.626230 1.898479 0.016823
v -15.624754 1.885211 0.012901
v -15.641157 1.882492 0.011819
v -15.654327 1.940911 -0.010403
v -15.634450 1.942838 -0.009224
v -15.635469 1.947443 -0.023533
v -15.651770 1.944998 -0.024491
v -15.618468 1.963926 0.009627
v -15.635949 1.959570 0.006393
v -15.621225 1.977751 0.002211
v -15.637690 1.973136 -0.001222
v -15.616446 1.908671 0.040863
v -15.615883 1.895027 0.048820
v -15.631852 1.890510 0.043938
v -15.633811 1.903662 0.035565
v -15.623610 1.947394 0.052386
v -15.630647 1.954822 0.065954
v -15.645530 1.952346 0.061324
v -15.638881 1.944956 0.047400
v -15.613316 1.916216 -0.001264
v -15.606490 1.908039 -0.015605
v -15.621474 1.903989 -0.018854
v -15.628515 1.911710 -0.005237
v -15.619059 1.969917 0.037416
v -15.625163 1.981500 0.040296
v -15.640812 1.978093 0.036770
v -15.637413 1.964983 0.033085
v -15.646036 1.920744 0.054632
v -15.627358 1.924139 0.058977
v -15.632991 1.921677 0.071569
v -15.648503 1.918133 0.067580
v -15.621495 1.895400 0.011973
v -15.602921 1.900362 0.015679
v -15.598953 1.887498 0.011889
v -15.614331 1.883345 0.008194
v -15.629920 1.940872 -0.015236
v -15.610988 1.944434 -0.010897
v -15.609488 1.949314 -0.025119
v -15.624836 1.945478 -0.028693
v -15.633694 1.855969 0.050404
v -15.630071 1.841791 0.047391
v -15.621937 1.840230 0.058725
v -15.624162 1.853917 0.063839
v -15.631499 1.862335 0.046624
v -15.619202 1.867033 0.039041
v -15.611113 1.867875 0.049861
v -15.623093 1.863371 0.059225
v -15.639153 1.859198 0.058087
v -15.651036 1.853971 0.067836
v -15.642126 1.852175 0.077674
v -15.629885 1.856551 0.070308
v -15.648617 1.874380 0.066783
v -15.642453 1.866622 0.057759
v -15.630282 1.866137 0.071490
v -15.639747 1.873211 0.076949
v -15.628960 1.881801 0.046191
v -15.635040 1.871124 0.047088
v -15.623246 1.868765 0.060755
v -15.619727 1.880942 0.056273
v -15.629058 1.850697 0.043802
v -15.639105 1.848630 0.056992
v -15.641855 1.852885 0.036431
v -15.649990 1.850550 0.047628
v -15.618659 1.850430 0.054247
v -15.607792 1.848930 0.064388
v -15.616395 1.844565 0.074637
v -15.628611 1.845058 0.066377
v -15.621544 1.857136 0.051396
v -15.623929 1.871399 0.055908
v -15.633849 1.868524 0.064633
v -15.632919 1.853198 0.060795
v -15.621744 1.827520 0.062880
v -15.614264 1.830682 0.052169
v -15.619234 1.842577 0.050462
v -15.628990 1.838342 0.064315
v -15.640646 1.829997 0.049824
v -15.632402 1.832645 0.039626
v -15.626760 1.843295 0.045349
v -15.638122 1.839705 0.058235
v -15.631482 1.859663 0.065461
v -15.625557 1.858122 0.058972
v -15.632410 1.860366 0.052041
v -15.638404 1.861927 0.058539
v -15.635802 1.936749 0.066415
v -15.629605 1.935774 0.059772
v -15.636791 1.937262 0.052665
v -15.643028 1.938249 0.059314
v -15.159719 1.855969 0.064800
v -15.162487 1.841791 0.060988
v -15.150644 1.840230 0.053615
v -15.145688 1.853917 0.056170
v -15.163346 1.862335 0.062364
v -15.170106 1.867033 0.049595
v -15.158779 1.867875 0.042233
v -15.150222 1.863371 0.054802
v -15.152411 1.859198 0.070753
v -15.143462 1.853971 0.083250
v -15.133061 1.852175 0.075004
v -15.139607 1.856551 0.062306
v -15.144354 1.874380 0.080767
v -15.152955 1.866622 0.074024
v -15.138453 1.866137 0.062780
v -15.133628 1.873211 0.072583
v -15.163612 1.881801 0.059800
v -15.163116 1.871124 0.065927
v -15.148705 1.868765 0.055055
v -15.152946 1.880942 0.051250
v -15.166002 1.850697 0.059742
v -15.153501 1.848630 0.070633
v -15.174197 1.852885 0.072028
v -15.163558 1.850550 0.080880
v -15.154898 1.850430 0.050050
v -15.144066 1.848930 0.039872
v -15.134403 1.844565 0.049129
v -15.143446 1.845058 0.060777
v -15.157932 1.857136 0.052742
v -15.153586 1.871399 0.055418
v -15.145531 1.868524 0.065890
v -15.149300 1.853198 0.064710
v -15.146485 1.827520 0.053695
v -15.156683 1.830682 0.045529
v -15.158712 1.842577 0.050376
v -15.145529 1.838342 0.061021
v -15.160753 1.829997 0.071700
v -15.170389 1.832645 0.062805
v -15.164309 1.843295 0.057551
v -15.152195 1.839705 0.069733
v -15.144548 1.859663 0.063582
v -15.150636 1.858122 0.057243
v -15.158001 1.860366 0.063627
v -15.151910 1.861927 0.070034
v -15.137938 1.945288 0.061945
v -15.131027 1.943993 0.055768
v -15.136713 1.943159 0.049706
v -15.143627 1.944443 0.055849
v -15.647039 0.177183 0.051443
v -15.428768 0.177183 0.049352
v -15.306017 0.177183 0.053616
v -15.143696 0.177183 0.051443
v -15.647039 1.786447 0.049741
v -15.494390 1.061000 0.050840
v -15.344296 1.003922 0.050950
v -15.143697 1.786447 0.049741
v -15.647039 1.829952 0.049741
v -15.499594 1.499756 0.050803
v -15.344296 1.454216 0.050950
v -15.143697 1.829952 0.049741
v -15.647039 1.868438 0.049741
v -15.512074 1.832957 0.049741
v -15.344296 1.818815 0.049741
v -15.143697 1.868438 0.049741
v -15.647039 1.620705 0.049741
v -15.301558 0.689560 0.048333
v -15.143697 1.620705 0.049741
v -15.647039 1.760482 0.049741
v -15.446441 0.965883 0.048431
v -15.296057 1.026124 0.045192
v -15.143697 1.760482 0.049741
v -15.647039 1.808200 0.049741
v -15.446441 1.424371 0.045637
v -15.290704 1.474211 0.045823
v -15.143697 1.808200 0.049741
v -15.647039 1.849195 0.049741
v -15.446441 1.557795 0.048244
v -15.280867 1.651091 0.048517
v -15.143697 1.849195 0.049741
v -15.588817 0.177183 0.047488
v -15.521547 0.177183 0.052495
v -15.647039 1.540167 0.049741
v -15.647039 1.474621 0.049741
v -15.143697 1.474621 0.049741
v -15.143697 1.540167 0.049741
v -15.252399 0.177183 0.052495
v -15.201919 0.177183 0.047488
v -15.475216 0.177183 0.053616
v -15.361967 0.177183 0.049352
v -15.446441 1.003922 0.050950
v -15.296345 1.061000 0.050840
v -15.446441 1.454216 0.050950
v -15.291142 1.499756 0.050803
v -15.446441 1.818815 0.049741
v -15.278662 1.832957 0.049741
v -15.489177 0.689560 0.048333
v -15.494679 1.026124 0.045192
v -15.344296 0.965883 0.048431
v -15.500032 1.474211 0.045823
v -15.344296 1.424371 0.045637
v -15.509870 1.651091 0.048517
v -15.344296 1.557795 0.048244
v -15.497211 1.183422 0.048460
v -15.344296 1.086367 0.048520
v -15.143697 1.797323 0.049741
v -15.647039 1.797323 0.049741
v -15.446441 1.086367 0.048520
v -15.293525 1.183422 0.048460
v -15.647039 1.863627 0.049741
v -15.647039 1.858817 0.049741
v -15.647039 1.854006 0.049741
v -15.510421 1.701864 0.048823
v -15.510972 1.724614 0.050408
v -15.511523 1.782300 0.044163
v -15.344296 1.648952 0.048618
v -15.344296 1.676233 0.052600
v -15.344296 1.756376 0.044095
v -15.143697 1.854006 0.049741
v -15.143697 1.858817 0.049741
v -15.143697 1.863627 0.049741
v -15.446441 1.648952 0.048618
v -15.446441 1.676233 0.051321
v -15.446441 1.756376 0.044095
v -15.280315 1.701864 0.048823
v -15.279764 1.724614 0.050408
v -15.279213 1.782300 0.044163
v -15.647039 1.805481 0.049741
v -15.647039 1.802762 0.049741
v -15.647039 1.800043 0.049741
v -15.497917 1.284068 0.048079
v -15.498622 1.319467 0.052149
v -15.499328 1.387490 0.048437
v -15.344296 1.198817 0.048078
v -15.344296 1.246020 0.052086
v -15.344296 1.325847 0.048313
v -15.143697 1.800043 0.049741
v -15.143697 1.802762 0.049741
v -15.143697 1.805481 0.049741
v -15.446441 1.198817 0.048078
v -15.446441 1.246020 0.052086
v -15.446441 1.325847 0.048313
v -15.292819 1.284068 0.048079
v -15.292114 1.319467 0.052149
v -15.291409 1.387490 0.048437
v -15.647039 1.866033 0.049741
v -15.511799 1.795447 0.053661
v -15.344296 1.775415 0.053627
v -15.143697 1.866033 0.049741
v -15.446441 1.775415 0.053627
v -15.278937 1.795447 0.053661
v -15.439236 0.644319 0.048806
v -15.351757 0.632851 0.048819
v -15.647039 0.177183 0.047210
v -15.428768 0.177183 0.045118
v -15.306017 0.177183 0.049383
v -15.143696 0.177183 0.047210
v -15.647039 1.786447 0.045507
v -15.494390 1.061000 0.046607
v -15.344296 1.003922 0.046716
v -15.143697 1.786447 0.045507
v -15.647039 1.829952 0.045507
v -15.499594 1.499756 0.046570
v -15.344296 1.454216 0.046716
v -15.143697 1.829952 0.045507
v -15.647039 1.868438 0.045507
v -15.512074 1.832957 0.045507
v -15.344296 1.818815 0.045507
v -15.143697 1.868438 0.045507
v -15.647039 1.620705 0.045507
v -15.301558 0.689560 0.044100
v -15.143697 1.620705 0.045507
v -15.647039 1.760482 0.045507
v -15.446441 0.965883 0.044197
v -15.296057 1.026124 0.040959
v -15.143697 1.760482 0.045507
v -15.647039 1.808200 0.045507
v -15.446441 1.424371 0.041404
v -15.290704 1.474211 0.041589
v -15.143697 1.808200 0.045507
v -15.647039 1.849195 0.045507
v -15.446441 1.557795 0.044011
v -15.280867 1.651091 0.044284
v -15.143697 1.849195 0.045507
v -15.588817 0.177183 0.043254
v -15.521547 0.177183 0.048262
v -15.647039 1.540167 0.045507
v -15.647039 1.474621 0.045507
v -15.143697 1.474621 0.045507
v -15.143697 1.540167 0.045507
v -15.252399 0.177183 0.048262
v -15.201919 0.177183 0.043254
v -15.475216 0.177183 0.049383
v -15.361967 0.177183 0.045118
v -15.446441 1.003922 0.046716
v -15.296345 1.061000 0.046607
v -15.446441 1.454216 0.046716
v -15.291142 1.499756 0.046570
v -15.446441 1.818815 0.045507
v -15.278662 1.832957 0.045507
v -15.489177 0.689560 0.044100
v -15.494679 1.026124 0.040959
v -15.344296 0.965883 0.044197
v -15.500032 1.474211 0.041589
v -15.344296 1.424371 0.041404
v -15.509870 1.651091 0.044284
v -15.344296 1.557795 0.044011
v -15.497211 1.183422 0.044227
v -15.344296 1.086367 0.044286
v -15.143697 1.797323 0.045507
v -15.647039 1.797323 0.045507
v -15.446441 1.086367 0.044286
v -15.293525 1.183422 0.044227
v -15.647039 1.863627 0.045507
v -15.647039 1.858817 0.045507
v -15.647039 1.854006 0.045507
v -15.510421 1.701864 0.044590
v -15.510972 1.724614 0.046175
v -15.511523 1.782300 0.039930
v -15.344296 1.648952 0.044385
v -15.344296 1.676233 0.048367
v -15.344296 1.756376 0.039861
v -15.143697 1.854006 0.045507
v -15.143697 1.858817 0.045507
v -15.143697 1.863627 0.045507
v -15.446441 1.648952 0.044385
v -15.446441 1.676233 0.047088
v -15.446441 1.756376 0.039861
v -15.280315 1.701864 0.044590
v -15.279764 1.724614 0.046175
v -15.279213 1.782300 0.039930
v -15.647039 1.805481 0.045507
v -15.647039 1.802762 0.045507
v -15.647039 1.800043 0.045507
v -15.497917 1.284068 0.043846
v -15.498622 1.319467 0.047916
v -15.499328 1.387490 0.044204
v -15.344296 1.198817 0.043845
v -15.344296 1.246020 0.047853
v -15.344296 1.325847 0.044080
v -15.143697 1.800043 0.045507
v -15.143697 1.802762 0.045507
v -15.143697 1.805481 0.045507
v -15.446441 1.198817 0.043845
v -15.446441 1.246020 0.047853
v -15.446441 1.325847 0.044080
v -15.292819 1.284068 0.043846
v -15.292114 1.319467 0.047916
v -15.291409 1.387490 0.044204
v -15.647039 1.866033 0.045507
v -15.511799 1.795447 0.049428
v -15.344296 1.775415 0.049394
v -15.143697 1.866033 0.045507
v -15.446441 1.775415 0.049394
v -15.278937 1.795447 0.049428
v -15.439236 0.644319 0.044573
v -15.351757 0.632851 0.044586
vt 0.736119 0.612052
vt 0.763967 0.640986
vt 0.736119 0.651228
vt 0.707644 0.640986
vt 0.696058 0.612052
vt 0.707644 0.583421
vt 0.736119 0.572021
vt 0.763967 0.583421
vt 0.776034 0.612052
vt 0.869442 -0.239004
vt 0.884881 -0.238604
vt 0.884881 0.515499
vt 0.869442 0.514979
vt 0.900320 -0.237949
vt 0.900320 0.516026
vt 0.915592 -0.237432
vt 0.915592 0.516297
vt 0.927997 -0.237361
vt 0.927997 0.516182
vt 0.947034 -0.237790
vt 0.947034 0.515760
vt 0.962098 -0.238476
vt 0.962098 0.515274
vt 0.977543 -0.239023
vt 0.977543 0.514994
vt 0.992990 -0.239115
vt 0.992990 0.515049
vt 0.736119 0.612052
vt 0.763967 0.640986
vt 0.736119 0.651228
vt 0.707644 0.640986
vt 0.696058 0.612052
vt 0.707644 0.583421
vt 0.736119 0.572021
vt 0.763967 0.583421
vt 0.776034 0.612052
vt 0.915592 1.247859
vt 0.927997 1.247774
vt 0.900320 1.247524
vt 0.884881 1.246890
vt 0.869442 1.246217
vt 0.977543 1.246529
vt 0.992990 1.246496
vt 0.962098 1.246855
vt 0.947034 1.247356
vt 0.886182 0.774247
vt 0.886182 0.507092
vt 0.901627 0.507074
vt 0.901627 0.776477
vt 0.916691 0.507057
vt 0.916691 0.778704
vt 0.935729 0.507050
vt 0.935729 0.779628
vt 0.948133 0.507056
vt 0.948133 0.778704
vt 0.963405 0.507074
vt 0.963405 0.776477
vt 0.978844 0.507092
vt 0.978844 0.774247
vt 0.994283 0.507099
vt 0.994283 0.773325
vt 0.870736 0.773325
vt 0.870736 0.507099
vt 0.736119 0.612052
vt 0.707644 0.583421
vt 0.736119 0.571902
vt 0.763967 0.583421
vt 0.776281 0.612052
vt 0.763967 0.640986
vt 0.736119 0.651304
vt 0.707644 0.640986
vt 0.695952 0.612052
vt 0.696103 0.612052
vt 0.707644 0.583421
vt 0.736119 0.612052
vt 0.707644 0.640986
vt 0.736119 0.651090
vt 0.763967 0.640986
vt 0.775679 0.612052
vt 0.763967 0.583421
vt 0.736119 0.572117
vt 0.935729 0.250563
vt 0.948133 0.250571
vt 0.916691 0.250571
vt 0.901627 0.250592
vt 0.886182 0.250613
vt 0.870736 0.250621
vt 0.978844 0.250613
vt 0.994283 0.250621
vt 0.963405 0.250592
vt 0.747208 0.979640
vt 0.747208 0.939247
vt 0.735807 0.939247
vt 0.735807 0.979640
vt 0.713858 0.939247
vt 0.713858 0.979640
vt 0.725259 0.979640
vt 0.725259 0.939247
vt 0.757755 0.979640
vt 0.757755 0.939247
vt 0.757755 0.810268
vt 0.757755 0.775473
vt 0.747208 0.775473
vt 0.747208 0.810268
vt 0.713858 0.775473
vt 0.713858 0.810268
vt 0.725259 0.810268
vt 0.725259 0.775473
vt 0.735807 0.810268
vt 0.735807 0.775473
vt 0.757755 0.736613
vt 0.757755 0.709871
vt 0.747208 0.709871
vt 0.747208 0.736613
vt 0.713858 0.709871
vt 0.713858 0.736613
vt 0.725259 0.736613
vt 0.725260 0.709871
vt 0.735807 0.736613
vt 0.735807 0.709871
vt 0.757755 0.903634
vt 0.757755 0.854687
vt 0.747208 0.854687
vt 0.747208 0.903634
vt 0.713858 0.854687
vt 0.713858 0.903634
vt 0.725259 0.903634
vt 0.725259 0.854687
vt 0.735807 0.903634
vt 0.735807 0.854687
vt 0.757755 0.677166
vt 0.747208 0.677166
vt 0.713858 0.677166
vt 0.725260 0.677166
vt 0.735807 0.677166
vt 0.747208 0.979640
vt 0.747208 0.939247
vt 0.735807 0.939247
vt 0.735807 0.979640
vt 0.713858 0.939247
vt 0.713858 0.979640
vt 0.725259 0.979640
vt 0.725259 0.939247
vt 0.757755 0.979640
vt 0.757755 0.939247
vt 0.757755 0.810268
vt 0.757755 0.775473
vt 0.747208 0.775473
vt 0.747208 0.810268
vt 0.713858 0.775473
vt 0.713858 0.810268
vt 0.725259 0.810268
vt 0.725259 0.775473
vt 0.735807 0.810268
vt 0.735807 0.775473
vt 0.757755 0.736613
vt 0.757755 0.709871
vt 0.747208 0.709871
vt 0.747208 0.736613
vt 0.713858 0.709871
vt 0.713858 0.736613
vt 0.725259 0.736613
vt 0.725260 0.709871
vt 0.735807 0.736613
vt 0.735807 0.709871
vt 0.757755 0.903634
vt 0.757755 0.854687
vt 0.747208 0.854687
vt 0.747208 0.903634
vt 0.713858 0.854687
vt 0.713858 0.903634
vt 0.725259 0.903634
vt 0.725259 0.854687
vt 0.735807 0.903634
vt 0.735807 0.854687
vt 0.757755 0.677166
vt 0.747208 0.677166
vt 0.713858 0.677166
vt 0.725260 0.677166
vt 0.735807 0.677166
vt 0.747208 0.979640
vt 0.747208 0.939247
vt 0.735807 0.939247
vt 0.735807 0.979640
vt 0.713858 0.939247
vt 0.713858 0.979640
vt 0.725259 0.979640
vt 0.725259 0.939247
vt 0.757755 0.979640
vt 0.757755 0.939247
vt 0.757755 0.810268
vt 0.757755 0.775473
vt 0.747208 0.775473
vt 0.747208 0.810268
vt 0.713858 0.775473
vt 0.713858 0.810268
vt 0.725259 0.810268
vt 0.725259 0.775473
vt 0.735807 0.810268
vt 0.735807 0.775473
vt 0.757755 0.736613
vt 0.757755 0.709871
vt 0.747208 0.709871
vt 0.747208 0.736613
vt 0.713858 0.709871
vt 0.713858 0.736613
vt 0.725259 0.736613
vt 0.725260 0.709871
vt 0.735807 0.736613
vt 0.735807 0.709871
vt 0.757755 0.903634
vt 0.757755 0.854687
vt 0.747208 0.854687
vt 0.747208 0.903634
vt 0.713858 0.854687
vt 0.713858 0.903634
vt 0.725259 0.903634
vt 0.725259 0.854687
vt 0.735807 0.903634
vt 0.735807 0.854687
vt 0.757755 0.677166
vt 0.747208 0.677166
vt 0.713858 0.677166
vt 0.725260 0.677166
vt 0.735807 0.677166
vt 0.747208 0.979640
vt 0.747208 0.939247
vt 0.735807 0.939247
vt 0.735807 0.979640
vt 0.713858 0.939247
vt 0.713858 0.979640
vt 0.725259 0.979640
vt 0.725259 0.939247
vt 0.757755 0.979640
vt 0.757755 0.939247
vt 0.757755 0.810268
vt 0.757755 0.775473
vt 0.747208 0.775473
vt 0.747208 0.810268
vt 0.713858 0.775473
vt 0.713858 0.810268
vt 0.725259 0.810268
vt 0.725259 0.775473
vt 0.735807 0.810268
vt 0.735807 0.775473
vt 0.757755 0.736613
vt 0.757755 0.709871
vt 0.747208 0.709871
vt 0.747208 0.736613
vt 0.713858 0.709871
vt 0.713858 0.736613
vt 0.725259 0.736613
vt 0.725260 0.709871
vt 0.735807 0.736613
vt 0.735807 0.709871
vt 0.757755 0.903634
vt 0.757755 0.854687
vt 0.747208 0.854687
vt 0.747208 0.903634
vt 0.713858 0.854687
vt 0.713858 0.903634
vt 0.725259 0.903634
vt 0.725259 0.854687
vt 0.735807 0.903634
vt 0.735807 0.854687
vt 0.757755 0.677166
vt 0.747208 0.677166
vt 0.713858 0.677166
vt 0.725260 0.677166
vt 0.735807 0.677166
vt 0.747208 0.979640
vt 0.747208 0.939247
vt 0.735807 0.939247
vt 0.735807 0.979640
vt 0.713858 0.939247
vt 0.713858 0.979640
vt 0.725259 0.979640
vt 0.725259 0.939247
vt 0.757755 0.979640
vt 0.757755 0.939247
vt 0.757755 0.810268
vt 0.757755 0.775473
vt 0.747208 0.775473
vt 0.747208 0.810268
vt 0.713858 0.775473
vt 0.713858 0.810268
vt 0.725259 0.810268
vt 0.725259 0.775473
vt 0.735807 0.810268
vt 0.735807 0.775473
vt 0.757755 0.736613
vt 0.757755 0.709871
vt 0.747208 0.709871
vt 0.747208 0.736613
vt 0.713858 0.709871
vt 0.713858 0.736613
vt 0.725259 0.736613
vt 0.725260 0.709871
vt 0.735807 0.736613
vt 0.735807 0.709871
vt 0.757755 0.903634
vt 0.757755 0.854687
vt 0.747208 0.854687
vt 0.747208 0.903634
vt 0.713858 0.854687
vt 0.713858 0.903634
vt 0.725259 0.903634
vt 0.725259 0.854687
vt 0.735807 0.903634
vt 0.735807 0.854687
vt 0.757755 0.677166
vt 0.747208 0.677166
vt 0.713858 0.677166
vt 0.725260 0.677166
vt 0.735807 0.677166
vt 0.747208 0.979640
vt 0.747208 0.939247
vt 0.735807 0.939247
vt 0.735807 0.979640
vt 0.713858 0.939247
vt 0.713858 0.979640
vt 0.725259 0.979640
vt 0.725259 0.939247
vt 0.757755 0.979640
vt 0.757755 0.939247
vt 0.757755 0.810268
vt 0.757755 0.775473
vt 0.747208 0.775473
vt 0.747208 0.810268
vt 0.713858 0.775473
vt 0.713858 0.810268
vt 0.725259 0.810268
vt 0.725259 0.775473
vt 0.735807 0.810268
vt 0.735807 0.775473
vt 0.757755 0.736613
vt 0.757755 0.709871
vt 0.747208 0.709871
vt 0.747208 0.736613
vt 0.713858 0.709871
vt 0.713858 0.736613
vt 0.725259 0.736613
vt 0.725260 0.709871
vt 0.735807 0.736613
vt 0.735807 0.709871
vt 0.757755 0.903634
vt 0.757755 0.854687
vt 0.747208 0.854687
vt 0.747208 0.903634
vt 0.713858 0.854687
vt 0.713858 0.903634
vt 0.725259 0.903634
vt 0.725259 0.854687
vt 0.735807 0.903634
vt 0.735807 0.854687
vt 0.757755 0.677166
vt 0.747208 0.677166
vt 0.713858 0.677166
vt 0.725260 0.677166
vt 0.735807 0.677166
vt 0.747208 0.979640
vt 0.747208 0.939247
vt 0.735807 0.939247
vt 0.735807 0.979640
vt 0.713858 0.939247
vt 0.713858 0.979640
vt 0.725259 0.979640
vt 0.725259 0.939247
vt 0.757755 0.979640
vt 0.757755 0.939247
vt 0.757755 0.810268
vt 0.757755 0.775473
vt 0.747208 0.775473
vt 0.747208 0.810268
vt 0.713858 0.775473
vt 0.713858 0.810268
vt 0.725259 0.810268
vt 0.725259 0.775473
vt 0.735807 0.810268
vt 0.735807 0.775473
vt 0.757755 0.736613
vt 0.757755 0.709871
vt 0.747208 0.709871
vt 0.747208 0.736613
vt 0.713858 0.709871
vt 0.713858 0.736613
vt 0.725259 0.736613
vt 0.725260 0.709871
vt 0.735807 0.736613
vt 0.735807 0.709871
vt 0.757755 0.903634
vt 0.757755 0.854687
vt 0.747208 0.854687
vt 0.747208 0.903634
vt 0.713858 0.854687
vt 0.713858 0.903634
vt 0.725259 0.903634
vt 0.725259 0.854687
vt 0.735807 0.903634
vt 0.735807 0.854687
vt 0.757755 0.677166
vt 0.747208 0.677166
vt 0.713858 0.677166
vt 0.725260 0.677166
vt 0.735807 0.677166
vt 0.747208 0.979640
vt 0.747208 0.939247
vt 0.735807 0.939247
vt 0.735807 0.979640
vt 0.713858 0.939247
vt 0.713858 0.979640
vt 0.725259 0.979640
vt 0.725259 0.939247
vt 0.757755 0.979640
vt 0.757755 0.939247
vt 0.757755 0.810268
vt 0.757755 0.775473
vt 0.747208 0.775473
vt 0.747208 0.810268
vt 0.713858 0.775473
vt 0.713858 0.810268
vt 0.725259 0.810268
vt 0.725259 0.775473
vt 0.735807 0.810268
vt 0.735807 0.775473
vt 0.757755 0.736613
vt 0.757755 0.709871
vt 0.747208 0.709871
vt 0.747208 0.736613
vt 0.713858 0.709871
vt 0.713858 0.736613
vt 0.725259 0.736613
vt 0.725260 0.709871
vt 0.735807 0.736613
vt 0.735807 0.709871
vt 0.757755 0.903634
vt 0.757755 0.854687
vt 0.747208 0.854687
vt 0.747208 0.903634
vt 0.713858 0.854687
vt 0.713858 0.903634
vt 0.725259 0.903634
vt 0.725259 0.854687
vt 0.735807 0.903634
vt 0.735807 0.854687
vt 0.757755 0.677166
vt 0.747208 0.677166
vt 0.713858 0.677166
vt 0.725260 0.677166
vt 0.735807 0.677166
vt 0.747208 0.979640
vt 0.735807 0.979640
vt 0.735807 0.939247
vt 0.747208 0.939247
vt 0.713858 0.939247
vt 0.725259 0.939247
vt 0.725259 0.979640
vt 0.713858 0.979640
vt 0.757755 0.979640
vt 0.757755 0.939247
vt 0.757755 0.810268
vt 0.747208 0.810268
vt 0.747208 0.775473
vt 0.757755 0.775473
vt 0.713858 0.775473
vt 0.725259 0.775473
vt 0.725259 0.810268
vt 0.713858 0.810268
vt 0.735807 0.810268
vt 0.735807 0.775473
vt 0.757755 0.736613
vt 0.747208 0.736613
vt 0.747208 0.709871
vt 0.757755 0.709871
vt 0.713858 0.709871
vt 0.725260 0.709871
vt 0.725259 0.736613
vt 0.713858 0.736613
vt 0.735807 0.736613
vt 0.735807 0.709871
vt 0.757755 0.903634
vt 0.747208 0.903634
vt 0.747208 0.854687
vt 0.757755 0.854687
vt 0.713858 0.854687
vt 0.725259 0.854687
vt 0.725259 0.903634
vt 0.713858 0.903634
vt 0.735807 0.903634
vt 0.735807 0.854687
vt 0.747208 0.677166
vt 0.757755 0.677166
vt 0.713858 0.677166
vt 0.725260 0.677166
vt 0.735807 0.677166
vt 0.747208 0.979640
vt 0.735807 0.979640
vt 0.735807 0.939247
vt 0.747208 0.939247
vt 0.713858 0.939247
vt 0.725259 0.939247
vt 0.725259 0.979640
vt 0.713858 0.979640
vt 0.757755 0.979640
vt 0.757755 0.939247
vt 0.757755 0.810268
vt 0.747208 0.810268
vt 0.747208 0.775473
vt 0.757755 0.775473
vt 0.713858 0.775473
vt 0.725259 0.775473
vt 0.725259 0.810268
vt 0.713858 0.810268
vt 0.735807 0.810268
vt 0.735807 0.775473
vt 0.757755 0.736613
vt 0.747208 0.736613
vt 0.747208 0.709871
vt 0.757755 0.709871
vt 0.713858 0.709871
vt 0.725260 0.709871
vt 0.725259 0.736613
vt 0.713858 0.736613
vt 0.735807 0.736613
vt 0.735807 0.709871
vt 0.757755 0.903634
vt 0.747208 0.903634
vt 0.747208 0.854687
vt 0.757755 0.854687
vt 0.713858 0.854687
vt 0.725259 0.854687
vt 0.725259 0.903634
vt 0.713858 0.903634
vt 0.735807 0.903634
vt 0.735807 0.854687
vt 0.747208 0.677166
vt 0.757755 0.677166
vt 0.713858 0.677166
vt 0.725260 0.677166
vt 0.735807 0.677166
vt 0.747208 0.979640
vt 0.735807 0.979640
vt 0.735807 0.939247
vt 0.747208 0.939247
vt 0.713858 0.939247
vt 0.725259 0.939247
vt 0.725259 0.979640
vt 0.713858 0.979640
vt 0.757755 0.979640
vt 0.757755 0.939247
vt 0.757755 0.810268
vt 0.747208 0.810268
vt 0.747208 0.775473
vt 0.757755 0.775473
vt 0.713858 0.775473
vt 0.725259 0.775473
vt 0.725259 0.810268
vt 0.713858 0.810268
vt 0.735807 0.810268
vt 0.735807 0.775473
vt 0.757755 0.736613
vt 0.747208 0.736613
vt 0.747208 0.709871
vt 0.757755 0.709871
vt 0.713858 0.709871
vt 0.725260 0.709871
vt 0.725259 0.736613
vt 0.713858 0.736613
vt 0.735807 0.736613
vt 0.735807 0.709871
vt 0.757755 0.903634
vt 0.747208 0.903634
vt 0.747208 0.854687
vt 0.757755 0.854687
vt 0.713858 0.854687
vt 0.725259 0.854687
vt 0.725259 0.903634
vt 0.713858 0.903634
vt 0.735807 0.903634
vt 0.735807 0.854687
vt 0.747208 0.677166
vt 0.757755 0.677166
vt 0.713858 0.677166
vt 0.725260 0.677166
vt 0.735807 0.677166
vt 0.747208 0.979640
vt 0.735807 0.979640
vt 0.735807 0.939247
vt 0.747208 0.939247
vt 0.713858 0.939247
vt 0.725259 0.939247
vt 0.725259 0.979640
vt 0.713858 0.979640
vt 0.757755 0.979640
vt 0.757755 0.939247
vt 0.757755 0.810268
vt 0.747208 0.810268
vt 0.747208 0.775473
vt 0.757755 0.775473
vt 0.713858 0.775473
vt 0.725259 0.775473
vt 0.725259 0.810268
vt 0.713858 0.810268
vt 0.735807 0.810268
vt 0.735807 0.775473
vt 0.757755 0.736613
vt 0.747208 0.736613
vt 0.747208 0.709871
vt 0.757755 0.709871
vt 0.713858 0.709871
vt 0.725260 0.709871
vt 0.725259 0.736613
vt 0.713858 0.736613
vt 0.735807 0.736613
vt 0.735807 0.709871
vt 0.757755 0.903634
vt 0.747208 0.903634
vt 0.747208 0.854687
vt 0.757755 0.854687
vt 0.713858 0.854687
vt 0.725259 0.854687
vt 0.725259 0.903634
vt 0.713858 0.903634
vt 0.735807 0.903634
vt 0.735807 0.854687
vt 0.747208 0.677166
vt 0.757755 0.677166
vt 0.713858 0.677166
vt 0.725260 0.677166
vt 0.735807 0.677166
vt 0.747208 0.903634
vt 0.747208 0.944571
vt 0.735807 0.944571
vt 0.735807 0.903634
vt 0.725259 0.944571
vt 0.713858 0.944571
vt 0.713858 0.903634
vt 0.725259 0.903634
vt 0.757755 0.944571
vt 0.757755 0.903634
vt 0.757755 0.810268
vt 0.747208 0.810268
vt 0.747208 0.736613
vt 0.757755 0.736613
vt 0.725259 0.810268
vt 0.713858 0.810268
vt 0.713858 0.736613
vt 0.725259 0.736613
vt 0.735807 0.736613
vt 0.735807 0.810268
vt 0.747208 0.705956
vt 0.757755 0.705956
vt 0.713858 0.705956
vt 0.725260 0.705956
vt 0.735807 0.705956
vt 0.747208 0.979640
vt 0.735807 0.979640
vt 0.735807 0.928550
vt 0.747208 0.928550
vt 0.725259 0.979640
vt 0.713858 0.979640
vt 0.713858 0.928549
vt 0.725259 0.928550
vt 0.757755 0.979640
vt 0.757755 0.928549
vt 0.757755 0.810268
vt 0.747208 0.810268
vt 0.747208 0.736613
vt 0.757755 0.736613
vt 0.725259 0.810268
vt 0.713858 0.810268
vt 0.713858 0.736613
vt 0.725259 0.736613
vt 0.735807 0.736613
vt 0.735807 0.810268
vt 0.747208 0.677166
vt 0.757755 0.677166
vt 0.713858 0.677166
vt 0.725260 0.677166
vt 0.735807 0.677166
vt 0.757755 0.871691
vt 0.747208 0.871691
vt 0.725259 0.871691
vt 0.713858 0.871691
vt 0.735807 0.871691
vt 0.747735 0.715920
vt 0.747601 0.776951
vt 0.741393 0.776951
vt 0.741479 0.716124
vt 0.735242 0.715850
vt 0.735242 0.776951
vt 0.728982 0.715643
vt 0.729024 0.776951
vt 0.722749 0.715920
vt 0.722883 0.776951
vt 0.747208 0.903634
vt 0.747208 0.944571
vt 0.735807 0.944571
vt 0.735807 0.903634
vt 0.725259 0.944571
vt 0.713858 0.944571
vt 0.713858 0.903634
vt 0.725259 0.903634
vt 0.757755 0.944571
vt 0.757755 0.903634
vt 0.757755 0.810268
vt 0.747208 0.810268
vt 0.747208 0.736613
vt 0.757755 0.736613
vt 0.725259 0.810268
vt 0.713858 0.810268
vt 0.713858 0.736613
vt 0.725259 0.736613
vt 0.735807 0.736613
vt 0.735807 0.810268
vt 0.747208 0.705956
vt 0.757755 0.705956
vt 0.713858 0.705956
vt 0.725260 0.705956
vt 0.735807 0.705956
vt 0.747208 0.979640
vt 0.735807 0.979640
vt 0.735807 0.928550
vt 0.747208 0.928550
vt 0.725259 0.979640
vt 0.713858 0.979640
vt 0.713858 0.928549
vt 0.725259 0.928550
vt 0.757755 0.979640
vt 0.757755 0.928549
vt 0.757755 0.810268
vt 0.747208 0.810268
vt 0.747208 0.736613
vt 0.757755 0.736613
vt 0.725259 0.810268
vt 0.713858 0.810268
vt 0.713858 0.736613
vt 0.725259 0.736613
vt 0.735807 0.736613
vt 0.735807 0.810268
vt 0.747208 0.677166
vt 0.757755 0.677166
vt 0.713858 0.677166
vt 0.725260 0.677166
vt 0.735807 0.677166
vt 0.757755 0.871691
vt 0.747208 0.871691
vt 0.725259 0.871691
vt 0.713858 0.871691
vt 0.735807 0.871691
vt 0.728679 0.709123
vt 0.729024 0.776951
vt 0.722883 0.776951
vt 0.722140 0.709381
vt 0.741784 0.709570
vt 0.748344 0.709381
vt 0.747601 0.776951
vt 0.741393 0.776951
vt 0.735242 0.709316
vt 0.735242 0.776951
vt 0.017212 0.926578
vt 0.017212 0.912077
vt 0.110329 0.501943
vt 0.110506 0.521421
vt 0.139811 0.489543
vt 0.139811 0.468299
vt 0.202239 0.468299
vt 0.202239 0.489543
vt 0.231544 0.521421
vt 0.231721 0.501943
vt 0.324838 0.912077
vt 0.324838 0.926578
vt 0.017212 0.950875
vt 0.017212 0.938727
vt 0.107057 0.752196
vt 0.107326 0.766463
vt 0.139811 0.741030
vt 0.139811 0.724361
vt 0.202239 0.724361
vt 0.202239 0.741030
vt 0.234724 0.766463
vt 0.234992 0.752196
vt 0.324838 0.938727
vt 0.324838 0.950875
vt 0.017212 0.969683
vt 0.017212 0.966996
vt 0.100372 0.892045
vt 0.100035 0.924262
vt 0.139811 0.909784
vt 0.139811 0.865025
vt 0.202239 0.865025
vt 0.202239 0.909784
vt 0.242015 0.924262
vt 0.241678 0.892045
vt 0.324838 0.966996
vt 0.324838 0.969683
vt 0.017212 0.789032
vt 0.017212 0.752425
vt 0.052795 0.027815
vt 0.093908 0.027815
vt 0.258402 0.027815
vt 0.289254 0.027815
vt 0.324838 0.752425
vt 0.324838 0.789032
vt 0.017212 0.834012
vt 0.113692 0.313974
vt 0.144214 0.288707
vt 0.197678 0.282303
vt 0.017212 0.937208
vt 0.017212 0.935690
vt 0.107920 0.665773
vt 0.107488 0.703763
vt 0.139811 0.669336
vt 0.139811 0.624753
vt 0.202239 0.624753
vt 0.202239 0.669336
vt 0.234561 0.703763
vt 0.234130 0.665773
vt 0.324838 0.935690
vt 0.324838 0.937208
vt 0.017212 0.961622
vt 0.101046 0.850983
vt 0.139811 0.798878
vt 0.202239 0.798878
vt 0.241004 0.850983
vt 0.324838 0.961622
vt 0.017212 0.027815
vt 0.122224 0.027815
vt 0.324838 0.027815
vt 0.324838 0.834012
vt 0.228358 0.313974
vt 0.225633 0.027815
vt 0.139811 0.535588
vt 0.108781 0.589793
vt 0.233268 0.589793
vt 0.202239 0.535588
vt 0.139811 0.849788
vt 0.100709 0.879340
vt 0.241341 0.879340
vt 0.202239 0.849788
vt 0.017212 0.932653
vt 0.324838 0.932653
vt 0.139811 0.598391
vt 0.108350 0.646003
vt 0.233699 0.646003
vt 0.202239 0.598391
vt 0.017212 0.964310
vt 0.099866 0.931605
vt 0.017212 0.971026
vt 0.202239 0.920417
vt 0.139811 0.920417
vt 0.324838 0.964310
vt 0.324838 0.971026
vt 0.242183 0.931605
vt 0.017212 0.934171
vt 0.324838 0.934171
vt 0.099698 0.952554
vt 0.017212 0.972370
vt 0.202239 0.944655
vt 0.139811 0.944655
vt 0.324838 0.972370
vt 0.242352 0.952554
vt 0.150611 0.027815
vt 0.191438 0.027815
vt 0.017212 0.926578
vt 0.110506 0.521421
vt 0.110329 0.501943
vt 0.017212 0.912077
vt 0.139811 0.489543
vt 0.202239 0.489543
vt 0.202239 0.468299
vt 0.139811 0.468299
vt 0.231544 0.521421
vt 0.324838 0.926578
vt 0.324838 0.912077
vt 0.231721 0.501943
vt 0.017212 0.950875
vt 0.107326 0.766463
vt 0.107057 0.752196
vt 0.017212 0.938727
vt 0.139811 0.741030
vt 0.202239 0.741030
vt 0.202239 0.724361
vt 0.139811 0.724361
vt 0.234724 0.766463
vt 0.324838 0.950875
vt 0.324838 0.938727
vt 0.234992 0.752196
vt 0.017212 0.969683
vt 0.100035 0.924262
vt 0.100372 0.892045
vt 0.017212 0.966996
vt 0.139811 0.909784
vt 0.202239 0.909784
vt 0.202239 0.865025
vt 0.139811 0.865025
vt 0.242015 0.924262
vt 0.324838 0.969683
vt 0.324838 0.966996
vt 0.241678 0.892045
vt 0.017212 0.789032
vt 0.093908 0.027815
vt 0.052795 0.027815
vt 0.017212 0.752425
vt 0.258402 0.027815
vt 0.324838 0.789032
vt 0.324838 0.752425
vt 0.289254 0.027815
vt 0.113692 0.313974
vt 0.017212 0.834012
vt 0.197678 0.282303
vt 0.144214 0.288707
vt 0.017212 0.937208
vt 0.107488 0.703763
vt 0.107920 0.665773
vt 0.017212 0.935690
vt 0.139811 0.669336
vt 0.202239 0.669336
vt 0.202239 0.624753
vt 0.139811 0.624753
vt 0.234561 0.703763
vt 0.324838 0.937208
vt 0.324838 0.935690
vt 0.234130 0.665773
vt 0.017212 0.961622
vt 0.101046 0.850983
vt 0.139811 0.798878
vt 0.202239 0.798878
vt 0.241004 0.850983
vt 0.324838 0.961622
vt 0.017212 0.027815
vt 0.122224 0.027815
vt 0.324838 0.027815
vt 0.225633 0.027815
vt 0.228358 0.313974
vt 0.324838 0.834012
vt 0.108781 0.589793
vt 0.139811 0.535588
vt 0.202239 0.535588
vt 0.233268 0.589793
vt 0.139811 0.849788
vt 0.100709 0.879340
vt 0.241341 0.879340
vt 0.202239 0.849788
vt 0.017212 0.932653
vt 0.324838 0.932653
vt 0.139811 0.598391
vt 0.108350 0.646003
vt 0.233699 0.646003
vt 0.202239 0.598391
vt 0.017212 0.964310
vt 0.017212 0.971026
vt 0.099866 0.931605
vt 0.139811 0.920417
vt 0.202239 0.920417
vt 0.324838 0.964310
vt 0.242183 0.931605
vt 0.324838 0.971026
vt 0.017212 0.934171
vt 0.324838 0.934171
vt 0.017212 0.972370
vt 0.099698 0.952554
vt 0.139811 0.944655
vt 0.202239 0.944655
vt 0.242352 0.952554
vt 0.324838 0.972370
vt 0.150611 0.027815
vt 0.191438 0.027815
vn 0.011758 -0.999342 0.034300
vn -0.019958 -0.998020 0.059654
vn -0.028877 -0.999128 0.030147
vn -0.013948 -0.999898 0.002967
vn 0.015592 -0.999860 -0.006141
vn 0.042948 -0.999040 0.008609
vn 0.052308 -0.997882 0.038679
vn 0.037952 -0.997107 0.065856
vn 0.007972 -0.997197 0.074401
vn -0.635611 0.002830 -0.772004
vn -0.995544 0.003573 -0.094236
vn -0.995173 0.000705 -0.098139
vn -0.633415 -0.001953 -0.773810
vn -0.775131 0.002521 0.631796
vn -0.775335 0.002005 0.631547
vn -0.100999 0.000166 0.994887
vn -0.101549 0.001136 0.994830
vn 0.631540 -0.002490 0.775339
vn 0.631316 -0.001588 0.775524
vn 0.994286 -0.003520 0.106689
vn 0.994519 -0.004381 0.104463
vn 0.776621 -0.002291 -0.629964
vn 0.776109 -0.005597 -0.630574
vn 0.101255 0.000342 -0.994860
vn 0.101671 -0.004585 -0.994808
vn 0.003007 0.999566 -0.029317
vn -0.039000 0.995979 -0.080656
vn -0.062947 0.997372 -0.035868
vn -0.048249 0.998756 0.012578
vn -0.003750 0.999327 0.036495
vn 0.044685 0.998756 0.022112
vn 0.068919 0.997372 -0.022326
vn 0.054564 0.995980 -0.071043
vn 0.009778 0.995400 -0.095310
vn -0.102097 0.002103 0.994772
vn 0.631091 -0.000684 0.775708
vn -0.775539 0.001489 0.631298
vn -0.994778 -0.002167 -0.102045
vn -0.631205 -0.006725 -0.775587
vn 0.102084 -0.009512 -0.994730
vn 0.775589 -0.008899 -0.631176
vn 0.994746 -0.005242 0.102236
vn -0.014894 -0.707160 -0.706896
vn 0.010205 -0.707185 -0.706955
vn 0.008800 0.000440 -0.999961
vn -0.021877 0.000809 -0.999760
vn 0.002528 0.707552 -0.706657
vn -0.020603 0.707814 -0.706099
vn -0.006626 0.999908 0.011860
vn -0.012157 0.999926 0.000108
vn -0.011568 0.698773 0.715250
vn -0.001641 0.707524 0.706687
vn -0.007711 -0.009547 0.999925
vn 0.005106 -0.000194 0.999987
vn -0.000728 -0.714036 0.700108
vn 0.004276 -0.707634 0.706566
vn 0.005851 -0.999983 0.000061
vn -0.003934 -0.999992 -0.000080
vn 0.996316 -0.085763 -0.000000
vn 0.995212 -0.097053 -0.011525
vn 0.996199 -0.085602 -0.016093
vn 0.997161 -0.074450 -0.011259
vn 0.997555 -0.069888 -0.000000
vn 0.997164 -0.074418 0.011260
vn 0.996202 -0.085571 0.016092
vn 0.995209 -0.097086 0.011525
vn 0.994790 -0.101947 0.000000
vn -0.999976 -0.000879 -0.006861
vn -0.999972 -0.005763 -0.004865
vn -1.000000 -0.000814 0.000316
vn -0.999980 0.003995 -0.004842
vn -0.999982 0.006011 0.000791
vn -0.999974 0.004078 0.005993
vn -0.999973 -0.000616 0.007333
vn -0.999972 -0.005565 0.004978
vn -0.999970 -0.007771 0.000001
vn -0.001035 0.999718 0.023737
vn -0.021398 0.689935 0.723555
vn 0.025660 0.706911 -0.706837
vn 0.039457 0.000071 -0.999221
vn 0.035294 -0.706763 -0.706569
vn 0.015638 -0.999878 0.000202
vn -0.005696 -0.720314 0.693625
vn -0.020625 -0.018971 0.999607
vn -0.048813 0.716936 0.695428
vn 0.280728 0.736032 0.615994
vn 0.562483 -0.698330 0.442661
vn 0.038668 -0.703659 0.709485
vn -0.554568 0.703854 -0.443896
vn -0.022511 0.702223 -0.711602
vn 0.063924 -0.714610 -0.696596
vn -0.269814 -0.739390 -0.616849
vn -0.032680 0.760499 0.648517
vn 0.534755 0.720661 0.441231
vn -0.452018 0.742889 -0.493756
vn -0.036048 0.707557 -0.705736
vn 0.042313 -0.721814 0.690792
vn 0.478693 -0.734131 0.481564
vn 0.037716 -0.745129 -0.665853
vn -0.510904 -0.730088 -0.453815
vn 0.691333 0.720892 0.048720
vn 0.527722 0.718992 -0.452284
vn -0.353664 0.744810 0.565844
vn -0.668040 0.739453 0.083260
vn 0.663473 -0.743491 -0.083813
vn 0.348661 -0.741742 -0.572935
vn -0.695399 -0.716982 -0.048552
vn -0.532569 -0.720628 0.443921
vn -0.706261 0.707019 0.036332
vn -0.573574 0.700131 0.425240
vn 0.402766 0.751937 -0.521891
vn 0.641455 0.760475 0.101065
vn -0.641820 -0.762217 -0.084216
vn -0.424871 -0.745127 0.514073
vn 0.707260 -0.706665 -0.020202
vn 0.555910 -0.709327 -0.433382
vn -0.048814 0.716929 0.695435
vn 0.280729 0.736027 0.616000
vn 0.562483 -0.698326 0.442667
vn 0.038670 -0.703659 0.709485
vn -0.554568 0.703858 -0.443889
vn -0.022510 0.702230 -0.711595
vn 0.063929 -0.714611 -0.696595
vn -0.269812 -0.739395 -0.616844
vn -0.032680 0.760499 0.648517
vn 0.534751 0.720662 0.441234
vn -0.452010 0.742894 -0.493756
vn -0.036038 0.707554 -0.705739
vn 0.042306 -0.721818 0.690788
vn 0.478693 -0.734132 0.481563
vn 0.037719 -0.745128 -0.665854
vn -0.510900 -0.730085 -0.453825
vn 0.691335 0.720890 0.048729
vn 0.527725 0.718994 -0.452276
vn -0.353665 0.744806 0.565849
vn -0.668039 0.739453 0.083265
vn 0.663479 -0.743485 -0.083817
vn 0.348671 -0.741734 -0.572939
vn -0.695394 -0.716987 -0.048560
vn -0.532564 -0.720637 0.443912
vn -0.706257 0.707023 0.036331
vn -0.573566 0.700136 0.425244
vn 0.402771 0.751942 -0.521880
vn 0.641441 0.760487 0.101060
vn -0.641818 -0.762219 -0.084212
vn -0.424874 -0.745126 0.514072
vn 0.707278 -0.706647 -0.020198
vn 0.555913 -0.709320 -0.433388
vn -0.044349 0.764209 0.643443
vn 0.447157 0.757139 0.476227
vn 0.400019 -0.713533 0.575201
vn 0.021825 -0.668752 0.743165
vn -0.391314 0.717705 -0.575998
vn -0.008273 0.667064 -0.744955
vn 0.058609 -0.761935 -0.644996
vn -0.438560 -0.762042 -0.476401
vn -0.026151 0.730228 0.682702
vn 0.448337 0.737809 0.504611
vn -0.512688 0.732946 -0.447149
vn -0.035327 0.732674 -0.679663
vn 0.044883 -0.732367 0.679429
vn 0.511654 -0.730109 0.452935
vn 0.035654 -0.729999 -0.682517
vn -0.449256 -0.740936 -0.499183
vn 0.660476 0.750216 -0.030783
vn 0.373877 0.719802 -0.584895
vn -0.515044 0.744045 0.425590
vn -0.696368 0.717683 0.001807
vn 0.692349 -0.721561 -0.001476
vn 0.509861 -0.742782 -0.433954
vn -0.664815 -0.746366 0.030969
vn -0.379491 -0.722584 0.577805
vn -0.676960 0.735196 -0.034818
vn -0.483872 0.726906 0.487314
vn 0.466177 0.746694 -0.474475
vn 0.669021 0.742833 0.024701
vn -0.668617 -0.743566 -0.007783
vn -0.456089 -0.745346 0.486253
vn 0.677024 -0.734137 0.051769
vn 0.493754 -0.728003 -0.475625
vn -0.044358 0.764234 0.643412
vn 0.447153 0.757152 0.476209
vn 0.400035 -0.713514 0.575213
vn 0.021821 -0.668729 0.743186
vn -0.391311 0.717693 -0.576014
vn -0.008277 0.667037 -0.744979
vn 0.058610 -0.761955 -0.644973
vn -0.438544 -0.762054 -0.476395
vn -0.026158 0.730212 0.682719
vn 0.448317 0.737813 0.504622
vn -0.512696 0.732947 -0.447137
vn -0.035332 0.732695 -0.679640
vn 0.044891 -0.732368 0.679428
vn 0.511651 -0.730096 0.452960
vn 0.035666 -0.729992 -0.682525
vn -0.449258 -0.740943 -0.499170
vn 0.660459 0.750230 -0.030791
vn 0.373868 0.719796 -0.584907
vn -0.515040 0.744060 0.425569
vn -0.696365 0.717685 0.001804
vn 0.692352 -0.721558 -0.001474
vn 0.509853 -0.742783 -0.433962
vn -0.664823 -0.746359 0.030976
vn -0.379510 -0.722566 0.577815
vn -0.676962 0.735194 -0.034819
vn -0.483873 0.726892 0.487334
vn 0.466172 0.746714 -0.474450
vn 0.669007 0.742846 0.024704
vn -0.668605 -0.743577 -0.007787
vn -0.456084 -0.745360 0.486236
vn 0.677047 -0.734117 0.051769
vn 0.493763 -0.727983 -0.475645
vn -0.567609 -0.489751 0.661789
vn -0.857058 -0.055917 0.512177
vn 0.336806 0.823167 0.457120
vn 0.590838 0.402919 0.698976
vn -0.345986 -0.814139 -0.466338
vn -0.590635 -0.397936 -0.701996
vn 0.562640 0.490865 -0.665197
vn 0.851443 0.064792 -0.520429
vn -0.624298 -0.389818 0.676974
vn -0.891035 0.008128 0.453862
vn -0.324762 -0.855370 -0.403573
vn -0.619194 -0.408467 -0.670637
vn 0.613498 0.414960 0.671884
vn 0.322471 0.857138 0.401654
vn 0.620584 0.397491 -0.675926
vn 0.889953 -0.006274 -0.456008
vn -0.988161 0.151919 -0.021426
vn -0.864716 -0.030157 -0.501355
vn -0.298038 -0.868418 0.396261
vn -0.188544 -0.981754 0.024716
vn 0.193425 0.979815 -0.050481
vn 0.306653 0.852829 -0.422666
vn 0.987726 -0.156195 -0.000817
vn 0.877499 0.020254 0.479151
vn -0.207048 -0.977608 0.037590
vn -0.347509 -0.804221 0.482147
vn -0.845442 -0.019848 -0.533698
vn -0.991794 0.118146 -0.048856
vn 0.992167 -0.119477 0.036474
vn 0.847620 0.022519 0.530125
vn 0.209458 0.976459 -0.051527
vn 0.345251 0.803151 -0.485541
vn -0.562582 0.436238 0.702281
vn -0.404210 0.740503 0.536908
vn 0.833327 -0.024465 0.552238
vn 0.609858 -0.387600 0.691259
vn -0.833567 0.029290 -0.551641
vn -0.600877 0.396384 -0.694137
vn 0.568786 -0.426006 -0.703563
vn 0.411292 -0.738094 -0.534842
vn -0.617310 0.509080 0.599805
vn -0.267181 0.904318 0.332901
vn -0.891832 -0.073224 -0.446402
vn -0.536020 0.357110 -0.764954
vn 0.616829 -0.416007 0.668177
vn 0.918150 0.013545 0.396002
vn 0.633307 -0.511541 -0.580731
vn 0.309898 -0.888696 -0.337910
vn -0.219269 0.973781 -0.060591
vn -0.338142 0.804043 -0.489055
vn -0.804684 0.124078 0.580593
vn -0.978188 -0.153521 0.139929
vn 0.977293 0.151110 -0.148538
vn 0.799047 -0.127025 -0.587697
vn 0.215823 -0.975113 0.050740
vn 0.335769 -0.810453 0.480026
vn -0.984108 -0.139812 -0.109469
vn -0.913010 -0.008876 0.407840
vn -0.285110 0.838518 -0.464328
vn -0.233142 0.968681 0.085454
vn 0.227698 -0.970681 -0.077018
vn 0.320623 -0.845583 0.426837
vn 0.983807 0.135793 0.116981
vn 0.908012 -0.005781 -0.418905
vn -0.567607 -0.489754 0.661788
vn -0.857059 -0.055918 0.512176
vn 0.336798 0.823154 0.457148
vn 0.590830 0.402914 0.698985
vn -0.345990 -0.814134 -0.466344
vn -0.590642 -0.397931 -0.701992
vn 0.562640 0.490880 -0.665187
vn 0.851454 0.064800 -0.520410
vn -0.624286 -0.389849 0.676967
vn -0.891036 0.008089 0.453860
vn -0.324730 -0.855368 -0.403603
vn -0.619182 -0.408469 -0.670646
vn 0.613495 0.414943 0.671898
vn 0.322421 0.857153 0.401664
vn 0.620583 0.397503 -0.675920
vn 0.889950 -0.006197 -0.456016
vn -0.988157 0.151943 -0.021410
vn -0.864720 -0.030126 -0.501351
vn -0.298039 -0.868422 0.396253
vn -0.188527 -0.981757 0.024699
vn 0.193402 0.979822 -0.050447
vn 0.306667 0.852843 -0.422627
vn 0.987734 -0.156145 -0.000820
vn 0.877498 0.020248 0.479153
vn -0.207049 -0.977608 0.037593
vn -0.347505 -0.804219 0.482154
vn -0.845445 -0.019856 -0.533694
vn -0.991794 0.118141 -0.048858
vn 0.992167 -0.119473 0.036482
vn 0.847620 0.022516 0.530125
vn 0.209457 0.976459 -0.051523
vn 0.345250 0.803147 -0.485549
vn -0.562576 0.436225 0.702293
vn -0.404212 0.740501 0.536909
vn 0.833326 -0.024462 0.552240
vn 0.609861 -0.387604 0.691255
vn -0.833568 0.029288 -0.551641
vn -0.600891 0.396383 -0.694126
vn 0.568782 -0.426006 -0.703567
vn 0.411293 -0.738093 -0.534843
vn -0.617303 0.509078 0.599814
vn -0.267173 0.904320 0.332902
vn -0.891837 -0.073205 -0.446394
vn -0.536033 0.357098 -0.764951
vn 0.616832 -0.416002 0.668177
vn 0.918149 0.013547 0.396004
vn 0.633298 -0.511549 -0.580734
vn 0.309887 -0.888698 -0.337913
vn -0.219244 0.973787 -0.060587
vn -0.338132 0.804062 -0.489030
vn -0.804665 0.124102 0.580614
vn -0.978193 -0.153478 0.139939
vn 0.977292 0.151112 -0.148545
vn 0.799037 -0.127026 -0.587711
vn 0.215810 -0.975116 0.050742
vn 0.335767 -0.810456 0.480022
vn -0.984108 -0.139816 -0.109470
vn -0.913007 -0.008879 0.407847
vn -0.285120 0.838510 -0.464335
vn -0.233149 0.968679 0.085452
vn 0.227704 -0.970679 -0.077024
vn 0.320629 -0.845581 0.426837
vn 0.983807 0.135798 0.116975
vn 0.908008 -0.005793 -0.418914
vn 0.821473 -0.209184 -0.530494
vn -0.656958 -0.349903 -0.667814
vn -0.802631 -0.549567 -0.231860
vn 0.765507 -0.631040 -0.125651
vn 0.738169 0.624754 0.254536
vn -0.710952 0.686587 0.152140
vn -0.783264 0.224680 0.579669
vn 0.603207 0.358686 0.712380
vn 0.730019 -0.469200 -0.496915
vn 0.670015 0.227267 0.706703
vn 0.856246 0.484348 0.179582
vn 0.640823 -0.749263 -0.167188
vn -0.788112 -0.582921 -0.197692
vn -0.617903 -0.266635 -0.739663
vn -0.775420 0.445298 0.447697
vn -0.713185 0.684671 0.150309
vn 0.576669 -0.761750 0.295279
vn 0.818297 0.456885 -0.348778
vn 0.848888 0.218838 -0.481143
vn 0.615818 -0.274372 0.738572
vn -0.795510 -0.235970 0.558105
vn -0.784726 -0.497991 0.369067
vn -0.617044 0.738134 -0.272791
vn -0.687077 0.261378 -0.677944
vn 0.771040 0.602675 -0.205620
vn 0.631719 -0.617105 0.469161
vn 0.629773 -0.183641 0.754760
vn 0.854023 0.138786 -0.501381
vn -0.556522 0.202168 -0.805861
vn -0.587964 0.647627 -0.484642
vn -0.809565 -0.562180 0.168990
vn -0.910519 -0.107989 0.399116
vn 0.810468 -0.382394 -0.443752
vn -0.633831 -0.189294 -0.749951
vn -0.876242 -0.371773 -0.306571
vn 0.635547 -0.768944 -0.069316
vn 0.823456 0.463071 0.327848
vn -0.574975 0.811719 0.102544
vn -0.776489 0.389728 0.495154
vn 0.580848 0.209995 0.786459
vn 0.669105 -0.606447 -0.429559
vn 0.613664 0.072367 0.786244
vn 0.908417 0.303698 0.287309
vn 0.498928 -0.857952 -0.122431
vn -0.859723 -0.414117 -0.298970
vn -0.568943 -0.116915 -0.814024
vn -0.709811 0.595914 0.375573
vn -0.580844 0.808135 0.097661
vn 0.392277 -0.857338 0.333302
vn 0.919473 0.298572 -0.255780
vn 0.921082 0.043020 -0.386986
vn 0.471464 -0.396302 0.787824
vn -0.880391 -0.071614 0.468810
vn -0.897323 -0.343469 0.277202
vn -0.439044 0.841163 -0.315731
vn -0.547299 0.397223 -0.736666
vn 0.877117 0.466049 -0.116033
vn 0.455188 -0.730468 0.509137
vn 0.494671 -0.309969 0.811924
vn 0.919582 -0.004477 -0.392872
vn -0.413715 0.314780 -0.854256
vn -0.407240 0.750461 -0.520543
vn -0.903352 -0.422005 0.076598
vn -0.959477 0.048059 0.277658
vn 0.821485 -0.522175 0.229119
vn -0.656967 -0.654061 0.374965
vn -0.802639 -0.210859 0.557950
vn 0.765493 -0.101650 0.635365
vn 0.738178 0.230712 -0.633929
vn -0.710939 0.126056 -0.691864
vn -0.783248 0.570772 -0.246458
vn 0.603193 0.698295 -0.385411
vn 0.730016 -0.478789 0.487686
vn 0.670029 0.697570 -0.253883
vn 0.856246 0.161116 -0.490799
vn 0.640819 -0.138659 0.755066
vn -0.788143 -0.175474 0.589949
vn -0.617891 -0.729048 0.294449
vn -0.775416 0.430481 -0.461969
vn -0.713138 0.124247 -0.689925
vn 0.576642 0.323963 0.750021
vn 0.818319 -0.365797 -0.443335
vn 0.848905 -0.489058 -0.200456
vn 0.615788 0.748460 0.246196
vn -0.795509 0.566637 0.214682
vn -0.784748 0.387666 0.483618
vn -0.617019 -0.300557 -0.727292
vn -0.687081 -0.687363 -0.235483
vn 0.771063 -0.228298 -0.594425
vn 0.631696 0.492198 0.598917
vn 0.629767 0.761176 0.154938
vn 0.854023 -0.506286 -0.119661
vn -0.556510 -0.812948 -0.171499
vn -0.587963 -0.508817 -0.628813
vn -0.809576 0.190171 0.555358
vn -0.910524 0.402913 0.092775
vn 0.810485 -0.428926 0.398920
vn -0.633777 -0.742296 0.217540
vn -0.876245 -0.292286 0.383097
vn 0.635539 -0.040148 0.771025
vn 0.823456 0.310072 -0.475158
vn -0.574963 0.071713 -0.815030
vn -0.776511 0.479970 -0.408239
vn 0.580821 0.777955 -0.239651
vn 0.669098 -0.406280 0.622289
vn 0.613672 0.782933 -0.102089
vn 0.908407 0.275582 -0.314406
vn 0.498948 -0.089848 0.861962
vn -0.859736 -0.283043 0.425136
vn -0.568966 -0.808996 0.147656
vn -0.709798 0.352753 -0.609715
vn -0.580839 0.066997 -0.811257
vn 0.392291 0.365516 0.844100
vn 0.919468 -0.266919 -0.288674
vn 0.921082 -0.388339 -0.028314
vn 0.471455 0.802269 0.366190
vn -0.880419 0.471138 0.053763
vn -0.897335 0.290006 0.332696
vn -0.439015 -0.347363 -0.828616
vn -0.547225 -0.751226 -0.369060
vn 0.877122 -0.133627 -0.461304
vn 0.455194 0.536407 0.710680
vn 0.494680 0.823067 0.279021
vn 0.919579 -0.392428 0.019369
vn -0.413725 -0.865559 -0.282207
vn -0.407246 -0.548572 -0.730219
vn -0.903351 0.092549 0.418797
vn -0.959470 0.275667 -0.058529
vn -0.126691 0.469757 -0.873658
vn 0.033505 0.107540 -0.993636
vn 0.974173 0.116437 0.193465
vn 0.875297 0.326674 0.356567
vn -0.148452 0.044050 0.987938
vn -0.999161 0.038950 -0.012659
vn -0.934482 -0.291381 -0.204549
vn -0.001199 -0.404760 0.914422
vn -0.381393 -0.547975 -0.744488
vn -0.693941 0.560588 -0.451870
vn -0.971562 0.044581 -0.232551
vn 0.100820 0.049932 -0.993651
vn 0.651669 -0.628396 0.424789
vn 0.986189 0.068886 0.150621
vn -0.045210 0.065532 0.996826
vn 0.398976 0.474396 0.784708
vn -0.949515 -0.190089 -0.249576
vn 0.097518 0.433551 -0.895837
vn 0.880966 0.439672 0.174894
vn -0.073581 -0.209538 0.975028
vn -0.585773 0.777797 -0.227819
vn -0.508976 -0.571903 -0.643327
vn -0.508976 -0.571903 -0.643327
vn -0.585773 0.777797 -0.227819
vn 0.366199 0.734200 0.571707
vn 0.366199 0.734200 0.571707
vn 0.689504 -0.626591 0.363274
vn 0.689504 -0.626591 0.363274
vn 0.948082 -0.068079 -0.310654
vn -0.052127 -0.369895 0.927610
vn -0.018704 0.053740 0.998380
vn 0.955373 0.260405 -0.139471
vn -0.978384 0.022956 0.205516
vn -0.061610 0.309127 -0.949023
vn -0.090210 -0.205579 -0.974474
vn -0.925875 -0.377401 0.018008
vn 0.976096 0.196894 -0.092028
vn 0.077737 0.051670 -0.995634
vn 0.535100 -0.355327 -0.766427
vn 0.464120 0.781849 -0.416299
vn 0.021583 -0.141714 0.989672
vn -0.517422 0.437598 0.735379
vn -0.514806 -0.720262 0.464970
vn -0.942710 -0.305630 0.133745
vn 0.962754 -0.194460 -0.187855
vn -0.087704 0.376528 -0.922245
vn 0.181314 -0.578882 0.794998
vn -0.975060 -0.065751 0.211977
vn 0.392688 0.817818 -0.420677
vn 0.392688 0.817818 -0.420677
vn -0.479317 0.413000 0.774394
vn -0.479317 0.413000 0.774394
vn 0.417455 -0.570409 -0.707365
vn 0.417455 -0.570409 -0.707365
vn -0.312912 -0.903010 0.294379
vn -0.312912 -0.903010 0.294379
vn 0.020178 -0.012385 0.999720
vn 0.020178 -0.012385 0.999720
vn 0.998415 0.053397 -0.017782
vn 0.998415 0.053397 -0.017782
vn -0.016617 0.006001 -0.999844
vn -0.016617 0.006001 -0.999844
vn -0.998059 -0.059636 0.017918
vn -0.998059 -0.059636 0.017918
vn -0.880092 0.469749 0.069093
vn -0.989298 0.107534 -0.098617
vn 0.256978 0.116485 -0.959371
vn 0.413238 0.326676 -0.850010
vn 0.976070 0.043965 0.212964
vn -0.078180 0.038819 0.996183
vn -0.265417 -0.291454 0.919026
vn 0.912346 -0.404820 0.061202
vn -0.767908 -0.547981 0.331714
vn -0.496426 0.560609 0.662781
vn -0.295794 0.044608 0.954210
vn -0.984893 0.049928 -0.165811
vn 0.466623 -0.628407 -0.622389
vn 0.214987 0.068857 -0.974187
vn 0.991715 0.065533 0.110488
vn 0.809188 0.474400 -0.346640
vn -0.311346 -0.190065 0.931096
vn -0.887503 0.433552 -0.156112
vn 0.232306 0.439590 -0.867637
vn 0.968086 -0.209610 0.137377
vn -0.265769 0.777794 0.569564
vn -0.675353 -0.571904 0.465645
vn -0.675353 -0.571904 0.465645
vn -0.265769 0.777794 0.569564
vn 0.594514 0.734179 -0.327926
vn 0.594514 0.734179 -0.327926
vn 0.407691 -0.626608 -0.664192
vn 0.407691 -0.626608 -0.664192
vn -0.247819 -0.068089 -0.966411
vn 0.922204 -0.369853 0.112907
vn 0.994996 0.053817 0.084187
vn -0.076496 0.260487 -0.962442
vn 0.140883 0.022993 0.989759
vn -0.951027 0.309106 -0.000775
vn -0.978302 -0.205537 0.026092
vn -0.042769 -0.377366 0.925076
vn -0.027819 0.196885 -0.980032
vn -0.988392 0.051581 -0.142900
vn -0.729663 -0.355380 -0.584207
vn -0.384993 0.781837 -0.490420
vn 0.988962 -0.141675 0.043388
vn 0.699817 0.437648 0.564554
vn 0.430201 -0.720252 0.544209
vn 0.071620 -0.305668 0.949441
vn -0.124312 -0.194520 -0.972989
vn -0.926067 0.376389 0.027024
vn 0.805178 -0.578880 -0.128787
vn 0.147556 -0.065829 0.986861
vn -0.394017 0.817811 -0.419448
vn -0.394017 0.817811 -0.419448
vn 0.741267 0.412987 0.529117
vn 0.741267 0.412987 0.529117
vn -0.678443 -0.570410 -0.462976
vn -0.678443 -0.570410 -0.462976
vn 0.273188 -0.903023 0.331539
vn 0.273188 -0.903023 0.331539
vn -0.053351 0.105634 0.992973
vn -0.053351 0.105634 0.992973
vn 0.986080 -0.152414 0.066457
vn 0.986080 -0.152414 0.066457
vn 0.054231 -0.096406 -0.993864
vn 0.054231 -0.096406 -0.993864
vn -0.984293 0.161138 -0.072127
vn -0.984293 0.161138 -0.072127
vn -0.155299 -0.032873 0.987320
vn -0.169831 -0.039111 0.984697
vn -0.134764 -0.045865 0.989816
vn -0.110346 -0.037983 0.993167
vn -0.033034 -0.030593 0.998986
vn -0.050153 -0.042478 0.997838
vn 0.050048 -0.042494 0.997842
vn 0.033034 -0.030593 0.998986
vn 0.110354 -0.037984 0.993166
vn 0.134665 -0.045883 0.989828
vn 0.169845 -0.039113 0.984694
vn 0.155314 -0.032875 0.987318
vn -0.094925 -0.042965 0.994557
vn -0.062373 -0.035719 0.997414
vn -0.063226 -0.055917 0.996432
vn -0.081324 -0.061506 0.994788
vn -0.033786 -0.077521 0.996418
vn -0.031960 -0.075255 0.996652
vn 0.031960 -0.075254 0.996652
vn 0.033786 -0.077521 0.996418
vn 0.081324 -0.061506 0.994788
vn 0.063226 -0.055917 0.996432
vn 0.062373 -0.035720 0.997414
vn 0.094925 -0.042966 0.994557
vn -0.097134 -0.217276 0.971265
vn 0.018402 0.020776 0.999615
vn 0.003193 0.013257 0.999907
vn -0.082057 -0.215798 0.972984
vn -0.034962 -0.198221 0.979534
vn -0.009139 -0.003148 0.999953
vn 0.011499 -0.007192 0.999908
vn 0.032911 -0.195962 0.980059
vn 0.083325 -0.213492 0.973385
vn 0.005424 0.009237 0.999943
vn -0.018402 0.020777 0.999615
vn 0.097133 -0.217283 0.971264
vn -0.016851 0.000208 0.999858
vn -0.000985 -0.001664 0.999998
vn -0.000985 -0.001664 0.999998
vn -0.016851 0.000208 0.999858
vn 0.029693 -0.000610 0.999559
vn 0.011928 -0.002131 0.999927
vn 0.011928 -0.002131 0.999927
vn 0.029693 -0.000610 0.999559
vn 0.047107 0.006150 0.998871
vn 0.015987 0.006737 0.999849
vn 0.002465 0.003514 0.999991
vn -0.001695 0.003395 0.999993
vn 0.126241 0.041598 0.991127
vn -0.103227 -0.027209 0.994286
vn -0.071774 -0.025379 0.997098
vn 0.088171 0.040689 0.995274
vn 0.024999 0.038464 0.998947
vn -0.020523 -0.021157 0.999566
vn 0.020523 -0.021156 0.999566
vn -0.024999 0.038464 0.998947
vn -0.088171 0.040689 0.995274
vn 0.071774 -0.025378 0.997098
vn 0.103227 -0.027210 0.994286
vn -0.126241 0.041598 0.991127
vn 0.014710 0.004812 0.999880
vn 0.013321 0.006358 0.999891
vn 0.005966 0.009453 0.999938
vn -0.005966 0.009454 0.999938
vn -0.013321 0.006358 0.999891
vn -0.014710 0.004812 0.999880
vn 0.067783 0.001309 0.997699
vn -0.024183 0.009648 0.999661
vn 0.009206 0.008332 0.999923
vn -0.067783 0.001309 0.997699
vn -0.045207 0.005797 0.998961
vn -0.015267 0.006596 0.999862
vn 0.010511 0.015308 0.999828
vn 0.038514 0.012836 0.999176
vn -0.038513 0.012836 0.999176
vn -0.010511 0.015308 0.999828
vn -0.020335 -0.054209 0.998323
vn -0.033723 -0.038739 0.998680
vn 0.041174 -0.045072 0.998135
vn 0.024667 -0.060563 0.997860
vn 0.056000 0.011750 0.998362
vn -0.055999 0.011750 0.998362
vn -0.035699 -0.043725 0.998406
vn -0.120453 -0.049545 0.991482
vn 0.120453 -0.049545 0.991482
vn 0.035699 -0.043724 0.998406
vn -0.029902 -0.032037 0.999039
vn -0.107519 -0.215758 0.970509
vn -0.135444 -0.216745 0.966787
vn 0.039584 -0.200541 0.978885
vn -0.039583 -0.200545 0.978885
vn 0.029902 -0.032036 0.999039
vn 0.135443 -0.216753 0.966785
vn 0.107519 -0.215758 0.970509
vn -0.169946 -0.051990 0.984081
vn 0.169946 -0.051991 0.984081
vn 0.024662 0.096999 0.994979
vn 0.023991 0.097894 0.994908
vn -0.012667 0.092659 0.995617
vn 0.012667 0.092659 0.995617
vn -0.023991 0.097894 0.994908
vn -0.024662 0.097000 0.994979
vn 0.021297 0.004088 0.999765
vn -0.019546 0.003882 0.999801
vn -0.009098 0.008364 0.999924
vn 0.155299 0.032873 -0.987320
vn 0.110346 0.037983 -0.993167
vn 0.134764 0.045865 -0.989816
vn 0.169831 0.039111 -0.984697
vn 0.033034 0.030593 -0.998986
vn -0.033034 0.030593 -0.998986
vn -0.050048 0.042494 -0.997842
vn 0.050153 0.042477 -0.997838
vn -0.110354 0.037984 -0.993166
vn -0.155314 0.032875 -0.987318
vn -0.169845 0.039113 -0.984694
vn -0.134665 0.045883 -0.989828
vn 0.094925 0.042965 -0.994557
vn 0.081324 0.061505 -0.994788
vn 0.063226 0.055916 -0.996432
vn 0.062373 0.035719 -0.997414
vn 0.033786 0.077521 -0.996418
vn -0.033786 0.077521 -0.996418
vn -0.031960 0.075254 -0.996652
vn 0.031960 0.075254 -0.996652
vn -0.081324 0.061506 -0.994788
vn -0.094925 0.042966 -0.994557
vn -0.062373 0.035719 -0.997414
vn -0.063225 0.055916 -0.996432
vn 0.097134 0.217278 -0.971265
vn 0.082057 0.215800 -0.972984
vn -0.003193 -0.013257 -0.999907
vn -0.018402 -0.020776 -0.999615
vn 0.034962 0.198222 -0.979533
vn -0.032911 0.195961 -0.980059
vn -0.011499 0.007192 -0.999908
vn 0.009139 0.003148 -0.999953
vn -0.083325 0.213491 -0.973385
vn -0.097133 0.217283 -0.971264
vn 0.018402 -0.020777 -0.999615
vn -0.005424 -0.009236 -0.999943
vn 0.016851 -0.000208 -0.999858
vn 0.016851 -0.000208 -0.999858
vn 0.000985 0.001664 -0.999998
vn 0.000985 0.001664 -0.999998
vn -0.029693 0.000610 -0.999559
vn -0.029693 0.000610 -0.999559
vn -0.011928 0.002131 -0.999927
vn -0.011928 0.002131 -0.999927
vn -0.015987 -0.006737 -0.999849
vn -0.047107 -0.006150 -0.998871
vn 0.001695 -0.003395 -0.999993
vn -0.002465 -0.003514 -0.999991
vn -0.126241 -0.041597 -0.991127
vn -0.088171 -0.040688 -0.995274
vn 0.071774 0.025379 -0.997098
vn 0.103227 0.027210 -0.994286
vn -0.024999 -0.038464 -0.998947
vn 0.024999 -0.038464 -0.998947
vn -0.020523 0.021156 -0.999566
vn 0.020523 0.021157 -0.999566
vn 0.088171 -0.040689 -0.995274
vn 0.126241 -0.041598 -0.991127
vn -0.103226 0.027210 -0.994286
vn -0.071774 0.025378 -0.997098
vn -0.014710 -0.004812 -0.999880
vn -0.013321 -0.006358 -0.999891
vn -0.005966 -0.009453 -0.999938
vn 0.005966 -0.009453 -0.999938
vn 0.013321 -0.006358 -0.999891
vn 0.014710 -0.004813 -0.999880
vn -0.067783 -0.001309 -0.997699
vn 0.067783 -0.001309 -0.997699
vn 0.015267 -0.006596 -0.999862
vn 0.045207 -0.005797 -0.998961
vn -0.038514 -0.012836 -0.999176
vn -0.010511 -0.015308 -0.999828
vn 0.010511 -0.015308 -0.999828
vn 0.038513 -0.012836 -0.999176
vn 0.020335 0.054209 -0.998323
vn 0.033723 0.038739 -0.998680
vn -0.041174 0.045072 -0.998135
vn -0.024667 0.060562 -0.997860
vn -0.056000 -0.011750 -0.998362
vn 0.055998 -0.011750 -0.998362
vn 0.035699 0.043724 -0.998406
vn 0.120453 0.049545 -0.991482
vn -0.120453 0.049545 -0.991482
vn -0.035699 0.043724 -0.998406
vn 0.029902 0.032037 -0.999039
vn 0.135444 0.216748 -0.966786
vn 0.107519 0.215760 -0.970509
vn 0.039583 0.200546 -0.978884
vn -0.039584 0.200541 -0.978885
vn -0.029902 0.032037 -0.999039
vn -0.107519 0.215757 -0.970509
vn -0.135443 0.216752 -0.966785
vn 0.169946 0.051990 -0.984081
vn -0.169946 0.051991 -0.984081
vn -0.023991 -0.097895 -0.994908
vn -0.024662 -0.096999 -0.994979
vn -0.012667 -0.092658 -0.995617
vn 0.012667 -0.092659 -0.995617
vn 0.024662 -0.097000 -0.994979
vn 0.023991 -0.097895 -0.994908
vn -0.021297 -0.004088 -0.999765
vn -0.009206 -0.008332 -0.999923
vn 0.019546 -0.003882 -0.999801
vn 0.009097 -0.008364 -0.999924
vn 0.020898 0.010126 0.999730
vn -0.020898 -0.010126 -0.999730
vn 0.024183 -0.009648 -0.999661
s 1
g polySurface26667
f 9/1/1 1/2/2 2/3/3
f 9/1/1 2/3/3 3/4/4
f 9/1/1 3/4/4 4/5/5
f 9/1/1 4/5/5 5/6/6
f 9/1/1 5/6/6 6/7/7
f 9/1/1 6/7/7 7/8/8
f 9/1/1 7/8/8 8/9/9
f 1/2/2 9/1/1 8/9/9
s 2
f 3/10/10 2/11/11 22/12/12 23/13/13
f 2/11/11 1/14/14 21/15/15 22/12/12
f 1/14/14 8/16/16 20/17/17 21/15/15
f 8/16/16 7/18/18 19/19/19 20/17/17
f 7/18/18 6/20/20 26/21/21 19/19/19
f 6/20/20 5/22/22 25/23/23 26/21/21
f 5/22/22 4/24/24 24/25/25 25/23/23
f 4/24/24 3/26/10 23/27/13 24/25/25
s 3
f 18/28/26 10/29/27 11/30/28
f 18/28/26 11/30/28 12/31/29
f 18/28/26 12/31/29 13/32/30
f 18/28/26 13/32/30 14/33/31
f 18/28/26 14/33/31 15/34/32
f 18/28/26 15/34/32 16/35/33
f 18/28/26 16/35/33 17/36/34
f 10/29/27 18/28/26 17/36/34
s 2
f 13/37/35 20/17/17 19/19/19 14/38/36
f 12/39/37 21/15/15 20/17/17 13/37/35
f 11/40/38 22/12/12 21/15/15 12/39/37
f 10/41/39 23/13/13 22/12/12 11/40/38
f 17/42/40 24/25/25 23/27/13 10/43/39
f 16/44/41 25/23/23 24/25/25 17/42/40
f 15/45/42 26/21/21 25/23/23 16/44/41
f 14/38/36 19/19/19 26/21/21 15/45/42
s 4
f 27/46/43 49/47/44 48/48/45 28/49/46
f 28/49/46 48/48/45 47/50/47 29/51/48
f 29/51/48 47/50/47 46/52/49 30/53/50
f 30/53/50 46/52/49 45/54/51 31/55/52
f 31/55/52 45/54/51 52/56/53 32/57/54
f 32/57/54 52/56/53 51/58/55 33/59/56
f 33/59/56 51/58/55 50/60/57 34/61/58
f 34/62/58 50/63/57 49/47/44 27/46/43
s 5
f 43/64/59 27/65/60 28/66/61
f 43/64/59 28/66/61 29/67/62
f 43/64/59 29/67/62 30/68/63
f 43/64/59 30/68/63 31/69/64
f 43/64/59 31/69/64 32/70/65
f 43/64/59 32/70/65 33/71/66
f 43/64/59 33/71/66 34/72/67
f 27/65/60 43/64/59 34/72/67
s 6
f 36/73/68 35/74/69 44/75/70
f 37/76/71 36/73/68 44/75/70
f 38/77/72 37/76/71 44/75/70
f 39/78/73 38/77/72 44/75/70
f 40/79/74 39/78/73 44/75/70
f 41/80/75 40/79/74 44/75/70
f 42/81/76 41/80/75 44/75/70
f 44/75/70 35/74/69 42/81/76
s 4
f 46/52/49 38/82/77 39/83/78 45/54/51
f 47/50/47 37/84/79 38/82/77 46/52/49
f 48/48/45 36/85/80 37/84/79 47/50/47
f 49/47/44 35/86/81 36/85/80 48/48/45
f 50/63/57 42/87/82 35/86/81 49/47/44
f 51/58/55 41/88/83 42/89/82 50/60/57
f 52/56/53 40/90/84 41/88/83 51/58/55
f 45/54/51 39/83/78 40/90/84 52/56/53
s 7
f 53/91/85 82/92/86 81/93/87 54/94/88
f 83/95/89 55/96/90 56/97/91 84/98/92
f 54/94/88 81/93/87 84/98/92 56/97/91
f 55/99/90 83/100/89 82/92/86 53/91/85
f 58/101/93 75/102/94 74/103/95 57/104/96
f 75/105/94 58/106/93 59/107/97 76/108/98
f 60/109/99 73/110/100 76/108/98 59/107/97
f 57/104/96 74/103/95 73/110/100 60/109/99
f 62/111/101 70/112/102 69/113/103 61/114/104
f 70/115/102 62/116/101 63/117/105 71/118/106
f 64/119/107 72/120/108 71/118/106 63/117/105
f 61/114/104 69/113/103 72/120/108 64/119/107
f 66/121/109 79/122/110 78/123/111 65/124/112
f 79/125/110 66/126/109 67/127/113 80/128/114
f 68/129/115 77/130/116 80/128/114 67/127/113
f 65/124/112 78/123/111 77/130/116 68/129/115
f 70/112/102 55/131/90 53/132/85 69/113/103
f 55/133/90 70/115/102 71/118/106 56/134/91
f 72/120/108 54/135/88 56/134/91 71/118/106
f 69/113/103 53/132/85 54/135/88 72/120/108
f 74/103/95 61/114/104 64/119/107 73/110/100
f 75/102/94 62/111/101 61/114/104 74/103/95
f 62/116/101 75/105/94 76/108/98 63/117/105
f 73/110/100 64/119/107 63/117/105 76/108/98
f 78/123/111 57/104/96 60/109/99 77/130/116
f 79/122/110 58/101/93 57/104/96 78/123/111
f 58/106/93 79/125/110 80/128/114 59/107/97
f 77/130/116 60/109/99 59/107/97 80/128/114
f 82/92/86 65/124/112 68/129/115 81/93/87
f 83/100/89 66/121/109 65/124/112 82/92/86
f 66/126/109 83/95/89 84/98/92 67/127/113
f 81/93/87 68/129/115 67/127/113 84/98/92
s 8
f 85/136/117 114/137/118 113/138/119 86/139/120
f 115/140/121 87/141/122 88/142/123 116/143/124
f 86/139/120 113/138/119 116/143/124 88/142/123
f 87/144/122 115/145/121 114/137/118 85/136/117
f 90/146/125 107/147/126 106/148/127 89/149/128
f 107/150/126 90/151/125 91/152/129 108/153/130
f 92/154/131 105/155/132 108/153/130 91/152/129
f 89/149/128 106/148/127 105/155/132 92/154/131
f 94/156/133 102/157/134 101/158/135 93/159/136
f 102/160/134 94/161/133 95/162/137 103/163/138
f 96/164/139 104/165/140 103/163/138 95/162/137
f 93/159/136 101/158/135 104/165/140 96/164/139
f 98/166/141 111/167/142 110/168/143 97/169/144
f 111/170/142 98/171/141 99/172/145 112/173/146
f 100/174/147 109/175/148 112/173/146 99/172/145
f 97/169/144 110/168/143 109/175/148 100/174/147
f 102/157/134 87/176/122 85/177/117 101/158/135
f 87/178/122 102/160/134 103/163/138 88/179/123
f 104/165/140 86/180/120 88/179/123 103/163/138
f 101/158/135 85/177/117 86/180/120 104/165/140
f 106/148/127 93/159/136 96/164/139 105/155/132
f 107/147/126 94/156/133 93/159/136 106/148/127
f 94/161/133 107/150/126 108/153/130 95/162/137
f 105/155/132 96/164/139 95/162/137 108/153/130
f 110/168/143 89/149/128 92/154/131 109/175/148
f 111/167/142 90/146/125 89/149/128 110/168/143
f 90/151/125 111/170/142 112/173/146 91/152/129
f 109/175/148 92/154/131 91/152/129 112/173/146
f 114/137/118 97/169/144 100/174/147 113/138/119
f 115/145/121 98/166/141 97/169/144 114/137/118
f 98/171/141 115/140/121 116/143/124 99/172/145
f 113/138/119 100/174/147 99/172/145 116/143/124
s 9
f 117/181/149 146/182/150 145/183/151 118/184/152
f 147/185/153 119/186/154 120/187/155 148/188/156
f 118/184/152 145/183/151 148/188/156 120/187/155
f 119/189/154 147/190/153 146/182/150 117/181/149
f 122/191/157 139/192/158 138/193/159 121/194/160
f 139/195/158 122/196/157 123/197/161 140/198/162
f 124/199/163 137/200/164 140/198/162 123/197/161
f 121/194/160 138/193/159 137/200/164 124/199/163
f 126/201/165 134/202/166 133/203/167 125/204/168
f 134/205/166 126/206/165 127/207/169 135/208/170
f 128/209/171 136/210/172 135/208/170 127/207/169
f 125/204/168 133/203/167 136/210/172 128/209/171
f 130/211/173 143/212/174 142/213/175 129/214/176
f 143/215/174 130/216/173 131/217/177 144/218/178
f 132/219/179 141/220/180 144/218/178 131/217/177
f 129/214/176 142/213/175 141/220/180 132/219/179
f 134/202/166 119/221/154 117/222/149 133/203/167
f 119/223/154 134/205/166 135/208/170 120/224/155
f 136/210/172 118/225/152 120/224/155 135/208/170
f 133/203/167 117/222/149 118/225/152 136/210/172
f 138/193/159 125/204/168 128/209/171 137/200/164
f 139/192/158 126/201/165 125/204/168 138/193/159
f 126/206/165 139/195/158 140/198/162 127/207/169
f 137/200/164 128/209/171 127/207/169 140/198/162
f 142/213/175 121/194/160 124/199/163 141/220/180
f 143/212/174 122/191/157 121/194/160 142/213/175
f 122/196/157 143/215/174 144/218/178 123/197/161
f 141/220/180 124/199/163 123/197/161 144/218/178
f 146/182/150 129/214/176 132/219/179 145/183/151
f 147/190/153 130/211/173 129/214/176 146/182/150
f 130/216/173 147/185/153 148/188/156 131/217/177
f 145/183/151 132/219/179 131/217/177 148/188/156
s 10
f 149/226/181 178/227/182 177/228/183 150/229/184
f 179/230/185 151/231/186 152/232/187 180/233/188
f 150/229/184 177/228/183 180/233/188 152/232/187
f 151/234/186 179/235/185 178/227/182 149/226/181
f 154/236/189 171/237/190 170/238/191 153/239/192
f 171/240/190 154/241/189 155/242/193 172/243/194
f 156/244/195 169/245/196 172/243/194 155/242/193
f 153/239/192 170/238/191 169/245/196 156/244/195
f 158/246/197 166/247/198 165/248/199 157/249/200
f 166/250/198 158/251/197 159/252/201 167/253/202
f 160/254/203 168/255/204 167/253/202 159/252/201
f 157/249/200 165/248/199 168/255/204 160/254/203
f 162/256/205 175/257/206 174/258/207 161/259/208
f 175/260/206 162/261/205 163/262/209 176/263/210
f 164/264/211 173/265/212 176/263/210 163/262/209
f 161/259/208 174/258/207 173/265/212 164/264/211
f 166/247/198 151/266/186 149/267/181 165/248/199
f 151/268/186 166/250/198 167/253/202 152/269/187
f 168/255/204 150/270/184 152/269/187 167/253/202
f 165/248/199 149/267/181 150/270/184 168/255/204
f 170/238/191 157/249/200 160/254/203 169/245/196
f 171/237/190 158/246/197 157/249/200 170/238/191
f 158/251/197 171/240/190 172/243/194 159/252/201
f 169/245/196 160/254/203 159/252/201 172/243/194
f 174/258/207 153/239/192 156/244/195 173/265/212
f 175/257/206 154/236/189 153/239/192 174/258/207
f 154/241/189 175/260/206 176/263/210 155/242/193
f 173/265/212 156/244/195 155/242/193 176/263/210
f 178/227/182 161/259/208 164/264/211 177/228/183
f 179/235/185 162/256/205 161/259/208 178/227/182
f 162/261/205 179/230/185 180/233/188 163/262/209
f 177/228/183 164/264/211 163/262/209 180/233/188
s 11
f 181/271/213 210/272/214 209/273/215 182/274/216
f 211/275/217 183/276/218 184/277/219 212/278/220
f 182/274/216 209/273/215 212/278/220 184/277/219
f 183/279/218 211/280/217 210/272/214 181/271/213
f 186/281/221 203/282/222 202/283/223 185/284/224
f 203/285/222 186/286/221 187/287/225 204/288/226
f 188/289/227 201/290/228 204/288/226 187/287/225
f 185/284/224 202/283/223 201/290/228 188/289/227
f 190/291/229 198/292/230 197/293/231 189/294/232
f 198/295/230 190/296/229 191/297/233 199/298/234
f 192/299/235 200/300/236 199/298/234 191/297/233
f 189/294/232 197/293/231 200/300/236 192/299/235
f 194/301/237 207/302/238 206/303/239 193/304/240
f 207/305/238 194/306/237 195/307/241 208/308/242
f 196/309/243 205/310/244 208/308/242 195/307/241
f 193/304/240 206/303/239 205/310/244 196/309/243
f 198/292/230 183/311/218 181/312/213 197/293/231
f 183/313/218 198/295/230 199/298/234 184/314/219
f 200/300/236 182/315/216 184/314/219 199/298/234
f 197/293/231 181/312/213 182/315/216 200/300/236
f 202/283/223 189/294/232 192/299/235 201/290/228
f 203/282/222 190/291/229 189/294/232 202/283/223
f 190/296/229 203/285/222 204/288/226 191/297/233
f 201/290/228 192/299/235 191/297/233 204/288/226
f 206/303/239 185/284/224 188/289/227 205/310/244
f 207/302/238 186/281/221 185/284/224 206/303/239
f 186/286/221 207/305/238 208/308/242 187/287/225
f 205/310/244 188/289/227 187/287/225 208/308/242
f 210/272/214 193/304/240 196/309/243 209/273/215
f 211/280/217 194/301/237 193/304/240 210/272/214
f 194/306/237 211/275/217 212/278/220 195/307/241
f 209/273/215 196/309/243 195/307/241 212/278/220
s 12
f 213/316/245 242/317/246 241/318/247 214/319/248
f 243/320/249 215/321/250 216/322/251 244/323/252
f 214/319/248 241/318/247 244/323/252 216/322/251
f 215/324/250 243/325/249 242/317/246 213/316/245
f 218/326/253 235/327/254 234/328/255 217/329/256
f 235/330/254 218/331/253 219/332/257 236/333/258
f 220/334/259 233/335/260 236/333/258 219/332/257
f 217/329/256 234/328/255 233/335/260 220/334/259
f 222/336/261 230/337/262 229/338/263 221/339/264
f 230/340/262 222/341/261 223/342/265 231/343/266
f 224/344/267 232/345/268 231/343/266 223/342/265
f 221/339/264 229/338/263 232/345/268 224/344/267
f 226/346/269 239/347/270 238/348/271 225/349/272
f 239/350/270 226/351/269 227/352/273 240/353/274
f 228/354/275 237/355/276 240/353/274 227/352/273
f 225/349/272 238/348/271 237/355/276 228/354/275
f 230/337/262 215/356/250 213/357/245 229/338/263
f 215/358/250 230/340/262 231/343/266 216/359/251
f 232/345/268 214/360/248 216/359/251 231/343/266
f 229/338/263 213/357/245 214/360/248 232/345/268
f 234/328/255 221/339/264 224/344/267 233/335/260
f 235/327/254 222/336/261 221/339/264 234/328/255
f 222/341/261 235/330/254 236/333/258 223/342/265
f 233/335/260 224/344/267 223/342/265 236/333/258
f 238/348/271 217/329/256 220/334/259 237/355/276
f 239/347/270 218/326/253 217/329/256 238/348/271
f 218/331/253 239/350/270 240/353/274 219/332/257
f 237/355/276 220/334/259 219/332/257 240/353/274
f 242/317/246 225/349/272 228/354/275 241/318/247
f 243/325/249 226/346/269 225/349/272 242/317/246
f 226/351/269 243/320/249 244/323/252 227/352/273
f 241/318/247 228/354/275 227/352/273 244/323/252
s 13
f 245/361/277 274/362/278 273/363/279 246/364/280
f 275/365/281 247/366/282 248/367/283 276/368/284
f 246/364/280 273/363/279 276/368/284 248/367/283
f 247/369/282 275/370/281 274/362/278 245/361/277
f 250/371/285 267/372/286 266/373/287 249/374/288
f 267/375/286 250/376/285 251/377/289 268/378/290
f 252/379/291 265/380/292 268/378/290 251/377/289
f 249/374/288 266/373/287 265/380/292 252/379/291
f 254/381/293 262/382/294 261/383/295 253/384/296
f 262/385/294 254/386/293 255/387/297 263/388/298
f 256/389/299 264/390/300 263/388/298 255/387/297
f 253/384/296 261/383/295 264/390/300 256/389/299
f 258/391/301 271/392/302 270/393/303 257/394/304
f 271/395/302 258/396/301 259/397/305 272/398/306
f 260/399/307 269/400/308 272/398/306 259/397/305
f 257/394/304 270/393/303 269/400/308 260/399/307
f 262/382/294 247/401/282 245/402/277 261/383/295
f 247/403/282 262/385/294 263/388/298 248/404/283
f 264/390/300 246/405/280 248/404/283 263/388/298
f 261/383/295 245/402/277 246/405/280 264/390/300
f 266/373/287 253/384/296 256/389/299 265/380/292
f 267/372/286 254/381/293 253/384/296 266/373/287
f 254/386/293 267/375/286 268/378/290 255/387/297
f 265/380/292 256/389/299 255/387/297 268/378/290
f 270/393/303 249/374/288 252/379/291 269/400/308
f 271/392/302 250/371/285 249/374/288 270/393/303
f 250/376/285 271/395/302 272/398/306 251/377/289
f 269/400/308 252/379/291 251/377/289 272/398/306
f 274/362/278 257/394/304 260/399/307 273/363/279
f 275/370/281 258/391/301 257/394/304 274/362/278
f 258/396/301 275/365/281 276/368/284 259/397/305
f 273/363/279 260/399/307 259/397/305 276/368/284
s 14
f 277/406/309 306/407/310 305/408/311 278/409/312
f 307/410/313 279/411/314 280/412/315 308/413/316
f 278/409/312 305/408/311 308/413/316 280/412/315
f 279/414/314 307/415/313 306/407/310 277/406/309
f 282/416/317 299/417/318 298/418/319 281/419/320
f 299/420/318 282/421/317 283/422/321 300/423/322
f 284/424/323 297/425/324 300/423/322 283/422/321
f 281/419/320 298/418/319 297/425/324 284/424/323
f 286/426/325 294/427/326 293/428/327 285/429/328
f 294/430/326 286/431/325 287/432/329 295/433/330
f 288/434/331 296/435/332 295/433/330 287/432/329
f 285/429/328 293/428/327 296/435/332 288/434/331
f 290/436/333 303/437/334 302/438/335 289/439/336
f 303/440/334 290/441/333 291/442/337 304/443/338
f 292/444/339 301/445/340 304/443/338 291/442/337
f 289/439/336 302/438/335 301/445/340 292/444/339
f 294/427/326 279/446/314 277/447/309 293/428/327
f 279/448/314 294/430/326 295/433/330 280/449/315
f 296/435/332 278/450/312 280/449/315 295/433/330
f 293/428/327 277/447/309 278/450/312 296/435/332
f 298/418/319 285/429/328 288/434/331 297/425/324
f 299/417/318 286/426/325 285/429/328 298/418/319
f 286/431/325 299/420/318 300/423/322 287/432/329
f 297/425/324 288/434/331 287/432/329 300/423/322
f 302/438/335 281/419/320 284/424/323 301/445/340
f 303/437/334 282/416/317 281/419/320 302/438/335
f 282/421/317 303/440/334 304/443/338 283/422/321
f 301/445/340 284/424/323 283/422/321 304/443/338
f 306/407/310 289/439/336 292/444/339 305/408/311
f 307/415/313 290/436/333 289/439/336 306/407/310
f 290/441/333 307/410/313 308/413/316 291/442/337
f 305/408/311 292/444/339 291/442/337 308/413/316
s 15
f 309/451/341 310/452/342 337/453/343 338/454/344
f 339/455/345 340/456/346 312/457/347 311/458/348
f 310/452/342 312/457/347 340/456/346 337/453/343
f 311/459/348 309/451/341 338/454/344 339/460/345
f 314/461/349 313/462/350 330/463/351 331/464/352
f 331/465/352 332/466/353 315/467/354 314/468/349
f 316/469/355 315/467/354 332/466/353 329/470/356
f 313/462/350 316/469/355 329/470/356 330/463/351
f 318/471/357 317/472/358 325/473/359 326/474/360
f 326/475/360 327/476/361 319/477/362 318/478/357
f 320/479/363 319/477/362 327/476/361 328/480/364
f 317/472/358 320/479/363 328/480/364 325/473/359
f 322/481/365 321/482/366 334/483/367 335/484/368
f 335/485/368 336/486/369 323/487/370 322/488/365
f 324/489/371 323/487/370 336/486/369 333/490/372
f 321/482/366 324/489/371 333/490/372 334/483/367
f 326/474/360 325/473/359 309/491/341 311/492/348
f 311/493/348 312/494/347 327/476/361 326/475/360
f 328/480/364 327/476/361 312/494/347 310/495/342
f 325/473/359 328/480/364 310/495/342 309/491/341
f 330/463/351 329/470/356 320/479/363 317/472/358
f 331/464/352 330/463/351 317/472/358 318/471/357
f 318/478/357 319/477/362 332/466/353 331/465/352
f 329/470/356 332/466/353 319/477/362 320/479/363
f 334/483/367 333/490/372 316/469/355 313/462/350
f 335/484/368 334/483/367 313/462/350 314/461/349
f 314/468/349 315/467/354 336/486/369 335/485/368
f 333/490/372 336/486/369 315/467/354 316/469/355
f 338/454/344 337/453/343 324/489/371 321/482/366
f 339/460/345 338/454/344 321/482/366 322/481/365
f 322/488/365 323/487/370 340/456/346 339/455/345
f 337/453/343 340/456/346 323/487/370 324/489/371
s 16
f 341/496/373 342/497/374 369/498/375 370/499/376
f 371/500/377 372/501/378 344/502/379 343/503/380
f 342/497/374 344/502/379 372/501/378 369/498/375
f 343/504/380 341/496/373 370/499/376 371/505/377
f 346/506/381 345/507/382 362/508/383 363/509/384
f 363/510/384 364/511/385 347/512/386 346/513/381
f 348/514/387 347/512/386 364/511/385 361/515/388
f 345/507/382 348/514/387 361/515/388 362/508/383
f 350/516/389 349/517/390 357/518/391 358/519/392
f 358/520/392 359/521/393 351/522/394 350/523/389
f 352/524/395 351/522/394 359/521/393 360/525/396
f 349/517/390 352/524/395 360/525/396 357/518/391
f 354/526/397 353/527/398 366/528/399 367/529/400
f 367/530/400 368/531/401 355/532/402 354/533/397
f 356/534/403 355/532/402 368/531/401 365/535/404
f 353/527/398 356/534/403 365/535/404 366/528/399
f 358/519/392 357/518/391 341/536/373 343/537/380
f 343/538/380 344/539/379 359/521/393 358/520/392
f 360/525/396 359/521/393 344/539/379 342/540/374
f 357/518/391 360/525/396 342/540/374 341/536/373
f 362/508/383 361/515/388 352/524/395 349/517/390
f 363/509/384 362/508/383 349/517/390 350/516/389
f 350/523/389 351/522/394 364/511/385 363/510/384
f 361/515/388 364/511/385 351/522/394 352/524/395
f 366/528/399 365/535/404 348/514/387 345/507/382
f 367/529/400 366/528/399 345/507/382 346/506/381
f 346/513/381 347/512/386 368/531/401 367/530/400
f 365/535/404 368/531/401 347/512/386 348/514/387
f 370/499/376 369/498/375 356/534/403 353/527/398
f 371/505/377 370/499/376 353/527/398 354/526/397
f 354/533/397 355/532/402 372/501/378 371/500/377
f 369/498/375 372/501/378 355/532/402 356/534/403
s 17
f 373/541/405 374/542/406 401/543/407 402/544/408
f 403/545/409 404/546/410 376/547/411 375/548/412
f 374/542/406 376/547/411 404/546/410 401/543/407
f 375/549/412 373/541/405 402/544/408 403/550/409
f 378/551/413 377/552/414 394/553/415 395/554/416
f 395/555/416 396/556/417 379/557/418 378/558/413
f 380/559/419 379/557/418 396/556/417 393/560/420
f 377/552/414 380/559/419 393/560/420 394/553/415
f 382/561/421 381/562/422 389/563/423 390/564/424
f 390/565/424 391/566/425 383/567/426 382/568/421
f 384/569/427 383/567/426 391/566/425 392/570/428
f 381/562/422 384/569/427 392/570/428 389/563/423
f 386/571/429 385/572/430 398/573/431 399/574/432
f 399/575/432 400/576/433 387/577/434 386/578/429
f 388/579/435 387/577/434 400/576/433 397/580/436
f 385/572/430 388/579/435 397/580/436 398/573/431
f 390/564/424 389/563/423 373/581/405 375/582/412
f 375/583/412 376/584/411 391/566/425 390/565/424
f 392/570/428 391/566/425 376/584/411 374/585/406
f 389/563/423 392/570/428 374/585/406 373/581/405
f 394/553/415 393/560/420 384/569/427 381/562/422
f 395/554/416 394/553/415 381/562/422 382/561/421
f 382/568/421 383/567/426 396/556/417 395/555/416
f 393/560/420 396/556/417 383/567/426 384/569/427
f 398/573/431 397/580/436 380/559/419 377/552/414
f 399/574/432 398/573/431 377/552/414 378/551/413
f 378/558/413 379/557/418 400/576/433 399/575/432
f 397/580/436 400/576/433 379/557/418 380/559/419
f 402/544/408 401/543/407 388/579/435 385/572/430
f 403/550/409 402/544/408 385/572/430 386/571/429
f 386/578/429 387/577/434 404/546/410 403/545/409
f 401/543/407 404/546/410 387/577/434 388/579/435
s 18
f 405/586/437 406/587/438 433/588/439 434/589/440
f 435/590/441 436/591/442 408/592/443 407/593/444
f 406/587/438 408/592/443 436/591/442 433/588/439
f 407/594/444 405/586/437 434/589/440 435/595/441
f 410/596/445 409/597/446 426/598/447 427/599/448
f 427/600/448 428/601/449 411/602/450 410/603/445
f 412/604/451 411/602/450 428/601/449 425/605/452
f 409/597/446 412/604/451 425/605/452 426/598/447
f 414/606/453 413/607/454 421/608/455 422/609/456
f 422/610/456 423/611/457 415/612/458 414/613/453
f 416/614/459 415/612/458 423/611/457 424/615/460
f 413/607/454 416/614/459 424/615/460 421/608/455
f 418/616/461 417/617/462 430/618/463 431/619/464
f 431/620/464 432/621/465 419/622/466 418/623/461
f 420/624/467 419/622/466 432/621/465 429/625/468
f 417/617/462 420/624/467 429/625/468 430/618/463
f 422/609/456 421/608/455 405/626/437 407/627/444
f 407/628/444 408/629/443 423/611/457 422/610/456
f 424/615/460 423/611/457 408/629/443 406/630/438
f 421/608/455 424/615/460 406/630/438 405/626/437
f 426/598/447 425/605/452 416/614/459 413/607/454
f 427/599/448 426/598/447 413/607/454 414/606/453
f 414/613/453 415/612/458 428/601/449 427/600/448
f 425/605/452 428/601/449 415/612/458 416/614/459
f 430/618/463 429/625/468 412/604/451 409/597/446
f 431/619/464 430/618/463 409/597/446 410/596/445
f 410/603/445 411/602/450 432/621/465 431/620/464
f 429/625/468 432/621/465 411/602/450 412/604/451
f 434/589/440 433/588/439 420/624/467 417/617/462
f 435/595/441 434/589/440 417/617/462 418/616/461
f 418/623/461 419/622/466 436/591/442 435/590/441
f 433/588/439 436/591/442 419/622/466 420/624/467
s 19
f 445/631/469 450/632/470 451/633/471 448/634/472
f 452/635/473 449/636/474 446/637/475 447/638/476
f 448/634/472 451/633/471 452/635/473 447/638/476
f 449/639/474 450/632/470 445/631/469 446/640/475
f 438/641/477 437/642/478 441/643/479 442/644/480
f 439/645/481 438/646/477 442/647/480 443/648/482
f 444/649/483 440/650/484 439/645/481 443/648/482
f 437/642/478 440/650/484 444/649/483 441/643/479
f 442/644/480 441/643/479 454/651/485 453/652/486
f 443/648/482 442/647/480 453/653/486 456/654/487
f 444/649/483 443/648/482 456/654/487 455/655/488
f 454/651/485 441/643/479 444/649/483 455/655/488
f 446/640/475 445/631/469 437/642/478 438/641/477
f 447/638/476 446/637/475 438/646/477 439/645/481
f 440/650/484 448/634/472 447/638/476 439/645/481
f 445/631/469 448/634/472 440/650/484 437/642/478
s 20
f 453/652/489 454/651/490 450/632/491 449/639/492
f 456/654/493 453/653/489 449/636/492 452/635/494
f 451/633/495 450/632/491 454/651/490 455/655/496
f 456/654/493 452/635/494 451/633/495 455/655/496
s 21
f 457/656/497 458/657/498 476/658/499 475/659/500
f 460/660/501 459/661/502 474/662/503 473/663/504
f 476/658/499 458/657/498 460/660/501 473/663/504
f 459/664/502 457/656/497 475/659/500 474/665/503
f 462/666/505 461/667/506 465/668/507 466/669/508
f 463/670/509 462/671/505 466/672/508 467/673/510
f 468/674/511 464/675/512 463/670/509 467/673/510
f 461/667/506 464/675/512 468/674/511 465/668/507
f 466/669/508 465/668/507 457/676/497 459/677/502
f 467/673/510 466/672/508 459/678/502 460/679/501
f 468/674/511 467/673/510 460/679/501 458/680/498
f 457/676/497 465/668/507 468/674/511 458/680/498
f 470/681/513 471/682/514 461/667/506 462/666/505
f 469/683/515 470/684/513 462/671/505 463/670/509
f 464/675/512 472/685/516 469/683/515 463/670/509
f 461/667/506 471/682/514 472/685/516 464/675/512
s 22
f 471/682/517 475/659/518 476/658/519 472/685/520
f 474/665/521 475/659/518 471/682/517 470/681/522
f 473/663/523 474/662/521 470/684/522 469/683/524
f 472/685/520 476/658/519 473/663/523 469/683/524
s 23
f 481/686/525 477/687/526 478/688/527 482/689/528
f 483/690/529 482/689/528 478/688/527 479/691/530
f 484/692/531 483/690/529 479/691/530 480/693/532
f 481/694/525 484/692/531 480/693/532 477/695/526
s 24
f 493/696/533 498/697/534 499/698/535 496/699/536
f 500/700/537 497/701/538 494/702/539 495/703/540
f 496/699/536 499/698/535 500/700/537 495/703/540
f 497/704/538 498/697/534 493/696/533 494/705/539
f 486/706/541 485/707/542 489/708/543 490/709/544
f 487/710/545 486/711/541 490/712/544 491/713/546
f 492/714/547 488/715/548 487/710/545 491/713/546
f 485/707/542 488/715/548 492/714/547 489/708/543
f 490/709/544 489/708/543 502/716/549 501/717/550
f 491/713/546 490/712/544 501/718/550 504/719/551
f 492/714/547 491/713/546 504/719/551 503/720/552
f 502/716/549 489/708/543 492/714/547 503/720/552
f 494/705/539 493/696/533 485/707/542 486/706/541
f 495/703/540 494/702/539 486/711/541 487/710/545
f 488/715/548 496/699/536 495/703/540 487/710/545
f 493/696/533 496/699/536 488/715/548 485/707/542
s 25
f 501/717/553 502/716/554 498/697/555 497/704/556
f 504/719/557 501/718/553 497/701/556 500/700/558
f 499/698/559 498/697/555 502/716/554 503/720/560
f 504/719/557 500/700/558 499/698/559 503/720/560
s 26
f 505/721/561 506/722/562 524/723/563 523/724/564
f 508/725/565 507/726/566 522/727/567 521/728/568
f 524/723/563 506/722/562 508/725/565 521/728/568
f 507/729/566 505/721/561 523/724/564 522/730/567
f 510/731/569 509/732/570 513/733/571 514/734/572
f 511/735/573 510/736/569 514/737/572 515/738/574
f 516/739/575 512/740/576 511/735/573 515/738/574
f 509/732/570 512/740/576 516/739/575 513/733/571
f 514/734/572 513/733/571 505/741/561 507/742/566
f 515/738/574 514/737/572 507/743/566 508/744/565
f 516/739/575 515/738/574 508/744/565 506/745/562
f 505/741/561 513/733/571 516/739/575 506/745/562
f 518/746/577 519/747/578 509/732/570 510/731/569
f 517/748/579 518/749/577 510/736/569 511/735/573
f 512/740/576 520/750/580 517/748/579 511/735/573
f 509/732/570 519/747/578 520/750/580 512/740/576
s 27
f 519/747/581 523/724/582 524/723/583 520/750/584
f 522/730/585 523/724/582 519/747/581 518/746/586
f 521/728/587 522/727/585 518/749/586 517/748/588
f 520/750/584 524/723/583 521/728/587 517/748/588
s 28
f 529/751/589 528/752/590 525/753/591 530/754/592
f 531/755/593 530/756/592 525/757/591 526/758/594
f 532/759/595 531/755/593 526/758/594 527/760/596
f 529/751/589 532/759/595 527/760/596 528/752/590
s 29
f 537/761/597 552/762/598 581/763/599 538/764/600
f 574/765/601 553/766/602 582/767/603 539/768/604
f 575/769/605 554/770/606 555/771/607 540/772/608
f 541/773/609 556/774/610 583/775/611 542/776/612
f 576/777/613 557/778/614 584/779/615 543/780/616
f 577/781/617 558/782/618 559/783/619 544/784/620
f 593/785/621 594/786/622 597/787/623 598/788/624
f 607/789/625 606/790/626 600/791/627 601/792/628
f 610/793/629 609/794/630 603/795/631 604/796/632
f 566/797/633 567/798/634 564/799/635 565/800/636
f 570/801/637 571/802/638 568/803/639 569/804/640
f 552/762/598 549/805/641 580/806/642 581/763/599
f 553/766/602 635/807/643 636/808/644 582/767/603
f 611/809/645 612/810/646 615/811/647 616/812/648
f 625/813/649 624/814/650 618/815/651 619/816/652
f 628/817/653 627/818/654 621/819/655 622/820/656
f 560/821/657 541/773/609 542/776/612 585/822/658
f 561/823/659 576/777/613 543/780/616 586/824/660
f 562/825/661 577/781/617 544/784/620 563/826/662
f 567/798/634 533/827/663 564/799/635
f 565/800/664 572/828/665 580/806/642
f 571/802/638 536/829/666 568/803/639
f 569/804/640 551/830/667 550/831/668 570/801/637
f 538/764/600 574/765/601 591/833/669 587/834/670
f 539/768/604 575/769/605 592/835/671 588/836/672
f 542/776/612 576/777/613 561/823/659 585/822/658
f 543/780/616 577/781/617 562/825/661 586/824/660
f 581/763/599 580/806/642 635/807/643 553/766/602
f 554/770/606 582/767/603 636/808/644 550/831/668
f 581/763/599 553/766/602 574/765/601 538/764/600
f 582/767/603 554/770/606 575/769/605 539/768/604
f 583/775/611 557/778/614 576/777/613 542/776/612
f 584/779/615 558/782/618 577/781/617 543/780/616
f 605/837/673 606/790/626 597/787/623 596/838/674
f 608/839/675 609/794/630 600/791/627 599/840/676
f 590/841/677 537/761/597 538/764/600 587/834/670
f 591/833/669 574/765/601 539/768/604 588/836/672
f 592/835/671 575/769/605 540/772/608 589/842/678
f 623/843/679 624/814/650 615/811/647 614/844/680
f 626/845/681 627/818/654 618/815/651 617/846/682
f 550/831/668 551/830/667 555/771/607 554/770/606
f 595/847/683 560/821/657 585/822/658 596/838/674
f 594/786/622 595/847/683 596/838/674 597/787/623
f 598/788/624 630/848/684 629/849/685 593/785/621
f 605/837/673 561/823/659 586/824/660 599/840/676
f 606/790/626 605/837/673 599/840/676 600/791/627
f 601/792/628 631/850/686 633/851/687 607/789/625
f 608/839/675 562/825/661 563/826/662 602/852/688
f 609/794/630 608/839/675 602/852/688 603/795/631
f 604/796/632 632/853/689 634/854/690 610/793/629
f 607/789/625 633/851/687 630/848/684 598/788/624
f 606/790/626 607/789/625 598/788/624 597/787/623
f 596/838/674 585/822/658 561/823/659 605/837/673
f 610/793/629 634/854/690 631/850/686 601/792/628
f 609/794/630 610/793/629 601/792/628 600/791/627
f 599/840/676 586/824/660 562/825/661 608/839/675
f 613/855/691 590/841/677 587/834/670 614/844/680
f 612/810/646 613/855/691 614/844/680 615/811/647
f 616/812/648 583/775/611 556/774/610 611/809/645
f 623/843/679 591/833/669 588/836/672 617/846/682
f 624/814/650 623/843/679 617/846/682 618/815/651
f 619/816/652 584/779/615 557/778/614 625/813/649
f 626/845/681 592/835/671 589/842/678 620/856/692
f 627/818/654 626/845/681 620/856/692 621/819/655
f 622/820/656 559/783/619 558/782/618 628/817/653
f 625/813/649 557/778/614 583/775/611 616/812/648
f 624/814/650 625/813/649 616/812/648 615/811/647
f 614/844/680 587/834/670 591/833/669 623/843/679
f 628/817/653 558/782/618 584/779/615 619/816/652
f 627/818/654 628/817/653 619/816/652 618/815/651
f 617/846/682 588/836/672 592/835/671 626/845/681
f 630/848/684 546/857/693 545/858/694 629/849/685
f 631/850/686 547/859/695 578/860/696 633/851/687
f 632/853/689 548/861/697 579/862/698 634/854/690
f 633/851/687 578/860/696 546/857/693 630/848/684
f 634/854/690 579/862/698 547/859/695 631/850/686
f 635/807/643 580/806/642 572/828/665 534/863/699
f 636/808/644 635/807/643 534/863/699 573/864/700
f 550/831/668 636/808/644 573/864/700 535/832/701
s 30
f 641/865/702 642/866/703 685/867/704 656/868/705
f 678/869/706 643/870/707 686/871/708 657/872/709
f 679/873/710 644/874/711 659/875/712 658/876/713
f 645/877/714 646/878/715 687/879/716 660/880/717
f 680/881/718 647/882/719 688/883/720 661/884/721
f 681/885/722 648/886/723 663/887/724 662/888/725
f 697/889/726 702/890/727 701/891/728 698/892/729
f 711/893/730 705/894/731 704/895/732 710/896/733
f 714/897/734 708/898/735 707/899/736 713/900/737
f 670/901/738 669/902/739 668/903/740 671/904/741
f 674/905/742 673/906/743 672/907/744 675/908/745
f 656/868/705 685/867/704 684/909/746 653/910/747
f 657/872/709 686/871/708 740/911/748 739/912/749
f 715/913/750 720/914/751 719/915/752 716/916/753
f 729/917/754 723/918/755 722/919/756 728/920/757
f 732/921/758 726/922/759 725/923/760 731/924/761
f 664/925/762 689/926/763 646/878/715 645/877/714
f 665/927/764 690/928/765 647/882/719 680/881/718
f 666/929/766 667/930/767 648/886/723 681/885/722
f 671/904/741 668/903/740 637/931/768
f 669/902/739 670/901/738 653/910/747 684/909/746
f 675/908/745 672/907/744 640/933/769
f 673/906/743 674/905/742 654/935/770 655/936/771
f 642/866/703 691/937/772 695/938/773 678/869/706
f 643/870/707 692/939/774 696/940/775 679/873/710
f 646/878/715 689/926/763 665/927/764 680/881/718
f 647/882/719 690/928/765 666/929/766 681/885/722
f 685/867/704 657/872/709 739/912/749 684/909/746
f 658/876/713 654/935/770 740/911/748 686/871/708
f 685/867/704 642/866/703 678/869/706 657/872/709
f 686/871/708 643/870/707 679/873/710 658/876/713
f 687/879/716 646/878/715 680/881/718 661/884/721
f 688/883/720 647/882/719 681/885/722 662/888/725
f 709/941/776 700/942/777 701/891/728 710/896/733
f 712/943/778 703/944/779 704/895/732 713/900/737
f 694/945/780 691/937/772 642/866/703 641/865/702
f 695/938/773 692/939/774 643/870/707 678/869/706
f 696/940/775 693/946/781 644/874/711 679/873/710
f 727/947/782 718/948/783 719/915/752 728/920/757
f 730/949/784 721/950/785 722/919/756 731/924/761
f 654/935/770 658/876/713 659/875/712 655/936/771
f 699/951/786 700/942/777 689/926/763 664/925/762
f 698/892/729 701/891/728 700/942/777 699/951/786
f 702/890/727 697/889/726 733/952/787 734/953/788
f 709/941/776 703/944/779 690/928/765 665/927/764
f 710/896/733 704/895/732 703/944/779 709/941/776
f 705/894/731 711/893/730 737/954/789 735/955/790
f 712/943/778 706/956/791 667/930/767 666/929/766
f 713/900/737 707/899/736 706/956/791 712/943/778
f 708/898/735 714/897/734 738/957/792 736/958/793
f 711/893/730 702/890/727 734/953/788 737/954/789
f 710/896/733 701/891/728 702/890/727 711/893/730
f 700/942/777 709/941/776 665/927/764 689/926/763
f 714/897/734 705/894/731 735/955/790 738/957/792
f 713/900/737 704/895/732 705/894/731 714/897/734
f 703/944/779 712/943/778 666/929/766 690/928/765
f 717/959/794 718/948/783 691/937/772 694/945/780
f 716/916/753 719/915/752 718/948/783 717/959/794
f 720/914/751 715/913/750 660/880/717 687/879/716
f 727/947/782 721/950/785 692/939/774 695/938/773
f 728/920/757 722/919/756 721/950/785 727/947/782
f 723/918/755 729/917/754 661/884/721 688/883/720
f 730/949/784 724/960/795 693/946/781 696/940/775
f 731/924/761 725/923/760 724/960/795 730/949/784
f 726/922/759 732/921/758 662/888/725 663/887/724
f 729/917/754 720/914/751 687/879/716 661/884/721
f 728/920/757 719/915/752 720/914/751 729/917/754
f 718/948/783 727/947/782 695/938/773 691/937/772
f 732/921/758 723/918/755 688/883/720 662/888/725
f 731/924/761 722/919/756 723/918/755 732/921/758
f 721/950/785 730/949/784 696/940/775 692/939/774
f 734/953/788 733/952/787 649/961/796 650/962/797
f 735/955/790 737/954/789 682/963/798 651/964/799
f 736/958/793 738/957/792 683/965/800 652/966/801
f 737/954/789 734/953/788 650/962/797 682/963/798
f 738/957/792 735/955/790 651/964/799 683/965/800
f 739/912/749 638/967/802 676/932/803 684/909/746
f 740/911/748 677/968/804 638/967/802 739/912/749
f 654/935/770 639/934/805 677/968/804 740/911/748
s 29
f 565/800/636 580/806/642 549/805/641 566/797/633
f 570/801/806 550/831/668 535/832/701
s 30
f 654/935/770 674/905/807 639/934/805
f 669/902/808 684/909/746 676/932/803
