# This file uses centimeters as units for non-parametric coordinates.

g default
v -42.031162 0.501540 0.072444
v -41.883396 0.501540 0.072444
v -42.031162 2.272866 0.072444
v -41.883396 2.272866 0.072444
v -42.031162 2.272866 -0.072938
v -41.883396 2.272866 -0.072938
v -42.031162 0.501540 -0.072938
v -41.883396 0.501540 -0.072938
v -39.898674 2.245776 0.079311
v -39.753460 2.407505 0.079311
v -42.147137 2.245776 0.079311
v -42.292358 2.407505 0.079311
v -42.147137 2.245776 -0.079806
v -42.292358 2.407505 -0.079806
v -39.898674 2.245776 -0.079806
v -39.753460 2.407505 -0.079806
v -40.153217 0.501540 0.072444
v -40.005451 0.501540 0.072444
v -40.153217 2.272866 0.072444
v -40.005451 2.272866 0.072444
v -40.153217 2.272866 -0.072938
v -40.005451 2.272866 -0.072938
v -40.153217 0.501540 -0.072938
v -40.005451 0.501540 -0.072938
v -40.377811 2.673284 0.072444
v -40.525578 2.673284 0.072444
v -40.525578 2.673284 -0.072938
v -40.377811 2.673284 -0.072938
v -40.377811 2.373383 0.072444
v -40.525578 2.373383 0.072444
v -40.525578 2.373383 -0.072938
v -40.377811 2.373383 -0.072938
v -41.522633 2.673284 0.072444
v -41.670399 2.673284 0.072444
v -41.670399 2.673284 -0.072938
v -41.522633 2.673284 -0.072938
v -41.522633 2.373383 0.072444
v -41.670399 2.373383 0.072444
v -41.670399 2.373383 -0.072938
v -41.522633 2.373383 -0.072938
v -40.226845 2.651294 0.079311
v -40.081619 2.813023 0.079311
v -41.816666 2.651294 0.079311
v -41.961884 2.813023 0.079311
v -41.816666 2.651294 -0.079806
v -41.961884 2.813023 -0.079806
v -40.226845 2.651294 -0.079806
v -40.081619 2.813023 -0.079806
v -41.226208 2.042091 0.032734
v -41.408295 1.949312 0.032734
v -41.552803 1.804804 0.032734
v -41.645580 1.622714 0.032734
v -41.645580 1.219016 0.032734
v -41.552803 1.036926 0.032734
v -41.408295 0.892418 0.032734
v -41.226208 0.799638 0.032734
v -41.024353 0.767669 0.032734
v -40.822506 0.799638 0.032734
v -40.640419 0.892418 0.032734
v -40.495907 1.036926 0.032734
v -40.403130 1.219016 0.032734
v -40.371162 1.420865 0.032734
v -40.403130 1.622713 0.032734
v -40.495907 1.804803 0.032734
v -40.640419 1.949311 0.032734
v -40.822506 2.042091 0.032734
v -41.024353 2.074061 0.032734
v -41.226208 2.042091 -0.032135
v -41.408295 1.949312 -0.032135
v -41.552803 1.804804 -0.032135
v -41.645580 1.622714 -0.032135
v -41.645580 1.219016 -0.032135
v -41.552803 1.036926 -0.032135
v -41.408295 0.892418 -0.032135
v -41.226208 0.799638 -0.032135
v -41.024353 0.767669 -0.032135
v -40.822506 0.799638 -0.032135
v -40.640419 0.892418 -0.032135
v -40.495907 1.036926 -0.032135
v -40.403130 1.219016 -0.032135
v -40.371162 1.420865 -0.032135
v -40.403130 1.622713 -0.032135
v -40.495907 1.804803 -0.032135
v -40.640419 1.949311 -0.032135
v -40.822506 2.042091 -0.032135
v -41.024353 2.074061 -0.032135
v -41.674652 1.424255 0.032734
v -41.674652 1.424255 -0.032135
v -40.392487 1.625711 0.048133
v -40.486664 1.810544 0.048133
v -40.633343 1.957228 0.048133
v -40.818176 2.051404 0.048133
v -41.023064 2.083856 0.048133
v -41.227955 2.051404 0.048133
v -41.412788 1.957227 0.048133
v -41.559471 1.810544 0.048133
v -41.653645 1.625711 0.048133
v -41.686096 1.420823 0.048133
v -41.653645 1.215935 0.048133
v -41.559471 1.031102 0.048133
v -41.412788 0.884418 0.048133
v -41.227955 0.790241 0.048133
v -41.023064 0.757790 0.048133
v -40.818176 0.790241 0.048133
v -40.633343 0.884418 0.048133
v -40.486660 1.031102 0.048133
v -40.392483 1.215935 0.048133
v -40.360031 1.420823 0.048133
v -40.838295 1.480857 0.117269
v -40.865891 1.535015 0.117269
v -40.908875 1.577995 0.117269
v -40.963032 1.605589 0.117269
v -41.023064 1.615098 0.117269
v -41.083099 1.605589 0.117269
v -41.137257 1.577995 0.117269
v -41.180237 1.535015 0.117269
v -41.207832 1.480857 0.117269
v -41.217342 1.420823 0.117269
v -41.207832 1.360788 0.117269
v -41.180237 1.306631 0.117269
v -41.137253 1.263651 0.117269
v -41.083099 1.236056 0.117269
v -41.023064 1.226547 0.117269
v -40.963032 1.236056 0.117269
v -40.908875 1.263651 0.117269
v -40.865891 1.306631 0.117269
v -40.838295 1.360788 0.117269
v -40.828789 1.420823 0.117269
v -40.912270 1.456822 0.149585
v -40.928818 1.489298 0.149585
v -40.954590 1.515071 0.149585
v -40.987064 1.531618 0.149585
v -41.023064 1.537319 0.149585
v -41.059063 1.531618 0.149585
v -41.091541 1.515070 0.149585
v -41.117313 1.489298 0.149585
v -41.133858 1.456822 0.149585
v -41.139561 1.420823 0.149585
v -41.133858 1.384823 0.149585
v -41.117313 1.352348 0.149585
v -41.091541 1.326575 0.149585
v -41.059063 1.310028 0.149585
v -41.023064 1.304326 0.149585
v -40.987064 1.310028 0.149585
v -40.954590 1.326575 0.149585
v -40.928818 1.352348 0.149585
v -40.912273 1.384823 0.149585
v -40.906570 1.420823 0.149585
v -40.944828 1.446243 0.154976
v -40.956512 1.469176 0.154976
v -40.974712 1.487375 0.154976
v -40.997643 1.499059 0.154976
v -41.023064 1.503086 0.154976
v -41.048485 1.499059 0.154976
v -41.071419 1.487375 0.154976
v -41.089615 1.469176 0.154976
v -41.101303 1.446243 0.154976
v -41.105324 1.420823 0.154976
v -41.101303 1.395402 0.154976
v -41.089615 1.372470 0.154976
v -41.071419 1.354271 0.154976
v -41.048485 1.342586 0.154976
v -41.023064 1.338560 0.154976
v -40.997643 1.342586 0.154976
v -40.974712 1.354271 0.154976
v -40.956512 1.372470 0.154976
v -40.944828 1.395402 0.154976
v -40.940804 1.420823 0.154976
v -40.969437 1.438246 0.180718
v -40.977448 1.453965 0.180718
v -41.023064 1.420823 0.202847
v -40.989922 1.466439 0.180718
v -41.005638 1.474448 0.180718
v -41.023064 1.477207 0.180718
v -41.040489 1.474448 0.180718
v -41.056206 1.466439 0.180718
v -41.068684 1.453965 0.180718
v -41.076691 1.438246 0.180718
v -41.079453 1.420823 0.180718
v -41.076691 1.403399 0.180718
v -41.068684 1.387681 0.180718
v -41.056206 1.375206 0.180718
v -41.040489 1.367198 0.180718
v -41.023064 1.364438 0.180718
v -41.005638 1.367198 0.180718
v -40.989922 1.375206 0.180718
v -40.977448 1.387681 0.180718
v -40.969437 1.403399 0.180718
v -40.966679 1.420823 0.180718
v -40.392487 1.625711 0.028762
v -40.486664 1.810544 0.028762
v -40.633343 1.957228 0.028762
v -40.818176 2.051404 0.028762
v -41.023064 2.083856 0.028762
v -41.227955 2.051404 0.028762
v -41.412788 1.957228 0.028762
v -41.559471 1.810544 0.028762
v -41.653645 1.625711 0.028762
v -41.686096 1.420823 0.028762
v -41.653645 1.215935 0.028762
v -41.559471 1.031102 0.028762
v -41.412788 0.884418 0.028762
v -41.227955 0.790241 0.028762
v -41.023064 0.757790 0.028762
v -40.818176 0.790241 0.028762
v -40.633343 0.884418 0.028762
v -40.486660 1.031102 0.028762
v -40.392483 1.215935 0.028762
v -40.360031 1.420823 0.028762
v -40.413502 1.618881 0.028762
v -40.504539 1.797553 0.028762
v -40.646332 1.939348 0.028762
v -40.825005 2.030385 0.028762
v -41.023064 2.061754 0.028762
v -41.221123 2.030385 0.028762
v -41.399796 1.939347 0.028762
v -41.541592 1.797553 0.028762
v -41.632626 1.618881 0.028762
v -41.663994 1.420823 0.028762
v -41.632626 1.222764 0.028762
v -41.541592 1.044093 0.028762
v -41.399796 0.902298 0.028762
v -41.221127 0.811261 0.028762
v -41.023064 0.779891 0.028762
v -40.825005 0.811261 0.028762
v -40.646336 0.902298 0.028762
v -40.504539 1.044093 0.028762
v -40.413506 1.222764 0.028762
v -40.382130 1.420823 0.028762
v -40.651588 1.932116 0.055484
v -40.511772 1.792298 0.055484
v -40.422005 1.616119 0.055484
v -40.391071 1.420823 0.055484
v -40.422005 1.225527 0.055484
v -40.511772 1.049347 0.055484
v -40.651588 0.909530 0.055484
v -40.827770 0.819763 0.055484
v -41.023064 0.788831 0.055484
v -41.218361 0.819763 0.055484
v -41.394543 0.909530 0.055484
v -41.534355 1.049347 0.055484
v -41.624123 1.225527 0.055484
v -41.655056 1.420823 0.055484
v -41.624123 1.616119 0.055484
v -41.534355 1.792298 0.055484
v -41.394543 1.932115 0.055484
v -41.218361 2.021883 0.055484
v -41.023064 2.052815 0.055484
v -40.827770 2.021883 0.055484
v -40.711655 1.849439 0.079685
v -40.594448 1.732231 0.079685
v -40.519196 1.584540 0.079685
v -40.493267 1.420823 0.079685
v -40.519196 1.257106 0.079685
v -40.594448 1.109415 0.079685
v -40.711658 0.992207 0.079685
v -40.859344 0.916954 0.079685
v -41.023064 0.891024 0.079685
v -41.186783 0.916954 0.079685
v -41.334473 0.992207 0.079685
v -41.451683 1.109415 0.079685
v -41.526932 1.257106 0.079685
v -41.552864 1.420823 0.079685
v -41.526932 1.584540 0.079685
v -41.451683 1.732231 0.079685
v -41.334473 1.849439 0.079685
v -41.186783 1.924691 0.079685
v -41.023064 1.950622 0.079685
v -40.859344 1.924692 0.079685
v -40.769310 1.770090 0.093500
v -40.673798 1.674580 0.093500
v -40.612480 1.554231 0.093500
v -40.591347 1.420823 0.093500
v -40.612476 1.287415 0.093500
v -40.673798 1.167066 0.093500
v -40.769310 1.071556 0.093500
v -40.889656 1.010235 0.093500
v -41.023064 0.989105 0.093500
v -41.156471 1.010235 0.093500
v -41.276821 1.071556 0.093500
v -41.372330 1.167066 0.093500
v -41.433651 1.287415 0.093500
v -41.454784 1.420823 0.093500
v -41.433651 1.554231 0.093500
v -41.372330 1.674580 0.093500
v -41.276821 1.770090 0.093500
v -41.156471 1.831410 0.093500
v -41.023064 1.852540 0.093500
v -40.889656 1.831410 0.093500
v -40.764271 1.608848 0.102230
v -40.718834 1.519673 0.102230
v -40.703178 1.420823 0.102230
v -40.718834 1.321972 0.102230
v -40.764275 1.232798 0.102230
v -40.835037 1.162029 0.102230
v -40.924213 1.116592 0.102230
v -41.023064 1.100936 0.102230
v -41.121918 1.116592 0.102230
v -41.211090 1.162029 0.102230
v -41.281857 1.232798 0.102230
v -41.327293 1.321972 0.102230
v -41.342949 1.420823 0.102230
v -41.327293 1.519673 0.102230
v -41.281857 1.608848 0.102230
v -41.211090 1.679617 0.102230
v -41.121918 1.725054 0.102230
v -41.023064 1.740710 0.102230
v -40.924213 1.725054 0.102230
v -40.835037 1.679617 0.102230
v -40.708633 1.853602 0.071186
v -40.590286 1.735256 0.071186
v -40.514301 1.586130 0.071186
v -40.488121 1.420823 0.071186
v -40.514301 1.255516 0.071186
v -40.590286 1.106390 0.071186
v -40.708630 0.988043 0.071186
v -40.857758 0.912060 0.071186
v -41.023064 0.885878 0.071186
v -41.188374 0.912060 0.071186
v -41.337498 0.988043 0.071186
v -41.455841 1.106390 0.071186
v -41.531826 1.255516 0.071186
v -41.558010 1.420823 0.071186
v -41.531826 1.586130 0.071186
v -41.455841 1.735256 0.071186
v -41.337498 1.853602 0.071186
v -41.188370 1.929586 0.071186
v -41.023064 1.955768 0.071186
v -40.857758 1.929586 0.071186
v -40.760693 1.611446 0.092485
v -40.714630 1.521039 0.092485
v -40.698757 1.420823 0.092485
v -40.714630 1.320606 0.092485
v -40.760696 1.230200 0.092485
v -40.832443 1.158453 0.092485
v -40.922848 1.112388 0.092485
v -41.023064 1.096516 0.092485
v -41.123283 1.112388 0.092485
v -41.213688 1.158453 0.092485
v -41.285435 1.230200 0.092485
v -41.331497 1.320606 0.092485
v -41.347370 1.420823 0.092485
v -41.331497 1.521039 0.092485
v -41.285435 1.611446 0.092485
v -41.213688 1.683193 0.092485
v -41.123283 1.729257 0.092485
v -41.023064 1.745130 0.092485
v -40.922848 1.729257 0.092485
v -40.832443 1.683193 0.092485
v -40.677307 1.672030 0.084440
v -40.616604 1.552890 0.084440
v -40.595684 1.420823 0.084440
v -40.616604 1.288755 0.084440
v -40.677311 1.169616 0.084440
v -40.771858 1.075066 0.084440
v -40.890999 1.014361 0.084440
v -41.023064 0.993444 0.084440
v -41.155132 1.014361 0.084440
v -41.274269 1.075066 0.084440
v -41.368820 1.169616 0.084440
v -41.429527 1.288755 0.084440
v -41.450447 1.420823 0.084440
v -41.429527 1.552890 0.084440
v -41.368820 1.672030 0.084440
v -41.274269 1.766580 0.084440
v -41.155132 1.827285 0.084440
v -41.023064 1.848202 0.084440
v -40.890999 1.827285 0.084440
v -40.771858 1.766580 0.084440
v -40.516129 1.789131 0.049479
v -40.427128 1.614454 0.049479
v -40.396461 1.420823 0.049479
v -40.427132 1.227192 0.049479
v -40.516132 1.052515 0.049479
v -40.654758 0.913890 0.049479
v -40.829433 0.824888 0.049479
v -41.023064 0.794220 0.049479
v -41.216694 0.824888 0.049479
v -41.391373 0.913890 0.049479
v -41.529995 1.052515 0.049479
v -41.618999 1.227192 0.049479
v -41.649670 1.420823 0.049479
v -41.618999 1.614454 0.049479
v -41.529995 1.789131 0.049479
v -41.391373 1.927755 0.049479
v -41.216698 2.016757 0.049479
v -41.023064 2.047426 0.049479
v -40.829433 2.016757 0.049479
v -40.654755 1.927755 0.049479
v -40.392487 1.625711 -0.048133
v -40.486664 1.810544 -0.048133
v -40.633343 1.957228 -0.048133
v -40.818176 2.051404 -0.048133
v -41.023064 2.083856 -0.048133
v -41.227955 2.051404 -0.048133
v -41.412788 1.957227 -0.048133
v -41.559471 1.810544 -0.048133
v -41.653645 1.625711 -0.048133
v -41.686096 1.420823 -0.048133
v -41.653645 1.215935 -0.048133
v -41.559471 1.031102 -0.048133
v -41.412788 0.884418 -0.048133
v -41.227955 0.790241 -0.048133
v -41.023064 0.757790 -0.048133
v -40.818176 0.790241 -0.048133
v -40.633343 0.884418 -0.048133
v -40.486660 1.031102 -0.048133
v -40.392483 1.215935 -0.048133
v -40.360031 1.420823 -0.048133
v -40.838295 1.480857 -0.117269
v -40.865891 1.535015 -0.117269
v -40.908875 1.577995 -0.117269
v -40.963032 1.605589 -0.117269
v -41.023064 1.615098 -0.117269
v -41.083099 1.605589 -0.117269
v -41.137257 1.577995 -0.117269
v -41.180237 1.535015 -0.117269
v -41.207832 1.480857 -0.117269
v -41.217342 1.420823 -0.117269
v -41.207832 1.360788 -0.117269
v -41.180237 1.306631 -0.117269
v -41.137253 1.263651 -0.117269
v -41.083099 1.236056 -0.117269
v -41.023064 1.226547 -0.117269
v -40.963032 1.236056 -0.117269
v -40.908875 1.263651 -0.117269
v -40.865891 1.306631 -0.117269
v -40.838295 1.360788 -0.117269
v -40.828789 1.420823 -0.117269
v -40.912270 1.456822 -0.149584
v -40.928818 1.489298 -0.149584
v -40.954590 1.515071 -0.149584
v -40.987064 1.531618 -0.149584
v -41.023064 1.537319 -0.149584
v -41.059063 1.531618 -0.149584
v -41.091541 1.515070 -0.149584
v -41.117313 1.489298 -0.149584
v -41.133858 1.456822 -0.149584
v -41.139561 1.420823 -0.149584
v -41.133858 1.384823 -0.149584
v -41.117313 1.352348 -0.149584
v -41.091541 1.326575 -0.149584
v -41.059063 1.310028 -0.149584
v -41.023064 1.304326 -0.149584
v -40.987064 1.310028 -0.149584
v -40.954590 1.326575 -0.149584
v -40.928818 1.352348 -0.149584
v -40.912273 1.384823 -0.149584
v -40.906570 1.420823 -0.149584
v -40.944828 1.446243 -0.154976
v -40.956512 1.469176 -0.154976
v -40.974712 1.487375 -0.154976
v -40.997643 1.499059 -0.154976
v -41.023064 1.503086 -0.154976
v -41.048485 1.499059 -0.154976
v -41.071419 1.487375 -0.154976
v -41.089615 1.469176 -0.154976
v -41.101303 1.446243 -0.154976
v -41.105324 1.420823 -0.154976
v -41.101303 1.395402 -0.154976
v -41.089615 1.372470 -0.154976
v -41.071419 1.354271 -0.154976
v -41.048485 1.342586 -0.154976
v -41.023064 1.338560 -0.154976
v -40.997643 1.342586 -0.154976
v -40.974712 1.354271 -0.154976
v -40.956512 1.372470 -0.154976
v -40.944828 1.395402 -0.154976
v -40.940804 1.420823 -0.154976
v -40.969437 1.438246 -0.180718
v -40.977448 1.453965 -0.180718
v -41.023064 1.420823 -0.202848
v -40.989922 1.466439 -0.180718
v -41.005638 1.474448 -0.180718
v -41.023064 1.477207 -0.180718
v -41.040489 1.474448 -0.180718
v -41.056206 1.466439 -0.180718
v -41.068684 1.453965 -0.180718
v -41.076691 1.438246 -0.180718
v -41.079453 1.420823 -0.180718
v -41.076691 1.403399 -0.180718
v -41.068684 1.387681 -0.180718
v -41.056206 1.375206 -0.180718
v -41.040489 1.367198 -0.180718
v -41.023064 1.364438 -0.180718
v -41.005638 1.367198 -0.180718
v -40.989922 1.375206 -0.180718
v -40.977448 1.387681 -0.180718
v -40.969437 1.403399 -0.180718
v -40.966679 1.420823 -0.180718
v -40.392487 1.625711 -0.028762
v -40.486664 1.810544 -0.028762
v -40.633343 1.957228 -0.028762
v -40.818176 2.051404 -0.028762
v -41.023064 2.083856 -0.028762
v -41.227955 2.051404 -0.028762
v -41.412788 1.957228 -0.028762
v -41.559471 1.810544 -0.028762
v -41.653645 1.625711 -0.028762
v -41.686096 1.420823 -0.028762
v -41.653645 1.215935 -0.028762
v -41.559471 1.031102 -0.028762
v -41.412788 0.884418 -0.028762
v -41.227955 0.790241 -0.028762
v -41.023064 0.757790 -0.028762
v -40.818176 0.790241 -0.028762
v -40.633343 0.884418 -0.028762
v -40.486660 1.031102 -0.028762
v -40.392483 1.215935 -0.028762
v -40.360031 1.420823 -0.028762
v -40.413502 1.618881 -0.028762
v -40.504539 1.797553 -0.028762
v -40.646332 1.939348 -0.028762
v -40.825005 2.030385 -0.028762
v -41.023064 2.061754 -0.028762
v -41.221123 2.030385 -0.028762
v -41.399796 1.939347 -0.028762
v -41.541592 1.797553 -0.028762
v -41.632626 1.618881 -0.028762
v -41.663994 1.420823 -0.028762
v -41.632626 1.222764 -0.028762
v -41.541592 1.044093 -0.028762
v -41.399796 0.902298 -0.028762
v -41.221127 0.811261 -0.028762
v -41.023064 0.779891 -0.028762
v -40.825005 0.811261 -0.028762
v -40.646336 0.902298 -0.028762
v -40.504539 1.044093 -0.028762
v -40.413506 1.222764 -0.028762
v -40.382130 1.420823 -0.028762
v -40.651588 1.932116 -0.055484
v -40.511772 1.792298 -0.055484
v -40.422005 1.616119 -0.055484
v -40.391071 1.420823 -0.055484
v -40.422005 1.225527 -0.055484
v -40.511772 1.049347 -0.055484
v -40.651588 0.909530 -0.055484
v -40.827770 0.819763 -0.055484
v -41.023064 0.788831 -0.055484
v -41.218361 0.819763 -0.055484
v -41.394543 0.909530 -0.055484
v -41.534355 1.049347 -0.055484
v -41.624123 1.225527 -0.055484
v -41.655056 1.420823 -0.055484
v -41.624123 1.616119 -0.055484
v -41.534355 1.792298 -0.055484
v -41.394543 1.932115 -0.055484
v -41.218361 2.021883 -0.055484
v -41.023064 2.052815 -0.055484
v -40.827770 2.021883 -0.055484
v -40.711655 1.849439 -0.079686
v -40.594448 1.732231 -0.079686
v -40.519196 1.584540 -0.079686
v -40.493267 1.420823 -0.079686
v -40.519196 1.257106 -0.079686
v -40.594448 1.109415 -0.079686
v -40.711658 0.992207 -0.079686
v -40.859344 0.916954 -0.079686
v -41.023064 0.891024 -0.079686
v -41.186783 0.916954 -0.079686
v -41.334473 0.992207 -0.079686
v -41.451683 1.109415 -0.079686
v -41.526932 1.257106 -0.079686
v -41.552864 1.420823 -0.079686
v -41.526932 1.584540 -0.079686
v -41.451683 1.732231 -0.079686
v -41.334473 1.849439 -0.079686
v -41.186783 1.924691 -0.079686
v -41.023064 1.950622 -0.079686
v -40.859344 1.924692 -0.079686
v -40.769310 1.770090 -0.093500
v -40.673798 1.674580 -0.093500
v -40.612480 1.554231 -0.093500
v -40.591347 1.420823 -0.093500
v -40.612476 1.287415 -0.093500
v -40.673798 1.167066 -0.093500
v -40.769310 1.071556 -0.093500
v -40.889656 1.010235 -0.093500
v -41.023064 0.989105 -0.093500
v -41.156471 1.010235 -0.093500
v -41.276821 1.071556 -0.093500
v -41.372330 1.167066 -0.093500
v -41.433651 1.287415 -0.093500
v -41.454784 1.420823 -0.093500
v -41.433651 1.554231 -0.093500
v -41.372330 1.674580 -0.093500
v -41.276821 1.770090 -0.093500
v -41.156471 1.831410 -0.093500
v -41.023064 1.852540 -0.093500
v -40.889656 1.831410 -0.093500
v -40.764271 1.608848 -0.102229
v -40.718834 1.519673 -0.102229
v -40.703178 1.420823 -0.102229
v -40.718834 1.321972 -0.102229
v -40.764275 1.232798 -0.102229
v -40.835037 1.162029 -0.102229
v -40.924213 1.116592 -0.102229
v -41.023064 1.100936 -0.102229
v -41.121918 1.116592 -0.102229
v -41.211090 1.162029 -0.102229
v -41.281857 1.232798 -0.102229
v -41.327293 1.321972 -0.102229
v -41.342949 1.420823 -0.102229
v -41.327293 1.519673 -0.102229
v -41.281857 1.608848 -0.102229
v -41.211090 1.679617 -0.102229
v -41.121918 1.725054 -0.102229
v -41.023064 1.740710 -0.102229
v -40.924213 1.725054 -0.102229
v -40.835037 1.679617 -0.102229
v -40.708633 1.853602 -0.071185
v -40.590286 1.735256 -0.071185
v -40.514301 1.586130 -0.071185
v -40.488121 1.420823 -0.071185
v -40.514301 1.255516 -0.071185
v -40.590286 1.106390 -0.071185
v -40.708630 0.988043 -0.071185
v -40.857758 0.912060 -0.071185
v -41.023064 0.885878 -0.071185
v -41.188374 0.912060 -0.071185
v -41.337498 0.988043 -0.071185
v -41.455841 1.106390 -0.071185
v -41.531826 1.255516 -0.071185
v -41.558010 1.420823 -0.071185
v -41.531826 1.586130 -0.071185
v -41.455841 1.735256 -0.071185
v -41.337498 1.853602 -0.071185
v -41.188370 1.929586 -0.071185
v -41.023064 1.955768 -0.071185
v -40.857758 1.929586 -0.071185
v -40.760693 1.611446 -0.092486
v -40.714630 1.521039 -0.092486
v -40.698757 1.420823 -0.092486
v -40.714630 1.320606 -0.092486
v -40.760696 1.230200 -0.092486
v -40.832443 1.158453 -0.092486
v -40.922848 1.112388 -0.092486
v -41.023064 1.096516 -0.092486
v -41.123283 1.112388 -0.092486
v -41.213688 1.158453 -0.092486
v -41.285435 1.230200 -0.092486
v -41.331497 1.320606 -0.092486
v -41.347370 1.420823 -0.092486
v -41.331497 1.521039 -0.092486
v -41.285435 1.611446 -0.092486
v -41.213688 1.683193 -0.092486
v -41.123283 1.729257 -0.092486
v -41.023064 1.745130 -0.092486
v -40.922848 1.729257 -0.092486
v -40.832443 1.683193 -0.092486
v -40.677307 1.672030 -0.084440
v -40.616604 1.552890 -0.084440
v -40.595684 1.420823 -0.084440
v -40.616604 1.288755 -0.084440
v -40.677311 1.169616 -0.084440
v -40.771858 1.075066 -0.084440
v -40.890999 1.014361 -0.084440
v -41.023064 0.993444 -0.084440
v -41.155132 1.014361 -0.084440
v -41.274269 1.075066 -0.084440
v -41.368820 1.169616 -0.084440
v -41.429527 1.288755 -0.084440
v -41.450447 1.420823 -0.084440
v -41.429527 1.552890 -0.084440
v -41.368820 1.672030 -0.084440
v -41.274269 1.766580 -0.084440
v -41.155132 1.827285 -0.084440
v -41.023064 1.848202 -0.084440
v -40.890999 1.827285 -0.084440
v -40.771858 1.766580 -0.084440
v -40.516129 1.789131 -0.049479
v -40.427128 1.614454 -0.049479
v -40.396461 1.420823 -0.049479
v -40.427132 1.227192 -0.049479
v -40.516132 1.052515 -0.049479
v -40.654758 0.913890 -0.049479
v -40.829433 0.824888 -0.049479
v -41.023064 0.794220 -0.049479
v -41.216694 0.824888 -0.049479
v -41.391373 0.913890 -0.049479
v -41.529995 1.052515 -0.049479
v -41.618999 1.227192 -0.049479
v -41.649670 1.420823 -0.049479
v -41.618999 1.614454 -0.049479
v -41.529995 1.789131 -0.049479
v -41.391373 1.927755 -0.049479
v -41.216698 2.016757 -0.049479
v -41.023064 2.047426 -0.049479
v -40.829433 2.016757 -0.049479
v -40.654755 1.927755 -0.049479
v -40.482178 2.261430 0.083574
v -40.739948 1.890225 0.070651
v -40.756012 1.869723 0.052953
v -40.756096 1.869599 -0.050456
v -40.740295 1.889723 -0.069785
v -40.485920 2.256057 -0.083878
v -40.386154 2.403816 -0.082417
v -40.375458 2.417541 -0.053041
v -40.375374 2.417665 0.052564
v -40.385792 2.404317 0.081972
v -40.468361 2.257263 0.092975
v -40.737076 1.869429 0.082379
v -40.753250 1.848712 0.064810
v -40.753345 1.848582 -0.062314
v -40.737419 1.868928 -0.081514
v -40.472290 2.251629 -0.093326
v -40.367203 2.406821 -0.092552
v -40.356148 2.421003 -0.063334
v -40.356052 2.421134 0.062855
v -40.366844 2.407314 0.092084
v -40.723358 1.872917 0.071602
v -40.463501 2.248018 0.084338
v -40.366165 2.392499 0.082789
v -40.355747 2.405903 0.053420
v -40.355835 2.405777 -0.053896
v -40.366531 2.391996 -0.083236
v -40.467281 2.242579 -0.084646
v -40.723709 1.872416 -0.070737
v -40.739685 1.851985 -0.051573
v -40.739597 1.852111 0.054070
v -40.726658 1.889984 0.062396
v -40.475334 2.252050 0.076953
v -40.382080 2.390827 0.074848
v -40.371948 2.403868 0.045323
v -40.372032 2.403748 -0.045799
v -40.382450 2.390319 -0.075279
v -40.478966 2.246819 -0.077223
v -40.727005 1.889481 -0.061531
v -40.742764 1.869398 -0.042163
v -40.742683 1.869518 0.044662
v -41.563637 2.261430 0.083574
v -41.305866 1.890225 0.070651
v -41.289803 1.869723 0.052953
v -41.289719 1.869599 -0.050456
v -41.305515 1.889723 -0.069785
v -41.559895 2.256057 -0.083878
v -41.659657 2.403816 -0.082417
v -41.670357 2.417541 -0.053041
v -41.670441 2.417665 0.052564
v -41.660023 2.404317 0.081972
v -41.577454 2.257263 0.092975
v -41.308739 1.869429 0.082379
v -41.292557 1.848712 0.064810
v -41.292469 1.848582 -0.062314
v -41.308395 1.868928 -0.081514
v -41.573524 2.251629 -0.093326
v -41.678612 2.406821 -0.092552
v -41.689667 2.421003 -0.063334
v -41.689762 2.421134 0.062855
v -41.678970 2.407314 0.092084
v -41.322456 1.872917 0.071602
v -41.582314 2.248018 0.084338
v -41.679649 2.392499 0.082789
v -41.690067 2.405903 0.053420
v -41.689980 2.405777 -0.053896
v -41.679283 2.391996 -0.083236
v -41.578533 2.242579 -0.084646
v -41.322105 1.872416 -0.070737
v -41.306129 1.851985 -0.051573
v -41.306213 1.852111 0.054070
v -41.319157 1.889984 0.062396
v -41.570480 2.252050 0.076953
v -41.663734 2.390827 0.074848
v -41.673866 2.403868 0.045323
v -41.673782 2.403748 -0.045799
v -41.663364 2.390319 -0.075279
v -41.566849 2.246819 -0.077223
v -41.318810 1.889481 -0.061531
v -41.303051 1.869398 -0.042163
v -41.303131 1.869518 0.044662
vt -0.167550 0.992903
vt -0.167550 0.836241
vt 1.280636 0.981096
vt 1.280636 0.992903
vt 1.294753 0.837702
vt 1.410014 0.837702
vt 1.410014 0.984542
vt 1.294753 0.984542
vt 1.280636 0.992704
vt 1.280636 0.836042
vt -0.167550 0.836042
vt -0.167550 0.992704
vt 1.295494 0.844804
vt 1.409272 0.844804
vt 1.409272 0.989754
vt 1.295494 0.989754
vt -0.800147 0.992903
vt -0.911690 0.836241
vt 1.913719 0.981096
vt 1.802176 0.992903
vt 1.872895 0.837702
vt 2.284750 0.837702
vt 2.284750 0.984542
vt 1.872895 0.984542
vt 1.802176 0.992704
vt 1.913719 0.836042
vt -0.911690 0.836042
vt -0.800147 0.992704
vt 1.874273 0.844804
vt 2.283372 0.844804
vt 2.283372 0.989754
vt 1.874273 0.989754
vt -0.167550 0.992903
vt -0.167550 0.836241
vt 1.280636 0.981096
vt 1.280636 0.992903
vt 1.294753 0.837702
vt 1.410014 0.837702
vt 1.410014 0.984542
vt 1.294753 0.984542
vt 1.280636 0.992704
vt 1.280636 0.836042
vt -0.167550 0.836042
vt -0.167550 0.992704
vt 1.295494 0.844804
vt 1.409272 0.844804
vt 1.409272 0.989754
vt 1.295494 0.989754
vt 0.723952 0.992903
vt 0.723952 0.836241
vt 0.969143 0.981096
vt 0.969143 0.992903
vt 0.723952 0.992704
vt 0.969143 0.847849
vt 0.969143 0.836042
vt 0.723952 0.836042
vt 0.723952 0.992903
vt 0.723952 0.836241
vt 0.969143 0.981096
vt 0.969143 0.992903
vt 0.723952 0.992704
vt 0.969143 0.847849
vt 0.969143 0.836042
vt 0.723952 0.836042
vt -0.022150 0.992877
vt -0.191158 0.836242
vt 1.913719 0.981096
vt 1.802176 0.992903
vt 1.872895 0.837702
vt 2.284750 0.837702
vt 2.284750 0.984542
vt 1.872895 0.984542
vt 1.802176 0.992704
vt 1.913719 0.836042
vt -0.191158 0.836069
vt -0.022150 0.992704
vt 1.131989 0.844833
vt 1.540990 0.844833
vt 1.540990 0.989725
vt 1.131989 0.989725
vt -0.191158 0.836069
vt -0.191158 0.981097
vt -0.022150 0.847849
vt -0.022150 0.992877
vt 1.913719 0.836042
vt 1.802176 0.847849
vt 1.913719 0.836241
vt 1.802176 0.992903
vt 0.723952 0.836042
vt 0.723952 0.981096
vt 0.723952 0.847849
vt 0.723952 0.992903
vt 0.969143 0.992903
vt 0.969143 0.836241
vt 0.969143 0.836042
vt 0.969143 0.992704
vt 0.723952 0.836042
vt 0.723952 0.981096
vt 0.723952 0.847849
vt 0.723952 0.992903
vt 0.969143 0.992903
vt 0.969143 0.836241
vt 0.969143 0.836042
vt 0.969143 0.992704
vt -0.167550 0.836042
vt -0.167550 0.981096
vt -0.167550 0.847849
vt -0.167550 0.992903
vt 1.280636 0.836042
vt 1.280636 0.847849
vt 1.280636 0.836241
vt 1.280636 0.992903
vt -0.911690 0.836042
vt -0.911690 0.981096
vt -0.800147 0.847849
vt -0.800147 0.992903
vt 1.913719 0.836042
vt 1.802176 0.847849
vt 1.913719 0.836241
vt 1.802176 0.992903
vt -0.167550 0.836042
vt -0.167550 0.981096
vt -0.167550 0.847849
vt -0.167550 0.992903
vt 1.280636 0.836042
vt 1.280636 0.847849
vt 1.280636 0.836241
vt 1.280636 0.992903
vt 0.955617 0.599643
vt 0.955609 0.748376
vt 0.866871 0.748374
vt 0.866879 0.599639
vt 0.955629 0.450340
vt 0.866891 0.450334
vt 0.955644 0.301097
vt 0.866907 0.301090
vt 0.955694 0.300175
vt 0.955679 0.150931
vt 0.866941 0.150939
vt 0.866956 0.300181
vt 0.955707 0.449480
vt 0.866969 0.449484
vt 0.955715 0.598868
vt 0.866977 0.598870
vt 0.955718 0.750552
vt 0.866979 0.750552
vt 0.955715 0.600963
vt 0.866977 0.600965
vt 0.955707 0.451275
vt 0.866969 0.451279
vt 0.955694 0.301503
vt 0.866956 0.301510
vt 0.955679 0.151671
vt 0.866941 0.151678
vt 0.955662 0.001807
vt 0.866924 0.001814
vt 0.955645 0.172919
vt 0.866906 0.172912
vt 0.955629 0.151741
vt 0.955645 0.001910
vt 0.866906 0.001903
vt 0.866891 0.151735
vt 0.955617 0.301511
vt 0.866879 0.301506
vt 0.955609 0.451196
vt 0.866871 0.451194
vt 0.955606 0.600783
vt 0.866868 0.600783
vt 0.866923 0.154354
vt 0.955661 0.154362
vt 0.866941 0.002666
vt 0.955679 0.002673
vt 0.449425 0.423127
vt 0.444893 0.431916
vt 0.419414 0.413216
vt 0.437868 0.438874
vt 0.429035 0.443321
vt 0.419262 0.444820
vt 0.409503 0.443226
vt 0.400714 0.438694
vt 0.393756 0.431669
vt 0.389309 0.422836
vt 0.387810 0.413063
vt 0.389404 0.403304
vt 0.393936 0.394515
vt 0.400961 0.387557
vt 0.409793 0.383111
vt 0.419567 0.381611
vt 0.429326 0.383205
vt 0.438115 0.387737
vt 0.445073 0.394762
vt 0.449519 0.403595
vt 0.451019 0.413368
vt 0.789308 0.533398
vt 0.734066 0.641819
vt 0.719031 0.630902
vt 0.771635 0.527661
vt 0.648024 0.727864
vt 0.637098 0.712834
vt 0.539603 0.783108
vt 0.533856 0.765438
vt 0.419418 0.802144
vt 0.419412 0.783563
vt 0.299232 0.783110
vt 0.304969 0.765436
vt 0.190810 0.727867
vt 0.201728 0.712832
vt 0.104766 0.641824
vt 0.119796 0.630899
vt 0.049522 0.533404
vt 0.067193 0.527657
vt 0.030486 0.413219
vt 0.049067 0.413213
vt 0.049520 0.293033
vt 0.067194 0.298770
vt 0.104763 0.184612
vt 0.119798 0.195529
vt 0.190805 0.098568
vt 0.201731 0.113597
vt 0.299226 0.043323
vt 0.304973 0.060994
vt 0.419411 0.024287
vt 0.419417 0.042868
vt 0.539597 0.043322
vt 0.533860 0.060995
vt 0.648018 0.098564
vt 0.637101 0.113600
vt 0.734062 0.184607
vt 0.719033 0.195533
vt 0.789306 0.293027
vt 0.771636 0.298774
vt 0.808343 0.413212
vt 0.789762 0.413218
vt 0.624141 0.561963
vt 0.660087 0.491419
vt 0.713117 0.508648
vt 0.669252 0.594737
vt 0.568156 0.617947
vt 0.600931 0.663056
vt 0.497610 0.653890
vt 0.514842 0.706920
vt 0.419411 0.666274
vt 0.419412 0.722034
vt 0.341211 0.653888
vt 0.323982 0.706918
vt 0.270667 0.617942
vt 0.237894 0.663053
vt 0.214683 0.561957
vt 0.169574 0.594732
vt 0.178740 0.491411
vt 0.125710 0.508643
vt 0.166356 0.413212
vt 0.110597 0.413213
vt 0.178742 0.335012
vt 0.125712 0.317783
vt 0.214688 0.264468
vt 0.169577 0.231695
vt 0.270673 0.208484
vt 0.237898 0.163375
vt 0.341219 0.172541
vt 0.323987 0.119511
vt 0.419418 0.160157
vt 0.419417 0.104398
vt 0.497618 0.172544
vt 0.514847 0.119513
vt 0.568162 0.208489
vt 0.600935 0.163378
vt 0.624146 0.264475
vt 0.669255 0.231699
vt 0.660089 0.335020
vt 0.713119 0.317788
vt 0.672473 0.413219
vt 0.728232 0.413218
vt 0.515499 0.483020
vt 0.532367 0.449911
vt 0.599732 0.471808
vt 0.572801 0.524661
vt 0.489225 0.509295
vt 0.530854 0.566605
vt 0.456119 0.526165
vt 0.478000 0.593535
vt 0.419419 0.531979
vt 0.419411 0.602813
vt 0.382718 0.526168
vt 0.360822 0.593533
vt 0.349610 0.509300
vt 0.307969 0.566601
vt 0.323335 0.483027
vt 0.266025 0.524655
vt 0.306465 0.449919
vt 0.239095 0.471801
vt 0.300651 0.413220
vt 0.229817 0.413212
vt 0.306462 0.376520
vt 0.239097 0.354623
vt 0.323330 0.343412
vt 0.266029 0.301770
vt 0.349603 0.317136
vt 0.307974 0.259826
vt 0.382710 0.300266
vt 0.360829 0.232896
vt 0.419410 0.294452
vt 0.419418 0.223618
vt 0.456110 0.300263
vt 0.478007 0.232898
vt 0.489219 0.317131
vt 0.530860 0.259830
vt 0.515494 0.343405
vt 0.572804 0.301776
vt 0.532364 0.376511
vt 0.599734 0.354630
vt 0.538178 0.413211
vt 0.609012 0.413219
vt 0.477066 0.455099
vt 0.487187 0.435233
vt 0.461302 0.470864
vt 0.441437 0.480987
vt 0.419417 0.484475
vt 0.397396 0.480988
vt 0.377531 0.470867
vt 0.361766 0.455103
vt 0.351643 0.435238
vt 0.348155 0.413218
vt 0.351642 0.391198
vt 0.361763 0.371332
vt 0.377527 0.355567
vt 0.397392 0.345445
vt 0.419412 0.341956
vt 0.441432 0.345443
vt 0.461298 0.355564
vt 0.477063 0.371328
vt 0.487185 0.391193
vt 0.490674 0.413213
vt 0.461419 0.443726
vt 0.468792 0.429253
vt 0.449935 0.455213
vt 0.435463 0.462589
vt 0.419420 0.465132
vt 0.403377 0.462593
vt 0.388904 0.455220
vt 0.377417 0.443736
vt 0.370041 0.429264
vt 0.367498 0.413222
vt 0.370037 0.397178
vt 0.377410 0.382705
vt 0.388894 0.371218
vt 0.403366 0.363842
vt 0.419409 0.361299
vt 0.435452 0.363838
vt 0.449925 0.371211
vt 0.461412 0.382695
vt 0.468788 0.397167
vt 0.471331 0.413210
vt 0.799954 0.536855
vt 0.743123 0.648397
vt 0.654604 0.736918
vt 0.543064 0.793752
vt 0.419420 0.813337
vt 0.295775 0.793755
vt 0.184233 0.736924
vt 0.095713 0.648405
vt 0.038878 0.536865
vt 0.019293 0.413221
vt 0.038875 0.289576
vt 0.095706 0.178035
vt 0.184225 0.089514
vt 0.295765 0.032679
vt 0.419409 0.013094
vt 0.543054 0.032676
vt 0.654595 0.089508
vt 0.743116 0.178026
vt 0.799951 0.289566
vt 0.819536 0.413210
vt 0.812093 0.540793
vt 0.753450 0.655893
vt 0.662110 0.747239
vt 0.547012 0.805887
vt 0.419425 0.826099
vt 0.291837 0.805894
vt 0.176736 0.747251
vt 0.085391 0.655911
vt 0.026743 0.540813
vt 0.006532 0.413226
vt 0.026736 0.285638
vt 0.085379 0.170538
vt 0.176719 0.079192
vt 0.291817 0.020544
vt 0.419404 0.000333
vt 0.546992 0.020537
vt 0.662092 0.079180
vt 0.753438 0.170521
vt 0.812086 0.285618
vt 0.832297 0.413205
vt 0.635155 0.710161
vt 0.716357 0.628960
vt 0.768492 0.526640
vt 0.786457 0.413218
vt 0.768493 0.299796
vt 0.716359 0.197476
vt 0.635159 0.116274
vt 0.532839 0.064138
vt 0.419417 0.046173
vt 0.305995 0.064137
vt 0.203675 0.116271
vt 0.122473 0.197471
vt 0.070337 0.299791
vt 0.052372 0.413213
vt 0.070336 0.526635
vt 0.122470 0.628955
vt 0.203670 0.710157
vt 0.305990 0.762293
vt 0.419412 0.780258
vt 0.532834 0.762294
vt 0.566412 0.615548
vt 0.621742 0.560220
vt 0.657266 0.490503
vt 0.669508 0.413220
vt 0.657269 0.335936
vt 0.621747 0.266218
vt 0.566419 0.210888
vt 0.496702 0.175364
vt 0.419419 0.163122
vt 0.342135 0.175361
vt 0.272417 0.210883
vt 0.217087 0.266211
vt 0.181563 0.335928
vt 0.169321 0.413211
vt 0.181560 0.490495
vt 0.217082 0.560213
vt 0.272410 0.615543
vt 0.342127 0.651067
vt 0.419410 0.663309
vt 0.496694 0.651070
vt 0.672386 0.597013
vt 0.603208 0.666190
vt 0.716802 0.509845
vt 0.732107 0.413218
vt 0.716803 0.316591
vt 0.672389 0.229422
vt 0.603212 0.160244
vt 0.516044 0.115828
vt 0.419417 0.100523
vt 0.322790 0.115827
vt 0.235621 0.160241
vt 0.166443 0.229418
vt 0.122027 0.316586
vt 0.106722 0.413213
vt 0.122026 0.509840
vt 0.166440 0.597009
vt 0.235617 0.666187
vt 0.322785 0.710603
vt 0.419412 0.725908
vt 0.516039 0.710604
vt 0.602771 0.472794
vt 0.575387 0.526539
vt 0.612208 0.413218
vt 0.602773 0.353642
vt 0.575389 0.299896
vt 0.532738 0.257244
vt 0.478993 0.229859
vt 0.419417 0.220422
vt 0.359840 0.229857
vt 0.306095 0.257241
vt 0.263443 0.299892
vt 0.236058 0.353637
vt 0.226621 0.413213
vt 0.236056 0.472790
vt 0.263440 0.526535
vt 0.306091 0.569187
vt 0.359836 0.596572
vt 0.419412 0.606009
vt 0.478988 0.596574
vt 0.532734 0.569191
vt 0.449425 0.423127
vt 0.419414 0.413216
vt 0.444893 0.431916
vt 0.437868 0.438874
vt 0.429035 0.443321
vt 0.419262 0.444820
vt 0.409503 0.443226
vt 0.400714 0.438694
vt 0.393756 0.431669
vt 0.389309 0.422836
vt 0.387810 0.413063
vt 0.389404 0.403304
vt 0.393936 0.394515
vt 0.400961 0.387557
vt 0.409793 0.383111
vt 0.419567 0.381611
vt 0.429326 0.383205
vt 0.438115 0.387737
vt 0.445073 0.394762
vt 0.449519 0.403595
vt 0.451019 0.413368
vt 0.789308 0.533398
vt 0.771635 0.527661
vt 0.719031 0.630902
vt 0.734066 0.641819
vt 0.637098 0.712834
vt 0.648024 0.727864
vt 0.533856 0.765438
vt 0.539603 0.783108
vt 0.419412 0.783563
vt 0.419418 0.802144
vt 0.304969 0.765436
vt 0.299232 0.783110
vt 0.201728 0.712832
vt 0.190810 0.727867
vt 0.119796 0.630899
vt 0.104766 0.641824
vt 0.067193 0.527657
vt 0.049522 0.533404
vt 0.049067 0.413213
vt 0.030486 0.413219
vt 0.067194 0.298770
vt 0.049520 0.293033
vt 0.119798 0.195529
vt 0.104763 0.184612
vt 0.201731 0.113597
vt 0.190805 0.098568
vt 0.304973 0.060994
vt 0.299226 0.043323
vt 0.419417 0.042868
vt 0.419411 0.024287
vt 0.533860 0.060995
vt 0.539597 0.043322
vt 0.637101 0.113600
vt 0.648018 0.098564
vt 0.719033 0.195533
vt 0.734062 0.184607
vt 0.771636 0.298774
vt 0.789306 0.293027
vt 0.789762 0.413218
vt 0.808343 0.413212
vt 0.624141 0.561963
vt 0.669252 0.594737
vt 0.713117 0.508648
vt 0.660087 0.491419
vt 0.568156 0.617947
vt 0.600931 0.663056
vt 0.497610 0.653890
vt 0.514842 0.706920
vt 0.419411 0.666274
vt 0.419412 0.722034
vt 0.341211 0.653888
vt 0.323982 0.706918
vt 0.270667 0.617942
vt 0.237894 0.663053
vt 0.214683 0.561957
vt 0.169574 0.594732
vt 0.178740 0.491411
vt 0.125710 0.508643
vt 0.166356 0.413212
vt 0.110597 0.413213
vt 0.178742 0.335012
vt 0.125712 0.317783
vt 0.214688 0.264468
vt 0.169577 0.231695
vt 0.270673 0.208484
vt 0.237898 0.163375
vt 0.341219 0.172541
vt 0.323987 0.119511
vt 0.419418 0.160157
vt 0.419417 0.104398
vt 0.497618 0.172544
vt 0.514847 0.119513
vt 0.568162 0.208489
vt 0.600935 0.163378
vt 0.624146 0.264475
vt 0.669255 0.231699
vt 0.660089 0.335020
vt 0.713119 0.317788
vt 0.672473 0.413219
vt 0.728232 0.413218
vt 0.515499 0.483020
vt 0.572801 0.524661
vt 0.599732 0.471808
vt 0.532367 0.449911
vt 0.489225 0.509295
vt 0.530854 0.566605
vt 0.456119 0.526165
vt 0.478000 0.593535
vt 0.419419 0.531979
vt 0.419411 0.602813
vt 0.382718 0.526168
vt 0.360822 0.593533
vt 0.349610 0.509300
vt 0.307969 0.566601
vt 0.323335 0.483027
vt 0.266025 0.524655
vt 0.306465 0.449919
vt 0.239095 0.471801
vt 0.300651 0.413220
vt 0.229817 0.413212
vt 0.306462 0.376520
vt 0.239097 0.354623
vt 0.323330 0.343412
vt 0.266029 0.301770
vt 0.349603 0.317136
vt 0.307974 0.259826
vt 0.382710 0.300266
vt 0.360829 0.232896
vt 0.419410 0.294452
vt 0.419418 0.223618
vt 0.456110 0.300263
vt 0.478007 0.232898
vt 0.489219 0.317131
vt 0.530860 0.259830
vt 0.515494 0.343405
vt 0.572804 0.301776
vt 0.532364 0.376511
vt 0.599734 0.354630
vt 0.538178 0.413211
vt 0.609012 0.413219
vt 0.487187 0.435233
vt 0.477066 0.455099
vt 0.461302 0.470864
vt 0.441437 0.480987
vt 0.419417 0.484475
vt 0.397396 0.480988
vt 0.377531 0.470867
vt 0.361766 0.455103
vt 0.351643 0.435238
vt 0.348155 0.413218
vt 0.351642 0.391198
vt 0.361763 0.371332
vt 0.377527 0.355567
vt 0.397392 0.345445
vt 0.419412 0.341956
vt 0.441432 0.345443
vt 0.461298 0.355564
vt 0.477063 0.371328
vt 0.487185 0.391193
vt 0.490674 0.413213
vt 0.468792 0.429253
vt 0.461419 0.443726
vt 0.449935 0.455213
vt 0.435463 0.462589
vt 0.419420 0.465132
vt 0.403377 0.462593
vt 0.388904 0.455220
vt 0.377417 0.443736
vt 0.370041 0.429264
vt 0.367498 0.413222
vt 0.370037 0.397178
vt 0.377410 0.382705
vt 0.388894 0.371218
vt 0.403366 0.363842
vt 0.419409 0.361299
vt 0.435452 0.363838
vt 0.449925 0.371211
vt 0.461412 0.382695
vt 0.468788 0.397167
vt 0.471331 0.413210
vt 0.743123 0.648397
vt 0.799954 0.536855
vt 0.654604 0.736918
vt 0.543064 0.793752
vt 0.419420 0.813337
vt 0.295775 0.793755
vt 0.184233 0.736924
vt 0.095713 0.648405
vt 0.038878 0.536865
vt 0.019293 0.413221
vt 0.038875 0.289576
vt 0.095706 0.178035
vt 0.184225 0.089514
vt 0.295765 0.032679
vt 0.419409 0.013094
vt 0.543054 0.032676
vt 0.654595 0.089508
vt 0.743116 0.178026
vt 0.799951 0.289566
vt 0.819536 0.413210
vt 0.753450 0.655893
vt 0.812093 0.540793
vt 0.662110 0.747239
vt 0.547012 0.805887
vt 0.419425 0.826099
vt 0.291837 0.805894
vt 0.176736 0.747251
vt 0.085391 0.655911
vt 0.026743 0.540813
vt 0.006532 0.413226
vt 0.026736 0.285638
vt 0.085379 0.170538
vt 0.176719 0.079192
vt 0.291817 0.020544
vt 0.419404 0.000333
vt 0.546992 0.020537
vt 0.662092 0.079180
vt 0.753438 0.170521
vt 0.812086 0.285618
vt 0.832297 0.413205
vt 0.716357 0.628960
vt 0.635155 0.710161
vt 0.768492 0.526640
vt 0.786457 0.413218
vt 0.768493 0.299796
vt 0.716359 0.197476
vt 0.635159 0.116274
vt 0.532839 0.064138
vt 0.419417 0.046173
vt 0.305995 0.064137
vt 0.203675 0.116271
vt 0.122473 0.197471
vt 0.070337 0.299791
vt 0.052372 0.413213
vt 0.070336 0.526635
vt 0.122470 0.628955
vt 0.203670 0.710157
vt 0.305990 0.762293
vt 0.419412 0.780258
vt 0.532834 0.762294
vt 0.621742 0.560220
vt 0.566412 0.615548
vt 0.657266 0.490503
vt 0.669508 0.413220
vt 0.657269 0.335936
vt 0.621747 0.266218
vt 0.566419 0.210888
vt 0.496702 0.175364
vt 0.419419 0.163122
vt 0.342135 0.175361
vt 0.272417 0.210883
vt 0.217087 0.266211
vt 0.181563 0.335928
vt 0.169321 0.413211
vt 0.181560 0.490495
vt 0.217082 0.560213
vt 0.272410 0.615543
vt 0.342127 0.651067
vt 0.419410 0.663309
vt 0.496694 0.651070
vt 0.672386 0.597013
vt 0.603208 0.666190
vt 0.716802 0.509845
vt 0.732107 0.413218
vt 0.716803 0.316591
vt 0.672389 0.229422
vt 0.603212 0.160244
vt 0.516044 0.115828
vt 0.419417 0.100523
vt 0.322790 0.115827
vt 0.235621 0.160241
vt 0.166443 0.229418
vt 0.122027 0.316586
vt 0.106722 0.413213
vt 0.122026 0.509840
vt 0.166440 0.597009
vt 0.235617 0.666187
vt 0.322785 0.710603
vt 0.419412 0.725908
vt 0.516039 0.710604
vt 0.602771 0.472794
vt 0.575387 0.526539
vt 0.612208 0.413218
vt 0.602773 0.353642
vt 0.575389 0.299896
vt 0.532738 0.257244
vt 0.478993 0.229859
vt 0.419417 0.220422
vt 0.359840 0.229857
vt 0.306095 0.257241
vt 0.263443 0.299892
vt 0.236058 0.353637
vt 0.226621 0.413213
vt 0.236056 0.472790
vt 0.263440 0.526535
vt 0.306091 0.569187
vt 0.359836 0.596572
vt 0.419412 0.606009
vt 0.478988 0.596574
vt 0.532734 0.569191
vt 0.781314 0.757668
vt 0.795771 0.758245
vt 0.775577 0.775607
vt 0.787961 0.774703
vt 0.821093 0.758274
vt 0.821093 0.758274
vt 0.800871 0.775657
vt 0.800871 0.775657
vt 0.793993 0.731912
vt 0.793993 0.731912
vt 0.770197 0.774386
vt 0.770197 0.774386
vt 0.751592 0.757467
vt 0.751592 0.757467
vt 0.803190 0.752166
vt 0.754532 0.752566
vt 0.775578 0.775607
vt 0.798943 0.774717
vt 0.769018 0.731912
vt 0.798340 0.731912
vt 0.792853 0.757677
vt 0.795771 0.758245
vt 0.786983 0.752017
vt 0.786983 0.752017
vt 0.793115 0.757501
vt 0.811779 0.774442
vt 0.811652 0.774442
vt 0.793000 0.757501
vt 0.828633 0.752043
vt 0.814540 0.731912
vt 0.784169 0.774405
vt 0.786934 0.754303
vt 0.751592 0.757467
vt 0.772909 0.731912
vt 0.786695 0.731912
vt 0.779590 0.754942
vt 0.754530 0.752566
vt 0.784088 0.775624
vt 0.780031 0.731912
vt 0.821093 0.758274
vt 0.786643 0.775629
vt 0.785836 0.774407
vt 0.751592 0.757467
vt 0.769017 0.731912
vt 0.787505 0.731912
vt 0.792764 0.752160
vt 0.779590 0.754942
vt 0.777575 0.731912
vt 0.779334 0.752590
vt 0.772909 0.731912
vt 0.785141 0.731912
vt 0.786934 0.754303
vt 0.814677 0.731912
vt 0.828780 0.752043
vt 0.779334 0.752590
vt 0.781314 0.757668
vt 0.787961 0.774703
vt 0.775577 0.775607
vt 0.795771 0.758245
vt 0.821093 0.758274
vt 0.800871 0.775657
vt 0.800871 0.775657
vt 0.821093 0.758274
vt 0.793992 0.731912
vt 0.793992 0.731912
vt 0.770197 0.774386
vt 0.751592 0.757467
vt 0.751592 0.757467
vt 0.770197 0.774386
vt 0.803190 0.752166
vt 0.798943 0.774717
vt 0.775578 0.775607
vt 0.754532 0.752566
vt 0.769018 0.731912
vt 0.795771 0.758245
vt 0.792853 0.757677
vt 0.798340 0.731912
vt 0.786983 0.752017
vt 0.786983 0.752017
vt 0.793115 0.757501
vt 0.811779 0.774442
vt 0.811652 0.774442
vt 0.793000 0.757501
vt 0.828633 0.752043
vt 0.814540 0.731912
vt 0.784169 0.774405
vt 0.786934 0.754303
vt 0.751592 0.757467
vt 0.786695 0.731912
vt 0.772909 0.731912
vt 0.784088 0.775624
vt 0.754530 0.752566
vt 0.779590 0.754942
vt 0.780030 0.731912
vt 0.786643 0.775629
vt 0.821093 0.758274
vt 0.785836 0.774407
vt 0.751592 0.757467
vt 0.769017 0.731912
vt 0.792764 0.752160
vt 0.787505 0.731912
vt 0.779590 0.754942
vt 0.779334 0.752590
vt 0.777574 0.731912
vt 0.786934 0.754303
vt 0.785141 0.731912
vt 0.772909 0.731912
vt 0.828780 0.752043
vt 0.814677 0.731912
vt 0.779334 0.752590
vn 0.000000 0.000000 1.000000
vn 0.000000 0.000000 1.000000
vn 0.000000 0.000000 1.000000
vn 0.000000 0.000000 1.000000
vn 0.000000 1.000000 0.000000
vn 0.000000 1.000000 0.000000
vn 0.000000 1.000000 0.000000
vn 0.000000 1.000000 0.000000
vn 0.000000 0.000000 -1.000000
vn 0.000000 0.000000 -1.000000
vn 0.000000 0.000000 -1.000000
vn 0.000000 0.000000 -1.000000
vn 0.000000 -1.000000 0.000000
vn 0.000000 -1.000000 0.000000
vn 0.000000 -1.000000 0.000000
vn 0.000000 -1.000000 0.000000
vn 1.000000 0.000000 0.000000
vn 1.000000 0.000000 0.000000
vn 1.000000 0.000000 0.000000
vn 1.000000 0.000000 0.000000
vn -1.000000 0.000000 0.000000
vn -1.000000 0.000000 0.000000
vn -1.000000 0.000000 0.000000
vn -1.000000 0.000000 0.000000
vn 0.000000 0.000000 1.000000
vn 0.000000 0.000000 1.000000
vn 0.000000 0.000000 1.000000
vn 0.000000 0.000000 1.000000
vn -0.744063 -0.668110 0.000000
vn -0.744063 -0.668110 0.000000
vn -0.744063 -0.668110 0.000000
vn -0.744063 -0.668110 0.000000
vn 0.000000 0.000000 -1.000000
vn 0.000000 0.000000 -1.000000
vn 0.000000 0.000000 -1.000000
vn 0.000000 0.000000 -1.000000
vn 0.744076 -0.668095 0.000000
vn 0.744076 -0.668095 0.000000
vn 0.744076 -0.668095 0.000000
vn 0.744076 -0.668095 0.000000
vn 0.000000 1.000000 0.000000
vn 0.000000 1.000000 0.000000
vn 0.000000 1.000000 0.000000
vn 0.000000 1.000000 0.000000
vn 0.000000 -1.000000 0.000000
vn 0.000000 -1.000000 0.000000
vn 0.000000 -1.000000 0.000000
vn 0.000000 -1.000000 0.000000
vn 0.000000 0.000000 1.000000
vn 0.000000 0.000000 1.000000
vn 0.000000 0.000000 1.000000
vn 0.000000 0.000000 1.000000
vn 0.000000 1.000000 0.000000
vn 0.000000 1.000000 0.000000
vn 0.000000 1.000000 0.000000
vn 0.000000 1.000000 0.000000
vn 0.000000 0.000000 -1.000000
vn 0.000000 0.000000 -1.000000
vn 0.000000 0.000000 -1.000000
vn 0.000000 0.000000 -1.000000
vn 0.000000 -1.000000 0.000000
vn 0.000000 -1.000000 0.000000
vn 0.000000 -1.000000 0.000000
vn 0.000000 -1.000000 0.000000
vn 1.000000 0.000000 0.000000
vn 1.000000 0.000000 0.000000
vn 1.000000 0.000000 0.000000
vn 1.000000 0.000000 0.000000
vn -1.000000 0.000000 0.000000
vn -1.000000 0.000000 0.000000
vn -1.000000 0.000000 0.000000
vn -1.000000 0.000000 0.000000
vn 0.000000 0.000000 1.000000
vn 0.000000 0.000000 1.000000
vn 0.000000 0.000000 1.000000
vn 0.000000 0.000000 1.000000
vn -1.000000 0.000000 0.000000
vn -1.000000 0.000000 0.000000
vn -1.000000 0.000000 0.000000
vn -1.000000 0.000000 0.000000
vn 0.000000 0.000000 -1.000000
vn 0.000000 0.000000 -1.000000
vn 0.000000 0.000000 -1.000000
vn 0.000000 0.000000 -1.000000
vn 1.000000 0.000000 0.000000
vn 1.000000 0.000000 0.000000
vn 1.000000 0.000000 0.000000
vn 1.000000 0.000000 0.000000
vn 0.000000 0.000000 1.000000
vn 0.000000 0.000000 1.000000
vn 0.000000 0.000000 1.000000
vn 0.000000 0.000000 1.000000
vn -1.000000 0.000000 0.000000
vn -1.000000 0.000000 0.000000
vn -1.000000 0.000000 0.000000
vn -1.000000 0.000000 0.000000
vn 0.000000 0.000000 -1.000000
vn 0.000000 0.000000 -1.000000
vn 0.000000 0.000000 -1.000000
vn 0.000000 0.000000 -1.000000
vn 1.000000 0.000000 0.000000
vn 1.000000 0.000000 0.000000
vn 1.000000 0.000000 0.000000
vn 1.000000 0.000000 0.000000
vn 0.000000 0.000000 1.000000
vn 0.000000 0.000000 1.000000
vn 0.000000 0.000000 1.000000
vn 0.000000 0.000000 1.000000
vn -0.744063 -0.668110 0.000000
vn -0.744063 -0.668110 0.000000
vn -0.744063 -0.668110 0.000000
vn -0.744063 -0.668110 0.000000
vn 0.000000 0.000000 -1.000000
vn 0.000000 0.000000 -1.000000
vn 0.000000 0.000000 -1.000000
vn 0.000000 0.000000 -1.000000
vn 0.744049 -0.668125 0.000000
vn 0.744049 -0.668125 0.000000
vn 0.744049 -0.668125 0.000000
vn 0.744049 -0.668125 0.000000
vn 0.000000 1.000000 0.000000
vn 0.000000 1.000000 0.000000
vn 0.000000 1.000000 0.000000
vn 0.000000 1.000000 0.000000
vn 0.000000 -1.000000 0.000000
vn 0.000000 -1.000000 0.000000
vn 0.000000 -1.000000 0.000000
vn 0.000000 -1.000000 0.000000
vn -0.587788 0.809015 0.000000
vn -0.309021 0.951055 0.000000
vn -0.309021 0.951055 0.000000
vn -0.587788 0.809015 0.000000
vn -0.809018 0.587783 0.000000
vn -0.809018 0.587783 0.000000
vn -0.952839 0.303477 0.000000
vn -0.952839 0.303477 0.000000
vn -0.809018 -0.587784 0.000000
vn -0.953556 -0.301217 0.000000
vn -0.953556 -0.301217 0.000000
vn -0.809018 -0.587784 0.000000
vn -0.587788 -0.809015 0.000000
vn -0.587788 -0.809015 0.000000
vn -0.309021 -0.951055 0.000000
vn -0.309021 -0.951055 0.000000
vn 0.000004 -1.000000 0.000000
vn 0.000004 -1.000000 0.000000
vn 0.309022 -0.951055 0.000000
vn 0.309022 -0.951055 0.000000
vn 0.587779 -0.809021 0.000000
vn 0.587779 -0.809021 0.000000
vn 0.809014 -0.587789 0.000000
vn 0.809014 -0.587789 0.000000
vn 0.951060 -0.309007 0.000000
vn 0.951060 -0.309007 0.000000
vn 1.000000 0.000000 0.000000
vn 1.000000 0.000000 0.000000
vn 0.951060 0.309007 0.000000
vn 0.951060 0.309007 0.000000
vn 0.809015 0.587789 0.000000
vn 0.809015 0.587789 0.000000
vn 0.587779 0.809021 0.000000
vn 0.587779 0.809021 0.000000
vn 0.309022 0.951055 0.000000
vn 0.309022 0.951055 0.000000
vn 0.000005 1.000000 0.000000
vn 0.000005 1.000000 0.000000
vn -0.999997 0.002371 0.000000
vn -0.999997 0.002371 0.000000
vn 0.519557 0.168781 0.837600
vn 0.441951 0.321084 0.837607
vn 0.000005 -0.000000 1.000000
vn 0.321114 0.441923 0.837610
vn 0.168815 0.519555 0.837594
vn 0.000002 0.546278 0.837604
vn -0.168810 0.519544 0.837602
vn -0.321091 0.441952 0.837603
vn -0.441944 0.321103 0.837603
vn -0.519551 0.168821 0.837596
vn -0.546294 -0.000000 0.837593
vn -0.519552 -0.168821 0.837595
vn -0.441945 -0.321103 0.837602
vn -0.321091 -0.441955 0.837602
vn -0.168808 -0.519547 0.837600
vn 0.000002 -0.546279 0.837603
vn 0.168814 -0.519557 0.837594
vn 0.321112 -0.441924 0.837610
vn 0.441951 -0.321084 0.837606
vn 0.519557 -0.168781 0.837600
vn 0.546305 -0.000000 0.837586
vn 0.743231 0.241502 0.623926
vn 0.632237 0.459338 0.623927
vn -0.240369 -0.174633 0.954844
vn -0.282544 -0.091806 0.954851
vn 0.459347 0.632225 0.623933
vn -0.174616 -0.240336 0.954855
vn 0.241488 0.743229 0.623935
vn -0.091791 -0.282503 0.954865
vn 0.000000 0.781476 0.623935
vn -0.000001 -0.297025 0.954870
vn -0.241488 0.743226 0.623938
vn 0.091784 -0.282487 0.954870
vn -0.459338 0.632223 0.623941
vn 0.174577 -0.240284 0.954875
vn -0.632228 0.459332 0.623940
vn 0.240307 -0.174581 0.954868
vn -0.743228 0.241485 0.623936
vn 0.282559 -0.091807 0.954846
vn -0.781476 -0.000000 0.623935
vn 0.297132 -0.000000 0.954837
vn -0.743229 -0.241485 0.623936
vn 0.282558 0.091807 0.954847
vn -0.632229 -0.459333 0.623939
vn 0.240302 0.174576 0.954871
vn -0.459340 -0.632225 0.623938
vn 0.174560 0.240256 0.954885
vn -0.241488 -0.743228 0.623936
vn 0.091772 0.282457 0.954880
vn 0.000000 -0.781477 0.623934
vn -0.000001 0.297013 0.954873
vn 0.241488 -0.743229 0.623935
vn -0.091783 0.282476 0.954873
vn 0.459342 -0.632227 0.623934
vn -0.174566 0.240272 0.954880
vn 0.632229 -0.459339 0.623934
vn -0.240261 0.174560 0.954884
vn 0.743227 -0.241494 0.623935
vn -0.282439 0.091771 0.954885
vn 0.781478 0.000007 0.623933
vn -0.297004 -0.000004 0.954876
vn -0.379726 -0.275893 0.883001
vn -0.446412 -0.145052 0.882993
vn 0.522047 0.169633 0.835878
vn 0.444103 0.322666 0.835858
vn -0.275876 -0.379716 0.883011
vn 0.322675 0.444115 0.835849
vn -0.145034 -0.446360 0.883022
vn 0.169633 0.522067 0.835865
vn -0.000000 -0.469335 0.883020
vn 0.000000 0.548901 0.835888
vn 0.145033 -0.446364 0.883020
vn -0.169625 0.522039 0.835884
vn 0.275855 -0.379689 0.883029
vn -0.322662 0.444103 0.835860
vn 0.379706 -0.275876 0.883015
vn -0.444130 0.322680 0.835839
vn 0.446414 -0.145054 0.882991
vn -0.522078 0.169636 0.835858
vn 0.469393 0.000000 0.882989
vn -0.548906 -0.000000 0.835884
vn 0.446409 0.145053 0.882994
vn -0.522077 -0.169636 0.835858
vn 0.379704 0.275875 0.883017
vn -0.444131 -0.322681 0.835838
vn 0.275855 0.379690 0.883029
vn -0.322656 -0.444092 0.835868
vn 0.145032 0.446359 0.883023
vn -0.169619 -0.522029 0.835892
vn -0.000000 0.469328 0.883024
vn 0.000001 -0.548904 0.835885
vn -0.145031 0.446354 0.883026
vn 0.169620 -0.522037 0.835886
vn -0.275855 0.379691 0.883028
vn 0.322627 -0.444052 0.835901
vn -0.379646 0.275838 0.883053
vn 0.444068 -0.322636 0.835889
vn -0.446311 0.145016 0.883050
vn 0.522047 -0.169633 0.835877
vn -0.469356 -0.000002 0.883009
vn 0.548906 0.000001 0.835884
vn 0.205129 0.149034 0.967322
vn 0.241144 0.078344 0.967322
vn 0.559673 0.181846 0.808516
vn 0.476102 0.345911 0.808501
vn 0.149037 0.205137 0.967319
vn 0.345928 0.476137 0.808472
vn 0.078355 0.241150 0.967320
vn 0.181867 0.559720 0.808479
vn 0.000001 0.253563 0.967319
vn 0.000002 0.588509 0.808491
vn -0.078354 0.241150 0.967320
vn -0.181862 0.559704 0.808491
vn -0.149039 0.205129 0.967321
vn -0.345908 0.476102 0.808501
vn -0.205135 0.149038 0.967320
vn -0.476083 0.345892 0.808520
vn -0.241147 0.078355 0.967320
vn -0.559672 0.181848 0.808517
vn -0.253554 -0.000000 0.967321
vn -0.588481 -0.000000 0.808511
vn -0.241147 -0.078355 0.967320
vn -0.559673 -0.181849 0.808516
vn -0.205134 -0.149044 0.967319
vn -0.476083 -0.345892 0.808519
vn -0.149040 -0.205132 0.967320
vn -0.345907 -0.476101 0.808502
vn -0.078356 -0.241148 0.967320
vn -0.181861 -0.559703 0.808492
vn 0.000001 -0.253563 0.967319
vn 0.000001 -0.588505 0.808494
vn 0.078355 -0.241150 0.967319
vn 0.181864 -0.559715 0.808483
vn 0.149038 -0.205136 0.967319
vn 0.345931 -0.476129 0.808476
vn 0.205129 -0.149035 0.967321
vn 0.476101 -0.345912 0.808500
vn 0.241142 -0.078346 0.967322
vn 0.559669 -0.181855 0.808517
vn 0.253553 0.000000 0.967322
vn 0.588480 -0.000000 0.808512
vn 0.219604 0.159552 0.962454
vn 0.258160 0.083872 0.962455
vn 0.159555 0.219612 0.962452
vn 0.083885 0.258163 0.962453
vn 0.000001 0.271450 0.962453
vn -0.083881 0.258172 0.962451
vn -0.159555 0.219604 0.962453
vn -0.219610 0.159550 0.962453
vn -0.258162 0.083884 0.962453
vn -0.271445 -0.000000 0.962454
vn -0.258163 -0.083885 0.962453
vn -0.219609 -0.159556 0.962452
vn -0.159556 -0.219607 0.962453
vn -0.083883 -0.258169 0.962451
vn 0.000001 -0.271451 0.962452
vn 0.083885 -0.258163 0.962453
vn 0.159555 -0.219612 0.962452
vn 0.219606 -0.159554 0.962453
vn 0.258162 -0.083874 0.962454
vn 0.271446 0.000000 0.962454
vn 0.365339 0.265431 0.892230
vn 0.429492 0.139543 0.892224
vn 0.265445 0.365310 0.892237
vn 0.139551 0.429468 0.892235
vn 0.000003 0.451583 0.892229
vn -0.139541 0.429490 0.892226
vn -0.265438 0.365299 0.892244
vn -0.365339 0.265424 0.892232
vn -0.429488 0.139586 0.892220
vn -0.451604 -0.000000 0.892219
vn -0.429488 -0.139586 0.892220
vn -0.365339 -0.265424 0.892232
vn -0.265438 -0.365301 0.892243
vn -0.139541 -0.429491 0.892225
vn 0.000003 -0.451583 0.892229
vn 0.139550 -0.429469 0.892235
vn 0.265445 -0.365312 0.892237
vn 0.365342 -0.265433 0.892228
vn 0.429496 -0.139545 0.892222
vn 0.451608 -0.000001 0.892217
vn 0.668318 0.217160 -0.711473
vn 0.568512 0.413040 -0.711472
vn 0.413050 0.568502 -0.711474
vn 0.217149 0.668321 -0.711473
vn -0.000000 0.702714 -0.711473
vn -0.217150 0.668322 -0.711472
vn -0.413046 0.568509 -0.711470
vn -0.568513 0.413039 -0.711472
vn -0.668323 0.217146 -0.711472
vn -0.702713 -0.000000 -0.711473
vn -0.668322 -0.217146 -0.711472
vn -0.568511 -0.413038 -0.711473
vn -0.413044 -0.568507 -0.711473
vn -0.217149 -0.668321 -0.711473
vn 0.000000 -0.702714 -0.711473
vn 0.217149 -0.668321 -0.711473
vn 0.413047 -0.568505 -0.711473
vn 0.568509 -0.413043 -0.711472
vn 0.668319 -0.217155 -0.711473
vn 0.702713 0.000005 -0.711474
vn 0.000000 0.000000 -1.000000
vn -0.000000 0.000000 -1.000000
vn 0.000000 0.000000 -1.000000
vn 0.000000 0.000000 -1.000000
vn -0.000000 0.000000 -1.000000
vn -0.000000 0.000000 -1.000000
vn 0.000000 0.000000 -1.000000
vn -0.000000 0.000000 -1.000000
vn -0.000000 0.000000 -1.000000
vn 0.000000 0.000000 -1.000000
vn 0.000000 0.000000 -1.000000
vn 0.000000 0.000000 -1.000000
vn 0.000000 0.000000 -1.000000
vn 0.000000 0.000000 -1.000000
vn 0.000000 0.000000 -1.000000
vn 0.000000 0.000000 -1.000000
vn -0.000000 0.000000 -1.000000
vn -0.000000 0.000000 -1.000000
vn 0.000000 0.000000 -1.000000
vn -0.000000 0.000000 -1.000000
vn -0.174619 -0.240338 0.954854
vn -0.240379 -0.174637 0.954840
vn -0.282555 -0.091813 0.954847
vn -0.297008 -0.000008 0.954875
vn -0.282438 0.091772 0.954886
vn -0.240260 0.174560 0.954884
vn -0.174564 0.240270 0.954881
vn -0.091782 0.282475 0.954874
vn -0.000001 0.297013 0.954873
vn 0.091771 0.282455 0.954881
vn 0.174558 0.240251 0.954887
vn 0.240298 0.174573 0.954872
vn 0.282557 0.091807 0.954847
vn 0.297133 -0.000000 0.954836
vn 0.282558 -0.091807 0.954847
vn 0.240304 -0.174578 0.954870
vn 0.174575 -0.240279 0.954877
vn 0.091784 -0.282486 0.954870
vn -0.000001 -0.297025 0.954870
vn -0.091791 -0.282502 0.954865
vn -0.291927 -0.401807 0.867946
vn -0.401817 -0.291943 0.867935
vn -0.472382 -0.153491 0.867926
vn -0.496665 -0.000003 0.867943
vn -0.472284 0.153456 0.867986
vn -0.401739 0.291891 0.867989
vn -0.291907 0.401783 0.867964
vn -0.153470 0.472325 0.867961
vn -0.000000 0.496636 0.867959
vn 0.153470 0.472330 0.867958
vn 0.291906 0.401782 0.867965
vn 0.401796 0.291925 0.867952
vn 0.472381 0.153490 0.867927
vn 0.496702 0.000000 0.867921
vn 0.472385 -0.153491 0.867924
vn 0.401799 -0.291926 0.867950
vn 0.291906 -0.401781 0.867965
vn 0.153472 -0.472335 0.867955
vn -0.000000 -0.496643 0.867955
vn -0.153473 -0.472332 0.867957
vn 0.475143 0.345218 0.809360
vn 0.345226 0.475157 0.809348
vn 0.558538 0.181487 0.809381
vn 0.587276 -0.000002 0.809386
vn 0.558540 -0.181488 0.809380
vn 0.475112 -0.345188 0.809391
vn 0.345181 -0.475098 0.809402
vn 0.181477 -0.558531 0.809388
vn 0.000001 -0.587274 0.809388
vn -0.181477 -0.558522 0.809394
vn -0.345210 -0.475135 0.809368
vn -0.475172 -0.345235 0.809336
vn -0.558567 -0.181492 0.809360
vn -0.587274 -0.000000 0.809388
vn -0.558568 0.181492 0.809359
vn -0.475171 0.345234 0.809337
vn -0.345216 0.475145 0.809360
vn -0.181482 0.558531 0.809387
vn 0.000001 0.587271 0.809390
vn 0.181490 0.558559 0.809366
vn 0.543558 0.176613 0.820581
vn 0.462395 0.335951 0.820566
vn 0.571535 -0.000000 0.820577
vn 0.543554 -0.176620 0.820582
vn 0.462394 -0.335951 0.820566
vn 0.335973 -0.462422 0.820541
vn 0.176629 -0.543603 0.820548
vn 0.000001 -0.571562 0.820559
vn -0.176626 -0.543589 0.820557
vn -0.335949 -0.462395 0.820567
vn -0.462376 -0.335934 0.820583
vn -0.543557 -0.176614 0.820581
vn -0.571535 -0.000000 0.820578
vn -0.543555 0.176613 0.820582
vn -0.462374 0.335933 0.820584
vn -0.335949 0.462395 0.820566
vn -0.176627 0.543591 0.820556
vn 0.000001 0.571566 0.820556
vn 0.176631 0.543607 0.820544
vn 0.335970 0.462429 0.820539
vn 0.519551 0.168810 -0.837598
vn 0.000005 -0.000000 -1.000000
vn 0.441945 0.321111 -0.837599
vn 0.321111 0.441924 -0.837610
vn 0.168817 0.519533 -0.837608
vn 0.000000 0.546278 -0.837604
vn -0.168809 0.519545 -0.837602
vn -0.321080 0.441983 -0.837591
vn -0.441938 0.321109 -0.837604
vn -0.519552 0.168784 -0.837603
vn -0.546294 -0.000000 -0.837594
vn -0.519553 -0.168784 -0.837602
vn -0.441940 -0.321109 -0.837603
vn -0.321079 -0.441986 -0.837590
vn -0.168807 -0.519547 -0.837601
vn 0.000000 -0.546278 -0.837604
vn 0.168815 -0.519534 -0.837607
vn 0.321109 -0.441926 -0.837610
vn 0.441947 -0.321112 -0.837598
vn 0.519553 -0.168810 -0.837597
vn 0.546303 -0.000000 -0.837588
vn 0.743231 0.241503 -0.623926
vn -0.282544 -0.091805 -0.954851
vn -0.240367 -0.174631 -0.954844
vn 0.632237 0.459337 -0.623927
vn -0.174614 -0.240334 -0.954856
vn 0.459346 0.632226 -0.623933
vn -0.091790 -0.282501 -0.954865
vn 0.241487 0.743229 -0.623935
vn -0.000001 -0.297025 -0.954870
vn 0.000001 0.781476 -0.623935
vn 0.091785 -0.282488 -0.954870
vn -0.241489 0.743226 -0.623938
vn 0.174578 -0.240285 -0.954875
vn -0.459339 0.632223 -0.623941
vn 0.240308 -0.174582 -0.954868
vn -0.632228 0.459332 -0.623941
vn 0.282560 -0.091808 -0.954846
vn -0.743228 0.241485 -0.623936
vn 0.297132 -0.000000 -0.954837
vn -0.781476 -0.000000 -0.623935
vn 0.282558 0.091807 -0.954847
vn -0.743229 -0.241485 -0.623936
vn 0.240302 0.174576 -0.954871
vn -0.632229 -0.459332 -0.623939
vn 0.174560 0.240255 -0.954886
vn -0.459340 -0.632225 -0.623938
vn 0.091772 0.282456 -0.954880
vn -0.241489 -0.743228 -0.623936
vn -0.000001 0.297014 -0.954873
vn 0.000001 -0.781477 -0.623934
vn -0.091783 0.282477 -0.954873
vn 0.241487 -0.743229 -0.623935
vn -0.174567 0.240273 -0.954880
vn 0.459341 -0.632228 -0.623935
vn -0.240262 0.174560 -0.954884
vn 0.632230 -0.459339 -0.623934
vn -0.282439 0.091771 -0.954886
vn 0.743227 -0.241494 -0.623934
vn -0.297005 -0.000004 -0.954876
vn 0.781478 0.000007 -0.623933
vn -0.379729 -0.275896 -0.882999
vn 0.444117 0.322675 -0.835847
vn 0.522063 0.169636 -0.835867
vn -0.446416 -0.145054 -0.882990
vn -0.275878 -0.379719 -0.883009
vn 0.322686 0.444128 -0.835837
vn -0.145035 -0.446364 -0.883020
vn 0.169639 0.522079 -0.835856
vn -0.000000 -0.469339 -0.883018
vn 0.000001 0.548917 -0.835877
vn 0.145035 -0.446367 -0.883018
vn -0.169630 0.522058 -0.835871
vn 0.275858 -0.379691 -0.883027
vn -0.322673 0.444116 -0.835849
vn 0.379710 -0.275877 -0.883013
vn -0.444144 0.322690 -0.835827
vn 0.446417 -0.145056 -0.882990
vn -0.522094 0.169644 -0.835846
vn 0.469397 0.000000 -0.882987
vn -0.548922 -0.000000 -0.835873
vn 0.446413 0.145055 -0.882992
vn -0.522092 -0.169644 -0.835847
vn 0.379708 0.275876 -0.883014
vn -0.444144 -0.322691 -0.835827
vn 0.275858 0.379692 -0.883027
vn -0.322667 -0.444104 -0.835858
vn 0.145033 0.446363 -0.883021
vn -0.169624 -0.522048 -0.835879
vn -0.000000 0.469332 -0.883022
vn 0.000001 -0.548922 -0.835874
vn -0.145032 0.446358 -0.883024
vn 0.169626 -0.522050 -0.835877
vn -0.275857 0.379694 -0.883026
vn 0.322636 -0.444063 -0.835891
vn -0.379649 0.275840 -0.883051
vn 0.444081 -0.322644 -0.835879
vn -0.446314 0.145018 -0.883048
vn 0.522064 -0.169637 -0.835867
vn -0.469361 -0.000002 -0.883007
vn 0.548923 0.000001 -0.835873
vn 0.205128 0.149036 -0.967322
vn 0.476094 0.345903 -0.808509
vn 0.559660 0.181850 -0.808524
vn 0.241143 0.078346 -0.967322
vn 0.149036 0.205133 -0.967320
vn 0.345924 0.476124 -0.808482
vn 0.078355 0.241148 -0.967320
vn 0.181863 0.559709 -0.808487
vn 0.000001 0.253561 -0.967320
vn 0.000003 0.588500 -0.808497
vn -0.078353 0.241145 -0.967321
vn -0.181861 0.559691 -0.808500
vn -0.149039 0.205125 -0.967322
vn -0.345903 0.476091 -0.808510
vn -0.205134 0.149043 -0.967319
vn -0.476070 0.345892 -0.808527
vn -0.241145 0.078362 -0.967320
vn -0.559660 0.181842 -0.808526
vn -0.253552 -0.000000 -0.967322
vn -0.588469 -0.000000 -0.808520
vn -0.241145 -0.078363 -0.967320
vn -0.559661 -0.181843 -0.808525
vn -0.205132 -0.149048 -0.967319
vn -0.476071 -0.345892 -0.808527
vn -0.149039 -0.205128 -0.967321
vn -0.345902 -0.476090 -0.808511
vn -0.078355 -0.241142 -0.967322
vn -0.181860 -0.559689 -0.808502
vn 0.000001 -0.253561 -0.967319
vn 0.000002 -0.588497 -0.808500
vn 0.078355 -0.241148 -0.967320
vn 0.181861 -0.559706 -0.808490
vn 0.149037 -0.205132 -0.967321
vn 0.345927 -0.476115 -0.808486
vn 0.205128 -0.149036 -0.967321
vn 0.476092 -0.345903 -0.808510
vn 0.241140 -0.078347 -0.967323
vn 0.559657 -0.181859 -0.808525
vn 0.253551 0.000000 -0.967322
vn 0.588468 -0.000000 -0.808521
vn 0.258168 0.083876 -0.962452
vn 0.219610 0.159556 -0.962452
vn 0.159560 0.219619 -0.962449
vn 0.083888 0.258173 -0.962450
vn 0.000001 0.271457 -0.962451
vn -0.083884 0.258176 -0.962449
vn -0.159560 0.219604 -0.962453
vn -0.219616 0.159557 -0.962450
vn -0.258170 0.083898 -0.962450
vn -0.271453 -0.000000 -0.962452
vn -0.258170 -0.083899 -0.962450
vn -0.219615 -0.159564 -0.962449
vn -0.159561 -0.219607 -0.962452
vn -0.083886 -0.258172 -0.962450
vn 0.000001 -0.271457 -0.962451
vn 0.083888 -0.258173 -0.962450
vn 0.159560 -0.219618 -0.962449
vn 0.219613 -0.159557 -0.962451
vn 0.258170 -0.083877 -0.962452
vn 0.271454 -0.000000 -0.962451
vn 0.429494 0.139547 -0.892223
vn 0.365340 0.265435 -0.892228
vn 0.265446 0.365324 -0.892231
vn 0.139550 0.429484 -0.892227
vn 0.000000 0.451572 -0.892235
vn -0.139543 0.429475 -0.892233
vn -0.265429 0.365338 -0.892231
vn -0.365334 0.265464 -0.892222
vn -0.429494 0.139555 -0.892221
vn -0.451610 -0.000000 -0.892216
vn -0.429495 -0.139555 -0.892221
vn -0.365335 -0.265465 -0.892221
vn -0.265430 -0.365341 -0.892229
vn -0.139542 -0.429476 -0.892232
vn 0.000000 -0.451570 -0.892236
vn 0.139550 -0.429484 -0.892227
vn 0.265445 -0.365326 -0.892231
vn 0.365344 -0.265437 -0.892226
vn 0.429500 -0.139550 -0.892220
vn 0.451611 -0.000001 -0.892215
vn 0.568512 0.413040 0.711472
vn 0.668318 0.217160 0.711472
vn 0.413049 0.568503 0.711474
vn 0.217148 0.668321 0.711473
vn 0.000001 0.702714 0.711473
vn -0.217151 0.668322 0.711472
vn -0.413047 0.568509 0.711470
vn -0.568513 0.413038 0.711472
vn -0.668323 0.217146 0.711472
vn -0.702713 -0.000000 0.711473
vn -0.668322 -0.217146 0.711472
vn -0.568512 -0.413038 0.711474
vn -0.413045 -0.568507 0.711473
vn -0.217150 -0.668320 0.711473
vn 0.000001 -0.702714 0.711473
vn 0.217148 -0.668321 0.711473
vn 0.413046 -0.568506 0.711473
vn 0.568509 -0.413043 0.711473
vn 0.668319 -0.217155 0.711473
vn 0.702713 0.000005 0.711474
vn 0.000000 0.000000 1.000000
vn 0.000000 0.000000 1.000000
vn 0.000000 0.000000 1.000000
vn 0.000000 0.000000 1.000000
vn 0.000000 0.000000 1.000000
vn 0.000000 0.000000 1.000000
vn 0.000000 0.000000 1.000000
vn -0.000000 0.000000 1.000000
vn -0.000000 0.000000 1.000000
vn 0.000000 0.000000 1.000000
vn 0.000000 0.000000 1.000000
vn 0.000000 0.000000 1.000000
vn 0.000000 0.000000 1.000000
vn 0.000000 0.000000 1.000000
vn 0.000000 0.000000 1.000000
vn 0.000000 0.000000 1.000000
vn -0.000000 0.000000 1.000000
vn -0.000000 0.000000 1.000000
vn 0.000000 0.000000 1.000000
vn 0.000000 0.000000 1.000000
vn -0.240378 -0.174636 -0.954841
vn -0.174618 -0.240336 -0.954855
vn -0.282554 -0.091812 -0.954847
vn -0.297008 -0.000008 -0.954875
vn -0.282438 0.091773 -0.954886
vn -0.240260 0.174561 -0.954884
vn -0.174565 0.240271 -0.954880
vn -0.091782 0.282476 -0.954874
vn -0.000001 0.297014 -0.954873
vn 0.091771 0.282455 -0.954881
vn 0.174557 0.240250 -0.954887
vn 0.240298 0.174573 -0.954872
vn 0.282557 0.091807 -0.954847
vn 0.297133 -0.000000 -0.954836
vn 0.282559 -0.091807 -0.954847
vn 0.240305 -0.174579 -0.954870
vn 0.174577 -0.240281 -0.954876
vn 0.091784 -0.282487 -0.954870
vn -0.000001 -0.297024 -0.954870
vn -0.091790 -0.282500 -0.954866
vn -0.401814 -0.291941 -0.867938
vn -0.291924 -0.401803 -0.867948
vn -0.472378 -0.153490 -0.867929
vn -0.496661 -0.000003 -0.867945
vn -0.472279 0.153455 -0.867989
vn -0.401735 0.291888 -0.867992
vn -0.291904 0.401779 -0.867966
vn -0.153469 0.472321 -0.867964
vn -0.000000 0.496632 -0.867961
vn 0.153469 0.472327 -0.867960
vn 0.291904 0.401778 -0.867967
vn 0.401793 0.291923 -0.867954
vn 0.472377 0.153489 -0.867929
vn 0.496698 0.000000 -0.867924
vn 0.472381 -0.153491 -0.867927
vn 0.401795 -0.291924 -0.867952
vn 0.291903 -0.401777 -0.867968
vn 0.153470 -0.472331 -0.867958
vn -0.000000 -0.496639 -0.867957
vn -0.153471 -0.472327 -0.867960
vn 0.475160 0.345230 -0.809345
vn 0.345239 0.475173 -0.809333
vn 0.558557 0.181493 -0.809367
vn 0.587296 -0.000002 -0.809372
vn 0.558560 -0.181494 -0.809365
vn 0.475127 -0.345198 -0.809378
vn 0.345193 -0.475112 -0.809389
vn 0.181484 -0.558547 -0.809375
vn 0.000001 -0.587296 -0.809372
vn -0.181483 -0.558544 -0.809378
vn -0.345223 -0.475150 -0.809354
vn -0.475187 -0.345246 -0.809322
vn -0.558585 -0.181502 -0.809345
vn -0.587294 -0.000000 -0.809374
vn -0.558587 0.181502 -0.809344
vn -0.475188 0.345245 -0.809322
vn -0.345228 0.475160 -0.809346
vn -0.181488 0.558553 -0.809371
vn 0.000001 0.587291 -0.809376
vn 0.181497 0.558575 -0.809353
vn 0.543546 0.176617 -0.820588
vn 0.462387 0.335944 -0.820573
vn 0.571524 -0.000000 -0.820586
vn 0.543542 -0.176623 -0.820589
vn 0.462385 -0.335944 -0.820574
vn 0.335969 -0.462410 -0.820550
vn 0.176626 -0.543593 -0.820555
vn 0.000002 -0.571554 -0.820565
vn -0.176624 -0.543578 -0.820565
vn -0.335944 -0.462384 -0.820575
vn -0.462364 -0.335931 -0.820591
vn -0.543545 -0.176608 -0.820590
vn -0.571524 -0.000000 -0.820586
vn -0.543544 0.176608 -0.820591
vn -0.462363 0.335931 -0.820592
vn -0.335944 0.462385 -0.820574
vn -0.176626 0.543580 -0.820563
vn 0.000002 0.571557 -0.820562
vn 0.176628 0.543596 -0.820552
vn 0.335966 0.462416 -0.820547
vn 0.062739 -0.053479 0.996596
vn -0.093111 -0.260884 0.960869
vn 0.821779 -0.561368 -0.097702
vn 0.821567 -0.560060 -0.106584
vn -0.484683 -0.759781 0.433377
vn -0.492907 -0.767465 -0.409927
vn 0.832170 -0.552565 0.046528
vn 0.831198 -0.553838 -0.048710
vn -0.762987 0.646312 -0.011461
vn -0.762081 0.647387 0.011111
vn 0.755885 -0.654583 -0.012592
vn 0.756051 -0.654374 0.013464
vn 0.617269 0.745287 -0.252044
vn 0.618233 0.746684 0.245458
vn 0.006960 0.009665 0.999929
vn 0.189657 0.237597 0.952669
vn 0.823022 -0.559957 0.095307
vn 0.821662 -0.559976 0.106293
vn -0.794658 0.606571 0.024290
vn -0.824321 0.565570 0.025004
vn 0.061397 -0.054896 -0.996603
vn -0.106156 -0.277543 -0.954830
vn -0.550148 -0.799250 -0.241945
vn -0.549165 -0.797707 0.249159
vn 0.320582 0.296556 0.899601
vn 0.786578 -0.614397 -0.061735
vn 0.786710 -0.614167 0.062344
vn 0.317261 0.292854 -0.901988
vn -0.256218 -0.367282 0.894123
vn -0.829205 0.558240 0.028073
vn -0.259534 -0.371891 -0.891257
vn -0.833975 0.551543 -0.016915
vn -0.829648 0.557607 -0.027529
vn 0.573876 0.690699 -0.440002
vn 0.175106 0.220575 -0.959523
vn -0.795645 0.605278 -0.024256
vn -0.824543 0.565263 -0.024638
vn 0.005484 0.008130 -0.999952
vn 0.581326 0.699151 0.416230
vn -0.833715 0.551922 0.017392
vn -0.062740 -0.053479 0.996596
vn -0.821570 -0.560055 -0.106583
vn -0.821735 -0.561435 -0.097685
vn 0.093114 -0.260831 0.960883
vn 0.484807 -0.759670 0.433432
vn -0.831111 -0.553971 -0.048682
vn -0.832101 -0.552667 0.046551
vn 0.493002 -0.767404 -0.409927
vn 0.762892 0.646424 -0.011467
vn 0.762044 0.647430 0.011104
vn -0.755870 -0.654601 -0.012584
vn -0.618253 0.746663 0.245474
vn -0.617358 0.745201 -0.252081
vn -0.755972 -0.654465 0.013470
vn -0.006986 0.009646 0.999929
vn -0.821658 -0.559982 0.106292
vn -0.822994 -0.559995 0.095320
vn -0.189675 0.237562 0.952674
vn 0.794679 0.606544 0.024297
vn 0.106171 -0.277619 -0.954807
vn -0.061418 -0.054914 -0.996600
vn 0.824321 0.565571 0.025007
vn 0.550136 -0.799262 -0.241933
vn 0.549155 -0.797702 0.249199
vn -0.320572 0.296604 0.899589
vn -0.786605 -0.614364 -0.061725
vn -0.786665 -0.614224 0.062349
vn -0.317273 0.292744 -0.902019
vn 0.256186 -0.367201 0.894166
vn 0.829159 0.558307 0.028103
vn 0.259544 -0.371867 -0.891264
vn 0.829641 0.557618 -0.027522
vn 0.833984 0.551529 -0.016909
vn -0.175109 0.220515 -0.959536
vn -0.573968 0.690603 -0.440032
vn 0.795605 0.605331 -0.024250
vn -0.005484 0.008127 -0.999952
vn 0.824547 0.565256 -0.024638
vn -0.581391 0.699071 0.416274
vn 0.833696 0.551948 0.017419
s off
g polySurface8038
f 1/124/1 2/2/2 4/127/3 3/4/4
f 3/5/5 4/6/6 6/7/7 5/8/8
f 5/9/9 6/125/10 8/121/11 7/12/12
f 7/13/13 8/14/14 2/15/15 1/16/16
f 2/122/17 8/11/18 6/10/19 4/3/20
f 7/123/21 1/1/22 3/128/23 5/126/24
f 9/116/25 10/18/26 12/119/27 11/20/28
f 11/21/29 12/22/30 14/23/31 13/24/32
f 13/25/33 14/117/34 16/113/35 15/28/36
f 15/29/37 16/30/38 10/31/39 9/32/40
f 10/114/41 16/27/42 14/26/43 12/19/44
f 15/115/45 9/17/46 11/120/47 13/118/48
f 17/108/49 18/34/50 20/111/51 19/36/52
f 19/37/53 20/38/54 22/39/55 21/40/56
f 21/41/57 22/109/58 24/105/59 23/44/60
f 23/45/61 24/46/62 18/47/63 17/48/64
f 18/106/65 24/43/66 22/42/67 20/35/68
f 23/107/69 17/33/70 19/112/71 21/110/72
f 30/100/73 29/50/74 25/102/75 26/52/76
f 31/99/77 30/49/78 26/101/79 27/54/80
f 27/104/81 28/55/82 32/97/83 31/53/84
f 29/98/85 32/56/86 28/103/87 25/51/88
f 38/92/89 37/58/90 33/94/91 34/60/92
f 39/91/93 38/57/94 34/93/95 35/62/96
f 35/96/97 36/63/98 40/89/99 39/61/100
f 37/90/101 40/64/102 36/95/103 33/59/104
f 41/84/105 42/66/106 44/87/107 43/68/108
f 43/69/109 44/70/110 46/71/111 45/72/112
f 45/73/113 46/85/114 48/81/115 47/76/116
f 47/77/117 48/78/118 42/79/119 41/80/120
f 42/82/121 48/75/122 46/74/123 44/67/124
f 47/83/125 41/65/126 43/88/127 45/86/128
s 33
f 50/129/129 49/130/130 68/131/131 69/132/132
f 51/133/133 50/129/129 69/132/132 70/134/134
f 52/135/135 51/133/133 70/134/134 71/136/136
f 54/137/137 53/138/138 72/139/139 73/140/140
f 55/141/141 54/137/137 73/140/140 74/142/142
f 56/143/143 55/141/141 74/142/142 75/144/144
f 57/145/145 56/143/143 75/144/144 76/146/146
f 58/147/147 57/145/145 76/146/146 77/148/148
f 59/149/149 58/147/147 77/148/148 78/150/150
f 60/151/151 59/149/149 78/150/150 79/152/152
f 61/153/153 60/151/151 79/152/152 80/154/154
f 62/155/155 61/153/153 80/154/154 81/156/156
f 63/157/157 62/155/155 81/156/156 82/158/158
f 64/159/159 63/160/157 82/161/158 83/162/160
f 65/163/161 64/159/159 83/162/160 84/164/162
f 66/165/163 65/163/161 84/164/162 85/166/164
f 67/167/165 66/165/163 85/166/164 86/168/166
f 49/130/130 67/167/165 86/168/166 68/131/131
f 52/135/135 71/136/136 88/169/167 87/170/168
f 87/170/168 88/169/167 72/171/139 53/172/138
s 34
f 169/173/169 170/174/170 171/175/171
f 170/174/170 172/176/172 171/175/171
f 172/176/172 173/177/173 171/175/171
f 173/177/173 174/178/174 171/175/171
f 174/178/174 175/179/175 171/175/171
f 175/179/175 176/180/176 171/175/171
f 176/180/176 177/181/177 171/175/171
f 177/181/177 178/182/178 171/175/171
f 178/182/178 179/183/179 171/175/171
f 179/183/179 180/184/180 171/175/171
f 180/184/180 181/185/181 171/175/171
f 181/185/181 182/186/182 171/175/171
f 182/186/182 183/187/183 171/175/171
f 183/187/183 184/188/184 171/175/171
f 184/188/184 185/189/185 171/175/171
f 185/189/185 186/190/186 171/175/171
f 186/190/186 187/191/187 171/175/171
f 187/191/187 188/192/188 171/175/171
f 188/192/188 189/193/189 171/175/171
f 189/193/189 169/173/169 171/175/171
f 89/194/190 90/195/191 231/196/192 232/197/193
f 90/195/191 91/198/194 230/199/195 231/196/192
f 91/198/194 92/200/196 249/201/197 230/199/195
f 92/200/196 93/202/198 248/203/199 249/201/197
f 93/202/198 94/204/200 247/205/201 248/203/199
f 94/204/200 95/206/202 246/207/203 247/205/201
f 95/206/202 96/208/204 245/209/205 246/207/203
f 96/208/204 97/210/206 244/211/207 245/209/205
f 97/210/206 98/212/208 243/213/209 244/211/207
f 98/212/208 99/214/210 242/215/211 243/213/209
f 99/214/210 100/216/212 241/217/213 242/215/211
f 100/216/212 101/218/214 240/219/215 241/217/213
f 101/218/214 102/220/216 239/221/217 240/219/215
f 102/220/216 103/222/218 238/223/219 239/221/217
f 103/222/218 104/224/220 237/225/221 238/223/219
f 104/224/220 105/226/222 236/227/223 237/225/221
f 105/226/222 106/228/224 235/229/225 236/227/223
f 106/228/224 107/230/226 234/231/227 235/229/225
f 107/230/226 108/232/228 233/233/229 234/231/227
f 108/232/228 89/194/190 232/197/193 233/233/229
f 271/234/230 272/235/231 252/236/232 251/237/233
f 270/238/234 271/234/230 251/237/233 250/239/235
f 289/240/236 270/238/234 250/239/235 269/241/237
f 288/242/238 289/240/236 269/241/237 268/243/239
f 287/244/240 288/242/238 268/243/239 267/245/241
f 286/246/242 287/244/240 267/245/241 266/247/243
f 285/248/244 286/246/242 266/247/243 265/249/245
f 284/250/246 285/248/244 265/249/245 264/251/247
f 283/252/248 284/250/246 264/251/247 263/253/249
f 282/254/250 283/252/248 263/253/249 262/255/251
f 281/256/252 282/254/250 262/255/251 261/257/253
f 280/258/254 281/256/252 261/257/253 260/259/255
f 279/260/256 280/258/254 260/259/255 259/261/257
f 278/262/258 279/260/256 259/261/257 258/263/259
f 277/264/260 278/262/258 258/263/259 257/265/261
f 276/266/262 277/264/260 257/265/261 256/267/263
f 275/268/264 276/266/262 256/267/263 255/269/265
f 274/270/266 275/268/264 255/269/265 254/271/267
f 273/272/268 274/270/266 254/271/267 253/273/269
f 272/235/231 273/272/268 253/273/269 252/236/232
f 110/274/270 109/275/271 291/276/272 290/277/273
f 111/278/274 110/274/270 290/277/273 309/279/275
f 112/280/276 111/278/274 309/279/275 308/281/277
f 113/282/278 112/280/276 308/281/277 307/283/279
f 114/284/280 113/282/278 307/283/279 306/285/281
f 115/286/282 114/284/280 306/285/281 305/287/283
f 116/288/284 115/286/282 305/287/283 304/289/285
f 117/290/286 116/288/284 304/289/285 303/291/287
f 118/292/288 117/290/286 303/291/287 302/293/289
f 119/294/290 118/292/288 302/293/289 301/295/291
f 120/296/292 119/294/290 301/295/291 300/297/293
f 121/298/294 120/296/292 300/297/293 299/299/295
f 122/300/296 121/298/294 299/299/295 298/301/297
f 123/302/298 122/300/296 298/301/297 297/303/299
f 124/304/300 123/302/298 297/303/299 296/305/301
f 125/306/302 124/304/300 296/305/301 295/307/303
f 126/308/304 125/306/302 295/307/303 294/309/305
f 127/310/306 126/308/304 294/309/305 293/311/307
f 128/312/308 127/310/306 293/311/307 292/313/309
f 109/275/271 128/312/308 292/313/309 291/276/272
f 109/275/271 110/274/270 130/314/310 129/315/311
f 110/274/270 111/278/274 131/316/312 130/314/310
f 111/278/274 112/280/276 132/317/313 131/316/312
f 112/280/276 113/282/278 133/318/314 132/317/313
f 113/282/278 114/284/280 134/319/315 133/318/314
f 114/284/280 115/286/282 135/320/316 134/319/315
f 115/286/282 116/288/284 136/321/317 135/320/316
f 116/288/284 117/290/286 137/322/318 136/321/317
f 117/290/286 118/292/288 138/323/319 137/322/318
f 118/292/288 119/294/290 139/324/320 138/323/319
f 119/294/290 120/296/292 140/325/321 139/324/320
f 120/296/292 121/298/294 141/326/322 140/325/321
f 121/298/294 122/300/296 142/327/323 141/326/322
f 122/300/296 123/302/298 143/328/324 142/327/323
f 123/302/298 124/304/300 144/329/325 143/328/324
f 124/304/300 125/306/302 145/330/326 144/329/325
f 125/306/302 126/308/304 146/331/327 145/330/326
f 126/308/304 127/310/306 147/332/328 146/331/327
f 127/310/306 128/312/308 148/333/329 147/332/328
f 128/312/308 109/275/271 129/315/311 148/333/329
f 129/315/311 130/314/310 150/334/330 149/335/331
f 130/314/310 131/316/312 151/336/332 150/334/330
f 131/316/312 132/317/313 152/337/333 151/336/332
f 132/317/313 133/318/314 153/338/334 152/337/333
f 133/318/314 134/319/315 154/339/335 153/338/334
f 134/319/315 135/320/316 155/340/336 154/339/335
f 135/320/316 136/321/317 156/341/337 155/340/336
f 136/321/317 137/322/318 157/342/338 156/341/337
f 137/322/318 138/323/319 158/343/339 157/342/338
f 138/323/319 139/324/320 159/344/340 158/343/339
f 139/324/320 140/325/321 160/345/341 159/344/340
f 140/325/321 141/326/322 161/346/342 160/345/341
f 141/326/322 142/327/323 162/347/343 161/346/342
f 142/327/323 143/328/324 163/348/344 162/347/343
f 143/328/324 144/329/325 164/349/345 163/348/344
f 144/329/325 145/330/326 165/350/346 164/349/345
f 145/330/326 146/331/327 166/351/347 165/350/346
f 146/331/327 147/332/328 167/352/348 166/351/347
f 147/332/328 148/333/329 168/353/349 167/352/348
f 148/333/329 129/315/311 149/335/331 168/353/349
f 149/335/331 150/334/330 170/174/170 169/173/169
f 150/334/330 151/336/332 172/176/172 170/174/170
f 151/336/332 152/337/333 173/177/173 172/176/172
f 152/337/333 153/338/334 174/178/174 173/177/173
f 153/338/334 154/339/335 175/179/175 174/178/174
f 154/339/335 155/340/336 176/180/176 175/179/175
f 155/340/336 156/341/337 177/181/177 176/180/176
f 156/341/337 157/342/338 178/182/178 177/181/177
f 157/342/338 158/343/339 179/183/179 178/182/178
f 158/343/339 159/344/340 180/184/180 179/183/179
f 159/344/340 160/345/341 181/185/181 180/184/180
f 160/345/341 161/346/342 182/186/182 181/185/181
f 161/346/342 162/347/343 183/187/183 182/186/182
f 162/347/343 163/348/344 184/188/184 183/187/183
f 163/348/344 164/349/345 185/189/185 184/188/184
f 164/349/345 165/350/346 186/190/186 185/189/185
f 165/350/346 166/351/347 187/191/187 186/190/186
f 166/351/347 167/352/348 188/192/188 187/191/187
f 167/352/348 168/353/349 189/193/189 188/192/188
f 168/353/349 149/335/331 169/173/169 189/193/189
f 90/195/191 89/194/190 190/354/350 191/355/351
f 91/198/194 90/195/191 191/355/351 192/356/352
f 92/200/196 91/198/194 192/356/352 193/357/353
f 93/202/198 92/200/196 193/357/353 194/358/354
f 94/204/200 93/202/198 194/358/354 195/359/355
f 95/206/202 94/204/200 195/359/355 196/360/356
f 96/208/204 95/206/202 196/360/356 197/361/357
f 97/210/206 96/208/204 197/361/357 198/362/358
f 98/212/208 97/210/206 198/362/358 199/363/359
f 99/214/210 98/212/208 199/363/359 200/364/360
f 100/216/212 99/214/210 200/364/360 201/365/361
f 101/218/214 100/216/212 201/365/361 202/366/362
f 102/220/216 101/218/214 202/366/362 203/367/363
f 103/222/218 102/220/216 203/367/363 204/368/364
f 104/224/220 103/222/218 204/368/364 205/369/365
f 105/226/222 104/224/220 205/369/365 206/370/366
f 106/228/224 105/226/222 206/370/366 207/371/367
f 107/230/226 106/228/224 207/371/367 208/372/368
f 108/232/228 107/230/226 208/372/368 209/373/369
f 89/194/190 108/232/228 209/373/369 190/354/350
f 191/355/351 190/354/350 210/374/370 211/375/371
f 192/356/352 191/355/351 211/375/371 212/376/372
f 193/357/353 192/356/352 212/376/372 213/377/373
f 194/358/354 193/357/353 213/377/373 214/378/374
f 195/359/355 194/358/354 214/378/374 215/379/375
f 196/360/356 195/359/355 215/379/375 216/380/376
f 197/361/357 196/360/356 216/380/376 217/381/377
f 198/362/358 197/361/357 217/381/377 218/382/378
f 199/363/359 198/362/358 218/382/378 219/383/379
f 200/364/360 199/363/359 219/383/379 220/384/380
f 201/365/361 200/364/360 220/384/380 221/385/381
f 202/366/362 201/365/361 221/385/381 222/386/382
f 203/367/363 202/366/362 222/386/382 223/387/383
f 204/368/364 203/367/363 223/387/383 224/388/384
f 205/369/365 204/368/364 224/388/384 225/389/385
f 206/370/366 205/369/365 225/389/385 226/390/386
f 207/371/367 206/370/366 226/390/386 227/391/387
f 208/372/368 207/371/367 227/391/387 228/392/388
f 209/373/369 208/372/368 228/392/388 229/393/389
f 190/354/350 209/373/369 229/393/389 210/374/370
f 231/196/192 230/199/195 389/394/390 370/395/391
f 232/197/193 231/196/192 370/395/391 371/396/392
f 233/233/229 232/197/193 371/396/392 372/397/393
f 234/231/227 233/233/229 372/397/393 373/398/394
f 235/229/225 234/231/227 373/398/394 374/399/395
f 236/227/223 235/229/225 374/399/395 375/400/396
f 237/225/221 236/227/223 375/400/396 376/401/397
f 238/223/219 237/225/221 376/401/397 377/402/398
f 239/221/217 238/223/219 377/402/398 378/403/399
f 240/219/215 239/221/217 378/403/399 379/404/400
f 241/217/213 240/219/215 379/404/400 380/405/401
f 242/215/211 241/217/213 380/405/401 381/406/402
f 243/213/209 242/215/211 381/406/402 382/407/403
f 244/211/207 243/213/209 382/407/403 383/408/404
f 245/209/205 244/211/207 383/408/404 384/409/405
f 246/207/203 245/209/205 384/409/405 385/410/406
f 247/205/201 246/207/203 385/410/406 386/411/407
f 248/203/199 247/205/201 386/411/407 387/412/408
f 249/201/197 248/203/199 387/412/408 388/413/409
f 230/199/195 249/201/197 388/413/409 389/394/390
f 271/234/230 270/238/234 369/414/410 350/415/411
f 272/235/231 271/234/230 350/415/411 351/416/412
f 273/272/268 272/235/231 351/416/412 352/417/413
f 274/270/266 273/272/268 352/417/413 353/418/414
f 275/268/264 274/270/266 353/418/414 354/419/415
f 276/266/262 275/268/264 354/419/415 355/420/416
f 277/264/260 276/266/262 355/420/416 356/421/417
f 278/262/258 277/264/260 356/421/417 357/422/418
f 279/260/256 278/262/258 357/422/418 358/423/419
f 280/258/254 279/260/256 358/423/419 359/424/420
f 281/256/252 280/258/254 359/424/420 360/425/421
f 282/254/250 281/256/252 360/425/421 361/426/422
f 283/252/248 282/254/250 361/426/422 362/427/423
f 284/250/246 283/252/248 362/427/423 363/428/424
f 285/248/244 284/250/246 363/428/424 364/429/425
f 286/246/242 285/248/244 364/429/425 365/430/426
f 287/244/240 286/246/242 365/430/426 366/431/427
f 288/242/238 287/244/240 366/431/427 367/432/428
f 289/240/236 288/242/238 367/432/428 368/433/429
f 270/238/234 289/240/236 368/433/429 369/414/410
f 311/434/430 310/435/431 250/239/235 251/237/233
f 312/436/432 311/434/430 251/237/233 252/236/232
f 313/437/433 312/436/432 252/236/232 253/273/269
f 314/438/434 313/437/433 253/273/269 254/271/267
f 315/439/435 314/438/434 254/271/267 255/269/265
f 316/440/436 315/439/435 255/269/265 256/267/263
f 317/441/437 316/440/436 256/267/263 257/265/261
f 318/442/438 317/441/437 257/265/261 258/263/259
f 319/443/439 318/442/438 258/263/259 259/261/257
f 320/444/440 319/443/439 259/261/257 260/259/255
f 321/445/441 320/444/440 260/259/255 261/257/253
f 322/446/442 321/445/441 261/257/253 262/255/251
f 323/447/443 322/446/442 262/255/251 263/253/249
f 324/448/444 323/447/443 263/253/249 264/251/247
f 325/449/445 324/448/444 264/251/247 265/249/245
f 326/450/446 325/449/445 265/249/245 266/247/243
f 327/451/447 326/450/446 266/247/243 267/245/241
f 328/452/448 327/451/447 267/245/241 268/243/239
f 329/453/449 328/452/448 268/243/239 269/241/237
f 310/435/431 329/453/449 269/241/237 250/239/235
f 331/454/450 330/455/451 290/277/273 291/276/272
f 332/456/452 331/454/450 291/276/272 292/313/309
f 333/457/453 332/456/452 292/313/309 293/311/307
f 334/458/454 333/457/453 293/311/307 294/309/305
f 335/459/455 334/458/454 294/309/305 295/307/303
f 336/460/456 335/459/455 295/307/303 296/305/301
f 337/461/457 336/460/456 296/305/301 297/303/299
f 338/462/458 337/461/457 297/303/299 298/301/297
f 339/463/459 338/462/458 298/301/297 299/299/295
f 340/464/460 339/463/459 299/299/295 300/297/293
f 341/465/461 340/464/460 300/297/293 301/295/291
f 342/466/462 341/465/461 301/295/291 302/293/289
f 343/467/463 342/466/462 302/293/289 303/291/287
f 344/468/464 343/467/463 303/291/287 304/289/285
f 345/469/465 344/468/464 304/289/285 305/287/283
f 346/470/466 345/469/465 305/287/283 306/285/281
f 347/471/467 346/470/466 306/285/281 307/283/279
f 348/472/468 347/471/467 307/283/279 308/281/277
f 349/473/469 348/472/468 308/281/277 309/279/275
f 330/455/451 349/473/469 309/279/275 290/277/273
f 351/416/412 350/415/411 330/455/451 331/454/450
f 352/417/413 351/416/412 331/454/450 332/456/452
f 353/418/414 352/417/413 332/456/452 333/457/453
f 354/419/415 353/418/414 333/457/453 334/458/454
f 355/420/416 354/419/415 334/458/454 335/459/455
f 356/421/417 355/420/416 335/459/455 336/460/456
f 357/422/418 356/421/417 336/460/456 337/461/457
f 358/423/419 357/422/418 337/461/457 338/462/458
f 359/424/420 358/423/419 338/462/458 339/463/459
f 360/425/421 359/424/420 339/463/459 340/464/460
f 361/426/422 360/425/421 340/464/460 341/465/461
f 362/427/423 361/426/422 341/465/461 342/466/462
f 363/428/424 362/427/423 342/466/462 343/467/463
f 364/429/425 363/428/424 343/467/463 344/468/464
f 365/430/426 364/429/425 344/468/464 345/469/465
f 366/431/427 365/430/426 345/469/465 346/470/466
f 367/432/428 366/431/427 346/470/466 347/471/467
f 368/433/429 367/432/428 347/471/467 348/472/468
f 369/414/410 368/433/429 348/472/468 349/473/469
f 350/415/411 369/414/410 349/473/469 330/455/451
f 371/396/392 370/395/391 311/434/430 312/436/432
f 372/397/393 371/396/392 312/436/432 313/437/433
f 373/398/394 372/397/393 313/437/433 314/438/434
f 374/399/395 373/398/394 314/438/434 315/439/435
f 375/400/396 374/399/395 315/439/435 316/440/436
f 376/401/397 375/400/396 316/440/436 317/441/437
f 377/402/398 376/401/397 317/441/437 318/442/438
f 378/403/399 377/402/398 318/442/438 319/443/439
f 379/404/400 378/403/399 319/443/439 320/444/440
f 380/405/401 379/404/400 320/444/440 321/445/441
f 381/406/402 380/405/401 321/445/441 322/446/442
f 382/407/403 381/406/402 322/446/442 323/447/443
f 383/408/404 382/407/403 323/447/443 324/448/444
f 384/409/405 383/408/404 324/448/444 325/449/445
f 385/410/406 384/409/405 325/449/445 326/450/446
f 386/411/407 385/410/406 326/450/446 327/451/447
f 387/412/408 386/411/407 327/451/447 328/452/448
f 388/413/409 387/412/408 328/452/448 329/453/449
f 389/394/390 388/413/409 329/453/449 310/435/431
f 370/395/391 389/394/390 310/435/431 311/434/430
s 35
f 470/474/470 472/475/471 471/476/472
f 471/476/472 472/475/471 473/477/473
f 473/477/473 472/475/471 474/478/474
f 474/478/474 472/475/471 475/479/475
f 475/479/475 472/475/471 476/480/476
f 476/480/476 472/475/471 477/481/477
f 477/481/477 472/475/471 478/482/478
f 478/482/478 472/475/471 479/483/479
f 479/483/479 472/475/471 480/484/480
f 480/484/480 472/475/471 481/485/481
f 481/485/481 472/475/471 482/486/482
f 482/486/482 472/475/471 483/487/483
f 483/487/483 472/475/471 484/488/484
f 484/488/484 472/475/471 485/489/485
f 485/489/485 472/475/471 486/490/486
f 486/490/486 472/475/471 487/491/487
f 487/491/487 472/475/471 488/492/488
f 488/492/488 472/475/471 489/493/489
f 489/493/489 472/475/471 490/494/490
f 490/494/490 472/475/471 470/474/470
f 390/495/491 533/496/492 532/497/493 391/498/494
f 391/498/494 532/497/493 531/499/495 392/500/496
f 392/500/496 531/499/495 550/501/497 393/502/498
f 393/502/498 550/501/497 549/503/499 394/504/500
f 394/504/500 549/503/499 548/505/501 395/506/502
f 395/506/502 548/505/501 547/507/503 396/508/504
f 396/508/504 547/507/503 546/509/505 397/510/506
f 397/510/506 546/509/505 545/511/507 398/512/508
f 398/512/508 545/511/507 544/513/509 399/514/510
f 399/514/510 544/513/509 543/515/511 400/516/512
f 400/516/512 543/515/511 542/517/513 401/518/514
f 401/518/514 542/517/513 541/519/515 402/520/516
f 402/520/516 541/519/515 540/521/517 403/522/518
f 403/522/518 540/521/517 539/523/519 404/524/520
f 404/524/520 539/523/519 538/525/521 405/526/522
f 405/526/522 538/525/521 537/527/523 406/528/524
f 406/528/524 537/527/523 536/529/525 407/530/526
f 407/530/526 536/529/525 535/531/527 408/532/528
f 408/532/528 535/531/527 534/533/529 409/534/530
f 409/534/530 534/533/529 533/496/492 390/495/491
f 572/535/531 552/536/532 553/537/533 573/538/534
f 571/539/535 551/540/536 552/536/532 572/535/531
f 590/541/537 570/542/538 551/540/536 571/539/535
f 589/543/539 569/544/540 570/542/538 590/541/537
f 588/545/541 568/546/542 569/544/540 589/543/539
f 587/547/543 567/548/544 568/546/542 588/545/541
f 586/549/545 566/550/546 567/548/544 587/547/543
f 585/551/547 565/552/548 566/550/546 586/549/545
f 584/553/549 564/554/550 565/552/548 585/551/547
f 583/555/551 563/556/552 564/554/550 584/553/549
f 582/557/553 562/558/554 563/556/552 583/555/551
f 581/559/555 561/560/556 562/558/554 582/557/553
f 580/561/557 560/562/558 561/560/556 581/559/555
f 579/563/559 559/564/560 560/562/558 580/561/557
f 578/565/561 558/566/562 559/564/560 579/563/559
f 577/567/563 557/568/564 558/566/562 578/565/561
f 576/569/565 556/570/566 557/568/564 577/567/563
f 575/571/567 555/572/568 556/570/566 576/569/565
f 574/573/569 554/574/570 555/572/568 575/571/567
f 573/538/534 553/537/533 554/574/570 574/573/569
f 411/575/571 591/576/572 592/577/573 410/578/574
f 412/579/575 610/580/576 591/576/572 411/575/571
f 413/581/577 609/582/578 610/580/576 412/579/575
f 414/583/579 608/584/580 609/582/578 413/581/577
f 415/585/581 607/586/582 608/584/580 414/583/579
f 416/587/583 606/588/584 607/586/582 415/585/581
f 417/589/585 605/590/586 606/588/584 416/587/583
f 418/591/587 604/592/588 605/590/586 417/589/585
f 419/593/589 603/594/590 604/592/588 418/591/587
f 420/595/591 602/596/592 603/594/590 419/593/589
f 421/597/593 601/598/594 602/596/592 420/595/591
f 422/599/595 600/600/596 601/598/594 421/597/593
f 423/601/597 599/602/598 600/600/596 422/599/595
f 424/603/599 598/604/600 599/602/598 423/601/597
f 425/605/601 597/606/602 598/604/600 424/603/599
f 426/607/603 596/608/604 597/606/602 425/605/601
f 427/609/605 595/610/606 596/608/604 426/607/603
f 428/611/607 594/612/608 595/610/606 427/609/605
f 429/613/609 593/614/610 594/612/608 428/611/607
f 410/578/574 592/577/573 593/614/610 429/613/609
f 410/578/574 430/615/611 431/616/612 411/575/571
f 411/575/571 431/616/612 432/617/613 412/579/575
f 412/579/575 432/617/613 433/618/614 413/581/577
f 413/581/577 433/618/614 434/619/615 414/583/579
f 414/583/579 434/619/615 435/620/616 415/585/581
f 415/585/581 435/620/616 436/621/617 416/587/583
f 416/587/583 436/621/617 437/622/618 417/589/585
f 417/589/585 437/622/618 438/623/619 418/591/587
f 418/591/587 438/623/619 439/624/620 419/593/589
f 419/593/589 439/624/620 440/625/621 420/595/591
f 420/595/591 440/625/621 441/626/622 421/597/593
f 421/597/593 441/626/622 442/627/623 422/599/595
f 422/599/595 442/627/623 443/628/624 423/601/597
f 423/601/597 443/628/624 444/629/625 424/603/599
f 424/603/599 444/629/625 445/630/626 425/605/601
f 425/605/601 445/630/626 446/631/627 426/607/603
f 426/607/603 446/631/627 447/632/628 427/609/605
f 427/609/605 447/632/628 448/633/629 428/611/607
f 428/611/607 448/633/629 449/634/630 429/613/609
f 429/613/609 449/634/630 430/615/611 410/578/574
f 430/615/611 450/635/631 451/636/632 431/616/612
f 431/616/612 451/636/632 452/637/633 432/617/613
f 432/617/613 452/637/633 453/638/634 433/618/614
f 433/618/614 453/638/634 454/639/635 434/619/615
f 434/619/615 454/639/635 455/640/636 435/620/616
f 435/620/616 455/640/636 456/641/637 436/621/617
f 436/621/617 456/641/637 457/642/638 437/622/618
f 437/622/618 457/642/638 458/643/639 438/623/619
f 438/623/619 458/643/639 459/644/640 439/624/620
f 439/624/620 459/644/640 460/645/641 440/625/621
f 440/625/621 460/645/641 461/646/642 441/626/622
f 441/626/622 461/646/642 462/647/643 442/627/623
f 442/627/623 462/647/643 463/648/644 443/628/624
f 443/628/624 463/648/644 464/649/645 444/629/625
f 444/629/625 464/649/645 465/650/646 445/630/626
f 445/630/626 465/650/646 466/651/647 446/631/627
f 446/631/627 466/651/647 467/652/648 447/632/628
f 447/632/628 467/652/648 468/653/649 448/633/629
f 448/633/629 468/653/649 469/654/650 449/634/630
f 449/634/630 469/654/650 450/635/631 430/615/611
f 450/635/631 470/474/470 471/476/472 451/636/632
f 451/636/632 471/476/472 473/477/473 452/637/633
f 452/637/633 473/477/473 474/478/474 453/638/634
f 453/638/634 474/478/474 475/479/475 454/639/635
f 454/639/635 475/479/475 476/480/476 455/640/636
f 455/640/636 476/480/476 477/481/477 456/641/637
f 456/641/637 477/481/477 478/482/478 457/642/638
f 457/642/638 478/482/478 479/483/479 458/643/639
f 458/643/639 479/483/479 480/484/480 459/644/640
f 459/644/640 480/484/480 481/485/481 460/645/641
f 460/645/641 481/485/481 482/486/482 461/646/642
f 461/646/642 482/486/482 483/487/483 462/647/643
f 462/647/643 483/487/483 484/488/484 463/648/644
f 463/648/644 484/488/484 485/489/485 464/649/645
f 464/649/645 485/489/485 486/490/486 465/650/646
f 465/650/646 486/490/486 487/491/487 466/651/647
f 466/651/647 487/491/487 488/492/488 467/652/648
f 467/652/648 488/492/488 489/493/489 468/653/649
f 468/653/649 489/493/489 490/494/490 469/654/650
f 469/654/650 490/494/490 470/474/470 450/635/631
f 391/498/494 492/655/651 491/656/652 390/495/491
f 392/500/496 493/657/653 492/655/651 391/498/494
f 393/502/498 494/658/654 493/657/653 392/500/496
f 394/504/500 495/659/655 494/658/654 393/502/498
f 395/506/502 496/660/656 495/659/655 394/504/500
f 396/508/504 497/661/657 496/660/656 395/506/502
f 397/510/506 498/662/658 497/661/657 396/508/504
f 398/512/508 499/663/659 498/662/658 397/510/506
f 399/514/510 500/664/660 499/663/659 398/512/508
f 400/516/512 501/665/661 500/664/660 399/514/510
f 401/518/514 502/666/662 501/665/661 400/516/512
f 402/520/516 503/667/663 502/666/662 401/518/514
f 403/522/518 504/668/664 503/667/663 402/520/516
f 404/524/520 505/669/665 504/668/664 403/522/518
f 405/526/522 506/670/666 505/669/665 404/524/520
f 406/528/524 507/671/667 506/670/666 405/526/522
f 407/530/526 508/672/668 507/671/667 406/528/524
f 408/532/528 509/673/669 508/672/668 407/530/526
f 409/534/530 510/674/670 509/673/669 408/532/528
f 390/495/491 491/656/652 510/674/670 409/534/530
f 492/655/651 512/675/671 511/676/672 491/656/652
f 493/657/653 513/677/673 512/675/671 492/655/651
f 494/658/654 514/678/674 513/677/673 493/657/653
f 495/659/655 515/679/675 514/678/674 494/658/654
f 496/660/656 516/680/676 515/679/675 495/659/655
f 497/661/657 517/681/677 516/680/676 496/660/656
f 498/662/658 518/682/678 517/681/677 497/661/657
f 499/663/659 519/683/679 518/682/678 498/662/658
f 500/664/660 520/684/680 519/683/679 499/663/659
f 501/665/661 521/685/681 520/684/680 500/664/660
f 502/666/662 522/686/682 521/685/681 501/665/661
f 503/667/663 523/687/683 522/686/682 502/666/662
f 504/668/664 524/688/684 523/687/683 503/667/663
f 505/669/665 525/689/685 524/688/684 504/668/664
f 506/670/666 526/690/686 525/689/685 505/669/665
f 507/671/667 527/691/687 526/690/686 506/670/666
f 508/672/668 528/692/688 527/691/687 507/671/667
f 509/673/669 529/693/689 528/692/688 508/672/668
f 510/674/670 530/694/690 529/693/689 509/673/669
f 491/656/652 511/676/672 530/694/690 510/674/670
f 532/497/493 671/695/691 690/696/692 531/499/495
f 533/496/492 672/697/693 671/695/691 532/497/493
f 534/533/529 673/698/694 672/697/693 533/496/492
f 535/531/527 674/699/695 673/698/694 534/533/529
f 536/529/525 675/700/696 674/699/695 535/531/527
f 537/527/523 676/701/697 675/700/696 536/529/525
f 538/525/521 677/702/698 676/701/697 537/527/523
f 539/523/519 678/703/699 677/702/698 538/525/521
f 540/521/517 679/704/700 678/703/699 539/523/519
f 541/519/515 680/705/701 679/704/700 540/521/517
f 542/517/513 681/706/702 680/705/701 541/519/515
f 543/515/511 682/707/703 681/706/702 542/517/513
f 544/513/509 683/708/704 682/707/703 543/515/511
f 545/511/507 684/709/705 683/708/704 544/513/509
f 546/509/505 685/710/706 684/709/705 545/511/507
f 547/507/503 686/711/707 685/710/706 546/509/505
f 548/505/501 687/712/708 686/711/707 547/507/503
f 549/503/499 688/713/709 687/712/708 548/505/501
f 550/501/497 689/714/710 688/713/709 549/503/499
f 531/499/495 690/696/692 689/714/710 550/501/497
f 572/535/531 651/715/711 670/716/712 571/539/535
f 573/538/534 652/717/713 651/715/711 572/535/531
f 574/573/569 653/718/714 652/717/713 573/538/534
f 575/571/567 654/719/715 653/718/714 574/573/569
f 576/569/565 655/720/716 654/719/715 575/571/567
f 577/567/563 656/721/717 655/720/716 576/569/565
f 578/565/561 657/722/718 656/721/717 577/567/563
f 579/563/559 658/723/719 657/722/718 578/565/561
f 580/561/557 659/724/720 658/723/719 579/563/559
f 581/559/555 660/725/721 659/724/720 580/561/557
f 582/557/553 661/726/722 660/725/721 581/559/555
f 583/555/551 662/727/723 661/726/722 582/557/553
f 584/553/549 663/728/724 662/727/723 583/555/551
f 585/551/547 664/729/725 663/728/724 584/553/549
f 586/549/545 665/730/726 664/729/725 585/551/547
f 587/547/543 666/731/727 665/730/726 586/549/545
f 588/545/541 667/732/728 666/731/727 587/547/543
f 589/543/539 668/733/729 667/732/728 588/545/541
f 590/541/537 669/734/730 668/733/729 589/543/539
f 571/539/535 670/716/712 669/734/730 590/541/537
f 612/735/731 552/536/532 551/540/536 611/736/732
f 613/737/733 553/537/533 552/536/532 612/735/731
f 614/738/734 554/574/570 553/537/533 613/737/733
f 615/739/735 555/572/568 554/574/570 614/738/734
f 616/740/736 556/570/566 555/572/568 615/739/735
f 617/741/737 557/568/564 556/570/566 616/740/736
f 618/742/738 558/566/562 557/568/564 617/741/737
f 619/743/739 559/564/560 558/566/562 618/742/738
f 620/744/740 560/562/558 559/564/560 619/743/739
f 621/745/741 561/560/556 560/562/558 620/744/740
f 622/746/742 562/558/554 561/560/556 621/745/741
f 623/747/743 563/556/552 562/558/554 622/746/742
f 624/748/744 564/554/550 563/556/552 623/747/743
f 625/749/745 565/552/548 564/554/550 624/748/744
f 626/750/746 566/550/546 565/552/548 625/749/745
f 627/751/747 567/548/544 566/550/546 626/750/746
f 628/752/748 568/546/542 567/548/544 627/751/747
f 629/753/749 569/544/540 568/546/542 628/752/748
f 630/754/750 570/542/538 569/544/540 629/753/749
f 611/736/732 551/540/536 570/542/538 630/754/750
f 632/755/751 592/577/573 591/576/572 631/756/752
f 633/757/753 593/614/610 592/577/573 632/755/751
f 634/758/754 594/612/608 593/614/610 633/757/753
f 635/759/755 595/610/606 594/612/608 634/758/754
f 636/760/756 596/608/604 595/610/606 635/759/755
f 637/761/757 597/606/602 596/608/604 636/760/756
f 638/762/758 598/604/600 597/606/602 637/761/757
f 639/763/759 599/602/598 598/604/600 638/762/758
f 640/764/760 600/600/596 599/602/598 639/763/759
f 641/765/761 601/598/594 600/600/596 640/764/760
f 642/766/762 602/596/592 601/598/594 641/765/761
f 643/767/763 603/594/590 602/596/592 642/766/762
f 644/768/764 604/592/588 603/594/590 643/767/763
f 645/769/765 605/590/586 604/592/588 644/768/764
f 646/770/766 606/588/584 605/590/586 645/769/765
f 647/771/767 607/586/582 606/588/584 646/770/766
f 648/772/768 608/584/580 607/586/582 647/771/767
f 649/773/769 609/582/578 608/584/580 648/772/768
f 650/774/770 610/580/576 609/582/578 649/773/769
f 631/756/752 591/576/572 610/580/576 650/774/770
f 652/717/713 632/755/751 631/756/752 651/715/711
f 653/718/714 633/757/753 632/755/751 652/717/713
f 654/719/715 634/758/754 633/757/753 653/718/714
f 655/720/716 635/759/755 634/758/754 654/719/715
f 656/721/717 636/760/756 635/759/755 655/720/716
f 657/722/718 637/761/757 636/760/756 656/721/717
f 658/723/719 638/762/758 637/761/757 657/722/718
f 659/724/720 639/763/759 638/762/758 658/723/719
f 660/725/721 640/764/760 639/763/759 659/724/720
f 661/726/722 641/765/761 640/764/760 660/725/721
f 662/727/723 642/766/762 641/765/761 661/726/722
f 663/728/724 643/767/763 642/766/762 662/727/723
f 664/729/725 644/768/764 643/767/763 663/728/724
f 665/730/726 645/769/765 644/768/764 664/729/725
f 666/731/727 646/770/766 645/769/765 665/730/726
f 667/732/728 647/771/767 646/770/766 666/731/727
f 668/733/729 648/772/768 647/771/767 667/732/728
f 669/734/730 649/773/769 648/772/768 668/733/729
f 670/716/712 650/774/770 649/773/769 669/734/730
f 651/715/711 631/756/752 650/774/770 670/716/712
f 672/697/693 613/737/733 612/735/731 671/695/691
f 673/698/694 614/738/734 613/737/733 672/697/693
f 674/699/695 615/739/735 614/738/734 673/698/694
f 675/700/696 616/740/736 615/739/735 674/699/695
f 676/701/697 617/741/737 616/740/736 675/700/696
f 677/702/698 618/742/738 617/741/737 676/701/697
f 678/703/699 619/743/739 618/742/738 677/702/698
f 679/704/700 620/744/740 619/743/739 678/703/699
f 680/705/701 621/745/741 620/744/740 679/704/700
f 681/706/702 622/746/742 621/745/741 680/705/701
f 682/707/703 623/747/743 622/746/742 681/706/702
f 683/708/704 624/748/744 623/747/743 682/707/703
f 684/709/705 625/749/745 624/748/744 683/708/704
f 685/710/706 626/750/746 625/749/745 684/709/705
f 686/711/707 627/751/747 626/750/746 685/710/706
f 687/712/708 628/752/748 627/751/747 686/711/707
f 688/713/709 629/753/749 628/752/748 687/712/708
f 689/714/710 630/754/750 629/753/749 688/713/709
f 690/696/692 611/736/732 630/754/750 689/714/710
f 671/695/691 612/735/731 611/736/732 690/696/692
s 36
f 701/775/771 702/776/772 711/777/773 712/778/774
f 703/779/775 704/780/776 719/781/777 720/782/778
f 693/783/779 694/784/780 704/780/776 703/779/775
f 714/785/781 715/786/782 708/787/783 709/788/784
f 727/789/785 728/790/786 718/791/787 717/792/788
f 695/793/789 696/794/790 706/795/791 705/796/792
f 724/797/793 725/798/794 715/786/782 714/785/781
f 717/792/788 718/791/787 705/796/792 706/795/791
f 710/799/795 701/775/771 712/778/774 713/800/796
f 716/801/797 717/792/788 706/795/791 707/802/798
f 726/803/799 727/789/785 717/792/788 716/801/797
f 706/795/791 696/794/790 697/804/800 707/802/798
f 713/805/796 723/806/801 724/797/793 714/785/781
f 710/807/795 713/805/796 714/785/781 709/788/784
f 709/788/784 699/808/802 700/809/803 710/807/795
f 720/782/778 730/810/804 721/811/805 711/812/773
f 703/779/775 720/782/778 711/812/773 702/776/772
f 702/776/772 692/813/806 693/783/779 703/779/775
f 719/781/777 704/780/776 705/814/792 718/815/787
f 716/816/797 707/817/798 708/787/783 715/786/782
f 692/818/806 691/819/807 722/820/808 721/811/805
f 728/821/786 695/822/789 694/784/780 729/823/809
f 725/798/794 698/824/810 697/825/800 726/826/799
f 699/808/802 698/824/810 725/798/794 724/797/793
f 722/820/808 691/819/807 700/827/803 723/828/801
f 702/776/772 701/775/771 691/819/807 692/818/806
f 695/822/789 705/814/792 704/780/776 694/784/780
f 698/824/810 708/787/783 707/817/798 697/825/800
f 709/788/784 708/787/783 698/824/810 699/808/802
f 691/819/807 701/775/771 710/799/795 700/827/803
f 712/778/774 711/777/773 721/811/805 722/820/808
f 713/800/796 712/778/774 722/820/808 723/828/801
f 726/826/799 716/816/797 715/786/782 725/798/794
f 729/823/809 719/781/777 718/815/787 728/821/786
f 720/782/778 719/781/777 729/823/809 730/829/804
f 699/808/802 724/797/793 723/806/801 700/809/803
f 696/794/790 727/789/785 726/803/799 697/804/800
f 728/790/786 727/789/785 696/794/790 695/793/789
f 730/829/804 729/823/809 694/784/780 693/783/779
f 692/813/806 721/811/805 730/810/804 693/783/779
s 37
f 741/830/811 752/831/812 751/832/813 742/833/814
f 743/834/815 760/835/816 759/836/817 744/837/818
f 733/838/819 743/834/815 744/837/818 734/839/820
f 754/840/821 749/841/822 748/842/823 755/843/824
f 767/844/825 757/845/826 758/846/827 768/847/828
f 735/848/829 745/849/830 746/850/831 736/851/832
f 764/852/833 754/840/821 755/843/824 765/853/834
f 757/845/826 746/850/831 745/849/830 758/846/827
f 750/854/835 753/855/836 752/831/812 741/830/811
f 756/856/837 747/857/838 746/850/831 757/845/826
f 766/858/839 756/856/837 757/845/826 767/844/825
f 746/850/831 747/857/838 737/859/840 736/851/832
f 753/860/836 754/840/821 764/852/833 763/861/841
f 750/862/835 749/841/822 754/840/821 753/860/836
f 749/841/822 750/862/835 740/863/842 739/864/843
f 760/835/816 751/865/813 761/866/844 770/867/845
f 743/834/815 742/833/814 751/865/813 760/835/816
f 742/833/814 743/834/815 733/838/819 732/868/846
f 759/836/817 758/869/827 745/870/830 744/837/818
f 756/871/837 755/843/824 748/842/823 747/872/838
f 732/873/846 761/866/844 762/874/847 731/875/848
f 768/876/828 769/877/849 734/839/820 735/878/829
f 765/853/834 766/879/839 737/880/840 738/881/850
f 739/864/843 764/852/833 765/853/834 738/881/850
f 762/874/847 763/882/841 740/883/842 731/875/848
f 742/833/814 732/873/846 731/875/848 741/830/811
f 735/878/829 734/839/820 744/837/818 745/870/830
f 738/881/850 737/880/840 747/872/838 748/842/823
f 749/841/822 739/864/843 738/881/850 748/842/823
f 731/875/848 740/883/842 750/854/835 741/830/811
f 752/831/812 762/874/847 761/866/844 751/832/813
f 753/855/836 763/882/841 762/874/847 752/831/812
f 766/879/839 765/853/834 755/843/824 756/871/837
f 769/877/849 768/876/828 758/869/827 759/836/817
f 760/835/816 770/884/845 769/877/849 759/836/817
f 739/864/843 740/863/842 763/861/841 764/852/833
f 736/851/832 737/859/840 766/858/839 767/844/825
f 768/847/828 735/848/829 736/851/832 767/844/825
f 770/884/845 733/838/819 734/839/820 769/877/849
f 732/868/846 733/838/819 770/867/845 761/866/844
