# This file uses centimeters as units for non-parametric coordinates.

g default
v -85.641861 0.115852 4.358390
v -85.598015 0.115852 4.376556
v -85.554161 0.115852 4.358390
v -85.535988 0.115852 4.314538
v -85.554161 0.115852 4.270687
v -85.598015 0.115852 4.252523
v -85.641861 0.115852 4.270687
v -85.660042 0.115852 4.314538
v -81.786682 0.115852 4.273497
v -81.830536 0.115852 4.255332
v -81.874390 0.115852 4.273497
v -81.892548 0.115852 4.317348
v -81.874390 0.115852 4.361199
v -81.830536 0.115852 4.379364
v -81.786682 0.115852 4.361199
v -81.768517 0.115852 4.317348
v -81.874405 -1.617596 4.271622
v -81.892563 -1.617596 4.315474
v -81.874405 -1.617596 4.359326
v -81.830551 -1.617596 4.377491
v -81.786697 -1.617596 4.359326
v -81.768539 -1.617596 4.315474
v -81.786697 -1.617596 4.271622
v -81.830551 -1.617596 4.253458
v -85.644051 -1.617596 4.271622
v -85.662209 -1.617596 4.315474
v -85.644051 -1.617596 4.359326
v -85.600182 -1.617596 4.377491
v -85.556343 -1.617596 4.359326
v -85.538170 -1.617596 4.315474
v -85.556343 -1.617596 4.271622
v -85.600182 -1.617596 4.253458
v -81.837067 -0.115444 4.358786
v -81.837067 0.014254 4.358733
v -81.837067 0.014254 4.275144
v -81.837067 -0.115444 4.275092
v -85.618713 -1.591788 4.275345
v -85.618713 -1.591788 4.358532
v -85.618713 -1.465434 4.358513
v -85.618713 -1.465434 4.275364
v -81.837067 -1.596491 4.355820
v -81.837067 -1.466486 4.355872
v -81.837067 -1.466486 4.272178
v -81.837067 -1.596491 4.272230
v -85.618713 -0.128264 4.272452
v -85.618713 -0.128264 4.355598
v -85.618713 -0.003319 4.355616
v -85.618713 -0.003319 4.272433
v -81.830551 0.006746 4.281521
v -81.830551 -0.007318 4.315474
v -81.830551 0.006746 4.349428
v -81.830551 0.040699 4.363492
v -81.830551 0.074653 4.349428
v -81.830551 0.088717 4.315474
v -81.830551 0.074653 4.281521
v -81.830551 0.040699 4.267457
v -85.617065 0.006746 4.281521
v -85.617065 -0.007318 4.315474
v -85.617065 0.006746 4.349428
v -85.617065 0.040699 4.363492
v -85.617065 0.074653 4.349428
v -85.617065 0.088717 4.315474
v -85.617065 0.074653 4.281521
v -85.617065 0.040699 4.267457
v -81.874405 -6.817941 4.271622
v -81.892563 -6.817941 4.315474
v -81.874405 -6.817941 4.359326
v -81.830551 -6.817941 4.377491
v -81.786697 -6.817941 4.359326
v -81.768539 -6.817941 4.315474
v -81.786697 -6.817941 4.271622
v -81.830551 -6.817941 4.253458
v -81.874405 -5.084493 4.271622
v -81.892563 -5.084493 4.315474
v -81.874405 -5.084493 4.359326
v -81.830551 -5.084493 4.377491
v -81.786697 -5.084493 4.359326
v -81.768539 -5.084493 4.315474
v -81.786697 -5.084493 4.271622
v -81.830551 -5.084493 4.253458
v -81.830551 -6.817941 4.315474
v -85.644051 -6.817941 4.271622
v -85.662209 -6.817941 4.315474
v -85.644051 -6.817941 4.359326
v -85.600182 -6.817941 4.377491
v -85.556343 -6.817941 4.359326
v -85.538170 -6.817941 4.315474
v -85.556343 -6.817941 4.271622
v -85.600182 -6.817941 4.253458
v -85.644051 -5.084493 4.271622
v -85.662209 -5.084493 4.315474
v -85.644051 -5.084493 4.359326
v -85.600182 -5.084493 4.377491
v -85.556343 -5.084493 4.359326
v -85.538170 -5.084493 4.315474
v -85.556343 -5.084493 4.271622
v -85.600182 -5.084493 4.253458
v -85.600182 -6.817941 4.315474
v -81.837067 -5.315789 4.358786
v -81.837067 -5.186091 4.358733
v -81.837067 -5.186091 4.275144
v -81.837067 -5.315789 4.275092
v -85.618713 -6.792133 4.275345
v -85.618713 -6.792133 4.358532
v -85.618713 -6.665779 4.358513
v -85.618713 -6.665779 4.275364
v -81.837067 -6.796836 4.355820
v -81.837067 -6.666831 4.355872
v -81.837067 -6.666831 4.272178
v -81.837067 -6.796836 4.272230
v -85.618713 -5.328609 4.272452
v -85.618713 -5.328609 4.355598
v -85.618713 -5.203664 4.355616
v -85.618713 -5.203664 4.272433
v -81.830551 -5.193599 4.281521
v -81.830551 -5.207663 4.315474
v -81.830551 -5.193599 4.349428
v -81.830551 -5.159646 4.363492
v -81.830551 -5.125692 4.349428
v -81.830551 -5.111629 4.315474
v -81.830551 -5.125692 4.281521
v -81.830551 -5.159646 4.267457
v -85.617065 -5.193599 4.281521
v -85.617065 -5.207663 4.315474
v -85.617065 -5.193599 4.349428
v -85.617065 -5.159646 4.363492
v -85.617065 -5.125692 4.349428
v -85.617065 -5.111629 4.315474
v -85.617065 -5.125692 4.281521
v -85.617065 -5.159646 4.267457
v -81.874405 -3.351044 4.271622
v -81.892563 -3.351044 4.315474
v -81.874405 -3.351044 4.359326
v -81.830551 -3.351044 4.377491
v -81.786697 -3.351044 4.359326
v -81.768539 -3.351044 4.315474
v -81.786697 -3.351044 4.271622
v -81.830551 -3.351044 4.253458
v -85.644051 -3.351044 4.271622
v -85.662209 -3.351044 4.315474
v -85.644051 -3.351044 4.359326
v -85.600182 -3.351044 4.377491
v -85.556343 -3.351044 4.359326
v -85.538170 -3.351044 4.315474
v -85.556343 -3.351044 4.271622
v -85.600182 -3.351044 4.253458
v -81.837067 -1.848893 4.358786
v -81.837067 -1.719194 4.358733
v -81.837067 -1.719194 4.275144
v -81.837067 -1.848893 4.275092
v -85.618713 -3.325236 4.275345
v -85.618713 -3.325236 4.358532
v -85.618713 -3.198882 4.358513
v -85.618713 -3.198882 4.275364
v -81.837067 -3.329940 4.355820
v -81.837067 -3.199935 4.355872
v -81.837067 -3.199935 4.272178
v -81.837067 -3.329940 4.272230
v -85.618713 -1.861712 4.272452
v -85.618713 -1.861712 4.355598
v -85.618713 -1.736768 4.355616
v -85.618713 -1.736768 4.272433
v -81.830551 -1.726702 4.281521
v -81.830551 -1.740767 4.315474
v -81.830551 -1.726702 4.349428
v -81.830551 -1.692749 4.363492
v -81.830551 -1.658796 4.349428
v -81.830551 -1.644732 4.315474
v -81.830551 -1.658796 4.281521
v -81.830551 -1.692749 4.267457
v -85.617065 -1.726702 4.281521
v -85.617065 -1.740767 4.315474
v -85.617065 -1.726702 4.349428
v -85.617065 -1.692749 4.363492
v -85.617065 -1.658796 4.349428
v -85.617065 -1.644732 4.315474
v -85.617065 -1.658796 4.281521
v -85.617065 -1.692749 4.267457
v -81.837067 -3.582340 4.358786
v -81.837067 -3.452642 4.358733
v -81.837067 -3.452642 4.275144
v -81.837067 -3.582340 4.275092
v -85.618713 -5.058684 4.275345
v -85.618713 -5.058684 4.358532
v -85.618713 -4.932331 4.358513
v -85.618713 -4.932331 4.275364
v -81.837067 -5.063388 4.355820
v -81.837067 -4.933383 4.355872
v -81.837067 -4.933383 4.272178
v -81.837067 -5.063388 4.272230
v -85.618713 -3.595160 4.272452
v -85.618713 -3.595160 4.355598
v -85.618713 -3.470216 4.355616
v -85.618713 -3.470216 4.272433
v -81.830551 -3.460150 4.281521
v -81.830551 -3.474214 4.315474
v -81.830551 -3.460150 4.349428
v -81.830551 -3.426197 4.363492
v -81.830551 -3.392244 4.349428
v -81.830551 -3.378180 4.315474
v -81.830551 -3.392244 4.281521
v -81.830551 -3.426197 4.267457
v -85.617065 -3.460150 4.281521
v -85.617065 -3.474214 4.315474
v -85.617065 -3.460150 4.349428
v -85.617065 -3.426197 4.363492
v -85.617065 -3.392244 4.349428
v -85.617065 -3.378180 4.315474
v -85.617065 -3.392244 4.281521
v -85.617065 -3.426197 4.267457
v -85.641861 0.115852 0.043955
v -85.598015 0.115852 0.062121
v -85.554161 0.115852 0.043955
v -85.535988 0.115852 0.000103
v -85.554161 0.115852 -0.043747
v -85.598015 0.115852 -0.061912
v -85.641861 0.115852 -0.043747
v -85.660042 0.115852 0.000103
v -81.786682 0.115852 -0.040938
v -81.830536 0.115852 -0.059103
v -81.874390 0.115852 -0.040938
v -81.892548 0.115852 0.002914
v -81.874390 0.115852 0.046764
v -81.830536 0.115852 0.064930
v -81.786682 0.115852 0.046764
v -81.768517 0.115852 0.002914
v -81.874405 -1.617596 -0.043125
v -81.892563 -1.617596 0.000727
v -81.874405 -1.617596 0.044579
v -81.830551 -1.617596 0.062744
v -81.786697 -1.617596 0.044579
v -81.768539 -1.617596 0.000727
v -81.786697 -1.617596 -0.043125
v -81.830551 -1.617596 -0.061289
v -85.644051 -1.617596 -0.043125
v -85.662209 -1.617596 0.000727
v -85.644051 -1.617596 0.044579
v -85.600182 -1.617596 0.062744
v -85.556343 -1.617596 0.044579
v -85.538170 -1.617596 0.000727
v -85.556343 -1.617596 -0.043125
v -85.600182 -1.617596 -0.061289
v -81.837067 -0.115444 0.044039
v -81.837067 0.014254 0.043986
v -81.837067 0.014254 -0.039603
v -81.837067 -0.115444 -0.039655
v -85.618713 -1.591788 -0.039402
v -85.618713 -1.591788 0.043785
v -85.618713 -1.465434 0.043766
v -85.618713 -1.465434 -0.039383
v -81.837067 -1.596491 0.041073
v -81.837067 -1.466486 0.041125
v -81.837067 -1.466486 -0.042569
v -81.837067 -1.596491 -0.042517
v -85.618713 -0.128264 -0.042295
v -85.618713 -0.128264 0.040851
v -85.618713 -0.003319 0.040869
v -85.618713 -0.003319 -0.042314
v -81.830551 0.006746 -0.033226
v -81.830551 -0.007318 0.000727
v -81.830551 0.006746 0.034681
v -81.830551 0.040699 0.048745
v -81.830551 0.074653 0.034681
v -81.830551 0.088717 0.000727
v -81.830551 0.074653 -0.033226
v -81.830551 0.040699 -0.047290
v -85.617065 0.006746 -0.033226
v -85.617065 -0.007318 0.000727
v -85.617065 0.006746 0.034681
v -85.617065 0.040699 0.048745
v -85.617065 0.074653 0.034681
v -85.617065 0.088717 0.000727
v -85.617065 0.074653 -0.033226
v -85.617065 0.040699 -0.047290
v -81.874405 -6.817941 -0.043125
v -81.892563 -6.817941 0.000727
v -81.874405 -6.817941 0.044579
v -81.830551 -6.817941 0.062744
v -81.786697 -6.817941 0.044579
v -81.768539 -6.817941 0.000727
v -81.786697 -6.817941 -0.043125
v -81.830551 -6.817941 -0.061289
v -81.874405 -5.084493 -0.043125
v -81.892563 -5.084493 0.000727
v -81.874405 -5.084493 0.044579
v -81.830551 -5.084493 0.062744
v -81.786697 -5.084493 0.044579
v -81.768539 -5.084493 0.000727
v -81.786697 -5.084493 -0.043125
v -81.830551 -5.084493 -0.061289
v -81.830551 -6.817941 0.000727
v -85.644051 -6.817941 -0.043125
v -85.662209 -6.817941 0.000727
v -85.644051 -6.817941 0.044579
v -85.600182 -6.817941 0.062744
v -85.556343 -6.817941 0.044579
v -85.538170 -6.817941 0.000727
v -85.556343 -6.817941 -0.043125
v -85.600182 -6.817941 -0.061289
v -85.644051 -5.084493 -0.043125
v -85.662209 -5.084493 0.000727
v -85.644051 -5.084493 0.044579
v -85.600182 -5.084493 0.062744
v -85.556343 -5.084493 0.044579
v -85.538170 -5.084493 0.000727
v -85.556343 -5.084493 -0.043125
v -85.600182 -5.084493 -0.061289
v -85.600182 -6.817941 0.000727
v -81.837067 -5.315789 0.044039
v -81.837067 -5.186091 0.043986
v -81.837067 -5.186091 -0.039603
v -81.837067 -5.315789 -0.039655
v -85.618713 -6.792133 -0.039402
v -85.618713 -6.792133 0.043785
v -85.618713 -6.665779 0.043766
v -85.618713 -6.665779 -0.039383
v -81.837067 -6.796836 0.041073
v -81.837067 -6.666831 0.041125
v -81.837067 -6.666831 -0.042569
v -81.837067 -6.796836 -0.042517
v -85.618713 -5.328609 -0.042295
v -85.618713 -5.328609 0.040851
v -85.618713 -5.203664 0.040869
v -85.618713 -5.203664 -0.042314
v -81.830551 -5.193599 -0.033226
v -81.830551 -5.207663 0.000727
v -81.830551 -5.193599 0.034681
v -81.830551 -5.159646 0.048745
v -81.830551 -5.125692 0.034681
v -81.830551 -5.111629 0.000727
v -81.830551 -5.125692 -0.033226
v -81.830551 -5.159646 -0.047290
v -85.617065 -5.193599 -0.033226
v -85.617065 -5.207663 0.000727
v -85.617065 -5.193599 0.034681
v -85.617065 -5.159646 0.048745
v -85.617065 -5.125692 0.034681
v -85.617065 -5.111629 0.000727
v -85.617065 -5.125692 -0.033226
v -85.617065 -5.159646 -0.047290
v -81.874405 -3.351044 -0.043125
v -81.892563 -3.351044 0.000727
v -81.874405 -3.351044 0.044579
v -81.830551 -3.351044 0.062744
v -81.786697 -3.351044 0.044579
v -81.768539 -3.351044 0.000727
v -81.786697 -3.351044 -0.043125
v -81.830551 -3.351044 -0.061289
v -85.644051 -3.351044 -0.043125
v -85.662209 -3.351044 0.000727
v -85.644051 -3.351044 0.044579
v -85.600182 -3.351044 0.062744
v -85.556343 -3.351044 0.044579
v -85.538170 -3.351044 0.000727
v -85.556343 -3.351044 -0.043125
v -85.600182 -3.351044 -0.061289
v -81.837067 -1.848893 0.044039
v -81.837067 -1.719194 0.043986
v -81.837067 -1.719194 -0.039603
v -81.837067 -1.848893 -0.039655
v -85.618713 -3.325236 -0.039402
v -85.618713 -3.325236 0.043785
v -85.618713 -3.198882 0.043766
v -85.618713 -3.198882 -0.039383
v -81.837067 -3.329940 0.041073
v -81.837067 -3.199935 0.041125
v -81.837067 -3.199935 -0.042569
v -81.837067 -3.329940 -0.042517
v -85.618713 -1.861712 -0.042295
v -85.618713 -1.861712 0.040851
v -85.618713 -1.736768 0.040869
v -85.618713 -1.736768 -0.042314
v -81.830551 -1.726702 -0.033226
v -81.830551 -1.740767 0.000727
v -81.830551 -1.726702 0.034681
v -81.830551 -1.692749 0.048745
v -81.830551 -1.658796 0.034681
v -81.830551 -1.644732 0.000727
v -81.830551 -1.658796 -0.033226
v -81.830551 -1.692749 -0.047290
v -85.617065 -1.726702 -0.033226
v -85.617065 -1.740767 0.000727
v -85.617065 -1.726702 0.034681
v -85.617065 -1.692749 0.048745
v -85.617065 -1.658796 0.034681
v -85.617065 -1.644732 0.000727
v -85.617065 -1.658796 -0.033226
v -85.617065 -1.692749 -0.047290
v -81.837067 -3.582340 0.044039
v -81.837067 -3.452642 0.043986
v -81.837067 -3.452642 -0.039603
v -81.837067 -3.582340 -0.039655
v -85.618713 -5.058684 -0.039402
v -85.618713 -5.058684 0.043785
v -85.618713 -4.932331 0.043766
v -85.618713 -4.932331 -0.039383
v -81.837067 -5.063388 0.041073
v -81.837067 -4.933383 0.041125
v -81.837067 -4.933383 -0.042569
v -81.837067 -5.063388 -0.042517
v -85.618713 -3.595160 -0.042295
v -85.618713 -3.595160 0.040851
v -85.618713 -3.470216 0.040869
v -85.618713 -3.470216 -0.042314
v -81.830551 -3.460150 -0.033226
v -81.830551 -3.474214 0.000727
v -81.830551 -3.460150 0.034681
v -81.830551 -3.426197 0.048745
v -81.830551 -3.392244 0.034681
v -81.830551 -3.378180 0.000727
v -81.830551 -3.392244 -0.033226
v -81.830551 -3.426197 -0.047290
v -85.617065 -3.460150 -0.033226
v -85.617065 -3.474214 0.000727
v -85.617065 -3.460150 0.034681
v -85.617065 -3.426197 0.048745
v -85.617065 -3.392244 0.034681
v -85.617065 -3.378180 0.000727
v -85.617065 -3.392244 -0.033226
v -85.617065 -3.426197 -0.047290
v -85.641861 0.115852 -4.268130
v -85.598015 0.115852 -4.249965
v -85.554161 0.115852 -4.268130
v -85.535988 0.115852 -4.311983
v -85.554161 0.115852 -4.355833
v -85.598015 0.115852 -4.373998
v -85.641861 0.115852 -4.355833
v -85.660042 0.115852 -4.311983
v -81.786682 0.115852 -4.353024
v -81.830536 0.115852 -4.371188
v -81.874390 0.115852 -4.353024
v -81.892548 0.115852 -4.309172
v -81.874390 0.115852 -4.265321
v -81.830536 0.115852 -4.247155
v -81.786682 0.115852 -4.265321
v -81.768517 0.115852 -4.309172
v -81.874405 -1.617596 -4.354799
v -81.892563 -1.617596 -4.310947
v -81.874405 -1.617596 -4.267096
v -81.830551 -1.617596 -4.248931
v -81.786697 -1.617596 -4.267096
v -81.768539 -1.617596 -4.310947
v -81.786697 -1.617596 -4.354799
v -81.830551 -1.617596 -4.372964
v -85.644051 -1.617596 -4.354799
v -85.662209 -1.617596 -4.310947
v -85.644051 -1.617596 -4.267096
v -85.600182 -1.617596 -4.248931
v -85.556343 -1.617596 -4.267096
v -85.538170 -1.617596 -4.310947
v -85.556343 -1.617596 -4.354799
v -85.600182 -1.617596 -4.372964
v -81.837067 -0.115444 -4.267636
v -81.837067 0.014254 -4.267688
v -81.837067 0.014254 -4.351277
v -81.837067 -0.115444 -4.351330
v -85.618713 -1.591788 -4.351076
v -85.618713 -1.591788 -4.267890
v -85.618713 -1.465434 -4.267909
v -85.618713 -1.465434 -4.351058
v -81.837067 -1.596491 -4.270601
v -81.837067 -1.466486 -4.270549
v -81.837067 -1.466486 -4.354243
v -81.837067 -1.596491 -4.354192
v -85.618713 -0.128264 -4.353970
v -85.618713 -0.128264 -4.270823
v -85.618713 -0.003319 -4.270805
v -85.618713 -0.003319 -4.353988
v -81.830551 0.006746 -4.344901
v -81.830551 -0.007318 -4.310947
v -81.830551 0.006746 -4.276994
v -81.830551 0.040699 -4.262930
v -81.830551 0.074653 -4.276994
v -81.830551 0.088717 -4.310947
v -81.830551 0.074653 -4.344901
v -81.830551 0.040699 -4.358965
v -85.617065 0.006746 -4.344901
v -85.617065 -0.007318 -4.310947
v -85.617065 0.006746 -4.276994
v -85.617065 0.040699 -4.262930
v -85.617065 0.074653 -4.276994
v -85.617065 0.088717 -4.310947
v -85.617065 0.074653 -4.344901
v -85.617065 0.040699 -4.358965
v -81.874405 -6.817941 -4.354799
v -81.892563 -6.817941 -4.310947
v -81.874405 -6.817941 -4.267096
v -81.830551 -6.817941 -4.248931
v -81.786697 -6.817941 -4.267096
v -81.768539 -6.817941 -4.310947
v -81.786697 -6.817941 -4.354799
v -81.830551 -6.817941 -4.372964
v -81.874405 -5.084493 -4.354799
v -81.892563 -5.084493 -4.310947
v -81.874405 -5.084493 -4.267096
v -81.830551 -5.084493 -4.248931
v -81.786697 -5.084493 -4.267096
v -81.768539 -5.084493 -4.310947
v -81.786697 -5.084493 -4.354799
v -81.830551 -5.084493 -4.372964
v -81.830551 -6.817941 -4.310947
v -85.644051 -6.817941 -4.354799
v -85.662209 -6.817941 -4.310947
v -85.644051 -6.817941 -4.267096
v -85.600182 -6.817941 -4.248931
v -85.556343 -6.817941 -4.267096
v -85.538170 -6.817941 -4.310947
v -85.556343 -6.817941 -4.354799
v -85.600182 -6.817941 -4.372964
v -85.644051 -5.084493 -4.354799
v -85.662209 -5.084493 -4.310947
v -85.644051 -5.084493 -4.267096
v -85.600182 -5.084493 -4.248931
v -85.556343 -5.084493 -4.267096
v -85.538170 -5.084493 -4.310947
v -85.556343 -5.084493 -4.354799
v -85.600182 -5.084493 -4.372964
v -85.600182 -6.817941 -4.310947
v -81.837067 -5.315789 -4.267636
v -81.837067 -5.186091 -4.267688
v -81.837067 -5.186091 -4.351277
v -81.837067 -5.315789 -4.351330
v -85.618713 -6.792133 -4.351076
v -85.618713 -6.792133 -4.267890
v -85.618713 -6.665779 -4.267909
v -85.618713 -6.665779 -4.351058
v -81.837067 -6.796836 -4.270601
v -81.837067 -6.666831 -4.270549
v -81.837067 -6.666831 -4.354243
v -81.837067 -6.796836 -4.354192
v -85.618713 -5.328609 -4.353970
v -85.618713 -5.328609 -4.270823
v -85.618713 -5.203664 -4.270805
v -85.618713 -5.203664 -4.353988
v -81.830551 -5.193599 -4.344901
v -81.830551 -5.207663 -4.310947
v -81.830551 -5.193599 -4.276994
v -81.830551 -5.159646 -4.262930
v -81.830551 -5.125692 -4.276994
v -81.830551 -5.111629 -4.310947
v -81.830551 -5.125692 -4.344901
v -81.830551 -5.159646 -4.358965
v -85.617065 -5.193599 -4.344901
v -85.617065 -5.207663 -4.310947
v -85.617065 -5.193599 -4.276994
v -85.617065 -5.159646 -4.262930
v -85.617065 -5.125692 -4.276994
v -85.617065 -5.111629 -4.310947
v -85.617065 -5.125692 -4.344901
v -85.617065 -5.159646 -4.358965
v -81.874405 -3.351044 -4.354799
v -81.892563 -3.351044 -4.310947
v -81.874405 -3.351044 -4.267096
v -81.830551 -3.351044 -4.248931
v -81.786697 -3.351044 -4.267096
v -81.768539 -3.351044 -4.310947
v -81.786697 -3.351044 -4.354799
v -81.830551 -3.351044 -4.372964
v -85.644051 -3.351044 -4.354799
v -85.662209 -3.351044 -4.310947
v -85.644051 -3.351044 -4.267096
v -85.600182 -3.351044 -4.248931
v -85.556343 -3.351044 -4.267096
v -85.538170 -3.351044 -4.310947
v -85.556343 -3.351044 -4.354799
v -85.600182 -3.351044 -4.372964
v -81.837067 -1.848893 -4.267636
v -81.837067 -1.719194 -4.267688
v -81.837067 -1.719194 -4.351277
v -81.837067 -1.848893 -4.351330
v -85.618713 -3.325236 -4.351076
v -85.618713 -3.325236 -4.267890
v -85.618713 -3.198882 -4.267909
v -85.618713 -3.198882 -4.351058
v -81.837067 -3.329940 -4.270601
v -81.837067 -3.199935 -4.270549
v -81.837067 -3.199935 -4.354243
v -81.837067 -3.329940 -4.354192
v -85.618713 -1.861712 -4.353970
v -85.618713 -1.861712 -4.270823
v -85.618713 -1.736768 -4.270805
v -85.618713 -1.736768 -4.353988
v -81.830551 -1.726702 -4.344901
v -81.830551 -1.740767 -4.310947
v -81.830551 -1.726702 -4.276994
v -81.830551 -1.692749 -4.262930
v -81.830551 -1.658796 -4.276994
v -81.830551 -1.644732 -4.310947
v -81.830551 -1.658796 -4.344901
v -81.830551 -1.692749 -4.358965
v -85.617065 -1.726702 -4.344901
v -85.617065 -1.740767 -4.310947
v -85.617065 -1.726702 -4.276994
v -85.617065 -1.692749 -4.262930
v -85.617065 -1.658796 -4.276994
v -85.617065 -1.644732 -4.310947
v -85.617065 -1.658796 -4.344901
v -85.617065 -1.692749 -4.358965
v -81.837067 -3.582340 -4.267636
v -81.837067 -3.452642 -4.267688
v -81.837067 -3.452642 -4.351277
v -81.837067 -3.582340 -4.351330
v -85.618713 -5.058684 -4.351076
v -85.618713 -5.058684 -4.267890
v -85.618713 -4.932331 -4.267909
v -85.618713 -4.932331 -4.351058
v -81.837067 -5.063388 -4.270601
v -81.837067 -4.933383 -4.270549
v -81.837067 -4.933383 -4.354243
v -81.837067 -5.063388 -4.354192
v -85.618713 -3.595160 -4.353970
v -85.618713 -3.595160 -4.270823
v -85.618713 -3.470216 -4.270805
v -85.618713 -3.470216 -4.353988
v -81.830551 -3.460150 -4.344901
v -81.830551 -3.474214 -4.310947
v -81.830551 -3.460150 -4.276994
v -81.830551 -3.426197 -4.262930
v -81.830551 -3.392244 -4.276994
v -81.830551 -3.378180 -4.310947
v -81.830551 -3.392244 -4.344901
v -81.830551 -3.426197 -4.358965
v -85.617065 -3.460150 -4.344901
v -85.617065 -3.474214 -4.310947
v -85.617065 -3.460150 -4.276994
v -85.617065 -3.426197 -4.262930
v -85.617065 -3.392244 -4.276994
v -85.617065 -3.378180 -4.310947
v -85.617065 -3.392244 -4.344901
v -85.617065 -3.426197 -4.358965
v -81.797112 0.769138 6.521038
v -81.797112 0.769578 6.471838
v -81.797112 1.256580 6.521038
v -81.797112 1.257020 6.471838
v -81.863945 1.256580 6.521038
v -81.863945 1.257020 6.471838
v -81.863945 0.769138 6.521038
v -81.863945 0.769578 6.471838
v -81.892548 0.524290 8.641796
v -81.874382 0.524290 8.685649
v -81.830528 0.524290 8.703813
v -81.786674 0.524290 8.685649
v -81.768509 0.524290 8.641796
v -81.786674 0.524290 8.597945
v -81.830528 0.524290 8.579780
v -81.874382 0.524290 8.597945
v -81.892548 1.516297 8.641796
v -81.874382 1.516297 8.685649
v -81.830528 1.516297 8.703813
v -81.786674 1.516297 8.685649
v -81.768509 1.516297 8.641796
v -81.786674 1.516297 8.597945
v -81.830528 1.516297 8.579780
v -81.874382 1.516297 8.597945
v -81.789368 1.112830 7.937868
v -81.788078 1.193035 7.203501
v -81.788918 1.220397 6.471873
v -81.789368 1.191592 7.950618
v -81.788078 1.274924 7.210086
v -81.788918 1.301014 6.471873
v -81.871994 1.191592 7.950618
v -81.873283 1.274924 7.210086
v -81.872452 1.301014 6.471873
v -81.871994 1.112830 7.937868
v -81.873283 1.193035 7.203501
v -81.872452 1.220397 6.471873
v -81.789078 1.063289 8.647468
v -81.789078 0.985259 8.628608
v -81.872292 0.985259 8.628608
v -81.872292 1.063289 8.647468
v -81.799568 1.260479 8.640996
v -81.799568 1.382592 7.971545
v -81.799568 1.464235 7.233028
v -81.799568 1.491931 6.471873
v -81.799568 1.319086 8.653327
v -81.799568 1.441877 7.980034
v -81.799568 1.523973 7.237282
v -81.799568 1.551820 6.471873
v -81.861488 1.319086 8.653327
v -81.861488 1.441877 7.980034
v -81.861488 1.523973 7.237282
v -81.861496 1.551820 6.471873
v -81.861488 1.260479 8.640996
v -81.861488 1.382592 7.971545
v -81.861488 1.464235 7.233028
v -81.861496 1.491931 6.471873
v -81.789238 1.289782 8.647162
v -81.789238 1.412235 7.975790
v -81.789238 1.494104 7.235156
v -81.789238 1.521876 6.471873
v -81.830528 1.328854 8.655383
v -81.830528 1.451758 7.981448
v -81.830528 1.533929 7.237991
v -81.830528 1.561802 6.471873
v -81.871819 1.289782 8.647162
v -81.871819 1.412235 7.975790
v -81.871819 1.494104 7.235156
v -81.871819 1.521876 6.471873
v -81.830528 1.250711 8.638941
v -81.830528 1.372711 7.970130
v -81.830528 1.454279 7.232319
v -81.830528 1.481950 6.471873
v -81.797112 0.674442 7.958164
v -81.797112 0.674442 7.891334
v -81.797112 1.161884 7.958164
v -81.797112 1.161884 7.891334
v -81.863945 1.161884 7.958164
v -81.863945 1.161884 7.891334
v -81.863945 0.674442 7.958164
v -81.863945 0.674442 7.891334
v -81.874382 0.722445 7.163850
v -81.892548 0.722445 7.207702
v -81.874382 0.722445 7.251554
v -81.830528 0.722445 7.269718
v -81.786674 0.722445 7.251554
v -81.768509 0.722445 7.207702
v -81.786674 0.722445 7.163850
v -81.830528 0.722445 7.145686
v -81.874382 1.714452 7.163850
v -81.892548 1.714452 7.207702
v -81.874382 1.714452 7.251554
v -81.830528 1.714452 7.269718
v -81.786674 1.714452 7.251554
v -81.768509 1.714452 7.207702
v -81.786674 1.714452 7.163850
v -81.830528 1.714452 7.145686
v -81.867668 1.683202 7.170564
v -81.830528 1.683202 7.155181
v -81.793388 1.683202 7.170564
v -81.778008 1.683202 7.207703
v -81.793388 1.683202 7.244841
v -81.830528 1.683202 7.260224
v -81.867668 1.683202 7.244841
v -81.883049 1.683202 7.207703
v -81.887123 1.699672 7.151103
v -81.830528 1.699672 7.127658
v -81.773933 1.699672 7.151103
v -81.750488 1.699672 7.207703
v -81.773933 1.699672 7.264302
v -81.830528 1.699672 7.287746
v -81.887123 1.699672 7.264302
v -81.910576 1.699672 7.207703
v -81.883064 1.737612 7.155169
v -81.830528 1.737612 7.133408
v -81.777992 1.737612 7.155169
v -81.756233 1.737612 7.207703
v -81.777992 1.737612 7.260237
v -81.830528 1.737612 7.281997
v -81.883064 1.737612 7.260237
v -81.904823 1.737612 7.207703
v -81.871094 1.743101 7.167140
v -81.830528 1.743101 7.150339
v -81.789963 1.743101 7.167140
v -81.773163 1.743101 7.207703
v -81.789963 1.743101 7.248265
v -81.830528 1.743101 7.265066
v -81.871094 1.743101 7.248265
v -81.887894 1.743101 7.207703
v -81.864250 1.767257 7.173981
v -81.830528 1.767257 7.160013
v -81.796806 1.767257 7.173981
v -81.782845 1.767257 7.207703
v -81.796806 1.767257 7.241424
v -81.830528 1.767257 7.255392
v -81.864250 1.767257 7.241424
v -81.878220 1.767257 7.207703
v -81.852280 1.773845 7.185953
v -81.830528 1.773845 7.176944
v -81.808784 1.773845 7.185953
v -81.799774 1.773845 7.207703
v -81.808784 1.773845 7.229452
v -81.830528 1.773845 7.238461
v -81.852280 1.773845 7.229452
v -81.861282 1.773845 7.207703
v -81.873230 1.796526 7.165003
v -81.830528 1.796526 7.147317
v -81.787827 1.796526 7.165003
v -81.770149 1.796526 7.207703
v -81.787827 1.796526 7.250401
v -81.830528 1.796526 7.268088
v -81.873230 1.796526 7.250401
v -81.890907 1.796526 7.207703
v -81.889908 1.830564 7.148323
v -81.830528 1.830564 7.123727
v -81.771149 1.830564 7.148323
v -81.746559 1.830564 7.207703
v -81.771149 1.830564 7.267082
v -81.830528 1.830564 7.291678
v -81.889908 1.830564 7.267082
v -81.914505 1.830564 7.207703
v -81.856544 1.852525 7.181684
v -81.830528 1.852525 7.170907
v -81.804512 1.852525 7.181684
v -81.793739 1.852525 7.207703
v -81.804512 1.852525 7.233721
v -81.830528 1.852525 7.244497
v -81.856544 1.852525 7.233721
v -81.867325 1.852525 7.207703
v -81.830528 1.883268 7.207703
v -81.883049 1.476344 8.641797
v -81.867668 1.476344 8.604658
v -81.830528 1.476344 8.589274
v -81.793388 1.476344 8.604658
v -81.778008 1.476344 8.641796
v -81.793388 1.476344 8.678935
v -81.830528 1.476344 8.694319
v -81.867668 1.476344 8.678935
v -81.910576 1.492814 8.641797
v -81.887123 1.492814 8.585196
v -81.830528 1.492814 8.561752
v -81.773933 1.492814 8.585196
v -81.750488 1.492814 8.641796
v -81.773933 1.492814 8.698397
v -81.830528 1.492814 8.721840
v -81.887123 1.492814 8.698397
v -81.904823 1.530753 8.641797
v -81.883064 1.530753 8.589263
v -81.830528 1.530753 8.567502
v -81.777992 1.530753 8.589263
v -81.756233 1.530753 8.641796
v -81.777992 1.530753 8.694331
v -81.830528 1.530753 8.716091
v -81.883064 1.530753 8.694331
v -81.887894 1.536243 8.641797
v -81.871094 1.536243 8.601234
v -81.830528 1.536243 8.584434
v -81.789963 1.536243 8.601233
v -81.773163 1.536243 8.641797
v -81.789963 1.536243 8.682359
v -81.830528 1.536243 8.699161
v -81.871094 1.536243 8.682359
v -81.878212 1.560399 8.641796
v -81.864250 1.560399 8.608075
v -81.830528 1.560399 8.594108
v -81.796806 1.560399 8.608076
v -81.782845 1.560399 8.641797
v -81.796806 1.560399 8.675518
v -81.830528 1.560399 8.689486
v -81.864250 1.560399 8.675518
v -81.861282 1.566987 8.641797
v -81.852272 1.566987 8.620048
v -81.830528 1.566987 8.611038
v -81.808784 1.566987 8.620048
v -81.799774 1.566987 8.641796
v -81.808784 1.566987 8.663547
v -81.830528 1.566987 8.672554
v -81.852272 1.566987 8.663547
v -81.890907 1.589669 8.641796
v -81.873230 1.589669 8.599097
v -81.830528 1.589669 8.581410
v -81.787827 1.589669 8.599098
v -81.770142 1.589669 8.641796
v -81.787827 1.589669 8.684496
v -81.830528 1.589669 8.702182
v -81.873230 1.589669 8.684496
v -81.914505 1.623706 8.641797
v -81.889908 1.623706 8.582417
v -81.830528 1.623706 8.557821
v -81.771149 1.623706 8.582417
v -81.746559 1.623706 8.641796
v -81.771149 1.623706 8.701176
v -81.830528 1.623706 8.725772
v -81.889908 1.623706 8.701177
v -81.867325 1.645666 8.641797
v -81.856544 1.645666 8.615779
v -81.830528 1.645666 8.605001
v -81.804512 1.645666 8.615779
v -81.793739 1.645666 8.641797
v -81.804512 1.645666 8.667815
v -81.830528 1.645666 8.678592
v -81.856544 1.645666 8.667814
v -81.830528 1.676410 8.641797
v -81.749954 0.583780 7.961513
v -81.749954 0.672445 7.228458
v -81.749954 0.702558 6.471873
v -81.749954 0.692732 7.979149
v -81.749954 0.782460 7.237305
v -81.749954 0.812747 6.471873
v -81.911102 0.692732 7.979149
v -81.911102 0.782460 7.237305
v -81.911102 0.812747 6.471873
v -81.911102 0.583780 7.961513
v -81.911102 0.672445 7.228458
v -81.911102 0.702558 6.471873
v -81.911102 0.415929 8.767801
v -81.749954 0.415929 8.767801
v -81.749954 0.522868 8.795108
v -81.911102 0.522868 8.795108
v -81.757683 0.478493 7.943878
v -81.757683 0.567158 7.219641
v -81.757683 0.593690 6.471873
v -81.768166 0.587445 7.961515
v -81.768166 0.677173 7.228488
v -81.768166 0.704060 6.471873
v -81.892891 0.587445 7.961515
v -81.892891 0.677173 7.228488
v -81.892899 0.704060 6.471873
v -81.903374 0.478493 7.943878
v -81.903374 0.567158 7.219641
v -81.903374 0.593690 6.471873
v -81.903374 0.314168 8.739588
v -81.757683 0.314168 8.739588
v -81.768166 0.421107 8.766893
v -81.892891 0.421107 8.766893
v -81.757683 0.376129 8.755408
v -81.903374 0.376129 8.755408
v -81.903374 0.541620 7.954097
v -81.903374 0.630901 7.224767
v -81.903374 0.657430 6.471873
v -81.757683 0.657430 6.471873
v -81.757683 0.630901 7.224767
v -81.757683 0.541620 7.954097
v -85.595833 0.524290 8.579780
v -85.639687 0.524290 8.597945
v -85.657852 0.524290 8.641796
v -85.639687 0.524290 8.685649
v -85.595833 0.524290 8.703813
v -85.551979 0.524290 8.685649
v -85.533813 0.524290 8.641796
v -85.551979 0.524290 8.597945
v -85.595833 1.516297 8.579780
v -85.639687 1.516297 8.597945
v -85.657852 1.516297 8.641796
v -85.639687 1.516297 8.685649
v -85.595833 1.516297 8.703813
v -85.551979 1.516297 8.685649
v -85.533813 1.516297 8.641796
v -85.551979 1.516297 8.597945
v -85.554665 1.112830 7.937868
v -85.553383 1.193035 7.203501
v -85.554031 1.218712 6.471874
v -85.554665 1.191592 7.950618
v -85.553383 1.274924 7.210086
v -85.554031 1.300789 6.471874
v -85.637299 1.191592 7.950618
v -85.638588 1.274924 7.210086
v -85.636108 1.300789 6.471874
v -85.637299 1.112830 7.937868
v -85.638588 1.193035 7.203501
v -85.636108 1.218712 6.471874
v -85.554375 1.063289 8.647468
v -85.554375 0.985259 8.628608
v -85.637589 0.985259 8.628608
v -85.637589 1.063289 8.647468
v -85.564865 1.260479 8.640996
v -85.564865 1.382592 7.971545
v -85.564865 1.464235 7.233028
v -85.564873 1.491931 6.471874
v -85.564865 1.319086 8.653327
v -85.564865 1.441877 7.980034
v -85.564865 1.523973 7.237282
v -85.564873 1.551820 6.471874
v -85.626793 1.319086 8.653327
v -85.626793 1.441877 7.980034
v -85.626793 1.523973 7.237282
v -85.626793 1.551820 6.471874
v -85.626793 1.260479 8.640996
v -85.626793 1.382592 7.971545
v -85.626793 1.464235 7.233028
v -85.626793 1.491931 6.471874
v -85.554550 1.289782 8.647162
v -85.554550 1.412235 7.975790
v -85.554550 1.494104 7.235156
v -85.554550 1.521876 6.471874
v -85.595833 1.328854 8.655383
v -85.595833 1.451758 7.981448
v -85.595833 1.533929 7.237991
v -85.595840 1.561802 6.471874
v -85.637123 1.289782 8.647162
v -85.637123 1.412235 7.975790
v -85.637123 1.494104 7.235156
v -85.637123 1.521876 6.471874
v -85.595833 1.250711 8.638941
v -85.595833 1.372711 7.970130
v -85.595833 1.454279 7.232319
v -85.595840 1.481950 6.471874
v -85.562424 0.674442 7.958164
v -85.562424 0.674442 7.891334
v -85.562424 1.161884 7.958164
v -85.562424 1.161884 7.891334
v -85.629250 1.161884 7.958164
v -85.629250 1.161884 7.891334
v -85.629250 0.674442 7.958164
v -85.629250 0.674442 7.891334
v -85.551979 0.722445 7.163850
v -85.595833 0.722445 7.145686
v -85.639679 0.722445 7.163850
v -85.657845 0.722445 7.207703
v -85.639679 0.722445 7.251554
v -85.595833 0.722445 7.269719
v -85.551979 0.722445 7.251554
v -85.533813 0.722445 7.207703
v -85.551979 1.714452 7.163850
v -85.595833 1.714452 7.145686
v -85.639679 1.714452 7.163850
v -85.657845 1.714452 7.207703
v -85.639679 1.714452 7.251554
v -85.595833 1.714452 7.269719
v -85.551979 1.714452 7.251554
v -85.533813 1.714452 7.207703
v -85.558701 1.683202 7.170564
v -85.543312 1.683202 7.207703
v -85.558701 1.683202 7.244841
v -85.595833 1.683202 7.260224
v -85.632973 1.683202 7.244841
v -85.648354 1.683202 7.207703
v -85.632973 1.683202 7.170564
v -85.595833 1.683202 7.155180
v -85.539230 1.699672 7.151103
v -85.515785 1.699672 7.207703
v -85.539230 1.699672 7.264302
v -85.595833 1.699672 7.287746
v -85.652435 1.699672 7.264302
v -85.675873 1.699672 7.207703
v -85.652435 1.699672 7.151103
v -85.595833 1.699672 7.127658
v -85.543289 1.737612 7.155168
v -85.521538 1.737612 7.207703
v -85.543289 1.737612 7.260237
v -85.595833 1.737612 7.281997
v -85.648361 1.737612 7.260237
v -85.670128 1.737612 7.207703
v -85.648361 1.737612 7.155168
v -85.595833 1.737612 7.133407
v -85.555267 1.743101 7.167140
v -85.538467 1.743101 7.207703
v -85.555267 1.743101 7.248265
v -85.595833 1.743101 7.265066
v -85.636391 1.743101 7.248265
v -85.653198 1.743101 7.207703
v -85.636391 1.743101 7.167140
v -85.595833 1.743101 7.150339
v -85.562111 1.767257 7.173981
v -85.548141 1.767257 7.207703
v -85.562111 1.767257 7.241424
v -85.595833 1.767257 7.255392
v -85.629547 1.767257 7.241424
v -85.643517 1.767257 7.207703
v -85.629547 1.767257 7.173981
v -85.595833 1.767257 7.160013
v -85.574081 1.773845 7.185953
v -85.565079 1.773845 7.207703
v -85.574081 1.773845 7.229452
v -85.595833 1.773845 7.238461
v -85.617584 1.773845 7.229452
v -85.626595 1.773845 7.207703
v -85.617584 1.773845 7.185953
v -85.595833 1.773845 7.176944
v -85.553139 1.796526 7.165003
v -85.535446 1.796526 7.207703
v -85.553139 1.796526 7.250401
v -85.595833 1.796526 7.268087
v -85.638535 1.796526 7.250401
v -85.656212 1.796526 7.207703
v -85.638535 1.796526 7.165003
v -85.595833 1.796526 7.147317
v -85.536453 1.830564 7.148323
v -85.511856 1.830564 7.207703
v -85.536453 1.830564 7.267082
v -85.595833 1.830564 7.291678
v -85.655205 1.830564 7.267082
v -85.679810 1.830564 7.207703
v -85.655205 1.830564 7.148323
v -85.595833 1.830564 7.123727
v -85.569809 1.852525 7.181684
v -85.559036 1.852525 7.207703
v -85.569809 1.852525 7.233720
v -85.595833 1.852525 7.244497
v -85.621849 1.852525 7.233720
v -85.632622 1.852525 7.207703
v -85.621849 1.852525 7.181684
v -85.595833 1.852525 7.170907
v -85.595833 1.883268 7.207703
v -85.595833 1.476344 8.589274
v -85.558701 1.476344 8.604658
v -85.543304 1.476344 8.641797
v -85.558701 1.476344 8.678935
v -85.595833 1.476344 8.694319
v -85.632973 1.476344 8.678935
v -85.648354 1.476344 8.641796
v -85.632973 1.476344 8.604658
v -85.595833 1.492814 8.561752
v -85.539230 1.492814 8.585196
v -85.515785 1.492814 8.641797
v -85.539230 1.492814 8.698397
v -85.595833 1.492814 8.721840
v -85.652435 1.492814 8.698397
v -85.675873 1.492814 8.641796
v -85.652435 1.492814 8.585196
v -85.595833 1.530753 8.567502
v -85.543289 1.530753 8.589263
v -85.521538 1.530753 8.641797
v -85.543289 1.530753 8.694331
v -85.595833 1.530753 8.716091
v -85.648361 1.530753 8.694331
v -85.670128 1.530753 8.641796
v -85.648361 1.530753 8.589263
v -85.595833 1.536243 8.584434
v -85.555267 1.536243 8.601234
v -85.538467 1.536243 8.641796
v -85.555267 1.536243 8.682359
v -85.595833 1.536243 8.699161
v -85.636391 1.536243 8.682359
v -85.653198 1.536243 8.641797
v -85.636391 1.536243 8.601233
v -85.595833 1.560399 8.594108
v -85.562111 1.560399 8.608075
v -85.548141 1.560399 8.641796
v -85.562111 1.560399 8.675518
v -85.595833 1.560399 8.689486
v -85.629547 1.560399 8.675518
v -85.643517 1.560399 8.641797
v -85.629547 1.560399 8.608075
v -85.595833 1.566987 8.611038
v -85.574081 1.566987 8.620048
v -85.565079 1.566987 8.641796
v -85.574081 1.566987 8.663547
v -85.595833 1.566987 8.672554
v -85.617584 1.566987 8.663547
v -85.626595 1.566987 8.641796
v -85.617577 1.566987 8.620048
v -85.595833 1.589669 8.581410
v -85.553139 1.589669 8.599097
v -85.535446 1.589669 8.641796
v -85.553139 1.589669 8.684496
v -85.595833 1.589669 8.702182
v -85.638535 1.589669 8.684496
v -85.656212 1.589669 8.641796
v -85.638535 1.589669 8.599097
v -85.595833 1.623706 8.557821
v -85.536453 1.623706 8.582417
v -85.511856 1.623706 8.641796
v -85.536453 1.623706 8.701177
v -85.595833 1.623706 8.725772
v -85.655205 1.623706 8.701176
v -85.679810 1.623706 8.641796
v -85.655205 1.623706 8.582417
v -85.595833 1.645666 8.605001
v -85.569809 1.645666 8.615779
v -85.559036 1.645666 8.641796
v -85.569809 1.645666 8.667814
v -85.595833 1.645666 8.678592
v -85.621849 1.645666 8.667815
v -85.632622 1.645666 8.641797
v -85.621849 1.645666 8.615779
v -85.595833 1.676410 8.641797
v -85.562424 0.769138 6.521038
v -85.562424 0.770084 6.471838
v -85.562424 1.256580 6.521038
v -85.562424 1.257020 6.471838
v -85.629250 1.256580 6.521038
v -85.629250 1.257020 6.471838
v -85.629250 0.769138 6.521038
v -85.629250 0.769578 6.471838
v -85.515266 0.583780 7.961513
v -85.515266 0.672445 7.228458
v -85.515266 0.702500 6.471874
v -85.515266 0.692732 7.979149
v -85.515266 0.782460 7.237305
v -85.515266 0.812493 6.471874
v -85.676407 0.692732 7.979149
v -85.676407 0.782460 7.237305
v -85.676407 0.812493 6.471874
v -85.676407 0.583780 7.961513
v -85.676407 0.672445 7.228458
v -85.676407 0.702500 6.471874
v -85.676407 0.415929 8.767801
v -85.515266 0.415929 8.767801
v -85.515266 0.522868 8.795108
v -85.676407 0.522868 8.795108
v -85.522987 0.478493 7.943878
v -85.522987 0.567158 7.219641
v -85.522995 0.593690 6.471874
v -85.533463 0.587445 7.961515
v -85.533463 0.677173 7.228488
v -85.533470 0.704060 6.471874
v -85.658195 0.587445 7.961515
v -85.658195 0.677173 7.228488
v -85.658195 0.704060 6.471874
v -85.668678 0.478493 7.943878
v -85.668678 0.567158 7.219641
v -85.668686 0.593690 6.471874
v -85.668678 0.314168 8.739588
v -85.522987 0.314168 8.739588
v -85.533463 0.421107 8.766893
v -85.658195 0.421107 8.766893
v -85.522987 0.376129 8.755408
v -85.668678 0.376129 8.755408
v -85.668678 0.541620 7.954097
v -85.668678 0.630901 7.224767
v -85.668686 0.657430 6.471874
v -85.522995 0.657430 6.471874
v -85.522987 0.630901 7.224767
v -85.522987 0.541620 7.954097
v -81.830528 0.659402 7.610610
v -81.830528 0.682992 7.394896
v -81.830528 0.707911 7.616577
v -81.830528 0.731627 7.399723
v -85.595833 0.707911 7.616577
v -85.595833 0.731627 7.399723
v -85.595833 0.659402 7.610610
v -85.595833 0.682992 7.394896
v -81.830528 0.629101 7.837652
v -81.830528 0.657944 7.622587
v -81.830528 0.677450 7.844820
v -81.830528 0.706446 7.628618
v -85.595833 0.677450 7.844820
v -85.595833 0.706446 7.628618
v -85.595833 0.629101 7.837652
v -85.595833 0.657944 7.622587
v -81.830528 0.551938 8.289142
v -81.830528 0.591232 8.075766
v -81.830528 0.599880 8.298696
v -81.830528 0.639381 8.084191
v -85.595833 0.599880 8.298696
v -85.595833 0.639381 8.084191
v -85.595833 0.551938 8.289142
v -85.595833 0.591232 8.075766
v -81.830528 0.504153 8.517695
v -81.830528 0.548739 8.305378
v -81.830528 0.551842 8.528457
v -81.830528 0.596664 8.315018
v -85.595833 0.551842 8.528457
v -85.595833 0.596664 8.315018
v -85.595833 0.504153 8.517695
v -85.595833 0.548739 8.305378
v -81.830528 0.451505 8.740484
v -81.830528 0.501840 8.529477
v -81.830528 0.498884 8.752558
v -81.830528 0.549485 8.540436
v -85.595833 0.498884 8.752558
v -85.595833 0.549485 8.540436
v -85.595833 0.451505 8.740484
v -85.595833 0.501840 8.529477
v -81.830528 0.593272 8.063875
v -81.830528 0.627351 7.849590
v -81.830528 0.641432 8.072238
v -81.830528 0.675691 7.856820
v -85.595833 0.641432 8.072238
v -85.595833 0.675691 7.856820
v -85.595833 0.593272 8.063875
v -85.595833 0.627351 7.849590
v -81.830528 0.684158 7.382885
v -81.830528 0.702481 7.166651
v -81.830528 0.732798 7.387649
v -81.830528 0.751219 7.170272
v -85.595833 0.732798 7.387649
v -85.595833 0.751219 7.170272
v -85.595833 0.684158 7.382885
v -85.595833 0.702481 7.166651
v -81.830528 0.725021 6.696997
v -81.830528 0.727489 6.478923
v -81.830528 0.773877 6.698135
v -81.830528 0.776358 6.478914
v -85.595833 0.773877 6.698135
v -85.595833 0.776358 6.478914
v -85.595833 0.725021 6.696997
v -85.595833 0.727489 6.478923
v -81.830528 0.716977 6.925941
v -81.830528 0.724736 6.709060
v -81.830528 0.765791 6.928289
v -81.830528 0.773591 6.710262
v -85.595833 0.765791 6.928289
v -85.595833 0.773591 6.710262
v -85.595833 0.716977 6.925941
v -85.595833 0.724736 6.709060
v -81.830528 0.703353 7.154616
v -81.830528 0.716399 6.937994
v -81.830528 0.752095 7.158174
v -81.830528 0.765210 6.940406
v -85.595833 0.752095 7.158174
v -85.595833 0.765210 6.940406
v -85.595833 0.703353 7.154616
v -85.595833 0.716399 6.937994
v -81.830536 0.355967 4.283395
v -81.830536 0.341903 4.317349
v -81.830536 0.355967 4.351301
v -81.830536 0.389921 4.365366
v -81.830536 0.423874 4.351301
v -81.830536 0.437938 4.317349
v -81.830536 0.423874 4.283395
v -81.830536 0.389921 4.269332
v -85.599792 0.355967 4.283395
v -85.599792 0.341903 4.317349
v -85.599792 0.355967 4.351301
v -85.599792 0.389921 4.365366
v -85.599792 0.423874 4.351301
v -85.599792 0.437938 4.317349
v -85.599792 0.423874 4.283395
v -85.599792 0.389921 4.269332
v -85.629250 0.770018 2.203568
v -85.629250 0.770018 2.158413
v -85.629250 1.257460 2.203568
v -85.629250 1.257460 2.158413
v -85.562424 1.257460 2.203568
v -85.562424 1.257460 2.158413
v -85.562424 0.770018 2.203568
v -85.562424 0.770524 2.158413
v -85.639687 1.700552 4.357453
v -85.595848 1.700552 4.375620
v -85.551987 1.700552 4.357453
v -85.533821 1.700552 4.313601
v -85.551987 1.700552 4.269752
v -85.595848 1.700552 4.251587
v -85.639687 1.700552 4.269752
v -85.657867 1.700552 4.313601
v -85.533821 0.627479 5.747696
v -85.551987 0.627479 5.703843
v -85.595848 0.627479 5.685681
v -85.639687 0.627479 5.703843
v -85.657867 0.627479 5.747696
v -85.639687 0.627479 5.791549
v -85.595848 0.627479 5.809713
v -85.551987 0.627479 5.791549
v -85.533821 1.715332 5.747696
v -85.551987 1.715332 5.703843
v -85.595848 1.715332 5.685681
v -85.639687 1.715332 5.703843
v -85.657867 1.715332 5.747696
v -85.639687 1.715332 5.791549
v -85.595848 1.715332 5.809713
v -85.551987 1.715332 5.791549
v -85.543312 1.684082 5.747696
v -85.558708 1.684082 5.784834
v -85.595848 1.684082 5.800217
v -85.632980 1.684082 5.784834
v -85.648361 1.684082 5.747696
v -85.632980 1.684082 5.710558
v -85.595848 1.684082 5.695175
v -85.558708 1.684082 5.710558
v -85.515800 1.700552 5.747696
v -85.539238 1.700552 5.804296
v -85.595848 1.700552 5.827740
v -85.652435 1.700552 5.804296
v -85.675880 1.700552 5.747696
v -85.652435 1.700552 5.691096
v -85.595848 1.700552 5.667652
v -85.539246 1.700552 5.691097
v -85.521545 1.738491 5.747695
v -85.543304 1.738491 5.800231
v -85.595848 1.738491 5.821990
v -85.648376 1.738491 5.800229
v -85.670135 1.738491 5.747696
v -85.648376 1.738491 5.695162
v -85.595848 1.738491 5.673401
v -85.543304 1.738491 5.695162
v -85.538483 1.743981 5.747695
v -85.555275 1.743981 5.788258
v -85.595848 1.743981 5.805060
v -85.636406 1.743981 5.788259
v -85.653198 1.743981 5.747696
v -85.636406 1.743981 5.707134
v -85.595848 1.743981 5.690332
v -85.555275 1.743981 5.707134
v -85.548157 1.768137 5.747696
v -85.562119 1.768137 5.781418
v -85.595848 1.768137 5.795385
v -85.629555 1.768137 5.781416
v -85.643532 1.768137 5.747696
v -85.629555 1.768137 5.713974
v -85.595848 1.768137 5.700006
v -85.562119 1.768137 5.713974
v -85.565086 1.774725 5.747696
v -85.574089 1.774725 5.769445
v -85.595848 1.774725 5.778455
v -85.617592 1.774725 5.769445
v -85.626602 1.774725 5.747696
v -85.617592 1.774725 5.725947
v -85.595848 1.774725 5.716938
v -85.574089 1.774725 5.725947
v -85.535454 1.797406 5.747696
v -85.553139 1.797406 5.790396
v -85.595848 1.797406 5.808083
v -85.638542 1.797406 5.790394
v -85.656219 1.797406 5.747696
v -85.638542 1.797406 5.704999
v -85.595848 1.797406 5.687312
v -85.553139 1.797406 5.704997
v -85.511864 1.831444 5.747696
v -85.536461 1.831444 5.807076
v -85.595848 1.831444 5.831671
v -85.655212 1.831444 5.807076
v -85.679817 1.831444 5.747696
v -85.655220 1.831444 5.688317
v -85.595848 1.831444 5.663721
v -85.536461 1.831444 5.688316
v -85.559052 1.853404 5.747696
v -85.569824 1.853404 5.773715
v -85.595848 1.853404 5.784492
v -85.621864 1.853404 5.773713
v -85.632637 1.853404 5.747696
v -85.621864 1.853404 5.721679
v -85.595848 1.853404 5.710902
v -85.569824 1.853404 5.721677
v -85.595848 1.884148 5.747695
v -85.632980 1.684082 4.350739
v -85.648361 1.684082 4.313601
v -85.632980 1.684082 4.276464
v -85.595848 1.684082 4.261082
v -85.558708 1.684082 4.276464
v -85.543320 1.684082 4.313601
v -85.558708 1.684082 4.350739
v -85.595848 1.684082 4.366124
v -85.652435 1.700552 4.370202
v -85.675880 1.700552 4.313601
v -85.652435 1.700552 4.257002
v -85.595848 1.700552 4.233559
v -85.539238 1.700552 4.257002
v -85.515800 1.700552 4.313601
v -85.539238 1.700552 4.370202
v -85.595848 1.700552 4.393646
v -85.648376 1.738491 4.366137
v -85.670135 1.738491 4.313601
v -85.648376 1.738491 4.261067
v -85.595848 1.738491 4.239308
v -85.543304 1.738491 4.261067
v -85.521545 1.738491 4.313601
v -85.543304 1.738491 4.366137
v -85.595848 1.738491 4.387897
v -85.636406 1.743981 4.354164
v -85.653198 1.743981 4.313601
v -85.636406 1.743981 4.273041
v -85.595848 1.743981 4.256239
v -85.555275 1.743981 4.273041
v -85.538475 1.743981 4.313601
v -85.555275 1.743981 4.354164
v -85.595848 1.743981 4.370965
v -85.629562 1.768137 4.347323
v -85.643532 1.768137 4.313601
v -85.629562 1.768137 4.279881
v -85.595848 1.768137 4.265914
v -85.562119 1.768137 4.279881
v -85.548157 1.768137 4.313601
v -85.562119 1.768137 4.347323
v -85.595848 1.768137 4.361291
v -85.617592 1.774725 4.335352
v -85.626602 1.774725 4.313601
v -85.617592 1.774725 4.291854
v -85.595848 1.774725 4.282845
v -85.574089 1.774725 4.291854
v -85.565086 1.774725 4.313601
v -85.574089 1.774725 4.335352
v -85.595848 1.774725 4.344362
v -85.638542 1.797406 4.356301
v -85.656219 1.797406 4.313601
v -85.638542 1.797406 4.270903
v -85.595848 1.797406 4.253217
v -85.553139 1.797406 4.270903
v -85.535461 1.797406 4.313601
v -85.553139 1.797406 4.356301
v -85.595848 1.797406 4.373989
v -85.655220 1.831444 4.372982
v -85.679817 1.831444 4.313601
v -85.655220 1.831444 4.254221
v -85.595848 1.831444 4.229628
v -85.536461 1.831444 4.254221
v -85.511864 1.831444 4.313601
v -85.536461 1.831444 4.372982
v -85.595848 1.831444 4.397578
v -85.621864 1.853404 4.339619
v -85.632637 1.853404 4.313601
v -85.621864 1.853404 4.287585
v -85.595848 1.853404 4.276806
v -85.569824 1.853404 4.287585
v -85.559044 1.853404 4.313601
v -85.569824 1.853404 4.339619
v -85.595848 1.853404 4.350398
v -85.595848 1.884148 4.313601
v -85.629250 0.770018 6.427384
v -85.629250 1.257460 6.427384
v -85.562424 1.257460 6.427384
v -85.562424 0.770018 6.427384
v -85.637512 1.296098 5.734607
v -85.555634 1.296098 5.734623
v -85.555634 1.217829 5.734623
v -85.637512 1.217829 5.734607
v -85.556732 1.296026 4.315775
v -85.637344 1.296026 4.315800
v -85.637344 1.217898 4.315775
v -85.556732 1.217898 4.315751
v -85.638283 1.217836 2.896085
v -85.635956 1.219196 2.158416
v -85.638283 1.299725 2.896397
v -85.635956 1.301273 2.158416
v -85.553093 1.299725 2.896397
v -85.553886 1.301273 2.158416
v -85.553093 1.217836 2.896085
v -85.553886 1.219196 2.158416
v -85.626801 1.493078 4.315775
v -85.626801 1.492882 2.897473
v -85.626801 1.492371 2.158416
v -85.626801 1.551685 4.315775
v -85.626801 1.552620 2.897676
v -85.626801 1.552260 2.158416
v -85.564880 1.551685 4.315775
v -85.564880 1.552620 2.897676
v -85.564880 1.552260 2.158416
v -85.564880 1.493078 4.315775
v -85.564880 1.492882 2.897473
v -85.564880 1.492371 2.158416
v -85.637123 1.522382 4.315775
v -85.637123 1.522751 2.897575
v -85.637123 1.522316 2.158416
v -85.595848 1.561453 4.315775
v -85.595848 1.562576 2.897708
v -85.595848 1.562242 2.158416
v -85.554550 1.522382 4.315775
v -85.554550 1.522751 2.897575
v -85.554550 1.522316 2.158416
v -85.595848 1.483311 4.315775
v -85.595848 1.482926 2.897442
v -85.595848 1.482390 2.158416
v -85.626801 1.492882 5.734684
v -85.626801 1.552620 5.734694
v -85.564880 1.552620 5.734694
v -85.564880 1.492882 5.734684
v -85.637123 1.522751 5.734689
v -85.595848 1.562576 5.734696
v -85.554550 1.522751 5.734689
v -85.595848 1.482926 5.734682
v -85.533829 0.627479 2.883854
v -85.551987 0.627479 2.927707
v -85.595848 0.627479 2.945870
v -85.639687 0.627479 2.927707
v -85.657867 0.627479 2.883854
v -85.639687 0.627479 2.840001
v -85.595848 0.627479 2.821838
v -85.551987 0.627479 2.840001
v -85.533829 1.715332 2.883854
v -85.551987 1.715332 2.927707
v -85.595848 1.715332 2.945870
v -85.639687 1.715332 2.927707
v -85.657867 1.715332 2.883854
v -85.639687 1.715332 2.840001
v -85.595848 1.715332 2.821838
v -85.551987 1.715332 2.840001
v -85.543312 1.684082 2.883855
v -85.558708 1.684082 2.846717
v -85.595848 1.684082 2.831331
v -85.632980 1.684082 2.846717
v -85.648361 1.684082 2.883854
v -85.632980 1.684082 2.920994
v -85.595848 1.684082 2.936375
v -85.558708 1.684082 2.920992
v -85.515800 1.700552 2.883855
v -85.539238 1.700552 2.827255
v -85.595848 1.700552 2.803810
v -85.652435 1.700552 2.827254
v -85.675880 1.700552 2.883855
v -85.652435 1.700552 2.940453
v -85.595848 1.700552 2.963898
v -85.539238 1.700552 2.940454
v -85.521545 1.738491 2.883855
v -85.543304 1.738491 2.831319
v -85.595848 1.738491 2.809559
v -85.648376 1.738491 2.831319
v -85.670135 1.738491 2.883855
v -85.648376 1.738491 2.936388
v -85.595848 1.738491 2.958149
v -85.543304 1.738491 2.936388
v -85.538483 1.743981 2.883855
v -85.555275 1.743981 2.843291
v -85.595848 1.743981 2.826489
v -85.636406 1.743981 2.843291
v -85.653198 1.743981 2.883855
v -85.636406 1.743981 2.924415
v -85.595848 1.743981 2.941217
v -85.555275 1.743981 2.924416
v -85.548157 1.768137 2.883855
v -85.562119 1.768137 2.850132
v -85.595848 1.768137 2.836164
v -85.629555 1.768137 2.850132
v -85.643532 1.768137 2.883855
v -85.629555 1.768137 2.917575
v -85.595848 1.768137 2.931542
v -85.562119 1.768137 2.917575
v -85.565086 1.774725 2.883855
v -85.574089 1.774725 2.862104
v -85.595848 1.774725 2.853095
v -85.617592 1.774725 2.862104
v -85.626602 1.774725 2.883854
v -85.617592 1.774725 2.905602
v -85.595848 1.774725 2.914612
v -85.574089 1.774725 2.905602
v -85.535461 1.797406 2.883854
v -85.553139 1.797406 2.841154
v -85.595848 1.797406 2.823469
v -85.638542 1.797406 2.841156
v -85.656219 1.797406 2.883854
v -85.638542 1.797406 2.926552
v -85.595848 1.797406 2.944240
v -85.553139 1.797406 2.926553
v -85.511864 1.831444 2.883855
v -85.536461 1.831444 2.824474
v -85.595848 1.831444 2.799880
v -85.655212 1.831444 2.824474
v -85.679817 1.831444 2.883854
v -85.655220 1.831444 2.943233
v -85.595848 1.831444 2.967831
v -85.536461 1.831444 2.943233
v -85.559052 1.853404 2.883855
v -85.569824 1.853404 2.857837
v -85.595848 1.853404 2.847057
v -85.621864 1.853404 2.857837
v -85.632637 1.853404 2.883855
v -85.621864 1.853404 2.909870
v -85.595848 1.853404 2.920650
v -85.569824 1.853404 2.909870
v -85.595848 1.884148 2.883855
v -85.676407 0.702994 2.158416
v -85.676407 0.812805 2.158416
v -85.515266 0.812805 2.158416
v -85.515266 0.702994 2.158416
v -85.668694 0.475846 4.993887
v -85.668694 0.564511 5.726942
v -85.658203 0.584797 4.976250
v -85.658203 0.674526 5.718094
v -85.533478 0.584797 4.976250
v -85.533478 0.674526 5.718094
v -85.523003 0.475846 4.993887
v -85.523003 0.564511 5.726942
v -85.523003 0.334678 4.318240
v -85.668694 0.334678 4.318240
v -85.658203 0.447302 4.318240
v -85.533478 0.447302 4.318240
v -85.668694 0.475846 3.637663
v -85.668694 0.564511 2.904608
v -85.668694 0.594130 2.158416
v -85.658203 0.584797 3.655301
v -85.658203 0.674526 2.913456
v -85.658203 0.704500 2.158416
v -85.533478 0.584797 3.655301
v -85.533478 0.674526 2.913456
v -85.533478 0.704500 2.158416
v -85.523003 0.475846 3.637663
v -85.523003 0.564511 2.904608
v -85.523003 0.594130 2.158416
v -85.668694 0.627838 2.909703
v -85.668694 0.657662 2.158416
v -85.523003 0.657662 2.158416
v -85.523003 0.627838 2.909703
v -85.523003 0.538561 3.647815
v -85.523003 0.399507 4.318240
v -85.523003 0.538561 4.983735
v -85.523003 0.627838 5.721848
v -85.668694 0.627838 5.721848
v -85.668694 0.538561 4.983735
v -85.668694 0.399507 4.318240
v -85.668694 0.538561 3.647815
v -85.629250 0.557654 4.997235
v -85.629250 0.557654 5.064064
v -85.629250 1.248818 4.997235
v -85.629250 1.248818 5.064064
v -85.562424 1.248818 4.997235
v -85.562424 1.248818 5.064064
v -85.562424 0.557654 4.997235
v -85.562424 0.557654 5.064064
v -85.629250 0.557654 3.634316
v -85.629250 0.557654 3.567486
v -85.629250 1.248818 3.634316
v -85.629250 1.248818 3.567486
v -85.562424 1.248818 3.634316
v -85.562424 1.248818 3.567486
v -85.562424 0.557654 3.634316
v -85.562424 0.557654 3.567486
v -81.830536 0.725659 4.426378
v -81.830536 0.725659 4.211094
v -81.830536 0.774985 4.427506
v -81.830536 0.774985 4.211083
v -85.595848 0.774985 4.427506
v -85.595848 0.774985 4.211083
v -85.595848 0.725659 4.426378
v -85.595848 0.725659 4.211094
v -81.830536 0.725659 4.653505
v -81.830536 0.725659 4.438345
v -81.830536 0.774985 4.655834
v -81.830536 0.774985 4.439537
v -85.595848 0.774985 4.655834
v -85.595848 0.774985 4.439537
v -85.595848 0.725659 4.653505
v -85.595848 0.725659 4.438345
v -81.830536 0.725659 5.332741
v -81.830536 0.725659 5.118736
v -81.830536 0.774985 5.338659
v -81.830536 0.774985 5.123526
v -85.595848 0.774985 5.338659
v -85.595848 0.774985 5.123526
v -85.595848 0.725659 5.332741
v -85.595848 0.725659 5.118736
v -81.830536 0.725659 5.557979
v -81.830536 0.725659 5.344622
v -81.830536 0.774985 5.565091
v -81.830536 0.774985 5.350605
v -85.595848 0.774985 5.565091
v -85.595848 0.774985 5.350605
v -85.595848 0.725659 5.557979
v -85.595848 0.725659 5.344622
v -81.830536 0.725659 6.005886
v -81.830536 0.725659 5.794203
v -81.830536 0.774985 6.015365
v -81.830536 0.774985 5.802562
v -85.595848 0.774985 6.015365
v -85.595848 0.774985 5.802562
v -85.595848 0.725659 6.005886
v -85.595848 0.725659 5.794203
v -81.830536 0.725659 6.223218
v -81.830536 0.725659 6.021993
v -81.830536 0.774985 6.233895
v -81.830536 0.774985 6.031557
v -85.595848 0.774985 6.233895
v -85.595848 0.774985 6.031557
v -85.595848 0.725659 6.223218
v -85.595848 0.725659 6.021993
v -81.830536 0.725659 6.453779
v -81.830536 0.725659 6.244306
v -81.830536 0.774985 6.465623
v -81.830536 0.774985 6.255044
v -85.595848 0.774985 6.465623
v -85.595848 0.774985 6.255044
v -85.595848 0.725659 6.453779
v -85.595848 0.725659 6.244306
v -81.830536 0.725659 5.782407
v -81.830536 0.725659 5.569823
v -81.830536 0.774985 5.790703
v -81.830536 0.774985 5.576996
v -85.595848 0.774985 5.790703
v -85.595848 0.774985 5.576996
v -85.595848 0.725659 5.782407
v -85.595848 0.725659 5.569823
v -81.830536 0.725659 4.880366
v -81.830536 0.725659 4.665462
v -81.830536 0.774985 4.883894
v -81.830536 0.774985 4.667856
v -85.595848 0.774985 4.883894
v -85.595848 0.774985 4.667856
v -85.595848 0.725659 4.880366
v -85.595848 0.725659 4.665462
v -81.830536 0.725659 5.106824
v -81.830536 0.725659 4.892305
v -81.830536 0.774985 5.111549
v -81.830536 0.774985 4.895897
v -85.595848 0.774985 5.111549
v -85.595848 0.774985 4.895897
v -85.595848 0.725659 5.106824
v -85.595848 0.725659 4.892305
v -81.830536 0.725659 2.392374
v -81.830536 0.725659 2.177215
v -81.830536 0.774985 2.391865
v -81.830536 0.774985 2.175569
v -85.595848 0.774985 2.391865
v -85.595848 0.774985 2.175569
v -85.595848 0.725659 2.392374
v -85.595848 0.725659 2.177215
v -81.830536 0.725659 3.074448
v -81.830536 0.725659 2.860444
v -81.830536 0.774985 3.074690
v -81.830536 0.774985 2.859555
v -85.595848 0.774985 3.074690
v -85.595848 0.774985 2.859555
v -85.595848 0.725659 3.074448
v -85.595848 0.725659 2.860444
v -81.830536 0.725659 3.302526
v -81.830536 0.725659 3.086330
v -81.830536 0.774985 3.301120
v -81.830536 0.774985 3.086634
v -85.595848 0.774985 3.301120
v -85.595848 0.774985 3.086634
v -85.595848 0.725659 3.302526
v -85.595848 0.725659 3.086330
v -81.830536 0.725659 3.753273
v -81.830536 0.725659 3.538750
v -81.830536 0.774985 3.751395
v -81.830536 0.774985 3.538592
v -85.595848 0.774985 3.751395
v -85.595848 0.774985 3.538592
v -85.595848 0.725659 3.753273
v -85.595848 0.725659 3.538750
v -81.830536 0.725659 3.980009
v -81.830536 0.725659 3.769379
v -81.830536 0.774985 3.979332
v -81.830536 0.774985 3.767587
v -85.595848 0.774985 3.979332
v -85.595848 0.774985 3.767587
v -85.595848 0.725659 3.980009
v -85.595848 0.725659 3.769379
v -81.830536 0.725659 4.201164
v -81.830536 0.725659 3.991691
v -81.830536 0.774985 4.201653
v -81.830536 0.774985 3.991074
v -85.595848 0.774985 4.201653
v -85.595848 0.774985 3.991074
v -85.595848 0.725659 4.201164
v -85.595848 0.725659 3.991691
v -81.830536 0.725659 3.526954
v -81.830536 0.725659 3.314369
v -81.830536 0.774985 3.526733
v -81.830536 0.774985 3.313025
v -85.595848 0.774985 3.526733
v -85.595848 0.774985 3.313025
v -85.595848 0.725659 3.526954
v -85.595848 0.725659 3.314369
v -81.830536 0.725659 2.622072
v -81.830536 0.725659 2.404331
v -81.830536 0.774985 2.619923
v -81.830536 0.774985 2.403885
v -85.595848 0.774985 2.619923
v -85.595848 0.774985 2.403885
v -85.595848 0.725659 2.622072
v -85.595848 0.725659 2.404331
v -81.830536 0.725659 2.848530
v -81.830536 0.725659 2.634011
v -81.830536 0.774985 2.847579
v -81.830536 0.774985 2.631927
v -85.595848 0.774985 2.847579
v -85.595848 0.774985 2.631927
v -85.595848 0.725659 2.848530
v -85.595848 0.725659 2.634011
v -81.797119 0.770018 6.427383
v -81.797119 1.257460 6.427383
v -81.863953 1.257460 6.427383
v -81.863953 0.770018 6.427383
v -81.786682 1.700552 4.273497
v -81.830536 1.700552 4.255332
v -81.874390 1.700552 4.273497
v -81.892555 1.700552 4.317349
v -81.874390 1.700552 4.361199
v -81.830536 1.700552 4.379365
v -81.786682 1.700552 4.361199
v -81.768517 1.700552 4.317349
v -81.892555 0.627479 2.883255
v -81.874390 0.627479 2.927108
v -81.830536 0.627479 2.945271
v -81.786682 0.627479 2.927108
v -81.768517 0.627479 2.883255
v -81.786682 0.627479 2.839404
v -81.830536 0.627479 2.821239
v -81.874390 0.627479 2.839404
v -81.892555 1.715332 2.883255
v -81.874390 1.715332 2.927108
v -81.830536 1.715332 2.945271
v -81.786682 1.715332 2.927108
v -81.768517 1.715332 2.883255
v -81.786682 1.715332 2.839404
v -81.830536 1.715332 2.821239
v -81.874390 1.715332 2.839404
v -81.883057 1.684082 2.883255
v -81.867676 1.684082 2.846116
v -81.830536 1.684082 2.830732
v -81.793396 1.684082 2.846116
v -81.778015 1.684082 2.883255
v -81.793396 1.684082 2.920393
v -81.830536 1.684082 2.935778
v -81.867676 1.684082 2.920395
v -81.910576 1.700552 2.883255
v -81.887138 1.700552 2.826655
v -81.830536 1.700552 2.803212
v -81.773933 1.700552 2.826656
v -81.750488 1.700552 2.883255
v -81.773933 1.700552 2.939856
v -81.830536 1.700552 2.963298
v -81.887138 1.700552 2.939854
v -81.904831 1.738491 2.883256
v -81.883072 1.738491 2.830722
v -81.830536 1.738491 2.808960
v -81.778000 1.738491 2.830720
v -81.756241 1.738491 2.883255
v -81.778008 1.738491 2.935791
v -81.830536 1.738491 2.957551
v -81.883072 1.738491 2.935789
v -81.887901 1.743981 2.883256
v -81.871101 1.743981 2.842693
v -81.830536 1.743981 2.825891
v -81.789970 1.743981 2.842692
v -81.773170 1.743981 2.883255
v -81.789970 1.743981 2.923819
v -81.830536 1.743981 2.940620
v -81.871094 1.743981 2.923819
v -81.878227 1.768137 2.883255
v -81.864258 1.768137 2.849533
v -81.830536 1.768137 2.835567
v -81.796814 1.768137 2.849534
v -81.782852 1.768137 2.883255
v -81.796814 1.768137 2.916977
v -81.830536 1.768137 2.930944
v -81.864258 1.768137 2.916977
v -81.861290 1.774725 2.883255
v -81.852287 1.774725 2.861507
v -81.830536 1.774725 2.852496
v -81.808784 1.774725 2.861506
v -81.799782 1.774725 2.883255
v -81.808792 1.774725 2.905005
v -81.830536 1.774725 2.914013
v -81.852287 1.774725 2.905005
v -81.890923 1.797406 2.883255
v -81.873238 1.797406 2.840557
v -81.830536 1.797406 2.822870
v -81.787834 1.797406 2.840555
v -81.770149 1.797406 2.883255
v -81.787834 1.797406 2.925956
v -81.830536 1.797406 2.943641
v -81.873238 1.797406 2.925954
v -81.914513 1.831444 2.883255
v -81.889915 1.831444 2.823874
v -81.830536 1.831444 2.799279
v -81.771156 1.831444 2.823875
v -81.746559 1.831444 2.883255
v -81.771156 1.831444 2.942634
v -81.830536 1.831444 2.967230
v -81.889915 1.831444 2.942635
v -81.867332 1.853404 2.883255
v -81.856560 1.853404 2.857238
v -81.830536 1.853404 2.846460
v -81.804520 1.853404 2.857238
v -81.793739 1.853404 2.883255
v -81.804520 1.853404 2.909273
v -81.830536 1.853404 2.920049
v -81.856560 1.853404 2.909271
v -81.830536 1.884148 2.883256
v -81.793396 1.684082 4.280211
v -81.778015 1.684082 4.317349
v -81.793396 1.684082 4.354488
v -81.830536 1.684082 4.369870
v -81.867676 1.684082 4.354488
v -81.883057 1.684082 4.317349
v -81.867676 1.684082 4.280211
v -81.830536 1.684082 4.264826
v -81.773941 1.700552 4.260748
v -81.750488 1.700552 4.317349
v -81.773941 1.700552 4.373949
v -81.830536 1.700552 4.397392
v -81.887138 1.700552 4.373949
v -81.910576 1.700552 4.317349
v -81.887138 1.700552 4.260748
v -81.830536 1.700552 4.237306
v -81.778008 1.738491 4.264813
v -81.756241 1.738491 4.317349
v -81.778008 1.738491 4.369884
v -81.830536 1.738491 4.391644
v -81.883072 1.738491 4.369884
v -81.904831 1.738491 4.317349
v -81.883072 1.738491 4.264813
v -81.830536 1.738491 4.243053
v -81.789970 1.743981 4.276787
v -81.773170 1.743981 4.317349
v -81.789970 1.743981 4.357910
v -81.830536 1.743981 4.374712
v -81.871101 1.743981 4.357910
v -81.887901 1.743981 4.317349
v -81.871101 1.743981 4.276787
v -81.830536 1.743981 4.259985
v -81.796814 1.768137 4.283628
v -81.782852 1.768137 4.317349
v -81.796814 1.768137 4.351070
v -81.830536 1.768137 4.365036
v -81.864258 1.768137 4.351070
v -81.878227 1.768137 4.317349
v -81.864258 1.768137 4.283628
v -81.830536 1.768137 4.269658
v -81.808792 1.774725 4.295598
v -81.799782 1.774725 4.317349
v -81.808792 1.774725 4.339097
v -81.830536 1.774725 4.348106
v -81.852287 1.774725 4.339097
v -81.861290 1.774725 4.317349
v -81.852287 1.774725 4.295598
v -81.830536 1.774725 4.286591
v -81.787834 1.797406 4.274649
v -81.770149 1.797406 4.317349
v -81.787834 1.797406 4.360048
v -81.830536 1.797406 4.377735
v -81.873238 1.797406 4.360048
v -81.890923 1.797406 4.317349
v -81.873238 1.797406 4.274649
v -81.830536 1.797406 4.256962
v -81.771156 1.831444 4.257970
v -81.746559 1.831444 4.317349
v -81.771156 1.831444 4.376729
v -81.830536 1.831444 4.401325
v -81.889915 1.831444 4.376729
v -81.914513 1.831444 4.317349
v -81.889915 1.831444 4.257970
v -81.830536 1.831444 4.233375
v -81.804520 1.853404 4.291331
v -81.793747 1.853404 4.317349
v -81.804520 1.853404 4.343368
v -81.830536 1.853404 4.354144
v -81.856560 1.853404 4.343368
v -81.867332 1.853404 4.317349
v -81.856560 1.853404 4.291331
v -81.830536 1.853404 4.280553
v -81.830536 1.884148 4.317349
v -81.797119 0.770018 2.203568
v -81.797119 0.770018 2.158413
v -81.797119 1.257460 2.203568
v -81.797119 1.257460 2.158413
v -81.863953 1.257460 2.203568
v -81.863953 1.257460 2.158413
v -81.863953 0.770018 2.203568
v -81.863953 0.770018 2.158413
v -81.788857 1.296098 2.896342
v -81.790413 1.301273 2.158415
v -81.870750 1.296098 2.896325
v -81.872490 1.301273 2.158415
v -81.870750 1.217829 2.896325
v -81.872490 1.219196 2.158415
v -81.788857 1.217829 2.896342
v -81.790413 1.219196 2.158415
v -81.869644 1.296026 4.315176
v -81.789024 1.296026 4.315151
v -81.789024 1.217898 4.315176
v -81.869644 1.217898 4.315201
v -81.788086 1.217836 5.734865
v -81.788086 1.299725 5.734555
v -81.873291 1.299725 5.734555
v -81.873291 1.217836 5.734865
v -81.799568 1.493078 4.315176
v -81.799568 1.492882 5.733475
v -81.799568 1.551685 4.315176
v -81.799568 1.552620 5.733275
v -81.861504 1.551685 4.315176
v -81.861504 1.552620 5.733275
v -81.861504 1.493078 4.315176
v -81.861504 1.492882 5.733475
v -81.789246 1.522382 4.315176
v -81.789246 1.522751 5.733377
v -81.830536 1.561453 4.315176
v -81.830536 1.562576 5.733242
v -81.871826 1.522382 4.315176
v -81.871826 1.522751 5.733377
v -81.830536 1.483311 4.315176
v -81.830536 1.482926 5.733510
v -81.799568 1.492882 2.896268
v -81.799568 1.492371 2.158415
v -81.799568 1.552620 2.896256
v -81.799568 1.552260 2.158415
v -81.861504 1.552620 2.896256
v -81.861504 1.552260 2.158415
v -81.861504 1.492882 2.896268
v -81.861504 1.492371 2.158415
v -81.789246 1.522751 2.896262
v -81.789246 1.522316 2.158415
v -81.830536 1.562576 2.896255
v -81.830536 1.562242 2.158415
v -81.871826 1.522751 2.896262
v -81.871826 1.522316 2.158415
v -81.830536 1.482926 2.896269
v -81.830536 1.482390 2.158415
v -81.892555 0.627479 5.747098
v -81.874390 0.627479 5.703246
v -81.830536 0.627479 5.685081
v -81.786682 0.627479 5.703246
v -81.768517 0.627479 5.747098
v -81.786682 0.627479 5.790950
v -81.830536 0.627479 5.809114
v -81.874390 0.627479 5.790950
v -81.892555 1.715332 5.747098
v -81.874390 1.715332 5.703246
v -81.830536 1.715332 5.685081
v -81.786682 1.715332 5.703246
v -81.768517 1.715332 5.747098
v -81.786682 1.715332 5.790950
v -81.830536 1.715332 5.809114
v -81.874390 1.715332 5.790950
v -81.883057 1.684082 5.747097
v -81.867676 1.684082 5.784236
v -81.830536 1.684082 5.799619
v -81.793396 1.684082 5.784236
v -81.778008 1.684082 5.747098
v -81.793396 1.684082 5.709958
v -81.830536 1.684082 5.694576
v -81.867676 1.684082 5.709958
v -81.910576 1.700552 5.747097
v -81.887138 1.700552 5.803696
v -81.830536 1.700552 5.827141
v -81.773933 1.700552 5.803696
v -81.750488 1.700552 5.747097
v -81.773933 1.700552 5.690497
v -81.830536 1.700552 5.667053
v -81.887138 1.700552 5.690498
v -81.904831 1.738491 5.747097
v -81.883072 1.738491 5.799632
v -81.830536 1.738491 5.821392
v -81.778008 1.738491 5.799632
v -81.756241 1.738491 5.747097
v -81.778008 1.738491 5.694563
v -81.830536 1.738491 5.672802
v -81.883072 1.738491 5.694562
v -81.887901 1.743981 5.747097
v -81.871101 1.743981 5.787659
v -81.830536 1.743981 5.804461
v -81.789970 1.743981 5.787660
v -81.773170 1.743981 5.747097
v -81.789970 1.743981 5.706534
v -81.830536 1.743981 5.689734
v -81.871094 1.743981 5.706534
v -81.878227 1.768137 5.747097
v -81.864258 1.768137 5.780819
v -81.830536 1.768137 5.794787
v -81.796814 1.768137 5.780818
v -81.782852 1.768137 5.747097
v -81.796814 1.768137 5.713375
v -81.830536 1.768137 5.699409
v -81.864258 1.768137 5.713377
v -81.861290 1.774725 5.747097
v -81.852287 1.774725 5.768846
v -81.830536 1.774725 5.777856
v -81.808792 1.774725 5.768847
v -81.799782 1.774725 5.747098
v -81.808792 1.774725 5.725349
v -81.830536 1.774725 5.716339
v -81.852287 1.774725 5.725348
v -81.890923 1.797406 5.747098
v -81.873238 1.797406 5.789797
v -81.830536 1.797406 5.807484
v -81.787834 1.797406 5.789796
v -81.770149 1.797406 5.747098
v -81.787834 1.797406 5.704399
v -81.830536 1.797406 5.686711
v -81.873238 1.797406 5.704399
v -81.914513 1.831444 5.747097
v -81.889915 1.831444 5.806478
v -81.830536 1.831444 5.831073
v -81.771156 1.831444 5.806477
v -81.746559 1.831444 5.747098
v -81.771156 1.831444 5.687717
v -81.830536 1.831444 5.663122
v -81.889915 1.831444 5.687717
v -81.867332 1.853404 5.747097
v -81.856560 1.853404 5.773117
v -81.830536 1.853404 5.783891
v -81.804520 1.853404 5.773116
v -81.793739 1.853404 5.747097
v -81.804520 1.853404 5.721079
v -81.830536 1.853404 5.710301
v -81.856560 1.853404 5.721080
v -81.830536 1.884148 5.747097
v -81.911110 0.702994 2.158415
v -81.749962 0.702994 2.158415
v -81.749962 0.812299 2.158415
v -81.911110 0.812299 2.158415
v -81.757690 0.475846 3.637062
v -81.757690 0.564511 2.904011
v -81.757690 0.594130 2.158415
v -81.768166 0.584797 3.654701
v -81.768166 0.674526 2.912858
v -81.768166 0.704500 2.158415
v -81.892906 0.584797 3.654701
v -81.892906 0.674526 2.912858
v -81.892906 0.704500 2.158415
v -81.903381 0.475846 3.637062
v -81.903381 0.564511 2.904011
v -81.903381 0.594130 2.158415
v -81.903381 0.334678 4.312713
v -81.757690 0.334678 4.312713
v -81.768166 0.447302 4.312713
v -81.892906 0.447302 4.312713
v -81.757690 0.475846 4.993289
v -81.757690 0.564511 5.726342
v -81.768166 0.584797 4.975651
v -81.768166 0.674526 5.717495
v -81.892906 0.584797 4.975651
v -81.892906 0.674526 5.717495
v -81.903381 0.475846 4.993289
v -81.903381 0.564511 5.726342
v -81.757690 0.627838 5.721250
v -81.903381 0.627838 5.721250
v -81.903381 0.538561 4.983135
v -81.903381 0.399507 4.312713
v -81.903381 0.538561 3.647217
v -81.903381 0.627838 2.909103
v -81.903381 0.657662 2.158415
v -81.757690 0.657662 2.158415
v -81.757690 0.627838 2.909103
v -81.757690 0.538561 3.647217
v -81.757690 0.399507 4.312713
v -81.757690 0.538561 4.983135
v -81.797119 0.557654 3.633718
v -81.797119 0.557654 3.566887
v -81.797119 1.248818 3.633718
v -81.797119 1.248818 3.566887
v -81.863953 1.248818 3.633718
v -81.863953 1.248818 3.566887
v -81.863953 0.557654 3.633718
v -81.863953 0.557654 3.566887
v -81.797119 0.557654 4.996635
v -81.797119 0.557654 5.063466
v -81.797119 1.248818 4.996635
v -81.797119 1.248818 5.063466
v -81.863953 1.248818 4.996635
v -81.863953 1.248818 5.063466
v -81.863953 0.557654 4.996635
v -81.863953 0.557654 5.063466
v -81.830536 0.355967 -0.030727
v -81.830536 0.341903 0.003227
v -81.830536 0.355967 0.037179
v -81.830536 0.389921 0.051243
v -81.830536 0.423874 0.037179
v -81.830536 0.437938 0.003227
v -81.830536 0.423874 -0.030727
v -81.830536 0.389921 -0.044791
v -85.599792 0.355967 -0.030727
v -85.599792 0.341903 0.003227
v -85.599792 0.355967 0.037179
v -85.599792 0.389921 0.051243
v -85.599792 0.423874 0.037179
v -85.599792 0.437938 0.003227
v -85.599792 0.423874 -0.030727
v -85.599792 0.389921 -0.044791
v -85.629250 0.770018 -2.110555
v -85.629250 0.770018 -2.154897
v -85.629250 1.257460 -2.110555
v -85.629250 1.257460 -2.154897
v -85.562424 1.257460 -2.110555
v -85.562424 1.257460 -2.154897
v -85.562424 0.770018 -2.110555
v -85.562424 0.770524 -2.154897
v -85.639687 1.700552 0.043331
v -85.595848 1.700552 0.061498
v -85.551987 1.700552 0.043331
v -85.533821 1.700552 -0.000522
v -85.551987 1.700552 -0.044371
v -85.595848 1.700552 -0.062536
v -85.639687 1.700552 -0.044371
v -85.657867 1.700552 -0.000522
v -85.533821 0.627479 1.433574
v -85.551987 0.627479 1.389721
v -85.595848 0.627479 1.371558
v -85.639687 0.627479 1.389721
v -85.657867 0.627479 1.433574
v -85.639687 0.627479 1.477426
v -85.595848 0.627479 1.495591
v -85.551987 0.627479 1.477426
v -85.533821 1.715332 1.433574
v -85.551987 1.715332 1.389721
v -85.595848 1.715332 1.371558
v -85.639687 1.715332 1.389721
v -85.657867 1.715332 1.433574
v -85.639687 1.715332 1.477426
v -85.595848 1.715332 1.495591
v -85.551987 1.715332 1.477426
v -85.543312 1.684082 1.433573
v -85.558708 1.684082 1.470712
v -85.595848 1.684082 1.486094
v -85.632980 1.684082 1.470712
v -85.648361 1.684082 1.433574
v -85.632980 1.684082 1.396435
v -85.595848 1.684082 1.381053
v -85.558708 1.684082 1.396436
v -85.515800 1.700552 1.433573
v -85.539238 1.700552 1.490173
v -85.595848 1.700552 1.513618
v -85.652435 1.700552 1.490173
v -85.675880 1.700552 1.433573
v -85.652435 1.700552 1.376974
v -85.595848 1.700552 1.353530
v -85.539246 1.700552 1.376974
v -85.521545 1.738491 1.433572
v -85.543304 1.738491 1.486108
v -85.595848 1.738491 1.507867
v -85.648376 1.738491 1.486107
v -85.670135 1.738491 1.433573
v -85.648376 1.738491 1.381039
v -85.595848 1.738491 1.359279
v -85.543304 1.738491 1.381039
v -85.538483 1.743981 1.433572
v -85.555275 1.743981 1.474136
v -85.595848 1.743981 1.490938
v -85.636406 1.743981 1.474136
v -85.653198 1.743981 1.433573
v -85.636406 1.743981 1.393012
v -85.595848 1.743981 1.376210
v -85.555275 1.743981 1.393012
v -85.548157 1.768137 1.433573
v -85.562119 1.768137 1.467296
v -85.595848 1.768137 1.481263
v -85.629555 1.768137 1.467294
v -85.643532 1.768137 1.433573
v -85.629555 1.768137 1.399852
v -85.595848 1.768137 1.385884
v -85.562119 1.768137 1.399852
v -85.565086 1.774725 1.433574
v -85.574089 1.774725 1.455323
v -85.595848 1.774725 1.464332
v -85.617592 1.774725 1.455323
v -85.626602 1.774725 1.433573
v -85.617592 1.774725 1.411824
v -85.595848 1.774725 1.402815
v -85.574089 1.774725 1.411825
v -85.535454 1.797406 1.433574
v -85.553139 1.797406 1.476273
v -85.595848 1.797406 1.493960
v -85.638542 1.797406 1.476272
v -85.656219 1.797406 1.433574
v -85.638542 1.797406 1.390876
v -85.595848 1.797406 1.373189
v -85.553139 1.797406 1.390874
v -85.511864 1.831444 1.433574
v -85.536461 1.831444 1.492954
v -85.595848 1.831444 1.517549
v -85.655212 1.831444 1.492954
v -85.679817 1.831444 1.433573
v -85.655220 1.831444 1.374195
v -85.595848 1.831444 1.349598
v -85.536461 1.831444 1.374194
v -85.559052 1.853404 1.433573
v -85.569824 1.853404 1.459593
v -85.595848 1.853404 1.470369
v -85.621864 1.853404 1.459591
v -85.632637 1.853404 1.433573
v -85.621864 1.853404 1.407557
v -85.595848 1.853404 1.396780
v -85.569824 1.853404 1.407555
v -85.595848 1.884148 1.433572
v -85.632980 1.684082 0.036617
v -85.648361 1.684082 -0.000522
v -85.632980 1.684082 -0.037659
v -85.595848 1.684082 -0.053041
v -85.558708 1.684082 -0.037659
v -85.543320 1.684082 -0.000522
v -85.558708 1.684082 0.036617
v -85.595848 1.684082 0.052002
v -85.652435 1.700552 0.056080
v -85.675880 1.700552 -0.000522
v -85.652435 1.700552 -0.057121
v -85.595848 1.700552 -0.080564
v -85.539238 1.700552 -0.057121
v -85.515800 1.700552 -0.000522
v -85.539238 1.700552 0.056080
v -85.595848 1.700552 0.079524
v -85.648376 1.738491 0.052014
v -85.670135 1.738491 -0.000522
v -85.648376 1.738491 -0.053055
v -85.595848 1.738491 -0.074814
v -85.543304 1.738491 -0.053055
v -85.521545 1.738491 -0.000522
v -85.543304 1.738491 0.052014
v -85.595848 1.738491 0.073775
v -85.636406 1.743981 0.040041
v -85.653198 1.743981 -0.000522
v -85.636406 1.743981 -0.041081
v -85.595848 1.743981 -0.057884
v -85.555275 1.743981 -0.041081
v -85.538475 1.743981 -0.000522
v -85.555275 1.743981 0.040041
v -85.595848 1.743981 0.056843
v -85.629562 1.768137 0.033201
v -85.643532 1.768137 -0.000522
v -85.629562 1.768137 -0.034241
v -85.595848 1.768137 -0.048208
v -85.562119 1.768137 -0.034241
v -85.548157 1.768137 -0.000522
v -85.562119 1.768137 0.033201
v -85.595848 1.768137 0.047168
v -85.617592 1.774725 0.021230
v -85.626602 1.774725 -0.000522
v -85.617592 1.774725 -0.022269
v -85.595848 1.774725 -0.031278
v -85.574089 1.774725 -0.022269
v -85.565086 1.774725 -0.000522
v -85.574089 1.774725 0.021230
v -85.595848 1.774725 0.030240
v -85.638542 1.797406 0.042179
v -85.656219 1.797406 -0.000522
v -85.638542 1.797406 -0.043220
v -85.595848 1.797406 -0.060906
v -85.553139 1.797406 -0.043220
v -85.535461 1.797406 -0.000522
v -85.553139 1.797406 0.042179
v -85.595848 1.797406 0.059867
v -85.655220 1.831444 0.058860
v -85.679817 1.831444 -0.000522
v -85.655220 1.831444 -0.059901
v -85.595848 1.831444 -0.084495
v -85.536461 1.831444 -0.059901
v -85.511864 1.831444 -0.000522
v -85.536461 1.831444 0.058860
v -85.595848 1.831444 0.083456
v -85.621864 1.853404 0.025496
v -85.632637 1.853404 -0.000522
v -85.621864 1.853404 -0.026537
v -85.595848 1.853404 -0.037316
v -85.569824 1.853404 -0.026537
v -85.559044 1.853404 -0.000522
v -85.569824 1.853404 0.025496
v -85.595848 1.853404 0.036275
v -85.595848 1.884148 -0.000522
v -85.629250 0.770018 2.113261
v -85.629250 1.257460 2.113261
v -85.562424 1.257460 2.113261
v -85.562424 0.770018 2.113261
v -85.637512 1.296098 1.420485
v -85.555634 1.296098 1.420501
v -85.555634 1.217829 1.420501
v -85.637512 1.217829 1.420485
v -85.556732 1.296026 0.001653
v -85.637344 1.296026 0.001677
v -85.637344 1.217898 0.001653
v -85.556732 1.217898 0.001628
v -85.638283 1.217836 -1.418037
v -85.635956 1.219196 -2.154893
v -85.638283 1.299725 -1.417726
v -85.635956 1.301273 -2.154893
v -85.553093 1.299725 -1.417726
v -85.553886 1.301273 -2.154893
v -85.553093 1.217836 -1.418037
v -85.553886 1.219196 -2.154893
v -85.626801 1.493078 0.001653
v -85.626801 1.492882 -1.416649
v -85.626801 1.492371 -2.154893
v -85.626801 1.551685 0.001653
v -85.626801 1.552620 -1.416447
v -85.626801 1.552260 -2.154893
v -85.564880 1.551685 0.001653
v -85.564880 1.552620 -1.416447
v -85.564880 1.552260 -2.154893
v -85.564880 1.493078 0.001653
v -85.564880 1.492882 -1.416649
v -85.564880 1.492371 -2.154893
v -85.637123 1.522382 0.001653
v -85.637123 1.522751 -1.416547
v -85.637123 1.522316 -2.154893
v -85.595848 1.561453 0.001653
v -85.595848 1.562576 -1.416414
v -85.595848 1.562242 -2.154893
v -85.554550 1.522382 0.001653
v -85.554550 1.522751 -1.416547
v -85.554550 1.522316 -2.154893
v -85.595848 1.483311 0.001653
v -85.595848 1.482926 -1.416680
v -85.595848 1.482390 -2.154893
v -85.626801 1.492882 1.420562
v -85.626801 1.552620 1.420571
v -85.564880 1.552620 1.420571
v -85.564880 1.492882 1.420562
v -85.637123 1.522751 1.420567
v -85.595848 1.562576 1.420574
v -85.554550 1.522751 1.420567
v -85.595848 1.482926 1.420559
v -85.533829 0.627479 -1.430268
v -85.551987 0.627479 -1.386415
v -85.595848 0.627479 -1.368252
v -85.639687 0.627479 -1.386415
v -85.657867 0.627479 -1.430268
v -85.639687 0.627479 -1.474121
v -85.595848 0.627479 -1.492284
v -85.551987 0.627479 -1.474121
v -85.533829 1.715332 -1.430268
v -85.551987 1.715332 -1.386415
v -85.595848 1.715332 -1.368252
v -85.639687 1.715332 -1.386415
v -85.657867 1.715332 -1.430268
v -85.639687 1.715332 -1.474121
v -85.595848 1.715332 -1.492284
v -85.551987 1.715332 -1.474121
v -85.543312 1.684082 -1.430267
v -85.558708 1.684082 -1.467405
v -85.595848 1.684082 -1.482791
v -85.632980 1.684082 -1.467405
v -85.648361 1.684082 -1.430268
v -85.632980 1.684082 -1.393128
v -85.595848 1.684082 -1.377748
v -85.558708 1.684082 -1.393130
v -85.515800 1.700552 -1.430267
v -85.539238 1.700552 -1.486867
v -85.595848 1.700552 -1.510312
v -85.652435 1.700552 -1.486868
v -85.675880 1.700552 -1.430267
v -85.652435 1.700552 -1.373670
v -85.595848 1.700552 -1.350224
v -85.539238 1.700552 -1.373668
v -85.521545 1.738491 -1.430267
v -85.543304 1.738491 -1.482803
v -85.595848 1.738491 -1.504563
v -85.648376 1.738491 -1.482803
v -85.670135 1.738491 -1.430267
v -85.648376 1.738491 -1.377734
v -85.595848 1.738491 -1.355973
v -85.543304 1.738491 -1.377734
v -85.538483 1.743981 -1.430267
v -85.555275 1.743981 -1.470831
v -85.595848 1.743981 -1.487633
v -85.636406 1.743981 -1.470831
v -85.653198 1.743981 -1.430267
v -85.636406 1.743981 -1.389708
v -85.595848 1.743981 -1.372905
v -85.555275 1.743981 -1.389707
v -85.548157 1.768137 -1.430267
v -85.562119 1.768137 -1.463990
v -85.595848 1.768137 -1.477959
v -85.629555 1.768137 -1.463990
v -85.643532 1.768137 -1.430267
v -85.629555 1.768137 -1.396547
v -85.595848 1.768137 -1.382580
v -85.562119 1.768137 -1.396547
v -85.565086 1.774725 -1.430267
v -85.574089 1.774725 -1.452018
v -85.595848 1.774725 -1.461027
v -85.617592 1.774725 -1.452018
v -85.626602 1.774725 -1.430268
v -85.617592 1.774725 -1.408520
v -85.595848 1.774725 -1.399510
v -85.574089 1.774725 -1.408520
v -85.535461 1.797406 -1.430268
v -85.553139 1.797406 -1.472968
v -85.595848 1.797406 -1.490653
v -85.638542 1.797406 -1.472966
v -85.656219 1.797406 -1.430268
v -85.638542 1.797406 -1.387570
v -85.595848 1.797406 -1.369883
v -85.553139 1.797406 -1.387569
v -85.511864 1.831444 -1.430267
v -85.536461 1.831444 -1.489648
v -85.595848 1.831444 -1.514242
v -85.655212 1.831444 -1.489648
v -85.679817 1.831444 -1.430268
v -85.655220 1.831444 -1.370889
v -85.595848 1.831444 -1.346292
v -85.536461 1.831444 -1.370889
v -85.559052 1.853404 -1.430267
v -85.569824 1.853404 -1.456285
v -85.595848 1.853404 -1.467065
v -85.621864 1.853404 -1.456285
v -85.632637 1.853404 -1.430267
v -85.621864 1.853404 -1.404252
v -85.595848 1.853404 -1.393473
v -85.569824 1.853404 -1.404252
v -85.595848 1.884148 -1.430267
v -85.676407 0.702994 -2.154893
v -85.676407 0.812805 -2.154893
v -85.515266 0.812805 -2.154893
v -85.515266 0.702994 -2.154893
v -85.668694 0.475846 0.679765
v -85.668694 0.564511 1.412819
v -85.658203 0.584797 0.662127
v -85.658203 0.674526 1.403971
v -85.533478 0.584797 0.662127
v -85.533478 0.674526 1.403971
v -85.523003 0.475846 0.679765
v -85.523003 0.564511 1.412819
v -85.523003 0.334678 0.004117
v -85.668694 0.334678 0.004117
v -85.658203 0.447302 0.004117
v -85.533478 0.447302 0.004117
v -85.668694 0.475846 -0.676459
v -85.668694 0.564511 -1.409514
v -85.668694 0.594130 -2.154893
v -85.658203 0.584797 -0.658821
v -85.658203 0.674526 -1.400666
v -85.658203 0.704500 -2.154893
v -85.533478 0.584797 -0.658821
v -85.533478 0.674526 -1.400666
v -85.533478 0.704500 -2.154893
v -85.523003 0.475846 -0.676459
v -85.523003 0.564511 -1.409514
v -85.523003 0.594130 -2.154893
v -85.668694 0.627838 -1.404419
v -85.668694 0.657662 -2.154893
v -85.523003 0.657662 -2.154893
v -85.523003 0.627838 -1.404419
v -85.523003 0.538561 -0.666307
v -85.523003 0.399507 0.004117
v -85.523003 0.538561 0.669613
v -85.523003 0.627838 1.407726
v -85.668694 0.627838 1.407726
v -85.668694 0.538561 0.669613
v -85.668694 0.399507 0.004117
v -85.668694 0.538561 -0.666307
v -85.629250 0.557654 0.683113
v -85.629250 0.557654 0.749941
v -85.629250 1.248818 0.683113
v -85.629250 1.248818 0.749941
v -85.562424 1.248818 0.683113
v -85.562424 1.248818 0.749941
v -85.562424 0.557654 0.683113
v -85.562424 0.557654 0.749941
v -85.629250 0.557654 -0.679807
v -85.629250 0.557654 -0.746636
v -85.629250 1.248818 -0.679807
v -85.629250 1.248818 -0.746636
v -85.562424 1.248818 -0.679807
v -85.562424 1.248818 -0.746636
v -85.562424 0.557654 -0.679807
v -85.562424 0.557654 -0.746636
v -81.830536 0.725659 0.112256
v -81.830536 0.725659 -0.103028
v -81.830536 0.774985 0.113384
v -81.830536 0.774985 -0.103039
v -85.595848 0.774985 0.113384
v -85.595848 0.774985 -0.103039
v -85.595848 0.725659 0.112256
v -85.595848 0.725659 -0.103028
v -81.830536 0.725659 0.339383
v -81.830536 0.725659 0.124222
v -81.830536 0.774985 0.341712
v -81.830536 0.774985 0.125414
v -85.595848 0.774985 0.341712
v -85.595848 0.774985 0.125414
v -85.595848 0.725659 0.339383
v -85.595848 0.725659 0.124222
v -81.830536 0.725659 1.018618
v -81.830536 0.725659 0.804613
v -81.830536 0.774985 1.024536
v -81.830536 0.774985 0.809403
v -85.595848 0.774985 1.024536
v -85.595848 0.774985 0.809403
v -85.595848 0.725659 1.018618
v -85.595848 0.725659 0.804613
v -81.830536 0.725659 1.243856
v -81.830536 0.725659 1.030499
v -81.830536 0.774985 1.250968
v -81.830536 0.774985 1.036483
v -85.595848 0.774985 1.250968
v -85.595848 0.774985 1.036483
v -85.595848 0.725659 1.243856
v -85.595848 0.725659 1.030499
v -81.830536 0.725659 1.691764
v -81.830536 0.725659 1.480081
v -81.830536 0.774985 1.701242
v -81.830536 0.774985 1.488440
v -85.595848 0.774985 1.701242
v -85.595848 0.774985 1.488440
v -85.595848 0.725659 1.691764
v -85.595848 0.725659 1.480081
v -81.830536 0.725659 1.909096
v -81.830536 0.725659 1.707870
v -81.830536 0.774985 1.919773
v -81.830536 0.774985 1.717434
v -85.595848 0.774985 1.919773
v -85.595848 0.774985 1.717434
v -85.595848 0.725659 1.909096
v -85.595848 0.725659 1.707870
v -81.830536 0.725659 2.139657
v -81.830536 0.725659 1.930183
v -81.830536 0.774985 2.151501
v -81.830536 0.774985 1.940922
v -85.595848 0.774985 2.151501
v -85.595848 0.774985 1.940922
v -85.595848 0.725659 2.139657
v -85.595848 0.725659 1.930183
v -81.830536 0.725659 1.468285
v -81.830536 0.725659 1.255700
v -81.830536 0.774985 1.476581
v -81.830536 0.774985 1.262874
v -85.595848 0.774985 1.476581
v -85.595848 0.774985 1.262874
v -85.595848 0.725659 1.468285
v -85.595848 0.725659 1.255700
v -81.830536 0.725659 0.566244
v -81.830536 0.725659 0.351340
v -81.830536 0.774985 0.569772
v -81.830536 0.774985 0.353734
v -85.595848 0.774985 0.569772
v -85.595848 0.774985 0.353734
v -85.595848 0.725659 0.566244
v -85.595848 0.725659 0.351340
v -81.830536 0.725659 0.792702
v -81.830536 0.725659 0.578183
v -81.830536 0.774985 0.797427
v -81.830536 0.774985 0.581774
v -85.595848 0.774985 0.797427
v -85.595848 0.774985 0.581774
v -85.595848 0.725659 0.792702
v -85.595848 0.725659 0.578183
v -81.830536 0.725659 -1.921748
v -81.830536 0.725659 -2.136908
v -81.830536 0.774985 -1.922257
v -81.830536 0.774985 -2.138554
v -85.595848 0.774985 -1.922257
v -85.595848 0.774985 -2.138554
v -85.595848 0.725659 -1.921748
v -85.595848 0.725659 -2.136908
v -81.830536 0.725659 -1.239675
v -81.830536 0.725659 -1.453678
v -81.830536 0.774985 -1.239432
v -81.830536 0.774985 -1.454567
v -85.595848 0.774985 -1.239432
v -85.595848 0.774985 -1.454567
v -85.595848 0.725659 -1.239675
v -85.595848 0.725659 -1.453678
v -81.830536 0.725659 -1.011596
v -81.830536 0.725659 -1.227792
v -81.830536 0.774985 -1.013002
v -81.830536 0.774985 -1.227489
v -85.595848 0.774985 -1.013002
v -85.595848 0.774985 -1.227489
v -85.595848 0.725659 -1.011596
v -85.595848 0.725659 -1.227792
v -81.830536 0.725659 -0.560849
v -81.830536 0.725659 -0.775373
v -81.830536 0.774985 -0.562727
v -81.830536 0.774985 -0.775530
v -85.595848 0.774985 -0.562727
v -85.595848 0.774985 -0.775530
v -85.595848 0.725659 -0.560849
v -85.595848 0.725659 -0.775373
v -81.830536 0.725659 -0.334114
v -81.830536 0.725659 -0.544744
v -81.830536 0.774985 -0.334790
v -81.830536 0.774985 -0.546535
v -85.595848 0.774985 -0.334790
v -85.595848 0.774985 -0.546535
v -85.595848 0.725659 -0.334114
v -85.595848 0.725659 -0.544744
v -81.830536 0.725659 -0.112958
v -81.830536 0.725659 -0.322431
v -81.830536 0.774985 -0.112470
v -81.830536 0.774985 -0.323048
v -85.595848 0.774985 -0.112470
v -85.595848 0.774985 -0.323048
v -85.595848 0.725659 -0.112958
v -85.595848 0.725659 -0.322431
v -81.830536 0.725659 -0.787169
v -81.830536 0.725659 -0.999753
v -81.830536 0.774985 -0.787389
v -81.830536 0.774985 -1.001097
v -85.595848 0.774985 -0.787389
v -85.595848 0.774985 -1.001097
v -85.595848 0.725659 -0.787169
v -85.595848 0.725659 -0.999753
v -81.830536 0.725659 -1.692050
v -81.830536 0.725659 -1.909791
v -81.830536 0.774985 -1.694200
v -81.830536 0.774985 -1.910237
v -85.595848 0.774985 -1.694200
v -85.595848 0.774985 -1.910237
v -85.595848 0.725659 -1.692050
v -85.595848 0.725659 -1.909791
v -81.830536 0.725659 -1.465592
v -81.830536 0.725659 -1.680111
v -81.830536 0.774985 -1.466543
v -81.830536 0.774985 -1.682196
v -85.595848 0.774985 -1.466543
v -85.595848 0.774985 -1.682196
v -85.595848 0.725659 -1.465592
v -85.595848 0.725659 -1.680111
v -81.797119 0.770018 2.113261
v -81.797119 1.257460 2.113261
v -81.863953 1.257460 2.113261
v -81.863953 0.770018 2.113261
v -81.786682 1.700552 -0.040626
v -81.830536 1.700552 -0.058790
v -81.874390 1.700552 -0.040626
v -81.892555 1.700552 0.003227
v -81.874390 1.700552 0.047077
v -81.830536 1.700552 0.065242
v -81.786682 1.700552 0.047077
v -81.768517 1.700552 0.003227
v -81.892555 0.627479 -1.430867
v -81.874390 0.627479 -1.387014
v -81.830536 0.627479 -1.368851
v -81.786682 0.627479 -1.387014
v -81.768517 0.627479 -1.430867
v -81.786682 0.627479 -1.474718
v -81.830536 0.627479 -1.492883
v -81.874390 0.627479 -1.474718
v -81.892555 1.715332 -1.430867
v -81.874390 1.715332 -1.387014
v -81.830536 1.715332 -1.368851
v -81.786682 1.715332 -1.387014
v -81.768517 1.715332 -1.430867
v -81.786682 1.715332 -1.474718
v -81.830536 1.715332 -1.492883
v -81.874390 1.715332 -1.474718
v -81.883057 1.684082 -1.430867
v -81.867676 1.684082 -1.468006
v -81.830536 1.684082 -1.483390
v -81.793396 1.684082 -1.468006
v -81.778015 1.684082 -1.430867
v -81.793396 1.684082 -1.393729
v -81.830536 1.684082 -1.378345
v -81.867676 1.684082 -1.393727
v -81.910576 1.700552 -1.430867
v -81.887138 1.700552 -1.487467
v -81.830536 1.700552 -1.510910
v -81.773933 1.700552 -1.487466
v -81.750488 1.700552 -1.430867
v -81.773933 1.700552 -1.374267
v -81.830536 1.700552 -1.350824
v -81.887138 1.700552 -1.374269
v -81.904831 1.738491 -1.430866
v -81.883072 1.738491 -1.483400
v -81.830536 1.738491 -1.505162
v -81.778000 1.738491 -1.483402
v -81.756241 1.738491 -1.430867
v -81.778008 1.738491 -1.378331
v -81.830536 1.738491 -1.356571
v -81.883072 1.738491 -1.378333
v -81.887901 1.743981 -1.430866
v -81.871101 1.743981 -1.471429
v -81.830536 1.743981 -1.488232
v -81.789970 1.743981 -1.471430
v -81.773170 1.743981 -1.430867
v -81.789970 1.743981 -1.390304
v -81.830536 1.743981 -1.373502
v -81.871094 1.743981 -1.390304
v -81.878227 1.768137 -1.430867
v -81.864258 1.768137 -1.464589
v -81.830536 1.768137 -1.478555
v -81.796814 1.768137 -1.464588
v -81.782852 1.768137 -1.430867
v -81.796814 1.768137 -1.397145
v -81.830536 1.768137 -1.383178
v -81.864258 1.768137 -1.397145
v -81.861290 1.774725 -1.430867
v -81.852287 1.774725 -1.452615
v -81.830536 1.774725 -1.461626
v -81.808784 1.774725 -1.452617
v -81.799782 1.774725 -1.430867
v -81.808792 1.774725 -1.409117
v -81.830536 1.774725 -1.400109
v -81.852287 1.774725 -1.409117
v -81.890923 1.797406 -1.430867
v -81.873238 1.797406 -1.473565
v -81.830536 1.797406 -1.491252
v -81.787834 1.797406 -1.473567
v -81.770149 1.797406 -1.430867
v -81.787834 1.797406 -1.388166
v -81.830536 1.797406 -1.370481
v -81.873238 1.797406 -1.388168
v -81.914513 1.831444 -1.430867
v -81.889915 1.831444 -1.490248
v -81.830536 1.831444 -1.514843
v -81.771156 1.831444 -1.490247
v -81.746559 1.831444 -1.430867
v -81.771156 1.831444 -1.371489
v -81.830536 1.831444 -1.346892
v -81.889915 1.831444 -1.371488
v -81.867332 1.853404 -1.430867
v -81.856560 1.853404 -1.456884
v -81.830536 1.853404 -1.467662
v -81.804520 1.853404 -1.456884
v -81.793739 1.853404 -1.430867
v -81.804520 1.853404 -1.404849
v -81.830536 1.853404 -1.394073
v -81.856560 1.853404 -1.404851
v -81.830536 1.884148 -1.430866
v -81.793396 1.684082 -0.033911
v -81.778015 1.684082 0.003227
v -81.793396 1.684082 0.040366
v -81.830536 1.684082 0.055748
v -81.867676 1.684082 0.040366
v -81.883057 1.684082 0.003227
v -81.867676 1.684082 -0.033911
v -81.830536 1.684082 -0.049296
v -81.773941 1.700552 -0.053374
v -81.750488 1.700552 0.003227
v -81.773941 1.700552 0.059826
v -81.830536 1.700552 0.083270
v -81.887138 1.700552 0.059826
v -81.910576 1.700552 0.003227
v -81.887138 1.700552 -0.053374
v -81.830536 1.700552 -0.076817
v -81.778008 1.738491 -0.049309
v -81.756241 1.738491 0.003227
v -81.778008 1.738491 0.055761
v -81.830536 1.738491 0.077521
v -81.883072 1.738491 0.055761
v -81.904831 1.738491 0.003227
v -81.883072 1.738491 -0.049309
v -81.830536 1.738491 -0.071069
v -81.789970 1.743981 -0.037336
v -81.773170 1.743981 0.003227
v -81.789970 1.743981 0.043788
v -81.830536 1.743981 0.060589
v -81.871101 1.743981 0.043788
v -81.887901 1.743981 0.003227
v -81.871101 1.743981 -0.037336
v -81.830536 1.743981 -0.054137
v -81.796814 1.768137 -0.030494
v -81.782852 1.768137 0.003227
v -81.796814 1.768137 0.036948
v -81.830536 1.768137 0.050914
v -81.864258 1.768137 0.036948
v -81.878227 1.768137 0.003227
v -81.864258 1.768137 -0.030494
v -81.830536 1.768137 -0.044464
v -81.808792 1.774725 -0.018524
v -81.799782 1.774725 0.003227
v -81.808792 1.774725 0.024974
v -81.830536 1.774725 0.033984
v -81.852287 1.774725 0.024974
v -81.861290 1.774725 0.003227
v -81.852287 1.774725 -0.018524
v -81.830536 1.774725 -0.027532
v -81.787834 1.797406 -0.039474
v -81.770149 1.797406 0.003227
v -81.787834 1.797406 0.045926
v -81.830536 1.797406 0.063612
v -81.873238 1.797406 0.045926
v -81.890923 1.797406 0.003227
v -81.873238 1.797406 -0.039474
v -81.830536 1.797406 -0.057160
v -81.771156 1.831444 -0.056153
v -81.746559 1.831444 0.003227
v -81.771156 1.831444 0.062606
v -81.830536 1.831444 0.087203
v -81.889915 1.831444 0.062606
v -81.914513 1.831444 0.003227
v -81.889915 1.831444 -0.056153
v -81.830536 1.831444 -0.080748
v -81.804520 1.853404 -0.022791
v -81.793747 1.853404 0.003227
v -81.804520 1.853404 0.029245
v -81.830536 1.853404 0.040022
v -81.856560 1.853404 0.029245
v -81.867332 1.853404 0.003227
v -81.856560 1.853404 -0.022791
v -81.830536 1.853404 -0.033570
v -81.830536 1.884148 0.003227
v -81.797119 0.770018 -2.110555
v -81.797119 0.770018 -2.154897
v -81.797119 1.257460 -2.110555
v -81.797119 1.257460 -2.154897
v -81.863953 1.257460 -2.110555
v -81.863953 1.257460 -2.154897
v -81.863953 0.770018 -2.110555
v -81.863953 0.770018 -2.154897
v -81.788857 1.296098 -1.417780
v -81.790413 1.301273 -2.154895
v -81.870750 1.296098 -1.417797
v -81.872490 1.301273 -2.154895
v -81.870750 1.217829 -1.417797
v -81.872490 1.219196 -2.154895
v -81.788857 1.217829 -1.417780
v -81.790413 1.219196 -2.154895
v -81.869644 1.296026 0.001054
v -81.789024 1.296026 0.001029
v -81.789024 1.217898 0.001054
v -81.869644 1.217898 0.001079
v -81.788086 1.217836 1.420743
v -81.788086 1.299725 1.420433
v -81.873291 1.299725 1.420433
v -81.873291 1.217836 1.420743
v -81.799568 1.493078 0.001054
v -81.799568 1.492882 1.419353
v -81.799568 1.551685 0.001054
v -81.799568 1.552620 1.419153
v -81.861504 1.551685 0.001054
v -81.861504 1.552620 1.419153
v -81.861504 1.493078 0.001054
v -81.861504 1.492882 1.419353
v -81.789246 1.522382 0.001054
v -81.789246 1.522751 1.419254
v -81.830536 1.561453 0.001054
v -81.830536 1.562576 1.419119
v -81.871826 1.522382 0.001054
v -81.871826 1.522751 1.419254
v -81.830536 1.483311 0.001054
v -81.830536 1.482926 1.419387
v -81.799568 1.492882 -1.417854
v -81.799568 1.492371 -2.154895
v -81.799568 1.552620 -1.417866
v -81.799568 1.552260 -2.154895
v -81.861504 1.552620 -1.417866
v -81.861504 1.552260 -2.154895
v -81.861504 1.492882 -1.417854
v -81.861504 1.492371 -2.154895
v -81.789246 1.522751 -1.417860
v -81.789246 1.522316 -2.154895
v -81.830536 1.562576 -1.417868
v -81.830536 1.562242 -2.154895
v -81.871826 1.522751 -1.417860
v -81.871826 1.522316 -2.154895
v -81.830536 1.482926 -1.417853
v -81.830536 1.482390 -2.154895
v -81.892555 0.627479 1.432975
v -81.874390 0.627479 1.389123
v -81.830536 0.627479 1.370959
v -81.786682 0.627479 1.389123
v -81.768517 0.627479 1.432976
v -81.786682 0.627479 1.476828
v -81.830536 0.627479 1.494992
v -81.874390 0.627479 1.476828
v -81.892555 1.715332 1.432975
v -81.874390 1.715332 1.389123
v -81.830536 1.715332 1.370959
v -81.786682 1.715332 1.389123
v -81.768517 1.715332 1.432976
v -81.786682 1.715332 1.476828
v -81.830536 1.715332 1.494992
v -81.874390 1.715332 1.476828
v -81.883057 1.684082 1.432975
v -81.867676 1.684082 1.470114
v -81.830536 1.684082 1.485497
v -81.793396 1.684082 1.470114
v -81.778008 1.684082 1.432975
v -81.793396 1.684082 1.395835
v -81.830536 1.684082 1.380454
v -81.867676 1.684082 1.395835
v -81.910576 1.700552 1.432975
v -81.887138 1.700552 1.489574
v -81.830536 1.700552 1.513019
v -81.773933 1.700552 1.489573
v -81.750488 1.700552 1.432975
v -81.773933 1.700552 1.376375
v -81.830536 1.700552 1.352931
v -81.887138 1.700552 1.376376
v -81.904831 1.738491 1.432975
v -81.883072 1.738491 1.485509
v -81.830536 1.738491 1.507269
v -81.778008 1.738491 1.485509
v -81.756241 1.738491 1.432974
v -81.778008 1.738491 1.380441
v -81.830536 1.738491 1.358680
v -81.883072 1.738491 1.380440
v -81.887901 1.743981 1.432975
v -81.871101 1.743981 1.473537
v -81.830536 1.743981 1.490338
v -81.789970 1.743981 1.473537
v -81.773170 1.743981 1.432975
v -81.789970 1.743981 1.392412
v -81.830536 1.743981 1.375611
v -81.871094 1.743981 1.392411
v -81.878227 1.768137 1.432975
v -81.864258 1.768137 1.466696
v -81.830536 1.768137 1.480665
v -81.796814 1.768137 1.466696
v -81.782852 1.768137 1.432975
v -81.796814 1.768137 1.399253
v -81.830536 1.768137 1.385286
v -81.864258 1.768137 1.399254
v -81.861290 1.774725 1.432974
v -81.852287 1.774725 1.454723
v -81.830536 1.774725 1.463733
v -81.808792 1.774725 1.454725
v -81.799782 1.774725 1.432975
v -81.808792 1.774725 1.411227
v -81.830536 1.774725 1.402217
v -81.852287 1.774725 1.411226
v -81.890923 1.797406 1.432975
v -81.873238 1.797406 1.475675
v -81.830536 1.797406 1.493361
v -81.787834 1.797406 1.475673
v -81.770149 1.797406 1.432975
v -81.787834 1.797406 1.390276
v -81.830536 1.797406 1.372588
v -81.873238 1.797406 1.390277
v -81.914513 1.831444 1.432974
v -81.889915 1.831444 1.492355
v -81.830536 1.831444 1.516951
v -81.771156 1.831444 1.492354
v -81.746559 1.831444 1.432975
v -81.771156 1.831444 1.373595
v -81.830536 1.831444 1.349000
v -81.889915 1.831444 1.373595
v -81.867332 1.853404 1.432974
v -81.856560 1.853404 1.458994
v -81.830536 1.853404 1.469769
v -81.804520 1.853404 1.458994
v -81.793739 1.853404 1.432975
v -81.804520 1.853404 1.406957
v -81.830536 1.853404 1.396179
v -81.856560 1.853404 1.406958
v -81.830536 1.884148 1.432975
v -81.911110 0.702994 -2.154895
v -81.749962 0.702994 -2.154895
v -81.749962 0.812299 -2.154895
v -81.911110 0.812299 -2.154895
v -81.757690 0.475846 -0.677060
v -81.757690 0.564511 -1.410111
v -81.757690 0.594130 -2.154895
v -81.768166 0.584797 -0.659421
v -81.768166 0.674526 -1.401264
v -81.768166 0.704500 -2.154895
v -81.892906 0.584797 -0.659421
v -81.892906 0.674526 -1.401264
v -81.892906 0.704500 -2.154895
v -81.903381 0.475846 -0.677060
v -81.903381 0.564511 -1.410111
v -81.903381 0.594130 -2.154895
v -81.903381 0.334678 -0.001410
v -81.757690 0.334678 -0.001410
v -81.768166 0.447302 -0.001410
v -81.892906 0.447302 -0.001410
v -81.757690 0.475846 0.679167
v -81.757690 0.564511 1.412220
v -81.768166 0.584797 0.661529
v -81.768166 0.674526 1.403373
v -81.892906 0.584797 0.661529
v -81.892906 0.674526 1.403373
v -81.903381 0.475846 0.679167
v -81.903381 0.564511 1.412220
v -81.757690 0.627838 1.407127
v -81.903381 0.627838 1.407127
v -81.903381 0.538561 0.669013
v -81.903381 0.399507 -0.001410
v -81.903381 0.538561 -0.666905
v -81.903381 0.627838 -1.405019
v -81.903381 0.657662 -2.154895
v -81.757690 0.657662 -2.154895
v -81.757690 0.627838 -1.405019
v -81.757690 0.538561 -0.666905
v -81.757690 0.399507 -0.001410
v -81.757690 0.538561 0.669013
v -81.797119 0.557654 -0.680405
v -81.797119 0.557654 -0.747235
v -81.797119 1.248818 -0.680405
v -81.797119 1.248818 -0.747235
v -81.863953 1.248818 -0.680405
v -81.863953 1.248818 -0.747235
v -81.863953 0.557654 -0.680405
v -81.863953 0.557654 -0.747235
v -81.797119 0.557654 0.682513
v -81.797119 0.557654 0.749343
v -81.797119 1.248818 0.682513
v -81.797119 1.248818 0.749343
v -81.863953 1.248818 0.682513
v -81.863953 1.248818 0.749343
v -81.863953 0.557654 0.682513
v -81.863953 0.557654 0.749343
v -81.830536 0.355967 -4.343225
v -81.830536 0.341903 -4.309270
v -81.830536 0.355967 -4.275319
v -81.830536 0.389921 -4.261254
v -81.830536 0.423874 -4.275319
v -81.830536 0.437938 -4.309270
v -81.830536 0.423874 -4.343225
v -81.830536 0.389921 -4.357287
v -85.599792 0.355967 -4.343225
v -85.599792 0.341903 -4.309270
v -85.599792 0.355967 -4.275319
v -85.599792 0.389921 -4.261254
v -85.599792 0.423874 -4.275319
v -85.599792 0.437938 -4.309270
v -85.599792 0.423874 -4.343225
v -85.599792 0.389921 -4.357287
v -85.629250 0.770018 -6.423052
v -85.629250 0.769578 -6.469674
v -85.629250 1.257460 -6.423052
v -85.629250 1.257020 -6.469674
v -85.562424 1.257460 -6.423052
v -85.562424 1.257020 -6.469674
v -85.562424 0.770018 -6.423052
v -85.562424 0.769578 -6.469674
v -85.639687 1.700552 -4.269166
v -85.595848 1.700552 -4.250999
v -85.551987 1.700552 -4.269166
v -85.533821 1.700552 -4.313019
v -85.551987 1.700552 -4.356868
v -85.595848 1.700552 -4.375033
v -85.639687 1.700552 -4.356868
v -85.657867 1.700552 -4.313019
v -85.533821 0.627479 -2.878923
v -85.551987 0.627479 -2.922776
v -85.595848 0.627479 -2.940939
v -85.639687 0.627479 -2.922776
v -85.657867 0.627479 -2.878923
v -85.639687 0.627479 -2.835071
v -85.595848 0.627479 -2.816906
v -85.551987 0.627479 -2.835071
v -85.533821 1.715332 -2.878923
v -85.551987 1.715332 -2.922776
v -85.595848 1.715332 -2.940939
v -85.639687 1.715332 -2.922776
v -85.657867 1.715332 -2.878923
v -85.639687 1.715332 -2.835071
v -85.595848 1.715332 -2.816906
v -85.551987 1.715332 -2.835071
v -85.543312 1.684082 -2.878924
v -85.558708 1.684082 -2.841785
v -85.595848 1.684082 -2.826403
v -85.632980 1.684082 -2.841785
v -85.648361 1.684082 -2.878923
v -85.632980 1.684082 -2.916061
v -85.595848 1.684082 -2.931444
v -85.558708 1.684082 -2.916061
v -85.515800 1.700552 -2.878924
v -85.539238 1.700552 -2.822324
v -85.595848 1.700552 -2.798880
v -85.652435 1.700552 -2.822324
v -85.675880 1.700552 -2.878924
v -85.652435 1.700552 -2.935523
v -85.595848 1.700552 -2.958967
v -85.539246 1.700552 -2.935523
v -85.521545 1.738491 -2.878924
v -85.543304 1.738491 -2.826388
v -85.595848 1.738491 -2.804630
v -85.648376 1.738491 -2.826390
v -85.670135 1.738491 -2.878924
v -85.648376 1.738491 -2.931458
v -85.595848 1.738491 -2.953218
v -85.543304 1.738491 -2.931458
v -85.538483 1.743981 -2.878924
v -85.555275 1.743981 -2.838362
v -85.595848 1.743981 -2.821559
v -85.636406 1.743981 -2.838361
v -85.653198 1.743981 -2.878924
v -85.636406 1.743981 -2.919485
v -85.595848 1.743981 -2.936288
v -85.555275 1.743981 -2.919485
v -85.548157 1.768137 -2.878924
v -85.562119 1.768137 -2.845201
v -85.595848 1.768137 -2.831234
v -85.629555 1.768137 -2.845203
v -85.643532 1.768137 -2.878924
v -85.629555 1.768137 -2.912645
v -85.595848 1.768137 -2.926613
v -85.562119 1.768137 -2.912645
v -85.565086 1.774725 -2.878923
v -85.574089 1.774725 -2.857174
v -85.595848 1.774725 -2.848165
v -85.617592 1.774725 -2.857174
v -85.626602 1.774725 -2.878924
v -85.617592 1.774725 -2.900673
v -85.595848 1.774725 -2.909682
v -85.574089 1.774725 -2.900673
v -85.535454 1.797406 -2.878923
v -85.553139 1.797406 -2.836225
v -85.595848 1.797406 -2.818537
v -85.638542 1.797406 -2.836226
v -85.656219 1.797406 -2.878923
v -85.638542 1.797406 -2.921621
v -85.595848 1.797406 -2.939308
v -85.553139 1.797406 -2.921622
v -85.511864 1.831444 -2.878923
v -85.536461 1.831444 -2.819544
v -85.595848 1.831444 -2.794949
v -85.655212 1.831444 -2.819543
v -85.679817 1.831444 -2.878924
v -85.655220 1.831444 -2.938303
v -85.595848 1.831444 -2.962899
v -85.536461 1.831444 -2.938303
v -85.559052 1.853404 -2.878924
v -85.569824 1.853404 -2.852904
v -85.595848 1.853404 -2.842128
v -85.621864 1.853404 -2.852906
v -85.632637 1.853404 -2.878924
v -85.621864 1.853404 -2.904941
v -85.595848 1.853404 -2.915717
v -85.569824 1.853404 -2.904943
v -85.595848 1.884148 -2.878924
v -85.632980 1.684082 -4.275880
v -85.648361 1.684082 -4.313019
v -85.632980 1.684082 -4.350156
v -85.595848 1.684082 -4.365539
v -85.558708 1.684082 -4.350156
v -85.543320 1.684082 -4.313019
v -85.558708 1.684082 -4.275880
v -85.595848 1.684082 -4.260495
v -85.652435 1.700552 -4.256417
v -85.675880 1.700552 -4.313019
v -85.652435 1.700552 -4.369618
v -85.595848 1.700552 -4.393062
v -85.539238 1.700552 -4.369618
v -85.515800 1.700552 -4.313019
v -85.539238 1.700552 -4.256417
v -85.595848 1.700552 -4.232974
v -85.648376 1.738491 -4.260483
v -85.670135 1.738491 -4.313019
v -85.648376 1.738491 -4.365552
v -85.595848 1.738491 -4.387311
v -85.543304 1.738491 -4.365552
v -85.521545 1.738491 -4.313019
v -85.543304 1.738491 -4.260483
v -85.595848 1.738491 -4.238723
v -85.636406 1.743981 -4.272456
v -85.653198 1.743981 -4.313019
v -85.636406 1.743981 -4.353579
v -85.595848 1.743981 -4.370381
v -85.555275 1.743981 -4.353579
v -85.538475 1.743981 -4.313019
v -85.555275 1.743981 -4.272456
v -85.595848 1.743981 -4.255654
v -85.629562 1.768137 -4.279296
v -85.643532 1.768137 -4.313019
v -85.629562 1.768137 -4.346738
v -85.595848 1.768137 -4.360705
v -85.562119 1.768137 -4.346738
v -85.548157 1.768137 -4.313019
v -85.562119 1.768137 -4.279296
v -85.595848 1.768137 -4.265328
v -85.617592 1.774725 -4.291267
v -85.626602 1.774725 -4.313019
v -85.617592 1.774725 -4.334765
v -85.595848 1.774725 -4.343776
v -85.574089 1.774725 -4.334765
v -85.565086 1.774725 -4.313019
v -85.574089 1.774725 -4.291267
v -85.595848 1.774725 -4.282257
v -85.638542 1.797406 -4.270318
v -85.656219 1.797406 -4.313019
v -85.638542 1.797406 -4.355718
v -85.595848 1.797406 -4.373403
v -85.553139 1.797406 -4.355718
v -85.535461 1.797406 -4.313019
v -85.553139 1.797406 -4.270318
v -85.595848 1.797406 -4.252630
v -85.655220 1.831444 -4.253637
v -85.679817 1.831444 -4.313019
v -85.655220 1.831444 -4.372398
v -85.595848 1.831444 -4.396992
v -85.536461 1.831444 -4.372398
v -85.511864 1.831444 -4.313019
v -85.536461 1.831444 -4.253637
v -85.595848 1.831444 -4.229041
v -85.621864 1.853404 -4.287001
v -85.632637 1.853404 -4.313019
v -85.621864 1.853404 -4.339034
v -85.595848 1.853404 -4.349813
v -85.569824 1.853404 -4.339034
v -85.559044 1.853404 -4.313019
v -85.569824 1.853404 -4.287001
v -85.595848 1.853404 -4.276221
v -85.595848 1.884148 -4.313019
v -85.629250 0.770018 -2.199236
v -85.629250 1.257460 -2.199236
v -85.562424 1.257460 -2.199236
v -85.562424 0.770018 -2.199236
v -85.637512 1.296098 -2.892013
v -85.555634 1.296098 -2.891996
v -85.555634 1.217829 -2.891996
v -85.637512 1.217829 -2.892013
v -85.556732 1.296026 -4.310844
v -85.637344 1.296026 -4.310821
v -85.637344 1.217898 -4.310844
v -85.556732 1.217898 -4.310868
v -85.638283 1.217836 -5.730535
v -85.637451 1.220397 -6.469707
v -85.638283 1.299725 -5.730223
v -85.637451 1.301014 -6.469707
v -85.553093 1.299725 -5.730223
v -85.553925 1.301014 -6.469707
v -85.553093 1.217836 -5.730535
v -85.553925 1.220397 -6.469707
v -85.626801 1.493078 -4.310844
v -85.626801 1.492882 -5.729146
v -85.626801 1.491931 -6.469707
v -85.626801 1.551685 -4.310845
v -85.626801 1.552620 -5.728944
v -85.626801 1.551820 -6.469707
v -85.564880 1.551685 -4.310845
v -85.564880 1.552620 -5.728944
v -85.564880 1.551820 -6.469707
v -85.564880 1.493078 -4.310844
v -85.564880 1.492882 -5.729146
v -85.564880 1.491931 -6.469707
v -85.637123 1.522382 -4.310844
v -85.637123 1.522751 -5.729044
v -85.637123 1.521876 -6.469707
v -85.595848 1.561453 -4.310844
v -85.595848 1.562576 -5.728911
v -85.595840 1.561802 -6.469707
v -85.554550 1.522382 -4.310844
v -85.554550 1.522751 -5.729044
v -85.554550 1.521876 -6.469707
v -85.595848 1.483311 -4.310844
v -85.595848 1.482926 -5.729177
v -85.595840 1.481950 -6.469707
v -85.626801 1.492882 -2.891935
v -85.626801 1.552620 -2.891926
v -85.564880 1.552620 -2.891926
v -85.564880 1.492882 -2.891935
v -85.637123 1.522751 -2.891931
v -85.595848 1.562576 -2.891923
v -85.554550 1.522751 -2.891931
v -85.595848 1.482926 -2.891937
v -85.533829 0.627479 -5.742765
v -85.551987 0.627479 -5.698913
v -85.595848 0.627479 -5.680749
v -85.639687 0.627479 -5.698913
v -85.657867 0.627479 -5.742765
v -85.639687 0.627479 -5.786618
v -85.595848 0.627479 -5.804781
v -85.551987 0.627479 -5.786618
v -85.533829 1.715332 -5.742765
v -85.551987 1.715332 -5.698913
v -85.595848 1.715332 -5.680749
v -85.639687 1.715332 -5.698913
v -85.657867 1.715332 -5.742765
v -85.639687 1.715332 -5.786618
v -85.595848 1.715332 -5.804781
v -85.551987 1.715332 -5.786618
v -85.543312 1.684082 -5.742764
v -85.558708 1.684082 -5.779902
v -85.595848 1.684082 -5.795288
v -85.632980 1.684082 -5.779902
v -85.648361 1.684082 -5.742765
v -85.632980 1.684082 -5.705626
v -85.595848 1.684082 -5.690245
v -85.558708 1.684082 -5.705627
v -85.515800 1.700552 -5.742764
v -85.539238 1.700552 -5.799364
v -85.595848 1.700552 -5.822809
v -85.652435 1.700552 -5.799365
v -85.675880 1.700552 -5.742764
v -85.652435 1.700552 -5.686167
v -85.595848 1.700552 -5.662722
v -85.539238 1.700552 -5.686165
v -85.521545 1.738491 -5.742764
v -85.543304 1.738491 -5.795300
v -85.595848 1.738491 -5.817060
v -85.648376 1.738491 -5.795300
v -85.670135 1.738491 -5.742764
v -85.648376 1.738491 -5.690231
v -85.595848 1.738491 -5.668470
v -85.543304 1.738491 -5.690231
v -85.538483 1.743981 -5.742764
v -85.555275 1.743981 -5.783328
v -85.595848 1.743981 -5.800130
v -85.636406 1.743981 -5.783328
v -85.653198 1.743981 -5.742764
v -85.636406 1.743981 -5.702205
v -85.595848 1.743981 -5.685402
v -85.555275 1.743981 -5.702204
v -85.548157 1.768137 -5.742764
v -85.562119 1.768137 -5.776487
v -85.595848 1.768137 -5.790456
v -85.629555 1.768137 -5.776487
v -85.643532 1.768137 -5.742764
v -85.629555 1.768137 -5.709044
v -85.595848 1.768137 -5.695077
v -85.562119 1.768137 -5.709044
v -85.565086 1.774725 -5.742764
v -85.574089 1.774725 -5.764515
v -85.595848 1.774725 -5.773524
v -85.617592 1.774725 -5.764515
v -85.626602 1.774725 -5.742765
v -85.617592 1.774725 -5.721017
v -85.595848 1.774725 -5.712008
v -85.574089 1.774725 -5.721017
v -85.535461 1.797406 -5.742765
v -85.553139 1.797406 -5.785465
v -85.595848 1.797406 -5.803150
v -85.638542 1.797406 -5.785463
v -85.656219 1.797406 -5.742765
v -85.638542 1.797406 -5.700068
v -85.595848 1.797406 -5.682380
v -85.553139 1.797406 -5.700067
v -85.511864 1.831444 -5.742764
v -85.536461 1.831444 -5.802145
v -85.595848 1.831444 -5.826739
v -85.655212 1.831444 -5.802145
v -85.679817 1.831444 -5.742765
v -85.655220 1.831444 -5.683386
v -85.595848 1.831444 -5.658789
v -85.536461 1.831444 -5.683386
v -85.559052 1.853404 -5.742764
v -85.569824 1.853404 -5.768783
v -85.595848 1.853404 -5.779562
v -85.621864 1.853404 -5.768783
v -85.632637 1.853404 -5.742764
v -85.621864 1.853404 -5.716749
v -85.595848 1.853404 -5.705970
v -85.569824 1.853404 -5.716749
v -85.595848 1.884148 -5.742764
v -85.676407 0.702558 -6.469707
v -85.676407 0.812747 -6.469707
v -85.515266 0.812747 -6.469707
v -85.515266 0.702558 -6.469707
v -85.668694 0.475846 -3.632732
v -85.668694 0.564511 -2.899678
v -85.658203 0.584797 -3.650370
v -85.658203 0.674526 -2.908525
v -85.533478 0.584797 -3.650370
v -85.533478 0.674526 -2.908525
v -85.523003 0.475846 -3.632732
v -85.523003 0.564511 -2.899678
v -85.523003 0.334678 -4.308379
v -85.668694 0.334678 -4.308379
v -85.658203 0.447302 -4.308379
v -85.533478 0.447302 -4.308379
v -85.668694 0.475846 -4.988956
v -85.668694 0.564511 -5.722012
v -85.668686 0.593690 -6.469707
v -85.658203 0.584797 -4.971318
v -85.658203 0.674526 -5.713163
v -85.658203 0.704060 -6.469707
v -85.533478 0.584797 -4.971318
v -85.533478 0.674526 -5.713163
v -85.533478 0.704060 -6.469707
v -85.523003 0.475846 -4.988956
v -85.523003 0.564511 -5.722012
v -85.522995 0.593690 -6.469707
v -85.668694 0.627838 -5.716916
v -85.668686 0.657430 -6.469707
v -85.522995 0.657430 -6.469707
v -85.523003 0.627838 -5.716916
v -85.523003 0.538561 -4.978805
v -85.523003 0.399507 -4.308379
v -85.523003 0.538561 -3.642884
v -85.523003 0.627838 -2.904772
v -85.668694 0.627838 -2.904772
v -85.668694 0.538561 -3.642884
v -85.668694 0.399507 -4.308379
v -85.668694 0.538561 -4.978805
v -85.629250 0.557654 -3.629384
v -85.629250 0.557654 -3.562556
v -85.629250 1.248818 -3.629384
v -85.629250 1.248818 -3.562556
v -85.562424 1.248818 -3.629384
v -85.562424 1.248818 -3.562556
v -85.562424 0.557654 -3.629384
v -85.562424 0.557654 -3.562556
v -85.629250 0.557654 -4.992304
v -85.629250 0.557654 -5.059134
v -85.629250 1.248818 -4.992304
v -85.629250 1.248818 -5.059134
v -85.562424 1.248818 -4.992304
v -85.562424 1.248818 -5.059134
v -85.562424 0.557654 -4.992304
v -85.562424 0.557654 -5.059134
v -81.830536 0.725659 -4.200241
v -81.830536 0.725659 -4.415525
v -81.830536 0.774985 -4.199113
v -81.830536 0.774985 -4.415536
v -85.595848 0.774985 -4.199113
v -85.595848 0.774985 -4.415536
v -85.595848 0.725659 -4.200241
v -85.595848 0.725659 -4.415525
v -81.830536 0.725659 -3.973115
v -81.830536 0.725659 -4.188275
v -81.830536 0.774985 -3.970785
v -81.830536 0.774985 -4.187083
v -85.595848 0.774985 -3.970785
v -85.595848 0.774985 -4.187083
v -85.595848 0.725659 -3.973115
v -85.595848 0.725659 -4.188275
v -81.830536 0.725659 -3.293880
v -81.830536 0.725659 -3.507884
v -81.830536 0.774985 -3.287961
v -81.830536 0.774985 -3.503094
v -85.595848 0.774985 -3.287961
v -85.595848 0.774985 -3.503094
v -85.595848 0.725659 -3.293880
v -85.595848 0.725659 -3.507884
v -81.830536 0.725659 -3.068641
v -81.830536 0.725659 -3.281998
v -81.830536 0.774985 -3.061528
v -81.830536 0.774985 -3.276014
v -85.595848 0.774985 -3.061528
v -85.595848 0.774985 -3.276014
v -85.595848 0.725659 -3.068641
v -85.595848 0.725659 -3.281998
v -81.830536 0.725659 -2.620733
v -81.830536 0.725659 -2.832417
v -81.830536 0.774985 -2.611255
v -81.830536 0.774985 -2.824058
v -85.595848 0.774985 -2.611255
v -85.595848 0.774985 -2.824058
v -85.595848 0.725659 -2.620733
v -85.595848 0.725659 -2.832417
v -81.830536 0.725659 -2.403401
v -81.830536 0.725659 -2.604627
v -81.830536 0.774985 -2.392724
v -81.830536 0.774985 -2.595063
v -85.595848 0.774985 -2.392724
v -85.595848 0.774985 -2.595063
v -85.595848 0.725659 -2.403401
v -85.595848 0.725659 -2.604627
v -81.830536 0.725659 -2.172841
v -81.830536 0.725659 -2.382314
v -81.830536 0.774985 -2.160996
v -81.830536 0.774985 -2.371575
v -85.595848 0.774985 -2.160996
v -85.595848 0.774985 -2.371575
v -85.595848 0.725659 -2.172841
v -85.595848 0.725659 -2.382314
v -81.830536 0.725659 -2.844213
v -81.830536 0.725659 -3.056797
v -81.830536 0.774985 -2.835917
v -81.830536 0.774985 -3.049623
v -85.595848 0.774985 -2.835917
v -85.595848 0.774985 -3.049623
v -85.595848 0.725659 -2.844213
v -85.595848 0.725659 -3.056797
v -81.830536 0.725659 -3.746253
v -81.830536 0.725659 -3.961157
v -81.830536 0.774985 -3.742725
v -81.830536 0.774985 -3.958764
v -85.595848 0.774985 -3.742725
v -85.595848 0.774985 -3.958764
v -85.595848 0.725659 -3.746253
v -85.595848 0.725659 -3.961157
v -81.830536 0.725659 -3.519795
v -81.830536 0.725659 -3.734315
v -81.830536 0.774985 -3.515070
v -81.830536 0.774985 -3.730723
v -85.595848 0.774985 -3.515070
v -85.595848 0.774985 -3.730723
v -85.595848 0.725659 -3.519795
v -85.595848 0.725659 -3.734315
v -81.830536 0.725659 -6.234245
v -81.830536 0.725659 -6.449405
v -81.830536 0.774985 -6.234755
v -81.830536 0.774985 -6.451051
v -85.595848 0.774985 -6.234755
v -85.595848 0.774985 -6.451051
v -85.595848 0.725659 -6.234245
v -85.595848 0.725659 -6.449405
v -81.830536 0.725659 -5.552172
v -81.830536 0.725659 -5.766175
v -81.830536 0.774985 -5.551929
v -81.830536 0.774985 -5.767064
v -85.595848 0.774985 -5.551929
v -85.595848 0.774985 -5.767064
v -85.595848 0.725659 -5.552172
v -85.595848 0.725659 -5.766175
v -81.830536 0.725659 -5.324093
v -81.830536 0.725659 -5.540289
v -81.830536 0.774985 -5.325500
v -81.830536 0.774985 -5.539986
v -85.595848 0.774985 -5.325500
v -85.595848 0.774985 -5.539986
v -85.595848 0.725659 -5.324093
v -85.595848 0.725659 -5.540289
v -81.830536 0.725659 -4.873346
v -81.830536 0.725659 -5.087870
v -81.830536 0.774985 -4.875224
v -81.830536 0.774985 -5.088027
v -85.595848 0.774985 -4.875224
v -85.595848 0.774985 -5.088027
v -85.595848 0.725659 -4.873346
v -85.595848 0.725659 -5.087870
v -81.830536 0.725659 -4.646611
v -81.830536 0.725659 -4.857241
v -81.830536 0.774985 -4.647287
v -81.830536 0.774985 -4.859033
v -85.595848 0.774985 -4.647287
v -85.595848 0.774985 -4.859033
v -85.595848 0.725659 -4.646611
v -85.595848 0.725659 -4.857241
v -81.830536 0.725659 -4.425455
v -81.830536 0.725659 -4.634929
v -81.830536 0.774985 -4.424968
v -81.830536 0.774985 -4.635545
v -85.595848 0.774985 -4.424968
v -85.595848 0.774985 -4.635545
v -85.595848 0.725659 -4.425455
v -85.595848 0.725659 -4.634929
v -81.830536 0.725659 -5.099666
v -81.830536 0.725659 -5.312250
v -81.830536 0.774985 -5.099886
v -81.830536 0.774985 -5.313594
v -85.595848 0.774985 -5.099886
v -85.595848 0.774985 -5.313594
v -85.595848 0.725659 -5.099666
v -85.595848 0.725659 -5.312250
v -81.830536 0.725659 -6.004547
v -81.830536 0.725659 -6.222288
v -81.830536 0.774985 -6.006697
v -81.830536 0.774985 -6.222734
v -85.595848 0.774985 -6.006697
v -85.595848 0.774985 -6.222734
v -85.595848 0.725659 -6.004547
v -85.595848 0.725659 -6.222288
v -81.830536 0.725659 -5.778090
v -81.830536 0.725659 -5.992608
v -81.830536 0.774985 -5.779040
v -81.830536 0.774985 -5.994693
v -85.595848 0.774985 -5.779040
v -85.595848 0.774985 -5.994693
v -85.595848 0.725659 -5.778090
v -85.595848 0.725659 -5.992608
v -81.797119 0.770018 -2.199236
v -81.797119 1.257460 -2.199236
v -81.863953 1.257460 -2.199236
v -81.863953 0.770018 -2.199236
v -81.786682 1.700552 -4.353123
v -81.830536 1.700552 -4.371287
v -81.874390 1.700552 -4.353123
v -81.892555 1.700552 -4.309270
v -81.874390 1.700552 -4.265420
v -81.830536 1.700552 -4.247254
v -81.786682 1.700552 -4.265420
v -81.768517 1.700552 -4.309270
v -81.892555 0.627479 -5.743364
v -81.874390 0.627479 -5.699512
v -81.830536 0.627479 -5.681348
v -81.786682 0.627479 -5.699512
v -81.768517 0.627479 -5.743364
v -81.786682 0.627479 -5.787215
v -81.830536 0.627479 -5.805380
v -81.874390 0.627479 -5.787215
v -81.892555 1.715332 -5.743364
v -81.874390 1.715332 -5.699512
v -81.830536 1.715332 -5.681348
v -81.786682 1.715332 -5.699512
v -81.768517 1.715332 -5.743364
v -81.786682 1.715332 -5.787215
v -81.830536 1.715332 -5.805380
v -81.874390 1.715332 -5.787215
v -81.883057 1.684082 -5.743364
v -81.867676 1.684082 -5.780503
v -81.830536 1.684082 -5.795887
v -81.793396 1.684082 -5.780503
v -81.778015 1.684082 -5.743364
v -81.793396 1.684082 -5.706226
v -81.830536 1.684082 -5.690842
v -81.867676 1.684082 -5.706224
v -81.910576 1.700552 -5.743364
v -81.887138 1.700552 -5.799964
v -81.830536 1.700552 -5.823407
v -81.773933 1.700552 -5.799963
v -81.750488 1.700552 -5.743364
v -81.773933 1.700552 -5.686764
v -81.830536 1.700552 -5.663321
v -81.887138 1.700552 -5.686766
v -81.904831 1.738491 -5.743363
v -81.883072 1.738491 -5.795897
v -81.830536 1.738491 -5.817659
v -81.778000 1.738491 -5.795899
v -81.756241 1.738491 -5.743364
v -81.778008 1.738491 -5.690828
v -81.830536 1.738491 -5.669068
v -81.883072 1.738491 -5.690830
v -81.887901 1.743981 -5.743363
v -81.871101 1.743981 -5.783926
v -81.830536 1.743981 -5.800729
v -81.789970 1.743981 -5.783927
v -81.773170 1.743981 -5.743364
v -81.789970 1.743981 -5.702801
v -81.830536 1.743981 -5.685999
v -81.871094 1.743981 -5.702801
v -81.878227 1.768137 -5.743364
v -81.864258 1.768137 -5.777086
v -81.830536 1.768137 -5.791052
v -81.796814 1.768137 -5.777085
v -81.782852 1.768137 -5.743364
v -81.796814 1.768137 -5.709642
v -81.830536 1.768137 -5.695675
v -81.864258 1.768137 -5.709642
v -81.861290 1.774725 -5.743364
v -81.852287 1.774725 -5.765112
v -81.830536 1.774725 -5.774123
v -81.808784 1.774725 -5.765114
v -81.799782 1.774725 -5.743364
v -81.808792 1.774725 -5.721614
v -81.830536 1.774725 -5.712606
v -81.852287 1.774725 -5.721614
v -81.890923 1.797406 -5.743364
v -81.873238 1.797406 -5.786062
v -81.830536 1.797406 -5.803749
v -81.787834 1.797406 -5.786064
v -81.770149 1.797406 -5.743364
v -81.787834 1.797406 -5.700664
v -81.830536 1.797406 -5.682979
v -81.873238 1.797406 -5.700665
v -81.914513 1.831444 -5.743364
v -81.889915 1.831444 -5.802745
v -81.830536 1.831444 -5.827340
v -81.771156 1.831444 -5.802744
v -81.746559 1.831444 -5.743364
v -81.771156 1.831444 -5.683986
v -81.830536 1.831444 -5.659389
v -81.889915 1.831444 -5.683985
v -81.867332 1.853404 -5.743364
v -81.856560 1.853404 -5.769382
v -81.830536 1.853404 -5.780159
v -81.804520 1.853404 -5.769382
v -81.793739 1.853404 -5.743364
v -81.804520 1.853404 -5.717346
v -81.830536 1.853404 -5.706571
v -81.856560 1.853404 -5.717348
v -81.830536 1.884148 -5.743363
v -81.793396 1.684082 -4.346408
v -81.778015 1.684082 -4.309270
v -81.793396 1.684082 -4.272131
v -81.830536 1.684082 -4.256749
v -81.867676 1.684082 -4.272131
v -81.883057 1.684082 -4.309270
v -81.867676 1.684082 -4.346408
v -81.830536 1.684082 -4.361794
v -81.773941 1.700552 -4.365871
v -81.750488 1.700552 -4.309270
v -81.773941 1.700552 -4.252671
v -81.830536 1.700552 -4.229227
v -81.887138 1.700552 -4.252671
v -81.910576 1.700552 -4.309270
v -81.887138 1.700552 -4.365871
v -81.830536 1.700552 -4.389314
v -81.778008 1.738491 -4.361806
v -81.756241 1.738491 -4.309270
v -81.778008 1.738491 -4.256736
v -81.830536 1.738491 -4.234976
v -81.883072 1.738491 -4.256736
v -81.904831 1.738491 -4.309270
v -81.883072 1.738491 -4.361806
v -81.830536 1.738491 -4.383566
v -81.789970 1.743981 -4.349833
v -81.773170 1.743981 -4.309270
v -81.789970 1.743981 -4.268709
v -81.830536 1.743981 -4.251908
v -81.871101 1.743981 -4.268709
v -81.887901 1.743981 -4.309270
v -81.871101 1.743981 -4.349833
v -81.830536 1.743981 -4.366634
v -81.796814 1.768137 -4.342991
v -81.782852 1.768137 -4.309270
v -81.796814 1.768137 -4.275549
v -81.830536 1.768137 -4.261583
v -81.864258 1.768137 -4.275549
v -81.878227 1.768137 -4.309270
v -81.864258 1.768137 -4.342991
v -81.830536 1.768137 -4.356961
v -81.808792 1.774725 -4.331021
v -81.799782 1.774725 -4.309270
v -81.808792 1.774725 -4.287522
v -81.830536 1.774725 -4.278514
v -81.852287 1.774725 -4.287522
v -81.861290 1.774725 -4.309270
v -81.852287 1.774725 -4.331021
v -81.830536 1.774725 -4.340030
v -81.787834 1.797406 -4.351971
v -81.770149 1.797406 -4.309270
v -81.787834 1.797406 -4.266572
v -81.830536 1.797406 -4.248885
v -81.873238 1.797406 -4.266572
v -81.890923 1.797406 -4.309270
v -81.873238 1.797406 -4.351971
v -81.830536 1.797406 -4.369658
v -81.771156 1.831444 -4.368649
v -81.746559 1.831444 -4.309270
v -81.771156 1.831444 -4.249890
v -81.830536 1.831444 -4.225295
v -81.889915 1.831444 -4.249890
v -81.914513 1.831444 -4.309270
v -81.889915 1.831444 -4.368649
v -81.830536 1.831444 -4.393245
v -81.804520 1.853404 -4.335288
v -81.793747 1.853404 -4.309270
v -81.804520 1.853404 -4.283252
v -81.830536 1.853404 -4.272475
v -81.856560 1.853404 -4.283252
v -81.867332 1.853404 -4.309270
v -81.856560 1.853404 -4.335288
v -81.830536 1.853404 -4.346066
v -81.830536 1.884148 -4.309270
v -81.797119 0.770018 -6.423052
v -81.797119 0.769578 -6.469674
v -81.797119 1.257460 -6.423052
v -81.797119 1.257020 -6.469674
v -81.863953 1.257460 -6.423052
v -81.863945 1.257020 -6.469674
v -81.863953 0.770018 -6.423052
v -81.863945 0.769578 -6.469674
v -81.788857 1.296098 -5.730277
v -81.790260 1.300789 -6.469707
v -81.870750 1.296098 -5.730294
v -81.872337 1.300789 -6.469707
v -81.870750 1.217829 -5.730294
v -81.872337 1.218712 -6.469707
v -81.788857 1.217829 -5.730277
v -81.790260 1.218712 -6.469707
v -81.869644 1.296026 -4.311443
v -81.789024 1.296026 -4.311468
v -81.789024 1.217898 -4.311443
v -81.869644 1.217898 -4.311419
v -81.788086 1.217836 -2.891754
v -81.788086 1.299725 -2.892064
v -81.873291 1.299725 -2.892064
v -81.873291 1.217836 -2.891754
v -81.799568 1.493078 -4.311443
v -81.799568 1.492882 -2.893145
v -81.799568 1.551685 -4.311442
v -81.799568 1.552620 -2.893344
v -81.861504 1.551685 -4.311442
v -81.861504 1.552620 -2.893344
v -81.861504 1.493078 -4.311443
v -81.861504 1.492882 -2.893145
v -81.789246 1.522382 -4.311443
v -81.789246 1.522751 -2.893243
v -81.830536 1.561453 -4.311443
v -81.830536 1.562576 -2.893378
v -81.871826 1.522382 -4.311443
v -81.871826 1.522751 -2.893243
v -81.830536 1.483311 -4.311443
v -81.830536 1.482926 -2.893110
v -81.799568 1.492882 -5.730351
v -81.799568 1.491931 -6.469707
v -81.799568 1.552620 -5.730363
v -81.799568 1.551820 -6.469707
v -81.861504 1.552620 -5.730363
v -81.861504 1.551820 -6.469707
v -81.861504 1.492882 -5.730351
v -81.861504 1.491931 -6.469707
v -81.789246 1.522751 -5.730357
v -81.789246 1.521876 -6.469707
v -81.830536 1.562576 -5.730365
v -81.830536 1.561802 -6.469707
v -81.871826 1.522751 -5.730357
v -81.871819 1.521876 -6.469707
v -81.830536 1.482926 -5.730350
v -81.830536 1.481950 -6.469707
v -81.892555 0.627479 -2.879522
v -81.874390 0.627479 -2.923373
v -81.830536 0.627479 -2.941538
v -81.786682 0.627479 -2.923374
v -81.768517 0.627479 -2.879521
v -81.786682 0.627479 -2.835670
v -81.830536 0.627479 -2.817505
v -81.874390 0.627479 -2.835670
v -81.892555 1.715332 -2.879522
v -81.874390 1.715332 -2.923373
v -81.830536 1.715332 -2.941538
v -81.786682 1.715332 -2.923374
v -81.768517 1.715332 -2.879521
v -81.786682 1.715332 -2.835670
v -81.830536 1.715332 -2.817505
v -81.874390 1.715332 -2.835670
v -81.883057 1.684082 -2.879522
v -81.867676 1.684082 -2.842383
v -81.830536 1.684082 -2.827001
v -81.793396 1.684082 -2.842383
v -81.778008 1.684082 -2.879522
v -81.793396 1.684082 -2.916661
v -81.830536 1.684082 -2.932043
v -81.867676 1.684082 -2.916662
v -81.910576 1.700552 -2.879522
v -81.887138 1.700552 -2.822924
v -81.830536 1.700552 -2.799479
v -81.773933 1.700552 -2.822924
v -81.750488 1.700552 -2.879522
v -81.773933 1.700552 -2.936122
v -81.830536 1.700552 -2.959567
v -81.887138 1.700552 -2.936121
v -81.904831 1.738491 -2.879522
v -81.883072 1.738491 -2.826987
v -81.830536 1.738491 -2.805227
v -81.778008 1.738491 -2.826988
v -81.756241 1.738491 -2.879523
v -81.778008 1.738491 -2.932056
v -81.830536 1.738491 -2.953817
v -81.883072 1.738491 -2.932057
v -81.887901 1.743981 -2.879522
v -81.871101 1.743981 -2.838961
v -81.830536 1.743981 -2.822159
v -81.789970 1.743981 -2.838960
v -81.773170 1.743981 -2.879522
v -81.789970 1.743981 -2.920085
v -81.830536 1.743981 -2.936887
v -81.871094 1.743981 -2.920086
v -81.878227 1.768137 -2.879522
v -81.864258 1.768137 -2.845801
v -81.830536 1.768137 -2.831832
v -81.796814 1.768137 -2.845801
v -81.782852 1.768137 -2.879522
v -81.796814 1.768137 -2.913244
v -81.830536 1.768137 -2.927211
v -81.864258 1.768137 -2.913242
v -81.861290 1.774725 -2.879523
v -81.852287 1.774725 -2.857774
v -81.830536 1.774725 -2.848763
v -81.808792 1.774725 -2.857772
v -81.799782 1.774725 -2.879522
v -81.808792 1.774725 -2.901270
v -81.830536 1.774725 -2.910280
v -81.852287 1.774725 -2.901271
v -81.890923 1.797406 -2.879522
v -81.873238 1.797406 -2.836823
v -81.830536 1.797406 -2.819136
v -81.787834 1.797406 -2.836823
v -81.770149 1.797406 -2.879522
v -81.787834 1.797406 -2.922221
v -81.830536 1.797406 -2.939909
v -81.873238 1.797406 -2.922220
v -81.914513 1.831444 -2.879523
v -81.889915 1.831444 -2.820142
v -81.830536 1.831444 -2.795547
v -81.771156 1.831444 -2.820144
v -81.746559 1.831444 -2.879522
v -81.771156 1.831444 -2.938902
v -81.830536 1.831444 -2.963497
v -81.889915 1.831444 -2.938902
v -81.867332 1.853404 -2.879523
v -81.856560 1.853404 -2.853503
v -81.830536 1.853404 -2.842729
v -81.804520 1.853404 -2.853503
v -81.793739 1.853404 -2.879522
v -81.804520 1.853404 -2.905540
v -81.830536 1.853404 -2.916318
v -81.856560 1.853404 -2.905540
v -81.830536 1.884148 -2.879522
v -81.911102 0.702500 -6.469707
v -81.749962 0.702500 -6.469707
v -81.749962 0.811987 -6.469707
v -81.911102 0.811987 -6.469707
v -81.757690 0.475846 -4.989557
v -81.757690 0.564511 -5.722609
v -81.757690 0.593690 -6.469707
v -81.768166 0.584797 -4.971918
v -81.768166 0.674526 -5.713761
v -81.768166 0.704060 -6.469707
v -81.892906 0.584797 -4.971918
v -81.892906 0.674526 -5.713761
v -81.892906 0.704060 -6.469707
v -81.903381 0.475846 -4.989557
v -81.903381 0.564511 -5.722609
v -81.903381 0.593690 -6.469707
v -81.903381 0.334678 -4.313907
v -81.757690 0.334678 -4.313907
v -81.768166 0.447302 -4.313907
v -81.892906 0.447302 -4.313907
v -81.757690 0.475846 -3.633330
v -81.757690 0.564511 -2.900277
v -81.768166 0.584797 -3.650969
v -81.768166 0.674526 -2.909124
v -81.892906 0.584797 -3.650969
v -81.892906 0.674526 -2.909124
v -81.903381 0.475846 -3.633330
v -81.903381 0.564511 -2.900277
v -81.757690 0.627838 -2.905371
v -81.903381 0.627838 -2.905371
v -81.903381 0.538561 -3.643484
v -81.903381 0.399507 -4.313907
v -81.903381 0.538561 -4.979403
v -81.903381 0.627838 -5.717516
v -81.903381 0.657430 -6.469707
v -81.757690 0.657430 -6.469707
v -81.757690 0.627838 -5.717516
v -81.757690 0.538561 -4.979403
v -81.757690 0.399507 -4.313907
v -81.757690 0.538561 -3.643484
v -81.797119 0.557654 -4.992902
v -81.797119 0.557654 -5.059732
v -81.797119 1.248818 -4.992902
v -81.797119 1.248818 -5.059732
v -81.863953 1.248818 -4.992902
v -81.863953 1.248818 -5.059732
v -81.863953 0.557654 -4.992902
v -81.863953 0.557654 -5.059732
v -81.797119 0.557654 -3.629984
v -81.797119 0.557654 -3.563153
v -81.797119 1.248818 -3.629984
v -81.797119 1.248818 -3.563153
v -81.863953 1.248818 -3.629984
v -81.863953 1.248818 -3.563153
v -81.863953 0.557654 -3.629984
v -81.863953 0.557654 -3.563153
v -85.629257 0.769138 -6.521039
v -85.629257 1.256580 -6.521039
v -85.562424 1.256580 -6.521039
v -85.562424 0.769138 -6.521039
v -85.533821 0.524290 -8.641797
v -85.551987 0.524290 -8.685649
v -85.595840 0.524290 -8.703815
v -85.639694 0.524290 -8.685649
v -85.657860 0.524290 -8.641797
v -85.639694 0.524290 -8.597945
v -85.595840 0.524290 -8.579780
v -85.551987 0.524290 -8.597945
v -85.533821 1.516297 -8.641797
v -85.551987 1.516297 -8.685649
v -85.595840 1.516297 -8.703815
v -85.639694 1.516297 -8.685649
v -85.657860 1.516297 -8.641797
v -85.639694 1.516297 -8.597945
v -85.595840 1.516297 -8.579780
v -85.551987 1.516297 -8.597945
v -85.637001 1.112830 -7.937869
v -85.638290 1.193035 -7.203502
v -85.637001 1.191592 -7.950620
v -85.638290 1.274924 -7.210088
v -85.554375 1.191592 -7.950620
v -85.553085 1.274924 -7.210088
v -85.554375 1.112830 -7.937869
v -85.553085 1.193035 -7.203502
v -85.637291 1.063289 -8.647468
v -85.637291 0.985259 -8.628608
v -85.554077 0.985259 -8.628608
v -85.554077 1.063289 -8.647468
v -85.626801 1.260479 -8.640998
v -85.626801 1.382592 -7.971546
v -85.626801 1.464235 -7.233029
v -85.626801 1.319086 -8.653327
v -85.626801 1.441877 -7.980035
v -85.626801 1.523973 -7.237283
v -85.564880 1.319086 -8.653327
v -85.564880 1.441877 -7.980035
v -85.564880 1.523973 -7.237283
v -85.564880 1.260479 -8.640998
v -85.564880 1.382592 -7.971546
v -85.564880 1.464235 -7.233029
v -85.637131 1.289782 -8.647162
v -85.637131 1.412235 -7.975791
v -85.637131 1.494104 -7.235156
v -85.595840 1.328854 -8.655383
v -85.595840 1.451758 -7.981449
v -85.595840 1.533929 -7.237992
v -85.554550 1.289782 -8.647162
v -85.554550 1.412235 -7.975791
v -85.554550 1.494104 -7.235156
v -85.595840 1.250711 -8.638942
v -85.595840 1.372711 -7.970131
v -85.595840 1.454279 -7.232320
v -85.629257 0.674442 -7.958165
v -85.629257 0.674442 -7.891335
v -85.629257 1.161884 -7.958165
v -85.629257 1.161884 -7.891335
v -85.562424 1.161884 -7.958165
v -85.562424 1.161884 -7.891335
v -85.562424 0.674442 -7.958165
v -85.562424 0.674442 -7.891335
v -85.551987 0.722445 -7.163852
v -85.533821 0.722445 -7.207704
v -85.551987 0.722445 -7.251555
v -85.595840 0.722445 -7.269719
v -85.639694 0.722445 -7.251555
v -85.657860 0.722445 -7.207704
v -85.639694 0.722445 -7.163852
v -85.595840 0.722445 -7.145686
v -85.551987 1.714452 -7.163852
v -85.533821 1.714452 -7.207704
v -85.551987 1.714452 -7.251555
v -85.595840 1.714452 -7.269719
v -85.639694 1.714452 -7.251555
v -85.657860 1.714452 -7.207704
v -85.639694 1.714452 -7.163852
v -85.595840 1.714452 -7.145686
v -85.558701 1.683202 -7.170566
v -85.595840 1.683202 -7.155182
v -85.632980 1.683202 -7.170566
v -85.648361 1.683202 -7.207704
v -85.632980 1.683202 -7.244842
v -85.595840 1.683202 -7.260225
v -85.558701 1.683202 -7.244842
v -85.543320 1.683202 -7.207704
v -85.539246 1.699672 -7.151104
v -85.595840 1.699672 -7.127660
v -85.652435 1.699672 -7.151104
v -85.675880 1.699672 -7.207704
v -85.652435 1.699672 -7.264303
v -85.595840 1.699672 -7.287747
v -85.539246 1.699672 -7.264303
v -85.515793 1.699672 -7.207704
v -85.543304 1.737612 -7.155169
v -85.595840 1.737612 -7.133409
v -85.648376 1.737612 -7.155169
v -85.670135 1.737612 -7.207704
v -85.648376 1.737612 -7.260238
v -85.595840 1.737612 -7.281999
v -85.543304 1.737612 -7.260238
v -85.521545 1.737612 -7.207704
v -85.555275 1.743101 -7.167142
v -85.595840 1.743101 -7.150340
v -85.636406 1.743101 -7.167142
v -85.653206 1.743101 -7.207704
v -85.636406 1.743101 -7.248266
v -85.595840 1.743101 -7.265067
v -85.555275 1.743101 -7.248266
v -85.538475 1.743101 -7.207704
v -85.562119 1.767257 -7.173982
v -85.595840 1.767257 -7.160014
v -85.629562 1.767257 -7.173982
v -85.643524 1.767257 -7.207704
v -85.629562 1.767257 -7.241426
v -85.595840 1.767257 -7.255393
v -85.562119 1.767257 -7.241426
v -85.548149 1.767257 -7.207704
v -85.574089 1.773845 -7.185954
v -85.595840 1.773845 -7.176946
v -85.617584 1.773845 -7.185954
v -85.626595 1.773845 -7.207704
v -85.617584 1.773845 -7.229453
v -85.595840 1.773845 -7.238461
v -85.574089 1.773845 -7.229453
v -85.565086 1.773845 -7.207704
v -85.553139 1.796526 -7.165004
v -85.595840 1.796526 -7.147319
v -85.638542 1.796526 -7.165004
v -85.656219 1.796526 -7.207704
v -85.638542 1.796526 -7.250401
v -85.595840 1.796526 -7.268088
v -85.553139 1.796526 -7.250401
v -85.535461 1.796526 -7.207704
v -85.536461 1.830564 -7.148324
v -85.595840 1.830564 -7.123728
v -85.655220 1.830564 -7.148324
v -85.679810 1.830564 -7.207704
v -85.655220 1.830564 -7.267083
v -85.595840 1.830564 -7.291678
v -85.536461 1.830564 -7.267083
v -85.511864 1.830564 -7.207704
v -85.569824 1.852525 -7.181685
v -85.595840 1.852525 -7.170909
v -85.621857 1.852525 -7.181685
v -85.632629 1.852525 -7.207704
v -85.621857 1.852525 -7.233722
v -85.595840 1.852525 -7.244498
v -85.569824 1.852525 -7.233722
v -85.559044 1.852525 -7.207704
v -85.595840 1.883268 -7.207704
v -85.543320 1.476344 -8.641799
v -85.558701 1.476344 -8.604659
v -85.595840 1.476344 -8.589274
v -85.632980 1.476344 -8.604659
v -85.648361 1.476344 -8.641797
v -85.632980 1.476344 -8.678935
v -85.595840 1.476344 -8.694320
v -85.558701 1.476344 -8.678935
v -85.515793 1.492814 -8.641799
v -85.539246 1.492814 -8.585196
v -85.595840 1.492814 -8.561753
v -85.652435 1.492814 -8.585196
v -85.675880 1.492814 -8.641797
v -85.652435 1.492814 -8.698398
v -85.595840 1.492814 -8.721841
v -85.539246 1.492814 -8.698398
v -85.521545 1.530753 -8.641799
v -85.543304 1.530753 -8.589263
v -85.595840 1.530753 -8.567504
v -85.648376 1.530753 -8.589263
v -85.670135 1.530753 -8.641797
v -85.648376 1.530753 -8.694331
v -85.595840 1.530753 -8.716092
v -85.543304 1.530753 -8.694331
v -85.538475 1.536243 -8.641799
v -85.555275 1.536243 -8.601235
v -85.595840 1.536243 -8.584434
v -85.636406 1.536243 -8.601233
v -85.653206 1.536243 -8.641799
v -85.636406 1.536243 -8.682361
v -85.595840 1.536243 -8.699161
v -85.555275 1.536243 -8.682361
v -85.548157 1.560399 -8.641797
v -85.562119 1.560399 -8.608077
v -85.595840 1.560399 -8.594108
v -85.629562 1.560399 -8.608077
v -85.643524 1.560399 -8.641799
v -85.629562 1.560399 -8.675519
v -85.595840 1.560399 -8.689487
v -85.562119 1.560399 -8.675519
v -85.565086 1.566987 -8.641799
v -85.574097 1.566987 -8.620048
v -85.595840 1.566987 -8.611039
v -85.617584 1.566987 -8.620048
v -85.626595 1.566987 -8.641797
v -85.617584 1.566987 -8.663547
v -85.595840 1.566987 -8.672555
v -85.574097 1.566987 -8.663547
v -85.535461 1.589669 -8.641797
v -85.553139 1.589669 -8.599097
v -85.595840 1.589669 -8.581412
v -85.638542 1.589669 -8.599099
v -85.656227 1.589669 -8.641797
v -85.638542 1.589669 -8.684497
v -85.595840 1.589669 -8.702182
v -85.553139 1.589669 -8.684497
v -85.511864 1.623706 -8.641799
v -85.536461 1.623706 -8.582417
v -85.595840 1.623706 -8.557822
v -85.655220 1.623706 -8.582419
v -85.679810 1.623706 -8.641797
v -85.655220 1.623706 -8.701177
v -85.595840 1.623706 -8.725772
v -85.536461 1.623706 -8.701179
v -85.559044 1.645666 -8.641799
v -85.569824 1.645666 -8.615779
v -85.595840 1.645666 -8.605002
v -85.621857 1.645666 -8.615779
v -85.632629 1.645666 -8.641799
v -85.621857 1.645666 -8.667815
v -85.595840 1.645666 -8.678592
v -85.569824 1.645666 -8.667815
v -85.595840 1.676410 -8.641799
v -85.676414 0.583780 -7.961514
v -85.676414 0.672445 -7.228459
v -85.676414 0.692732 -7.979150
v -85.676414 0.782460 -7.237306
v -85.515266 0.692732 -7.979150
v -85.515266 0.782460 -7.237306
v -85.515266 0.583780 -7.961514
v -85.515266 0.672445 -7.228459
v -85.515266 0.415929 -8.767802
v -85.676414 0.415929 -8.767802
v -85.676414 0.522868 -8.795108
v -85.515266 0.522868 -8.795108
v -85.668686 0.478493 -7.943879
v -85.668686 0.567158 -7.219642
v -85.658203 0.587445 -7.961516
v -85.658203 0.677173 -7.228489
v -85.533478 0.587445 -7.961516
v -85.533478 0.677173 -7.228489
v -85.522995 0.478493 -7.943879
v -85.522995 0.567158 -7.219642
v -85.522995 0.314168 -8.739589
v -85.668686 0.314168 -8.739589
v -85.658203 0.421107 -8.766894
v -85.533478 0.421107 -8.766894
v -85.668686 0.376129 -8.755408
v -85.522995 0.376129 -8.755408
v -85.522995 0.541620 -7.954098
v -85.522995 0.630901 -7.224769
v -85.668686 0.630901 -7.224769
v -85.668686 0.541620 -7.954098
v -81.830536 0.524290 -8.579780
v -81.786682 0.524290 -8.597945
v -81.768517 0.524290 -8.641797
v -81.786682 0.524290 -8.685649
v -81.830536 0.524290 -8.703815
v -81.874390 0.524290 -8.685649
v -81.892555 0.524290 -8.641797
v -81.874390 0.524290 -8.597945
v -81.830536 1.516297 -8.579780
v -81.786682 1.516297 -8.597945
v -81.768517 1.516297 -8.641797
v -81.786682 1.516297 -8.685649
v -81.830536 1.516297 -8.703815
v -81.874390 1.516297 -8.685649
v -81.892555 1.516297 -8.641797
v -81.874390 1.516297 -8.597945
v -81.871704 1.112830 -7.937869
v -81.872986 1.193035 -7.203502
v -81.871704 1.191592 -7.950620
v -81.872986 1.274924 -7.210088
v -81.789070 1.191592 -7.950620
v -81.787781 1.274924 -7.210088
v -81.789070 1.112830 -7.937869
v -81.787781 1.193035 -7.203502
v -81.871994 1.063289 -8.647468
v -81.871994 0.985259 -8.628608
v -81.788780 0.985259 -8.628608
v -81.788780 1.063289 -8.647468
v -81.861504 1.260479 -8.640998
v -81.861504 1.382592 -7.971546
v -81.861504 1.464235 -7.233029
v -81.861504 1.319086 -8.653327
v -81.861504 1.441877 -7.980035
v -81.861504 1.523973 -7.237283
v -81.799576 1.319086 -8.653327
v -81.799576 1.441877 -7.980035
v -81.799576 1.523973 -7.237283
v -81.799576 1.260479 -8.640998
v -81.799576 1.382592 -7.971546
v -81.799576 1.464235 -7.233029
v -81.871819 1.289782 -8.647162
v -81.871819 1.412235 -7.975791
v -81.871819 1.494104 -7.235156
v -81.830536 1.328854 -8.655383
v -81.830536 1.451758 -7.981449
v -81.830536 1.533929 -7.237992
v -81.789246 1.289782 -8.647162
v -81.789246 1.412235 -7.975791
v -81.789246 1.494104 -7.235156
v -81.830536 1.250711 -8.638942
v -81.830536 1.372711 -7.970131
v -81.830536 1.454279 -7.232320
v -81.863945 0.674442 -7.958165
v -81.863945 0.674442 -7.891335
v -81.863945 1.161884 -7.958165
v -81.863945 1.161884 -7.891335
v -81.797119 1.161884 -7.958165
v -81.797119 1.161884 -7.891335
v -81.797119 0.674442 -7.958165
v -81.797119 0.674442 -7.891335
v -81.874390 0.722445 -7.163852
v -81.830536 0.722445 -7.145687
v -81.786690 0.722445 -7.163852
v -81.768524 0.722445 -7.207704
v -81.786690 0.722445 -7.251555
v -81.830536 0.722445 -7.269719
v -81.874390 0.722445 -7.251555
v -81.892555 0.722445 -7.207704
v -81.874390 1.714452 -7.163852
v -81.830536 1.714452 -7.145687
v -81.786690 1.714452 -7.163852
v -81.768524 1.714452 -7.207704
v -81.786690 1.714452 -7.251555
v -81.830536 1.714452 -7.269719
v -81.874390 1.714452 -7.251555
v -81.892555 1.714452 -7.207704
v -81.867668 1.683202 -7.170565
v -81.883057 1.683202 -7.207704
v -81.867668 1.683202 -7.244842
v -81.830536 1.683202 -7.260224
v -81.793396 1.683202 -7.244842
v -81.778015 1.683202 -7.207704
v -81.793396 1.683202 -7.170565
v -81.830536 1.683202 -7.155181
v -81.887138 1.699672 -7.151104
v -81.910583 1.699672 -7.207704
v -81.887138 1.699672 -7.264302
v -81.830536 1.699672 -7.287747
v -81.773933 1.699672 -7.264302
v -81.750496 1.699672 -7.207704
v -81.773933 1.699672 -7.151103
v -81.830536 1.699672 -7.127660
v -81.883080 1.737612 -7.155169
v -81.904831 1.737612 -7.207704
v -81.883080 1.737612 -7.260238
v -81.830536 1.737612 -7.281999
v -81.778008 1.737612 -7.260238
v -81.756241 1.737612 -7.207704
v -81.778008 1.737612 -7.155169
v -81.830536 1.737612 -7.133409
v -81.871101 1.743101 -7.167140
v -81.887901 1.743101 -7.207704
v -81.871101 1.743101 -7.248265
v -81.830536 1.743101 -7.265067
v -81.789978 1.743101 -7.248265
v -81.773170 1.743101 -7.207704
v -81.789978 1.743101 -7.167141
v -81.830536 1.743101 -7.150340
v -81.864258 1.767257 -7.173982
v -81.878227 1.767257 -7.207704
v -81.864258 1.767257 -7.241425
v -81.830536 1.767257 -7.255393
v -81.796822 1.767257 -7.241425
v -81.782852 1.767257 -7.207704
v -81.796822 1.767257 -7.173982
v -81.830536 1.767257 -7.160014
v -81.852287 1.773845 -7.185954
v -81.861290 1.773845 -7.207704
v -81.852287 1.773845 -7.229453
v -81.830536 1.773845 -7.238461
v -81.808784 1.773845 -7.229453
v -81.799774 1.773845 -7.207704
v -81.808784 1.773845 -7.185954
v -81.830536 1.773845 -7.176946
v -81.873230 1.796526 -7.165004
v -81.890923 1.796526 -7.207704
v -81.873230 1.796526 -7.250401
v -81.830536 1.796526 -7.268088
v -81.787834 1.796526 -7.250401
v -81.770157 1.796526 -7.207704
v -81.787834 1.796526 -7.165004
v -81.830536 1.796526 -7.147318
v -81.889915 1.830564 -7.148324
v -81.914513 1.830564 -7.207704
v -81.889915 1.830564 -7.267083
v -81.830536 1.830564 -7.291678
v -81.771164 1.830564 -7.267083
v -81.746559 1.830564 -7.207704
v -81.771164 1.830564 -7.148324
v -81.830536 1.830564 -7.123728
v -81.856560 1.852525 -7.181685
v -81.867332 1.852525 -7.207704
v -81.856560 1.852525 -7.233722
v -81.830536 1.852525 -7.244498
v -81.804520 1.852525 -7.233722
v -81.793747 1.852525 -7.207704
v -81.804520 1.852525 -7.181685
v -81.830536 1.852525 -7.170909
v -81.830536 1.883268 -7.207704
v -81.830536 1.476344 -8.589274
v -81.867668 1.476344 -8.604659
v -81.883064 1.476344 -8.641799
v -81.867668 1.476344 -8.678935
v -81.830536 1.476344 -8.694320
v -81.793396 1.476344 -8.678935
v -81.778015 1.476344 -8.641797
v -81.793396 1.476344 -8.604659
v -81.830536 1.492814 -8.561753
v -81.887138 1.492814 -8.585196
v -81.910583 1.492814 -8.641799
v -81.887138 1.492814 -8.698398
v -81.830536 1.492814 -8.721841
v -81.773933 1.492814 -8.698398
v -81.750496 1.492814 -8.641797
v -81.773933 1.492814 -8.585196
v -81.830536 1.530753 -8.567504
v -81.883080 1.530753 -8.589263
v -81.904831 1.530753 -8.641799
v -81.883080 1.530753 -8.694331
v -81.830536 1.530753 -8.716092
v -81.778008 1.530753 -8.694331
v -81.756241 1.530753 -8.641797
v -81.778008 1.530753 -8.589263
v -81.830536 1.536243 -8.584434
v -81.871101 1.536243 -8.601235
v -81.887901 1.536243 -8.641797
v -81.871101 1.536243 -8.682361
v -81.830536 1.536243 -8.699161
v -81.789978 1.536243 -8.682361
v -81.773170 1.536243 -8.641799
v -81.789978 1.536243 -8.601233
v -81.830536 1.560399 -8.594108
v -81.864258 1.560399 -8.608077
v -81.878227 1.560399 -8.641797
v -81.864258 1.560399 -8.675519
v -81.830536 1.560399 -8.689487
v -81.796822 1.560399 -8.675519
v -81.782852 1.560399 -8.641799
v -81.796822 1.560399 -8.608077
v -81.830536 1.566987 -8.611039
v -81.852287 1.566987 -8.620048
v -81.861290 1.566987 -8.641797
v -81.852287 1.566987 -8.663547
v -81.830536 1.566987 -8.672555
v -81.808784 1.566987 -8.663547
v -81.799774 1.566987 -8.641797
v -81.808792 1.566987 -8.620048
v -81.830536 1.589669 -8.581412
v -81.873230 1.589669 -8.599097
v -81.890923 1.589669 -8.641797
v -81.873230 1.589669 -8.684497
v -81.830536 1.589669 -8.702182
v -81.787834 1.589669 -8.684497
v -81.770157 1.589669 -8.641797
v -81.787834 1.589669 -8.599097
v -81.830536 1.623706 -8.557822
v -81.889915 1.623706 -8.582417
v -81.914513 1.623706 -8.641797
v -81.889915 1.623706 -8.701179
v -81.830536 1.623706 -8.725772
v -81.771164 1.623706 -8.701177
v -81.746559 1.623706 -8.641797
v -81.771164 1.623706 -8.582419
v -81.830536 1.645666 -8.605002
v -81.856560 1.645666 -8.615779
v -81.867332 1.645666 -8.641797
v -81.856560 1.645666 -8.667815
v -81.830536 1.645666 -8.678592
v -81.804520 1.645666 -8.667815
v -81.793747 1.645666 -8.641799
v -81.804520 1.645666 -8.615779
v -81.830536 1.676410 -8.641799
v -81.863945 0.769138 -6.521039
v -81.863945 1.256580 -6.521039
v -81.797119 1.256580 -6.521039
v -81.797119 0.769138 -6.521039
v -81.911102 0.583780 -7.961514
v -81.911102 0.672445 -7.228459
v -81.911102 0.692732 -7.979150
v -81.911102 0.782460 -7.237306
v -81.749962 0.692732 -7.979150
v -81.749962 0.782460 -7.237306
v -81.749962 0.583780 -7.961514
v -81.749962 0.672445 -7.228459
v -81.749962 0.415929 -8.767802
v -81.911102 0.415929 -8.767802
v -81.911102 0.522868 -8.795108
v -81.749962 0.522868 -8.795108
v -81.903381 0.478493 -7.943879
v -81.903381 0.567158 -7.219642
v -81.892906 0.587445 -7.961516
v -81.892906 0.677173 -7.228489
v -81.768173 0.587445 -7.961516
v -81.768173 0.677173 -7.228489
v -81.757690 0.478493 -7.943879
v -81.757690 0.567158 -7.219642
v -81.757690 0.314168 -8.739589
v -81.903381 0.314168 -8.739589
v -81.892906 0.421107 -8.766894
v -81.768173 0.421107 -8.766894
v -81.903381 0.376129 -8.755408
v -81.757690 0.376129 -8.755408
v -81.757690 0.541620 -7.954098
v -81.757690 0.630901 -7.224769
v -81.903381 0.630901 -7.224769
v -81.903381 0.541620 -7.954098
v -85.595840 0.659402 -7.610610
v -85.595840 0.682992 -7.394897
v -85.595840 0.707911 -7.616578
v -85.595840 0.731627 -7.399724
v -81.830536 0.707911 -7.616578
v -81.830536 0.731627 -7.399724
v -81.830536 0.659402 -7.610610
v -81.830536 0.682992 -7.394897
v -85.595840 0.629101 -7.837653
v -85.595840 0.657944 -7.622588
v -85.595840 0.677450 -7.844821
v -85.595840 0.706446 -7.628619
v -81.830536 0.677450 -7.844821
v -81.830536 0.706446 -7.628619
v -81.830536 0.629101 -7.837653
v -81.830536 0.657944 -7.622588
v -85.595840 0.551938 -8.289143
v -85.595840 0.591232 -8.075767
v -85.595840 0.599880 -8.298697
v -85.595840 0.639381 -8.084192
v -81.830536 0.599880 -8.298697
v -81.830536 0.639381 -8.084192
v -81.830536 0.551938 -8.289143
v -81.830536 0.591232 -8.075767
v -85.595840 0.504153 -8.517695
v -85.595840 0.548739 -8.305379
v -85.595840 0.551842 -8.528457
v -85.595840 0.596664 -8.315019
v -81.830536 0.551842 -8.528457
v -81.830536 0.596664 -8.315019
v -81.830536 0.504153 -8.517695
v -81.830536 0.548739 -8.305379
v -85.595840 0.451505 -8.740485
v -85.595840 0.501840 -8.529479
v -85.595840 0.498884 -8.752559
v -85.595840 0.549485 -8.540437
v -81.830536 0.498884 -8.752559
v -81.830536 0.549485 -8.540437
v -81.830536 0.451505 -8.740485
v -81.830536 0.501840 -8.529479
v -85.595840 0.593272 -8.063876
v -85.595840 0.627351 -7.849591
v -85.595840 0.641432 -8.072239
v -85.595840 0.675691 -7.856821
v -81.830536 0.641432 -8.072239
v -81.830536 0.675691 -7.856821
v -81.830536 0.593272 -8.063876
v -81.830536 0.627351 -7.849591
v -85.595840 0.684158 -7.382886
v -85.595840 0.702481 -7.166652
v -85.595840 0.732798 -7.387650
v -85.595840 0.751219 -7.170274
v -81.830536 0.732798 -7.387650
v -81.830536 0.751219 -7.170274
v -81.830536 0.684158 -7.382886
v -81.830536 0.702481 -7.166652
v -85.595840 0.725021 -6.696998
v -85.595840 0.727489 -6.478924
v -85.595840 0.773877 -6.698136
v -85.595840 0.776358 -6.478915
v -81.830536 0.773877 -6.698136
v -81.830536 0.776358 -6.478915
v -81.830536 0.725021 -6.696998
v -81.830536 0.727489 -6.478924
v -85.595840 0.716977 -6.925942
v -85.595840 0.724736 -6.709062
v -85.595840 0.765791 -6.928290
v -85.595840 0.773591 -6.710263
v -81.830536 0.765791 -6.928290
v -81.830536 0.773591 -6.710263
v -81.830536 0.716977 -6.925942
v -81.830536 0.724736 -6.709062
v -85.595840 0.703353 -7.154617
v -85.595840 0.716399 -6.937995
v -85.595840 0.752095 -7.158175
v -85.595840 0.765210 -6.940408
v -81.830536 0.752095 -7.158175
v -81.830536 0.765210 -6.940408
v -81.830536 0.703353 -7.154617
v -81.830536 0.716399 -6.937995
vt -0.608056 0.699420
vt -0.608056 0.673746
vt 1.039430 0.673757
vt 1.039428 0.699505
vt -0.608057 0.647963
vt 1.039431 0.647958
vt -0.608058 0.622153
vt 1.039431 0.622149
vt -0.608058 0.596340
vt 1.039431 0.596340
vt -0.608058 0.570528
vt 1.039431 0.570532
vt -0.608057 0.544718
vt 1.039431 0.544723
vt -0.608056 0.518935
vt 1.039430 0.518924
vt -0.608056 0.493260
vt 1.039428 0.493176
vt -0.608056 0.699420
vt -0.608056 0.673746
vt 1.039430 0.673757
vt 1.039428 0.699505
vt -0.608057 0.647963
vt 1.039431 0.647958
vt -0.608058 0.622153
vt 1.039431 0.622149
vt -0.608058 0.596340
vt 1.039431 0.596340
vt -0.608058 0.570528
vt 1.039431 0.570532
vt -0.608057 0.544718
vt 1.039431 0.544723
vt -0.608056 0.518935
vt 1.039430 0.518924
vt -0.608056 0.493260
vt 1.039428 0.493176
vt -1.394356 0.309436
vt 1.917297 0.309436
vt 1.917297 0.255351
vt -1.394355 0.255350
vt 1.844930 0.368957
vt -1.468500 0.368957
vt 1.844930 0.427403
vt -1.468499 0.427403
vt 1.917297 0.484741
vt -1.394355 0.484741
vt -1.467358 0.309436
vt 1.839084 0.309436
vt 1.839084 0.255351
vt -1.467357 0.255350
vt 1.910805 0.368957
vt -1.394401 0.368957
vt 1.910806 0.427403
vt -1.394401 0.427403
vt 1.839084 0.484741
vt -1.467357 0.484741
vt -0.461411 0.666184
vt -0.461410 0.648808
vt 1.966167 0.648820
vt 1.966164 0.666194
vt -0.461411 0.631325
vt 1.966169 0.631322
vt -0.461411 0.613833
vt 1.966169 0.613830
vt -0.461411 0.596340
vt 1.966169 0.596340
vt -0.461411 0.578848
vt 1.966169 0.578851
vt -0.461411 0.561356
vt 1.966169 0.561359
vt -0.461410 0.543873
vt 1.966167 0.543861
vt -0.461411 0.526497
vt 1.966164 0.526487
vt -0.608056 0.699420
vt -0.608056 0.673746
vt 1.039430 0.673757
vt 1.039428 0.699505
vt -0.608057 0.647963
vt 1.039431 0.647958
vt -0.608058 0.622153
vt 1.039431 0.622149
vt -0.608058 0.596340
vt 1.039431 0.596340
vt -0.608058 0.570528
vt 1.039431 0.570532
vt -0.608057 0.544718
vt 1.039431 0.544723
vt -0.608056 0.518935
vt 1.039430 0.518924
vt -0.608056 0.493260
vt 1.039428 0.493176
vt 0.444096 0.500000
vt 0.460469 0.531600
vt 0.499999 0.500000
vt 0.460469 0.468400
vt 0.499999 0.455311
vt 0.539530 0.468400
vt 0.555903 0.500000
vt 0.539530 0.531600
vt 0.499999 0.544689
vt -0.608056 0.699420
vt -0.608056 0.673746
vt 1.039430 0.673757
vt 1.039428 0.699505
vt -0.608057 0.647963
vt 1.039431 0.647958
vt -0.608058 0.622153
vt 1.039431 0.622149
vt -0.608058 0.596340
vt 1.039431 0.596340
vt -0.608058 0.570528
vt 1.039431 0.570532
vt -0.608057 0.544718
vt 1.039431 0.544723
vt -0.608056 0.518935
vt 1.039430 0.518924
vt -0.608056 0.493260
vt 1.039428 0.493176
vt 0.466523 0.500000
vt 0.476328 0.522349
vt 0.500000 0.500000
vt 0.476328 0.477651
vt 0.500000 0.468394
vt 0.523672 0.477651
vt 0.533477 0.500000
vt 0.523672 0.522349
vt 0.500000 0.531607
vt -1.394356 0.309436
vt 1.917297 0.309436
vt 1.917297 0.255351
vt -1.394355 0.255350
vt 1.844930 0.368957
vt -1.468500 0.368957
vt 1.844930 0.427403
vt -1.468499 0.427403
vt 1.917297 0.484741
vt -1.394355 0.484741
vt -1.467358 0.309436
vt 1.839084 0.309436
vt 1.839084 0.255351
vt -1.467357 0.255350
vt 1.910805 0.368957
vt -1.394401 0.368957
vt 1.910806 0.427403
vt -1.394401 0.427403
vt 1.839084 0.484741
vt -1.467357 0.484741
vt -0.461411 0.666184
vt -0.461410 0.648808
vt 1.966167 0.648820
vt 1.966164 0.666194
vt -0.461411 0.631325
vt 1.966169 0.631322
vt -0.461411 0.613833
vt 1.966169 0.613830
vt -0.461411 0.596340
vt 1.966169 0.596340
vt -0.461411 0.578848
vt 1.966169 0.578851
vt -0.461411 0.561356
vt 1.966169 0.561359
vt -0.461410 0.543873
vt 1.966167 0.543861
vt -0.461411 0.526497
vt 1.966164 0.526487
vt -0.608056 0.699420
vt -0.608056 0.673746
vt 1.039430 0.673757
vt 1.039428 0.699505
vt -0.608057 0.647963
vt 1.039431 0.647958
vt -0.608058 0.622153
vt 1.039431 0.622149
vt -0.608058 0.596340
vt 1.039431 0.596340
vt -0.608058 0.570528
vt 1.039431 0.570532
vt -0.608057 0.544718
vt 1.039431 0.544723
vt -0.608056 0.518935
vt 1.039430 0.518924
vt -0.608056 0.493260
vt 1.039428 0.493176
vt -0.608056 0.699420
vt -0.608056 0.673746
vt 1.039430 0.673757
vt 1.039428 0.699505
vt -0.608057 0.647963
vt 1.039431 0.647958
vt -0.608058 0.622153
vt 1.039431 0.622149
vt -0.608058 0.596340
vt 1.039431 0.596340
vt -0.608058 0.570528
vt 1.039431 0.570532
vt -0.608057 0.544718
vt 1.039431 0.544723
vt -0.608056 0.518935
vt 1.039430 0.518924
vt -0.608056 0.493260
vt 1.039428 0.493176
vt -1.394356 0.309436
vt 1.917297 0.309436
vt 1.917297 0.255351
vt -1.394355 0.255350
vt 1.844930 0.368957
vt -1.468500 0.368957
vt 1.844930 0.427403
vt -1.468499 0.427403
vt 1.917297 0.484741
vt -1.394355 0.484741
vt -1.467358 0.309436
vt 1.839084 0.309436
vt 1.839084 0.255351
vt -1.467357 0.255350
vt 1.910805 0.368957
vt -1.394401 0.368957
vt 1.910806 0.427403
vt -1.394401 0.427403
vt 1.839084 0.484741
vt -1.467357 0.484741
vt -0.461411 0.666184
vt -0.461410 0.648808
vt 1.966167 0.648820
vt 1.966164 0.666194
vt -0.461411 0.631325
vt 1.966169 0.631322
vt -0.461411 0.613833
vt 1.966169 0.613830
vt -0.461411 0.596340
vt 1.966169 0.596340
vt -0.461411 0.578848
vt 1.966169 0.578851
vt -0.461411 0.561356
vt 1.966169 0.561359
vt -0.461410 0.543873
vt 1.966167 0.543861
vt -0.461411 0.526497
vt 1.966164 0.526487
vt -0.608056 0.699420
vt -0.608056 0.673746
vt 1.039430 0.673757
vt 1.039428 0.699505
vt -0.608057 0.647963
vt 1.039431 0.647958
vt -0.608058 0.622153
vt 1.039431 0.622149
vt -0.608058 0.596340
vt 1.039431 0.596340
vt -0.608058 0.570528
vt 1.039431 0.570532
vt -0.608057 0.544718
vt 1.039431 0.544723
vt -0.608056 0.518935
vt 1.039430 0.518924
vt -0.608056 0.493260
vt 1.039428 0.493176
vt -0.608056 0.699420
vt -0.608056 0.673746
vt 1.039430 0.673757
vt 1.039428 0.699505
vt -0.608057 0.647963
vt 1.039431 0.647958
vt -0.608058 0.622153
vt 1.039431 0.622149
vt -0.608058 0.596340
vt 1.039431 0.596340
vt -0.608058 0.570528
vt 1.039431 0.570532
vt -0.608057 0.544718
vt 1.039431 0.544723
vt -0.608056 0.518935
vt 1.039430 0.518924
vt -0.608056 0.493260
vt 1.039428 0.493176
vt -1.394356 0.309436
vt 1.917297 0.309436
vt 1.917297 0.255351
vt -1.394355 0.255350
vt 1.844930 0.368957
vt -1.468500 0.368957
vt 1.844930 0.427403
vt -1.468499 0.427403
vt 1.917297 0.484741
vt -1.394355 0.484741
vt -1.467358 0.309436
vt 1.839084 0.309436
vt 1.839084 0.255351
vt -1.467357 0.255350
vt 1.910805 0.368957
vt -1.394401 0.368957
vt 1.910806 0.427403
vt -1.394401 0.427403
vt 1.839084 0.484741
vt -1.467357 0.484741
vt -0.461411 0.666184
vt -0.461410 0.648808
vt 1.966167 0.648820
vt 1.966164 0.666194
vt -0.461411 0.631325
vt 1.966169 0.631322
vt -0.461411 0.613833
vt 1.966169 0.613830
vt -0.461411 0.596340
vt 1.966169 0.596340
vt -0.461411 0.578848
vt 1.966169 0.578851
vt -0.461411 0.561356
vt 1.966169 0.561359
vt -0.461410 0.543873
vt 1.966167 0.543861
vt -0.461411 0.526497
vt 1.966164 0.526487
vt -0.608056 0.699420
vt -0.608056 0.673746
vt 1.039430 0.673757
vt 1.039428 0.699505
vt -0.608057 0.647963
vt 1.039431 0.647958
vt -0.608058 0.622153
vt 1.039431 0.622149
vt -0.608058 0.596340
vt 1.039431 0.596340
vt -0.608058 0.570528
vt 1.039431 0.570532
vt -0.608057 0.544718
vt 1.039431 0.544723
vt -0.608056 0.518935
vt 1.039430 0.518924
vt -0.608056 0.493260
vt 1.039428 0.493176
vt -0.608056 0.699420
vt -0.608056 0.673746
vt 1.039430 0.673757
vt 1.039428 0.699505
vt -0.608057 0.647963
vt 1.039431 0.647958
vt -0.608058 0.622153
vt 1.039431 0.622149
vt -0.608058 0.596340
vt 1.039431 0.596340
vt -0.608058 0.570528
vt 1.039431 0.570532
vt -0.608057 0.544718
vt 1.039431 0.544723
vt -0.608056 0.518935
vt 1.039430 0.518924
vt -0.608056 0.493260
vt 1.039428 0.493176
vt -1.394356 0.309436
vt 1.917297 0.309436
vt 1.917297 0.255351
vt -1.394355 0.255350
vt 1.844930 0.368957
vt -1.468500 0.368957
vt 1.844930 0.427403
vt -1.468499 0.427403
vt 1.917297 0.484741
vt -1.394355 0.484741
vt -1.467358 0.309436
vt 1.839084 0.309436
vt 1.839084 0.255351
vt -1.467357 0.255350
vt 1.910805 0.368957
vt -1.394401 0.368957
vt 1.910806 0.427403
vt -1.394401 0.427403
vt 1.839084 0.484741
vt -1.467357 0.484741
vt -0.461411 0.666184
vt -0.461410 0.648808
vt 1.966167 0.648820
vt 1.966164 0.666194
vt -0.461411 0.631325
vt 1.966169 0.631322
vt -0.461411 0.613833
vt 1.966169 0.613830
vt -0.461411 0.596340
vt 1.966169 0.596340
vt -0.461411 0.578848
vt 1.966169 0.578851
vt -0.461411 0.561356
vt 1.966169 0.561359
vt -0.461410 0.543873
vt 1.966167 0.543861
vt -0.461411 0.526497
vt 1.966164 0.526487
vt -0.608056 0.699420
vt -0.608056 0.673746
vt 1.039430 0.673757
vt 1.039428 0.699505
vt -0.608057 0.647963
vt 1.039431 0.647958
vt -0.608058 0.622153
vt 1.039431 0.622149
vt -0.608058 0.596340
vt 1.039431 0.596340
vt -0.608058 0.570528
vt 1.039431 0.570532
vt -0.608057 0.544718
vt 1.039431 0.544723
vt -0.608056 0.518935
vt 1.039430 0.518924
vt -0.608056 0.493260
vt 1.039428 0.493176
vt 0.444096 0.500000
vt 0.460469 0.531600
vt 0.499999 0.500000
vt 0.460469 0.468400
vt 0.499999 0.455311
vt 0.539530 0.468400
vt 0.555903 0.500000
vt 0.539530 0.531600
vt 0.499999 0.544689
vt -0.608056 0.699420
vt -0.608056 0.673746
vt 1.039430 0.673757
vt 1.039428 0.699505
vt -0.608057 0.647963
vt 1.039431 0.647958
vt -0.608058 0.622153
vt 1.039431 0.622149
vt -0.608058 0.596340
vt 1.039431 0.596340
vt -0.608058 0.570528
vt 1.039431 0.570532
vt -0.608057 0.544718
vt 1.039431 0.544723
vt -0.608056 0.518935
vt 1.039430 0.518924
vt -0.608056 0.493260
vt 1.039428 0.493176
vt 0.466523 0.500000
vt 0.476328 0.522349
vt 0.500000 0.500000
vt 0.476328 0.477651
vt 0.500000 0.468394
vt 0.523672 0.477651
vt 0.533477 0.500000
vt 0.523672 0.522349
vt 0.500000 0.531607
vt -1.394356 0.309436
vt 1.917297 0.309436
vt 1.917297 0.255351
vt -1.394355 0.255350
vt 1.844930 0.368957
vt -1.468500 0.368957
vt 1.844930 0.427403
vt -1.468499 0.427403
vt 1.917297 0.484741
vt -1.394355 0.484741
vt -1.467358 0.309436
vt 1.839084 0.309436
vt 1.839084 0.255351
vt -1.467357 0.255350
vt 1.910805 0.368957
vt -1.394401 0.368957
vt 1.910806 0.427403
vt -1.394401 0.427403
vt 1.839084 0.484741
vt -1.467357 0.484741
vt -0.461411 0.666184
vt -0.461410 0.648808
vt 1.966167 0.648820
vt 1.966164 0.666194
vt -0.461411 0.631325
vt 1.966169 0.631322
vt -0.461411 0.613833
vt 1.966169 0.613830
vt -0.461411 0.596340
vt 1.966169 0.596340
vt -0.461411 0.578848
vt 1.966169 0.578851
vt -0.461411 0.561356
vt 1.966169 0.561359
vt -0.461410 0.543873
vt 1.966167 0.543861
vt -0.461411 0.526497
vt 1.966164 0.526487
vt -0.608056 0.699420
vt -0.608056 0.673746
vt 1.039430 0.673757
vt 1.039428 0.699505
vt -0.608057 0.647963
vt 1.039431 0.647958
vt -0.608058 0.622153
vt 1.039431 0.622149
vt -0.608058 0.596340
vt 1.039431 0.596340
vt -0.608058 0.570528
vt 1.039431 0.570532
vt -0.608057 0.544718
vt 1.039431 0.544723
vt -0.608056 0.518935
vt 1.039430 0.518924
vt -0.608056 0.493260
vt 1.039428 0.493176
vt -0.608056 0.699420
vt -0.608056 0.673746
vt 1.039430 0.673757
vt 1.039428 0.699505
vt -0.608057 0.647963
vt 1.039431 0.647958
vt -0.608058 0.622153
vt 1.039431 0.622149
vt -0.608058 0.596340
vt 1.039431 0.596340
vt -0.608058 0.570528
vt 1.039431 0.570532
vt -0.608057 0.544718
vt 1.039431 0.544723
vt -0.608056 0.518935
vt 1.039430 0.518924
vt -0.608056 0.493260
vt 1.039428 0.493176
vt -1.394356 0.309436
vt 1.917297 0.309436
vt 1.917297 0.255351
vt -1.394355 0.255350
vt 1.844930 0.368957
vt -1.468500 0.368957
vt 1.844930 0.427403
vt -1.468499 0.427403
vt 1.917297 0.484741
vt -1.394355 0.484741
vt -1.467358 0.309436
vt 1.839084 0.309436
vt 1.839084 0.255351
vt -1.467357 0.255350
vt 1.910805 0.368957
vt -1.394401 0.368957
vt 1.910806 0.427403
vt -1.394401 0.427403
vt 1.839084 0.484741
vt -1.467357 0.484741
vt -0.461411 0.666184
vt -0.461410 0.648808
vt 1.966167 0.648820
vt 1.966164 0.666194
vt -0.461411 0.631325
vt 1.966169 0.631322
vt -0.461411 0.613833
vt 1.966169 0.613830
vt -0.461411 0.596340
vt 1.966169 0.596340
vt -0.461411 0.578848
vt 1.966169 0.578851
vt -0.461411 0.561356
vt 1.966169 0.561359
vt -0.461410 0.543873
vt 1.966167 0.543861
vt -0.461411 0.526497
vt 1.966164 0.526487
vt -0.608056 0.699420
vt -0.608056 0.673746
vt 1.039430 0.673757
vt 1.039428 0.699505
vt -0.608057 0.647963
vt 1.039431 0.647958
vt -0.608058 0.622153
vt 1.039431 0.622149
vt -0.608058 0.596340
vt 1.039431 0.596340
vt -0.608058 0.570528
vt 1.039431 0.570532
vt -0.608057 0.544718
vt 1.039431 0.544723
vt -0.608056 0.518935
vt 1.039430 0.518924
vt -0.608056 0.493260
vt 1.039428 0.493176
vt -0.608056 0.699420
vt -0.608056 0.673746
vt 1.039430 0.673757
vt 1.039428 0.699505
vt -0.608057 0.647963
vt 1.039431 0.647958
vt -0.608058 0.622153
vt 1.039431 0.622149
vt -0.608058 0.596340
vt 1.039431 0.596340
vt -0.608058 0.570528
vt 1.039431 0.570532
vt -0.608057 0.544718
vt 1.039431 0.544723
vt -0.608056 0.518935
vt 1.039430 0.518924
vt -0.608056 0.493260
vt 1.039428 0.493176
vt -1.394356 0.309436
vt 1.917297 0.309436
vt 1.917297 0.255351
vt -1.394355 0.255350
vt 1.844930 0.368957
vt -1.468500 0.368957
vt 1.844930 0.427403
vt -1.468499 0.427403
vt 1.917297 0.484741
vt -1.394355 0.484741
vt -1.467358 0.309436
vt 1.839084 0.309436
vt 1.839084 0.255351
vt -1.467357 0.255350
vt 1.910805 0.368957
vt -1.394401 0.368957
vt 1.910806 0.427403
vt -1.394401 0.427403
vt 1.839084 0.484741
vt -1.467357 0.484741
vt -0.461411 0.666184
vt -0.461410 0.648808
vt 1.966167 0.648820
vt 1.966164 0.666194
vt -0.461411 0.631325
vt 1.966169 0.631322
vt -0.461411 0.613833
vt 1.966169 0.613830
vt -0.461411 0.596340
vt 1.966169 0.596340
vt -0.461411 0.578848
vt 1.966169 0.578851
vt -0.461411 0.561356
vt 1.966169 0.561359
vt -0.461410 0.543873
vt 1.966167 0.543861
vt -0.461411 0.526497
vt 1.966164 0.526487
vt -0.608056 0.699420
vt -0.608056 0.673746
vt 1.039430 0.673757
vt 1.039428 0.699505
vt -0.608057 0.647963
vt 1.039431 0.647958
vt -0.608058 0.622153
vt 1.039431 0.622149
vt -0.608058 0.596340
vt 1.039431 0.596340
vt -0.608058 0.570528
vt 1.039431 0.570532
vt -0.608057 0.544718
vt 1.039431 0.544723
vt -0.608056 0.518935
vt 1.039430 0.518924
vt -0.608056 0.493260
vt 1.039428 0.493176
vt -0.608056 0.699420
vt -0.608056 0.673746
vt 1.039430 0.673757
vt 1.039428 0.699505
vt -0.608057 0.647963
vt 1.039431 0.647958
vt -0.608058 0.622153
vt 1.039431 0.622149
vt -0.608058 0.596340
vt 1.039431 0.596340
vt -0.608058 0.570528
vt 1.039431 0.570532
vt -0.608057 0.544718
vt 1.039431 0.544723
vt -0.608056 0.518935
vt 1.039430 0.518924
vt -0.608056 0.493260
vt 1.039428 0.493176
vt -1.394356 0.309436
vt 1.917297 0.309436
vt 1.917297 0.255351
vt -1.394355 0.255350
vt 1.844930 0.368957
vt -1.468500 0.368957
vt 1.844930 0.427403
vt -1.468499 0.427403
vt 1.917297 0.484741
vt -1.394355 0.484741
vt -1.467358 0.309436
vt 1.839084 0.309436
vt 1.839084 0.255351
vt -1.467357 0.255350
vt 1.910805 0.368957
vt -1.394401 0.368957
vt 1.910806 0.427403
vt -1.394401 0.427403
vt 1.839084 0.484741
vt -1.467357 0.484741
vt -0.461411 0.666184
vt -0.461410 0.648808
vt 1.966167 0.648820
vt 1.966164 0.666194
vt -0.461411 0.631325
vt 1.966169 0.631322
vt -0.461411 0.613833
vt 1.966169 0.613830
vt -0.461411 0.596340
vt 1.966169 0.596340
vt -0.461411 0.578848
vt 1.966169 0.578851
vt -0.461411 0.561356
vt 1.966169 0.561359
vt -0.461410 0.543873
vt 1.966167 0.543861
vt -0.461411 0.526497
vt 1.966164 0.526487
vt -0.608056 0.699420
vt -0.608056 0.673746
vt 1.039430 0.673757
vt 1.039428 0.699505
vt -0.608057 0.647963
vt 1.039431 0.647958
vt -0.608058 0.622153
vt 1.039431 0.622149
vt -0.608058 0.596340
vt 1.039431 0.596340
vt -0.608058 0.570528
vt 1.039431 0.570532
vt -0.608057 0.544718
vt 1.039431 0.544723
vt -0.608056 0.518935
vt 1.039430 0.518924
vt -0.608056 0.493260
vt 1.039428 0.493176
vt 0.444096 0.500000
vt 0.460469 0.531600
vt 0.499999 0.500000
vt 0.460469 0.468400
vt 0.499999 0.455311
vt 0.539530 0.468400
vt 0.555903 0.500000
vt 0.539530 0.531600
vt 0.499999 0.544689
vt -0.608056 0.699420
vt -0.608056 0.673746
vt 1.039430 0.673757
vt 1.039428 0.699505
vt -0.608057 0.647963
vt 1.039431 0.647958
vt -0.608058 0.622153
vt 1.039431 0.622149
vt -0.608058 0.596340
vt 1.039431 0.596340
vt -0.608058 0.570528
vt 1.039431 0.570532
vt -0.608057 0.544718
vt 1.039431 0.544723
vt -0.608056 0.518935
vt 1.039430 0.518924
vt -0.608056 0.493260
vt 1.039428 0.493176
vt 0.466523 0.500000
vt 0.476328 0.522349
vt 0.500000 0.500000
vt 0.476328 0.477651
vt 0.500000 0.468394
vt 0.523672 0.477651
vt 0.533477 0.500000
vt 0.523672 0.522349
vt 0.500000 0.531607
vt -1.394356 0.309436
vt 1.917297 0.309436
vt 1.917297 0.255351
vt -1.394355 0.255350
vt 1.844930 0.368957
vt -1.468500 0.368957
vt 1.844930 0.427403
vt -1.468499 0.427403
vt 1.917297 0.484741
vt -1.394355 0.484741
vt -1.467358 0.309436
vt 1.839084 0.309436
vt 1.839084 0.255351
vt -1.467357 0.255350
vt 1.910805 0.368957
vt -1.394401 0.368957
vt 1.910806 0.427403
vt -1.394401 0.427403
vt 1.839084 0.484741
vt -1.467357 0.484741
vt -0.461411 0.666184
vt -0.461410 0.648808
vt 1.966167 0.648820
vt 1.966164 0.666194
vt -0.461411 0.631325
vt 1.966169 0.631322
vt -0.461411 0.613833
vt 1.966169 0.613830
vt -0.461411 0.596340
vt 1.966169 0.596340
vt -0.461411 0.578848
vt 1.966169 0.578851
vt -0.461411 0.561356
vt 1.966169 0.561359
vt -0.461410 0.543873
vt 1.966167 0.543861
vt -0.461411 0.526497
vt 1.966164 0.526487
vt -0.608056 0.699420
vt -0.608056 0.673746
vt 1.039430 0.673757
vt 1.039428 0.699505
vt -0.608057 0.647963
vt 1.039431 0.647958
vt -0.608058 0.622153
vt 1.039431 0.622149
vt -0.608058 0.596340
vt 1.039431 0.596340
vt -0.608058 0.570528
vt 1.039431 0.570532
vt -0.608057 0.544718
vt 1.039431 0.544723
vt -0.608056 0.518935
vt 1.039430 0.518924
vt -0.608056 0.493260
vt 1.039428 0.493176
vt -0.608056 0.699420
vt -0.608056 0.673746
vt 1.039430 0.673757
vt 1.039428 0.699505
vt -0.608057 0.647963
vt 1.039431 0.647958
vt -0.608058 0.622153
vt 1.039431 0.622149
vt -0.608058 0.596340
vt 1.039431 0.596340
vt -0.608058 0.570528
vt 1.039431 0.570532
vt -0.608057 0.544718
vt 1.039431 0.544723
vt -0.608056 0.518935
vt 1.039430 0.518924
vt -0.608056 0.493260
vt 1.039428 0.493176
vt -1.394356 0.309436
vt 1.917297 0.309436
vt 1.917297 0.255351
vt -1.394355 0.255350
vt 1.844930 0.368957
vt -1.468500 0.368957
vt 1.844930 0.427403
vt -1.468499 0.427403
vt 1.917297 0.484741
vt -1.394355 0.484741
vt -1.467358 0.309436
vt 1.839084 0.309436
vt 1.839084 0.255351
vt -1.467357 0.255350
vt 1.910805 0.368957
vt -1.394401 0.368957
vt 1.910806 0.427403
vt -1.394401 0.427403
vt 1.839084 0.484741
vt -1.467357 0.484741
vt -0.461411 0.666184
vt -0.461410 0.648808
vt 1.966167 0.648820
vt 1.966164 0.666194
vt -0.461411 0.631325
vt 1.966169 0.631322
vt -0.461411 0.613833
vt 1.966169 0.613830
vt -0.461411 0.596340
vt 1.966169 0.596340
vt -0.461411 0.578848
vt 1.966169 0.578851
vt -0.461411 0.561356
vt 1.966169 0.561359
vt -0.461410 0.543873
vt 1.966167 0.543861
vt -0.461411 0.526497
vt 1.966164 0.526487
vt -0.608056 0.699420
vt -0.608056 0.673746
vt 1.039430 0.673757
vt 1.039428 0.699505
vt -0.608057 0.647963
vt 1.039431 0.647958
vt -0.608058 0.622153
vt 1.039431 0.622149
vt -0.608058 0.596340
vt 1.039431 0.596340
vt -0.608058 0.570528
vt 1.039431 0.570532
vt -0.608057 0.544718
vt 1.039431 0.544723
vt -0.608056 0.518935
vt 1.039430 0.518924
vt -0.608056 0.493260
vt 1.039428 0.493176
vt -0.608056 0.699420
vt -0.608056 0.673746
vt 1.039430 0.673757
vt 1.039428 0.699505
vt -0.608057 0.647963
vt 1.039431 0.647958
vt -0.608058 0.622153
vt 1.039431 0.622149
vt -0.608058 0.596340
vt 1.039431 0.596340
vt -0.608058 0.570528
vt 1.039431 0.570532
vt -0.608057 0.544718
vt 1.039431 0.544723
vt -0.608056 0.518935
vt 1.039430 0.518924
vt -0.608056 0.493260
vt 1.039428 0.493176
vt -1.394356 0.309436
vt 1.917297 0.309436
vt 1.917297 0.255351
vt -1.394355 0.255350
vt 1.844930 0.368957
vt -1.468500 0.368957
vt 1.844930 0.427403
vt -1.468499 0.427403
vt 1.917297 0.484741
vt -1.394355 0.484741
vt -1.467358 0.309436
vt 1.839084 0.309436
vt 1.839084 0.255351
vt -1.467357 0.255350
vt 1.910805 0.368957
vt -1.394401 0.368957
vt 1.910806 0.427403
vt -1.394401 0.427403
vt 1.839084 0.484741
vt -1.467357 0.484741
vt -0.461411 0.666184
vt -0.461410 0.648808
vt 1.966167 0.648820
vt 1.966164 0.666194
vt -0.461411 0.631325
vt 1.966169 0.631322
vt -0.461411 0.613833
vt 1.966169 0.613830
vt -0.461411 0.596340
vt 1.966169 0.596340
vt -0.461411 0.578848
vt 1.966169 0.578851
vt -0.461411 0.561356
vt 1.966169 0.561359
vt -0.461410 0.543873
vt 1.966167 0.543861
vt -0.461411 0.526497
vt 1.966164 0.526487
vt 0.658640 0.425823
vt 0.658640 0.457687
vt 0.058627 0.457688
vt 0.058627 0.425823
vt 0.058627 0.368532
vt 0.658640 0.368532
vt 0.058627 0.340071
vt 0.658640 0.340071
vt -0.077670 0.699576
vt -0.077670 0.673767
vt 0.865151 0.673767
vt 0.865151 0.699576
vt -0.077670 0.647958
vt 0.865151 0.647958
vt -0.077670 0.622149
vt 0.865151 0.622149
vt -0.077670 0.596340
vt 0.865151 0.596340
vt -0.077670 0.570532
vt 0.865151 0.570532
vt -0.077670 0.544723
vt 0.865151 0.544723
vt -0.077670 0.518914
vt 0.865151 0.518914
vt -0.077670 0.493105
vt 0.865151 0.493105
vt 0.848684 0.309436
vt -0.330987 0.309436
vt -0.330986 0.368957
vt 0.848684 0.368957
vt -1.506255 0.309436
vt -1.506255 0.368957
vt -0.330986 0.427403
vt 0.848684 0.427403
vt -1.506254 0.427403
vt -0.330986 0.484741
vt 0.848684 0.484741
vt -1.506254 0.484741
vt -0.330986 0.484741
vt 0.848684 0.255351
vt -0.330986 0.255351
vt -0.330986 0.255351
vt -1.506254 0.255350
vt 1.959410 0.309436
vt 1.959409 0.255351
vt 0.848684 0.255351
vt 1.959408 0.368957
vt 1.959409 0.427403
vt 0.848684 0.484741
vt 1.959409 0.484741
vt 0.003050 0.525281
vt 0.003050 0.543165
vt -0.799481 0.543165
vt -0.799481 0.525281
vt -0.799481 0.561049
vt 0.003049 0.561049
vt 0.805580 0.525281
vt 0.805580 0.543165
vt 0.805580 0.561049
vt 1.608110 0.525281
vt 1.608110 0.543165
vt 1.608110 0.561049
vt 0.003050 0.578933
vt -0.799481 0.578933
vt -0.799481 0.596817
vt 0.003049 0.596817
vt 0.805580 0.578933
vt 0.805580 0.596817
vt 1.608110 0.578933
vt 1.608110 0.596817
vt 0.003050 0.614702
vt -0.799481 0.614702
vt -0.799481 0.632586
vt 0.003049 0.632586
vt 0.805580 0.614702
vt 0.805580 0.632586
vt 1.608110 0.614702
vt 1.608110 0.632586
vt 0.003050 0.650470
vt -0.799481 0.650470
vt 0.003050 0.668354
vt -0.799481 0.668354
vt 0.805580 0.650470
vt 0.805580 0.668354
vt 1.608110 0.650470
vt 1.608110 0.668354
vt 0.058627 0.368532
vt 0.058627 0.311242
vt 0.658640 0.311242
vt 0.658640 0.368532
vt 0.658640 0.425823
vt 0.658640 0.483113
vt 0.058627 0.483113
vt 0.058627 0.425823
vt 0.058627 0.253952
vt 0.658640 0.253952
vt -0.077670 0.653714
vt -0.077670 0.627905
vt 0.865151 0.627905
vt 0.865151 0.653714
vt -0.077670 0.602096
vt 0.865151 0.602096
vt -0.077670 0.576288
vt 0.865151 0.576288
vt -0.077670 0.550479
vt 0.865151 0.550479
vt -0.077670 0.524670
vt 0.865151 0.524670
vt -0.077670 0.498861
vt 0.865151 0.498861
vt -0.077670 0.473052
vt 0.865151 0.473052
vt -0.077670 0.447243
vt 0.865151 0.447243
vt 0.086896 0.751121
vt 0.086896 0.772387
vt 0.015807 0.772387
vt 0.015807 0.751121
vt 0.584520 0.751121
vt 0.584520 0.772387
vt 0.513431 0.772387
vt 0.513431 0.751121
vt 0.442342 0.772387
vt 0.442342 0.751121
vt 0.371253 0.772387
vt 0.371253 0.751121
vt 0.300164 0.772387
vt 0.300164 0.751121
vt 0.229074 0.772387
vt 0.229074 0.751121
vt 0.157985 0.772387
vt 0.157985 0.751121
vt 0.086896 0.805950
vt 0.015807 0.805950
vt 0.584520 0.805950
vt 0.513431 0.805950
vt 0.442342 0.805950
vt 0.371253 0.805950
vt 0.300164 0.805950
vt 0.229074 0.805950
vt 0.157985 0.805950
vt 0.086896 0.814624
vt 0.015807 0.814624
vt 0.584520 0.814624
vt 0.513431 0.814624
vt 0.442342 0.814624
vt 0.371252 0.814624
vt 0.300164 0.814624
vt 0.229075 0.814624
vt 0.157985 0.814624
vt 0.086896 0.837379
vt 0.015807 0.837379
vt 0.584520 0.837379
vt 0.513431 0.837379
vt 0.442342 0.837379
vt 0.371252 0.837379
vt 0.300164 0.837379
vt 0.229074 0.837379
vt 0.157985 0.837379
vt 0.086896 0.847218
vt 0.015807 0.847218
vt 0.584520 0.847218
vt 0.513431 0.847218
vt 0.442342 0.847218
vt 0.371253 0.847218
vt 0.300164 0.847218
vt 0.229074 0.847218
vt 0.157985 0.847218
vt 0.086896 0.876972
vt 0.015807 0.876972
vt 0.584520 0.876972
vt 0.513431 0.876972
vt 0.442342 0.876972
vt 0.371253 0.876972
vt 0.300164 0.876972
vt 0.229074 0.876972
vt 0.157985 0.876972
vt 0.086896 0.907350
vt 0.015807 0.907350
vt 0.584520 0.907350
vt 0.513431 0.907350
vt 0.442342 0.907350
vt 0.371253 0.907350
vt 0.300164 0.907350
vt 0.229074 0.907350
vt 0.157985 0.907350
vt 0.656001 0.905093
vt 0.733623 0.862569
vt 0.794159 0.876306
vt 0.794159 0.936444
vt 0.854694 0.862569
vt 0.932317 0.905093
vt 0.879769 0.829406
vt 0.989544 0.829406
vt 0.854694 0.796243
vt 0.932317 0.753720
vt 0.794159 0.782507
vt 0.794159 0.722369
vt 0.733623 0.796243
vt 0.656001 0.753720
vt 0.708549 0.829406
vt 0.598774 0.830643
vt 0.794159 0.829406
vt 0.086896 0.751121
vt 0.086896 0.772387
vt 0.015807 0.772387
vt 0.015807 0.751121
vt 0.584520 0.751121
vt 0.584520 0.772387
vt 0.513431 0.772387
vt 0.513431 0.751121
vt 0.442342 0.772387
vt 0.442342 0.751121
vt 0.371253 0.772387
vt 0.371253 0.751121
vt 0.300164 0.772387
vt 0.300164 0.751121
vt 0.229074 0.772387
vt 0.229074 0.751121
vt 0.157985 0.772387
vt 0.157985 0.751121
vt 0.086896 0.805950
vt 0.015807 0.805950
vt 0.584520 0.805950
vt 0.513431 0.805950
vt 0.442342 0.805950
vt 0.371253 0.805950
vt 0.300164 0.805950
vt 0.229074 0.805950
vt 0.157985 0.805950
vt 0.086896 0.814624
vt 0.015807 0.814624
vt 0.584520 0.814624
vt 0.513431 0.814624
vt 0.442342 0.814624
vt 0.371252 0.814624
vt 0.300164 0.814624
vt 0.229075 0.814624
vt 0.157985 0.814624
vt 0.086896 0.837379
vt 0.015807 0.837379
vt 0.584520 0.837379
vt 0.513431 0.837379
vt 0.442342 0.837379
vt 0.371252 0.837379
vt 0.300164 0.837379
vt 0.229074 0.837379
vt 0.157985 0.837379
vt 0.086896 0.847218
vt 0.015807 0.847218
vt 0.584520 0.847218
vt 0.513431 0.847218
vt 0.442342 0.847218
vt 0.371253 0.847218
vt 0.300164 0.847218
vt 0.229074 0.847218
vt 0.157985 0.847218
vt 0.086896 0.876972
vt 0.015807 0.876972
vt 0.584520 0.876972
vt 0.513431 0.876972
vt 0.442342 0.876972
vt 0.371253 0.876972
vt 0.300164 0.876972
vt 0.229074 0.876972
vt 0.157985 0.876972
vt 0.086896 0.907350
vt 0.015807 0.907350
vt 0.584520 0.907350
vt 0.513431 0.907350
vt 0.442342 0.907350
vt 0.371253 0.907350
vt 0.300164 0.907350
vt 0.229074 0.907350
vt 0.157985 0.907350
vt 0.656001 0.905093
vt 0.733623 0.862569
vt 0.794159 0.876306
vt 0.794159 0.936444
vt 0.854694 0.862569
vt 0.932317 0.905093
vt 0.879769 0.829406
vt 0.989544 0.829406
vt 0.854694 0.796243
vt 0.932317 0.753720
vt 0.794159 0.782507
vt 0.794159 0.722369
vt 0.733623 0.796243
vt 0.656001 0.753720
vt 0.708549 0.829406
vt 0.598774 0.830643
vt 0.794159 0.829406
vt 0.771406 0.309436
vt -0.060877 0.309436
vt -0.060877 0.368957
vt 0.771406 0.368957
vt -0.890054 0.309436
vt -0.890054 0.368957
vt -0.060877 0.427404
vt 0.771406 0.427403
vt -0.890054 0.427403
vt -0.060877 0.484741
vt 0.771406 0.484741
vt -0.890053 0.484741
vt -0.060877 0.484741
vt 0.771406 0.255351
vt -0.060877 0.255351
vt -0.060877 0.255351
vt -0.890053 0.255350
vt -1.283352 0.310627
vt -0.936764 0.310627
vt -0.936764 0.368825
vt -1.283352 0.368825
vt 1.687571 0.309436
vt 1.687570 0.255351
vt 0.771406 0.255351
vt 1.687569 0.368957
vt 1.687570 0.427404
vt 0.771406 0.484741
vt 1.687570 0.484741
vt 0.771406 0.309436
vt -0.060877 0.309436
vt -0.060877 0.343923
vt 0.771406 0.343923
vt -0.890054 0.309436
vt -0.890054 0.343923
vt 0.771406 0.368957
vt -0.060877 0.368957
vt -0.060877 0.427404
vt 0.771406 0.427403
vt -0.890054 0.368957
vt -0.890054 0.427403
vt 0.771406 0.451519
vt -0.060877 0.451519
vt -0.060877 0.484741
vt 0.771406 0.484741
vt -0.060877 0.451519
vt -0.890053 0.451519
vt -0.890053 0.484741
vt -0.060877 0.484741
vt 0.771406 0.255351
vt -0.060877 0.255351
vt -0.060877 0.255351
vt -0.890053 0.255350
vt -1.283352 0.310627
vt -0.936764 0.310627
vt -0.936764 0.344347
vt -1.283352 0.344347
vt 1.687571 0.309436
vt 1.687570 0.255351
vt 0.771406 0.255351
vt 1.687570 0.343923
vt 1.687570 0.427404
vt 1.687569 0.368957
vt 0.771406 0.484741
vt 1.687570 0.484741
vt 1.687570 0.451519
vt 0.771406 0.451519
vt -0.936764 0.368825
vt -1.283352 0.368825
vt -0.077670 0.699576
vt -0.077670 0.673767
vt 0.865151 0.673767
vt 0.865151 0.699576
vt -0.077670 0.647958
vt 0.865151 0.647958
vt -0.077670 0.622149
vt 0.865151 0.622149
vt -0.077670 0.596340
vt 0.865151 0.596340
vt -0.077670 0.570532
vt 0.865151 0.570532
vt -0.077670 0.544723
vt 0.865151 0.544723
vt -0.077670 0.518914
vt 0.865151 0.518914
vt -0.077670 0.493105
vt 0.865151 0.493105
vt 0.848684 0.430656
vt -0.330987 0.430656
vt -0.330986 0.371135
vt 0.848684 0.371135
vt -1.506255 0.430656
vt -1.506255 0.371135
vt -0.330986 0.312688
vt 0.848684 0.312688
vt -1.506254 0.312688
vt -0.330986 0.255351
vt 0.848684 0.255350
vt -1.506254 0.255350
vt -0.330986 0.255351
vt 0.848684 0.484741
vt -0.330986 0.484741
vt -0.330986 0.484741
vt -1.506254 0.484741
vt 1.959410 0.430656
vt 1.959409 0.484741
vt 0.848684 0.484741
vt 1.959408 0.371134
vt 1.959409 0.312688
vt 0.848684 0.255350
vt 1.959409 0.255350
vt 0.003050 0.668354
vt 0.003050 0.650470
vt -0.799481 0.650470
vt -0.799481 0.668354
vt -0.799481 0.632586
vt 0.003049 0.632586
vt 0.805580 0.668354
vt 0.805580 0.650470
vt 0.805580 0.632586
vt 1.608110 0.668354
vt 1.608110 0.650470
vt 1.608110 0.632586
vt 0.003050 0.614702
vt -0.799481 0.614702
vt -0.799481 0.596817
vt 0.003049 0.596817
vt 0.805580 0.614702
vt 0.805580 0.596817
vt 1.608110 0.614702
vt 1.608110 0.596817
vt 0.003050 0.578933
vt -0.799481 0.578933
vt -0.799481 0.561049
vt 0.003049 0.561049
vt 0.805580 0.578933
vt 0.805580 0.561049
vt 1.608110 0.578933
vt 1.608110 0.561049
vt 0.003050 0.543165
vt -0.799481 0.543165
vt 0.003050 0.525281
vt -0.799481 0.525281
vt 0.805580 0.543165
vt 0.805580 0.525281
vt 1.608110 0.543165
vt 1.608110 0.525281
vt 0.058627 0.368532
vt 0.058627 0.311242
vt 0.658640 0.311242
vt 0.658640 0.368532
vt 0.658640 0.425823
vt 0.658640 0.483113
vt 0.058627 0.483113
vt 0.058627 0.425823
vt 0.058627 0.253952
vt 0.658640 0.253952
vt -0.077670 0.653714
vt -0.077670 0.627905
vt 0.865151 0.627905
vt 0.865151 0.653714
vt -0.077670 0.602096
vt 0.865151 0.602096
vt -0.077670 0.576288
vt 0.865151 0.576288
vt -0.077670 0.550479
vt 0.865151 0.550479
vt -0.077670 0.524670
vt 0.865151 0.524670
vt -0.077670 0.498861
vt 0.865151 0.498861
vt -0.077670 0.473052
vt 0.865151 0.473052
vt -0.077670 0.447243
vt 0.865151 0.447243
vt 0.086896 0.751121
vt 0.086896 0.772387
vt 0.015807 0.772387
vt 0.015807 0.751121
vt 0.584520 0.751121
vt 0.584520 0.772387
vt 0.513431 0.772387
vt 0.513431 0.751121
vt 0.442342 0.772387
vt 0.442342 0.751121
vt 0.371253 0.772387
vt 0.371253 0.751121
vt 0.300164 0.772387
vt 0.300164 0.751121
vt 0.229074 0.772387
vt 0.229074 0.751121
vt 0.157985 0.772387
vt 0.157985 0.751121
vt 0.086896 0.805950
vt 0.015807 0.805950
vt 0.584520 0.805950
vt 0.513431 0.805950
vt 0.442342 0.805950
vt 0.371253 0.805950
vt 0.300164 0.805950
vt 0.229074 0.805950
vt 0.157985 0.805950
vt 0.086896 0.814624
vt 0.015807 0.814624
vt 0.584520 0.814624
vt 0.513431 0.814624
vt 0.442342 0.814624
vt 0.371252 0.814624
vt 0.300164 0.814624
vt 0.229075 0.814624
vt 0.157985 0.814624
vt 0.086896 0.837379
vt 0.015807 0.837379
vt 0.584520 0.837379
vt 0.513431 0.837379
vt 0.442342 0.837379
vt 0.371252 0.837379
vt 0.300164 0.837379
vt 0.229074 0.837379
vt 0.157985 0.837379
vt 0.086896 0.847218
vt 0.015807 0.847218
vt 0.584520 0.847218
vt 0.513431 0.847218
vt 0.442342 0.847218
vt 0.371253 0.847218
vt 0.300164 0.847218
vt 0.229074 0.847218
vt 0.157985 0.847218
vt 0.086896 0.876972
vt 0.015807 0.876972
vt 0.584520 0.876972
vt 0.513431 0.876972
vt 0.442342 0.876972
vt 0.371253 0.876972
vt 0.300164 0.876972
vt 0.229074 0.876972
vt 0.157985 0.876972
vt 0.086896 0.907350
vt 0.015807 0.907350
vt 0.584520 0.907350
vt 0.513431 0.907350
vt 0.442342 0.907350
vt 0.371253 0.907350
vt 0.300164 0.907350
vt 0.229074 0.907350
vt 0.157985 0.907350
vt 0.656001 0.905093
vt 0.733623 0.862569
vt 0.794159 0.876306
vt 0.794159 0.936444
vt 0.854694 0.862569
vt 0.932317 0.905093
vt 0.879769 0.829406
vt 0.989544 0.829406
vt 0.854694 0.796243
vt 0.932317 0.753720
vt 0.794159 0.782507
vt 0.794159 0.722369
vt 0.733623 0.796243
vt 0.656001 0.753720
vt 0.708549 0.829406
vt 0.598774 0.830643
vt 0.794159 0.829406
vt 0.086896 0.751121
vt 0.086896 0.772387
vt 0.015807 0.772387
vt 0.015807 0.751121
vt 0.584520 0.751121
vt 0.584520 0.772387
vt 0.513431 0.772387
vt 0.513431 0.751121
vt 0.442342 0.772387
vt 0.442342 0.751121
vt 0.371253 0.772387
vt 0.371253 0.751121
vt 0.300164 0.772387
vt 0.300164 0.751121
vt 0.229074 0.772387
vt 0.229074 0.751121
vt 0.157985 0.772387
vt 0.157985 0.751121
vt 0.086896 0.805950
vt 0.015807 0.805950
vt 0.584520 0.805950
vt 0.513431 0.805950
vt 0.442342 0.805950
vt 0.371253 0.805950
vt 0.300164 0.805950
vt 0.229074 0.805950
vt 0.157985 0.805950
vt 0.086896 0.814624
vt 0.015807 0.814624
vt 0.584520 0.814624
vt 0.513431 0.814624
vt 0.442342 0.814624
vt 0.371252 0.814624
vt 0.300164 0.814624
vt 0.229075 0.814624
vt 0.157985 0.814624
vt 0.086896 0.837379
vt 0.015807 0.837379
vt 0.584520 0.837379
vt 0.513431 0.837379
vt 0.442342 0.837379
vt 0.371252 0.837379
vt 0.300164 0.837379
vt 0.229074 0.837379
vt 0.157985 0.837379
vt 0.086896 0.847218
vt 0.015807 0.847218
vt 0.584520 0.847218
vt 0.513431 0.847218
vt 0.442342 0.847218
vt 0.371253 0.847218
vt 0.300164 0.847218
vt 0.229074 0.847218
vt 0.157985 0.847218
vt 0.086896 0.876972
vt 0.015807 0.876972
vt 0.584520 0.876972
vt 0.513431 0.876972
vt 0.442342 0.876972
vt 0.371253 0.876972
vt 0.300164 0.876972
vt 0.229074 0.876972
vt 0.157985 0.876972
vt 0.086896 0.907350
vt 0.015807 0.907350
vt 0.584520 0.907350
vt 0.513431 0.907350
vt 0.442342 0.907350
vt 0.371253 0.907350
vt 0.300164 0.907350
vt 0.229074 0.907350
vt 0.157985 0.907350
vt 0.656001 0.905093
vt 0.733623 0.862569
vt 0.794159 0.876306
vt 0.794159 0.936444
vt 0.854694 0.862569
vt 0.932317 0.905093
vt 0.879769 0.829406
vt 0.989544 0.829406
vt 0.854694 0.796243
vt 0.932317 0.753720
vt 0.794159 0.782507
vt 0.794159 0.722369
vt 0.733623 0.796243
vt 0.656001 0.753720
vt 0.708549 0.829406
vt 0.598774 0.830643
vt 0.794159 0.829406
vt 0.658640 0.425823
vt 0.658640 0.457687
vt 0.058627 0.457688
vt 0.058627 0.425823
vt 0.058627 0.368532
vt 0.658640 0.368532
vt 0.058627 0.340071
vt 0.658640 0.340071
vt 0.771406 0.430656
vt -0.060877 0.430656
vt -0.060877 0.371135
vt 0.771406 0.371135
vt -0.890054 0.430656
vt -0.890054 0.371135
vt -0.060877 0.312688
vt 0.771406 0.312688
vt -0.890054 0.312688
vt -0.060877 0.255351
vt 0.771406 0.255351
vt -0.890053 0.255351
vt -0.060877 0.255351
vt 0.771406 0.484741
vt -0.060877 0.484741
vt -0.060877 0.484741
vt -0.890053 0.484741
vt -1.283352 0.429465
vt -0.936764 0.429465
vt -0.936764 0.371267
vt -1.283352 0.371267
vt 1.687571 0.430656
vt 1.687570 0.484741
vt 0.771406 0.484741
vt 1.687569 0.371135
vt 1.687570 0.312688
vt 0.771406 0.255351
vt 1.687570 0.255350
vt 0.771406 0.430656
vt -0.060877 0.430656
vt -0.060877 0.396169
vt 0.771406 0.396169
vt -0.890054 0.430656
vt -0.890054 0.396169
vt 0.771406 0.371135
vt -0.060877 0.371135
vt -0.060877 0.312688
vt 0.771406 0.312688
vt -0.890054 0.371135
vt -0.890054 0.312688
vt 0.771406 0.288572
vt -0.060877 0.288572
vt -0.060877 0.255351
vt 0.771406 0.255351
vt -0.060877 0.288572
vt -0.890053 0.288572
vt -0.890053 0.255351
vt -0.060877 0.255351
vt 0.771406 0.484741
vt -0.060877 0.484741
vt -0.060877 0.484741
vt -0.890053 0.484741
vt -1.283352 0.429465
vt -0.936764 0.429465
vt -0.936764 0.395745
vt -1.283352 0.395745
vt 1.687571 0.430656
vt 1.687570 0.484741
vt 0.771406 0.484741
vt 1.687570 0.396169
vt 1.687570 0.312688
vt 1.687569 0.371135
vt 0.771406 0.255351
vt 1.687570 0.255350
vt 1.687570 0.288572
vt 0.771406 0.288572
vt -0.936764 0.371267
vt -1.283352 0.371267
vt -0.188989 0.130515
vt -0.188989 0.023960
vt 1.814352 0.023954
vt 1.814352 0.130527
vt 1.814352 0.148100
vt 1.814351 0.254559
vt -0.188989 0.254579
vt -0.188989 0.148116
vt -0.188989 0.006386
vt 1.814351 0.006429
vt -0.682181 0.130515
vt -0.682181 0.023960
vt 1.321159 0.023954
vt 1.321159 0.130527
vt 1.321159 0.148100
vt 1.321159 0.254559
vt -0.682181 0.254579
vt -0.682181 0.148116
vt -0.682181 0.006386
vt 1.321159 0.006429
vt -0.682181 0.130515
vt -0.682181 0.023960
vt 1.321159 0.023954
vt 1.321159 0.130527
vt 1.321159 0.148100
vt 1.321159 0.254559
vt -0.682181 0.254579
vt -0.682181 0.148116
vt -0.682181 0.006386
vt 1.321159 0.006429
vt -0.188989 0.130515
vt -0.188989 0.023960
vt 1.814352 0.023954
vt 1.814352 0.130527
vt 1.814352 0.148100
vt 1.814351 0.254559
vt -0.188989 0.254579
vt -0.188989 0.148116
vt -0.188989 0.006386
vt 1.814351 0.006429
vt -0.349711 0.254605
vt -0.349711 0.148685
vt 1.653624 0.148673
vt 1.653624 0.254586
vt 1.653624 0.024329
vt 1.653623 0.130137
vt -0.349710 0.130156
vt -0.349711 0.024340
vt -0.349711 0.130890
vt 1.653624 0.130933
vt -0.349711 0.006535
vt 1.653623 0.006578
vt -0.829393 0.254937
vt -0.829393 0.148382
vt 1.173947 0.148370
vt 1.173946 0.254918
vt 1.173947 0.024020
vt 1.173946 0.130475
vt -0.829393 0.130494
vt -0.829393 0.024031
vt -0.829393 0.130808
vt 1.173946 0.130850
vt -0.829393 0.006430
vt 1.173946 0.006472
vt -0.349713 0.254937
vt -0.349713 0.148382
vt 1.653627 0.148370
vt 1.653627 0.254918
vt 1.653627 0.024020
vt 1.653627 0.130475
vt -0.349713 0.130494
vt -0.349713 0.024031
vt -0.349713 0.130808
vt 1.653627 0.130850
vt -0.349713 0.006430
vt 1.653627 0.006472
vt -0.188989 0.130515
vt -0.188989 0.023960
vt 1.814352 0.023954
vt 1.814352 0.130527
vt 1.814352 0.148100
vt 1.814351 0.254559
vt -0.188989 0.254579
vt -0.188989 0.148116
vt -0.188989 0.006386
vt 1.814351 0.006429
vt -0.682181 0.130515
vt -0.682181 0.023960
vt 1.321159 0.023954
vt 1.321159 0.130527
vt 1.321159 0.148100
vt 1.321159 0.254559
vt -0.682181 0.254579
vt -0.682181 0.148116
vt -0.682181 0.006386
vt 1.321159 0.006429
vt -0.829393 0.254937
vt -0.829393 0.148382
vt 1.173947 0.148370
vt 1.173946 0.254918
vt 1.173947 0.024020
vt 1.173946 0.130475
vt -0.829393 0.130494
vt -0.829393 0.024031
vt -0.829393 0.130808
vt 1.173946 0.130850
vt -0.829393 0.006430
vt 1.173946 0.006472
vt -0.461411 0.666184
vt -0.461410 0.648808
vt 1.966167 0.648820
vt 1.966164 0.666194
vt -0.461411 0.631325
vt 1.966169 0.631322
vt -0.461411 0.613833
vt 1.966169 0.613830
vt -0.461411 0.596340
vt 1.966169 0.596340
vt -0.461411 0.578848
vt 1.966169 0.578851
vt -0.461411 0.561356
vt 1.966169 0.561359
vt -0.461410 0.543873
vt 1.966167 0.543861
vt -0.461411 0.526497
vt 1.966164 0.526487
vt 0.658640 0.425823
vt 0.058627 0.425823
vt 0.058627 0.457688
vt 0.658640 0.457687
vt 0.658640 0.368532
vt 0.058627 0.368532
vt 0.658640 0.340071
vt 0.058627 0.340071
vt -0.466687 0.699462
vt -0.466687 0.673769
vt 1.039430 0.673757
vt 1.039428 0.699505
vt -0.466688 0.647966
vt 1.039431 0.647958
vt -0.466688 0.622151
vt 1.039431 0.622149
vt -0.466688 0.596340
vt 1.039431 0.596340
vt -0.466688 0.570530
vt 1.039431 0.570532
vt -0.466688 0.544715
vt 1.039431 0.544723
vt -0.466687 0.518912
vt 1.039430 0.518924
vt -0.466687 0.493219
vt 1.039428 0.493176
vt -0.168761 0.653685
vt -0.168762 0.627905
vt 0.865151 0.627905
vt 0.865151 0.653714
vt -0.168762 0.602096
vt 0.865151 0.602096
vt -0.168762 0.576288
vt 0.865151 0.576288
vt -0.168762 0.550479
vt 0.865151 0.550479
vt -0.168762 0.524670
vt 0.865151 0.524670
vt -0.168762 0.498861
vt 0.865151 0.498861
vt -0.168762 0.473052
vt 0.865151 0.473052
vt -0.168761 0.447273
vt 0.865151 0.447243
vt 0.086896 0.751121
vt 0.086896 0.772387
vt 0.015807 0.772387
vt 0.015807 0.751121
vt 0.584520 0.751121
vt 0.584520 0.772387
vt 0.513431 0.772387
vt 0.513431 0.751121
vt 0.442342 0.772387
vt 0.442342 0.751121
vt 0.371253 0.772387
vt 0.371253 0.751121
vt 0.300164 0.772387
vt 0.300164 0.751121
vt 0.229074 0.772387
vt 0.229074 0.751121
vt 0.157985 0.772387
vt 0.157985 0.751121
vt 0.086896 0.805950
vt 0.015807 0.805950
vt 0.584520 0.805950
vt 0.513431 0.805950
vt 0.442342 0.805950
vt 0.371253 0.805950
vt 0.300164 0.805950
vt 0.229074 0.805950
vt 0.157985 0.805950
vt 0.086896 0.814624
vt 0.015807 0.814624
vt 0.584520 0.814624
vt 0.513431 0.814624
vt 0.442342 0.814624
vt 0.371252 0.814624
vt 0.300164 0.814624
vt 0.229075 0.814624
vt 0.157985 0.814624
vt 0.086896 0.837379
vt 0.015807 0.837379
vt 0.584520 0.837379
vt 0.513431 0.837379
vt 0.442342 0.837379
vt 0.371252 0.837379
vt 0.300164 0.837379
vt 0.229074 0.837379
vt 0.157985 0.837379
vt 0.086896 0.847218
vt 0.015807 0.847218
vt 0.584520 0.847218
vt 0.513431 0.847218
vt 0.442342 0.847218
vt 0.371253 0.847218
vt 0.300164 0.847218
vt 0.229074 0.847218
vt 0.157985 0.847218
vt 0.086896 0.876972
vt 0.015807 0.876972
vt 0.584520 0.876972
vt 0.513431 0.876972
vt 0.442342 0.876972
vt 0.371253 0.876972
vt 0.300164 0.876972
vt 0.229074 0.876972
vt 0.157985 0.876972
vt 0.086896 0.907350
vt 0.015807 0.907350
vt 0.584520 0.907350
vt 0.513431 0.907350
vt 0.442342 0.907350
vt 0.371253 0.907350
vt 0.300164 0.907350
vt 0.229074 0.907350
vt 0.157985 0.907350
vt 0.656001 0.905093
vt 0.733623 0.862569
vt 0.794159 0.876306
vt 0.794159 0.936444
vt 0.854694 0.862569
vt 0.932317 0.905093
vt 0.879769 0.829406
vt 0.989544 0.829406
vt 0.854694 0.796243
vt 0.932317 0.753720
vt 0.794159 0.782507
vt 0.794159 0.722369
vt 0.733623 0.796243
vt 0.656001 0.753720
vt 0.708549 0.829406
vt 0.598774 0.830643
vt 0.794159 0.829406
vt 0.086896 0.751121
vt 0.086896 0.772387
vt 0.015807 0.772387
vt 0.015807 0.751121
vt 0.584520 0.751121
vt 0.584520 0.772387
vt 0.513431 0.772387
vt 0.513431 0.751121
vt 0.442342 0.772387
vt 0.442342 0.751121
vt 0.371253 0.772387
vt 0.371253 0.751121
vt 0.300164 0.772387
vt 0.300164 0.751121
vt 0.229074 0.772387
vt 0.229074 0.751121
vt 0.157985 0.772387
vt 0.157985 0.751121
vt 0.086896 0.805950
vt 0.015807 0.805950
vt 0.584520 0.805950
vt 0.513431 0.805950
vt 0.442342 0.805950
vt 0.371253 0.805950
vt 0.300164 0.805950
vt 0.229074 0.805950
vt 0.157985 0.805950
vt 0.086896 0.814624
vt 0.015807 0.814624
vt 0.584520 0.814624
vt 0.513431 0.814624
vt 0.442342 0.814624
vt 0.371252 0.814624
vt 0.300164 0.814624
vt 0.229075 0.814624
vt 0.157985 0.814624
vt 0.086896 0.837379
vt 0.015807 0.837379
vt 0.584520 0.837379
vt 0.513431 0.837379
vt 0.442342 0.837379
vt 0.371252 0.837379
vt 0.300164 0.837379
vt 0.229074 0.837379
vt 0.157985 0.837379
vt 0.086896 0.847218
vt 0.015807 0.847218
vt 0.584520 0.847218
vt 0.513431 0.847218
vt 0.442342 0.847218
vt 0.371253 0.847218
vt 0.300164 0.847218
vt 0.229074 0.847218
vt 0.157985 0.847218
vt 0.086896 0.876972
vt 0.015807 0.876972
vt 0.584520 0.876972
vt 0.513431 0.876972
vt 0.442342 0.876972
vt 0.371253 0.876972
vt 0.300164 0.876972
vt 0.229074 0.876972
vt 0.157985 0.876972
vt 0.086896 0.907350
vt 0.015807 0.907350
vt 0.584520 0.907350
vt 0.513431 0.907350
vt 0.442342 0.907350
vt 0.371253 0.907350
vt 0.300164 0.907350
vt 0.229074 0.907350
vt 0.157985 0.907350
vt 0.656001 0.905093
vt 0.733623 0.862569
vt 0.794159 0.876306
vt 0.794159 0.936444
vt 0.854694 0.862569
vt 0.932317 0.905093
vt 0.879769 0.829406
vt 0.989544 0.829406
vt 0.854694 0.796243
vt 0.932317 0.753720
vt 0.794159 0.782507
vt 0.794159 0.722369
vt 0.733623 0.796243
vt 0.656001 0.753720
vt 0.708549 0.829406
vt 0.598774 0.830643
vt 0.794159 0.829406
vt 0.658637 0.426416
vt 0.658633 0.458233
vt 0.059884 0.458191
vt 0.058630 0.426416
vt 0.058630 0.368004
vt 0.658637 0.368004
vt 0.058633 0.339583
vt 0.658633 0.339583
vt -0.330987 0.309436
vt -1.506255 0.309436
vt -1.506255 0.368957
vt -0.330986 0.368957
vt -1.506254 0.427403
vt -0.330986 0.427403
vt -1.506254 0.484741
vt -0.330986 0.484741
vt -0.330986 0.255351
vt -1.506254 0.255350
vt 1.959410 0.309436
vt 1.959409 0.255351
vt -0.330986 0.255351
vt 1.959408 0.368957
vt 1.959409 0.427403
vt -0.330986 0.484741
vt 1.959409 0.484741
vt -0.330986 0.368957
vt -0.330987 0.309436
vt 1.959410 0.309436
vt 1.959408 0.368957
vt -1.506255 0.368957
vt -1.506255 0.309436
vt -0.330986 0.427403
vt 1.959409 0.427403
vt -1.506254 0.427403
vt -0.330986 0.484741
vt 1.959409 0.484741
vt -0.330986 0.484741
vt -1.506254 0.484741
vt -0.330986 0.255351
vt 1.959409 0.255351
vt -0.330986 0.255351
vt -1.506254 0.255350
vt -0.799481 0.543165
vt 0.805580 0.543165
vt 0.805580 0.525281
vt -0.799481 0.525281
vt 0.805580 0.561049
vt -0.799481 0.561049
vt 1.608110 0.525281
vt 1.608110 0.543165
vt 1.608110 0.561049
vt -0.799481 0.578933
vt 0.805580 0.578933
vt 0.805580 0.596817
vt -0.799481 0.596817
vt 1.608110 0.578933
vt 1.608110 0.596817
vt -0.799481 0.614702
vt 0.805580 0.614702
vt 0.805580 0.632586
vt -0.799481 0.632586
vt 1.608110 0.614702
vt 1.608110 0.632586
vt -0.799481 0.650470
vt 0.805580 0.650470
vt -0.799481 0.668354
vt 0.805580 0.668354
vt 1.608110 0.650470
vt 1.608110 0.668354
vt -0.799481 0.543165
vt -0.799481 0.525281
vt 0.805580 0.525281
vt 0.805580 0.543165
vt -0.799481 0.561049
vt 0.805580 0.561049
vt 1.608110 0.525281
vt 1.608110 0.543165
vt 1.608110 0.561049
vt -0.799481 0.578933
vt 0.805580 0.578933
vt -0.799481 0.596817
vt 0.805580 0.596817
vt 1.608110 0.578933
vt 1.608110 0.596817
vt -0.799481 0.614702
vt 0.805580 0.614702
vt -0.799481 0.632586
vt 0.805580 0.632586
vt 1.608110 0.614702
vt 1.608110 0.632586
vt -0.799481 0.650470
vt 0.805580 0.650470
vt 0.805580 0.668354
vt -0.799481 0.668354
vt 1.608110 0.650470
vt 1.608110 0.668354
vt -0.168761 0.653685
vt 0.865151 0.653714
vt 0.865151 0.627905
vt -0.168762 0.627905
vt 0.865151 0.602096
vt -0.168762 0.602096
vt 0.865151 0.576288
vt -0.168762 0.576288
vt 0.865151 0.550479
vt -0.168762 0.550479
vt 0.865151 0.524670
vt -0.168762 0.524670
vt 0.865151 0.498861
vt -0.168762 0.498861
vt 0.865151 0.473052
vt -0.168762 0.473052
vt 0.865151 0.447243
vt -0.168761 0.447273
vt 0.086896 0.751121
vt 0.015807 0.751121
vt 0.015807 0.772387
vt 0.086896 0.772387
vt 0.584520 0.751121
vt 0.513431 0.751121
vt 0.513431 0.772387
vt 0.584520 0.772387
vt 0.442342 0.751121
vt 0.442342 0.772387
vt 0.371253 0.751121
vt 0.371253 0.772387
vt 0.300164 0.751121
vt 0.300164 0.772387
vt 0.229074 0.751121
vt 0.229074 0.772387
vt 0.157985 0.751121
vt 0.157985 0.772387
vt 0.015807 0.805950
vt 0.086896 0.805950
vt 0.513431 0.805950
vt 0.584520 0.805950
vt 0.442342 0.805950
vt 0.371253 0.805950
vt 0.300164 0.805950
vt 0.229074 0.805950
vt 0.157985 0.805950
vt 0.015807 0.814624
vt 0.086896 0.814624
vt 0.513431 0.814624
vt 0.584520 0.814624
vt 0.442342 0.814624
vt 0.371252 0.814624
vt 0.300164 0.814624
vt 0.229075 0.814624
vt 0.157985 0.814624
vt 0.015807 0.837379
vt 0.086896 0.837379
vt 0.513431 0.837379
vt 0.584520 0.837379
vt 0.442342 0.837379
vt 0.371252 0.837379
vt 0.300164 0.837379
vt 0.229074 0.837379
vt 0.157985 0.837379
vt 0.015807 0.847218
vt 0.086896 0.847218
vt 0.513431 0.847218
vt 0.584520 0.847218
vt 0.442342 0.847218
vt 0.371253 0.847218
vt 0.300164 0.847218
vt 0.229074 0.847218
vt 0.157985 0.847218
vt 0.015807 0.876972
vt 0.086896 0.876972
vt 0.513431 0.876972
vt 0.584520 0.876972
vt 0.442342 0.876972
vt 0.371253 0.876972
vt 0.300164 0.876972
vt 0.229074 0.876972
vt 0.157985 0.876972
vt 0.015807 0.907350
vt 0.086896 0.907350
vt 0.513431 0.907350
vt 0.584520 0.907350
vt 0.442342 0.907350
vt 0.371253 0.907350
vt 0.300164 0.907350
vt 0.229074 0.907350
vt 0.157985 0.907350
vt 0.656001 0.905093
vt 0.794159 0.936444
vt 0.794159 0.876306
vt 0.733623 0.862569
vt 0.932317 0.905093
vt 0.854694 0.862569
vt 0.989544 0.829406
vt 0.879769 0.829406
vt 0.932317 0.753720
vt 0.854694 0.796243
vt 0.794159 0.722369
vt 0.794159 0.782507
vt 0.656001 0.753720
vt 0.733623 0.796243
vt 0.598774 0.830643
vt 0.708549 0.829406
vt 0.794159 0.829406
vt -0.890054 0.366107
vt -0.890054 0.312066
vt 1.544726 0.312249
vt 1.544725 0.366424
vt -0.890053 0.430256
vt 1.544726 0.429908
vt -0.890053 0.484905
vt 1.544726 0.484553
vt -0.890053 0.252639
vt 1.544726 0.252639
vt 0.768244 0.324811
vt -0.055886 0.324780
vt -0.059650 0.344787
vt 0.770341 0.344772
vt -0.887725 0.314087
vt -0.891133 0.341964
vt 0.770817 0.368496
vt -0.059902 0.368501
vt -0.059847 0.427949
vt 0.770763 0.427949
vt -0.890892 0.367118
vt -0.890983 0.429401
vt 0.771190 0.451741
vt -0.060666 0.451741
vt -0.058811 0.484699
vt 0.769340 0.484699
vt -0.060829 0.451598
vt -0.890103 0.451854
vt -0.888024 0.484699
vt -0.062906 0.484698
vt 0.769652 0.253158
vt -0.059128 0.253110
vt -0.060043 0.255412
vt -0.890905 0.250890
vt 1.537269 0.314089
vt 1.539688 0.250866
vt 0.770857 0.255435
vt 1.523349 0.341922
vt 1.511127 0.429400
vt 1.511056 0.367124
vt 0.773244 0.484700
vt 1.537290 0.484698
vt 1.522547 0.451851
vt 0.771346 0.451600
vt 0.768288 0.324719
vt 0.770312 0.344867
vt -0.059659 0.344814
vt -0.055881 0.324768
vt -0.891133 0.341964
vt -0.887725 0.314087
vt 0.770788 0.368561
vt 0.770738 0.427897
vt -0.059848 0.427941
vt -0.059901 0.368502
vt -0.890983 0.429401
vt -0.890892 0.367118
vt 0.771188 0.451737
vt 0.769340 0.484699
vt -0.058811 0.484699
vt -0.060664 0.451746
vt -0.060829 0.451598
vt -0.062907 0.484698
vt -0.888024 0.484699
vt -0.890103 0.451854
vt 0.769661 0.253133
vt -0.059136 0.253136
vt -0.060043 0.255412
vt -0.890905 0.250890
vt 0.770867 0.255411
vt 1.545277 0.250891
vt 1.542874 0.314049
vt 1.528899 0.341962
vt 1.516597 0.367125
vt 1.516664 0.429386
vt 0.773257 0.484697
vt 0.771344 0.451596
vt 1.528109 0.451856
vt 1.542876 0.484701
vt -0.086210 0.368532
vt -0.086209 0.311236
vt 0.764563 0.311242
vt 0.764563 0.368532
vt 0.764563 0.425823
vt 0.764558 0.483080
vt -0.086207 0.483075
vt -0.086209 0.425829
vt -0.086207 0.253990
vt 0.764558 0.253985
vt -0.086210 0.368532
vt 0.764563 0.368532
vt 0.764563 0.311242
vt -0.086209 0.311236
vt 0.764563 0.425823
vt -0.086209 0.425829
vt -0.086207 0.483075
vt 0.764558 0.483080
vt 0.764558 0.253985
vt -0.086207 0.253990
vt -0.188989 0.130515
vt -0.188989 0.023960
vt 1.814352 0.023954
vt 1.814352 0.130527
vt 1.814352 0.148101
vt 1.814351 0.254560
vt -0.188989 0.254579
vt -0.188989 0.148116
vt -0.188989 0.006386
vt 1.814351 0.006428
vt -0.682181 0.130515
vt -0.682181 0.023960
vt 1.321159 0.023955
vt 1.321159 0.130528
vt 1.321159 0.148101
vt 1.321159 0.254560
vt -0.682181 0.254579
vt -0.682181 0.148116
vt -0.682181 0.006386
vt 1.321159 0.006428
vt -0.188989 0.130515
vt -0.188989 0.023960
vt 1.814352 0.023957
vt 1.814352 0.130530
vt 1.814352 0.148104
vt 1.814351 0.254560
vt -0.188989 0.254579
vt -0.188989 0.148116
vt -0.188989 0.006386
vt 1.814351 0.006429
vt -0.682181 0.130515
vt -0.682181 0.023960
vt 1.321159 0.023958
vt 1.321159 0.130531
vt 1.321159 0.148105
vt 1.321159 0.254561
vt -0.682181 0.254579
vt -0.682181 0.148116
vt -0.682181 0.006386
vt 1.321159 0.006429
vt -0.682181 0.130515
vt -0.682181 0.023960
vt 1.321159 0.023960
vt 1.321159 0.130533
vt 1.321159 0.148107
vt 1.321159 0.254561
vt -0.682181 0.254579
vt -0.682181 0.148116
vt -0.682181 0.006386
vt 1.321159 0.006429
vt -0.188989 0.130515
vt -0.188989 0.023960
vt 1.814352 0.023961
vt 1.814352 0.130534
vt 1.814352 0.148107
vt 1.814351 0.254561
vt -0.188989 0.254579
vt -0.188989 0.148116
vt -0.188989 0.006386
vt 1.814351 0.006428
vt -0.349713 0.254937
vt -0.349713 0.148382
vt 1.653627 0.148378
vt 1.653627 0.254919
vt 1.653627 0.024027
vt 1.653627 0.130477
vt -0.349713 0.130494
vt -0.349713 0.024031
vt -0.349713 0.130808
vt 1.653627 0.130850
vt -0.349713 0.006430
vt 1.653627 0.006471
vt -0.829393 0.254937
vt -0.829393 0.148382
vt 1.173947 0.148375
vt 1.173946 0.254919
vt 1.173947 0.024025
vt 1.173946 0.130476
vt -0.829393 0.130494
vt -0.829393 0.024031
vt -0.829393 0.130808
vt 1.173946 0.130850
vt -0.829393 0.006430
vt 1.173946 0.006472
vt -0.829393 0.254937
vt -0.829393 0.148382
vt 1.173947 0.148372
vt 1.173946 0.254918
vt 1.173947 0.024022
vt 1.173946 0.130476
vt -0.829393 0.130494
vt -0.829393 0.024031
vt -0.829393 0.130808
vt 1.173946 0.130850
vt -0.829393 0.006430
vt 1.173946 0.006472
vt -0.349713 0.254937
vt -0.349713 0.148382
vt 1.653627 0.148373
vt 1.653627 0.254919
vt 1.653627 0.024022
vt 1.653627 0.130476
vt -0.349713 0.130494
vt -0.349713 0.024031
vt -0.349713 0.130808
vt 1.653627 0.130850
vt -0.349713 0.006430
vt 1.653627 0.006472
vt -0.682181 0.130515
vt -0.682181 0.023960
vt 1.321159 0.023953
vt 1.321159 0.130524
vt 1.321159 0.146691
vt 1.321158 0.253149
vt -0.682180 0.253169
vt -0.682181 0.146706
vt -0.682181 0.006429
vt 1.321158 0.006471
vt -0.188989 0.130515
vt -0.188989 0.023960
vt 1.814351 0.023953
vt 1.814351 0.130523
vt 1.814350 0.145269
vt 1.814350 0.251724
vt -0.188987 0.251743
vt -0.188988 0.145282
vt -0.188988 0.006560
vt 1.814351 0.006601
vt -0.682181 0.130515
vt -0.682181 0.023960
vt 1.321158 0.023954
vt 1.321158 0.130520
vt 1.321158 0.143841
vt 1.321157 0.251716
vt -0.682180 0.251735
vt -0.682180 0.143853
vt -0.682180 0.006607
vt 1.321158 0.006649
vt -0.682181 0.130515
vt -0.682181 0.023960
vt 1.321158 0.023953
vt 1.321158 0.130518
vt 1.321158 0.142379
vt 1.321157 0.250260
vt -0.682180 0.250278
vt -0.682180 0.142390
vt -0.682180 0.006771
vt 1.321158 0.006812
vt -0.188989 0.130515
vt -0.188989 0.023960
vt 1.814351 0.023953
vt 1.814351 0.130519
vt 1.814350 0.142353
vt 1.814349 0.248798
vt -0.188987 0.248816
vt -0.188988 0.142363
vt -0.188987 0.006879
vt 1.814351 0.006919
vt -0.349713 0.254937
vt -0.349713 0.148382
vt 1.653627 0.148372
vt 1.653626 0.254917
vt 1.653626 0.018242
vt 1.653625 0.124681
vt -0.349711 0.124699
vt -0.349712 0.018247
vt -0.349712 0.131389
vt 1.653627 0.131430
vt -0.349713 0.006430
vt 1.653625 0.006459
vt -0.829393 0.254937
vt -0.829393 0.148382
vt 1.173946 0.148371
vt 1.173946 0.254918
vt 1.173946 0.019746
vt 1.173945 0.126193
vt -0.829391 0.126212
vt -0.829392 0.019753
vt -0.829392 0.131124
vt 1.173946 0.131165
vt -0.829393 0.006430
vt 1.173945 0.006462
vt -0.829393 0.254937
vt -0.829393 0.148382
vt 1.173947 0.148371
vt 1.173946 0.254918
vt 1.173946 0.021197
vt 1.173945 0.129064
vt -0.829392 0.129082
vt -0.829393 0.021207
vt -0.829393 0.130876
vt 1.173946 0.130917
vt -0.829393 0.006430
vt 1.173945 0.006464
vt -0.349713 0.254937
vt -0.349713 0.148382
vt 1.653627 0.148370
vt 1.653626 0.254918
vt 1.653626 0.021194
vt 1.653626 0.127646
vt -0.349712 0.127665
vt -0.349712 0.021203
vt -0.349712 0.130934
vt 1.653627 0.130974
vt -0.349713 0.006430
vt 1.653626 0.006465
vt 0.658640 0.425823
vt 0.058627 0.425823
vt 0.058627 0.457688
vt 0.658640 0.457687
vt 0.658640 0.368532
vt 0.058627 0.368532
vt 0.658640 0.340071
vt 0.058627 0.340071
vt -0.466687 0.699462
vt -0.466687 0.673769
vt 1.039430 0.673757
vt 1.039428 0.699505
vt -0.466688 0.647966
vt 1.039431 0.647958
vt -0.466688 0.622151
vt 1.039431 0.622149
vt -0.466688 0.596340
vt 1.039431 0.596340
vt -0.466688 0.570530
vt 1.039431 0.570532
vt -0.466688 0.544715
vt 1.039431 0.544723
vt -0.466687 0.518912
vt 1.039430 0.518924
vt -0.466687 0.493219
vt 1.039428 0.493176
vt -0.168761 0.653685
vt -0.168762 0.627905
vt 0.865151 0.627905
vt 0.865151 0.653714
vt -0.168762 0.602096
vt 0.865151 0.602096
vt -0.168762 0.576288
vt 0.865151 0.576288
vt -0.168762 0.550479
vt 0.865151 0.550479
vt -0.168762 0.524670
vt 0.865151 0.524670
vt -0.168762 0.498861
vt 0.865151 0.498861
vt -0.168762 0.473052
vt 0.865151 0.473052
vt -0.168761 0.447273
vt 0.865151 0.447243
vt 0.086896 0.751121
vt 0.086896 0.772387
vt 0.015807 0.772387
vt 0.015807 0.751121
vt 0.584520 0.751121
vt 0.584520 0.772387
vt 0.513431 0.772387
vt 0.513431 0.751121
vt 0.442342 0.772387
vt 0.442342 0.751121
vt 0.371253 0.772387
vt 0.371253 0.751121
vt 0.300164 0.772387
vt 0.300164 0.751121
vt 0.229074 0.772387
vt 0.229074 0.751121
vt 0.157985 0.772387
vt 0.157985 0.751121
vt 0.086896 0.805950
vt 0.015807 0.805950
vt 0.584520 0.805950
vt 0.513431 0.805950
vt 0.442342 0.805950
vt 0.371253 0.805950
vt 0.300164 0.805950
vt 0.229074 0.805950
vt 0.157985 0.805950
vt 0.086896 0.814624
vt 0.015807 0.814624
vt 0.584520 0.814624
vt 0.513431 0.814624
vt 0.442342 0.814624
vt 0.371252 0.814624
vt 0.300164 0.814624
vt 0.229075 0.814624
vt 0.157985 0.814624
vt 0.086896 0.837379
vt 0.015807 0.837379
vt 0.584520 0.837379
vt 0.513431 0.837379
vt 0.442342 0.837379
vt 0.371252 0.837379
vt 0.300164 0.837379
vt 0.229074 0.837379
vt 0.157985 0.837379
vt 0.086896 0.847218
vt 0.015807 0.847218
vt 0.584520 0.847218
vt 0.513431 0.847218
vt 0.442342 0.847218
vt 0.371253 0.847218
vt 0.300164 0.847218
vt 0.229074 0.847218
vt 0.157985 0.847218
vt 0.086896 0.876972
vt 0.015807 0.876972
vt 0.584520 0.876972
vt 0.513431 0.876972
vt 0.442342 0.876972
vt 0.371253 0.876972
vt 0.300164 0.876972
vt 0.229074 0.876972
vt 0.157985 0.876972
vt 0.086896 0.907350
vt 0.015807 0.907350
vt 0.584520 0.907350
vt 0.513431 0.907350
vt 0.442342 0.907350
vt 0.371253 0.907350
vt 0.300164 0.907350
vt 0.229074 0.907350
vt 0.157985 0.907350
vt 0.656001 0.905093
vt 0.733623 0.862569
vt 0.794159 0.876306
vt 0.794159 0.936444
vt 0.854694 0.862569
vt 0.932317 0.905093
vt 0.879769 0.829406
vt 0.989544 0.829406
vt 0.854694 0.796243
vt 0.932317 0.753720
vt 0.794159 0.782507
vt 0.794159 0.722369
vt 0.733623 0.796243
vt 0.656001 0.753720
vt 0.708549 0.829406
vt 0.598774 0.830643
vt 0.794159 0.829406
vt 0.086896 0.751121
vt 0.086896 0.772387
vt 0.015807 0.772387
vt 0.015807 0.751121
vt 0.584520 0.751121
vt 0.584520 0.772387
vt 0.513431 0.772387
vt 0.513431 0.751121
vt 0.442342 0.772387
vt 0.442342 0.751121
vt 0.371253 0.772387
vt 0.371253 0.751121
vt 0.300164 0.772387
vt 0.300164 0.751121
vt 0.229074 0.772387
vt 0.229074 0.751121
vt 0.157985 0.772387
vt 0.157985 0.751121
vt 0.086896 0.805950
vt 0.015807 0.805950
vt 0.584520 0.805950
vt 0.513431 0.805950
vt 0.442342 0.805950
vt 0.371253 0.805950
vt 0.300164 0.805950
vt 0.229074 0.805950
vt 0.157985 0.805950
vt 0.086896 0.814624
vt 0.015807 0.814624
vt 0.584520 0.814624
vt 0.513431 0.814624
vt 0.442342 0.814624
vt 0.371252 0.814624
vt 0.300164 0.814624
vt 0.229075 0.814624
vt 0.157985 0.814624
vt 0.086896 0.837379
vt 0.015807 0.837379
vt 0.584520 0.837379
vt 0.513431 0.837379
vt 0.442342 0.837379
vt 0.371252 0.837379
vt 0.300164 0.837379
vt 0.229074 0.837379
vt 0.157985 0.837379
vt 0.086896 0.847218
vt 0.015807 0.847218
vt 0.584520 0.847218
vt 0.513431 0.847218
vt 0.442342 0.847218
vt 0.371253 0.847218
vt 0.300164 0.847218
vt 0.229074 0.847218
vt 0.157985 0.847218
vt 0.086896 0.876972
vt 0.015807 0.876972
vt 0.584520 0.876972
vt 0.513431 0.876972
vt 0.442342 0.876972
vt 0.371253 0.876972
vt 0.300164 0.876972
vt 0.229074 0.876972
vt 0.157985 0.876972
vt 0.086896 0.907350
vt 0.015807 0.907350
vt 0.584520 0.907350
vt 0.513431 0.907350
vt 0.442342 0.907350
vt 0.371253 0.907350
vt 0.300164 0.907350
vt 0.229074 0.907350
vt 0.157985 0.907350
vt 0.656001 0.905093
vt 0.733623 0.862569
vt 0.794159 0.876306
vt 0.794159 0.936444
vt 0.854694 0.862569
vt 0.932317 0.905093
vt 0.879769 0.829406
vt 0.989544 0.829406
vt 0.854694 0.796243
vt 0.932317 0.753720
vt 0.794159 0.782507
vt 0.794159 0.722369
vt 0.733623 0.796243
vt 0.656001 0.753720
vt 0.708549 0.829406
vt 0.598774 0.830643
vt 0.794159 0.829406
vt 0.658637 0.426416
vt 0.658633 0.458233
vt 0.058633 0.458233
vt 0.058630 0.426416
vt 0.058630 0.368004
vt 0.658637 0.368004
vt 0.058633 0.339583
vt 0.658633 0.339583
vt -0.330987 0.309436
vt -1.506255 0.309436
vt -1.506255 0.368957
vt -0.330986 0.368957
vt -1.506254 0.427403
vt -0.330986 0.427403
vt -1.506254 0.484741
vt -0.330986 0.484741
vt -0.330986 0.255351
vt -1.506254 0.255350
vt 1.959410 0.309436
vt 1.959409 0.255351
vt -0.330986 0.255351
vt 1.959408 0.368957
vt 1.959409 0.427403
vt -0.330986 0.484741
vt 1.959409 0.484741
vt -0.330986 0.368957
vt -0.330987 0.309436
vt 1.959410 0.309436
vt 1.959408 0.368957
vt -1.506255 0.368957
vt -1.506255 0.309436
vt -0.330986 0.427403
vt 1.959409 0.427403
vt -1.506254 0.427403
vt -0.330986 0.484741
vt 1.959409 0.484741
vt -0.330986 0.484741
vt -1.506254 0.484741
vt -0.330986 0.255351
vt 1.959409 0.255351
vt -0.330986 0.255351
vt -1.506254 0.255350
vt -0.799481 0.543165
vt 0.805580 0.543165
vt 0.805580 0.525281
vt -0.799481 0.525281
vt 0.805580 0.561049
vt -0.799481 0.561049
vt 1.608110 0.525281
vt 1.608110 0.543165
vt 1.608110 0.561049
vt -0.799481 0.578933
vt 0.805580 0.578933
vt 0.805580 0.596817
vt -0.799481 0.596817
vt 1.608110 0.578933
vt 1.608110 0.596817
vt -0.799481 0.614702
vt 0.805580 0.614702
vt 0.805580 0.632586
vt -0.799481 0.632586
vt 1.608110 0.614702
vt 1.608110 0.632586
vt -0.799481 0.650470
vt 0.805580 0.650470
vt -0.799481 0.668354
vt 0.805580 0.668354
vt 1.608110 0.650470
vt 1.608110 0.668354
vt -0.799481 0.543165
vt -0.799481 0.525281
vt 0.805580 0.525281
vt 0.805580 0.543165
vt -0.799481 0.561049
vt 0.805580 0.561049
vt 1.608110 0.525281
vt 1.608110 0.543165
vt 1.608110 0.561049
vt -0.799481 0.578933
vt 0.805580 0.578933
vt -0.799481 0.596817
vt 0.805580 0.596817
vt 1.608110 0.578933
vt 1.608110 0.596817
vt -0.799481 0.614702
vt 0.805580 0.614702
vt -0.799481 0.632586
vt 0.805580 0.632586
vt 1.608110 0.614702
vt 1.608110 0.632586
vt -0.799481 0.650470
vt 0.805580 0.650470
vt 0.805580 0.668354
vt -0.799481 0.668354
vt 1.608110 0.650470
vt 1.608110 0.668354
vt -0.168761 0.653685
vt 0.865151 0.653714
vt 0.865151 0.627905
vt -0.168762 0.627905
vt 0.865151 0.602096
vt -0.168762 0.602096
vt 0.865151 0.576288
vt -0.168762 0.576288
vt 0.865151 0.550479
vt -0.168762 0.550479
vt 0.865151 0.524670
vt -0.168762 0.524670
vt 0.865151 0.498861
vt -0.168762 0.498861
vt 0.865151 0.473052
vt -0.168762 0.473052
vt 0.865151 0.447243
vt -0.168761 0.447273
vt 0.086896 0.751121
vt 0.015807 0.751121
vt 0.015807 0.772387
vt 0.086896 0.772387
vt 0.584520 0.751121
vt 0.513431 0.751121
vt 0.513431 0.772387
vt 0.584520 0.772387
vt 0.442342 0.751121
vt 0.442342 0.772387
vt 0.371253 0.751121
vt 0.371253 0.772387
vt 0.300164 0.751121
vt 0.300164 0.772387
vt 0.229074 0.751121
vt 0.229074 0.772387
vt 0.157985 0.751121
vt 0.157985 0.772387
vt 0.015807 0.805950
vt 0.086896 0.805950
vt 0.513431 0.805950
vt 0.584520 0.805950
vt 0.442342 0.805950
vt 0.371253 0.805950
vt 0.300164 0.805950
vt 0.229074 0.805950
vt 0.157985 0.805950
vt 0.015807 0.814624
vt 0.086896 0.814624
vt 0.513431 0.814624
vt 0.584520 0.814624
vt 0.442342 0.814624
vt 0.371252 0.814624
vt 0.300164 0.814624
vt 0.229075 0.814624
vt 0.157985 0.814624
vt 0.015807 0.837379
vt 0.086896 0.837379
vt 0.513431 0.837379
vt 0.584520 0.837379
vt 0.442342 0.837379
vt 0.371252 0.837379
vt 0.300164 0.837379
vt 0.229074 0.837379
vt 0.157985 0.837379
vt 0.015807 0.847218
vt 0.086896 0.847218
vt 0.513431 0.847218
vt 0.584520 0.847218
vt 0.442342 0.847218
vt 0.371253 0.847218
vt 0.300164 0.847218
vt 0.229074 0.847218
vt 0.157985 0.847218
vt 0.015807 0.876972
vt 0.086896 0.876972
vt 0.513431 0.876972
vt 0.584520 0.876972
vt 0.442342 0.876972
vt 0.371253 0.876972
vt 0.300164 0.876972
vt 0.229074 0.876972
vt 0.157985 0.876972
vt 0.015807 0.907350
vt 0.086896 0.907350
vt 0.513431 0.907350
vt 0.584520 0.907350
vt 0.442342 0.907350
vt 0.371253 0.907350
vt 0.300164 0.907350
vt 0.229074 0.907350
vt 0.157985 0.907350
vt 0.656001 0.905093
vt 0.794159 0.936444
vt 0.794159 0.876306
vt 0.733623 0.862569
vt 0.932317 0.905093
vt 0.854694 0.862569
vt 0.989544 0.829406
vt 0.879769 0.829406
vt 0.932317 0.753720
vt 0.854694 0.796243
vt 0.794159 0.722369
vt 0.794159 0.782507
vt 0.656001 0.753720
vt 0.733623 0.796243
vt 0.598774 0.830643
vt 0.708549 0.829406
vt 0.794159 0.829406
vt -0.890054 0.366107
vt -0.890054 0.312066
vt 1.544726 0.312249
vt 1.544726 0.365925
vt -0.890053 0.430256
vt 1.544726 0.430432
vt -0.890053 0.484905
vt 1.544726 0.484553
vt -0.890053 0.252639
vt 1.544726 0.252639
vt 0.768244 0.324811
vt -0.055886 0.324780
vt -0.059650 0.344787
vt 0.770341 0.344772
vt -0.887725 0.314087
vt -0.891133 0.341964
vt 0.770817 0.368496
vt -0.059902 0.368501
vt -0.059847 0.427949
vt 0.770763 0.427949
vt -0.890892 0.367118
vt -0.890983 0.429401
vt 0.771190 0.451741
vt -0.060666 0.451741
vt -0.058811 0.484699
vt 0.769340 0.484699
vt -0.060829 0.451598
vt -0.890103 0.451854
vt -0.888024 0.484699
vt -0.062906 0.484698
vt 0.769652 0.253158
vt -0.059128 0.253110
vt -0.060043 0.255412
vt -0.890905 0.250890
vt 1.537269 0.314089
vt 1.539688 0.250866
vt 0.770857 0.255435
vt 1.523349 0.341922
vt 1.511127 0.429400
vt 1.511056 0.367124
vt 0.773244 0.484700
vt 1.537290 0.484698
vt 1.522547 0.451851
vt 0.771346 0.451600
vt 0.768288 0.324719
vt 0.770312 0.344867
vt -0.059659 0.344814
vt -0.055881 0.324768
vt -0.891133 0.341964
vt -0.887725 0.314087
vt 0.770788 0.368561
vt 0.770738 0.427897
vt -0.059848 0.427941
vt -0.059901 0.368502
vt -0.890983 0.429401
vt -0.890892 0.367118
vt 0.771188 0.451737
vt 0.769340 0.484699
vt -0.058811 0.484699
vt -0.060664 0.451746
vt -0.060829 0.451598
vt -0.062907 0.484698
vt -0.888024 0.484699
vt -0.890103 0.451854
vt 0.769661 0.253133
vt -0.059136 0.253136
vt -0.060043 0.255412
vt -0.890905 0.250890
vt 0.770867 0.255411
vt 1.545277 0.250891
vt 1.542874 0.314049
vt 1.528899 0.341962
vt 1.516597 0.367125
vt 1.516664 0.429386
vt 0.773257 0.484697
vt 0.771344 0.451596
vt 1.528109 0.451856
vt 1.542876 0.484701
vt -0.086210 0.368532
vt -0.086209 0.311236
vt 0.764563 0.311242
vt 0.764563 0.368532
vt 0.764563 0.425823
vt 0.764558 0.483080
vt -0.086207 0.483075
vt -0.086209 0.425829
vt -0.086207 0.253990
vt 0.764558 0.253985
vt -0.086210 0.368532
vt 0.764563 0.368532
vt 0.764563 0.311242
vt -0.086209 0.311236
vt 0.764563 0.425823
vt -0.086209 0.425829
vt -0.086207 0.483075
vt 0.764558 0.483080
vt 0.764558 0.253985
vt -0.086207 0.253990
vt -0.461411 0.666184
vt -0.461410 0.648808
vt 1.966167 0.648820
vt 1.966164 0.666194
vt -0.461411 0.631325
vt 1.966169 0.631322
vt -0.461411 0.613833
vt 1.966169 0.613830
vt -0.461411 0.596340
vt 1.966169 0.596340
vt -0.461411 0.578848
vt 1.966169 0.578851
vt -0.461411 0.561356
vt 1.966169 0.561359
vt -0.461410 0.543873
vt 1.966167 0.543861
vt -0.461411 0.526497
vt 1.966164 0.526487
vt 0.658640 0.425823
vt 0.058627 0.425823
vt 0.058627 0.457688
vt 0.658640 0.457687
vt 0.658640 0.368532
vt 0.058627 0.368532
vt 0.658640 0.340071
vt 0.058627 0.340071
vt -0.466687 0.699462
vt -0.466687 0.673769
vt 1.039430 0.673757
vt 1.039428 0.699505
vt -0.466688 0.647966
vt 1.039431 0.647958
vt -0.466688 0.622151
vt 1.039431 0.622149
vt -0.466688 0.596340
vt 1.039431 0.596340
vt -0.466688 0.570530
vt 1.039431 0.570532
vt -0.466688 0.544715
vt 1.039431 0.544723
vt -0.466687 0.518912
vt 1.039430 0.518924
vt -0.466687 0.493219
vt 1.039428 0.493176
vt -0.168761 0.653685
vt -0.168762 0.627905
vt 0.865151 0.627905
vt 0.865151 0.653714
vt -0.168762 0.602096
vt 0.865151 0.602096
vt -0.168762 0.576288
vt 0.865151 0.576288
vt -0.168762 0.550479
vt 0.865151 0.550479
vt -0.168762 0.524670
vt 0.865151 0.524670
vt -0.168762 0.498861
vt 0.865151 0.498861
vt -0.168762 0.473052
vt 0.865151 0.473052
vt -0.168761 0.447273
vt 0.865151 0.447243
vt 0.086896 0.751121
vt 0.086896 0.772387
vt 0.015807 0.772387
vt 0.015807 0.751121
vt 0.584520 0.751121
vt 0.584520 0.772387
vt 0.513431 0.772387
vt 0.513431 0.751121
vt 0.442342 0.772387
vt 0.442342 0.751121
vt 0.371253 0.772387
vt 0.371253 0.751121
vt 0.300164 0.772387
vt 0.300164 0.751121
vt 0.229074 0.772387
vt 0.229074 0.751121
vt 0.157985 0.772387
vt 0.157985 0.751121
vt 0.086896 0.805950
vt 0.015807 0.805950
vt 0.584520 0.805950
vt 0.513431 0.805950
vt 0.442342 0.805950
vt 0.371253 0.805950
vt 0.300164 0.805950
vt 0.229074 0.805950
vt 0.157985 0.805950
vt 0.086896 0.814624
vt 0.015807 0.814624
vt 0.584520 0.814624
vt 0.513431 0.814624
vt 0.442342 0.814624
vt 0.371252 0.814624
vt 0.300164 0.814624
vt 0.229075 0.814624
vt 0.157985 0.814624
vt 0.086896 0.837379
vt 0.015807 0.837379
vt 0.584520 0.837379
vt 0.513431 0.837379
vt 0.442342 0.837379
vt 0.371252 0.837379
vt 0.300164 0.837379
vt 0.229074 0.837379
vt 0.157985 0.837379
vt 0.086896 0.847218
vt 0.015807 0.847218
vt 0.584520 0.847218
vt 0.513431 0.847218
vt 0.442342 0.847218
vt 0.371253 0.847218
vt 0.300164 0.847218
vt 0.229074 0.847218
vt 0.157985 0.847218
vt 0.086896 0.876972
vt 0.015807 0.876972
vt 0.584520 0.876972
vt 0.513431 0.876972
vt 0.442342 0.876972
vt 0.371253 0.876972
vt 0.300164 0.876972
vt 0.229074 0.876972
vt 0.157985 0.876972
vt 0.086896 0.907350
vt 0.015807 0.907350
vt 0.584520 0.907350
vt 0.513431 0.907350
vt 0.442342 0.907350
vt 0.371253 0.907350
vt 0.300164 0.907350
vt 0.229074 0.907350
vt 0.157985 0.907350
vt 0.656001 0.905093
vt 0.733623 0.862569
vt 0.794159 0.876306
vt 0.794159 0.936444
vt 0.854694 0.862569
vt 0.932317 0.905093
vt 0.879769 0.829406
vt 0.989544 0.829406
vt 0.854694 0.796243
vt 0.932317 0.753720
vt 0.794159 0.782507
vt 0.794159 0.722369
vt 0.733623 0.796243
vt 0.656001 0.753720
vt 0.708549 0.829406
vt 0.598774 0.830643
vt 0.794159 0.829406
vt 0.086896 0.751121
vt 0.086896 0.772387
vt 0.015807 0.772387
vt 0.015807 0.751121
vt 0.584520 0.751121
vt 0.584520 0.772387
vt 0.513431 0.772387
vt 0.513431 0.751121
vt 0.442342 0.772387
vt 0.442342 0.751121
vt 0.371253 0.772387
vt 0.371253 0.751121
vt 0.300164 0.772387
vt 0.300164 0.751121
vt 0.229074 0.772387
vt 0.229074 0.751121
vt 0.157985 0.772387
vt 0.157985 0.751121
vt 0.086896 0.805950
vt 0.015807 0.805950
vt 0.584520 0.805950
vt 0.513431 0.805950
vt 0.442342 0.805950
vt 0.371253 0.805950
vt 0.300164 0.805950
vt 0.229074 0.805950
vt 0.157985 0.805950
vt 0.086896 0.814624
vt 0.015807 0.814624
vt 0.584520 0.814624
vt 0.513431 0.814624
vt 0.442342 0.814624
vt 0.371252 0.814624
vt 0.300164 0.814624
vt 0.229075 0.814624
vt 0.157985 0.814624
vt 0.086896 0.837379
vt 0.015807 0.837379
vt 0.584520 0.837379
vt 0.513431 0.837379
vt 0.442342 0.837379
vt 0.371252 0.837379
vt 0.300164 0.837379
vt 0.229074 0.837379
vt 0.157985 0.837379
vt 0.086896 0.847218
vt 0.015807 0.847218
vt 0.584520 0.847218
vt 0.513431 0.847218
vt 0.442342 0.847218
vt 0.371253 0.847218
vt 0.300164 0.847218
vt 0.229074 0.847218
vt 0.157985 0.847218
vt 0.086896 0.876972
vt 0.015807 0.876972
vt 0.584520 0.876972
vt 0.513431 0.876972
vt 0.442342 0.876972
vt 0.371253 0.876972
vt 0.300164 0.876972
vt 0.229074 0.876972
vt 0.157985 0.876972
vt 0.086896 0.907350
vt 0.015807 0.907350
vt 0.584520 0.907350
vt 0.513431 0.907350
vt 0.442342 0.907350
vt 0.371253 0.907350
vt 0.300164 0.907350
vt 0.229074 0.907350
vt 0.157985 0.907350
vt 0.656001 0.905093
vt 0.733623 0.862569
vt 0.794159 0.876306
vt 0.794159 0.936444
vt 0.854694 0.862569
vt 0.932317 0.905093
vt 0.879769 0.829406
vt 0.989544 0.829406
vt 0.854694 0.796243
vt 0.932317 0.753720
vt 0.794159 0.782507
vt 0.794159 0.722369
vt 0.733623 0.796243
vt 0.656001 0.753720
vt 0.708549 0.829406
vt 0.598774 0.830643
vt 0.794159 0.829406
vt 0.658637 0.426416
vt 0.658633 0.458233
vt 0.059884 0.458191
vt 0.058630 0.426416
vt 0.058630 0.368004
vt 0.658637 0.368004
vt 0.058633 0.339583
vt 0.658633 0.339583
vt -0.330987 0.309436
vt -1.506255 0.309436
vt -1.506255 0.368957
vt -0.330986 0.368957
vt -1.506254 0.427403
vt -0.330986 0.427403
vt -1.506254 0.484741
vt -0.330986 0.484741
vt -0.330986 0.255351
vt -1.506254 0.255350
vt 1.959410 0.309436
vt 1.959409 0.255351
vt -0.330986 0.255351
vt 1.959408 0.368957
vt 1.959409 0.427403
vt -0.330986 0.484741
vt 1.959409 0.484741
vt -0.330986 0.368957
vt -0.330987 0.309436
vt 1.959410 0.309436
vt 1.959408 0.368957
vt -1.506255 0.368957
vt -1.506255 0.309436
vt -0.330986 0.427403
vt 1.959409 0.427403
vt -1.506254 0.427403
vt -0.330986 0.484741
vt 1.959409 0.484741
vt -0.330986 0.484741
vt -1.506254 0.484741
vt -0.330986 0.255351
vt 1.959409 0.255351
vt -0.330986 0.255351
vt -1.506254 0.255350
vt -0.799481 0.543165
vt 0.805580 0.543165
vt 0.805580 0.525281
vt -0.799481 0.525281
vt 0.805580 0.561049
vt -0.799481 0.561049
vt 1.608110 0.525281
vt 1.608110 0.543165
vt 1.608110 0.561049
vt -0.799481 0.578933
vt 0.805580 0.578933
vt 0.805580 0.596817
vt -0.799481 0.596817
vt 1.608110 0.578933
vt 1.608110 0.596817
vt -0.799481 0.614702
vt 0.805580 0.614702
vt 0.805580 0.632586
vt -0.799481 0.632586
vt 1.608110 0.614702
vt 1.608110 0.632586
vt -0.799481 0.650470
vt 0.805580 0.650470
vt -0.799481 0.668354
vt 0.805580 0.668354
vt 1.608110 0.650470
vt 1.608110 0.668354
vt -0.799481 0.543165
vt -0.799481 0.525281
vt 0.805580 0.525281
vt 0.805580 0.543165
vt -0.799481 0.561049
vt 0.805580 0.561049
vt 1.608110 0.525281
vt 1.608110 0.543165
vt 1.608110 0.561049
vt -0.799481 0.578933
vt 0.805580 0.578933
vt -0.799481 0.596817
vt 0.805580 0.596817
vt 1.608110 0.578933
vt 1.608110 0.596817
vt -0.799481 0.614702
vt 0.805580 0.614702
vt -0.799481 0.632586
vt 0.805580 0.632586
vt 1.608110 0.614702
vt 1.608110 0.632586
vt -0.799481 0.650470
vt 0.805580 0.650470
vt 0.805580 0.668354
vt -0.799481 0.668354
vt 1.608110 0.650470
vt 1.608110 0.668354
vt -0.168761 0.653685
vt 0.865151 0.653714
vt 0.865151 0.627905
vt -0.168762 0.627905
vt 0.865151 0.602096
vt -0.168762 0.602096
vt 0.865151 0.576288
vt -0.168762 0.576288
vt 0.865151 0.550479
vt -0.168762 0.550479
vt 0.865151 0.524670
vt -0.168762 0.524670
vt 0.865151 0.498861
vt -0.168762 0.498861
vt 0.865151 0.473052
vt -0.168762 0.473052
vt 0.865151 0.447243
vt -0.168761 0.447273
vt 0.086896 0.751121
vt 0.015807 0.751121
vt 0.015807 0.772387
vt 0.086896 0.772387
vt 0.584520 0.751121
vt 0.513431 0.751121
vt 0.513431 0.772387
vt 0.584520 0.772387
vt 0.442342 0.751121
vt 0.442342 0.772387
vt 0.371253 0.751121
vt 0.371253 0.772387
vt 0.300164 0.751121
vt 0.300164 0.772387
vt 0.229074 0.751121
vt 0.229074 0.772387
vt 0.157985 0.751121
vt 0.157985 0.772387
vt 0.015807 0.805950
vt 0.086896 0.805950
vt 0.513431 0.805950
vt 0.584520 0.805950
vt 0.442342 0.805950
vt 0.371253 0.805950
vt 0.300164 0.805950
vt 0.229074 0.805950
vt 0.157985 0.805950
vt 0.015807 0.814624
vt 0.086896 0.814624
vt 0.513431 0.814624
vt 0.584520 0.814624
vt 0.442342 0.814624
vt 0.371252 0.814624
vt 0.300164 0.814624
vt 0.229075 0.814624
vt 0.157985 0.814624
vt 0.015807 0.837379
vt 0.086896 0.837379
vt 0.513431 0.837379
vt 0.584520 0.837379
vt 0.442342 0.837379
vt 0.371252 0.837379
vt 0.300164 0.837379
vt 0.229074 0.837379
vt 0.157985 0.837379
vt 0.015807 0.847218
vt 0.086896 0.847218
vt 0.513431 0.847218
vt 0.584520 0.847218
vt 0.442342 0.847218
vt 0.371253 0.847218
vt 0.300164 0.847218
vt 0.229074 0.847218
vt 0.157985 0.847218
vt 0.015807 0.876972
vt 0.086896 0.876972
vt 0.513431 0.876972
vt 0.584520 0.876972
vt 0.442342 0.876972
vt 0.371253 0.876972
vt 0.300164 0.876972
vt 0.229074 0.876972
vt 0.157985 0.876972
vt 0.015807 0.907350
vt 0.086896 0.907350
vt 0.513431 0.907350
vt 0.584520 0.907350
vt 0.442342 0.907350
vt 0.371253 0.907350
vt 0.300164 0.907350
vt 0.229074 0.907350
vt 0.157985 0.907350
vt 0.656001 0.905093
vt 0.794159 0.936444
vt 0.794159 0.876306
vt 0.733623 0.862569
vt 0.932317 0.905093
vt 0.854694 0.862569
vt 0.989544 0.829406
vt 0.879769 0.829406
vt 0.932317 0.753720
vt 0.854694 0.796243
vt 0.794159 0.722369
vt 0.794159 0.782507
vt 0.656001 0.753720
vt 0.733623 0.796243
vt 0.598774 0.830643
vt 0.708549 0.829406
vt 0.794159 0.829406
vt -0.890054 0.366107
vt -0.890054 0.312066
vt 1.544726 0.312249
vt 1.544725 0.366424
vt -0.890053 0.430256
vt 1.544726 0.429908
vt -0.890053 0.484905
vt 1.544726 0.484553
vt -0.890053 0.252639
vt 1.544726 0.252639
vt 0.768244 0.324811
vt -0.055886 0.324780
vt -0.059650 0.344787
vt 0.770341 0.344772
vt -0.887725 0.314087
vt -0.891133 0.341964
vt 0.770817 0.368496
vt -0.059902 0.368501
vt -0.059847 0.427949
vt 0.770763 0.427949
vt -0.890892 0.367118
vt -0.890983 0.429401
vt 0.771190 0.451741
vt -0.060666 0.451741
vt -0.058811 0.484699
vt 0.769340 0.484699
vt -0.060829 0.451598
vt -0.890103 0.451854
vt -0.888024 0.484699
vt -0.062906 0.484698
vt 0.769652 0.253158
vt -0.059128 0.253110
vt -0.060043 0.255412
vt -0.890905 0.250890
vt 1.537269 0.314089
vt 1.539688 0.250866
vt 0.770857 0.255435
vt 1.523349 0.341922
vt 1.511127 0.429400
vt 1.511056 0.367124
vt 0.773244 0.484700
vt 1.537290 0.484698
vt 1.522547 0.451851
vt 0.771346 0.451600
vt 0.768288 0.324719
vt 0.770312 0.344867
vt -0.059659 0.344814
vt -0.055881 0.324768
vt -0.891133 0.341964
vt -0.887725 0.314087
vt 0.770788 0.368561
vt 0.770738 0.427897
vt -0.059848 0.427941
vt -0.059901 0.368502
vt -0.890983 0.429401
vt -0.890892 0.367118
vt 0.771188 0.451737
vt 0.769340 0.484699
vt -0.058811 0.484699
vt -0.060664 0.451746
vt -0.060829 0.451598
vt -0.062907 0.484698
vt -0.888024 0.484699
vt -0.890103 0.451854
vt 0.769661 0.253133
vt -0.059136 0.253136
vt -0.060043 0.255412
vt -0.890905 0.250890
vt 0.770867 0.255411
vt 1.545277 0.250891
vt 1.542874 0.314049
vt 1.528899 0.341962
vt 1.516597 0.367125
vt 1.516664 0.429386
vt 0.773257 0.484697
vt 0.771344 0.451596
vt 1.528109 0.451856
vt 1.542876 0.484701
vt -0.086210 0.368532
vt -0.086209 0.311236
vt 0.764563 0.311242
vt 0.764563 0.368532
vt 0.764563 0.425823
vt 0.764558 0.483080
vt -0.086207 0.483075
vt -0.086209 0.425829
vt -0.086207 0.253990
vt 0.764558 0.253985
vt -0.086210 0.368532
vt 0.764563 0.368532
vt 0.764563 0.311242
vt -0.086209 0.311236
vt 0.764563 0.425823
vt -0.086209 0.425829
vt -0.086207 0.483075
vt 0.764558 0.483080
vt 0.764558 0.253985
vt -0.086207 0.253990
vt -0.188989 0.130515
vt -0.188989 0.023960
vt 1.814352 0.023954
vt 1.814352 0.130527
vt 1.814352 0.148101
vt 1.814351 0.254560
vt -0.188989 0.254579
vt -0.188989 0.148116
vt -0.188989 0.006386
vt 1.814351 0.006428
vt -0.682181 0.130515
vt -0.682181 0.023960
vt 1.321159 0.023955
vt 1.321159 0.130528
vt 1.321159 0.148101
vt 1.321159 0.254560
vt -0.682181 0.254579
vt -0.682181 0.148116
vt -0.682181 0.006386
vt 1.321159 0.006428
vt -0.188989 0.130515
vt -0.188989 0.023960
vt 1.814352 0.023957
vt 1.814352 0.130530
vt 1.814352 0.148104
vt 1.814351 0.254560
vt -0.188989 0.254579
vt -0.188989 0.148116
vt -0.188989 0.006386
vt 1.814351 0.006429
vt -0.682181 0.130515
vt -0.682181 0.023960
vt 1.321159 0.023958
vt 1.321159 0.130531
vt 1.321159 0.148105
vt 1.321159 0.254561
vt -0.682181 0.254579
vt -0.682181 0.148116
vt -0.682181 0.006386
vt 1.321159 0.006429
vt -0.682181 0.130515
vt -0.682181 0.023960
vt 1.321159 0.023960
vt 1.321159 0.130533
vt 1.321159 0.148107
vt 1.321159 0.254561
vt -0.682181 0.254579
vt -0.682181 0.148116
vt -0.682181 0.006386
vt 1.321159 0.006429
vt -0.188989 0.130515
vt -0.188989 0.023960
vt 1.814352 0.023961
vt 1.814352 0.130534
vt 1.814352 0.148107
vt 1.814351 0.254561
vt -0.188989 0.254579
vt -0.188989 0.148116
vt -0.188989 0.006386
vt 1.814351 0.006428
vt -0.349713 0.254937
vt -0.349713 0.148382
vt 1.653627 0.148378
vt 1.653627 0.254919
vt 1.653627 0.024027
vt 1.653627 0.130477
vt -0.349713 0.130494
vt -0.349713 0.024031
vt -0.349713 0.130808
vt 1.653627 0.130850
vt -0.349713 0.006430
vt 1.653627 0.006471
vt -0.829393 0.254937
vt -0.829393 0.148382
vt 1.173947 0.148375
vt 1.173946 0.254919
vt 1.173947 0.024025
vt 1.173946 0.130476
vt -0.829393 0.130494
vt -0.829393 0.024031
vt -0.829393 0.130808
vt 1.173946 0.130850
vt -0.829393 0.006430
vt 1.173946 0.006472
vt -0.829393 0.254937
vt -0.829393 0.148382
vt 1.173947 0.148372
vt 1.173946 0.254918
vt 1.173947 0.024022
vt 1.173946 0.130476
vt -0.829393 0.130494
vt -0.829393 0.024031
vt -0.829393 0.130808
vt 1.173946 0.130850
vt -0.829393 0.006430
vt 1.173946 0.006472
vt -0.349713 0.254937
vt -0.349713 0.148382
vt 1.653627 0.148373
vt 1.653627 0.254919
vt 1.653627 0.024022
vt 1.653627 0.130476
vt -0.349713 0.130494
vt -0.349713 0.024031
vt -0.349713 0.130808
vt 1.653627 0.130850
vt -0.349713 0.006430
vt 1.653627 0.006472
vt -0.682181 0.130515
vt -0.682181 0.023960
vt 1.321159 0.023953
vt 1.321159 0.130524
vt 1.321159 0.146691
vt 1.321158 0.253149
vt -0.682180 0.253169
vt -0.682181 0.146706
vt -0.682181 0.006429
vt 1.321158 0.006471
vt -0.188989 0.130515
vt -0.188989 0.023960
vt 1.814351 0.023953
vt 1.814351 0.130523
vt 1.814350 0.145269
vt 1.814350 0.251724
vt -0.188987 0.251743
vt -0.188988 0.145282
vt -0.188988 0.006560
vt 1.814351 0.006601
vt -0.682181 0.130515
vt -0.682181 0.023960
vt 1.321158 0.023954
vt 1.321158 0.130520
vt 1.321158 0.143841
vt 1.321157 0.251716
vt -0.682180 0.251735
vt -0.682180 0.143853
vt -0.682180 0.006607
vt 1.321158 0.006649
vt -0.682181 0.130515
vt -0.682181 0.023960
vt 1.321158 0.023953
vt 1.321158 0.130518
vt 1.321158 0.142379
vt 1.321157 0.250260
vt -0.682180 0.250278
vt -0.682180 0.142390
vt -0.682180 0.006771
vt 1.321158 0.006812
vt -0.188989 0.130515
vt -0.188989 0.023960
vt 1.814351 0.023953
vt 1.814351 0.130519
vt 1.814350 0.142353
vt 1.814349 0.248798
vt -0.188987 0.248816
vt -0.188988 0.142363
vt -0.188987 0.006879
vt 1.814351 0.006919
vt -0.349713 0.254937
vt -0.349713 0.148382
vt 1.653627 0.148372
vt 1.653626 0.254917
vt 1.653626 0.018242
vt 1.653625 0.124681
vt -0.349711 0.124699
vt -0.349712 0.018247
vt -0.349712 0.131389
vt 1.653627 0.131430
vt -0.349713 0.006430
vt 1.653625 0.006459
vt -0.829393 0.254937
vt -0.829393 0.148382
vt 1.173946 0.148371
vt 1.173946 0.254918
vt 1.173946 0.019746
vt 1.173945 0.126193
vt -0.829391 0.126212
vt -0.829392 0.019753
vt -0.829392 0.131124
vt 1.173946 0.131165
vt -0.829393 0.006430
vt 1.173945 0.006462
vt -0.829393 0.254937
vt -0.829393 0.148382
vt 1.173947 0.148371
vt 1.173946 0.254918
vt 1.173946 0.021197
vt 1.173945 0.129064
vt -0.829392 0.129082
vt -0.829393 0.021207
vt -0.829393 0.130876
vt 1.173946 0.130917
vt -0.829393 0.006430
vt 1.173945 0.006464
vt -0.349713 0.254937
vt -0.349713 0.148382
vt 1.653627 0.148370
vt 1.653626 0.254918
vt 1.653626 0.021194
vt 1.653626 0.127646
vt -0.349712 0.127665
vt -0.349712 0.021203
vt -0.349712 0.130934
vt 1.653627 0.130974
vt -0.349713 0.006430
vt 1.653626 0.006465
vt 0.658640 0.425823
vt 0.058627 0.425823
vt 0.058627 0.457688
vt 0.658640 0.457687
vt 0.658640 0.368532
vt 0.058627 0.368532
vt 0.658640 0.340071
vt 0.058627 0.340071
vt -0.466687 0.699462
vt -0.466687 0.673769
vt 1.039430 0.673757
vt 1.039428 0.699505
vt -0.466688 0.647966
vt 1.039431 0.647958
vt -0.466688 0.622151
vt 1.039431 0.622149
vt -0.466688 0.596340
vt 1.039431 0.596340
vt -0.466688 0.570530
vt 1.039431 0.570532
vt -0.466688 0.544715
vt 1.039431 0.544723
vt -0.466687 0.518912
vt 1.039430 0.518924
vt -0.466687 0.493219
vt 1.039428 0.493176
vt -0.168761 0.653685
vt -0.168762 0.627905
vt 0.865151 0.627905
vt 0.865151 0.653714
vt -0.168762 0.602096
vt 0.865151 0.602096
vt -0.168762 0.576288
vt 0.865151 0.576288
vt -0.168762 0.550479
vt 0.865151 0.550479
vt -0.168762 0.524670
vt 0.865151 0.524670
vt -0.168762 0.498861
vt 0.865151 0.498861
vt -0.168762 0.473052
vt 0.865151 0.473052
vt -0.168761 0.447273
vt 0.865151 0.447243
vt 0.086896 0.751121
vt 0.086896 0.772387
vt 0.015807 0.772387
vt 0.015807 0.751121
vt 0.584520 0.751121
vt 0.584520 0.772387
vt 0.513431 0.772387
vt 0.513431 0.751121
vt 0.442342 0.772387
vt 0.442342 0.751121
vt 0.371253 0.772387
vt 0.371253 0.751121
vt 0.300164 0.772387
vt 0.300164 0.751121
vt 0.229074 0.772387
vt 0.229074 0.751121
vt 0.157985 0.772387
vt 0.157985 0.751121
vt 0.086896 0.805950
vt 0.015807 0.805950
vt 0.584520 0.805950
vt 0.513431 0.805950
vt 0.442342 0.805950
vt 0.371253 0.805950
vt 0.300164 0.805950
vt 0.229074 0.805950
vt 0.157985 0.805950
vt 0.086896 0.814624
vt 0.015807 0.814624
vt 0.584520 0.814624
vt 0.513431 0.814624
vt 0.442342 0.814624
vt 0.371252 0.814624
vt 0.300164 0.814624
vt 0.229075 0.814624
vt 0.157985 0.814624
vt 0.086896 0.837379
vt 0.015807 0.837379
vt 0.584520 0.837379
vt 0.513431 0.837379
vt 0.442342 0.837379
vt 0.371252 0.837379
vt 0.300164 0.837379
vt 0.229074 0.837379
vt 0.157985 0.837379
vt 0.086896 0.847218
vt 0.015807 0.847218
vt 0.584520 0.847218
vt 0.513431 0.847218
vt 0.442342 0.847218
vt 0.371253 0.847218
vt 0.300164 0.847218
vt 0.229074 0.847218
vt 0.157985 0.847218
vt 0.086896 0.876972
vt 0.015807 0.876972
vt 0.584520 0.876972
vt 0.513431 0.876972
vt 0.442342 0.876972
vt 0.371253 0.876972
vt 0.300164 0.876972
vt 0.229074 0.876972
vt 0.157985 0.876972
vt 0.086896 0.907350
vt 0.015807 0.907350
vt 0.584520 0.907350
vt 0.513431 0.907350
vt 0.442342 0.907350
vt 0.371253 0.907350
vt 0.300164 0.907350
vt 0.229074 0.907350
vt 0.157985 0.907350
vt 0.656001 0.905093
vt 0.733623 0.862569
vt 0.794159 0.876306
vt 0.794159 0.936444
vt 0.854694 0.862569
vt 0.932317 0.905093
vt 0.879769 0.829406
vt 0.989544 0.829406
vt 0.854694 0.796243
vt 0.932317 0.753720
vt 0.794159 0.782507
vt 0.794159 0.722369
vt 0.733623 0.796243
vt 0.656001 0.753720
vt 0.708549 0.829406
vt 0.598774 0.830643
vt 0.794159 0.829406
vt 0.086896 0.751121
vt 0.086896 0.772387
vt 0.015807 0.772387
vt 0.015807 0.751121
vt 0.584520 0.751121
vt 0.584520 0.772387
vt 0.513431 0.772387
vt 0.513431 0.751121
vt 0.442342 0.772387
vt 0.442342 0.751121
vt 0.371253 0.772387
vt 0.371253 0.751121
vt 0.300164 0.772387
vt 0.300164 0.751121
vt 0.229074 0.772387
vt 0.229074 0.751121
vt 0.157985 0.772387
vt 0.157985 0.751121
vt 0.086896 0.805950
vt 0.015807 0.805950
vt 0.584520 0.805950
vt 0.513431 0.805950
vt 0.442342 0.805950
vt 0.371253 0.805950
vt 0.300164 0.805950
vt 0.229074 0.805950
vt 0.157985 0.805950
vt 0.086896 0.814624
vt 0.015807 0.814624
vt 0.584520 0.814624
vt 0.513431 0.814624
vt 0.442342 0.814624
vt 0.371252 0.814624
vt 0.300164 0.814624
vt 0.229075 0.814624
vt 0.157985 0.814624
vt 0.086896 0.837379
vt 0.015807 0.837379
vt 0.584520 0.837379
vt 0.513431 0.837379
vt 0.442342 0.837379
vt 0.371252 0.837379
vt 0.300164 0.837379
vt 0.229074 0.837379
vt 0.157985 0.837379
vt 0.086896 0.847218
vt 0.015807 0.847218
vt 0.584520 0.847218
vt 0.513431 0.847218
vt 0.442342 0.847218
vt 0.371253 0.847218
vt 0.300164 0.847218
vt 0.229074 0.847218
vt 0.157985 0.847218
vt 0.086896 0.876972
vt 0.015807 0.876972
vt 0.584520 0.876972
vt 0.513431 0.876972
vt 0.442342 0.876972
vt 0.371253 0.876972
vt 0.300164 0.876972
vt 0.229074 0.876972
vt 0.157985 0.876972
vt 0.086896 0.907350
vt 0.015807 0.907350
vt 0.584520 0.907350
vt 0.513431 0.907350
vt 0.442342 0.907350
vt 0.371253 0.907350
vt 0.300164 0.907350
vt 0.229074 0.907350
vt 0.157985 0.907350
vt 0.656001 0.905093
vt 0.733623 0.862569
vt 0.794159 0.876306
vt 0.794159 0.936444
vt 0.854694 0.862569
vt 0.932317 0.905093
vt 0.879769 0.829406
vt 0.989544 0.829406
vt 0.854694 0.796243
vt 0.932317 0.753720
vt 0.794159 0.782507
vt 0.794159 0.722369
vt 0.733623 0.796243
vt 0.656001 0.753720
vt 0.708549 0.829406
vt 0.598774 0.830643
vt 0.794159 0.829406
vt 0.658637 0.426416
vt 0.658633 0.458233
vt 0.058633 0.458233
vt 0.058630 0.426416
vt 0.058630 0.368004
vt 0.658637 0.368004
vt 0.058633 0.339583
vt 0.658633 0.339583
vt -0.330987 0.309436
vt -1.506255 0.309436
vt -1.506255 0.368957
vt -0.330986 0.368957
vt -1.506254 0.427403
vt -0.330986 0.427403
vt -1.506254 0.484741
vt -0.330986 0.484741
vt -0.330986 0.255351
vt -1.506254 0.255350
vt 1.959410 0.309436
vt 1.959409 0.255351
vt -0.330986 0.255351
vt 1.959408 0.368957
vt 1.959409 0.427403
vt -0.330986 0.484741
vt 1.959409 0.484741
vt -0.330986 0.368957
vt -0.330987 0.309436
vt 1.959410 0.309436
vt 1.959408 0.368957
vt -1.506255 0.368957
vt -1.506255 0.309436
vt -0.330986 0.427403
vt 1.959409 0.427403
vt -1.506254 0.427403
vt -0.330986 0.484741
vt 1.959409 0.484741
vt -0.330986 0.484741
vt -1.506254 0.484741
vt -0.330986 0.255351
vt 1.959409 0.255351
vt -0.330986 0.255351
vt -1.506254 0.255350
vt -0.799481 0.543165
vt 0.805580 0.543165
vt 0.805580 0.525281
vt -0.799481 0.525281
vt 0.805580 0.561049
vt -0.799481 0.561049
vt 1.608110 0.525281
vt 1.608110 0.543165
vt 1.608110 0.561049
vt -0.799481 0.578933
vt 0.805580 0.578933
vt 0.805580 0.596817
vt -0.799481 0.596817
vt 1.608110 0.578933
vt 1.608110 0.596817
vt -0.799481 0.614702
vt 0.805580 0.614702
vt 0.805580 0.632586
vt -0.799481 0.632586
vt 1.608110 0.614702
vt 1.608110 0.632586
vt -0.799481 0.650470
vt 0.805580 0.650470
vt -0.799481 0.668354
vt 0.805580 0.668354
vt 1.608110 0.650470
vt 1.608110 0.668354
vt -0.799481 0.543165
vt -0.799481 0.525281
vt 0.805580 0.525281
vt 0.805580 0.543165
vt -0.799481 0.561049
vt 0.805580 0.561049
vt 1.608110 0.525281
vt 1.608110 0.543165
vt 1.608110 0.561049
vt -0.799481 0.578933
vt 0.805580 0.578933
vt -0.799481 0.596817
vt 0.805580 0.596817
vt 1.608110 0.578933
vt 1.608110 0.596817
vt -0.799481 0.614702
vt 0.805580 0.614702
vt -0.799481 0.632586
vt 0.805580 0.632586
vt 1.608110 0.614702
vt 1.608110 0.632586
vt -0.799481 0.650470
vt 0.805580 0.650470
vt 0.805580 0.668354
vt -0.799481 0.668354
vt 1.608110 0.650470
vt 1.608110 0.668354
vt -0.168761 0.653685
vt 0.865151 0.653714
vt 0.865151 0.627905
vt -0.168762 0.627905
vt 0.865151 0.602096
vt -0.168762 0.602096
vt 0.865151 0.576288
vt -0.168762 0.576288
vt 0.865151 0.550479
vt -0.168762 0.550479
vt 0.865151 0.524670
vt -0.168762 0.524670
vt 0.865151 0.498861
vt -0.168762 0.498861
vt 0.865151 0.473052
vt -0.168762 0.473052
vt 0.865151 0.447243
vt -0.168761 0.447273
vt 0.086896 0.751121
vt 0.015807 0.751121
vt 0.015807 0.772387
vt 0.086896 0.772387
vt 0.584520 0.751121
vt 0.513431 0.751121
vt 0.513431 0.772387
vt 0.584520 0.772387
vt 0.442342 0.751121
vt 0.442342 0.772387
vt 0.371253 0.751121
vt 0.371253 0.772387
vt 0.300164 0.751121
vt 0.300164 0.772387
vt 0.229074 0.751121
vt 0.229074 0.772387
vt 0.157985 0.751121
vt 0.157985 0.772387
vt 0.015807 0.805950
vt 0.086896 0.805950
vt 0.513431 0.805950
vt 0.584520 0.805950
vt 0.442342 0.805950
vt 0.371253 0.805950
vt 0.300164 0.805950
vt 0.229074 0.805950
vt 0.157985 0.805950
vt 0.015807 0.814624
vt 0.086896 0.814624
vt 0.513431 0.814624
vt 0.584520 0.814624
vt 0.442342 0.814624
vt 0.371252 0.814624
vt 0.300164 0.814624
vt 0.229075 0.814624
vt 0.157985 0.814624
vt 0.015807 0.837379
vt 0.086896 0.837379
vt 0.513431 0.837379
vt 0.584520 0.837379
vt 0.442342 0.837379
vt 0.371252 0.837379
vt 0.300164 0.837379
vt 0.229074 0.837379
vt 0.157985 0.837379
vt 0.015807 0.847218
vt 0.086896 0.847218
vt 0.513431 0.847218
vt 0.584520 0.847218
vt 0.442342 0.847218
vt 0.371253 0.847218
vt 0.300164 0.847218
vt 0.229074 0.847218
vt 0.157985 0.847218
vt 0.015807 0.876972
vt 0.086896 0.876972
vt 0.513431 0.876972
vt 0.584520 0.876972
vt 0.442342 0.876972
vt 0.371253 0.876972
vt 0.300164 0.876972
vt 0.229074 0.876972
vt 0.157985 0.876972
vt 0.015807 0.907350
vt 0.086896 0.907350
vt 0.513431 0.907350
vt 0.584520 0.907350
vt 0.442342 0.907350
vt 0.371253 0.907350
vt 0.300164 0.907350
vt 0.229074 0.907350
vt 0.157985 0.907350
vt 0.656001 0.905093
vt 0.794159 0.936444
vt 0.794159 0.876306
vt 0.733623 0.862569
vt 0.932317 0.905093
vt 0.854694 0.862569
vt 0.989544 0.829406
vt 0.879769 0.829406
vt 0.932317 0.753720
vt 0.854694 0.796243
vt 0.794159 0.722369
vt 0.794159 0.782507
vt 0.656001 0.753720
vt 0.733623 0.796243
vt 0.598774 0.830643
vt 0.708549 0.829406
vt 0.794159 0.829406
vt -0.890054 0.366107
vt -0.890054 0.312066
vt 1.544726 0.312249
vt 1.544726 0.365925
vt -0.890053 0.430256
vt 1.544726 0.430432
vt -0.890053 0.484905
vt 1.544726 0.484553
vt -0.890053 0.252639
vt 1.544726 0.252639
vt 0.768244 0.324811
vt -0.055886 0.324780
vt -0.059650 0.344787
vt 0.770341 0.344772
vt -0.887725 0.314087
vt -0.891133 0.341964
vt 0.770817 0.368496
vt -0.059902 0.368501
vt -0.059847 0.427949
vt 0.770763 0.427949
vt -0.890892 0.367118
vt -0.890983 0.429401
vt 0.771190 0.451741
vt -0.060666 0.451741
vt -0.058811 0.484699
vt 0.769340 0.484699
vt -0.060829 0.451598
vt -0.890103 0.451854
vt -0.888024 0.484699
vt -0.062906 0.484698
vt 0.769652 0.253158
vt -0.059128 0.253110
vt -0.060043 0.255412
vt -0.890905 0.250890
vt 1.537269 0.314089
vt 1.539688 0.250866
vt 0.770857 0.255435
vt 1.523349 0.341922
vt 1.511127 0.429400
vt 1.511056 0.367124
vt 0.773244 0.484700
vt 1.537290 0.484698
vt 1.522547 0.451851
vt 0.771346 0.451600
vt 0.768288 0.324719
vt 0.770312 0.344867
vt -0.059659 0.344814
vt -0.055881 0.324768
vt -0.891133 0.341964
vt -0.887725 0.314087
vt 0.770788 0.368561
vt 0.770738 0.427897
vt -0.059848 0.427941
vt -0.059901 0.368502
vt -0.890983 0.429401
vt -0.890892 0.367118
vt 0.771188 0.451737
vt 0.769340 0.484699
vt -0.058811 0.484699
vt -0.060664 0.451746
vt -0.060829 0.451598
vt -0.062907 0.484698
vt -0.888024 0.484699
vt -0.890103 0.451854
vt 0.769661 0.253133
vt -0.059136 0.253136
vt -0.060043 0.255412
vt -0.890905 0.250890
vt 0.770867 0.255411
vt 1.545277 0.250891
vt 1.542874 0.314049
vt 1.528899 0.341962
vt 1.516597 0.367125
vt 1.516664 0.429386
vt 0.773257 0.484697
vt 0.771344 0.451596
vt 1.528109 0.451856
vt 1.542876 0.484701
vt -0.086210 0.368532
vt -0.086209 0.311236
vt 0.764563 0.311242
vt 0.764563 0.368532
vt 0.764563 0.425823
vt 0.764558 0.483080
vt -0.086207 0.483075
vt -0.086209 0.425829
vt -0.086207 0.253990
vt 0.764558 0.253985
vt -0.086210 0.368532
vt 0.764563 0.368532
vt 0.764563 0.311242
vt -0.086209 0.311236
vt 0.764563 0.425823
vt -0.086209 0.425829
vt -0.086207 0.483075
vt 0.764558 0.483080
vt 0.764558 0.253985
vt -0.086207 0.253990
vt -0.461411 0.666184
vt -0.461410 0.648808
vt 1.966167 0.648820
vt 1.966164 0.666194
vt -0.461411 0.631325
vt 1.966169 0.631322
vt -0.461411 0.613833
vt 1.966169 0.613830
vt -0.461411 0.596340
vt 1.966169 0.596340
vt -0.461411 0.578848
vt 1.966169 0.578851
vt -0.461411 0.561356
vt 1.966169 0.561359
vt -0.461410 0.543873
vt 1.966167 0.543861
vt -0.461411 0.526497
vt 1.966164 0.526487
vt 0.658640 0.425823
vt 0.058627 0.425823
vt 0.058627 0.457688
vt 0.658640 0.457687
vt 0.658640 0.368532
vt 0.058627 0.368532
vt 0.658640 0.340071
vt 0.058627 0.340071
vt -0.466687 0.699462
vt -0.466687 0.673769
vt 1.039430 0.673757
vt 1.039428 0.699505
vt -0.466688 0.647966
vt 1.039431 0.647958
vt -0.466688 0.622151
vt 1.039431 0.622149
vt -0.466688 0.596340
vt 1.039431 0.596340
vt -0.466688 0.570530
vt 1.039431 0.570532
vt -0.466688 0.544715
vt 1.039431 0.544723
vt -0.466687 0.518912
vt 1.039430 0.518924
vt -0.466687 0.493219
vt 1.039428 0.493176
vt -0.168761 0.653685
vt -0.168762 0.627905
vt 0.865151 0.627905
vt 0.865151 0.653714
vt -0.168762 0.602096
vt 0.865151 0.602096
vt -0.168762 0.576288
vt 0.865151 0.576288
vt -0.168762 0.550479
vt 0.865151 0.550479
vt -0.168762 0.524670
vt 0.865151 0.524670
vt -0.168762 0.498861
vt 0.865151 0.498861
vt -0.168762 0.473052
vt 0.865151 0.473052
vt -0.168761 0.447273
vt 0.865151 0.447243
vt 0.086896 0.751121
vt 0.086896 0.772387
vt 0.015807 0.772387
vt 0.015807 0.751121
vt 0.584520 0.751121
vt 0.584520 0.772387
vt 0.513431 0.772387
vt 0.513431 0.751121
vt 0.442342 0.772387
vt 0.442342 0.751121
vt 0.371253 0.772387
vt 0.371253 0.751121
vt 0.300164 0.772387
vt 0.300164 0.751121
vt 0.229074 0.772387
vt 0.229074 0.751121
vt 0.157985 0.772387
vt 0.157985 0.751121
vt 0.086896 0.805950
vt 0.015807 0.805950
vt 0.584520 0.805950
vt 0.513431 0.805950
vt 0.442342 0.805950
vt 0.371253 0.805950
vt 0.300164 0.805950
vt 0.229074 0.805950
vt 0.157985 0.805950
vt 0.086896 0.814624
vt 0.015807 0.814624
vt 0.584520 0.814624
vt 0.513431 0.814624
vt 0.442342 0.814624
vt 0.371252 0.814624
vt 0.300164 0.814624
vt 0.229075 0.814624
vt 0.157985 0.814624
vt 0.086896 0.837379
vt 0.015807 0.837379
vt 0.584520 0.837379
vt 0.513431 0.837379
vt 0.442342 0.837379
vt 0.371252 0.837379
vt 0.300164 0.837379
vt 0.229074 0.837379
vt 0.157985 0.837379
vt 0.086896 0.847218
vt 0.015807 0.847218
vt 0.584520 0.847218
vt 0.513431 0.847218
vt 0.442342 0.847218
vt 0.371253 0.847218
vt 0.300164 0.847218
vt 0.229074 0.847218
vt 0.157985 0.847218
vt 0.086896 0.876972
vt 0.015807 0.876972
vt 0.584520 0.876972
vt 0.513431 0.876972
vt 0.442342 0.876972
vt 0.371253 0.876972
vt 0.300164 0.876972
vt 0.229074 0.876972
vt 0.157985 0.876972
vt 0.086896 0.907350
vt 0.015807 0.907350
vt 0.584520 0.907350
vt 0.513431 0.907350
vt 0.442342 0.907350
vt 0.371253 0.907350
vt 0.300164 0.907350
vt 0.229074 0.907350
vt 0.157985 0.907350
vt 0.656001 0.905093
vt 0.733623 0.862569
vt 0.794159 0.876306
vt 0.794159 0.936444
vt 0.854694 0.862569
vt 0.932317 0.905093
vt 0.879769 0.829406
vt 0.989544 0.829406
vt 0.854694 0.796243
vt 0.932317 0.753720
vt 0.794159 0.782507
vt 0.794159 0.722369
vt 0.733623 0.796243
vt 0.656001 0.753720
vt 0.708549 0.829406
vt 0.598774 0.830643
vt 0.794159 0.829406
vt 0.086896 0.751121
vt 0.086896 0.772387
vt 0.015807 0.772387
vt 0.015807 0.751121
vt 0.584520 0.751121
vt 0.584520 0.772387
vt 0.513431 0.772387
vt 0.513431 0.751121
vt 0.442342 0.772387
vt 0.442342 0.751121
vt 0.371253 0.772387
vt 0.371253 0.751121
vt 0.300164 0.772387
vt 0.300164 0.751121
vt 0.229074 0.772387
vt 0.229074 0.751121
vt 0.157985 0.772387
vt 0.157985 0.751121
vt 0.086896 0.805950
vt 0.015807 0.805950
vt 0.584520 0.805950
vt 0.513431 0.805950
vt 0.442342 0.805950
vt 0.371253 0.805950
vt 0.300164 0.805950
vt 0.229074 0.805950
vt 0.157985 0.805950
vt 0.086896 0.814624
vt 0.015807 0.814624
vt 0.584520 0.814624
vt 0.513431 0.814624
vt 0.442342 0.814624
vt 0.371252 0.814624
vt 0.300164 0.814624
vt 0.229075 0.814624
vt 0.157985 0.814624
vt 0.086896 0.837379
vt 0.015807 0.837379
vt 0.584520 0.837379
vt 0.513431 0.837379
vt 0.442342 0.837379
vt 0.371252 0.837379
vt 0.300164 0.837379
vt 0.229074 0.837379
vt 0.157985 0.837379
vt 0.086896 0.847218
vt 0.015807 0.847218
vt 0.584520 0.847218
vt 0.513431 0.847218
vt 0.442342 0.847218
vt 0.371253 0.847218
vt 0.300164 0.847218
vt 0.229074 0.847218
vt 0.157985 0.847218
vt 0.086896 0.876972
vt 0.015807 0.876972
vt 0.584520 0.876972
vt 0.513431 0.876972
vt 0.442342 0.876972
vt 0.371253 0.876972
vt 0.300164 0.876972
vt 0.229074 0.876972
vt 0.157985 0.876972
vt 0.086896 0.907350
vt 0.015807 0.907350
vt 0.584520 0.907350
vt 0.513431 0.907350
vt 0.442342 0.907350
vt 0.371253 0.907350
vt 0.300164 0.907350
vt 0.229074 0.907350
vt 0.157985 0.907350
vt 0.656001 0.905093
vt 0.733623 0.862569
vt 0.794159 0.876306
vt 0.794159 0.936444
vt 0.854694 0.862569
vt 0.932317 0.905093
vt 0.879769 0.829406
vt 0.989544 0.829406
vt 0.854694 0.796243
vt 0.932317 0.753720
vt 0.794159 0.782507
vt 0.794159 0.722369
vt 0.733623 0.796243
vt 0.656001 0.753720
vt 0.708549 0.829406
vt 0.598774 0.830643
vt 0.794159 0.829406
vt 0.658637 0.426416
vt 0.658633 0.458233
vt 0.059884 0.458191
vt 0.058630 0.426416
vt 0.058630 0.368004
vt 0.658637 0.368004
vt 0.058633 0.339583
vt 0.658633 0.339583
vt -0.330987 0.309436
vt -1.506255 0.309436
vt -1.506255 0.368957
vt -0.330986 0.368957
vt -1.506254 0.427403
vt -0.330986 0.427403
vt -1.506254 0.484741
vt -0.330986 0.484741
vt -0.330986 0.255351
vt -1.506254 0.255350
vt 1.959410 0.309436
vt 1.959409 0.255351
vt -0.330986 0.255351
vt 1.959408 0.368957
vt 1.959409 0.427403
vt -0.330986 0.484741
vt 1.959409 0.484741
vt -0.330986 0.368957
vt -0.330987 0.309436
vt 1.959410 0.309436
vt 1.959408 0.368957
vt -1.506255 0.368957
vt -1.506255 0.309436
vt -0.330986 0.427403
vt 1.959409 0.427403
vt -1.506254 0.427403
vt -0.330986 0.484741
vt 1.959409 0.484741
vt -0.330986 0.484741
vt -1.506254 0.484741
vt -0.330986 0.255351
vt 1.959409 0.255351
vt -0.330986 0.255351
vt -1.506254 0.255350
vt -0.799481 0.543165
vt 0.805580 0.543165
vt 0.805580 0.525281
vt -0.799481 0.525281
vt 0.805580 0.561049
vt -0.799481 0.561049
vt 1.608110 0.525281
vt 1.608110 0.543165
vt 1.608110 0.561049
vt -0.799481 0.578933
vt 0.805580 0.578933
vt 0.805580 0.596817
vt -0.799481 0.596817
vt 1.608110 0.578933
vt 1.608110 0.596817
vt -0.799481 0.614702
vt 0.805580 0.614702
vt 0.805580 0.632586
vt -0.799481 0.632586
vt 1.608110 0.614702
vt 1.608110 0.632586
vt -0.799481 0.650470
vt 0.805580 0.650470
vt -0.799481 0.668354
vt 0.805580 0.668354
vt 1.608110 0.650470
vt 1.608110 0.668354
vt -0.799481 0.543165
vt -0.799481 0.525281
vt 0.805580 0.525281
vt 0.805580 0.543165
vt -0.799481 0.561049
vt 0.805580 0.561049
vt 1.608110 0.525281
vt 1.608110 0.543165
vt 1.608110 0.561049
vt -0.799481 0.578933
vt 0.805580 0.578933
vt -0.799481 0.596817
vt 0.805580 0.596817
vt 1.608110 0.578933
vt 1.608110 0.596817
vt -0.799481 0.614702
vt 0.805580 0.614702
vt -0.799481 0.632586
vt 0.805580 0.632586
vt 1.608110 0.614702
vt 1.608110 0.632586
vt -0.799481 0.650470
vt 0.805580 0.650470
vt 0.805580 0.668354
vt -0.799481 0.668354
vt 1.608110 0.650470
vt 1.608110 0.668354
vt -0.168761 0.653685
vt 0.865151 0.653714
vt 0.865151 0.627905
vt -0.168762 0.627905
vt 0.865151 0.602096
vt -0.168762 0.602096
vt 0.865151 0.576288
vt -0.168762 0.576288
vt 0.865151 0.550479
vt -0.168762 0.550479
vt 0.865151 0.524670
vt -0.168762 0.524670
vt 0.865151 0.498861
vt -0.168762 0.498861
vt 0.865151 0.473052
vt -0.168762 0.473052
vt 0.865151 0.447243
vt -0.168761 0.447273
vt 0.086896 0.751121
vt 0.015807 0.751121
vt 0.015807 0.772387
vt 0.086896 0.772387
vt 0.584520 0.751121
vt 0.513431 0.751121
vt 0.513431 0.772387
vt 0.584520 0.772387
vt 0.442342 0.751121
vt 0.442342 0.772387
vt 0.371253 0.751121
vt 0.371253 0.772387
vt 0.300164 0.751121
vt 0.300164 0.772387
vt 0.229074 0.751121
vt 0.229074 0.772387
vt 0.157985 0.751121
vt 0.157985 0.772387
vt 0.015807 0.805950
vt 0.086896 0.805950
vt 0.513431 0.805950
vt 0.584520 0.805950
vt 0.442342 0.805950
vt 0.371253 0.805950
vt 0.300164 0.805950
vt 0.229074 0.805950
vt 0.157985 0.805950
vt 0.015807 0.814624
vt 0.086896 0.814624
vt 0.513431 0.814624
vt 0.584520 0.814624
vt 0.442342 0.814624
vt 0.371252 0.814624
vt 0.300164 0.814624
vt 0.229075 0.814624
vt 0.157985 0.814624
vt 0.015807 0.837379
vt 0.086896 0.837379
vt 0.513431 0.837379
vt 0.584520 0.837379
vt 0.442342 0.837379
vt 0.371252 0.837379
vt 0.300164 0.837379
vt 0.229074 0.837379
vt 0.157985 0.837379
vt 0.015807 0.847218
vt 0.086896 0.847218
vt 0.513431 0.847218
vt 0.584520 0.847218
vt 0.442342 0.847218
vt 0.371253 0.847218
vt 0.300164 0.847218
vt 0.229074 0.847218
vt 0.157985 0.847218
vt 0.015807 0.876972
vt 0.086896 0.876972
vt 0.513431 0.876972
vt 0.584520 0.876972
vt 0.442342 0.876972
vt 0.371253 0.876972
vt 0.300164 0.876972
vt 0.229074 0.876972
vt 0.157985 0.876972
vt 0.015807 0.907350
vt 0.086896 0.907350
vt 0.513431 0.907350
vt 0.584520 0.907350
vt 0.442342 0.907350
vt 0.371253 0.907350
vt 0.300164 0.907350
vt 0.229074 0.907350
vt 0.157985 0.907350
vt 0.656001 0.905093
vt 0.794159 0.936444
vt 0.794159 0.876306
vt 0.733623 0.862569
vt 0.932317 0.905093
vt 0.854694 0.862569
vt 0.989544 0.829406
vt 0.879769 0.829406
vt 0.932317 0.753720
vt 0.854694 0.796243
vt 0.794159 0.722369
vt 0.794159 0.782507
vt 0.656001 0.753720
vt 0.733623 0.796243
vt 0.598774 0.830643
vt 0.708549 0.829406
vt 0.794159 0.829406
vt -0.890054 0.366107
vt -0.890054 0.312066
vt 1.544726 0.312249
vt 1.544725 0.366424
vt -0.890053 0.430256
vt 1.544726 0.429908
vt -0.890053 0.484905
vt 1.544726 0.484553
vt -0.890053 0.252639
vt 1.544726 0.252639
vt 0.768244 0.324811
vt -0.055886 0.324780
vt -0.059650 0.344787
vt 0.770341 0.344772
vt -0.887725 0.314087
vt -0.891133 0.341964
vt 0.770817 0.368496
vt -0.059902 0.368501
vt -0.059847 0.427949
vt 0.770763 0.427949
vt -0.890892 0.367118
vt -0.890983 0.429401
vt 0.771190 0.451741
vt -0.060666 0.451741
vt -0.058811 0.484699
vt 0.769340 0.484699
vt -0.060829 0.451598
vt -0.890103 0.451854
vt -0.888024 0.484699
vt -0.062906 0.484698
vt 0.769652 0.253158
vt -0.059128 0.253110
vt -0.060043 0.255412
vt -0.890905 0.250890
vt 1.537269 0.314089
vt 1.539688 0.250866
vt 0.770857 0.255435
vt 1.523349 0.341922
vt 1.511127 0.429400
vt 1.511056 0.367124
vt 0.773244 0.484700
vt 1.537290 0.484698
vt 1.522547 0.451851
vt 0.771346 0.451600
vt 0.768288 0.324719
vt 0.770312 0.344867
vt -0.059659 0.344814
vt -0.055881 0.324768
vt -0.891133 0.341964
vt -0.887725 0.314087
vt 0.770788 0.368561
vt 0.770738 0.427897
vt -0.059848 0.427941
vt -0.059901 0.368502
vt -0.890983 0.429401
vt -0.890892 0.367118
vt 0.771188 0.451737
vt 0.769340 0.484699
vt -0.058811 0.484699
vt -0.060664 0.451746
vt -0.060829 0.451598
vt -0.062907 0.484698
vt -0.888024 0.484699
vt -0.890103 0.451854
vt 0.769661 0.253133
vt -0.059136 0.253136
vt -0.060043 0.255412
vt -0.890905 0.250890
vt 0.770867 0.255411
vt 1.545277 0.250891
vt 1.542874 0.314049
vt 1.528899 0.341962
vt 1.516597 0.367125
vt 1.516664 0.429386
vt 0.773257 0.484697
vt 0.771344 0.451596
vt 1.528109 0.451856
vt 1.542876 0.484701
vt -0.086210 0.368532
vt -0.086209 0.311236
vt 0.764563 0.311242
vt 0.764563 0.368532
vt 0.764563 0.425823
vt 0.764558 0.483080
vt -0.086207 0.483075
vt -0.086209 0.425829
vt -0.086207 0.253990
vt 0.764558 0.253985
vt -0.086210 0.368532
vt 0.764563 0.368532
vt 0.764563 0.311242
vt -0.086209 0.311236
vt 0.764563 0.425823
vt -0.086209 0.425829
vt -0.086207 0.483075
vt 0.764558 0.483080
vt 0.764558 0.253985
vt -0.086207 0.253990
vt -0.188989 0.130515
vt -0.188989 0.023960
vt 1.814352 0.023954
vt 1.814352 0.130527
vt 1.814352 0.148101
vt 1.814351 0.254560
vt -0.188989 0.254579
vt -0.188989 0.148116
vt -0.188989 0.006386
vt 1.814351 0.006428
vt -0.682181 0.130515
vt -0.682181 0.023960
vt 1.321159 0.023955
vt 1.321159 0.130528
vt 1.321159 0.148101
vt 1.321159 0.254560
vt -0.682181 0.254579
vt -0.682181 0.148116
vt -0.682181 0.006386
vt 1.321159 0.006428
vt -0.188989 0.130515
vt -0.188989 0.023960
vt 1.814352 0.023957
vt 1.814352 0.130530
vt 1.814352 0.148104
vt 1.814351 0.254560
vt -0.188989 0.254579
vt -0.188989 0.148116
vt -0.188989 0.006386
vt 1.814351 0.006429
vt -0.682181 0.130515
vt -0.682181 0.023960
vt 1.321159 0.023958
vt 1.321159 0.130531
vt 1.321159 0.148105
vt 1.321159 0.254561
vt -0.682181 0.254579
vt -0.682181 0.148116
vt -0.682181 0.006386
vt 1.321159 0.006429
vt -0.682181 0.130515
vt -0.682181 0.023960
vt 1.321159 0.023960
vt 1.321159 0.130533
vt 1.321159 0.148107
vt 1.321159 0.254561
vt -0.682181 0.254579
vt -0.682181 0.148116
vt -0.682181 0.006386
vt 1.321159 0.006429
vt -0.188989 0.130515
vt -0.188989 0.023960
vt 1.814352 0.023961
vt 1.814352 0.130534
vt 1.814352 0.148107
vt 1.814351 0.254561
vt -0.188989 0.254579
vt -0.188989 0.148116
vt -0.188989 0.006386
vt 1.814351 0.006428
vt -0.349713 0.254937
vt -0.349713 0.148382
vt 1.653627 0.148378
vt 1.653627 0.254919
vt 1.653627 0.024027
vt 1.653627 0.130477
vt -0.349713 0.130494
vt -0.349713 0.024031
vt -0.349713 0.130808
vt 1.653627 0.130850
vt -0.349713 0.006430
vt 1.653627 0.006471
vt -0.829393 0.254937
vt -0.829393 0.148382
vt 1.173947 0.148375
vt 1.173946 0.254919
vt 1.173947 0.024025
vt 1.173946 0.130476
vt -0.829393 0.130494
vt -0.829393 0.024031
vt -0.829393 0.130808
vt 1.173946 0.130850
vt -0.829393 0.006430
vt 1.173946 0.006472
vt -0.829393 0.254937
vt -0.829393 0.148382
vt 1.173947 0.148372
vt 1.173946 0.254918
vt 1.173947 0.024022
vt 1.173946 0.130476
vt -0.829393 0.130494
vt -0.829393 0.024031
vt -0.829393 0.130808
vt 1.173946 0.130850
vt -0.829393 0.006430
vt 1.173946 0.006472
vt -0.349713 0.254937
vt -0.349713 0.148382
vt 1.653627 0.148373
vt 1.653627 0.254919
vt 1.653627 0.024022
vt 1.653627 0.130476
vt -0.349713 0.130494
vt -0.349713 0.024031
vt -0.349713 0.130808
vt 1.653627 0.130850
vt -0.349713 0.006430
vt 1.653627 0.006472
vt -0.682181 0.130515
vt -0.682181 0.023960
vt 1.321159 0.023953
vt 1.321159 0.130524
vt 1.321159 0.146691
vt 1.321158 0.253149
vt -0.682180 0.253169
vt -0.682181 0.146706
vt -0.682181 0.006429
vt 1.321158 0.006471
vt -0.188989 0.130515
vt -0.188989 0.023960
vt 1.814351 0.023953
vt 1.814351 0.130523
vt 1.814350 0.145269
vt 1.814350 0.251724
vt -0.188987 0.251743
vt -0.188988 0.145282
vt -0.188988 0.006560
vt 1.814351 0.006601
vt -0.682181 0.130515
vt -0.682181 0.023960
vt 1.321158 0.023954
vt 1.321158 0.130520
vt 1.321158 0.143841
vt 1.321157 0.251716
vt -0.682180 0.251735
vt -0.682180 0.143853
vt -0.682180 0.006607
vt 1.321158 0.006649
vt -0.682181 0.130515
vt -0.682181 0.023960
vt 1.321158 0.023953
vt 1.321158 0.130518
vt 1.321158 0.142379
vt 1.321157 0.250260
vt -0.682180 0.250278
vt -0.682180 0.142390
vt -0.682180 0.006771
vt 1.321158 0.006812
vt -0.188989 0.130515
vt -0.188989 0.023960
vt 1.814351 0.023953
vt 1.814351 0.130519
vt 1.814350 0.142353
vt 1.814349 0.248798
vt -0.188987 0.248816
vt -0.188988 0.142363
vt -0.188987 0.006879
vt 1.814351 0.006919
vt -0.349713 0.254937
vt -0.349713 0.148382
vt 1.653627 0.148372
vt 1.653626 0.254917
vt 1.653626 0.018242
vt 1.653625 0.124681
vt -0.349711 0.124699
vt -0.349712 0.018247
vt -0.349712 0.131389
vt 1.653627 0.131430
vt -0.349713 0.006430
vt 1.653625 0.006459
vt -0.829393 0.254937
vt -0.829393 0.148382
vt 1.173946 0.148371
vt 1.173946 0.254918
vt 1.173946 0.019746
vt 1.173945 0.126193
vt -0.829391 0.126212
vt -0.829392 0.019753
vt -0.829392 0.131124
vt 1.173946 0.131165
vt -0.829393 0.006430
vt 1.173945 0.006462
vt -0.829393 0.254937
vt -0.829393 0.148382
vt 1.173947 0.148371
vt 1.173946 0.254918
vt 1.173946 0.021197
vt 1.173945 0.129064
vt -0.829392 0.129082
vt -0.829393 0.021207
vt -0.829393 0.130876
vt 1.173946 0.130917
vt -0.829393 0.006430
vt 1.173945 0.006464
vt -0.349713 0.254937
vt -0.349713 0.148382
vt 1.653627 0.148370
vt 1.653626 0.254918
vt 1.653626 0.021194
vt 1.653626 0.127646
vt -0.349712 0.127665
vt -0.349712 0.021203
vt -0.349712 0.130934
vt 1.653627 0.130974
vt -0.349713 0.006430
vt 1.653626 0.006465
vt 0.658640 0.425823
vt 0.058627 0.425823
vt 0.058627 0.457688
vt 0.658640 0.457687
vt 0.658640 0.368532
vt 0.058627 0.368532
vt 0.658640 0.340071
vt 0.058627 0.340071
vt -0.466687 0.699462
vt -0.466687 0.673769
vt 1.039430 0.673757
vt 1.039428 0.699505
vt -0.466688 0.647966
vt 1.039431 0.647958
vt -0.466688 0.622151
vt 1.039431 0.622149
vt -0.466688 0.596340
vt 1.039431 0.596340
vt -0.466688 0.570530
vt 1.039431 0.570532
vt -0.466688 0.544715
vt 1.039431 0.544723
vt -0.466687 0.518912
vt 1.039430 0.518924
vt -0.466687 0.493219
vt 1.039428 0.493176
vt -0.168761 0.653685
vt -0.168762 0.627905
vt 0.865151 0.627905
vt 0.865151 0.653714
vt -0.168762 0.602096
vt 0.865151 0.602096
vt -0.168762 0.576288
vt 0.865151 0.576288
vt -0.168762 0.550479
vt 0.865151 0.550479
vt -0.168762 0.524670
vt 0.865151 0.524670
vt -0.168762 0.498861
vt 0.865151 0.498861
vt -0.168762 0.473052
vt 0.865151 0.473052
vt -0.168761 0.447273
vt 0.865151 0.447243
vt 0.086896 0.751121
vt 0.086896 0.772387
vt 0.015807 0.772387
vt 0.015807 0.751121
vt 0.584520 0.751121
vt 0.584520 0.772387
vt 0.513431 0.772387
vt 0.513431 0.751121
vt 0.442342 0.772387
vt 0.442342 0.751121
vt 0.371253 0.772387
vt 0.371253 0.751121
vt 0.300164 0.772387
vt 0.300164 0.751121
vt 0.229074 0.772387
vt 0.229074 0.751121
vt 0.157985 0.772387
vt 0.157985 0.751121
vt 0.086896 0.805950
vt 0.015807 0.805950
vt 0.584520 0.805950
vt 0.513431 0.805950
vt 0.442342 0.805950
vt 0.371253 0.805950
vt 0.300164 0.805950
vt 0.229074 0.805950
vt 0.157985 0.805950
vt 0.086896 0.814624
vt 0.015807 0.814624
vt 0.584520 0.814624
vt 0.513431 0.814624
vt 0.442342 0.814624
vt 0.371252 0.814624
vt 0.300164 0.814624
vt 0.229075 0.814624
vt 0.157985 0.814624
vt 0.086896 0.837379
vt 0.015807 0.837379
vt 0.584520 0.837379
vt 0.513431 0.837379
vt 0.442342 0.837379
vt 0.371252 0.837379
vt 0.300164 0.837379
vt 0.229074 0.837379
vt 0.157985 0.837379
vt 0.086896 0.847218
vt 0.015807 0.847218
vt 0.584520 0.847218
vt 0.513431 0.847218
vt 0.442342 0.847218
vt 0.371253 0.847218
vt 0.300164 0.847218
vt 0.229074 0.847218
vt 0.157985 0.847218
vt 0.086896 0.876972
vt 0.015807 0.876972
vt 0.584520 0.876972
vt 0.513431 0.876972
vt 0.442342 0.876972
vt 0.371253 0.876972
vt 0.300164 0.876972
vt 0.229074 0.876972
vt 0.157985 0.876972
vt 0.086896 0.907350
vt 0.015807 0.907350
vt 0.584520 0.907350
vt 0.513431 0.907350
vt 0.442342 0.907350
vt 0.371253 0.907350
vt 0.300164 0.907350
vt 0.229074 0.907350
vt 0.157985 0.907350
vt 0.656001 0.905093
vt 0.733623 0.862569
vt 0.794159 0.876306
vt 0.794159 0.936444
vt 0.854694 0.862569
vt 0.932317 0.905093
vt 0.879769 0.829406
vt 0.989544 0.829406
vt 0.854694 0.796243
vt 0.932317 0.753720
vt 0.794159 0.782507
vt 0.794159 0.722369
vt 0.733623 0.796243
vt 0.656001 0.753720
vt 0.708549 0.829406
vt 0.598774 0.830643
vt 0.794159 0.829406
vt 0.086896 0.751121
vt 0.086896 0.772387
vt 0.015807 0.772387
vt 0.015807 0.751121
vt 0.584520 0.751121
vt 0.584520 0.772387
vt 0.513431 0.772387
vt 0.513431 0.751121
vt 0.442342 0.772387
vt 0.442342 0.751121
vt 0.371253 0.772387
vt 0.371253 0.751121
vt 0.300164 0.772387
vt 0.300164 0.751121
vt 0.229074 0.772387
vt 0.229074 0.751121
vt 0.157985 0.772387
vt 0.157985 0.751121
vt 0.086896 0.805950
vt 0.015807 0.805950
vt 0.584520 0.805950
vt 0.513431 0.805950
vt 0.442342 0.805950
vt 0.371253 0.805950
vt 0.300164 0.805950
vt 0.229074 0.805950
vt 0.157985 0.805950
vt 0.086896 0.814624
vt 0.015807 0.814624
vt 0.584520 0.814624
vt 0.513431 0.814624
vt 0.442342 0.814624
vt 0.371252 0.814624
vt 0.300164 0.814624
vt 0.229075 0.814624
vt 0.157985 0.814624
vt 0.086896 0.837379
vt 0.015807 0.837379
vt 0.584520 0.837379
vt 0.513431 0.837379
vt 0.442342 0.837379
vt 0.371252 0.837379
vt 0.300164 0.837379
vt 0.229074 0.837379
vt 0.157985 0.837379
vt 0.086896 0.847218
vt 0.015807 0.847218
vt 0.584520 0.847218
vt 0.513431 0.847218
vt 0.442342 0.847218
vt 0.371253 0.847218
vt 0.300164 0.847218
vt 0.229074 0.847218
vt 0.157985 0.847218
vt 0.086896 0.876972
vt 0.015807 0.876972
vt 0.584520 0.876972
vt 0.513431 0.876972
vt 0.442342 0.876972
vt 0.371253 0.876972
vt 0.300164 0.876972
vt 0.229074 0.876972
vt 0.157985 0.876972
vt 0.086896 0.907350
vt 0.015807 0.907350
vt 0.584520 0.907350
vt 0.513431 0.907350
vt 0.442342 0.907350
vt 0.371253 0.907350
vt 0.300164 0.907350
vt 0.229074 0.907350
vt 0.157985 0.907350
vt 0.656001 0.905093
vt 0.733623 0.862569
vt 0.794159 0.876306
vt 0.794159 0.936444
vt 0.854694 0.862569
vt 0.932317 0.905093
vt 0.879769 0.829406
vt 0.989544 0.829406
vt 0.854694 0.796243
vt 0.932317 0.753720
vt 0.794159 0.782507
vt 0.794159 0.722369
vt 0.733623 0.796243
vt 0.656001 0.753720
vt 0.708549 0.829406
vt 0.598774 0.830643
vt 0.794159 0.829406
vt 0.658637 0.426416
vt 0.658633 0.458233
vt 0.058633 0.458233
vt 0.058630 0.426416
vt 0.058630 0.368004
vt 0.658637 0.368004
vt 0.058633 0.339583
vt 0.658633 0.339583
vt -0.330987 0.309436
vt -1.506255 0.309436
vt -1.506255 0.368957
vt -0.330986 0.368957
vt -1.506254 0.427403
vt -0.330986 0.427403
vt -1.506254 0.484741
vt -0.330986 0.484741
vt -0.330986 0.255351
vt -1.506254 0.255350
vt 1.959410 0.309436
vt 1.959409 0.255351
vt -0.330986 0.255351
vt 1.959408 0.368957
vt 1.959409 0.427403
vt -0.330986 0.484741
vt 1.959409 0.484741
vt -0.330986 0.368957
vt -0.330987 0.309436
vt 1.959410 0.309436
vt 1.959408 0.368957
vt -1.506255 0.368957
vt -1.506255 0.309436
vt -0.330986 0.427403
vt 1.959409 0.427403
vt -1.506254 0.427403
vt -0.330986 0.484741
vt 1.959409 0.484741
vt -0.330986 0.484741
vt -1.506254 0.484741
vt -0.330986 0.255351
vt 1.959409 0.255351
vt -0.330986 0.255351
vt -1.506254 0.255350
vt -0.799481 0.543165
vt 0.805580 0.543165
vt 0.805580 0.525281
vt -0.799481 0.525281
vt 0.805580 0.561049
vt -0.799481 0.561049
vt 1.608110 0.525281
vt 1.608110 0.543165
vt 1.608110 0.561049
vt -0.799481 0.578933
vt 0.805580 0.578933
vt 0.805580 0.596817
vt -0.799481 0.596817
vt 1.608110 0.578933
vt 1.608110 0.596817
vt -0.799481 0.614702
vt 0.805580 0.614702
vt 0.805580 0.632586
vt -0.799481 0.632586
vt 1.608110 0.614702
vt 1.608110 0.632586
vt -0.799481 0.650470
vt 0.805580 0.650470
vt -0.799481 0.668354
vt 0.805580 0.668354
vt 1.608110 0.650470
vt 1.608110 0.668354
vt -0.799481 0.543165
vt -0.799481 0.525281
vt 0.805580 0.525281
vt 0.805580 0.543165
vt -0.799481 0.561049
vt 0.805580 0.561049
vt 1.608110 0.525281
vt 1.608110 0.543165
vt 1.608110 0.561049
vt -0.799481 0.578933
vt 0.805580 0.578933
vt -0.799481 0.596817
vt 0.805580 0.596817
vt 1.608110 0.578933
vt 1.608110 0.596817
vt -0.799481 0.614702
vt 0.805580 0.614702
vt -0.799481 0.632586
vt 0.805580 0.632586
vt 1.608110 0.614702
vt 1.608110 0.632586
vt -0.799481 0.650470
vt 0.805580 0.650470
vt 0.805580 0.668354
vt -0.799481 0.668354
vt 1.608110 0.650470
vt 1.608110 0.668354
vt -0.168761 0.653685
vt 0.865151 0.653714
vt 0.865151 0.627905
vt -0.168762 0.627905
vt 0.865151 0.602096
vt -0.168762 0.602096
vt 0.865151 0.576288
vt -0.168762 0.576288
vt 0.865151 0.550479
vt -0.168762 0.550479
vt 0.865151 0.524670
vt -0.168762 0.524670
vt 0.865151 0.498861
vt -0.168762 0.498861
vt 0.865151 0.473052
vt -0.168762 0.473052
vt 0.865151 0.447243
vt -0.168761 0.447273
vt 0.086896 0.751121
vt 0.015807 0.751121
vt 0.015807 0.772387
vt 0.086896 0.772387
vt 0.584520 0.751121
vt 0.513431 0.751121
vt 0.513431 0.772387
vt 0.584520 0.772387
vt 0.442342 0.751121
vt 0.442342 0.772387
vt 0.371253 0.751121
vt 0.371253 0.772387
vt 0.300164 0.751121
vt 0.300164 0.772387
vt 0.229074 0.751121
vt 0.229074 0.772387
vt 0.157985 0.751121
vt 0.157985 0.772387
vt 0.015807 0.805950
vt 0.086896 0.805950
vt 0.513431 0.805950
vt 0.584520 0.805950
vt 0.442342 0.805950
vt 0.371253 0.805950
vt 0.300164 0.805950
vt 0.229074 0.805950
vt 0.157985 0.805950
vt 0.015807 0.814624
vt 0.086896 0.814624
vt 0.513431 0.814624
vt 0.584520 0.814624
vt 0.442342 0.814624
vt 0.371252 0.814624
vt 0.300164 0.814624
vt 0.229075 0.814624
vt 0.157985 0.814624
vt 0.015807 0.837379
vt 0.086896 0.837379
vt 0.513431 0.837379
vt 0.584520 0.837379
vt 0.442342 0.837379
vt 0.371252 0.837379
vt 0.300164 0.837379
vt 0.229074 0.837379
vt 0.157985 0.837379
vt 0.015807 0.847218
vt 0.086896 0.847218
vt 0.513431 0.847218
vt 0.584520 0.847218
vt 0.442342 0.847218
vt 0.371253 0.847218
vt 0.300164 0.847218
vt 0.229074 0.847218
vt 0.157985 0.847218
vt 0.015807 0.876972
vt 0.086896 0.876972
vt 0.513431 0.876972
vt 0.584520 0.876972
vt 0.442342 0.876972
vt 0.371253 0.876972
vt 0.300164 0.876972
vt 0.229074 0.876972
vt 0.157985 0.876972
vt 0.015807 0.907350
vt 0.086896 0.907350
vt 0.513431 0.907350
vt 0.584520 0.907350
vt 0.442342 0.907350
vt 0.371253 0.907350
vt 0.300164 0.907350
vt 0.229074 0.907350
vt 0.157985 0.907350
vt 0.656001 0.905093
vt 0.794159 0.936444
vt 0.794159 0.876306
vt 0.733623 0.862569
vt 0.932317 0.905093
vt 0.854694 0.862569
vt 0.989544 0.829406
vt 0.879769 0.829406
vt 0.932317 0.753720
vt 0.854694 0.796243
vt 0.794159 0.722369
vt 0.794159 0.782507
vt 0.656001 0.753720
vt 0.733623 0.796243
vt 0.598774 0.830643
vt 0.708549 0.829406
vt 0.794159 0.829406
vt -0.890054 0.366107
vt -0.890054 0.312066
vt 1.544726 0.312249
vt 1.544726 0.365925
vt -0.890053 0.430256
vt 1.544726 0.430432
vt -0.890053 0.484905
vt 1.544726 0.484553
vt -0.890053 0.252639
vt 1.544726 0.252639
vt 0.768244 0.324811
vt -0.055886 0.324780
vt -0.059650 0.344787
vt 0.770341 0.344772
vt -0.887725 0.314087
vt -0.891133 0.341964
vt 0.770817 0.368496
vt -0.059902 0.368501
vt -0.059847 0.427949
vt 0.770763 0.427949
vt -0.890892 0.367118
vt -0.890983 0.429401
vt 0.771190 0.451741
vt -0.060666 0.451741
vt -0.058811 0.484699
vt 0.769340 0.484699
vt -0.060829 0.451598
vt -0.890103 0.451854
vt -0.888024 0.484699
vt -0.062906 0.484698
vt 0.769652 0.253158
vt -0.059128 0.253110
vt -0.060043 0.255412
vt -0.890905 0.250890
vt 1.537269 0.314089
vt 1.539688 0.250866
vt 0.770857 0.255435
vt 1.523349 0.341922
vt 1.511127 0.429400
vt 1.511056 0.367124
vt 0.773244 0.484700
vt 1.537290 0.484698
vt 1.522547 0.451851
vt 0.771346 0.451600
vt 0.768288 0.324719
vt 0.770312 0.344867
vt -0.059659 0.344814
vt -0.055881 0.324768
vt -0.891133 0.341964
vt -0.887725 0.314087
vt 0.770788 0.368561
vt 0.770738 0.427897
vt -0.059848 0.427941
vt -0.059901 0.368502
vt -0.890983 0.429401
vt -0.890892 0.367118
vt 0.771188 0.451737
vt 0.769340 0.484699
vt -0.058811 0.484699
vt -0.060664 0.451746
vt -0.060829 0.451598
vt -0.062907 0.484698
vt -0.888024 0.484699
vt -0.890103 0.451854
vt 0.769661 0.253133
vt -0.059136 0.253136
vt -0.060043 0.255412
vt -0.890905 0.250890
vt 0.770867 0.255411
vt 1.545277 0.250891
vt 1.542874 0.314049
vt 1.528899 0.341962
vt 1.516597 0.367125
vt 1.516664 0.429386
vt 0.773257 0.484697
vt 0.771344 0.451596
vt 1.528109 0.451856
vt 1.542876 0.484701
vt -0.086210 0.368532
vt -0.086209 0.311236
vt 0.764563 0.311242
vt 0.764563 0.368532
vt 0.764563 0.425823
vt 0.764558 0.483080
vt -0.086207 0.483075
vt -0.086209 0.425829
vt -0.086207 0.253990
vt 0.764558 0.253985
vt -0.086210 0.368532
vt 0.764563 0.368532
vt 0.764563 0.311242
vt -0.086209 0.311236
vt 0.764563 0.425823
vt -0.086209 0.425829
vt -0.086207 0.483075
vt 0.764558 0.483080
vt 0.764558 0.253985
vt -0.086207 0.253990
vt 0.658640 0.425823
vt 0.658640 0.457687
vt 0.058627 0.457688
vt 0.058627 0.425823
vt 0.058627 0.368532
vt 0.658640 0.368532
vt 0.058627 0.340071
vt 0.658640 0.340071
vt -0.077670 0.699576
vt -0.077670 0.673767
vt 0.865151 0.673767
vt 0.865151 0.699576
vt -0.077670 0.647958
vt 0.865151 0.647958
vt -0.077670 0.622149
vt 0.865151 0.622149
vt -0.077670 0.596340
vt 0.865151 0.596340
vt -0.077670 0.570532
vt 0.865151 0.570532
vt -0.077670 0.544723
vt 0.865151 0.544723
vt -0.077670 0.518914
vt 0.865151 0.518914
vt -0.077670 0.493105
vt 0.865151 0.493105
vt 0.848684 0.309436
vt -0.330987 0.309436
vt -0.330986 0.368957
vt 0.848684 0.368957
vt -1.506255 0.309436
vt -1.506255 0.368957
vt -0.330986 0.427403
vt 0.848684 0.427403
vt -1.506254 0.427403
vt -0.330986 0.484741
vt 0.848684 0.484741
vt -1.506254 0.484741
vt -0.330986 0.484741
vt 0.848684 0.255351
vt -0.330986 0.255351
vt -0.330986 0.255351
vt -1.506254 0.255350
vt 1.959410 0.309436
vt 1.959409 0.255351
vt 0.848684 0.255351
vt 1.959408 0.368957
vt 1.959409 0.427403
vt 0.848684 0.484741
vt 1.959409 0.484741
vt 0.003050 0.525281
vt 0.003050 0.543165
vt -0.799481 0.543165
vt -0.799481 0.525281
vt -0.799481 0.561049
vt 0.003049 0.561049
vt 0.805580 0.525281
vt 0.805580 0.543165
vt 0.805580 0.561049
vt 1.608110 0.525281
vt 1.608110 0.543165
vt 1.608110 0.561049
vt 0.003050 0.578933
vt -0.799481 0.578933
vt -0.799481 0.596817
vt 0.003049 0.596817
vt 0.805580 0.578933
vt 0.805580 0.596817
vt 1.608110 0.578933
vt 1.608110 0.596817
vt 0.003050 0.614702
vt -0.799481 0.614702
vt -0.799481 0.632586
vt 0.003049 0.632586
vt 0.805580 0.614702
vt 0.805580 0.632586
vt 1.608110 0.614702
vt 1.608110 0.632586
vt 0.003050 0.650470
vt -0.799481 0.650470
vt 0.003050 0.668354
vt -0.799481 0.668354
vt 0.805580 0.650470
vt 0.805580 0.668354
vt 1.608110 0.650470
vt 1.608110 0.668354
vt 0.058627 0.368532
vt 0.058627 0.311242
vt 0.658640 0.311242
vt 0.658640 0.368532
vt 0.658640 0.425823
vt 0.658640 0.483113
vt 0.058627 0.483113
vt 0.058627 0.425823
vt 0.058627 0.253952
vt 0.658640 0.253952
vt -0.077670 0.653714
vt -0.077670 0.627905
vt 0.865151 0.627905
vt 0.865151 0.653714
vt -0.077670 0.602096
vt 0.865151 0.602096
vt -0.077670 0.576288
vt 0.865151 0.576288
vt -0.077670 0.550479
vt 0.865151 0.550479
vt -0.077670 0.524670
vt 0.865151 0.524670
vt -0.077670 0.498861
vt 0.865151 0.498861
vt -0.077670 0.473052
vt 0.865151 0.473052
vt -0.077670 0.447243
vt 0.865151 0.447243
vt 0.086896 0.751121
vt 0.086896 0.772387
vt 0.015807 0.772387
vt 0.015807 0.751121
vt 0.584520 0.751121
vt 0.584520 0.772387
vt 0.513431 0.772387
vt 0.513431 0.751121
vt 0.442342 0.772387
vt 0.442342 0.751121
vt 0.371253 0.772387
vt 0.371253 0.751121
vt 0.300164 0.772387
vt 0.300164 0.751121
vt 0.229074 0.772387
vt 0.229074 0.751121
vt 0.157985 0.772387
vt 0.157985 0.751121
vt 0.086896 0.805950
vt 0.015807 0.805950
vt 0.584520 0.805950
vt 0.513431 0.805950
vt 0.442342 0.805950
vt 0.371253 0.805950
vt 0.300164 0.805950
vt 0.229074 0.805950
vt 0.157985 0.805950
vt 0.086896 0.814624
vt 0.015807 0.814624
vt 0.584520 0.814624
vt 0.513431 0.814624
vt 0.442342 0.814624
vt 0.371252 0.814624
vt 0.300164 0.814624
vt 0.229075 0.814624
vt 0.157985 0.814624
vt 0.086896 0.837379
vt 0.015807 0.837379
vt 0.584520 0.837379
vt 0.513431 0.837379
vt 0.442342 0.837379
vt 0.371252 0.837379
vt 0.300164 0.837379
vt 0.229074 0.837379
vt 0.157985 0.837379
vt 0.086896 0.847218
vt 0.015807 0.847218
vt 0.584520 0.847218
vt 0.513431 0.847218
vt 0.442342 0.847218
vt 0.371253 0.847218
vt 0.300164 0.847218
vt 0.229074 0.847218
vt 0.157985 0.847218
vt 0.086896 0.876972
vt 0.015807 0.876972
vt 0.584520 0.876972
vt 0.513431 0.876972
vt 0.442342 0.876972
vt 0.371253 0.876972
vt 0.300164 0.876972
vt 0.229074 0.876972
vt 0.157985 0.876972
vt 0.086896 0.907350
vt 0.015807 0.907350
vt 0.584520 0.907350
vt 0.513431 0.907350
vt 0.442342 0.907350
vt 0.371253 0.907350
vt 0.300164 0.907350
vt 0.229074 0.907350
vt 0.157985 0.907350
vt 0.656001 0.905093
vt 0.733623 0.862569
vt 0.794159 0.876306
vt 0.794159 0.936444
vt 0.854694 0.862569
vt 0.932317 0.905093
vt 0.879769 0.829406
vt 0.989544 0.829406
vt 0.854694 0.796243
vt 0.932317 0.753720
vt 0.794159 0.782507
vt 0.794159 0.722369
vt 0.733623 0.796243
vt 0.656001 0.753720
vt 0.708549 0.829406
vt 0.598774 0.830643
vt 0.794159 0.829406
vt 0.086896 0.751121
vt 0.086896 0.772387
vt 0.015807 0.772387
vt 0.015807 0.751121
vt 0.584520 0.751121
vt 0.584520 0.772387
vt 0.513431 0.772387
vt 0.513431 0.751121
vt 0.442342 0.772387
vt 0.442342 0.751121
vt 0.371253 0.772387
vt 0.371253 0.751121
vt 0.300164 0.772387
vt 0.300164 0.751121
vt 0.229074 0.772387
vt 0.229074 0.751121
vt 0.157985 0.772387
vt 0.157985 0.751121
vt 0.086896 0.805950
vt 0.015807 0.805950
vt 0.584520 0.805950
vt 0.513431 0.805950
vt 0.442342 0.805950
vt 0.371253 0.805950
vt 0.300164 0.805950
vt 0.229074 0.805950
vt 0.157985 0.805950
vt 0.086896 0.814624
vt 0.015807 0.814624
vt 0.584520 0.814624
vt 0.513431 0.814624
vt 0.442342 0.814624
vt 0.371252 0.814624
vt 0.300164 0.814624
vt 0.229075 0.814624
vt 0.157985 0.814624
vt 0.086896 0.837379
vt 0.015807 0.837379
vt 0.584520 0.837379
vt 0.513431 0.837379
vt 0.442342 0.837379
vt 0.371252 0.837379
vt 0.300164 0.837379
vt 0.229074 0.837379
vt 0.157985 0.837379
vt 0.086896 0.847218
vt 0.015807 0.847218
vt 0.584520 0.847218
vt 0.513431 0.847218
vt 0.442342 0.847218
vt 0.371253 0.847218
vt 0.300164 0.847218
vt 0.229074 0.847218
vt 0.157985 0.847218
vt 0.086896 0.876972
vt 0.015807 0.876972
vt 0.584520 0.876972
vt 0.513431 0.876972
vt 0.442342 0.876972
vt 0.371253 0.876972
vt 0.300164 0.876972
vt 0.229074 0.876972
vt 0.157985 0.876972
vt 0.086896 0.907350
vt 0.015807 0.907350
vt 0.584520 0.907350
vt 0.513431 0.907350
vt 0.442342 0.907350
vt 0.371253 0.907350
vt 0.300164 0.907350
vt 0.229074 0.907350
vt 0.157985 0.907350
vt 0.656001 0.905093
vt 0.733623 0.862569
vt 0.794159 0.876306
vt 0.794159 0.936444
vt 0.854694 0.862569
vt 0.932317 0.905093
vt 0.879769 0.829406
vt 0.989544 0.829406
vt 0.854694 0.796243
vt 0.932317 0.753720
vt 0.794159 0.782507
vt 0.794159 0.722369
vt 0.733623 0.796243
vt 0.656001 0.753720
vt 0.708549 0.829406
vt 0.598774 0.830643
vt 0.794159 0.829406
vt 0.771406 0.309436
vt -0.060877 0.309436
vt -0.060877 0.368957
vt 0.771406 0.368957
vt -0.890054 0.309436
vt -0.890054 0.368957
vt -0.060877 0.427404
vt 0.771406 0.427403
vt -0.890054 0.427403
vt -0.060877 0.484741
vt 0.771406 0.484741
vt -0.890053 0.484741
vt -0.060877 0.484741
vt 0.771406 0.255351
vt -0.060877 0.255351
vt -0.060877 0.255351
vt -0.890053 0.255350
vt -1.283352 0.310627
vt -0.936764 0.310627
vt -0.936764 0.368825
vt -1.283352 0.368825
vt 1.687571 0.309436
vt 1.687570 0.255351
vt 0.771406 0.255351
vt 1.687569 0.368957
vt 1.687570 0.427404
vt 0.771406 0.484741
vt 1.687570 0.484741
vt 0.771406 0.309436
vt -0.060877 0.309436
vt -0.060877 0.343923
vt 0.771406 0.343923
vt -0.890054 0.309436
vt -0.890054 0.343923
vt 0.771406 0.368957
vt -0.060877 0.368957
vt -0.060877 0.427404
vt 0.771406 0.427403
vt -0.890054 0.368957
vt -0.890054 0.427403
vt 0.771406 0.451519
vt -0.060877 0.451519
vt -0.060877 0.484741
vt 0.771406 0.484741
vt -0.060877 0.451519
vt -0.890053 0.451519
vt -0.890053 0.484741
vt -0.060877 0.484741
vt 0.771406 0.255351
vt -0.060877 0.255351
vt -0.060877 0.255351
vt -0.890053 0.255350
vt -1.283352 0.310627
vt -0.936764 0.310627
vt -0.936764 0.344347
vt -1.283352 0.344347
vt 1.687571 0.309436
vt 1.687570 0.255351
vt 0.771406 0.255351
vt 1.687570 0.343923
vt 1.687570 0.427404
vt 1.687569 0.368957
vt 0.771406 0.484741
vt 1.687570 0.484741
vt 1.687570 0.451519
vt 0.771406 0.451519
vt -0.936764 0.368825
vt -1.283352 0.368825
vt -0.077670 0.699576
vt -0.077670 0.673767
vt 0.865151 0.673767
vt 0.865151 0.699576
vt -0.077670 0.647958
vt 0.865151 0.647958
vt -0.077670 0.622149
vt 0.865151 0.622149
vt -0.077670 0.596340
vt 0.865151 0.596340
vt -0.077670 0.570532
vt 0.865151 0.570532
vt -0.077670 0.544723
vt 0.865151 0.544723
vt -0.077670 0.518914
vt 0.865151 0.518914
vt -0.077670 0.493105
vt 0.865151 0.493105
vt 0.848684 0.430656
vt -0.330987 0.430656
vt -0.330986 0.371135
vt 0.848684 0.371135
vt -1.506255 0.430656
vt -1.506255 0.371135
vt -0.330986 0.312688
vt 0.848684 0.312688
vt -1.506254 0.312688
vt -0.330986 0.255351
vt 0.848684 0.255350
vt -1.506254 0.255350
vt -0.330986 0.255351
vt 0.848684 0.484741
vt -0.330986 0.484741
vt -0.330986 0.484741
vt -1.506254 0.484741
vt 1.959410 0.430656
vt 1.959409 0.484741
vt 0.848684 0.484741
vt 1.959408 0.371134
vt 1.959409 0.312688
vt 0.848684 0.255350
vt 1.959409 0.255350
vt 0.003050 0.668354
vt 0.003050 0.650470
vt -0.799481 0.650470
vt -0.799481 0.668354
vt -0.799481 0.632586
vt 0.003049 0.632586
vt 0.805580 0.668354
vt 0.805580 0.650470
vt 0.805580 0.632586
vt 1.608110 0.668354
vt 1.608110 0.650470
vt 1.608110 0.632586
vt 0.003050 0.614702
vt -0.799481 0.614702
vt -0.799481 0.596817
vt 0.003049 0.596817
vt 0.805580 0.614702
vt 0.805580 0.596817
vt 1.608110 0.614702
vt 1.608110 0.596817
vt 0.003050 0.578933
vt -0.799481 0.578933
vt -0.799481 0.561049
vt 0.003049 0.561049
vt 0.805580 0.578933
vt 0.805580 0.561049
vt 1.608110 0.578933
vt 1.608110 0.561049
vt 0.003050 0.543165
vt -0.799481 0.543165
vt 0.003050 0.525281
vt -0.799481 0.525281
vt 0.805580 0.543165
vt 0.805580 0.525281
vt 1.608110 0.543165
vt 1.608110 0.525281
vt 0.058627 0.368532
vt 0.058627 0.311242
vt 0.658640 0.311242
vt 0.658640 0.368532
vt 0.658640 0.425823
vt 0.658640 0.483113
vt 0.058627 0.483113
vt 0.058627 0.425823
vt 0.058627 0.253952
vt 0.658640 0.253952
vt -0.077670 0.653714
vt -0.077670 0.627905
vt 0.865151 0.627905
vt 0.865151 0.653714
vt -0.077670 0.602096
vt 0.865151 0.602096
vt -0.077670 0.576288
vt 0.865151 0.576288
vt -0.077670 0.550479
vt 0.865151 0.550479
vt -0.077670 0.524670
vt 0.865151 0.524670
vt -0.077670 0.498861
vt 0.865151 0.498861
vt -0.077670 0.473052
vt 0.865151 0.473052
vt -0.077670 0.447243
vt 0.865151 0.447243
vt 0.086896 0.751121
vt 0.086896 0.772387
vt 0.015807 0.772387
vt 0.015807 0.751121
vt 0.584520 0.751121
vt 0.584520 0.772387
vt 0.513431 0.772387
vt 0.513431 0.751121
vt 0.442342 0.772387
vt 0.442342 0.751121
vt 0.371253 0.772387
vt 0.371253 0.751121
vt 0.300164 0.772387
vt 0.300164 0.751121
vt 0.229074 0.772387
vt 0.229074 0.751121
vt 0.157985 0.772387
vt 0.157985 0.751121
vt 0.086896 0.805950
vt 0.015807 0.805950
vt 0.584520 0.805950
vt 0.513431 0.805950
vt 0.442342 0.805950
vt 0.371253 0.805950
vt 0.300164 0.805950
vt 0.229074 0.805950
vt 0.157985 0.805950
vt 0.086896 0.814624
vt 0.015807 0.814624
vt 0.584520 0.814624
vt 0.513431 0.814624
vt 0.442342 0.814624
vt 0.371252 0.814624
vt 0.300164 0.814624
vt 0.229075 0.814624
vt 0.157985 0.814624
vt 0.086896 0.837379
vt 0.015807 0.837379
vt 0.584520 0.837379
vt 0.513431 0.837379
vt 0.442342 0.837379
vt 0.371252 0.837379
vt 0.300164 0.837379
vt 0.229074 0.837379
vt 0.157985 0.837379
vt 0.086896 0.847218
vt 0.015807 0.847218
vt 0.584520 0.847218
vt 0.513431 0.847218
vt 0.442342 0.847218
vt 0.371253 0.847218
vt 0.300164 0.847218
vt 0.229074 0.847218
vt 0.157985 0.847218
vt 0.086896 0.876972
vt 0.015807 0.876972
vt 0.584520 0.876972
vt 0.513431 0.876972
vt 0.442342 0.876972
vt 0.371253 0.876972
vt 0.300164 0.876972
vt 0.229074 0.876972
vt 0.157985 0.876972
vt 0.086896 0.907350
vt 0.015807 0.907350
vt 0.584520 0.907350
vt 0.513431 0.907350
vt 0.442342 0.907350
vt 0.371253 0.907350
vt 0.300164 0.907350
vt 0.229074 0.907350
vt 0.157985 0.907350
vt 0.656001 0.905093
vt 0.733623 0.862569
vt 0.794159 0.876306
vt 0.794159 0.936444
vt 0.854694 0.862569
vt 0.932317 0.905093
vt 0.879769 0.829406
vt 0.989544 0.829406
vt 0.854694 0.796243
vt 0.932317 0.753720
vt 0.794159 0.782507
vt 0.794159 0.722369
vt 0.733623 0.796243
vt 0.656001 0.753720
vt 0.708549 0.829406
vt 0.598774 0.830643
vt 0.794159 0.829406
vt 0.086896 0.751121
vt 0.086896 0.772387
vt 0.015807 0.772387
vt 0.015807 0.751121
vt 0.584520 0.751121
vt 0.584520 0.772387
vt 0.513431 0.772387
vt 0.513431 0.751121
vt 0.442342 0.772387
vt 0.442342 0.751121
vt 0.371253 0.772387
vt 0.371253 0.751121
vt 0.300164 0.772387
vt 0.300164 0.751121
vt 0.229074 0.772387
vt 0.229074 0.751121
vt 0.157985 0.772387
vt 0.157985 0.751121
vt 0.086896 0.805950
vt 0.015807 0.805950
vt 0.584520 0.805950
vt 0.513431 0.805950
vt 0.442342 0.805950
vt 0.371253 0.805950
vt 0.300164 0.805950
vt 0.229074 0.805950
vt 0.157985 0.805950
vt 0.086896 0.814624
vt 0.015807 0.814624
vt 0.584520 0.814624
vt 0.513431 0.814624
vt 0.442342 0.814624
vt 0.371252 0.814624
vt 0.300164 0.814624
vt 0.229075 0.814624
vt 0.157985 0.814624
vt 0.086896 0.837379
vt 0.015807 0.837379
vt 0.584520 0.837379
vt 0.513431 0.837379
vt 0.442342 0.837379
vt 0.371252 0.837379
vt 0.300164 0.837379
vt 0.229074 0.837379
vt 0.157985 0.837379
vt 0.086896 0.847218
vt 0.015807 0.847218
vt 0.584520 0.847218
vt 0.513431 0.847218
vt 0.442342 0.847218
vt 0.371253 0.847218
vt 0.300164 0.847218
vt 0.229074 0.847218
vt 0.157985 0.847218
vt 0.086896 0.876972
vt 0.015807 0.876972
vt 0.584520 0.876972
vt 0.513431 0.876972
vt 0.442342 0.876972
vt 0.371253 0.876972
vt 0.300164 0.876972
vt 0.229074 0.876972
vt 0.157985 0.876972
vt 0.086896 0.907350
vt 0.015807 0.907350
vt 0.584520 0.907350
vt 0.513431 0.907350
vt 0.442342 0.907350
vt 0.371253 0.907350
vt 0.300164 0.907350
vt 0.229074 0.907350
vt 0.157985 0.907350
vt 0.656001 0.905093
vt 0.733623 0.862569
vt 0.794159 0.876306
vt 0.794159 0.936444
vt 0.854694 0.862569
vt 0.932317 0.905093
vt 0.879769 0.829406
vt 0.989544 0.829406
vt 0.854694 0.796243
vt 0.932317 0.753720
vt 0.794159 0.782507
vt 0.794159 0.722369
vt 0.733623 0.796243
vt 0.656001 0.753720
vt 0.708549 0.829406
vt 0.598774 0.830643
vt 0.794159 0.829406
vt 0.658640 0.425823
vt 0.658640 0.457687
vt 0.058627 0.457688
vt 0.058627 0.425823
vt 0.058627 0.368532
vt 0.658640 0.368532
vt 0.058627 0.340071
vt 0.658640 0.340071
vt 0.771406 0.430656
vt -0.060877 0.430656
vt -0.060877 0.371135
vt 0.771406 0.371135
vt -0.890054 0.430656
vt -0.890054 0.371135
vt -0.060877 0.312688
vt 0.771406 0.312688
vt -0.890054 0.312688
vt -0.060877 0.255351
vt 0.771406 0.255351
vt -0.890053 0.255351
vt -0.060877 0.255351
vt 0.771406 0.484741
vt -0.060877 0.484741
vt -0.060877 0.484741
vt -0.890053 0.484741
vt -1.283352 0.429465
vt -0.936764 0.429465
vt -0.936764 0.371267
vt -1.283352 0.371267
vt 1.687571 0.430656
vt 1.687570 0.484741
vt 0.771406 0.484741
vt 1.687569 0.371135
vt 1.687570 0.312688
vt 0.771406 0.255351
vt 1.687570 0.255350
vt 0.771406 0.430656
vt -0.060877 0.430656
vt -0.060877 0.396169
vt 0.771406 0.396169
vt -0.890054 0.430656
vt -0.890054 0.396169
vt 0.771406 0.371135
vt -0.060877 0.371135
vt -0.060877 0.312688
vt 0.771406 0.312688
vt -0.890054 0.371135
vt -0.890054 0.312688
vt 0.771406 0.288572
vt -0.060877 0.288572
vt -0.060877 0.255351
vt 0.771406 0.255351
vt -0.060877 0.288572
vt -0.890053 0.288572
vt -0.890053 0.255351
vt -0.060877 0.255351
vt 0.771406 0.484741
vt -0.060877 0.484741
vt -0.060877 0.484741
vt -0.890053 0.484741
vt -1.283352 0.429465
vt -0.936764 0.429465
vt -0.936764 0.395745
vt -1.283352 0.395745
vt 1.687571 0.430656
vt 1.687570 0.484741
vt 0.771406 0.484741
vt 1.687570 0.396169
vt 1.687570 0.312688
vt 1.687569 0.371135
vt 0.771406 0.255351
vt 1.687570 0.255350
vt 1.687570 0.288572
vt 0.771406 0.288572
vt -0.936764 0.371267
vt -1.283352 0.371267
vt 0.498523 0.130515
vt 0.498523 0.023960
vt 1.126839 0.023954
vt 1.126839 0.130527
vt 1.126839 0.148100
vt 1.126838 0.254559
vt 0.498523 0.254579
vt 0.498523 0.148116
vt 0.498523 0.006386
vt 1.126839 0.006429
vt 0.005331 0.130515
vt 0.005331 0.023960
vt 0.633647 0.023954
vt 0.633647 0.130527
vt 0.633647 0.148100
vt 0.633646 0.254559
vt 0.005331 0.254579
vt 0.005331 0.148116
vt 0.005331 0.006386
vt 0.633646 0.006429
vt 0.005331 0.130515
vt 0.005331 0.023960
vt 0.633647 0.023954
vt 0.633647 0.130527
vt 0.633647 0.148100
vt 0.633646 0.254559
vt 0.005331 0.254579
vt 0.005331 0.148116
vt 0.005331 0.006386
vt 0.633646 0.006429
vt 0.498523 0.130515
vt 0.498523 0.023960
vt 1.126839 0.023954
vt 1.126839 0.130527
vt 1.126839 0.148100
vt 1.126838 0.254559
vt 0.498523 0.254579
vt 0.498523 0.148116
vt 0.498523 0.006386
vt 1.126839 0.006429
vt 0.337801 0.254605
vt 0.337801 0.148685
vt 0.966112 0.148673
vt 0.966111 0.254586
vt 0.966112 0.024329
vt 0.966111 0.130137
vt 0.337802 0.130156
vt 0.337801 0.024340
vt 0.337802 0.130890
vt 0.966112 0.130933
vt 0.337801 0.006535
vt 0.966111 0.006578
vt -0.141881 0.254937
vt -0.141881 0.148382
vt 0.486435 0.148370
vt 0.486434 0.254918
vt 0.486435 0.024020
vt 0.486434 0.130475
vt -0.141881 0.130494
vt -0.141881 0.024031
vt -0.141881 0.130808
vt 0.486434 0.130850
vt -0.141881 0.006430
vt 0.486434 0.006472
vt 0.337799 0.254937
vt 0.337799 0.148382
vt 0.966115 0.148370
vt 0.966115 0.254918
vt 0.966115 0.024020
vt 0.966115 0.130475
vt 0.337799 0.130494
vt 0.337799 0.024031
vt 0.337799 0.130808
vt 0.966115 0.130850
vt 0.337799 0.006430
vt 0.966114 0.006472
vt 0.498523 0.130515
vt 0.498523 0.023960
vt 1.126840 0.023954
vt 1.126839 0.130527
vt 1.126839 0.148100
vt 1.126838 0.254559
vt 0.498523 0.254579
vt 0.498523 0.148116
vt 0.498523 0.006386
vt 1.126839 0.006429
vt 0.005331 0.130515
vt 0.005331 0.023960
vt 0.633647 0.023954
vt 0.633647 0.130527
vt 0.633647 0.148100
vt 0.633646 0.254559
vt 0.005331 0.254579
vt 0.005331 0.148116
vt 0.005331 0.006386
vt 0.633646 0.006429
vt -0.141881 0.254937
vt -0.141881 0.148382
vt 0.486435 0.148370
vt 0.486434 0.254918
vt 0.486435 0.024020
vt 0.486434 0.130475
vt -0.141881 0.130494
vt -0.141881 0.024031
vt -0.141881 0.130808
vt 0.486434 0.130850
vt -0.141881 0.006430
vt 0.486434 0.006472
vn -0.707145 0.000769 -0.707069
vn -1.000000 0.000007 -0.000001
vn -1.000000 0.000007 -0.000001
vn -0.707145 0.000769 -0.707069
vn -0.707147 -0.000759 0.707066
vn -0.707147 -0.000759 0.707066
vn 0.000000 -0.001081 0.999999
vn 0.000000 -0.001081 0.999999
vn 0.707121 -0.000771 0.707092
vn 0.707121 -0.000771 0.707092
vn 1.000000 -0.000009 -0.000001
vn 1.000000 -0.000009 -0.000001
vn 0.707118 0.000758 -0.707095
vn 0.707118 0.000758 -0.707095
vn 0.000000 0.001081 -0.999999
vn 0.000000 0.001081 -0.999999
vn -0.707050 0.000506 -0.707163
vn -0.999999 0.001256 -0.000003
vn -0.999999 0.001256 -0.000003
vn -0.707050 0.000506 -0.707163
vn -0.707062 0.001270 0.707151
vn -0.707062 0.001270 0.707151
vn 0.000046 0.000541 1.000000
vn 0.000046 0.000541 1.000000
vn 0.707069 -0.000507 0.707145
vn 0.707069 -0.000507 0.707145
vn 0.999999 -0.001260 -0.000003
vn 0.999999 -0.001260 -0.000003
vn 0.707056 -0.001271 -0.707156
vn 0.707056 -0.001271 -0.707156
vn 0.000046 -0.000538 -1.000000
vn 0.000046 -0.000538 -1.000000
vn 0.363666 -0.931529 0.000000
vn 0.363666 -0.931529 0.000000
vn 0.363666 -0.931529 0.000000
vn 0.363666 -0.931529 0.000000
vn -0.000173 0.000279 1.000000
vn -0.000173 0.000279 1.000000
vn -0.000173 0.000279 1.000000
vn -0.000173 0.000279 1.000000
vn -0.364380 0.931251 0.000000
vn -0.364380 0.931251 0.000000
vn -0.364380 0.931251 0.000000
vn -0.364380 0.931251 0.000000
vn -0.000171 0.000277 -1.000000
vn -0.000171 0.000277 -1.000000
vn -0.000171 0.000277 -1.000000
vn -0.000171 0.000277 -1.000000
vn -0.361930 -0.932205 0.000000
vn -0.361930 -0.932205 0.000000
vn -0.361930 -0.932205 0.000000
vn -0.361930 -0.932205 0.000000
vn -0.000171 -0.000275 1.000000
vn -0.000171 -0.000275 1.000000
vn -0.000171 -0.000275 1.000000
vn -0.000171 -0.000275 1.000000
vn 0.360846 0.932626 0.000000
vn 0.360846 0.932626 0.000000
vn 0.360846 0.932626 0.000000
vn 0.360846 0.932626 0.000000
vn -0.000171 -0.000277 -1.000000
vn -0.000171 -0.000277 -1.000000
vn -0.000171 -0.000277 -1.000000
vn -0.000171 -0.000277 -1.000000
vn 0.000000 -0.707109 -0.707104
vn 0.000000 -1.000000 -0.000003
vn 0.000000 -1.000000 -0.000003
vn 0.000000 -0.707109 -0.707104
vn 0.000000 -0.707107 0.707106
vn 0.000000 -0.707107 0.707106
vn 0.000000 -0.000002 1.000000
vn 0.000000 -0.000002 1.000000
vn 0.000000 0.707106 0.707107
vn 0.000000 0.707106 0.707107
vn 0.000000 1.000000 -0.000003
vn 0.000000 1.000000 -0.000003
vn 0.000000 0.707109 -0.707105
vn 0.000000 0.707109 -0.707105
vn 0.000000 -0.000002 -1.000000
vn 0.000000 -0.000002 -1.000000
vn -0.707144 0.000000 -0.707070
vn -1.000000 0.000000 0.000000
vn -1.000000 0.000000 0.000000
vn -0.707144 0.000000 -0.707070
vn -0.707147 0.000000 0.707066
vn -0.707147 0.000000 0.707066
vn 0.000000 0.000000 1.000000
vn 0.000000 0.000000 1.000000
vn 0.707147 0.000000 0.707066
vn 0.707147 0.000000 0.707066
vn 1.000000 0.000000 0.000000
vn 1.000000 0.000000 0.000000
vn 0.707144 0.000000 -0.707070
vn 0.707144 0.000000 -0.707070
vn 0.000000 0.000000 -1.000000
vn 0.000000 0.000000 -1.000000
vn 0.000000 -1.000000 0.000000
vn 0.000000 -1.000000 0.000000
vn 0.000000 -1.000000 0.000000
vn 0.000000 -1.000000 0.000000
vn 0.000000 -1.000000 0.000000
vn 0.000000 -1.000000 0.000000
vn 0.000000 -1.000000 0.000000
vn 0.000000 -1.000000 0.000000
vn 0.000000 -1.000000 0.000000
vn 0.000000 -1.000000 0.000000
vn 0.000000 -1.000000 0.000000
vn 0.000000 -1.000000 0.000000
vn 0.000000 -1.000000 0.000000
vn 0.000000 -1.000000 0.000000
vn 0.000000 -1.000000 0.000000
vn 0.000000 -1.000000 0.000000
vn 0.000000 -1.000000 0.000000
vn 0.000000 -1.000000 0.000000
vn 0.000000 -1.000000 0.000000
vn 0.000000 -1.000000 0.000000
vn 0.000000 -1.000000 0.000000
vn 0.000000 -1.000000 0.000000
vn 0.000000 -1.000000 0.000000
vn 0.000000 -1.000000 0.000000
vn -0.707100 0.000000 -0.707113
vn -1.000000 0.000000 0.000000
vn -1.000000 0.000000 0.000000
vn -0.707100 0.000000 -0.707113
vn -0.707104 0.000000 0.707110
vn -0.707104 0.000000 0.707110
vn 0.000123 0.000000 1.000000
vn 0.000123 0.000000 1.000000
vn 0.707086 0.000000 0.707128
vn 0.707086 0.000000 0.707128
vn 1.000000 0.000000 0.000000
vn 1.000000 0.000000 0.000000
vn 0.707082 0.000000 -0.707131
vn 0.707082 0.000000 -0.707131
vn 0.000123 0.000000 -1.000000
vn 0.000123 0.000000 -1.000000
vn 0.000000 -1.000000 0.000000
vn 0.000000 -1.000000 -0.000011
vn 0.000000 -1.000000 0.000000
vn 0.000000 -1.000000 0.000011
vn 0.000000 -1.000000 0.000000
vn 0.000000 -1.000000 0.000000
vn 0.000000 -1.000000 0.000000
vn 0.000000 -1.000000 0.000000
vn 0.000000 -1.000000 0.000000
vn 0.363666 -0.931529 0.000000
vn 0.363666 -0.931529 0.000000
vn 0.363666 -0.931529 0.000000
vn 0.363666 -0.931529 0.000000
vn -0.000173 0.000279 1.000000
vn -0.000173 0.000279 1.000000
vn -0.000173 0.000279 1.000000
vn -0.000173 0.000279 1.000000
vn -0.364380 0.931251 0.000000
vn -0.364380 0.931251 0.000000
vn -0.364380 0.931251 0.000000
vn -0.364380 0.931251 0.000000
vn -0.000171 0.000277 -1.000000
vn -0.000171 0.000277 -1.000000
vn -0.000171 0.000277 -1.000000
vn -0.000171 0.000277 -1.000000
vn -0.361930 -0.932205 0.000000
vn -0.361930 -0.932205 0.000000
vn -0.361930 -0.932205 0.000000
vn -0.361930 -0.932205 0.000000
vn -0.000171 -0.000275 1.000000
vn -0.000171 -0.000275 1.000000
vn -0.000171 -0.000275 1.000000
vn -0.000171 -0.000275 1.000000
vn 0.360846 0.932626 0.000000
vn 0.360846 0.932626 0.000000
vn 0.360846 0.932626 0.000000
vn 0.360846 0.932626 0.000000
vn -0.000171 -0.000277 -1.000000
vn -0.000171 -0.000277 -1.000000
vn -0.000171 -0.000277 -1.000000
vn -0.000171 -0.000277 -1.000000
vn 0.000000 -0.707110 -0.707104
vn 0.000000 -1.000000 -0.000003
vn 0.000000 -1.000000 -0.000003
vn 0.000000 -0.707110 -0.707104
vn 0.000000 -0.707108 0.707106
vn 0.000000 -0.707108 0.707106
vn 0.000000 0.000000 1.000000
vn 0.000000 0.000000 1.000000
vn 0.000000 0.707108 0.707106
vn 0.000000 0.707108 0.707106
vn 0.000000 1.000000 -0.000003
vn 0.000000 1.000000 -0.000003
vn 0.000000 0.707110 -0.707104
vn 0.000000 0.707110 -0.707104
vn 0.000000 0.000000 -1.000000
vn 0.000000 0.000000 -1.000000
vn -0.707144 0.000000 -0.707070
vn -1.000000 0.000000 0.000000
vn -1.000000 0.000000 0.000000
vn -0.707144 0.000000 -0.707070
vn -0.707147 0.000000 0.707066
vn -0.707147 0.000000 0.707066
vn 0.000000 0.000000 1.000000
vn 0.000000 0.000000 1.000000
vn 0.707147 0.000000 0.707066
vn 0.707147 0.000000 0.707066
vn 1.000000 0.000000 0.000000
vn 1.000000 0.000000 0.000000
vn 0.707144 0.000000 -0.707070
vn 0.707144 0.000000 -0.707070
vn 0.000000 0.000000 -1.000000
vn 0.000000 0.000000 -1.000000
vn -0.707100 0.000000 -0.707113
vn -1.000000 0.000000 0.000000
vn -1.000000 0.000000 0.000000
vn -0.707100 0.000000 -0.707113
vn -0.707104 0.000000 0.707110
vn -0.707104 0.000000 0.707110
vn 0.000123 0.000000 1.000000
vn 0.000123 0.000000 1.000000
vn 0.707086 0.000000 0.707128
vn 0.707086 0.000000 0.707128
vn 1.000000 0.000000 0.000000
vn 1.000000 0.000000 0.000000
vn 0.707082 0.000000 -0.707131
vn 0.707082 0.000000 -0.707131
vn 0.000123 0.000000 -1.000000
vn 0.000123 0.000000 -1.000000
vn 0.363666 -0.931529 0.000000
vn 0.363666 -0.931529 0.000000
vn 0.363666 -0.931529 0.000000
vn 0.363666 -0.931529 0.000000
vn -0.000171 0.000279 1.000000
vn -0.000171 0.000279 1.000000
vn -0.000171 0.000279 1.000000
vn -0.000171 0.000279 1.000000
vn -0.364380 0.931251 0.000000
vn -0.364380 0.931251 0.000000
vn -0.364380 0.931251 0.000000
vn -0.364380 0.931251 0.000000
vn -0.000172 0.000277 -1.000000
vn -0.000172 0.000277 -1.000000
vn -0.000172 0.000277 -1.000000
vn -0.000172 0.000277 -1.000000
vn -0.361930 -0.932205 0.000000
vn -0.361930 -0.932205 0.000000
vn -0.361930 -0.932205 0.000000
vn -0.361930 -0.932205 0.000000
vn -0.000171 -0.000275 1.000000
vn -0.000171 -0.000275 1.000000
vn -0.000171 -0.000275 1.000000
vn -0.000171 -0.000275 1.000000
vn 0.360846 0.932626 0.000000
vn 0.360846 0.932626 0.000000
vn 0.360846 0.932626 0.000000
vn 0.360846 0.932626 0.000000
vn -0.000171 -0.000277 -1.000000
vn -0.000171 -0.000277 -1.000000
vn -0.000171 -0.000277 -1.000000
vn -0.000171 -0.000277 -1.000000
vn 0.000000 -0.707109 -0.707105
vn 0.000000 -1.000000 -0.000003
vn 0.000000 -1.000000 -0.000003
vn 0.000000 -0.707109 -0.707105
vn 0.000000 -0.707107 0.707107
vn 0.000000 -0.707107 0.707107
vn 0.000000 -0.000001 1.000000
vn 0.000000 -0.000001 1.000000
vn 0.000000 0.707106 0.707108
vn 0.000000 0.707106 0.707108
vn 0.000000 1.000000 -0.000003
vn 0.000000 1.000000 -0.000003
vn 0.000000 0.707108 -0.707105
vn 0.000000 0.707108 -0.707105
vn 0.000000 -0.000001 -1.000000
vn 0.000000 -0.000001 -1.000000
vn -0.707144 0.000000 -0.707070
vn -1.000000 0.000000 0.000000
vn -1.000000 0.000000 0.000000
vn -0.707144 0.000000 -0.707070
vn -0.707147 0.000000 0.707066
vn -0.707147 0.000000 0.707066
vn 0.000000 0.000000 1.000000
vn 0.000000 0.000000 1.000000
vn 0.707147 0.000000 0.707066
vn 0.707147 0.000000 0.707066
vn 1.000000 0.000000 0.000000
vn 1.000000 0.000000 0.000000
vn 0.707144 0.000000 -0.707070
vn 0.707144 0.000000 -0.707070
vn 0.000000 0.000000 -1.000000
vn 0.000000 0.000000 -1.000000
vn -0.707100 0.000000 -0.707113
vn -1.000000 0.000000 0.000000
vn -1.000000 0.000000 0.000000
vn -0.707100 0.000000 -0.707113
vn -0.707104 0.000000 0.707110
vn -0.707104 0.000000 0.707110
vn 0.000123 0.000000 1.000000
vn 0.000123 0.000000 1.000000
vn 0.707086 0.000000 0.707128
vn 0.707086 0.000000 0.707128
vn 1.000000 0.000000 0.000000
vn 1.000000 0.000000 0.000000
vn 0.707082 0.000000 -0.707131
vn 0.707082 0.000000 -0.707131
vn 0.000123 0.000000 -1.000000
vn 0.000123 0.000000 -1.000000
vn 0.363666 -0.931529 0.000000
vn 0.363666 -0.931529 0.000000
vn 0.363666 -0.931529 0.000000
vn 0.363666 -0.931529 0.000000
vn -0.000173 0.000279 1.000000
vn -0.000173 0.000279 1.000000
vn -0.000173 0.000279 1.000000
vn -0.000173 0.000279 1.000000
vn -0.364380 0.931251 0.000000
vn -0.364380 0.931251 0.000000
vn -0.364380 0.931251 0.000000
vn -0.364380 0.931251 0.000000
vn -0.000171 0.000277 -1.000000
vn -0.000171 0.000277 -1.000000
vn -0.000171 0.000277 -1.000000
vn -0.000171 0.000277 -1.000000
vn -0.361930 -0.932205 0.000000
vn -0.361930 -0.932205 0.000000
vn -0.361930 -0.932205 0.000000
vn -0.361930 -0.932205 0.000000
vn -0.000170 -0.000275 1.000000
vn -0.000170 -0.000275 1.000000
vn -0.000170 -0.000275 1.000000
vn -0.000170 -0.000275 1.000000
vn 0.360846 0.932626 0.000000
vn 0.360846 0.932626 0.000000
vn 0.360846 0.932626 0.000000
vn 0.360846 0.932626 0.000000
vn -0.000172 -0.000277 -1.000000
vn -0.000172 -0.000277 -1.000000
vn -0.000172 -0.000277 -1.000000
vn -0.000172 -0.000277 -1.000000
vn 0.000000 -0.707112 -0.707102
vn 0.000000 -1.000000 -0.000003
vn 0.000000 -1.000000 -0.000003
vn 0.000000 -0.707112 -0.707102
vn 0.000000 -0.707110 0.707104
vn 0.000000 -0.707110 0.707104
vn 0.000000 -0.000001 1.000000
vn 0.000000 -0.000001 1.000000
vn 0.000000 0.707107 0.707107
vn 0.000000 0.707107 0.707107
vn 0.000000 1.000000 -0.000003
vn 0.000000 1.000000 -0.000003
vn 0.000000 0.707109 -0.707105
vn 0.000000 0.707109 -0.707105
vn 0.000000 -0.000001 -1.000000
vn 0.000000 -0.000001 -1.000000
vn -0.707145 0.000897 -0.707068
vn -1.000000 0.000007 0.000006
vn -1.000000 0.000007 0.000006
vn -0.707145 0.000897 -0.707068
vn -0.707148 -0.000887 0.707065
vn -0.707148 -0.000887 0.707065
vn 0.000000 -0.001261 0.999999
vn 0.000000 -0.001261 0.999999
vn 0.707121 -0.000898 0.707092
vn 0.707121 -0.000898 0.707092
vn 1.000000 -0.000010 0.000006
vn 1.000000 -0.000010 0.000006
vn 0.707119 0.000885 -0.707094
vn 0.707119 0.000885 -0.707094
vn 0.000000 0.001261 -0.999999
vn 0.000000 0.001261 -0.999999
vn -0.707053 0.000633 -0.707160
vn -0.999999 0.001255 -0.000005
vn -0.999999 0.001255 -0.000005
vn -0.707053 0.000633 -0.707160
vn -0.707063 0.001143 0.707150
vn -0.707063 0.001143 0.707150
vn 0.000046 0.000361 1.000000
vn 0.000046 0.000361 1.000000
vn 0.707069 -0.000634 0.707144
vn 0.707069 -0.000634 0.707144
vn 0.999999 -0.001258 -0.000005
vn 0.999999 -0.001258 -0.000005
vn 0.707059 -0.001144 -0.707153
vn 0.707059 -0.001144 -0.707153
vn 0.000046 -0.000358 -1.000000
vn 0.000046 -0.000358 -1.000000
vn 0.363666 -0.931529 0.000000
vn 0.363666 -0.931529 0.000000
vn 0.363666 -0.931529 0.000000
vn 0.363666 -0.931529 0.000000
vn -0.000172 0.000279 1.000000
vn -0.000172 0.000279 1.000000
vn -0.000172 0.000279 1.000000
vn -0.000172 0.000279 1.000000
vn -0.364381 0.931250 0.000000
vn -0.364381 0.931250 0.000000
vn -0.364381 0.931250 0.000000
vn -0.364381 0.931250 0.000000
vn -0.000171 0.000277 -1.000000
vn -0.000171 0.000277 -1.000000
vn -0.000171 0.000277 -1.000000
vn -0.000171 0.000277 -1.000000
vn -0.361930 -0.932205 0.000000
vn -0.361930 -0.932205 0.000000
vn -0.361930 -0.932205 0.000000
vn -0.361930 -0.932205 0.000000
vn -0.000170 -0.000275 1.000000
vn -0.000170 -0.000275 1.000000
vn -0.000170 -0.000275 1.000000
vn -0.000170 -0.000275 1.000000
vn 0.360845 0.932626 0.000000
vn 0.360845 0.932626 0.000000
vn 0.360845 0.932626 0.000000
vn 0.360845 0.932626 0.000000
vn -0.000170 -0.000277 -1.000000
vn -0.000170 -0.000277 -1.000000
vn -0.000170 -0.000277 -1.000000
vn -0.000170 -0.000277 -1.000000
vn 0.000000 -0.707109 -0.707104
vn 0.000000 -1.000000 -0.000003
vn 0.000000 -1.000000 -0.000003
vn 0.000000 -0.707109 -0.707104
vn 0.000000 -0.707107 0.707106
vn 0.000000 -0.707107 0.707106
vn 0.000000 -0.000002 1.000000
vn 0.000000 -0.000002 1.000000
vn 0.000000 0.707106 0.707107
vn 0.000000 0.707106 0.707107
vn 0.000000 1.000000 -0.000003
vn 0.000000 1.000000 -0.000003
vn 0.000000 0.707109 -0.707105
vn 0.000000 0.707109 -0.707105
vn 0.000000 -0.000002 -1.000000
vn 0.000000 -0.000002 -1.000000
vn -0.707144 0.000000 -0.707070
vn -1.000000 0.000000 0.000000
vn -1.000000 0.000000 0.000000
vn -0.707144 0.000000 -0.707070
vn -0.707147 0.000000 0.707066
vn -0.707147 0.000000 0.707066
vn 0.000000 0.000000 1.000000
vn 0.000000 0.000000 1.000000
vn 0.707147 0.000000 0.707066
vn 0.707147 0.000000 0.707066
vn 1.000000 0.000000 0.000000
vn 1.000000 0.000000 0.000000
vn 0.707144 0.000000 -0.707070
vn 0.707144 0.000000 -0.707070
vn 0.000000 0.000000 -1.000000
vn 0.000000 0.000000 -1.000000
vn 0.000000 -1.000000 0.000000
vn 0.000000 -1.000000 0.000000
vn 0.000000 -1.000000 0.000000
vn 0.000000 -1.000000 0.000000
vn 0.000000 -1.000000 0.000000
vn 0.000000 -1.000000 0.000000
vn 0.000000 -1.000000 0.000000
vn 0.000000 -1.000000 0.000000
vn 0.000000 -1.000000 0.000000
vn 0.000000 -1.000000 0.000000
vn 0.000000 -1.000000 0.000000
vn 0.000000 -1.000000 0.000000
vn 0.000000 -1.000000 0.000000
vn 0.000000 -1.000000 0.000000
vn 0.000000 -1.000000 0.000000
vn 0.000000 -1.000000 0.000000
vn 0.000000 -1.000000 0.000000
vn 0.000000 -1.000000 0.000000
vn 0.000000 -1.000000 0.000000
vn 0.000000 -1.000000 0.000000
vn 0.000000 -1.000000 0.000000
vn 0.000000 -1.000000 0.000000
vn 0.000000 -1.000000 0.000000
vn 0.000000 -1.000000 0.000000
vn -0.707101 0.000000 -0.707113
vn -1.000000 0.000000 0.000000
vn -1.000000 0.000000 0.000000
vn -0.707101 0.000000 -0.707113
vn -0.707104 0.000000 0.707110
vn -0.707104 0.000000 0.707110
vn 0.000123 0.000000 1.000000
vn 0.000123 0.000000 1.000000
vn 0.707086 0.000000 0.707128
vn 0.707086 0.000000 0.707128
vn 1.000000 0.000000 0.000000
vn 1.000000 0.000000 0.000000
vn 0.707083 0.000000 -0.707131
vn 0.707083 0.000000 -0.707131
vn 0.000123 0.000000 -1.000000
vn 0.000123 0.000000 -1.000000
vn 0.000000 -1.000000 0.000000
vn 0.000000 -1.000000 -0.000011
vn 0.000000 -1.000000 0.000000
vn 0.000000 -1.000000 0.000011
vn 0.000000 -1.000000 0.000000
vn 0.000000 -1.000000 0.000000
vn 0.000000 -1.000000 0.000000
vn 0.000000 -1.000000 0.000000
vn 0.000000 -1.000000 0.000000
vn 0.363666 -0.931529 0.000000
vn 0.363666 -0.931529 0.000000
vn 0.363666 -0.931529 0.000000
vn 0.363666 -0.931529 0.000000
vn -0.000172 0.000279 1.000000
vn -0.000172 0.000279 1.000000
vn -0.000172 0.000279 1.000000
vn -0.000172 0.000279 1.000000
vn -0.364381 0.931250 0.000000
vn -0.364381 0.931250 0.000000
vn -0.364381 0.931250 0.000000
vn -0.364381 0.931250 0.000000
vn -0.000171 0.000277 -1.000000
vn -0.000171 0.000277 -1.000000
vn -0.000171 0.000277 -1.000000
vn -0.000171 0.000277 -1.000000
vn -0.361930 -0.932205 0.000000
vn -0.361930 -0.932205 0.000000
vn -0.361930 -0.932205 0.000000
vn -0.361930 -0.932205 0.000000
vn -0.000170 -0.000275 1.000000
vn -0.000170 -0.000275 1.000000
vn -0.000170 -0.000275 1.000000
vn -0.000170 -0.000275 1.000000
vn 0.360845 0.932626 0.000000
vn 0.360845 0.932626 0.000000
vn 0.360845 0.932626 0.000000
vn 0.360845 0.932626 0.000000
vn -0.000170 -0.000277 -1.000000
vn -0.000170 -0.000277 -1.000000
vn -0.000170 -0.000277 -1.000000
vn -0.000170 -0.000277 -1.000000
vn 0.000000 -0.707110 -0.707104
vn 0.000000 -1.000000 -0.000003
vn 0.000000 -1.000000 -0.000003
vn 0.000000 -0.707110 -0.707104
vn 0.000000 -0.707108 0.707106
vn 0.000000 -0.707108 0.707106
vn 0.000000 0.000000 1.000000
vn 0.000000 0.000000 1.000000
vn 0.000000 0.707108 0.707106
vn 0.000000 0.707108 0.707106
vn 0.000000 1.000000 -0.000003
vn 0.000000 1.000000 -0.000003
vn 0.000000 0.707110 -0.707104
vn 0.000000 0.707110 -0.707104
vn 0.000000 0.000000 -1.000000
vn 0.000000 0.000000 -1.000000
vn -0.707144 0.000000 -0.707070
vn -1.000000 0.000000 0.000000
vn -1.000000 0.000000 0.000000
vn -0.707144 0.000000 -0.707070
vn -0.707147 0.000000 0.707066
vn -0.707147 0.000000 0.707066
vn 0.000000 0.000000 1.000000
vn 0.000000 0.000000 1.000000
vn 0.707147 0.000000 0.707066
vn 0.707147 0.000000 0.707066
vn 1.000000 0.000000 0.000000
vn 1.000000 0.000000 0.000000
vn 0.707144 0.000000 -0.707070
vn 0.707144 0.000000 -0.707070
vn 0.000000 0.000000 -1.000000
vn 0.000000 0.000000 -1.000000
vn -0.707101 0.000000 -0.707113
vn -1.000000 0.000000 0.000000
vn -1.000000 0.000000 0.000000
vn -0.707101 0.000000 -0.707113
vn -0.707104 0.000000 0.707110
vn -0.707104 0.000000 0.707110
vn 0.000123 0.000000 1.000000
vn 0.000123 0.000000 1.000000
vn 0.707086 0.000000 0.707128
vn 0.707086 0.000000 0.707128
vn 1.000000 0.000000 0.000000
vn 1.000000 0.000000 0.000000
vn 0.707083 0.000000 -0.707131
vn 0.707083 0.000000 -0.707131
vn 0.000123 0.000000 -1.000000
vn 0.000123 0.000000 -1.000000
vn 0.363666 -0.931529 0.000000
vn 0.363666 -0.931529 0.000000
vn 0.363666 -0.931529 0.000000
vn 0.363666 -0.931529 0.000000
vn -0.000172 0.000279 1.000000
vn -0.000172 0.000279 1.000000
vn -0.000172 0.000279 1.000000
vn -0.000172 0.000279 1.000000
vn -0.364381 0.931250 0.000000
vn -0.364381 0.931250 0.000000
vn -0.364381 0.931250 0.000000
vn -0.364381 0.931250 0.000000
vn -0.000171 0.000277 -1.000000
vn -0.000171 0.000277 -1.000000
vn -0.000171 0.000277 -1.000000
vn -0.000171 0.000277 -1.000000
vn -0.361930 -0.932205 0.000000
vn -0.361930 -0.932205 0.000000
vn -0.361930 -0.932205 0.000000
vn -0.361930 -0.932205 0.000000
vn -0.000170 -0.000275 1.000000
vn -0.000170 -0.000275 1.000000
vn -0.000170 -0.000275 1.000000
vn -0.000170 -0.000275 1.000000
vn 0.360845 0.932626 0.000000
vn 0.360845 0.932626 0.000000
vn 0.360845 0.932626 0.000000
vn 0.360845 0.932626 0.000000
vn -0.000170 -0.000277 -1.000000
vn -0.000170 -0.000277 -1.000000
vn -0.000170 -0.000277 -1.000000
vn -0.000170 -0.000277 -1.000000
vn 0.000000 -0.707109 -0.707105
vn 0.000000 -1.000000 -0.000003
vn 0.000000 -1.000000 -0.000003
vn 0.000000 -0.707109 -0.707105
vn 0.000000 -0.707107 0.707107
vn 0.000000 -0.707107 0.707107
vn 0.000000 -0.000001 1.000000
vn 0.000000 -0.000001 1.000000
vn 0.000000 0.707106 0.707108
vn 0.000000 0.707106 0.707108
vn 0.000000 1.000000 -0.000003
vn 0.000000 1.000000 -0.000003
vn 0.000000 0.707108 -0.707105
vn 0.000000 0.707108 -0.707105
vn 0.000000 -0.000001 -1.000000
vn 0.000000 -0.000001 -1.000000
vn -0.707144 0.000000 -0.707070
vn -1.000000 0.000000 0.000000
vn -1.000000 0.000000 0.000000
vn -0.707144 0.000000 -0.707070
vn -0.707147 0.000000 0.707066
vn -0.707147 0.000000 0.707066
vn 0.000000 0.000000 1.000000
vn 0.000000 0.000000 1.000000
vn 0.707147 0.000000 0.707066
vn 0.707147 0.000000 0.707066
vn 1.000000 0.000000 0.000000
vn 1.000000 0.000000 0.000000
vn 0.707144 0.000000 -0.707070
vn 0.707144 0.000000 -0.707070
vn 0.000000 0.000000 -1.000000
vn 0.000000 0.000000 -1.000000
vn -0.707101 0.000000 -0.707113
vn -1.000000 0.000000 0.000000
vn -1.000000 0.000000 0.000000
vn -0.707101 0.000000 -0.707113
vn -0.707104 0.000000 0.707110
vn -0.707104 0.000000 0.707110
vn 0.000123 0.000000 1.000000
vn 0.000123 0.000000 1.000000
vn 0.707086 0.000000 0.707128
vn 0.707086 0.000000 0.707128
vn 1.000000 0.000000 0.000000
vn 1.000000 0.000000 0.000000
vn 0.707083 0.000000 -0.707131
vn 0.707083 0.000000 -0.707131
vn 0.000123 0.000000 -1.000000
vn 0.000123 0.000000 -1.000000
vn 0.363666 -0.931529 0.000000
vn 0.363666 -0.931529 0.000000
vn 0.363666 -0.931529 0.000000
vn 0.363666 -0.931529 0.000000
vn -0.000172 0.000279 1.000000
vn -0.000172 0.000279 1.000000
vn -0.000172 0.000279 1.000000
vn -0.000172 0.000279 1.000000
vn -0.364381 0.931250 0.000000
vn -0.364381 0.931250 0.000000
vn -0.364381 0.931250 0.000000
vn -0.364381 0.931250 0.000000
vn -0.000171 0.000277 -1.000000
vn -0.000171 0.000277 -1.000000
vn -0.000171 0.000277 -1.000000
vn -0.000171 0.000277 -1.000000
vn -0.361930 -0.932205 0.000000
vn -0.361930 -0.932205 0.000000
vn -0.361930 -0.932205 0.000000
vn -0.361930 -0.932205 0.000000
vn -0.000170 -0.000275 1.000000
vn -0.000170 -0.000275 1.000000
vn -0.000170 -0.000275 1.000000
vn -0.000170 -0.000275 1.000000
vn 0.360845 0.932626 0.000000
vn 0.360845 0.932626 0.000000
vn 0.360845 0.932626 0.000000
vn 0.360845 0.932626 0.000000
vn -0.000170 -0.000277 -1.000000
vn -0.000170 -0.000277 -1.000000
vn -0.000170 -0.000277 -1.000000
vn -0.000170 -0.000277 -1.000000
vn 0.000000 -0.707112 -0.707102
vn 0.000000 -1.000000 -0.000003
vn 0.000000 -1.000000 -0.000003
vn 0.000000 -0.707112 -0.707102
vn 0.000000 -0.707110 0.707104
vn 0.000000 -0.707110 0.707104
vn 0.000000 -0.000001 1.000000
vn 0.000000 -0.000001 1.000000
vn 0.000000 0.707107 0.707107
vn 0.000000 0.707107 0.707107
vn 0.000000 1.000000 -0.000003
vn 0.000000 1.000000 -0.000003
vn 0.000000 0.707109 -0.707105
vn 0.000000 0.707109 -0.707105
vn 0.000000 -0.000001 -1.000000
vn 0.000000 -0.000001 -1.000000
vn -0.707146 0.000730 -0.707067
vn -1.000000 0.000008 0.000003
vn -1.000000 0.000008 0.000003
vn -0.707146 0.000730 -0.707067
vn -0.707150 -0.000719 0.707064
vn -0.707150 -0.000719 0.707064
vn 0.000000 -0.001025 1.000000
vn 0.000000 -0.001025 1.000000
vn 0.707123 -0.000731 0.707090
vn 0.707123 -0.000731 0.707090
vn 1.000000 -0.000010 0.000003
vn 1.000000 -0.000010 0.000003
vn 0.707120 0.000717 -0.707093
vn 0.707120 0.000717 -0.707093
vn 0.000000 0.001024 -1.000000
vn 0.000000 0.001024 -1.000000
vn -0.707055 0.000466 -0.707159
vn -0.999999 0.001256 -0.000006
vn -0.999999 0.001256 -0.000006
vn -0.707055 0.000466 -0.707159
vn -0.707062 0.001312 0.707151
vn -0.707062 0.001312 0.707151
vn 0.000046 0.000598 1.000000
vn 0.000046 0.000598 1.000000
vn 0.707069 -0.000467 0.707145
vn 0.707069 -0.000467 0.707145
vn 0.999999 -0.001260 -0.000005
vn 0.999999 -0.001260 -0.000005
vn 0.707060 -0.001312 -0.707152
vn 0.707060 -0.001312 -0.707152
vn 0.000046 -0.000595 -1.000000
vn 0.000046 -0.000595 -1.000000
vn 0.363666 -0.931529 0.000000
vn 0.363666 -0.931529 0.000000
vn 0.363666 -0.931529 0.000000
vn 0.363666 -0.931529 0.000000
vn -0.000171 0.000276 1.000000
vn -0.000171 0.000276 1.000000
vn -0.000171 0.000276 1.000000
vn -0.000171 0.000276 1.000000
vn -0.364380 0.931250 0.000000
vn -0.364380 0.931250 0.000000
vn -0.364380 0.931250 0.000000
vn -0.364380 0.931250 0.000000
vn -0.000170 0.000276 -1.000000
vn -0.000170 0.000276 -1.000000
vn -0.000170 0.000276 -1.000000
vn -0.000170 0.000276 -1.000000
vn -0.361930 -0.932205 0.000000
vn -0.361930 -0.932205 0.000000
vn -0.361930 -0.932205 0.000000
vn -0.361930 -0.932205 0.000000
vn -0.000170 -0.000277 1.000000
vn -0.000170 -0.000277 1.000000
vn -0.000170 -0.000277 1.000000
vn -0.000170 -0.000277 1.000000
vn 0.360845 0.932626 0.000000
vn 0.360845 0.932626 0.000000
vn 0.360845 0.932626 0.000000
vn 0.360845 0.932626 0.000000
vn -0.000170 -0.000273 -1.000000
vn -0.000170 -0.000273 -1.000000
vn -0.000170 -0.000273 -1.000000
vn -0.000170 -0.000273 -1.000000
vn 0.000000 -0.707107 -0.707106
vn 0.000000 -1.000000 0.000000
vn 0.000000 -1.000000 0.000000
vn 0.000000 -0.707107 -0.707106
vn 0.000000 -0.707107 0.707106
vn 0.000000 -0.707107 0.707106
vn 0.000000 -0.000002 1.000000
vn 0.000000 -0.000002 1.000000
vn 0.000000 0.707106 0.707107
vn 0.000000 0.707106 0.707107
vn 0.000000 1.000000 0.000000
vn 0.000000 1.000000 0.000000
vn 0.000000 0.707106 -0.707107
vn 0.000000 0.707106 -0.707107
vn 0.000000 -0.000002 -1.000000
vn 0.000000 -0.000002 -1.000000
vn -0.707147 0.000000 -0.707066
vn -1.000000 0.000000 0.000000
vn -1.000000 0.000000 0.000000
vn -0.707147 0.000000 -0.707066
vn -0.707147 0.000000 0.707066
vn -0.707147 0.000000 0.707066
vn 0.000000 0.000000 1.000000
vn 0.000000 0.000000 1.000000
vn 0.707147 0.000000 0.707066
vn 0.707147 0.000000 0.707066
vn 1.000000 0.000000 0.000000
vn 1.000000 0.000000 0.000000
vn 0.707147 0.000000 -0.707066
vn 0.707147 0.000000 -0.707066
vn 0.000000 0.000000 -1.000000
vn 0.000000 0.000000 -1.000000
vn 0.000000 -1.000000 0.000000
vn 0.000000 -1.000000 0.000000
vn 0.000000 -1.000000 0.000000
vn 0.000000 -1.000000 0.000000
vn 0.000000 -1.000000 0.000000
vn 0.000000 -1.000000 0.000000
vn 0.000000 -1.000000 0.000000
vn 0.000000 -1.000000 0.000000
vn 0.000000 -1.000000 0.000000
vn 0.000000 -1.000000 0.000000
vn 0.000000 -1.000000 0.000000
vn 0.000000 -1.000000 0.000000
vn 0.000000 -1.000000 0.000000
vn 0.000000 -1.000000 0.000000
vn 0.000000 -1.000000 0.000000
vn 0.000000 -1.000000 0.000000
vn 0.000000 -1.000000 0.000000
vn 0.000000 -1.000000 0.000000
vn 0.000000 -1.000000 0.000000
vn 0.000000 -1.000000 0.000000
vn 0.000000 -1.000000 0.000000
vn 0.000000 -1.000000 0.000000
vn 0.000000 -1.000000 0.000000
vn 0.000000 -1.000000 0.000000
vn -0.707104 0.000000 -0.707110
vn -1.000000 0.000000 0.000000
vn -1.000000 0.000000 0.000000
vn -0.707104 0.000000 -0.707110
vn -0.707104 0.000000 0.707110
vn -0.707104 0.000000 0.707110
vn 0.000123 0.000000 1.000000
vn 0.000123 0.000000 1.000000
vn 0.707086 0.000000 0.707128
vn 0.707086 0.000000 0.707128
vn 1.000000 0.000000 0.000000
vn 1.000000 0.000000 0.000000
vn 0.707086 0.000000 -0.707128
vn 0.707086 0.000000 -0.707128
vn 0.000123 0.000000 -1.000000
vn 0.000123 0.000000 -1.000000
vn 0.000000 -1.000000 0.000000
vn 0.000000 -1.000000 -0.000011
vn 0.000000 -1.000000 0.000000
vn 0.000000 -1.000000 0.000011
vn 0.000000 -1.000000 0.000000
vn 0.000000 -1.000000 0.000000
vn 0.000000 -1.000000 0.000000
vn 0.000000 -1.000000 0.000000
vn 0.000000 -1.000000 0.000000
vn 0.363666 -0.931529 0.000000
vn 0.363666 -0.931529 0.000000
vn 0.363666 -0.931529 0.000000
vn 0.363666 -0.931529 0.000000
vn -0.000171 0.000276 1.000000
vn -0.000171 0.000276 1.000000
vn -0.000171 0.000276 1.000000
vn -0.000171 0.000276 1.000000
vn -0.364380 0.931250 0.000000
vn -0.364380 0.931250 0.000000
vn -0.364380 0.931250 0.000000
vn -0.364380 0.931250 0.000000
vn -0.000170 0.000276 -1.000000
vn -0.000170 0.000276 -1.000000
vn -0.000170 0.000276 -1.000000
vn -0.000170 0.000276 -1.000000
vn -0.361930 -0.932205 0.000000
vn -0.361930 -0.932205 0.000000
vn -0.361930 -0.932205 0.000000
vn -0.361930 -0.932205 0.000000
vn -0.000170 -0.000277 1.000000
vn -0.000170 -0.000277 1.000000
vn -0.000170 -0.000277 1.000000
vn -0.000170 -0.000277 1.000000
vn 0.360845 0.932626 0.000000
vn 0.360845 0.932626 0.000000
vn 0.360845 0.932626 0.000000
vn 0.360845 0.932626 0.000000
vn -0.000170 -0.000273 -1.000000
vn -0.000170 -0.000273 -1.000000
vn -0.000170 -0.000273 -1.000000
vn -0.000170 -0.000273 -1.000000
vn 0.000000 -0.707108 -0.707106
vn 0.000000 -1.000000 0.000000
vn 0.000000 -1.000000 0.000000
vn 0.000000 -0.707108 -0.707106
vn 0.000000 -0.707108 0.707106
vn 0.000000 -0.707108 0.707106
vn 0.000000 0.000000 1.000000
vn 0.000000 0.000000 1.000000
vn 0.000000 0.707108 0.707106
vn 0.000000 0.707108 0.707106
vn 0.000000 1.000000 0.000000
vn 0.000000 1.000000 0.000000
vn 0.000000 0.707108 -0.707106
vn 0.000000 0.707108 -0.707106
vn 0.000000 0.000000 -1.000000
vn 0.000000 0.000000 -1.000000
vn -0.707147 0.000000 -0.707067
vn -1.000000 0.000000 -0.000001
vn -1.000000 0.000000 -0.000001
vn -0.707147 0.000000 -0.707067
vn -0.707147 0.000000 0.707066
vn -0.707147 0.000000 0.707066
vn 0.000000 0.000000 1.000000
vn 0.000000 0.000000 1.000000
vn 0.707147 0.000000 0.707066
vn 0.707147 0.000000 0.707066
vn 1.000000 0.000000 -0.000001
vn 1.000000 0.000000 -0.000001
vn 0.707147 0.000000 -0.707067
vn 0.707147 0.000000 -0.707067
vn 0.000000 0.000000 -1.000000
vn 0.000000 0.000000 -1.000000
vn -0.707103 0.000000 -0.707110
vn -1.000000 0.000000 -0.000001
vn -1.000000 0.000000 -0.000001
vn -0.707103 0.000000 -0.707110
vn -0.707104 0.000000 0.707110
vn -0.707104 0.000000 0.707110
vn 0.000123 0.000000 1.000000
vn 0.000123 0.000000 1.000000
vn 0.707086 0.000000 0.707128
vn 0.707086 0.000000 0.707128
vn 1.000000 0.000000 -0.000001
vn 1.000000 0.000000 -0.000001
vn 0.707085 0.000000 -0.707128
vn 0.707085 0.000000 -0.707128
vn 0.000123 0.000000 -1.000000
vn 0.000123 0.000000 -1.000000
vn 0.363666 -0.931529 0.000000
vn 0.363666 -0.931529 0.000000
vn 0.363666 -0.931529 0.000000
vn 0.363666 -0.931529 0.000000
vn -0.000170 0.000276 1.000000
vn -0.000170 0.000276 1.000000
vn -0.000170 0.000276 1.000000
vn -0.000170 0.000276 1.000000
vn -0.364381 0.931250 0.000000
vn -0.364381 0.931250 0.000000
vn -0.364381 0.931250 0.000000
vn -0.364381 0.931250 0.000000
vn -0.000170 0.000276 -1.000000
vn -0.000170 0.000276 -1.000000
vn -0.000170 0.000276 -1.000000
vn -0.000170 0.000276 -1.000000
vn -0.361930 -0.932205 0.000000
vn -0.361930 -0.932205 0.000000
vn -0.361930 -0.932205 0.000000
vn -0.361930 -0.932205 0.000000
vn -0.000170 -0.000277 1.000000
vn -0.000170 -0.000277 1.000000
vn -0.000170 -0.000277 1.000000
vn -0.000170 -0.000277 1.000000
vn 0.360845 0.932626 0.000000
vn 0.360845 0.932626 0.000000
vn 0.360845 0.932626 0.000000
vn 0.360845 0.932626 0.000000
vn -0.000170 -0.000273 -1.000000
vn -0.000170 -0.000273 -1.000000
vn -0.000170 -0.000273 -1.000000
vn -0.000170 -0.000273 -1.000000
vn 0.000000 -0.707107 -0.707107
vn 0.000000 -1.000000 0.000000
vn 0.000000 -1.000000 0.000000
vn 0.000000 -0.707107 -0.707107
vn 0.000000 -0.707107 0.707107
vn 0.000000 -0.707107 0.707107
vn 0.000000 -0.000001 1.000000
vn 0.000000 -0.000001 1.000000
vn 0.000000 0.707106 0.707108
vn 0.000000 0.707106 0.707108
vn 0.000000 1.000000 0.000000
vn 0.000000 1.000000 0.000000
vn 0.000000 0.707106 -0.707108
vn 0.000000 0.707106 -0.707108
vn 0.000000 -0.000001 -1.000000
vn 0.000000 -0.000001 -1.000000
vn -0.707147 0.000000 -0.707067
vn -1.000000 0.000000 -0.000001
vn -1.000000 0.000000 -0.000001
vn -0.707147 0.000000 -0.707067
vn -0.707147 0.000000 0.707066
vn -0.707147 0.000000 0.707066
vn 0.000000 0.000000 1.000000
vn 0.000000 0.000000 1.000000
vn 0.707147 0.000000 0.707066
vn 0.707147 0.000000 0.707066
vn 1.000000 0.000000 -0.000001
vn 1.000000 0.000000 -0.000001
vn 0.707147 0.000000 -0.707067
vn 0.707147 0.000000 -0.707067
vn 0.000000 0.000000 -1.000000
vn 0.000000 0.000000 -1.000000
vn -0.707103 0.000000 -0.707110
vn -1.000000 0.000000 -0.000001
vn -1.000000 0.000000 -0.000001
vn -0.707103 0.000000 -0.707110
vn -0.707104 0.000000 0.707110
vn -0.707104 0.000000 0.707110
vn 0.000123 0.000000 1.000000
vn 0.000123 0.000000 1.000000
vn 0.707086 0.000000 0.707128
vn 0.707086 0.000000 0.707128
vn 1.000000 0.000000 -0.000001
vn 1.000000 0.000000 -0.000001
vn 0.707085 0.000000 -0.707128
vn 0.707085 0.000000 -0.707128
vn 0.000123 0.000000 -1.000000
vn 0.000123 0.000000 -1.000000
vn 0.363667 -0.931529 0.000000
vn 0.363667 -0.931529 0.000000
vn 0.363667 -0.931529 0.000000
vn 0.363667 -0.931529 0.000000
vn -0.000171 0.000276 1.000000
vn -0.000171 0.000276 1.000000
vn -0.000171 0.000276 1.000000
vn -0.000171 0.000276 1.000000
vn -0.364380 0.931250 0.000000
vn -0.364380 0.931250 0.000000
vn -0.364380 0.931250 0.000000
vn -0.364380 0.931250 0.000000
vn -0.000171 0.000276 -1.000000
vn -0.000171 0.000276 -1.000000
vn -0.000171 0.000276 -1.000000
vn -0.000171 0.000276 -1.000000
vn -0.361930 -0.932205 0.000000
vn -0.361930 -0.932205 0.000000
vn -0.361930 -0.932205 0.000000
vn -0.361930 -0.932205 0.000000
vn -0.000171 -0.000277 1.000000
vn -0.000171 -0.000277 1.000000
vn -0.000171 -0.000277 1.000000
vn -0.000171 -0.000277 1.000000
vn 0.360845 0.932626 0.000000
vn 0.360845 0.932626 0.000000
vn 0.360845 0.932626 0.000000
vn 0.360845 0.932626 0.000000
vn -0.000169 -0.000273 -1.000000
vn -0.000169 -0.000273 -1.000000
vn -0.000169 -0.000273 -1.000000
vn -0.000169 -0.000273 -1.000000
vn 0.000000 -0.707110 -0.707104
vn 0.000000 -1.000000 0.000000
vn 0.000000 -1.000000 0.000000
vn 0.000000 -0.707110 -0.707104
vn 0.000000 -0.707110 0.707104
vn 0.000000 -0.707110 0.707104
vn 0.000000 -0.000001 1.000000
vn 0.000000 -0.000001 1.000000
vn 0.000000 0.707107 0.707107
vn 0.000000 0.707107 0.707107
vn 0.000000 1.000000 0.000000
vn 0.000000 1.000000 0.000000
vn 0.000000 0.707107 -0.707107
vn 0.000000 0.707107 -0.707107
vn 0.000000 -0.000001 -1.000000
vn 0.000000 -0.000001 -1.000000
vn -1.000000 0.000000 0.000000
vn -1.000000 0.000000 0.000000
vn -1.000000 0.000000 0.000000
vn -1.000000 0.000000 0.000000
vn 0.000000 0.000000 1.000000
vn 0.000000 0.000000 1.000000
vn 0.000000 0.000000 1.000000
vn 0.000000 0.000000 1.000000
vn 1.000000 0.000000 0.000000
vn 1.000000 0.000000 0.000000
vn 1.000000 0.000000 0.000000
vn 1.000000 0.000000 0.000000
vn -1.000000 0.000000 -0.000012
vn -0.707094 0.000000 0.707119
vn -0.707094 0.000000 0.707119
vn -1.000000 0.000000 -0.000012
vn 0.000000 0.000000 1.000000
vn 0.000000 0.000000 1.000000
vn 0.707094 0.000000 0.707119
vn 0.707094 0.000000 0.707119
vn 1.000000 0.000000 -0.000012
vn 1.000000 0.000000 -0.000012
vn 0.707099 0.000000 -0.707114
vn 0.707099 0.000000 -0.707114
vn 0.000000 0.000000 -1.000000
vn 0.000000 0.000000 -1.000000
vn -0.707099 0.000000 -0.707114
vn -0.707099 0.000000 -0.707114
vn 1.000000 -0.000060 0.000661
vn 1.000000 -0.000077 0.000293
vn 1.000000 -0.000077 0.000293
vn 1.000000 -0.000060 0.000661
vn 0.999999 0.000085 -0.001140
vn 0.999999 0.000085 -0.001140
vn 0.000000 0.989205 0.146539
vn 0.000000 0.997286 0.073632
vn 0.000000 0.997286 0.073632
vn 0.000000 0.989205 0.146539
vn 0.000000 0.999376 0.035323
vn 0.000000 0.999376 0.035323
vn -1.000000 -0.000028 0.000656
vn -1.000000 -0.000074 0.000298
vn -1.000000 -0.000074 0.000298
vn -1.000000 -0.000028 0.000656
vn -0.999999 0.000048 -0.001130
vn -0.999999 0.000048 -0.001130
vn 0.000000 -0.989404 -0.145190
vn 0.000000 -0.997330 -0.073024
vn 0.000000 -0.997330 -0.073024
vn 0.000000 -0.989404 -0.145190
vn 0.000000 -0.999301 -0.037373
vn 0.000000 -0.999301 -0.037373
vn 0.000000 -0.983373 -0.181599
vn 0.000000 -0.983373 -0.181599
vn 1.000000 0.000118 -0.000403
vn 1.000000 0.000118 -0.000403
vn 0.000000 0.983471 0.181067
vn 0.000000 0.983471 0.181067
vn -1.000000 0.000142 -0.000413
vn -1.000000 0.000142 -0.000413
vn 0.699985 -0.706636 -0.103376
vn 1.000000 -0.000040 -0.000001
vn 1.000000 -0.000100 -0.000001
vn 0.699744 -0.702799 -0.128188
vn 0.699801 0.702747 0.128164
vn 0.700010 0.706614 0.103357
vn 0.699983 -0.712246 -0.052253
vn 1.000000 0.000018 -0.000001
vn 0.699979 0.712250 0.052246
vn 0.699695 -0.713969 -0.025975
vn 1.000000 0.000015 -0.000001
vn 0.699695 0.713969 0.025973
vn -0.000022 0.989472 0.144725
vn -0.000018 0.983776 0.179403
vn -0.699784 0.702763 0.128169
vn -0.699993 0.706630 0.103362
vn 0.000004 0.997320 0.073163
vn -0.700021 0.712208 0.052252
vn 0.000033 0.999339 0.036359
vn -0.699796 0.713870 0.025976
vn -1.000000 -0.000032 -0.000002
vn -1.000000 -0.000057 -0.000002
vn -0.699746 -0.702797 -0.128190
vn -0.699969 -0.706651 -0.103379
vn -1.000000 -0.000008 0.000001
vn -0.700014 -0.712214 -0.052257
vn -1.000000 -0.000010 0.000005
vn -0.699791 -0.713875 -0.025973
vn -0.000017 -0.989467 -0.144759
vn -0.000003 -0.983766 -0.179454
vn -0.000008 -0.997319 -0.073173
vn 0.000015 -0.999339 -0.036361
vn 1.000000 0.000000 0.000000
vn 1.000000 0.000000 0.000000
vn 1.000000 0.000000 0.000000
vn 1.000000 0.000000 0.000000
vn -1.000000 0.000000 0.000000
vn -1.000000 0.000000 0.000000
vn -1.000000 0.000000 0.000000
vn -1.000000 0.000000 0.000000
vn 0.000000 0.000000 -1.000000
vn 0.000000 0.000000 -1.000000
vn 0.000000 0.000000 -1.000000
vn 0.000000 0.000000 -1.000000
vn 0.000000 0.000000 1.000000
vn 0.000000 0.000000 1.000000
vn 0.000000 0.000000 1.000000
vn 0.000000 0.000000 1.000000
vn -0.707097 0.000000 -0.707117
vn -1.000000 0.000000 0.000000
vn -1.000000 0.000000 0.000000
vn -0.707097 0.000000 -0.707117
vn -0.707090 0.000000 0.707124
vn -0.707090 0.000000 0.707124
vn 0.000000 0.000000 1.000000
vn 0.000000 0.000000 1.000000
vn 0.707090 0.000000 0.707124
vn 0.707090 0.000000 0.707124
vn 1.000000 0.000000 0.000000
vn 1.000000 0.000000 0.000000
vn 0.707097 0.000000 -0.707117
vn 0.707097 0.000000 -0.707117
vn 0.000000 0.000000 -1.000000
vn 0.000000 0.000000 -1.000000
vn -0.363092 -0.858080 -0.363130
vn -0.633853 -0.443180 -0.633894
vn -0.000009 -0.443195 -0.896425
vn -0.000014 -0.858081 -0.513515
vn 0.633869 -0.443207 -0.633860
vn 0.363081 -0.858107 -0.363076
vn 0.896422 -0.443202 0.000000
vn 0.513460 -0.858114 0.000000
vn 0.633867 -0.443198 0.633867
vn 0.363084 -0.858098 0.363094
vn 0.000003 -0.443218 0.896414
vn 0.000007 -0.858091 0.513498
vn -0.633845 -0.443214 0.633878
vn -0.363073 -0.858103 0.363095
vn -0.896419 -0.443207 -0.000001
vn -0.513460 -0.858114 -0.000001
vn -0.529136 0.663325 -0.529164
vn 0.000010 0.663291 -0.748362
vn 0.529150 0.663311 -0.529168
vn 0.748310 0.663350 -0.000000
vn 0.529148 0.663320 0.529159
vn 0.000010 0.663299 0.748354
vn -0.529140 0.663324 0.529161
vn -0.748305 0.663355 -0.000000
vn -0.475413 0.740232 -0.475436
vn 0.000010 0.740180 -0.672409
vn 0.475428 0.740222 -0.475436
vn 0.672366 0.740219 0.000009
vn 0.475450 0.740212 0.475431
vn 0.000002 0.740197 0.672390
vn -0.475423 0.740221 0.475443
vn -0.672321 0.740260 0.000002
vn -0.491175 0.719371 -0.491174
vn 0.000010 0.719347 -0.694651
vn 0.491192 0.719368 -0.491161
vn 0.694634 0.719364 -0.000009
vn 0.491181 0.719380 0.491155
vn 0.000011 0.719364 0.694633
vn -0.491182 0.719368 0.491172
vn -0.694623 0.719374 0.000002
vn -0.698301 0.157880 -0.698176
vn 0.000028 0.157848 -0.987463
vn 0.698295 0.157864 -0.698186
vn 0.987450 0.157930 -0.000032
vn 0.698245 0.157940 0.698219
vn 0.000073 0.157888 0.987457
vn -0.698319 0.157900 0.698154
vn -0.987458 0.157882 0.000011
vn -0.510785 -0.691560 -0.510728
vn 0.000008 -0.691539 -0.722339
vn 0.510794 -0.691552 -0.510730
vn 0.722327 -0.691552 -0.000002
vn 0.510783 -0.691549 0.510745
vn 0.000017 -0.691512 0.722365
vn -0.510795 -0.691547 0.510736
vn -0.722351 -0.691526 0.000007
vn -0.677971 0.284140 -0.677953
vn 0.000004 0.284193 -0.958767
vn 0.677979 0.284185 -0.677926
vn 0.958791 0.284111 -0.000005
vn 0.677979 0.284171 0.677931
vn -0.000004 0.284244 0.958752
vn -0.677962 0.284173 0.677948
vn -0.958798 0.284089 0.000002
vn -0.378299 0.844830 -0.378356
vn 0.000000 0.844801 -0.535080
vn 0.378390 0.844799 -0.378334
vn 0.535128 0.844771 -0.000001
vn 0.378377 0.844820 0.378300
vn -0.000023 0.844806 0.535073
vn -0.378315 0.844811 0.378382
vn -0.534962 0.844876 -0.000001
vn 0.000110 1.000000 0.000006
vn -0.513495 -0.858093 -0.000015
vn -0.896405 -0.443236 -0.000011
vn -0.633854 -0.443219 -0.633866
vn -0.363117 -0.858070 -0.363127
vn -0.000005 -0.443195 -0.896425
vn -0.000007 -0.858091 -0.513498
vn 0.633874 -0.443195 -0.633863
vn 0.363074 -0.858109 -0.363077
vn 0.896432 -0.443182 0.000007
vn 0.513495 -0.858093 0.000013
vn 0.633876 -0.443209 0.633852
vn 0.363110 -0.858096 0.363074
vn -0.000013 -0.443228 0.896409
vn -0.000021 -0.858091 0.513498
vn -0.633845 -0.443193 0.633892
vn -0.363091 -0.858081 0.363128
vn -0.748343 0.663312 -0.000002
vn -0.529170 0.663279 -0.529188
vn -0.000002 0.663314 -0.748342
vn 0.529182 0.663298 -0.529153
vn 0.748346 0.663309 -0.000022
vn 0.529154 0.663314 0.529161
vn -0.000005 0.663273 0.748378
vn -0.529145 0.663301 0.529185
vn -0.672291 0.740287 -0.000007
vn -0.475434 0.740216 -0.475439
vn -0.000005 0.740171 -0.672418
vn 0.475462 0.740203 -0.475432
vn 0.672366 0.740219 -0.000016
vn 0.475428 0.740232 0.475420
vn -0.000005 0.740183 0.672405
vn -0.475397 0.740261 0.475407
vn -0.694556 0.719439 -0.000025
vn -0.491192 0.719369 -0.491160
vn -0.000013 0.719370 -0.694627
vn 0.491178 0.719403 -0.491125
vn 0.694595 0.719401 -0.000015
vn 0.491152 0.719416 0.491131
vn 0.000000 0.719375 0.694622
vn -0.491120 0.719453 0.491109
vn -0.987455 0.157898 -0.000015
vn -0.698308 0.157835 -0.698179
vn 0.000014 0.157899 -0.987455
vn 0.698278 0.157876 -0.698200
vn 0.987467 0.157826 -0.000045
vn 0.698237 0.157874 0.698241
vn 0.000000 0.157888 0.987457
vn -0.698276 0.157936 0.698189
vn -0.722307 -0.691573 0.000002
vn -0.510761 -0.691585 -0.510718
vn 0.000016 -0.691545 -0.722333
vn 0.510783 -0.691535 -0.510764
vn 0.722312 -0.691567 -0.000012
vn 0.510753 -0.691568 0.510749
vn 0.000003 -0.691534 0.722344
vn -0.510772 -0.691563 0.510737
vn -0.958804 0.284070 -0.000011
vn -0.677967 0.284163 -0.677947
vn -0.000007 0.284246 -0.958752
vn 0.677982 0.284232 -0.677903
vn 0.958767 0.284192 -0.000023
vn 0.677966 0.284223 0.677923
vn -0.000002 0.284218 0.958760
vn -0.677961 0.284134 0.677966
vn -0.535015 0.844843 0.000019
vn -0.378309 0.844826 -0.378354
vn -0.000013 0.844821 -0.535050
vn 0.378402 0.844805 -0.378308
vn 0.535150 0.844757 -0.000009
vn 0.378372 0.844822 0.378300
vn -0.000018 0.844816 0.535057
vn -0.378350 0.844791 0.378390
vn 0.000081 1.000000 0.000007
vn 1.000000 0.000064 0.000000
vn 1.000000 0.000004 0.000000
vn 1.000000 0.000004 0.000000
vn 1.000000 0.000064 0.000000
vn 1.000000 -0.000016 0.000000
vn 1.000000 -0.000016 0.000000
vn 0.000000 0.986775 0.162094
vn 0.000000 0.996805 0.079874
vn 0.000000 0.996805 0.079874
vn 0.000000 0.986775 0.162094
vn 0.000000 0.999218 0.039537
vn 0.000000 0.999218 0.039537
vn -1.000000 0.000022 0.000000
vn -1.000000 0.000013 0.000000
vn -1.000000 0.000013 0.000000
vn -1.000000 0.000022 0.000000
vn -1.000000 0.000004 0.000000
vn -1.000000 0.000004 0.000000
vn 0.000000 -0.986777 -0.162084
vn 0.000000 -0.996796 -0.079987
vn 0.000000 -0.996796 -0.079987
vn 0.000000 -0.986777 -0.162084
vn 0.000000 -0.999209 -0.039769
vn 0.000000 -0.999209 -0.039769
vn 0.000000 -0.247401 0.968913
vn 0.000000 -0.247401 0.968913
vn 0.000000 -0.247401 0.968913
vn 0.000000 -0.247401 0.968913
vn 0.000000 -0.979012 -0.203801
vn 0.000000 -0.979012 -0.203801
vn 1.000000 0.000103 0.000000
vn 1.000000 0.000103 0.000000
vn 0.000000 0.979009 0.203815
vn 0.000000 0.979009 0.203815
vn -1.000000 0.000021 0.000000
vn -1.000000 0.000021 0.000000
vn 1.000000 -0.000002 0.000000
vn 1.000000 -0.000020 0.000000
vn 0.993858 0.110324 0.008695
vn 0.993842 0.109339 0.017956
vn 1.000000 -0.000009 0.000000
vn 0.993861 0.110563 0.003914
vn 0.000000 0.986788 0.162018
vn 0.000000 0.996908 0.078577
vn 0.000000 0.996908 0.078577
vn 0.000000 0.986788 0.162018
vn 0.000000 0.999369 0.035512
vn 0.000000 0.999369 0.035512
vn -0.993840 0.109357 0.017956
vn -0.993859 0.110312 0.008695
vn -1.000000 0.000022 0.000000
vn -1.000000 0.000035 0.000000
vn -0.993863 0.110547 0.003915
vn -1.000000 0.000072 0.000000
vn 0.000000 -0.986788 -0.162017
vn 0.000000 -0.996909 -0.078562
vn 0.000000 -0.996909 -0.078562
vn 0.000000 -0.986788 -0.162017
vn 0.000000 -0.999371 -0.035459
vn 0.000000 -0.999371 -0.035459
vn 0.000000 -0.247394 0.968915
vn 0.000000 -0.247394 0.968915
vn 0.000000 -0.247402 0.968913
vn 0.000000 -0.247402 0.968913
vn 0.000000 -0.979335 -0.202244
vn 0.000000 -0.979335 -0.202244
vn 0.993833 0.108594 0.022436
vn 1.000000 0.000029 0.000000
vn 0.000000 0.979330 0.202269
vn 0.000000 0.979330 0.202269
vn -1.000000 0.000098 0.000000
vn -0.993828 0.108636 0.022436
vn 0.000000 -0.247411 0.968911
vn 0.000000 -0.247411 0.968911
vn -0.975411 0.215834 0.044596
vn -0.975444 0.217336 0.035692
vn -0.975515 0.219253 0.017284
vn -0.975544 0.219667 0.007782
vn 0.975519 0.219778 0.007779
vn 0.975501 0.219317 0.017283
vn 0.975444 0.217337 0.035692
vn 0.975414 0.215820 0.044596
vn 0.000000 0.000000 -1.000000
vn -0.707099 0.000000 -0.707114
vn -0.707099 0.000000 -0.707114
vn 0.000000 0.000000 -1.000000
vn -1.000000 0.000000 -0.000012
vn -1.000000 0.000000 -0.000012
vn -0.707094 0.000000 0.707119
vn -0.707094 0.000000 0.707119
vn 0.000000 0.000000 1.000000
vn 0.000000 0.000000 1.000000
vn 0.707094 0.000000 0.707119
vn 0.707094 0.000000 0.707119
vn 1.000000 0.000000 -0.000012
vn 1.000000 0.000000 -0.000012
vn 0.707099 0.000000 -0.707114
vn 0.707099 0.000000 -0.707114
vn 1.000000 -0.000062 0.000656
vn 1.000000 -0.000074 0.000417
vn 1.000000 -0.000074 0.000417
vn 1.000000 -0.000062 0.000656
vn 1.000000 0.000030 -0.000881
vn 1.000000 0.000030 -0.000881
vn 0.000000 0.989205 0.146539
vn 0.000000 0.997297 0.073475
vn 0.000000 0.997297 0.073475
vn 0.000000 0.989205 0.146539
vn 0.000000 0.999387 0.035018
vn 0.000000 0.999387 0.035018
vn -1.000000 -0.000093 0.000661
vn -1.000000 -0.000077 -0.000822
vn -1.000000 -0.000077 -0.000822
vn -1.000000 -0.000093 0.000661
vn -0.999994 0.000102 -0.003369
vn -0.999994 0.000102 -0.003369
vn 0.000000 -0.989403 -0.145195
vn 0.000000 -0.997414 -0.071874
vn 0.000000 -0.997414 -0.071874
vn 0.000000 -0.989403 -0.145195
vn 0.000000 -0.999385 -0.035078
vn 0.000000 -0.999385 -0.035078
vn 0.000000 -0.983369 -0.181619
vn 0.000000 -0.983369 -0.181619
vn 1.000000 0.000053 -0.000403
vn 1.000000 0.000053 -0.000403
vn 0.000000 0.983469 0.181075
vn 0.000000 0.983469 0.181075
vn -1.000000 0.000070 -0.000403
vn -1.000000 0.000070 -0.000403
vn 0.700144 -0.706480 -0.103363
vn 1.000000 0.000045 -0.000003
vn 1.000000 0.000069 -0.000004
vn 0.699963 -0.702583 -0.128177
vn 0.699894 0.702659 0.128133
vn 0.700103 0.706526 0.103333
vn 0.700087 -0.712144 -0.052247
vn 1.000000 -0.000056 -0.000003
vn 0.700124 0.712108 0.052235
vn 0.699805 -0.713862 -0.025973
vn 1.000000 -0.000133 -0.000005
vn 0.699892 0.713777 0.025962
vn -0.000042 0.989473 0.144721
vn -0.000058 0.983776 0.179400
vn -0.699799 0.702747 0.128171
vn -0.699995 0.706629 0.103360
vn -0.000069 0.997321 0.073156
vn -0.700001 0.712228 0.052247
vn -0.000112 0.999339 0.036351
vn -0.699769 0.713897 0.025975
vn -1.000000 -0.000085 -0.000001
vn -1.000000 -0.000079 -0.000001
vn -0.699737 -0.702806 -0.128184
vn -0.699929 -0.706692 -0.103369
vn -1.000000 -0.000044 -0.000001
vn -0.699979 -0.712249 -0.052254
vn -1.000000 0.000002 -0.000001
vn -0.699794 -0.713872 -0.025980
vn -0.000021 -0.989467 -0.144756
vn -0.000021 -0.983767 -0.179451
vn -0.000078 -0.997319 -0.073173
vn -0.000135 -0.999339 -0.036363
vn 1.000000 0.000000 0.000000
vn 1.000000 0.000000 0.000000
vn 1.000000 0.000000 0.000000
vn 1.000000 0.000000 0.000000
vn -1.000000 0.000000 0.000000
vn -1.000000 0.000000 0.000000
vn -1.000000 0.000000 0.000000
vn -1.000000 0.000000 0.000000
vn 0.000000 0.000000 -1.000000
vn 0.000000 0.000000 -1.000000
vn 0.000000 0.000000 -1.000000
vn 0.000000 0.000000 -1.000000
vn 0.000000 0.000000 1.000000
vn 0.000000 0.000000 1.000000
vn 0.000000 0.000000 1.000000
vn 0.000000 0.000000 1.000000
vn 0.707095 0.000000 -0.707119
vn -0.000031 0.000000 -1.000000
vn -0.000031 0.000000 -1.000000
vn 0.707095 0.000000 -0.707119
vn -0.707116 0.000000 -0.707097
vn -0.707116 0.000000 -0.707097
vn -1.000000 0.000000 0.000004
vn -1.000000 0.000000 0.000004
vn -0.707114 0.000000 0.707100
vn -0.707114 0.000000 0.707100
vn -0.000031 0.000000 1.000000
vn -0.000031 0.000000 1.000000
vn 0.707092 0.000000 0.707122
vn 0.707092 0.000000 0.707122
vn 1.000000 0.000000 0.000004
vn 1.000000 0.000000 0.000004
vn 0.363078 -0.858101 -0.363095
vn 0.633839 -0.443297 -0.633827
vn 0.896343 -0.443361 -0.000010
vn 0.513423 -0.858136 -0.000014
vn 0.633828 -0.443293 0.633840
vn 0.363039 -0.858123 0.363080
vn -0.000021 -0.443214 0.896416
vn -0.000012 -0.858072 0.513530
vn -0.633878 -0.443179 0.633870
vn -0.363128 -0.858067 0.363124
vn -0.896440 -0.443166 0.000002
vn -0.513528 -0.858073 0.000001
vn -0.633881 -0.443179 -0.633867
vn -0.363133 -0.858066 -0.363123
vn -0.000023 -0.443189 -0.896428
vn -0.000012 -0.858072 -0.513530
vn 0.529161 0.663289 -0.529184
vn 0.748388 0.663262 0.000019
vn 0.529178 0.663283 0.529175
vn -0.000014 0.663286 0.748366
vn -0.529150 0.663320 0.529157
vn -0.748311 0.663348 0.000001
vn -0.529150 0.663328 -0.529147
vn -0.000006 0.663306 -0.748348
vn 0.475380 0.740254 -0.475435
vn 0.672326 0.740255 0.000030
vn 0.475449 0.740195 0.475458
vn -0.000025 0.740177 0.672412
vn -0.475469 0.740158 0.475494
vn -0.672396 0.740192 0.000001
vn -0.475458 0.740184 -0.475466
vn -0.000015 0.740194 -0.672393
vn 0.491173 0.719386 -0.491155
vn 0.694661 0.719337 0.000010
vn 0.491210 0.719333 0.491194
vn -0.000043 0.719310 0.694690
vn -0.491241 0.719266 0.491263
vn -0.694663 0.719336 0.000020
vn -0.491187 0.719346 -0.491199
vn -0.000033 0.719375 -0.694622
vn 0.698259 0.157897 -0.698214
vn 0.987461 0.157865 0.000019
vn 0.698263 0.157886 0.698213
vn -0.000025 0.157842 0.987464
vn -0.698263 0.157878 0.698214
vn -0.987446 0.157958 0.000054
vn -0.698258 0.157929 -0.698208
vn 0.000010 0.157914 -0.987453
vn 0.510747 -0.691548 -0.510783
vn 0.722288 -0.691593 0.000011
vn 0.510756 -0.691548 0.510773
vn 0.000005 -0.691532 0.722346
vn -0.510769 -0.691552 0.510754
vn -0.722346 -0.691532 -0.000003
vn -0.510789 -0.691541 -0.510750
vn 0.000020 -0.691532 -0.722346
vn 0.677930 0.284154 -0.677988
vn 0.958797 0.284092 0.000015
vn 0.677949 0.284128 0.677980
vn -0.000008 0.284206 0.958763
vn -0.677935 0.284152 0.677984
vn -0.958780 0.284149 -0.000034
vn -0.677955 0.284176 -0.677953
vn -0.000001 0.284179 -0.958771
vn 0.378318 0.844835 -0.378325
vn 0.535046 0.844823 0.000007
vn 0.378336 0.844827 0.378323
vn -0.000041 0.844788 0.535101
vn -0.378339 0.844815 0.378349
vn -0.535058 0.844815 -0.000028
vn -0.378385 0.844797 -0.378341
vn -0.000022 0.844808 -0.535070
vn -0.000062 1.000000 0.000016
vn -0.000019 -0.858082 -0.513513
vn -0.000025 -0.443176 -0.896435
vn 0.633863 -0.443232 -0.633848
vn 0.363099 -0.858085 -0.363111
vn 0.896399 -0.443248 0.000002
vn 0.513530 -0.858072 0.000002
vn 0.633848 -0.443238 0.633859
vn 0.363114 -0.858063 0.363146
vn -0.000012 -0.443211 0.896417
vn 0.000002 -0.858071 0.513531
vn -0.633880 -0.443158 0.633883
vn -0.363092 -0.858096 0.363092
vn -0.896445 -0.443155 -0.000004
vn -0.513460 -0.858114 0.000000
vn -0.633876 -0.443174 -0.633875
vn -0.363091 -0.858088 -0.363110
vn -0.000002 0.663326 -0.748331
vn 0.529175 0.663289 -0.529171
vn 0.748388 0.663262 0.000001
vn 0.529179 0.663287 0.529169
vn -0.000019 0.663293 0.748360
vn -0.529126 0.663356 0.529135
vn -0.748280 0.663383 -0.000004
vn -0.529142 0.663346 -0.529133
vn -0.000010 0.740192 -0.672396
vn 0.475415 0.740221 -0.475451
vn 0.672324 0.740257 0.000001
vn 0.475407 0.740252 0.475411
vn -0.000026 0.740238 0.672345
vn -0.475451 0.740191 0.475461
vn -0.672440 0.740151 -0.000005
vn -0.475488 0.740147 -0.475493
vn -0.000048 0.719349 -0.694649
vn 0.491164 0.719389 -0.491159
vn 0.694623 0.719374 0.000001
vn 0.491166 0.719388 0.491158
vn -0.000029 0.719380 0.694617
vn -0.491176 0.719349 0.491206
vn -0.694670 0.719328 -0.000018
vn -0.491219 0.719281 -0.491263
vn -0.000038 0.157868 -0.987460
vn 0.698269 0.157906 -0.698202
vn 0.987461 0.157863 0.000002
vn 0.698254 0.157884 0.698222
vn 0.000016 0.157859 0.987462
vn -0.698253 0.157909 0.698217
vn -0.987446 0.157960 -0.000030
vn -0.698216 0.157852 -0.698267
vn 0.000005 -0.691518 -0.722360
vn 0.510772 -0.691526 -0.510787
vn 0.722321 -0.691558 -0.000002
vn 0.510768 -0.691529 0.510787
vn 0.000009 -0.691521 0.722356
vn -0.510765 -0.691561 0.510748
vn -0.722300 -0.691580 -0.000014
vn -0.510764 -0.691550 -0.510762
vn -0.000006 0.284230 -0.958756
vn 0.677941 0.284154 -0.677976
vn 0.958782 0.284142 -0.000017
vn 0.677931 0.284171 0.677980
vn -0.000021 0.284203 0.958764
vn -0.677923 0.284167 0.677989
vn -0.958786 0.284129 -0.000031
vn -0.677940 0.284199 -0.677959
vn -0.000009 0.844815 -0.535059
vn 0.378342 0.844816 -0.378343
vn 0.535049 0.844821 -0.000012
vn 0.378329 0.844825 0.378335
vn -0.000022 0.844792 0.535095
vn -0.378369 0.844803 0.378345
vn -0.535111 0.844782 -0.000009
vn -0.378382 0.844810 -0.378316
vn -0.000073 1.000000 0.000014
vn -1.000000 0.000000 0.000000
vn -1.000000 0.000000 0.000000
vn -1.000000 0.000000 0.000000
vn -1.000000 0.000000 0.000000
vn 0.000000 0.000000 1.000000
vn 0.000000 0.000000 1.000000
vn 0.000000 0.000000 1.000000
vn 0.000000 0.000000 1.000000
vn 1.000000 0.000000 0.000000
vn 1.000000 0.000000 0.000000
vn 1.000000 0.000000 0.000000
vn 1.000000 0.000000 0.000000
vn 1.000000 -0.000020 0.000000
vn 1.000000 0.000044 0.000000
vn 1.000000 0.000044 0.000000
vn 1.000000 -0.000020 0.000000
vn 1.000000 0.000064 0.000000
vn 1.000000 0.000064 0.000000
vn 0.000000 0.986776 0.162088
vn 0.000000 0.996818 0.079708
vn 0.000000 0.996818 0.079708
vn 0.000000 0.986776 0.162088
vn 0.000000 0.999231 0.039207
vn 0.000000 0.999231 0.039207
vn -1.000000 -0.000001 0.000000
vn -1.000000 -0.000006 0.000000
vn -1.000000 -0.000006 0.000000
vn -1.000000 -0.000001 0.000000
vn -1.000000 0.000014 0.000000
vn -1.000000 0.000014 0.000000
vn 0.000000 -0.986776 -0.162092
vn 0.000000 -0.996799 -0.079950
vn 0.000000 -0.996799 -0.079950
vn 0.000000 -0.986776 -0.162092
vn 0.000000 -0.999212 -0.039693
vn 0.000000 -0.999212 -0.039693
vn 0.000000 -0.247412 0.968910
vn 0.000000 -0.247412 0.968910
vn 0.000000 -0.247412 0.968910
vn 0.000000 -0.247412 0.968910
vn 0.000000 -0.979009 -0.203815
vn 0.000000 -0.979009 -0.203815
vn 1.000000 -0.000064 0.000000
vn 1.000000 -0.000064 0.000000
vn 0.000000 0.979011 0.203806
vn 0.000000 0.979011 0.203806
vn -1.000000 0.000023 0.000000
vn -1.000000 0.000023 0.000000
vn 1.000000 0.000038 0.000000
vn 1.000000 0.000004 -0.000005
vn 0.993869 0.110228 0.008684
vn 0.993852 0.109256 0.017944
vn 1.000000 -0.000016 -0.000010
vn 0.993871 0.110479 0.003901
vn 0.000000 0.986788 0.162018
vn 0.000000 0.996908 0.078579
vn 0.000000 0.996908 0.078579
vn 0.000000 0.986788 0.162018
vn 0.000000 0.999369 0.035512
vn 0.000000 0.999369 0.035512
vn -0.993838 0.109380 0.017956
vn -0.993857 0.110330 0.008699
vn -1.000000 -0.000002 0.000005
vn -1.000000 0.000036 0.000000
vn -0.993858 0.110593 0.003923
vn -1.000000 -0.000001 0.000010
vn 0.000000 -0.986788 -0.162017
vn 0.000000 -0.996909 -0.078563
vn 0.000000 -0.996909 -0.078563
vn 0.000000 -0.986788 -0.162017
vn 0.000000 -0.999371 -0.035460
vn 0.000000 -0.999371 -0.035460
vn 0.000000 -0.247394 0.968915
vn 0.000000 -0.247394 0.968915
vn 0.000000 -0.247399 0.968914
vn 0.000000 -0.247399 0.968914
vn 0.000000 -0.979335 -0.202244
vn 0.000000 -0.979335 -0.202244
vn 0.993840 0.108537 0.022420
vn 1.000000 0.000051 0.000000
vn 0.000000 0.979331 0.202266
vn 0.000000 0.979331 0.202266
vn -1.000000 0.000076 0.000000
vn -0.993822 0.108692 0.022436
vn 0.000000 -0.247404 0.968912
vn 0.000000 -0.247404 0.968912
vn -0.975382 0.215967 0.044595
vn -0.975434 0.217380 0.035691
vn -0.975502 0.219312 0.017287
vn -0.975508 0.219828 0.007787
vn 0.975555 0.219619 0.007764
vn 0.975549 0.219104 0.017266
vn 0.975489 0.217137 0.035667
vn 0.975445 0.215686 0.044565
vn 0.000000 0.994073 0.108712
vn 0.000000 0.994073 0.108712
vn 0.000000 0.994073 0.108712
vn 0.000000 0.994073 0.108712
vn 0.000000 -0.994073 -0.108712
vn 0.000000 -0.994073 -0.108712
vn 0.000000 -0.994073 -0.108712
vn 0.000000 -0.994073 -0.108712
vn 0.000000 0.098766 -0.995111
vn 0.000000 0.098766 -0.995111
vn 0.000000 0.098766 -0.995111
vn 0.000000 0.098766 -0.995111
vn 0.000000 -0.122099 0.992518
vn 0.000000 -0.122099 0.992518
vn 0.000000 -0.122099 0.992518
vn 0.000000 -0.122099 0.992518
vn 0.000000 0.991126 0.132925
vn 0.000000 0.991126 0.132925
vn 0.000000 0.991126 0.132925
vn 0.000000 0.991126 0.132925
vn 0.000000 -0.991126 -0.132925
vn 0.000000 -0.991126 -0.132925
vn 0.000000 -0.991126 -0.132925
vn 0.000000 -0.991126 -0.132925
vn 0.000000 0.123396 -0.992357
vn 0.000000 0.123396 -0.992357
vn 0.000000 0.123396 -0.992357
vn 0.000000 0.123396 -0.992357
vn 0.000000 -0.146638 0.989190
vn 0.000000 -0.146638 0.989190
vn 0.000000 -0.146638 0.989190
vn 0.000000 -0.146638 0.989190
vn 0.000000 0.983464 0.181106
vn 0.000000 0.983464 0.181106
vn 0.000000 0.983464 0.181106
vn 0.000000 0.983464 0.181106
vn 0.000000 -0.983463 -0.181107
vn 0.000000 -0.983463 -0.181107
vn 0.000000 -0.983463 -0.181107
vn 0.000000 -0.983463 -0.181107
vn 0.000000 0.172372 -0.985032
vn 0.000000 0.172372 -0.985032
vn 0.000000 0.172372 -0.985032
vn 0.000000 0.172372 -0.985032
vn 0.000000 -0.195439 0.980716
vn 0.000000 -0.195439 0.980716
vn 0.000000 -0.195439 0.980716
vn 0.000000 -0.195439 0.980716
vn 0.000000 0.978654 0.205516
vn 0.000000 0.978654 0.205516
vn 0.000000 0.978654 0.205516
vn 0.000000 0.978654 0.205516
vn 0.000000 -0.978654 -0.205515
vn 0.000000 -0.978654 -0.205515
vn 0.000000 -0.978654 -0.205515
vn 0.000000 -0.978654 -0.205515
vn 0.000000 0.197193 -0.980365
vn 0.000000 0.197193 -0.980365
vn 0.000000 0.197193 -0.980365
vn 0.000000 0.197193 -0.980365
vn 0.000000 -0.220120 0.975473
vn 0.000000 -0.220120 0.975473
vn 0.000000 -0.220120 0.975473
vn 0.000000 -0.220120 0.975473
vn 0.000000 0.972706 0.232039
vn 0.000000 0.972706 0.232039
vn 0.000000 0.972706 0.232039
vn 0.000000 0.972706 0.232039
vn 0.000000 -0.972707 -0.232039
vn 0.000000 -0.972707 -0.232039
vn 0.000000 -0.972707 -0.232039
vn 0.000000 -0.972707 -0.232039
vn 0.000000 0.224154 -0.974554
vn 0.000000 0.224154 -0.974554
vn 0.000000 0.224154 -0.974554
vn 0.000000 0.224154 -0.974554
vn 0.000000 -0.246937 0.969032
vn 0.000000 -0.246937 0.969032
vn 0.000000 -0.246937 0.969032
vn 0.000000 -0.246937 0.969032
vn 0.000000 0.987589 0.157061
vn 0.000000 0.987589 0.157061
vn 0.000000 0.987589 0.157061
vn 0.000000 0.987589 0.157061
vn 0.000000 -0.987589 -0.157062
vn 0.000000 -0.987589 -0.157062
vn 0.000000 -0.987589 -0.157062
vn 0.000000 -0.987589 -0.157062
vn 0.000000 0.147925 -0.988999
vn 0.000000 0.147925 -0.988999
vn 0.000000 0.147925 -0.988999
vn 0.000000 0.147925 -0.988999
vn 0.000000 -0.171085 0.985256
vn 0.000000 -0.171085 0.985256
vn 0.000000 -0.171085 0.985256
vn 0.000000 -0.171085 0.985256
vn 0.000000 0.996429 0.084436
vn 0.000000 0.996429 0.084436
vn 0.000000 0.996429 0.084436
vn 0.000000 0.996429 0.084436
vn 0.000000 -0.996429 -0.084436
vn 0.000000 -0.996429 -0.084436
vn 0.000000 -0.996429 -0.084436
vn 0.000000 -0.996429 -0.084436
vn 0.000000 0.074094 -0.997251
vn 0.000000 0.074094 -0.997251
vn 0.000000 0.074094 -0.997251
vn 0.000000 0.074094 -0.997251
vn 0.000000 -0.097468 0.995239
vn 0.000000 -0.097468 0.995239
vn 0.000000 -0.097468 0.995239
vn 0.000000 -0.097468 0.995239
vn 0.000000 0.999936 0.011318
vn 0.000000 0.999936 0.011318
vn 0.000000 0.999936 0.011318
vn 0.000000 0.999936 0.011318
vn 0.000000 -0.999936 -0.011319
vn 0.000000 -0.999936 -0.011319
vn 0.000000 -0.999936 -0.011319
vn 0.000000 -0.999936 -0.011319
vn 0.000000 -0.000176 -1.000000
vn 0.000000 -0.000176 -1.000000
vn 0.000000 -0.000176 -1.000000
vn 0.000000 -0.000176 -1.000000
vn 0.000000 -0.023291 0.999729
vn 0.000000 -0.023291 0.999729
vn 0.000000 -0.023291 0.999729
vn 0.000000 -0.023291 0.999729
vn 0.000000 0.999361 0.035753
vn 0.000000 0.999361 0.035753
vn 0.000000 0.999361 0.035753
vn 0.000000 0.999361 0.035753
vn 0.000000 -0.999361 -0.035753
vn 0.000000 -0.999361 -0.035753
vn 0.000000 -0.999361 -0.035753
vn 0.000000 -0.999361 -0.035753
vn 0.000000 0.024598 -0.999697
vn 0.000000 0.024598 -0.999697
vn 0.000000 0.024598 -0.999697
vn 0.000000 0.024598 -0.999697
vn 0.000000 -0.048044 0.998845
vn 0.000000 -0.048044 0.998845
vn 0.000000 -0.048044 0.998845
vn 0.000000 -0.048044 0.998845
vn 0.000000 0.998192 0.060112
vn 0.000000 0.998192 0.060112
vn 0.000000 0.998192 0.060112
vn 0.000000 0.998192 0.060112
vn 0.000000 -0.998192 -0.060112
vn 0.000000 -0.998192 -0.060112
vn 0.000000 -0.998192 -0.060112
vn 0.000000 -0.998192 -0.060112
vn 0.000000 0.049361 -0.998781
vn 0.000000 0.049361 -0.998781
vn 0.000000 0.049361 -0.998781
vn 0.000000 0.049361 -0.998781
vn 0.000000 -0.072787 0.997348
vn 0.000000 -0.072787 0.997348
vn 0.000000 -0.072787 0.997348
vn 0.000000 -0.072787 0.997348
vn 0.000000 -0.707102 -0.707112
vn 0.000000 -1.000000 0.000015
vn 0.000000 -1.000000 0.000015
vn 0.000000 -0.707102 -0.707112
vn 0.000000 -0.707108 0.707105
vn 0.000000 -0.707108 0.707105
vn 0.000000 0.000000 1.000000
vn 0.000000 0.000000 1.000000
vn 0.000000 0.707108 0.707106
vn 0.000000 0.707108 0.707106
vn 0.000000 1.000000 0.000015
vn 0.000000 1.000000 0.000015
vn 0.000000 0.707101 -0.707112
vn 0.000000 0.707101 -0.707112
vn 0.000000 0.000000 -1.000000
vn 0.000000 0.000000 -1.000000
vn 1.000000 0.000000 0.000000
vn 1.000000 0.000000 0.000000
vn 1.000000 0.000000 0.000000
vn 1.000000 0.000000 0.000000
vn 0.000000 0.000000 1.000000
vn 0.000000 0.000000 1.000000
vn 0.000000 0.000000 1.000000
vn 0.000000 0.000000 1.000000
vn -1.000000 0.000000 0.000000
vn -1.000000 0.000000 0.000000
vn -1.000000 0.000000 0.000000
vn -1.000000 0.000000 0.000000
vn -0.707037 0.001390 0.707175
vn -0.000061 0.000590 1.000000
vn -0.000061 0.000590 1.000000
vn -0.707037 0.001390 0.707175
vn 0.707073 -0.000551 0.707140
vn 0.707073 -0.000551 0.707140
vn 0.999999 -0.001368 -0.000012
vn 0.999999 -0.001368 -0.000012
vn 0.707047 -0.001385 -0.707165
vn 0.707047 -0.001385 -0.707165
vn -0.000062 -0.000591 -1.000000
vn -0.000062 -0.000591 -1.000000
vn -0.707013 0.000553 -0.707201
vn -0.707013 0.000553 -0.707201
vn -0.999999 0.001376 -0.000012
vn -0.999999 0.001376 -0.000012
vn 1.000000 0.000000 0.000004
vn 0.707062 0.000000 -0.707151
vn 0.707062 0.000000 -0.707151
vn 1.000000 0.000000 0.000004
vn -0.000092 0.000000 -1.000000
vn -0.000092 0.000000 -1.000000
vn -0.707023 0.000000 -0.707191
vn -0.707023 0.000000 -0.707191
vn -1.000000 0.000000 0.000004
vn -1.000000 0.000000 0.000004
vn -0.707035 0.000000 0.707178
vn -0.707035 0.000000 0.707178
vn -0.000092 0.000000 1.000000
vn -0.000092 0.000000 1.000000
vn 0.707075 0.000000 0.707139
vn 0.707075 0.000000 0.707139
vn 0.513528 -0.858073 -0.000047
vn 0.896396 -0.443255 -0.000057
vn 0.633848 -0.443221 0.633871
vn 0.363048 -0.858121 0.363077
vn -0.000073 -0.443214 0.896416
vn -0.000050 -0.858101 0.513480
vn -0.633891 -0.443207 0.633837
vn -0.363170 -0.858048 0.363126
vn -0.896403 -0.443241 0.000011
vn -0.513565 -0.858051 0.000015
vn -0.633881 -0.443228 -0.633833
vn -0.363136 -0.858070 -0.363110
vn -0.000037 -0.443208 -0.896419
vn -0.000018 -0.858068 -0.513535
vn 0.633834 -0.443258 -0.633859
vn 0.363145 -0.858037 -0.363178
vn 0.748382 0.663268 -0.000028
vn 0.529131 0.663349 0.529140
vn -0.000043 0.663322 0.748334
vn -0.529226 0.663263 0.529151
vn -0.748410 0.663236 0.000022
vn -0.529190 0.663307 -0.529132
vn -0.000026 0.663325 -0.748331
vn 0.529191 0.663256 -0.529197
vn 0.672331 0.740251 -0.000002
vn 0.475429 0.740241 0.475406
vn -0.000050 0.740184 0.672405
vn -0.475493 0.740187 0.475425
vn -0.672354 0.740230 0.000021
vn -0.475448 0.740228 -0.475407
vn -0.000045 0.740180 -0.672409
vn 0.475425 0.740235 -0.475418
vn 0.694632 0.719366 -0.000001
vn 0.491178 0.719416 0.491106
vn -0.000101 0.719351 0.694647
vn -0.491227 0.719317 0.491201
vn -0.694624 0.719373 0.000000
vn -0.491220 0.719319 -0.491205
vn -0.000081 0.719315 -0.694684
vn 0.491185 0.719385 -0.491145
vn 0.987473 0.157788 0.000001
vn 0.698275 0.157883 0.698202
vn -0.000162 0.157907 0.987454
vn -0.698282 0.157824 0.698208
vn -0.987471 0.157799 -0.000001
vn -0.698265 0.157837 -0.698221
vn -0.000125 0.157930 -0.987450
vn 0.698246 0.157896 -0.698228
vn 0.722308 -0.691571 0.000000
vn 0.510738 -0.691565 0.510768
vn -0.000058 -0.691540 0.722338
vn -0.510837 -0.691501 0.510756
vn -0.722370 -0.691507 0.000027
vn -0.510791 -0.691551 -0.510734
vn -0.000055 -0.691533 -0.722345
vn 0.510735 -0.691567 -0.510769
vn 0.958751 0.284248 -0.000001
vn 0.677906 0.284217 0.677985
vn -0.000045 0.284187 0.958769
vn -0.677994 0.284232 0.677891
vn -0.958754 0.284236 0.000069
vn -0.677980 0.284158 -0.677937
vn -0.000067 0.284128 -0.958786
vn 0.677918 0.284199 -0.677981
vn 0.534950 0.844884 -0.000018
vn 0.378276 0.844848 0.378338
vn -0.000023 0.844783 0.535110
vn -0.378420 0.844782 0.378341
vn -0.535092 0.844794 0.000036
vn -0.378339 0.844822 -0.378333
vn -0.000030 0.844763 -0.535141
vn 0.378305 0.844821 -0.378368
vn -0.000069 1.000000 -0.000011
vn -0.363235 -0.858024 0.363118
vn -0.633925 -0.443186 0.633818
vn -0.896441 -0.443162 0.000002
vn -0.513703 -0.857968 0.000013
vn -0.633897 -0.443200 -0.633837
vn -0.363189 -0.858041 -0.363123
vn -0.000066 -0.443198 -0.896424
vn -0.000044 -0.858111 -0.513464
vn 0.633844 -0.443220 -0.633875
vn 0.363009 -0.858150 -0.363047
vn 0.896401 -0.443245 0.000013
vn 0.513458 -0.858115 0.000025
vn 0.633863 -0.443221 0.633856
vn 0.363119 -0.858070 0.363125
vn -0.000047 -0.443204 0.896421
vn -0.000016 -0.858090 0.513499
vn -0.529230 0.663271 0.529138
vn -0.748443 0.663199 -0.000006
vn -0.529218 0.663267 -0.529155
vn -0.000049 0.663360 -0.748301
vn 0.529106 0.663387 -0.529117
vn 0.748350 0.663304 -0.000002
vn 0.529162 0.663305 0.529164
vn -0.000031 0.663333 0.748325
vn -0.475530 0.740162 0.475427
vn -0.672512 0.740086 -0.000017
vn -0.475544 0.740141 -0.475446
vn -0.000043 0.740192 -0.672395
vn 0.475407 0.740235 -0.475436
vn 0.672324 0.740257 -0.000007
vn 0.475413 0.740232 0.475435
vn -0.000036 0.740183 0.672405
vn -0.491235 0.719311 0.491203
vn -0.694676 0.719323 -0.000018
vn -0.491236 0.719302 -0.491215
vn -0.000071 0.719319 -0.694680
vn 0.491201 0.719352 -0.491178
vn 0.694655 0.719343 -0.000027
vn 0.491180 0.719376 0.491163
vn -0.000070 0.719302 0.694697
vn -0.698276 0.157854 0.698207
vn -0.987451 0.157927 -0.000017
vn -0.698243 0.157868 -0.698237
vn -0.000121 0.157850 -0.987463
vn 0.698303 0.157843 -0.698182
vn 0.987477 0.157763 -0.000061
vn 0.698285 0.157853 0.698198
vn -0.000095 0.157846 0.987464
vn -0.510815 -0.691546 0.510717
vn -0.722359 -0.691518 -0.000004
vn -0.510786 -0.691559 -0.510728
vn -0.000045 -0.691553 -0.722326
vn 0.510769 -0.691552 -0.510755
vn 0.722363 -0.691514 -0.000016
vn 0.510788 -0.691532 0.510763
vn -0.000033 -0.691534 0.722344
vn -0.678009 0.284169 0.677902
vn -0.958768 0.284190 0.000017
vn -0.677973 0.284195 -0.677928
vn -0.000047 0.284194 -0.958767
vn 0.677927 0.284226 -0.677960
vn 0.958755 0.284234 -0.000005
vn 0.677937 0.284248 0.677942
vn -0.000042 0.284198 0.958766
vn -0.378384 0.844805 0.378325
vn -0.535084 0.844799 -0.000012
vn -0.378393 0.844798 -0.378332
vn -0.000022 0.844799 -0.535085
vn 0.378314 0.844810 -0.378384
vn 0.535012 0.844845 -0.000002
vn 0.378330 0.844804 0.378382
vn -0.000027 0.844792 0.535094
vn -0.000054 1.000000 -0.000014
vn 1.000000 0.000000 0.000000
vn 1.000000 0.000000 0.000000
vn 1.000000 0.000000 0.000000
vn 1.000000 0.000000 0.000000
vn 0.000000 0.000000 -1.000000
vn 0.000000 0.000000 -1.000000
vn 0.000000 0.000000 -1.000000
vn 0.000000 0.000000 -1.000000
vn -1.000000 0.000000 0.000000
vn -1.000000 0.000000 0.000000
vn -1.000000 0.000000 0.000000
vn -1.000000 0.000000 0.000000
vn 0.000000 0.999995 -0.003207
vn 0.000001 0.999980 -0.006363
vn 0.000001 0.999980 -0.006363
vn 0.000000 0.999995 -0.003207
vn 0.999999 0.000000 -0.001474
vn 0.999998 0.000000 -0.002173
vn 0.999998 0.000000 -0.002173
vn 0.999999 0.000000 -0.001474
vn -0.000000 -1.000000 0.000575
vn -0.000000 -0.999999 0.001198
vn -0.000000 -0.999999 0.001198
vn -0.000000 -1.000000 0.000575
vn -1.000000 0.000000 0.000893
vn -0.999998 0.000000 0.001904
vn -0.999998 0.000000 0.001904
vn -1.000000 0.000000 0.000893
vn -1.000000 0.000000 -0.000118
vn -1.000000 0.000000 -0.000118
vn -0.000000 1.000000 -0.000050
vn -0.000000 1.000000 -0.000050
vn 1.000000 0.000000 -0.000774
vn 1.000000 0.000000 -0.000774
vn -0.000000 -1.000000 -0.000049
vn -0.000000 -1.000000 -0.000049
vn -0.999999 0.000000 -0.001246
vn -0.999999 0.000000 -0.001246
vn -1.000000 0.000000 0.000661
vn -1.000000 0.000000 0.000661
vn -0.999995 0.000000 -0.003154
vn -0.999995 0.000000 -0.003154
vn 0.000000 0.999997 0.002352
vn 0.000000 0.999997 0.002352
vn 0.000000 0.999997 0.002606
vn 0.000000 0.999997 0.002606
vn 0.000000 0.999998 0.002097
vn 0.000000 0.999998 0.002097
vn 1.000000 0.000000 0.000744
vn 1.000000 0.000000 0.000744
vn 0.999997 0.000000 0.002564
vn 0.999997 0.000000 0.002564
vn 0.999999 0.000000 -0.001075
vn 0.999999 0.000000 -0.001075
vn 0.000000 -1.000000 -0.000900
vn 0.000000 -1.000000 -0.000900
vn 0.000000 -1.000000 0.000043
vn 0.000000 -1.000000 0.000043
vn 0.000000 -0.999998 -0.001844
vn 0.000000 -0.999998 -0.001844
vn -1.000000 0.000009 0.000070
vn -1.000000 0.000025 0.000044
vn -0.698561 -0.715550 0.000296
vn -0.697405 -0.716678 0.000098
vn -0.698543 0.715569 0.000061
vn -0.697399 0.716683 0.000471
vn -0.699716 -0.714421 0.000494
vn -1.000000 0.000041 0.000018
vn -0.699684 0.714452 -0.000348
vn -0.000075 1.000000 0.000726
vn -0.000069 1.000000 0.000128
vn 0.698460 0.715649 0.000061
vn 0.697287 0.716792 0.000471
vn -0.000062 1.000000 -0.000470
vn 0.699631 0.714505 -0.000348
vn 1.000000 0.000009 0.000070
vn 1.000000 0.000003 0.000044
vn 0.698459 -0.715650 0.000296
vn 0.697293 -0.716787 0.000098
vn 1.000000 -0.000002 0.000018
vn 0.699624 -0.714511 0.000494
vn -0.000075 -1.000000 0.000205
vn -0.000074 -1.000000 0.000457
vn -0.000073 -1.000000 0.000709
vn -1.000000 -0.000002 -0.000070
vn -0.697453 -0.716630 -0.000098
vn -0.698590 -0.715522 -0.000507
vn -1.000000 -0.000002 -0.000041
vn -0.697448 0.716635 -0.000471
vn -0.698591 0.715521 0.000155
vn -0.699726 -0.714411 -0.000917
vn -1.000000 -0.000001 -0.000013
vn -0.699732 0.714405 0.000780
vn -0.000050 1.000000 -0.000725
vn -0.000007 1.000000 0.000171
vn 0.697296 0.716783 -0.000471
vn 0.698455 0.715654 0.000150
vn 0.000036 0.999999 0.001068
vn 0.699612 0.714522 0.000771
vn 1.000000 0.000079 -0.000070
vn 1.000000 0.000064 -0.000046
vn 0.697352 -0.716729 -0.000098
vn 0.698491 -0.715618 -0.000512
vn 1.000000 0.000048 -0.000023
vn 0.699629 -0.714506 -0.000926
vn -0.000060 -1.000000 -0.000205
vn -0.000021 -1.000000 -0.000755
vn 0.000019 -0.999999 -0.001307
vn 1.000000 0.000000 0.000000
vn 1.000000 0.000000 0.000000
vn 0.707122 0.000000 0.707092
vn 0.707122 0.000000 0.707092
vn -0.000092 0.000000 1.000000
vn -0.000092 0.000000 1.000000
vn -0.707030 0.000000 0.707184
vn -0.707030 0.000000 0.707184
vn -1.000000 0.000000 0.000000
vn -1.000000 0.000000 0.000000
vn -0.707022 0.000000 -0.707192
vn -0.707022 0.000000 -0.707192
vn -0.000092 0.000000 -1.000000
vn -0.000092 0.000000 -1.000000
vn 0.707114 0.000000 -0.707099
vn 0.707114 0.000000 -0.707099
vn 0.513385 -0.858158 0.000000
vn 0.363030 -0.858128 -0.363078
vn 0.633844 -0.443228 -0.633870
vn 0.896406 -0.443235 0.000002
vn -0.000027 -0.858112 -0.513463
vn -0.000052 -0.443239 -0.896403
vn -0.363180 -0.858057 -0.363096
vn -0.633894 -0.443236 -0.633814
vn -0.513627 -0.858014 -0.000002
vn -0.896418 -0.443209 0.000004
vn -0.363180 -0.858042 0.363130
vn -0.633898 -0.443197 0.633837
vn -0.000050 -0.858101 0.513480
vn -0.000073 -0.443198 0.896424
vn 0.363010 -0.858143 0.363063
vn 0.633841 -0.443225 0.633875
vn 0.529135 0.663347 -0.529138
vn 0.748315 0.663344 0.000003
vn -0.000035 0.663312 -0.748343
vn -0.529230 0.663258 -0.529155
vn -0.748421 0.663224 -0.000000
vn -0.529205 0.663293 0.529135
vn -0.000032 0.663339 0.748319
vn 0.529124 0.663353 0.529141
vn 0.475430 0.740240 -0.475407
vn 0.672361 0.740223 0.000013
vn -0.000047 0.740193 -0.672395
vn -0.475467 0.740221 -0.475398
vn -0.672383 0.740204 0.000015
vn -0.475488 0.740196 0.475417
vn -0.000038 0.740201 0.672385
vn 0.475446 0.740210 0.475438
vn 0.491188 0.719397 -0.491123
vn 0.694659 0.719339 0.000013
vn -0.000086 0.719343 -0.694655
vn -0.491247 0.719311 -0.491191
vn -0.694673 0.719325 -0.000000
vn -0.491239 0.719304 0.491208
vn -0.000104 0.719385 0.694612
vn 0.491184 0.719409 0.491110
vn 0.698284 0.157871 -0.698195
vn 0.987471 0.157800 0.000010
vn -0.000131 0.157877 -0.987459
vn -0.698317 0.157780 -0.698183
vn -0.987473 0.157787 -0.000034
vn -0.698274 0.157853 0.698209
vn -0.000178 0.157931 0.987450
vn 0.698302 0.157916 0.698167
vn 0.510751 -0.691568 -0.510751
vn 0.722330 -0.691549 0.000009
vn -0.000052 -0.691548 -0.722330
vn -0.510819 -0.691524 -0.510743
vn -0.722377 -0.691499 -0.000022
vn -0.510805 -0.691544 0.510731
vn -0.000054 -0.691542 0.722336
vn 0.510764 -0.691564 0.510744
vn 0.677926 0.284216 -0.677966
vn 0.958761 0.284213 0.000013
vn -0.000051 0.284172 -0.958773
vn -0.677992 0.284185 -0.677913
vn -0.958763 0.284207 -0.000059
vn -0.677996 0.284174 0.677913
vn -0.000050 0.284212 0.958762
vn 0.677942 0.284242 0.677939
vn 0.378328 0.844829 -0.378327
vn 0.535006 0.844848 0.000008
vn -0.000037 0.844783 -0.535110
vn -0.378392 0.844790 -0.378351
vn -0.535093 0.844793 0.000006
vn -0.378391 0.844809 0.378310
vn -0.000022 0.844829 0.535037
vn 0.378318 0.844840 0.378313
vn -0.000050 1.000000 -0.000013
vn -1.000000 0.000000 0.000000
vn -1.000000 0.000000 0.000000
vn -1.000000 0.000000 0.000000
vn -1.000000 0.000000 0.000000
vn 0.000000 1.000000 0.000073
vn 0.000000 1.000000 0.000073
vn 0.000000 1.000000 0.000073
vn 0.000000 1.000000 0.000073
vn 1.000000 0.000000 0.000000
vn 1.000000 0.000000 0.000000
vn 1.000000 0.000000 0.000000
vn 1.000000 0.000000 0.000000
vn 0.000000 -1.000000 -0.000114
vn 0.000000 -1.000000 -0.000114
vn 0.000000 -1.000000 -0.000114
vn 0.000000 -1.000000 -0.000114
vn -1.000000 -0.000042 0.000000
vn -1.000000 -0.000067 0.000005
vn -0.993932 0.109650 -0.008767
vn -0.993942 0.108445 -0.017862
vn -1.000000 -0.000094 0.000010
vn -0.993908 0.110126 -0.004322
vn 0.000000 0.986716 -0.162457
vn 0.000000 0.996821 -0.079678
vn 0.000000 0.996821 -0.079678
vn 0.000000 0.986716 -0.162457
vn 0.000000 0.999233 -0.039150
vn 0.000000 0.999233 -0.039150
vn 0.993957 0.108310 -0.017837
vn 0.993944 0.109534 -0.008765
vn 1.000000 -0.000043 -0.000005
vn 1.000000 -0.000041 0.000000
vn 0.993916 0.110057 -0.004336
vn 1.000000 -0.000023 -0.000010
vn 0.000000 -0.986717 0.162451
vn 0.000000 -0.996821 0.079677
vn 0.000000 -0.996821 0.079677
vn 0.000000 -0.986717 0.162451
vn 0.000000 -0.999234 0.039140
vn 0.000000 -0.999234 0.039140
vn 0.000000 -0.978862 0.204523
vn 0.000000 -0.978862 0.204523
vn -0.993927 0.107716 -0.022511
vn -1.000000 -0.000045 0.000000
vn 0.000000 0.978858 -0.204542
vn 0.000000 0.978858 -0.204542
vn 1.000000 -0.000019 0.000000
vn 0.993939 0.107609 -0.022480
vn -1.000000 0.000041 0.000000
vn -0.993938 0.108492 0.017780
vn -0.993938 0.109590 0.008788
vn -1.000000 0.000081 0.000000
vn -0.993931 0.109922 0.004365
vn -1.000000 0.000080 0.000000
vn 0.000000 0.986836 0.161723
vn 0.000000 0.986836 0.161723
vn 0.000000 0.996800 0.079935
vn 0.000000 0.996800 0.079935
vn 0.000000 0.999213 0.039665
vn 0.000000 0.999213 0.039665
vn 0.993957 0.108329 0.017755
vn 1.000000 -0.000041 0.000000
vn 1.000000 -0.000041 0.000000
vn 0.993958 0.109412 0.008776
vn 1.000000 0.000000 0.000000
vn 0.993946 0.109780 0.004358
vn 0.000000 -0.986835 -0.161730
vn 0.000000 -0.986835 -0.161730
vn 0.000000 -0.996800 -0.079934
vn 0.000000 -0.996800 -0.079934
vn 0.000000 -0.999213 -0.039661
vn 0.000000 -0.999213 -0.039661
vn 0.000000 -0.979159 -0.203097
vn 0.000000 -0.979159 -0.203097
vn -1.000000 0.000000 0.000000
vn -0.993929 0.107726 0.022348
vn 0.000000 0.979161 0.203086
vn 0.000000 0.979161 0.203086
vn 0.993942 0.107613 0.022316
vn 1.000000 0.000000 0.000000
vn -0.975842 0.217777 0.017471
vn -0.975814 0.218432 0.008676
vn 0.975894 0.217545 0.017446
vn 0.975859 0.218231 0.008664
vn 0.975890 0.215392 0.035296
vn 0.975843 0.213922 0.044362
vn 0.975826 0.213933 -0.044686
vn 0.975892 0.215357 -0.035459
vn 0.975841 0.217788 -0.017419
vn 0.975733 0.218796 -0.008609
vn -0.975687 0.219001 -0.008601
vn -0.975785 0.218038 -0.017434
vn -0.975831 0.215622 -0.035508
vn -0.975771 0.214168 -0.044749
vn -0.975834 0.215634 0.035346
vn -0.975791 0.214145 0.044424
vn -1.000000 0.000000 0.000000
vn -1.000000 0.000000 0.000000
vn -1.000000 0.000000 0.000000
vn -1.000000 0.000000 0.000000
vn 1.000000 0.000000 0.000000
vn 1.000000 0.000000 0.000000
vn 1.000000 0.000000 0.000000
vn 1.000000 0.000000 0.000000
vn 0.000000 0.000000 1.000000
vn 0.000000 0.000000 1.000000
vn 0.000000 0.000000 1.000000
vn 0.000000 0.000000 1.000000
vn 0.000000 0.000000 -1.000000
vn 0.000000 0.000000 -1.000000
vn 0.000000 0.000000 -1.000000
vn 0.000000 0.000000 -1.000000
vn -1.000000 0.000000 0.000000
vn -1.000000 0.000000 0.000000
vn -1.000000 0.000000 0.000000
vn -1.000000 0.000000 0.000000
vn 1.000000 0.000000 0.000000
vn 1.000000 0.000000 0.000000
vn 1.000000 0.000000 0.000000
vn 1.000000 0.000000 0.000000
vn 0.000000 0.000000 -1.000000
vn 0.000000 0.000000 -1.000000
vn 0.000000 0.000000 -1.000000
vn 0.000000 0.000000 -1.000000
vn 0.000000 0.000000 1.000000
vn 0.000000 0.000000 1.000000
vn 0.000000 0.000000 1.000000
vn 0.000000 0.000000 1.000000
vn 0.000000 1.000000 0.000000
vn 0.000000 1.000000 0.000000
vn 0.000000 1.000000 0.000000
vn 0.000000 1.000000 0.000000
vn 0.000000 -1.000000 0.000000
vn 0.000000 -1.000000 0.000000
vn 0.000000 -1.000000 0.000000
vn 0.000000 -1.000000 0.000000
vn 0.000000 -0.000213 -1.000000
vn 0.000000 -0.000213 -1.000000
vn 0.000000 -0.000213 -1.000000
vn 0.000000 -0.000213 -1.000000
vn 0.000000 -0.022866 0.999739
vn 0.000000 -0.022866 0.999739
vn 0.000000 -0.022866 0.999739
vn 0.000000 -0.022866 0.999739
vn 0.000000 1.000000 0.000000
vn 0.000000 1.000000 0.000000
vn 0.000000 1.000000 0.000000
vn 0.000000 1.000000 0.000000
vn 0.000000 -1.000000 0.000000
vn 0.000000 -1.000000 0.000000
vn 0.000000 -1.000000 0.000000
vn 0.000000 -1.000000 0.000000
vn 0.000000 0.024161 -0.999708
vn 0.000000 0.024161 -0.999708
vn 0.000000 0.024161 -0.999708
vn 0.000000 0.024161 -0.999708
vn 0.000000 -0.047162 0.998887
vn 0.000000 -0.047162 0.998887
vn 0.000000 -0.047162 0.998887
vn 0.000000 -0.047162 0.998887
vn 0.000000 1.000000 0.000000
vn 0.000000 1.000000 0.000000
vn 0.000000 1.000000 0.000000
vn 0.000000 1.000000 0.000000
vn 0.000000 -1.000000 0.000000
vn 0.000000 -1.000000 0.000000
vn 0.000000 -1.000000 0.000000
vn 0.000000 -1.000000 0.000000
vn 0.000000 0.096661 -0.995317
vn 0.000000 0.096661 -0.995317
vn 0.000000 0.096661 -0.995317
vn 0.000000 0.096661 -0.995317
vn 0.000000 -0.119124 0.992879
vn 0.000000 -0.119124 0.992879
vn 0.000000 -0.119124 0.992879
vn 0.000000 -0.119124 0.992879
vn 0.000000 1.000000 0.000000
vn 0.000000 1.000000 0.000000
vn 0.000000 1.000000 0.000000
vn 0.000000 1.000000 0.000000
vn 0.000000 -1.000000 0.000000
vn 0.000000 -1.000000 0.000000
vn 0.000000 -1.000000 0.000000
vn 0.000000 -1.000000 0.000000
vn 0.000000 0.120420 -0.992723
vn 0.000000 0.120420 -0.992723
vn 0.000000 0.120420 -0.992723
vn 0.000000 0.120420 -0.992723
vn 0.000000 -0.142709 0.989765
vn 0.000000 -0.142709 0.989765
vn 0.000000 -0.142709 0.989765
vn 0.000000 -0.142709 0.989765
vn 0.000000 1.000000 0.000000
vn 0.000000 1.000000 0.000000
vn 0.000000 1.000000 0.000000
vn 0.000000 1.000000 0.000000
vn 0.000000 -1.000000 -0.000000
vn 0.000000 -1.000000 -0.000000
vn 0.000000 -1.000000 -0.000000
vn 0.000000 -1.000000 -0.000000
vn 0.000000 0.167092 -0.985941
vn 0.000000 0.167092 -0.985941
vn 0.000000 0.167092 -0.985941
vn 0.000000 0.167092 -0.985941
vn 0.000000 -0.188710 0.982033
vn 0.000000 -0.188710 0.982033
vn 0.000000 -0.188710 0.982033
vn 0.000000 -0.188710 0.982033
vn 0.000000 1.000000 0.000000
vn 0.000000 1.000000 0.000000
vn 0.000000 1.000000 0.000000
vn 0.000000 1.000000 0.000000
vn 0.000000 -1.000000 -0.000000
vn 0.000000 -1.000000 -0.000000
vn 0.000000 -1.000000 -0.000000
vn 0.000000 -1.000000 -0.000000
vn 0.000000 0.190348 -0.981717
vn 0.000000 0.190348 -0.981717
vn 0.000000 0.190348 -0.981717
vn 0.000000 0.190348 -0.981717
vn 0.000000 -0.211556 0.977366
vn 0.000000 -0.211556 0.977366
vn 0.000000 -0.211556 0.977366
vn 0.000000 -0.211556 0.977366
vn 0.000000 1.000000 0.000000
vn 0.000000 1.000000 0.000000
vn 0.000000 1.000000 0.000000
vn 0.000000 1.000000 0.000000
vn 0.000000 -1.000000 0.000000
vn 0.000000 -1.000000 0.000000
vn 0.000000 -1.000000 0.000000
vn 0.000000 -1.000000 0.000000
vn 0.000000 0.212720 -0.977113
vn 0.000000 0.212720 -0.977113
vn 0.000000 0.212720 -0.977113
vn 0.000000 0.212720 -0.977113
vn 0.000000 -0.233484 0.972361
vn 0.000000 -0.233484 0.972361
vn 0.000000 -0.233484 0.972361
vn 0.000000 -0.233484 0.972361
vn 0.000000 1.000000 0.000000
vn 0.000000 1.000000 0.000000
vn 0.000000 1.000000 0.000000
vn 0.000000 1.000000 0.000000
vn 0.000000 -1.000000 0.000000
vn 0.000000 -1.000000 0.000000
vn 0.000000 -1.000000 0.000000
vn 0.000000 -1.000000 0.000000
vn 0.000000 0.143908 -0.989591
vn 0.000000 0.143908 -0.989591
vn 0.000000 0.143908 -0.989591
vn 0.000000 0.143908 -0.989591
vn 0.000000 -0.165859 0.986149
vn 0.000000 -0.165859 0.986149
vn 0.000000 -0.165859 0.986149
vn 0.000000 -0.165859 0.986149
vn 0.000000 1.000000 0.000000
vn 0.000000 1.000000 0.000000
vn 0.000000 1.000000 0.000000
vn 0.000000 1.000000 0.000000
vn 0.000000 -1.000000 0.000000
vn 0.000000 -1.000000 0.000000
vn 0.000000 -1.000000 0.000000
vn 0.000000 -1.000000 0.000000
vn 0.000000 0.048472 -0.998825
vn 0.000000 0.048472 -0.998825
vn 0.000000 0.048472 -0.998825
vn 0.000000 0.048472 -0.998825
vn 0.000000 -0.071335 0.997452
vn 0.000000 -0.071335 0.997452
vn 0.000000 -0.071335 0.997452
vn 0.000000 -0.071335 0.997452
vn 0.000000 1.000000 0.000000
vn 0.000000 1.000000 0.000000
vn 0.000000 1.000000 0.000000
vn 0.000000 1.000000 0.000000
vn 0.000000 -1.000000 0.000000
vn 0.000000 -1.000000 0.000000
vn 0.000000 -1.000000 0.000000
vn 0.000000 -1.000000 0.000000
vn 0.000000 0.072620 -0.997360
vn 0.000000 0.072620 -0.997360
vn 0.000000 0.072620 -0.997360
vn 0.000000 0.072620 -0.997360
vn 0.000000 -0.095364 0.995442
vn 0.000000 -0.095364 0.995442
vn 0.000000 -0.095364 0.995442
vn 0.000000 -0.095364 0.995442
vn 0.000000 1.000000 0.000000
vn 0.000000 1.000000 0.000000
vn 0.000000 1.000000 0.000000
vn 0.000000 1.000000 0.000000
vn 0.000000 -1.000000 0.000000
vn 0.000000 -1.000000 0.000000
vn 0.000000 -1.000000 0.000000
vn 0.000000 -1.000000 0.000000
vn 0.000000 -0.033352 -0.999444
vn 0.000000 -0.033352 -0.999444
vn 0.000000 -0.033352 -0.999444
vn 0.000000 -0.033352 -0.999444
vn 0.000000 0.010324 0.999947
vn 0.000000 0.010324 0.999947
vn 0.000000 0.010324 0.999947
vn 0.000000 0.010324 0.999947
vn 0.000000 1.000000 0.000000
vn 0.000000 1.000000 0.000000
vn 0.000000 1.000000 0.000000
vn 0.000000 1.000000 0.000000
vn 0.000000 -1.000000 0.000000
vn 0.000000 -1.000000 0.000000
vn 0.000000 -1.000000 0.000000
vn 0.000000 -1.000000 0.000000
vn 0.000000 -0.018017 -0.999838
vn 0.000000 -0.018017 -0.999838
vn 0.000000 -0.018017 -0.999838
vn 0.000000 -0.018017 -0.999838
vn 0.000000 -0.004911 0.999988
vn 0.000000 -0.004911 0.999988
vn 0.000000 -0.004911 0.999988
vn 0.000000 -0.004911 0.999988
vn 0.000000 1.000000 0.000000
vn 0.000000 1.000000 0.000000
vn 0.000000 1.000000 0.000000
vn 0.000000 1.000000 0.000000
vn 0.000000 -1.000000 0.000000
vn 0.000000 -1.000000 0.000000
vn 0.000000 -1.000000 0.000000
vn 0.000000 -1.000000 0.000000
vn 0.000000 0.006148 -0.999981
vn 0.000000 0.006148 -0.999981
vn 0.000000 0.006148 -0.999981
vn 0.000000 0.006148 -0.999981
vn 0.000000 0.028506 0.999594
vn 0.000000 0.028506 0.999594
vn 0.000000 0.028506 0.999594
vn 0.000000 0.028506 0.999594
vn 0.000000 1.000000 0.000000
vn 0.000000 1.000000 0.000000
vn 0.000000 1.000000 0.000000
vn 0.000000 1.000000 0.000000
vn 0.000000 -1.000000 -0.000000
vn 0.000000 -1.000000 -0.000000
vn 0.000000 -1.000000 -0.000000
vn 0.000000 -1.000000 -0.000000
vn 0.000000 -0.003190 -0.999995
vn 0.000000 -0.003190 -0.999995
vn 0.000000 -0.003190 -0.999995
vn 0.000000 -0.003190 -0.999995
vn 0.000000 0.038041 0.999276
vn 0.000000 0.038041 0.999276
vn 0.000000 0.038041 0.999276
vn 0.000000 0.038041 0.999276
vn 0.000000 1.000000 0.000000
vn 0.000000 1.000000 0.000000
vn 0.000000 1.000000 0.000000
vn 0.000000 1.000000 0.000000
vn 0.000000 -1.000000 -0.000000
vn 0.000000 -1.000000 -0.000000
vn 0.000000 -1.000000 -0.000000
vn 0.000000 -1.000000 -0.000000
vn 0.000000 -0.036305 -0.999341
vn 0.000000 -0.036305 -0.999341
vn 0.000000 -0.036305 -0.999341
vn 0.000000 -0.036305 -0.999341
vn 0.000000 0.013716 0.999906
vn 0.000000 0.013716 0.999906
vn 0.000000 0.013716 0.999906
vn 0.000000 0.013716 0.999906
vn 0.000000 1.000000 0.000000
vn 0.000000 1.000000 0.000000
vn 0.000000 1.000000 0.000000
vn 0.000000 1.000000 0.000000
vn 0.000000 -1.000000 0.000000
vn 0.000000 -1.000000 0.000000
vn 0.000000 -1.000000 0.000000
vn 0.000000 -1.000000 0.000000
vn 0.000000 -0.012508 -0.999922
vn 0.000000 -0.012508 -0.999922
vn 0.000000 -0.012508 -0.999922
vn 0.000000 -0.012508 -0.999922
vn 0.000000 -0.009899 0.999951
vn 0.000000 -0.009899 0.999951
vn 0.000000 -0.009899 0.999951
vn 0.000000 -0.009899 0.999951
vn 0.000000 1.000000 0.000000
vn 0.000000 1.000000 0.000000
vn 0.000000 1.000000 0.000000
vn 0.000000 1.000000 0.000000
vn 0.000000 -1.000000 0.000000
vn 0.000000 -1.000000 0.000000
vn 0.000000 -1.000000 0.000000
vn 0.000000 -1.000000 0.000000
vn 0.000000 -0.027232 -0.999629
vn 0.000000 -0.027232 -0.999629
vn 0.000000 -0.027232 -0.999629
vn 0.000000 -0.027232 -0.999629
vn 0.000000 0.004466 0.999990
vn 0.000000 0.004466 0.999990
vn 0.000000 0.004466 0.999990
vn 0.000000 0.004466 0.999990
vn 0.000000 1.000000 0.000000
vn 0.000000 1.000000 0.000000
vn 0.000000 1.000000 0.000000
vn 0.000000 1.000000 0.000000
vn 0.000000 -1.000000 0.000000
vn 0.000000 -1.000000 0.000000
vn 0.000000 -1.000000 0.000000
vn 0.000000 -1.000000 0.000000
vn 0.000000 -0.009048 -0.999959
vn 0.000000 -0.009048 -0.999959
vn 0.000000 -0.009048 -0.999959
vn 0.000000 -0.009048 -0.999959
vn 0.000000 0.043538 0.999052
vn 0.000000 0.043538 0.999052
vn 0.000000 0.043538 0.999052
vn 0.000000 0.043538 0.999052
vn 0.000000 1.000000 0.000000
vn 0.000000 1.000000 0.000000
vn 0.000000 1.000000 0.000000
vn 0.000000 1.000000 0.000000
vn 0.000000 -1.000000 0.000000
vn 0.000000 -1.000000 0.000000
vn 0.000000 -1.000000 0.000000
vn 0.000000 -1.000000 0.000000
vn 0.000000 -0.042227 -0.999108
vn 0.000000 -0.042227 -0.999108
vn 0.000000 -0.042227 -0.999108
vn 0.000000 -0.042227 -0.999108
vn 0.000000 0.019273 0.999814
vn 0.000000 0.019273 0.999814
vn 0.000000 0.019273 0.999814
vn 0.000000 0.019273 0.999814
vn -1.000000 0.000000 0.000172
vn -1.000000 0.000000 0.000172
vn -1.000000 0.000000 0.000172
vn -1.000000 0.000000 0.000172
vn 0.000000 0.000000 -1.000000
vn 0.000000 0.000000 -1.000000
vn 0.000000 0.000000 -1.000000
vn 0.000000 0.000000 -1.000000
vn 1.000000 0.000000 -0.000172
vn 1.000000 0.000000 -0.000172
vn 1.000000 0.000000 -0.000172
vn 1.000000 0.000000 -0.000172
vn 0.707097 -0.000000 -0.707117
vn 0.000000 0.000000 -1.000000
vn 0.000000 0.000000 -1.000000
vn 0.707097 -0.000000 -0.707117
vn -0.707123 0.000002 -0.707090
vn -0.707123 0.000002 -0.707090
vn -1.000000 0.000001 0.000008
vn -1.000000 0.000001 0.000008
vn -0.707124 -0.000002 0.707090
vn -0.707124 -0.000002 0.707090
vn 0.000000 -0.000001 1.000000
vn 0.000000 -0.000001 1.000000
vn 0.707097 -0.000000 0.707116
vn 0.707097 -0.000000 0.707116
vn 1.000000 -0.000000 0.000009
vn 1.000000 -0.000000 0.000009
vn -1.000000 0.000000 -0.000008
vn -0.707091 0.000000 0.707123
vn -0.707091 0.000000 0.707123
vn -1.000000 0.000000 -0.000008
vn 0.000000 0.000000 1.000000
vn 0.000000 0.000000 1.000000
vn 0.707091 0.000000 0.707123
vn 0.707091 0.000000 0.707123
vn 1.000000 0.000000 -0.000008
vn 1.000000 0.000000 -0.000008
vn 0.707092 0.000000 -0.707122
vn 0.707092 0.000000 -0.707122
vn 0.000000 0.000000 -1.000000
vn 0.000000 0.000000 -1.000000
vn -0.707092 0.000000 -0.707122
vn -0.707092 0.000000 -0.707122
vn -0.513531 -0.858071 -0.000000
vn -0.896444 -0.443157 0.000008
vn -0.633912 -0.443137 -0.633866
vn -0.363100 -0.858108 -0.363055
vn 0.000005 -0.443204 -0.896421
vn 0.000009 -0.858113 -0.513461
vn 0.633871 -0.443166 -0.633886
vn 0.363070 -0.858112 -0.363075
vn 0.896434 -0.443177 0.000010
vn 0.513424 -0.858135 -0.000013
vn 0.633846 -0.443216 0.633877
vn 0.363028 -0.858143 0.363045
vn -0.000007 -0.443202 0.896422
vn -0.000007 -0.858113 0.513461
vn -0.633873 -0.443249 0.633826
vn -0.363108 -0.858097 0.363073
vn -0.748346 0.663309 -0.000006
vn -0.529149 0.663363 -0.529104
vn 0.000002 0.663328 -0.748329
vn 0.529150 0.663332 -0.529141
vn 0.748308 0.663352 0.000006
vn 0.529124 0.663346 0.529151
vn 0.000001 0.663342 0.748316
vn -0.529175 0.663302 0.529154
vn -0.672474 0.740121 -0.000000
vn -0.475529 0.740115 -0.475501
vn -0.000002 0.740183 -0.672406
vn 0.475461 0.740206 -0.475429
vn 0.672366 0.740219 -0.000013
vn 0.475428 0.740236 0.475415
vn -0.000013 0.740182 0.672407
vn -0.475464 0.740162 0.475493
vn -0.694672 0.719326 0.000014
vn -0.491220 0.719295 -0.491240
vn -0.000024 0.719337 -0.694661
vn 0.491181 0.719400 -0.491126
vn 0.694597 0.719399 -0.000006
vn 0.491154 0.719414 0.491134
vn -0.000006 0.719348 0.694649
vn -0.491186 0.719340 0.491209
vn -0.987451 0.157926 0.000008
vn -0.698218 0.157904 -0.698253
vn -0.000055 0.157934 -0.987450
vn 0.698268 0.157897 -0.698205
vn 0.987469 0.157814 0.000007
vn 0.698218 0.157874 0.698261
vn 0.000019 0.157927 0.987451
vn -0.698247 0.157954 0.698213
vn -0.722321 -0.691558 -0.000001
vn -0.510774 -0.691533 -0.510775
vn -0.000015 -0.691514 -0.722363
vn 0.510754 -0.691560 -0.510759
vn 0.722309 -0.691571 0.000012
vn 0.510753 -0.691548 0.510777
vn 0.000003 -0.691525 0.722352
vn -0.510762 -0.691557 0.510755
vn -0.958772 0.284178 -0.000006
vn -0.677944 0.284198 -0.677955
vn -0.000007 0.284174 -0.958773
vn 0.677952 0.284179 -0.677955
vn 0.958759 0.284222 0.000007
vn 0.677934 0.284225 0.677954
vn 0.000009 0.284186 0.958769
vn -0.677947 0.284164 0.677966
vn -0.535067 0.844810 -0.000017
vn -0.378349 0.844831 -0.378301
vn 0.000036 0.844838 -0.535022
vn 0.378377 0.844782 -0.378383
vn 0.535124 0.844774 -0.000001
vn 0.378381 0.844764 0.378420
vn 0.000036 0.844816 0.535057
vn -0.378292 0.844867 0.378279
vn 0.000068 1.000000 0.000004
vn 0.363053 -0.858111 -0.363096
vn 0.633832 -0.443207 -0.633896
vn 0.896406 -0.443233 0.000013
vn 0.513427 -0.858134 0.000015
vn 0.633846 -0.443195 0.633891
vn 0.363063 -0.858114 0.363079
vn 0.000015 -0.443201 0.896422
vn 0.000002 -0.858114 0.513460
vn -0.633903 -0.443142 0.633871
vn -0.363104 -0.858100 0.363070
vn -0.896468 -0.443108 -0.000000
vn -0.513532 -0.858071 -0.000001
vn -0.633891 -0.443200 -0.633842
vn -0.363105 -0.858107 -0.363053
vn 0.000029 -0.443201 -0.896422
vn 0.000023 -0.858103 -0.513477
vn 0.529129 0.663324 -0.529173
vn 0.748302 0.663358 0.000005
vn 0.529121 0.663334 0.529168
vn 0.000025 0.663349 0.748311
vn -0.529146 0.663366 0.529103
vn -0.748313 0.663346 0.000020
vn -0.529138 0.663361 -0.529118
vn 0.000025 0.663338 -0.748320
vn 0.475454 0.740199 -0.475446
vn 0.672325 0.740256 0.000004
vn 0.475426 0.740223 0.475437
vn 0.000010 0.740178 0.672411
vn -0.475517 0.740128 0.475494
vn -0.672513 0.740085 0.000021
vn -0.475507 0.740135 -0.475494
vn 0.000010 0.740144 -0.672448
vn 0.491180 0.719389 -0.491144
vn 0.694559 0.719436 0.000004
vn 0.491155 0.719385 0.491174
vn 0.000019 0.719325 0.694674
vn -0.491200 0.719330 0.491210
vn -0.694710 0.719290 0.000004
vn -0.491235 0.719302 -0.491216
vn 0.000001 0.719321 -0.694678
vn 0.698238 0.157899 -0.698234
vn 0.987460 0.157867 0.000026
vn 0.698221 0.157863 0.698260
vn 0.000040 0.157884 0.987458
vn -0.698244 0.157947 0.698218
vn -0.987455 0.157902 0.000035
vn -0.698243 0.157909 -0.698228
vn 0.000011 0.157949 -0.987447
vn 0.510756 -0.691553 -0.510768
vn 0.722322 -0.691556 0.000012
vn 0.510756 -0.691571 0.510743
vn 0.000000 -0.691583 0.722297
vn -0.510755 -0.691572 0.510742
vn -0.722322 -0.691557 0.000008
vn -0.510771 -0.691538 -0.510771
vn 0.000003 -0.691517 -0.722360
vn 0.677948 0.284205 -0.677948
vn 0.958751 0.284246 0.000001
vn 0.677965 0.284181 0.677941
vn 0.000010 0.284142 0.958782
vn -0.677958 0.284163 0.677956
vn -0.958765 0.284200 -0.000013
vn -0.677942 0.284233 -0.677942
vn 0.000010 0.284185 -0.958770
vn 0.378389 0.844808 -0.378314
vn 0.535132 0.844768 -0.000000
vn 0.378386 0.844802 0.378331
vn 0.000030 0.844830 0.535035
vn -0.378356 0.844822 0.378316
vn -0.535132 0.844768 -0.000000
vn -0.378377 0.844804 -0.378336
vn 0.000016 0.844826 -0.535041
vn 0.000019 1.000000 0.000010
vn -1.000000 0.000000 0.000000
vn -1.000000 0.000000 0.000000
vn -1.000000 0.000000 0.000000
vn -1.000000 0.000000 0.000000
vn 0.000000 0.000000 1.000000
vn 0.000000 0.000000 1.000000
vn 0.000000 0.000000 1.000000
vn 0.000000 0.000000 1.000000
vn 1.000000 0.000000 0.000000
vn 1.000000 0.000000 0.000000
vn 1.000000 0.000000 0.000000
vn 1.000000 0.000000 0.000000
vn -0.000000 0.999994 0.003532
vn -0.000001 0.999975 0.007013
vn -0.000001 0.999975 0.007013
vn -0.000000 0.999994 0.003532
vn -0.999999 0.000000 0.001569
vn -0.999997 0.000000 0.002357
vn -0.999997 0.000000 0.002357
vn -0.999999 0.000000 0.001569
vn 0.000000 -1.000000 -0.000902
vn 0.000000 -0.999998 -0.001853
vn 0.000000 -0.999998 -0.001853
vn 0.000000 -1.000000 -0.000902
vn 1.000000 0.000000 -0.000995
vn 0.999998 0.000000 -0.002109
vn 0.999998 0.000000 -0.002109
vn 1.000000 0.000000 -0.000995
vn 1.000000 0.000000 0.000118
vn 1.000000 0.000000 0.000118
vn 0.000000 1.000000 0.000050
vn 0.000000 1.000000 0.000050
vn -1.000000 0.000000 0.000780
vn -1.000000 0.000000 0.000780
vn 0.000000 -1.000000 0.000049
vn 0.000000 -1.000000 0.000049
vn 1.000000 0.000000 0.000234
vn 1.000000 0.000000 0.000234
vn 1.000000 0.000000 -0.000661
vn 1.000000 0.000000 -0.000661
vn 0.999999 0.000000 0.001128
vn 0.999999 0.000000 0.001128
vn -0.000000 0.999998 -0.002177
vn -0.000000 0.999998 -0.002177
vn -0.000000 0.999997 -0.002606
vn -0.000000 0.999997 -0.002606
vn 0.000000 0.999999 -0.001748
vn 0.000000 0.999999 -0.001748
vn -1.000000 0.000000 -0.000715
vn -1.000000 0.000000 -0.000715
vn -0.999997 0.000000 -0.002569
vn -0.999997 0.000000 -0.002569
vn -0.999999 0.000000 0.001138
vn -0.999999 0.000000 0.001138
vn -0.000000 -0.999999 0.001715
vn -0.000000 -0.999999 0.001715
vn -0.000000 -1.000000 -0.000043
vn -0.000000 -1.000000 -0.000043
vn 0.000000 -0.999994 0.003473
vn 0.000000 -0.999994 0.003473
vn 1.000000 0.000009 -0.000070
vn 1.000000 0.000049 -0.000046
vn 0.698539 -0.715572 -0.000511
vn 0.697335 -0.716746 -0.000098
vn 0.698512 0.715598 0.000150
vn 0.697347 0.716733 -0.000471
vn 0.699742 -0.714395 -0.000924
vn 1.000000 0.000088 -0.000023
vn 0.699676 0.714460 0.000770
vn 0.000003 1.000000 -0.000726
vn -0.000021 1.000000 0.000170
vn -0.698485 0.715625 0.000155
vn -0.697345 0.716735 -0.000471
vn -0.000045 0.999999 0.001067
vn -0.699622 0.714513 0.000781
vn -1.000000 0.000009 -0.000070
vn -1.000000 -0.000034 -0.000038
vn -0.698470 -0.715639 -0.000505
vn -0.697366 -0.716715 -0.000098
vn -1.000000 -0.000077 -0.000007
vn -0.699573 -0.714561 -0.000913
vn -0.000044 -1.000000 -0.000205
vn -0.000047 -1.000000 -0.000754
vn -0.000049 -0.999999 -0.001304
vn 1.000000 0.000078 0.000070
vn 0.697406 -0.716677 0.000098
vn 0.698555 -0.715556 0.000296
vn 1.000000 0.000077 0.000044
vn 0.697336 0.716744 0.000471
vn 0.698502 0.715608 0.000061
vn 0.699703 -0.714433 0.000495
vn 1.000000 0.000076 0.000018
vn 0.699665 0.714471 -0.000349
vn -0.000025 1.000000 0.000725
vn 0.000001 1.000000 0.000127
vn -0.697412 0.716670 0.000471
vn -0.698525 0.715586 0.000061
vn 0.000027 1.000000 -0.000471
vn -0.699635 0.714500 -0.000349
vn -1.000000 -0.000083 0.000070
vn -1.000000 -0.000035 0.000044
vn -0.697334 -0.716747 0.000098
vn -0.698488 -0.715622 0.000296
vn -1.000000 0.000014 0.000018
vn -0.699640 -0.714495 0.000495
vn 0.000019 -1.000000 0.000205
vn 0.000015 -1.000000 0.000457
vn 0.000011 -1.000000 0.000710
vn -1.000000 0.000000 0.000000
vn -1.000000 0.000000 0.000000
vn -0.707096 0.000000 -0.707118
vn -0.707096 0.000000 -0.707118
vn -0.000004 0.000000 -1.000000
vn -0.000004 0.000000 -1.000000
vn 0.707095 0.000000 -0.707119
vn 0.707095 0.000000 -0.707119
vn 1.000000 0.000000 0.000005
vn 1.000000 0.000000 0.000005
vn 0.707094 0.000000 0.707119
vn 0.707094 0.000000 0.707119
vn 0.000000 0.000000 1.000000
vn 0.000000 0.000000 1.000000
vn -0.707096 0.000000 0.707118
vn -0.707096 0.000000 0.707118
vn -0.513514 -0.858081 0.000007
vn -0.363100 -0.858108 0.363055
vn -0.633889 -0.443202 0.633843
vn -0.896444 -0.443158 0.000005
vn -0.000005 -0.858134 0.513426
vn 0.000008 -0.443204 0.896421
vn 0.363032 -0.858137 0.363055
vn 0.633863 -0.443169 0.633892
vn 0.513374 -0.858165 0.000022
vn 0.896435 -0.443176 0.000017
vn 0.362992 -0.858156 -0.363050
vn 0.633851 -0.443163 -0.633908
vn -0.000007 -0.858113 -0.513461
vn 0.000001 -0.443173 -0.896436
vn -0.363088 -0.858109 -0.363066
vn -0.633888 -0.443187 -0.633855
vn -0.529178 0.663319 0.529130
vn -0.748353 0.663300 0.000006
vn 0.000018 0.663356 0.748304
vn 0.529118 0.663363 0.529135
vn 0.748261 0.663405 0.000011
vn 0.529093 0.663384 -0.529134
vn 0.000018 0.663353 -0.748307
vn -0.529149 0.663348 -0.529122
vn -0.475506 0.740138 0.475488
vn -0.672446 0.740146 -0.000018
vn -0.000001 0.740175 0.672415
vn 0.475431 0.740234 0.475415
vn 0.672332 0.740250 0.000005
vn 0.475429 0.740218 -0.475442
vn -0.000003 0.740169 -0.672421
vn -0.475468 0.740161 -0.475491
vn -0.491196 0.719342 0.491197
vn -0.694637 0.719361 -0.000027
vn 0.000001 0.719343 0.694656
vn 0.491157 0.719415 0.491129
vn 0.694548 0.719446 0.000008
vn 0.491139 0.719426 -0.491131
vn -0.000021 0.719340 -0.694658
vn -0.491190 0.719328 -0.491223
vn -0.698254 0.157929 0.698212
vn -0.987452 0.157920 -0.000021
vn 0.000014 0.157888 0.987457
vn 0.698258 0.157856 0.698224
vn 0.987455 0.157899 0.000018
vn 0.698261 0.157884 -0.698215
vn -0.000047 0.157915 -0.987453
vn -0.698229 0.157960 -0.698229
vn -0.510760 -0.691563 0.510749
vn -0.722318 -0.691561 -0.000004
vn 0.000001 -0.691570 0.722310
vn 0.510767 -0.691558 0.510750
vn 0.722329 -0.691550 0.000008
vn 0.510747 -0.691596 -0.510717
vn -0.000021 -0.691555 -0.722323
vn -0.510779 -0.691527 -0.510779
vn -0.677955 0.284166 0.677957
vn -0.958782 0.284142 0.000003
vn 0.000015 0.284166 0.958775
vn 0.677953 0.284198 0.677946
vn 0.958760 0.284216 0.000020
vn 0.677954 0.284167 -0.677959
vn 0.000008 0.284166 -0.958775
vn -0.677961 0.284164 -0.677952
vn -0.378300 0.844861 0.378284
vn -0.535106 0.844785 -0.000023
vn 0.000038 0.844848 0.535007
vn 0.378370 0.844789 0.378376
vn 0.535093 0.844793 0.000021
vn 0.378347 0.844791 -0.378394
vn 0.000046 0.844822 -0.535047
vn -0.378361 0.844830 -0.378293
vn 0.000035 1.000000 -0.000027
vn 1.000000 0.000000 -0.000002
vn 1.000000 0.000000 -0.000002
vn 1.000000 0.000000 -0.000002
vn 1.000000 0.000000 -0.000002
vn 0.000000 1.000000 -0.000104
vn 0.000000 1.000000 -0.000104
vn 0.000000 1.000000 -0.000104
vn 0.000000 1.000000 -0.000104
vn -1.000000 0.000000 0.000002
vn -1.000000 0.000000 0.000002
vn -1.000000 0.000000 0.000002
vn -1.000000 0.000000 0.000002
vn 0.000000 -1.000000 -0.000101
vn 0.000000 -1.000000 -0.000101
vn 0.000000 -1.000000 -0.000101
vn 0.000000 -1.000000 -0.000101
vn 1.000000 -0.000000 0.000000
vn 1.000000 -0.000019 0.000000
vn 0.993955 0.109438 0.008778
vn 0.993955 0.108328 0.017837
vn 1.000000 -0.000041 0.000000
vn 0.993946 0.109784 0.004362
vn 0.000000 0.986715 0.162458
vn 0.000000 0.996799 0.079954
vn 0.000000 0.996799 0.079954
vn 0.000000 0.986715 0.162458
vn 0.000000 0.999212 0.039699
vn 0.000000 0.999212 0.039699
vn -0.993952 0.108357 0.017837
vn -0.993956 0.109430 0.008778
vn -1.000000 -0.000008 0.000000
vn -1.000000 0.000001 0.000000
vn -0.993947 0.109775 0.004362
vn -1.000000 0.000001 0.000000
vn 0.000000 -0.986717 -0.162447
vn 0.000000 -0.996799 -0.079953
vn 0.000000 -0.996799 -0.079953
vn 0.000000 -0.986717 -0.162447
vn 0.000000 -0.999212 -0.039695
vn 0.000000 -0.999212 -0.039695
vn 0.000000 -0.978863 -0.204515
vn 0.000000 -0.978863 -0.204515
vn 0.993944 0.107564 0.022480
vn 1.000000 -0.000003 0.000000
vn 0.000000 0.978859 0.204539
vn 0.000000 0.978859 0.204539
vn -1.000000 0.000018 0.000000
vn -0.993937 0.107630 0.022480
vn 1.000000 0.000000 0.000000
vn 0.993954 0.108353 -0.017755
vn 0.993942 0.109556 -0.008763
vn 1.000000 -0.000040 -0.000005
vn 0.993920 0.110020 -0.004332
vn 1.000000 -0.000080 -0.000010
vn 0.000000 0.986836 -0.161724
vn 0.000000 0.986836 -0.161724
vn 0.000000 0.996822 -0.079666
vn 0.000000 0.996822 -0.079666
vn 0.000000 0.999234 -0.039121
vn 0.000000 0.999234 -0.039121
vn -0.993952 0.108375 -0.017755
vn -1.000000 0.000000 0.000000
vn -1.000000 0.000000 0.000005
vn -0.993938 0.109598 -0.008753
vn -1.000000 0.000000 0.000010
vn -0.993916 0.110060 -0.004312
vn 0.000000 -0.986835 0.161730
vn 0.000000 -0.986835 0.161730
vn 0.000000 -0.996822 0.079659
vn 0.000000 -0.996822 0.079659
vn 0.000000 -0.999235 0.039109
vn 0.000000 -0.999235 0.039109
vn 0.000000 -0.979159 0.203097
vn 0.000000 -0.979159 0.203097
vn 1.000000 0.000000 0.000000
vn 0.993942 0.107614 -0.022316
vn 0.000000 0.979162 -0.203082
vn 0.000000 0.979162 -0.203082
vn -0.993942 0.107614 -0.022316
vn -1.000000 0.000000 0.000000
vn 0.975832 0.217828 -0.017415
vn 0.975736 0.218781 -0.008601
vn -0.975822 0.217871 -0.017405
vn -0.975736 0.218781 -0.008583
vn -0.975878 0.215444 -0.035296
vn -0.975842 0.213925 -0.044363
vn -0.975825 0.213937 0.044687
vn -0.975880 0.215408 0.035459
vn -0.975893 0.217548 0.017450
vn -0.975861 0.218220 0.008671
vn 0.975848 0.218279 0.008671
vn 0.975887 0.217577 0.017450
vn 0.975893 0.215352 0.035459
vn 0.975849 0.213828 0.044688
vn 0.975888 0.215401 -0.035297
vn 0.975842 0.213924 -0.044362
vn 1.000000 0.000000 0.000000
vn 1.000000 0.000000 0.000000
vn 1.000000 0.000000 0.000000
vn 1.000000 0.000000 0.000000
vn -1.000000 0.000000 0.000000
vn -1.000000 0.000000 0.000000
vn -1.000000 0.000000 0.000000
vn -1.000000 0.000000 0.000000
vn 0.000000 0.000000 -1.000000
vn 0.000000 0.000000 -1.000000
vn 0.000000 0.000000 -1.000000
vn 0.000000 0.000000 -1.000000
vn 0.000000 0.000000 1.000000
vn 0.000000 0.000000 1.000000
vn 0.000000 0.000000 1.000000
vn 0.000000 0.000000 1.000000
vn 1.000000 0.000000 0.000000
vn 1.000000 0.000000 0.000000
vn 1.000000 0.000000 0.000000
vn 1.000000 0.000000 0.000000
vn -1.000000 0.000000 0.000000
vn -1.000000 0.000000 0.000000
vn -1.000000 0.000000 0.000000
vn -1.000000 0.000000 0.000000
vn 0.000000 0.000000 1.000000
vn 0.000000 0.000000 1.000000
vn 0.000000 0.000000 1.000000
vn 0.000000 0.000000 1.000000
vn 0.000000 0.000000 -1.000000
vn 0.000000 0.000000 -1.000000
vn 0.000000 0.000000 -1.000000
vn 0.000000 0.000000 -1.000000
vn 0.000000 -0.707105 -0.707109
vn 0.000000 -1.000000 0.000012
vn 0.000000 -1.000000 0.000012
vn 0.000000 -0.707105 -0.707109
vn 0.000000 -0.707108 0.707105
vn 0.000000 -0.707108 0.707105
vn 0.000000 0.000000 1.000000
vn 0.000000 0.000000 1.000000
vn 0.000000 0.707108 0.707106
vn 0.000000 0.707108 0.707106
vn 0.000000 1.000000 0.000013
vn 0.000000 1.000000 0.000013
vn 0.000000 0.707104 -0.707109
vn 0.000000 0.707104 -0.707109
vn 0.000000 0.000000 -1.000000
vn 0.000000 0.000000 -1.000000
vn 1.000000 0.000000 0.000000
vn 1.000000 0.000000 0.000000
vn 1.000000 0.000000 0.000000
vn 1.000000 0.000000 0.000000
vn 0.000000 0.000000 1.000000
vn 0.000000 0.000000 1.000000
vn 0.000000 0.000000 1.000000
vn 0.000000 0.000000 1.000000
vn -1.000000 0.000000 0.000000
vn -1.000000 0.000000 0.000000
vn -1.000000 0.000000 0.000000
vn -1.000000 0.000000 0.000000
vn -0.707035 0.001250 0.707177
vn -0.000061 0.000393 1.000000
vn -0.000061 0.000393 1.000000
vn -0.707035 0.001250 0.707177
vn 0.707071 -0.000690 0.707142
vn 0.707071 -0.000690 0.707142
vn 0.999999 -0.001367 -0.000011
vn 0.999999 -0.001367 -0.000011
vn 0.707051 -0.001246 -0.707162
vn 0.707051 -0.001246 -0.707162
vn -0.000062 -0.000395 -1.000000
vn -0.000062 -0.000395 -1.000000
vn -0.707016 0.000694 -0.707197
vn -0.707016 0.000694 -0.707197
vn -0.999999 0.001378 -0.000012
vn -0.999999 0.001378 -0.000012
vn 1.000000 0.000000 0.000006
vn 0.707064 0.000000 -0.707150
vn 0.707064 0.000000 -0.707150
vn 1.000000 0.000000 0.000006
vn -0.000092 0.000000 -1.000000
vn -0.000092 0.000000 -1.000000
vn -0.707024 0.000000 -0.707190
vn -0.707024 0.000000 -0.707190
vn -1.000000 0.000000 0.000006
vn -1.000000 0.000000 0.000006
vn -0.707037 0.000000 0.707177
vn -0.707037 0.000000 0.707177
vn -0.000092 0.000000 1.000000
vn -0.000092 0.000000 1.000000
vn 0.707076 0.000000 0.707137
vn 0.707076 0.000000 0.707137
vn 0.513527 -0.858074 -0.000047
vn 0.896371 -0.443304 -0.000053
vn 0.633836 -0.443249 0.633863
vn 0.363065 -0.858099 0.363111
vn -0.000062 -0.443194 0.896426
vn -0.000035 -0.858081 0.513515
vn -0.633902 -0.443217 0.633819
vn -0.363239 -0.858007 0.363156
vn -0.896403 -0.443240 0.000000
vn -0.513739 -0.857947 0.000001
vn -0.633904 -0.443207 -0.633824
vn -0.363247 -0.857997 -0.363172
vn -0.000054 -0.443192 -0.896427
vn -0.000040 -0.858079 -0.513518
vn 0.633839 -0.443255 -0.633856
vn 0.363128 -0.858059 -0.363144
vn 0.748417 0.663228 -0.000023
vn 0.529158 0.663310 0.529162
vn -0.000041 0.663322 0.748334
vn -0.529216 0.663260 0.529166
vn -0.748449 0.663193 -0.000000
vn -0.529216 0.663260 -0.529166
vn -0.000024 0.663317 -0.748338
vn 0.529181 0.663258 -0.529204
vn 0.672333 0.740249 -0.000004
vn 0.475436 0.740224 0.475425
vn -0.000053 0.740165 0.672425
vn -0.475456 0.740219 0.475414
vn -0.672279 0.740298 0.000009
vn -0.475405 0.740275 -0.475377
vn -0.000036 0.740174 -0.672415
vn 0.475432 0.740219 -0.475437
vn 0.694632 0.719365 -0.000004
vn 0.491196 0.719367 0.491160
vn -0.000074 0.719316 0.694683
vn -0.491223 0.719332 0.491183
vn -0.694616 0.719381 -0.000011
vn -0.491207 0.719360 -0.491159
vn -0.000061 0.719334 -0.694665
vn 0.491191 0.719369 -0.491162
vn 0.987473 0.157790 0.000001
vn 0.698254 0.157836 0.698233
vn -0.000112 0.157889 0.987457
vn -0.698289 0.157872 0.698190
vn -0.987471 0.157802 -0.000043
vn -0.698316 0.157839 -0.698171
vn -0.000089 0.157920 -0.987452
vn 0.698236 0.157872 -0.698243
vn 0.722340 -0.691538 0.000001
vn 0.510745 -0.691565 0.510761
vn -0.000061 -0.691559 0.722320
vn -0.510845 -0.691493 0.510759
vn -0.722435 -0.691439 0.000014
vn -0.510840 -0.691502 -0.510752
vn -0.000053 -0.691539 -0.722339
vn 0.510749 -0.691550 -0.510778
vn 0.958752 0.284243 0.000001
vn 0.677933 0.284205 0.677964
vn -0.000067 0.284141 0.958782
vn -0.677995 0.284196 0.677905
vn -0.958748 0.284258 0.000042
vn -0.678001 0.284217 -0.677890
vn -0.000043 0.284152 -0.958779
vn 0.677932 0.284185 -0.677973
vn 0.534987 0.844860 -0.000019
vn 0.378285 0.844850 0.378324
vn -0.000045 0.844777 0.535119
vn -0.378433 0.844762 0.378373
vn -0.535110 0.844783 0.000027
vn -0.378355 0.844819 -0.378323
vn -0.000016 0.844768 -0.535134
vn 0.378332 0.844802 -0.378385
vn -0.000077 1.000000 -0.000018
vn -0.363200 -0.858045 0.363104
vn -0.633910 -0.443206 0.633819
vn -0.896422 -0.443202 0.000003
vn -0.513634 -0.858010 0.000013
vn -0.633884 -0.443220 -0.633835
vn -0.363156 -0.858062 -0.363108
vn -0.000070 -0.443207 -0.896419
vn -0.000051 -0.858121 -0.513447
vn 0.633870 -0.443191 -0.633870
vn 0.363072 -0.858118 -0.363060
vn 0.896420 -0.443205 -0.000003
vn 0.513529 -0.858072 -0.000002
vn 0.633861 -0.443231 0.633851
vn 0.363111 -0.858081 0.363108
vn -0.000051 -0.443213 0.896417
vn -0.000023 -0.858100 0.513482
vn -0.529229 0.663271 0.529139
vn -0.748411 0.663235 0.000016
vn -0.529182 0.663302 -0.529147
vn -0.000038 0.663342 -0.748317
vn 0.529148 0.663334 -0.529142
vn 0.748382 0.663268 -0.000021
vn 0.529158 0.663315 0.529155
vn -0.000037 0.663341 0.748317
vn -0.475529 0.740163 0.475427
vn -0.672438 0.740154 0.000012
vn -0.475472 0.740209 -0.475413
vn -0.000041 0.740212 -0.672373
vn 0.475429 0.740224 -0.475432
vn 0.672359 0.740225 -0.000025
vn 0.475421 0.740223 0.475443
vn -0.000037 0.740173 0.672416
vn -0.491233 0.719312 0.491204
vn -0.694670 0.719328 -0.000027
vn -0.491229 0.719339 -0.491167
vn -0.000061 0.719388 -0.694609
vn 0.491144 0.719420 -0.491134
vn 0.694623 0.719374 -0.000008
vn 0.491189 0.719358 0.491180
vn -0.000066 0.719283 0.694717
vn -0.698275 0.157854 0.698208
vn -0.987456 0.157894 -0.000059
vn -0.698298 0.157884 -0.698178
vn -0.000088 0.157899 -0.987455
vn 0.698272 0.157876 -0.698206
vn 0.987472 0.157795 -0.000017
vn 0.698284 0.157854 0.698199
vn -0.000095 0.157847 0.987464
vn -0.510823 -0.691530 0.510731
vn -0.722371 -0.691506 -0.000008
vn -0.510807 -0.691531 -0.510746
vn -0.000050 -0.691536 -0.722342
vn 0.510745 -0.691579 -0.510743
vn 0.722338 -0.691540 -0.000005
vn 0.510781 -0.691548 0.510748
vn -0.000043 -0.691534 0.722344
vn -0.677998 0.284193 0.677904
vn -0.958768 0.284190 0.000017
vn -0.677962 0.284219 -0.677929
vn -0.000048 0.284205 -0.958764
vn 0.677925 0.284191 -0.677978
vn 0.958762 0.284211 0.000003
vn 0.677946 0.284226 0.677942
vn -0.000057 0.284198 0.958766
vn -0.378383 0.844805 0.378326
vn -0.535090 0.844795 -0.000012
vn -0.378391 0.844799 -0.378333
vn -0.000018 0.844792 -0.535094
vn 0.378316 0.844805 -0.378394
vn 0.535017 0.844841 -0.000003
vn 0.378329 0.844804 0.378383
vn -0.000027 0.844792 0.535095
vn -0.000054 1.000000 -0.000015
vn 1.000000 0.000000 0.000000
vn 1.000000 0.000000 0.000000
vn 1.000000 0.000000 0.000000
vn 1.000000 0.000000 0.000000
vn 0.000000 0.000000 -1.000000
vn 0.000000 0.000000 -1.000000
vn 0.000000 0.000000 -1.000000
vn 0.000000 0.000000 -1.000000
vn -1.000000 0.000000 0.000000
vn -1.000000 0.000000 0.000000
vn -1.000000 0.000000 0.000000
vn -1.000000 0.000000 0.000000
vn 0.000000 0.999994 -0.003532
vn 0.000001 0.999975 -0.007014
vn 0.000001 0.999975 -0.007014
vn 0.000000 0.999994 -0.003532
vn 0.999999 0.000034 -0.001571
vn 0.999997 0.000000 -0.002368
vn 0.999997 0.000000 -0.002368
vn 0.999999 0.000034 -0.001571
vn -0.000000 -1.000000 0.000902
vn -0.000000 -0.999998 0.001853
vn -0.000000 -0.999998 0.001853
vn -0.000000 -1.000000 0.000902
vn -1.000000 0.000000 0.000995
vn -0.999998 0.000000 0.002109
vn -0.999998 0.000000 0.002109
vn -1.000000 0.000000 0.000995
vn -1.000000 0.000000 -0.000118
vn -1.000000 0.000000 -0.000118
vn -0.000000 1.000000 -0.000050
vn -0.000000 1.000000 -0.000050
vn 1.000000 0.000069 -0.000774
vn 1.000000 0.000069 -0.000774
vn -0.000000 -1.000000 -0.000049
vn -0.000000 -1.000000 -0.000049
vn -0.999999 0.000000 -0.001248
vn -0.999999 0.000000 -0.001248
vn -1.000000 0.000000 0.000661
vn -1.000000 0.000000 0.000661
vn -0.999995 0.000000 -0.003157
vn -0.999995 0.000000 -0.003157
vn 0.000000 0.999997 0.002353
vn 0.000000 0.999997 0.002353
vn 0.000000 0.999997 0.002606
vn 0.000000 0.999997 0.002606
vn 0.000000 0.999998 0.002099
vn 0.000000 0.999998 0.002099
vn 1.000000 0.000000 0.000744
vn 1.000000 0.000000 0.000744
vn 0.999997 0.000000 0.002564
vn 0.999997 0.000000 0.002564
vn 0.999999 0.000000 -0.001077
vn 0.999999 0.000000 -0.001077
vn 0.000000 -1.000000 -0.000901
vn 0.000000 -1.000000 -0.000901
vn 0.000000 -1.000000 0.000043
vn 0.000000 -1.000000 0.000043
vn 0.000000 -0.999998 -0.001846
vn 0.000000 -0.999998 -0.001846
vn -1.000000 0.000009 0.000070
vn -1.000000 0.000025 0.000044
vn -0.698578 -0.715534 0.000296
vn -0.697405 -0.716678 0.000098
vn -0.698568 0.715544 0.000061
vn -0.697399 0.716683 0.000471
vn -0.699750 -0.714388 0.000494
vn -1.000000 0.000041 0.000018
vn -0.699735 0.714402 -0.000349
vn -0.000075 1.000000 0.000726
vn -0.000081 1.000000 0.000128
vn 0.698449 0.715660 0.000061
vn 0.697287 0.716792 0.000471
vn -0.000087 1.000000 -0.000470
vn 0.699609 0.714526 -0.000349
vn 1.000000 0.000009 0.000070
vn 1.000000 0.000003 0.000044
vn 0.698457 -0.715652 0.000296
vn 0.697293 -0.716787 0.000098
vn 1.000000 -0.000002 0.000018
vn 0.699620 -0.714515 0.000495
vn -0.000075 -1.000000 0.000205
vn -0.000062 -1.000000 0.000457
vn -0.000049 -1.000000 0.000709
vn -1.000000 0.000079 -0.000070
vn -0.697459 -0.716624 -0.000098
vn -0.698581 -0.715531 -0.000296
vn -1.000000 0.000039 -0.000044
vn -0.697390 0.716691 -0.000471
vn -0.698550 0.715561 -0.000061
vn -0.699701 -0.714436 -0.000495
vn -1.000000 -0.000001 -0.000018
vn -0.699708 0.714429 0.000349
vn -0.000050 1.000000 -0.000725
vn -0.000068 1.000000 -0.000127
vn 0.697296 0.716783 -0.000471
vn 0.698446 0.715662 -0.000061
vn -0.000085 1.000000 0.000471
vn 0.699595 0.714540 0.000349
vn 1.000000 0.000079 -0.000070
vn 1.000000 0.000037 -0.000044
vn 0.697334 -0.716747 -0.000098
vn 0.698460 -0.715649 -0.000296
vn 1.000000 -0.000005 -0.000018
vn 0.699585 -0.714549 -0.000495
vn -0.000094 -1.000000 -0.000205
vn -0.000090 -1.000000 -0.000457
vn -0.000086 -1.000000 -0.000710
vn 1.000000 0.000000 0.000000
vn 1.000000 0.000000 0.000000
vn 0.707122 0.000000 0.707092
vn 0.707122 0.000000 0.707092
vn -0.000092 0.000000 1.000000
vn -0.000092 0.000000 1.000000
vn -0.707030 0.000000 0.707184
vn -0.707030 0.000000 0.707184
vn -1.000000 0.000000 0.000000
vn -1.000000 0.000000 0.000000
vn -0.707023 0.000000 -0.707191
vn -0.707023 0.000000 -0.707191
vn -0.000092 0.000000 -1.000000
vn -0.000092 0.000000 -1.000000
vn 0.707115 0.000000 -0.707099
vn 0.707115 0.000000 -0.707099
vn 0.513385 -0.858158 0.000000
vn 0.363031 -0.858128 -0.363078
vn 0.633844 -0.443227 -0.633870
vn 0.896406 -0.443235 0.000003
vn -0.000027 -0.858112 -0.513463
vn -0.000053 -0.443240 -0.896403
vn -0.363180 -0.858057 -0.363096
vn -0.633895 -0.443236 -0.633813
vn -0.513627 -0.858014 -0.000002
vn -0.896418 -0.443209 0.000003
vn -0.363180 -0.858043 0.363130
vn -0.633898 -0.443197 0.633837
vn -0.000050 -0.858101 0.513480
vn -0.000073 -0.443198 0.896424
vn 0.363009 -0.858143 0.363063
vn 0.633840 -0.443225 0.633875
vn 0.529136 0.663347 -0.529138
vn 0.748315 0.663344 0.000003
vn -0.000036 0.663312 -0.748343
vn -0.529230 0.663257 -0.529155
vn -0.748421 0.663224 -0.000000
vn -0.529205 0.663293 0.529135
vn -0.000032 0.663339 0.748319
vn 0.529124 0.663353 0.529141
vn 0.475429 0.740240 -0.475407
vn 0.672362 0.740223 0.000013
vn -0.000047 0.740193 -0.672395
vn -0.475466 0.740222 -0.475399
vn -0.672382 0.740204 0.000015
vn -0.475487 0.740196 0.475417
vn -0.000040 0.740201 0.672386
vn 0.475444 0.740210 0.475438
vn 0.491187 0.719397 -0.491124
vn 0.694659 0.719339 0.000013
vn -0.000086 0.719343 -0.694655
vn -0.491246 0.719311 -0.491191
vn -0.694673 0.719325 0.000000
vn -0.491238 0.719305 0.491209
vn -0.000105 0.719385 0.694612
vn 0.491183 0.719410 0.491110
vn 0.698285 0.157871 -0.698194
vn 0.987471 0.157799 0.000009
vn -0.000131 0.157878 -0.987459
vn -0.698319 0.157780 -0.698181
vn -0.987473 0.157786 -0.000034
vn -0.698273 0.157852 0.698210
vn -0.000179 0.157931 0.987450
vn 0.698301 0.157916 0.698168
vn 0.510752 -0.691568 -0.510750
vn 0.722330 -0.691549 0.000009
vn -0.000052 -0.691548 -0.722330
vn -0.510821 -0.691524 -0.510742
vn -0.722377 -0.691500 -0.000022
vn -0.510804 -0.691544 0.510731
vn -0.000054 -0.691542 0.722336
vn 0.510764 -0.691564 0.510744
vn 0.677926 0.284215 -0.677966
vn 0.958761 0.284213 0.000013
vn -0.000052 0.284172 -0.958773
vn -0.677992 0.284185 -0.677913
vn -0.958763 0.284207 -0.000060
vn -0.677996 0.284175 0.677913
vn -0.000049 0.284212 0.958762
vn 0.677942 0.284242 0.677939
vn 0.378329 0.844829 -0.378327
vn 0.535006 0.844848 0.000008
vn -0.000037 0.844783 -0.535109
vn -0.378393 0.844790 -0.378351
vn -0.535092 0.844794 0.000006
vn -0.378390 0.844809 0.378310
vn -0.000022 0.844829 0.535037
vn 0.378316 0.844841 0.378313
vn -0.000050 1.000000 -0.000012
vn -1.000000 0.000000 0.000000
vn -1.000000 0.000000 0.000000
vn -1.000000 0.000000 0.000000
vn -1.000000 0.000000 0.000000
vn 0.000000 1.000000 0.000000
vn 0.000000 1.000000 0.000000
vn 0.000000 1.000000 0.000000
vn 0.000000 1.000000 0.000000
vn 1.000000 0.000000 0.000000
vn 1.000000 0.000000 0.000000
vn 1.000000 0.000000 0.000000
vn 1.000000 0.000000 0.000000
vn 0.000000 -1.000000 0.000000
vn 0.000000 -1.000000 0.000000
vn 0.000000 -1.000000 0.000000
vn 0.000000 -1.000000 0.000000
vn -1.000000 0.000001 0.000000
vn -1.000000 -0.000003 0.000000
vn -0.993941 0.109559 -0.008790
vn -0.993940 0.108463 -0.017862
vn -1.000000 0.000010 0.000000
vn -0.993935 0.109881 -0.004368
vn 0.000000 0.986716 -0.162455
vn 0.000000 0.996799 -0.079954
vn 0.000000 0.996799 -0.079954
vn 0.000000 0.986716 -0.162455
vn 0.000000 0.999212 -0.039697
vn 0.000000 0.999212 -0.039697
vn 0.993955 0.108328 -0.017837
vn 0.993955 0.109435 -0.008778
vn 1.000000 -0.000027 0.000000
vn 1.000000 0.000000 0.000000
vn 0.993946 0.109780 -0.004362
vn 1.000000 -0.000047 0.000000
vn 0.000000 -0.986717 0.162451
vn 0.000000 -0.996799 0.079953
vn 0.000000 -0.996799 0.079953
vn 0.000000 -0.986717 0.162451
vn 0.000000 -0.999212 0.039695
vn 0.000000 -0.999212 0.039695
vn 0.000000 -0.978862 0.204523
vn 0.000000 -0.978862 0.204523
vn -0.993930 0.107689 -0.022512
vn -1.000000 0.000016 0.000000
vn 0.000000 0.978860 -0.204533
vn 0.000000 0.978860 -0.204533
vn 1.000000 0.000008 0.000000
vn 0.993944 0.107566 -0.022480
vn -1.000000 0.000000 0.000000
vn -0.993938 0.108498 0.017780
vn -0.993937 0.109602 0.008791
vn -1.000000 0.000040 0.000000
vn -0.993929 0.109934 0.004369
vn -1.000000 0.000080 0.000000
vn 0.000000 0.986836 0.161726
vn 0.000000 0.986836 0.161726
vn 0.000000 0.996798 0.079960
vn 0.000000 0.996798 0.079960
vn 0.000000 0.999211 0.039710
vn 0.000000 0.999211 0.039710
vn 0.993954 0.108349 0.017755
vn 1.000000 0.000000 0.000000
vn 1.000000 0.000000 0.000000
vn 0.993949 0.109489 0.008778
vn 1.000000 0.000000 0.000000
vn 0.993934 0.109894 0.004363
vn 0.000000 -0.986835 -0.161730
vn 0.000000 -0.986835 -0.161730
vn 0.000000 -0.996798 -0.079956
vn 0.000000 -0.996798 -0.079956
vn 0.000000 -0.999212 -0.039704
vn 0.000000 -0.999212 -0.039704
vn 0.000000 -0.979159 -0.203097
vn 0.000000 -0.979159 -0.203097
vn -1.000000 0.000000 0.000000
vn -0.993929 0.107726 0.022348
vn 0.000000 0.979161 0.203086
vn 0.000000 0.979161 0.203086
vn 0.993942 0.107613 0.022316
vn 1.000000 0.000000 0.000000
vn -0.975828 0.217839 0.017475
vn -0.975808 0.218455 0.008685
vn 0.975869 0.217658 0.017451
vn 0.975808 0.218455 0.008673
vn 0.975890 0.215392 0.035296
vn 0.975843 0.213923 0.044362
vn 0.975850 0.213821 -0.044688
vn 0.975893 0.215351 -0.035459
vn 0.975887 0.217579 -0.017450
vn 0.975848 0.218277 -0.008671
vn -0.975816 0.218420 -0.008683
vn -0.975838 0.217798 -0.017474
vn -0.975832 0.215616 -0.035509
vn -0.975796 0.214055 -0.044750
vn -0.975823 0.215685 0.035346
vn -0.975791 0.214145 0.044424
vn -1.000000 0.000000 0.000000
vn -1.000000 0.000000 0.000000
vn -1.000000 0.000000 0.000000
vn -1.000000 0.000000 0.000000
vn 1.000000 0.000000 0.000000
vn 1.000000 0.000000 0.000000
vn 1.000000 0.000000 0.000000
vn 1.000000 0.000000 0.000000
vn 0.000000 0.000000 1.000000
vn 0.000000 0.000000 1.000000
vn 0.000000 0.000000 1.000000
vn 0.000000 0.000000 1.000000
vn 0.000000 0.000000 -1.000000
vn 0.000000 0.000000 -1.000000
vn 0.000000 0.000000 -1.000000
vn 0.000000 0.000000 -1.000000
vn -1.000000 0.000000 0.000000
vn -1.000000 0.000000 0.000000
vn -1.000000 0.000000 0.000000
vn -1.000000 0.000000 0.000000
vn 1.000000 0.000000 0.000000
vn 1.000000 0.000000 0.000000
vn 1.000000 0.000000 0.000000
vn 1.000000 0.000000 0.000000
vn 0.000000 0.000000 -1.000000
vn 0.000000 0.000000 -1.000000
vn 0.000000 0.000000 -1.000000
vn 0.000000 0.000000 -1.000000
vn 0.000000 0.000000 1.000000
vn 0.000000 0.000000 1.000000
vn 0.000000 0.000000 1.000000
vn 0.000000 0.000000 1.000000
vn 0.000000 1.000000 0.000000
vn 0.000000 1.000000 0.000000
vn 0.000000 1.000000 0.000000
vn 0.000000 1.000000 0.000000
vn 0.000000 -1.000000 0.000000
vn 0.000000 -1.000000 0.000000
vn 0.000000 -1.000000 0.000000
vn 0.000000 -1.000000 0.000000
vn 0.000000 -0.000213 -1.000000
vn 0.000000 -0.000213 -1.000000
vn 0.000000 -0.000213 -1.000000
vn 0.000000 -0.000213 -1.000000
vn 0.000000 -0.022857 0.999739
vn 0.000000 -0.022857 0.999739
vn 0.000000 -0.022857 0.999739
vn 0.000000 -0.022857 0.999739
vn 0.000000 1.000000 0.000000
vn 0.000000 1.000000 0.000000
vn 0.000000 1.000000 0.000000
vn 0.000000 1.000000 0.000000
vn 0.000000 -1.000000 0.000000
vn 0.000000 -1.000000 0.000000
vn 0.000000 -1.000000 0.000000
vn 0.000000 -1.000000 0.000000
vn 0.000000 0.024161 -0.999708
vn 0.000000 0.024161 -0.999708
vn 0.000000 0.024161 -0.999708
vn 0.000000 0.024161 -0.999708
vn 0.000000 -0.047171 0.998887
vn 0.000000 -0.047171 0.998887
vn 0.000000 -0.047171 0.998887
vn 0.000000 -0.047171 0.998887
vn 0.000000 1.000000 0.000000
vn 0.000000 1.000000 0.000000
vn 0.000000 1.000000 0.000000
vn 0.000000 1.000000 0.000000
vn 0.000000 -1.000000 0.000000
vn 0.000000 -1.000000 0.000000
vn 0.000000 -1.000000 0.000000
vn 0.000000 -1.000000 0.000000
vn 0.000000 0.096661 -0.995317
vn 0.000000 0.096661 -0.995317
vn 0.000000 0.096661 -0.995317
vn 0.000000 0.096661 -0.995317
vn 0.000000 -0.119124 0.992879
vn 0.000000 -0.119124 0.992879
vn 0.000000 -0.119124 0.992879
vn 0.000000 -0.119124 0.992879
vn 0.000000 1.000000 0.000000
vn 0.000000 1.000000 0.000000
vn 0.000000 1.000000 0.000000
vn 0.000000 1.000000 0.000000
vn 0.000000 -1.000000 0.000000
vn 0.000000 -1.000000 0.000000
vn 0.000000 -1.000000 0.000000
vn 0.000000 -1.000000 0.000000
vn 0.000000 0.120420 -0.992723
vn 0.000000 0.120420 -0.992723
vn 0.000000 0.120420 -0.992723
vn 0.000000 0.120420 -0.992723
vn 0.000000 -0.142709 0.989765
vn 0.000000 -0.142709 0.989765
vn 0.000000 -0.142709 0.989765
vn 0.000000 -0.142709 0.989765
vn 0.000000 1.000000 0.000000
vn 0.000000 1.000000 0.000000
vn 0.000000 1.000000 0.000000
vn 0.000000 1.000000 0.000000
vn 0.000000 -1.000000 -0.000000
vn 0.000000 -1.000000 -0.000000
vn 0.000000 -1.000000 -0.000000
vn 0.000000 -1.000000 -0.000000
vn 0.000000 0.167082 -0.985943
vn 0.000000 0.167082 -0.985943
vn 0.000000 0.167082 -0.985943
vn 0.000000 0.167082 -0.985943
vn 0.000000 -0.188710 0.982033
vn 0.000000 -0.188710 0.982033
vn 0.000000 -0.188710 0.982033
vn 0.000000 -0.188710 0.982033
vn 0.000000 1.000000 0.000000
vn 0.000000 1.000000 0.000000
vn 0.000000 1.000000 0.000000
vn 0.000000 1.000000 0.000000
vn 0.000000 -1.000000 -0.000000
vn 0.000000 -1.000000 -0.000000
vn 0.000000 -1.000000 -0.000000
vn 0.000000 -1.000000 -0.000000
vn 0.000000 0.190348 -0.981717
vn 0.000000 0.190348 -0.981717
vn 0.000000 0.190348 -0.981717
vn 0.000000 0.190348 -0.981717
vn 0.000000 -0.211556 0.977366
vn 0.000000 -0.211556 0.977366
vn 0.000000 -0.211556 0.977366
vn 0.000000 -0.211556 0.977366
vn 0.000000 1.000000 0.000000
vn 0.000000 1.000000 0.000000
vn 0.000000 1.000000 0.000000
vn 0.000000 1.000000 0.000000
vn 0.000000 -1.000000 0.000000
vn 0.000000 -1.000000 0.000000
vn 0.000000 -1.000000 0.000000
vn 0.000000 -1.000000 0.000000
vn 0.000000 0.212720 -0.977113
vn 0.000000 0.212720 -0.977113
vn 0.000000 0.212720 -0.977113
vn 0.000000 0.212720 -0.977113
vn 0.000000 -0.233484 0.972361
vn 0.000000 -0.233484 0.972361
vn 0.000000 -0.233484 0.972361
vn 0.000000 -0.233484 0.972361
vn 0.000000 1.000000 0.000000
vn 0.000000 1.000000 0.000000
vn 0.000000 1.000000 0.000000
vn 0.000000 1.000000 0.000000
vn 0.000000 -1.000000 0.000000
vn 0.000000 -1.000000 0.000000
vn 0.000000 -1.000000 0.000000
vn 0.000000 -1.000000 0.000000
vn 0.000000 0.143918 -0.989590
vn 0.000000 0.143918 -0.989590
vn 0.000000 0.143918 -0.989590
vn 0.000000 0.143918 -0.989590
vn 0.000000 -0.165859 0.986149
vn 0.000000 -0.165859 0.986149
vn 0.000000 -0.165859 0.986149
vn 0.000000 -0.165859 0.986149
vn 0.000000 1.000000 0.000000
vn 0.000000 1.000000 0.000000
vn 0.000000 1.000000 0.000000
vn 0.000000 1.000000 0.000000
vn 0.000000 -1.000000 0.000000
vn 0.000000 -1.000000 0.000000
vn 0.000000 -1.000000 0.000000
vn 0.000000 -1.000000 0.000000
vn 0.000000 0.048462 -0.998825
vn 0.000000 0.048462 -0.998825
vn 0.000000 0.048462 -0.998825
vn 0.000000 0.048462 -0.998825
vn 0.000000 -0.071335 0.997452
vn 0.000000 -0.071335 0.997452
vn 0.000000 -0.071335 0.997452
vn 0.000000 -0.071335 0.997452
vn 0.000000 1.000000 0.000000
vn 0.000000 1.000000 0.000000
vn 0.000000 1.000000 0.000000
vn 0.000000 1.000000 0.000000
vn 0.000000 -1.000000 0.000000
vn 0.000000 -1.000000 0.000000
vn 0.000000 -1.000000 0.000000
vn 0.000000 -1.000000 0.000000
vn 0.000000 0.072620 -0.997360
vn 0.000000 0.072620 -0.997360
vn 0.000000 0.072620 -0.997360
vn 0.000000 0.072620 -0.997360
vn 0.000000 -0.095364 0.995442
vn 0.000000 -0.095364 0.995442
vn 0.000000 -0.095364 0.995442
vn 0.000000 -0.095364 0.995442
vn 0.000000 1.000000 0.000000
vn 0.000000 1.000000 0.000000
vn 0.000000 1.000000 0.000000
vn 0.000000 1.000000 0.000000
vn 0.000000 -1.000000 0.000000
vn 0.000000 -1.000000 0.000000
vn 0.000000 -1.000000 0.000000
vn 0.000000 -1.000000 0.000000
vn 0.000000 -0.033352 -0.999444
vn 0.000000 -0.033352 -0.999444
vn 0.000000 -0.033352 -0.999444
vn 0.000000 -0.033352 -0.999444
vn 0.000000 0.010324 0.999947
vn 0.000000 0.010324 0.999947
vn 0.000000 0.010324 0.999947
vn 0.000000 0.010324 0.999947
vn 0.000000 1.000000 0.000000
vn 0.000000 1.000000 0.000000
vn 0.000000 1.000000 0.000000
vn 0.000000 1.000000 0.000000
vn 0.000000 -1.000000 0.000000
vn 0.000000 -1.000000 0.000000
vn 0.000000 -1.000000 0.000000
vn 0.000000 -1.000000 0.000000
vn 0.000000 -0.018017 -0.999838
vn 0.000000 -0.018017 -0.999838
vn 0.000000 -0.018017 -0.999838
vn 0.000000 -0.018017 -0.999838
vn 0.000000 -0.004911 0.999988
vn 0.000000 -0.004911 0.999988
vn 0.000000 -0.004911 0.999988
vn 0.000000 -0.004911 0.999988
vn 0.000000 1.000000 0.000000
vn 0.000000 1.000000 0.000000
vn 0.000000 1.000000 0.000000
vn 0.000000 1.000000 0.000000
vn 0.000000 -1.000000 0.000000
vn 0.000000 -1.000000 0.000000
vn 0.000000 -1.000000 0.000000
vn 0.000000 -1.000000 0.000000
vn 0.000000 0.006148 -0.999981
vn 0.000000 0.006148 -0.999981
vn 0.000000 0.006148 -0.999981
vn 0.000000 0.006148 -0.999981
vn 0.000000 0.028506 0.999594
vn 0.000000 0.028506 0.999594
vn 0.000000 0.028506 0.999594
vn 0.000000 0.028506 0.999594
vn 0.000000 1.000000 0.000000
vn 0.000000 1.000000 0.000000
vn 0.000000 1.000000 0.000000
vn 0.000000 1.000000 0.000000
vn 0.000000 -1.000000 -0.000000
vn 0.000000 -1.000000 -0.000000
vn 0.000000 -1.000000 -0.000000
vn 0.000000 -1.000000 -0.000000
vn 0.000000 -0.003190 -0.999995
vn 0.000000 -0.003190 -0.999995
vn 0.000000 -0.003190 -0.999995
vn 0.000000 -0.003190 -0.999995
vn 0.000000 0.038041 0.999276
vn 0.000000 0.038041 0.999276
vn 0.000000 0.038041 0.999276
vn 0.000000 0.038041 0.999276
vn 0.000000 1.000000 0.000000
vn 0.000000 1.000000 0.000000
vn 0.000000 1.000000 0.000000
vn 0.000000 1.000000 0.000000
vn 0.000000 -1.000000 -0.000000
vn 0.000000 -1.000000 -0.000000
vn 0.000000 -1.000000 -0.000000
vn 0.000000 -1.000000 -0.000000
vn 0.000000 -0.036305 -0.999341
vn 0.000000 -0.036305 -0.999341
vn 0.000000 -0.036305 -0.999341
vn 0.000000 -0.036305 -0.999341
vn 0.000000 0.013716 0.999906
vn 0.000000 0.013716 0.999906
vn 0.000000 0.013716 0.999906
vn 0.000000 0.013716 0.999906
vn 0.000000 1.000000 0.000000
vn 0.000000 1.000000 0.000000
vn 0.000000 1.000000 0.000000
vn 0.000000 1.000000 0.000000
vn 0.000000 -1.000000 0.000000
vn 0.000000 -1.000000 0.000000
vn 0.000000 -1.000000 0.000000
vn 0.000000 -1.000000 0.000000
vn 0.000000 -0.012508 -0.999922
vn 0.000000 -0.012508 -0.999922
vn 0.000000 -0.012508 -0.999922
vn 0.000000 -0.012508 -0.999922
vn 0.000000 -0.009889 0.999951
vn 0.000000 -0.009889 0.999951
vn 0.000000 -0.009889 0.999951
vn 0.000000 -0.009889 0.999951
vn 0.000000 1.000000 0.000000
vn 0.000000 1.000000 0.000000
vn 0.000000 1.000000 0.000000
vn 0.000000 1.000000 0.000000
vn 0.000000 -1.000000 0.000000
vn 0.000000 -1.000000 0.000000
vn 0.000000 -1.000000 0.000000
vn 0.000000 -1.000000 0.000000
vn 0.000000 -0.027232 -0.999629
vn 0.000000 -0.027232 -0.999629
vn 0.000000 -0.027232 -0.999629
vn 0.000000 -0.027232 -0.999629
vn 0.000000 0.004466 0.999990
vn 0.000000 0.004466 0.999990
vn 0.000000 0.004466 0.999990
vn 0.000000 0.004466 0.999990
vn 0.000000 1.000000 0.000000
vn 0.000000 1.000000 0.000000
vn 0.000000 1.000000 0.000000
vn 0.000000 1.000000 0.000000
vn 0.000000 -1.000000 0.000000
vn 0.000000 -1.000000 0.000000
vn 0.000000 -1.000000 0.000000
vn 0.000000 -1.000000 0.000000
vn 0.000000 -0.009048 -0.999959
vn 0.000000 -0.009048 -0.999959
vn 0.000000 -0.009048 -0.999959
vn 0.000000 -0.009048 -0.999959
vn 0.000000 0.043538 0.999052
vn 0.000000 0.043538 0.999052
vn 0.000000 0.043538 0.999052
vn 0.000000 0.043538 0.999052
vn 0.000000 1.000000 0.000000
vn 0.000000 1.000000 0.000000
vn 0.000000 1.000000 0.000000
vn 0.000000 1.000000 0.000000
vn 0.000000 -1.000000 0.000000
vn 0.000000 -1.000000 0.000000
vn 0.000000 -1.000000 0.000000
vn 0.000000 -1.000000 0.000000
vn 0.000000 -0.042227 -0.999108
vn 0.000000 -0.042227 -0.999108
vn 0.000000 -0.042227 -0.999108
vn 0.000000 -0.042227 -0.999108
vn 0.000000 0.019273 0.999814
vn 0.000000 0.019273 0.999814
vn 0.000000 0.019273 0.999814
vn 0.000000 0.019273 0.999814
vn -1.000000 0.000000 0.000000
vn -1.000000 0.000000 0.000000
vn -1.000000 0.000000 0.000000
vn -1.000000 0.000000 0.000000
vn 0.000000 0.000000 -1.000000
vn 0.000000 0.000000 -1.000000
vn 0.000000 0.000000 -1.000000
vn 0.000000 0.000000 -1.000000
vn 1.000000 0.000000 0.000000
vn 1.000000 0.000000 0.000000
vn 1.000000 0.000000 0.000000
vn 1.000000 0.000000 0.000000
vn 0.707095 0.000141 -0.707118
vn 0.000000 0.000197 -1.000000
vn 0.000000 0.000197 -1.000000
vn 0.707095 0.000141 -0.707118
vn -0.707121 0.000139 -0.707092
vn -0.707121 0.000139 -0.707092
vn -1.000000 -0.000001 0.000011
vn -1.000000 -0.000001 0.000011
vn -0.707122 -0.000140 0.707091
vn -0.707122 -0.000140 0.707091
vn 0.000000 -0.000197 1.000000
vn 0.000000 -0.000197 1.000000
vn 0.707096 -0.000139 0.707118
vn 0.707096 -0.000139 0.707118
vn 1.000000 0.000001 0.000011
vn 1.000000 0.000001 0.000011
vn -1.000000 0.000000 -0.000007
vn -0.707091 0.000000 0.707123
vn -0.707091 0.000000 0.707123
vn -1.000000 0.000000 -0.000007
vn 0.000000 0.000000 1.000000
vn 0.000000 0.000000 1.000000
vn 0.707091 0.000000 0.707123
vn 0.707091 0.000000 0.707123
vn 1.000000 0.000000 -0.000007
vn 1.000000 0.000000 -0.000007
vn 0.707092 0.000000 -0.707122
vn 0.707092 0.000000 -0.707122
vn 0.000000 0.000000 -1.000000
vn 0.000000 0.000000 -1.000000
vn -0.707092 0.000000 -0.707122
vn -0.707092 0.000000 -0.707122
vn -0.513531 -0.858071 0.000000
vn -0.896444 -0.443157 0.000009
vn -0.633911 -0.443137 -0.633866
vn -0.363100 -0.858108 -0.363055
vn 0.000006 -0.443204 -0.896421
vn 0.000010 -0.858113 -0.513461
vn 0.633871 -0.443165 -0.633886
vn 0.363070 -0.858112 -0.363075
vn 0.896434 -0.443178 0.000010
vn 0.513424 -0.858135 -0.000013
vn 0.633845 -0.443216 0.633877
vn 0.363028 -0.858143 0.363045
vn -0.000008 -0.443202 0.896422
vn -0.000007 -0.858113 0.513461
vn -0.633873 -0.443249 0.633826
vn -0.363108 -0.858097 0.363073
vn -0.748346 0.663309 -0.000006
vn -0.529149 0.663363 -0.529104
vn 0.000002 0.663328 -0.748329
vn 0.529150 0.663332 -0.529142
vn 0.748308 0.663352 0.000006
vn 0.529123 0.663346 0.529151
vn -0.000000 0.663342 0.748316
vn -0.529176 0.663302 0.529154
vn -0.672474 0.740121 0.000001
vn -0.475530 0.740115 -0.475500
vn -0.000002 0.740183 -0.672406
vn 0.475461 0.740205 -0.475429
vn 0.672365 0.740219 -0.000013
vn 0.475428 0.740236 0.475415
vn -0.000013 0.740182 0.672407
vn -0.475464 0.740162 0.475493
vn -0.694672 0.719326 0.000014
vn -0.491221 0.719295 -0.491240
vn -0.000024 0.719337 -0.694661
vn 0.491181 0.719400 -0.491126
vn 0.694596 0.719400 -0.000006
vn 0.491155 0.719413 0.491133
vn -0.000006 0.719349 0.694649
vn -0.491187 0.719339 0.491209
vn -0.987451 0.157927 0.000008
vn -0.698218 0.157903 -0.698254
vn -0.000054 0.157933 -0.987450
vn 0.698268 0.157897 -0.698205
vn 0.987469 0.157815 0.000007
vn 0.698218 0.157874 0.698261
vn 0.000021 0.157926 0.987451
vn -0.698247 0.157955 0.698213
vn -0.722322 -0.691557 -0.000001
vn -0.510774 -0.691534 -0.510775
vn -0.000015 -0.691514 -0.722363
vn 0.510754 -0.691561 -0.510759
vn 0.722309 -0.691571 0.000012
vn 0.510753 -0.691548 0.510777
vn 0.000005 -0.691525 0.722352
vn -0.510761 -0.691557 0.510755
vn -0.958772 0.284178 -0.000006
vn -0.677945 0.284197 -0.677954
vn -0.000007 0.284174 -0.958773
vn 0.677953 0.284178 -0.677955
vn 0.958759 0.284222 0.000007
vn 0.677934 0.284225 0.677954
vn 0.000011 0.284186 0.958769
vn -0.677947 0.284164 0.677966
vn -0.535066 0.844810 -0.000017
vn -0.378349 0.844832 -0.378301
vn 0.000037 0.844838 -0.535022
vn 0.378376 0.844783 -0.378383
vn 0.535123 0.844774 -0.000001
vn 0.378384 0.844763 0.378419
vn 0.000036 0.844816 0.535057
vn -0.378295 0.844866 0.378279
vn 0.000068 1.000000 0.000003
vn 0.363127 -0.858059 -0.363143
vn 0.633843 -0.443206 -0.633886
vn 0.896412 -0.443222 -0.000000
vn 0.513533 -0.858070 0.000001
vn 0.633861 -0.443154 0.633904
vn 0.363114 -0.858071 0.363128
vn 0.000034 -0.443177 0.896434
vn 0.000030 -0.858114 0.513460
vn -0.633900 -0.443157 0.633864
vn -0.363055 -0.858142 0.363021
vn -0.896459 -0.443127 -0.000010
vn -0.513498 -0.858091 -0.000015
vn -0.633890 -0.443190 -0.633850
vn -0.363110 -0.858097 -0.363070
vn 0.000029 -0.443182 -0.896432
vn 0.000023 -0.858082 -0.513512
vn 0.529156 0.663284 -0.529196
vn 0.748337 0.663319 0.000001
vn 0.529121 0.663342 0.529158
vn 0.000021 0.663378 0.748285
vn -0.529136 0.663385 0.529089
vn -0.748313 0.663346 0.000019
vn -0.529139 0.663352 -0.529127
vn 0.000020 0.663329 -0.748328
vn 0.475453 0.740200 -0.475446
vn 0.672326 0.740256 0.000002
vn 0.475423 0.740231 0.475428
vn 0.000005 0.740185 0.672403
vn -0.475484 0.740163 0.475472
vn -0.672434 0.740157 0.000019
vn -0.475463 0.740182 -0.475465
vn 0.000009 0.740155 -0.672437
vn 0.491142 0.719421 -0.491135
vn 0.694526 0.719468 0.000020
vn 0.491146 0.719416 0.491138
vn -0.000017 0.719325 0.694674
vn -0.491178 0.719336 0.491223
vn -0.694631 0.719366 0.000002
vn -0.491189 0.719359 -0.491178
vn 0.000005 0.719340 -0.694658
vn 0.698222 0.157946 -0.698240
vn 0.987450 0.157931 0.000048
vn 0.698240 0.157912 0.698229
vn -0.000027 0.157883 0.987458
vn -0.698227 0.157898 0.698246
vn -0.987452 0.157917 0.000024
vn -0.698238 0.157941 -0.698225
vn -0.000007 0.157951 -0.987447
vn 0.510747 -0.691570 -0.510753
vn 0.722316 -0.691563 0.000012
vn 0.510756 -0.691571 0.510743
vn 0.000000 -0.691583 0.722297
vn -0.510756 -0.691572 0.510742
vn -0.722331 -0.691547 0.000003
vn -0.510782 -0.691525 -0.510779
vn -0.000004 -0.691525 -0.722352
vn 0.677948 0.284182 -0.677958
vn 0.958758 0.284223 0.000008
vn 0.677968 0.284193 0.677933
vn -0.000009 0.284130 0.958786
vn -0.677954 0.284139 0.677970
vn -0.958765 0.284200 -0.000013
vn -0.677948 0.284221 -0.677942
vn 0.000014 0.284173 -0.958773
vn 0.378357 0.844816 -0.378327
vn 0.535078 0.844803 0.000018
vn 0.378378 0.844815 0.378308
vn 0.000008 0.844824 0.535044
vn -0.378372 0.844801 0.378348
vn -0.535078 0.844803 0.000018
vn -0.378334 0.844828 -0.378325
vn 0.000026 0.844794 -0.535092
vn 0.000019 1.000000 0.000004
vn -1.000000 0.000000 0.000000
vn -1.000000 0.000000 0.000000
vn -1.000000 0.000000 0.000000
vn -1.000000 0.000000 0.000000
vn 0.000000 0.000000 1.000000
vn 0.000000 0.000000 1.000000
vn 0.000000 0.000000 1.000000
vn 0.000000 0.000000 1.000000
vn 1.000000 0.000000 0.000000
vn 1.000000 0.000000 0.000000
vn 1.000000 0.000000 0.000000
vn 1.000000 0.000000 0.000000
vn -0.000000 0.999994 0.003536
vn -0.000001 0.999975 0.007021
vn -0.000001 0.999975 0.007021
vn -0.000000 0.999994 0.003536
vn -0.999999 0.000000 0.001570
vn -0.999997 0.000000 0.002360
vn -0.999997 0.000000 0.002360
vn -0.999999 0.000000 0.001570
vn 0.000000 -1.000000 -0.000903
vn 0.000000 -0.999998 -0.001855
vn 0.000000 -0.999998 -0.001855
vn 0.000000 -1.000000 -0.000903
vn 1.000000 0.000000 -0.000997
vn 0.999998 0.000000 -0.002111
vn 0.999998 0.000000 -0.002111
vn 1.000000 0.000000 -0.000997
vn 1.000000 0.000000 0.000118
vn 1.000000 0.000000 0.000118
vn 0.000000 1.000000 0.000050
vn 0.000000 1.000000 0.000050
vn -1.000000 0.000000 0.000780
vn -1.000000 0.000000 0.000780
vn 0.000000 -1.000000 0.000049
vn 0.000000 -1.000000 0.000049
vn 0.999999 -0.000032 0.001246
vn 0.999999 -0.000032 0.001246
vn 1.000000 0.000000 -0.000661
vn 1.000000 0.000000 -0.000661
vn 0.999995 -0.000063 0.003154
vn 0.999995 -0.000063 0.003154
vn -0.000000 0.999997 -0.002352
vn -0.000000 0.999997 -0.002352
vn -0.000000 0.999997 -0.002606
vn -0.000000 0.999997 -0.002606
vn 0.000000 0.999998 -0.002097
vn 0.000000 0.999998 -0.002097
vn -1.000000 0.000000 -0.000742
vn -1.000000 0.000000 -0.000742
vn -0.999997 0.000000 -0.002569
vn -0.999997 0.000000 -0.002569
vn -0.999999 0.000000 0.001086
vn -0.999999 0.000000 0.001086
vn -0.000000 -1.000000 0.000900
vn -0.000000 -1.000000 0.000900
vn -0.000000 -1.000000 -0.000043
vn -0.000000 -1.000000 -0.000043
vn 0.000000 -0.999998 0.001843
vn 0.000000 -0.999998 0.001843
vn 1.000000 0.000009 -0.000070
vn 1.000000 0.000010 -0.000044
vn 0.698518 -0.715593 -0.000296
vn 0.697351 -0.716730 -0.000098
vn 0.698501 0.715609 -0.000062
vn 0.697345 0.716735 -0.000471
vn 0.699683 -0.714454 -0.000494
vn 1.000000 0.000011 -0.000018
vn 0.699654 0.714482 0.000348
vn 0.000000 1.000000 -0.000726
vn -0.000007 1.000000 -0.000128
vn -0.698546 0.715565 -0.000061
vn -0.697345 0.716735 -0.000471
vn -0.000015 1.000000 0.000470
vn -0.699745 0.714393 0.000348
vn -1.000000 0.000009 -0.000070
vn -1.000000 -0.000043 -0.000044
vn -0.698519 -0.715591 -0.000296
vn -0.697351 -0.716730 -0.000098
vn -1.000000 -0.000095 -0.000018
vn -0.699686 -0.714450 -0.000494
vn 0.000000 -1.000000 -0.000205
vn -0.000000 -1.000000 -0.000457
vn -0.000000 -1.000000 -0.000709
vn 1.000000 0.000079 0.000070
vn 0.697406 -0.716677 0.000098
vn 0.698545 -0.715566 0.000296
vn 1.000000 0.000077 0.000044
vn 0.697336 0.716744 0.000471
vn 0.698491 0.715619 0.000061
vn 0.699682 -0.714454 0.000495
vn 1.000000 0.000076 0.000018
vn 0.699644 0.714492 -0.000349
vn -0.000025 1.000000 0.000725
vn -0.000011 1.000000 0.000127
vn -0.697412 0.716670 0.000471
vn -0.698550 0.715561 0.000061
vn 0.000002 1.000000 -0.000471
vn -0.699686 0.714450 -0.000349
vn -1.000000 -0.000084 0.000070
vn -1.000000 -0.000035 0.000044
vn -0.697334 -0.716747 0.000098
vn -0.698514 -0.715597 0.000296
vn -1.000000 0.000014 0.000018
vn -0.699692 -0.714445 0.000495
vn 0.000019 -1.000000 0.000205
vn 0.000003 -1.000000 0.000457
vn -0.000013 -1.000000 0.000711
vn -1.000000 0.000000 -0.000002
vn -1.000000 0.000000 -0.000002
vn -0.707095 0.000000 -0.707119
vn -0.707095 0.000000 -0.707119
vn -0.000004 0.000000 -1.000000
vn -0.000004 0.000000 -1.000000
vn 0.707096 0.000000 -0.707117
vn 0.707096 0.000000 -0.707117
vn 1.000000 0.000000 0.000008
vn 1.000000 0.000000 0.000008
vn 0.707093 0.000000 0.707120
vn 0.707093 0.000000 0.707120
vn 0.000000 0.000000 1.000000
vn 0.000000 0.000000 1.000000
vn -0.707096 0.000000 0.707117
vn -0.707096 0.000000 0.707117
vn -0.513514 -0.858082 0.000007
vn -0.363100 -0.858108 0.363055
vn -0.633893 -0.443193 0.633845
vn -0.896447 -0.443152 0.000006
vn -0.000005 -0.858134 0.513426
vn 0.000006 -0.443205 0.896421
vn 0.363033 -0.858136 0.363055
vn 0.633855 -0.443191 0.633885
vn 0.513391 -0.858155 0.000015
vn 0.896428 -0.443191 0.000011
vn 0.363009 -0.858146 -0.363056
vn 0.633856 -0.443165 -0.633902
vn -0.000007 -0.858113 -0.513461
vn 0.000001 -0.443188 -0.896429
vn -0.363090 -0.858108 -0.363065
vn -0.633885 -0.443196 -0.633851
vn -0.529173 0.663330 0.529121
vn -0.748353 0.663301 0.000005
vn 0.000024 0.663352 0.748308
vn 0.529121 0.663346 0.529153
vn 0.748263 0.663403 0.000009
vn 0.529093 0.663378 -0.529142
vn 0.000022 0.663337 -0.748321
vn -0.529158 0.663336 -0.529129
vn -0.475470 0.740179 0.475461
vn -0.672412 0.740177 -0.000027
vn 0.000013 0.740144 0.672449
vn 0.475440 0.740207 0.475448
vn 0.672315 0.740265 0.000006
vn 0.475429 0.740212 -0.475451
vn 0.000003 0.740156 -0.672435
vn -0.475475 0.740156 -0.475491
vn -0.491171 0.719371 0.491178
vn -0.694599 0.719397 -0.000025
vn 0.000005 0.719314 0.694685
vn 0.491154 0.719403 0.491149
vn 0.694530 0.719464 0.000002
vn 0.491144 0.719418 -0.491137
vn -0.000008 0.719347 -0.694651
vn -0.491178 0.719351 -0.491201
vn -0.698262 0.157916 0.698207
vn -0.987457 0.157886 0.000015
vn 0.000008 0.157888 0.987457
vn 0.698244 0.157880 0.698233
vn 0.987451 0.157926 0.000003
vn 0.698247 0.157904 -0.698224
vn -0.000003 0.157922 -0.987452
vn -0.698237 0.157929 -0.698229
vn -0.510768 -0.691547 0.510763
vn -0.722311 -0.691568 0.000000
vn -0.000002 -0.691553 0.722325
vn 0.510769 -0.691557 0.510749
vn 0.722328 -0.691550 0.000008
vn 0.510748 -0.691586 -0.510729
vn -0.000005 -0.691575 -0.722305
vn -0.510757 -0.691565 -0.510750
vn -0.677938 0.284189 0.677966
vn -0.958772 0.284178 -0.000012
vn -0.000003 0.284188 0.958769
vn 0.677957 0.284210 0.677938
vn 0.958758 0.284222 0.000023
vn 0.677950 0.284172 -0.677960
vn 0.000013 0.284154 -0.958779
vn -0.677965 0.284175 -0.677944
vn -0.378306 0.844837 0.378331
vn -0.535077 0.844804 -0.000032
vn 0.000006 0.844816 0.535058
vn 0.378365 0.844796 0.378366
vn 0.535137 0.844765 0.000005
vn 0.378391 0.844762 -0.378415
vn 0.000048 0.844823 -0.535047
vn -0.378356 0.844831 -0.378294
vn 0.000060 1.000000 -0.000015
vn 1.000000 0.000000 0.000000
vn 1.000000 0.000000 0.000000
vn 1.000000 0.000000 0.000000
vn 1.000000 0.000000 0.000000
vn 0.000000 1.000000 0.000000
vn 0.000000 1.000000 0.000000
vn 0.000000 1.000000 0.000000
vn 0.000000 1.000000 0.000000
vn -1.000000 0.000000 0.000000
vn -1.000000 0.000000 0.000000
vn -1.000000 0.000000 0.000000
vn -1.000000 0.000000 0.000000
vn 0.000000 -1.000000 0.000000
vn 0.000000 -1.000000 0.000000
vn 0.000000 -1.000000 0.000000
vn 0.000000 -1.000000 0.000000
vn 1.000000 -0.000000 0.000000
vn 1.000000 0.000021 0.000000
vn 0.993955 0.109439 0.008780
vn 0.993955 0.108328 0.017837
vn 1.000000 0.000039 0.000000
vn 0.993946 0.109784 0.004367
vn 0.000000 0.986715 0.162458
vn 0.000000 0.996797 0.079975
vn 0.000000 0.996797 0.079975
vn 0.000000 0.986715 0.162458
vn 0.000000 0.999210 0.039741
vn 0.000000 0.999210 0.039741
vn -0.993954 0.108336 0.017837
vn -0.993955 0.109436 0.008780
vn -1.000000 -0.000008 0.000000
vn -1.000000 -0.000043 0.000000
vn -0.993946 0.109787 0.004367
vn -1.000000 0.000001 0.000000
vn 0.000000 -0.986717 -0.162451
vn 0.000000 -0.996797 -0.079974
vn 0.000000 -0.996797 -0.079974
vn 0.000000 -0.986717 -0.162451
vn 0.000000 -0.999210 -0.039736
vn 0.000000 -0.999210 -0.039736
vn 0.000000 -0.978862 -0.204523
vn 0.000000 -0.978862 -0.204523
vn 0.993944 0.107564 0.022480
vn 1.000000 -0.000003 0.000000
vn 0.000000 0.978859 0.204539
vn 0.000000 0.978859 0.204539
vn -1.000000 -0.000070 0.000000
vn -0.993942 0.107586 0.022480
vn 1.000000 0.000000 0.000000
vn 0.993955 0.108347 -0.017755
vn 0.993956 0.109430 -0.008776
vn 1.000000 0.000000 0.000000
vn 0.993946 0.109780 -0.004358
vn 1.000000 0.000000 0.000000
vn 0.000000 0.986836 -0.161724
vn 0.000000 0.986836 -0.161724
vn 0.000000 0.996800 -0.079938
vn 0.000000 0.996800 -0.079938
vn 0.000000 0.999213 -0.039667
vn 0.000000 0.999213 -0.039667
vn -0.993952 0.108371 -0.017755
vn -1.000000 0.000044 0.000000
vn -1.000000 0.000000 0.000000
vn -0.993956 0.109432 -0.008776
vn -1.000000 0.000000 0.000000
vn -0.993946 0.109780 -0.004358
vn 0.000000 -0.986835 0.161730
vn 0.000000 -0.986835 0.161730
vn 0.000000 -0.996800 0.079934
vn 0.000000 -0.996800 0.079934
vn 0.000000 -0.999213 0.039661
vn 0.000000 -0.999213 0.039661
vn 0.000000 -0.979159 0.203097
vn 0.000000 -0.979159 0.203097
vn 1.000000 0.000000 0.000000
vn 0.993942 0.107614 -0.022316
vn 0.000000 0.979162 -0.203082
vn 0.000000 0.979162 -0.203082
vn -0.993938 0.107657 -0.022316
vn -1.000000 0.000087 0.000000
vn 0.975895 0.217542 -0.017446
vn 0.975859 0.218230 -0.008664
vn -0.975894 0.217545 -0.017446
vn -0.975859 0.218230 -0.008664
vn -0.975890 0.215393 -0.035296
vn -0.975843 0.213924 -0.044362
vn -0.975825 0.213937 0.044686
vn -0.975880 0.215408 0.035459
vn -0.975891 0.217560 0.017455
vn -0.975856 0.218242 0.008680
vn 0.975865 0.218202 0.008680
vn 0.975896 0.217538 0.017455
vn 0.975893 0.215352 0.035459
vn 0.975849 0.213828 0.044688
vn 0.975890 0.215389 -0.035297
vn 0.975843 0.213924 -0.044362
vn 1.000000 0.000000 0.000000
vn 1.000000 0.000000 0.000000
vn 1.000000 0.000000 0.000000
vn 1.000000 0.000000 0.000000
vn -1.000000 0.000000 0.000000
vn -1.000000 0.000000 0.000000
vn -1.000000 0.000000 0.000000
vn -1.000000 0.000000 0.000000
vn 0.000000 0.000000 -1.000000
vn 0.000000 0.000000 -1.000000
vn 0.000000 0.000000 -1.000000
vn 0.000000 0.000000 -1.000000
vn 0.000000 0.000000 1.000000
vn 0.000000 0.000000 1.000000
vn 0.000000 0.000000 1.000000
vn 0.000000 0.000000 1.000000
vn 1.000000 0.000000 0.000000
vn 1.000000 0.000000 0.000000
vn 1.000000 0.000000 0.000000
vn 1.000000 0.000000 0.000000
vn -1.000000 0.000000 0.000000
vn -1.000000 0.000000 0.000000
vn -1.000000 0.000000 0.000000
vn -1.000000 0.000000 0.000000
vn 0.000000 0.000000 1.000000
vn 0.000000 0.000000 1.000000
vn 0.000000 0.000000 1.000000
vn 0.000000 0.000000 1.000000
vn 0.000000 0.000000 -1.000000
vn 0.000000 0.000000 -1.000000
vn 0.000000 0.000000 -1.000000
vn 0.000000 0.000000 -1.000000
vn 0.000000 -0.707102 -0.707112
vn 0.000000 -1.000000 0.000020
vn 0.000000 -1.000000 0.000020
vn 0.000000 -0.707102 -0.707112
vn 0.000000 -0.707105 0.707109
vn 0.000000 -0.707105 0.707109
vn 0.000000 0.000000 1.000000
vn 0.000000 0.000000 1.000000
vn 0.000000 0.707105 0.707109
vn 0.000000 0.707105 0.707109
vn 0.000000 1.000000 0.000020
vn 0.000000 1.000000 0.000020
vn 0.000000 0.707101 -0.707112
vn 0.000000 0.707101 -0.707112
vn 0.000000 0.000000 -1.000000
vn 0.000000 0.000000 -1.000000
vn 1.000000 0.000000 0.000000
vn 1.000000 0.000000 0.000000
vn 1.000000 0.000000 0.000000
vn 1.000000 0.000000 0.000000
vn 0.000000 0.000000 1.000000
vn 0.000000 0.000000 1.000000
vn 0.000000 0.000000 1.000000
vn 0.000000 0.000000 1.000000
vn -1.000000 0.000000 0.000000
vn -1.000000 0.000000 0.000000
vn -1.000000 0.000000 0.000000
vn -1.000000 0.000000 0.000000
vn -0.707035 0.001432 0.707177
vn -0.000061 0.000652 1.000000
vn -0.000061 0.000652 1.000000
vn -0.707035 0.001432 0.707177
vn 0.707071 -0.000507 0.707142
vn 0.707071 -0.000507 0.707142
vn 0.999999 -0.001369 -0.000012
vn 0.999999 -0.001369 -0.000012
vn 0.707054 -0.001430 -0.707159
vn 0.707054 -0.001430 -0.707159
vn -0.000062 -0.000655 -1.000000
vn -0.000062 -0.000655 -1.000000
vn -0.707019 0.000510 -0.707195
vn -0.707019 0.000510 -0.707195
vn -0.999999 0.001377 -0.000012
vn -0.999999 0.001377 -0.000012
vn 1.000000 0.000000 0.000000
vn 0.707063 0.000000 -0.707150
vn 0.707063 0.000000 -0.707150
vn 1.000000 0.000000 0.000000
vn -0.000092 0.000000 -1.000000
vn -0.000092 0.000000 -1.000000
vn -0.707024 0.000000 -0.707190
vn -0.707024 0.000000 -0.707190
vn -1.000000 0.000000 0.000000
vn -1.000000 0.000000 0.000000
vn -0.707036 0.000000 0.707178
vn -0.707036 0.000000 0.707178
vn -0.000092 0.000000 1.000000
vn -0.000092 0.000000 1.000000
vn 0.707075 0.000000 0.707138
vn 0.707075 0.000000 0.707138
vn 0.513527 -0.858074 -0.000020
vn 0.896396 -0.443255 -0.000033
vn 0.633849 -0.443229 0.633864
vn 0.363102 -0.858077 0.363126
vn -0.000064 -0.443194 0.896426
vn -0.000037 -0.858081 0.513515
vn -0.633891 -0.443237 0.633817
vn -0.363207 -0.858027 0.363140
vn -0.896393 -0.443261 -0.000010
vn -0.513702 -0.857969 -0.000013
vn -0.633892 -0.443243 -0.633811
vn -0.363238 -0.858008 -0.363154
vn -0.000051 -0.443227 -0.896410
vn -0.000034 -0.858089 -0.513500
vn 0.633841 -0.443226 -0.633874
vn 0.363092 -0.858080 -0.363129
vn 0.748381 0.663269 -0.000020
vn 0.529156 0.663310 0.529163
vn -0.000042 0.663322 0.748334
vn -0.529218 0.663259 0.529165
vn -0.748449 0.663192 -0.000001
vn -0.529226 0.663240 -0.529180
vn -0.000034 0.663315 -0.748340
vn 0.529151 0.663315 -0.529162
vn 0.672370 0.740215 -0.000012
vn 0.475438 0.740224 0.475423
vn -0.000045 0.740184 0.672405
vn -0.475414 0.740272 0.475373
vn -0.672279 0.740298 -0.000011
vn -0.475440 0.740238 -0.475399
vn -0.000040 0.740173 -0.672417
vn 0.475475 0.740179 -0.475456
vn 0.694638 0.719359 0.000006
vn 0.491190 0.719397 0.491122
vn -0.000087 0.719366 0.694631
vn -0.491219 0.719355 0.491153
vn -0.694649 0.719349 -0.000012
vn -0.491246 0.719307 -0.491198
vn -0.000075 0.719316 -0.694683
vn 0.491196 0.719359 -0.491171
vn 0.987460 0.157869 0.000033
vn 0.698283 0.157901 0.698189
vn -0.000145 0.157931 0.987450
vn -0.698329 0.157815 0.698163
vn -0.987478 0.157754 -0.000011
vn -0.698302 0.157824 -0.698188
vn -0.000135 0.157913 -0.987453
vn 0.698229 0.157943 -0.698234
vn 0.722360 -0.691517 -0.000001
vn 0.510756 -0.691560 0.510757
vn -0.000062 -0.691565 0.722314
vn -0.510864 -0.691472 0.510768
vn -0.722452 -0.691421 0.000018
vn -0.510841 -0.691496 -0.510758
vn -0.000050 -0.691528 -0.722350
vn 0.510763 -0.691535 -0.510785
vn 0.958753 0.284242 -0.000001
vn 0.677939 0.284193 0.677962
vn -0.000063 0.284154 0.958779
vn -0.677993 0.284244 0.677887
vn -0.958741 0.284281 0.000049
vn -0.677997 0.284205 -0.677899
vn -0.000049 0.284187 -0.958769
vn 0.677925 0.284232 -0.677960
vn 0.534988 0.844860 -0.000020
vn 0.378286 0.844849 0.378324
vn -0.000037 0.844783 0.535110
vn -0.378381 0.844800 0.378340
vn -0.535061 0.844813 0.000008
vn -0.378357 0.844814 -0.378333
vn -0.000031 0.844774 -0.535124
vn 0.378322 0.844815 -0.378365
vn -0.000049 1.000000 -0.000030
vn -0.363233 -0.858025 0.363119
vn -0.633921 -0.443187 0.633821
vn -0.896432 -0.443181 0.000012
vn -0.513671 -0.857987 0.000026
vn -0.633895 -0.443185 -0.633848
vn -0.363166 -0.858050 -0.363125
vn -0.000068 -0.443162 -0.896441
vn -0.000051 -0.858100 -0.513482
vn 0.633845 -0.443220 -0.633874
vn 0.363013 -0.858149 -0.363047
vn 0.896401 -0.443243 0.000014
vn 0.513462 -0.858113 0.000025
vn 0.633868 -0.443217 0.633853
vn 0.363102 -0.858092 0.363092
vn -0.000057 -0.443198 0.896424
vn -0.000030 -0.858111 0.513465
vn -0.529227 0.663272 0.529140
vn -0.748443 0.663199 -0.000004
vn -0.529207 0.663286 -0.529141
vn -0.000047 0.663379 -0.748284
vn 0.529106 0.663388 -0.529116
vn 0.748350 0.663304 -0.000000
vn 0.529147 0.663326 0.529152
vn -0.000033 0.663351 0.748308
vn -0.475530 0.740163 0.475427
vn -0.672511 0.740087 -0.000015
vn -0.475546 0.740140 -0.475445
vn -0.000047 0.740211 -0.672375
vn 0.475398 0.740253 -0.475418
vn 0.672322 0.740259 -0.000006
vn 0.475424 0.740215 0.475452
vn -0.000032 0.740166 0.672424
vn -0.491235 0.719311 0.491203
vn -0.694674 0.719325 -0.000017
vn -0.491239 0.719301 -0.491214
vn -0.000075 0.719338 -0.694660
vn 0.491193 0.719369 -0.491160
vn 0.694653 0.719345 -0.000026
vn 0.491191 0.719357 0.491179
vn -0.000066 0.719284 0.694716
vn -0.698277 0.157854 0.698206
vn -0.987448 0.157945 -0.000025
vn -0.698261 0.157869 -0.698219
vn -0.000102 0.157849 -0.987463
vn 0.698294 0.157845 -0.698191
vn 0.987479 0.157749 -0.000050
vn 0.698286 0.157853 0.698197
vn -0.000095 0.157847 0.987464
vn -0.510817 -0.691546 0.510716
vn -0.722356 -0.691522 -0.000002
vn -0.510777 -0.691583 -0.510706
vn -0.000031 -0.691553 -0.722326
vn 0.510767 -0.691543 -0.510769
vn 0.722354 -0.691523 -0.000010
vn 0.510790 -0.691531 0.510762
vn -0.000033 -0.691534 0.722344
vn -0.678011 0.284169 0.677901
vn -0.958775 0.284167 0.000025
vn -0.677976 0.284161 -0.677938
vn -0.000039 0.284193 -0.958767
vn 0.677921 0.284238 -0.677961
vn 0.958755 0.284234 -0.000004
vn 0.677938 0.284248 0.677940
vn -0.000042 0.284199 0.958765
vn -0.378383 0.844805 0.378326
vn -0.535088 0.844796 -0.000013
vn -0.378393 0.844798 -0.378332
vn -0.000022 0.844799 -0.535085
vn 0.378314 0.844810 -0.378384
vn 0.535016 0.844842 -0.000003
vn 0.378329 0.844804 0.378383
vn -0.000027 0.844792 0.535095
vn -0.000054 1.000000 -0.000014
vn 1.000000 0.000000 0.000000
vn 1.000000 0.000000 0.000000
vn 1.000000 0.000000 0.000000
vn 1.000000 0.000000 0.000000
vn 0.000000 0.000000 -1.000000
vn 0.000000 0.000000 -1.000000
vn 0.000000 0.000000 -1.000000
vn 0.000000 0.000000 -1.000000
vn -1.000000 0.000000 0.000000
vn -1.000000 0.000000 0.000000
vn -1.000000 0.000000 0.000000
vn -1.000000 0.000000 0.000000
vn 0.000000 0.999994 -0.003536
vn 0.000001 0.999975 -0.007021
vn 0.000001 0.999975 -0.007021
vn 0.000000 0.999994 -0.003536
vn 0.999999 -0.000034 -0.001572
vn 0.999997 0.000000 -0.002370
vn 0.999997 0.000000 -0.002370
vn 0.999999 -0.000034 -0.001572
vn -0.000000 -1.000000 0.000903
vn -0.000000 -0.999998 0.001855
vn -0.000000 -0.999998 0.001855
vn -0.000000 -1.000000 0.000903
vn -1.000000 0.000000 0.000997
vn -0.999998 0.000000 0.002111
vn -0.999998 0.000000 0.002111
vn -1.000000 0.000000 0.000997
vn -1.000000 0.000000 -0.000118
vn -1.000000 0.000000 -0.000118
vn -0.000000 1.000000 -0.000050
vn -0.000000 1.000000 -0.000050
vn 1.000000 -0.000069 -0.000774
vn 1.000000 -0.000069 -0.000774
vn -0.000000 -1.000000 -0.000049
vn -0.000000 -1.000000 -0.000049
vn -1.000000 0.000034 -0.000232
vn -1.000000 0.000034 -0.000232
vn -1.000000 0.000067 0.000661
vn -1.000000 0.000067 0.000661
vn -0.999999 0.000000 -0.001125
vn -0.999999 0.000000 -0.001125
vn 0.000000 0.999998 0.002175
vn 0.000000 0.999998 0.002175
vn 0.000000 0.999997 0.002606
vn 0.000000 0.999997 0.002606
vn 0.000000 0.999999 0.001743
vn 0.000000 0.999999 0.001743
vn 1.000000 0.000000 0.000719
vn 1.000000 0.000000 0.000719
vn 0.999997 0.000000 0.002564
vn 0.999997 0.000000 0.002564
vn 0.999999 0.000000 -0.001125
vn 0.999999 0.000000 -0.001125
vn 0.000000 -0.999999 -0.001710
vn 0.000000 -0.999999 -0.001710
vn 0.000000 -1.000000 0.000043
vn 0.000000 -1.000000 0.000043
vn 0.000000 -0.999994 -0.003464
vn 0.000000 -0.999994 -0.003464
vn -1.000000 0.000009 0.000070
vn -1.000000 -0.000013 0.000044
vn -0.698556 -0.715555 0.000507
vn -0.697405 -0.716677 0.000098
vn -0.698559 0.715553 -0.000151
vn -0.697405 0.716678 0.000471
vn -0.699706 -0.714431 0.000916
vn -1.000000 -0.000036 0.000018
vn -0.699711 0.714425 -0.000772
vn -0.000083 1.000000 0.000726
vn -0.000024 1.000000 -0.000168
vn 0.698462 0.715647 -0.000150
vn 0.697305 0.716775 0.000471
vn 0.000035 0.999999 -0.001063
vn 0.699617 0.714517 -0.000771
vn 1.000000 -0.000016 0.000070
vn 1.000000 -0.000009 0.000044
vn 0.698453 -0.715656 0.000508
vn 0.697293 -0.716787 0.000098
vn 1.000000 -0.000002 0.000018
vn 0.699611 -0.714523 0.000918
vn -0.000075 -1.000000 0.000205
vn -0.000038 -1.000000 0.000753
vn 0.000000 -0.999999 0.001301
vn -1.000000 0.000079 -0.000070
vn -0.697453 -0.716630 -0.000098
vn -0.698576 -0.715536 -0.000296
vn -1.000000 0.000039 -0.000044
vn -0.697408 0.716674 -0.000471
vn -0.698555 0.715557 -0.000061
vn -0.699697 -0.714439 -0.000495
vn -1.000000 -0.000001 -0.000018
vn -0.699699 0.714438 0.000349
vn -0.000100 1.000000 -0.000725
vn -0.000089 1.000000 -0.000127
vn 0.697278 0.716800 -0.000471
vn 0.698435 0.715673 -0.000061
vn -0.000078 1.000000 0.000471
vn 0.699591 0.714544 0.000349
vn 1.000000 0.000079 -0.000070
vn 1.000000 0.000075 -0.000044
vn 0.697352 -0.716729 -0.000098
vn 0.698489 -0.715621 -0.000296
vn 1.000000 0.000072 -0.000018
vn 0.699624 -0.714511 -0.000495
vn -0.000060 -1.000000 -0.000205
vn -0.000081 -1.000000 -0.000457
vn -0.000103 -1.000000 -0.000711
vn 1.000000 0.000000 -0.000002
vn 1.000000 0.000000 -0.000002
vn 0.707121 0.000000 0.707093
vn 0.707121 0.000000 0.707093
vn -0.000092 0.000000 1.000000
vn -0.000092 0.000000 1.000000
vn -0.707029 0.000000 0.707185
vn -0.707029 0.000000 0.707185
vn -1.000000 0.000000 -0.000002
vn -1.000000 0.000000 -0.000002
vn -0.707021 0.000000 -0.707192
vn -0.707021 0.000000 -0.707192
vn -0.000092 0.000000 -1.000000
vn -0.000092 0.000000 -1.000000
vn 0.707114 0.000000 -0.707100
vn 0.707114 0.000000 -0.707100
vn 0.513386 -0.858158 0.000001
vn 0.363032 -0.858127 -0.363078
vn 0.633845 -0.443227 -0.633869
vn 0.896406 -0.443234 0.000002
vn -0.000027 -0.858112 -0.513463
vn -0.000053 -0.443240 -0.896403
vn -0.363182 -0.858056 -0.363096
vn -0.633896 -0.443235 -0.633812
vn -0.513627 -0.858013 -0.000002
vn -0.896419 -0.443208 0.000004
vn -0.363178 -0.858043 0.363130
vn -0.633897 -0.443198 0.633838
vn -0.000050 -0.858102 0.513480
vn -0.000074 -0.443198 0.896424
vn 0.363008 -0.858144 0.363063
vn 0.633839 -0.443226 0.633876
vn 0.529137 0.663346 -0.529137
vn 0.748315 0.663344 0.000002
vn -0.000036 0.663312 -0.748343
vn -0.529232 0.663257 -0.529154
vn -0.748421 0.663224 -0.000000
vn -0.529205 0.663294 0.529135
vn -0.000032 0.663339 0.748319
vn 0.529123 0.663354 0.529142
vn 0.475429 0.740240 -0.475407
vn 0.672362 0.740222 0.000012
vn -0.000047 0.740192 -0.672395
vn -0.475466 0.740222 -0.475399
vn -0.672383 0.740203 0.000014
vn -0.475487 0.740196 0.475417
vn -0.000039 0.740201 0.672386
vn 0.475443 0.740211 0.475438
vn 0.491188 0.719397 -0.491124
vn 0.694659 0.719339 0.000012
vn -0.000086 0.719342 -0.694656
vn -0.491246 0.719311 -0.491191
vn -0.694673 0.719326 -0.000001
vn -0.491237 0.719305 0.491209
vn -0.000105 0.719384 0.694612
vn 0.491182 0.719410 0.491111
vn 0.698288 0.157872 -0.698191
vn 0.987471 0.157802 0.000010
vn -0.000134 0.157878 -0.987459
vn -0.698321 0.157780 -0.698178
vn -0.987473 0.157787 -0.000033
vn -0.698272 0.157852 0.698211
vn -0.000181 0.157930 0.987450
vn 0.698299 0.157916 0.698170
vn 0.510754 -0.691567 -0.510750
vn 0.722330 -0.691549 0.000010
vn -0.000053 -0.691548 -0.722331
vn -0.510822 -0.691523 -0.510742
vn -0.722376 -0.691501 -0.000022
vn -0.510804 -0.691544 0.510731
vn -0.000054 -0.691542 0.722336
vn 0.510763 -0.691564 0.510744
vn 0.677927 0.284215 -0.677965
vn 0.958761 0.284212 0.000014
vn -0.000051 0.284172 -0.958773
vn -0.677992 0.284185 -0.677913
vn -0.958763 0.284206 -0.000059
vn -0.677997 0.284173 0.677913
vn -0.000049 0.284213 0.958761
vn 0.677943 0.284241 0.677939
vn 0.378331 0.844828 -0.378327
vn 0.535006 0.844848 0.000008
vn -0.000037 0.844783 -0.535109
vn -0.378394 0.844789 -0.378351
vn -0.535093 0.844793 0.000005
vn -0.378392 0.844809 0.378310
vn -0.000022 0.844829 0.535037
vn 0.378318 0.844840 0.378313
vn -0.000050 1.000000 -0.000012
vn -1.000000 0.000000 0.000000
vn -1.000000 0.000000 0.000000
vn -1.000000 0.000000 0.000000
vn -1.000000 0.000000 0.000000
vn 0.000000 1.000000 -0.000014
vn 0.000000 1.000000 -0.000014
vn 0.000000 1.000000 -0.000014
vn 0.000000 1.000000 -0.000014
vn 1.000000 0.000000 0.000000
vn 1.000000 0.000000 0.000000
vn 1.000000 0.000000 0.000000
vn 1.000000 0.000000 0.000000
vn 0.000000 -1.000000 0.000101
vn 0.000000 -1.000000 0.000101
vn 0.000000 -1.000000 0.000101
vn 0.000000 -1.000000 0.000101
vn -1.000000 0.000041 0.000000
vn -1.000000 0.000038 0.000000
vn -0.993940 0.109575 -0.008793
vn -0.993937 0.108486 -0.017862
vn -1.000000 0.000010 0.000000
vn -0.993931 0.109923 -0.004373
vn 0.000000 0.986716 -0.162457
vn 0.000000 0.996797 -0.079974
vn 0.000000 0.996797 -0.079974
vn 0.000000 0.986716 -0.162457
vn 0.000000 0.999210 -0.039742
vn 0.000000 0.999210 -0.039742
vn 0.993952 0.108357 -0.017837
vn 0.993954 0.109446 -0.008780
vn 1.000000 0.000013 0.000000
vn 1.000000 0.000000 0.000000
vn 0.993944 0.109800 -0.004366
vn 1.000000 0.000033 0.000000
vn 0.000000 -0.986718 0.162445
vn 0.000000 -0.996797 0.079973
vn 0.000000 -0.996797 0.079973
vn 0.000000 -0.986718 0.162445
vn 0.000000 -0.999210 0.039738
vn 0.000000 -0.999210 0.039738
vn 0.000000 -0.978863 0.204515
vn 0.000000 -0.978863 0.204515
vn -0.993924 0.107747 -0.022511
vn -1.000000 0.000016 0.000000
vn 0.000000 0.978858 -0.204542
vn 0.000000 0.978858 -0.204542
vn 1.000000 0.000008 0.000000
vn 0.993938 0.107623 -0.022480
vn -1.000000 -0.000044 0.000000
vn -0.993940 0.108476 0.017780
vn -0.993927 0.109692 0.008760
vn -1.000000 0.000000 -0.000005
vn -0.993910 0.110114 0.004307
vn -1.000000 0.000000 -0.000010
vn 0.000000 0.986837 0.161721
vn 0.000000 0.986837 0.161721
vn 0.000000 0.996826 0.079610
vn 0.000000 0.996826 0.079610
vn 0.000000 0.999239 0.039008
vn 0.000000 0.999239 0.039008
vn 0.993957 0.108320 0.017755
vn 1.000000 0.000000 0.000000
vn 1.000000 0.000000 0.000005
vn 0.993937 0.109599 0.008757
vn 1.000000 0.000000 0.000010
vn 0.993910 0.110114 0.004319
vn 0.000000 -0.986834 -0.161734
vn 0.000000 -0.986834 -0.161734
vn 0.000000 -0.996827 -0.079602
vn 0.000000 -0.996827 -0.079602
vn 0.000000 -0.999239 -0.038995
vn 0.000000 -0.999239 -0.038995
vn 0.000000 -0.979157 -0.203105
vn 0.000000 -0.979157 -0.203105
vn -1.000000 -0.000087 0.000000
vn -0.993934 0.107683 0.022348
vn 0.000000 0.979163 0.203077
vn 0.000000 0.979163 0.203077
vn 0.993949 0.107556 0.022317
vn 1.000000 0.000000 0.000000
vn -0.975781 0.218056 0.017419
vn -0.975713 0.218887 0.008572
vn 0.975822 0.217874 0.017402
vn 0.975712 0.218887 0.008576
vn 0.975902 0.215336 0.035297
vn 0.975867 0.213811 0.044363
vn 0.975826 0.213933 -0.044686
vn 0.975880 0.215408 -0.035459
vn 0.975891 0.217559 -0.017455
vn 0.975857 0.218238 -0.008680
vn -0.975798 0.218502 -0.008692
vn -0.975840 0.217788 -0.017479
vn -0.975831 0.215622 -0.035508
vn -0.975771 0.214167 -0.044749
vn -0.975823 0.215685 0.035345
vn -0.975791 0.214145 0.044424
vn -1.000000 0.000000 0.000000
vn -1.000000 0.000000 0.000000
vn -1.000000 0.000000 0.000000
vn -1.000000 0.000000 0.000000
vn 1.000000 0.000000 0.000000
vn 1.000000 0.000000 0.000000
vn 1.000000 0.000000 0.000000
vn 1.000000 0.000000 0.000000
vn 0.000000 0.000000 1.000000
vn 0.000000 0.000000 1.000000
vn 0.000000 0.000000 1.000000
vn 0.000000 0.000000 1.000000
vn 0.000000 0.000000 -1.000000
vn 0.000000 0.000000 -1.000000
vn 0.000000 0.000000 -1.000000
vn 0.000000 0.000000 -1.000000
vn -1.000000 0.000000 0.000000
vn -1.000000 0.000000 0.000000
vn -1.000000 0.000000 0.000000
vn -1.000000 0.000000 0.000000
vn 1.000000 0.000000 0.000000
vn 1.000000 0.000000 0.000000
vn 1.000000 0.000000 0.000000
vn 1.000000 0.000000 0.000000
vn 0.000000 0.000000 -1.000000
vn 0.000000 0.000000 -1.000000
vn 0.000000 0.000000 -1.000000
vn 0.000000 0.000000 -1.000000
vn 0.000000 0.000000 1.000000
vn 0.000000 0.000000 1.000000
vn 0.000000 0.000000 1.000000
vn 0.000000 0.000000 1.000000
vn 0.000000 1.000000 0.000000
vn 0.000000 1.000000 0.000000
vn 0.000000 1.000000 0.000000
vn 0.000000 1.000000 0.000000
vn 0.000000 -1.000000 0.000000
vn 0.000000 -1.000000 0.000000
vn 0.000000 -1.000000 0.000000
vn 0.000000 -1.000000 0.000000
vn 0.000000 -0.000213 -1.000000
vn 0.000000 -0.000213 -1.000000
vn 0.000000 -0.000213 -1.000000
vn 0.000000 -0.000213 -1.000000
vn 0.000000 -0.022866 0.999739
vn 0.000000 -0.022866 0.999739
vn 0.000000 -0.022866 0.999739
vn 0.000000 -0.022866 0.999739
vn 0.000000 1.000000 0.000000
vn 0.000000 1.000000 0.000000
vn 0.000000 1.000000 0.000000
vn 0.000000 1.000000 0.000000
vn 0.000000 -1.000000 0.000000
vn 0.000000 -1.000000 0.000000
vn 0.000000 -1.000000 0.000000
vn 0.000000 -1.000000 0.000000
vn 0.000000 0.024161 -0.999708
vn 0.000000 0.024161 -0.999708
vn 0.000000 0.024161 -0.999708
vn 0.000000 0.024161 -0.999708
vn 0.000000 -0.047181 0.998886
vn 0.000000 -0.047181 0.998886
vn 0.000000 -0.047181 0.998886
vn 0.000000 -0.047181 0.998886
vn 0.000000 1.000000 0.000000
vn 0.000000 1.000000 0.000000
vn 0.000000 1.000000 0.000000
vn 0.000000 1.000000 0.000000
vn 0.000000 -1.000000 0.000000
vn 0.000000 -1.000000 0.000000
vn 0.000000 -1.000000 0.000000
vn 0.000000 -1.000000 0.000000
vn 0.000000 0.096661 -0.995317
vn 0.000000 0.096661 -0.995317
vn 0.000000 0.096661 -0.995317
vn 0.000000 0.096661 -0.995317
vn 0.000000 -0.119133 0.992878
vn 0.000000 -0.119133 0.992878
vn 0.000000 -0.119133 0.992878
vn 0.000000 -0.119133 0.992878
vn 0.000000 1.000000 0.000000
vn 0.000000 1.000000 0.000000
vn 0.000000 1.000000 0.000000
vn 0.000000 1.000000 0.000000
vn 0.000000 -1.000000 0.000000
vn 0.000000 -1.000000 0.000000
vn 0.000000 -1.000000 0.000000
vn 0.000000 -1.000000 0.000000
vn 0.000000 0.120420 -0.992723
vn 0.000000 0.120420 -0.992723
vn 0.000000 0.120420 -0.992723
vn 0.000000 0.120420 -0.992723
vn 0.000000 -0.142718 0.989763
vn 0.000000 -0.142718 0.989763
vn 0.000000 -0.142718 0.989763
vn 0.000000 -0.142718 0.989763
vn 0.000000 1.000000 0.000000
vn 0.000000 1.000000 0.000000
vn 0.000000 1.000000 0.000000
vn 0.000000 1.000000 0.000000
vn 0.000000 -1.000000 -0.000000
vn 0.000000 -1.000000 -0.000000
vn 0.000000 -1.000000 -0.000000
vn 0.000000 -1.000000 -0.000000
vn 0.000000 0.167082 -0.985943
vn 0.000000 0.167082 -0.985943
vn 0.000000 0.167082 -0.985943
vn 0.000000 0.167082 -0.985943
vn 0.000000 -0.188710 0.982033
vn 0.000000 -0.188710 0.982033
vn 0.000000 -0.188710 0.982033
vn 0.000000 -0.188710 0.982033
vn 0.000000 1.000000 0.000000
vn 0.000000 1.000000 0.000000
vn 0.000000 1.000000 0.000000
vn 0.000000 1.000000 0.000000
vn 0.000000 -1.000000 -0.000000
vn 0.000000 -1.000000 -0.000000
vn 0.000000 -1.000000 -0.000000
vn 0.000000 -1.000000 -0.000000
vn 0.000000 0.190339 -0.981719
vn 0.000000 0.190339 -0.981719
vn 0.000000 0.190339 -0.981719
vn 0.000000 0.190339 -0.981719
vn 0.000000 -0.211565 0.977364
vn 0.000000 -0.211565 0.977364
vn 0.000000 -0.211565 0.977364
vn 0.000000 -0.211565 0.977364
vn 0.000000 1.000000 0.000000
vn 0.000000 1.000000 0.000000
vn 0.000000 1.000000 0.000000
vn 0.000000 1.000000 0.000000
vn 0.000000 -1.000000 0.000000
vn 0.000000 -1.000000 0.000000
vn 0.000000 -1.000000 0.000000
vn 0.000000 -1.000000 0.000000
vn 0.000000 0.212720 -0.977113
vn 0.000000 0.212720 -0.977113
vn 0.000000 0.212720 -0.977113
vn 0.000000 0.212720 -0.977113
vn 0.000000 -0.233493 0.972359
vn 0.000000 -0.233493 0.972359
vn 0.000000 -0.233493 0.972359
vn 0.000000 -0.233493 0.972359
vn 0.000000 1.000000 0.000000
vn 0.000000 1.000000 0.000000
vn 0.000000 1.000000 0.000000
vn 0.000000 1.000000 0.000000
vn 0.000000 -1.000000 0.000000
vn 0.000000 -1.000000 0.000000
vn 0.000000 -1.000000 0.000000
vn 0.000000 -1.000000 0.000000
vn 0.000000 0.143918 -0.989590
vn 0.000000 0.143918 -0.989590
vn 0.000000 0.143918 -0.989590
vn 0.000000 0.143918 -0.989590
vn 0.000000 -0.165859 0.986149
vn 0.000000 -0.165859 0.986149
vn 0.000000 -0.165859 0.986149
vn 0.000000 -0.165859 0.986149
vn 0.000000 1.000000 0.000000
vn 0.000000 1.000000 0.000000
vn 0.000000 1.000000 0.000000
vn 0.000000 1.000000 0.000000
vn 0.000000 -1.000000 0.000000
vn 0.000000 -1.000000 0.000000
vn 0.000000 -1.000000 0.000000
vn 0.000000 -1.000000 0.000000
vn 0.000000 0.048453 -0.998826
vn 0.000000 0.048453 -0.998826
vn 0.000000 0.048453 -0.998826
vn 0.000000 0.048453 -0.998826
vn 0.000000 -0.071335 0.997452
vn 0.000000 -0.071335 0.997452
vn 0.000000 -0.071335 0.997452
vn 0.000000 -0.071335 0.997452
vn 0.000000 1.000000 0.000000
vn 0.000000 1.000000 0.000000
vn 0.000000 1.000000 0.000000
vn 0.000000 1.000000 0.000000
vn 0.000000 -1.000000 0.000000
vn 0.000000 -1.000000 0.000000
vn 0.000000 -1.000000 0.000000
vn 0.000000 -1.000000 0.000000
vn 0.000000 0.072620 -0.997360
vn 0.000000 0.072620 -0.997360
vn 0.000000 0.072620 -0.997360
vn 0.000000 0.072620 -0.997360
vn 0.000000 -0.095364 0.995442
vn 0.000000 -0.095364 0.995442
vn 0.000000 -0.095364 0.995442
vn 0.000000 -0.095364 0.995442
vn 0.000000 1.000000 0.000000
vn 0.000000 1.000000 0.000000
vn 0.000000 1.000000 0.000000
vn 0.000000 1.000000 0.000000
vn 0.000000 -1.000000 0.000000
vn 0.000000 -1.000000 0.000000
vn 0.000000 -1.000000 0.000000
vn 0.000000 -1.000000 0.000000
vn 0.000000 -0.033352 -0.999444
vn 0.000000 -0.033352 -0.999444
vn 0.000000 -0.033352 -0.999444
vn 0.000000 -0.033352 -0.999444
vn 0.000000 0.010324 0.999947
vn 0.000000 0.010324 0.999947
vn 0.000000 0.010324 0.999947
vn 0.000000 0.010324 0.999947
vn 0.000000 1.000000 0.000000
vn 0.000000 1.000000 0.000000
vn 0.000000 1.000000 0.000000
vn 0.000000 1.000000 0.000000
vn 0.000000 -1.000000 0.000000
vn 0.000000 -1.000000 0.000000
vn 0.000000 -1.000000 0.000000
vn 0.000000 -1.000000 0.000000
vn 0.000000 -0.018017 -0.999838
vn 0.000000 -0.018017 -0.999838
vn 0.000000 -0.018017 -0.999838
vn 0.000000 -0.018017 -0.999838
vn 0.000000 -0.004911 0.999988
vn 0.000000 -0.004911 0.999988
vn 0.000000 -0.004911 0.999988
vn 0.000000 -0.004911 0.999988
vn 0.000000 1.000000 0.000000
vn 0.000000 1.000000 0.000000
vn 0.000000 1.000000 0.000000
vn 0.000000 1.000000 0.000000
vn 0.000000 -1.000000 0.000000
vn 0.000000 -1.000000 0.000000
vn 0.000000 -1.000000 0.000000
vn 0.000000 -1.000000 0.000000
vn 0.000000 0.006148 -0.999981
vn 0.000000 0.006148 -0.999981
vn 0.000000 0.006148 -0.999981
vn 0.000000 0.006148 -0.999981
vn 0.000000 0.028506 0.999594
vn 0.000000 0.028506 0.999594
vn 0.000000 0.028506 0.999594
vn 0.000000 0.028506 0.999594
vn 0.000000 1.000000 0.000000
vn 0.000000 1.000000 0.000000
vn 0.000000 1.000000 0.000000
vn 0.000000 1.000000 0.000000
vn 0.000000 -1.000000 -0.000000
vn 0.000000 -1.000000 -0.000000
vn 0.000000 -1.000000 -0.000000
vn 0.000000 -1.000000 -0.000000
vn 0.000000 -0.003190 -0.999995
vn 0.000000 -0.003190 -0.999995
vn 0.000000 -0.003190 -0.999995
vn 0.000000 -0.003190 -0.999995
vn 0.000000 0.038041 0.999276
vn 0.000000 0.038041 0.999276
vn 0.000000 0.038041 0.999276
vn 0.000000 0.038041 0.999276
vn 0.000000 1.000000 0.000000
vn 0.000000 1.000000 0.000000
vn 0.000000 1.000000 0.000000
vn 0.000000 1.000000 0.000000
vn 0.000000 -1.000000 -0.000000
vn 0.000000 -1.000000 -0.000000
vn 0.000000 -1.000000 -0.000000
vn 0.000000 -1.000000 -0.000000
vn 0.000000 -0.036305 -0.999341
vn 0.000000 -0.036305 -0.999341
vn 0.000000 -0.036305 -0.999341
vn 0.000000 -0.036305 -0.999341
vn 0.000000 0.013707 0.999906
vn 0.000000 0.013707 0.999906
vn 0.000000 0.013707 0.999906
vn 0.000000 0.013707 0.999906
vn 0.000000 1.000000 0.000000
vn 0.000000 1.000000 0.000000
vn 0.000000 1.000000 0.000000
vn 0.000000 1.000000 0.000000
vn 0.000000 -1.000000 0.000000
vn 0.000000 -1.000000 0.000000
vn 0.000000 -1.000000 0.000000
vn 0.000000 -1.000000 0.000000
vn 0.000000 -0.012489 -0.999922
vn 0.000000 -0.012489 -0.999922
vn 0.000000 -0.012489 -0.999922
vn 0.000000 -0.012489 -0.999922
vn 0.000000 -0.009879 0.999951
vn 0.000000 -0.009879 0.999951
vn 0.000000 -0.009879 0.999951
vn 0.000000 -0.009879 0.999951
vn 0.000000 1.000000 0.000000
vn 0.000000 1.000000 0.000000
vn 0.000000 1.000000 0.000000
vn 0.000000 1.000000 0.000000
vn 0.000000 -1.000000 0.000000
vn 0.000000 -1.000000 0.000000
vn 0.000000 -1.000000 0.000000
vn 0.000000 -1.000000 0.000000
vn 0.000000 -0.027232 -0.999629
vn 0.000000 -0.027232 -0.999629
vn 0.000000 -0.027232 -0.999629
vn 0.000000 -0.027232 -0.999629
vn 0.000000 0.004466 0.999990
vn 0.000000 0.004466 0.999990
vn 0.000000 0.004466 0.999990
vn 0.000000 0.004466 0.999990
vn 0.000000 1.000000 0.000000
vn 0.000000 1.000000 0.000000
vn 0.000000 1.000000 0.000000
vn 0.000000 1.000000 0.000000
vn 0.000000 -1.000000 0.000000
vn 0.000000 -1.000000 0.000000
vn 0.000000 -1.000000 0.000000
vn 0.000000 -1.000000 0.000000
vn 0.000000 -0.009048 -0.999959
vn 0.000000 -0.009048 -0.999959
vn 0.000000 -0.009048 -0.999959
vn 0.000000 -0.009048 -0.999959
vn 0.000000 0.043538 0.999052
vn 0.000000 0.043538 0.999052
vn 0.000000 0.043538 0.999052
vn 0.000000 0.043538 0.999052
vn 0.000000 1.000000 0.000000
vn 0.000000 1.000000 0.000000
vn 0.000000 1.000000 0.000000
vn 0.000000 1.000000 0.000000
vn 0.000000 -1.000000 0.000000
vn 0.000000 -1.000000 0.000000
vn 0.000000 -1.000000 0.000000
vn 0.000000 -1.000000 0.000000
vn 0.000000 -0.042227 -0.999108
vn 0.000000 -0.042227 -0.999108
vn 0.000000 -0.042227 -0.999108
vn 0.000000 -0.042227 -0.999108
vn 0.000000 0.019273 0.999814
vn 0.000000 0.019273 0.999814
vn 0.000000 0.019273 0.999814
vn 0.000000 0.019273 0.999814
vn -1.000000 0.000000 0.000000
vn -1.000000 0.000000 0.000000
vn -1.000000 0.000000 0.000000
vn -1.000000 0.000000 0.000000
vn 0.000000 0.000000 -1.000000
vn 0.000000 0.000000 -1.000000
vn 0.000000 0.000000 -1.000000
vn 0.000000 0.000000 -1.000000
vn 1.000000 0.000000 0.000000
vn 1.000000 0.000000 0.000000
vn 1.000000 0.000000 0.000000
vn 1.000000 0.000000 0.000000
vn 0.707095 -0.000043 -0.707119
vn 0.000000 -0.000062 -1.000000
vn 0.000000 -0.000062 -1.000000
vn 0.707095 -0.000043 -0.707119
vn -0.707121 -0.000044 -0.707093
vn -0.707121 -0.000044 -0.707093
vn -1.000000 -0.000002 0.000010
vn -1.000000 -0.000002 0.000010
vn -0.707122 0.000043 0.707091
vn -0.707122 0.000043 0.707091
vn 0.000000 0.000062 1.000000
vn 0.000000 0.000062 1.000000
vn 0.707096 0.000043 0.707117
vn 0.707096 0.000043 0.707117
vn 1.000000 -0.000000 0.000010
vn 1.000000 -0.000000 0.000010
vn -1.000000 0.000000 -0.000007
vn -0.707092 0.000000 0.707122
vn -0.707092 0.000000 0.707122
vn -1.000000 0.000000 -0.000007
vn 0.000000 0.000000 1.000000
vn 0.000000 0.000000 1.000000
vn 0.707092 0.000000 0.707122
vn 0.707092 0.000000 0.707122
vn 1.000000 0.000000 -0.000007
vn 1.000000 0.000000 -0.000007
vn 0.707093 0.000000 -0.707121
vn 0.707093 0.000000 -0.707121
vn 0.000000 0.000000 -1.000000
vn 0.000000 0.000000 -1.000000
vn -0.707093 0.000000 -0.707121
vn -0.707093 0.000000 -0.707121
vn -0.513531 -0.858071 0.000000
vn -0.896444 -0.443157 0.000009
vn -0.633910 -0.443137 -0.633867
vn -0.363100 -0.858108 -0.363056
vn 0.000006 -0.443203 -0.896421
vn 0.000009 -0.858113 -0.513461
vn 0.633871 -0.443165 -0.633887
vn 0.363070 -0.858112 -0.363075
vn 0.896434 -0.443177 0.000010
vn 0.513425 -0.858135 -0.000013
vn 0.633846 -0.443216 0.633877
vn 0.363028 -0.858143 0.363044
vn -0.000008 -0.443202 0.896422
vn -0.000007 -0.858113 0.513461
vn -0.633873 -0.443249 0.633826
vn -0.363108 -0.858097 0.363073
vn -0.748346 0.663308 -0.000005
vn -0.529148 0.663364 -0.529105
vn 0.000003 0.663327 -0.748329
vn 0.529149 0.663332 -0.529142
vn 0.748308 0.663351 0.000006
vn 0.529123 0.663346 0.529151
vn -0.000001 0.663342 0.748316
vn -0.529176 0.663301 0.529154
vn -0.672475 0.740120 0.000002
vn -0.475531 0.740115 -0.475500
vn -0.000002 0.740183 -0.672406
vn 0.475462 0.740205 -0.475429
vn 0.672367 0.740218 -0.000012
vn 0.475429 0.740236 0.475414
vn -0.000013 0.740182 0.672406
vn -0.475465 0.740162 0.475493
vn -0.694674 0.719325 0.000016
vn -0.491222 0.719294 -0.491240
vn -0.000022 0.719337 -0.694661
vn 0.491181 0.719400 -0.491126
vn 0.694597 0.719399 -0.000005
vn 0.491155 0.719413 0.491133
vn -0.000006 0.719349 0.694649
vn -0.491187 0.719339 0.491209
vn -0.987451 0.157925 0.000007
vn -0.698217 0.157902 -0.698255
vn -0.000051 0.157934 -0.987450
vn 0.698267 0.157897 -0.698206
vn 0.987469 0.157814 0.000006
vn 0.698219 0.157874 0.698259
vn 0.000022 0.157927 0.987451
vn -0.698248 0.157956 0.698212
vn -0.722321 -0.691558 -0.000002
vn -0.510774 -0.691534 -0.510775
vn -0.000015 -0.691514 -0.722363
vn 0.510753 -0.691561 -0.510758
vn 0.722307 -0.691572 0.000011
vn 0.510755 -0.691547 0.510776
vn 0.000005 -0.691525 0.722352
vn -0.510764 -0.691556 0.510755
vn -0.958772 0.284178 -0.000007
vn -0.677945 0.284197 -0.677955
vn -0.000009 0.284175 -0.958772
vn 0.677952 0.284178 -0.677955
vn 0.958759 0.284220 0.000006
vn 0.677935 0.284225 0.677953
vn 0.000010 0.284187 0.958769
vn -0.677948 0.284165 0.677965
vn -0.535063 0.844812 -0.000018
vn -0.378345 0.844833 -0.378301
vn 0.000035 0.844838 -0.535022
vn 0.378372 0.844784 -0.378383
vn 0.535120 0.844776 -0.000002
vn 0.378384 0.844763 0.378419
vn 0.000036 0.844816 0.535057
vn -0.378295 0.844866 0.378279
vn 0.000068 1.000000 0.000002
vn 0.363053 -0.858111 -0.363096
vn 0.633832 -0.443207 -0.633896
vn 0.896392 -0.443263 0.000026
vn 0.513462 -0.858113 0.000029
vn 0.633850 -0.443211 0.633876
vn 0.363098 -0.858093 0.363094
vn 0.000014 -0.443202 0.896422
vn 0.000002 -0.858114 0.513460
vn -0.633884 -0.443203 0.633847
vn -0.363104 -0.858100 0.363070
vn -0.896444 -0.443157 0.000004
vn -0.513532 -0.858071 -0.000001
vn -0.633891 -0.443200 -0.633842
vn -0.363105 -0.858107 -0.363053
vn 0.000029 -0.443201 -0.896422
vn 0.000023 -0.858103 -0.513477
vn 0.529133 0.663306 -0.529191
vn 0.748337 0.663318 0.000009
vn 0.529145 0.663295 0.529193
vn 0.000028 0.663340 0.748318
vn -0.529178 0.663317 0.529132
vn -0.748380 0.663270 0.000003
vn -0.529175 0.663325 -0.529125
vn 0.000036 0.663320 -0.748336
vn 0.475414 0.740238 -0.475426
vn 0.672286 0.740291 0.000012
vn 0.475426 0.740216 0.475448
vn 0.000015 0.740169 0.672420
vn -0.475515 0.740129 0.475495
vn -0.672509 0.740089 0.000010
vn -0.475500 0.740157 -0.475465
vn 0.000020 0.740165 -0.672426
vn 0.491137 0.719444 -0.491106
vn 0.694520 0.719473 0.000012
vn 0.491146 0.719402 0.491157
vn 0.000010 0.719341 0.694658
vn -0.491196 0.719332 0.491211
vn -0.694671 0.719328 0.000012
vn -0.491198 0.719342 -0.491195
vn -0.000008 0.719343 -0.694655
vn 0.698247 0.157889 -0.698228
vn 0.987461 0.157865 0.000026
vn 0.698221 0.157895 0.698252
vn 0.000028 0.157916 0.987453
vn -0.698234 0.157930 0.698231
vn -0.987458 0.157883 0.000026
vn -0.698234 0.157892 -0.698241
vn -0.000015 0.157927 -0.987451
vn 0.510755 -0.691558 -0.510761
vn 0.722304 -0.691575 0.000008
vn 0.510739 -0.691584 0.510742
vn 0.000000 -0.691569 0.722311
vn -0.510758 -0.691561 0.510754
vn -0.722325 -0.691554 0.000009
vn -0.510775 -0.691532 -0.510776
vn -0.000002 -0.691517 -0.722360
vn 0.677949 0.284205 -0.677948
vn 0.958758 0.284223 -0.000006
vn 0.677961 0.284158 0.677955
vn -0.000006 0.284128 0.958786
vn -0.677945 0.284173 0.677964
vn -0.958758 0.284223 -0.000005
vn -0.677943 0.284233 -0.677942
vn 0.000010 0.284184 -0.958770
vn 0.378390 0.844808 -0.378313
vn 0.535132 0.844769 0.000000
vn 0.378384 0.844802 0.378331
vn 0.000022 0.844818 0.535054
vn -0.378362 0.844810 0.378336
vn -0.535132 0.844769 0.000000
vn -0.378378 0.844803 -0.378336
vn 0.000016 0.844826 -0.535041
vn 0.000019 1.000000 0.000010
vn -1.000000 0.000000 -0.000164
vn -1.000000 0.000000 -0.000164
vn -1.000000 0.000000 -0.000164
vn -1.000000 0.000000 -0.000164
vn 0.000000 0.000000 1.000000
vn 0.000000 0.000000 1.000000
vn 0.000000 0.000000 1.000000
vn 0.000000 0.000000 1.000000
vn 1.000000 0.000000 0.000000
vn 1.000000 0.000000 0.000000
vn 1.000000 0.000000 0.000000
vn 1.000000 0.000000 0.000000
vn -0.000000 0.999995 0.003197
vn -0.000001 0.999980 0.006344
vn -0.000001 0.999980 0.006344
vn -0.000000 0.999995 0.003197
vn -0.999999 0.000000 0.001463
vn -0.999998 0.000000 0.002146
vn -0.999998 0.000000 0.002146
vn -0.999999 0.000000 0.001463
vn 0.000000 -1.000000 -0.000573
vn 0.000000 -0.999999 -0.001194
vn 0.000000 -0.999999 -0.001194
vn 0.000000 -1.000000 -0.000573
vn 1.000000 0.000000 -0.000890
vn 0.999998 0.000000 -0.001899
vn 0.999998 0.000000 -0.001899
vn 1.000000 0.000000 -0.000890
vn 1.000000 0.000000 0.000118
vn 1.000000 0.000000 0.000118
vn 0.000000 1.000000 0.000050
vn 0.000000 1.000000 0.000050
vn -1.000000 0.000000 0.000780
vn -1.000000 0.000000 0.000780
vn 0.000000 -1.000000 0.000049
vn 0.000000 -1.000000 0.000049
vn 0.999999 0.000032 0.001248
vn 0.999999 0.000032 0.001248
vn 1.000000 0.000000 -0.000661
vn 1.000000 0.000000 -0.000661
vn 0.999995 0.000063 0.003157
vn 0.999995 0.000063 0.003157
vn -0.000000 0.999997 -0.002353
vn -0.000000 0.999997 -0.002353
vn -0.000000 0.999997 -0.002606
vn -0.000000 0.999997 -0.002606
vn 0.000000 0.999998 -0.002099
vn 0.000000 0.999998 -0.002099
vn -1.000000 -0.000032 -0.000741
vn -1.000000 -0.000032 -0.000741
vn -0.999997 0.000000 -0.002569
vn -0.999997 0.000000 -0.002569
vn -0.999999 -0.000063 0.001087
vn -0.999999 -0.000063 0.001087
vn -0.000000 -1.000000 0.000901
vn -0.000000 -1.000000 0.000901
vn -0.000000 -1.000000 -0.000043
vn -0.000000 -1.000000 -0.000043
vn 0.000000 -0.999998 0.001845
vn 0.000000 -0.999998 0.001845
vn 1.000000 0.000009 -0.000070
vn 1.000000 0.000010 -0.000044
vn 0.698534 -0.715577 -0.000296
vn 0.697351 -0.716730 -0.000098
vn 0.698520 0.715591 -0.000061
vn 0.697349 0.716731 -0.000471
vn 0.699716 -0.714421 -0.000494
vn 1.000000 0.000011 -0.000018
vn 0.699688 0.714449 0.000348
vn 0.000006 1.000000 -0.000726
vn -0.000014 1.000000 -0.000128
vn -0.698521 0.715590 -0.000061
vn -0.697359 0.716722 -0.000471
vn -0.000034 1.000000 0.000470
vn -0.699682 0.714455 0.000349
vn -1.000000 -0.000010 -0.000070
vn -1.000000 -0.000014 -0.000044
vn -0.698509 -0.715602 -0.000296
vn -0.697350 -0.716730 -0.000098
vn -1.000000 -0.000018 -0.000018
vn -0.699665 -0.714471 -0.000494
vn 0.000000 -1.000000 -0.000205
vn 0.000000 -1.000000 -0.000457
vn 0.000000 -1.000000 -0.000709
vn 1.000000 0.000078 0.000070
vn 0.697406 -0.716677 0.000098
vn 0.698531 -0.715579 0.000508
vn 1.000000 0.000039 0.000044
vn 0.697336 0.716744 0.000471
vn 0.698497 0.715613 -0.000151
vn 0.699655 -0.714480 0.000919
vn 1.000000 -0.000001 0.000018
vn 0.699655 0.714481 -0.000773
vn -0.000025 1.000000 0.000725
vn -0.000012 1.000000 -0.000169
vn -0.697413 0.716670 0.000471
vn -0.698528 0.715583 -0.000152
vn 0.000002 1.000000 -0.001065
vn -0.699642 0.714493 -0.000776
vn -1.000000 -0.000084 0.000070
vn -1.000000 -0.000035 0.000041
vn -0.697334 -0.716747 0.000098
vn -0.698491 -0.715618 0.000507
vn -1.000000 0.000014 0.000012
vn -0.699647 -0.714488 0.000916
vn 0.000019 -1.000000 0.000205
vn 0.000015 -1.000000 0.000754
vn 0.000011 -0.999999 0.001303
vn -1.000000 0.000000 -0.000008
vn -1.000000 0.000000 -0.000008
vn -0.707092 0.000000 -0.707122
vn -0.707092 0.000000 -0.707122
vn -0.000009 0.000000 -1.000000
vn -0.000009 0.000000 -1.000000
vn 0.707090 0.000000 -0.707123
vn 0.707090 0.000000 -0.707123
vn 1.000000 0.000000 0.000003
vn 1.000000 0.000000 0.000003
vn 0.707095 0.000000 0.707119
vn 0.707095 0.000000 0.707119
vn 0.000000 0.000000 1.000000
vn 0.000000 0.000000 1.000000
vn -0.707097 0.000000 0.707116
vn -0.707097 0.000000 0.707116
vn -0.513529 -0.858072 0.000000
vn -0.363101 -0.858108 0.363055
vn -0.633888 -0.443208 0.633840
vn -0.896448 -0.443149 0.000001
vn -0.000007 -0.858134 0.513426
vn 0.000002 -0.443211 0.896417
vn 0.363034 -0.858136 0.363055
vn 0.633860 -0.443181 0.633886
vn 0.513406 -0.858146 0.000008
vn 0.896450 -0.443145 0.000008
vn 0.363025 -0.858137 -0.363063
vn 0.633873 -0.443119 -0.633917
vn 0.000007 -0.858134 -0.513426
vn 0.000009 -0.443202 -0.896422
vn -0.363093 -0.858118 -0.363038
vn -0.633893 -0.443205 -0.633837
vn -0.529182 0.663317 0.529128
vn -0.748357 0.663296 0.000004
vn 0.000027 0.663338 0.748320
vn 0.529121 0.663344 0.529157
vn 0.748260 0.663405 -0.000006
vn 0.529100 0.663384 -0.529126
vn 0.000019 0.663346 -0.748313
vn -0.529160 0.663335 -0.529127
vn -0.475502 0.740150 0.475474
vn -0.672440 0.740151 -0.000015
vn 0.000010 0.740173 0.672417
vn 0.475428 0.740225 0.475431
vn 0.672341 0.740242 -0.000009
vn 0.475457 0.740191 -0.475455
vn 0.000003 0.740169 -0.672421
vn -0.475462 0.740174 -0.475477
vn -0.491164 0.719365 0.491195
vn -0.694576 0.719419 -0.000032
vn -0.000012 0.719337 0.694661
vn 0.491140 0.719430 0.491123
vn 0.694544 0.719451 -0.000006
vn 0.491157 0.719406 -0.491141
vn -0.000017 0.719341 -0.694657
vn -0.491159 0.719363 -0.491203
vn -0.698214 0.157970 0.698243
vn -0.987443 0.157976 -0.000029
vn -0.000021 0.157882 0.987458
vn 0.698245 0.157867 0.698235
vn 0.987457 0.157891 -0.000021
vn 0.698254 0.157884 -0.698222
vn -0.000024 0.157897 -0.987456
vn -0.698221 0.157934 -0.698244
vn -0.510769 -0.691549 0.510758
vn -0.722322 -0.691557 -0.000006
vn -0.000003 -0.691559 0.722320
vn 0.510763 -0.691565 0.510743
vn 0.722319 -0.691560 0.000002
vn 0.510748 -0.691580 -0.510738
vn -0.000011 -0.691550 -0.722328
vn -0.510773 -0.691539 -0.510769
vn -0.677943 0.284178 0.677965
vn -0.958772 0.284178 -0.000027
vn 0.000007 0.284166 0.958775
vn 0.677951 0.284223 0.677937
vn 0.958753 0.284241 0.000018
vn 0.677940 0.284188 -0.677963
vn 0.000007 0.284188 -0.958769
vn -0.677961 0.284186 -0.677944
vn -0.378335 0.844819 0.378343
vn -0.535110 0.844782 -0.000030
vn 0.000006 0.844816 0.535057
vn 0.378357 0.844801 0.378362
vn 0.535121 0.844775 0.000002
vn 0.378385 0.844765 -0.378413
vn 0.000046 0.844823 -0.535047
vn -0.378362 0.844827 -0.378298
vn 0.000040 1.000000 -0.000007
vn 1.000000 0.000000 0.000000
vn 1.000000 0.000000 0.000000
vn 1.000000 0.000000 0.000000
vn 1.000000 0.000000 0.000000
vn 0.000000 1.000000 -0.000073
vn 0.000000 1.000000 -0.000073
vn 0.000000 1.000000 -0.000073
vn 0.000000 1.000000 -0.000073
vn -1.000000 0.000000 -0.000002
vn -1.000000 0.000000 -0.000002
vn -1.000000 0.000000 -0.000002
vn -1.000000 0.000000 -0.000002
vn 0.000000 -1.000000 0.000114
vn 0.000000 -1.000000 0.000114
vn 0.000000 -1.000000 0.000114
vn 0.000000 -1.000000 0.000114
vn 1.000000 -0.000000 0.000000
vn 1.000000 -0.000019 0.000000
vn 0.993942 0.109554 0.008754
vn 0.993952 0.108357 0.017837
vn 1.000000 -0.000041 0.000000
vn 0.993920 0.110016 0.004314
vn 0.000000 0.986715 0.162463
vn 0.000000 0.996825 0.079625
vn 0.000000 0.996825 0.079625
vn 0.000000 0.986715 0.162463
vn 0.000000 0.999238 0.039038
vn 0.000000 0.999238 0.039038
vn -0.993952 0.108357 0.017837
vn -0.993943 0.109546 0.008754
vn -1.000000 -0.000008 0.000000
vn -1.000000 0.000001 0.000000
vn -0.993922 0.110007 0.004314
vn -1.000000 0.000001 0.000000
vn 0.000000 -0.986717 -0.162447
vn 0.000000 -0.996825 -0.079620
vn 0.000000 -0.996825 -0.079620
vn 0.000000 -0.986717 -0.162447
vn 0.000000 -0.999238 -0.039027
vn 0.000000 -0.999238 -0.039027
vn 0.000000 -0.978863 -0.204515
vn 0.000000 -0.978863 -0.204515
vn 0.993938 0.107621 0.022479
vn 1.000000 -0.000003 0.000000
vn 0.000000 0.978857 0.204548
vn 0.000000 0.978857 0.204548
vn -1.000000 0.000018 0.000000
vn -0.993937 0.107630 0.022479
vn 1.000000 0.000000 0.000000
vn 0.993955 0.108342 -0.017755
vn 0.993956 0.109431 -0.008778
vn 1.000000 0.000000 0.000000
vn 0.993945 0.109791 -0.004363
vn 1.000000 0.000000 0.000000
vn 0.000000 0.986836 -0.161724
vn 0.000000 0.986836 -0.161724
vn 0.000000 0.996798 -0.079960
vn 0.000000 0.996798 -0.079960
vn 0.000000 0.999211 -0.039710
vn 0.000000 0.999211 -0.039710
vn -0.993954 0.108349 -0.017755
vn -1.000000 0.000000 0.000000
vn -1.000000 0.000000 0.000000
vn -0.993955 0.109438 -0.008778
vn -1.000000 0.000000 0.000000
vn -0.993945 0.109791 -0.004363
vn 0.000000 -0.986834 0.161734
vn 0.000000 -0.986834 0.161734
vn 0.000000 -0.996798 0.079956
vn 0.000000 -0.996798 0.079956
vn 0.000000 -0.999212 0.039704
vn 0.000000 -0.999212 0.039704
vn 0.000000 -0.979157 0.203105
vn 0.000000 -0.979157 0.203105
vn 1.000000 0.000000 0.000000
vn 0.993942 0.107614 -0.022316
vn 0.000000 0.979162 -0.203082
vn 0.000000 0.979162 -0.203082
vn -0.993942 0.107614 -0.022316
vn -1.000000 0.000000 0.000000
vn 0.975895 0.217542 -0.017451
vn 0.975854 0.218253 -0.008673
vn -0.975892 0.217557 -0.017451
vn -0.975854 0.218253 -0.008673
vn -0.975889 0.215393 -0.035297
vn -0.975842 0.213924 -0.044362
vn -0.975825 0.213937 0.044686
vn -0.975880 0.215408 0.035459
vn -0.975844 0.217777 0.017402
vn -0.975760 0.218675 0.008575
vn 0.975747 0.218735 0.008575
vn 0.975837 0.217805 0.017402
vn 0.975880 0.215408 0.035459
vn 0.975824 0.213940 0.044686
vn 0.975893 0.215379 -0.035297
vn 0.975842 0.213924 -0.044362
vn 1.000000 0.000000 0.000000
vn 1.000000 0.000000 0.000000
vn 1.000000 0.000000 0.000000
vn 1.000000 0.000000 0.000000
vn -1.000000 0.000000 0.000000
vn -1.000000 0.000000 0.000000
vn -1.000000 0.000000 0.000000
vn -1.000000 0.000000 0.000000
vn 0.000000 0.000000 -1.000000
vn 0.000000 0.000000 -1.000000
vn 0.000000 0.000000 -1.000000
vn 0.000000 0.000000 -1.000000
vn 0.000000 0.000000 1.000000
vn 0.000000 0.000000 1.000000
vn 0.000000 0.000000 1.000000
vn 0.000000 0.000000 1.000000
vn 1.000000 0.000000 0.000000
vn 1.000000 0.000000 0.000000
vn 1.000000 0.000000 0.000000
vn 1.000000 0.000000 0.000000
vn -1.000000 0.000000 0.000000
vn -1.000000 0.000000 0.000000
vn -1.000000 0.000000 0.000000
vn -1.000000 0.000000 0.000000
vn 0.000000 0.000000 1.000000
vn 0.000000 0.000000 1.000000
vn 0.000000 0.000000 1.000000
vn 0.000000 0.000000 1.000000
vn 0.000000 0.000000 -1.000000
vn 0.000000 0.000000 -1.000000
vn 0.000000 0.000000 -1.000000
vn 0.000000 0.000000 -1.000000
vn 1.000000 0.000000 0.000000
vn 1.000000 0.000000 0.000000
vn 1.000000 0.000000 0.000000
vn 1.000000 0.000000 0.000000
vn 0.000000 0.000000 -1.000000
vn 0.000000 0.000000 -1.000000
vn 0.000000 0.000000 -1.000000
vn 0.000000 0.000000 -1.000000
vn -1.000000 0.000000 0.000149
vn -1.000000 0.000000 0.000149
vn -1.000000 0.000000 0.000149
vn -1.000000 0.000000 0.000149
vn 1.000000 0.000000 0.000004
vn 0.707105 0.000000 -0.707109
vn 0.707105 0.000000 -0.707109
vn 1.000000 0.000000 0.000004
vn 0.000000 0.000000 -1.000000
vn 0.000000 0.000000 -1.000000
vn -0.707105 0.000000 -0.707109
vn -0.707105 0.000000 -0.707109
vn -1.000000 0.000000 0.000004
vn -1.000000 0.000000 0.000004
vn -0.707102 0.000000 0.707112
vn -0.707102 0.000000 0.707112
vn 0.000000 0.000000 1.000000
vn 0.000000 0.000000 1.000000
vn 0.707102 0.000000 0.707112
vn 0.707102 0.000000 0.707112
vn -1.000000 -0.000061 -0.000661
vn -1.000000 -0.000089 -0.000294
vn -1.000000 -0.000089 -0.000294
vn -1.000000 -0.000061 -0.000661
vn -0.999999 0.000033 0.001137
vn -0.999999 0.000033 0.001137
vn 0.000000 0.989205 -0.146539
vn 0.000000 0.997290 -0.073572
vn 0.000000 0.997290 -0.073572
vn 0.000000 0.989205 -0.146539
vn 0.000000 0.999380 -0.035216
vn 0.000000 0.999380 -0.035216
vn 1.000000 -0.000060 -0.000656
vn 1.000000 -0.000092 -0.000294
vn 1.000000 -0.000092 -0.000294
vn 1.000000 -0.000060 -0.000656
vn 0.999999 0.000038 0.001137
vn 0.999999 0.000038 0.001137
vn 0.000000 -0.989404 0.145191
vn 0.000000 -0.997335 0.072958
vn 0.000000 -0.997335 0.072958
vn 0.000000 -0.989404 0.145191
vn 0.000000 -0.999306 0.037261
vn 0.000000 -0.999306 0.037261
vn 0.000000 -0.983368 0.181623
vn 0.000000 -0.983368 0.181623
vn -1.000000 0.000089 0.000403
vn -1.000000 0.000089 0.000403
vn 0.000000 0.983469 -0.181079
vn 0.000000 0.983469 -0.181079
vn 1.000000 0.000101 0.000413
vn 1.000000 0.000101 0.000413
vn -0.699991 -0.706630 0.103377
vn -1.000000 0.000002 0.000002
vn -1.000000 -0.000016 0.000002
vn -0.699798 -0.702744 0.128192
vn -0.699824 0.702721 -0.128180
vn -0.700000 0.706623 -0.103365
vn -0.699990 -0.712241 0.052220
vn -1.000000 0.000017 0.000004
vn -0.699969 0.712262 -0.052208
vn -0.699751 -0.713917 0.025904
vn -1.000000 0.000015 0.000005
vn -0.699717 0.713951 -0.025892
vn -0.000013 0.989471 -0.144732
vn -0.000013 0.983772 -0.179422
vn 0.699786 0.702761 -0.128169
vn 0.699981 0.706643 -0.103358
vn 0.000013 0.997324 -0.073109
vn 0.699971 0.712260 -0.052209
vn 0.000040 0.999343 -0.036253
vn 0.699721 0.713947 -0.025901
vn 1.000000 0.000054 0.000003
vn 1.000000 0.000026 0.000003
vn 0.699798 -0.702745 0.128192
vn 0.700012 -0.706609 0.103378
vn 1.000000 -0.000009 0.000002
vn 0.699959 -0.712271 0.052216
vn 1.000000 -0.000099 0.000000
vn 0.699646 -0.714020 0.025902
vn -0.000008 -0.989468 0.144753
vn -0.000001 -0.983768 0.179445
vn -0.000007 -0.997323 0.073121
vn 0.000001 -0.999342 0.036262
vn -1.000000 0.000000 0.000000
vn -1.000000 0.000000 0.000000
vn -1.000000 0.000000 0.000000
vn -1.000000 0.000000 0.000000
vn 1.000000 0.000000 0.000000
vn 1.000000 0.000000 0.000000
vn 1.000000 0.000000 0.000000
vn 1.000000 0.000000 0.000000
vn 0.000000 0.000000 1.000000
vn 0.000000 0.000000 1.000000
vn 0.000000 0.000000 1.000000
vn 0.000000 0.000000 1.000000
vn 0.000000 0.000000 -1.000000
vn 0.000000 0.000000 -1.000000
vn 0.000000 0.000000 -1.000000
vn 0.000000 0.000000 -1.000000
vn 0.707103 0.000000 0.707110
vn 1.000000 0.000000 0.000000
vn 1.000000 0.000000 0.000000
vn 0.707103 0.000000 0.707110
vn 0.707087 0.000000 -0.707127
vn 0.707087 0.000000 -0.707127
vn 0.000000 0.000000 -1.000000
vn 0.000000 0.000000 -1.000000
vn -0.707087 0.000000 -0.707127
vn -0.707087 0.000000 -0.707127
vn -1.000000 0.000000 0.000000
vn -1.000000 0.000000 0.000000
vn -0.707103 0.000000 0.707110
vn -0.707103 0.000000 0.707110
vn 0.000000 0.000000 1.000000
vn 0.000000 0.000000 1.000000
vn 0.363063 -0.858091 0.363132
vn 0.633835 -0.443203 0.633897
vn 0.000019 -0.443195 0.896425
vn 0.000028 -0.858081 0.513515
vn -0.633884 -0.443215 0.633839
vn -0.363140 -0.858077 0.363089
vn -0.896412 -0.443222 0.000002
vn -0.513598 -0.858031 0.000000
vn -0.633882 -0.443216 -0.633841
vn -0.363140 -0.858077 -0.363089
vn 0.000015 -0.443204 -0.896421
vn 0.000021 -0.858091 -0.513498
vn 0.633833 -0.443214 -0.633891
vn 0.363056 -0.858102 -0.363114
vn 0.896399 -0.443248 0.000002
vn 0.513388 -0.858157 0.000001
vn 0.529140 0.663324 0.529161
vn 0.000007 0.663336 0.748322
vn -0.529164 0.663318 0.529146
vn -0.748380 0.663270 0.000001
vn -0.529163 0.663318 -0.529147
vn 0.000012 0.663325 -0.748331
vn 0.529141 0.663316 -0.529171
vn 0.748305 0.663355 0.000001
vn 0.475457 0.740185 0.475465
vn 0.000005 0.740184 0.672404
vn -0.475430 0.740235 0.475413
vn -0.672327 0.740254 0.000003
vn -0.475442 0.740217 -0.475430
vn 0.000002 0.740175 -0.672414
vn 0.475449 0.740194 -0.475458
vn 0.672401 0.740187 0.000002
vn 0.491180 0.719362 0.491183
vn -0.000001 0.719358 0.694640
vn -0.491123 0.719444 0.491120
vn -0.694498 0.719495 0.000003
vn -0.491134 0.719425 -0.491137
vn 0.000000 0.719341 -0.694657
vn 0.491174 0.719365 -0.491185
vn 0.694636 0.719361 0.000002
vn 0.698256 0.157918 0.698213
vn -0.000011 0.157953 0.987447
vn -0.698225 0.157957 0.698234
vn -0.987448 0.157942 -0.000001
vn -0.698226 0.157955 -0.698234
vn -0.000004 0.157915 -0.987453
vn 0.698261 0.157892 -0.698213
vn 0.987459 0.157879 -0.000010
vn 0.510778 -0.691560 0.510736
vn -0.000000 -0.691558 0.722321
vn -0.510779 -0.691571 0.510719
vn -0.722350 -0.691528 -0.000002
vn -0.510786 -0.691555 -0.510734
vn -0.000010 -0.691552 -0.722326
vn 0.510785 -0.691560 -0.510728
vn 0.722349 -0.691529 -0.000006
vn 0.677961 0.284199 0.677939
vn 0.000014 0.284147 0.958781
vn -0.678015 0.284195 0.677886
vn -0.958758 0.284225 -0.000002
vn -0.678000 0.284206 -0.677896
vn 0.000000 0.284159 -0.958777
vn 0.677958 0.284199 -0.677941
vn 0.958756 0.284231 -0.000002
vn 0.378365 0.844794 0.378370
vn -0.000014 0.844808 0.535070
vn -0.378368 0.844808 0.378334
vn -0.535065 0.844811 0.000001
vn -0.378373 0.844802 -0.378344
vn -0.000018 0.844801 -0.535080
vn 0.378366 0.844793 -0.378369
vn 0.535126 0.844773 0.000001
vn 0.000024 1.000000 0.000001
vn 0.513495 -0.858093 0.000012
vn 0.896405 -0.443236 0.000007
vn 0.633858 -0.443205 0.633872
vn 0.363129 -0.858066 0.363126
vn -0.000002 -0.443192 0.896427
vn 0.000000 -0.858081 0.513515
vn -0.633869 -0.443250 0.633830
vn -0.363190 -0.858035 0.363138
vn -0.896383 -0.443280 0.000001
vn -0.513669 -0.857988 0.000001
vn -0.633883 -0.443234 -0.633826
vn -0.363186 -0.858044 -0.363121
vn 0.000004 -0.443179 -0.896433
vn 0.000007 -0.858091 -0.513498
vn 0.633851 -0.443182 -0.633895
vn 0.363075 -0.858095 -0.363111
vn 0.748346 0.663309 -0.000001
vn 0.529158 0.663299 0.529175
vn -0.000006 0.663309 0.748345
vn -0.529205 0.663236 0.529208
vn -0.748457 0.663184 0.000001
vn -0.529191 0.663274 -0.529173
vn 0.000010 0.663339 -0.748319
vn 0.529129 0.663332 -0.529163
vn 0.672332 0.740250 0.000015
vn 0.475477 0.740184 0.475447
vn -0.000000 0.740163 0.672427
vn -0.475444 0.740213 0.475434
vn -0.672334 0.740248 -0.000005
vn -0.475424 0.740234 -0.475422
vn 0.000010 0.740169 -0.672421
vn 0.475396 0.740254 -0.475418
vn 0.694594 0.719402 -0.000003
vn 0.491204 0.719357 0.491165
vn 0.000013 0.719353 0.694645
vn -0.491165 0.719411 0.491126
vn -0.694562 0.719433 -0.000005
vn -0.491150 0.719417 -0.491133
vn 0.000018 0.719335 -0.694663
vn 0.491164 0.719391 -0.491157
vn 0.987475 0.157773 -0.000055
vn 0.698247 0.157842 0.698238
vn -0.000005 0.157923 0.987451
vn -0.698238 0.157912 0.698232
vn -0.987461 0.157864 0.000002
vn -0.698232 0.157918 -0.698237
vn 0.000015 0.157881 -0.987458
vn 0.698276 0.157783 -0.698222
vn 0.722304 -0.691575 -0.000011
vn 0.510743 -0.691597 0.510720
vn -0.000017 -0.691556 0.722323
vn -0.510792 -0.691526 0.510767
vn -0.722366 -0.691511 0.000008
vn -0.510773 -0.691543 -0.510763
vn -0.000015 -0.691575 -0.722305
vn 0.510747 -0.691599 -0.510714
vn 0.958755 0.284234 -0.000002
vn 0.677964 0.284199 0.677935
vn -0.000015 0.284163 0.958776
vn -0.677992 0.284229 0.677894
vn -0.958747 0.284261 0.000011
vn -0.677983 0.284212 -0.677910
vn -0.000018 0.284158 -0.958777
vn 0.677956 0.284207 -0.677940
vn 0.535028 0.844834 -0.000005
vn 0.378336 0.844819 0.378342
vn -0.000021 0.844802 0.535079
vn -0.378389 0.844797 0.378340
vn -0.535116 0.844779 -0.000022
vn -0.378384 0.844808 -0.378319
vn 0.000012 0.844808 -0.535070
vn 0.378319 0.844807 -0.378386
vn -0.000038 1.000000 -0.000019
vn -1.000000 -0.000001 0.000000
vn -1.000000 -0.000021 0.000005
vn -1.000000 -0.000021 0.000005
vn -1.000000 -0.000001 0.000000
vn -1.000000 -0.000018 0.000010
vn -1.000000 -0.000018 0.000010
vn 0.000000 0.986775 -0.162094
vn 0.000000 0.996809 -0.079818
vn 0.000000 0.996809 -0.079818
vn 0.000000 0.986775 -0.162094
vn 0.000000 0.999223 -0.039425
vn 0.000000 0.999223 -0.039425
vn 1.000000 0.000022 0.000000
vn 1.000000 0.000014 0.000000
vn 1.000000 0.000014 0.000000
vn 1.000000 0.000022 0.000000
vn 1.000000 0.000004 0.000000
vn 1.000000 0.000004 0.000000
vn 0.000000 -0.986776 0.162092
vn 0.000000 -0.996800 0.079932
vn 0.000000 -0.996800 0.079932
vn 0.000000 -0.986776 0.162092
vn 0.000000 -0.999213 0.039655
vn 0.000000 -0.999213 0.039655
vn 0.000000 -0.247401 -0.968913
vn 0.000000 -0.247401 -0.968913
vn 0.000000 -0.247401 -0.968913
vn 0.000000 -0.247401 -0.968913
vn 0.000000 -0.979010 0.203813
vn 0.000000 -0.979010 0.203813
vn -1.000000 0.000022 0.000000
vn -1.000000 0.000022 0.000000
vn 0.000000 0.979009 -0.203815
vn 0.000000 0.979009 -0.203815
vn 1.000000 0.000020 0.000000
vn 1.000000 0.000020 0.000000
vn -1.000000 -0.000037 0.000000
vn -1.000000 -0.000051 0.000000
vn -0.993853 0.110367 -0.008689
vn -0.993839 0.109370 -0.017956
vn -1.000000 -0.000102 0.000000
vn -0.993856 0.110611 -0.003902
vn 0.000000 0.986787 -0.162021
vn 0.000000 0.996912 -0.078531
vn 0.000000 0.996912 -0.078531
vn 0.000000 0.986787 -0.162021
vn 0.000000 0.999373 -0.035414
vn 0.000000 0.999373 -0.035414
vn 0.993840 0.109357 -0.017956
vn 0.993856 0.110336 -0.008689
vn 1.000000 -0.000025 0.000000
vn 1.000000 0.000038 0.000000
vn 0.993858 0.110591 -0.003902
vn 1.000000 -0.000072 0.000000
vn 0.000000 -0.986788 0.162015
vn 0.000000 -0.996913 0.078510
vn 0.000000 -0.996913 0.078510
vn 0.000000 -0.986788 0.162015
vn 0.000000 -0.999375 0.035358
vn 0.000000 -0.999375 0.035358
vn 0.000000 -0.247370 -0.968921
vn 0.000000 -0.247370 -0.968921
vn 0.000000 -0.247399 -0.968914
vn 0.000000 -0.247399 -0.968914
vn 0.000000 -0.979335 0.202244
vn 0.000000 -0.979335 0.202244
vn -0.993831 0.108617 -0.022436
vn -1.000000 -0.000073 0.000000
vn 0.000000 0.979330 -0.202269
vn 0.000000 0.979330 -0.202269
vn 1.000000 0.000053 0.000000
vn 0.993829 0.108633 -0.022436
vn 0.000000 -0.247428 -0.968906
vn 0.000000 -0.247428 -0.968906
vn 0.975402 0.215873 -0.044595
vn 0.975445 0.217334 -0.035692
vn 0.975494 0.219345 -0.017272
vn 0.975493 0.219894 -0.007757
vn -0.975477 0.219963 -0.007757
vn -0.975475 0.219433 -0.017271
vn -0.975423 0.217432 -0.035691
vn -0.975382 0.215965 -0.044594
vn 0.000000 0.000000 1.000000
vn 0.707102 0.000000 0.707112
vn 0.707102 0.000000 0.707112
vn 0.000000 0.000000 1.000000
vn 1.000000 0.000000 0.000004
vn 1.000000 0.000000 0.000004
vn 0.707105 0.000000 -0.707109
vn 0.707105 0.000000 -0.707109
vn 0.000000 0.000000 -1.000000
vn 0.000000 0.000000 -1.000000
vn -0.707105 0.000000 -0.707109
vn -0.707105 0.000000 -0.707109
vn -1.000000 0.000000 0.000004
vn -1.000000 0.000000 0.000004
vn -0.707102 0.000000 0.707112
vn -0.707102 0.000000 0.707112
vn -1.000000 -0.000094 -0.000656
vn -1.000000 -0.000100 -0.000418
vn -1.000000 -0.000100 -0.000418
vn -1.000000 -0.000094 -0.000656
vn -1.000000 0.000044 0.000879
vn -1.000000 0.000044 0.000879
vn 0.000000 0.989205 -0.146536
vn 0.000000 0.997301 -0.073418
vn 0.000000 0.997301 -0.073418
vn 0.000000 0.989205 -0.146536
vn 0.000000 0.999390 -0.034910
vn 0.000000 0.999390 -0.034910
vn 1.000000 -0.000062 -0.000661
vn 1.000000 -0.000019 0.000817
vn 1.000000 -0.000019 0.000817
vn 1.000000 -0.000062 -0.000661
vn 0.999994 0.000151 0.003359
vn 0.999994 0.000151 0.003359
vn 0.000000 -0.989403 0.145192
vn 0.000000 -0.997418 0.071816
vn 0.000000 -0.997418 0.071816
vn 0.000000 -0.989403 0.145192
vn 0.000000 -0.999389 0.034967
vn 0.000000 -0.999389 0.034967
vn 0.000000 -0.983369 0.181619
vn 0.000000 -0.983369 0.181619
vn -1.000000 0.000057 0.000403
vn -1.000000 0.000057 0.000403
vn 0.000000 0.983469 -0.181075
vn 0.000000 0.983469 -0.181075
vn 1.000000 0.000066 0.000403
vn 1.000000 0.000066 0.000403
vn -0.700110 -0.706515 0.103357
vn -1.000000 0.000006 0.000003
vn -1.000000 0.000069 0.000004
vn -0.699900 -0.702647 0.128167
vn -0.699859 0.702693 -0.128142
vn -0.700101 0.706527 -0.103336
vn -0.700148 -0.712087 0.052210
vn -1.000000 0.000017 0.000001
vn -0.700135 0.712100 -0.052198
vn -0.699931 -0.713741 0.025899
vn -1.000000 0.000091 0.000001
vn -0.699881 0.713790 -0.025897
vn 0.000030 0.989473 -0.144716
vn 0.000002 0.983776 -0.179403
vn 0.699783 0.702766 -0.128158
vn 0.699982 0.706643 -0.103352
vn 0.000045 0.997324 -0.073107
vn 0.699970 0.712262 -0.052211
vn 0.000032 0.999342 -0.036262
vn 0.699712 0.713955 -0.025904
vn 1.000000 -0.000080 0.000001
vn 1.000000 -0.000080 0.000001
vn 0.699748 -0.702794 0.128192
vn 0.699941 -0.706679 0.103377
vn 1.000000 -0.000009 -0.000002
vn 0.699961 -0.712270 0.052217
vn 1.000000 0.000061 -0.000004
vn 0.699742 -0.713926 0.025899
vn 0.000045 -0.989466 0.144762
vn 0.000041 -0.983766 0.179457
vn 0.000040 -0.997323 0.073124
vn 0.000033 -0.999342 0.036260
vn -1.000000 0.000000 0.000000
vn -1.000000 0.000000 0.000000
vn -1.000000 0.000000 0.000000
vn -1.000000 0.000000 0.000000
vn 1.000000 0.000000 0.000000
vn 1.000000 0.000000 0.000000
vn 1.000000 0.000000 0.000000
vn 1.000000 0.000000 0.000000
vn 0.000000 0.000000 1.000000
vn 0.000000 0.000000 1.000000
vn 0.000000 0.000000 1.000000
vn 0.000000 0.000000 1.000000
vn 0.000000 0.000000 -1.000000
vn 0.000000 0.000000 -1.000000
vn 0.000000 0.000000 -1.000000
vn 0.000000 0.000000 -1.000000
vn -0.707097 0.000000 0.707117
vn 0.000031 0.000000 1.000000
vn 0.000031 0.000000 1.000000
vn -0.707097 0.000000 0.707117
vn 0.707118 0.000000 0.707095
vn 0.707118 0.000000 0.707095
vn 1.000000 0.000000 0.000000
vn 1.000000 0.000000 0.000000
vn 0.707108 0.000000 -0.707105
vn 0.707108 0.000000 -0.707105
vn 0.000031 0.000000 -1.000000
vn 0.000031 0.000000 -1.000000
vn -0.707087 0.000000 -0.707127
vn -0.707087 0.000000 -0.707127
vn -1.000000 0.000000 0.000000
vn -1.000000 0.000000 0.000000
vn -0.363070 -0.858111 0.363077
vn -0.633877 -0.443171 0.633877
vn -0.896454 -0.443136 0.000017
vn -0.513386 -0.858158 0.000027
vn -0.633849 -0.443203 -0.633882
vn -0.363005 -0.858144 -0.363065
vn 0.000002 -0.443192 -0.896427
vn -0.000016 -0.858114 -0.513460
vn 0.633881 -0.443219 -0.633839
vn 0.363099 -0.858109 -0.363055
vn 0.896401 -0.443245 0.000006
vn 0.513563 -0.858052 0.000012
vn 0.633894 -0.443199 0.633840
vn 0.363137 -0.858087 0.363069
vn 0.000001 -0.443201 0.896422
vn -0.000011 -0.858124 0.513442
vn -0.529154 0.663345 0.529122
vn -0.748307 0.663352 -0.000000
vn -0.529151 0.663363 -0.529103
vn 0.000033 0.663354 -0.748306
vn 0.529158 0.663310 -0.529161
vn 0.748381 0.663269 -0.000001
vn 0.529157 0.663303 0.529172
vn 0.000026 0.663326 0.748330
vn -0.475492 0.740154 0.475478
vn -0.672471 0.740124 -0.000002
vn -0.475506 0.740149 -0.475471
vn 0.000036 0.740157 -0.672434
vn 0.475408 0.740221 -0.475457
vn 0.672236 0.740337 -0.000001
vn 0.475394 0.740234 0.475452
vn 0.000036 0.740168 0.672422
vn -0.491186 0.719331 0.491221
vn -0.694602 0.719394 0.000016
vn -0.491163 0.719358 -0.491206
vn -0.000002 0.719336 -0.694662
vn 0.491229 0.719339 -0.491167
vn 0.694671 0.719328 -0.000001
vn 0.491223 0.719328 0.491189
vn 0.000011 0.719324 0.694674
vn -0.698207 0.157871 0.698272
vn -0.987446 0.157959 0.000024
vn -0.698194 0.157959 -0.698265
vn -0.000046 0.157949 -0.987447
vn 0.698351 0.157846 -0.698133
vn 0.987493 0.157665 -0.000011
vn 0.698336 0.157766 0.698167
vn -0.000039 0.157859 0.987462
vn -0.510746 -0.691566 0.510760
vn -0.722317 -0.691562 -0.000005
vn -0.510759 -0.691548 -0.510771
vn -0.000005 -0.691550 -0.722328
vn 0.510819 -0.691500 -0.510776
vn 0.722423 -0.691452 -0.000006
vn 0.510805 -0.691521 0.510761
vn -0.000007 -0.691570 0.722310
vn -0.677955 0.284178 0.677953
vn -0.958762 0.284209 -0.000002
vn -0.677941 0.284166 -0.677972
vn 0.000006 0.284158 -0.958778
vn 0.677969 0.284209 -0.677926
vn 0.958754 0.284238 -0.000001
vn 0.677970 0.284197 0.677930
vn 0.000029 0.284158 0.958778
vn -0.378353 0.844823 0.378317
vn -0.535128 0.844771 0.000001
vn -0.378362 0.844810 -0.378336
vn 0.000023 0.844822 -0.535047
vn 0.378402 0.844791 -0.378339
vn 0.535167 0.844746 0.000001
vn 0.378405 0.844785 0.378349
vn 0.000035 0.844828 0.535038
vn 0.000028 1.000000 0.000001
vn 0.000005 -0.858103 0.513478
vn 0.000016 -0.443154 0.896446
vn -0.633858 -0.443180 0.633890
vn -0.363008 -0.858143 0.363065
vn -0.896437 -0.443171 -0.000006
vn -0.513320 -0.858197 -0.000004
vn -0.633839 -0.443209 -0.633888
vn -0.362988 -0.858150 -0.363068
vn 0.000014 -0.443180 -0.896433
vn 0.000005 -0.858103 -0.513478
vn 0.633883 -0.443198 -0.633852
vn 0.363119 -0.858085 -0.363090
vn 0.896392 -0.443263 0.000001
vn 0.513530 -0.858072 -0.000000
vn 0.633878 -0.443199 0.633856
vn 0.363115 -0.858087 0.363090
vn 0.000043 0.663352 0.748307
vn -0.529140 0.663379 0.529093
vn -0.748282 0.663381 0.000017
vn -0.529114 0.663387 -0.529109
vn 0.000027 0.663342 -0.748316
vn 0.529158 0.663309 -0.529162
vn 0.748388 0.663262 0.000001
vn 0.529160 0.663291 0.529183
vn 0.000045 0.740194 0.672393
vn -0.475486 0.740181 0.475442
vn -0.672440 0.740151 0.000024
vn -0.475454 0.740190 -0.475460
vn 0.000031 0.740182 -0.672407
vn 0.475388 0.740241 -0.475447
vn 0.672244 0.740329 -0.000005
vn 0.475407 0.740220 0.475460
vn 0.000009 0.719319 0.694679
vn -0.491186 0.719332 0.491220
vn -0.694634 0.719364 0.000003
vn -0.491177 0.719362 -0.491186
vn 0.000016 0.719369 -0.694628
vn 0.491210 0.719346 -0.491177
vn 0.694607 0.719389 -0.000028
vn 0.491162 0.719372 0.491185
vn -0.000019 0.157827 0.987467
vn -0.698199 0.157847 0.698285
vn -0.987455 0.157901 -0.000002
vn -0.698225 0.157919 -0.698243
vn -0.000013 0.157940 -0.987449
vn 0.698330 0.157808 -0.698163
vn 0.987483 0.157723 -0.000029
vn 0.698239 0.157824 0.698251
vn 0.000006 -0.691531 0.722346
vn -0.510751 -0.691551 0.510774
vn -0.722299 -0.691581 0.000006
vn -0.510734 -0.691567 -0.510769
vn -0.000002 -0.691535 -0.722343
vn 0.510809 -0.691503 -0.510782
vn 0.722396 -0.691479 0.000009
vn 0.510792 -0.691512 0.510787
vn 0.000026 0.284182 0.958770
vn -0.677936 0.284180 0.677971
vn -0.958768 0.284190 0.000010
vn -0.677934 0.284172 -0.677977
vn 0.000020 0.284191 -0.958768
vn 0.677960 0.284225 -0.677927
vn 0.958745 0.284268 -0.000011
vn 0.677946 0.284244 0.677934
vn 0.000030 0.844817 0.535056
vn -0.378367 0.844809 0.378333
vn -0.535132 0.844769 0.000000
vn -0.378353 0.844819 -0.378325
vn 0.000046 0.844797 -0.535088
vn 0.378362 0.844797 -0.378366
vn 0.535046 0.844823 -0.000012
vn 0.378353 0.844824 0.378314
vn -0.000018 1.000000 -0.000034
vn 1.000000 0.000000 0.000000
vn 1.000000 0.000000 0.000000
vn 1.000000 0.000000 0.000000
vn 1.000000 0.000000 0.000000
vn 0.000000 0.000000 -1.000000
vn 0.000000 0.000000 -1.000000
vn 0.000000 0.000000 -1.000000
vn 0.000000 0.000000 -1.000000
vn -1.000000 0.000000 0.000000
vn -1.000000 0.000000 0.000000
vn -1.000000 0.000000 0.000000
vn -1.000000 0.000000 0.000000
vn -1.000000 -0.000001 0.000000
vn -1.000000 -0.000015 0.000000
vn -1.000000 -0.000015 0.000000
vn -1.000000 -0.000001 0.000000
vn -1.000000 -0.000007 0.000000
vn -1.000000 -0.000007 0.000000
vn 0.000000 0.986776 -0.162088
vn 0.000000 0.996849 -0.079324
vn 0.000000 0.996849 -0.079324
vn 0.000000 0.986776 -0.162088
vn 0.000000 0.999261 -0.038437
vn 0.000000 0.999261 -0.038437
vn 1.000000 -0.000001 0.000000
vn 1.000000 -0.000015 0.000000
vn 1.000000 -0.000015 0.000000
vn 1.000000 -0.000001 0.000000
vn 1.000000 -0.000007 0.000000
vn 1.000000 -0.000007 0.000000
vn 0.000000 -0.986776 0.162088
vn 0.000000 -0.996803 0.079896
vn 0.000000 -0.996803 0.079896
vn 0.000000 -0.986776 0.162088
vn 0.000000 -0.999216 0.039580
vn 0.000000 -0.999216 0.039580
vn 0.000000 -0.247399 -0.968914
vn 0.000000 -0.247399 -0.968914
vn 0.000000 -0.247399 -0.968914
vn 0.000000 -0.247399 -0.968914
vn 0.000000 -0.979012 0.203804
vn 0.000000 -0.979012 0.203804
vn -1.000000 0.000021 0.000000
vn -1.000000 0.000021 0.000000
vn 0.000000 0.979011 -0.203806
vn 0.000000 0.979011 -0.203806
vn 1.000000 0.000021 0.000000
vn 1.000000 0.000021 0.000000
vn -1.000000 0.000076 0.000000
vn -1.000000 0.000034 0.000000
vn -0.993859 0.110314 -0.008683
vn -0.993841 0.109351 -0.017943
vn -1.000000 0.000011 0.000000
vn -0.993862 0.110560 -0.003900
vn 0.000000 0.986787 -0.162021
vn 0.000000 0.996912 -0.078532
vn 0.000000 0.996912 -0.078532
vn 0.000000 0.986787 -0.162021
vn 0.000000 0.999373 -0.035414
vn 0.000000 0.999373 -0.035414
vn 0.993842 0.109344 -0.017956
vn 0.993855 0.110345 -0.008690
vn 1.000000 0.000011 0.000000
vn 1.000000 -0.000034 0.000000
vn 0.993855 0.110620 -0.003903
vn 1.000000 -0.000027 0.000000
vn 0.000000 -0.986788 0.162015
vn 0.000000 -0.996913 0.078509
vn 0.000000 -0.996913 0.078509
vn 0.000000 -0.986788 0.162015
vn 0.000000 -0.999375 0.035356
vn 0.000000 -0.999375 0.035356
vn 0.000000 -0.247370 -0.968921
vn 0.000000 -0.247370 -0.968921
vn 0.000000 -0.247405 -0.968912
vn 0.000000 -0.247405 -0.968912
vn 0.000000 -0.979335 0.202244
vn 0.000000 -0.979335 0.202244
vn -0.993829 0.108633 -0.022420
vn -1.000000 0.000096 0.000000
vn 0.000000 0.979331 -0.202266
vn 0.000000 0.979331 -0.202266
vn 1.000000 -0.000117 0.000000
vn 0.993831 0.108617 -0.022436
vn 0.000000 -0.247440 -0.968903
vn 0.000000 -0.247440 -0.968903
vn 0.975373 0.216007 -0.044594
vn 0.975435 0.217378 -0.035691
vn 0.975498 0.219328 -0.017273
vn 0.975490 0.219906 -0.007759
vn -0.975525 0.219752 -0.007751
vn -0.975517 0.219246 -0.017259
vn -0.975457 0.217284 -0.035666
vn -0.975413 0.215831 -0.044563
vn 0.000000 0.994073 -0.108712
vn 0.000000 0.994073 -0.108712
vn 0.000000 0.994073 -0.108712
vn 0.000000 0.994073 -0.108712
vn 0.000000 -0.994073 0.108713
vn 0.000000 -0.994073 0.108713
vn 0.000000 -0.994073 0.108713
vn 0.000000 -0.994073 0.108713
vn 0.000000 0.098776 0.995110
vn 0.000000 0.098776 0.995110
vn 0.000000 0.098776 0.995110
vn 0.000000 0.098776 0.995110
vn 0.000000 -0.122108 -0.992517
vn 0.000000 -0.122108 -0.992517
vn 0.000000 -0.122108 -0.992517
vn 0.000000 -0.122108 -0.992517
vn 0.000000 0.991126 -0.132924
vn 0.000000 0.991126 -0.132924
vn 0.000000 0.991126 -0.132924
vn 0.000000 0.991126 -0.132924
vn 0.000000 -0.991126 0.132925
vn 0.000000 -0.991126 0.132925
vn 0.000000 -0.991126 0.132925
vn 0.000000 -0.991126 0.132925
vn 0.000000 0.123396 0.992357
vn 0.000000 0.123396 0.992357
vn 0.000000 0.123396 0.992357
vn 0.000000 0.123396 0.992357
vn 0.000000 -0.146647 -0.989189
vn 0.000000 -0.146647 -0.989189
vn 0.000000 -0.146647 -0.989189
vn 0.000000 -0.146647 -0.989189
vn 0.000000 0.983463 -0.181107
vn 0.000000 0.983463 -0.181107
vn 0.000000 0.983463 -0.181107
vn 0.000000 0.983463 -0.181107
vn 0.000000 -0.983463 0.181107
vn 0.000000 -0.983463 0.181107
vn 0.000000 -0.983463 0.181107
vn 0.000000 -0.983463 0.181107
vn 0.000000 0.172372 0.985032
vn 0.000000 0.172372 0.985032
vn 0.000000 0.172372 0.985032
vn 0.000000 0.172372 0.985032
vn 0.000000 -0.195439 -0.980716
vn 0.000000 -0.195439 -0.980716
vn 0.000000 -0.195439 -0.980716
vn 0.000000 -0.195439 -0.980716
vn 0.000000 0.978654 -0.205517
vn 0.000000 0.978654 -0.205517
vn 0.000000 0.978654 -0.205517
vn 0.000000 0.978654 -0.205517
vn 0.000000 -0.978654 0.205516
vn 0.000000 -0.978654 0.205516
vn 0.000000 -0.978654 0.205516
vn 0.000000 -0.978654 0.205516
vn 0.000000 0.197193 0.980365
vn 0.000000 0.197193 0.980365
vn 0.000000 0.197193 0.980365
vn 0.000000 0.197193 0.980365
vn 0.000000 -0.220120 -0.975473
vn 0.000000 -0.220120 -0.975473
vn 0.000000 -0.220120 -0.975473
vn 0.000000 -0.220120 -0.975473
vn 0.000000 0.972707 -0.232039
vn 0.000000 0.972707 -0.232039
vn 0.000000 0.972707 -0.232039
vn 0.000000 0.972707 -0.232039
vn 0.000000 -0.972706 0.232040
vn 0.000000 -0.972706 0.232040
vn 0.000000 -0.972706 0.232040
vn 0.000000 -0.972706 0.232040
vn 0.000000 0.224136 0.974558
vn 0.000000 0.224136 0.974558
vn 0.000000 0.224136 0.974558
vn 0.000000 0.224136 0.974558
vn 0.000000 -0.246937 -0.969032
vn 0.000000 -0.246937 -0.969032
vn 0.000000 -0.246937 -0.969032
vn 0.000000 -0.246937 -0.969032
vn 0.000000 0.987589 -0.157061
vn 0.000000 0.987589 -0.157061
vn 0.000000 0.987589 -0.157061
vn 0.000000 0.987589 -0.157061
vn 0.000000 -0.987589 0.157062
vn 0.000000 -0.987589 0.157062
vn 0.000000 -0.987589 0.157062
vn 0.000000 -0.987589 0.157062
vn 0.000000 0.147916 0.989000
vn 0.000000 0.147916 0.989000
vn 0.000000 0.147916 0.989000
vn 0.000000 0.147916 0.989000
vn 0.000000 -0.171085 -0.985256
vn 0.000000 -0.171085 -0.985256
vn 0.000000 -0.171085 -0.985256
vn 0.000000 -0.171085 -0.985256
vn 0.000000 0.996429 -0.084436
vn 0.000000 0.996429 -0.084436
vn 0.000000 0.996429 -0.084436
vn 0.000000 0.996429 -0.084436
vn 0.000000 -0.996429 0.084436
vn 0.000000 -0.996429 0.084436
vn 0.000000 -0.996429 0.084436
vn 0.000000 -0.996429 0.084436
vn 0.000000 0.074113 0.997250
vn 0.000000 0.074113 0.997250
vn 0.000000 0.074113 0.997250
vn 0.000000 0.074113 0.997250
vn 0.000000 -0.097488 -0.995237
vn 0.000000 -0.097488 -0.995237
vn 0.000000 -0.097488 -0.995237
vn 0.000000 -0.097488 -0.995237
vn 0.000000 0.999936 -0.011318
vn 0.000000 0.999936 -0.011318
vn 0.000000 0.999936 -0.011318
vn 0.000000 0.999936 -0.011318
vn 0.000000 -0.999936 0.011319
vn 0.000000 -0.999936 0.011319
vn 0.000000 -0.999936 0.011319
vn 0.000000 -0.999936 0.011319
vn 0.000000 -0.000176 1.000000
vn 0.000000 -0.000176 1.000000
vn 0.000000 -0.000176 1.000000
vn 0.000000 -0.000176 1.000000
vn 0.000000 -0.023300 -0.999729
vn 0.000000 -0.023300 -0.999729
vn 0.000000 -0.023300 -0.999729
vn 0.000000 -0.023300 -0.999729
vn 0.000000 0.999361 -0.035753
vn 0.000000 0.999361 -0.035753
vn 0.000000 0.999361 -0.035753
vn 0.000000 0.999361 -0.035753
vn 0.000000 -0.999361 0.035753
vn 0.000000 -0.999361 0.035753
vn 0.000000 -0.999361 0.035753
vn 0.000000 -0.999361 0.035753
vn 0.000000 0.024588 0.999698
vn 0.000000 0.024588 0.999698
vn 0.000000 0.024588 0.999698
vn 0.000000 0.024588 0.999698
vn 0.000000 -0.048044 -0.998845
vn 0.000000 -0.048044 -0.998845
vn 0.000000 -0.048044 -0.998845
vn 0.000000 -0.048044 -0.998845
vn 0.000000 0.998192 -0.060113
vn 0.000000 0.998192 -0.060113
vn 0.000000 0.998192 -0.060113
vn 0.000000 0.998192 -0.060113
vn 0.000000 -0.998192 0.060112
vn 0.000000 -0.998192 0.060112
vn 0.000000 -0.998192 0.060112
vn 0.000000 -0.998192 0.060112
vn 0.000000 0.049371 0.998781
vn 0.000000 0.049371 0.998781
vn 0.000000 0.049371 0.998781
vn 0.000000 0.049371 0.998781
vn 0.000000 -0.072787 -0.997348
vn 0.000000 -0.072787 -0.997348
vn 0.000000 -0.072787 -0.997348
vn 0.000000 -0.072787 -0.997348
s 1
g polySurface23000
f 17/1/1 18/2/2 12/3/3 11/4/4
f 18/2/2 19/5/5 13/6/6 12/3/3
f 19/5/5 20/7/7 14/8/8 13/6/6
f 20/7/7 21/9/9 15/10/10 14/8/8
f 21/9/9 22/11/11 16/12/12 15/10/10
f 22/11/11 23/13/13 9/14/14 16/12/12
f 23/13/13 24/15/15 10/16/16 9/14/14
f 24/15/15 17/17/1 11/18/4 10/16/16
s 2
f 25/19/17 26/20/18 8/21/19 7/22/20
f 26/20/18 27/23/21 1/24/22 8/21/19
f 27/23/21 28/25/23 2/26/24 1/24/22
f 28/25/23 29/27/25 3/28/26 2/26/24
f 29/27/25 30/29/27 4/30/28 3/28/26
f 30/29/27 31/31/29 5/32/30 4/30/28
f 31/31/29 32/33/31 6/34/32 5/32/30
f 32/33/31 25/35/17 7/36/20 6/34/32
s off
f 33/37/33 38/38/34 37/39/35 36/40/36
f 39/41/37 38/38/38 33/37/39 34/42/40
f 40/43/41 39/41/42 34/42/43 35/44/44
f 37/45/45 40/43/46 35/44/47 36/46/48
f 41/47/49 46/48/50 45/49/51 44/50/52
f 47/51/53 46/48/54 41/47/55 42/52/56
f 48/53/57 47/51/58 42/52/59 43/54/60
f 45/55/61 48/53/62 43/54/63 44/56/64
s 11
f 49/57/65 50/58/66 58/59/67 57/60/68
f 50/58/66 51/61/69 59/62/70 58/59/67
f 51/61/69 52/63/71 60/64/72 59/62/70
f 52/63/71 53/65/73 61/66/74 60/64/72
f 53/65/73 54/67/75 62/68/76 61/66/74
f 54/67/75 55/69/77 63/70/78 62/68/76
f 55/69/77 56/71/79 64/72/80 63/70/78
f 56/71/79 49/73/65 57/74/68 64/72/80
s 12
f 65/75/81 66/76/82 74/77/83 73/78/84
f 66/76/82 67/79/85 75/80/86 74/77/83
f 67/79/85 68/81/87 76/82/88 75/80/86
f 68/81/87 69/83/89 77/84/90 76/82/88
f 69/83/89 70/85/91 78/86/92 77/84/90
f 70/85/91 71/87/93 79/88/94 78/86/92
f 71/87/93 72/89/95 80/90/96 79/88/94
f 72/89/95 65/91/81 73/92/84 80/90/96
s off
f 66/93/97 65/94/98 81/95/99
f 67/96/100 66/93/101 81/95/102
f 68/97/103 67/96/104 81/95/105
f 69/98/106 68/97/107 81/95/108
f 70/99/109 69/98/110 81/95/111
f 71/100/112 70/99/113 81/95/114
f 72/101/115 71/100/116 81/95/117
f 65/94/118 72/101/119 81/95/120
s 21
f 82/102/121 83/103/122 91/104/123 90/105/124
f 83/103/122 84/106/125 92/107/126 91/104/123
f 84/106/125 85/108/127 93/109/128 92/107/126
f 85/108/127 86/110/129 94/111/130 93/109/128
f 86/110/129 87/112/131 95/113/132 94/111/130
f 87/112/131 88/114/133 96/115/134 95/113/132
f 88/114/133 89/116/135 97/117/136 96/115/134
f 89/116/135 82/118/121 90/119/124 97/117/136
s 22
f 83/120/137 82/121/138 98/122/139
f 84/123/140 83/120/137 98/122/139
f 85/124/141 84/123/140 98/122/139
f 86/125/142 85/124/141 98/122/139
f 87/126/143 86/125/142 98/122/139
f 88/127/144 87/126/143 98/122/139
f 89/128/145 88/127/144 98/122/139
f 82/121/138 89/128/145 98/122/139
s off
f 99/129/146 104/130/147 103/131/148 102/132/149
f 105/133/150 104/130/151 99/129/152 100/134/153
f 106/135/154 105/133/155 100/134/156 101/136/157
f 103/137/158 106/135/159 101/136/160 102/138/161
f 107/139/162 112/140/163 111/141/164 110/142/165
f 113/143/166 112/140/167 107/139/168 108/144/169
f 114/145/170 113/143/171 108/144/172 109/146/173
f 111/147/174 114/145/175 109/146/176 110/148/177
s 31
f 115/149/178 116/150/179 124/151/180 123/152/181
f 116/150/179 117/153/182 125/154/183 124/151/180
f 117/153/182 118/155/184 126/156/185 125/154/183
f 118/155/184 119/157/186 127/158/187 126/156/185
f 119/157/186 120/159/188 128/160/189 127/158/187
f 120/159/188 121/161/190 129/162/191 128/160/189
f 121/161/190 122/163/192 130/164/193 129/162/191
f 122/163/192 115/165/178 123/166/181 130/164/193
s 32
f 131/167/194 132/168/195 18/169/196 17/170/197
f 132/168/195 133/171/198 19/172/199 18/169/196
f 133/171/198 134/173/200 20/174/201 19/172/199
f 134/173/200 135/175/202 21/176/203 20/174/201
f 135/175/202 136/177/204 22/178/205 21/176/203
f 136/177/204 137/179/206 23/180/207 22/178/205
f 137/179/206 138/181/208 24/182/209 23/180/207
f 138/181/208 131/183/194 17/184/197 24/182/209
s 33
f 139/185/210 140/186/211 26/187/212 25/188/213
f 140/186/211 141/189/214 27/190/215 26/187/212
f 141/189/214 142/191/216 28/192/217 27/190/215
f 142/191/216 143/193/218 29/194/219 28/192/217
f 143/193/218 144/195/220 30/196/221 29/194/219
f 144/195/220 145/197/222 31/198/223 30/196/221
f 145/197/222 146/199/224 32/200/225 31/198/223
f 146/199/224 139/201/210 25/202/213 32/200/225
s off
f 147/203/226 152/204/227 151/205/228 150/206/229
f 153/207/230 152/204/231 147/203/232 148/208/233
f 154/209/234 153/207/235 148/208/236 149/210/237
f 151/211/238 154/209/239 149/210/240 150/212/241
f 155/213/242 160/214/243 159/215/244 158/216/245
f 161/217/246 160/214/247 155/213/248 156/218/249
f 162/219/250 161/217/251 156/218/252 157/220/253
f 159/221/254 162/219/255 157/220/256 158/222/257
s 42
f 163/223/258 164/224/259 172/225/260 171/226/261
f 164/224/259 165/227/262 173/228/263 172/225/260
f 165/227/262 166/229/264 174/230/265 173/228/263
f 166/229/264 167/231/266 175/232/267 174/230/265
f 167/231/266 168/233/268 176/234/269 175/232/267
f 168/233/268 169/235/270 177/236/271 176/234/269
f 169/235/270 170/237/272 178/238/273 177/236/271
f 170/237/272 163/239/258 171/240/261 178/238/273
s 43
f 73/241/274 74/242/275 132/243/276 131/244/277
f 74/242/275 75/245/278 133/246/279 132/243/276
f 75/245/278 76/247/280 134/248/281 133/246/279
f 76/247/280 77/249/282 135/250/283 134/248/281
f 77/249/282 78/251/284 136/252/285 135/250/283
f 78/251/284 79/253/286 137/254/287 136/252/285
f 79/253/286 80/255/288 138/256/289 137/254/287
f 80/255/288 73/257/274 131/258/277 138/256/289
s 44
f 90/259/290 91/260/291 140/261/292 139/262/293
f 91/260/291 92/263/294 141/264/295 140/261/292
f 92/263/294 93/265/296 142/266/297 141/264/295
f 93/265/296 94/267/298 143/268/299 142/266/297
f 94/267/298 95/269/300 144/270/301 143/268/299
f 95/269/300 96/271/302 145/272/303 144/270/301
f 96/271/302 97/273/304 146/274/305 145/272/303
f 97/273/304 90/275/290 139/276/293 146/274/305
s off
f 179/277/306 184/278/307 183/279/308 182/280/309
f 185/281/310 184/278/311 179/277/312 180/282/313
f 186/283/314 185/281/315 180/282/316 181/284/317
f 183/285/318 186/283/319 181/284/320 182/286/321
f 187/287/322 192/288/323 191/289/324 190/290/325
f 193/291/326 192/288/327 187/287/328 188/292/329
f 194/293/330 193/291/331 188/292/332 189/294/333
f 191/295/334 194/293/335 189/294/336 190/296/337
s 53
f 195/297/338 196/298/339 204/299/340 203/300/341
f 196/298/339 197/301/342 205/302/343 204/299/340
f 197/301/342 198/303/344 206/304/345 205/302/343
f 198/303/344 199/305/346 207/306/347 206/304/345
f 199/305/346 200/307/348 208/308/349 207/306/347
f 200/307/348 201/309/350 209/310/351 208/308/349
f 201/309/350 202/311/352 210/312/353 209/310/351
f 202/311/352 195/313/338 203/314/341 210/312/353
s 54
f 227/315/354 228/316/355 222/317/356 221/318/357
f 228/316/355 229/319/358 223/320/359 222/317/356
f 229/319/358 230/321/360 224/322/361 223/320/359
f 230/321/360 231/323/362 225/324/363 224/322/361
f 231/323/362 232/325/364 226/326/365 225/324/363
f 232/325/364 233/327/366 219/328/367 226/326/365
f 233/327/366 234/329/368 220/330/369 219/328/367
f 234/329/368 227/331/354 221/332/357 220/330/369
s 55
f 235/333/370 236/334/371 218/335/372 217/336/373
f 236/334/371 237/337/374 211/338/375 218/335/372
f 237/337/374 238/339/376 212/340/377 211/338/375
f 238/339/376 239/341/378 213/342/379 212/340/377
f 239/341/378 240/343/380 214/344/381 213/342/379
f 240/343/380 241/345/382 215/346/383 214/344/381
f 241/345/382 242/347/384 216/348/385 215/346/383
f 242/347/384 235/349/370 217/350/373 216/348/385
s off
f 243/351/386 248/352/387 247/353/388 246/354/389
f 249/355/390 248/352/391 243/351/392 244/356/393
f 250/357/394 249/355/395 244/356/396 245/358/397
f 247/359/398 250/357/399 245/358/400 246/360/401
f 251/361/402 256/362/403 255/363/404 254/364/405
f 257/365/406 256/362/407 251/361/408 252/366/409
f 258/367/410 257/365/411 252/366/412 253/368/413
f 255/369/414 258/367/415 253/368/416 254/370/417
s 64
f 259/371/418 260/372/419 268/373/420 267/374/421
f 260/372/419 261/375/422 269/376/423 268/373/420
f 261/375/422 262/377/424 270/378/425 269/376/423
f 262/377/424 263/379/426 271/380/427 270/378/425
f 263/379/426 264/381/428 272/382/429 271/380/427
f 264/381/428 265/383/430 273/384/431 272/382/429
f 265/383/430 266/385/432 274/386/433 273/384/431
f 266/385/432 259/387/418 267/388/421 274/386/433
s 65
f 275/389/434 276/390/435 284/391/436 283/392/437
f 276/390/435 277/393/438 285/394/439 284/391/436
f 277/393/438 278/395/440 286/396/441 285/394/439
f 278/395/440 279/397/442 287/398/443 286/396/441
f 279/397/442 280/399/444 288/400/445 287/398/443
f 280/399/444 281/401/446 289/402/447 288/400/445
f 281/401/446 282/403/448 290/404/449 289/402/447
f 282/403/448 275/405/434 283/406/437 290/404/449
s off
f 276/407/450 275/408/451 291/409/452
f 277/410/453 276/407/454 291/409/455
f 278/411/456 277/410/457 291/409/458
f 279/412/459 278/411/460 291/409/461
f 280/413/462 279/412/463 291/409/464
f 281/414/465 280/413/466 291/409/467
f 282/415/468 281/414/469 291/409/470
f 275/408/471 282/415/472 291/409/473
s 74
f 292/416/474 293/417/475 301/418/476 300/419/477
f 293/417/475 294/420/478 302/421/479 301/418/476
f 294/420/478 295/422/480 303/423/481 302/421/479
f 295/422/480 296/424/482 304/425/483 303/423/481
f 296/424/482 297/426/484 305/427/485 304/425/483
f 297/426/484 298/428/486 306/429/487 305/427/485
f 298/428/486 299/430/488 307/431/489 306/429/487
f 299/430/488 292/432/474 300/433/477 307/431/489
s 75
f 293/434/490 292/435/491 308/436/492
f 294/437/493 293/434/490 308/436/492
f 295/438/494 294/437/493 308/436/492
f 296/439/495 295/438/494 308/436/492
f 297/440/496 296/439/495 308/436/492
f 298/441/497 297/440/496 308/436/492
f 299/442/498 298/441/497 308/436/492
f 292/435/491 299/442/498 308/436/492
s off
f 309/443/499 314/444/500 313/445/501 312/446/502
f 315/447/503 314/444/504 309/443/505 310/448/506
f 316/449/507 315/447/508 310/448/509 311/450/510
f 313/451/511 316/449/512 311/450/513 312/452/514
f 317/453/515 322/454/516 321/455/517 320/456/518
f 323/457/519 322/454/520 317/453/521 318/458/522
f 324/459/523 323/457/524 318/458/525 319/460/526
f 321/461/527 324/459/528 319/460/529 320/462/530
s 84
f 325/463/531 326/464/532 334/465/533 333/466/534
f 326/464/532 327/467/535 335/468/536 334/465/533
f 327/467/535 328/469/537 336/470/538 335/468/536
f 328/469/537 329/471/539 337/472/540 336/470/538
f 329/471/539 330/473/541 338/474/542 337/472/540
f 330/473/541 331/475/543 339/476/544 338/474/542
f 331/475/543 332/477/545 340/478/546 339/476/544
f 332/477/545 325/479/531 333/480/534 340/478/546
s 85
f 341/481/547 342/482/548 228/483/549 227/484/550
f 342/482/548 343/485/551 229/486/552 228/483/549
f 343/485/551 344/487/553 230/488/554 229/486/552
f 344/487/553 345/489/555 231/490/556 230/488/554
f 345/489/555 346/491/557 232/492/558 231/490/556
f 346/491/557 347/493/559 233/494/560 232/492/558
f 347/493/559 348/495/561 234/496/562 233/494/560
f 348/495/561 341/497/547 227/498/550 234/496/562
s 86
f 349/499/563 350/500/564 236/501/565 235/502/566
f 350/500/564 351/503/567 237/504/568 236/501/565
f 351/503/567 352/505/569 238/506/570 237/504/568
f 352/505/569 353/507/571 239/508/572 238/506/570
f 353/507/571 354/509/573 240/510/574 239/508/572
f 354/509/573 355/511/575 241/512/576 240/510/574
f 355/511/575 356/513/577 242/514/578 241/512/576
f 356/513/577 349/515/563 235/516/566 242/514/578
s off
f 357/517/579 362/518/580 361/519/581 360/520/582
f 363/521/583 362/518/584 357/517/585 358/522/586
f 364/523/587 363/521/588 358/522/589 359/524/590
f 361/525/591 364/523/592 359/524/593 360/526/594
f 365/527/595 370/528/596 369/529/597 368/530/598
f 371/531/599 370/528/600 365/527/601 366/532/602
f 372/533/603 371/531/604 366/532/605 367/534/606
f 369/535/607 372/533/608 367/534/609 368/536/610
s 95
f 373/537/611 374/538/612 382/539/613 381/540/614
f 374/538/612 375/541/615 383/542/616 382/539/613
f 375/541/615 376/543/617 384/544/618 383/542/616
f 376/543/617 377/545/619 385/546/620 384/544/618
f 377/545/619 378/547/621 386/548/622 385/546/620
f 378/547/621 379/549/623 387/550/624 386/548/622
f 379/549/623 380/551/625 388/552/626 387/550/624
f 380/551/625 373/553/611 381/554/614 388/552/626
s 96
f 283/555/627 284/556/628 342/557/629 341/558/630
f 284/556/628 285/559/631 343/560/632 342/557/629
f 285/559/631 286/561/633 344/562/634 343/560/632
f 286/561/633 287/563/635 345/564/636 344/562/634
f 287/563/635 288/565/637 346/566/638 345/564/636
f 288/565/637 289/567/639 347/568/640 346/566/638
f 289/567/639 290/569/641 348/570/642 347/568/640
f 290/569/641 283/571/627 341/572/630 348/570/642
s 97
f 300/573/643 301/574/644 350/575/645 349/576/646
f 301/574/644 302/577/647 351/578/648 350/575/645
f 302/577/647 303/579/649 352/580/650 351/578/648
f 303/579/649 304/581/651 353/582/652 352/580/650
f 304/581/651 305/583/653 354/584/654 353/582/652
f 305/583/653 306/585/655 355/586/656 354/584/654
f 306/585/655 307/587/657 356/588/658 355/586/656
f 307/587/657 300/589/643 349/590/646 356/588/658
s off
f 389/591/659 394/592/660 393/593/661 392/594/662
f 395/595/663 394/592/664 389/591/665 390/596/666
f 396/597/667 395/595/668 390/596/669 391/598/670
f 393/599/671 396/597/672 391/598/673 392/600/674
f 397/601/675 402/602/676 401/603/677 400/604/678
f 403/605/679 402/602/680 397/601/681 398/606/682
f 404/607/683 403/605/684 398/606/685 399/608/686
f 401/609/687 404/607/688 399/608/689 400/610/690
s 106
f 405/611/691 406/612/692 414/613/693 413/614/694
f 406/612/692 407/615/695 415/616/696 414/613/693
f 407/615/695 408/617/697 416/618/698 415/616/696
f 408/617/697 409/619/699 417/620/700 416/618/698
f 409/619/699 410/621/701 418/622/702 417/620/700
f 410/621/701 411/623/703 419/624/704 418/622/702
f 411/623/703 412/625/705 420/626/706 419/624/704
f 412/625/705 405/627/691 413/628/694 420/626/706
s 107
f 437/629/707 438/630/708 432/631/709 431/632/710
f 438/630/708 439/633/711 433/634/712 432/631/709
f 439/633/711 440/635/713 434/636/714 433/634/712
f 440/635/713 441/637/715 435/638/716 434/636/714
f 441/637/715 442/639/717 436/640/718 435/638/716
f 442/639/717 443/641/719 429/642/720 436/640/718
f 443/641/719 444/643/721 430/644/722 429/642/720
f 444/643/721 437/645/707 431/646/710 430/644/722
s 108
f 445/647/723 446/648/724 428/649/725 427/650/726
f 446/648/724 447/651/727 421/652/728 428/649/725
f 447/651/727 448/653/729 422/654/730 421/652/728
f 448/653/729 449/655/731 423/656/732 422/654/730
f 449/655/731 450/657/733 424/658/734 423/656/732
f 450/657/733 451/659/735 425/660/736 424/658/734
f 451/659/735 452/661/737 426/662/738 425/660/736
f 452/661/737 445/663/723 427/664/726 426/662/738
s off
f 453/665/739 458/666/740 457/667/741 456/668/742
f 459/669/743 458/666/744 453/665/745 454/670/746
f 460/671/747 459/669/748 454/670/749 455/672/750
f 457/673/751 460/671/752 455/672/753 456/674/754
f 461/675/755 466/676/756 465/677/757 464/678/758
f 467/679/759 466/676/760 461/675/761 462/680/762
f 468/681/763 467/679/764 462/680/765 463/682/766
f 465/683/767 468/681/768 463/682/769 464/684/770
s 117
f 469/685/771 470/686/772 478/687/773 477/688/774
f 470/686/772 471/689/775 479/690/776 478/687/773
f 471/689/775 472/691/777 480/692/778 479/690/776
f 472/691/777 473/693/779 481/694/780 480/692/778
f 473/693/779 474/695/781 482/696/782 481/694/780
f 474/695/781 475/697/783 483/698/784 482/696/782
f 475/697/783 476/699/785 484/700/786 483/698/784
f 476/699/785 469/701/771 477/702/774 484/700/786
s 118
f 485/703/787 486/704/788 494/705/789 493/706/790
f 486/704/788 487/707/791 495/708/792 494/705/789
f 487/707/791 488/709/793 496/710/794 495/708/792
f 488/709/793 489/711/795 497/712/796 496/710/794
f 489/711/795 490/713/797 498/714/798 497/712/796
f 490/713/797 491/715/799 499/716/800 498/714/798
f 491/715/799 492/717/801 500/718/802 499/716/800
f 492/717/801 485/719/787 493/720/790 500/718/802
s off
f 486/721/803 485/722/804 501/723/805
f 487/724/806 486/721/807 501/723/808
f 488/725/809 487/724/810 501/723/811
f 489/726/812 488/725/813 501/723/814
f 490/727/815 489/726/816 501/723/817
f 491/728/818 490/727/819 501/723/820
f 492/729/821 491/728/822 501/723/823
f 485/722/824 492/729/825 501/723/826
s 127
f 502/730/827 503/731/828 511/732/829 510/733/830
f 503/731/828 504/734/831 512/735/832 511/732/829
f 504/734/831 505/736/833 513/737/834 512/735/832
f 505/736/833 506/738/835 514/739/836 513/737/834
f 506/738/835 507/740/837 515/741/838 514/739/836
f 507/740/837 508/742/839 516/743/840 515/741/838
f 508/742/839 509/744/841 517/745/842 516/743/840
f 509/744/841 502/746/827 510/747/830 517/745/842
s 128
f 503/748/843 502/749/844 518/750/845
f 504/751/846 503/748/843 518/750/845
f 505/752/847 504/751/846 518/750/845
f 506/753/848 505/752/847 518/750/845
f 507/754/849 506/753/848 518/750/845
f 508/755/850 507/754/849 518/750/845
f 509/756/851 508/755/850 518/750/845
f 502/749/844 509/756/851 518/750/845
s off
f 519/757/852 524/758/853 523/759/854 522/760/855
f 525/761/856 524/758/857 519/757/858 520/762/859
f 526/763/860 525/761/861 520/762/862 521/764/863
f 523/765/864 526/763/865 521/764/866 522/766/867
f 527/767/868 532/768/869 531/769/870 530/770/871
f 533/771/872 532/768/873 527/767/874 528/772/875
f 534/773/876 533/771/877 528/772/878 529/774/879
f 531/775/880 534/773/881 529/774/882 530/776/883
s 137
f 535/777/884 536/778/885 544/779/886 543/780/887
f 536/778/885 537/781/888 545/782/889 544/779/886
f 537/781/888 538/783/890 546/784/891 545/782/889
f 538/783/890 539/785/892 547/786/893 546/784/891
f 539/785/892 540/787/894 548/788/895 547/786/893
f 540/787/894 541/789/896 549/790/897 548/788/895
f 541/789/896 542/791/898 550/792/899 549/790/897
f 542/791/898 535/793/884 543/794/887 550/792/899
s 138
f 551/795/900 552/796/901 438/797/902 437/798/903
f 552/796/901 553/799/904 439/800/905 438/797/902
f 553/799/904 554/801/906 440/802/907 439/800/905
f 554/801/906 555/803/908 441/804/909 440/802/907
f 555/803/908 556/805/910 442/806/911 441/804/909
f 556/805/910 557/807/912 443/808/913 442/806/911
f 557/807/912 558/809/914 444/810/915 443/808/913
f 558/809/914 551/811/900 437/812/903 444/810/915
s 139
f 559/813/916 560/814/917 446/815/918 445/816/919
f 560/814/917 561/817/920 447/818/921 446/815/918
f 561/817/920 562/819/922 448/820/923 447/818/921
f 562/819/922 563/821/924 449/822/925 448/820/923
f 563/821/924 564/823/926 450/824/927 449/822/925
f 564/823/926 565/825/928 451/826/929 450/824/927
f 565/825/928 566/827/930 452/828/931 451/826/929
f 566/827/930 559/829/916 445/830/919 452/828/931
s off
f 567/831/932 572/832/933 571/833/934 570/834/935
f 573/835/936 572/832/937 567/831/938 568/836/939
f 574/837/940 573/835/941 568/836/942 569/838/943
f 571/839/944 574/837/945 569/838/946 570/840/947
f 575/841/948 580/842/949 579/843/950 578/844/951
f 581/845/952 580/842/953 575/841/954 576/846/955
f 582/847/956 581/845/957 576/846/958 577/848/959
f 579/849/960 582/847/961 577/848/962 578/850/963
s 148
f 583/851/964 584/852/965 592/853/966 591/854/967
f 584/852/965 585/855/968 593/856/969 592/853/966
f 585/855/968 586/857/970 594/858/971 593/856/969
f 586/857/970 587/859/972 595/860/973 594/858/971
f 587/859/972 588/861/974 596/862/975 595/860/973
f 588/861/974 589/863/976 597/864/977 596/862/975
f 589/863/976 590/865/978 598/866/979 597/864/977
f 590/865/978 583/867/964 591/868/967 598/866/979
s 149
f 493/869/980 494/870/981 552/871/982 551/872/983
f 494/870/981 495/873/984 553/874/985 552/871/982
f 495/873/984 496/875/986 554/876/987 553/874/985
f 496/875/986 497/877/988 555/878/989 554/876/987
f 497/877/988 498/879/990 556/880/991 555/878/989
f 498/879/990 499/881/992 557/882/993 556/880/991
f 499/881/992 500/883/994 558/884/995 557/882/993
f 500/883/994 493/885/980 551/886/983 558/884/995
s 150
f 510/887/996 511/888/997 560/889/998 559/890/999
f 511/888/997 512/891/1000 561/892/1001 560/889/998
f 512/891/1000 513/893/1002 562/894/1003 561/892/1001
f 513/893/1002 514/895/1004 563/896/1005 562/894/1003
f 514/895/1004 515/897/1006 564/898/1007 563/896/1005
f 515/897/1006 516/899/1008 565/900/1009 564/898/1007
f 516/899/1008 517/901/1010 566/902/1011 565/900/1009
f 517/901/1010 510/903/996 559/904/999 566/902/1011
s off
f 599/905/1012 604/906/1013 603/907/1014 602/908/1015
f 605/909/1016 604/906/1017 599/905/1018 600/910/1019
f 606/911/1020 605/909/1021 600/910/1022 601/912/1023
f 603/913/1024 606/911/1025 601/912/1026 602/914/1027
f 607/915/1028 612/916/1029 611/917/1030 610/918/1031
f 613/919/1032 612/916/1033 607/915/1034 608/920/1035
f 614/921/1036 613/919/1037 608/920/1038 609/922/1039
f 611/923/1040 614/921/1041 609/922/1042 610/924/1043
s 159
f 615/925/1044 616/926/1045 624/927/1046 623/928/1047
f 616/926/1045 617/929/1048 625/930/1049 624/927/1046
f 617/929/1048 618/931/1050 626/932/1051 625/930/1049
f 618/931/1050 619/933/1052 627/934/1053 626/932/1051
f 619/933/1052 620/935/1054 628/936/1055 627/934/1053
f 620/935/1054 621/937/1056 629/938/1057 628/936/1055
f 621/937/1056 622/939/1058 630/940/1059 629/938/1057
f 622/939/1058 615/941/1044 623/942/1047 630/940/1059
s off
f 635/943/1060 636/944/1061 638/945/1062 637/946/1063
f 637/946/1064 631/947/1065 633/948/1066 635/943/1067
f 631/947/1068 632/949/1069 634/950/1070 633/948/1071
s 163
f 639/951/1072 640/952/1073 648/953/1074 647/954/1075
f 640/952/1073 641/955/1076 649/956/1077 648/953/1074
f 641/955/1076 642/957/1078 650/958/1079 649/956/1077
f 642/957/1078 643/959/1080 651/960/1081 650/958/1079
f 643/959/1080 644/961/1082 652/962/1083 651/960/1081
f 644/961/1082 645/963/1084 653/964/1085 652/962/1083
f 645/963/1084 646/965/1086 654/966/1087 653/964/1085
f 646/965/1086 639/967/1072 647/968/1075 654/966/1087
s 164
f 655/969/1088 656/970/1089 659/971/1090 658/972/1091
f 656/970/1089 657/973/1092 660/974/1093 659/971/1090
s 165
f 658/972/1094 659/971/1095 662/975/1096 661/976/1097
f 659/971/1095 660/974/1098 663/977/1099 662/975/1096
s 166
f 661/976/1100 662/975/1101 665/978/1102 664/979/1103
f 662/975/1101 663/977/1104 666/980/1105 665/981/1102
s 167
f 664/982/1106 665/983/1107 656/970/1108 655/969/1109
f 665/984/1107 666/985/1110 657/973/1111 656/970/1108
f 655/969/1109 668/986/1112 669/987/1113 664/988/1106
s 164
f 658/972/1091 667/989/1114 668/986/1115 655/969/1088
s 165
f 661/976/1097 670/990/1116 667/989/1117 658/972/1094
s 166
f 664/991/1103 669/992/1118 670/990/1119 661/976/1100
s 168
f 672/993/1120 688/994/1121 687/995/1122 671/996/1123
f 675/997/1124 687/995/1122 688/994/1121 676/998/1125
f 673/999/1126 689/1000/1127 688/994/1121 672/993/1120
f 676/998/1125 688/994/1121 689/1000/1127 677/1001/1128
f 674/1002/1129 690/1003/1130 689/1000/1127 673/999/1126
f 677/1001/1128 689/1000/1127 690/1003/1130 678/1004/1131
f 675/997/1124 676/998/1125 692/1005/1132 691/1006/1133
f 679/1007/1134 691/1006/1133 692/1005/1132 680/1008/1135
f 676/998/1125 677/1001/1128 693/1009/1136 692/1005/1132
f 680/1008/1135 692/1005/1132 693/1009/1136 681/1010/1137
f 677/1001/1128 678/1004/1131 694/1011/1138 693/1009/1136
f 681/1010/1137 693/1009/1136 694/1011/1138 682/1012/1139
f 679/1007/1134 680/1008/1135 696/1013/1140 695/1014/1141
f 683/1015/1142 695/1014/1141 696/1013/1140 684/1016/1143
f 680/1008/1135 681/1010/1137 697/1017/1144 696/1013/1140
f 684/1016/1143 696/1013/1140 697/1017/1144 685/1018/1145
f 681/1010/1137 682/1012/1139 698/1019/1146 697/1017/1144
f 685/1018/1145 697/1017/1144 698/1019/1146 686/1020/1147
f 683/1015/1142 684/1016/1143 700/1021/1148 699/1022/1149
f 672/1023/1120 671/1024/1123 699/1022/1149 700/1021/1148
f 684/1016/1143 685/1018/1145 701/1025/1150 700/1021/1148
f 673/1026/1126 672/1023/1120 700/1021/1148 701/1025/1150
f 685/1018/1145 686/1020/1147 702/1027/1151 701/1025/1150
f 674/1028/1129 673/1026/1126 701/1025/1150 702/1027/1151
s off
f 703/1029/1152 704/1030/1153 706/1031/1154 705/1032/1155
f 707/1033/1156 708/1034/1157 710/1035/1158 709/1036/1159
f 704/1030/1160 710/1037/1161 708/1038/1162 706/1031/1163
f 709/1036/1164 703/1029/1165 705/1032/1166 707/1033/1167
s 173
f 711/1039/1168 712/1040/1169 720/1041/1170 719/1042/1171
f 712/1040/1169 713/1043/1172 721/1044/1173 720/1041/1170
f 713/1043/1172 714/1045/1174 722/1046/1175 721/1044/1173
f 714/1045/1174 715/1047/1176 723/1048/1177 722/1046/1175
f 715/1047/1176 716/1049/1178 724/1050/1179 723/1048/1177
f 716/1049/1178 717/1051/1180 725/1052/1181 724/1050/1179
f 717/1051/1180 718/1053/1182 726/1054/1183 725/1052/1181
f 718/1053/1182 711/1055/1168 719/1056/1171 726/1054/1183
s 174
f 727/1057/1184 735/1058/1185 736/1059/1186 728/1060/1187
f 728/1061/1187 736/1062/1186 737/1063/1188 729/1064/1189
f 729/1064/1189 737/1063/1188 738/1065/1190 730/1066/1191
f 730/1066/1191 738/1065/1190 739/1067/1192 731/1068/1193
f 731/1068/1193 739/1067/1192 740/1069/1194 732/1070/1195
f 732/1070/1195 740/1069/1194 741/1071/1196 733/1072/1197
f 733/1072/1197 741/1071/1196 742/1073/1198 734/1074/1199
f 734/1074/1199 742/1073/1198 735/1058/1185 727/1057/1184
f 735/1058/1185 743/1075/1200 744/1076/1201 736/1059/1186
f 736/1062/1186 744/1077/1201 745/1078/1202 737/1063/1188
f 737/1063/1188 745/1078/1202 746/1079/1203 738/1065/1190
f 738/1065/1190 746/1079/1203 747/1080/1204 739/1067/1192
f 739/1067/1192 747/1080/1204 748/1081/1205 740/1069/1194
f 740/1069/1194 748/1081/1205 749/1082/1206 741/1071/1196
f 741/1071/1196 749/1082/1206 750/1083/1207 742/1073/1198
f 742/1073/1198 750/1083/1207 743/1075/1200 735/1058/1185
f 743/1075/1200 751/1084/1208 752/1085/1209 744/1076/1201
f 744/1077/1201 752/1086/1209 753/1087/1210 745/1078/1202
f 745/1078/1202 753/1087/1210 754/1088/1211 746/1079/1203
f 746/1079/1203 754/1088/1211 755/1089/1212 747/1080/1204
f 747/1080/1204 755/1089/1212 756/1090/1213 748/1081/1205
f 748/1081/1205 756/1090/1213 757/1091/1214 749/1082/1206
f 749/1082/1206 757/1091/1214 758/1092/1215 750/1083/1207
f 750/1083/1207 758/1092/1215 751/1084/1208 743/1075/1200
f 751/1084/1208 759/1093/1216 760/1094/1217 752/1085/1209
f 752/1086/1209 760/1095/1217 761/1096/1218 753/1087/1210
f 753/1087/1210 761/1096/1218 762/1097/1219 754/1088/1211
f 754/1088/1211 762/1097/1219 763/1098/1220 755/1089/1212
f 755/1089/1212 763/1098/1220 764/1099/1221 756/1090/1213
f 756/1090/1213 764/1099/1221 765/1100/1222 757/1091/1214
f 757/1091/1214 765/1100/1222 766/1101/1223 758/1092/1215
f 758/1092/1215 766/1101/1223 759/1093/1216 751/1084/1208
f 759/1093/1216 767/1102/1224 768/1103/1225 760/1094/1217
f 760/1095/1217 768/1104/1225 769/1105/1226 761/1096/1218
f 761/1096/1218 769/1105/1226 770/1106/1227 762/1097/1219
f 762/1097/1219 770/1106/1227 771/1107/1228 763/1098/1220
f 763/1098/1220 771/1107/1228 772/1108/1229 764/1099/1221
f 764/1099/1221 772/1108/1229 773/1109/1230 765/1100/1222
f 765/1100/1222 773/1109/1230 774/1110/1231 766/1101/1223
f 766/1101/1223 774/1110/1231 767/1102/1224 759/1093/1216
f 767/1102/1224 775/1111/1232 776/1112/1233 768/1103/1225
f 768/1104/1225 776/1113/1233 777/1114/1234 769/1105/1226
f 769/1105/1226 777/1114/1234 778/1115/1235 770/1106/1227
f 770/1106/1227 778/1115/1235 779/1116/1236 771/1107/1228
f 771/1107/1228 779/1116/1236 780/1117/1237 772/1108/1229
f 772/1108/1229 780/1117/1237 781/1118/1238 773/1109/1230
f 773/1109/1230 781/1118/1238 782/1119/1239 774/1110/1231
f 774/1110/1231 782/1119/1239 775/1111/1232 767/1102/1224
f 775/1111/1232 783/1120/1240 784/1121/1241 776/1112/1233
f 776/1113/1233 784/1122/1241 785/1123/1242 777/1114/1234
f 777/1114/1234 785/1123/1242 786/1124/1243 778/1115/1235
f 778/1115/1235 786/1124/1243 787/1125/1244 779/1116/1236
f 779/1116/1236 787/1125/1244 788/1126/1245 780/1117/1237
f 780/1117/1237 788/1126/1245 789/1127/1246 781/1118/1238
f 781/1118/1238 789/1127/1246 790/1128/1247 782/1119/1239
f 782/1119/1239 790/1128/1247 783/1120/1240 775/1111/1232
f 783/1129/1240 791/1130/1248 792/1131/1249 784/1132/1241
f 784/1132/1241 792/1131/1249 793/1133/1250 785/1134/1242
f 785/1134/1242 793/1133/1250 794/1135/1251 786/1136/1243
f 786/1136/1243 794/1135/1251 795/1137/1252 787/1138/1244
f 787/1138/1244 795/1137/1252 796/1139/1253 788/1140/1245
f 788/1140/1245 796/1139/1253 797/1141/1254 789/1142/1246
f 789/1142/1246 797/1141/1254 798/1143/1255 790/1144/1247
f 790/1144/1247 798/1143/1255 791/1130/1248 783/1129/1240
f 791/1130/1248 799/1145/1256 792/1131/1249
f 792/1131/1249 799/1145/1256 793/1133/1250
f 793/1133/1250 799/1145/1256 794/1135/1251
f 794/1135/1251 799/1145/1256 795/1137/1252
f 795/1137/1252 799/1145/1256 796/1139/1253
f 796/1139/1253 799/1145/1256 797/1141/1254
f 797/1141/1254 799/1145/1256 798/1143/1255
f 798/1143/1255 799/1145/1256 791/1130/1248
s 175
f 800/1146/1257 808/1147/1258 809/1148/1259 801/1149/1260
f 801/1150/1260 809/1151/1259 810/1152/1261 802/1153/1262
f 802/1153/1262 810/1152/1261 811/1154/1263 803/1155/1264
f 803/1155/1264 811/1154/1263 812/1156/1265 804/1157/1266
f 804/1157/1266 812/1156/1265 813/1158/1267 805/1159/1268
f 805/1159/1268 813/1158/1267 814/1160/1269 806/1161/1270
f 806/1161/1270 814/1160/1269 815/1162/1271 807/1163/1272
f 807/1163/1272 815/1162/1271 808/1147/1258 800/1146/1257
f 808/1147/1258 816/1164/1273 817/1165/1274 809/1148/1259
f 809/1151/1259 817/1166/1274 818/1167/1275 810/1152/1261
f 810/1152/1261 818/1167/1275 819/1168/1276 811/1154/1263
f 811/1154/1263 819/1168/1276 820/1169/1277 812/1156/1265
f 812/1156/1265 820/1169/1277 821/1170/1278 813/1158/1267
f 813/1158/1267 821/1170/1278 822/1171/1279 814/1160/1269
f 814/1160/1269 822/1171/1279 823/1172/1280 815/1162/1271
f 815/1162/1271 823/1172/1280 816/1164/1273 808/1147/1258
f 816/1164/1273 824/1173/1281 825/1174/1282 817/1165/1274
f 817/1166/1274 825/1175/1282 826/1176/1283 818/1167/1275
f 818/1167/1275 826/1176/1283 827/1177/1284 819/1168/1276
f 819/1168/1276 827/1177/1284 828/1178/1285 820/1169/1277
f 820/1169/1277 828/1178/1285 829/1179/1286 821/1170/1278
f 821/1170/1278 829/1179/1286 830/1180/1287 822/1171/1279
f 822/1171/1279 830/1180/1287 831/1181/1288 823/1172/1280
f 823/1172/1280 831/1181/1288 824/1173/1281 816/1164/1273
f 824/1173/1281 832/1182/1289 833/1183/1290 825/1174/1282
f 825/1175/1282 833/1184/1290 834/1185/1291 826/1176/1283
f 826/1176/1283 834/1185/1291 835/1186/1292 827/1177/1284
f 827/1177/1284 835/1186/1292 836/1187/1293 828/1178/1285
f 828/1178/1285 836/1187/1293 837/1188/1294 829/1179/1286
f 829/1179/1286 837/1188/1294 838/1189/1295 830/1180/1287
f 830/1180/1287 838/1189/1295 839/1190/1296 831/1181/1288
f 831/1181/1288 839/1190/1296 832/1182/1289 824/1173/1281
f 832/1182/1289 840/1191/1297 841/1192/1298 833/1183/1290
f 833/1184/1290 841/1193/1298 842/1194/1299 834/1185/1291
f 834/1185/1291 842/1194/1299 843/1195/1300 835/1186/1292
f 835/1186/1292 843/1195/1300 844/1196/1301 836/1187/1293
f 836/1187/1293 844/1196/1301 845/1197/1302 837/1188/1294
f 837/1188/1294 845/1197/1302 846/1198/1303 838/1189/1295
f 838/1189/1295 846/1198/1303 847/1199/1304 839/1190/1296
f 839/1190/1296 847/1199/1304 840/1191/1297 832/1182/1289
f 840/1191/1297 848/1200/1305 849/1201/1306 841/1192/1298
f 841/1193/1298 849/1202/1306 850/1203/1307 842/1194/1299
f 842/1194/1299 850/1203/1307 851/1204/1308 843/1195/1300
f 843/1195/1300 851/1204/1308 852/1205/1309 844/1196/1301
f 844/1196/1301 852/1205/1309 853/1206/1310 845/1197/1302
f 845/1197/1302 853/1206/1310 854/1207/1311 846/1198/1303
f 846/1198/1303 854/1207/1311 855/1208/1312 847/1199/1304
f 847/1199/1304 855/1208/1312 848/1200/1305 840/1191/1297
f 848/1200/1305 856/1209/1313 857/1210/1314 849/1201/1306
f 849/1202/1306 857/1211/1314 858/1212/1315 850/1203/1307
f 850/1203/1307 858/1212/1315 859/1213/1316 851/1204/1308
f 851/1204/1308 859/1213/1316 860/1214/1317 852/1205/1309
f 852/1205/1309 860/1214/1317 861/1215/1318 853/1206/1310
f 853/1206/1310 861/1215/1318 862/1216/1319 854/1207/1311
f 854/1207/1311 862/1216/1319 863/1217/1320 855/1208/1312
f 855/1208/1312 863/1217/1320 856/1209/1313 848/1200/1305
f 856/1218/1313 864/1219/1321 865/1220/1322 857/1221/1314
f 857/1221/1314 865/1220/1322 866/1222/1323 858/1223/1315
f 858/1223/1315 866/1222/1323 867/1224/1324 859/1225/1316
f 859/1225/1316 867/1224/1324 868/1226/1325 860/1227/1317
f 860/1227/1317 868/1226/1325 869/1228/1326 861/1229/1318
f 861/1229/1318 869/1228/1326 870/1230/1327 862/1231/1319
f 862/1231/1319 870/1230/1327 871/1232/1328 863/1233/1320
f 863/1233/1320 871/1232/1328 864/1219/1321 856/1218/1313
f 864/1219/1321 872/1234/1329 865/1220/1322
f 865/1220/1322 872/1234/1329 866/1222/1323
f 866/1222/1323 872/1234/1329 867/1224/1324
f 867/1224/1324 872/1234/1329 868/1226/1325
f 868/1226/1325 872/1234/1329 869/1228/1326
f 869/1228/1326 872/1234/1329 870/1230/1327
f 870/1230/1327 872/1234/1329 871/1232/1328
f 871/1232/1328 872/1234/1329 864/1219/1321
s 176
f 873/1235/1330 874/1236/1331 877/1237/1332 876/1238/1333
f 874/1236/1331 875/1239/1334 878/1240/1335 877/1237/1332
s 177
f 876/1238/1336 877/1237/1337 880/1241/1338 879/1242/1339
f 877/1237/1337 878/1240/1340 881/1243/1341 880/1241/1338
s 178
f 879/1242/1342 880/1241/1343 883/1244/1344 882/1245/1345
f 880/1241/1343 881/1243/1346 884/1246/1347 883/1247/1344
s 179
f 882/1248/1348 883/1249/1349 874/1236/1350 873/1235/1351
f 883/1250/1349 884/1251/1352 875/1239/1353 874/1236/1350
s off
f 885/1252/1354 886/1253/1355 887/1254/1356 888/1255/1357
s 179
f 873/1235/1351 886/1256/1358 885/1257/1359 882/1258/1348
s 176
f 876/1238/1333 887/1259/1360 886/1256/1361 873/1235/1330
s 177
f 879/1242/1339 888/1260/1362 887/1259/1363 876/1238/1336
s 178
f 882/1261/1345 885/1262/1364 888/1260/1365 879/1242/1342
s 181
f 889/1263/1366 890/1264/1367 911/1265/1368 912/1266/1369
f 890/1264/1367 891/1267/1370 910/1268/1371 911/1265/1368
s 182
f 892/1269/1372 893/1270/1373 896/1271/1374 895/1272/1375
f 893/1270/1373 894/1273/1376 897/1274/1377 896/1271/1374
s 183
f 907/1275/1378 908/1276/1379 899/1277/1380 898/1278/1381
f 908/1279/1379 909/1280/1382 900/1281/1383 899/1282/1380
s 184
f 898/1283/1384 899/1284/1385 890/1264/1386 889/1263/1387
f 899/1285/1385 900/1286/1388 891/1267/1389 890/1264/1386
s 185
f 901/1287/1390 902/1288/1391 905/1289/1392 906/1290/1393
s 184
f 889/1263/1387 902/1291/1394 901/1292/1395 898/1293/1384
s 181
f 912/1266/1369 905/1294/1396 902/1291/1397 889/1263/1366
s 182
f 895/1272/1375 904/1295/1398 903/1296/1399 892/1269/1372
s 183
f 898/1297/1381 901/1298/1400 906/1299/1401 907/1300/1378
s 185
f 906/1290/1393 905/1289/1392 903/1301/1402 904/1302/1403
s 183
f 907/1300/1378 906/1299/1401 904/1295/1404 895/1272/1405
f 895/1272/1405 896/1271/1406 908/1276/1379 907/1275/1378
f 896/1271/1406 897/1274/1407 909/1280/1382 908/1279/1379
s 181
f 911/1265/1368 910/1268/1371 894/1273/1408 893/1270/1409
f 912/1266/1369 911/1265/1368 893/1270/1409 892/1269/1410
f 892/1269/1410 903/1296/1411 905/1294/1396 912/1266/1369
s 186
f 913/1303/1412 914/1304/1413 922/1305/1414 921/1306/1415
f 914/1304/1413 915/1307/1416 923/1308/1417 922/1305/1414
f 915/1307/1416 916/1309/1418 924/1310/1419 923/1308/1417
f 916/1309/1418 917/1311/1420 925/1312/1421 924/1310/1419
f 917/1311/1420 918/1313/1422 926/1314/1423 925/1312/1421
f 918/1313/1422 919/1315/1424 927/1316/1425 926/1314/1423
f 919/1315/1424 920/1317/1426 928/1318/1427 927/1316/1425
f 920/1317/1426 913/1319/1412 921/1320/1415 928/1318/1427
s 187
f 929/1321/1428 930/1322/1429 933/1323/1430 932/1324/1431
f 930/1322/1429 931/1325/1432 934/1326/1433 933/1323/1430
s 188
f 932/1324/1434 933/1323/1435 936/1327/1436 935/1328/1437
f 933/1323/1435 934/1326/1438 937/1329/1439 936/1327/1436
s 189
f 935/1328/1440 936/1327/1441 939/1330/1442 938/1331/1443
f 936/1327/1441 937/1329/1444 940/1332/1445 939/1333/1442
s 190
f 938/1334/1446 939/1335/1447 930/1322/1448 929/1321/1449
f 939/1336/1447 940/1337/1450 931/1325/1451 930/1322/1448
f 929/1321/1449 942/1338/1452 943/1339/1453 938/1340/1446
s 187
f 932/1324/1431 941/1341/1454 942/1338/1455 929/1321/1428
s 188
f 935/1328/1437 944/1342/1456 941/1341/1457 932/1324/1434
s 189
f 938/1343/1443 943/1344/1458 944/1342/1459 935/1328/1440
s 191
f 946/1345/1460 962/1346/1461 961/1347/1462 945/1348/1463
f 949/1349/1464 961/1347/1462 962/1346/1461 950/1350/1465
f 947/1351/1466 963/1352/1467 962/1346/1461 946/1345/1460
f 950/1350/1465 962/1346/1461 963/1352/1467 951/1353/1468
f 948/1354/1469 964/1355/1470 963/1352/1467 947/1351/1466
f 951/1353/1468 963/1352/1467 964/1355/1470 952/1356/1471
f 949/1349/1464 950/1350/1465 966/1357/1472 965/1358/1473
f 953/1359/1474 965/1358/1473 966/1357/1472 954/1360/1475
f 950/1350/1465 951/1353/1468 967/1361/1476 966/1357/1472
f 954/1360/1475 966/1357/1472 967/1361/1476 955/1362/1477
f 951/1353/1468 952/1356/1471 968/1363/1478 967/1361/1476
f 955/1362/1477 967/1361/1476 968/1363/1478 956/1364/1479
f 953/1359/1474 954/1360/1475 970/1365/1480 969/1366/1481
f 957/1367/1482 969/1366/1481 970/1365/1480 958/1368/1483
f 954/1360/1475 955/1362/1477 971/1369/1484 970/1365/1480
f 958/1368/1483 970/1365/1480 971/1369/1484 959/1370/1485
f 955/1362/1477 956/1364/1479 972/1371/1486 971/1369/1484
f 959/1370/1485 971/1369/1484 972/1371/1486 960/1372/1487
f 957/1367/1482 958/1368/1483 974/1373/1488 973/1374/1489
f 946/1375/1460 945/1376/1463 973/1374/1489 974/1373/1488
f 958/1368/1483 959/1370/1485 975/1377/1490 974/1373/1488
f 947/1378/1466 946/1375/1460 974/1373/1488 975/1377/1490
f 959/1370/1485 960/1372/1487 976/1379/1491 975/1377/1490
f 948/1380/1469 947/1378/1466 975/1377/1490 976/1379/1491
s off
f 977/1381/1492 978/1382/1493 980/1383/1494 979/1384/1495
f 981/1385/1496 982/1386/1497 984/1387/1498 983/1388/1499
f 978/1382/1500 984/1389/1501 982/1390/1502 980/1383/1503
f 983/1388/1504 977/1381/1505 979/1384/1506 981/1385/1507
s 196
f 985/1391/1508 986/1392/1509 994/1393/1510 993/1394/1511
f 986/1392/1509 987/1395/1512 995/1396/1513 994/1393/1510
f 987/1395/1512 988/1397/1514 996/1398/1515 995/1396/1513
f 988/1397/1514 989/1399/1516 997/1400/1517 996/1398/1515
f 989/1399/1516 990/1401/1518 998/1402/1519 997/1400/1517
f 990/1401/1518 991/1403/1520 999/1404/1521 998/1402/1519
f 991/1403/1520 992/1405/1522 1000/1406/1523 999/1404/1521
f 992/1405/1522 985/1407/1508 993/1408/1511 1000/1406/1523
s 197
f 1001/1409/1524 1009/1410/1525 1010/1411/1526 1002/1412/1527
f 1002/1413/1527 1010/1414/1526 1011/1415/1528 1003/1416/1529
f 1003/1416/1529 1011/1415/1528 1012/1417/1530 1004/1418/1531
f 1004/1418/1531 1012/1417/1530 1013/1419/1532 1005/1420/1533
f 1005/1420/1533 1013/1419/1532 1014/1421/1534 1006/1422/1535
f 1006/1422/1535 1014/1421/1534 1015/1423/1536 1007/1424/1537
f 1007/1424/1537 1015/1423/1536 1016/1425/1538 1008/1426/1539
f 1008/1426/1539 1016/1425/1538 1009/1410/1525 1001/1409/1524
f 1009/1410/1525 1017/1427/1540 1018/1428/1541 1010/1411/1526
f 1010/1414/1526 1018/1429/1541 1019/1430/1542 1011/1415/1528
f 1011/1415/1528 1019/1430/1542 1020/1431/1543 1012/1417/1530
f 1012/1417/1530 1020/1431/1543 1021/1432/1544 1013/1419/1532
f 1013/1419/1532 1021/1432/1544 1022/1433/1545 1014/1421/1534
f 1014/1421/1534 1022/1433/1545 1023/1434/1546 1015/1423/1536
f 1015/1423/1536 1023/1434/1546 1024/1435/1547 1016/1425/1538
f 1016/1425/1538 1024/1435/1547 1017/1427/1540 1009/1410/1525
f 1017/1427/1540 1025/1436/1548 1026/1437/1549 1018/1428/1541
f 1018/1429/1541 1026/1438/1549 1027/1439/1550 1019/1430/1542
f 1019/1430/1542 1027/1439/1550 1028/1440/1551 1020/1431/1543
f 1020/1431/1543 1028/1440/1551 1029/1441/1552 1021/1432/1544
f 1021/1432/1544 1029/1441/1552 1030/1442/1553 1022/1433/1545
f 1022/1433/1545 1030/1442/1553 1031/1443/1554 1023/1434/1546
f 1023/1434/1546 1031/1443/1554 1032/1444/1555 1024/1435/1547
f 1024/1435/1547 1032/1444/1555 1025/1436/1548 1017/1427/1540
f 1025/1436/1548 1033/1445/1556 1034/1446/1557 1026/1437/1549
f 1026/1438/1549 1034/1447/1557 1035/1448/1558 1027/1439/1550
f 1027/1439/1550 1035/1448/1558 1036/1449/1559 1028/1440/1551
f 1028/1440/1551 1036/1449/1559 1037/1450/1560 1029/1441/1552
f 1029/1441/1552 1037/1450/1560 1038/1451/1561 1030/1442/1553
f 1030/1442/1553 1038/1451/1561 1039/1452/1562 1031/1443/1554
f 1031/1443/1554 1039/1452/1562 1040/1453/1563 1032/1444/1555
f 1032/1444/1555 1040/1453/1563 1033/1445/1556 1025/1436/1548
f 1033/1445/1556 1041/1454/1564 1042/1455/1565 1034/1446/1557
f 1034/1447/1557 1042/1456/1565 1043/1457/1566 1035/1448/1558
f 1035/1448/1558 1043/1457/1566 1044/1458/1567 1036/1449/1559
f 1036/1449/1559 1044/1458/1567 1045/1459/1568 1037/1450/1560
f 1037/1450/1560 1045/1459/1568 1046/1460/1569 1038/1451/1561
f 1038/1451/1561 1046/1460/1569 1047/1461/1570 1039/1452/1562
f 1039/1452/1562 1047/1461/1570 1048/1462/1571 1040/1453/1563
f 1040/1453/1563 1048/1462/1571 1041/1454/1564 1033/1445/1556
f 1041/1454/1564 1049/1463/1572 1050/1464/1573 1042/1455/1565
f 1042/1456/1565 1050/1465/1573 1051/1466/1574 1043/1457/1566
f 1043/1457/1566 1051/1466/1574 1052/1467/1575 1044/1458/1567
f 1044/1458/1567 1052/1467/1575 1053/1468/1576 1045/1459/1568
f 1045/1459/1568 1053/1468/1576 1054/1469/1577 1046/1460/1569
f 1046/1460/1569 1054/1469/1577 1055/1470/1578 1047/1461/1570
f 1047/1461/1570 1055/1470/1578 1056/1471/1579 1048/1462/1571
f 1048/1462/1571 1056/1471/1579 1049/1463/1572 1041/1454/1564
f 1049/1463/1572 1057/1472/1580 1058/1473/1581 1050/1464/1573
f 1050/1465/1573 1058/1474/1581 1059/1475/1582 1051/1466/1574
f 1051/1466/1574 1059/1475/1582 1060/1476/1583 1052/1467/1575
f 1052/1467/1575 1060/1476/1583 1061/1477/1584 1053/1468/1576
f 1053/1468/1576 1061/1477/1584 1062/1478/1585 1054/1469/1577
f 1054/1469/1577 1062/1478/1585 1063/1479/1586 1055/1470/1578
f 1055/1470/1578 1063/1479/1586 1064/1480/1587 1056/1471/1579
f 1056/1471/1579 1064/1480/1587 1057/1472/1580 1049/1463/1572
f 1057/1481/1580 1065/1482/1588 1066/1483/1589 1058/1484/1581
f 1058/1484/1581 1066/1483/1589 1067/1485/1590 1059/1486/1582
f 1059/1486/1582 1067/1485/1590 1068/1487/1591 1060/1488/1583
f 1060/1488/1583 1068/1487/1591 1069/1489/1592 1061/1490/1584
f 1061/1490/1584 1069/1489/1592 1070/1491/1593 1062/1492/1585
f 1062/1492/1585 1070/1491/1593 1071/1493/1594 1063/1494/1586
f 1063/1494/1586 1071/1493/1594 1072/1495/1595 1064/1496/1587
f 1064/1496/1587 1072/1495/1595 1065/1482/1588 1057/1481/1580
f 1065/1482/1588 1073/1497/1596 1066/1483/1589
f 1066/1483/1589 1073/1497/1596 1067/1485/1590
f 1067/1485/1590 1073/1497/1596 1068/1487/1591
f 1068/1487/1591 1073/1497/1596 1069/1489/1592
f 1069/1489/1592 1073/1497/1596 1070/1491/1593
f 1070/1491/1593 1073/1497/1596 1071/1493/1594
f 1071/1493/1594 1073/1497/1596 1072/1495/1595
f 1072/1495/1595 1073/1497/1596 1065/1482/1588
s 198
f 1074/1498/1597 1082/1499/1598 1083/1500/1599 1075/1501/1600
f 1075/1502/1600 1083/1503/1599 1084/1504/1601 1076/1505/1602
f 1076/1505/1602 1084/1504/1601 1085/1506/1603 1077/1507/1604
f 1077/1507/1604 1085/1506/1603 1086/1508/1605 1078/1509/1606
f 1078/1509/1606 1086/1508/1605 1087/1510/1607 1079/1511/1608
f 1079/1511/1608 1087/1510/1607 1088/1512/1609 1080/1513/1610
f 1080/1513/1610 1088/1512/1609 1089/1514/1611 1081/1515/1612
f 1081/1515/1612 1089/1514/1611 1082/1499/1598 1074/1498/1597
f 1082/1499/1598 1090/1516/1613 1091/1517/1614 1083/1500/1599
f 1083/1503/1599 1091/1518/1614 1092/1519/1615 1084/1504/1601
f 1084/1504/1601 1092/1519/1615 1093/1520/1616 1085/1506/1603
f 1085/1506/1603 1093/1520/1616 1094/1521/1617 1086/1508/1605
f 1086/1508/1605 1094/1521/1617 1095/1522/1618 1087/1510/1607
f 1087/1510/1607 1095/1522/1618 1096/1523/1619 1088/1512/1609
f 1088/1512/1609 1096/1523/1619 1097/1524/1620 1089/1514/1611
f 1089/1514/1611 1097/1524/1620 1090/1516/1613 1082/1499/1598
f 1090/1516/1613 1098/1525/1621 1099/1526/1622 1091/1517/1614
f 1091/1518/1614 1099/1527/1622 1100/1528/1623 1092/1519/1615
f 1092/1519/1615 1100/1528/1623 1101/1529/1624 1093/1520/1616
f 1093/1520/1616 1101/1529/1624 1102/1530/1625 1094/1521/1617
f 1094/1521/1617 1102/1530/1625 1103/1531/1626 1095/1522/1618
f 1095/1522/1618 1103/1531/1626 1104/1532/1627 1096/1523/1619
f 1096/1523/1619 1104/1532/1627 1105/1533/1628 1097/1524/1620
f 1097/1524/1620 1105/1533/1628 1098/1525/1621 1090/1516/1613
f 1098/1525/1621 1106/1534/1629 1107/1535/1630 1099/1526/1622
f 1099/1527/1622 1107/1536/1630 1108/1537/1631 1100/1528/1623
f 1100/1528/1623 1108/1537/1631 1109/1538/1632 1101/1529/1624
f 1101/1529/1624 1109/1538/1632 1110/1539/1633 1102/1530/1625
f 1102/1530/1625 1110/1539/1633 1111/1540/1634 1103/1531/1626
f 1103/1531/1626 1111/1540/1634 1112/1541/1635 1104/1532/1627
f 1104/1532/1627 1112/1541/1635 1113/1542/1636 1105/1533/1628
f 1105/1533/1628 1113/1542/1636 1106/1534/1629 1098/1525/1621
f 1106/1534/1629 1114/1543/1637 1115/1544/1638 1107/1535/1630
f 1107/1536/1630 1115/1545/1638 1116/1546/1639 1108/1537/1631
f 1108/1537/1631 1116/1546/1639 1117/1547/1640 1109/1538/1632
f 1109/1538/1632 1117/1547/1640 1118/1548/1641 1110/1539/1633
f 1110/1539/1633 1118/1548/1641 1119/1549/1642 1111/1540/1634
f 1111/1540/1634 1119/1549/1642 1120/1550/1643 1112/1541/1635
f 1112/1541/1635 1120/1550/1643 1121/1551/1644 1113/1542/1636
f 1113/1542/1636 1121/1551/1644 1114/1543/1637 1106/1534/1629
f 1114/1543/1637 1122/1552/1645 1123/1553/1646 1115/1544/1638
f 1115/1545/1638 1123/1554/1646 1124/1555/1647 1116/1546/1639
f 1116/1546/1639 1124/1555/1647 1125/1556/1648 1117/1547/1640
f 1117/1547/1640 1125/1556/1648 1126/1557/1649 1118/1548/1641
f 1118/1548/1641 1126/1557/1649 1127/1558/1650 1119/1549/1642
f 1119/1549/1642 1127/1558/1650 1128/1559/1651 1120/1550/1643
f 1120/1550/1643 1128/1559/1651 1129/1560/1652 1121/1551/1644
f 1121/1551/1644 1129/1560/1652 1122/1552/1645 1114/1543/1637
f 1122/1552/1645 1130/1561/1653 1131/1562/1654 1123/1553/1646
f 1123/1554/1646 1131/1563/1654 1132/1564/1655 1124/1555/1647
f 1124/1555/1647 1132/1564/1655 1133/1565/1656 1125/1556/1648
f 1125/1556/1648 1133/1565/1656 1134/1566/1657 1126/1557/1649
f 1126/1557/1649 1134/1566/1657 1135/1567/1658 1127/1558/1650
f 1127/1558/1650 1135/1567/1658 1136/1568/1659 1128/1559/1651
f 1128/1559/1651 1136/1568/1659 1137/1569/1660 1129/1560/1652
f 1129/1560/1652 1137/1569/1660 1130/1561/1653 1122/1552/1645
f 1130/1570/1653 1138/1571/1661 1139/1572/1662 1131/1573/1654
f 1131/1573/1654 1139/1572/1662 1140/1574/1663 1132/1575/1655
f 1132/1575/1655 1140/1574/1663 1141/1576/1664 1133/1577/1656
f 1133/1577/1656 1141/1576/1664 1142/1578/1665 1134/1579/1657
f 1134/1579/1657 1142/1578/1665 1143/1580/1666 1135/1581/1658
f 1135/1581/1658 1143/1580/1666 1144/1582/1667 1136/1583/1659
f 1136/1583/1659 1144/1582/1667 1145/1584/1668 1137/1585/1660
f 1137/1585/1660 1145/1584/1668 1138/1571/1661 1130/1570/1653
f 1138/1571/1661 1146/1586/1669 1139/1572/1662
f 1139/1572/1662 1146/1586/1669 1140/1574/1663
f 1140/1574/1663 1146/1586/1669 1141/1576/1664
f 1141/1576/1664 1146/1586/1669 1142/1578/1665
f 1142/1578/1665 1146/1586/1669 1143/1580/1666
f 1143/1580/1666 1146/1586/1669 1144/1582/1667
f 1144/1582/1667 1146/1586/1669 1145/1584/1668
f 1145/1584/1668 1146/1586/1669 1138/1571/1661
s off
f 1151/1587/1670 1152/1588/1671 1154/1589/1672 1153/1590/1673
f 1153/1590/1674 1147/1591/1675 1149/1592/1676 1151/1587/1677
f 1147/1591/1678 1148/1593/1679 1150/1594/1680 1149/1592/1681
s 202
f 1155/1595/1682 1156/1596/1683 1159/1597/1684 1158/1598/1685
f 1156/1596/1683 1157/1599/1686 1160/1600/1687 1159/1597/1684
s 203
f 1158/1598/1688 1159/1597/1689 1162/1601/1690 1161/1602/1691
f 1159/1597/1689 1160/1600/1692 1163/1603/1693 1162/1601/1690
s 204
f 1161/1602/1694 1162/1601/1695 1165/1604/1696 1164/1605/1697
f 1162/1601/1695 1163/1603/1698 1166/1606/1699 1165/1607/1696
s 205
f 1164/1608/1700 1165/1609/1701 1156/1596/1702 1155/1595/1703
f 1165/1610/1701 1166/1611/1704 1157/1599/1705 1156/1596/1702
s off
f 1167/1612/1706 1168/1613/1707 1169/1614/1708 1170/1615/1709
s 205
f 1155/1595/1703 1168/1616/1710 1167/1617/1711 1164/1618/1700
s 202
f 1158/1598/1685 1169/1619/1712 1168/1616/1713 1155/1595/1682
s 203
f 1161/1602/1691 1170/1620/1714 1169/1619/1715 1158/1598/1688
s 204
f 1164/1621/1697 1167/1622/1716 1170/1620/1717 1161/1602/1694
s 207
f 1171/1623/1718 1172/1624/1719 1193/1625/1720 1194/1626/1721
f 1172/1624/1719 1173/1627/1722 1192/1628/1723 1193/1625/1720
s 208
f 1174/1629/1724 1175/1630/1725 1178/1631/1726 1177/1632/1727
f 1175/1630/1725 1176/1633/1728 1179/1634/1729 1178/1631/1726
s 209
f 1189/1635/1730 1190/1636/1731 1181/1637/1732 1180/1638/1733
f 1190/1639/1731 1191/1640/1734 1182/1641/1735 1181/1642/1732
s 210
f 1180/1643/1736 1181/1644/1737 1172/1624/1738 1171/1623/1739
f 1181/1645/1737 1182/1646/1740 1173/1627/1741 1172/1624/1738
s 211
f 1183/1647/1742 1184/1648/1743 1187/1649/1744 1188/1650/1745
s 210
f 1171/1623/1739 1184/1651/1746 1183/1652/1747 1180/1653/1736
s 207
f 1194/1626/1721 1187/1654/1748 1184/1651/1749 1171/1623/1718
s 208
f 1177/1632/1727 1186/1655/1750 1185/1656/1751 1174/1629/1724
s 209
f 1180/1657/1733 1183/1658/1752 1188/1659/1753 1189/1660/1730
s 211
f 1188/1650/1745 1187/1649/1744 1185/1661/1754 1186/1662/1755
s 209
f 1189/1660/1730 1188/1659/1753 1186/1655/1756 1177/1632/1757
f 1177/1632/1757 1178/1631/1758 1190/1636/1731 1189/1635/1730
f 1178/1631/1758 1179/1634/1759 1191/1640/1734 1190/1639/1731
s 207
f 1193/1625/1720 1192/1628/1723 1176/1633/1760 1175/1630/1761
f 1194/1626/1721 1193/1625/1720 1175/1630/1761 1174/1629/1762
f 1174/1629/1762 1185/1656/1763 1187/1654/1748 1194/1626/1721
s off
f 1197/1663/1764 1198/1664/1765 1200/1665/1766 1199/1666/1767
f 1201/1667/1768 1202/1668/1769 1196/1669/1770 1195/1670/1771
f 1196/1671/1772 1202/1672/1773 1200/1665/1774 1198/1664/1775
f 1201/1667/1776 1195/1670/1777 1197/1663/1778 1199/1666/1779
f 1205/1673/1780 1206/1674/1781 1208/1675/1782 1207/1676/1783
f 1209/1677/1784 1210/1678/1785 1204/1679/1786 1203/1680/1787
f 1204/1681/1788 1210/1682/1789 1208/1675/1790 1206/1674/1791
f 1209/1677/1792 1203/1680/1793 1205/1673/1794 1207/1676/1795
f 1213/1683/1796 1214/1684/1797 1216/1685/1798 1215/1686/1799
f 1217/1687/1800 1218/1688/1801 1212/1689/1802 1211/1690/1803
f 1212/1691/1804 1218/1692/1805 1216/1685/1806 1214/1684/1807
f 1217/1687/1808 1211/1690/1809 1213/1683/1810 1215/1686/1811
f 1221/1693/1812 1222/1694/1813 1224/1695/1814 1223/1696/1815
f 1225/1697/1816 1226/1698/1817 1220/1699/1818 1219/1700/1819
f 1220/1701/1820 1226/1702/1821 1224/1695/1822 1222/1694/1823
f 1225/1697/1824 1219/1700/1825 1221/1693/1826 1223/1696/1827
f 1229/1703/1828 1230/1704/1829 1232/1705/1830 1231/1706/1831
f 1233/1707/1832 1234/1708/1833 1228/1709/1834 1227/1710/1835
f 1228/1711/1836 1234/1712/1837 1232/1705/1838 1230/1704/1839
f 1233/1707/1840 1227/1710/1841 1229/1713/1842 1231/1714/1843
f 1237/1715/1844 1238/1716/1845 1240/1717/1846 1239/1718/1847
f 1241/1719/1848 1242/1720/1849 1236/1721/1850 1235/1722/1851
f 1236/1723/1852 1242/1724/1853 1240/1717/1854 1238/1716/1855
f 1241/1719/1856 1235/1722/1857 1237/1725/1858 1239/1726/1859
f 1245/1727/1860 1246/1728/1861 1248/1729/1862 1247/1730/1863
f 1249/1731/1864 1250/1732/1865 1244/1733/1866 1243/1734/1867
f 1244/1735/1868 1250/1736/1869 1248/1729/1870 1246/1728/1871
f 1249/1731/1872 1243/1734/1873 1245/1737/1874 1247/1738/1875
f 1253/1739/1876 1254/1740/1877 1256/1741/1878 1255/1742/1879
f 1257/1743/1880 1258/1744/1881 1252/1745/1882 1251/1746/1883
f 1252/1747/1884 1258/1748/1885 1256/1741/1886 1254/1740/1887
f 1257/1743/1888 1251/1746/1889 1253/1739/1890 1255/1742/1891
f 1261/1749/1892 1262/1750/1893 1264/1751/1894 1263/1752/1895
f 1265/1753/1896 1266/1754/1897 1260/1755/1898 1259/1756/1899
f 1260/1757/1900 1266/1758/1901 1264/1751/1902 1262/1750/1903
f 1265/1753/1904 1259/1756/1905 1261/1749/1906 1263/1752/1907
f 1269/1759/1908 1270/1760/1909 1272/1761/1910 1271/1762/1911
f 1273/1763/1912 1274/1764/1913 1268/1765/1914 1267/1766/1915
f 1268/1767/1916 1274/1768/1917 1272/1761/1918 1270/1760/1919
f 1273/1763/1920 1267/1766/1921 1269/1769/1922 1271/1770/1923
s 252
f 1275/1771/1924 1276/1772/1925 1284/1773/1926 1283/1774/1927
f 1276/1772/1925 1277/1775/1928 1285/1776/1929 1284/1773/1926
f 1277/1775/1928 1278/1777/1930 1286/1778/1931 1285/1776/1929
f 1278/1777/1930 1279/1779/1932 1287/1780/1933 1286/1778/1931
f 1279/1779/1932 1280/1781/1934 1288/1782/1935 1287/1780/1933
f 1280/1781/1934 1281/1783/1936 1289/1784/1937 1288/1782/1935
f 1281/1783/1936 1282/1785/1938 1290/1786/1939 1289/1784/1937
f 1282/1785/1938 1275/1787/1924 1283/1788/1927 1290/1786/1939
s off
f 1295/1789/1940 1297/1790/1941 1298/1791/1942 1296/1792/1943
f 1297/1790/1944 1295/1789/1945 1293/1793/1946 1291/1794/1947
f 1291/1794/1948 1293/1793/1949 1294/1795/1950 1292/1796/1951
s 256
f 1/1797/1952 2/1798/1953 1300/1799/1954 1299/1800/1955
f 2/1798/1953 3/1801/1956 1301/1802/1957 1300/1799/1954
f 3/1801/1956 4/1803/1958 1302/1804/1959 1301/1802/1957
f 4/1803/1958 5/1805/1960 1303/1806/1961 1302/1804/1959
f 5/1805/1960 6/1807/1962 1304/1808/1963 1303/1806/1961
f 6/1807/1962 7/1809/1964 1305/1810/1965 1304/1808/1963
f 7/1809/1964 8/1811/1966 1306/1812/1967 1305/1810/1965
f 8/1811/1966 1/1813/1952 1299/1814/1955 1306/1812/1967
s 257
f 1307/1815/1968 1308/1816/1969 1316/1817/1970 1315/1818/1971
f 1308/1816/1969 1309/1819/1972 1317/1820/1973 1316/1817/1970
f 1309/1819/1972 1310/1821/1974 1318/1822/1975 1317/1820/1973
f 1310/1821/1974 1311/1823/1976 1319/1824/1977 1318/1822/1975
f 1311/1823/1976 1312/1825/1978 1320/1826/1979 1319/1824/1977
f 1312/1825/1978 1313/1827/1980 1321/1828/1981 1320/1826/1979
f 1313/1827/1980 1314/1829/1982 1322/1830/1983 1321/1828/1981
f 1314/1829/1982 1307/1831/1968 1315/1832/1971 1322/1830/1983
s 258
f 1323/1833/1984 1331/1834/1985 1332/1835/1986 1324/1836/1987
f 1324/1837/1987 1332/1838/1986 1333/1839/1988 1325/1840/1989
f 1325/1840/1989 1333/1839/1988 1334/1841/1990 1326/1842/1991
f 1326/1842/1991 1334/1841/1990 1335/1843/1992 1327/1844/1993
f 1327/1844/1993 1335/1843/1992 1336/1845/1994 1328/1846/1995
f 1328/1846/1995 1336/1845/1994 1337/1847/1996 1329/1848/1997
f 1329/1848/1997 1337/1847/1996 1338/1849/1998 1330/1850/1999
f 1330/1850/1999 1338/1849/1998 1331/1834/1985 1323/1833/1984
f 1331/1834/1985 1339/1851/2000 1340/1852/2001 1332/1835/1986
f 1332/1838/1986 1340/1853/2001 1341/1854/2002 1333/1839/1988
f 1333/1839/1988 1341/1854/2002 1342/1855/2003 1334/1841/1990
f 1334/1841/1990 1342/1855/2003 1343/1856/2004 1335/1843/1992
f 1335/1843/1992 1343/1856/2004 1344/1857/2005 1336/1845/1994
f 1336/1845/1994 1344/1857/2005 1345/1858/2006 1337/1847/1996
f 1337/1847/1996 1345/1858/2006 1346/1859/2007 1338/1849/1998
f 1338/1849/1998 1346/1859/2007 1339/1851/2000 1331/1834/1985
f 1339/1851/2000 1347/1860/2008 1348/1861/2009 1340/1852/2001
f 1340/1853/2001 1348/1862/2009 1349/1863/2010 1341/1854/2002
f 1341/1854/2002 1349/1863/2010 1350/1864/2011 1342/1855/2003
f 1342/1855/2003 1350/1864/2011 1351/1865/2012 1343/1856/2004
f 1343/1856/2004 1351/1865/2012 1352/1866/2013 1344/1857/2005
f 1344/1857/2005 1352/1866/2013 1353/1867/2014 1345/1858/2006
f 1345/1858/2006 1353/1867/2014 1354/1868/2015 1346/1859/2007
f 1346/1859/2007 1354/1868/2015 1347/1860/2008 1339/1851/2000
f 1347/1860/2008 1355/1869/2016 1356/1870/2017 1348/1861/2009
f 1348/1862/2009 1356/1871/2017 1357/1872/2018 1349/1863/2010
f 1349/1863/2010 1357/1872/2018 1358/1873/2019 1350/1864/2011
f 1350/1864/2011 1358/1873/2019 1359/1874/2020 1351/1865/2012
f 1351/1865/2012 1359/1874/2020 1360/1875/2021 1352/1866/2013
f 1352/1866/2013 1360/1875/2021 1361/1876/2022 1353/1867/2014
f 1353/1867/2014 1361/1876/2022 1362/1877/2023 1354/1868/2015
f 1354/1868/2015 1362/1877/2023 1355/1869/2016 1347/1860/2008
f 1355/1869/2016 1363/1878/2024 1364/1879/2025 1356/1870/2017
f 1356/1871/2017 1364/1880/2025 1365/1881/2026 1357/1872/2018
f 1357/1872/2018 1365/1881/2026 1366/1882/2027 1358/1873/2019
f 1358/1873/2019 1366/1882/2027 1367/1883/2028 1359/1874/2020
f 1359/1874/2020 1367/1883/2028 1368/1884/2029 1360/1875/2021
f 1360/1875/2021 1368/1884/2029 1369/1885/2030 1361/1876/2022
f 1361/1876/2022 1369/1885/2030 1370/1886/2031 1362/1877/2023
f 1362/1877/2023 1370/1886/2031 1363/1878/2024 1355/1869/2016
f 1363/1878/2024 1371/1887/2032 1372/1888/2033 1364/1879/2025
f 1364/1880/2025 1372/1889/2033 1373/1890/2034 1365/1881/2026
f 1365/1881/2026 1373/1890/2034 1374/1891/2035 1366/1882/2027
f 1366/1882/2027 1374/1891/2035 1375/1892/2036 1367/1883/2028
f 1367/1883/2028 1375/1892/2036 1376/1893/2037 1368/1884/2029
f 1368/1884/2029 1376/1893/2037 1377/1894/2038 1369/1885/2030
f 1369/1885/2030 1377/1894/2038 1378/1895/2039 1370/1886/2031
f 1370/1886/2031 1378/1895/2039 1371/1887/2032 1363/1878/2024
f 1371/1887/2032 1379/1896/2040 1380/1897/2041 1372/1888/2033
f 1372/1889/2033 1380/1898/2041 1381/1899/2042 1373/1890/2034
f 1373/1890/2034 1381/1899/2042 1382/1900/2043 1374/1891/2035
f 1374/1891/2035 1382/1900/2043 1383/1901/2044 1375/1892/2036
f 1375/1892/2036 1383/1901/2044 1384/1902/2045 1376/1893/2037
f 1376/1893/2037 1384/1902/2045 1385/1903/2046 1377/1894/2038
f 1377/1894/2038 1385/1903/2046 1386/1904/2047 1378/1895/2039
f 1378/1895/2039 1386/1904/2047 1379/1896/2040 1371/1887/2032
f 1379/1905/2040 1387/1906/2048 1388/1907/2049 1380/1908/2041
f 1380/1908/2041 1388/1907/2049 1389/1909/2050 1381/1910/2042
f 1381/1910/2042 1389/1909/2050 1390/1911/2051 1382/1912/2043
f 1382/1912/2043 1390/1911/2051 1391/1913/2052 1383/1914/2044
f 1383/1914/2044 1391/1913/2052 1392/1915/2053 1384/1916/2045
f 1384/1916/2045 1392/1915/2053 1393/1917/2054 1385/1918/2046
f 1385/1918/2046 1393/1917/2054 1394/1919/2055 1386/1920/2047
f 1386/1920/2047 1394/1919/2055 1387/1906/2048 1379/1905/2040
f 1387/1906/2048 1395/1921/2056 1388/1907/2049
f 1388/1907/2049 1395/1921/2056 1389/1909/2050
f 1389/1909/2050 1395/1921/2056 1390/1911/2051
f 1390/1911/2051 1395/1921/2056 1391/1913/2052
f 1391/1913/2052 1395/1921/2056 1392/1915/2053
f 1392/1915/2053 1395/1921/2056 1393/1917/2054
f 1393/1917/2054 1395/1921/2056 1394/1919/2055
f 1394/1919/2055 1395/1921/2056 1387/1906/2048
s 259
f 1396/1922/2057 1404/1923/2058 1405/1924/2059 1397/1925/2060
f 1397/1926/2060 1405/1927/2059 1406/1928/2061 1398/1929/2062
f 1398/1929/2062 1406/1928/2061 1407/1930/2063 1399/1931/2064
f 1399/1931/2064 1407/1930/2063 1408/1932/2065 1400/1933/2066
f 1400/1933/2066 1408/1932/2065 1409/1934/2067 1401/1935/2068
f 1401/1935/2068 1409/1934/2067 1410/1936/2069 1402/1937/2070
f 1402/1937/2070 1410/1936/2069 1411/1938/2071 1403/1939/2072
f 1403/1939/2072 1411/1938/2071 1404/1923/2058 1396/1922/2057
f 1404/1923/2058 1412/1940/2073 1413/1941/2074 1405/1924/2059
f 1405/1927/2059 1413/1942/2074 1414/1943/2075 1406/1928/2061
f 1406/1928/2061 1414/1943/2075 1415/1944/2076 1407/1930/2063
f 1407/1930/2063 1415/1944/2076 1416/1945/2077 1408/1932/2065
f 1408/1932/2065 1416/1945/2077 1417/1946/2078 1409/1934/2067
f 1409/1934/2067 1417/1946/2078 1418/1947/2079 1410/1936/2069
f 1410/1936/2069 1418/1947/2079 1419/1948/2080 1411/1938/2071
f 1411/1938/2071 1419/1948/2080 1412/1940/2073 1404/1923/2058
f 1412/1940/2073 1420/1949/2081 1421/1950/2082 1413/1941/2074
f 1413/1942/2074 1421/1951/2082 1422/1952/2083 1414/1943/2075
f 1414/1943/2075 1422/1952/2083 1423/1953/2084 1415/1944/2076
f 1415/1944/2076 1423/1953/2084 1424/1954/2085 1416/1945/2077
f 1416/1945/2077 1424/1954/2085 1425/1955/2086 1417/1946/2078
f 1417/1946/2078 1425/1955/2086 1426/1956/2087 1418/1947/2079
f 1418/1947/2079 1426/1956/2087 1427/1957/2088 1419/1948/2080
f 1419/1948/2080 1427/1957/2088 1420/1949/2081 1412/1940/2073
f 1420/1949/2081 1428/1958/2089 1429/1959/2090 1421/1950/2082
f 1421/1951/2082 1429/1960/2090 1430/1961/2091 1422/1952/2083
f 1422/1952/2083 1430/1961/2091 1431/1962/2092 1423/1953/2084
f 1423/1953/2084 1431/1962/2092 1432/1963/2093 1424/1954/2085
f 1424/1954/2085 1432/1963/2093 1433/1964/2094 1425/1955/2086
f 1425/1955/2086 1433/1964/2094 1434/1965/2095 1426/1956/2087
f 1426/1956/2087 1434/1965/2095 1435/1966/2096 1427/1957/2088
f 1427/1957/2088 1435/1966/2096 1428/1958/2089 1420/1949/2081
f 1428/1958/2089 1436/1967/2097 1437/1968/2098 1429/1959/2090
f 1429/1960/2090 1437/1969/2098 1438/1970/2099 1430/1961/2091
f 1430/1961/2091 1438/1970/2099 1439/1971/2100 1431/1962/2092
f 1431/1962/2092 1439/1971/2100 1440/1972/2101 1432/1963/2093
f 1432/1963/2093 1440/1972/2101 1441/1973/2102 1433/1964/2094
f 1433/1964/2094 1441/1973/2102 1442/1974/2103 1434/1965/2095
f 1434/1965/2095 1442/1974/2103 1443/1975/2104 1435/1966/2096
f 1435/1966/2096 1443/1975/2104 1436/1967/2097 1428/1958/2089
f 1436/1967/2097 1444/1976/2105 1445/1977/2106 1437/1968/2098
f 1437/1969/2098 1445/1978/2106 1446/1979/2107 1438/1970/2099
f 1438/1970/2099 1446/1979/2107 1447/1980/2108 1439/1971/2100
f 1439/1971/2100 1447/1980/2108 1448/1981/2109 1440/1972/2101
f 1440/1972/2101 1448/1981/2109 1449/1982/2110 1441/1973/2102
f 1441/1973/2102 1449/1982/2110 1450/1983/2111 1442/1974/2103
f 1442/1974/2103 1450/1983/2111 1451/1984/2112 1443/1975/2104
f 1443/1975/2104 1451/1984/2112 1444/1976/2105 1436/1967/2097
f 1444/1976/2105 1452/1985/2113 1453/1986/2114 1445/1977/2106
f 1445/1978/2106 1453/1987/2114 1454/1988/2115 1446/1979/2107
f 1446/1979/2107 1454/1988/2115 1455/1989/2116 1447/1980/2108
f 1447/1980/2108 1455/1989/2116 1456/1990/2117 1448/1981/2109
f 1448/1981/2109 1456/1990/2117 1457/1991/2118 1449/1982/2110
f 1449/1982/2110 1457/1991/2118 1458/1992/2119 1450/1983/2111
f 1450/1983/2111 1458/1992/2119 1459/1993/2120 1451/1984/2112
f 1451/1984/2112 1459/1993/2120 1452/1985/2113 1444/1976/2105
f 1452/1994/2113 1460/1995/2121 1461/1996/2122 1453/1997/2114
f 1453/1997/2114 1461/1996/2122 1462/1998/2123 1454/1999/2115
f 1454/1999/2115 1462/1998/2123 1463/2000/2124 1455/2001/2116
f 1455/2001/2116 1463/2000/2124 1464/2002/2125 1456/2003/2117
f 1456/2003/2117 1464/2002/2125 1465/2004/2126 1457/2005/2118
f 1457/2005/2118 1465/2004/2126 1466/2006/2127 1458/2007/2119
f 1458/2007/2119 1466/2006/2127 1467/2008/2128 1459/2009/2120
f 1459/2009/2120 1467/2008/2128 1460/1995/2121 1452/1994/2113
f 1460/1995/2121 1468/2010/2129 1461/1996/2122
f 1461/1996/2122 1468/2010/2129 1462/1998/2123
f 1462/1998/2123 1468/2010/2129 1463/2000/2124
f 1463/2000/2124 1468/2010/2129 1464/2002/2125
f 1464/2002/2125 1468/2010/2129 1465/2004/2126
f 1465/2004/2126 1468/2010/2129 1466/2006/2127
f 1466/2006/2127 1468/2010/2129 1467/2008/2128
f 1467/2008/2128 1468/2010/2129 1460/1995/2121
s off
f 1471/2011/2130 1150/2012/2131 1148/2013/2132 1472/2014/2133
f 1472/2014/2134 1469/2015/2135 1470/2016/2136 1471/2011/2137
f 1469/2015/2138 1154/2017/2139 1152/2018/2140 1470/2016/2141
s 263
f 1473/2019/2142 937/2020/2143 934/2021/2144 1474/2022/2145
s 264
f 1474/2022/2146 934/2021/2147 931/2023/2148 1475/2024/2149
s 265
f 1475/2024/2150 931/2023/2151 940/2025/2152 1476/2026/2153
s 266
f 1476/2027/2154 940/2028/2155 937/2020/2156 1473/2019/2157
f 1473/2019/2157 1478/2029/2158 1479/2030/2159 1476/2031/2154
s 263
f 1474/2022/2145 1477/2032/2160 1478/2029/2161 1473/2019/2142
s 264
f 1475/2024/2149 1480/2033/2162 1477/2032/2163 1474/2022/2146
s 265
f 1476/2034/2153 1479/2035/2164 1480/2033/2165 1475/2024/2150
s 267
f 1483/2036/2166 1481/2037/2167 1479/2038/2168 1478/2039/2169
f 1481/2037/2167 1483/2036/2166 1484/2040/2170 1482/2041/2171
s 268
f 1485/2042/2172 1483/2036/2173 1478/2039/2174 1477/2043/2175
f 1483/2036/2173 1485/2042/2172 1486/2044/2176 1484/2040/2177
s 269
f 1487/2045/2178 1485/2042/2179 1477/2043/2180 1480/2046/2181
f 1485/2042/2179 1487/2047/2178 1488/2048/2182 1486/2044/2183
s 270
f 1481/2037/2184 1487/2049/2185 1480/2050/2186 1479/2038/2187
f 1487/2051/2185 1481/2037/2184 1482/2041/2188 1488/2052/2189
s 271
f 1501/2053/2190 1502/2054/2191 1490/2055/2192 1489/2056/2193
f 1493/2057/2194 1502/2054/2191 1501/2053/2190 1492/2058/2195
f 1491/2059/2196 1490/2055/2192 1502/2054/2191 1503/2060/2197
f 1493/2057/2194 1494/2061/2198 1503/2060/2197 1502/2054/2191
f 1504/2062/2199 1505/2063/2200 1493/2057/2194 1492/2058/2195
f 1496/2064/2201 1505/2063/2200 1504/2062/2199 1495/2065/2202
f 1493/2057/2194 1505/2063/2200 1506/2066/2203 1494/2061/2198
f 1496/2064/2201 1497/2067/2204 1506/2066/2203 1505/2063/2200
f 1507/2068/2205 1508/2069/2206 1496/2064/2201 1495/2065/2202
f 1499/2070/2207 1508/2069/2206 1507/2068/2205 1498/2071/2208
f 1496/2064/2201 1508/2069/2206 1509/2072/2209 1497/2067/2204
f 1499/2070/2207 1500/2073/2210 1509/2072/2209 1508/2069/2206
f 1510/2074/2211 1511/2075/2212 1499/2070/2207 1498/2071/2208
f 1489/2076/2193 1490/2077/2192 1511/2075/2212 1510/2074/2211
f 1499/2070/2207 1511/2075/2212 1512/2078/2213 1500/2073/2210
f 1491/2079/2196 1512/2078/2213 1511/2075/2212 1490/2077/2192
s 272
f 1501/2080/2214 1489/2081/2215 1513/2082/2216 1517/2083/2217
f 1492/2084/2218 1501/2080/2214 1517/2083/2217 1514/2085/2219
f 960/2086/2220 972/2087/2221 1517/2083/2217 1513/2082/2216
f 1514/2085/2219 1517/2083/2217 972/2087/2221 956/2088/2222
f 1504/2089/2223 1492/2084/2218 1514/2085/2219 1518/2090/2224
f 1495/2091/2225 1504/2089/2223 1518/2090/2224 1515/2092/2226
f 1514/2085/2219 956/2088/2222 968/2093/2227 1518/2090/2224
f 1515/2092/2226 1518/2090/2224 968/2093/2227 952/2094/2228
f 1507/2095/2229 1495/2091/2225 1515/2092/2226 1519/2096/2230
f 1498/2097/2231 1507/2095/2229 1519/2096/2230 1516/2098/2232
f 1515/2092/2226 952/2094/2228 964/2099/2233 1519/2096/2230
f 1516/2098/2232 1519/2096/2230 964/2099/2233 948/2100/2234
f 1510/2101/2235 1498/2097/2231 1516/2098/2232 1520/2102/2236
f 1513/2103/2216 1489/2104/2215 1510/2101/2235 1520/2102/2236
f 1516/2098/2232 948/2100/2234 976/2105/2237 1520/2102/2236
f 960/2106/2220 1513/2103/2216 1520/2102/2236 976/2105/2237
s 273
f 1521/2107/2238 1529/2108/2239 1530/2109/2240 1522/2110/2241
f 1522/2110/2241 1530/2109/2240 1531/2111/2242 1523/2112/2243
f 1523/2112/2243 1531/2111/2242 1532/2113/2244 1524/2114/2245
f 1524/2114/2245 1532/2113/2244 1533/2115/2246 1525/2116/2247
f 1525/2116/2247 1533/2115/2246 1534/2117/2248 1526/2118/2249
f 1526/2118/2249 1534/2117/2248 1535/2119/2250 1527/2120/2251
f 1527/2120/2251 1535/2119/2250 1536/2121/2252 1528/2122/2253
f 1528/2122/2253 1536/2121/2252 1529/2123/2239 1521/2124/2238
s 274
f 1537/2125/2254 1538/2126/2255 1546/2127/2256 1545/2128/2257
f 1538/2129/2255 1539/2130/2258 1547/2131/2259 1546/2132/2256
f 1539/2130/2258 1540/2133/2260 1548/2134/2261 1547/2131/2259
f 1540/2133/2260 1541/2135/2262 1549/2136/2263 1548/2134/2261
f 1541/2135/2262 1542/2137/2264 1550/2138/2265 1549/2136/2263
f 1542/2137/2264 1543/2139/2266 1551/2140/2267 1550/2138/2265
f 1543/2139/2266 1544/2141/2268 1552/2142/2269 1551/2140/2267
f 1544/2141/2268 1537/2125/2254 1545/2128/2257 1552/2142/2269
f 1545/2128/2257 1546/2127/2256 1554/2143/2270 1553/2144/2271
f 1546/2132/2256 1547/2131/2259 1555/2145/2272 1554/2146/2270
f 1547/2131/2259 1548/2134/2261 1556/2147/2273 1555/2145/2272
f 1548/2134/2261 1549/2136/2263 1557/2148/2274 1556/2147/2273
f 1549/2136/2263 1550/2138/2265 1558/2149/2275 1557/2148/2274
f 1550/2138/2265 1551/2140/2267 1559/2150/2276 1558/2149/2275
f 1551/2140/2267 1552/2142/2269 1560/2151/2277 1559/2150/2276
f 1552/2142/2269 1545/2128/2257 1553/2144/2271 1560/2151/2277
f 1553/2144/2271 1554/2143/2270 1562/2152/2278 1561/2153/2279
f 1554/2146/2270 1555/2145/2272 1563/2154/2280 1562/2155/2278
f 1555/2145/2272 1556/2147/2273 1564/2156/2281 1563/2154/2280
f 1556/2147/2273 1557/2148/2274 1565/2157/2282 1564/2156/2281
f 1557/2148/2274 1558/2149/2275 1566/2158/2283 1565/2157/2282
f 1558/2149/2275 1559/2150/2276 1567/2159/2284 1566/2158/2283
f 1559/2150/2276 1560/2151/2277 1568/2160/2285 1567/2159/2284
f 1560/2151/2277 1553/2144/2271 1561/2153/2279 1568/2160/2285
f 1561/2153/2279 1562/2152/2278 1570/2161/2286 1569/2162/2287
f 1562/2155/2278 1563/2154/2280 1571/2163/2288 1570/2164/2286
f 1563/2154/2280 1564/2156/2281 1572/2165/2289 1571/2163/2288
f 1564/2156/2281 1565/2157/2282 1573/2166/2290 1572/2165/2289
f 1565/2157/2282 1566/2158/2283 1574/2167/2291 1573/2166/2290
f 1566/2158/2283 1567/2159/2284 1575/2168/2292 1574/2167/2291
f 1567/2159/2284 1568/2160/2285 1576/2169/2293 1575/2168/2292
f 1568/2160/2285 1561/2153/2279 1569/2162/2287 1576/2169/2293
f 1569/2162/2287 1570/2161/2286 1578/2170/2294 1577/2171/2295
f 1570/2164/2286 1571/2163/2288 1579/2172/2296 1578/2173/2294
f 1571/2163/2288 1572/2165/2289 1580/2174/2297 1579/2172/2296
f 1572/2165/2289 1573/2166/2290 1581/2175/2298 1580/2174/2297
f 1573/2166/2290 1574/2167/2291 1582/2176/2299 1581/2175/2298
f 1574/2167/2291 1575/2168/2292 1583/2177/2300 1582/2176/2299
f 1575/2168/2292 1576/2169/2293 1584/2178/2301 1583/2177/2300
f 1576/2169/2293 1569/2162/2287 1577/2171/2295 1584/2178/2301
f 1577/2171/2295 1578/2170/2294 1586/2179/2302 1585/2180/2303
f 1578/2173/2294 1579/2172/2296 1587/2181/2304 1586/2182/2302
f 1579/2172/2296 1580/2174/2297 1588/2183/2305 1587/2181/2304
f 1580/2174/2297 1581/2175/2298 1589/2184/2306 1588/2183/2305
f 1581/2175/2298 1582/2176/2299 1590/2185/2307 1589/2184/2306
f 1582/2176/2299 1583/2177/2300 1591/2186/2308 1590/2185/2307
f 1583/2177/2300 1584/2178/2301 1592/2187/2309 1591/2186/2308
f 1584/2178/2301 1577/2171/2295 1585/2180/2303 1592/2187/2309
f 1585/2180/2303 1586/2179/2302 1594/2188/2310 1593/2189/2311
f 1586/2182/2302 1587/2181/2304 1595/2190/2312 1594/2191/2310
f 1587/2181/2304 1588/2183/2305 1596/2192/2313 1595/2190/2312
f 1588/2183/2305 1589/2184/2306 1597/2193/2314 1596/2192/2313
f 1589/2184/2306 1590/2185/2307 1598/2194/2315 1597/2193/2314
f 1590/2185/2307 1591/2186/2308 1599/2195/2316 1598/2194/2315
f 1591/2186/2308 1592/2187/2309 1600/2196/2317 1599/2195/2316
f 1592/2187/2309 1585/2180/2303 1593/2189/2311 1600/2196/2317
f 1593/2197/2311 1594/2198/2310 1602/2199/2318 1601/2200/2319
f 1594/2198/2310 1595/2201/2312 1603/2202/2320 1602/2199/2318
f 1595/2201/2312 1596/2203/2313 1604/2204/2321 1603/2202/2320
f 1596/2203/2313 1597/2205/2314 1605/2206/2322 1604/2204/2321
f 1597/2205/2314 1598/2207/2315 1606/2208/2323 1605/2206/2322
f 1598/2207/2315 1599/2209/2316 1607/2210/2324 1606/2208/2323
f 1599/2209/2316 1600/2211/2317 1608/2212/2325 1607/2210/2324
f 1600/2211/2317 1593/2197/2311 1601/2200/2319 1608/2212/2325
f 1601/2200/2319 1602/2199/2318 1609/2213/2326
f 1602/2199/2318 1603/2202/2320 1609/2213/2326
f 1603/2202/2320 1604/2204/2321 1609/2213/2326
f 1604/2204/2321 1605/2206/2322 1609/2213/2326
f 1605/2206/2322 1606/2208/2323 1609/2213/2326
f 1606/2208/2323 1607/2210/2324 1609/2213/2326
f 1607/2210/2324 1608/2212/2325 1609/2213/2326
f 1608/2212/2325 1601/2200/2319 1609/2213/2326
s off
f 1611/2214/2327 1610/2215/2328 1166/2216/2329 1163/2217/2330
f 1612/2218/2331 1611/2214/2332 1163/2217/2333 1160/2219/2334
f 1613/2220/2335 1612/2218/2336 1160/2219/2337 1157/2221/2338
f 1166/2216/2339 1610/2215/2340 1613/2222/2341 1157/2223/2342
s 279
f 1614/2224/2343 1615/2225/2344 1646/2226/2345 1647/2227/2346
f 1615/2225/2344 1182/2228/2347 1191/2229/2348 1646/2226/2345
s 280
f 1616/2230/2349 1617/2231/2350 1619/2232/2351 1618/2233/2352
f 1617/2231/2350 1179/2234/2353 1176/2235/2354 1619/2232/2351
s 281
f 1644/2236/2355 1645/2237/2356 1621/2238/2357 1620/2239/2358
f 1645/2240/2356 1192/2241/2359 1173/2242/2360 1621/2243/2357
s 282
f 1620/2244/2361 1621/2245/2362 1615/2225/2363 1614/2224/2364
f 1621/2246/2362 1173/2247/2365 1182/2228/2366 1615/2225/2363
f 1614/2224/2364 1623/2248/2367 1622/2249/2368 1620/2250/2361
s 279
f 1647/2227/2346 1648/2251/2369 1623/2248/2370 1614/2224/2343
s 280
f 1618/2233/2352 1625/2252/2371 1624/2253/2372 1616/2230/2349
s 281
f 1620/2254/2358 1622/2255/2373 1643/2256/2374 1644/2257/2355
s 283
f 1626/2258/2375 1649/2259/2376 1638/2260/2377 1627/2261/2378
f 1627/2261/2378 1638/2260/2377 1639/2262/2379 1628/2263/2380
s 284
f 1629/2264/2381 1632/2265/2382 1633/2266/2383 1630/2267/2384
f 1630/2267/2384 1633/2266/2383 1634/2268/2385 1631/2269/2386
s 285
f 1642/2270/2387 1635/2271/2388 1636/2272/2389 1641/2273/2390
f 1641/2274/2390 1636/2275/2389 1637/2276/2391 1640/2277/2392
s 286
f 1635/2278/2393 1626/2258/2394 1627/2261/2395 1636/2279/2396
f 1636/2280/2396 1627/2261/2395 1628/2263/2397 1637/2281/2398
f 1626/2258/2394 1635/2282/2393 1622/2283/2399 1623/2284/2400
s 283
f 1649/2259/2376 1626/2258/2375 1623/2284/2401 1648/2285/2402
s 284
f 1632/2265/2382 1629/2264/2381 1624/2286/2403 1625/2287/2404
s 285
f 1635/2288/2388 1642/2289/2387 1643/2290/2405 1622/2291/2406
s 283
f 1638/2260/2377 1630/2267/2407 1631/2269/2408 1639/2262/2379
s 285
f 1633/2266/2409 1641/2274/2390 1640/2277/2392 1634/2268/2410
f 1632/2265/2411 1642/2270/2387 1641/2273/2390 1633/2266/2409
f 1643/2290/2405 1642/2289/2387 1632/2265/2411 1625/2287/2412
s 281
f 1644/2257/2355 1643/2256/2374 1625/2252/2413 1618/2233/2414
f 1618/2233/2414 1619/2232/2415 1645/2237/2356 1644/2236/2355
f 1619/2232/2415 1176/2235/2416 1192/2241/2359 1645/2240/2356
s 279
f 1646/2226/2345 1191/2229/2348 1179/2234/2417 1617/2231/2418
f 1647/2227/2346 1646/2226/2345 1617/2231/2418 1616/2230/2419
f 1616/2230/2419 1624/2253/2420 1648/2251/2369 1647/2227/2346
s 283
f 1629/2264/2421 1649/2259/2376 1648/2285/2402 1624/2286/2422
f 1638/2260/2377 1649/2259/2376 1629/2264/2421 1630/2267/2407
s off
f 1650/2292/2423 1651/2293/2424 1653/2294/2425 1652/2295/2426
f 1654/2296/2427 1655/2297/2428 1657/2298/2429 1656/2299/2430
f 1651/2293/2431 1657/2300/2432 1655/2301/2433 1653/2294/2434
f 1656/2299/2435 1650/2292/2436 1652/2295/2437 1654/2296/2438
f 1658/2302/2439 1660/2303/2440 1661/2304/2441 1659/2305/2442
f 1662/2306/2443 1664/2307/2444 1665/2308/2445 1663/2309/2446
f 1659/2305/2447 1661/2304/2448 1663/2310/2449 1665/2311/2450
f 1664/2307/2451 1662/2306/2452 1660/2303/2453 1658/2302/2454
f 1668/2312/2455 1669/2313/2456 1671/2314/2457 1670/2315/2458
f 1672/2316/2459 1673/2317/2460 1667/2318/2461 1666/2319/2462
f 1667/2320/2463 1673/2321/2464 1671/2314/2465 1669/2313/2466
f 1672/2316/2467 1666/2319/2468 1668/2312/2469 1670/2315/2470
f 1676/2322/2471 1677/2323/2472 1679/2324/2473 1678/2325/2474
f 1680/2326/2475 1681/2327/2476 1675/2328/2477 1674/2329/2478
f 1675/2330/2479 1681/2331/2480 1679/2324/2481 1677/2323/2482
f 1680/2326/2483 1674/2329/2484 1676/2322/2485 1678/2325/2486
f 1684/2332/2487 1685/2333/2488 1687/2334/2489 1686/2335/2490
f 1688/2336/2491 1689/2337/2492 1683/2338/2493 1682/2339/2494
f 1683/2340/2495 1689/2341/2496 1687/2334/2497 1685/2333/2498
f 1688/2336/2499 1682/2339/2500 1684/2332/2501 1686/2335/2502
f 1692/2342/2503 1693/2343/2504 1695/2344/2505 1694/2345/2506
f 1696/2346/2507 1697/2347/2508 1691/2348/2509 1690/2349/2510
f 1691/2350/2511 1697/2351/2512 1695/2344/2513 1693/2343/2514
f 1696/2346/2515 1690/2349/2516 1692/2342/2517 1694/2345/2518
f 1700/2352/2519 1701/2353/2520 1703/2354/2521 1702/2355/2522
f 1704/2356/2523 1705/2357/2524 1699/2358/2525 1698/2359/2526
f 1699/2360/2527 1705/2361/2528 1703/2354/2529 1701/2353/2530
f 1704/2356/2531 1698/2359/2532 1700/2352/2533 1702/2355/2534
f 1708/2362/2535 1709/2363/2536 1711/2364/2537 1710/2365/2538
f 1712/2366/2539 1713/2367/2540 1707/2368/2541 1706/2369/2542
f 1707/2370/2543 1713/2371/2544 1711/2364/2545 1709/2363/2546
f 1712/2366/2547 1706/2369/2548 1708/2362/2549 1710/2365/2550
f 1716/2372/2551 1717/2373/2552 1719/2374/2553 1718/2375/2554
f 1720/2376/2555 1721/2377/2556 1715/2378/2557 1714/2379/2558
f 1715/2380/2559 1721/2381/2560 1719/2374/2561 1717/2373/2562
f 1720/2376/2563 1714/2379/2564 1716/2382/2565 1718/2383/2566
f 1724/2384/2567 1725/2385/2568 1727/2386/2569 1726/2387/2570
f 1728/2388/2571 1729/2389/2572 1723/2390/2573 1722/2391/2574
f 1723/2392/2575 1729/2393/2576 1727/2386/2577 1725/2385/2578
f 1728/2388/2579 1722/2391/2580 1724/2394/2581 1726/2395/2582
f 1732/2396/2583 1733/2397/2584 1735/2398/2585 1734/2399/2586
f 1736/2400/2587 1737/2401/2588 1731/2402/2589 1730/2403/2590
f 1731/2404/2591 1737/2405/2592 1735/2398/2593 1733/2397/2594
f 1736/2400/2595 1730/2403/2596 1732/2406/2597 1734/2407/2598
f 1740/2408/2599 1741/2409/2600 1743/2410/2601 1742/2411/2602
f 1744/2412/2603 1745/2413/2604 1739/2414/2605 1738/2415/2606
f 1739/2416/2607 1745/2417/2608 1743/2410/2609 1741/2409/2610
f 1744/2412/2611 1738/2415/2612 1740/2418/2613 1742/2419/2614
f 1748/2420/2615 1749/2421/2616 1751/2422/2617 1750/2423/2618
f 1752/2424/2619 1753/2425/2620 1747/2426/2621 1746/2427/2622
f 1747/2428/2623 1753/2429/2624 1751/2422/2625 1749/2421/2626
f 1752/2424/2627 1746/2427/2628 1748/2420/2629 1750/2423/2630
f 1756/2430/2631 1757/2431/2632 1759/2432/2633 1758/2433/2634
f 1760/2434/2635 1761/2435/2636 1755/2436/2637 1754/2437/2638
f 1755/2438/2639 1761/2439/2640 1759/2432/2641 1757/2431/2642
f 1760/2434/2643 1754/2437/2644 1756/2430/2645 1758/2433/2646
f 1764/2440/2647 1765/2441/2648 1767/2442/2649 1766/2443/2650
f 1768/2444/2651 1769/2445/2652 1763/2446/2653 1762/2447/2654
f 1763/2448/2655 1769/2449/2656 1767/2442/2657 1765/2441/2658
f 1768/2444/2659 1762/2447/2660 1764/2440/2661 1766/2443/2662
f 1772/2450/2663 1773/2451/2664 1775/2452/2665 1774/2453/2666
f 1776/2454/2667 1777/2455/2668 1771/2456/2669 1770/2457/2670
f 1771/2458/2671 1777/2459/2672 1775/2452/2673 1773/2451/2674
f 1776/2454/2675 1770/2457/2676 1772/2450/2677 1774/2453/2678
f 1780/2460/2679 1781/2461/2680 1783/2462/2681 1782/2463/2682
f 1784/2464/2683 1785/2465/2684 1779/2466/2685 1778/2467/2686
f 1779/2468/2687 1785/2469/2688 1783/2462/2689 1781/2461/2690
f 1784/2464/2691 1778/2467/2692 1780/2460/2693 1782/2463/2694
f 1788/2470/2695 1789/2471/2696 1791/2472/2697 1790/2473/2698
f 1792/2474/2699 1793/2475/2700 1787/2476/2701 1786/2477/2702
f 1787/2478/2703 1793/2479/2704 1791/2472/2705 1789/2471/2706
f 1792/2474/2707 1786/2477/2708 1788/2480/2709 1790/2481/2710
f 1796/2482/2711 1797/2483/2712 1799/2484/2713 1798/2485/2714
f 1800/2486/2715 1801/2487/2716 1795/2488/2717 1794/2489/2718
f 1795/2490/2719 1801/2491/2720 1799/2484/2721 1797/2483/2722
f 1800/2486/2723 1794/2489/2724 1796/2492/2725 1798/2493/2726
f 1804/2494/2727 1805/2495/2728 1807/2496/2729 1806/2497/2730
f 1808/2498/2731 1809/2499/2732 1803/2500/2733 1802/2501/2734
f 1803/2502/2735 1809/2503/2736 1807/2496/2737 1805/2495/2738
f 1808/2498/2739 1802/2501/2740 1804/2504/2741 1806/2505/2742
f 1812/2506/2743 1813/2507/2744 1815/2508/2745 1814/2509/2746
f 1816/2510/2747 1817/2511/2748 1811/2512/2749 1810/2513/2750
f 1811/2514/2751 1817/2515/2752 1815/2508/2753 1813/2507/2754
f 1816/2510/2755 1810/2513/2756 1812/2516/2757 1814/2517/2758
f 1820/2518/2759 1821/2519/2760 638/2520/2761 636/2521/2762
f 1821/2519/2763 1820/2518/2764 1819/2522/2765 1818/2523/2766
f 1818/2523/2767 1819/2522/2768 634/2524/2769 632/2525/2770
s 374
f 9/2526/2771 10/2527/2772 1823/2528/2773 1822/2529/2774
f 10/2527/2772 11/2530/2775 1824/2531/2776 1823/2528/2773
f 11/2530/2775 12/2532/2777 1825/2533/2778 1824/2531/2776
f 12/2532/2777 13/2534/2779 1826/2535/2780 1825/2533/2778
f 13/2534/2779 14/2536/2781 1827/2537/2782 1826/2535/2780
f 14/2536/2781 15/2538/2783 1828/2539/2784 1827/2537/2782
f 15/2538/2783 16/2540/2785 1829/2541/2786 1828/2539/2784
f 16/2540/2785 9/2542/2771 1822/2543/2774 1829/2541/2786
s 375
f 1830/2544/2787 1831/2545/2788 1839/2546/2789 1838/2547/2790
f 1831/2545/2788 1832/2548/2791 1840/2549/2792 1839/2546/2789
f 1832/2548/2791 1833/2550/2793 1841/2551/2794 1840/2549/2792
f 1833/2550/2793 1834/2552/2795 1842/2553/2796 1841/2551/2794
f 1834/2552/2795 1835/2554/2797 1843/2555/2798 1842/2553/2796
f 1835/2554/2797 1836/2556/2799 1844/2557/2800 1843/2555/2798
f 1836/2556/2799 1837/2558/2801 1845/2559/2802 1844/2557/2800
f 1837/2558/2801 1830/2560/2787 1838/2561/2790 1845/2559/2802
s 376
f 1846/2562/2803 1854/2563/2804 1855/2564/2805 1847/2565/2806
f 1847/2566/2806 1855/2567/2805 1856/2568/2807 1848/2569/2808
f 1848/2569/2808 1856/2568/2807 1857/2570/2809 1849/2571/2810
f 1849/2571/2810 1857/2570/2809 1858/2572/2811 1850/2573/2812
f 1850/2573/2812 1858/2572/2811 1859/2574/2813 1851/2575/2814
f 1851/2575/2814 1859/2574/2813 1860/2576/2815 1852/2577/2816
f 1852/2577/2816 1860/2576/2815 1861/2578/2817 1853/2579/2818
f 1853/2579/2818 1861/2578/2817 1854/2563/2804 1846/2562/2803
f 1854/2563/2804 1862/2580/2819 1863/2581/2820 1855/2564/2805
f 1855/2567/2805 1863/2582/2820 1864/2583/2821 1856/2568/2807
f 1856/2568/2807 1864/2583/2821 1865/2584/2822 1857/2570/2809
f 1857/2570/2809 1865/2584/2822 1866/2585/2823 1858/2572/2811
f 1858/2572/2811 1866/2585/2823 1867/2586/2824 1859/2574/2813
f 1859/2574/2813 1867/2586/2824 1868/2587/2825 1860/2576/2815
f 1860/2576/2815 1868/2587/2825 1869/2588/2826 1861/2578/2817
f 1861/2578/2817 1869/2588/2826 1862/2580/2819 1854/2563/2804
f 1862/2580/2819 1870/2589/2827 1871/2590/2828 1863/2581/2820
f 1863/2582/2820 1871/2591/2828 1872/2592/2829 1864/2583/2821
f 1864/2583/2821 1872/2592/2829 1873/2593/2830 1865/2584/2822
f 1865/2584/2822 1873/2593/2830 1874/2594/2831 1866/2585/2823
f 1866/2585/2823 1874/2594/2831 1875/2595/2832 1867/2586/2824
f 1867/2586/2824 1875/2595/2832 1876/2596/2833 1868/2587/2825
f 1868/2587/2825 1876/2596/2833 1877/2597/2834 1869/2588/2826
f 1869/2588/2826 1877/2597/2834 1870/2589/2827 1862/2580/2819
f 1870/2589/2827 1878/2598/2835 1879/2599/2836 1871/2590/2828
f 1871/2591/2828 1879/2600/2836 1880/2601/2837 1872/2592/2829
f 1872/2592/2829 1880/2601/2837 1881/2602/2838 1873/2593/2830
f 1873/2593/2830 1881/2602/2838 1882/2603/2839 1874/2594/2831
f 1874/2594/2831 1882/2603/2839 1883/2604/2840 1875/2595/2832
f 1875/2595/2832 1883/2604/2840 1884/2605/2841 1876/2596/2833
f 1876/2596/2833 1884/2605/2841 1885/2606/2842 1877/2597/2834
f 1877/2597/2834 1885/2606/2842 1878/2598/2835 1870/2589/2827
f 1878/2598/2835 1886/2607/2843 1887/2608/2844 1879/2599/2836
f 1879/2600/2836 1887/2609/2844 1888/2610/2845 1880/2601/2837
f 1880/2601/2837 1888/2610/2845 1889/2611/2846 1881/2602/2838
f 1881/2602/2838 1889/2611/2846 1890/2612/2847 1882/2603/2839
f 1882/2603/2839 1890/2612/2847 1891/2613/2848 1883/2604/2840
f 1883/2604/2840 1891/2613/2848 1892/2614/2849 1884/2605/2841
f 1884/2605/2841 1892/2614/2849 1893/2615/2850 1885/2606/2842
f 1885/2606/2842 1893/2615/2850 1886/2607/2843 1878/2598/2835
f 1886/2607/2843 1894/2616/2851 1895/2617/2852 1887/2608/2844
f 1887/2609/2844 1895/2618/2852 1896/2619/2853 1888/2610/2845
f 1888/2610/2845 1896/2619/2853 1897/2620/2854 1889/2611/2846
f 1889/2611/2846 1897/2620/2854 1898/2621/2855 1890/2612/2847
f 1890/2612/2847 1898/2621/2855 1899/2622/2856 1891/2613/2848
f 1891/2613/2848 1899/2622/2856 1900/2623/2857 1892/2614/2849
f 1892/2614/2849 1900/2623/2857 1901/2624/2858 1893/2615/2850
f 1893/2615/2850 1901/2624/2858 1894/2616/2851 1886/2607/2843
f 1894/2616/2851 1902/2625/2859 1903/2626/2860 1895/2617/2852
f 1895/2618/2852 1903/2627/2860 1904/2628/2861 1896/2619/2853
f 1896/2619/2853 1904/2628/2861 1905/2629/2862 1897/2620/2854
f 1897/2620/2854 1905/2629/2862 1906/2630/2863 1898/2621/2855
f 1898/2621/2855 1906/2630/2863 1907/2631/2864 1899/2622/2856
f 1899/2622/2856 1907/2631/2864 1908/2632/2865 1900/2623/2857
f 1900/2623/2857 1908/2632/2865 1909/2633/2866 1901/2624/2858
f 1901/2624/2858 1909/2633/2866 1902/2625/2859 1894/2616/2851
f 1902/2634/2859 1910/2635/2867 1911/2636/2868 1903/2637/2860
f 1903/2637/2860 1911/2636/2868 1912/2638/2869 1904/2639/2861
f 1904/2639/2861 1912/2638/2869 1913/2640/2870 1905/2641/2862
f 1905/2641/2862 1913/2640/2870 1914/2642/2871 1906/2643/2863
f 1906/2643/2863 1914/2642/2871 1915/2644/2872 1907/2645/2864
f 1907/2645/2864 1915/2644/2872 1916/2646/2873 1908/2647/2865
f 1908/2647/2865 1916/2646/2873 1917/2648/2874 1909/2649/2866
f 1909/2649/2866 1917/2648/2874 1910/2635/2867 1902/2634/2859
f 1910/2635/2867 1918/2650/2875 1911/2636/2868
f 1911/2636/2868 1918/2650/2875 1912/2638/2869
f 1912/2638/2869 1918/2650/2875 1913/2640/2870
f 1913/2640/2870 1918/2650/2875 1914/2642/2871
f 1914/2642/2871 1918/2650/2875 1915/2644/2872
f 1915/2644/2872 1918/2650/2875 1916/2646/2873
f 1916/2646/2873 1918/2650/2875 1917/2648/2874
f 1917/2648/2874 1918/2650/2875 1910/2635/2867
s 377
f 1919/2651/2876 1927/2652/2877 1928/2653/2878 1920/2654/2879
f 1920/2655/2879 1928/2656/2878 1929/2657/2880 1921/2658/2881
f 1921/2658/2881 1929/2657/2880 1930/2659/2882 1922/2660/2883
f 1922/2660/2883 1930/2659/2882 1931/2661/2884 1923/2662/2885
f 1923/2662/2885 1931/2661/2884 1932/2663/2886 1924/2664/2887
f 1924/2664/2887 1932/2663/2886 1933/2665/2888 1925/2666/2889
f 1925/2666/2889 1933/2665/2888 1934/2667/2890 1926/2668/2891
f 1926/2668/2891 1934/2667/2890 1927/2652/2877 1919/2651/2876
f 1927/2652/2877 1935/2669/2892 1936/2670/2893 1928/2653/2878
f 1928/2656/2878 1936/2671/2893 1937/2672/2894 1929/2657/2880
f 1929/2657/2880 1937/2672/2894 1938/2673/2895 1930/2659/2882
f 1930/2659/2882 1938/2673/2895 1939/2674/2896 1931/2661/2884
f 1931/2661/2884 1939/2674/2896 1940/2675/2897 1932/2663/2886
f 1932/2663/2886 1940/2675/2897 1941/2676/2898 1933/2665/2888
f 1933/2665/2888 1941/2676/2898 1942/2677/2899 1934/2667/2890
f 1934/2667/2890 1942/2677/2899 1935/2669/2892 1927/2652/2877
f 1935/2669/2892 1943/2678/2900 1944/2679/2901 1936/2670/2893
f 1936/2671/2893 1944/2680/2901 1945/2681/2902 1937/2672/2894
f 1937/2672/2894 1945/2681/2902 1946/2682/2903 1938/2673/2895
f 1938/2673/2895 1946/2682/2903 1947/2683/2904 1939/2674/2896
f 1939/2674/2896 1947/2683/2904 1948/2684/2905 1940/2675/2897
f 1940/2675/2897 1948/2684/2905 1949/2685/2906 1941/2676/2898
f 1941/2676/2898 1949/2685/2906 1950/2686/2907 1942/2677/2899
f 1942/2677/2899 1950/2686/2907 1943/2678/2900 1935/2669/2892
f 1943/2678/2900 1951/2687/2908 1952/2688/2909 1944/2679/2901
f 1944/2680/2901 1952/2689/2909 1953/2690/2910 1945/2681/2902
f 1945/2681/2902 1953/2690/2910 1954/2691/2911 1946/2682/2903
f 1946/2682/2903 1954/2691/2911 1955/2692/2912 1947/2683/2904
f 1947/2683/2904 1955/2692/2912 1956/2693/2913 1948/2684/2905
f 1948/2684/2905 1956/2693/2913 1957/2694/2914 1949/2685/2906
f 1949/2685/2906 1957/2694/2914 1958/2695/2915 1950/2686/2907
f 1950/2686/2907 1958/2695/2915 1951/2687/2908 1943/2678/2900
f 1951/2687/2908 1959/2696/2916 1960/2697/2917 1952/2688/2909
f 1952/2689/2909 1960/2698/2917 1961/2699/2918 1953/2690/2910
f 1953/2690/2910 1961/2699/2918 1962/2700/2919 1954/2691/2911
f 1954/2691/2911 1962/2700/2919 1963/2701/2920 1955/2692/2912
f 1955/2692/2912 1963/2701/2920 1964/2702/2921 1956/2693/2913
f 1956/2693/2913 1964/2702/2921 1965/2703/2922 1957/2694/2914
f 1957/2694/2914 1965/2703/2922 1966/2704/2923 1958/2695/2915
f 1958/2695/2915 1966/2704/2923 1959/2696/2916 1951/2687/2908
f 1959/2696/2916 1967/2705/2924 1968/2706/2925 1960/2697/2917
f 1960/2698/2917 1968/2707/2925 1969/2708/2926 1961/2699/2918
f 1961/2699/2918 1969/2708/2926 1970/2709/2927 1962/2700/2919
f 1962/2700/2919 1970/2709/2927 1971/2710/2928 1963/2701/2920
f 1963/2701/2920 1971/2710/2928 1972/2711/2929 1964/2702/2921
f 1964/2702/2921 1972/2711/2929 1973/2712/2930 1965/2703/2922
f 1965/2703/2922 1973/2712/2930 1974/2713/2931 1966/2704/2923
f 1966/2704/2923 1974/2713/2931 1967/2705/2924 1959/2696/2916
f 1967/2705/2924 1975/2714/2932 1976/2715/2933 1968/2706/2925
f 1968/2707/2925 1976/2716/2933 1977/2717/2934 1969/2708/2926
f 1969/2708/2926 1977/2717/2934 1978/2718/2935 1970/2709/2927
f 1970/2709/2927 1978/2718/2935 1979/2719/2936 1971/2710/2928
f 1971/2710/2928 1979/2719/2936 1980/2720/2937 1972/2711/2929
f 1972/2711/2929 1980/2720/2937 1981/2721/2938 1973/2712/2930
f 1973/2712/2930 1981/2721/2938 1982/2722/2939 1974/2713/2931
f 1974/2713/2931 1982/2722/2939 1975/2714/2932 1967/2705/2924
f 1975/2723/2932 1983/2724/2940 1984/2725/2941 1976/2726/2933
f 1976/2726/2933 1984/2725/2941 1985/2727/2942 1977/2728/2934
f 1977/2728/2934 1985/2727/2942 1986/2729/2943 1978/2730/2935
f 1978/2730/2935 1986/2729/2943 1987/2731/2944 1979/2732/2936
f 1979/2732/2936 1987/2731/2944 1988/2733/2945 1980/2734/2937
f 1980/2734/2937 1988/2733/2945 1989/2735/2946 1981/2736/2938
f 1981/2736/2938 1989/2735/2946 1990/2737/2947 1982/2738/2939
f 1982/2738/2939 1990/2737/2947 1983/2724/2940 1975/2723/2932
f 1983/2724/2940 1991/2739/2948 1984/2725/2941
f 1984/2725/2941 1991/2739/2948 1985/2727/2942
f 1985/2727/2942 1991/2739/2948 1986/2729/2943
f 1986/2729/2943 1991/2739/2948 1987/2731/2944
f 1987/2731/2944 1991/2739/2948 1988/2733/2945
f 1988/2733/2945 1991/2739/2948 1989/2735/2946
f 1989/2735/2946 1991/2739/2948 1990/2737/2947
f 1990/2737/2947 1991/2739/2948 1983/2724/2940
s off
f 1996/2740/2949 1997/2741/2950 1999/2742/2951 1998/2743/2952
f 1998/2743/2953 1992/2744/2954 1994/2745/2955 1996/2740/2956
f 1992/2744/2957 1993/2746/2958 1995/2747/2959 1994/2745/2960
s 381
f 2000/2748/2961 2001/2749/2962 2003/2750/2963 2002/2751/2964
s 382
f 2002/2751/2965 2003/2750/2966 2005/2752/2967 2004/2753/2968
s 383
f 2004/2753/2969 2005/2752/2970 2007/2754/2971 2006/2755/2972
s 384
f 2006/2756/2973 2007/2757/2974 2001/2749/2975 2000/2748/2976
f 2000/2748/2976 2009/2758/2977 2010/2759/2978 2006/2760/2973
s 381
f 2002/2751/2964 2008/2761/2979 2009/2758/2980 2000/2748/2961
s 382
f 2004/2753/2968 2011/2762/2981 2008/2761/2982 2002/2751/2965
s 383
f 2006/2763/2972 2010/2764/2983 2011/2762/2984 2004/2753/2969
s 385
f 2013/2765/2985 2012/2766/2986 2010/2767/2987 2009/2768/2988
f 2012/2766/2986 2013/2765/2985 660/2769/2989 657/2770/2990
s 386
f 2014/2771/2991 2013/2765/2992 2009/2768/2993 2008/2772/2994
f 2013/2765/2992 2014/2771/2991 663/2773/2995 660/2769/2996
s 387
f 2015/2774/2997 2014/2771/2998 2008/2772/2999 2011/2775/3000
f 2014/2771/2998 2015/2776/2997 666/2777/3001 663/2773/3002
s 388
f 2012/2766/3003 2015/2778/3004 2011/2779/3005 2010/2767/3006
f 2015/2780/3004 2012/2766/3003 657/2770/3007 666/2781/3008
s 389
f 2024/2782/3009 2025/2783/3010 2017/2784/3011 2016/2785/3012
f 2019/2786/3013 2025/2783/3010 2024/2782/3009 2018/2787/3014
f 674/2788/3015 2017/2784/3011 2025/2783/3010 690/2789/3016
f 2019/2786/3013 678/2790/3017 690/2789/3016 2025/2783/3010
f 2026/2791/3018 2027/2792/3019 2019/2786/3013 2018/2787/3014
f 2021/2793/3020 2027/2792/3019 2026/2791/3018 2020/2794/3021
f 2019/2786/3013 2027/2792/3019 694/2795/3022 678/2790/3017
f 2021/2793/3020 682/2796/3023 694/2795/3022 2027/2792/3019
f 2028/2797/3024 2029/2798/3025 2021/2793/3020 2020/2794/3021
f 2023/2799/3026 2029/2798/3025 2028/2797/3024 2022/2800/3027
f 2021/2793/3020 2029/2798/3025 698/2801/3028 682/2796/3023
f 2023/2799/3026 686/2802/3029 698/2801/3028 2029/2798/3025
f 2030/2803/3030 2031/2804/3031 2023/2799/3026 2022/2800/3027
f 2016/2805/3012 2017/2806/3011 2031/2804/3031 2030/2803/3030
f 2023/2799/3026 2031/2804/3031 702/2807/3032 686/2802/3029
f 674/2808/3015 702/2807/3032 2031/2804/3031 2017/2806/3011
s 390
f 2024/2809/3033 2016/2810/3034 2032/2811/3035 2040/2812/3036
f 2018/2813/3037 2024/2809/3033 2040/2812/3036 2034/2814/3038
f 2033/2815/3039 2041/2816/3040 2040/2812/3036 2032/2811/3035
f 2034/2814/3038 2040/2812/3036 2041/2816/3040 2035/2817/3041
f 2026/2818/3042 2018/2813/3037 2034/2814/3038 2042/2819/3043
f 2020/2820/3044 2026/2818/3042 2042/2819/3043 2036/2821/3045
f 2034/2814/3038 2035/2817/3041 2043/2822/3046 2042/2819/3043
f 2036/2821/3045 2042/2819/3043 2043/2822/3046 2037/2823/3047
f 2028/2824/3048 2020/2820/3044 2036/2821/3045 2044/2825/3049
f 2022/2826/3050 2028/2824/3048 2044/2825/3049 2038/2827/3051
f 2036/2821/3045 2037/2823/3047 2045/2828/3052 2044/2825/3049
f 2038/2827/3051 2044/2825/3049 2045/2828/3052 2039/2829/3053
f 2030/2830/3054 2022/2826/3050 2038/2827/3051 2046/2831/3055
f 2032/2832/3035 2016/2833/3034 2030/2830/3054 2046/2831/3055
f 2038/2827/3051 2039/2829/3053 2047/2834/3056 2046/2831/3055
f 2033/2835/3039 2032/2832/3035 2046/2831/3055 2047/2834/3056
s 391
f 2048/2836/3057 2056/2837/3058 2057/2838/3059 2049/2839/3060
f 2049/2839/3060 2057/2838/3059 2058/2840/3061 2050/2841/3062
f 2050/2841/3062 2058/2840/3061 2059/2842/3063 2051/2843/3064
f 2051/2843/3064 2059/2842/3063 2060/2844/3065 2052/2845/3066
f 2052/2845/3066 2060/2844/3065 2061/2846/3067 2053/2847/3068
f 2053/2847/3068 2061/2846/3067 2062/2848/3069 2054/2849/3070
f 2054/2849/3070 2062/2848/3069 2063/2850/3071 2055/2851/3072
f 2055/2851/3072 2063/2850/3071 2056/2852/3058 2048/2853/3057
s 392
f 2064/2854/3073 2065/2855/3074 2073/2856/3075 2072/2857/3076
f 2065/2858/3074 2066/2859/3077 2074/2860/3078 2073/2861/3075
f 2066/2859/3077 2067/2862/3079 2075/2863/3080 2074/2860/3078
f 2067/2862/3079 2068/2864/3081 2076/2865/3082 2075/2863/3080
f 2068/2864/3081 2069/2866/3083 2077/2867/3084 2076/2865/3082
f 2069/2866/3083 2070/2868/3085 2078/2869/3086 2077/2867/3084
f 2070/2868/3085 2071/2870/3087 2079/2871/3088 2078/2869/3086
f 2071/2870/3087 2064/2854/3073 2072/2857/3076 2079/2871/3088
f 2072/2857/3076 2073/2856/3075 2081/2872/3089 2080/2873/3090
f 2073/2861/3075 2074/2860/3078 2082/2874/3091 2081/2875/3089
f 2074/2860/3078 2075/2863/3080 2083/2876/3092 2082/2874/3091
f 2075/2863/3080 2076/2865/3082 2084/2877/3093 2083/2876/3092
f 2076/2865/3082 2077/2867/3084 2085/2878/3094 2084/2877/3093
f 2077/2867/3084 2078/2869/3086 2086/2879/3095 2085/2878/3094
f 2078/2869/3086 2079/2871/3088 2087/2880/3096 2086/2879/3095
f 2079/2871/3088 2072/2857/3076 2080/2873/3090 2087/2880/3096
f 2080/2873/3090 2081/2872/3089 2089/2881/3097 2088/2882/3098
f 2081/2875/3089 2082/2874/3091 2090/2883/3099 2089/2884/3097
f 2082/2874/3091 2083/2876/3092 2091/2885/3100 2090/2883/3099
f 2083/2876/3092 2084/2877/3093 2092/2886/3101 2091/2885/3100
f 2084/2877/3093 2085/2878/3094 2093/2887/3102 2092/2886/3101
f 2085/2878/3094 2086/2879/3095 2094/2888/3103 2093/2887/3102
f 2086/2879/3095 2087/2880/3096 2095/2889/3104 2094/2888/3103
f 2087/2880/3096 2080/2873/3090 2088/2882/3098 2095/2889/3104
f 2088/2882/3098 2089/2881/3097 2097/2890/3105 2096/2891/3106
f 2089/2884/3097 2090/2883/3099 2098/2892/3107 2097/2893/3105
f 2090/2883/3099 2091/2885/3100 2099/2894/3108 2098/2892/3107
f 2091/2885/3100 2092/2886/3101 2100/2895/3109 2099/2894/3108
f 2092/2886/3101 2093/2887/3102 2101/2896/3110 2100/2895/3109
f 2093/2887/3102 2094/2888/3103 2102/2897/3111 2101/2896/3110
f 2094/2888/3103 2095/2889/3104 2103/2898/3112 2102/2897/3111
f 2095/2889/3104 2088/2882/3098 2096/2891/3106 2103/2898/3112
f 2096/2891/3106 2097/2890/3105 2105/2899/3113 2104/2900/3114
f 2097/2893/3105 2098/2892/3107 2106/2901/3115 2105/2902/3113
f 2098/2892/3107 2099/2894/3108 2107/2903/3116 2106/2901/3115
f 2099/2894/3108 2100/2895/3109 2108/2904/3117 2107/2903/3116
f 2100/2895/3109 2101/2896/3110 2109/2905/3118 2108/2904/3117
f 2101/2896/3110 2102/2897/3111 2110/2906/3119 2109/2905/3118
f 2102/2897/3111 2103/2898/3112 2111/2907/3120 2110/2906/3119
f 2103/2898/3112 2096/2891/3106 2104/2900/3114 2111/2907/3120
f 2104/2900/3114 2105/2899/3113 2113/2908/3121 2112/2909/3122
f 2105/2902/3113 2106/2901/3115 2114/2910/3123 2113/2911/3121
f 2106/2901/3115 2107/2903/3116 2115/2912/3124 2114/2910/3123
f 2107/2903/3116 2108/2904/3117 2116/2913/3125 2115/2912/3124
f 2108/2904/3117 2109/2905/3118 2117/2914/3126 2116/2913/3125
f 2109/2905/3118 2110/2906/3119 2118/2915/3127 2117/2914/3126
f 2110/2906/3119 2111/2907/3120 2119/2916/3128 2118/2915/3127
f 2111/2907/3120 2104/2900/3114 2112/2909/3122 2119/2916/3128
f 2112/2909/3122 2113/2908/3121 2121/2917/3129 2120/2918/3130
f 2113/2911/3121 2114/2910/3123 2122/2919/3131 2121/2920/3129
f 2114/2910/3123 2115/2912/3124 2123/2921/3132 2122/2919/3131
f 2115/2912/3124 2116/2913/3125 2124/2922/3133 2123/2921/3132
f 2116/2913/3125 2117/2914/3126 2125/2923/3134 2124/2922/3133
f 2117/2914/3126 2118/2915/3127 2126/2924/3135 2125/2923/3134
f 2118/2915/3127 2119/2916/3128 2127/2925/3136 2126/2924/3135
f 2119/2916/3128 2112/2909/3122 2120/2918/3130 2127/2925/3136
f 2120/2926/3130 2121/2927/3129 2129/2928/3137 2128/2929/3138
f 2121/2927/3129 2122/2930/3131 2130/2931/3139 2129/2928/3137
f 2122/2930/3131 2123/2932/3132 2131/2933/3140 2130/2931/3139
f 2123/2932/3132 2124/2934/3133 2132/2935/3141 2131/2933/3140
f 2124/2934/3133 2125/2936/3134 2133/2937/3142 2132/2935/3141
f 2125/2936/3134 2126/2938/3135 2134/2939/3143 2133/2937/3142
f 2126/2938/3135 2127/2940/3136 2135/2941/3144 2134/2939/3143
f 2127/2940/3136 2120/2926/3130 2128/2929/3138 2135/2941/3144
f 2128/2929/3138 2129/2928/3137 2136/2942/3145
f 2129/2928/3137 2130/2931/3139 2136/2942/3145
f 2130/2931/3139 2131/2933/3140 2136/2942/3145
f 2131/2933/3140 2132/2935/3141 2136/2942/3145
f 2132/2935/3141 2133/2937/3142 2136/2942/3145
f 2133/2937/3142 2134/2939/3143 2136/2942/3145
f 2134/2939/3143 2135/2941/3144 2136/2942/3145
f 2135/2941/3144 2128/2929/3138 2136/2942/3145
s off
f 878/2943/3146 875/2944/3147 2138/2945/3148 2139/2946/3149
f 881/2947/3150 878/2943/3151 2139/2946/3152 2140/2948/3153
f 884/2949/3154 881/2947/3155 2140/2948/3156 2137/2950/3157
f 2138/2945/3158 875/2944/3159 884/2951/3160 2137/2952/3161
s 397
f 2141/2953/3162 2142/2954/3163 2173/2955/3164 2174/2956/3165
f 2142/2954/3163 2143/2957/3166 2172/2958/3167 2173/2955/3164
s 398
f 2144/2959/3168 2145/2960/3169 2148/2961/3170 2147/2962/3171
f 2145/2960/3169 2146/2963/3172 2149/2964/3173 2148/2961/3170
s 399
f 2169/2965/3174 2170/2966/3175 2151/2967/3176 2150/2968/3177
f 2170/2969/3175 2171/2970/3178 2152/2971/3179 2151/2972/3176
s 400
f 2150/2973/3180 2151/2974/3181 2142/2954/3182 2141/2953/3183
f 2151/2975/3181 2152/2976/3184 2143/2957/3185 2142/2954/3182
f 2141/2953/3183 2154/2977/3186 2153/2978/3187 2150/2979/3180
s 397
f 2174/2956/3165 2175/2980/3188 2154/2977/3189 2141/2953/3162
s 398
f 2147/2962/3171 2156/2981/3190 2155/2982/3191 2144/2959/3168
s 399
f 2150/2983/3177 2153/2984/3192 2168/2985/3193 2169/2986/3174
s 401
f 2157/2987/3194 2176/2988/3195 2165/2989/3196 2158/2990/3197
f 2158/2990/3197 2165/2989/3196 910/2991/3198 891/2992/3199
s 402
f 2159/2993/3200 2161/2994/3201 2162/2995/3202 2160/2996/3203
f 2160/2996/3203 2162/2995/3202 897/2997/3204 894/2998/3205
s 403
f 2167/2999/3206 2163/3000/3207 2164/3001/3208 2166/3002/3209
f 2166/3003/3209 2164/3004/3208 900/3005/3210 909/3006/3211
s 404
f 2163/3007/3212 2157/2987/3213 2158/2990/3214 2164/3008/3215
f 2164/3009/3215 2158/2990/3214 891/2992/3216 900/3010/3217
f 2157/2987/3213 2163/3011/3212 2153/3012/3218 2154/3013/3219
s 401
f 2176/2988/3195 2157/2987/3194 2154/3013/3220 2175/3014/3221
s 402
f 2161/2994/3201 2159/2993/3200 2155/3015/3222 2156/3016/3223
s 403
f 2163/3017/3207 2167/3018/3206 2168/3019/3224 2153/3020/3225
s 401
f 2165/2989/3196 2160/2996/3226 894/2998/3227 910/2991/3198
s 403
f 2162/2995/3228 2166/3003/3209 909/3006/3211 897/2997/3229
f 2161/2994/3230 2167/2999/3206 2166/3002/3209 2162/2995/3228
f 2168/3019/3224 2167/3018/3206 2161/2994/3230 2156/3016/3231
s 399
f 2169/2986/3174 2168/2985/3193 2156/2981/3232 2147/2962/3233
f 2147/2962/3233 2148/2961/3234 2170/2966/3175 2169/2965/3174
f 2148/2961/3234 2149/2964/3235 2171/2970/3178 2170/2969/3175
s 397
f 2173/2955/3164 2172/2958/3167 2146/2963/3236 2145/2960/3237
f 2174/2956/3165 2173/2955/3164 2145/2960/3237 2144/2959/3238
f 2144/2959/3238 2155/2982/3239 2175/2980/3188 2174/2956/3165
s 401
f 2159/2993/3240 2176/2988/3195 2175/3014/3221 2155/3015/3241
f 2165/2989/3196 2176/2988/3195 2159/2993/3240 2160/2996/3226
s off
f 2177/3021/3242 2178/3022/3243 2180/3023/3244 2179/3024/3245
f 2181/3025/3246 2182/3026/3247 2184/3027/3248 2183/3028/3249
f 2178/3022/3250 2184/3029/3251 2182/3030/3252 2180/3023/3253
f 2183/3028/3254 2177/3021/3255 2179/3024/3256 2181/3025/3257
f 2185/3031/3258 2187/3032/3259 2188/3033/3260 2186/3034/3261
f 2189/3035/3262 2191/3036/3263 2192/3037/3264 2190/3038/3265
f 2186/3034/3266 2188/3033/3267 2190/3039/3268 2192/3040/3269
f 2191/3036/3270 2189/3035/3271 2187/3032/3272 2185/3031/3273
s 413
f 2193/3041/3274 2194/3042/3275 2202/3043/3276 2201/3044/3277
f 2194/3042/3275 2195/3045/3278 2203/3046/3279 2202/3043/3276
f 2195/3045/3278 2196/3047/3280 2204/3048/3281 2203/3046/3279
f 2196/3047/3280 2197/3049/3282 2205/3050/3283 2204/3048/3281
f 2197/3049/3282 2198/3051/3284 2206/3052/3285 2205/3050/3283
f 2198/3051/3284 2199/3053/3286 2207/3054/3287 2206/3052/3285
f 2199/3053/3286 2200/3055/3288 2208/3056/3289 2207/3054/3287
f 2200/3055/3288 2193/3057/3274 2201/3058/3277 2208/3056/3289
s off
f 2213/3059/3290 2215/3060/3291 2216/3061/3292 2214/3062/3293
f 2215/3060/3294 2213/3059/3295 2211/3063/3296 2209/3064/3297
f 2209/3064/3298 2211/3063/3299 2212/3065/3300 2210/3066/3301
s 417
f 211/3067/3302 212/3068/3303 2218/3069/3304 2217/3070/3305
f 212/3068/3303 213/3071/3306 2219/3072/3307 2218/3069/3304
f 213/3071/3306 214/3073/3308 2220/3074/3309 2219/3072/3307
f 214/3073/3308 215/3075/3310 2221/3076/3311 2220/3074/3309
f 215/3075/3310 216/3077/3312 2222/3078/3313 2221/3076/3311
f 216/3077/3312 217/3079/3314 2223/3080/3315 2222/3078/3313
f 217/3079/3314 218/3081/3316 2224/3082/3317 2223/3080/3315
f 218/3081/3316 211/3083/3302 2217/3084/3305 2224/3082/3317
s 418
f 2225/3085/3318 2226/3086/3319 2234/3087/3320 2233/3088/3321
f 2226/3086/3319 2227/3089/3322 2235/3090/3323 2234/3087/3320
f 2227/3089/3322 2228/3091/3324 2236/3092/3325 2235/3090/3323
f 2228/3091/3324 2229/3093/3326 2237/3094/3327 2236/3092/3325
f 2229/3093/3326 2230/3095/3328 2238/3096/3329 2237/3094/3327
f 2230/3095/3328 2231/3097/3330 2239/3098/3331 2238/3096/3329
f 2231/3097/3330 2232/3099/3332 2240/3100/3333 2239/3098/3331
f 2232/3099/3332 2225/3101/3318 2233/3102/3321 2240/3100/3333
s 419
f 2241/3103/3334 2249/3104/3335 2250/3105/3336 2242/3106/3337
f 2242/3107/3337 2250/3108/3336 2251/3109/3338 2243/3110/3339
f 2243/3110/3339 2251/3109/3338 2252/3111/3340 2244/3112/3341
f 2244/3112/3341 2252/3111/3340 2253/3113/3342 2245/3114/3343
f 2245/3114/3343 2253/3113/3342 2254/3115/3344 2246/3116/3345
f 2246/3116/3345 2254/3115/3344 2255/3117/3346 2247/3118/3347
f 2247/3118/3347 2255/3117/3346 2256/3119/3348 2248/3120/3349
f 2248/3120/3349 2256/3119/3348 2249/3104/3335 2241/3103/3334
f 2249/3104/3335 2257/3121/3350 2258/3122/3351 2250/3105/3336
f 2250/3108/3336 2258/3123/3351 2259/3124/3352 2251/3109/3338
f 2251/3109/3338 2259/3124/3352 2260/3125/3353 2252/3111/3340
f 2252/3111/3340 2260/3125/3353 2261/3126/3354 2253/3113/3342
f 2253/3113/3342 2261/3126/3354 2262/3127/3355 2254/3115/3344
f 2254/3115/3344 2262/3127/3355 2263/3128/3356 2255/3117/3346
f 2255/3117/3346 2263/3128/3356 2264/3129/3357 2256/3119/3348
f 2256/3119/3348 2264/3129/3357 2257/3121/3350 2249/3104/3335
f 2257/3121/3350 2265/3130/3358 2266/3131/3359 2258/3122/3351
f 2258/3123/3351 2266/3132/3359 2267/3133/3360 2259/3124/3352
f 2259/3124/3352 2267/3133/3360 2268/3134/3361 2260/3125/3353
f 2260/3125/3353 2268/3134/3361 2269/3135/3362 2261/3126/3354
f 2261/3126/3354 2269/3135/3362 2270/3136/3363 2262/3127/3355
f 2262/3127/3355 2270/3136/3363 2271/3137/3364 2263/3128/3356
f 2263/3128/3356 2271/3137/3364 2272/3138/3365 2264/3129/3357
f 2264/3129/3357 2272/3138/3365 2265/3130/3358 2257/3121/3350
f 2265/3130/3358 2273/3139/3366 2274/3140/3367 2266/3131/3359
f 2266/3132/3359 2274/3141/3367 2275/3142/3368 2267/3133/3360
f 2267/3133/3360 2275/3142/3368 2276/3143/3369 2268/3134/3361
f 2268/3134/3361 2276/3143/3369 2277/3144/3370 2269/3135/3362
f 2269/3135/3362 2277/3144/3370 2278/3145/3371 2270/3136/3363
f 2270/3136/3363 2278/3145/3371 2279/3146/3372 2271/3137/3364
f 2271/3137/3364 2279/3146/3372 2280/3147/3373 2272/3138/3365
f 2272/3138/3365 2280/3147/3373 2273/3139/3366 2265/3130/3358
f 2273/3139/3366 2281/3148/3374 2282/3149/3375 2274/3140/3367
f 2274/3141/3367 2282/3150/3375 2283/3151/3376 2275/3142/3368
f 2275/3142/3368 2283/3151/3376 2284/3152/3377 2276/3143/3369
f 2276/3143/3369 2284/3152/3377 2285/3153/3378 2277/3144/3370
f 2277/3144/3370 2285/3153/3378 2286/3154/3379 2278/3145/3371
f 2278/3145/3371 2286/3154/3379 2287/3155/3380 2279/3146/3372
f 2279/3146/3372 2287/3155/3380 2288/3156/3381 2280/3147/3373
f 2280/3147/3373 2288/3156/3381 2281/3148/3374 2273/3139/3366
f 2281/3148/3374 2289/3157/3382 2290/3158/3383 2282/3149/3375
f 2282/3150/3375 2290/3159/3383 2291/3160/3384 2283/3151/3376
f 2283/3151/3376 2291/3160/3384 2292/3161/3385 2284/3152/3377
f 2284/3152/3377 2292/3161/3385 2293/3162/3386 2285/3153/3378
f 2285/3153/3378 2293/3162/3386 2294/3163/3387 2286/3154/3379
f 2286/3154/3379 2294/3163/3387 2295/3164/3388 2287/3155/3380
f 2287/3155/3380 2295/3164/3388 2296/3165/3389 2288/3156/3381
f 2288/3156/3381 2296/3165/3389 2289/3157/3382 2281/3148/3374
f 2289/3157/3382 2297/3166/3390 2298/3167/3391 2290/3158/3383
f 2290/3159/3383 2298/3168/3391 2299/3169/3392 2291/3160/3384
f 2291/3160/3384 2299/3169/3392 2300/3170/3393 2292/3161/3385
f 2292/3161/3385 2300/3170/3393 2301/3171/3394 2293/3162/3386
f 2293/3162/3386 2301/3171/3394 2302/3172/3395 2294/3163/3387
f 2294/3163/3387 2302/3172/3395 2303/3173/3396 2295/3164/3388
f 2295/3164/3388 2303/3173/3396 2304/3174/3397 2296/3165/3389
f 2296/3165/3389 2304/3174/3397 2297/3166/3390 2289/3157/3382
f 2297/3175/3390 2305/3176/3398 2306/3177/3399 2298/3178/3391
f 2298/3178/3391 2306/3177/3399 2307/3179/3400 2299/3180/3392
f 2299/3180/3392 2307/3179/3400 2308/3181/3401 2300/3182/3393
f 2300/3182/3393 2308/3181/3401 2309/3183/3402 2301/3184/3394
f 2301/3184/3394 2309/3183/3402 2310/3185/3403 2302/3186/3395
f 2302/3186/3395 2310/3185/3403 2311/3187/3404 2303/3188/3396
f 2303/3188/3396 2311/3187/3404 2312/3189/3405 2304/3190/3397
f 2304/3190/3397 2312/3189/3405 2305/3176/3398 2297/3175/3390
f 2305/3176/3398 2313/3191/3406 2306/3177/3399
f 2306/3177/3399 2313/3191/3406 2307/3179/3400
f 2307/3179/3400 2313/3191/3406 2308/3181/3401
f 2308/3181/3401 2313/3191/3406 2309/3183/3402
f 2309/3183/3402 2313/3191/3406 2310/3185/3403
f 2310/3185/3403 2313/3191/3406 2311/3187/3404
f 2311/3187/3404 2313/3191/3406 2312/3189/3405
f 2312/3189/3405 2313/3191/3406 2305/3176/3398
s 420
f 2314/3192/3407 2322/3193/3408 2323/3194/3409 2315/3195/3410
f 2315/3196/3410 2323/3197/3409 2324/3198/3411 2316/3199/3412
f 2316/3199/3412 2324/3198/3411 2325/3200/3413 2317/3201/3414
f 2317/3201/3414 2325/3200/3413 2326/3202/3415 2318/3203/3416
f 2318/3203/3416 2326/3202/3415 2327/3204/3417 2319/3205/3418
f 2319/3205/3418 2327/3204/3417 2328/3206/3419 2320/3207/3420
f 2320/3207/3420 2328/3206/3419 2329/3208/3421 2321/3209/3422
f 2321/3209/3422 2329/3208/3421 2322/3193/3408 2314/3192/3407
f 2322/3193/3408 2330/3210/3423 2331/3211/3424 2323/3194/3409
f 2323/3197/3409 2331/3212/3424 2332/3213/3425 2324/3198/3411
f 2324/3198/3411 2332/3213/3425 2333/3214/3426 2325/3200/3413
f 2325/3200/3413 2333/3214/3426 2334/3215/3427 2326/3202/3415
f 2326/3202/3415 2334/3215/3427 2335/3216/3428 2327/3204/3417
f 2327/3204/3417 2335/3216/3428 2336/3217/3429 2328/3206/3419
f 2328/3206/3419 2336/3217/3429 2337/3218/3430 2329/3208/3421
f 2329/3208/3421 2337/3218/3430 2330/3210/3423 2322/3193/3408
f 2330/3210/3423 2338/3219/3431 2339/3220/3432 2331/3211/3424
f 2331/3212/3424 2339/3221/3432 2340/3222/3433 2332/3213/3425
f 2332/3213/3425 2340/3222/3433 2341/3223/3434 2333/3214/3426
f 2333/3214/3426 2341/3223/3434 2342/3224/3435 2334/3215/3427
f 2334/3215/3427 2342/3224/3435 2343/3225/3436 2335/3216/3428
f 2335/3216/3428 2343/3225/3436 2344/3226/3437 2336/3217/3429
f 2336/3217/3429 2344/3226/3437 2345/3227/3438 2337/3218/3430
f 2337/3218/3430 2345/3227/3438 2338/3219/3431 2330/3210/3423
f 2338/3219/3431 2346/3228/3439 2347/3229/3440 2339/3220/3432
f 2339/3221/3432 2347/3230/3440 2348/3231/3441 2340/3222/3433
f 2340/3222/3433 2348/3231/3441 2349/3232/3442 2341/3223/3434
f 2341/3223/3434 2349/3232/3442 2350/3233/3443 2342/3224/3435
f 2342/3224/3435 2350/3233/3443 2351/3234/3444 2343/3225/3436
f 2343/3225/3436 2351/3234/3444 2352/3235/3445 2344/3226/3437
f 2344/3226/3437 2352/3235/3445 2353/3236/3446 2345/3227/3438
f 2345/3227/3438 2353/3236/3446 2346/3228/3439 2338/3219/3431
f 2346/3228/3439 2354/3237/3447 2355/3238/3448 2347/3229/3440
f 2347/3230/3440 2355/3239/3448 2356/3240/3449 2348/3231/3441
f 2348/3231/3441 2356/3240/3449 2357/3241/3450 2349/3232/3442
f 2349/3232/3442 2357/3241/3450 2358/3242/3451 2350/3233/3443
f 2350/3233/3443 2358/3242/3451 2359/3243/3452 2351/3234/3444
f 2351/3234/3444 2359/3243/3452 2360/3244/3453 2352/3235/3445
f 2352/3235/3445 2360/3244/3453 2361/3245/3454 2353/3236/3446
f 2353/3236/3446 2361/3245/3454 2354/3237/3447 2346/3228/3439
f 2354/3237/3447 2362/3246/3455 2363/3247/3456 2355/3238/3448
f 2355/3239/3448 2363/3248/3456 2364/3249/3457 2356/3240/3449
f 2356/3240/3449 2364/3249/3457 2365/3250/3458 2357/3241/3450
f 2357/3241/3450 2365/3250/3458 2366/3251/3459 2358/3242/3451
f 2358/3242/3451 2366/3251/3459 2367/3252/3460 2359/3243/3452
f 2359/3243/3452 2367/3252/3460 2368/3253/3461 2360/3244/3453
f 2360/3244/3453 2368/3253/3461 2369/3254/3462 2361/3245/3454
f 2361/3245/3454 2369/3254/3462 2362/3246/3455 2354/3237/3447
f 2362/3246/3455 2370/3255/3463 2371/3256/3464 2363/3247/3456
f 2363/3248/3456 2371/3257/3464 2372/3258/3465 2364/3249/3457
f 2364/3249/3457 2372/3258/3465 2373/3259/3466 2365/3250/3458
f 2365/3250/3458 2373/3259/3466 2374/3260/3467 2366/3251/3459
f 2366/3251/3459 2374/3260/3467 2375/3261/3468 2367/3252/3460
f 2367/3252/3460 2375/3261/3468 2376/3262/3469 2368/3253/3461
f 2368/3253/3461 2376/3262/3469 2377/3263/3470 2369/3254/3462
f 2369/3254/3462 2377/3263/3470 2370/3255/3463 2362/3246/3455
f 2370/3264/3463 2378/3265/3471 2379/3266/3472 2371/3267/3464
f 2371/3267/3464 2379/3266/3472 2380/3268/3473 2372/3269/3465
f 2372/3269/3465 2380/3268/3473 2381/3270/3474 2373/3271/3466
f 2373/3271/3466 2381/3270/3474 2382/3272/3475 2374/3273/3467
f 2374/3273/3467 2382/3272/3475 2383/3274/3476 2375/3275/3468
f 2375/3275/3468 2383/3274/3476 2384/3276/3477 2376/3277/3469
f 2376/3277/3469 2384/3276/3477 2385/3278/3478 2377/3279/3470
f 2377/3279/3470 2385/3278/3478 2378/3265/3471 2370/3264/3463
f 2378/3265/3471 2386/3280/3479 2379/3266/3472
f 2379/3266/3472 2386/3280/3479 2380/3268/3473
f 2380/3268/3473 2386/3280/3479 2381/3270/3474
f 2381/3270/3474 2386/3280/3479 2382/3272/3475
f 2382/3272/3475 2386/3280/3479 2383/3274/3476
f 2383/3274/3476 2386/3280/3479 2384/3276/3477
f 2384/3276/3477 2386/3280/3479 2385/3278/3478
f 2385/3278/3478 2386/3280/3479 2378/3265/3471
s off
f 2389/3281/3480 1296/3282/3481 1298/3283/3482 2390/3284/3483
f 2390/3284/3484 2387/3285/3485 2388/3286/3486 2389/3281/3487
f 2387/3285/3488 1292/3287/3489 1294/3288/3490 2388/3286/3491
s 424
f 2391/3289/3492 1484/3290/3493 1486/3291/3494 2392/3292/3495
s 425
f 2392/3292/3496 1486/3291/3497 1488/3293/3498 2393/3294/3499
s 426
f 2393/3294/3500 1488/3293/3501 1482/3295/3502 2394/3296/3503
s 427
f 2394/3297/3504 1482/3298/3505 1484/3290/3506 2391/3289/3507
f 2391/3289/3507 2396/3299/3508 2397/3300/3509 2394/3301/3504
s 424
f 2392/3292/3495 2395/3302/3510 2396/3299/3511 2391/3289/3492
s 425
f 2393/3294/3499 2398/3303/3512 2395/3302/3513 2392/3292/3496
s 426
f 2394/3304/3503 2397/3305/3514 2398/3303/3515 2393/3294/3500
s 428
f 2401/3306/3516 2399/3307/3517 2397/3308/3518 2396/3309/3519
f 2399/3307/3517 2401/3306/3516 2402/3310/3520 2400/3311/3521
s 429
f 2403/3312/3522 2401/3306/3523 2396/3309/3524 2395/3313/3525
f 2401/3306/3523 2403/3312/3522 2404/3314/3526 2402/3310/3527
s 430
f 2405/3315/3528 2403/3312/3529 2395/3313/3530 2398/3316/3531
f 2403/3312/3529 2405/3317/3528 2406/3318/3532 2404/3314/3533
s 431
f 2399/3307/3534 2405/3319/3535 2398/3320/3536 2397/3308/3537
f 2405/3321/3535 2399/3307/3534 2400/3311/3538 2406/3322/3539
s 432
f 2419/3323/3540 2420/3324/3541 2408/3325/3542 2407/3326/3543
f 2411/3327/3544 2420/3324/3541 2419/3323/3540 2410/3328/3545
f 2409/3329/3546 2408/3325/3542 2420/3324/3541 2421/3330/3547
f 2411/3327/3544 2412/3331/3548 2421/3330/3547 2420/3324/3541
f 2422/3332/3549 2423/3333/3550 2411/3327/3544 2410/3328/3545
f 2414/3334/3551 2423/3333/3550 2422/3332/3549 2413/3335/3552
f 2411/3327/3544 2423/3333/3550 2424/3336/3553 2412/3331/3548
f 2414/3334/3551 2415/3337/3554 2424/3336/3553 2423/3333/3550
f 2425/3338/3555 2426/3339/3556 2414/3334/3551 2413/3335/3552
f 2417/3340/3557 2426/3339/3556 2425/3338/3555 2416/3341/3558
f 2414/3334/3551 2426/3339/3556 2427/3342/3559 2415/3337/3554
f 2417/3340/3557 2418/3343/3560 2427/3342/3559 2426/3339/3556
f 2428/3344/3561 2429/3345/3562 2417/3340/3557 2416/3341/3558
f 2407/3346/3543 2408/3347/3542 2429/3345/3562 2428/3344/3561
f 2417/3340/3557 2429/3345/3562 2430/3348/3563 2418/3343/3560
f 2409/3349/3546 2430/3348/3563 2429/3345/3562 2408/3347/3542
s 433
f 2419/3350/3564 2407/3351/3565 2431/3352/3566 2435/3353/3567
f 2410/3354/3568 2419/3350/3564 2435/3353/3567 2432/3355/3569
f 1491/3356/3570 1503/3357/3571 2435/3353/3567 2431/3352/3566
f 2432/3355/3569 2435/3353/3567 1503/3357/3571 1494/3358/3572
f 2422/3359/3573 2410/3354/3568 2432/3355/3569 2436/3360/3574
f 2413/3361/3575 2422/3359/3573 2436/3360/3574 2433/3362/3576
f 2432/3355/3569 1494/3358/3572 1506/3363/3577 2436/3360/3574
f 2433/3362/3576 2436/3360/3574 1506/3363/3577 1497/3364/3578
f 2425/3365/3579 2413/3361/3575 2433/3362/3576 2437/3366/3580
f 2416/3367/3581 2425/3365/3579 2437/3366/3580 2434/3368/3582
f 2433/3362/3576 1497/3364/3578 1509/3369/3583 2437/3366/3580
f 2434/3368/3582 2437/3366/3580 1509/3369/3583 1500/3370/3584
f 2428/3371/3585 2416/3367/3581 2434/3368/3582 2438/3372/3586
f 2431/3373/3566 2407/3374/3565 2428/3371/3585 2438/3372/3586
f 2434/3368/3582 1500/3370/3584 1512/3375/3587 2438/3372/3586
f 1491/3376/3570 2431/3373/3566 2438/3372/3586 1512/3375/3587
s 434
f 2439/3377/3588 2447/3378/3589 2448/3379/3590 2440/3380/3591
f 2440/3380/3591 2448/3379/3590 2449/3381/3592 2441/3382/3593
f 2441/3382/3593 2449/3381/3592 2450/3383/3594 2442/3384/3595
f 2442/3384/3595 2450/3383/3594 2451/3385/3596 2443/3386/3597
f 2443/3386/3597 2451/3385/3596 2452/3387/3598 2444/3388/3599
f 2444/3388/3599 2452/3387/3598 2453/3389/3600 2445/3390/3601
f 2445/3390/3601 2453/3389/3600 2454/3391/3602 2446/3392/3603
f 2446/3392/3603 2454/3391/3602 2447/3393/3589 2439/3394/3588
s 435
f 2455/3395/3604 2456/3396/3605 2464/3397/3606 2463/3398/3607
f 2456/3399/3605 2457/3400/3608 2465/3401/3609 2464/3402/3606
f 2457/3400/3608 2458/3403/3610 2466/3404/3611 2465/3401/3609
f 2458/3403/3610 2459/3405/3612 2467/3406/3613 2466/3404/3611
f 2459/3405/3612 2460/3407/3614 2468/3408/3615 2467/3406/3613
f 2460/3407/3614 2461/3409/3616 2469/3410/3617 2468/3408/3615
f 2461/3409/3616 2462/3411/3618 2470/3412/3619 2469/3410/3617
f 2462/3411/3618 2455/3395/3604 2463/3398/3607 2470/3412/3619
f 2463/3398/3607 2464/3397/3606 2472/3413/3620 2471/3414/3621
f 2464/3402/3606 2465/3401/3609 2473/3415/3622 2472/3416/3620
f 2465/3401/3609 2466/3404/3611 2474/3417/3623 2473/3415/3622
f 2466/3404/3611 2467/3406/3613 2475/3418/3624 2474/3417/3623
f 2467/3406/3613 2468/3408/3615 2476/3419/3625 2475/3418/3624
f 2468/3408/3615 2469/3410/3617 2477/3420/3626 2476/3419/3625
f 2469/3410/3617 2470/3412/3619 2478/3421/3627 2477/3420/3626
f 2470/3412/3619 2463/3398/3607 2471/3414/3621 2478/3421/3627
f 2471/3414/3621 2472/3413/3620 2480/3422/3628 2479/3423/3629
f 2472/3416/3620 2473/3415/3622 2481/3424/3630 2480/3425/3628
f 2473/3415/3622 2474/3417/3623 2482/3426/3631 2481/3424/3630
f 2474/3417/3623 2475/3418/3624 2483/3427/3632 2482/3426/3631
f 2475/3418/3624 2476/3419/3625 2484/3428/3633 2483/3427/3632
f 2476/3419/3625 2477/3420/3626 2485/3429/3634 2484/3428/3633
f 2477/3420/3626 2478/3421/3627 2486/3430/3635 2485/3429/3634
f 2478/3421/3627 2471/3414/3621 2479/3423/3629 2486/3430/3635
f 2479/3423/3629 2480/3422/3628 2488/3431/3636 2487/3432/3637
f 2480/3425/3628 2481/3424/3630 2489/3433/3638 2488/3434/3636
f 2481/3424/3630 2482/3426/3631 2490/3435/3639 2489/3433/3638
f 2482/3426/3631 2483/3427/3632 2491/3436/3640 2490/3435/3639
f 2483/3427/3632 2484/3428/3633 2492/3437/3641 2491/3436/3640
f 2484/3428/3633 2485/3429/3634 2493/3438/3642 2492/3437/3641
f 2485/3429/3634 2486/3430/3635 2494/3439/3643 2493/3438/3642
f 2486/3430/3635 2479/3423/3629 2487/3432/3637 2494/3439/3643
f 2487/3432/3637 2488/3431/3636 2496/3440/3644 2495/3441/3645
f 2488/3434/3636 2489/3433/3638 2497/3442/3646 2496/3443/3644
f 2489/3433/3638 2490/3435/3639 2498/3444/3647 2497/3442/3646
f 2490/3435/3639 2491/3436/3640 2499/3445/3648 2498/3444/3647
f 2491/3436/3640 2492/3437/3641 2500/3446/3649 2499/3445/3648
f 2492/3437/3641 2493/3438/3642 2501/3447/3650 2500/3446/3649
f 2493/3438/3642 2494/3439/3643 2502/3448/3651 2501/3447/3650
f 2494/3439/3643 2487/3432/3637 2495/3441/3645 2502/3448/3651
f 2495/3441/3645 2496/3440/3644 2504/3449/3652 2503/3450/3653
f 2496/3443/3644 2497/3442/3646 2505/3451/3654 2504/3452/3652
f 2497/3442/3646 2498/3444/3647 2506/3453/3655 2505/3451/3654
f 2498/3444/3647 2499/3445/3648 2507/3454/3656 2506/3453/3655
f 2499/3445/3648 2500/3446/3649 2508/3455/3657 2507/3454/3656
f 2500/3446/3649 2501/3447/3650 2509/3456/3658 2508/3455/3657
f 2501/3447/3650 2502/3448/3651 2510/3457/3659 2509/3456/3658
f 2502/3448/3651 2495/3441/3645 2503/3450/3653 2510/3457/3659
f 2503/3450/3653 2504/3449/3652 2512/3458/3660 2511/3459/3661
f 2504/3452/3652 2505/3451/3654 2513/3460/3662 2512/3461/3660
f 2505/3451/3654 2506/3453/3655 2514/3462/3663 2513/3460/3662
f 2506/3453/3655 2507/3454/3656 2515/3463/3664 2514/3462/3663
f 2507/3454/3656 2508/3455/3657 2516/3464/3665 2515/3463/3664
f 2508/3455/3657 2509/3456/3658 2517/3465/3666 2516/3464/3665
f 2509/3456/3658 2510/3457/3659 2518/3466/3667 2517/3465/3666
f 2510/3457/3659 2503/3450/3653 2511/3459/3661 2518/3466/3667
f 2511/3467/3661 2512/3468/3660 2520/3469/3668 2519/3470/3669
f 2512/3468/3660 2513/3471/3662 2521/3472/3670 2520/3469/3668
f 2513/3471/3662 2514/3473/3663 2522/3474/3671 2521/3472/3670
f 2514/3473/3663 2515/3475/3664 2523/3476/3672 2522/3474/3671
f 2515/3475/3664 2516/3477/3665 2524/3478/3673 2523/3476/3672
f 2516/3477/3665 2517/3479/3666 2525/3480/3674 2524/3478/3673
f 2517/3479/3666 2518/3481/3667 2526/3482/3675 2525/3480/3674
f 2518/3481/3667 2511/3467/3661 2519/3470/3669 2526/3482/3675
f 2519/3470/3669 2520/3469/3668 2527/3483/3676
f 2520/3469/3668 2521/3472/3670 2527/3483/3676
f 2521/3472/3670 2522/3474/3671 2527/3483/3676
f 2522/3474/3671 2523/3476/3672 2527/3483/3676
f 2523/3476/3672 2524/3478/3673 2527/3483/3676
f 2524/3478/3673 2525/3480/3674 2527/3483/3676
f 2525/3480/3674 2526/3482/3675 2527/3483/3676
f 2526/3482/3675 2519/3470/3669 2527/3483/3676
s off
f 2529/3484/3677 2528/3485/3678 1610/3486/3679 1611/3487/3680
f 2530/3488/3681 2529/3484/3682 1611/3487/3683 1612/3489/3684
f 2531/3490/3685 2530/3488/3686 1612/3489/3687 1613/3491/3688
f 1610/3486/3689 2528/3485/3690 2531/3492/3691 1613/3493/3692
s 440
f 2532/3494/3693 2533/3495/3694 2564/3496/3695 2565/3497/3696
f 2533/3495/3694 1628/3498/3697 1639/3499/3698 2564/3496/3695
s 441
f 2534/3500/3699 2535/3501/3700 2537/3502/3701 2536/3503/3702
f 2535/3501/3700 1631/3504/3703 1634/3505/3704 2537/3502/3701
s 442
f 2562/3506/3705 2563/3507/3706 2539/3508/3707 2538/3509/3708
f 2563/3510/3706 1640/3511/3709 1637/3512/3710 2539/3513/3707
s 443
f 2538/3514/3711 2539/3515/3712 2533/3495/3713 2532/3494/3714
f 2539/3516/3712 1637/3517/3715 1628/3498/3716 2533/3495/3713
f 2532/3494/3714 2541/3518/3717 2540/3519/3718 2538/3520/3711
s 440
f 2565/3497/3696 2566/3521/3719 2541/3518/3720 2532/3494/3693
s 441
f 2536/3503/3702 2543/3522/3721 2542/3523/3722 2534/3500/3699
s 442
f 2538/3524/3708 2540/3525/3723 2561/3526/3724 2562/3527/3705
s 444
f 2544/3528/3725 2567/3529/3726 2556/3530/3727 2545/3531/3728
f 2545/3531/3728 2556/3530/3727 2557/3532/3729 2546/3533/3730
s 445
f 2547/3534/3731 2550/3535/3732 2551/3536/3733 2548/3537/3734
f 2548/3537/3734 2551/3536/3733 2552/3538/3735 2549/3539/3736
s 446
f 2560/3540/3737 2553/3541/3738 2554/3542/3739 2559/3543/3740
f 2559/3544/3740 2554/3545/3739 2555/3546/3741 2558/3547/3742
s 447
f 2553/3548/3743 2544/3528/3744 2545/3531/3745 2554/3549/3746
f 2554/3550/3746 2545/3531/3745 2546/3533/3747 2555/3551/3748
f 2544/3528/3744 2553/3552/3743 2540/3553/3749 2541/3554/3750
s 444
f 2567/3529/3726 2544/3528/3725 2541/3554/3751 2566/3555/3752
s 445
f 2550/3535/3732 2547/3534/3731 2542/3556/3753 2543/3557/3754
s 446
f 2553/3558/3738 2560/3559/3737 2561/3560/3755 2540/3561/3756
s 444
f 2556/3530/3727 2548/3537/3757 2549/3539/3758 2557/3532/3729
s 446
f 2551/3536/3759 2559/3544/3740 2558/3547/3742 2552/3538/3760
f 2550/3535/3761 2560/3540/3737 2559/3543/3740 2551/3536/3759
f 2561/3560/3755 2560/3559/3737 2550/3535/3761 2543/3557/3762
s 442
f 2562/3527/3705 2561/3526/3724 2543/3522/3763 2536/3503/3764
f 2536/3503/3764 2537/3502/3765 2563/3507/3706 2562/3506/3705
f 2537/3502/3765 1634/3505/3766 1640/3511/3709 2563/3510/3706
s 440
f 2564/3496/3695 1639/3499/3698 1631/3504/3767 2535/3501/3768
f 2565/3497/3696 2564/3496/3695 2535/3501/3768 2534/3500/3769
f 2534/3500/3769 2542/3523/3770 2566/3521/3719 2565/3497/3696
s 444
f 2547/3534/3771 2567/3529/3726 2566/3555/3752 2542/3556/3772
f 2556/3530/3727 2567/3529/3726 2547/3534/3771 2548/3537/3757
s off
f 2568/3562/3773 2569/3563/3774 2571/3564/3775 2570/3565/3776
f 2572/3566/3777 2573/3567/3778 2575/3568/3779 2574/3569/3780
f 2569/3563/3781 2575/3570/3782 2573/3571/3783 2571/3564/3784
f 2574/3569/3785 2568/3562/3786 2570/3565/3787 2572/3566/3788
f 2576/3572/3789 2578/3573/3790 2579/3574/3791 2577/3575/3792
f 2580/3576/3793 2582/3577/3794 2583/3578/3795 2581/3579/3796
f 2577/3575/3797 2579/3574/3798 2581/3580/3799 2583/3581/3800
f 2582/3577/3801 2580/3576/3802 2578/3573/3803 2576/3572/3804
f 2586/3582/3805 2587/3583/3806 2589/3584/3807 2588/3585/3808
f 2590/3586/3809 2591/3587/3810 2585/3588/3811 2584/3589/3812
f 2585/3590/3813 2591/3591/3814 2589/3584/3815 2587/3583/3816
f 2590/3586/3817 2584/3589/3818 2586/3582/3819 2588/3585/3820
f 2594/3592/3821 2595/3593/3822 2597/3594/3823 2596/3595/3824
f 2598/3596/3825 2599/3597/3826 2593/3598/3827 2592/3599/3828
f 2593/3600/3829 2599/3601/3830 2597/3594/3831 2595/3593/3832
f 2598/3596/3833 2592/3599/3834 2594/3592/3835 2596/3595/3836
f 2602/3602/3837 2603/3603/3838 2605/3604/3839 2604/3605/3840
f 2606/3606/3841 2607/3607/3842 2601/3608/3843 2600/3609/3844
f 2601/3610/3845 2607/3611/3846 2605/3604/3847 2603/3603/3848
f 2606/3606/3849 2600/3609/3850 2602/3602/3851 2604/3605/3852
f 2610/3612/3853 2611/3613/3854 2613/3614/3855 2612/3615/3856
f 2614/3616/3857 2615/3617/3858 2609/3618/3859 2608/3619/3860
f 2609/3620/3861 2615/3621/3862 2613/3614/3863 2611/3613/3864
f 2614/3616/3865 2608/3619/3866 2610/3612/3867 2612/3615/3868
f 2618/3622/3869 2619/3623/3870 2621/3624/3871 2620/3625/3872
f 2622/3626/3873 2623/3627/3874 2617/3628/3875 2616/3629/3876
f 2617/3630/3877 2623/3631/3878 2621/3624/3879 2619/3623/3880
f 2622/3626/3881 2616/3629/3882 2618/3622/3883 2620/3625/3884
f 2626/3632/3885 2627/3633/3886 2629/3634/3887 2628/3635/3888
f 2630/3636/3889 2631/3637/3890 2625/3638/3891 2624/3639/3892
f 2625/3640/3893 2631/3641/3894 2629/3634/3895 2627/3633/3896
f 2630/3636/3897 2624/3639/3898 2626/3632/3899 2628/3635/3900
f 2634/3642/3901 2635/3643/3902 2637/3644/3903 2636/3645/3904
f 2638/3646/3905 2639/3647/3906 2633/3648/3907 2632/3649/3908
f 2633/3650/3909 2639/3651/3910 2637/3644/3911 2635/3643/3912
f 2638/3646/3913 2632/3649/3914 2634/3652/3915 2636/3653/3916
f 2642/3654/3917 2643/3655/3918 2645/3656/3919 2644/3657/3920
f 2646/3658/3921 2647/3659/3922 2641/3660/3923 2640/3661/3924
f 2641/3662/3925 2647/3663/3926 2645/3656/3927 2643/3655/3928
f 2646/3658/3929 2640/3661/3930 2642/3664/3931 2644/3665/3932
f 2650/3666/3933 2651/3667/3934 2653/3668/3935 2652/3669/3936
f 2654/3670/3937 2655/3671/3938 2649/3672/3939 2648/3673/3940
f 2649/3674/3941 2655/3675/3942 2653/3668/3943 2651/3667/3944
f 2654/3670/3945 2648/3673/3946 2650/3676/3947 2652/3677/3948
f 2658/3678/3949 2659/3679/3950 2661/3680/3951 2660/3681/3952
f 2662/3682/3953 2663/3683/3954 2657/3684/3955 2656/3685/3956
f 2657/3686/3957 2663/3687/3958 2661/3680/3959 2659/3679/3960
f 2662/3682/3961 2656/3685/3962 2658/3688/3963 2660/3689/3964
f 2666/3690/3965 2667/3691/3966 2669/3692/3967 2668/3693/3968
f 2670/3694/3969 2671/3695/3970 2665/3696/3971 2664/3697/3972
f 2665/3698/3973 2671/3699/3974 2669/3692/3975 2667/3691/3976
f 2670/3694/3977 2664/3697/3978 2666/3690/3979 2668/3693/3980
f 2674/3700/3981 2675/3701/3982 2677/3702/3983 2676/3703/3984
f 2678/3704/3985 2679/3705/3986 2673/3706/3987 2672/3707/3988
f 2673/3708/3989 2679/3709/3990 2677/3702/3991 2675/3701/3992
f 2678/3704/3993 2672/3707/3994 2674/3700/3995 2676/3703/3996
f 2682/3710/3997 2683/3711/3998 2685/3712/3999 2684/3713/4000
f 2686/3714/4001 2687/3715/4002 2681/3716/4003 2680/3717/4004
f 2681/3718/4005 2687/3719/4006 2685/3712/4007 2683/3711/4008
f 2686/3714/4009 2680/3717/4010 2682/3710/4011 2684/3713/4012
f 2690/3720/4013 2691/3721/4014 2693/3722/4015 2692/3723/4016
f 2694/3724/4017 2695/3725/4018 2689/3726/4019 2688/3727/4020
f 2689/3728/4021 2695/3729/4022 2693/3722/4023 2691/3721/4024
f 2694/3724/4025 2688/3727/4026 2690/3720/4027 2692/3723/4028
f 2698/3730/4029 2699/3731/4030 2701/3732/4031 2700/3733/4032
f 2702/3734/4033 2703/3735/4034 2697/3736/4035 2696/3737/4036
f 2697/3738/4037 2703/3739/4038 2701/3732/4039 2699/3731/4040
f 2702/3734/4041 2696/3737/4042 2698/3730/4043 2700/3733/4044
f 2706/3740/4045 2707/3741/4046 2709/3742/4047 2708/3743/4048
f 2710/3744/4049 2711/3745/4050 2705/3746/4051 2704/3747/4052
f 2705/3748/4053 2711/3749/4054 2709/3742/4055 2707/3741/4056
f 2710/3744/4057 2704/3747/4058 2706/3750/4059 2708/3751/4060
f 2714/3752/4061 2715/3753/4062 2717/3754/4063 2716/3755/4064
f 2718/3756/4065 2719/3757/4066 2713/3758/4067 2712/3759/4068
f 2713/3760/4069 2719/3761/4070 2717/3754/4071 2715/3753/4072
f 2718/3756/4073 2712/3759/4074 2714/3762/4075 2716/3763/4076
f 2722/3764/4077 2723/3765/4078 2725/3766/4079 2724/3767/4080
f 2726/3768/4081 2727/3769/4082 2721/3770/4083 2720/3771/4084
f 2721/3772/4085 2727/3773/4086 2725/3766/4087 2723/3765/4088
f 2726/3768/4089 2720/3771/4090 2722/3774/4091 2724/3775/4092
f 2730/3776/4093 2731/3777/4094 2733/3778/4095 2732/3779/4096
f 2734/3780/4097 2735/3781/4098 2729/3782/4099 2728/3783/4100
f 2729/3784/4101 2735/3785/4102 2733/3778/4103 2731/3777/4104
f 2734/3780/4105 2728/3783/4106 2730/3786/4107 2732/3787/4108
f 2738/3788/4109 2739/3789/4110 1999/3790/4111 1997/3791/4112
f 2739/3789/4113 2738/3788/4114 2737/3792/4115 2736/3793/4116
f 2736/3793/4117 2737/3792/4118 1995/3794/4119 1993/3795/4120
s 535
f 219/3796/4121 220/3797/4122 2741/3798/4123 2740/3799/4124
f 220/3797/4122 221/3800/4125 2742/3801/4126 2741/3798/4123
f 221/3800/4125 222/3802/4127 2743/3803/4128 2742/3801/4126
f 222/3802/4127 223/3804/4129 2744/3805/4130 2743/3803/4128
f 223/3804/4129 224/3806/4131 2745/3807/4132 2744/3805/4130
f 224/3806/4131 225/3808/4133 2746/3809/4134 2745/3807/4132
f 225/3808/4133 226/3810/4135 2747/3811/4136 2746/3809/4134
f 226/3810/4135 219/3812/4121 2740/3813/4124 2747/3811/4136
s 536
f 2748/3814/4137 2749/3815/4138 2757/3816/4139 2756/3817/4140
f 2749/3815/4138 2750/3818/4141 2758/3819/4142 2757/3816/4139
f 2750/3818/4141 2751/3820/4143 2759/3821/4144 2758/3819/4142
f 2751/3820/4143 2752/3822/4145 2760/3823/4146 2759/3821/4144
f 2752/3822/4145 2753/3824/4147 2761/3825/4148 2760/3823/4146
f 2753/3824/4147 2754/3826/4149 2762/3827/4150 2761/3825/4148
f 2754/3826/4149 2755/3828/4151 2763/3829/4152 2762/3827/4150
f 2755/3828/4151 2748/3830/4137 2756/3831/4140 2763/3829/4152
s 537
f 2764/3832/4153 2772/3833/4154 2773/3834/4155 2765/3835/4156
f 2765/3836/4156 2773/3837/4155 2774/3838/4157 2766/3839/4158
f 2766/3839/4158 2774/3838/4157 2775/3840/4159 2767/3841/4160
f 2767/3841/4160 2775/3840/4159 2776/3842/4161 2768/3843/4162
f 2768/3843/4162 2776/3842/4161 2777/3844/4163 2769/3845/4164
f 2769/3845/4164 2777/3844/4163 2778/3846/4165 2770/3847/4166
f 2770/3847/4166 2778/3846/4165 2779/3848/4167 2771/3849/4168
f 2771/3849/4168 2779/3848/4167 2772/3833/4154 2764/3832/4153
f 2772/3833/4154 2780/3850/4169 2781/3851/4170 2773/3834/4155
f 2773/3837/4155 2781/3852/4170 2782/3853/4171 2774/3838/4157
f 2774/3838/4157 2782/3853/4171 2783/3854/4172 2775/3840/4159
f 2775/3840/4159 2783/3854/4172 2784/3855/4173 2776/3842/4161
f 2776/3842/4161 2784/3855/4173 2785/3856/4174 2777/3844/4163
f 2777/3844/4163 2785/3856/4174 2786/3857/4175 2778/3846/4165
f 2778/3846/4165 2786/3857/4175 2787/3858/4176 2779/3848/4167
f 2779/3848/4167 2787/3858/4176 2780/3850/4169 2772/3833/4154
f 2780/3850/4169 2788/3859/4177 2789/3860/4178 2781/3851/4170
f 2781/3852/4170 2789/3861/4178 2790/3862/4179 2782/3853/4171
f 2782/3853/4171 2790/3862/4179 2791/3863/4180 2783/3854/4172
f 2783/3854/4172 2791/3863/4180 2792/3864/4181 2784/3855/4173
f 2784/3855/4173 2792/3864/4181 2793/3865/4182 2785/3856/4174
f 2785/3856/4174 2793/3865/4182 2794/3866/4183 2786/3857/4175
f 2786/3857/4175 2794/3866/4183 2795/3867/4184 2787/3858/4176
f 2787/3858/4176 2795/3867/4184 2788/3859/4177 2780/3850/4169
f 2788/3859/4177 2796/3868/4185 2797/3869/4186 2789/3860/4178
f 2789/3861/4178 2797/3870/4186 2798/3871/4187 2790/3862/4179
f 2790/3862/4179 2798/3871/4187 2799/3872/4188 2791/3863/4180
f 2791/3863/4180 2799/3872/4188 2800/3873/4189 2792/3864/4181
f 2792/3864/4181 2800/3873/4189 2801/3874/4190 2793/3865/4182
f 2793/3865/4182 2801/3874/4190 2802/3875/4191 2794/3866/4183
f 2794/3866/4183 2802/3875/4191 2803/3876/4192 2795/3867/4184
f 2795/3867/4184 2803/3876/4192 2796/3868/4185 2788/3859/4177
f 2796/3868/4185 2804/3877/4193 2805/3878/4194 2797/3869/4186
f 2797/3870/4186 2805/3879/4194 2806/3880/4195 2798/3871/4187
f 2798/3871/4187 2806/3880/4195 2807/3881/4196 2799/3872/4188
f 2799/3872/4188 2807/3881/4196 2808/3882/4197 2800/3873/4189
f 2800/3873/4189 2808/3882/4197 2809/3883/4198 2801/3874/4190
f 2801/3874/4190 2809/3883/4198 2810/3884/4199 2802/3875/4191
f 2802/3875/4191 2810/3884/4199 2811/3885/4200 2803/3876/4192
f 2803/3876/4192 2811/3885/4200 2804/3877/4193 2796/3868/4185
f 2804/3877/4193 2812/3886/4201 2813/3887/4202 2805/3878/4194
f 2805/3879/4194 2813/3888/4202 2814/3889/4203 2806/3880/4195
f 2806/3880/4195 2814/3889/4203 2815/3890/4204 2807/3881/4196
f 2807/3881/4196 2815/3890/4204 2816/3891/4205 2808/3882/4197
f 2808/3882/4197 2816/3891/4205 2817/3892/4206 2809/3883/4198
f 2809/3883/4198 2817/3892/4206 2818/3893/4207 2810/3884/4199
f 2810/3884/4199 2818/3893/4207 2819/3894/4208 2811/3885/4200
f 2811/3885/4200 2819/3894/4208 2812/3886/4201 2804/3877/4193
f 2812/3886/4201 2820/3895/4209 2821/3896/4210 2813/3887/4202
f 2813/3888/4202 2821/3897/4210 2822/3898/4211 2814/3889/4203
f 2814/3889/4203 2822/3898/4211 2823/3899/4212 2815/3890/4204
f 2815/3890/4204 2823/3899/4212 2824/3900/4213 2816/3891/4205
f 2816/3891/4205 2824/3900/4213 2825/3901/4214 2817/3892/4206
f 2817/3892/4206 2825/3901/4214 2826/3902/4215 2818/3893/4207
f 2818/3893/4207 2826/3902/4215 2827/3903/4216 2819/3894/4208
f 2819/3894/4208 2827/3903/4216 2820/3895/4209 2812/3886/4201
f 2820/3904/4209 2828/3905/4217 2829/3906/4218 2821/3907/4210
f 2821/3907/4210 2829/3906/4218 2830/3908/4219 2822/3909/4211
f 2822/3909/4211 2830/3908/4219 2831/3910/4220 2823/3911/4212
f 2823/3911/4212 2831/3910/4220 2832/3912/4221 2824/3913/4213
f 2824/3913/4213 2832/3912/4221 2833/3914/4222 2825/3915/4214
f 2825/3915/4214 2833/3914/4222 2834/3916/4223 2826/3917/4215
f 2826/3917/4215 2834/3916/4223 2835/3918/4224 2827/3919/4216
f 2827/3919/4216 2835/3918/4224 2828/3905/4217 2820/3904/4209
f 2828/3905/4217 2836/3920/4225 2829/3906/4218
f 2829/3906/4218 2836/3920/4225 2830/3908/4219
f 2830/3908/4219 2836/3920/4225 2831/3910/4220
f 2831/3910/4220 2836/3920/4225 2832/3912/4221
f 2832/3912/4221 2836/3920/4225 2833/3914/4222
f 2833/3914/4222 2836/3920/4225 2834/3916/4223
f 2834/3916/4223 2836/3920/4225 2835/3918/4224
f 2835/3918/4224 2836/3920/4225 2828/3905/4217
s 538
f 2837/3921/4226 2845/3922/4227 2846/3923/4228 2838/3924/4229
f 2838/3925/4229 2846/3926/4228 2847/3927/4230 2839/3928/4231
f 2839/3928/4231 2847/3927/4230 2848/3929/4232 2840/3930/4233
f 2840/3930/4233 2848/3929/4232 2849/3931/4234 2841/3932/4235
f 2841/3932/4235 2849/3931/4234 2850/3933/4236 2842/3934/4237
f 2842/3934/4237 2850/3933/4236 2851/3935/4238 2843/3936/4239
f 2843/3936/4239 2851/3935/4238 2852/3937/4240 2844/3938/4241
f 2844/3938/4241 2852/3937/4240 2845/3922/4227 2837/3921/4226
f 2845/3922/4227 2853/3939/4242 2854/3940/4243 2846/3923/4228
f 2846/3926/4228 2854/3941/4243 2855/3942/4244 2847/3927/4230
f 2847/3927/4230 2855/3942/4244 2856/3943/4245 2848/3929/4232
f 2848/3929/4232 2856/3943/4245 2857/3944/4246 2849/3931/4234
f 2849/3931/4234 2857/3944/4246 2858/3945/4247 2850/3933/4236
f 2850/3933/4236 2858/3945/4247 2859/3946/4248 2851/3935/4238
f 2851/3935/4238 2859/3946/4248 2860/3947/4249 2852/3937/4240
f 2852/3937/4240 2860/3947/4249 2853/3939/4242 2845/3922/4227
f 2853/3939/4242 2861/3948/4250 2862/3949/4251 2854/3940/4243
f 2854/3941/4243 2862/3950/4251 2863/3951/4252 2855/3942/4244
f 2855/3942/4244 2863/3951/4252 2864/3952/4253 2856/3943/4245
f 2856/3943/4245 2864/3952/4253 2865/3953/4254 2857/3944/4246
f 2857/3944/4246 2865/3953/4254 2866/3954/4255 2858/3945/4247
f 2858/3945/4247 2866/3954/4255 2867/3955/4256 2859/3946/4248
f 2859/3946/4248 2867/3955/4256 2868/3956/4257 2860/3947/4249
f 2860/3947/4249 2868/3956/4257 2861/3948/4250 2853/3939/4242
f 2861/3948/4250 2869/3957/4258 2870/3958/4259 2862/3949/4251
f 2862/3950/4251 2870/3959/4259 2871/3960/4260 2863/3951/4252
f 2863/3951/4252 2871/3960/4260 2872/3961/4261 2864/3952/4253
f 2864/3952/4253 2872/3961/4261 2873/3962/4262 2865/3953/4254
f 2865/3953/4254 2873/3962/4262 2874/3963/4263 2866/3954/4255
f 2866/3954/4255 2874/3963/4263 2875/3964/4264 2867/3955/4256
f 2867/3955/4256 2875/3964/4264 2876/3965/4265 2868/3956/4257
f 2868/3956/4257 2876/3965/4265 2869/3957/4258 2861/3948/4250
f 2869/3957/4258 2877/3966/4266 2878/3967/4267 2870/3958/4259
f 2870/3959/4259 2878/3968/4267 2879/3969/4268 2871/3960/4260
f 2871/3960/4260 2879/3969/4268 2880/3970/4269 2872/3961/4261
f 2872/3961/4261 2880/3970/4269 2881/3971/4270 2873/3962/4262
f 2873/3962/4262 2881/3971/4270 2882/3972/4271 2874/3963/4263
f 2874/3963/4263 2882/3972/4271 2883/3973/4272 2875/3964/4264
f 2875/3964/4264 2883/3973/4272 2884/3974/4273 2876/3965/4265
f 2876/3965/4265 2884/3974/4273 2877/3966/4266 2869/3957/4258
f 2877/3966/4266 2885/3975/4274 2886/3976/4275 2878/3967/4267
f 2878/3968/4267 2886/3977/4275 2887/3978/4276 2879/3969/4268
f 2879/3969/4268 2887/3978/4276 2888/3979/4277 2880/3970/4269
f 2880/3970/4269 2888/3979/4277 2889/3980/4278 2881/3971/4270
f 2881/3971/4270 2889/3980/4278 2890/3981/4279 2882/3972/4271
f 2882/3972/4271 2890/3981/4279 2891/3982/4280 2883/3973/4272
f 2883/3973/4272 2891/3982/4280 2892/3983/4281 2884/3974/4273
f 2884/3974/4273 2892/3983/4281 2885/3975/4274 2877/3966/4266
f 2885/3975/4274 2893/3984/4282 2894/3985/4283 2886/3976/4275
f 2886/3977/4275 2894/3986/4283 2895/3987/4284 2887/3978/4276
f 2887/3978/4276 2895/3987/4284 2896/3988/4285 2888/3979/4277
f 2888/3979/4277 2896/3988/4285 2897/3989/4286 2889/3980/4278
f 2889/3980/4278 2897/3989/4286 2898/3990/4287 2890/3981/4279
f 2890/3981/4279 2898/3990/4287 2899/3991/4288 2891/3982/4280
f 2891/3982/4280 2899/3991/4288 2900/3992/4289 2892/3983/4281
f 2892/3983/4281 2900/3992/4289 2893/3984/4282 2885/3975/4274
f 2893/3993/4282 2901/3994/4290 2902/3995/4291 2894/3996/4283
f 2894/3996/4283 2902/3995/4291 2903/3997/4292 2895/3998/4284
f 2895/3998/4284 2903/3997/4292 2904/3999/4293 2896/4000/4285
f 2896/4000/4285 2904/3999/4293 2905/4001/4294 2897/4002/4286
f 2897/4002/4286 2905/4001/4294 2906/4003/4295 2898/4004/4287
f 2898/4004/4287 2906/4003/4295 2907/4005/4296 2899/4006/4288
f 2899/4006/4288 2907/4005/4296 2908/4007/4297 2900/4008/4289
f 2900/4008/4289 2908/4007/4297 2901/3994/4290 2893/3993/4282
f 2901/3994/4290 2909/4009/4298 2902/3995/4291
f 2902/3995/4291 2909/4009/4298 2903/3997/4292
f 2903/3997/4292 2909/4009/4298 2904/3999/4293
f 2904/3999/4293 2909/4009/4298 2905/4001/4294
f 2905/4001/4294 2909/4009/4298 2906/4003/4295
f 2906/4003/4295 2909/4009/4298 2907/4005/4296
f 2907/4005/4296 2909/4009/4298 2908/4007/4297
f 2908/4007/4297 2909/4009/4298 2901/3994/4290
s off
f 2914/4010/4299 2915/4011/4300 2917/4012/4301 2916/4013/4302
f 2916/4013/4303 2910/4014/4304 2912/4015/4305 2914/4010/4306
f 2910/4014/4307 2911/4016/4308 2913/4017/4309 2912/4015/4310
s 542
f 2918/4018/4311 2919/4019/4312 2921/4020/4313 2920/4021/4314
s 543
f 2920/4021/4315 2921/4020/4316 2923/4022/4317 2922/4023/4318
s 544
f 2922/4023/4319 2923/4022/4320 2925/4024/4321 2924/4025/4322
s 545
f 2924/4026/4323 2925/4027/4324 2919/4019/4325 2918/4018/4326
f 2918/4018/4326 2927/4028/4327 2928/4029/4328 2924/4030/4323
s 542
f 2920/4021/4314 2926/4031/4329 2927/4028/4330 2918/4018/4311
s 543
f 2922/4023/4318 2929/4032/4331 2926/4031/4332 2920/4021/4315
s 544
f 2924/4033/4322 2928/4034/4333 2929/4032/4334 2922/4023/4319
s 546
f 2931/4035/4335 2930/4036/4336 2928/4037/4337 2927/4038/4338
f 2930/4036/4336 2931/4035/4335 2001/4039/4339 2007/4040/4340
s 547
f 2932/4041/4341 2931/4035/4342 2927/4038/4343 2926/4042/4344
f 2931/4035/4342 2932/4041/4341 2003/4043/4345 2001/4039/4346
s 548
f 2933/4044/4347 2932/4041/4348 2926/4042/4349 2929/4045/4350
f 2932/4041/4348 2933/4046/4347 2005/4047/4351 2003/4043/4352
s 549
f 2930/4036/4353 2933/4048/4354 2929/4049/4355 2928/4037/4356
f 2933/4050/4354 2930/4036/4353 2007/4040/4357 2005/4051/4358
s 550
f 2942/4052/4359 2943/4053/4360 2935/4054/4361 2934/4055/4362
f 2937/4056/4363 2943/4053/4360 2942/4052/4359 2936/4057/4364
f 2033/4058/4365 2935/4054/4361 2943/4053/4360 2041/4059/4366
f 2937/4056/4363 2035/4060/4367 2041/4059/4366 2943/4053/4360
f 2944/4061/4368 2945/4062/4369 2937/4056/4363 2936/4057/4364
f 2939/4063/4370 2945/4062/4369 2944/4061/4368 2938/4064/4371
f 2937/4056/4363 2945/4062/4369 2043/4065/4372 2035/4060/4367
f 2939/4063/4370 2037/4066/4373 2043/4065/4372 2945/4062/4369
f 2946/4067/4374 2947/4068/4375 2939/4063/4370 2938/4064/4371
f 2941/4069/4376 2947/4068/4375 2946/4067/4374 2940/4070/4377
f 2939/4063/4370 2947/4068/4375 2045/4071/4378 2037/4066/4373
f 2941/4069/4376 2039/4072/4379 2045/4071/4378 2947/4068/4375
f 2948/4073/4380 2949/4074/4381 2941/4069/4376 2940/4070/4377
f 2934/4075/4362 2935/4076/4361 2949/4074/4381 2948/4073/4380
f 2941/4069/4376 2949/4074/4381 2047/4077/4382 2039/4072/4379
f 2033/4078/4365 2047/4077/4382 2949/4074/4381 2935/4076/4361
s 551
f 2942/4079/4383 2934/4080/4384 2950/4081/4385 2958/4082/4386
f 2936/4083/4387 2942/4079/4383 2958/4082/4386 2952/4084/4388
f 2951/4085/4389 2959/4086/4390 2958/4082/4386 2950/4081/4385
f 2952/4084/4388 2958/4082/4386 2959/4086/4390 2953/4087/4391
f 2944/4088/4392 2936/4083/4387 2952/4084/4388 2960/4089/4393
f 2938/4090/4394 2944/4088/4392 2960/4089/4393 2954/4091/4395
f 2952/4084/4388 2953/4087/4391 2961/4092/4396 2960/4089/4393
f 2954/4091/4395 2960/4089/4393 2961/4092/4396 2955/4093/4397
f 2946/4094/4398 2938/4090/4394 2954/4091/4395 2962/4095/4399
f 2940/4096/4400 2946/4094/4398 2962/4095/4399 2956/4097/4401
f 2954/4091/4395 2955/4093/4397 2963/4098/4402 2962/4095/4399
f 2956/4097/4401 2962/4095/4399 2963/4098/4402 2957/4099/4403
f 2948/4100/4404 2940/4096/4400 2956/4097/4401 2964/4101/4405
f 2950/4102/4385 2934/4103/4384 2948/4100/4404 2964/4101/4405
f 2956/4097/4401 2957/4099/4403 2965/4104/4406 2964/4101/4405
f 2951/4105/4389 2950/4102/4385 2964/4101/4405 2965/4104/4406
s 552
f 2966/4106/4407 2974/4107/4408 2975/4108/4409 2967/4109/4410
f 2967/4109/4410 2975/4108/4409 2976/4110/4411 2968/4111/4412
f 2968/4111/4412 2976/4110/4411 2977/4112/4413 2969/4113/4414
f 2969/4113/4414 2977/4112/4413 2978/4114/4415 2970/4115/4416
f 2970/4115/4416 2978/4114/4415 2979/4116/4417 2971/4117/4418
f 2971/4117/4418 2979/4116/4417 2980/4118/4419 2972/4119/4420
f 2972/4119/4420 2980/4118/4419 2981/4120/4421 2973/4121/4422
f 2973/4121/4422 2981/4120/4421 2974/4122/4408 2966/4123/4407
s 553
f 2982/4124/4423 2983/4125/4424 2991/4126/4425 2990/4127/4426
f 2983/4128/4424 2984/4129/4427 2992/4130/4428 2991/4131/4425
f 2984/4129/4427 2985/4132/4429 2993/4133/4430 2992/4130/4428
f 2985/4132/4429 2986/4134/4431 2994/4135/4432 2993/4133/4430
f 2986/4134/4431 2987/4136/4433 2995/4137/4434 2994/4135/4432
f 2987/4136/4433 2988/4138/4435 2996/4139/4436 2995/4137/4434
f 2988/4138/4435 2989/4140/4437 2997/4141/4438 2996/4139/4436
f 2989/4140/4437 2982/4124/4423 2990/4127/4426 2997/4141/4438
f 2990/4127/4426 2991/4126/4425 2999/4142/4439 2998/4143/4440
f 2991/4131/4425 2992/4130/4428 3000/4144/4441 2999/4145/4439
f 2992/4130/4428 2993/4133/4430 3001/4146/4442 3000/4144/4441
f 2993/4133/4430 2994/4135/4432 3002/4147/4443 3001/4146/4442
f 2994/4135/4432 2995/4137/4434 3003/4148/4444 3002/4147/4443
f 2995/4137/4434 2996/4139/4436 3004/4149/4445 3003/4148/4444
f 2996/4139/4436 2997/4141/4438 3005/4150/4446 3004/4149/4445
f 2997/4141/4438 2990/4127/4426 2998/4143/4440 3005/4150/4446
f 2998/4143/4440 2999/4142/4439 3007/4151/4447 3006/4152/4448
f 2999/4145/4439 3000/4144/4441 3008/4153/4449 3007/4154/4447
f 3000/4144/4441 3001/4146/4442 3009/4155/4450 3008/4153/4449
f 3001/4146/4442 3002/4147/4443 3010/4156/4451 3009/4155/4450
f 3002/4147/4443 3003/4148/4444 3011/4157/4452 3010/4156/4451
f 3003/4148/4444 3004/4149/4445 3012/4158/4453 3011/4157/4452
f 3004/4149/4445 3005/4150/4446 3013/4159/4454 3012/4158/4453
f 3005/4150/4446 2998/4143/4440 3006/4152/4448 3013/4159/4454
f 3006/4152/4448 3007/4151/4447 3015/4160/4455 3014/4161/4456
f 3007/4154/4447 3008/4153/4449 3016/4162/4457 3015/4163/4455
f 3008/4153/4449 3009/4155/4450 3017/4164/4458 3016/4162/4457
f 3009/4155/4450 3010/4156/4451 3018/4165/4459 3017/4164/4458
f 3010/4156/4451 3011/4157/4452 3019/4166/4460 3018/4165/4459
f 3011/4157/4452 3012/4158/4453 3020/4167/4461 3019/4166/4460
f 3012/4158/4453 3013/4159/4454 3021/4168/4462 3020/4167/4461
f 3013/4159/4454 3006/4152/4448 3014/4161/4456 3021/4168/4462
f 3014/4161/4456 3015/4160/4455 3023/4169/4463 3022/4170/4464
f 3015/4163/4455 3016/4162/4457 3024/4171/4465 3023/4172/4463
f 3016/4162/4457 3017/4164/4458 3025/4173/4466 3024/4171/4465
f 3017/4164/4458 3018/4165/4459 3026/4174/4467 3025/4173/4466
f 3018/4165/4459 3019/4166/4460 3027/4175/4468 3026/4174/4467
f 3019/4166/4460 3020/4167/4461 3028/4176/4469 3027/4175/4468
f 3020/4167/4461 3021/4168/4462 3029/4177/4470 3028/4176/4469
f 3021/4168/4462 3014/4161/4456 3022/4170/4464 3029/4177/4470
f 3022/4170/4464 3023/4169/4463 3031/4178/4471 3030/4179/4472
f 3023/4172/4463 3024/4171/4465 3032/4180/4473 3031/4181/4471
f 3024/4171/4465 3025/4173/4466 3033/4182/4474 3032/4180/4473
f 3025/4173/4466 3026/4174/4467 3034/4183/4475 3033/4182/4474
f 3026/4174/4467 3027/4175/4468 3035/4184/4476 3034/4183/4475
f 3027/4175/4468 3028/4176/4469 3036/4185/4477 3035/4184/4476
f 3028/4176/4469 3029/4177/4470 3037/4186/4478 3036/4185/4477
f 3029/4177/4470 3022/4170/4464 3030/4179/4472 3037/4186/4478
f 3030/4179/4472 3031/4178/4471 3039/4187/4479 3038/4188/4480
f 3031/4181/4471 3032/4180/4473 3040/4189/4481 3039/4190/4479
f 3032/4180/4473 3033/4182/4474 3041/4191/4482 3040/4189/4481
f 3033/4182/4474 3034/4183/4475 3042/4192/4483 3041/4191/4482
f 3034/4183/4475 3035/4184/4476 3043/4193/4484 3042/4192/4483
f 3035/4184/4476 3036/4185/4477 3044/4194/4485 3043/4193/4484
f 3036/4185/4477 3037/4186/4478 3045/4195/4486 3044/4194/4485
f 3037/4186/4478 3030/4179/4472 3038/4188/4480 3045/4195/4486
f 3038/4196/4480 3039/4197/4479 3047/4198/4487 3046/4199/4488
f 3039/4197/4479 3040/4200/4481 3048/4201/4489 3047/4198/4487
f 3040/4200/4481 3041/4202/4482 3049/4203/4490 3048/4201/4489
f 3041/4202/4482 3042/4204/4483 3050/4205/4491 3049/4203/4490
f 3042/4204/4483 3043/4206/4484 3051/4207/4492 3050/4205/4491
f 3043/4206/4484 3044/4208/4485 3052/4209/4493 3051/4207/4492
f 3044/4208/4485 3045/4210/4486 3053/4211/4494 3052/4209/4493
f 3045/4210/4486 3038/4196/4480 3046/4199/4488 3053/4211/4494
f 3046/4199/4488 3047/4198/4487 3054/4212/4495
f 3047/4198/4487 3048/4201/4489 3054/4212/4495
f 3048/4201/4489 3049/4203/4490 3054/4212/4495
f 3049/4203/4490 3050/4205/4491 3054/4212/4495
f 3050/4205/4491 3051/4207/4492 3054/4212/4495
f 3051/4207/4492 3052/4209/4493 3054/4212/4495
f 3052/4209/4493 3053/4211/4494 3054/4212/4495
f 3053/4211/4494 3046/4199/4488 3054/4212/4495
s off
f 2139/4213/4496 2138/4214/4497 3056/4215/4498 3057/4216/4499
f 2140/4217/4500 2139/4213/4501 3057/4216/4502 3058/4218/4503
f 2137/4219/4504 2140/4217/4505 3058/4218/4506 3055/4220/4507
f 3056/4215/4508 2138/4214/4509 2137/4221/4510 3055/4222/4511
s 558
f 3059/4223/4512 3060/4224/4513 3091/4225/4514 3092/4226/4515
f 3060/4224/4513 3061/4227/4516 3090/4228/4517 3091/4225/4514
s 559
f 3062/4229/4518 3063/4230/4519 3066/4231/4520 3065/4232/4521
f 3063/4230/4519 3064/4233/4522 3067/4234/4523 3066/4231/4520
s 560
f 3087/4235/4524 3088/4236/4525 3069/4237/4526 3068/4238/4527
f 3088/4239/4525 3089/4240/4528 3070/4241/4529 3069/4242/4526
s 561
f 3068/4243/4530 3069/4244/4531 3060/4224/4532 3059/4223/4533
f 3069/4245/4531 3070/4246/4534 3061/4227/4535 3060/4224/4532
f 3059/4223/4533 3072/4247/4536 3071/4248/4537 3068/4249/4530
s 558
f 3092/4226/4515 3093/4250/4538 3072/4247/4539 3059/4223/4512
s 559
f 3065/4232/4521 3074/4251/4540 3073/4252/4541 3062/4229/4518
s 560
f 3068/4253/4527 3071/4254/4542 3086/4255/4543 3087/4256/4524
s 562
f 3075/4257/4544 3094/4258/4545 3083/4259/4546 3076/4260/4547
f 3076/4260/4547 3083/4259/4546 2172/4261/4548 2143/4262/4549
s 563
f 3077/4263/4550 3079/4264/4551 3080/4265/4552 3078/4266/4553
f 3078/4266/4553 3080/4265/4552 2149/4267/4554 2146/4268/4555
s 564
f 3085/4269/4556 3081/4270/4557 3082/4271/4558 3084/4272/4559
f 3084/4273/4559 3082/4274/4558 2152/4275/4560 2171/4276/4561
s 565
f 3081/4277/4562 3075/4257/4563 3076/4260/4564 3082/4278/4565
f 3082/4279/4565 3076/4260/4564 2143/4262/4566 2152/4280/4567
f 3075/4257/4563 3081/4281/4562 3071/4282/4568 3072/4283/4569
s 562
f 3094/4258/4545 3075/4257/4544 3072/4283/4570 3093/4284/4571
s 563
f 3079/4264/4551 3077/4263/4550 3073/4285/4572 3074/4286/4573
s 564
f 3081/4287/4557 3085/4288/4556 3086/4289/4574 3071/4290/4575
s 562
f 3083/4259/4546 3078/4266/4576 2146/4268/4577 2172/4261/4548
s 564
f 3080/4265/4578 3084/4273/4559 2171/4276/4561 2149/4267/4579
f 3079/4264/4580 3085/4269/4556 3084/4272/4559 3080/4265/4578
f 3086/4289/4574 3085/4288/4556 3079/4264/4580 3074/4286/4581
s 560
f 3087/4256/4524 3086/4255/4543 3074/4251/4582 3065/4232/4583
f 3065/4232/4583 3066/4231/4584 3088/4236/4525 3087/4235/4524
f 3066/4231/4584 3067/4234/4585 3089/4240/4528 3088/4239/4525
s 558
f 3091/4225/4514 3090/4228/4517 3064/4233/4586 3063/4230/4587
f 3092/4226/4515 3091/4225/4514 3063/4230/4587 3062/4229/4588
f 3062/4229/4588 3073/4252/4589 3093/4250/4538 3092/4226/4515
s 562
f 3077/4263/4590 3094/4258/4545 3093/4284/4571 3073/4285/4591
f 3083/4259/4546 3094/4258/4545 3077/4263/4590 3078/4266/4576
s off
f 3095/4291/4592 3096/4292/4593 3098/4293/4594 3097/4294/4595
f 3099/4295/4596 3100/4296/4597 3102/4297/4598 3101/4298/4599
f 3096/4292/4600 3102/4299/4601 3100/4300/4602 3098/4293/4603
f 3101/4298/4604 3095/4291/4605 3097/4294/4606 3099/4295/4607
f 3103/4301/4608 3105/4302/4609 3106/4303/4610 3104/4304/4611
f 3107/4305/4612 3109/4306/4613 3110/4307/4614 3108/4308/4615
f 3104/4304/4616 3106/4303/4617 3108/4309/4618 3110/4310/4619
f 3109/4306/4620 3107/4305/4621 3105/4302/4622 3103/4301/4623
s 574
f 3111/4311/4624 3112/4312/4625 3120/4313/4626 3119/4314/4627
f 3112/4312/4625 3113/4315/4628 3121/4316/4629 3120/4313/4626
f 3113/4315/4628 3114/4317/4630 3122/4318/4631 3121/4316/4629
f 3114/4317/4630 3115/4319/4632 3123/4320/4633 3122/4318/4631
f 3115/4319/4632 3116/4321/4634 3124/4322/4635 3123/4320/4633
f 3116/4321/4634 3117/4323/4636 3125/4324/4637 3124/4322/4635
f 3117/4323/4636 3118/4325/4638 3126/4326/4639 3125/4324/4637
f 3118/4325/4638 3111/4327/4624 3119/4328/4627 3126/4326/4639
s off
f 3131/4329/4640 3133/4330/4641 3134/4331/4642 3132/4332/4643
f 3133/4330/4644 3131/4329/4645 3129/4333/4646 3127/4334/4647
f 3127/4334/4648 3129/4333/4649 3130/4335/4650 3128/4336/4651
s 578
f 421/4337/4652 422/4338/4653 3136/4339/4654 3135/4340/4655
f 422/4338/4653 423/4341/4656 3137/4342/4657 3136/4339/4654
f 423/4341/4656 424/4343/4658 3138/4344/4659 3137/4342/4657
f 424/4343/4658 425/4345/4660 3139/4346/4661 3138/4344/4659
f 425/4345/4660 426/4347/4662 3140/4348/4663 3139/4346/4661
f 426/4347/4662 427/4349/4664 3141/4350/4665 3140/4348/4663
f 427/4349/4664 428/4351/4666 3142/4352/4667 3141/4350/4665
f 428/4351/4666 421/4353/4652 3135/4354/4655 3142/4352/4667
s 579
f 3143/4355/4668 3144/4356/4669 3152/4357/4670 3151/4358/4671
f 3144/4356/4669 3145/4359/4672 3153/4360/4673 3152/4357/4670
f 3145/4359/4672 3146/4361/4674 3154/4362/4675 3153/4360/4673
f 3146/4361/4674 3147/4363/4676 3155/4364/4677 3154/4362/4675
f 3147/4363/4676 3148/4365/4678 3156/4366/4679 3155/4364/4677
f 3148/4365/4678 3149/4367/4680 3157/4368/4681 3156/4366/4679
f 3149/4367/4680 3150/4369/4682 3158/4370/4683 3157/4368/4681
f 3150/4369/4682 3143/4371/4668 3151/4372/4671 3158/4370/4683
s 580
f 3159/4373/4684 3167/4374/4685 3168/4375/4686 3160/4376/4687
f 3160/4377/4687 3168/4378/4686 3169/4379/4688 3161/4380/4689
f 3161/4380/4689 3169/4379/4688 3170/4381/4690 3162/4382/4691
f 3162/4382/4691 3170/4381/4690 3171/4383/4692 3163/4384/4693
f 3163/4384/4693 3171/4383/4692 3172/4385/4694 3164/4386/4695
f 3164/4386/4695 3172/4385/4694 3173/4387/4696 3165/4388/4697
f 3165/4388/4697 3173/4387/4696 3174/4389/4698 3166/4390/4699
f 3166/4390/4699 3174/4389/4698 3167/4374/4685 3159/4373/4684
f 3167/4374/4685 3175/4391/4700 3176/4392/4701 3168/4375/4686
f 3168/4378/4686 3176/4393/4701 3177/4394/4702 3169/4379/4688
f 3169/4379/4688 3177/4394/4702 3178/4395/4703 3170/4381/4690
f 3170/4381/4690 3178/4395/4703 3179/4396/4704 3171/4383/4692
f 3171/4383/4692 3179/4396/4704 3180/4397/4705 3172/4385/4694
f 3172/4385/4694 3180/4397/4705 3181/4398/4706 3173/4387/4696
f 3173/4387/4696 3181/4398/4706 3182/4399/4707 3174/4389/4698
f 3174/4389/4698 3182/4399/4707 3175/4391/4700 3167/4374/4685
f 3175/4391/4700 3183/4400/4708 3184/4401/4709 3176/4392/4701
f 3176/4393/4701 3184/4402/4709 3185/4403/4710 3177/4394/4702
f 3177/4394/4702 3185/4403/4710 3186/4404/4711 3178/4395/4703
f 3178/4395/4703 3186/4404/4711 3187/4405/4712 3179/4396/4704
f 3179/4396/4704 3187/4405/4712 3188/4406/4713 3180/4397/4705
f 3180/4397/4705 3188/4406/4713 3189/4407/4714 3181/4398/4706
f 3181/4398/4706 3189/4407/4714 3190/4408/4715 3182/4399/4707
f 3182/4399/4707 3190/4408/4715 3183/4400/4708 3175/4391/4700
f 3183/4400/4708 3191/4409/4716 3192/4410/4717 3184/4401/4709
f 3184/4402/4709 3192/4411/4717 3193/4412/4718 3185/4403/4710
f 3185/4403/4710 3193/4412/4718 3194/4413/4719 3186/4404/4711
f 3186/4404/4711 3194/4413/4719 3195/4414/4720 3187/4405/4712
f 3187/4405/4712 3195/4414/4720 3196/4415/4721 3188/4406/4713
f 3188/4406/4713 3196/4415/4721 3197/4416/4722 3189/4407/4714
f 3189/4407/4714 3197/4416/4722 3198/4417/4723 3190/4408/4715
f 3190/4408/4715 3198/4417/4723 3191/4409/4716 3183/4400/4708
f 3191/4409/4716 3199/4418/4724 3200/4419/4725 3192/4410/4717
f 3192/4411/4717 3200/4420/4725 3201/4421/4726 3193/4412/4718
f 3193/4412/4718 3201/4421/4726 3202/4422/4727 3194/4413/4719
f 3194/4413/4719 3202/4422/4727 3203/4423/4728 3195/4414/4720
f 3195/4414/4720 3203/4423/4728 3204/4424/4729 3196/4415/4721
f 3196/4415/4721 3204/4424/4729 3205/4425/4730 3197/4416/4722
f 3197/4416/4722 3205/4425/4730 3206/4426/4731 3198/4417/4723
f 3198/4417/4723 3206/4426/4731 3199/4418/4724 3191/4409/4716
f 3199/4418/4724 3207/4427/4732 3208/4428/4733 3200/4419/4725
f 3200/4420/4725 3208/4429/4733 3209/4430/4734 3201/4421/4726
f 3201/4421/4726 3209/4430/4734 3210/4431/4735 3202/4422/4727
f 3202/4422/4727 3210/4431/4735 3211/4432/4736 3203/4423/4728
f 3203/4423/4728 3211/4432/4736 3212/4433/4737 3204/4424/4729
f 3204/4424/4729 3212/4433/4737 3213/4434/4738 3205/4425/4730
f 3205/4425/4730 3213/4434/4738 3214/4435/4739 3206/4426/4731
f 3206/4426/4731 3214/4435/4739 3207/4427/4732 3199/4418/4724
f 3207/4427/4732 3215/4436/4740 3216/4437/4741 3208/4428/4733
f 3208/4429/4733 3216/4438/4741 3217/4439/4742 3209/4430/4734
f 3209/4430/4734 3217/4439/4742 3218/4440/4743 3210/4431/4735
f 3210/4431/4735 3218/4440/4743 3219/4441/4744 3211/4432/4736
f 3211/4432/4736 3219/4441/4744 3220/4442/4745 3212/4433/4737
f 3212/4433/4737 3220/4442/4745 3221/4443/4746 3213/4434/4738
f 3213/4434/4738 3221/4443/4746 3222/4444/4747 3214/4435/4739
f 3214/4435/4739 3222/4444/4747 3215/4436/4740 3207/4427/4732
f 3215/4445/4740 3223/4446/4748 3224/4447/4749 3216/4448/4741
f 3216/4448/4741 3224/4447/4749 3225/4449/4750 3217/4450/4742
f 3217/4450/4742 3225/4449/4750 3226/4451/4751 3218/4452/4743
f 3218/4452/4743 3226/4451/4751 3227/4453/4752 3219/4454/4744
f 3219/4454/4744 3227/4453/4752 3228/4455/4753 3220/4456/4745
f 3220/4456/4745 3228/4455/4753 3229/4457/4754 3221/4458/4746
f 3221/4458/4746 3229/4457/4754 3230/4459/4755 3222/4460/4747
f 3222/4460/4747 3230/4459/4755 3223/4446/4748 3215/4445/4740
f 3223/4446/4748 3231/4461/4756 3224/4447/4749
f 3224/4447/4749 3231/4461/4756 3225/4449/4750
f 3225/4449/4750 3231/4461/4756 3226/4451/4751
f 3226/4451/4751 3231/4461/4756 3227/4453/4752
f 3227/4453/4752 3231/4461/4756 3228/4455/4753
f 3228/4455/4753 3231/4461/4756 3229/4457/4754
f 3229/4457/4754 3231/4461/4756 3230/4459/4755
f 3230/4459/4755 3231/4461/4756 3223/4446/4748
s 581
f 3232/4462/4757 3240/4463/4758 3241/4464/4759 3233/4465/4760
f 3233/4466/4760 3241/4467/4759 3242/4468/4761 3234/4469/4762
f 3234/4469/4762 3242/4468/4761 3243/4470/4763 3235/4471/4764
f 3235/4471/4764 3243/4470/4763 3244/4472/4765 3236/4473/4766
f 3236/4473/4766 3244/4472/4765 3245/4474/4767 3237/4475/4768
f 3237/4475/4768 3245/4474/4767 3246/4476/4769 3238/4477/4770
f 3238/4477/4770 3246/4476/4769 3247/4478/4771 3239/4479/4772
f 3239/4479/4772 3247/4478/4771 3240/4463/4758 3232/4462/4757
f 3240/4463/4758 3248/4480/4773 3249/4481/4774 3241/4464/4759
f 3241/4467/4759 3249/4482/4774 3250/4483/4775 3242/4468/4761
f 3242/4468/4761 3250/4483/4775 3251/4484/4776 3243/4470/4763
f 3243/4470/4763 3251/4484/4776 3252/4485/4777 3244/4472/4765
f 3244/4472/4765 3252/4485/4777 3253/4486/4778 3245/4474/4767
f 3245/4474/4767 3253/4486/4778 3254/4487/4779 3246/4476/4769
f 3246/4476/4769 3254/4487/4779 3255/4488/4780 3247/4478/4771
f 3247/4478/4771 3255/4488/4780 3248/4480/4773 3240/4463/4758
f 3248/4480/4773 3256/4489/4781 3257/4490/4782 3249/4481/4774
f 3249/4482/4774 3257/4491/4782 3258/4492/4783 3250/4483/4775
f 3250/4483/4775 3258/4492/4783 3259/4493/4784 3251/4484/4776
f 3251/4484/4776 3259/4493/4784 3260/4494/4785 3252/4485/4777
f 3252/4485/4777 3260/4494/4785 3261/4495/4786 3253/4486/4778
f 3253/4486/4778 3261/4495/4786 3262/4496/4787 3254/4487/4779
f 3254/4487/4779 3262/4496/4787 3263/4497/4788 3255/4488/4780
f 3255/4488/4780 3263/4497/4788 3256/4489/4781 3248/4480/4773
f 3256/4489/4781 3264/4498/4789 3265/4499/4790 3257/4490/4782
f 3257/4491/4782 3265/4500/4790 3266/4501/4791 3258/4492/4783
f 3258/4492/4783 3266/4501/4791 3267/4502/4792 3259/4493/4784
f 3259/4493/4784 3267/4502/4792 3268/4503/4793 3260/4494/4785
f 3260/4494/4785 3268/4503/4793 3269/4504/4794 3261/4495/4786
f 3261/4495/4786 3269/4504/4794 3270/4505/4795 3262/4496/4787
f 3262/4496/4787 3270/4505/4795 3271/4506/4796 3263/4497/4788
f 3263/4497/4788 3271/4506/4796 3264/4498/4789 3256/4489/4781
f 3264/4498/4789 3272/4507/4797 3273/4508/4798 3265/4499/4790
f 3265/4500/4790 3273/4509/4798 3274/4510/4799 3266/4501/4791
f 3266/4501/4791 3274/4510/4799 3275/4511/4800 3267/4502/4792
f 3267/4502/4792 3275/4511/4800 3276/4512/4801 3268/4503/4793
f 3268/4503/4793 3276/4512/4801 3277/4513/4802 3269/4504/4794
f 3269/4504/4794 3277/4513/4802 3278/4514/4803 3270/4505/4795
f 3270/4505/4795 3278/4514/4803 3279/4515/4804 3271/4506/4796
f 3271/4506/4796 3279/4515/4804 3272/4507/4797 3264/4498/4789
f 3272/4507/4797 3280/4516/4805 3281/4517/4806 3273/4508/4798
f 3273/4509/4798 3281/4518/4806 3282/4519/4807 3274/4510/4799
f 3274/4510/4799 3282/4519/4807 3283/4520/4808 3275/4511/4800
f 3275/4511/4800 3283/4520/4808 3284/4521/4809 3276/4512/4801
f 3276/4512/4801 3284/4521/4809 3285/4522/4810 3277/4513/4802
f 3277/4513/4802 3285/4522/4810 3286/4523/4811 3278/4514/4803
f 3278/4514/4803 3286/4523/4811 3287/4524/4812 3279/4515/4804
f 3279/4515/4804 3287/4524/4812 3280/4516/4805 3272/4507/4797
f 3280/4516/4805 3288/4525/4813 3289/4526/4814 3281/4517/4806
f 3281/4518/4806 3289/4527/4814 3290/4528/4815 3282/4519/4807
f 3282/4519/4807 3290/4528/4815 3291/4529/4816 3283/4520/4808
f 3283/4520/4808 3291/4529/4816 3292/4530/4817 3284/4521/4809
f 3284/4521/4809 3292/4530/4817 3293/4531/4818 3285/4522/4810
f 3285/4522/4810 3293/4531/4818 3294/4532/4819 3286/4523/4811
f 3286/4523/4811 3294/4532/4819 3295/4533/4820 3287/4524/4812
f 3287/4524/4812 3295/4533/4820 3288/4525/4813 3280/4516/4805
f 3288/4534/4813 3296/4535/4821 3297/4536/4822 3289/4537/4814
f 3289/4537/4814 3297/4536/4822 3298/4538/4823 3290/4539/4815
f 3290/4539/4815 3298/4538/4823 3299/4540/4824 3291/4541/4816
f 3291/4541/4816 3299/4540/4824 3300/4542/4825 3292/4543/4817
f 3292/4543/4817 3300/4542/4825 3301/4544/4826 3293/4545/4818
f 3293/4545/4818 3301/4544/4826 3302/4546/4827 3294/4547/4819
f 3294/4547/4819 3302/4546/4827 3303/4548/4828 3295/4549/4820
f 3295/4549/4820 3303/4548/4828 3296/4535/4821 3288/4534/4813
f 3296/4535/4821 3304/4550/4829 3297/4536/4822
f 3297/4536/4822 3304/4550/4829 3298/4538/4823
f 3298/4538/4823 3304/4550/4829 3299/4540/4824
f 3299/4540/4824 3304/4550/4829 3300/4542/4825
f 3300/4542/4825 3304/4550/4829 3301/4544/4826
f 3301/4544/4826 3304/4550/4829 3302/4546/4827
f 3302/4546/4827 3304/4550/4829 3303/4548/4828
f 3303/4548/4828 3304/4550/4829 3296/4535/4821
s off
f 3307/4551/4830 2214/4552/4831 2216/4553/4832 3308/4554/4833
f 3308/4554/4834 3305/4555/4835 3306/4556/4836 3307/4551/4837
f 3305/4555/4838 2210/4557/4839 2212/4558/4840 3306/4556/4841
s 585
f 3309/4559/4842 2402/4560/4843 2404/4561/4844 3310/4562/4845
s 586
f 3310/4562/4846 2404/4561/4847 2406/4563/4848 3311/4564/4849
s 587
f 3311/4564/4850 2406/4563/4851 2400/4565/4852 3312/4566/4853
s 588
f 3312/4567/4854 2400/4568/4855 2402/4560/4856 3309/4559/4857
f 3309/4559/4857 3314/4569/4858 3315/4570/4859 3312/4571/4854
s 585
f 3310/4562/4845 3313/4572/4860 3314/4569/4861 3309/4559/4842
s 586
f 3311/4564/4849 3316/4573/4862 3313/4572/4863 3310/4562/4846
s 587
f 3312/4574/4853 3315/4575/4864 3316/4573/4865 3311/4564/4850
s 589
f 3319/4576/4866 3317/4577/4867 3315/4578/4868 3314/4579/4869
f 3317/4577/4867 3319/4576/4866 3320/4580/4870 3318/4581/4871
s 590
f 3321/4582/4872 3319/4576/4873 3314/4579/4874 3313/4583/4875
f 3319/4576/4873 3321/4582/4872 3322/4584/4876 3320/4580/4877
s 591
f 3323/4585/4878 3321/4582/4879 3313/4583/4880 3316/4586/4881
f 3321/4582/4879 3323/4587/4878 3324/4588/4882 3322/4584/4883
s 592
f 3317/4577/4884 3323/4589/4885 3316/4590/4886 3315/4578/4887
f 3323/4591/4885 3317/4577/4884 3318/4581/4888 3324/4592/4889
s 593
f 3337/4593/4890 3338/4594/4891 3326/4595/4892 3325/4596/4893
f 3329/4597/4894 3338/4594/4891 3337/4593/4890 3328/4598/4895
f 3327/4599/4896 3326/4595/4892 3338/4594/4891 3339/4600/4897
f 3329/4597/4894 3330/4601/4898 3339/4600/4897 3338/4594/4891
f 3340/4602/4899 3341/4603/4900 3329/4597/4894 3328/4598/4895
f 3332/4604/4901 3341/4603/4900 3340/4602/4899 3331/4605/4902
f 3329/4597/4894 3341/4603/4900 3342/4606/4903 3330/4601/4898
f 3332/4604/4901 3333/4607/4904 3342/4606/4903 3341/4603/4900
f 3343/4608/4905 3344/4609/4906 3332/4604/4901 3331/4605/4902
f 3335/4610/4907 3344/4609/4906 3343/4608/4905 3334/4611/4908
f 3332/4604/4901 3344/4609/4906 3345/4612/4909 3333/4607/4904
f 3335/4610/4907 3336/4613/4910 3345/4612/4909 3344/4609/4906
f 3346/4614/4911 3347/4615/4912 3335/4610/4907 3334/4611/4908
f 3325/4616/4893 3326/4617/4892 3347/4615/4912 3346/4614/4911
f 3335/4610/4907 3347/4615/4912 3348/4618/4913 3336/4613/4910
f 3327/4619/4896 3348/4618/4913 3347/4615/4912 3326/4617/4892
s 594
f 3337/4620/4914 3325/4621/4915 3349/4622/4916 3353/4623/4917
f 3328/4624/4918 3337/4620/4914 3353/4623/4917 3350/4625/4919
f 2409/4626/4920 2421/4627/4921 3353/4623/4917 3349/4622/4916
f 3350/4625/4919 3353/4623/4917 2421/4627/4921 2412/4628/4922
f 3340/4629/4923 3328/4624/4918 3350/4625/4919 3354/4630/4924
f 3331/4631/4925 3340/4629/4923 3354/4630/4924 3351/4632/4926
f 3350/4625/4919 2412/4628/4922 2424/4633/4927 3354/4630/4924
f 3351/4632/4926 3354/4630/4924 2424/4633/4927 2415/4634/4928
f 3343/4635/4929 3331/4631/4925 3351/4632/4926 3355/4636/4930
f 3334/4637/4931 3343/4635/4929 3355/4636/4930 3352/4638/4932
f 3351/4632/4926 2415/4634/4928 2427/4639/4933 3355/4636/4930
f 3352/4638/4932 3355/4636/4930 2427/4639/4933 2418/4640/4934
f 3346/4641/4935 3334/4637/4931 3352/4638/4932 3356/4642/4936
f 3349/4643/4916 3325/4644/4915 3346/4641/4935 3356/4642/4936
f 3352/4638/4932 2418/4640/4934 2430/4645/4937 3356/4642/4936
f 2409/4646/4920 3349/4643/4916 3356/4642/4936 2430/4645/4937
s 595
f 3357/4647/4938 3365/4648/4939 3366/4649/4940 3358/4650/4941
f 3358/4650/4941 3366/4649/4940 3367/4651/4942 3359/4652/4943
f 3359/4652/4943 3367/4651/4942 3368/4653/4944 3360/4654/4945
f 3360/4654/4945 3368/4653/4944 3369/4655/4946 3361/4656/4947
f 3361/4656/4947 3369/4655/4946 3370/4657/4948 3362/4658/4949
f 3362/4658/4949 3370/4657/4948 3371/4659/4950 3363/4660/4951
f 3363/4660/4951 3371/4659/4950 3372/4661/4952 3364/4662/4953
f 3364/4662/4953 3372/4661/4952 3365/4663/4939 3357/4664/4938
s 596
f 3373/4665/4954 3374/4666/4955 3382/4667/4956 3381/4668/4957
f 3374/4669/4955 3375/4670/4958 3383/4671/4959 3382/4672/4956
f 3375/4670/4958 3376/4673/4960 3384/4674/4961 3383/4671/4959
f 3376/4673/4960 3377/4675/4962 3385/4676/4963 3384/4674/4961
f 3377/4675/4962 3378/4677/4964 3386/4678/4965 3385/4676/4963
f 3378/4677/4964 3379/4679/4966 3387/4680/4967 3386/4678/4965
f 3379/4679/4966 3380/4681/4968 3388/4682/4969 3387/4680/4967
f 3380/4681/4968 3373/4665/4954 3381/4668/4957 3388/4682/4969
f 3381/4668/4957 3382/4667/4956 3390/4683/4970 3389/4684/4971
f 3382/4672/4956 3383/4671/4959 3391/4685/4972 3390/4686/4970
f 3383/4671/4959 3384/4674/4961 3392/4687/4973 3391/4685/4972
f 3384/4674/4961 3385/4676/4963 3393/4688/4974 3392/4687/4973
f 3385/4676/4963 3386/4678/4965 3394/4689/4975 3393/4688/4974
f 3386/4678/4965 3387/4680/4967 3395/4690/4976 3394/4689/4975
f 3387/4680/4967 3388/4682/4969 3396/4691/4977 3395/4690/4976
f 3388/4682/4969 3381/4668/4957 3389/4684/4971 3396/4691/4977
f 3389/4684/4971 3390/4683/4970 3398/4692/4978 3397/4693/4979
f 3390/4686/4970 3391/4685/4972 3399/4694/4980 3398/4695/4978
f 3391/4685/4972 3392/4687/4973 3400/4696/4981 3399/4694/4980
f 3392/4687/4973 3393/4688/4974 3401/4697/4982 3400/4696/4981
f 3393/4688/4974 3394/4689/4975 3402/4698/4983 3401/4697/4982
f 3394/4689/4975 3395/4690/4976 3403/4699/4984 3402/4698/4983
f 3395/4690/4976 3396/4691/4977 3404/4700/4985 3403/4699/4984
f 3396/4691/4977 3389/4684/4971 3397/4693/4979 3404/4700/4985
f 3397/4693/4979 3398/4692/4978 3406/4701/4986 3405/4702/4987
f 3398/4695/4978 3399/4694/4980 3407/4703/4988 3406/4704/4986
f 3399/4694/4980 3400/4696/4981 3408/4705/4989 3407/4703/4988
f 3400/4696/4981 3401/4697/4982 3409/4706/4990 3408/4705/4989
f 3401/4697/4982 3402/4698/4983 3410/4707/4991 3409/4706/4990
f 3402/4698/4983 3403/4699/4984 3411/4708/4992 3410/4707/4991
f 3403/4699/4984 3404/4700/4985 3412/4709/4993 3411/4708/4992
f 3404/4700/4985 3397/4693/4979 3405/4702/4987 3412/4709/4993
f 3405/4702/4987 3406/4701/4986 3414/4710/4994 3413/4711/4995
f 3406/4704/4986 3407/4703/4988 3415/4712/4996 3414/4713/4994
f 3407/4703/4988 3408/4705/4989 3416/4714/4997 3415/4712/4996
f 3408/4705/4989 3409/4706/4990 3417/4715/4998 3416/4714/4997
f 3409/4706/4990 3410/4707/4991 3418/4716/4999 3417/4715/4998
f 3410/4707/4991 3411/4708/4992 3419/4717/5000 3418/4716/4999
f 3411/4708/4992 3412/4709/4993 3420/4718/5001 3419/4717/5000
f 3412/4709/4993 3405/4702/4987 3413/4711/4995 3420/4718/5001
f 3413/4711/4995 3414/4710/4994 3422/4719/5002 3421/4720/5003
f 3414/4713/4994 3415/4712/4996 3423/4721/5004 3422/4722/5002
f 3415/4712/4996 3416/4714/4997 3424/4723/5005 3423/4721/5004
f 3416/4714/4997 3417/4715/4998 3425/4724/5006 3424/4723/5005
f 3417/4715/4998 3418/4716/4999 3426/4725/5007 3425/4724/5006
f 3418/4716/4999 3419/4717/5000 3427/4726/5008 3426/4725/5007
f 3419/4717/5000 3420/4718/5001 3428/4727/5009 3427/4726/5008
f 3420/4718/5001 3413/4711/4995 3421/4720/5003 3428/4727/5009
f 3421/4720/5003 3422/4719/5002 3430/4728/5010 3429/4729/5011
f 3422/4722/5002 3423/4721/5004 3431/4730/5012 3430/4731/5010
f 3423/4721/5004 3424/4723/5005 3432/4732/5013 3431/4730/5012
f 3424/4723/5005 3425/4724/5006 3433/4733/5014 3432/4732/5013
f 3425/4724/5006 3426/4725/5007 3434/4734/5015 3433/4733/5014
f 3426/4725/5007 3427/4726/5008 3435/4735/5016 3434/4734/5015
f 3427/4726/5008 3428/4727/5009 3436/4736/5017 3435/4735/5016
f 3428/4727/5009 3421/4720/5003 3429/4729/5011 3436/4736/5017
f 3429/4737/5011 3430/4738/5010 3438/4739/5018 3437/4740/5019
f 3430/4738/5010 3431/4741/5012 3439/4742/5020 3438/4739/5018
f 3431/4741/5012 3432/4743/5013 3440/4744/5021 3439/4742/5020
f 3432/4743/5013 3433/4745/5014 3441/4746/5022 3440/4744/5021
f 3433/4745/5014 3434/4747/5015 3442/4748/5023 3441/4746/5022
f 3434/4747/5015 3435/4749/5016 3443/4750/5024 3442/4748/5023
f 3435/4749/5016 3436/4751/5017 3444/4752/5025 3443/4750/5024
f 3436/4751/5017 3429/4737/5011 3437/4740/5019 3444/4752/5025
f 3437/4740/5019 3438/4739/5018 3445/4753/5026
f 3438/4739/5018 3439/4742/5020 3445/4753/5026
f 3439/4742/5020 3440/4744/5021 3445/4753/5026
f 3440/4744/5021 3441/4746/5022 3445/4753/5026
f 3441/4746/5022 3442/4748/5023 3445/4753/5026
f 3442/4748/5023 3443/4750/5024 3445/4753/5026
f 3443/4750/5024 3444/4752/5025 3445/4753/5026
f 3444/4752/5025 3437/4740/5019 3445/4753/5026
s off
f 3447/4754/5027 3446/4755/5028 2528/4756/5029 2529/4757/5030
f 3448/4758/5031 3447/4754/5032 2529/4757/5033 2530/4759/5034
f 3449/4760/5035 3448/4758/5036 2530/4759/5037 2531/4761/5038
f 2528/4756/5039 3446/4755/5040 3449/4762/5041 2531/4763/5042
s 601
f 3450/4764/5043 3451/4765/5044 3482/4766/5045 3483/4767/5046
f 3451/4765/5044 2546/4768/5047 2557/4769/5048 3482/4766/5045
s 602
f 3452/4770/5049 3453/4771/5050 3455/4772/5051 3454/4773/5052
f 3453/4771/5050 2549/4774/5053 2552/4775/5054 3455/4772/5051
s 603
f 3480/4776/5055 3481/4777/5056 3457/4778/5057 3456/4779/5058
f 3481/4780/5056 2558/4781/5059 2555/4782/5060 3457/4783/5057
s 604
f 3456/4784/5061 3457/4785/5062 3451/4765/5063 3450/4764/5064
f 3457/4786/5062 2555/4787/5065 2546/4768/5066 3451/4765/5063
f 3450/4764/5064 3459/4788/5067 3458/4789/5068 3456/4790/5061
s 601
f 3483/4767/5046 3484/4791/5069 3459/4788/5070 3450/4764/5043
s 602
f 3454/4773/5052 3461/4792/5071 3460/4793/5072 3452/4770/5049
s 603
f 3456/4794/5058 3458/4795/5073 3479/4796/5074 3480/4797/5055
s 605
f 3462/4798/5075 3485/4799/5076 3474/4800/5077 3463/4801/5078
f 3463/4801/5078 3474/4800/5077 3475/4802/5079 3464/4803/5080
s 606
f 3465/4804/5081 3468/4805/5082 3469/4806/5083 3466/4807/5084
f 3466/4807/5084 3469/4806/5083 3470/4808/5085 3467/4809/5086
s 607
f 3478/4810/5087 3471/4811/5088 3472/4812/5089 3477/4813/5090
f 3477/4814/5090 3472/4815/5089 3473/4816/5091 3476/4817/5092
s 608
f 3471/4818/5093 3462/4798/5094 3463/4801/5095 3472/4819/5096
f 3472/4820/5096 3463/4801/5095 3464/4803/5097 3473/4821/5098
f 3462/4798/5094 3471/4822/5093 3458/4823/5099 3459/4824/5100
s 605
f 3485/4799/5076 3462/4798/5075 3459/4824/5101 3484/4825/5102
s 606
f 3468/4805/5082 3465/4804/5081 3460/4826/5103 3461/4827/5104
s 607
f 3471/4828/5088 3478/4829/5087 3479/4830/5105 3458/4831/5106
s 605
f 3474/4800/5077 3466/4807/5107 3467/4809/5108 3475/4802/5079
s 607
f 3469/4806/5109 3477/4814/5090 3476/4817/5092 3470/4808/5110
f 3468/4805/5111 3478/4810/5087 3477/4813/5090 3469/4806/5109
f 3479/4830/5105 3478/4829/5087 3468/4805/5111 3461/4827/5112
s 603
f 3480/4797/5055 3479/4796/5074 3461/4792/5113 3454/4773/5114
f 3454/4773/5114 3455/4772/5115 3481/4777/5056 3480/4776/5055
f 3455/4772/5115 2552/4775/5116 2558/4781/5059 3481/4780/5056
s 601
f 3482/4766/5045 2557/4769/5048 2549/4774/5117 3453/4771/5118
f 3483/4767/5046 3482/4766/5045 3453/4771/5118 3452/4770/5119
f 3452/4770/5119 3460/4793/5120 3484/4791/5069 3483/4767/5046
s 605
f 3465/4804/5121 3485/4799/5076 3484/4825/5102 3460/4826/5122
f 3474/4800/5077 3485/4799/5076 3465/4804/5121 3466/4807/5107
s off
f 3486/4832/5123 3487/4833/5124 3489/4834/5125 3488/4835/5126
f 3490/4836/5127 3491/4837/5128 3493/4838/5129 3492/4839/5130
f 3487/4833/5131 3493/4840/5132 3491/4841/5133 3489/4834/5134
f 3492/4839/5135 3486/4832/5136 3488/4835/5137 3490/4836/5138
f 3494/4842/5139 3496/4843/5140 3497/4844/5141 3495/4845/5142
f 3498/4846/5143 3500/4847/5144 3501/4848/5145 3499/4849/5146
f 3495/4845/5147 3497/4844/5148 3499/4850/5149 3501/4851/5150
f 3500/4847/5151 3498/4846/5152 3496/4843/5153 3494/4842/5154
f 3504/4852/5155 3505/4853/5156 3507/4854/5157 3506/4855/5158
f 3508/4856/5159 3509/4857/5160 3503/4858/5161 3502/4859/5162
f 3503/4860/5163 3509/4861/5164 3507/4854/5165 3505/4853/5166
f 3508/4856/5167 3502/4859/5168 3504/4852/5169 3506/4855/5170
f 3512/4862/5171 3513/4863/5172 3515/4864/5173 3514/4865/5174
f 3516/4866/5175 3517/4867/5176 3511/4868/5177 3510/4869/5178
f 3511/4870/5179 3517/4871/5180 3515/4864/5181 3513/4863/5182
f 3516/4866/5183 3510/4869/5184 3512/4862/5185 3514/4865/5186
f 3520/4872/5187 3521/4873/5188 3523/4874/5189 3522/4875/5190
f 3524/4876/5191 3525/4877/5192 3519/4878/5193 3518/4879/5194
f 3519/4880/5195 3525/4881/5196 3523/4874/5197 3521/4873/5198
f 3524/4876/5199 3518/4879/5200 3520/4872/5201 3522/4875/5202
f 3528/4882/5203 3529/4883/5204 3531/4884/5205 3530/4885/5206
f 3532/4886/5207 3533/4887/5208 3527/4888/5209 3526/4889/5210
f 3527/4890/5211 3533/4891/5212 3531/4884/5213 3529/4883/5214
f 3532/4886/5215 3526/4889/5216 3528/4882/5217 3530/4885/5218
f 3536/4892/5219 3537/4893/5220 3539/4894/5221 3538/4895/5222
f 3540/4896/5223 3541/4897/5224 3535/4898/5225 3534/4899/5226
f 3535/4900/5227 3541/4901/5228 3539/4894/5229 3537/4893/5230
f 3540/4896/5231 3534/4899/5232 3536/4892/5233 3538/4895/5234
f 3544/4902/5235 3545/4903/5236 3547/4904/5237 3546/4905/5238
f 3548/4906/5239 3549/4907/5240 3543/4908/5241 3542/4909/5242
f 3543/4910/5243 3549/4911/5244 3547/4904/5245 3545/4903/5246
f 3548/4906/5247 3542/4909/5248 3544/4902/5249 3546/4905/5250
f 3552/4912/5251 3553/4913/5252 3555/4914/5253 3554/4915/5254
f 3556/4916/5255 3557/4917/5256 3551/4918/5257 3550/4919/5258
f 3551/4920/5259 3557/4921/5260 3555/4914/5261 3553/4913/5262
f 3556/4916/5263 3550/4919/5264 3552/4922/5265 3554/4923/5266
f 3560/4924/5267 3561/4925/5268 3563/4926/5269 3562/4927/5270
f 3564/4928/5271 3565/4929/5272 3559/4930/5273 3558/4931/5274
f 3559/4932/5275 3565/4933/5276 3563/4926/5277 3561/4925/5278
f 3564/4928/5279 3558/4931/5280 3560/4934/5281 3562/4935/5282
f 3568/4936/5283 3569/4937/5284 3571/4938/5285 3570/4939/5286
f 3572/4940/5287 3573/4941/5288 3567/4942/5289 3566/4943/5290
f 3567/4944/5291 3573/4945/5292 3571/4938/5293 3569/4937/5294
f 3572/4940/5295 3566/4943/5296 3568/4946/5297 3570/4947/5298
f 3576/4948/5299 3577/4949/5300 3579/4950/5301 3578/4951/5302
f 3580/4952/5303 3581/4953/5304 3575/4954/5305 3574/4955/5306
f 3575/4956/5307 3581/4957/5308 3579/4950/5309 3577/4949/5310
f 3580/4952/5311 3574/4955/5312 3576/4958/5313 3578/4959/5314
f 3584/4960/5315 3585/4961/5316 3587/4962/5317 3586/4963/5318
f 3588/4964/5319 3589/4965/5320 3583/4966/5321 3582/4967/5322
f 3583/4968/5323 3589/4969/5324 3587/4962/5325 3585/4961/5326
f 3588/4964/5327 3582/4967/5328 3584/4960/5329 3586/4963/5330
f 3592/4970/5331 3593/4971/5332 3595/4972/5333 3594/4973/5334
f 3596/4974/5335 3597/4975/5336 3591/4976/5337 3590/4977/5338
f 3591/4978/5339 3597/4979/5340 3595/4972/5341 3593/4971/5342
f 3596/4974/5343 3590/4977/5344 3592/4970/5345 3594/4973/5346
f 3600/4980/5347 3601/4981/5348 3603/4982/5349 3602/4983/5350
f 3604/4984/5351 3605/4985/5352 3599/4986/5353 3598/4987/5354
f 3599/4988/5355 3605/4989/5356 3603/4982/5357 3601/4981/5358
f 3604/4984/5359 3598/4987/5360 3600/4980/5361 3602/4983/5362
f 3608/4990/5363 3609/4991/5364 3611/4992/5365 3610/4993/5366
f 3612/4994/5367 3613/4995/5368 3607/4996/5369 3606/4997/5370
f 3607/4998/5371 3613/4999/5372 3611/4992/5373 3609/4991/5374
f 3612/4994/5375 3606/4997/5376 3608/4990/5377 3610/4993/5378
f 3616/5000/5379 3617/5001/5380 3619/5002/5381 3618/5003/5382
f 3620/5004/5383 3621/5005/5384 3615/5006/5385 3614/5007/5386
f 3615/5008/5387 3621/5009/5388 3619/5002/5389 3617/5001/5390
f 3620/5004/5391 3614/5007/5392 3616/5000/5393 3618/5003/5394
f 3624/5010/5395 3625/5011/5396 3627/5012/5397 3626/5013/5398
f 3628/5014/5399 3629/5015/5400 3623/5016/5401 3622/5017/5402
f 3623/5018/5403 3629/5019/5404 3627/5012/5405 3625/5011/5406
f 3628/5014/5407 3622/5017/5408 3624/5020/5409 3626/5021/5410
f 3632/5022/5411 3633/5023/5412 3635/5024/5413 3634/5025/5414
f 3636/5026/5415 3637/5027/5416 3631/5028/5417 3630/5029/5418
f 3631/5030/5419 3637/5031/5420 3635/5024/5421 3633/5023/5422
f 3636/5026/5423 3630/5029/5424 3632/5032/5425 3634/5033/5426
f 3640/5034/5427 3641/5035/5428 3643/5036/5429 3642/5037/5430
f 3644/5038/5431 3645/5039/5432 3639/5040/5433 3638/5041/5434
f 3639/5042/5435 3645/5043/5436 3643/5036/5437 3641/5035/5438
f 3644/5038/5439 3638/5041/5440 3640/5044/5441 3642/5045/5442
f 3648/5046/5443 3649/5047/5444 3651/5048/5445 3650/5049/5446
f 3652/5050/5447 3653/5051/5448 3647/5052/5449 3646/5053/5450
f 3647/5054/5451 3653/5055/5452 3651/5048/5453 3649/5047/5454
f 3652/5050/5455 3646/5053/5456 3648/5056/5457 3650/5057/5458
f 3656/5058/5459 3657/5059/5460 2917/5060/5461 2915/5061/5462
f 3657/5059/5463 3656/5058/5464 3655/5062/5465 3654/5063/5466
f 3654/5063/5467 3655/5062/5468 2913/5064/5469 2911/5065/5470
s 696
f 429/5066/5471 430/5067/5472 3659/5068/5473 3658/5069/5474
f 430/5067/5472 431/5070/5475 3660/5071/5476 3659/5068/5473
f 431/5070/5475 432/5072/5477 3661/5073/5478 3660/5071/5476
f 432/5072/5477 433/5074/5479 3662/5075/5480 3661/5073/5478
f 433/5074/5479 434/5076/5481 3663/5077/5482 3662/5075/5480
f 434/5076/5481 435/5078/5483 3664/5079/5484 3663/5077/5482
f 435/5078/5483 436/5080/5485 3665/5081/5486 3664/5079/5484
f 436/5080/5485 429/5082/5471 3658/5083/5474 3665/5081/5486
s 697
f 3666/5084/5487 3667/5085/5488 3675/5086/5489 3674/5087/5490
f 3667/5085/5488 3668/5088/5491 3676/5089/5492 3675/5086/5489
f 3668/5088/5491 3669/5090/5493 3677/5091/5494 3676/5089/5492
f 3669/5090/5493 3670/5092/5495 3678/5093/5496 3677/5091/5494
f 3670/5092/5495 3671/5094/5497 3679/5095/5498 3678/5093/5496
f 3671/5094/5497 3672/5096/5499 3680/5097/5500 3679/5095/5498
f 3672/5096/5499 3673/5098/5501 3681/5099/5502 3680/5097/5500
f 3673/5098/5501 3666/5100/5487 3674/5101/5490 3681/5099/5502
s 698
f 3682/5102/5503 3690/5103/5504 3691/5104/5505 3683/5105/5506
f 3683/5106/5506 3691/5107/5505 3692/5108/5507 3684/5109/5508
f 3684/5109/5508 3692/5108/5507 3693/5110/5509 3685/5111/5510
f 3685/5111/5510 3693/5110/5509 3694/5112/5511 3686/5113/5512
f 3686/5113/5512 3694/5112/5511 3695/5114/5513 3687/5115/5514
f 3687/5115/5514 3695/5114/5513 3696/5116/5515 3688/5117/5516
f 3688/5117/5516 3696/5116/5515 3697/5118/5517 3689/5119/5518
f 3689/5119/5518 3697/5118/5517 3690/5103/5504 3682/5102/5503
f 3690/5103/5504 3698/5120/5519 3699/5121/5520 3691/5104/5505
f 3691/5107/5505 3699/5122/5520 3700/5123/5521 3692/5108/5507
f 3692/5108/5507 3700/5123/5521 3701/5124/5522 3693/5110/5509
f 3693/5110/5509 3701/5124/5522 3702/5125/5523 3694/5112/5511
f 3694/5112/5511 3702/5125/5523 3703/5126/5524 3695/5114/5513
f 3695/5114/5513 3703/5126/5524 3704/5127/5525 3696/5116/5515
f 3696/5116/5515 3704/5127/5525 3705/5128/5526 3697/5118/5517
f 3697/5118/5517 3705/5128/5526 3698/5120/5519 3690/5103/5504
f 3698/5120/5519 3706/5129/5527 3707/5130/5528 3699/5121/5520
f 3699/5122/5520 3707/5131/5528 3708/5132/5529 3700/5123/5521
f 3700/5123/5521 3708/5132/5529 3709/5133/5530 3701/5124/5522
f 3701/5124/5522 3709/5133/5530 3710/5134/5531 3702/5125/5523
f 3702/5125/5523 3710/5134/5531 3711/5135/5532 3703/5126/5524
f 3703/5126/5524 3711/5135/5532 3712/5136/5533 3704/5127/5525
f 3704/5127/5525 3712/5136/5533 3713/5137/5534 3705/5128/5526
f 3705/5128/5526 3713/5137/5534 3706/5129/5527 3698/5120/5519
f 3706/5129/5527 3714/5138/5535 3715/5139/5536 3707/5130/5528
f 3707/5131/5528 3715/5140/5536 3716/5141/5537 3708/5132/5529
f 3708/5132/5529 3716/5141/5537 3717/5142/5538 3709/5133/5530
f 3709/5133/5530 3717/5142/5538 3718/5143/5539 3710/5134/5531
f 3710/5134/5531 3718/5143/5539 3719/5144/5540 3711/5135/5532
f 3711/5135/5532 3719/5144/5540 3720/5145/5541 3712/5136/5533
f 3712/5136/5533 3720/5145/5541 3721/5146/5542 3713/5137/5534
f 3713/5137/5534 3721/5146/5542 3714/5138/5535 3706/5129/5527
f 3714/5138/5535 3722/5147/5543 3723/5148/5544 3715/5139/5536
f 3715/5140/5536 3723/5149/5544 3724/5150/5545 3716/5141/5537
f 3716/5141/5537 3724/5150/5545 3725/5151/5546 3717/5142/5538
f 3717/5142/5538 3725/5151/5546 3726/5152/5547 3718/5143/5539
f 3718/5143/5539 3726/5152/5547 3727/5153/5548 3719/5144/5540
f 3719/5144/5540 3727/5153/5548 3728/5154/5549 3720/5145/5541
f 3720/5145/5541 3728/5154/5549 3729/5155/5550 3721/5146/5542
f 3721/5146/5542 3729/5155/5550 3722/5147/5543 3714/5138/5535
f 3722/5147/5543 3730/5156/5551 3731/5157/5552 3723/5148/5544
f 3723/5149/5544 3731/5158/5552 3732/5159/5553 3724/5150/5545
f 3724/5150/5545 3732/5159/5553 3733/5160/5554 3725/5151/5546
f 3725/5151/5546 3733/5160/5554 3734/5161/5555 3726/5152/5547
f 3726/5152/5547 3734/5161/5555 3735/5162/5556 3727/5153/5548
f 3727/5153/5548 3735/5162/5556 3736/5163/5557 3728/5154/5549
f 3728/5154/5549 3736/5163/5557 3737/5164/5558 3729/5155/5550
f 3729/5155/5550 3737/5164/5558 3730/5156/5551 3722/5147/5543
f 3730/5156/5551 3738/5165/5559 3739/5166/5560 3731/5157/5552
f 3731/5158/5552 3739/5167/5560 3740/5168/5561 3732/5159/5553
f 3732/5159/5553 3740/5168/5561 3741/5169/5562 3733/5160/5554
f 3733/5160/5554 3741/5169/5562 3742/5170/5563 3734/5161/5555
f 3734/5161/5555 3742/5170/5563 3743/5171/5564 3735/5162/5556
f 3735/5162/5556 3743/5171/5564 3744/5172/5565 3736/5163/5557
f 3736/5163/5557 3744/5172/5565 3745/5173/5566 3737/5164/5558
f 3737/5164/5558 3745/5173/5566 3738/5165/5559 3730/5156/5551
f 3738/5174/5559 3746/5175/5567 3747/5176/5568 3739/5177/5560
f 3739/5177/5560 3747/5176/5568 3748/5178/5569 3740/5179/5561
f 3740/5179/5561 3748/5178/5569 3749/5180/5570 3741/5181/5562
f 3741/5181/5562 3749/5180/5570 3750/5182/5571 3742/5183/5563
f 3742/5183/5563 3750/5182/5571 3751/5184/5572 3743/5185/5564
f 3743/5185/5564 3751/5184/5572 3752/5186/5573 3744/5187/5565
f 3744/5187/5565 3752/5186/5573 3753/5188/5574 3745/5189/5566
f 3745/5189/5566 3753/5188/5574 3746/5175/5567 3738/5174/5559
f 3746/5175/5567 3754/5190/5575 3747/5176/5568
f 3747/5176/5568 3754/5190/5575 3748/5178/5569
f 3748/5178/5569 3754/5190/5575 3749/5180/5570
f 3749/5180/5570 3754/5190/5575 3750/5182/5571
f 3750/5182/5571 3754/5190/5575 3751/5184/5572
f 3751/5184/5572 3754/5190/5575 3752/5186/5573
f 3752/5186/5573 3754/5190/5575 3753/5188/5574
f 3753/5188/5574 3754/5190/5575 3746/5175/5567
s 699
f 3755/5191/5576 3763/5192/5577 3764/5193/5578 3756/5194/5579
f 3756/5195/5579 3764/5196/5578 3765/5197/5580 3757/5198/5581
f 3757/5198/5581 3765/5197/5580 3766/5199/5582 3758/5200/5583
f 3758/5200/5583 3766/5199/5582 3767/5201/5584 3759/5202/5585
f 3759/5202/5585 3767/5201/5584 3768/5203/5586 3760/5204/5587
f 3760/5204/5587 3768/5203/5586 3769/5205/5588 3761/5206/5589
f 3761/5206/5589 3769/5205/5588 3770/5207/5590 3762/5208/5591
f 3762/5208/5591 3770/5207/5590 3763/5192/5577 3755/5191/5576
f 3763/5192/5577 3771/5209/5592 3772/5210/5593 3764/5193/5578
f 3764/5196/5578 3772/5211/5593 3773/5212/5594 3765/5197/5580
f 3765/5197/5580 3773/5212/5594 3774/5213/5595 3766/5199/5582
f 3766/5199/5582 3774/5213/5595 3775/5214/5596 3767/5201/5584
f 3767/5201/5584 3775/5214/5596 3776/5215/5597 3768/5203/5586
f 3768/5203/5586 3776/5215/5597 3777/5216/5598 3769/5205/5588
f 3769/5205/5588 3777/5216/5598 3778/5217/5599 3770/5207/5590
f 3770/5207/5590 3778/5217/5599 3771/5209/5592 3763/5192/5577
f 3771/5209/5592 3779/5218/5600 3780/5219/5601 3772/5210/5593
f 3772/5211/5593 3780/5220/5601 3781/5221/5602 3773/5212/5594
f 3773/5212/5594 3781/5221/5602 3782/5222/5603 3774/5213/5595
f 3774/5213/5595 3782/5222/5603 3783/5223/5604 3775/5214/5596
f 3775/5214/5596 3783/5223/5604 3784/5224/5605 3776/5215/5597
f 3776/5215/5597 3784/5224/5605 3785/5225/5606 3777/5216/5598
f 3777/5216/5598 3785/5225/5606 3786/5226/5607 3778/5217/5599
f 3778/5217/5599 3786/5226/5607 3779/5218/5600 3771/5209/5592
f 3779/5218/5600 3787/5227/5608 3788/5228/5609 3780/5219/5601
f 3780/5220/5601 3788/5229/5609 3789/5230/5610 3781/5221/5602
f 3781/5221/5602 3789/5230/5610 3790/5231/5611 3782/5222/5603
f 3782/5222/5603 3790/5231/5611 3791/5232/5612 3783/5223/5604
f 3783/5223/5604 3791/5232/5612 3792/5233/5613 3784/5224/5605
f 3784/5224/5605 3792/5233/5613 3793/5234/5614 3785/5225/5606
f 3785/5225/5606 3793/5234/5614 3794/5235/5615 3786/5226/5607
f 3786/5226/5607 3794/5235/5615 3787/5227/5608 3779/5218/5600
f 3787/5227/5608 3795/5236/5616 3796/5237/5617 3788/5228/5609
f 3788/5229/5609 3796/5238/5617 3797/5239/5618 3789/5230/5610
f 3789/5230/5610 3797/5239/5618 3798/5240/5619 3790/5231/5611
f 3790/5231/5611 3798/5240/5619 3799/5241/5620 3791/5232/5612
f 3791/5232/5612 3799/5241/5620 3800/5242/5621 3792/5233/5613
f 3792/5233/5613 3800/5242/5621 3801/5243/5622 3793/5234/5614
f 3793/5234/5614 3801/5243/5622 3802/5244/5623 3794/5235/5615
f 3794/5235/5615 3802/5244/5623 3795/5236/5616 3787/5227/5608
f 3795/5236/5616 3803/5245/5624 3804/5246/5625 3796/5237/5617
f 3796/5238/5617 3804/5247/5625 3805/5248/5626 3797/5239/5618
f 3797/5239/5618 3805/5248/5626 3806/5249/5627 3798/5240/5619
f 3798/5240/5619 3806/5249/5627 3807/5250/5628 3799/5241/5620
f 3799/5241/5620 3807/5250/5628 3808/5251/5629 3800/5242/5621
f 3800/5242/5621 3808/5251/5629 3809/5252/5630 3801/5243/5622
f 3801/5243/5622 3809/5252/5630 3810/5253/5631 3802/5244/5623
f 3802/5244/5623 3810/5253/5631 3803/5245/5624 3795/5236/5616
f 3803/5245/5624 3811/5254/5632 3812/5255/5633 3804/5246/5625
f 3804/5247/5625 3812/5256/5633 3813/5257/5634 3805/5248/5626
f 3805/5248/5626 3813/5257/5634 3814/5258/5635 3806/5249/5627
f 3806/5249/5627 3814/5258/5635 3815/5259/5636 3807/5250/5628
f 3807/5250/5628 3815/5259/5636 3816/5260/5637 3808/5251/5629
f 3808/5251/5629 3816/5260/5637 3817/5261/5638 3809/5252/5630
f 3809/5252/5630 3817/5261/5638 3818/5262/5639 3810/5253/5631
f 3810/5253/5631 3818/5262/5639 3811/5254/5632 3803/5245/5624
f 3811/5263/5632 3819/5264/5640 3820/5265/5641 3812/5266/5633
f 3812/5266/5633 3820/5265/5641 3821/5267/5642 3813/5268/5634
f 3813/5268/5634 3821/5267/5642 3822/5269/5643 3814/5270/5635
f 3814/5270/5635 3822/5269/5643 3823/5271/5644 3815/5272/5636
f 3815/5272/5636 3823/5271/5644 3824/5273/5645 3816/5274/5637
f 3816/5274/5637 3824/5273/5645 3825/5275/5646 3817/5276/5638
f 3817/5276/5638 3825/5275/5646 3826/5277/5647 3818/5278/5639
f 3818/5278/5639 3826/5277/5647 3819/5264/5640 3811/5263/5632
f 3819/5264/5640 3827/5279/5648 3820/5265/5641
f 3820/5265/5641 3827/5279/5648 3821/5267/5642
f 3821/5267/5642 3827/5279/5648 3822/5269/5643
f 3822/5269/5643 3827/5279/5648 3823/5271/5644
f 3823/5271/5644 3827/5279/5648 3824/5273/5645
f 3824/5273/5645 3827/5279/5648 3825/5275/5646
f 3825/5275/5646 3827/5279/5648 3826/5277/5647
f 3826/5277/5647 3827/5279/5648 3819/5264/5640
s off
f 3832/5280/5649 3833/5281/5650 3835/5282/5651 3834/5283/5652
f 3834/5283/5653 3828/5284/5654 3830/5285/5655 3832/5280/5656
f 3828/5284/5657 3829/5286/5658 3831/5287/5659 3830/5285/5660
s 703
f 3836/5288/5661 3837/5289/5662 3839/5290/5663 3838/5291/5664
s 704
f 3838/5291/5665 3839/5290/5666 3841/5292/5667 3840/5293/5668
s 705
f 3840/5293/5669 3841/5292/5670 3843/5294/5671 3842/5295/5672
s 706
f 3842/5296/5673 3843/5297/5674 3837/5289/5675 3836/5288/5676
f 3836/5288/5676 3845/5298/5677 3846/5299/5678 3842/5300/5673
s 703
f 3838/5291/5664 3844/5301/5679 3845/5298/5680 3836/5288/5661
s 704
f 3840/5293/5668 3847/5302/5681 3844/5301/5682 3838/5291/5665
s 705
f 3842/5303/5672 3846/5304/5683 3847/5302/5684 3840/5293/5669
s 707
f 3849/5305/5685 3848/5306/5686 3846/5307/5687 3845/5308/5688
f 3848/5306/5686 3849/5305/5685 2919/5309/5689 2925/5310/5690
s 708
f 3850/5311/5691 3849/5305/5692 3845/5308/5693 3844/5312/5694
f 3849/5305/5692 3850/5311/5691 2921/5313/5695 2919/5309/5696
s 709
f 3851/5314/5697 3850/5311/5698 3844/5312/5699 3847/5315/5700
f 3850/5311/5698 3851/5316/5697 2923/5317/5701 2921/5313/5702
s 710
f 3848/5306/5703 3851/5318/5704 3847/5319/5705 3846/5307/5706
f 3851/5320/5704 3848/5306/5703 2925/5310/5707 2923/5321/5708
s 711
f 3860/5322/5709 3861/5323/5710 3853/5324/5711 3852/5325/5712
f 3855/5326/5713 3861/5323/5710 3860/5322/5709 3854/5327/5714
f 2951/5328/5715 3853/5324/5711 3861/5323/5710 2959/5329/5716
f 3855/5326/5713 2953/5330/5717 2959/5329/5716 3861/5323/5710
f 3862/5331/5718 3863/5332/5719 3855/5326/5713 3854/5327/5714
f 3857/5333/5720 3863/5332/5719 3862/5331/5718 3856/5334/5721
f 3855/5326/5713 3863/5332/5719 2961/5335/5722 2953/5330/5717
f 3857/5333/5720 2955/5336/5723 2961/5335/5722 3863/5332/5719
f 3864/5337/5724 3865/5338/5725 3857/5333/5720 3856/5334/5721
f 3859/5339/5726 3865/5338/5725 3864/5337/5724 3858/5340/5727
f 3857/5333/5720 3865/5338/5725 2963/5341/5728 2955/5336/5723
f 3859/5339/5726 2957/5342/5729 2963/5341/5728 3865/5338/5725
f 3866/5343/5730 3867/5344/5731 3859/5339/5726 3858/5340/5727
f 3852/5345/5712 3853/5346/5711 3867/5344/5731 3866/5343/5730
f 3859/5339/5726 3867/5344/5731 2965/5347/5732 2957/5342/5729
f 2951/5348/5715 2965/5347/5732 3867/5344/5731 3853/5346/5711
s 712
f 3860/5349/5733 3852/5350/5734 3868/5351/5735 3876/5352/5736
f 3854/5353/5737 3860/5349/5733 3876/5352/5736 3870/5354/5738
f 3869/5355/5739 3877/5356/5740 3876/5352/5736 3868/5351/5735
f 3870/5354/5738 3876/5352/5736 3877/5356/5740 3871/5357/5741
f 3862/5358/5742 3854/5353/5737 3870/5354/5738 3878/5359/5743
f 3856/5360/5744 3862/5358/5742 3878/5359/5743 3872/5361/5745
f 3870/5354/5738 3871/5357/5741 3879/5362/5746 3878/5359/5743
f 3872/5361/5745 3878/5359/5743 3879/5362/5746 3873/5363/5747
f 3864/5364/5748 3856/5360/5744 3872/5361/5745 3880/5365/5749
f 3858/5366/5750 3864/5364/5748 3880/5365/5749 3874/5367/5751
f 3872/5361/5745 3873/5363/5747 3881/5368/5752 3880/5365/5749
f 3874/5367/5751 3880/5365/5749 3881/5368/5752 3875/5369/5753
f 3866/5370/5754 3858/5366/5750 3874/5367/5751 3882/5371/5755
f 3868/5372/5735 3852/5373/5734 3866/5370/5754 3882/5371/5755
f 3874/5367/5751 3875/5369/5753 3883/5374/5756 3882/5371/5755
f 3869/5375/5739 3868/5372/5735 3882/5371/5755 3883/5374/5756
s 713
f 3884/5376/5757 3892/5377/5758 3893/5378/5759 3885/5379/5760
f 3885/5379/5760 3893/5378/5759 3894/5380/5761 3886/5381/5762
f 3886/5381/5762 3894/5380/5761 3895/5382/5763 3887/5383/5764
f 3887/5383/5764 3895/5382/5763 3896/5384/5765 3888/5385/5766
f 3888/5385/5766 3896/5384/5765 3897/5386/5767 3889/5387/5768
f 3889/5387/5768 3897/5386/5767 3898/5388/5769 3890/5389/5770
f 3890/5389/5770 3898/5388/5769 3899/5390/5771 3891/5391/5772
f 3891/5391/5772 3899/5390/5771 3892/5392/5758 3884/5393/5757
s 714
f 3900/5394/5773 3901/5395/5774 3909/5396/5775 3908/5397/5776
f 3901/5398/5774 3902/5399/5777 3910/5400/5778 3909/5401/5775
f 3902/5399/5777 3903/5402/5779 3911/5403/5780 3910/5400/5778
f 3903/5402/5779 3904/5404/5781 3912/5405/5782 3911/5403/5780
f 3904/5404/5781 3905/5406/5783 3913/5407/5784 3912/5405/5782
f 3905/5406/5783 3906/5408/5785 3914/5409/5786 3913/5407/5784
f 3906/5408/5785 3907/5410/5787 3915/5411/5788 3914/5409/5786
f 3907/5410/5787 3900/5394/5773 3908/5397/5776 3915/5411/5788
f 3908/5397/5776 3909/5396/5775 3917/5412/5789 3916/5413/5790
f 3909/5401/5775 3910/5400/5778 3918/5414/5791 3917/5415/5789
f 3910/5400/5778 3911/5403/5780 3919/5416/5792 3918/5414/5791
f 3911/5403/5780 3912/5405/5782 3920/5417/5793 3919/5416/5792
f 3912/5405/5782 3913/5407/5784 3921/5418/5794 3920/5417/5793
f 3913/5407/5784 3914/5409/5786 3922/5419/5795 3921/5418/5794
f 3914/5409/5786 3915/5411/5788 3923/5420/5796 3922/5419/5795
f 3915/5411/5788 3908/5397/5776 3916/5413/5790 3923/5420/5796
f 3916/5413/5790 3917/5412/5789 3925/5421/5797 3924/5422/5798
f 3917/5415/5789 3918/5414/5791 3926/5423/5799 3925/5424/5797
f 3918/5414/5791 3919/5416/5792 3927/5425/5800 3926/5423/5799
f 3919/5416/5792 3920/5417/5793 3928/5426/5801 3927/5425/5800
f 3920/5417/5793 3921/5418/5794 3929/5427/5802 3928/5426/5801
f 3921/5418/5794 3922/5419/5795 3930/5428/5803 3929/5427/5802
f 3922/5419/5795 3923/5420/5796 3931/5429/5804 3930/5428/5803
f 3923/5420/5796 3916/5413/5790 3924/5422/5798 3931/5429/5804
f 3924/5422/5798 3925/5421/5797 3933/5430/5805 3932/5431/5806
f 3925/5424/5797 3926/5423/5799 3934/5432/5807 3933/5433/5805
f 3926/5423/5799 3927/5425/5800 3935/5434/5808 3934/5432/5807
f 3927/5425/5800 3928/5426/5801 3936/5435/5809 3935/5434/5808
f 3928/5426/5801 3929/5427/5802 3937/5436/5810 3936/5435/5809
f 3929/5427/5802 3930/5428/5803 3938/5437/5811 3937/5436/5810
f 3930/5428/5803 3931/5429/5804 3939/5438/5812 3938/5437/5811
f 3931/5429/5804 3924/5422/5798 3932/5431/5806 3939/5438/5812
f 3932/5431/5806 3933/5430/5805 3941/5439/5813 3940/5440/5814
f 3933/5433/5805 3934/5432/5807 3942/5441/5815 3941/5442/5813
f 3934/5432/5807 3935/5434/5808 3943/5443/5816 3942/5441/5815
f 3935/5434/5808 3936/5435/5809 3944/5444/5817 3943/5443/5816
f 3936/5435/5809 3937/5436/5810 3945/5445/5818 3944/5444/5817
f 3937/5436/5810 3938/5437/5811 3946/5446/5819 3945/5445/5818
f 3938/5437/5811 3939/5438/5812 3947/5447/5820 3946/5446/5819
f 3939/5438/5812 3932/5431/5806 3940/5440/5814 3947/5447/5820
f 3940/5440/5814 3941/5439/5813 3949/5448/5821 3948/5449/5822
f 3941/5442/5813 3942/5441/5815 3950/5450/5823 3949/5451/5821
f 3942/5441/5815 3943/5443/5816 3951/5452/5824 3950/5450/5823
f 3943/5443/5816 3944/5444/5817 3952/5453/5825 3951/5452/5824
f 3944/5444/5817 3945/5445/5818 3953/5454/5826 3952/5453/5825
f 3945/5445/5818 3946/5446/5819 3954/5455/5827 3953/5454/5826
f 3946/5446/5819 3947/5447/5820 3955/5456/5828 3954/5455/5827
f 3947/5447/5820 3940/5440/5814 3948/5449/5822 3955/5456/5828
f 3948/5449/5822 3949/5448/5821 3957/5457/5829 3956/5458/5830
f 3949/5451/5821 3950/5450/5823 3958/5459/5831 3957/5460/5829
f 3950/5450/5823 3951/5452/5824 3959/5461/5832 3958/5459/5831
f 3951/5452/5824 3952/5453/5825 3960/5462/5833 3959/5461/5832
f 3952/5453/5825 3953/5454/5826 3961/5463/5834 3960/5462/5833
f 3953/5454/5826 3954/5455/5827 3962/5464/5835 3961/5463/5834
f 3954/5455/5827 3955/5456/5828 3963/5465/5836 3962/5464/5835
f 3955/5456/5828 3948/5449/5822 3956/5458/5830 3963/5465/5836
f 3956/5466/5830 3957/5467/5829 3965/5468/5837 3964/5469/5838
f 3957/5467/5829 3958/5470/5831 3966/5471/5839 3965/5468/5837
f 3958/5470/5831 3959/5472/5832 3967/5473/5840 3966/5471/5839
f 3959/5472/5832 3960/5474/5833 3968/5475/5841 3967/5473/5840
f 3960/5474/5833 3961/5476/5834 3969/5477/5842 3968/5475/5841
f 3961/5476/5834 3962/5478/5835 3970/5479/5843 3969/5477/5842
f 3962/5478/5835 3963/5480/5836 3971/5481/5844 3970/5479/5843
f 3963/5480/5836 3956/5466/5830 3964/5469/5838 3971/5481/5844
f 3964/5469/5838 3965/5468/5837 3972/5482/5845
f 3965/5468/5837 3966/5471/5839 3972/5482/5845
f 3966/5471/5839 3967/5473/5840 3972/5482/5845
f 3967/5473/5840 3968/5475/5841 3972/5482/5845
f 3968/5475/5841 3969/5477/5842 3972/5482/5845
f 3969/5477/5842 3970/5479/5843 3972/5482/5845
f 3970/5479/5843 3971/5481/5844 3972/5482/5845
f 3971/5481/5844 3964/5469/5838 3972/5482/5845
s off
f 3057/5483/5846 3056/5484/5847 3974/5485/5848 3975/5486/5849
f 3058/5487/5850 3057/5483/5851 3975/5486/5852 3976/5488/5853
f 3055/5489/5854 3058/5487/5855 3976/5488/5856 3973/5490/5857
f 3974/5485/5858 3056/5484/5859 3055/5491/5860 3973/5492/5861
s 719
f 3977/5493/5862 3978/5494/5863 4009/5495/5864 4010/5496/5865
f 3978/5494/5863 3979/5497/5866 4008/5498/5867 4009/5495/5864
s 720
f 3980/5499/5868 3981/5500/5869 3984/5501/5870 3983/5502/5871
f 3981/5500/5869 3982/5503/5872 3985/5504/5873 3984/5501/5870
s 721
f 4005/5505/5874 4006/5506/5875 3987/5507/5876 3986/5508/5877
f 4006/5509/5875 4007/5510/5878 3988/5511/5879 3987/5512/5876
s 722
f 3986/5513/5880 3987/5514/5881 3978/5494/5882 3977/5493/5883
f 3987/5515/5881 3988/5516/5884 3979/5497/5885 3978/5494/5882
f 3977/5493/5883 3990/5517/5886 3989/5518/5887 3986/5519/5880
s 719
f 4010/5496/5865 4011/5520/5888 3990/5517/5889 3977/5493/5862
s 720
f 3983/5502/5871 3992/5521/5890 3991/5522/5891 3980/5499/5868
s 721
f 3986/5523/5877 3989/5524/5892 4004/5525/5893 4005/5526/5874
s 723
f 3993/5527/5894 4012/5528/5895 4001/5529/5896 3994/5530/5897
f 3994/5530/5897 4001/5529/5896 3090/5531/5898 3061/5532/5899
s 724
f 3995/5533/5900 3997/5534/5901 3998/5535/5902 3996/5536/5903
f 3996/5536/5903 3998/5535/5902 3067/5537/5904 3064/5538/5905
s 725
f 4003/5539/5906 3999/5540/5907 4000/5541/5908 4002/5542/5909
f 4002/5543/5909 4000/5544/5908 3070/5545/5910 3089/5546/5911
s 726
f 3999/5547/5912 3993/5527/5913 3994/5530/5914 4000/5548/5915
f 4000/5549/5915 3994/5530/5914 3061/5532/5916 3070/5550/5917
f 3993/5527/5913 3999/5551/5912 3989/5552/5918 3990/5553/5919
s 723
f 4012/5528/5895 3993/5527/5894 3990/5553/5920 4011/5554/5921
s 724
f 3997/5534/5901 3995/5533/5900 3991/5555/5922 3992/5556/5923
s 725
f 3999/5557/5907 4003/5558/5906 4004/5559/5924 3989/5560/5925
s 723
f 4001/5529/5896 3996/5536/5926 3064/5538/5927 3090/5531/5898
s 725
f 3998/5535/5928 4002/5543/5909 3089/5546/5911 3067/5537/5929
f 3997/5534/5930 4003/5539/5906 4002/5542/5909 3998/5535/5928
f 4004/5559/5924 4003/5558/5906 3997/5534/5930 3992/5556/5931
s 721
f 4005/5526/5874 4004/5525/5893 3992/5521/5932 3983/5502/5933
f 3983/5502/5933 3984/5501/5934 4006/5506/5875 4005/5505/5874
f 3984/5501/5934 3985/5504/5935 4007/5510/5878 4006/5509/5875
s 719
f 4009/5495/5864 4008/5498/5867 3982/5503/5936 3981/5500/5937
f 4010/5496/5865 4009/5495/5864 3981/5500/5937 3980/5499/5938
f 3980/5499/5938 3991/5522/5939 4011/5520/5888 4010/5496/5865
s 723
f 3995/5533/5940 4012/5528/5895 4011/5554/5921 3991/5555/5941
f 4001/5529/5896 4012/5528/5895 3995/5533/5940 3996/5536/5926
s off
f 4013/5561/5942 4014/5562/5943 4016/5563/5944 4015/5564/5945
f 4017/5565/5946 4018/5566/5947 4020/5567/5948 4019/5568/5949
f 4014/5562/5950 4020/5569/5951 4018/5570/5952 4016/5563/5953
f 4019/5568/5954 4013/5561/5955 4015/5564/5956 4017/5565/5957
f 4021/5571/5958 4023/5572/5959 4024/5573/5960 4022/5574/5961
f 4025/5575/5962 4027/5576/5963 4028/5577/5964 4026/5578/5965
f 4022/5574/5966 4024/5573/5967 4026/5579/5968 4028/5580/5969
f 4027/5576/5970 4025/5575/5971 4023/5572/5972 4021/5571/5973
f 4031/5581/5974 3132/5582/5975 3134/5583/5976 4032/5584/5977
f 4032/5584/5978 4029/5585/5979 4030/5586/5980 4031/5581/5981
f 4029/5585/5982 3128/5587/5983 3130/5588/5984 4030/5586/5985
s 738
f 4033/5589/5986 4034/5590/5987 4042/5591/5988 4041/5592/5989
f 4034/5590/5987 4035/5593/5990 4043/5594/5991 4042/5591/5988
f 4035/5593/5990 4036/5595/5992 4044/5596/5993 4043/5594/5991
f 4036/5595/5992 4037/5597/5994 4045/5598/5995 4044/5596/5993
f 4037/5597/5994 4038/5599/5996 4046/5600/5997 4045/5598/5995
f 4038/5599/5996 4039/5601/5998 4047/5602/5999 4046/5600/5997
f 4039/5601/5998 4040/5603/6000 4048/5604/6001 4047/5602/5999
f 4040/5603/6000 4033/5605/5986 4041/5606/5989 4048/5604/6001
s 739
f 4049/5607/6002 4050/5608/6003 4052/5609/6004 4051/5610/6005
f 4050/5608/6003 3318/5611/6006 3320/5612/6007 4052/5609/6004
s 740
f 4051/5610/6008 4052/5609/6009 4054/5613/6010 4053/5614/6011
f 4052/5609/6009 3320/5612/6012 3322/5615/6013 4054/5613/6010
s 741
f 4053/5614/6014 4054/5613/6015 4056/5616/6016 4055/5617/6017
f 4054/5613/6015 3322/5615/6018 3324/5618/6019 4056/5619/6016
s 742
f 4055/5620/6020 4056/5621/6021 4050/5608/6022 4049/5607/6023
f 4056/5622/6021 3324/5623/6024 3318/5611/6025 4050/5608/6022
f 4049/5607/6023 4058/5624/6026 4059/5625/6027 4055/5626/6020
s 739
f 4051/5610/6005 4057/5627/6028 4058/5624/6029 4049/5607/6002
s 740
f 4053/5614/6011 4060/5628/6030 4057/5627/6031 4051/5610/6008
s 741
f 4055/5629/6017 4059/5630/6032 4060/5628/6033 4053/5614/6014
s 743
f 4062/5631/6034 4074/5632/6035 4073/5633/6036 4061/5634/6037
f 4064/5635/6038 4073/5633/6036 4074/5632/6035 4065/5636/6039
f 4063/5637/6040 4075/5638/6041 4074/5632/6035 4062/5631/6034
f 4065/5636/6039 4074/5632/6035 4075/5638/6041 4066/5639/6042
f 3327/5640/6043 3339/5641/6044 4075/5638/6041 4063/5637/6040
f 4066/5639/6042 4075/5638/6041 3339/5641/6044 3330/5642/6045
f 4064/5635/6038 4065/5636/6039 4077/5643/6046 4076/5644/6047
f 4067/5645/6048 4076/5644/6047 4077/5643/6046 4068/5646/6049
f 4065/5636/6039 4066/5639/6042 4078/5647/6050 4077/5643/6046
f 4068/5646/6049 4077/5643/6046 4078/5647/6050 4069/5648/6051
f 4066/5639/6042 3330/5642/6045 3342/5649/6052 4078/5647/6050
f 4069/5648/6051 4078/5647/6050 3342/5649/6052 3333/5650/6053
f 4067/5645/6048 4068/5646/6049 4080/5651/6054 4079/5652/6055
f 4070/5653/6056 4079/5652/6055 4080/5651/6054 4071/5654/6057
f 4068/5646/6049 4069/5648/6051 4081/5655/6058 4080/5651/6054
f 4071/5654/6057 4080/5651/6054 4081/5655/6058 4072/5656/6059
f 4069/5648/6051 3333/5650/6053 3345/5657/6060 4081/5655/6058
f 4072/5656/6059 4081/5655/6058 3345/5657/6060 3336/5658/6061
f 4070/5653/6056 4071/5654/6057 4083/5659/6062 4082/5660/6063
f 4062/5661/6034 4061/5662/6037 4082/5660/6063 4083/5659/6062
f 4071/5654/6057 4072/5656/6059 4084/5663/6064 4083/5659/6062
f 4063/5664/6040 4062/5661/6034 4083/5659/6062 4084/5663/6064
f 4072/5656/6059 3336/5658/6061 3348/5665/6065 4084/5663/6064
f 3327/5666/6043 4063/5664/6040 4084/5663/6064 3348/5665/6065
s off
f 4085/5667/6066 4086/5668/6067 4088/5669/6068 4087/5670/6069
f 4089/5671/6070 4090/5672/6071 4092/5673/6072 4091/5674/6073
f 4086/5668/6074 4092/5675/6075 4090/5676/6076 4088/5669/6077
f 4091/5674/6078 4085/5667/6079 4087/5670/6080 4089/5671/6081
s 748
f 4093/5677/6082 4094/5678/6083 4102/5679/6084 4101/5680/6085
f 4094/5678/6083 4095/5681/6086 4103/5682/6087 4102/5679/6084
f 4095/5681/6086 4096/5683/6088 4104/5684/6089 4103/5682/6087
f 4096/5683/6088 4097/5685/6090 4105/5686/6091 4104/5684/6089
f 4097/5685/6090 4098/5687/6092 4106/5688/6093 4105/5686/6091
f 4098/5687/6092 4099/5689/6094 4107/5690/6095 4106/5688/6093
f 4099/5689/6094 4100/5691/6096 4108/5692/6097 4107/5690/6095
f 4100/5691/6096 4093/5693/6082 4101/5694/6085 4108/5692/6097
s 749
f 4109/5695/6098 4117/5696/6099 4118/5697/6100 4110/5698/6101
f 4110/5699/6101 4118/5700/6100 4119/5701/6102 4111/5702/6103
f 4111/5702/6103 4119/5701/6102 4120/5703/6104 4112/5704/6105
f 4112/5704/6105 4120/5703/6104 4121/5705/6106 4113/5706/6107
f 4113/5706/6107 4121/5705/6106 4122/5707/6108 4114/5708/6109
f 4114/5708/6109 4122/5707/6108 4123/5709/6110 4115/5710/6111
f 4115/5710/6111 4123/5709/6110 4124/5711/6112 4116/5712/6113
f 4116/5712/6113 4124/5711/6112 4117/5696/6099 4109/5695/6098
f 4117/5696/6099 4125/5713/6114 4126/5714/6115 4118/5697/6100
f 4118/5700/6100 4126/5715/6115 4127/5716/6116 4119/5701/6102
f 4119/5701/6102 4127/5716/6116 4128/5717/6117 4120/5703/6104
f 4120/5703/6104 4128/5717/6117 4129/5718/6118 4121/5705/6106
f 4121/5705/6106 4129/5718/6118 4130/5719/6119 4122/5707/6108
f 4122/5707/6108 4130/5719/6119 4131/5720/6120 4123/5709/6110
f 4123/5709/6110 4131/5720/6120 4132/5721/6121 4124/5711/6112
f 4124/5711/6112 4132/5721/6121 4125/5713/6114 4117/5696/6099
f 4125/5713/6114 4133/5722/6122 4134/5723/6123 4126/5714/6115
f 4126/5715/6115 4134/5724/6123 4135/5725/6124 4127/5716/6116
f 4127/5716/6116 4135/5725/6124 4136/5726/6125 4128/5717/6117
f 4128/5717/6117 4136/5726/6125 4137/5727/6126 4129/5718/6118
f 4129/5718/6118 4137/5727/6126 4138/5728/6127 4130/5719/6119
f 4130/5719/6119 4138/5728/6127 4139/5729/6128 4131/5720/6120
f 4131/5720/6120 4139/5729/6128 4140/5730/6129 4132/5721/6121
f 4132/5721/6121 4140/5730/6129 4133/5722/6122 4125/5713/6114
f 4133/5722/6122 4141/5731/6130 4142/5732/6131 4134/5723/6123
f 4134/5724/6123 4142/5733/6131 4143/5734/6132 4135/5725/6124
f 4135/5725/6124 4143/5734/6132 4144/5735/6133 4136/5726/6125
f 4136/5726/6125 4144/5735/6133 4145/5736/6134 4137/5727/6126
f 4137/5727/6126 4145/5736/6134 4146/5737/6135 4138/5728/6127
f 4138/5728/6127 4146/5737/6135 4147/5738/6136 4139/5729/6128
f 4139/5729/6128 4147/5738/6136 4148/5739/6137 4140/5730/6129
f 4140/5730/6129 4148/5739/6137 4141/5731/6130 4133/5722/6122
f 4141/5731/6130 4149/5740/6138 4150/5741/6139 4142/5732/6131
f 4142/5733/6131 4150/5742/6139 4151/5743/6140 4143/5734/6132
f 4143/5734/6132 4151/5743/6140 4152/5744/6141 4144/5735/6133
f 4144/5735/6133 4152/5744/6141 4153/5745/6142 4145/5736/6134
f 4145/5736/6134 4153/5745/6142 4154/5746/6143 4146/5737/6135
f 4146/5737/6135 4154/5746/6143 4155/5747/6144 4147/5738/6136
f 4147/5738/6136 4155/5747/6144 4156/5748/6145 4148/5739/6137
f 4148/5739/6137 4156/5748/6145 4149/5740/6138 4141/5731/6130
f 4149/5740/6138 4157/5749/6146 4158/5750/6147 4150/5741/6139
f 4150/5742/6139 4158/5751/6147 4159/5752/6148 4151/5743/6140
f 4151/5743/6140 4159/5752/6148 4160/5753/6149 4152/5744/6141
f 4152/5744/6141 4160/5753/6149 4161/5754/6150 4153/5745/6142
f 4153/5745/6142 4161/5754/6150 4162/5755/6151 4154/5746/6143
f 4154/5746/6143 4162/5755/6151 4163/5756/6152 4155/5747/6144
f 4155/5747/6144 4163/5756/6152 4164/5757/6153 4156/5748/6145
f 4156/5748/6145 4164/5757/6153 4157/5749/6146 4149/5740/6138
f 4157/5749/6146 4165/5758/6154 4166/5759/6155 4158/5750/6147
f 4158/5751/6147 4166/5760/6155 4167/5761/6156 4159/5752/6148
f 4159/5752/6148 4167/5761/6156 4168/5762/6157 4160/5753/6149
f 4160/5753/6149 4168/5762/6157 4169/5763/6158 4161/5754/6150
f 4161/5754/6150 4169/5763/6158 4170/5764/6159 4162/5755/6151
f 4162/5755/6151 4170/5764/6159 4171/5765/6160 4163/5756/6152
f 4163/5756/6152 4171/5765/6160 4172/5766/6161 4164/5757/6153
f 4164/5757/6153 4172/5766/6161 4165/5758/6154 4157/5749/6146
f 4165/5767/6154 4173/5768/6162 4174/5769/6163 4166/5770/6155
f 4166/5770/6155 4174/5769/6163 4175/5771/6164 4167/5772/6156
f 4167/5772/6156 4175/5771/6164 4176/5773/6165 4168/5774/6157
f 4168/5774/6157 4176/5773/6165 4177/5775/6166 4169/5776/6158
f 4169/5776/6158 4177/5775/6166 4178/5777/6167 4170/5778/6159
f 4170/5778/6159 4178/5777/6167 4179/5779/6168 4171/5780/6160
f 4171/5780/6160 4179/5779/6168 4180/5781/6169 4172/5782/6161
f 4172/5782/6161 4180/5781/6169 4173/5768/6162 4165/5767/6154
f 4173/5768/6162 4181/5783/6170 4174/5769/6163
f 4174/5769/6163 4181/5783/6170 4175/5771/6164
f 4175/5771/6164 4181/5783/6170 4176/5773/6165
f 4176/5773/6165 4181/5783/6170 4177/5775/6166
f 4177/5775/6166 4181/5783/6170 4178/5777/6167
f 4178/5777/6167 4181/5783/6170 4179/5779/6168
f 4179/5779/6168 4181/5783/6170 4180/5781/6169
f 4180/5781/6169 4181/5783/6170 4173/5768/6162
s 750
f 4182/5784/6171 4190/5785/6172 4191/5786/6173 4183/5787/6174
f 4183/5788/6174 4191/5789/6173 4192/5790/6175 4184/5791/6176
f 4184/5791/6176 4192/5790/6175 4193/5792/6177 4185/5793/6178
f 4185/5793/6178 4193/5792/6177 4194/5794/6179 4186/5795/6180
f 4186/5795/6180 4194/5794/6179 4195/5796/6181 4187/5797/6182
f 4187/5797/6182 4195/5796/6181 4196/5798/6183 4188/5799/6184
f 4188/5799/6184 4196/5798/6183 4197/5800/6185 4189/5801/6186
f 4189/5801/6186 4197/5800/6185 4190/5785/6172 4182/5784/6171
f 4190/5785/6172 4198/5802/6187 4199/5803/6188 4191/5786/6173
f 4191/5789/6173 4199/5804/6188 4200/5805/6189 4192/5790/6175
f 4192/5790/6175 4200/5805/6189 4201/5806/6190 4193/5792/6177
f 4193/5792/6177 4201/5806/6190 4202/5807/6191 4194/5794/6179
f 4194/5794/6179 4202/5807/6191 4203/5808/6192 4195/5796/6181
f 4195/5796/6181 4203/5808/6192 4204/5809/6193 4196/5798/6183
f 4196/5798/6183 4204/5809/6193 4205/5810/6194 4197/5800/6185
f 4197/5800/6185 4205/5810/6194 4198/5802/6187 4190/5785/6172
f 4198/5802/6187 4206/5811/6195 4207/5812/6196 4199/5803/6188
f 4199/5804/6188 4207/5813/6196 4208/5814/6197 4200/5805/6189
f 4200/5805/6189 4208/5814/6197 4209/5815/6198 4201/5806/6190
f 4201/5806/6190 4209/5815/6198 4210/5816/6199 4202/5807/6191
f 4202/5807/6191 4210/5816/6199 4211/5817/6200 4203/5808/6192
f 4203/5808/6192 4211/5817/6200 4212/5818/6201 4204/5809/6193
f 4204/5809/6193 4212/5818/6201 4213/5819/6202 4205/5810/6194
f 4205/5810/6194 4213/5819/6202 4206/5811/6195 4198/5802/6187
f 4206/5811/6195 4214/5820/6203 4215/5821/6204 4207/5812/6196
f 4207/5813/6196 4215/5822/6204 4216/5823/6205 4208/5814/6197
f 4208/5814/6197 4216/5823/6205 4217/5824/6206 4209/5815/6198
f 4209/5815/6198 4217/5824/6206 4218/5825/6207 4210/5816/6199
f 4210/5816/6199 4218/5825/6207 4219/5826/6208 4211/5817/6200
f 4211/5817/6200 4219/5826/6208 4220/5827/6209 4212/5818/6201
f 4212/5818/6201 4220/5827/6209 4221/5828/6210 4213/5819/6202
f 4213/5819/6202 4221/5828/6210 4214/5820/6203 4206/5811/6195
f 4214/5820/6203 4222/5829/6211 4223/5830/6212 4215/5821/6204
f 4215/5822/6204 4223/5831/6212 4224/5832/6213 4216/5823/6205
f 4216/5823/6205 4224/5832/6213 4225/5833/6214 4217/5824/6206
f 4217/5824/6206 4225/5833/6214 4226/5834/6215 4218/5825/6207
f 4218/5825/6207 4226/5834/6215 4227/5835/6216 4219/5826/6208
f 4219/5826/6208 4227/5835/6216 4228/5836/6217 4220/5827/6209
f 4220/5827/6209 4228/5836/6217 4229/5837/6218 4221/5828/6210
f 4221/5828/6210 4229/5837/6218 4222/5829/6211 4214/5820/6203
f 4222/5829/6211 4230/5838/6219 4231/5839/6220 4223/5830/6212
f 4223/5831/6212 4231/5840/6220 4232/5841/6221 4224/5832/6213
f 4224/5832/6213 4232/5841/6221 4233/5842/6222 4225/5833/6214
f 4225/5833/6214 4233/5842/6222 4234/5843/6223 4226/5834/6215
f 4226/5834/6215 4234/5843/6223 4235/5844/6224 4227/5835/6216
f 4227/5835/6216 4235/5844/6224 4236/5845/6225 4228/5836/6217
f 4228/5836/6217 4236/5845/6225 4237/5846/6226 4229/5837/6218
f 4229/5837/6218 4237/5846/6226 4230/5838/6219 4222/5829/6211
f 4230/5838/6219 4238/5847/6227 4239/5848/6228 4231/5839/6220
f 4231/5840/6220 4239/5849/6228 4240/5850/6229 4232/5841/6221
f 4232/5841/6221 4240/5850/6229 4241/5851/6230 4233/5842/6222
f 4233/5842/6222 4241/5851/6230 4242/5852/6231 4234/5843/6223
f 4234/5843/6223 4242/5852/6231 4243/5853/6232 4235/5844/6224
f 4235/5844/6224 4243/5853/6232 4244/5854/6233 4236/5845/6225
f 4236/5845/6225 4244/5854/6233 4245/5855/6234 4237/5846/6226
f 4237/5846/6226 4245/5855/6234 4238/5847/6227 4230/5838/6219
f 4238/5856/6227 4246/5857/6235 4247/5858/6236 4239/5859/6228
f 4239/5859/6228 4247/5858/6236 4248/5860/6237 4240/5861/6229
f 4240/5861/6229 4248/5860/6237 4249/5862/6238 4241/5863/6230
f 4241/5863/6230 4249/5862/6238 4250/5864/6239 4242/5865/6231
f 4242/5865/6231 4250/5864/6239 4251/5866/6240 4243/5867/6232
f 4243/5867/6232 4251/5866/6240 4252/5868/6241 4244/5869/6233
f 4244/5869/6233 4252/5868/6241 4253/5870/6242 4245/5871/6234
f 4245/5871/6234 4253/5870/6242 4246/5857/6235 4238/5856/6227
f 4246/5857/6235 4254/5872/6243 4247/5858/6236
f 4247/5858/6236 4254/5872/6243 4248/5860/6237
f 4248/5860/6237 4254/5872/6243 4249/5862/6238
f 4249/5862/6238 4254/5872/6243 4250/5864/6239
f 4250/5864/6239 4254/5872/6243 4251/5866/6240
f 4251/5866/6240 4254/5872/6243 4252/5868/6241
f 4252/5868/6241 4254/5872/6243 4253/5870/6242
f 4253/5870/6242 4254/5872/6243 4246/5857/6235
s 751
f 4255/5873/6244 4256/5874/6245 4258/5875/6246 4257/5876/6247
f 4256/5874/6245 3446/5877/6248 3447/5878/6249 4258/5875/6246
s 752
f 4257/5876/6250 4258/5875/6251 4260/5879/6252 4259/5880/6253
f 4258/5875/6251 3447/5878/6254 3448/5881/6255 4260/5879/6252
s 753
f 4259/5880/6256 4260/5879/6257 4262/5882/6258 4261/5883/6259
f 4260/5879/6257 3448/5881/6260 3449/5884/6261 4262/5885/6258
s 754
f 4261/5886/6262 4262/5887/6263 4256/5874/6264 4255/5873/6265
f 4262/5888/6263 3449/5889/6266 3446/5877/6267 4256/5874/6264
s off
f 4263/5890/6268 4264/5891/6269 4265/5892/6270 4266/5893/6271
s 754
f 4255/5873/6265 4264/5894/6272 4263/5895/6273 4261/5896/6262
s 751
f 4257/5876/6247 4265/5897/6274 4264/5894/6275 4255/5873/6244
s 752
f 4259/5880/6253 4266/5898/6276 4265/5897/6277 4257/5876/6250
s 753
f 4261/5899/6259 4263/5900/6278 4266/5898/6279 4259/5880/6256
s 756
f 4267/5901/6280 4268/5902/6281 4283/5903/6282 4284/5904/6283
f 4268/5902/6281 3464/5905/6284 3475/5906/6285 4283/5903/6282
s 757
f 4269/5907/6286 4270/5908/6287 4272/5909/6288 4271/5910/6289
f 4270/5908/6287 3467/5911/6290 3470/5912/6291 4272/5909/6288
s 758
f 4281/5913/6292 4282/5914/6293 4274/5915/6294 4273/5916/6295
f 4282/5917/6293 3476/5918/6296 3473/5919/6297 4274/5920/6294
s 759
f 4273/5921/6298 4274/5922/6299 4268/5902/6300 4267/5901/6301
f 4274/5923/6299 3473/5924/6302 3464/5905/6303 4268/5902/6300
s 760
f 4275/5925/6304 4276/5926/6305 4279/5927/6306 4280/5928/6307
s 759
f 4267/5901/6301 4276/5929/6308 4275/5930/6309 4273/5931/6298
s 756
f 4284/5904/6283 4279/5932/6310 4276/5929/6311 4267/5901/6280
s 757
f 4271/5910/6289 4278/5933/6312 4277/5934/6313 4269/5907/6286
s 758
f 4273/5935/6295 4275/5936/6314 4280/5937/6315 4281/5938/6292
s 760
f 4280/5928/6307 4279/5927/6306 4277/5939/6316 4278/5940/6317
s 758
f 4281/5938/6292 4280/5937/6315 4278/5933/6318 4271/5910/6319
f 4271/5910/6319 4272/5909/6320 4282/5914/6293 4281/5913/6292
f 4272/5909/6320 3470/5912/6321 3476/5918/6296 4282/5917/6293
s 756
f 4283/5903/6282 3475/5906/6285 3467/5911/6322 4270/5908/6323
f 4284/5904/6283 4283/5903/6282 4270/5908/6323 4269/5907/6324
f 4269/5907/6324 4277/5934/6325 4279/5932/6310 4284/5904/6283
s 761
f 4285/5941/6326 4286/5942/6327 4294/5943/6328 4293/5944/6329
f 4286/5942/6327 4287/5945/6330 4295/5946/6331 4294/5943/6328
f 4287/5945/6330 4288/5947/6332 4296/5948/6333 4295/5946/6331
f 4288/5947/6332 4289/5949/6334 4297/5950/6335 4296/5948/6333
f 4289/5949/6334 4290/5951/6336 4298/5952/6337 4297/5950/6335
f 4290/5951/6336 4291/5953/6338 4299/5954/6339 4298/5952/6337
f 4291/5953/6338 4292/5955/6340 4300/5956/6341 4299/5954/6339
f 4292/5955/6340 4285/5957/6326 4293/5958/6329 4300/5956/6341
s 762
f 4301/5959/6342 4302/5960/6343 4304/5961/6344 4303/5962/6345
f 4302/5960/6343 3841/5963/6346 3839/5964/6347 4304/5961/6344
s 763
f 4303/5962/6348 4304/5961/6349 4306/5965/6350 4305/5966/6351
f 4304/5961/6349 3839/5964/6352 3837/5967/6353 4306/5965/6350
s 764
f 4305/5966/6354 4306/5965/6355 4308/5968/6356 4307/5969/6357
f 4306/5965/6355 3837/5967/6358 3843/5970/6359 4308/5971/6356
s 765
f 4307/5972/6360 4308/5973/6361 4302/5960/6362 4301/5959/6363
f 4308/5974/6361 3843/5975/6364 3841/5963/6365 4302/5960/6362
f 4301/5959/6363 4310/5976/6366 4311/5977/6367 4307/5978/6360
s 762
f 4303/5962/6345 4309/5979/6368 4310/5976/6369 4301/5959/6342
s 763
f 4305/5966/6351 4312/5980/6370 4309/5979/6371 4303/5962/6348
s 764
f 4307/5981/6357 4311/5982/6372 4312/5980/6373 4305/5966/6354
s 766
f 4314/5983/6374 4326/5984/6375 4325/5985/6376 4313/5986/6377
f 4316/5987/6378 4325/5985/6376 4326/5984/6375 4317/5988/6379
f 4315/5989/6380 4327/5990/6381 4326/5984/6375 4314/5983/6374
f 4317/5988/6379 4326/5984/6375 4327/5990/6381 4318/5991/6382
f 3875/5992/6383 3881/5993/6384 4327/5990/6381 4315/5989/6380
f 4318/5991/6382 4327/5990/6381 3881/5993/6384 3873/5994/6385
f 4316/5987/6378 4317/5988/6379 4329/5995/6386 4328/5996/6387
f 4319/5997/6388 4328/5996/6387 4329/5995/6386 4320/5998/6389
f 4317/5988/6379 4318/5991/6382 4330/5999/6390 4329/5995/6386
f 4320/5998/6389 4329/5995/6386 4330/5999/6390 4321/6000/6391
f 4318/5991/6382 3873/5994/6385 3879/6001/6392 4330/5999/6390
f 4321/6000/6391 4330/5999/6390 3879/6001/6392 3871/6002/6393
f 4319/5997/6388 4320/5998/6389 4332/6003/6394 4331/6004/6395
f 4322/6005/6396 4331/6004/6395 4332/6003/6394 4323/6006/6397
f 4320/5998/6389 4321/6000/6391 4333/6007/6398 4332/6003/6394
f 4323/6006/6397 4332/6003/6394 4333/6007/6398 4324/6008/6399
f 4321/6000/6391 3871/6002/6393 3877/6009/6400 4333/6007/6398
f 4324/6008/6399 4333/6007/6398 3877/6009/6400 3869/6010/6401
f 4322/6005/6396 4323/6006/6397 4335/6011/6402 4334/6012/6403
f 4314/6013/6374 4313/6014/6377 4334/6012/6403 4335/6011/6402
f 4323/6006/6397 4324/6008/6399 4336/6015/6404 4335/6011/6402
f 4315/6016/6380 4314/6013/6374 4335/6011/6402 4336/6015/6404
f 4324/6008/6399 3869/6010/6401 3883/6017/6405 4336/6015/6404
f 3875/6018/6383 4315/6016/6380 4336/6015/6404 3883/6017/6405
s off
f 4337/6019/6406 4338/6020/6407 4340/6021/6408 4339/6022/6409
f 4341/6023/6410 4342/6024/6411 4344/6025/6412 4343/6026/6413
f 4338/6020/6414 4344/6027/6415 4342/6028/6416 4340/6021/6417
f 4343/6026/6418 4337/6019/6419 4339/6022/6420 4341/6023/6421
s 771
f 4345/6029/6422 4346/6030/6423 4354/6031/6424 4353/6032/6425
f 4346/6030/6423 4347/6033/6426 4355/6034/6427 4354/6031/6424
f 4347/6033/6426 4348/6035/6428 4356/6036/6429 4355/6034/6427
f 4348/6035/6428 4349/6037/6430 4357/6038/6431 4356/6036/6429
f 4349/6037/6430 4350/6039/6432 4358/6040/6433 4357/6038/6431
f 4350/6039/6432 4351/6041/6434 4359/6042/6435 4358/6040/6433
f 4351/6041/6434 4352/6043/6436 4360/6044/6437 4359/6042/6435
f 4352/6043/6436 4345/6045/6422 4353/6046/6425 4360/6044/6437
s 772
f 4361/6047/6438 4369/6048/6439 4370/6049/6440 4362/6050/6441
f 4362/6051/6441 4370/6052/6440 4371/6053/6442 4363/6054/6443
f 4363/6054/6443 4371/6053/6442 4372/6055/6444 4364/6056/6445
f 4364/6056/6445 4372/6055/6444 4373/6057/6446 4365/6058/6447
f 4365/6058/6447 4373/6057/6446 4374/6059/6448 4366/6060/6449
f 4366/6060/6449 4374/6059/6448 4375/6061/6450 4367/6062/6451
f 4367/6062/6451 4375/6061/6450 4376/6063/6452 4368/6064/6453
f 4368/6064/6453 4376/6063/6452 4369/6048/6439 4361/6047/6438
f 4369/6048/6439 4377/6065/6454 4378/6066/6455 4370/6049/6440
f 4370/6052/6440 4378/6067/6455 4379/6068/6456 4371/6053/6442
f 4371/6053/6442 4379/6068/6456 4380/6069/6457 4372/6055/6444
f 4372/6055/6444 4380/6069/6457 4381/6070/6458 4373/6057/6446
f 4373/6057/6446 4381/6070/6458 4382/6071/6459 4374/6059/6448
f 4374/6059/6448 4382/6071/6459 4383/6072/6460 4375/6061/6450
f 4375/6061/6450 4383/6072/6460 4384/6073/6461 4376/6063/6452
f 4376/6063/6452 4384/6073/6461 4377/6065/6454 4369/6048/6439
f 4377/6065/6454 4385/6074/6462 4386/6075/6463 4378/6066/6455
f 4378/6067/6455 4386/6076/6463 4387/6077/6464 4379/6068/6456
f 4379/6068/6456 4387/6077/6464 4388/6078/6465 4380/6069/6457
f 4380/6069/6457 4388/6078/6465 4389/6079/6466 4381/6070/6458
f 4381/6070/6458 4389/6079/6466 4390/6080/6467 4382/6071/6459
f 4382/6071/6459 4390/6080/6467 4391/6081/6468 4383/6072/6460
f 4383/6072/6460 4391/6081/6468 4392/6082/6469 4384/6073/6461
f 4384/6073/6461 4392/6082/6469 4385/6074/6462 4377/6065/6454
f 4385/6074/6462 4393/6083/6470 4394/6084/6471 4386/6075/6463
f 4386/6076/6463 4394/6085/6471 4395/6086/6472 4387/6077/6464
f 4387/6077/6464 4395/6086/6472 4396/6087/6473 4388/6078/6465
f 4388/6078/6465 4396/6087/6473 4397/6088/6474 4389/6079/6466
f 4389/6079/6466 4397/6088/6474 4398/6089/6475 4390/6080/6467
f 4390/6080/6467 4398/6089/6475 4399/6090/6476 4391/6081/6468
f 4391/6081/6468 4399/6090/6476 4400/6091/6477 4392/6082/6469
f 4392/6082/6469 4400/6091/6477 4393/6083/6470 4385/6074/6462
f 4393/6083/6470 4401/6092/6478 4402/6093/6479 4394/6084/6471
f 4394/6085/6471 4402/6094/6479 4403/6095/6480 4395/6086/6472
f 4395/6086/6472 4403/6095/6480 4404/6096/6481 4396/6087/6473
f 4396/6087/6473 4404/6096/6481 4405/6097/6482 4397/6088/6474
f 4397/6088/6474 4405/6097/6482 4406/6098/6483 4398/6089/6475
f 4398/6089/6475 4406/6098/6483 4407/6099/6484 4399/6090/6476
f 4399/6090/6476 4407/6099/6484 4408/6100/6485 4400/6091/6477
f 4400/6091/6477 4408/6100/6485 4401/6092/6478 4393/6083/6470
f 4401/6092/6478 4409/6101/6486 4410/6102/6487 4402/6093/6479
f 4402/6094/6479 4410/6103/6487 4411/6104/6488 4403/6095/6480
f 4403/6095/6480 4411/6104/6488 4412/6105/6489 4404/6096/6481
f 4404/6096/6481 4412/6105/6489 4413/6106/6490 4405/6097/6482
f 4405/6097/6482 4413/6106/6490 4414/6107/6491 4406/6098/6483
f 4406/6098/6483 4414/6107/6491 4415/6108/6492 4407/6099/6484
f 4407/6099/6484 4415/6108/6492 4416/6109/6493 4408/6100/6485
f 4408/6100/6485 4416/6109/6493 4409/6101/6486 4401/6092/6478
f 4409/6101/6486 4417/6110/6494 4418/6111/6495 4410/6102/6487
f 4410/6103/6487 4418/6112/6495 4419/6113/6496 4411/6104/6488
f 4411/6104/6488 4419/6113/6496 4420/6114/6497 4412/6105/6489
f 4412/6105/6489 4420/6114/6497 4421/6115/6498 4413/6106/6490
f 4413/6106/6490 4421/6115/6498 4422/6116/6499 4414/6107/6491
f 4414/6107/6491 4422/6116/6499 4423/6117/6500 4415/6108/6492
f 4415/6108/6492 4423/6117/6500 4424/6118/6501 4416/6109/6493
f 4416/6109/6493 4424/6118/6501 4417/6110/6494 4409/6101/6486
f 4417/6119/6494 4425/6120/6502 4426/6121/6503 4418/6122/6495
f 4418/6122/6495 4426/6121/6503 4427/6123/6504 4419/6124/6496
f 4419/6124/6496 4427/6123/6504 4428/6125/6505 4420/6126/6497
f 4420/6126/6497 4428/6125/6505 4429/6127/6506 4421/6128/6498
f 4421/6128/6498 4429/6127/6506 4430/6129/6507 4422/6130/6499
f 4422/6130/6499 4430/6129/6507 4431/6131/6508 4423/6132/6500
f 4423/6132/6500 4431/6131/6508 4432/6133/6509 4424/6134/6501
f 4424/6134/6501 4432/6133/6509 4425/6120/6502 4417/6119/6494
f 4425/6120/6502 4433/6135/6510 4426/6121/6503
f 4426/6121/6503 4433/6135/6510 4427/6123/6504
f 4427/6123/6504 4433/6135/6510 4428/6125/6505
f 4428/6125/6505 4433/6135/6510 4429/6127/6506
f 4429/6127/6506 4433/6135/6510 4430/6129/6507
f 4430/6129/6507 4433/6135/6510 4431/6131/6508
f 4431/6131/6508 4433/6135/6510 4432/6133/6509
f 4432/6133/6509 4433/6135/6510 4425/6120/6502
s 773
f 4434/6136/6511 4442/6137/6512 4443/6138/6513 4435/6139/6514
f 4435/6140/6514 4443/6141/6513 4444/6142/6515 4436/6143/6516
f 4436/6143/6516 4444/6142/6515 4445/6144/6517 4437/6145/6518
f 4437/6145/6518 4445/6144/6517 4446/6146/6519 4438/6147/6520
f 4438/6147/6520 4446/6146/6519 4447/6148/6521 4439/6149/6522
f 4439/6149/6522 4447/6148/6521 4448/6150/6523 4440/6151/6524
f 4440/6151/6524 4448/6150/6523 4449/6152/6525 4441/6153/6526
f 4441/6153/6526 4449/6152/6525 4442/6137/6512 4434/6136/6511
f 4442/6137/6512 4450/6154/6527 4451/6155/6528 4443/6138/6513
f 4443/6141/6513 4451/6156/6528 4452/6157/6529 4444/6142/6515
f 4444/6142/6515 4452/6157/6529 4453/6158/6530 4445/6144/6517
f 4445/6144/6517 4453/6158/6530 4454/6159/6531 4446/6146/6519
f 4446/6146/6519 4454/6159/6531 4455/6160/6532 4447/6148/6521
f 4447/6148/6521 4455/6160/6532 4456/6161/6533 4448/6150/6523
f 4448/6150/6523 4456/6161/6533 4457/6162/6534 4449/6152/6525
f 4449/6152/6525 4457/6162/6534 4450/6154/6527 4442/6137/6512
f 4450/6154/6527 4458/6163/6535 4459/6164/6536 4451/6155/6528
f 4451/6156/6528 4459/6165/6536 4460/6166/6537 4452/6157/6529
f 4452/6157/6529 4460/6166/6537 4461/6167/6538 4453/6158/6530
f 4453/6158/6530 4461/6167/6538 4462/6168/6539 4454/6159/6531
f 4454/6159/6531 4462/6168/6539 4463/6169/6540 4455/6160/6532
f 4455/6160/6532 4463/6169/6540 4464/6170/6541 4456/6161/6533
f 4456/6161/6533 4464/6170/6541 4465/6171/6542 4457/6162/6534
f 4457/6162/6534 4465/6171/6542 4458/6163/6535 4450/6154/6527
f 4458/6163/6535 4466/6172/6543 4467/6173/6544 4459/6164/6536
f 4459/6165/6536 4467/6174/6544 4468/6175/6545 4460/6166/6537
f 4460/6166/6537 4468/6175/6545 4469/6176/6546 4461/6167/6538
f 4461/6167/6538 4469/6176/6546 4470/6177/6547 4462/6168/6539
f 4462/6168/6539 4470/6177/6547 4471/6178/6548 4463/6169/6540
f 4463/6169/6540 4471/6178/6548 4472/6179/6549 4464/6170/6541
f 4464/6170/6541 4472/6179/6549 4473/6180/6550 4465/6171/6542
f 4465/6171/6542 4473/6180/6550 4466/6172/6543 4458/6163/6535
f 4466/6172/6543 4474/6181/6551 4475/6182/6552 4467/6173/6544
f 4467/6174/6544 4475/6183/6552 4476/6184/6553 4468/6175/6545
f 4468/6175/6545 4476/6184/6553 4477/6185/6554 4469/6176/6546
f 4469/6176/6546 4477/6185/6554 4478/6186/6555 4470/6177/6547
f 4470/6177/6547 4478/6186/6555 4479/6187/6556 4471/6178/6548
f 4471/6178/6548 4479/6187/6556 4480/6188/6557 4472/6179/6549
f 4472/6179/6549 4480/6188/6557 4481/6189/6558 4473/6180/6550
f 4473/6180/6550 4481/6189/6558 4474/6181/6551 4466/6172/6543
f 4474/6181/6551 4482/6190/6559 4483/6191/6560 4475/6182/6552
f 4475/6183/6552 4483/6192/6560 4484/6193/6561 4476/6184/6553
f 4476/6184/6553 4484/6193/6561 4485/6194/6562 4477/6185/6554
f 4477/6185/6554 4485/6194/6562 4486/6195/6563 4478/6186/6555
f 4478/6186/6555 4486/6195/6563 4487/6196/6564 4479/6187/6556
f 4479/6187/6556 4487/6196/6564 4488/6197/6565 4480/6188/6557
f 4480/6188/6557 4488/6197/6565 4489/6198/6566 4481/6189/6558
f 4481/6189/6558 4489/6198/6566 4482/6190/6559 4474/6181/6551
f 4482/6190/6559 4490/6199/6567 4491/6200/6568 4483/6191/6560
f 4483/6192/6560 4491/6201/6568 4492/6202/6569 4484/6193/6561
f 4484/6193/6561 4492/6202/6569 4493/6203/6570 4485/6194/6562
f 4485/6194/6562 4493/6203/6570 4494/6204/6571 4486/6195/6563
f 4486/6195/6563 4494/6204/6571 4495/6205/6572 4487/6196/6564
f 4487/6196/6564 4495/6205/6572 4496/6206/6573 4488/6197/6565
f 4488/6197/6565 4496/6206/6573 4497/6207/6574 4489/6198/6566
f 4489/6198/6566 4497/6207/6574 4490/6199/6567 4482/6190/6559
f 4490/6208/6567 4498/6209/6575 4499/6210/6576 4491/6211/6568
f 4491/6211/6568 4499/6210/6576 4500/6212/6577 4492/6213/6569
f 4492/6213/6569 4500/6212/6577 4501/6214/6578 4493/6215/6570
f 4493/6215/6570 4501/6214/6578 4502/6216/6579 4494/6217/6571
f 4494/6217/6571 4502/6216/6579 4503/6218/6580 4495/6219/6572
f 4495/6219/6572 4503/6218/6580 4504/6220/6581 4496/6221/6573
f 4496/6221/6573 4504/6220/6581 4505/6222/6582 4497/6223/6574
f 4497/6223/6574 4505/6222/6582 4498/6209/6575 4490/6208/6567
f 4498/6209/6575 4506/6224/6583 4499/6210/6576
f 4499/6210/6576 4506/6224/6583 4500/6212/6577
f 4500/6212/6577 4506/6224/6583 4501/6214/6578
f 4501/6214/6578 4506/6224/6583 4502/6216/6579
f 4502/6216/6579 4506/6224/6583 4503/6218/6580
f 4503/6218/6580 4506/6224/6583 4504/6220/6581
f 4504/6220/6581 4506/6224/6583 4505/6222/6582
f 4505/6222/6582 4506/6224/6583 4498/6209/6575
s off
f 4509/6225/6584 3831/6226/6585 3829/6227/6586 4510/6228/6587
f 4510/6228/6588 4507/6229/6589 4508/6230/6590 4509/6225/6591
f 4507/6229/6592 3835/6231/6593 3833/6232/6594 4508/6230/6595
s 777
f 4511/6233/6596 4512/6234/6597 4514/6235/6598 4513/6236/6599
f 4512/6234/6597 3973/6237/6600 3976/6238/6601 4514/6235/6598
s 778
f 4513/6236/6602 4514/6235/6603 4516/6239/6604 4515/6240/6605
f 4514/6235/6603 3976/6238/6606 3975/6241/6607 4516/6239/6604
s 779
f 4515/6240/6608 4516/6239/6609 4518/6242/6610 4517/6243/6611
f 4516/6239/6609 3975/6241/6612 3974/6244/6613 4518/6245/6610
s 780
f 4517/6246/6614 4518/6247/6615 4512/6234/6616 4511/6233/6617
f 4518/6248/6615 3974/6249/6618 3973/6237/6619 4512/6234/6616
s off
f 4519/6250/6620 4520/6251/6621 4521/6252/6622 4522/6253/6623
s 780
f 4511/6233/6617 4520/6254/6624 4519/6255/6625 4517/6256/6614
s 777
f 4513/6236/6599 4521/6257/6626 4520/6254/6627 4511/6233/6596
s 778
f 4515/6240/6605 4522/6258/6628 4521/6257/6629 4513/6236/6602
s 779
f 4517/6259/6611 4519/6260/6630 4522/6258/6631 4515/6240/6608
s 782
f 4523/6261/6632 4524/6262/6633 4539/6263/6634 4540/6264/6635
f 4524/6262/6633 3988/6265/6636 4007/6266/6637 4539/6263/6634
s 783
f 4525/6267/6638 4526/6268/6639 4528/6269/6640 4527/6270/6641
f 4526/6268/6639 3985/6271/6642 3982/6272/6643 4528/6269/6640
s 784
f 4537/6273/6644 4538/6274/6645 4530/6275/6646 4529/6276/6647
f 4538/6277/6645 4008/6278/6648 3979/6279/6649 4530/6280/6646
s 785
f 4529/6281/6650 4530/6282/6651 4524/6262/6652 4523/6261/6653
f 4530/6283/6651 3979/6284/6654 3988/6265/6655 4524/6262/6652
s 786
f 4531/6285/6656 4532/6286/6657 4535/6287/6658 4536/6288/6659
s 785
f 4523/6261/6653 4532/6289/6660 4531/6290/6661 4529/6291/6650
s 782
f 4540/6264/6635 4535/6292/6662 4532/6289/6663 4523/6261/6632
s 783
f 4527/6270/6641 4534/6293/6664 4533/6294/6665 4525/6267/6638
s 784
f 4529/6295/6647 4531/6296/6666 4536/6297/6667 4537/6298/6644
s 786
f 4536/6288/6659 4535/6287/6658 4533/6299/6668 4534/6300/6669
s 784
f 4537/6298/6644 4536/6297/6667 4534/6293/6670 4527/6270/6671
f 4527/6270/6671 4528/6269/6672 4538/6274/6645 4537/6273/6644
f 4528/6269/6672 3982/6272/6673 4008/6278/6648 4538/6277/6645
s 782
f 4539/6263/6634 4007/6266/6637 3985/6271/6674 4526/6268/6675
f 4540/6264/6635 4539/6263/6634 4526/6268/6675 4525/6267/6676
f 4525/6267/6676 4533/6294/6677 4535/6292/6662 4540/6264/6635
s off
f 4543/6301/6678 4544/6302/6679 4546/6303/6680 4545/6304/6681
f 4547/6305/6682 4548/6306/6683 4542/6307/6684 4541/6308/6685
f 4542/6309/6686 4548/6310/6687 4546/6303/6688 4544/6302/6689
f 4547/6305/6690 4541/6308/6691 4543/6301/6692 4545/6304/6693
f 4551/6311/6694 4552/6312/6695 4554/6313/6696 4553/6314/6697
f 4555/6315/6698 4556/6316/6699 4550/6317/6700 4549/6318/6701
f 4550/6319/6702 4556/6320/6703 4554/6313/6704 4552/6312/6705
f 4555/6315/6706 4549/6318/6707 4551/6311/6708 4553/6314/6709
f 4559/6321/6710 4560/6322/6711 4562/6323/6712 4561/6324/6713
f 4563/6325/6714 4564/6326/6715 4558/6327/6716 4557/6328/6717
f 4558/6329/6718 4564/6330/6719 4562/6323/6720 4560/6322/6721
f 4563/6325/6722 4557/6328/6723 4559/6321/6724 4561/6324/6725
f 4567/6331/6726 4568/6332/6727 4570/6333/6728 4569/6334/6729
f 4571/6335/6730 4572/6336/6731 4566/6337/6732 4565/6338/6733
f 4566/6339/6734 4572/6340/6735 4570/6333/6736 4568/6332/6737
f 4571/6335/6738 4565/6338/6739 4567/6331/6740 4569/6334/6741
f 4575/6341/6742 4576/6342/6743 4578/6343/6744 4577/6344/6745
f 4579/6345/6746 4580/6346/6747 4574/6347/6748 4573/6348/6749
f 4574/6349/6750 4580/6350/6751 4578/6343/6752 4576/6342/6753
f 4579/6345/6754 4573/6348/6755 4575/6351/6756 4577/6352/6757
f 4583/6353/6758 4584/6354/6759 4586/6355/6760 4585/6356/6761
f 4587/6357/6762 4588/6358/6763 4582/6359/6764 4581/6360/6765
f 4582/6361/6766 4588/6362/6767 4586/6355/6768 4584/6354/6769
f 4587/6357/6770 4581/6360/6771 4583/6363/6772 4585/6364/6773
f 4591/6365/6774 4592/6366/6775 4594/6367/6776 4593/6368/6777
f 4595/6369/6778 4596/6370/6779 4590/6371/6780 4589/6372/6781
f 4590/6373/6782 4596/6374/6783 4594/6367/6784 4592/6366/6785
f 4595/6369/6786 4589/6372/6787 4591/6375/6788 4593/6376/6789
f 4599/6377/6790 4600/6378/6791 4602/6379/6792 4601/6380/6793
f 4603/6381/6794 4604/6382/6795 4598/6383/6796 4597/6384/6797
f 4598/6385/6798 4604/6386/6799 4602/6379/6800 4600/6378/6801
f 4603/6381/6802 4597/6384/6803 4599/6377/6804 4601/6380/6805
f 4607/6387/6806 4608/6388/6807 4610/6389/6808 4609/6390/6809
f 4611/6391/6810 4612/6392/6811 4606/6393/6812 4605/6394/6813
f 4606/6395/6814 4612/6396/6815 4610/6389/6816 4608/6388/6817
f 4611/6391/6818 4605/6394/6819 4607/6387/6820 4609/6390/6821
f 4615/6397/6822 4616/6398/6823 4618/6399/6824 4617/6400/6825
f 4619/6401/6826 4620/6402/6827 4614/6403/6828 4613/6404/6829
f 4614/6405/6830 4620/6406/6831 4618/6399/6832 4616/6398/6833
f 4619/6401/6834 4613/6404/6835 4615/6407/6836 4617/6408/6837
