# This file uses centimeters as units for non-parametric coordinates.

g default
v -87.087891 1.371438 -2.153801
v -87.169250 1.371438 -2.153801
v -87.169250 1.288632 -2.153801
v -87.087891 1.288632 -2.153801
v -87.096375 1.562671 -2.153801
v -87.096375 1.622560 -2.153801
v -87.158325 1.622560 -2.153801
v -87.158325 1.562671 -2.153801
v -87.086060 1.592615 -2.153801
v -87.127350 1.632541 -2.153801
v -87.168640 1.592615 -2.153801
v -87.127350 1.552690 -2.153801
v -87.207916 0.773238 -2.153801
v -87.046783 0.773238 -2.153801
v -87.046783 0.882536 -2.153801
v -87.207916 0.882536 -2.153801
v -87.054504 0.664430 -2.153801
v -87.064972 0.774800 -2.153801
v -87.189728 0.774800 -2.153801
v -87.200195 0.664430 -2.153801
v -87.200195 0.728066 -2.153801
v -87.054504 0.728066 -2.153801
v -90.951538 1.291158 -2.153661
v -90.951538 1.371776 -2.153661
v -90.868011 1.371776 -2.153661
v -90.868011 1.291158 -2.153661
v -90.940887 1.562671 -2.153661
v -90.940887 1.622560 -2.153661
v -90.878967 1.622560 -2.153661
v -90.878967 1.562671 -2.153661
v -90.951202 1.592615 -2.153661
v -90.909912 1.632541 -2.153661
v -90.868622 1.592615 -2.153661
v -90.909912 1.552690 -2.153661
v -90.990479 0.773324 -2.153661
v -90.990479 0.883423 -2.153661
v -90.829346 0.883423 -2.153661
v -90.829346 0.773324 -2.153661
v -90.982758 0.664430 -2.153661
v -90.972290 0.774800 -2.153661
v -90.847565 0.774800 -2.153661
v -90.837067 0.664430 -2.153661
v -90.982758 0.728066 -2.153661
v -90.837067 0.728066 -2.153661
v -90.943329 0.839745 -2.200747
v -90.943329 0.839745 -2.126375
v -90.943329 1.327188 -2.200747
v -90.943329 1.327188 -2.126375
v -90.876495 1.327188 -2.200747
v -90.876495 1.327188 -2.126375
v -90.876495 0.839745 -2.200747
v -90.876495 0.839745 -2.126375
v -90.847900 0.594898 -4.321506
v -90.866058 0.594898 -4.365358
v -90.909912 0.594898 -4.383522
v -90.953766 0.594898 -4.365358
v -90.971939 0.594898 -4.321506
v -90.953766 0.594898 -4.277655
v -90.909912 0.594898 -4.259489
v -90.866058 0.594898 -4.277655
v -90.847900 1.586904 -4.321506
v -90.866058 1.586904 -4.365358
v -90.909912 1.586904 -4.383522
v -90.953766 1.586904 -4.365358
v -90.971939 1.586904 -4.321506
v -90.953766 1.586904 -4.277655
v -90.909912 1.586904 -4.259489
v -90.866058 1.586904 -4.277655
v -90.951080 1.183437 -3.617578
v -90.952362 1.263642 -2.883211
v -90.951080 1.262199 -3.630328
v -90.952362 1.345531 -2.889796
v -90.868454 1.262199 -3.630328
v -90.867157 1.345531 -2.889796
v -90.868454 1.183437 -3.617578
v -90.867157 1.263642 -2.883211
v -90.951370 1.133897 -4.327177
v -90.951370 1.055866 -4.308317
v -90.868164 1.055866 -4.308317
v -90.868164 1.133897 -4.327177
v -90.940887 1.331086 -4.320705
v -90.940887 1.453200 -3.651255
v -90.940887 1.534843 -2.912738
v -90.940887 1.389693 -4.333036
v -90.940887 1.512484 -3.659743
v -90.940887 1.594580 -2.916992
v -90.878967 1.389693 -4.333036
v -90.878967 1.512484 -3.659743
v -90.878967 1.594580 -2.916992
v -90.878967 1.331086 -4.320705
v -90.878967 1.453200 -3.651255
v -90.878967 1.534843 -2.912738
v -90.951202 1.360390 -4.326872
v -90.951202 1.482842 -3.655499
v -90.951202 1.564711 -2.914865
v -90.909912 1.399461 -4.335093
v -90.909912 1.522365 -3.661158
v -90.909912 1.604536 -2.917701
v -90.868622 1.360390 -4.326872
v -90.868622 1.482842 -3.655499
v -90.868622 1.564711 -2.914865
v -90.909912 1.321319 -4.318650
v -90.909912 1.443319 -3.649839
v -90.909912 1.524886 -2.912028
v -90.943329 0.745049 -3.637874
v -90.943329 0.745049 -3.571043
v -90.943329 1.232492 -3.637874
v -90.943329 1.232492 -3.571043
v -90.876495 1.232492 -3.637874
v -90.876495 1.232492 -3.571043
v -90.876495 0.745049 -3.637874
v -90.876495 0.745049 -3.571043
v -90.866058 0.793053 -2.843560
v -90.847900 0.793053 -2.887412
v -90.866058 0.793053 -2.931263
v -90.909912 0.793053 -2.949428
v -90.953766 0.793053 -2.931263
v -90.971939 0.793053 -2.887412
v -90.953766 0.793053 -2.843560
v -90.909912 0.793053 -2.825395
v -90.866058 1.785059 -2.843560
v -90.847900 1.785059 -2.887412
v -90.866058 1.785059 -2.931263
v -90.909912 1.785059 -2.949428
v -90.953766 1.785059 -2.931263
v -90.971939 1.785059 -2.887412
v -90.953766 1.785059 -2.843560
v -90.909912 1.785059 -2.825395
v -90.872772 1.753810 -2.850274
v -90.909912 1.753810 -2.834890
v -90.947052 1.753810 -2.850274
v -90.962433 1.753810 -2.887412
v -90.947052 1.753810 -2.924551
v -90.909912 1.753810 -2.939934
v -90.872772 1.753810 -2.924551
v -90.857391 1.753810 -2.887412
v -90.853333 1.770280 -2.830812
v -90.909912 1.770280 -2.807368
v -90.966522 1.770280 -2.830812
v -90.989960 1.770280 -2.887412
v -90.966522 1.770280 -2.944012
v -90.909912 1.770280 -2.967455
v -90.853333 1.770280 -2.944012
v -90.829865 1.770280 -2.887412
v -90.857391 1.808219 -2.834878
v -90.909912 1.808219 -2.813117
v -90.962463 1.808219 -2.834878
v -90.984222 1.808219 -2.887412
v -90.962463 1.808219 -2.939946
v -90.909912 1.808219 -2.961707
v -90.857391 1.808219 -2.939946
v -90.835632 1.808219 -2.887412
v -90.869354 1.813709 -2.846850
v -90.909912 1.813709 -2.830048
v -90.950485 1.813709 -2.846850
v -90.967285 1.813709 -2.887412
v -90.950485 1.813709 -2.927975
v -90.909912 1.813709 -2.944776
v -90.869354 1.813709 -2.927975
v -90.852554 1.813709 -2.887412
v -90.876190 1.837865 -2.853691
v -90.909912 1.837865 -2.839723
v -90.943634 1.837865 -2.853691
v -90.957611 1.837865 -2.887412
v -90.943634 1.837865 -2.921134
v -90.909912 1.837865 -2.935101
v -90.876190 1.837865 -2.921134
v -90.862228 1.837865 -2.887412
v -90.888168 1.844453 -2.865663
v -90.909912 1.844453 -2.856654
v -90.931671 1.844453 -2.865663
v -90.940674 1.844453 -2.887412
v -90.931671 1.844453 -2.909161
v -90.909912 1.844453 -2.918170
v -90.888168 1.844453 -2.909161
v -90.879166 1.844453 -2.887412
v -90.867218 1.867134 -2.844713
v -90.909912 1.867134 -2.827027
v -90.952621 1.867134 -2.844713
v -90.970306 1.867134 -2.887412
v -90.952621 1.867134 -2.930110
v -90.909912 1.867134 -2.947797
v -90.867218 1.867134 -2.930110
v -90.849548 1.867134 -2.887412
v -90.850540 1.901172 -2.828032
v -90.909912 1.901172 -2.803436
v -90.969299 1.901172 -2.828032
v -90.993896 1.901172 -2.887412
v -90.969299 1.901172 -2.946792
v -90.909912 1.901172 -2.971387
v -90.850540 1.901172 -2.946792
v -90.825943 1.901172 -2.887412
v -90.883911 1.923132 -2.861394
v -90.909912 1.923132 -2.850617
v -90.935944 1.923132 -2.861394
v -90.946716 1.923132 -2.887412
v -90.935944 1.923132 -2.913430
v -90.909912 1.923132 -2.924207
v -90.883911 1.923132 -2.913430
v -90.873123 1.923132 -2.887412
v -90.909912 1.953875 -2.887412
v -90.857391 1.546952 -4.321507
v -90.872772 1.546952 -4.284368
v -90.909912 1.546952 -4.268984
v -90.947052 1.546952 -4.284368
v -90.962433 1.546952 -4.321506
v -90.947052 1.546952 -4.358644
v -90.909912 1.546952 -4.374028
v -90.872772 1.546952 -4.358644
v -90.829865 1.563422 -4.321507
v -90.853333 1.563422 -4.264906
v -90.909912 1.563422 -4.241462
v -90.966522 1.563422 -4.264906
v -90.989960 1.563422 -4.321506
v -90.966522 1.563422 -4.378106
v -90.909912 1.563422 -4.401549
v -90.853333 1.563422 -4.378106
v -90.835632 1.601361 -4.321507
v -90.857391 1.601361 -4.268972
v -90.909912 1.601361 -4.247211
v -90.962463 1.601361 -4.268972
v -90.984222 1.601361 -4.321506
v -90.962463 1.601361 -4.374041
v -90.909912 1.601361 -4.395801
v -90.857391 1.601361 -4.374041
v -90.852554 1.606851 -4.321507
v -90.869354 1.606851 -4.280944
v -90.909912 1.606851 -4.264143
v -90.950485 1.606851 -4.280943
v -90.967285 1.606851 -4.321507
v -90.950485 1.606851 -4.362068
v -90.909912 1.606851 -4.378870
v -90.869354 1.606851 -4.362068
v -90.862244 1.631007 -4.321506
v -90.876190 1.631007 -4.287785
v -90.909912 1.631007 -4.273817
v -90.943634 1.631007 -4.287786
v -90.957611 1.631007 -4.321507
v -90.943634 1.631007 -4.355227
v -90.909912 1.631007 -4.369195
v -90.876190 1.631007 -4.355227
v -90.879166 1.637595 -4.321507
v -90.888184 1.637595 -4.299757
v -90.909912 1.637595 -4.290748
v -90.931671 1.637595 -4.299757
v -90.940674 1.637595 -4.321506
v -90.931671 1.637595 -4.343256
v -90.909912 1.637595 -4.352263
v -90.888184 1.637595 -4.343256
v -90.849548 1.660276 -4.321506
v -90.867218 1.660276 -4.278807
v -90.909912 1.660276 -4.261120
v -90.952621 1.660276 -4.278808
v -90.970306 1.660276 -4.321506
v -90.952621 1.660276 -4.364205
v -90.909912 1.660276 -4.381891
v -90.867218 1.660276 -4.364205
v -90.825943 1.694314 -4.321507
v -90.850540 1.694314 -4.262126
v -90.909912 1.694314 -4.237531
v -90.969299 1.694314 -4.262127
v -90.993896 1.694314 -4.321506
v -90.969299 1.694314 -4.380885
v -90.909912 1.694314 -4.405481
v -90.850540 1.694314 -4.380886
v -90.873123 1.716274 -4.321507
v -90.883911 1.716274 -4.295488
v -90.909912 1.716274 -4.284711
v -90.935944 1.716274 -4.295488
v -90.946716 1.716274 -4.321507
v -90.935944 1.716274 -4.347525
v -90.909912 1.716274 -4.358301
v -90.883911 1.716274 -4.347524
v -90.909912 1.747018 -4.321507
v -90.990494 0.654387 -3.641222
v -90.990494 0.743053 -2.908167
v -90.990494 0.763339 -3.658858
v -90.990494 0.853068 -2.917014
v -90.829346 0.763339 -3.658858
v -90.829346 0.853068 -2.917014
v -90.829346 0.654387 -3.641222
v -90.829346 0.743053 -2.908167
v -90.829346 0.486536 -4.447511
v -90.990494 0.486536 -4.447511
v -90.990494 0.593475 -4.474817
v -90.829346 0.593475 -4.474817
v -90.982758 0.549100 -3.623588
v -90.982758 0.637765 -2.899350
v -90.972290 0.658052 -3.641225
v -90.972290 0.747780 -2.908197
v -90.847565 0.658052 -3.641225
v -90.847565 0.747780 -2.908197
v -90.837067 0.549100 -3.623588
v -90.837067 0.637765 -2.899350
v -90.837067 0.384776 -4.419297
v -90.982758 0.384776 -4.419297
v -90.972290 0.491715 -4.446603
v -90.847565 0.491715 -4.446603
v -90.982758 0.446737 -4.435118
v -90.837067 0.446737 -4.435118
v -90.837067 0.612227 -3.633806
v -90.837067 0.701509 -2.904477
v -90.982758 0.701509 -2.904477
v -90.982758 0.612227 -3.633806
v -87.127350 0.594898 -4.259489
v -87.083496 0.594898 -4.277655
v -87.065338 0.594898 -4.321506
v -87.083496 0.594898 -4.365358
v -87.127350 0.594898 -4.383522
v -87.171204 0.594898 -4.365358
v -87.189362 0.594898 -4.321506
v -87.171204 0.594898 -4.277655
v -87.127350 1.586904 -4.259489
v -87.083496 1.586904 -4.277655
v -87.065338 1.586904 -4.321506
v -87.083496 1.586904 -4.365358
v -87.127350 1.586904 -4.383522
v -87.171204 1.586904 -4.365358
v -87.189362 1.586904 -4.321506
v -87.171204 1.586904 -4.277655
v -87.168518 1.183437 -3.617578
v -87.169800 1.263642 -2.883211
v -87.168518 1.262199 -3.630328
v -87.169800 1.345531 -2.889796
v -87.085876 1.262199 -3.630328
v -87.084595 1.345531 -2.889796
v -87.085876 1.183437 -3.617578
v -87.084595 1.263642 -2.883211
v -87.168808 1.133897 -4.327177
v -87.168808 1.055866 -4.308317
v -87.085602 1.055866 -4.308317
v -87.085602 1.133897 -4.327177
v -87.158325 1.331086 -4.320705
v -87.158325 1.453200 -3.651255
v -87.158325 1.534843 -2.912738
v -87.158325 1.389693 -4.333036
v -87.158325 1.512484 -3.659743
v -87.158325 1.594580 -2.916992
v -87.096390 1.389693 -4.333036
v -87.096390 1.512484 -3.659743
v -87.096390 1.594580 -2.916992
v -87.096390 1.331086 -4.320705
v -87.096390 1.453200 -3.651255
v -87.096390 1.534843 -2.912738
v -87.168640 1.360390 -4.326872
v -87.168640 1.482842 -3.655499
v -87.168640 1.564711 -2.914865
v -87.127350 1.399461 -4.335093
v -87.127350 1.522365 -3.661158
v -87.127350 1.604536 -2.917701
v -87.086060 1.360390 -4.326872
v -87.086060 1.482842 -3.655499
v -87.086060 1.564711 -2.914865
v -87.127350 1.321319 -4.318650
v -87.127350 1.443319 -3.649839
v -87.127350 1.524886 -2.912028
v -87.160767 0.745049 -3.637874
v -87.160767 0.745049 -3.571043
v -87.160767 1.232492 -3.637874
v -87.160767 1.232492 -3.571043
v -87.093933 1.232492 -3.637874
v -87.093933 1.232492 -3.571043
v -87.093933 0.745049 -3.637874
v -87.093933 0.745049 -3.571043
v -87.171204 0.793053 -2.843560
v -87.127350 0.793053 -2.825396
v -87.083496 0.793053 -2.843560
v -87.065338 0.793053 -2.887412
v -87.083496 0.793053 -2.931263
v -87.127350 0.793053 -2.949428
v -87.171204 0.793053 -2.931263
v -87.189362 0.793053 -2.887412
v -87.171204 1.785059 -2.843560
v -87.127350 1.785059 -2.825396
v -87.083496 1.785059 -2.843560
v -87.065338 1.785059 -2.887412
v -87.083496 1.785059 -2.931263
v -87.127350 1.785059 -2.949428
v -87.171204 1.785059 -2.931263
v -87.189362 1.785059 -2.887412
v -87.164490 1.753810 -2.850273
v -87.179871 1.753810 -2.887412
v -87.164490 1.753810 -2.924551
v -87.127350 1.753810 -2.939933
v -87.090210 1.753810 -2.924551
v -87.074829 1.753810 -2.887412
v -87.090210 1.753810 -2.850273
v -87.127350 1.753810 -2.834890
v -87.183960 1.770280 -2.830812
v -87.207397 1.770280 -2.887412
v -87.183960 1.770280 -2.944011
v -87.127350 1.770280 -2.967455
v -87.070740 1.770280 -2.944011
v -87.047302 1.770280 -2.887412
v -87.070740 1.770280 -2.830812
v -87.127350 1.770280 -2.807368
v -87.179901 1.808219 -2.834877
v -87.201645 1.808219 -2.887412
v -87.179901 1.808219 -2.939946
v -87.127350 1.808219 -2.961707
v -87.074829 1.808219 -2.939946
v -87.053055 1.808219 -2.887412
v -87.074829 1.808219 -2.834877
v -87.127350 1.808219 -2.813117
v -87.167908 1.813709 -2.846849
v -87.184723 1.813709 -2.887412
v -87.167908 1.813709 -2.927974
v -87.127350 1.813709 -2.944776
v -87.086792 1.813709 -2.927974
v -87.069977 1.813709 -2.887412
v -87.086792 1.813709 -2.846849
v -87.127350 1.813709 -2.830048
v -87.161072 1.837865 -2.853690
v -87.175049 1.837865 -2.887412
v -87.161072 1.837865 -2.921133
v -87.127350 1.837865 -2.935101
v -87.093628 1.837865 -2.921133
v -87.079666 1.837865 -2.887412
v -87.093628 1.837865 -2.853690
v -87.127350 1.837865 -2.839722
v -87.149109 1.844453 -2.865663
v -87.158112 1.844453 -2.887412
v -87.149109 1.844453 -2.909161
v -87.127350 1.844453 -2.918170
v -87.105591 1.844453 -2.909161
v -87.096588 1.844453 -2.887412
v -87.105591 1.844453 -2.865663
v -87.127350 1.844453 -2.856654
v -87.170044 1.867134 -2.844713
v -87.187744 1.867134 -2.887412
v -87.170044 1.867134 -2.930110
v -87.127350 1.867134 -2.947797
v -87.084656 1.867134 -2.930110
v -87.066971 1.867134 -2.887412
v -87.084656 1.867134 -2.844713
v -87.127350 1.867134 -2.827026
v -87.186737 1.901172 -2.828032
v -87.211334 1.901172 -2.887412
v -87.186737 1.901172 -2.946792
v -87.127350 1.901172 -2.971387
v -87.067978 1.901172 -2.946792
v -87.043365 1.901172 -2.887412
v -87.067978 1.901172 -2.828032
v -87.127350 1.901172 -2.803436
v -87.153381 1.923132 -2.861394
v -87.164154 1.923132 -2.887412
v -87.153381 1.923132 -2.913430
v -87.127350 1.923132 -2.924207
v -87.101334 1.923132 -2.913430
v -87.090561 1.923132 -2.887412
v -87.101334 1.923132 -2.861394
v -87.127350 1.923132 -2.850617
v -87.127350 1.953875 -2.887412
v -87.127350 1.546952 -4.268984
v -87.164490 1.546952 -4.284368
v -87.179871 1.546952 -4.321507
v -87.164490 1.546952 -4.358644
v -87.127350 1.546952 -4.374028
v -87.090210 1.546952 -4.358644
v -87.074829 1.546952 -4.321506
v -87.090210 1.546952 -4.284368
v -87.127350 1.563422 -4.241462
v -87.183960 1.563422 -4.264906
v -87.207397 1.563422 -4.321507
v -87.183960 1.563422 -4.378106
v -87.127350 1.563422 -4.401549
v -87.070740 1.563422 -4.378106
v -87.047302 1.563422 -4.321506
v -87.070740 1.563422 -4.264906
v -87.127350 1.601361 -4.247211
v -87.179901 1.601361 -4.268972
v -87.201645 1.601361 -4.321507
v -87.179901 1.601361 -4.374041
v -87.127350 1.601361 -4.395801
v -87.074829 1.601361 -4.374041
v -87.053055 1.601361 -4.321506
v -87.074829 1.601361 -4.268972
v -87.127350 1.606851 -4.264143
v -87.167908 1.606851 -4.280944
v -87.184723 1.606851 -4.321506
v -87.167908 1.606851 -4.362068
v -87.127350 1.606851 -4.378870
v -87.086792 1.606851 -4.362068
v -87.069977 1.606851 -4.321507
v -87.086792 1.606851 -4.280943
v -87.127350 1.631007 -4.273817
v -87.161072 1.631007 -4.287785
v -87.175049 1.631007 -4.321506
v -87.161072 1.631007 -4.355227
v -87.127350 1.631007 -4.369195
v -87.093628 1.631007 -4.355227
v -87.079666 1.631007 -4.321507
v -87.093628 1.631007 -4.287785
v -87.127350 1.637595 -4.290748
v -87.149109 1.637595 -4.299757
v -87.158112 1.637595 -4.321506
v -87.149109 1.637595 -4.343256
v -87.127350 1.637595 -4.352263
v -87.105591 1.637595 -4.343256
v -87.096588 1.637595 -4.321506
v -87.105606 1.637595 -4.299757
v -87.127350 1.660276 -4.261120
v -87.170044 1.660276 -4.278807
v -87.187744 1.660276 -4.321506
v -87.170044 1.660276 -4.364205
v -87.127350 1.660276 -4.381891
v -87.084656 1.660276 -4.364205
v -87.066971 1.660276 -4.321506
v -87.084656 1.660276 -4.278807
v -87.127350 1.694314 -4.237531
v -87.186737 1.694314 -4.262126
v -87.211334 1.694314 -4.321506
v -87.186737 1.694314 -4.380886
v -87.127350 1.694314 -4.405481
v -87.067978 1.694314 -4.380885
v -87.043365 1.694314 -4.321506
v -87.067978 1.694314 -4.262127
v -87.127350 1.716274 -4.284711
v -87.153381 1.716274 -4.295488
v -87.164154 1.716274 -4.321506
v -87.153381 1.716274 -4.347524
v -87.127350 1.716274 -4.358301
v -87.101334 1.716274 -4.347525
v -87.090561 1.716274 -4.321507
v -87.101334 1.716274 -4.295488
v -87.127350 1.747018 -4.321507
v -87.160767 0.839745 -2.200747
v -87.160767 0.839745 -2.126375
v -87.160767 1.327188 -2.200747
v -87.160767 1.327188 -2.126375
v -87.093933 1.327188 -2.200747
v -87.093933 1.327188 -2.126375
v -87.093933 0.839745 -2.200747
v -87.093933 0.839745 -2.126375
v -87.207916 0.654387 -3.641222
v -87.207916 0.743053 -2.908167
v -87.207916 0.763339 -3.658858
v -87.207916 0.853068 -2.917014
v -87.046783 0.763339 -3.658858
v -87.046783 0.853068 -2.917014
v -87.046783 0.654387 -3.641222
v -87.046783 0.743053 -2.908167
v -87.046783 0.486536 -4.447511
v -87.207916 0.486536 -4.447511
v -87.207916 0.593475 -4.474817
v -87.046783 0.593475 -4.474817
v -87.200195 0.549100 -3.623588
v -87.200195 0.637765 -2.899350
v -87.189728 0.658052 -3.641225
v -87.189728 0.747780 -2.908197
v -87.064987 0.658052 -3.641225
v -87.064987 0.747780 -2.908197
v -87.054504 0.549100 -3.623588
v -87.054504 0.637765 -2.899350
v -87.054504 0.384776 -4.419297
v -87.200195 0.384776 -4.419297
v -87.189728 0.491715 -4.446603
v -87.064987 0.491715 -4.446603
v -87.200195 0.446737 -4.435118
v -87.054504 0.446737 -4.435118
v -87.054504 0.612227 -3.633806
v -87.054504 0.701509 -2.904477
v -87.200195 0.701509 -2.904477
v -87.200195 0.612227 -3.633806
v -90.909912 0.730009 -3.290319
v -90.909912 0.753600 -3.074605
v -90.909912 0.778519 -3.296287
v -90.909912 0.802234 -3.079432
v -87.127350 0.778519 -3.296287
v -87.127350 0.802234 -3.079432
v -87.127350 0.730009 -3.290319
v -87.127350 0.753600 -3.074605
v -90.909912 0.699708 -3.517362
v -90.909912 0.728551 -3.302297
v -90.909912 0.748057 -3.524529
v -90.909912 0.777053 -3.308328
v -87.127350 0.748057 -3.524529
v -87.127350 0.777053 -3.308328
v -87.127350 0.699708 -3.517362
v -87.127350 0.728551 -3.302297
v -90.909912 0.622546 -3.968851
v -90.909912 0.661839 -3.755475
v -90.909912 0.670487 -3.978405
v -90.909912 0.709989 -3.763901
v -87.127350 0.670487 -3.978405
v -87.127350 0.709989 -3.763901
v -87.127350 0.622546 -3.968851
v -87.127350 0.661839 -3.755475
v -90.909912 0.574760 -4.197405
v -90.909912 0.619346 -3.985087
v -90.909912 0.622449 -4.208166
v -90.909912 0.667271 -3.994727
v -87.127350 0.622449 -4.208166
v -87.127350 0.667271 -3.994727
v -87.127350 0.574760 -4.197405
v -87.127350 0.619346 -3.985087
v -90.909912 0.522112 -4.420194
v -90.909912 0.572448 -4.209187
v -90.909912 0.569491 -4.432267
v -90.909912 0.620093 -4.220145
v -87.127350 0.569491 -4.432267
v -87.127350 0.620093 -4.220145
v -87.127350 0.522112 -4.420194
v -87.127350 0.572448 -4.209187
v -90.909912 0.663879 -3.743585
v -90.909912 0.697958 -3.529299
v -90.909912 0.712040 -3.751947
v -90.909912 0.746299 -3.536530
v -87.127350 0.712040 -3.751947
v -87.127350 0.746299 -3.536530
v -87.127350 0.663879 -3.743585
v -87.127350 0.697958 -3.529299
v -90.909912 0.754765 -3.062595
v -90.909912 0.773088 -2.846361
v -90.909912 0.803406 -3.067358
v -90.909912 0.821826 -2.849982
v -87.127350 0.803406 -3.067358
v -87.127350 0.821826 -2.849982
v -87.127350 0.754765 -3.062595
v -87.127350 0.773088 -2.846361
v -90.909912 0.795628 -2.376706
v -90.909912 0.798096 -2.159699
v -90.909912 0.844484 -2.377844
v -90.909912 0.846966 -2.159690
v -87.127350 0.844484 -2.377844
v -87.127350 0.846966 -2.159690
v -87.127350 0.795628 -2.376706
v -87.127350 0.798096 -2.159699
v -90.909912 0.787584 -2.605650
v -90.909912 0.795343 -2.388770
v -90.909912 0.836398 -2.607998
v -90.909912 0.844199 -2.389972
v -87.127350 0.836398 -2.607998
v -87.127350 0.844199 -2.389972
v -87.127350 0.787584 -2.605650
v -87.127350 0.795343 -2.388770
v -90.909912 0.773961 -2.834326
v -90.909912 0.787006 -2.617703
v -90.909912 0.822703 -2.837883
v -90.909912 0.835817 -2.620116
v -87.127350 0.822703 -2.837883
v -87.127350 0.835817 -2.620116
v -87.127350 0.773961 -2.834326
v -87.127350 0.787006 -2.617703
v -87.127350 0.426458 -0.031746
v -87.127350 0.412394 0.002208
v -87.127350 0.426458 0.036160
v -87.127350 0.460411 0.050224
v -87.127350 0.494365 0.036160
v -87.127350 0.508429 0.002208
v -87.127350 0.494365 -0.031746
v -87.127350 0.460411 -0.045810
v -90.913879 0.426458 -0.031746
v -90.913879 0.412394 0.002208
v -90.913879 0.426458 0.036160
v -90.913879 0.460411 0.050224
v -90.913879 0.494365 0.036160
v -90.913879 0.508429 0.002208
v -90.913879 0.494365 -0.031746
v -90.913879 0.460411 -0.045810
v -90.953781 0.186343 0.042312
v -90.909927 0.186343 0.060477
v -90.866074 0.186343 0.042312
v -90.847900 0.186343 -0.001541
v -90.866074 0.186343 -0.045391
v -90.909927 0.186343 -0.063556
v -90.953781 0.186343 -0.045391
v -90.971954 0.186343 -0.001541
v -90.953766 1.771043 0.042312
v -90.909927 1.771043 0.060479
v -90.866058 1.771043 0.042312
v -90.847900 1.771043 -0.001541
v -90.866058 1.771043 -0.045390
v -90.909927 1.771043 -0.063555
v -90.953766 1.771043 -0.045390
v -90.971954 1.771043 -0.001541
v -90.847900 0.697970 1.432555
v -90.866058 0.697970 1.388702
v -90.909927 0.697970 1.370539
v -90.953766 0.697970 1.388702
v -90.971954 0.697970 1.432555
v -90.953766 0.697970 1.476407
v -90.909927 0.697970 1.494572
v -90.866058 0.697970 1.476407
v -90.847900 1.785822 1.432555
v -90.866058 1.785822 1.388702
v -90.909927 1.785822 1.370539
v -90.953766 1.785822 1.388702
v -90.971954 1.785822 1.432555
v -90.953766 1.785822 1.476407
v -90.909927 1.785822 1.494572
v -90.866058 1.785822 1.476407
v -90.857391 1.754573 1.432554
v -90.872787 1.754573 1.469693
v -90.909927 1.754573 1.485075
v -90.947052 1.754573 1.469693
v -90.962433 1.754573 1.432555
v -90.947052 1.754573 1.395416
v -90.909927 1.754573 1.380034
v -90.872787 1.754573 1.395416
v -90.829880 1.771043 1.432554
v -90.853317 1.771043 1.489154
v -90.909927 1.771043 1.512599
v -90.966522 1.771043 1.489154
v -90.989960 1.771043 1.432554
v -90.966522 1.771043 1.375955
v -90.909927 1.771043 1.352511
v -90.853333 1.771043 1.375955
v -90.835632 1.808982 1.432553
v -90.857391 1.808982 1.485089
v -90.909927 1.808982 1.506848
v -90.962463 1.808982 1.485088
v -90.984222 1.808982 1.432554
v -90.962463 1.808982 1.380020
v -90.909927 1.808982 1.358260
v -90.857391 1.808982 1.380020
v -90.852570 1.814472 1.432553
v -90.869354 1.814472 1.473117
v -90.909927 1.814472 1.489919
v -90.950485 1.814472 1.473117
v -90.967285 1.814472 1.432554
v -90.950485 1.814472 1.391993
v -90.909927 1.814472 1.375191
v -90.869354 1.814472 1.391993
v -90.862244 1.838628 1.432554
v -90.876190 1.838628 1.466277
v -90.909927 1.838628 1.480244
v -90.943634 1.838628 1.466275
v -90.957611 1.838628 1.432554
v -90.943634 1.838628 1.398833
v -90.909927 1.838628 1.384865
v -90.876190 1.838628 1.398833
v -90.879166 1.845216 1.432555
v -90.888168 1.845216 1.454304
v -90.909927 1.845216 1.463313
v -90.931671 1.845216 1.454304
v -90.940674 1.845216 1.432554
v -90.931671 1.845216 1.410805
v -90.909927 1.845216 1.401796
v -90.888168 1.845216 1.410805
v -90.849533 1.867897 1.432555
v -90.867218 1.867897 1.475254
v -90.909927 1.867897 1.492941
v -90.952621 1.867897 1.475252
v -90.970306 1.867897 1.432555
v -90.952621 1.867897 1.389857
v -90.909927 1.867897 1.372170
v -90.867218 1.867897 1.389855
v -90.825943 1.901935 1.432555
v -90.850540 1.901935 1.491935
v -90.909927 1.901935 1.516530
v -90.969299 1.901935 1.491935
v -90.993896 1.901935 1.432554
v -90.969299 1.901935 1.373176
v -90.909927 1.901935 1.348579
v -90.850540 1.901935 1.373175
v -90.873138 1.923895 1.432554
v -90.883911 1.923895 1.458574
v -90.909927 1.923895 1.469350
v -90.935944 1.923895 1.458572
v -90.946716 1.923895 1.432554
v -90.935944 1.923895 1.406538
v -90.909927 1.923895 1.395761
v -90.883911 1.923895 1.406536
v -90.909927 1.954638 1.432553
v -90.947052 1.754573 0.035598
v -90.962433 1.754573 -0.001541
v -90.947052 1.754573 -0.038678
v -90.909927 1.754573 -0.054060
v -90.872787 1.754573 -0.038678
v -90.857391 1.754573 -0.001541
v -90.872787 1.754573 0.035598
v -90.909927 1.754573 0.050983
v -90.966522 1.771043 0.055061
v -90.989960 1.771043 -0.001541
v -90.966522 1.771043 -0.058140
v -90.909927 1.771043 -0.081583
v -90.853317 1.771043 -0.058140
v -90.829880 1.771043 -0.001541
v -90.853317 1.771043 0.055061
v -90.909927 1.771043 0.078505
v -90.962463 1.808982 0.050995
v -90.984222 1.808982 -0.001541
v -90.962463 1.808982 -0.054074
v -90.909927 1.808982 -0.075833
v -90.857391 1.808982 -0.054074
v -90.835632 1.808982 -0.001541
v -90.857391 1.808982 0.050995
v -90.909927 1.808982 0.072756
v -90.950485 1.814472 0.039022
v -90.967285 1.814472 -0.001541
v -90.950485 1.814472 -0.042100
v -90.909927 1.814472 -0.058903
v -90.869354 1.814472 -0.042100
v -90.852554 1.814472 -0.001541
v -90.869354 1.814472 0.039022
v -90.909927 1.814472 0.055824
v -90.943634 1.838628 0.032182
v -90.957611 1.838628 -0.001541
v -90.943634 1.838628 -0.035260
v -90.909927 1.838628 -0.049227
v -90.876190 1.838628 -0.035260
v -90.862244 1.838628 -0.001541
v -90.876190 1.838628 0.032182
v -90.909927 1.838628 0.046149
v -90.931671 1.845216 0.020211
v -90.940674 1.845216 -0.001541
v -90.931671 1.845216 -0.023288
v -90.909927 1.845216 -0.032297
v -90.888168 1.845216 -0.023288
v -90.879166 1.845216 -0.001541
v -90.888168 1.845216 0.020211
v -90.909927 1.845216 0.029221
v -90.952621 1.867897 0.041160
v -90.970306 1.867897 -0.001541
v -90.952621 1.867897 -0.044239
v -90.909927 1.867897 -0.061925
v -90.867218 1.867897 -0.044239
v -90.849548 1.867897 -0.001541
v -90.867218 1.867897 0.041160
v -90.909927 1.867897 0.058848
v -90.969299 1.901935 0.057841
v -90.993896 1.901935 -0.001541
v -90.969299 1.901935 -0.060920
v -90.909927 1.901935 -0.085514
v -90.850540 1.901935 -0.060920
v -90.825943 1.901935 -0.001541
v -90.850540 1.901935 0.057841
v -90.909927 1.901935 0.082437
v -90.935944 1.923895 0.024477
v -90.946716 1.923895 -0.001541
v -90.935944 1.923895 -0.027556
v -90.909927 1.923895 -0.038335
v -90.883911 1.923895 -0.027556
v -90.873123 1.923895 -0.001541
v -90.883911 1.923895 0.024477
v -90.909927 1.923895 0.035256
v -90.909927 1.954638 -0.001541
v -90.951599 1.366588 1.419466
v -90.950195 1.371338 2.154136
v -90.869720 1.366588 1.419482
v -90.868103 1.371338 2.154136
v -90.869720 1.288320 1.419482
v -90.868103 1.289261 2.154136
v -90.951599 1.288320 1.419466
v -90.950195 1.289261 2.154136
v -90.873474 1.366565 0.000613
v -90.951477 1.366565 0.000662
v -90.951477 1.288339 0.000662
v -90.873474 1.288339 0.000613
v -90.952362 1.288327 -1.419056
v -90.952362 1.370216 -1.418745
v -90.867172 1.370216 -1.418745
v -90.867172 1.288327 -1.419056
v -90.951370 1.366468 0.000654
v -90.951370 1.288438 0.000606
v -90.868164 1.288438 0.000606
v -90.868164 1.366468 0.000654
v -90.940887 1.563569 0.000638
v -90.940887 1.563373 -1.417668
v -90.940887 1.622176 0.000669
v -90.940887 1.623111 -1.417466
v -90.878967 1.622176 0.000669
v -90.878967 1.623111 -1.417466
v -90.878967 1.563569 0.000638
v -90.878967 1.563373 -1.417668
v -90.951202 1.592872 0.000655
v -90.951202 1.593242 -1.417566
v -90.909927 1.631944 0.000675
v -90.909927 1.633067 -1.417433
v -90.868622 1.592872 0.000655
v -90.868622 1.593242 -1.417566
v -90.909927 1.553801 0.000632
v -90.909927 1.553417 -1.417699
v -90.909927 1.592806 -2.153281
v -90.940887 1.563569 0.000629
v -90.940887 1.563373 1.419543
v -90.940887 1.562480 2.154136
v -90.940887 1.622176 0.000597
v -90.940887 1.623111 1.419553
v -90.940887 1.622369 2.154136
v -90.878967 1.622176 0.000597
v -90.878967 1.623111 1.419553
v -90.878952 1.622369 2.154136
v -90.878967 1.563569 0.000629
v -90.878967 1.563373 1.419543
v -90.878952 1.562480 2.154136
v -90.951202 1.592872 0.000613
v -90.951202 1.593242 1.419548
v -90.951202 1.592425 2.154136
v -90.909927 1.631944 0.000592
v -90.909927 1.633067 1.419555
v -90.909912 1.632351 2.154136
v -90.868622 1.592872 0.000613
v -90.868622 1.593242 1.419548
v -90.868622 1.592425 2.154136
v -90.909927 1.553801 0.000636
v -90.909927 1.553417 1.419541
v -90.909912 1.552499 2.154136
v -90.847900 0.697970 -1.431287
v -90.866058 0.697970 -1.387434
v -90.909927 0.697970 -1.369271
v -90.953766 0.697970 -1.387434
v -90.971954 0.697970 -1.431287
v -90.953766 0.697970 -1.475140
v -90.909927 0.697970 -1.493303
v -90.866058 0.697970 -1.475140
v -90.847900 1.785822 -1.431287
v -90.866058 1.785822 -1.387434
v -90.909927 1.785822 -1.369271
v -90.953766 1.785822 -1.387434
v -90.971954 1.785822 -1.431287
v -90.953766 1.785822 -1.475140
v -90.909927 1.785822 -1.493303
v -90.866058 1.785822 -1.475140
v -90.857391 1.754573 -1.431286
v -90.872787 1.754573 -1.468424
v -90.909927 1.754573 -1.483810
v -90.947052 1.754573 -1.468424
v -90.962433 1.754573 -1.431287
v -90.947052 1.754573 -1.394147
v -90.909927 1.754573 -1.378767
v -90.872787 1.754573 -1.394149
v -90.829880 1.771043 -1.431286
v -90.853317 1.771043 -1.487886
v -90.909927 1.771043 -1.511331
v -90.966522 1.771043 -1.487887
v -90.989960 1.771043 -1.431286
v -90.966522 1.771043 -1.374689
v -90.909927 1.771043 -1.351243
v -90.853317 1.771043 -1.374687
v -90.835632 1.808982 -1.431286
v -90.857391 1.808982 -1.483822
v -90.909927 1.808982 -1.505582
v -90.962463 1.808982 -1.483822
v -90.984222 1.808982 -1.431286
v -90.962463 1.808982 -1.378753
v -90.909927 1.808982 -1.356992
v -90.857391 1.808982 -1.378753
v -90.852570 1.814472 -1.431286
v -90.869354 1.814472 -1.471850
v -90.909927 1.814472 -1.488652
v -90.950485 1.814472 -1.471850
v -90.967285 1.814472 -1.431286
v -90.950485 1.814472 -1.390727
v -90.909927 1.814472 -1.373924
v -90.869354 1.814472 -1.390726
v -90.862244 1.838628 -1.431286
v -90.876190 1.838628 -1.465009
v -90.909927 1.838628 -1.478978
v -90.943634 1.838628 -1.465009
v -90.957611 1.838628 -1.431286
v -90.943634 1.838628 -1.397566
v -90.909927 1.838628 -1.383599
v -90.876190 1.838628 -1.397566
v -90.879166 1.845216 -1.431286
v -90.888168 1.845216 -1.453037
v -90.909927 1.845216 -1.462046
v -90.931671 1.845216 -1.453037
v -90.940674 1.845216 -1.431287
v -90.931671 1.845216 -1.409539
v -90.909927 1.845216 -1.400529
v -90.888168 1.845216 -1.409539
v -90.849548 1.867897 -1.431287
v -90.867218 1.867897 -1.473987
v -90.909927 1.867897 -1.491672
v -90.952621 1.867897 -1.473985
v -90.970306 1.867897 -1.431287
v -90.952621 1.867897 -1.388589
v -90.909927 1.867897 -1.370902
v -90.867218 1.867897 -1.388588
v -90.825943 1.901935 -1.431286
v -90.850540 1.901935 -1.490667
v -90.909927 1.901935 -1.515261
v -90.969299 1.901935 -1.490667
v -90.993896 1.901935 -1.431287
v -90.969299 1.901935 -1.371908
v -90.909927 1.901935 -1.347311
v -90.850540 1.901935 -1.371908
v -90.873138 1.923895 -1.431286
v -90.883911 1.923895 -1.457304
v -90.909927 1.923895 -1.468084
v -90.935944 1.923895 -1.457304
v -90.946716 1.923895 -1.431286
v -90.935944 1.923895 -1.405271
v -90.909927 1.923895 -1.394492
v -90.883911 1.923895 -1.405271
v -90.909927 1.954638 -1.431286
v -90.829346 0.773049 2.154135
v -90.990479 0.773049 2.154135
v -90.990479 0.883042 2.154135
v -90.829346 0.883042 2.154135
v -90.982773 0.546336 0.678746
v -90.982773 0.635002 1.411800
v -90.982758 0.664239 2.154136
v -90.972290 0.655288 0.661108
v -90.972290 0.745017 1.402952
v -90.972290 0.774609 2.154136
v -90.847565 0.655288 0.661108
v -90.847565 0.745017 1.402952
v -90.847549 0.774609 2.154136
v -90.837082 0.546336 0.678746
v -90.837082 0.635002 1.411800
v -90.837067 0.664239 2.154136
v -90.837082 0.405169 0.003098
v -90.982773 0.405169 0.003098
v -90.972290 0.517792 0.003098
v -90.847565 0.517792 0.003098
v -90.982773 0.546336 -0.677478
v -90.982773 0.635002 -1.410533
v -90.972290 0.655288 -0.659840
v -90.972290 0.745017 -1.401685
v -90.847565 0.655288 -0.659840
v -90.847565 0.745017 -1.401685
v -90.837082 0.546336 -0.677478
v -90.837082 0.635002 -1.410533
v -90.982773 0.698329 -1.405438
v -90.837082 0.698329 -1.405438
v -90.837082 0.609052 -0.667326
v -90.837082 0.469998 0.003098
v -90.837082 0.609052 0.668594
v -90.837082 0.698329 1.406707
v -90.837067 0.727979 2.154136
v -90.982758 0.727979 2.154136
v -90.982773 0.698329 1.406707
v -90.982773 0.609052 0.668594
v -90.982773 0.469998 0.003098
v -90.982773 0.609052 -0.667326
v -90.943329 0.628145 0.682094
v -90.943329 0.628145 0.748922
v -90.943329 1.319309 0.682094
v -90.943329 1.319309 0.748922
v -90.876495 1.319309 0.682094
v -90.876495 1.319309 0.748922
v -90.876495 0.628145 0.682094
v -90.876495 0.628145 0.748922
v -90.943329 0.628145 -0.680826
v -90.943329 0.628145 -0.747655
v -90.943329 1.319309 -0.680826
v -90.943329 1.319309 -0.747655
v -90.876495 1.319309 -0.680826
v -90.876495 1.319309 -0.747655
v -90.876495 0.628145 -0.680826
v -90.876495 0.628145 -0.747655
v -87.127350 0.796150 0.111237
v -87.127350 0.796150 -0.104047
v -87.127350 0.845475 0.112365
v -87.127350 0.845475 -0.104058
v -90.909927 0.845475 0.112365
v -90.909927 0.845475 -0.104058
v -90.909927 0.796150 0.111237
v -90.909927 0.796150 -0.104047
v -87.127350 0.796150 0.338364
v -87.127350 0.796150 0.123203
v -87.127350 0.845475 0.340693
v -87.127350 0.845475 0.124395
v -90.909927 0.845475 0.340693
v -90.909927 0.845475 0.124395
v -90.909927 0.796150 0.338364
v -90.909927 0.796150 0.123203
v -87.127350 0.796150 1.017599
v -87.127350 0.796150 0.803594
v -87.127350 0.845475 1.023517
v -87.127350 0.845475 0.808385
v -90.909927 0.845475 1.023517
v -90.909927 0.845475 0.808385
v -90.909927 0.796150 1.017599
v -90.909927 0.796150 0.803594
v -87.127350 0.796150 1.242838
v -87.127350 0.796150 1.029480
v -87.127350 0.845475 1.249949
v -87.127350 0.845475 1.035464
v -90.909927 0.845475 1.249949
v -90.909927 0.845475 1.035464
v -90.909927 0.796150 1.242838
v -90.909927 0.796150 1.029480
v -87.127350 0.796150 1.690745
v -87.127350 0.796150 1.479062
v -87.127350 0.845475 1.700223
v -87.127350 0.845475 1.487421
v -90.909927 0.845475 1.700223
v -90.909927 0.845475 1.487421
v -90.909927 0.796150 1.690745
v -90.909927 0.796150 1.479062
v -87.127350 0.796150 1.917483
v -87.127350 0.796150 1.706851
v -87.127350 0.845475 1.928160
v -87.127350 0.845475 1.716415
v -90.909927 0.845475 1.928160
v -90.909927 0.845475 1.716415
v -90.909927 0.796150 1.917483
v -90.909927 0.796150 1.706851
v -87.127350 0.796150 2.138638
v -87.127350 0.796150 1.929164
v -87.127350 0.845475 2.150482
v -87.127350 0.845475 1.939903
v -90.909927 0.845475 2.150482
v -90.909927 0.845475 1.939903
v -90.909927 0.796150 2.138638
v -90.909927 0.796150 1.929164
v -87.127350 0.796150 1.467266
v -87.127350 0.796150 1.254681
v -87.127350 0.845475 1.475562
v -87.127350 0.845475 1.261854
v -90.909927 0.845475 1.475562
v -90.909927 0.845475 1.261854
v -90.909927 0.796150 1.467266
v -90.909927 0.796150 1.254681
v -87.127350 0.796150 0.565225
v -87.127350 0.796150 0.350321
v -87.127350 0.845475 0.568753
v -87.127350 0.845475 0.352715
v -90.909927 0.845475 0.568753
v -90.909927 0.845475 0.352715
v -90.909927 0.796150 0.565225
v -90.909927 0.796150 0.350321
v -87.127350 0.796150 0.791683
v -87.127350 0.796150 0.577164
v -87.127350 0.845475 0.796408
v -87.127350 0.845475 0.580755
v -90.909927 0.845475 0.796408
v -90.909927 0.845475 0.580755
v -90.909927 0.796150 0.791683
v -90.909927 0.796150 0.577164
v -87.127350 0.796150 -1.922767
v -87.127350 0.796150 -2.137927
v -87.127350 0.845475 -1.923276
v -87.127350 0.845475 -2.139573
v -90.909927 0.845475 -1.923276
v -90.909927 0.845475 -2.139573
v -90.909927 0.796150 -1.922767
v -90.909927 0.796150 -2.137927
v -87.127350 0.796150 -1.240694
v -87.127350 0.796150 -1.454697
v -87.127350 0.845475 -1.240451
v -87.127350 0.845475 -1.455586
v -90.909927 0.845475 -1.240451
v -90.909927 0.845475 -1.455586
v -90.909927 0.796150 -1.240694
v -90.909927 0.796150 -1.454697
v -87.127350 0.796150 -1.012615
v -87.127350 0.796150 -1.228811
v -87.127350 0.845475 -1.014021
v -87.127350 0.845475 -1.228508
v -90.909927 0.845475 -1.014021
v -90.909927 0.845475 -1.228508
v -90.909927 0.796150 -1.012615
v -90.909927 0.796150 -1.228811
v -87.127350 0.796150 -0.561868
v -87.127350 0.796150 -0.776392
v -87.127350 0.845475 -0.563746
v -87.127350 0.845475 -0.776549
v -90.909927 0.845475 -0.563746
v -90.909927 0.845475 -0.776549
v -90.909927 0.796150 -0.561868
v -90.909927 0.796150 -0.776392
v -87.127350 0.796150 -0.335133
v -87.127350 0.796150 -0.545763
v -87.127350 0.845475 -0.335809
v -87.127350 0.845475 -0.547554
v -90.909927 0.845475 -0.335809
v -90.909927 0.845475 -0.547554
v -90.909927 0.796150 -0.335133
v -90.909927 0.796150 -0.545763
v -87.127350 0.796150 -0.113977
v -87.127350 0.796150 -0.323450
v -87.127350 0.845475 -0.113489
v -87.127350 0.845475 -0.324067
v -90.909927 0.845475 -0.113489
v -90.909927 0.845475 -0.324067
v -90.909927 0.796150 -0.113977
v -90.909927 0.796150 -0.323450
v -87.127350 0.796150 -0.788188
v -87.127350 0.796150 -1.000772
v -87.127350 0.845475 -0.788408
v -87.127350 0.845475 -1.002116
v -90.909927 0.845475 -0.788408
v -90.909927 0.845475 -1.002116
v -90.909927 0.796150 -0.788188
v -90.909927 0.796150 -1.000772
v -87.127350 0.796150 -1.693069
v -87.127350 0.796150 -1.910810
v -87.127350 0.845475 -1.695219
v -87.127350 0.845475 -1.911256
v -90.909927 0.845475 -1.695219
v -90.909927 0.845475 -1.911256
v -90.909927 0.796150 -1.693069
v -90.909927 0.796150 -1.910810
v -87.127350 0.796150 -1.466611
v -87.127350 0.796150 -1.681130
v -87.127350 0.845475 -1.467562
v -87.127350 0.845475 -1.683215
v -90.909927 0.845475 -1.467562
v -90.909927 0.845475 -1.683215
v -90.909927 0.796150 -1.466611
v -90.909927 0.796150 -1.681130
v -87.083496 0.186343 -0.043519
v -87.127350 0.186343 -0.061683
v -87.171204 0.186343 -0.043519
v -87.189362 0.186343 0.000334
v -87.171204 0.186343 0.044184
v -87.127350 0.186343 0.062350
v -87.083496 0.186343 0.044184
v -87.065338 0.186343 0.000334
v -87.083496 1.771043 -0.041645
v -87.127350 1.771043 -0.059809
v -87.171204 1.771043 -0.041645
v -87.189362 1.771043 0.002208
v -87.171204 1.771043 0.046058
v -87.127350 1.771043 0.064223
v -87.083496 1.771043 0.046058
v -87.065338 1.771043 0.002208
v -87.189362 0.697970 -1.431886
v -87.171204 0.697970 -1.388033
v -87.127350 0.697970 -1.369870
v -87.083496 0.697970 -1.388033
v -87.065338 0.697970 -1.431886
v -87.083496 0.697970 -1.475737
v -87.127350 0.697970 -1.493902
v -87.171204 0.697970 -1.475737
v -87.189362 1.785822 -1.431886
v -87.171204 1.785822 -1.388033
v -87.127350 1.785822 -1.369870
v -87.083496 1.785822 -1.388033
v -87.065338 1.785822 -1.431886
v -87.083496 1.785822 -1.475737
v -87.127350 1.785822 -1.493902
v -87.171204 1.785822 -1.475737
v -87.179871 1.754573 -1.431886
v -87.164490 1.754573 -1.469025
v -87.127350 1.754573 -1.484409
v -87.090210 1.754573 -1.469025
v -87.074829 1.754573 -1.431886
v -87.090210 1.754573 -1.394748
v -87.127350 1.754573 -1.379364
v -87.164490 1.754573 -1.394746
v -87.207397 1.771043 -1.431886
v -87.183960 1.771043 -1.488486
v -87.127350 1.771043 -1.511929
v -87.070740 1.771043 -1.488485
v -87.047302 1.771043 -1.431886
v -87.070740 1.771043 -1.375286
v -87.127350 1.771043 -1.351843
v -87.183960 1.771043 -1.375288
v -87.201645 1.808982 -1.431885
v -87.179886 1.808982 -1.484419
v -87.127350 1.808982 -1.506181
v -87.074814 1.808982 -1.484421
v -87.053055 1.808982 -1.431886
v -87.074829 1.808982 -1.379350
v -87.127350 1.808982 -1.357590
v -87.179886 1.808982 -1.379352
v -87.184723 1.814472 -1.431885
v -87.167908 1.814472 -1.472448
v -87.127350 1.814472 -1.489251
v -87.086792 1.814472 -1.472449
v -87.069977 1.814472 -1.431886
v -87.086792 1.814472 -1.391323
v -87.127350 1.814472 -1.374521
v -87.167908 1.814472 -1.391323
v -87.175049 1.838628 -1.431886
v -87.161072 1.838628 -1.465608
v -87.127350 1.838628 -1.479574
v -87.093628 1.838628 -1.465607
v -87.079666 1.838628 -1.431886
v -87.093628 1.838628 -1.398164
v -87.127350 1.838628 -1.384197
v -87.161072 1.838628 -1.398164
v -87.158112 1.845216 -1.431886
v -87.149109 1.845216 -1.453634
v -87.127350 1.845216 -1.462645
v -87.105591 1.845216 -1.453636
v -87.096588 1.845216 -1.431886
v -87.105606 1.845216 -1.410136
v -87.127350 1.845216 -1.401128
v -87.149109 1.845216 -1.410136
v -87.187744 1.867897 -1.431886
v -87.170044 1.867897 -1.474584
v -87.127350 1.867897 -1.492271
v -87.084656 1.867897 -1.474586
v -87.066956 1.867897 -1.431886
v -87.084656 1.867897 -1.389185
v -87.127350 1.867897 -1.371500
v -87.170044 1.867897 -1.389187
v -87.211334 1.901935 -1.431886
v -87.186737 1.901935 -1.491267
v -87.127350 1.901935 -1.515862
v -87.067963 1.901935 -1.491266
v -87.043365 1.901935 -1.431886
v -87.067963 1.901935 -1.372508
v -87.127350 1.901935 -1.347911
v -87.186737 1.901935 -1.372507
v -87.164154 1.923895 -1.431886
v -87.153381 1.923895 -1.457903
v -87.127350 1.923895 -1.468681
v -87.101334 1.923895 -1.457903
v -87.090546 1.923895 -1.431886
v -87.101334 1.923895 -1.405868
v -87.127350 1.923895 -1.395092
v -87.153381 1.923895 -1.405870
v -87.127350 1.954638 -1.431885
v -87.090210 1.754573 -0.034930
v -87.074829 1.754573 0.002208
v -87.090210 1.754573 0.039347
v -87.127350 1.754573 0.054729
v -87.164490 1.754573 0.039347
v -87.179871 1.754573 0.002208
v -87.164490 1.754573 -0.034930
v -87.127350 1.754573 -0.050315
v -87.070755 1.771043 -0.054393
v -87.047302 1.771043 0.002208
v -87.070755 1.771043 0.058807
v -87.127350 1.771043 0.082251
v -87.183960 1.771043 0.058807
v -87.207397 1.771043 0.002208
v -87.183960 1.771043 -0.054393
v -87.127350 1.771043 -0.077836
v -87.074829 1.808982 -0.050328
v -87.053055 1.808982 0.002208
v -87.074829 1.808982 0.054742
v -87.127350 1.808982 0.076502
v -87.179886 1.808982 0.054742
v -87.201645 1.808982 0.002208
v -87.179886 1.808982 -0.050328
v -87.127350 1.808982 -0.072088
v -87.086792 1.814472 -0.038355
v -87.069977 1.814472 0.002208
v -87.086792 1.814472 0.042769
v -87.127350 1.814472 0.059570
v -87.167908 1.814472 0.042769
v -87.184723 1.814472 0.002208
v -87.167908 1.814472 -0.038355
v -87.127350 1.814472 -0.055156
v -87.093628 1.838628 -0.031513
v -87.079666 1.838628 0.002208
v -87.093628 1.838628 0.035929
v -87.127350 1.838628 0.049895
v -87.161072 1.838628 0.035929
v -87.175049 1.838628 0.002208
v -87.161072 1.838628 -0.031513
v -87.127350 1.838628 -0.045483
v -87.105606 1.845216 -0.019543
v -87.096588 1.845216 0.002208
v -87.105606 1.845216 0.023955
v -87.127350 1.845216 0.032965
v -87.149109 1.845216 0.023955
v -87.158112 1.845216 0.002208
v -87.149109 1.845216 -0.019543
v -87.127350 1.845216 -0.028551
v -87.084656 1.867897 -0.040493
v -87.066956 1.867897 0.002208
v -87.084656 1.867897 0.044907
v -87.127350 1.867897 0.062593
v -87.170044 1.867897 0.044907
v -87.187744 1.867897 0.002208
v -87.170044 1.867897 -0.040493
v -87.127350 1.867897 -0.058179
v -87.067963 1.901935 -0.057172
v -87.043365 1.901935 0.002208
v -87.067963 1.901935 0.061587
v -87.127350 1.901935 0.086184
v -87.186737 1.901935 0.061587
v -87.211334 1.901935 0.002208
v -87.186737 1.901935 -0.057172
v -87.127350 1.901935 -0.081767
v -87.101334 1.923895 -0.023810
v -87.090561 1.923895 0.002208
v -87.101334 1.923895 0.028226
v -87.127350 1.923895 0.039003
v -87.153381 1.923895 0.028226
v -87.164154 1.923895 0.002208
v -87.153381 1.923895 -0.023810
v -87.127350 1.923895 -0.034589
v -87.127350 1.954638 0.002208
v -87.085663 1.366588 -1.418799
v -87.167572 1.366588 -1.418816
v -87.167572 1.288320 -1.418816
v -87.085663 1.288320 -1.418799
v -87.163818 1.366565 0.000056
v -87.085785 1.366565 0.000007
v -87.085785 1.288339 0.000007
v -87.163818 1.288339 0.000056
v -87.084900 1.288327 1.419724
v -87.085724 1.290946 2.154042
v -87.084900 1.370216 1.419414
v -87.085724 1.371563 2.154042
v -87.170105 1.370216 1.419414
v -87.169266 1.371563 2.154042
v -87.170105 1.288327 1.419724
v -87.169266 1.290946 2.154042
v -87.085907 1.366468 0.000013
v -87.085907 1.288438 0.000063
v -87.169098 1.288438 0.000063
v -87.169098 1.366468 0.000013
v -87.096375 1.563569 0.000030
v -87.096375 1.563373 1.418334
v -87.096375 1.562480 2.154042
v -87.096375 1.622176 -0.000001
v -87.096375 1.623111 1.418134
v -87.096375 1.622369 2.154042
v -87.158325 1.622176 -0.000001
v -87.158325 1.623111 1.418134
v -87.158310 1.622369 2.154042
v -87.158325 1.563569 0.000030
v -87.158325 1.563373 1.418334
v -87.158310 1.562480 2.154042
v -87.086060 1.592872 0.000015
v -87.086060 1.593242 1.418235
v -87.086060 1.592425 2.154042
v -87.127350 1.631944 -0.000006
v -87.127350 1.633067 1.418100
v -87.127350 1.632351 2.154042
v -87.168640 1.592872 0.000015
v -87.168640 1.593242 1.418235
v -87.168640 1.592425 2.154042
v -87.127350 1.553801 0.000037
v -87.127350 1.553417 1.418368
v -87.127350 1.552499 2.154042
v -87.096375 1.563569 0.000040
v -87.096375 1.563373 -1.418873
v -87.096375 1.622176 0.000072
v -87.096375 1.623111 -1.418885
v -87.158325 1.622176 0.000072
v -87.158325 1.623111 -1.418885
v -87.158325 1.563569 0.000040
v -87.158325 1.563373 -1.418873
v -87.086060 1.592872 0.000055
v -87.086060 1.593242 -1.418879
v -87.127350 1.631944 0.000075
v -87.127350 1.633067 -1.418887
v -87.168640 1.592872 0.000055
v -87.168640 1.593242 -1.418879
v -87.127350 1.553801 0.000033
v -87.127350 1.553417 -1.418872
v -87.189362 0.697970 1.431956
v -87.171204 0.697970 1.388104
v -87.127350 0.697970 1.369940
v -87.083496 0.697970 1.388104
v -87.065338 0.697970 1.431957
v -87.083496 0.697970 1.475808
v -87.127350 0.697970 1.493973
v -87.171204 0.697970 1.475808
v -87.189362 1.785822 1.431956
v -87.171204 1.785822 1.388104
v -87.127350 1.785822 1.369940
v -87.083496 1.785822 1.388104
v -87.065338 1.785822 1.431957
v -87.083496 1.785822 1.475808
v -87.127350 1.785822 1.493973
v -87.171204 1.785822 1.475808
v -87.179871 1.754573 1.431956
v -87.164490 1.754573 1.469095
v -87.127350 1.754573 1.484477
v -87.090210 1.754573 1.469095
v -87.074829 1.754573 1.431956
v -87.090210 1.754573 1.394817
v -87.127350 1.754573 1.379435
v -87.164490 1.754573 1.394816
v -87.207397 1.771043 1.431956
v -87.183960 1.771043 1.488555
v -87.127350 1.771043 1.512000
v -87.070740 1.771043 1.488554
v -87.047302 1.771043 1.431956
v -87.070740 1.771043 1.375356
v -87.127350 1.771043 1.351912
v -87.183960 1.771043 1.375357
v -87.201645 1.808982 1.431956
v -87.179886 1.808982 1.484491
v -87.127350 1.808982 1.506250
v -87.074829 1.808982 1.484490
v -87.053055 1.808982 1.431955
v -87.074829 1.808982 1.379422
v -87.127350 1.808982 1.357661
v -87.179886 1.808982 1.379421
v -87.184723 1.814472 1.431956
v -87.167908 1.814472 1.472518
v -87.127350 1.814472 1.489319
v -87.086792 1.814472 1.472518
v -87.069977 1.814472 1.431956
v -87.086792 1.814472 1.391393
v -87.127350 1.814472 1.374592
v -87.167908 1.814472 1.391392
v -87.175049 1.838628 1.431956
v -87.161072 1.838628 1.465677
v -87.127350 1.838628 1.479646
v -87.093628 1.838628 1.465677
v -87.079666 1.838628 1.431956
v -87.093628 1.838628 1.398234
v -87.127350 1.838628 1.384267
v -87.161072 1.838628 1.398235
v -87.158112 1.845216 1.431955
v -87.149109 1.845216 1.453705
v -87.127350 1.845216 1.462714
v -87.105606 1.845216 1.453706
v -87.096588 1.845216 1.431956
v -87.105606 1.845216 1.410208
v -87.127350 1.845216 1.401198
v -87.149109 1.845216 1.410207
v -87.187744 1.867897 1.431956
v -87.170044 1.867897 1.474656
v -87.127350 1.867897 1.492342
v -87.084656 1.867897 1.474654
v -87.066956 1.867897 1.431956
v -87.084656 1.867897 1.389257
v -87.127350 1.867897 1.371569
v -87.170044 1.867897 1.389258
v -87.211334 1.901935 1.431955
v -87.186737 1.901935 1.491336
v -87.127350 1.901935 1.515932
v -87.067963 1.901935 1.491335
v -87.043365 1.901935 1.431956
v -87.067963 1.901935 1.372576
v -87.127350 1.901935 1.347981
v -87.186737 1.901935 1.372576
v -87.164154 1.923895 1.431955
v -87.153381 1.923895 1.457975
v -87.127350 1.923895 1.468750
v -87.101334 1.923895 1.457975
v -87.090546 1.923895 1.431956
v -87.101334 1.923895 1.405938
v -87.127350 1.923895 1.395160
v -87.153381 1.923895 1.405938
v -87.127350 1.954638 1.431956
v -87.046783 0.773107 2.154042
v -87.046783 0.883296 2.154042
v -87.207916 0.883296 2.154042
v -87.207916 0.773107 2.154042
v -87.054504 0.546336 -0.678079
v -87.054504 0.635002 -1.411130
v -87.064972 0.655288 -0.660440
v -87.064972 0.745017 -1.402283
v -87.189728 0.655288 -0.660440
v -87.189728 0.745017 -1.402283
v -87.200195 0.546336 -0.678079
v -87.200195 0.635002 -1.411130
v -87.200195 0.405169 -0.002429
v -87.054504 0.405169 -0.002429
v -87.064972 0.517792 -0.002429
v -87.189728 0.517792 -0.002429
v -87.054504 0.546336 0.678148
v -87.054504 0.635002 1.411201
v -87.054504 0.664239 2.154042
v -87.064972 0.655288 0.660510
v -87.064972 0.745017 1.402354
v -87.064972 0.774609 2.154042
v -87.189728 0.655288 0.660510
v -87.189728 0.745017 1.402354
v -87.189713 0.774609 2.154042
v -87.200195 0.546336 0.678148
v -87.200195 0.635002 1.411201
v -87.200195 0.664239 2.154042
v -87.054504 0.698329 1.406108
v -87.054504 0.727979 2.154042
v -87.200195 0.727979 2.154042
v -87.200195 0.698329 1.406108
v -87.200195 0.609052 0.667994
v -87.200195 0.469998 -0.002429
v -87.200195 0.609052 -0.667924
v -87.200195 0.698329 -1.406038
v -87.054504 0.698329 -1.406038
v -87.054504 0.609052 -0.667924
v -87.054504 0.469998 -0.002429
v -87.054504 0.609052 0.667994
v -87.093933 0.628145 -0.681424
v -87.093933 0.628145 -0.748254
v -87.093933 1.319309 -0.681424
v -87.093933 1.319309 -0.748254
v -87.160767 1.319309 -0.681424
v -87.160767 1.319309 -0.748254
v -87.160767 0.628145 -0.681424
v -87.160767 0.628145 -0.748254
v -87.093933 0.628145 0.681494
v -87.093933 0.628145 0.748324
v -87.093933 1.319309 0.681494
v -87.093933 1.319309 0.748324
v -87.160767 1.319309 0.681494
v -87.160767 1.319309 0.748324
v -87.160767 0.628145 0.681494
v -87.160767 0.628145 0.748324
v -87.093933 0.839745 2.200747
v -87.093933 0.839745 2.126375
v -87.093933 1.327188 2.200747
v -87.093933 1.327188 2.126375
v -87.160767 1.327188 2.200747
v -87.160767 1.327188 2.126375
v -87.160767 0.839745 2.200747
v -87.160767 0.839745 2.126375
v -87.189362 0.594898 4.321506
v -87.171204 0.594898 4.365358
v -87.127350 0.594898 4.383522
v -87.083496 0.594898 4.365358
v -87.065323 0.594898 4.321506
v -87.083496 0.594898 4.277655
v -87.127350 0.594898 4.259489
v -87.171204 0.594898 4.277655
v -87.189362 1.586904 4.321506
v -87.171204 1.586904 4.365358
v -87.127350 1.586904 4.383522
v -87.083496 1.586904 4.365358
v -87.065323 1.586904 4.321506
v -87.083496 1.586904 4.277655
v -87.127350 1.586904 4.259489
v -87.171204 1.586904 4.277655
v -87.086182 1.183437 3.617578
v -87.084900 1.263642 2.883211
v -87.086182 1.262199 3.630328
v -87.084900 1.345531 2.889796
v -87.168808 1.262199 3.630328
v -87.170105 1.345531 2.889796
v -87.168808 1.183437 3.617578
v -87.170105 1.263642 2.883211
v -87.085892 1.133897 4.327177
v -87.085892 1.055866 4.308317
v -87.169098 1.055866 4.308317
v -87.169098 1.133897 4.327177
v -87.096375 1.331086 4.320705
v -87.096375 1.453200 3.651255
v -87.096375 1.534843 2.912738
v -87.096375 1.389693 4.333036
v -87.096375 1.512484 3.659743
v -87.096375 1.594580 2.916992
v -87.158295 1.389693 4.333036
v -87.158295 1.512484 3.659743
v -87.158295 1.594580 2.916992
v -87.158295 1.331086 4.320705
v -87.158295 1.453200 3.651255
v -87.158295 1.534843 2.912738
v -87.086060 1.360390 4.326872
v -87.086060 1.482842 3.655499
v -87.086060 1.564711 2.914865
v -87.127350 1.399461 4.335093
v -87.127350 1.522365 3.661158
v -87.127350 1.604536 2.917701
v -87.168640 1.360390 4.326872
v -87.168640 1.482842 3.655499
v -87.168640 1.564711 2.914865
v -87.127350 1.321319 4.318650
v -87.127350 1.443319 3.649839
v -87.127350 1.524886 2.912028
v -87.093933 0.745049 3.637874
v -87.093933 0.745049 3.571043
v -87.093933 1.232492 3.637874
v -87.093933 1.232492 3.571043
v -87.160767 1.232492 3.637874
v -87.160767 1.232492 3.571043
v -87.160767 0.745049 3.637874
v -87.160767 0.745049 3.571043
v -87.171204 0.793053 2.843560
v -87.189362 0.793053 2.887412
v -87.171204 0.793053 2.931263
v -87.127350 0.793053 2.949428
v -87.083496 0.793053 2.931263
v -87.065323 0.793053 2.887412
v -87.083496 0.793053 2.843560
v -87.127350 0.793053 2.825395
v -87.171204 1.785059 2.843560
v -87.189362 1.785059 2.887412
v -87.171204 1.785059 2.931263
v -87.127350 1.785059 2.949428
v -87.083496 1.785059 2.931263
v -87.065323 1.785059 2.887412
v -87.083496 1.785059 2.843560
v -87.127350 1.785059 2.825395
v -87.164490 1.753810 2.850274
v -87.127350 1.753810 2.834890
v -87.090210 1.753810 2.850274
v -87.074829 1.753810 2.887412
v -87.090210 1.753810 2.924551
v -87.127350 1.753810 2.939934
v -87.164490 1.753810 2.924551
v -87.179871 1.753810 2.887412
v -87.183929 1.770280 2.830812
v -87.127350 1.770280 2.807368
v -87.070740 1.770280 2.830812
v -87.047302 1.770280 2.887412
v -87.070740 1.770280 2.944012
v -87.127350 1.770280 2.967455
v -87.183929 1.770280 2.944012
v -87.207397 1.770280 2.887412
v -87.179871 1.808219 2.834878
v -87.127350 1.808219 2.813117
v -87.074799 1.808219 2.834878
v -87.053040 1.808219 2.887412
v -87.074799 1.808219 2.939946
v -87.127350 1.808219 2.961707
v -87.179871 1.808219 2.939946
v -87.201630 1.808219 2.887412
v -87.167908 1.813709 2.846850
v -87.127350 1.813709 2.830048
v -87.086777 1.813709 2.846850
v -87.069977 1.813709 2.887412
v -87.086777 1.813709 2.927975
v -87.127350 1.813709 2.944776
v -87.167908 1.813709 2.927975
v -87.184708 1.813709 2.887412
v -87.161072 1.837865 2.853691
v -87.127350 1.837865 2.839723
v -87.093628 1.837865 2.853691
v -87.079651 1.837865 2.887412
v -87.093628 1.837865 2.921134
v -87.127350 1.837865 2.935101
v -87.161072 1.837865 2.921134
v -87.175034 1.837865 2.887412
v -87.149094 1.844453 2.865663
v -87.127350 1.844453 2.856654
v -87.105591 1.844453 2.865663
v -87.096588 1.844453 2.887412
v -87.105591 1.844453 2.909161
v -87.127350 1.844453 2.918170
v -87.149094 1.844453 2.909161
v -87.158096 1.844453 2.887412
v -87.170044 1.867134 2.844713
v -87.127350 1.867134 2.827027
v -87.084641 1.867134 2.844713
v -87.066956 1.867134 2.887412
v -87.084641 1.867134 2.930110
v -87.127350 1.867134 2.947797
v -87.170044 1.867134 2.930110
v -87.187714 1.867134 2.887412
v -87.186722 1.901172 2.828032
v -87.127350 1.901172 2.803436
v -87.067963 1.901172 2.828032
v -87.043365 1.901172 2.887412
v -87.067963 1.901172 2.946792
v -87.127350 1.901172 2.971387
v -87.186722 1.901172 2.946792
v -87.211319 1.901172 2.887412
v -87.153351 1.923132 2.861394
v -87.127350 1.923132 2.850617
v -87.101318 1.923132 2.861394
v -87.090546 1.923132 2.887412
v -87.101318 1.923132 2.913430
v -87.127350 1.923132 2.924207
v -87.153351 1.923132 2.913430
v -87.164139 1.923132 2.887412
v -87.127350 1.953875 2.887412
v -87.179871 1.546952 4.321507
v -87.164490 1.546952 4.284368
v -87.127350 1.546952 4.268984
v -87.090210 1.546952 4.284368
v -87.074829 1.546952 4.321506
v -87.090210 1.546952 4.358644
v -87.127350 1.546952 4.374028
v -87.164490 1.546952 4.358644
v -87.207397 1.563422 4.321507
v -87.183929 1.563422 4.264906
v -87.127350 1.563422 4.241462
v -87.070740 1.563422 4.264906
v -87.047302 1.563422 4.321506
v -87.070740 1.563422 4.378106
v -87.127350 1.563422 4.401549
v -87.183929 1.563422 4.378106
v -87.201630 1.601361 4.321507
v -87.179871 1.601361 4.268972
v -87.127350 1.601361 4.247211
v -87.074799 1.601361 4.268972
v -87.053040 1.601361 4.321506
v -87.074799 1.601361 4.374041
v -87.127350 1.601361 4.395801
v -87.179871 1.601361 4.374041
v -87.184708 1.606851 4.321507
v -87.167908 1.606851 4.280944
v -87.127350 1.606851 4.264143
v -87.086777 1.606851 4.280943
v -87.069977 1.606851 4.321507
v -87.086777 1.606851 4.362068
v -87.127350 1.606851 4.378870
v -87.167908 1.606851 4.362068
v -87.175018 1.631007 4.321506
v -87.161072 1.631007 4.287785
v -87.127350 1.631007 4.273817
v -87.093628 1.631007 4.287786
v -87.079651 1.631007 4.321507
v -87.093628 1.631007 4.355227
v -87.127350 1.631007 4.369195
v -87.161072 1.631007 4.355227
v -87.158096 1.637595 4.321507
v -87.149078 1.637595 4.299757
v -87.127350 1.637595 4.290748
v -87.105591 1.637595 4.299757
v -87.096588 1.637595 4.321506
v -87.105591 1.637595 4.343256
v -87.127350 1.637595 4.352263
v -87.149078 1.637595 4.343256
v -87.187714 1.660276 4.321506
v -87.170044 1.660276 4.278807
v -87.127350 1.660276 4.261120
v -87.084641 1.660276 4.278808
v -87.066956 1.660276 4.321506
v -87.084641 1.660276 4.364205
v -87.127350 1.660276 4.381891
v -87.170044 1.660276 4.364205
v -87.211319 1.694314 4.321507
v -87.186722 1.694314 4.262126
v -87.127350 1.694314 4.237531
v -87.067963 1.694314 4.262127
v -87.043365 1.694314 4.321506
v -87.067963 1.694314 4.380885
v -87.127350 1.694314 4.405481
v -87.186722 1.694314 4.380886
v -87.164139 1.716274 4.321507
v -87.153351 1.716274 4.295488
v -87.127350 1.716274 4.284711
v -87.101318 1.716274 4.295488
v -87.090546 1.716274 4.321507
v -87.101318 1.716274 4.347525
v -87.127350 1.716274 4.358301
v -87.153351 1.716274 4.347524
v -87.127350 1.747018 4.321507
v -87.046768 0.654387 3.641222
v -87.046768 0.743053 2.908167
v -87.046768 0.763339 3.658858
v -87.046768 0.853068 2.917014
v -87.207916 0.763339 3.658858
v -87.207916 0.853068 2.917014
v -87.207916 0.654387 3.641222
v -87.207916 0.743053 2.908167
v -87.207916 0.486536 4.447511
v -87.046768 0.486536 4.447511
v -87.046768 0.593475 4.474817
v -87.207916 0.593475 4.474817
v -87.054504 0.549100 3.623588
v -87.054504 0.637765 2.899350
v -87.064972 0.658052 3.641225
v -87.064972 0.747780 2.908197
v -87.189697 0.658052 3.641225
v -87.189697 0.747780 2.908197
v -87.200195 0.549100 3.623588
v -87.200195 0.637765 2.899350
v -87.200195 0.384776 4.419297
v -87.054504 0.384776 4.419297
v -87.064972 0.491715 4.446603
v -87.189697 0.491715 4.446603
v -87.054504 0.446737 4.435118
v -87.200195 0.446737 4.435118
v -87.200195 0.612227 3.633806
v -87.200195 0.701509 2.904477
v -87.054504 0.701509 2.904477
v -87.054504 0.612227 3.633806
v -90.909912 0.594898 4.259489
v -90.953766 0.594898 4.277655
v -90.971924 0.594898 4.321506
v -90.953766 0.594898 4.365358
v -90.909912 0.594898 4.383522
v -90.866058 0.594898 4.365358
v -90.847900 0.594898 4.321506
v -90.866058 0.594898 4.277655
v -90.909912 1.586904 4.259489
v -90.953766 1.586904 4.277655
v -90.971924 1.586904 4.321506
v -90.953766 1.586904 4.365358
v -90.909912 1.586904 4.383522
v -90.866058 1.586904 4.365358
v -90.847900 1.586904 4.321506
v -90.866058 1.586904 4.277655
v -90.868744 1.183437 3.617578
v -90.867462 1.263642 2.883211
v -90.868744 1.262199 3.630328
v -90.867462 1.345531 2.889796
v -90.951385 1.262199 3.630328
v -90.952667 1.345531 2.889796
v -90.951385 1.183437 3.617578
v -90.952667 1.263642 2.883211
v -90.868454 1.133897 4.327177
v -90.868454 1.055866 4.308317
v -90.951660 1.055866 4.308317
v -90.951660 1.133897 4.327177
v -90.878937 1.331086 4.320705
v -90.878937 1.453200 3.651255
v -90.878937 1.534843 2.912738
v -90.878937 1.389693 4.333036
v -90.878937 1.512484 3.659743
v -90.878937 1.594580 2.916992
v -90.940872 1.389693 4.333036
v -90.940872 1.512484 3.659743
v -90.940872 1.594580 2.916992
v -90.940872 1.331086 4.320705
v -90.940872 1.453200 3.651255
v -90.940872 1.534843 2.912738
v -90.868622 1.360390 4.326872
v -90.868622 1.482842 3.655499
v -90.868622 1.564711 2.914865
v -90.909912 1.399461 4.335093
v -90.909912 1.522365 3.661158
v -90.909912 1.604536 2.917701
v -90.951202 1.360390 4.326872
v -90.951202 1.482842 3.655499
v -90.951202 1.564711 2.914865
v -90.909912 1.321319 4.318650
v -90.909912 1.443319 3.649839
v -90.909912 1.524886 2.912028
v -90.876495 0.745049 3.637874
v -90.876495 0.745049 3.571043
v -90.876495 1.232492 3.637874
v -90.876495 1.232492 3.571043
v -90.943329 1.232492 3.637874
v -90.943329 1.232492 3.571043
v -90.943329 0.745049 3.637874
v -90.943329 0.745049 3.571043
v -90.866058 0.793053 2.843560
v -90.909912 0.793053 2.825396
v -90.953766 0.793053 2.843560
v -90.971924 0.793053 2.887412
v -90.953766 0.793053 2.931263
v -90.909912 0.793053 2.949428
v -90.866058 0.793053 2.931263
v -90.847900 0.793053 2.887412
v -90.866058 1.785059 2.843560
v -90.909912 1.785059 2.825396
v -90.953766 1.785059 2.843560
v -90.971924 1.785059 2.887412
v -90.953766 1.785059 2.931263
v -90.909912 1.785059 2.949428
v -90.866058 1.785059 2.931263
v -90.847900 1.785059 2.887412
v -90.872772 1.753810 2.850273
v -90.857391 1.753810 2.887412
v -90.872772 1.753810 2.924551
v -90.909912 1.753810 2.939933
v -90.947052 1.753810 2.924551
v -90.962433 1.753810 2.887412
v -90.947052 1.753810 2.850273
v -90.909912 1.753810 2.834890
v -90.853302 1.770280 2.830812
v -90.829865 1.770280 2.887412
v -90.853302 1.770280 2.944011
v -90.909912 1.770280 2.967455
v -90.966522 1.770280 2.944011
v -90.989960 1.770280 2.887412
v -90.966522 1.770280 2.830812
v -90.909912 1.770280 2.807368
v -90.857361 1.808219 2.834877
v -90.835617 1.808219 2.887412
v -90.857361 1.808219 2.939946
v -90.909912 1.808219 2.961707
v -90.962433 1.808219 2.939946
v -90.984207 1.808219 2.887412
v -90.962433 1.808219 2.834877
v -90.909912 1.808219 2.813117
v -90.869354 1.813709 2.846849
v -90.852539 1.813709 2.887412
v -90.869354 1.813709 2.927974
v -90.909912 1.813709 2.944776
v -90.950470 1.813709 2.927974
v -90.967285 1.813709 2.887412
v -90.950470 1.813709 2.846849
v -90.909912 1.813709 2.830048
v -90.876190 1.837865 2.853690
v -90.862213 1.837865 2.887412
v -90.876190 1.837865 2.921133
v -90.909912 1.837865 2.935101
v -90.943634 1.837865 2.921133
v -90.957596 1.837865 2.887412
v -90.943634 1.837865 2.853690
v -90.909912 1.837865 2.839722
v -90.888153 1.844453 2.865663
v -90.879150 1.844453 2.887412
v -90.888153 1.844453 2.909161
v -90.909912 1.844453 2.918170
v -90.931671 1.844453 2.909161
v -90.940674 1.844453 2.887412
v -90.931671 1.844453 2.865663
v -90.909912 1.844453 2.856654
v -90.867218 1.867134 2.844713
v -90.849518 1.867134 2.887412
v -90.867218 1.867134 2.930110
v -90.909912 1.867134 2.947797
v -90.952606 1.867134 2.930110
v -90.970291 1.867134 2.887412
v -90.952606 1.867134 2.844713
v -90.909912 1.867134 2.827026
v -90.850525 1.901172 2.828032
v -90.825928 1.901172 2.887412
v -90.850525 1.901172 2.946792
v -90.909912 1.901172 2.971387
v -90.969284 1.901172 2.946792
v -90.993896 1.901172 2.887412
v -90.969284 1.901172 2.828032
v -90.909912 1.901172 2.803436
v -90.883881 1.923132 2.861394
v -90.873108 1.923132 2.887412
v -90.883881 1.923132 2.913430
v -90.909912 1.923132 2.924207
v -90.935928 1.923132 2.913430
v -90.946701 1.923132 2.887412
v -90.935928 1.923132 2.861394
v -90.909912 1.923132 2.850617
v -90.909912 1.953875 2.887412
v -90.909912 1.546952 4.268984
v -90.872772 1.546952 4.284368
v -90.857391 1.546952 4.321507
v -90.872772 1.546952 4.358644
v -90.909912 1.546952 4.374028
v -90.947052 1.546952 4.358644
v -90.962433 1.546952 4.321506
v -90.947052 1.546952 4.284368
v -90.909912 1.563422 4.241462
v -90.853302 1.563422 4.264906
v -90.829865 1.563422 4.321507
v -90.853302 1.563422 4.378106
v -90.909912 1.563422 4.401549
v -90.966522 1.563422 4.378106
v -90.989960 1.563422 4.321506
v -90.966522 1.563422 4.264906
v -90.909912 1.601361 4.247211
v -90.857361 1.601361 4.268972
v -90.835617 1.601361 4.321507
v -90.857361 1.601361 4.374041
v -90.909912 1.601361 4.395801
v -90.962433 1.601361 4.374041
v -90.984207 1.601361 4.321506
v -90.962433 1.601361 4.268972
v -90.909912 1.606851 4.264143
v -90.869354 1.606851 4.280944
v -90.852539 1.606851 4.321506
v -90.869354 1.606851 4.362068
v -90.909912 1.606851 4.378870
v -90.950470 1.606851 4.362068
v -90.967285 1.606851 4.321507
v -90.950470 1.606851 4.280943
v -90.909912 1.631007 4.273817
v -90.876190 1.631007 4.287785
v -90.862213 1.631007 4.321506
v -90.876190 1.631007 4.355227
v -90.909912 1.631007 4.369195
v -90.943634 1.631007 4.355227
v -90.957596 1.631007 4.321507
v -90.943634 1.631007 4.287785
v -90.909912 1.637595 4.290748
v -90.888153 1.637595 4.299757
v -90.879150 1.637595 4.321506
v -90.888153 1.637595 4.343256
v -90.909912 1.637595 4.352263
v -90.931671 1.637595 4.343256
v -90.940674 1.637595 4.321506
v -90.931656 1.637595 4.299757
v -90.909912 1.660276 4.261120
v -90.867218 1.660276 4.278807
v -90.849518 1.660276 4.321506
v -90.867218 1.660276 4.364205
v -90.909912 1.660276 4.381891
v -90.952606 1.660276 4.364205
v -90.970291 1.660276 4.321506
v -90.952606 1.660276 4.278807
v -90.909912 1.694314 4.237531
v -90.850525 1.694314 4.262126
v -90.825928 1.694314 4.321506
v -90.850525 1.694314 4.380886
v -90.909912 1.694314 4.405481
v -90.969284 1.694314 4.380885
v -90.993896 1.694314 4.321506
v -90.969284 1.694314 4.262127
v -90.909912 1.716274 4.284711
v -90.883881 1.716274 4.295488
v -90.873108 1.716274 4.321506
v -90.883881 1.716274 4.347524
v -90.909912 1.716274 4.358301
v -90.935928 1.716274 4.347525
v -90.946701 1.716274 4.321507
v -90.935928 1.716274 4.295488
v -90.909912 1.747018 4.321507
v -90.876495 0.839745 2.200747
v -90.876495 0.839745 2.126375
v -90.876495 1.327188 2.200747
v -90.876495 1.327188 2.126375
v -90.943329 1.327188 2.200747
v -90.943329 1.327188 2.126375
v -90.943329 0.839745 2.200747
v -90.943329 0.839745 2.126375
v -90.829346 0.654387 3.641222
v -90.829346 0.743053 2.908167
v -90.829346 0.763339 3.658858
v -90.829346 0.853068 2.917014
v -90.990479 0.763339 3.658858
v -90.990479 0.853068 2.917014
v -90.990479 0.654387 3.641222
v -90.990479 0.743053 2.908167
v -90.990479 0.486536 4.447511
v -90.829346 0.486536 4.447511
v -90.829346 0.593475 4.474817
v -90.990479 0.593475 4.474817
v -90.837067 0.549100 3.623588
v -90.837067 0.637765 2.899350
v -90.847534 0.658052 3.641225
v -90.847534 0.747780 2.908197
v -90.972275 0.658052 3.641225
v -90.972275 0.747780 2.908197
v -90.982758 0.549100 3.623588
v -90.982758 0.637765 2.899350
v -90.982758 0.384776 4.419297
v -90.837067 0.384776 4.419297
v -90.847534 0.491715 4.446603
v -90.972275 0.491715 4.446603
v -90.837067 0.446737 4.435118
v -90.982758 0.446737 4.435118
v -90.982758 0.612227 3.633806
v -90.982758 0.701509 2.904477
v -90.837067 0.701509 2.904477
v -90.837067 0.612227 3.633806
v -87.127350 0.730009 3.290319
v -87.127350 0.753600 3.074605
v -87.127350 0.778519 3.296287
v -87.127350 0.802234 3.079432
v -90.909912 0.778519 3.296287
v -90.909912 0.802234 3.079432
v -90.909912 0.730009 3.290319
v -90.909912 0.753600 3.074605
v -87.127350 0.699708 3.517362
v -87.127350 0.728551 3.302297
v -87.127350 0.748057 3.524529
v -87.127350 0.777053 3.308328
v -90.909912 0.748057 3.524529
v -90.909912 0.777053 3.308328
v -90.909912 0.699708 3.517362
v -90.909912 0.728551 3.302297
v -87.127350 0.622546 3.968851
v -87.127350 0.661839 3.755475
v -87.127350 0.670487 3.978405
v -87.127350 0.709989 3.763901
v -90.909912 0.670487 3.978405
v -90.909912 0.709989 3.763901
v -90.909912 0.622546 3.968851
v -90.909912 0.661839 3.755475
v -87.127350 0.574760 4.197405
v -87.127350 0.619346 3.985087
v -87.127350 0.622449 4.208166
v -87.127350 0.667271 3.994727
v -90.909912 0.622449 4.208166
v -90.909912 0.667271 3.994727
v -90.909912 0.574760 4.197405
v -90.909912 0.619346 3.985087
v -87.127350 0.522112 4.420194
v -87.127350 0.572448 4.209187
v -87.127350 0.569491 4.432267
v -87.127350 0.620093 4.220145
v -90.909912 0.569491 4.432267
v -90.909912 0.620093 4.220145
v -90.909912 0.522112 4.420194
v -90.909912 0.572448 4.209187
v -87.127350 0.663879 3.743585
v -87.127350 0.697958 3.529299
v -87.127350 0.712040 3.751947
v -87.127350 0.746299 3.536530
v -90.909912 0.712040 3.751947
v -90.909912 0.746299 3.536530
v -90.909912 0.663879 3.743585
v -90.909912 0.697958 3.529299
v -87.127350 0.754765 3.062595
v -87.127350 0.773088 2.846361
v -87.127350 0.803406 3.067358
v -87.127350 0.821826 2.849982
v -90.909912 0.803406 3.067358
v -90.909912 0.821826 2.849982
v -90.909912 0.754765 3.062595
v -90.909912 0.773088 2.846361
v -87.127350 0.795628 2.376706
v -87.127350 0.798096 2.159699
v -87.127350 0.844484 2.377844
v -87.127350 0.846966 2.159690
v -90.909912 0.844484 2.377844
v -90.909912 0.846966 2.159690
v -90.909912 0.795628 2.376706
v -90.909912 0.798096 2.159699
v -87.127350 0.787584 2.605650
v -87.127350 0.795343 2.388770
v -87.127350 0.836398 2.607998
v -87.127350 0.844199 2.389972
v -90.909912 0.836398 2.607998
v -90.909912 0.844199 2.389972
v -90.909912 0.787584 2.605650
v -90.909912 0.795343 2.388770
v -87.127350 0.773961 2.834326
v -87.127350 0.787006 2.617703
v -87.127350 0.822703 2.837883
v -87.127350 0.835817 2.620116
v -90.909912 0.822703 2.837883
v -90.909912 0.835817 2.620116
v -90.909912 0.773961 2.834326
v -90.909912 0.787006 2.617703
v -87.171219 -1.547106 -0.045393
v -87.189377 -1.547106 -0.001541
v -87.171219 -1.547106 0.042311
v -87.127365 -1.547106 0.060476
v -87.083511 -1.547106 0.042311
v -87.065353 -1.547106 -0.001541
v -87.083511 -1.547106 -0.045393
v -87.127365 -1.547106 -0.063557
v -90.953796 -1.547106 -0.045393
v -90.971954 -1.547106 -0.001541
v -90.953796 -1.547106 0.042311
v -90.909927 -1.547106 0.060476
v -90.866089 -1.547106 0.042311
v -90.847916 -1.547106 -0.001541
v -90.866089 -1.547106 -0.045393
v -90.909927 -1.547106 -0.063557
v -87.133881 -0.044954 0.041771
v -87.133881 0.084745 0.041718
v -87.133881 0.084745 -0.041871
v -87.133881 -0.044954 -0.041923
v -90.915527 -1.521297 -0.041669
v -90.915527 -1.521297 0.041517
v -90.915527 -1.394943 0.041498
v -90.915527 -1.394943 -0.041651
v -87.133881 -1.526001 0.038805
v -87.133881 -1.395996 0.038857
v -87.133881 -1.395996 -0.044837
v -87.133881 -1.526001 -0.044785
v -90.915527 -0.057773 -0.044563
v -90.915527 -0.057773 0.038583
v -90.915527 0.067171 0.038601
v -90.915527 0.067171 -0.044581
v -87.127365 0.077237 -0.035494
v -87.127365 0.063173 -0.001541
v -87.127365 0.077237 0.032413
v -87.127365 0.111190 0.046477
v -87.127365 0.145143 0.032413
v -87.127365 0.159207 -0.001541
v -87.127365 0.145143 -0.035494
v -87.127365 0.111190 -0.049558
v -90.913879 0.077237 -0.035494
v -90.913879 0.063173 -0.001541
v -90.913879 0.077237 0.032413
v -90.913879 0.111190 0.046477
v -90.913879 0.145143 0.032413
v -90.913879 0.159207 -0.001541
v -90.913879 0.145143 -0.035494
v -90.913879 0.111190 -0.049558
v -87.171219 -6.747450 -0.045393
v -87.189377 -6.747450 -0.001541
v -87.171219 -6.747450 0.042311
v -87.127365 -6.747450 0.060476
v -87.083511 -6.747450 0.042311
v -87.065353 -6.747450 -0.001541
v -87.083511 -6.747450 -0.045393
v -87.127365 -6.747450 -0.063557
v -87.171219 -5.014002 -0.045393
v -87.189377 -5.014002 -0.001541
v -87.171219 -5.014002 0.042311
v -87.127365 -5.014002 0.060476
v -87.083511 -5.014002 0.042311
v -87.065353 -5.014002 -0.001541
v -87.083511 -5.014002 -0.045393
v -87.127365 -5.014002 -0.063557
v -87.127365 -6.747450 -0.001541
v -90.953796 -6.747450 -0.045393
v -90.971954 -6.747450 -0.001541
v -90.953796 -6.747450 0.042311
v -90.909927 -6.747450 0.060476
v -90.866089 -6.747450 0.042311
v -90.847916 -6.747450 -0.001541
v -90.866089 -6.747450 -0.045393
v -90.909927 -6.747450 -0.063557
v -90.953796 -5.014002 -0.045393
v -90.971954 -5.014002 -0.001541
v -90.953796 -5.014002 0.042311
v -90.909927 -5.014002 0.060476
v -90.866089 -5.014002 0.042311
v -90.847916 -5.014002 -0.001541
v -90.866089 -5.014002 -0.045393
v -90.909927 -5.014002 -0.063557
v -90.909927 -6.747450 -0.001541
v -87.133881 -5.245298 0.041771
v -87.133881 -5.115600 0.041718
v -87.133881 -5.115600 -0.041871
v -87.133881 -5.245298 -0.041923
v -90.915527 -6.721642 -0.041669
v -90.915527 -6.721642 0.041517
v -90.915527 -6.595288 0.041498
v -90.915527 -6.595288 -0.041651
v -87.133881 -6.726346 0.038805
v -87.133881 -6.596341 0.038857
v -87.133881 -6.596341 -0.044837
v -87.133881 -6.726346 -0.044785
v -90.915527 -5.258118 -0.044563
v -90.915527 -5.258118 0.038583
v -90.915527 -5.133173 0.038601
v -90.915527 -5.133173 -0.044581
v -87.127365 -5.123108 -0.035494
v -87.127365 -5.137172 -0.001541
v -87.127365 -5.123108 0.032413
v -87.127365 -5.089155 0.046477
v -87.127365 -5.055202 0.032413
v -87.127365 -5.041138 -0.001541
v -87.127365 -5.055202 -0.035494
v -87.127365 -5.089155 -0.049558
v -90.913879 -5.123108 -0.035494
v -90.913879 -5.137172 -0.001541
v -90.913879 -5.123108 0.032413
v -90.913879 -5.089155 0.046477
v -90.913879 -5.055202 0.032413
v -90.913879 -5.041138 -0.001541
v -90.913879 -5.055202 -0.035494
v -90.913879 -5.089155 -0.049558
v -87.171219 -3.280554 -0.045393
v -87.189377 -3.280554 -0.001541
v -87.171219 -3.280554 0.042311
v -87.127365 -3.280554 0.060476
v -87.083511 -3.280554 0.042311
v -87.065353 -3.280554 -0.001541
v -87.083511 -3.280554 -0.045393
v -87.127365 -3.280554 -0.063557
v -90.953796 -3.280554 -0.045393
v -90.971954 -3.280554 -0.001541
v -90.953796 -3.280554 0.042311
v -90.909927 -3.280554 0.060476
v -90.866089 -3.280554 0.042311
v -90.847916 -3.280554 -0.001541
v -90.866089 -3.280554 -0.045393
v -90.909927 -3.280554 -0.063557
v -87.133881 -1.778402 0.041771
v -87.133881 -1.648704 0.041718
v -87.133881 -1.648704 -0.041871
v -87.133881 -1.778402 -0.041923
v -90.915527 -3.254745 -0.041669
v -90.915527 -3.254745 0.041517
v -90.915527 -3.128392 0.041498
v -90.915527 -3.128392 -0.041651
v -87.133881 -3.259449 0.038805
v -87.133881 -3.129444 0.038857
v -87.133881 -3.129444 -0.044837
v -87.133881 -3.259449 -0.044785
v -90.915527 -1.791222 -0.044563
v -90.915527 -1.791222 0.038583
v -90.915527 -1.666277 0.038601
v -90.915527 -1.666277 -0.044581
v -87.127365 -1.656212 -0.035494
v -87.127365 -1.670276 -0.001541
v -87.127365 -1.656212 0.032413
v -87.127365 -1.622259 0.046477
v -87.127365 -1.588305 0.032413
v -87.127365 -1.574241 -0.001541
v -87.127365 -1.588305 -0.035494
v -87.127365 -1.622259 -0.049558
v -90.913879 -1.656212 -0.035494
v -90.913879 -1.670276 -0.001541
v -90.913879 -1.656212 0.032413
v -90.913879 -1.622259 0.046477
v -90.913879 -1.588305 0.032413
v -90.913879 -1.574241 -0.001541
v -90.913879 -1.588305 -0.035494
v -90.913879 -1.622259 -0.049558
v -87.133881 -3.511850 0.041771
v -87.133881 -3.382152 0.041718
v -87.133881 -3.382152 -0.041871
v -87.133881 -3.511850 -0.041923
v -90.915527 -4.988194 -0.041669
v -90.915527 -4.988194 0.041517
v -90.915527 -4.861840 0.041498
v -90.915527 -4.861840 -0.041651
v -87.133881 -4.992897 0.038805
v -87.133881 -4.862892 0.038857
v -87.133881 -4.862892 -0.044837
v -87.133881 -4.992897 -0.044785
v -90.915527 -3.524670 -0.044563
v -90.915527 -3.524670 0.038583
v -90.915527 -3.399725 0.038601
v -90.915527 -3.399725 -0.044581
v -87.127365 -3.389660 -0.035494
v -87.127365 -3.403724 -0.001541
v -87.127365 -3.389660 0.032413
v -87.127365 -3.355707 0.046477
v -87.127365 -3.321753 0.032413
v -87.127365 -3.307689 -0.001541
v -87.127365 -3.321753 -0.035494
v -87.127365 -3.355707 -0.049558
v -90.913879 -3.389660 -0.035494
v -90.913879 -3.403724 -0.001541
v -90.913879 -3.389660 0.032413
v -90.913879 -3.355707 0.046477
v -90.913879 -3.321753 0.032413
v -90.913879 -3.307689 -0.001541
v -90.913879 -3.321753 -0.035494
v -90.913879 -3.355707 -0.049558
vt 0.658640 0.425823
vt 0.658640 0.457687
vt 0.058627 0.457688
vt 0.058627 0.425823
vt 0.058627 0.311242
vt 0.058627 0.253952
vt 0.658640 0.253952
vt 0.658640 0.311242
vt 0.058627 0.368532
vt 0.658640 0.368532
vt 0.058627 0.340071
vt 0.658640 0.340071
vt -0.077670 0.699576
vt -0.077670 0.673767
vt 0.865151 0.673767
vt 0.865151 0.699576
vt -0.077670 0.647958
vt 0.865151 0.647958
vt -0.077670 0.622149
vt 0.865151 0.622149
vt -0.077670 0.596340
vt 0.865151 0.596340
vt -0.077670 0.570532
vt 0.865151 0.570532
vt -0.077670 0.544723
vt 0.865151 0.544723
vt -0.077670 0.518914
vt 0.865151 0.518914
vt -0.077670 0.493105
vt 0.865151 0.493105
vt 0.848684 0.309436
vt -0.330987 0.309436
vt -0.330986 0.368957
vt 0.848684 0.368957
vt -1.506255 0.309436
vt -1.506255 0.368957
vt -0.330986 0.427403
vt 0.848684 0.427403
vt -1.506254 0.427403
vt -0.330986 0.484741
vt 0.848684 0.484741
vt -1.506254 0.484741
vt -0.330986 0.484741
vt 0.848684 0.255351
vt -0.330986 0.255351
vt -0.330986 0.255351
vt -1.506254 0.255350
vt 1.959410 0.309436
vt 1.959409 0.255351
vt 0.848684 0.255351
vt 1.959408 0.368957
vt 1.959409 0.427403
vt 0.848684 0.484741
vt 1.959409 0.484741
vt 0.003050 0.525281
vt 0.003050 0.543165
vt -0.799481 0.543165
vt -0.799481 0.525281
vt -0.799481 0.561049
vt 0.003049 0.561049
vt 0.805580 0.525281
vt 0.805580 0.543165
vt 0.805580 0.561049
vt 1.608110 0.525281
vt 1.608110 0.543165
vt 1.608110 0.561049
vt 0.003050 0.578933
vt -0.799481 0.578933
vt -0.799481 0.596817
vt 0.003049 0.596817
vt 0.805580 0.578933
vt 0.805580 0.596817
vt 1.608110 0.578933
vt 1.608110 0.596817
vt 0.003050 0.614702
vt -0.799481 0.614702
vt -0.799481 0.632586
vt 0.003049 0.632586
vt 0.805580 0.614702
vt 0.805580 0.632586
vt 1.608110 0.614702
vt 1.608110 0.632586
vt 0.003050 0.650470
vt -0.799481 0.650470
vt 0.003050 0.668354
vt -0.799481 0.668354
vt 0.805580 0.650470
vt 0.805580 0.668354
vt 1.608110 0.650470
vt 1.608110 0.668354
vt 0.058627 0.368532
vt 0.058627 0.311242
vt 0.658640 0.311242
vt 0.658640 0.368532
vt 0.658640 0.425823
vt 0.658640 0.483113
vt 0.058627 0.483113
vt 0.058627 0.425823
vt 0.058627 0.253952
vt 0.658640 0.253952
vt -0.077670 0.653714
vt -0.077670 0.627905
vt 0.865151 0.627905
vt 0.865151 0.653714
vt -0.077670 0.602096
vt 0.865151 0.602096
vt -0.077670 0.576288
vt 0.865151 0.576288
vt -0.077670 0.550479
vt 0.865151 0.550479
vt -0.077670 0.524670
vt 0.865151 0.524670
vt -0.077670 0.498861
vt 0.865151 0.498861
vt -0.077670 0.473052
vt 0.865151 0.473052
vt -0.077670 0.447243
vt 0.865151 0.447243
vt 0.086896 0.751121
vt 0.086896 0.772387
vt 0.015807 0.772387
vt 0.015807 0.751121
vt 0.584520 0.751121
vt 0.584520 0.772387
vt 0.513431 0.772387
vt 0.513431 0.751121
vt 0.442342 0.772387
vt 0.442342 0.751121
vt 0.371253 0.772387
vt 0.371253 0.751121
vt 0.300164 0.772387
vt 0.300164 0.751121
vt 0.229074 0.772387
vt 0.229074 0.751121
vt 0.157985 0.772387
vt 0.157985 0.751121
vt 0.086896 0.805950
vt 0.015807 0.805950
vt 0.584520 0.805950
vt 0.513431 0.805950
vt 0.442342 0.805950
vt 0.371253 0.805950
vt 0.300164 0.805950
vt 0.229074 0.805950
vt 0.157985 0.805950
vt 0.086896 0.814624
vt 0.015807 0.814624
vt 0.584520 0.814624
vt 0.513431 0.814624
vt 0.442342 0.814624
vt 0.371252 0.814624
vt 0.300164 0.814624
vt 0.229075 0.814624
vt 0.157985 0.814624
vt 0.086896 0.837379
vt 0.015807 0.837379
vt 0.584520 0.837379
vt 0.513431 0.837379
vt 0.442342 0.837379
vt 0.371252 0.837379
vt 0.300164 0.837379
vt 0.229074 0.837379
vt 0.157985 0.837379
vt 0.086896 0.847218
vt 0.015807 0.847218
vt 0.584520 0.847218
vt 0.513431 0.847218
vt 0.442342 0.847218
vt 0.371253 0.847218
vt 0.300164 0.847218
vt 0.229074 0.847218
vt 0.157985 0.847218
vt 0.086896 0.876972
vt 0.015807 0.876972
vt 0.584520 0.876972
vt 0.513431 0.876972
vt 0.442342 0.876972
vt 0.371253 0.876972
vt 0.300164 0.876972
vt 0.229074 0.876972
vt 0.157985 0.876972
vt 0.086896 0.907350
vt 0.015807 0.907350
vt 0.584520 0.907350
vt 0.513431 0.907350
vt 0.442342 0.907350
vt 0.371253 0.907350
vt 0.300164 0.907350
vt 0.229074 0.907350
vt 0.157985 0.907350
vt 0.656001 0.905093
vt 0.733623 0.862569
vt 0.794159 0.876306
vt 0.794159 0.936444
vt 0.854694 0.862569
vt 0.932317 0.905093
vt 0.879769 0.829406
vt 0.989544 0.829406
vt 0.854694 0.796243
vt 0.932317 0.753720
vt 0.794159 0.782507
vt 0.794159 0.722369
vt 0.733623 0.796243
vt 0.656001 0.753720
vt 0.708549 0.829406
vt 0.598774 0.830643
vt 0.794159 0.829406
vt 0.086896 0.751121
vt 0.086896 0.772387
vt 0.015807 0.772387
vt 0.015807 0.751121
vt 0.584520 0.751121
vt 0.584520 0.772387
vt 0.513431 0.772387
vt 0.513431 0.751121
vt 0.442342 0.772387
vt 0.442342 0.751121
vt 0.371253 0.772387
vt 0.371253 0.751121
vt 0.300164 0.772387
vt 0.300164 0.751121
vt 0.229074 0.772387
vt 0.229074 0.751121
vt 0.157985 0.772387
vt 0.157985 0.751121
vt 0.086896 0.805950
vt 0.015807 0.805950
vt 0.584520 0.805950
vt 0.513431 0.805950
vt 0.442342 0.805950
vt 0.371253 0.805950
vt 0.300164 0.805950
vt 0.229074 0.805950
vt 0.157985 0.805950
vt 0.086896 0.814624
vt 0.015807 0.814624
vt 0.584520 0.814624
vt 0.513431 0.814624
vt 0.442342 0.814624
vt 0.371252 0.814624
vt 0.300164 0.814624
vt 0.229075 0.814624
vt 0.157985 0.814624
vt 0.086896 0.837379
vt 0.015807 0.837379
vt 0.584520 0.837379
vt 0.513431 0.837379
vt 0.442342 0.837379
vt 0.371252 0.837379
vt 0.300164 0.837379
vt 0.229074 0.837379
vt 0.157985 0.837379
vt 0.086896 0.847218
vt 0.015807 0.847218
vt 0.584520 0.847218
vt 0.513431 0.847218
vt 0.442342 0.847218
vt 0.371253 0.847218
vt 0.300164 0.847218
vt 0.229074 0.847218
vt 0.157985 0.847218
vt 0.086896 0.876972
vt 0.015807 0.876972
vt 0.584520 0.876972
vt 0.513431 0.876972
vt 0.442342 0.876972
vt 0.371253 0.876972
vt 0.300164 0.876972
vt 0.229074 0.876972
vt 0.157985 0.876972
vt 0.086896 0.907350
vt 0.015807 0.907350
vt 0.584520 0.907350
vt 0.513431 0.907350
vt 0.442342 0.907350
vt 0.371253 0.907350
vt 0.300164 0.907350
vt 0.229074 0.907350
vt 0.157985 0.907350
vt 0.656001 0.905093
vt 0.733623 0.862569
vt 0.794159 0.876306
vt 0.794159 0.936444
vt 0.854694 0.862569
vt 0.932317 0.905093
vt 0.879769 0.829406
vt 0.989544 0.829406
vt 0.854694 0.796243
vt 0.932317 0.753720
vt 0.794159 0.782507
vt 0.794159 0.722369
vt 0.733623 0.796243
vt 0.656001 0.753720
vt 0.708549 0.829406
vt 0.598774 0.830643
vt 0.794159 0.829406
vt 0.771406 0.309436
vt -0.060877 0.309436
vt -0.060877 0.368957
vt 0.771406 0.368957
vt -0.890054 0.309436
vt -0.890054 0.368957
vt -0.060877 0.427404
vt 0.771406 0.427403
vt -0.890054 0.427403
vt -0.060877 0.484741
vt 0.771406 0.484741
vt -0.890053 0.484741
vt -0.060877 0.484741
vt 0.771406 0.255351
vt -0.060877 0.255351
vt -0.060877 0.255351
vt -0.890053 0.255350
vt -1.283352 0.310627
vt -0.936764 0.310627
vt -0.936764 0.368825
vt -1.283352 0.368825
vt 1.687571 0.309436
vt 1.687570 0.255351
vt 0.771406 0.255351
vt 1.687569 0.368957
vt 1.687570 0.427404
vt 0.771406 0.484741
vt 1.687570 0.484741
vt 0.771406 0.309436
vt -0.060877 0.309436
vt -0.060877 0.343923
vt 0.771406 0.343923
vt -0.890054 0.309436
vt -0.890054 0.343923
vt 0.771406 0.368957
vt -0.060877 0.368957
vt -0.060877 0.427404
vt 0.771406 0.427403
vt -0.890054 0.368957
vt -0.890054 0.427403
vt 0.771406 0.451519
vt -0.060877 0.451519
vt -0.060877 0.484741
vt 0.771406 0.484741
vt -0.060877 0.451519
vt -0.890053 0.451519
vt -0.890053 0.484741
vt -0.060877 0.484741
vt 0.771406 0.255351
vt -0.060877 0.255351
vt -0.060877 0.255351
vt -0.890053 0.255350
vt -1.283352 0.310627
vt -0.936764 0.310627
vt -0.936764 0.344347
vt -1.283352 0.344347
vt 1.687571 0.309436
vt 1.687570 0.255351
vt 0.771406 0.255351
vt 1.687570 0.343923
vt 1.687570 0.427404
vt 1.687569 0.368957
vt 0.771406 0.484741
vt 1.687570 0.484741
vt 1.687570 0.451519
vt 0.771406 0.451519
vt -0.936764 0.368825
vt -1.283352 0.368825
vt -0.077670 0.699576
vt -0.077670 0.673767
vt 0.865151 0.673767
vt 0.865151 0.699576
vt -0.077670 0.647958
vt 0.865151 0.647958
vt -0.077670 0.622149
vt 0.865151 0.622149
vt -0.077670 0.596340
vt 0.865151 0.596340
vt -0.077670 0.570532
vt 0.865151 0.570532
vt -0.077670 0.544723
vt 0.865151 0.544723
vt -0.077670 0.518914
vt 0.865151 0.518914
vt -0.077670 0.493105
vt 0.865151 0.493105
vt 0.848684 0.430656
vt -0.330987 0.430656
vt -0.330986 0.371135
vt 0.848684 0.371135
vt -1.506255 0.430656
vt -1.506255 0.371135
vt -0.330986 0.312688
vt 0.848684 0.312688
vt -1.506254 0.312688
vt -0.330986 0.255351
vt 0.848684 0.255350
vt -1.506254 0.255350
vt -0.330986 0.255351
vt 0.848684 0.484741
vt -0.330986 0.484741
vt -0.330986 0.484741
vt -1.506254 0.484741
vt 1.959410 0.430656
vt 1.959409 0.484741
vt 0.848684 0.484741
vt 1.959408 0.371134
vt 1.959409 0.312688
vt 0.848684 0.255350
vt 1.959409 0.255350
vt 0.003050 0.668354
vt 0.003050 0.650470
vt -0.799481 0.650470
vt -0.799481 0.668354
vt -0.799481 0.632586
vt 0.003049 0.632586
vt 0.805580 0.668354
vt 0.805580 0.650470
vt 0.805580 0.632586
vt 1.608110 0.668354
vt 1.608110 0.650470
vt 1.608110 0.632586
vt 0.003050 0.614702
vt -0.799481 0.614702
vt -0.799481 0.596817
vt 0.003049 0.596817
vt 0.805580 0.614702
vt 0.805580 0.596817
vt 1.608110 0.614702
vt 1.608110 0.596817
vt 0.003050 0.578933
vt -0.799481 0.578933
vt -0.799481 0.561049
vt 0.003049 0.561049
vt 0.805580 0.578933
vt 0.805580 0.561049
vt 1.608110 0.578933
vt 1.608110 0.561049
vt 0.003050 0.543165
vt -0.799481 0.543165
vt 0.003050 0.525281
vt -0.799481 0.525281
vt 0.805580 0.543165
vt 0.805580 0.525281
vt 1.608110 0.543165
vt 1.608110 0.525281
vt 0.058627 0.368532
vt 0.058627 0.311242
vt 0.658640 0.311242
vt 0.658640 0.368532
vt 0.658640 0.425823
vt 0.658640 0.483113
vt 0.058627 0.483113
vt 0.058627 0.425823
vt 0.058627 0.253952
vt 0.658640 0.253952
vt -0.077670 0.653714
vt -0.077670 0.627905
vt 0.865151 0.627905
vt 0.865151 0.653714
vt -0.077670 0.602096
vt 0.865151 0.602096
vt -0.077670 0.576288
vt 0.865151 0.576288
vt -0.077670 0.550479
vt 0.865151 0.550479
vt -0.077670 0.524670
vt 0.865151 0.524670
vt -0.077670 0.498861
vt 0.865151 0.498861
vt -0.077670 0.473052
vt 0.865151 0.473052
vt -0.077670 0.447243
vt 0.865151 0.447243
vt 0.086896 0.751121
vt 0.086896 0.772387
vt 0.015807 0.772387
vt 0.015807 0.751121
vt 0.584520 0.751121
vt 0.584520 0.772387
vt 0.513431 0.772387
vt 0.513431 0.751121
vt 0.442342 0.772387
vt 0.442342 0.751121
vt 0.371253 0.772387
vt 0.371253 0.751121
vt 0.300164 0.772387
vt 0.300164 0.751121
vt 0.229074 0.772387
vt 0.229074 0.751121
vt 0.157985 0.772387
vt 0.157985 0.751121
vt 0.086896 0.805950
vt 0.015807 0.805950
vt 0.584520 0.805950
vt 0.513431 0.805950
vt 0.442342 0.805950
vt 0.371253 0.805950
vt 0.300164 0.805950
vt 0.229074 0.805950
vt 0.157985 0.805950
vt 0.086896 0.814624
vt 0.015807 0.814624
vt 0.584520 0.814624
vt 0.513431 0.814624
vt 0.442342 0.814624
vt 0.371252 0.814624
vt 0.300164 0.814624
vt 0.229075 0.814624
vt 0.157985 0.814624
vt 0.086896 0.837379
vt 0.015807 0.837379
vt 0.584520 0.837379
vt 0.513431 0.837379
vt 0.442342 0.837379
vt 0.371252 0.837379
vt 0.300164 0.837379
vt 0.229074 0.837379
vt 0.157985 0.837379
vt 0.086896 0.847218
vt 0.015807 0.847218
vt 0.584520 0.847218
vt 0.513431 0.847218
vt 0.442342 0.847218
vt 0.371253 0.847218
vt 0.300164 0.847218
vt 0.229074 0.847218
vt 0.157985 0.847218
vt 0.086896 0.876972
vt 0.015807 0.876972
vt 0.584520 0.876972
vt 0.513431 0.876972
vt 0.442342 0.876972
vt 0.371253 0.876972
vt 0.300164 0.876972
vt 0.229074 0.876972
vt 0.157985 0.876972
vt 0.086896 0.907350
vt 0.015807 0.907350
vt 0.584520 0.907350
vt 0.513431 0.907350
vt 0.442342 0.907350
vt 0.371253 0.907350
vt 0.300164 0.907350
vt 0.229074 0.907350
vt 0.157985 0.907350
vt 0.656001 0.905093
vt 0.733623 0.862569
vt 0.794159 0.876306
vt 0.794159 0.936444
vt 0.854694 0.862569
vt 0.932317 0.905093
vt 0.879769 0.829406
vt 0.989544 0.829406
vt 0.854694 0.796243
vt 0.932317 0.753720
vt 0.794159 0.782507
vt 0.794159 0.722369
vt 0.733623 0.796243
vt 0.656001 0.753720
vt 0.708549 0.829406
vt 0.598774 0.830643
vt 0.794159 0.829406
vt 0.086896 0.751121
vt 0.086896 0.772387
vt 0.015807 0.772387
vt 0.015807 0.751121
vt 0.584520 0.751121
vt 0.584520 0.772387
vt 0.513431 0.772387
vt 0.513431 0.751121
vt 0.442342 0.772387
vt 0.442342 0.751121
vt 0.371253 0.772387
vt 0.371253 0.751121
vt 0.300164 0.772387
vt 0.300164 0.751121
vt 0.229074 0.772387
vt 0.229074 0.751121
vt 0.157985 0.772387
vt 0.157985 0.751121
vt 0.086896 0.805950
vt 0.015807 0.805950
vt 0.584520 0.805950
vt 0.513431 0.805950
vt 0.442342 0.805950
vt 0.371253 0.805950
vt 0.300164 0.805950
vt 0.229074 0.805950
vt 0.157985 0.805950
vt 0.086896 0.814624
vt 0.015807 0.814624
vt 0.584520 0.814624
vt 0.513431 0.814624
vt 0.442342 0.814624
vt 0.371252 0.814624
vt 0.300164 0.814624
vt 0.229075 0.814624
vt 0.157985 0.814624
vt 0.086896 0.837379
vt 0.015807 0.837379
vt 0.584520 0.837379
vt 0.513431 0.837379
vt 0.442342 0.837379
vt 0.371252 0.837379
vt 0.300164 0.837379
vt 0.229074 0.837379
vt 0.157985 0.837379
vt 0.086896 0.847218
vt 0.015807 0.847218
vt 0.584520 0.847218
vt 0.513431 0.847218
vt 0.442342 0.847218
vt 0.371253 0.847218
vt 0.300164 0.847218
vt 0.229074 0.847218
vt 0.157985 0.847218
vt 0.086896 0.876972
vt 0.015807 0.876972
vt 0.584520 0.876972
vt 0.513431 0.876972
vt 0.442342 0.876972
vt 0.371253 0.876972
vt 0.300164 0.876972
vt 0.229074 0.876972
vt 0.157985 0.876972
vt 0.086896 0.907350
vt 0.015807 0.907350
vt 0.584520 0.907350
vt 0.513431 0.907350
vt 0.442342 0.907350
vt 0.371253 0.907350
vt 0.300164 0.907350
vt 0.229074 0.907350
vt 0.157985 0.907350
vt 0.656001 0.905093
vt 0.733623 0.862569
vt 0.794159 0.876306
vt 0.794159 0.936444
vt 0.854694 0.862569
vt 0.932317 0.905093
vt 0.879769 0.829406
vt 0.989544 0.829406
vt 0.854694 0.796243
vt 0.932317 0.753720
vt 0.794159 0.782507
vt 0.794159 0.722369
vt 0.733623 0.796243
vt 0.656001 0.753720
vt 0.708549 0.829406
vt 0.598774 0.830643
vt 0.794159 0.829406
vt 0.658640 0.425823
vt 0.658640 0.457687
vt 0.058627 0.457688
vt 0.058627 0.425823
vt 0.058627 0.311242
vt 0.058627 0.253952
vt 0.658640 0.253952
vt 0.658640 0.311242
vt 0.058627 0.368532
vt 0.658640 0.368532
vt 0.058627 0.340071
vt 0.658640 0.340071
vt 0.771406 0.430656
vt -0.060877 0.430656
vt -0.060877 0.371135
vt 0.771406 0.371135
vt -0.890054 0.430656
vt -0.890054 0.371135
vt -0.060877 0.312688
vt 0.771406 0.312688
vt -0.890054 0.312688
vt -0.060877 0.255351
vt 0.771406 0.255351
vt -0.890053 0.255351
vt -0.060877 0.255351
vt 0.771406 0.484741
vt -0.060877 0.484741
vt -0.060877 0.484741
vt -0.890053 0.484741
vt -1.283352 0.429465
vt -0.936764 0.429465
vt -0.936764 0.371267
vt -1.283352 0.371267
vt 1.687571 0.430656
vt 1.687570 0.484741
vt 0.771406 0.484741
vt 1.687569 0.371135
vt 1.687570 0.312688
vt 0.771406 0.255351
vt 1.687570 0.255350
vt 0.771406 0.430656
vt -0.060877 0.430656
vt -0.060877 0.396169
vt 0.771406 0.396169
vt -0.890054 0.430656
vt -0.890054 0.396169
vt 0.771406 0.371135
vt -0.060877 0.371135
vt -0.060877 0.312688
vt 0.771406 0.312688
vt -0.890054 0.371135
vt -0.890054 0.312688
vt 0.771406 0.288572
vt -0.060877 0.288572
vt -0.060877 0.255351
vt 0.771406 0.255351
vt -0.060877 0.288572
vt -0.890053 0.288572
vt -0.890053 0.255351
vt -0.060877 0.255351
vt 0.771406 0.484741
vt -0.060877 0.484741
vt -0.060877 0.484741
vt -0.890053 0.484741
vt -1.283352 0.429465
vt -0.936764 0.429465
vt -0.936764 0.395745
vt -1.283352 0.395745
vt 1.687571 0.430656
vt 1.687570 0.484741
vt 0.771406 0.484741
vt 1.687570 0.396169
vt 1.687570 0.312688
vt 1.687569 0.371135
vt 0.771406 0.255351
vt 1.687570 0.255350
vt 1.687570 0.288572
vt 0.771406 0.288572
vt -0.936764 0.371267
vt -1.283352 0.371267
vt 0.498523 0.130515
vt 0.498523 0.023960
vt 1.814352 0.023954
vt 1.814352 0.130527
vt 1.814352 0.148100
vt 1.814351 0.254559
vt 0.498523 0.254579
vt 0.498523 0.148116
vt 0.498523 0.006386
vt 1.814351 0.006429
vt 0.005331 0.130515
vt 0.005331 0.023960
vt 1.321159 0.023954
vt 1.321159 0.130527
vt 1.321159 0.148100
vt 1.321159 0.254559
vt 0.005331 0.254579
vt 0.005331 0.148116
vt 0.005331 0.006386
vt 1.321159 0.006429
vt 0.005331 0.130515
vt 0.005331 0.023960
vt 1.321159 0.023954
vt 1.321159 0.130527
vt 1.321159 0.148100
vt 1.321159 0.254559
vt 0.005331 0.254579
vt 0.005331 0.148116
vt 0.005331 0.006386
vt 1.321159 0.006429
vt 0.498523 0.130515
vt 0.498523 0.023960
vt 1.814352 0.023954
vt 1.814352 0.130527
vt 1.814352 0.148100
vt 1.814351 0.254559
vt 0.498523 0.254579
vt 0.498523 0.148116
vt 0.498523 0.006386
vt 1.814351 0.006429
vt 0.337801 0.254605
vt 0.337801 0.148685
vt 1.653624 0.148673
vt 1.653624 0.254586
vt 1.653624 0.024329
vt 1.653623 0.130137
vt 0.337802 0.130156
vt 0.337801 0.024340
vt 0.337802 0.130890
vt 1.653624 0.130933
vt 0.337801 0.006535
vt 1.653623 0.006578
vt -0.141881 0.254937
vt -0.141881 0.148382
vt 1.173947 0.148370
vt 1.173946 0.254918
vt 1.173947 0.024020
vt 1.173946 0.130475
vt -0.141881 0.130494
vt -0.141881 0.024031
vt -0.141881 0.130808
vt 1.173946 0.130850
vt -0.141881 0.006430
vt 1.173946 0.006472
vt 0.337799 0.254937
vt 0.337799 0.148382
vt 1.653627 0.148370
vt 1.653627 0.254918
vt 1.653627 0.024020
vt 1.653627 0.130475
vt 0.337799 0.130494
vt 0.337799 0.024031
vt 0.337799 0.130808
vt 1.653627 0.130850
vt 0.337799 0.006430
vt 1.653627 0.006472
vt 0.498523 0.130515
vt 0.498523 0.023960
vt 1.814352 0.023954
vt 1.814352 0.130527
vt 1.814352 0.148100
vt 1.814351 0.254559
vt 0.498523 0.254579
vt 0.498523 0.148116
vt 0.498523 0.006386
vt 1.814351 0.006429
vt 0.005331 0.130515
vt 0.005331 0.023960
vt 1.321159 0.023954
vt 1.321159 0.130527
vt 1.321159 0.148100
vt 1.321159 0.254559
vt 0.005331 0.254579
vt 0.005331 0.148116
vt 0.005331 0.006386
vt 1.321159 0.006429
vt -0.141881 0.254937
vt -0.141881 0.148382
vt 1.173947 0.148370
vt 1.173946 0.254918
vt 1.173947 0.024020
vt 1.173946 0.130475
vt -0.141881 0.130494
vt -0.141881 0.024031
vt -0.141881 0.130808
vt 1.173946 0.130850
vt -0.141881 0.006430
vt 1.173946 0.006472
vt -0.461411 0.666184
vt -0.461410 0.648808
vt 1.966167 0.648820
vt 1.966164 0.666194
vt -0.461411 0.631325
vt 1.966169 0.631322
vt -0.461411 0.613833
vt 1.966169 0.613830
vt -0.461411 0.596340
vt 1.966169 0.596340
vt -0.461411 0.578848
vt 1.966169 0.578851
vt -0.461411 0.561356
vt 1.966169 0.561359
vt -0.461410 0.543873
vt 1.966167 0.543861
vt -0.461411 0.526497
vt 1.966164 0.526487
vt -0.466687 0.699462
vt -0.466687 0.673769
vt 1.039430 0.673757
vt 1.039428 0.699505
vt -0.466688 0.647966
vt 1.039431 0.647958
vt -0.466688 0.622151
vt 1.039431 0.622149
vt -0.466688 0.596340
vt 1.039431 0.596340
vt -0.466688 0.570530
vt 1.039431 0.570532
vt -0.466688 0.544715
vt 1.039431 0.544723
vt -0.466687 0.518912
vt 1.039430 0.518924
vt -0.466687 0.493219
vt 1.039428 0.493176
vt -0.168761 0.653685
vt -0.168762 0.627905
vt 0.865151 0.627905
vt 0.865151 0.653714
vt -0.168762 0.602096
vt 0.865151 0.602096
vt -0.168762 0.576288
vt 0.865151 0.576288
vt -0.168762 0.550479
vt 0.865151 0.550479
vt -0.168762 0.524670
vt 0.865151 0.524670
vt -0.168762 0.498861
vt 0.865151 0.498861
vt -0.168762 0.473052
vt 0.865151 0.473052
vt -0.168761 0.447273
vt 0.865151 0.447243
vt 0.086896 0.751121
vt 0.086896 0.772387
vt 0.015807 0.772387
vt 0.015807 0.751121
vt 0.584520 0.751121
vt 0.584520 0.772387
vt 0.513431 0.772387
vt 0.513431 0.751121
vt 0.442342 0.772387
vt 0.442342 0.751121
vt 0.371253 0.772387
vt 0.371253 0.751121
vt 0.300164 0.772387
vt 0.300164 0.751121
vt 0.229074 0.772387
vt 0.229074 0.751121
vt 0.157985 0.772387
vt 0.157985 0.751121
vt 0.086896 0.805950
vt 0.015807 0.805950
vt 0.584520 0.805950
vt 0.513431 0.805950
vt 0.442342 0.805950
vt 0.371253 0.805950
vt 0.300164 0.805950
vt 0.229074 0.805950
vt 0.157985 0.805950
vt 0.086896 0.814624
vt 0.015807 0.814624
vt 0.584520 0.814624
vt 0.513431 0.814624
vt 0.442342 0.814624
vt 0.371252 0.814624
vt 0.300164 0.814624
vt 0.229075 0.814624
vt 0.157985 0.814624
vt 0.086896 0.837379
vt 0.015807 0.837379
vt 0.584520 0.837379
vt 0.513431 0.837379
vt 0.442342 0.837379
vt 0.371252 0.837379
vt 0.300164 0.837379
vt 0.229074 0.837379
vt 0.157985 0.837379
vt 0.086896 0.847218
vt 0.015807 0.847218
vt 0.584520 0.847218
vt 0.513431 0.847218
vt 0.442342 0.847218
vt 0.371253 0.847218
vt 0.300164 0.847218
vt 0.229074 0.847218
vt 0.157985 0.847218
vt 0.086896 0.876972
vt 0.015807 0.876972
vt 0.584520 0.876972
vt 0.513431 0.876972
vt 0.442342 0.876972
vt 0.371253 0.876972
vt 0.300164 0.876972
vt 0.229074 0.876972
vt 0.157985 0.876972
vt 0.086896 0.907350
vt 0.015807 0.907350
vt 0.584520 0.907350
vt 0.513431 0.907350
vt 0.442342 0.907350
vt 0.371253 0.907350
vt 0.300164 0.907350
vt 0.229074 0.907350
vt 0.157985 0.907350
vt 0.656001 0.905093
vt 0.733623 0.862569
vt 0.794159 0.876306
vt 0.794159 0.936444
vt 0.854694 0.862569
vt 0.932317 0.905093
vt 0.879769 0.829406
vt 0.989544 0.829406
vt 0.854694 0.796243
vt 0.932317 0.753720
vt 0.794159 0.782507
vt 0.794159 0.722369
vt 0.733623 0.796243
vt 0.656001 0.753720
vt 0.708549 0.829406
vt 0.598774 0.830643
vt 0.794159 0.829406
vt 0.086896 0.751121
vt 0.086896 0.772387
vt 0.015807 0.772387
vt 0.015807 0.751121
vt 0.584520 0.751121
vt 0.584520 0.772387
vt 0.513431 0.772387
vt 0.513431 0.751121
vt 0.442342 0.772387
vt 0.442342 0.751121
vt 0.371253 0.772387
vt 0.371253 0.751121
vt 0.300164 0.772387
vt 0.300164 0.751121
vt 0.229074 0.772387
vt 0.229074 0.751121
vt 0.157985 0.772387
vt 0.157985 0.751121
vt 0.086896 0.805950
vt 0.015807 0.805950
vt 0.584520 0.805950
vt 0.513431 0.805950
vt 0.442342 0.805950
vt 0.371253 0.805950
vt 0.300164 0.805950
vt 0.229074 0.805950
vt 0.157985 0.805950
vt 0.086896 0.814624
vt 0.015807 0.814624
vt 0.584520 0.814624
vt 0.513431 0.814624
vt 0.442342 0.814624
vt 0.371252 0.814624
vt 0.300164 0.814624
vt 0.229075 0.814624
vt 0.157985 0.814624
vt 0.086896 0.837379
vt 0.015807 0.837379
vt 0.584520 0.837379
vt 0.513431 0.837379
vt 0.442342 0.837379
vt 0.371252 0.837379
vt 0.300164 0.837379
vt 0.229074 0.837379
vt 0.157985 0.837379
vt 0.086896 0.847218
vt 0.015807 0.847218
vt 0.584520 0.847218
vt 0.513431 0.847218
vt 0.442342 0.847218
vt 0.371253 0.847218
vt 0.300164 0.847218
vt 0.229074 0.847218
vt 0.157985 0.847218
vt 0.086896 0.876972
vt 0.015807 0.876972
vt 0.584520 0.876972
vt 0.513431 0.876972
vt 0.442342 0.876972
vt 0.371253 0.876972
vt 0.300164 0.876972
vt 0.229074 0.876972
vt 0.157985 0.876972
vt 0.086896 0.907350
vt 0.015807 0.907350
vt 0.584520 0.907350
vt 0.513431 0.907350
vt 0.442342 0.907350
vt 0.371253 0.907350
vt 0.300164 0.907350
vt 0.229074 0.907350
vt 0.157985 0.907350
vt 0.656001 0.905093
vt 0.733623 0.862569
vt 0.794159 0.876306
vt 0.794159 0.936444
vt 0.854694 0.862569
vt 0.932317 0.905093
vt 0.879769 0.829406
vt 0.989544 0.829406
vt 0.854694 0.796243
vt 0.932317 0.753720
vt 0.794159 0.782507
vt 0.794159 0.722369
vt 0.733623 0.796243
vt 0.656001 0.753720
vt 0.708549 0.829406
vt 0.598774 0.830643
vt 0.794159 0.829406
vt -0.330987 0.309436
vt -1.506255 0.309436
vt -1.506255 0.368957
vt -0.330986 0.368957
vt -1.506254 0.427403
vt -0.330986 0.427403
vt -1.506254 0.484741
vt -0.330986 0.484741
vt -0.330986 0.255351
vt -1.506254 0.255350
vt 1.959410 0.309436
vt 1.959409 0.255351
vt -0.330986 0.255351
vt 1.959408 0.368957
vt 1.959409 0.427403
vt -0.330986 0.484741
vt 1.959409 0.484741
vt -0.330986 0.368957
vt -0.330987 0.309436
vt 1.959410 0.309436
vt 1.959408 0.368957
vt -1.506255 0.368957
vt -1.506255 0.309436
vt -0.330986 0.427403
vt 1.959409 0.427403
vt -1.506254 0.427403
vt -0.330986 0.484741
vt 1.959409 0.484741
vt -0.330986 0.484741
vt -1.506254 0.484741
vt -0.330986 0.255351
vt 1.959409 0.255351
vt -0.330986 0.255351
vt -1.506254 0.255350
vt 2.221279 0.311954
vt 2.221279 0.367768
vt 2.678777 0.367768
vt 2.678777 0.311954
vt -0.799481 0.543165
vt 0.805580 0.543165
vt 0.805580 0.525281
vt -0.799481 0.525281
vt 0.805580 0.561049
vt -0.799481 0.561049
vt 1.608110 0.525281
vt 1.608110 0.543165
vt 1.608110 0.561049
vt -0.799481 0.578933
vt 0.805580 0.578933
vt 0.805580 0.596817
vt -0.799481 0.596817
vt 1.608110 0.578933
vt 1.608110 0.596817
vt -0.799481 0.614702
vt 0.805580 0.614702
vt 0.805580 0.632586
vt -0.799481 0.632586
vt 1.608110 0.614702
vt 1.608110 0.632586
vt -0.799481 0.650470
vt 0.805580 0.650470
vt -0.799481 0.668354
vt 0.805580 0.668354
vt 1.608110 0.650470
vt 1.608110 0.668354
vt 0.635901 0.618476
vt 0.558347 0.618476
vt 0.616513 0.587805
vt 0.616513 0.649147
vt 0.558347 0.659371
vt 0.500181 0.649147
vt 0.480792 0.618476
vt 0.500181 0.587805
vt 0.558347 0.577581
vt -0.799481 0.543165
vt -0.799481 0.525281
vt 0.805580 0.525281
vt 0.805580 0.543165
vt -0.799481 0.561049
vt 0.805580 0.561049
vt 1.608110 0.525281
vt 1.608110 0.543165
vt 1.608110 0.561049
vt -0.799481 0.578933
vt 0.805580 0.578933
vt -0.799481 0.596817
vt 0.805580 0.596817
vt 1.608110 0.578933
vt 1.608110 0.596817
vt -0.799481 0.614702
vt 0.805580 0.614702
vt -0.799481 0.632586
vt 0.805580 0.632586
vt 1.608110 0.614702
vt 1.608110 0.632586
vt -0.799481 0.650470
vt 0.805580 0.650470
vt 0.805580 0.668354
vt -0.799481 0.668354
vt 1.608110 0.650470
vt 1.608110 0.668354
vt -0.168761 0.653685
vt 0.865151 0.653714
vt 0.865151 0.627905
vt -0.168762 0.627905
vt 0.865151 0.602096
vt -0.168762 0.602096
vt 0.865151 0.576288
vt -0.168762 0.576288
vt 0.865151 0.550479
vt -0.168762 0.550479
vt 0.865151 0.524670
vt -0.168762 0.524670
vt 0.865151 0.498861
vt -0.168762 0.498861
vt 0.865151 0.473052
vt -0.168762 0.473052
vt 0.865151 0.447243
vt -0.168761 0.447273
vt 0.086896 0.751121
vt 0.015807 0.751121
vt 0.015807 0.772387
vt 0.086896 0.772387
vt 0.584520 0.751121
vt 0.513431 0.751121
vt 0.513431 0.772387
vt 0.584520 0.772387
vt 0.442342 0.751121
vt 0.442342 0.772387
vt 0.371253 0.751121
vt 0.371253 0.772387
vt 0.300164 0.751121
vt 0.300164 0.772387
vt 0.229074 0.751121
vt 0.229074 0.772387
vt 0.157985 0.751121
vt 0.157985 0.772387
vt 0.015807 0.805950
vt 0.086896 0.805950
vt 0.513431 0.805950
vt 0.584520 0.805950
vt 0.442342 0.805950
vt 0.371253 0.805950
vt 0.300164 0.805950
vt 0.229074 0.805950
vt 0.157985 0.805950
vt 0.015807 0.814624
vt 0.086896 0.814624
vt 0.513431 0.814624
vt 0.584520 0.814624
vt 0.442342 0.814624
vt 0.371252 0.814624
vt 0.300164 0.814624
vt 0.229075 0.814624
vt 0.157985 0.814624
vt 0.015807 0.837379
vt 0.086896 0.837379
vt 0.513431 0.837379
vt 0.584520 0.837379
vt 0.442342 0.837379
vt 0.371252 0.837379
vt 0.300164 0.837379
vt 0.229074 0.837379
vt 0.157985 0.837379
vt 0.015807 0.847218
vt 0.086896 0.847218
vt 0.513431 0.847218
vt 0.584520 0.847218
vt 0.442342 0.847218
vt 0.371253 0.847218
vt 0.300164 0.847218
vt 0.229074 0.847218
vt 0.157985 0.847218
vt 0.015807 0.876972
vt 0.086896 0.876972
vt 0.513431 0.876972
vt 0.584520 0.876972
vt 0.442342 0.876972
vt 0.371253 0.876972
vt 0.300164 0.876972
vt 0.229074 0.876972
vt 0.157985 0.876972
vt 0.015807 0.907350
vt 0.086896 0.907350
vt 0.513431 0.907350
vt 0.584520 0.907350
vt 0.442342 0.907350
vt 0.371253 0.907350
vt 0.300164 0.907350
vt 0.229074 0.907350
vt 0.157985 0.907350
vt 0.656001 0.905093
vt 0.794159 0.936444
vt 0.794159 0.876306
vt 0.733623 0.862569
vt 0.932317 0.905093
vt 0.854694 0.862569
vt 0.989544 0.829406
vt 0.879769 0.829406
vt 0.932317 0.753720
vt 0.854694 0.796243
vt 0.794159 0.722369
vt 0.794159 0.782507
vt 0.656001 0.753720
vt 0.733623 0.796243
vt 0.598774 0.830643
vt 0.708549 0.829406
vt 0.794159 0.829406
vt -0.890054 0.366107
vt -0.890054 0.312066
vt 1.544726 0.312249
vt 1.544725 0.366424
vt -0.890053 0.430256
vt 1.544726 0.429908
vt -0.890053 0.484905
vt 1.544726 0.484553
vt -0.890053 0.252639
vt 1.544726 0.252639
vt 0.768244 0.324811
vt -0.055886 0.324780
vt -0.059650 0.344787
vt 0.770341 0.344772
vt -0.887725 0.314087
vt -0.891133 0.341964
vt 0.770817 0.368496
vt -0.059902 0.368501
vt -0.059847 0.427949
vt 0.770763 0.427949
vt -0.890892 0.367118
vt -0.890983 0.429401
vt 0.771190 0.451741
vt -0.060666 0.451741
vt -0.058811 0.484699
vt 0.769340 0.484699
vt -0.060829 0.451598
vt -0.890103 0.451854
vt -0.888024 0.484699
vt -0.062906 0.484698
vt 0.769652 0.253158
vt -0.059128 0.253110
vt -0.060043 0.255412
vt -0.890905 0.250890
vt 1.537269 0.314089
vt 1.539688 0.250866
vt 0.770857 0.255435
vt 1.523349 0.341922
vt 1.511127 0.429400
vt 1.511056 0.367124
vt 0.773244 0.484700
vt 1.537290 0.484698
vt 1.522547 0.451851
vt 0.771346 0.451600
vt 0.768288 0.324719
vt 0.770312 0.344867
vt -0.059659 0.344814
vt -0.055881 0.324768
vt -0.891133 0.341964
vt -0.887725 0.314087
vt 0.770788 0.368561
vt 0.770738 0.427897
vt -0.059848 0.427941
vt -0.059901 0.368502
vt -0.890983 0.429401
vt -0.890892 0.367118
vt 0.771188 0.451737
vt 0.769340 0.484699
vt -0.058811 0.484699
vt -0.060664 0.451746
vt -0.060829 0.451598
vt -0.062907 0.484698
vt -0.888024 0.484699
vt -0.890103 0.451854
vt 0.769661 0.253133
vt -0.059136 0.253136
vt -0.060043 0.255412
vt -0.890905 0.250890
vt 0.770867 0.255411
vt 1.545277 0.250891
vt 1.542874 0.314049
vt 1.528899 0.341962
vt 1.516597 0.367125
vt 1.516664 0.429386
vt 0.773257 0.484697
vt 0.771344 0.451596
vt 1.528109 0.451856
vt 1.542876 0.484701
vt -0.086210 0.368532
vt -0.086209 0.311236
vt 0.764563 0.311242
vt 0.764563 0.368532
vt 0.764563 0.425823
vt 0.764558 0.483080
vt -0.086207 0.483075
vt -0.086209 0.425829
vt -0.086207 0.253990
vt 0.764558 0.253985
vt -0.086210 0.368532
vt 0.764563 0.368532
vt 0.764563 0.311242
vt -0.086209 0.311236
vt 0.764563 0.425823
vt -0.086209 0.425829
vt -0.086207 0.483075
vt 0.764558 0.483080
vt 0.764558 0.253985
vt -0.086207 0.253990
vt 0.498523 0.130515
vt 0.498523 0.023960
vt 1.814352 0.023954
vt 1.814352 0.130527
vt 1.814352 0.148101
vt 1.814351 0.254560
vt 0.498523 0.254579
vt 0.498523 0.148116
vt 0.498523 0.006386
vt 1.814351 0.006428
vt 0.005331 0.130515
vt 0.005331 0.023960
vt 1.321159 0.023955
vt 1.321159 0.130528
vt 1.321159 0.148101
vt 1.321159 0.254560
vt 0.005331 0.254579
vt 0.005331 0.148116
vt 0.005331 0.006386
vt 1.321159 0.006428
vt 0.498523 0.130515
vt 0.498523 0.023960
vt 1.814352 0.023957
vt 1.814352 0.130530
vt 1.814352 0.148104
vt 1.814351 0.254560
vt 0.498523 0.254579
vt 0.498523 0.148116
vt 0.498523 0.006386
vt 1.814351 0.006429
vt 0.005331 0.130515
vt 0.005331 0.023960
vt 1.321159 0.023958
vt 1.321159 0.130531
vt 1.321159 0.148105
vt 1.321159 0.254561
vt 0.005331 0.254579
vt 0.005331 0.148116
vt 0.005331 0.006386
vt 1.321159 0.006429
vt 0.005331 0.130515
vt 0.005331 0.023960
vt 1.321159 0.023960
vt 1.321159 0.130533
vt 1.321159 0.148107
vt 1.321159 0.254561
vt 0.005331 0.254579
vt 0.005331 0.148116
vt 0.005331 0.006386
vt 1.321159 0.006429
vt 0.498523 0.130515
vt 0.498523 0.023960
vt 1.814352 0.023961
vt 1.814352 0.130534
vt 1.814352 0.148107
vt 1.814351 0.254561
vt 0.498523 0.254579
vt 0.498523 0.148116
vt 0.498523 0.006386
vt 1.814351 0.006428
vt 0.337799 0.254937
vt 0.337799 0.148382
vt 1.653627 0.148378
vt 1.653627 0.254919
vt 1.653627 0.024027
vt 1.653627 0.130477
vt 0.337799 0.130494
vt 0.337799 0.024031
vt 0.337799 0.130808
vt 1.653627 0.130850
vt 0.337799 0.006430
vt 1.653627 0.006471
vt -0.141881 0.254937
vt -0.141881 0.148382
vt 1.173947 0.148375
vt 1.173946 0.254919
vt 1.173947 0.024025
vt 1.173946 0.130476
vt -0.141881 0.130494
vt -0.141881 0.024031
vt -0.141881 0.130808
vt 1.173946 0.130850
vt -0.141881 0.006430
vt 1.173946 0.006472
vt -0.141881 0.254937
vt -0.141881 0.148382
vt 1.173947 0.148372
vt 1.173946 0.254918
vt 1.173947 0.024022
vt 1.173946 0.130476
vt -0.141881 0.130494
vt -0.141881 0.024031
vt -0.141881 0.130808
vt 1.173946 0.130850
vt -0.141881 0.006430
vt 1.173946 0.006472
vt 0.337799 0.254937
vt 0.337799 0.148382
vt 1.653627 0.148373
vt 1.653627 0.254919
vt 1.653627 0.024022
vt 1.653627 0.130476
vt 0.337799 0.130494
vt 0.337799 0.024031
vt 0.337799 0.130808
vt 1.653627 0.130850
vt 0.337799 0.006430
vt 1.653627 0.006472
vt 0.005331 0.130515
vt 0.005331 0.023960
vt 1.321159 0.023953
vt 1.321159 0.130524
vt 1.321159 0.146691
vt 1.321158 0.253149
vt 0.005332 0.253169
vt 0.005331 0.146706
vt 0.005332 0.006429
vt 1.321158 0.006471
vt 0.498523 0.130515
vt 0.498523 0.023960
vt 1.814351 0.023953
vt 1.814351 0.130523
vt 1.814350 0.145269
vt 1.814350 0.251724
vt 0.498525 0.251743
vt 0.498524 0.145282
vt 0.498524 0.006560
vt 1.814351 0.006601
vt 0.005331 0.130515
vt 0.005331 0.023960
vt 1.321158 0.023954
vt 1.321158 0.130520
vt 1.321158 0.143841
vt 1.321157 0.251716
vt 0.005332 0.251735
vt 0.005332 0.143853
vt 0.005332 0.006607
vt 1.321158 0.006649
vt 0.005331 0.130515
vt 0.005331 0.023960
vt 1.321158 0.023953
vt 1.321158 0.130518
vt 1.321158 0.142379
vt 1.321157 0.250260
vt 0.005333 0.250278
vt 0.005332 0.142390
vt 0.005332 0.006771
vt 1.321158 0.006812
vt 0.498523 0.130515
vt 0.498523 0.023960
vt 1.814351 0.023953
vt 1.814351 0.130519
vt 1.814350 0.142353
vt 1.814349 0.248798
vt 0.498525 0.248816
vt 0.498525 0.142363
vt 0.498525 0.006879
vt 1.814351 0.006919
vt 0.337799 0.254937
vt 0.337799 0.148382
vt 1.653627 0.148372
vt 1.653626 0.254917
vt 1.653626 0.018242
vt 1.653625 0.124681
vt 0.337801 0.124699
vt 0.337801 0.018247
vt 0.337801 0.131389
vt 1.653627 0.131430
vt 0.337799 0.006430
vt 1.653625 0.006459
vt -0.141881 0.254937
vt -0.141881 0.148382
vt 1.173946 0.148371
vt 1.173946 0.254918
vt 1.173946 0.019746
vt 1.173945 0.126193
vt -0.141879 0.126212
vt -0.141880 0.019753
vt -0.141880 0.131124
vt 1.173946 0.131165
vt -0.141881 0.006430
vt 1.173945 0.006462
vt -0.141881 0.254937
vt -0.141881 0.148382
vt 1.173947 0.148371
vt 1.173946 0.254918
vt 1.173946 0.021197
vt 1.173945 0.129064
vt -0.141880 0.129082
vt -0.141880 0.021207
vt -0.141880 0.130876
vt 1.173946 0.130917
vt -0.141881 0.006430
vt 1.173945 0.006464
vt 0.337799 0.254937
vt 0.337799 0.148382
vt 1.653627 0.148370
vt 1.653626 0.254918
vt 1.653626 0.021194
vt 1.653626 0.127646
vt 0.337801 0.127665
vt 0.337800 0.021203
vt 0.337800 0.130934
vt 1.653627 0.130974
vt 0.337799 0.006430
vt 1.653626 0.006465
vt -0.466687 0.699462
vt -0.466687 0.673769
vt 1.039430 0.673757
vt 1.039428 0.699505
vt -0.466688 0.647966
vt 1.039431 0.647958
vt -0.466688 0.622151
vt 1.039431 0.622149
vt -0.466688 0.596340
vt 1.039431 0.596340
vt -0.466688 0.570530
vt 1.039431 0.570532
vt -0.466688 0.544715
vt 1.039431 0.544723
vt -0.466687 0.518912
vt 1.039430 0.518924
vt -0.466687 0.493219
vt 1.039428 0.493176
vt -0.168761 0.653685
vt -0.168762 0.627905
vt 0.865151 0.627905
vt 0.865151 0.653714
vt -0.168762 0.602096
vt 0.865151 0.602096
vt -0.168762 0.576288
vt 0.865151 0.576288
vt -0.168762 0.550479
vt 0.865151 0.550479
vt -0.168762 0.524670
vt 0.865151 0.524670
vt -0.168762 0.498861
vt 0.865151 0.498861
vt -0.168762 0.473052
vt 0.865151 0.473052
vt -0.168761 0.447273
vt 0.865151 0.447243
vt 0.086896 0.751121
vt 0.086896 0.772387
vt 0.015807 0.772387
vt 0.015807 0.751121
vt 0.584520 0.751121
vt 0.584520 0.772387
vt 0.513431 0.772387
vt 0.513431 0.751121
vt 0.442342 0.772387
vt 0.442342 0.751121
vt 0.371253 0.772387
vt 0.371253 0.751121
vt 0.300164 0.772387
vt 0.300164 0.751121
vt 0.229074 0.772387
vt 0.229074 0.751121
vt 0.157985 0.772387
vt 0.157985 0.751121
vt 0.086896 0.805950
vt 0.015807 0.805950
vt 0.584520 0.805950
vt 0.513431 0.805950
vt 0.442342 0.805950
vt 0.371253 0.805950
vt 0.300164 0.805950
vt 0.229074 0.805950
vt 0.157985 0.805950
vt 0.086896 0.814624
vt 0.015807 0.814624
vt 0.584520 0.814624
vt 0.513431 0.814624
vt 0.442342 0.814624
vt 0.371252 0.814624
vt 0.300164 0.814624
vt 0.229075 0.814624
vt 0.157985 0.814624
vt 0.086896 0.837379
vt 0.015807 0.837379
vt 0.584520 0.837379
vt 0.513431 0.837379
vt 0.442342 0.837379
vt 0.371252 0.837379
vt 0.300164 0.837379
vt 0.229074 0.837379
vt 0.157985 0.837379
vt 0.086896 0.847218
vt 0.015807 0.847218
vt 0.584520 0.847218
vt 0.513431 0.847218
vt 0.442342 0.847218
vt 0.371253 0.847218
vt 0.300164 0.847218
vt 0.229074 0.847218
vt 0.157985 0.847218
vt 0.086896 0.876972
vt 0.015807 0.876972
vt 0.584520 0.876972
vt 0.513431 0.876972
vt 0.442342 0.876972
vt 0.371253 0.876972
vt 0.300164 0.876972
vt 0.229074 0.876972
vt 0.157985 0.876972
vt 0.086896 0.907350
vt 0.015807 0.907350
vt 0.584520 0.907350
vt 0.513431 0.907350
vt 0.442342 0.907350
vt 0.371253 0.907350
vt 0.300164 0.907350
vt 0.229074 0.907350
vt 0.157985 0.907350
vt 0.656001 0.905093
vt 0.733623 0.862569
vt 0.794159 0.876306
vt 0.794159 0.936444
vt 0.854694 0.862569
vt 0.932317 0.905093
vt 0.879769 0.829406
vt 0.989544 0.829406
vt 0.854694 0.796243
vt 0.932317 0.753720
vt 0.794159 0.782507
vt 0.794159 0.722369
vt 0.733623 0.796243
vt 0.656001 0.753720
vt 0.708549 0.829406
vt 0.598774 0.830643
vt 0.794159 0.829406
vt 0.086896 0.751121
vt 0.086896 0.772387
vt 0.015807 0.772387
vt 0.015807 0.751121
vt 0.584520 0.751121
vt 0.584520 0.772387
vt 0.513431 0.772387
vt 0.513431 0.751121
vt 0.442342 0.772387
vt 0.442342 0.751121
vt 0.371253 0.772387
vt 0.371253 0.751121
vt 0.300164 0.772387
vt 0.300164 0.751121
vt 0.229074 0.772387
vt 0.229074 0.751121
vt 0.157985 0.772387
vt 0.157985 0.751121
vt 0.086896 0.805950
vt 0.015807 0.805950
vt 0.584520 0.805950
vt 0.513431 0.805950
vt 0.442342 0.805950
vt 0.371253 0.805950
vt 0.300164 0.805950
vt 0.229074 0.805950
vt 0.157985 0.805950
vt 0.086896 0.814624
vt 0.015807 0.814624
vt 0.584520 0.814624
vt 0.513431 0.814624
vt 0.442342 0.814624
vt 0.371252 0.814624
vt 0.300164 0.814624
vt 0.229075 0.814624
vt 0.157985 0.814624
vt 0.086896 0.837379
vt 0.015807 0.837379
vt 0.584520 0.837379
vt 0.513431 0.837379
vt 0.442342 0.837379
vt 0.371252 0.837379
vt 0.300164 0.837379
vt 0.229074 0.837379
vt 0.157985 0.837379
vt 0.086896 0.847218
vt 0.015807 0.847218
vt 0.584520 0.847218
vt 0.513431 0.847218
vt 0.442342 0.847218
vt 0.371253 0.847218
vt 0.300164 0.847218
vt 0.229074 0.847218
vt 0.157985 0.847218
vt 0.086896 0.876972
vt 0.015807 0.876972
vt 0.584520 0.876972
vt 0.513431 0.876972
vt 0.442342 0.876972
vt 0.371253 0.876972
vt 0.300164 0.876972
vt 0.229074 0.876972
vt 0.157985 0.876972
vt 0.086896 0.907350
vt 0.015807 0.907350
vt 0.584520 0.907350
vt 0.513431 0.907350
vt 0.442342 0.907350
vt 0.371253 0.907350
vt 0.300164 0.907350
vt 0.229074 0.907350
vt 0.157985 0.907350
vt 0.656001 0.905093
vt 0.733623 0.862569
vt 0.794159 0.876306
vt 0.794159 0.936444
vt 0.854694 0.862569
vt 0.932317 0.905093
vt 0.879769 0.829406
vt 0.989544 0.829406
vt 0.854694 0.796243
vt 0.932317 0.753720
vt 0.794159 0.782507
vt 0.794159 0.722369
vt 0.733623 0.796243
vt 0.656001 0.753720
vt 0.708549 0.829406
vt 0.598774 0.830643
vt 0.794159 0.829406
vt -0.330987 0.309436
vt -1.506255 0.309436
vt -1.506255 0.368957
vt -0.330986 0.368957
vt -1.506254 0.427403
vt -0.330986 0.427403
vt -1.506254 0.484741
vt -0.330986 0.484741
vt -0.330986 0.255351
vt -1.506254 0.255350
vt 1.959410 0.309436
vt 1.959409 0.255351
vt -0.330986 0.255351
vt 1.959408 0.368957
vt 1.959409 0.427403
vt -0.330986 0.484741
vt 1.959409 0.484741
vt -0.330986 0.368957
vt -0.330987 0.309436
vt 1.959410 0.309436
vt 1.959408 0.368957
vt -1.506255 0.368957
vt -1.506255 0.309436
vt -0.330986 0.427403
vt 1.959409 0.427403
vt -1.506254 0.427403
vt -0.330986 0.484741
vt 1.959409 0.484741
vt -0.330986 0.484741
vt -1.506254 0.484741
vt -0.330986 0.255351
vt 1.959409 0.255351
vt -0.330986 0.255351
vt -1.506254 0.255350
vt -0.799481 0.543165
vt 0.805580 0.543165
vt 0.805580 0.525281
vt -0.799481 0.525281
vt 0.805580 0.561049
vt -0.799481 0.561049
vt 1.608110 0.525281
vt 1.608110 0.543165
vt 1.608110 0.561049
vt -0.799481 0.578933
vt 0.805580 0.578933
vt 0.805580 0.596817
vt -0.799481 0.596817
vt 1.608110 0.578933
vt 1.608110 0.596817
vt -0.799481 0.614702
vt 0.805580 0.614702
vt 0.805580 0.632586
vt -0.799481 0.632586
vt 1.608110 0.614702
vt 1.608110 0.632586
vt -0.799481 0.650470
vt 0.805580 0.650470
vt -0.799481 0.668354
vt 0.805580 0.668354
vt 1.608110 0.650470
vt 1.608110 0.668354
vt -0.799481 0.543165
vt -0.799481 0.525281
vt 0.805580 0.525281
vt 0.805580 0.543165
vt -0.799481 0.561049
vt 0.805580 0.561049
vt 1.608110 0.525281
vt 1.608110 0.543165
vt 1.608110 0.561049
vt -0.799481 0.578933
vt 0.805580 0.578933
vt -0.799481 0.596817
vt 0.805580 0.596817
vt 1.608110 0.578933
vt 1.608110 0.596817
vt -0.799481 0.614702
vt 0.805580 0.614702
vt -0.799481 0.632586
vt 0.805580 0.632586
vt 1.608110 0.614702
vt 1.608110 0.632586
vt -0.799481 0.650470
vt 0.805580 0.650470
vt 0.805580 0.668354
vt -0.799481 0.668354
vt 1.608110 0.650470
vt 1.608110 0.668354
vt -0.168761 0.653685
vt 0.865151 0.653714
vt 0.865151 0.627905
vt -0.168762 0.627905
vt 0.865151 0.602096
vt -0.168762 0.602096
vt 0.865151 0.576288
vt -0.168762 0.576288
vt 0.865151 0.550479
vt -0.168762 0.550479
vt 0.865151 0.524670
vt -0.168762 0.524670
vt 0.865151 0.498861
vt -0.168762 0.498861
vt 0.865151 0.473052
vt -0.168762 0.473052
vt 0.865151 0.447243
vt -0.168761 0.447273
vt 0.086896 0.751121
vt 0.015807 0.751121
vt 0.015807 0.772387
vt 0.086896 0.772387
vt 0.584520 0.751121
vt 0.513431 0.751121
vt 0.513431 0.772387
vt 0.584520 0.772387
vt 0.442342 0.751121
vt 0.442342 0.772387
vt 0.371253 0.751121
vt 0.371253 0.772387
vt 0.300164 0.751121
vt 0.300164 0.772387
vt 0.229074 0.751121
vt 0.229074 0.772387
vt 0.157985 0.751121
vt 0.157985 0.772387
vt 0.015807 0.805950
vt 0.086896 0.805950
vt 0.513431 0.805950
vt 0.584520 0.805950
vt 0.442342 0.805950
vt 0.371253 0.805950
vt 0.300164 0.805950
vt 0.229074 0.805950
vt 0.157985 0.805950
vt 0.015807 0.814624
vt 0.086896 0.814624
vt 0.513431 0.814624
vt 0.584520 0.814624
vt 0.442342 0.814624
vt 0.371252 0.814624
vt 0.300164 0.814624
vt 0.229075 0.814624
vt 0.157985 0.814624
vt 0.015807 0.837379
vt 0.086896 0.837379
vt 0.513431 0.837379
vt 0.584520 0.837379
vt 0.442342 0.837379
vt 0.371252 0.837379
vt 0.300164 0.837379
vt 0.229074 0.837379
vt 0.157985 0.837379
vt 0.015807 0.847218
vt 0.086896 0.847218
vt 0.513431 0.847218
vt 0.584520 0.847218
vt 0.442342 0.847218
vt 0.371253 0.847218
vt 0.300164 0.847218
vt 0.229074 0.847218
vt 0.157985 0.847218
vt 0.015807 0.876972
vt 0.086896 0.876972
vt 0.513431 0.876972
vt 0.584520 0.876972
vt 0.442342 0.876972
vt 0.371253 0.876972
vt 0.300164 0.876972
vt 0.229074 0.876972
vt 0.157985 0.876972
vt 0.015807 0.907350
vt 0.086896 0.907350
vt 0.513431 0.907350
vt 0.584520 0.907350
vt 0.442342 0.907350
vt 0.371253 0.907350
vt 0.300164 0.907350
vt 0.229074 0.907350
vt 0.157985 0.907350
vt 0.656001 0.905093
vt 0.794159 0.936444
vt 0.794159 0.876306
vt 0.733623 0.862569
vt 0.932317 0.905093
vt 0.854694 0.862569
vt 0.989544 0.829406
vt 0.879769 0.829406
vt 0.932317 0.753720
vt 0.854694 0.796243
vt 0.794159 0.722369
vt 0.794159 0.782507
vt 0.656001 0.753720
vt 0.733623 0.796243
vt 0.598774 0.830643
vt 0.708549 0.829406
vt 0.794159 0.829406
vt -0.890054 0.366107
vt -0.890054 0.312066
vt 1.544726 0.312249
vt 1.544726 0.365925
vt -0.890053 0.430256
vt 1.544726 0.430432
vt -0.890053 0.484905
vt 1.544726 0.484553
vt -0.890053 0.252639
vt 1.544726 0.252639
vt 0.768244 0.324811
vt -0.055886 0.324780
vt -0.059650 0.344787
vt 0.770341 0.344772
vt -0.887725 0.314087
vt -0.891133 0.341964
vt 0.770817 0.368496
vt -0.059902 0.368501
vt -0.059847 0.427949
vt 0.770763 0.427949
vt -0.890892 0.367118
vt -0.890983 0.429401
vt 0.771190 0.451741
vt -0.060666 0.451741
vt -0.058811 0.484699
vt 0.769340 0.484699
vt -0.060829 0.451598
vt -0.890103 0.451854
vt -0.888024 0.484699
vt -0.062906 0.484698
vt 0.769652 0.253158
vt -0.059128 0.253110
vt -0.060043 0.255412
vt -0.890905 0.250890
vt 1.537269 0.314089
vt 1.539688 0.250866
vt 0.770857 0.255435
vt 1.523349 0.341922
vt 1.511127 0.429400
vt 1.511056 0.367124
vt 0.773244 0.484700
vt 1.537290 0.484698
vt 1.522547 0.451851
vt 0.771346 0.451600
vt 0.768288 0.324719
vt 0.770312 0.344867
vt -0.059659 0.344814
vt -0.055881 0.324768
vt -0.891133 0.341964
vt -0.887725 0.314087
vt 0.770788 0.368561
vt 0.770738 0.427897
vt -0.059848 0.427941
vt -0.059901 0.368502
vt -0.890983 0.429401
vt -0.890892 0.367118
vt 0.771188 0.451737
vt 0.769340 0.484699
vt -0.058811 0.484699
vt -0.060664 0.451746
vt -0.060829 0.451598
vt -0.062907 0.484698
vt -0.888024 0.484699
vt -0.890103 0.451854
vt 0.769661 0.253133
vt -0.059136 0.253136
vt -0.060043 0.255412
vt -0.890905 0.250890
vt 0.770867 0.255411
vt 1.545277 0.250891
vt 1.542874 0.314049
vt 1.528899 0.341962
vt 1.516597 0.367125
vt 1.516664 0.429386
vt 0.773257 0.484697
vt 0.771344 0.451596
vt 1.528109 0.451856
vt 1.542876 0.484701
vt -0.086210 0.368532
vt -0.086209 0.311236
vt 0.764563 0.311242
vt 0.764563 0.368532
vt 0.764563 0.425823
vt 0.764558 0.483080
vt -0.086207 0.483075
vt -0.086209 0.425829
vt -0.086207 0.253990
vt 0.764558 0.253985
vt -0.086210 0.368532
vt 0.764563 0.368532
vt 0.764563 0.311242
vt -0.086209 0.311236
vt 0.764563 0.425823
vt -0.086209 0.425829
vt -0.086207 0.483075
vt 0.764558 0.483080
vt 0.764558 0.253985
vt -0.086207 0.253990
vt 0.658640 0.425823
vt 0.658640 0.457687
vt 0.058627 0.457688
vt 0.058627 0.425823
vt 0.058627 0.311242
vt 0.058627 0.253952
vt 0.658640 0.253952
vt 0.658640 0.311242
vt 0.058627 0.368532
vt 0.658640 0.368532
vt 0.058627 0.340071
vt 0.658640 0.340071
vt -0.077670 0.699576
vt -0.077670 0.673767
vt 0.865151 0.673767
vt 0.865151 0.699576
vt -0.077670 0.647958
vt 0.865151 0.647958
vt -0.077670 0.622149
vt 0.865151 0.622149
vt -0.077670 0.596340
vt 0.865151 0.596340
vt -0.077670 0.570532
vt 0.865151 0.570532
vt -0.077670 0.544723
vt 0.865151 0.544723
vt -0.077670 0.518914
vt 0.865151 0.518914
vt -0.077670 0.493105
vt 0.865151 0.493105
vt 0.848684 0.309436
vt -0.330987 0.309436
vt -0.330986 0.368957
vt 0.848684 0.368957
vt -1.506255 0.309436
vt -1.506255 0.368957
vt -0.330986 0.427403
vt 0.848684 0.427403
vt -1.506254 0.427403
vt -0.330986 0.484741
vt 0.848684 0.484741
vt -1.506254 0.484741
vt -0.330986 0.484741
vt 0.848684 0.255351
vt -0.330986 0.255351
vt -0.330986 0.255351
vt -1.506254 0.255350
vt 1.959410 0.309436
vt 1.959409 0.255351
vt 0.848684 0.255351
vt 1.959408 0.368957
vt 1.959409 0.427403
vt 0.848684 0.484741
vt 1.959409 0.484741
vt 0.003050 0.525281
vt 0.003050 0.543165
vt -0.799481 0.543165
vt -0.799481 0.525281
vt -0.799481 0.561049
vt 0.003049 0.561049
vt 0.805580 0.525281
vt 0.805580 0.543165
vt 0.805580 0.561049
vt 1.608110 0.525281
vt 1.608110 0.543165
vt 1.608110 0.561049
vt 0.003050 0.578933
vt -0.799481 0.578933
vt -0.799481 0.596817
vt 0.003049 0.596817
vt 0.805580 0.578933
vt 0.805580 0.596817
vt 1.608110 0.578933
vt 1.608110 0.596817
vt 0.003050 0.614702
vt -0.799481 0.614702
vt -0.799481 0.632586
vt 0.003049 0.632586
vt 0.805580 0.614702
vt 0.805580 0.632586
vt 1.608110 0.614702
vt 1.608110 0.632586
vt 0.003050 0.650470
vt -0.799481 0.650470
vt 0.003050 0.668354
vt -0.799481 0.668354
vt 0.805580 0.650470
vt 0.805580 0.668354
vt 1.608110 0.650470
vt 1.608110 0.668354
vt 0.058627 0.368532
vt 0.058627 0.311242
vt 0.658640 0.311242
vt 0.658640 0.368532
vt 0.658640 0.425823
vt 0.658640 0.483113
vt 0.058627 0.483113
vt 0.058627 0.425823
vt 0.058627 0.253952
vt 0.658640 0.253952
vt -0.077670 0.653714
vt -0.077670 0.627905
vt 0.865151 0.627905
vt 0.865151 0.653714
vt -0.077670 0.602096
vt 0.865151 0.602096
vt -0.077670 0.576288
vt 0.865151 0.576288
vt -0.077670 0.550479
vt 0.865151 0.550479
vt -0.077670 0.524670
vt 0.865151 0.524670
vt -0.077670 0.498861
vt 0.865151 0.498861
vt -0.077670 0.473052
vt 0.865151 0.473052
vt -0.077670 0.447243
vt 0.865151 0.447243
vt 0.086896 0.751121
vt 0.086896 0.772387
vt 0.015807 0.772387
vt 0.015807 0.751121
vt 0.584520 0.751121
vt 0.584520 0.772387
vt 0.513431 0.772387
vt 0.513431 0.751121
vt 0.442342 0.772387
vt 0.442342 0.751121
vt 0.371253 0.772387
vt 0.371253 0.751121
vt 0.300164 0.772387
vt 0.300164 0.751121
vt 0.229074 0.772387
vt 0.229074 0.751121
vt 0.157985 0.772387
vt 0.157985 0.751121
vt 0.086896 0.805950
vt 0.015807 0.805950
vt 0.584520 0.805950
vt 0.513431 0.805950
vt 0.442342 0.805950
vt 0.371253 0.805950
vt 0.300164 0.805950
vt 0.229074 0.805950
vt 0.157985 0.805950
vt 0.086896 0.814624
vt 0.015807 0.814624
vt 0.584520 0.814624
vt 0.513431 0.814624
vt 0.442342 0.814624
vt 0.371252 0.814624
vt 0.300164 0.814624
vt 0.229075 0.814624
vt 0.157985 0.814624
vt 0.086896 0.837379
vt 0.015807 0.837379
vt 0.584520 0.837379
vt 0.513431 0.837379
vt 0.442342 0.837379
vt 0.371252 0.837379
vt 0.300164 0.837379
vt 0.229074 0.837379
vt 0.157985 0.837379
vt 0.086896 0.847218
vt 0.015807 0.847218
vt 0.584520 0.847218
vt 0.513431 0.847218
vt 0.442342 0.847218
vt 0.371253 0.847218
vt 0.300164 0.847218
vt 0.229074 0.847218
vt 0.157985 0.847218
vt 0.086896 0.876972
vt 0.015807 0.876972
vt 0.584520 0.876972
vt 0.513431 0.876972
vt 0.442342 0.876972
vt 0.371253 0.876972
vt 0.300164 0.876972
vt 0.229074 0.876972
vt 0.157985 0.876972
vt 0.086896 0.907350
vt 0.015807 0.907350
vt 0.584520 0.907350
vt 0.513431 0.907350
vt 0.442342 0.907350
vt 0.371253 0.907350
vt 0.300164 0.907350
vt 0.229074 0.907350
vt 0.157985 0.907350
vt 0.656001 0.905093
vt 0.733623 0.862569
vt 0.794159 0.876306
vt 0.794159 0.936444
vt 0.854694 0.862569
vt 0.932317 0.905093
vt 0.879769 0.829406
vt 0.989544 0.829406
vt 0.854694 0.796243
vt 0.932317 0.753720
vt 0.794159 0.782507
vt 0.794159 0.722369
vt 0.733623 0.796243
vt 0.656001 0.753720
vt 0.708549 0.829406
vt 0.598774 0.830643
vt 0.794159 0.829406
vt 0.086896 0.751121
vt 0.086896 0.772387
vt 0.015807 0.772387
vt 0.015807 0.751121
vt 0.584520 0.751121
vt 0.584520 0.772387
vt 0.513431 0.772387
vt 0.513431 0.751121
vt 0.442342 0.772387
vt 0.442342 0.751121
vt 0.371253 0.772387
vt 0.371253 0.751121
vt 0.300164 0.772387
vt 0.300164 0.751121
vt 0.229074 0.772387
vt 0.229074 0.751121
vt 0.157985 0.772387
vt 0.157985 0.751121
vt 0.086896 0.805950
vt 0.015807 0.805950
vt 0.584520 0.805950
vt 0.513431 0.805950
vt 0.442342 0.805950
vt 0.371253 0.805950
vt 0.300164 0.805950
vt 0.229074 0.805950
vt 0.157985 0.805950
vt 0.086896 0.814624
vt 0.015807 0.814624
vt 0.584520 0.814624
vt 0.513431 0.814624
vt 0.442342 0.814624
vt 0.371252 0.814624
vt 0.300164 0.814624
vt 0.229075 0.814624
vt 0.157985 0.814624
vt 0.086896 0.837379
vt 0.015807 0.837379
vt 0.584520 0.837379
vt 0.513431 0.837379
vt 0.442342 0.837379
vt 0.371252 0.837379
vt 0.300164 0.837379
vt 0.229074 0.837379
vt 0.157985 0.837379
vt 0.086896 0.847218
vt 0.015807 0.847218
vt 0.584520 0.847218
vt 0.513431 0.847218
vt 0.442342 0.847218
vt 0.371253 0.847218
vt 0.300164 0.847218
vt 0.229074 0.847218
vt 0.157985 0.847218
vt 0.086896 0.876972
vt 0.015807 0.876972
vt 0.584520 0.876972
vt 0.513431 0.876972
vt 0.442342 0.876972
vt 0.371253 0.876972
vt 0.300164 0.876972
vt 0.229074 0.876972
vt 0.157985 0.876972
vt 0.086896 0.907350
vt 0.015807 0.907350
vt 0.584520 0.907350
vt 0.513431 0.907350
vt 0.442342 0.907350
vt 0.371253 0.907350
vt 0.300164 0.907350
vt 0.229074 0.907350
vt 0.157985 0.907350
vt 0.656001 0.905093
vt 0.733623 0.862569
vt 0.794159 0.876306
vt 0.794159 0.936444
vt 0.854694 0.862569
vt 0.932317 0.905093
vt 0.879769 0.829406
vt 0.989544 0.829406
vt 0.854694 0.796243
vt 0.932317 0.753720
vt 0.794159 0.782507
vt 0.794159 0.722369
vt 0.733623 0.796243
vt 0.656001 0.753720
vt 0.708549 0.829406
vt 0.598774 0.830643
vt 0.794159 0.829406
vt 0.771406 0.309436
vt -0.060877 0.309436
vt -0.060877 0.368957
vt 0.771406 0.368957
vt -0.890054 0.309436
vt -0.890054 0.368957
vt -0.060877 0.427404
vt 0.771406 0.427403
vt -0.890054 0.427403
vt -0.060877 0.484741
vt 0.771406 0.484741
vt -0.890053 0.484741
vt -0.060877 0.484741
vt 0.771406 0.255351
vt -0.060877 0.255351
vt -0.060877 0.255351
vt -0.890053 0.255350
vt -1.283352 0.310627
vt -0.936764 0.310627
vt -0.936764 0.368825
vt -1.283352 0.368825
vt 1.687571 0.309436
vt 1.687570 0.255351
vt 0.771406 0.255351
vt 1.687569 0.368957
vt 1.687570 0.427404
vt 0.771406 0.484741
vt 1.687570 0.484741
vt 0.771406 0.309436
vt -0.060877 0.309436
vt -0.060877 0.343923
vt 0.771406 0.343923
vt -0.890054 0.309436
vt -0.890054 0.343923
vt 0.771406 0.368957
vt -0.060877 0.368957
vt -0.060877 0.427404
vt 0.771406 0.427403
vt -0.890054 0.368957
vt -0.890054 0.427403
vt 0.771406 0.451519
vt -0.060877 0.451519
vt -0.060877 0.484741
vt 0.771406 0.484741
vt -0.060877 0.451519
vt -0.890053 0.451519
vt -0.890053 0.484741
vt -0.060877 0.484741
vt 0.771406 0.255351
vt -0.060877 0.255351
vt -0.060877 0.255351
vt -0.890053 0.255350
vt -1.283352 0.310627
vt -0.936764 0.310627
vt -0.936764 0.344347
vt -1.283352 0.344347
vt 1.687571 0.309436
vt 1.687570 0.255351
vt 0.771406 0.255351
vt 1.687570 0.343923
vt 1.687570 0.427404
vt 1.687569 0.368957
vt 0.771406 0.484741
vt 1.687570 0.484741
vt 1.687570 0.451519
vt 0.771406 0.451519
vt -0.936764 0.368825
vt -1.283352 0.368825
vt -0.077670 0.699576
vt -0.077670 0.673767
vt 0.865151 0.673767
vt 0.865151 0.699576
vt -0.077670 0.647958
vt 0.865151 0.647958
vt -0.077670 0.622149
vt 0.865151 0.622149
vt -0.077670 0.596340
vt 0.865151 0.596340
vt -0.077670 0.570532
vt 0.865151 0.570532
vt -0.077670 0.544723
vt 0.865151 0.544723
vt -0.077670 0.518914
vt 0.865151 0.518914
vt -0.077670 0.493105
vt 0.865151 0.493105
vt 0.848684 0.430656
vt -0.330987 0.430656
vt -0.330986 0.371135
vt 0.848684 0.371135
vt -1.506255 0.430656
vt -1.506255 0.371135
vt -0.330986 0.312688
vt 0.848684 0.312688
vt -1.506254 0.312688
vt -0.330986 0.255351
vt 0.848684 0.255350
vt -1.506254 0.255350
vt -0.330986 0.255351
vt 0.848684 0.484741
vt -0.330986 0.484741
vt -0.330986 0.484741
vt -1.506254 0.484741
vt 1.959410 0.430656
vt 1.959409 0.484741
vt 0.848684 0.484741
vt 1.959408 0.371134
vt 1.959409 0.312688
vt 0.848684 0.255350
vt 1.959409 0.255350
vt 0.003050 0.668354
vt 0.003050 0.650470
vt -0.799481 0.650470
vt -0.799481 0.668354
vt -0.799481 0.632586
vt 0.003049 0.632586
vt 0.805580 0.668354
vt 0.805580 0.650470
vt 0.805580 0.632586
vt 1.608110 0.668354
vt 1.608110 0.650470
vt 1.608110 0.632586
vt 0.003050 0.614702
vt -0.799481 0.614702
vt -0.799481 0.596817
vt 0.003049 0.596817
vt 0.805580 0.614702
vt 0.805580 0.596817
vt 1.608110 0.614702
vt 1.608110 0.596817
vt 0.003050 0.578933
vt -0.799481 0.578933
vt -0.799481 0.561049
vt 0.003049 0.561049
vt 0.805580 0.578933
vt 0.805580 0.561049
vt 1.608110 0.578933
vt 1.608110 0.561049
vt 0.003050 0.543165
vt -0.799481 0.543165
vt 0.003050 0.525281
vt -0.799481 0.525281
vt 0.805580 0.543165
vt 0.805580 0.525281
vt 1.608110 0.543165
vt 1.608110 0.525281
vt 0.058627 0.368532
vt 0.058627 0.311242
vt 0.658640 0.311242
vt 0.658640 0.368532
vt 0.658640 0.425823
vt 0.658640 0.483113
vt 0.058627 0.483113
vt 0.058627 0.425823
vt 0.058627 0.253952
vt 0.658640 0.253952
vt -0.077670 0.653714
vt -0.077670 0.627905
vt 0.865151 0.627905
vt 0.865151 0.653714
vt -0.077670 0.602096
vt 0.865151 0.602096
vt -0.077670 0.576288
vt 0.865151 0.576288
vt -0.077670 0.550479
vt 0.865151 0.550479
vt -0.077670 0.524670
vt 0.865151 0.524670
vt -0.077670 0.498861
vt 0.865151 0.498861
vt -0.077670 0.473052
vt 0.865151 0.473052
vt -0.077670 0.447243
vt 0.865151 0.447243
vt 0.086896 0.751121
vt 0.086896 0.772387
vt 0.015807 0.772387
vt 0.015807 0.751121
vt 0.584520 0.751121
vt 0.584520 0.772387
vt 0.513431 0.772387
vt 0.513431 0.751121
vt 0.442342 0.772387
vt 0.442342 0.751121
vt 0.371253 0.772387
vt 0.371253 0.751121
vt 0.300164 0.772387
vt 0.300164 0.751121
vt 0.229074 0.772387
vt 0.229074 0.751121
vt 0.157985 0.772387
vt 0.157985 0.751121
vt 0.086896 0.805950
vt 0.015807 0.805950
vt 0.584520 0.805950
vt 0.513431 0.805950
vt 0.442342 0.805950
vt 0.371253 0.805950
vt 0.300164 0.805950
vt 0.229074 0.805950
vt 0.157985 0.805950
vt 0.086896 0.814624
vt 0.015807 0.814624
vt 0.584520 0.814624
vt 0.513431 0.814624
vt 0.442342 0.814624
vt 0.371252 0.814624
vt 0.300164 0.814624
vt 0.229075 0.814624
vt 0.157985 0.814624
vt 0.086896 0.837379
vt 0.015807 0.837379
vt 0.584520 0.837379
vt 0.513431 0.837379
vt 0.442342 0.837379
vt 0.371252 0.837379
vt 0.300164 0.837379
vt 0.229074 0.837379
vt 0.157985 0.837379
vt 0.086896 0.847218
vt 0.015807 0.847218
vt 0.584520 0.847218
vt 0.513431 0.847218
vt 0.442342 0.847218
vt 0.371253 0.847218
vt 0.300164 0.847218
vt 0.229074 0.847218
vt 0.157985 0.847218
vt 0.086896 0.876972
vt 0.015807 0.876972
vt 0.584520 0.876972
vt 0.513431 0.876972
vt 0.442342 0.876972
vt 0.371253 0.876972
vt 0.300164 0.876972
vt 0.229074 0.876972
vt 0.157985 0.876972
vt 0.086896 0.907350
vt 0.015807 0.907350
vt 0.584520 0.907350
vt 0.513431 0.907350
vt 0.442342 0.907350
vt 0.371253 0.907350
vt 0.300164 0.907350
vt 0.229074 0.907350
vt 0.157985 0.907350
vt 0.656001 0.905093
vt 0.733623 0.862569
vt 0.794159 0.876306
vt 0.794159 0.936444
vt 0.854694 0.862569
vt 0.932317 0.905093
vt 0.879769 0.829406
vt 0.989544 0.829406
vt 0.854694 0.796243
vt 0.932317 0.753720
vt 0.794159 0.782507
vt 0.794159 0.722369
vt 0.733623 0.796243
vt 0.656001 0.753720
vt 0.708549 0.829406
vt 0.598774 0.830643
vt 0.794159 0.829406
vt 0.086896 0.751121
vt 0.086896 0.772387
vt 0.015807 0.772387
vt 0.015807 0.751121
vt 0.584520 0.751121
vt 0.584520 0.772387
vt 0.513431 0.772387
vt 0.513431 0.751121
vt 0.442342 0.772387
vt 0.442342 0.751121
vt 0.371253 0.772387
vt 0.371253 0.751121
vt 0.300164 0.772387
vt 0.300164 0.751121
vt 0.229074 0.772387
vt 0.229074 0.751121
vt 0.157985 0.772387
vt 0.157985 0.751121
vt 0.086896 0.805950
vt 0.015807 0.805950
vt 0.584520 0.805950
vt 0.513431 0.805950
vt 0.442342 0.805950
vt 0.371253 0.805950
vt 0.300164 0.805950
vt 0.229074 0.805950
vt 0.157985 0.805950
vt 0.086896 0.814624
vt 0.015807 0.814624
vt 0.584520 0.814624
vt 0.513431 0.814624
vt 0.442342 0.814624
vt 0.371252 0.814624
vt 0.300164 0.814624
vt 0.229075 0.814624
vt 0.157985 0.814624
vt 0.086896 0.837379
vt 0.015807 0.837379
vt 0.584520 0.837379
vt 0.513431 0.837379
vt 0.442342 0.837379
vt 0.371252 0.837379
vt 0.300164 0.837379
vt 0.229074 0.837379
vt 0.157985 0.837379
vt 0.086896 0.847218
vt 0.015807 0.847218
vt 0.584520 0.847218
vt 0.513431 0.847218
vt 0.442342 0.847218
vt 0.371253 0.847218
vt 0.300164 0.847218
vt 0.229074 0.847218
vt 0.157985 0.847218
vt 0.086896 0.876972
vt 0.015807 0.876972
vt 0.584520 0.876972
vt 0.513431 0.876972
vt 0.442342 0.876972
vt 0.371253 0.876972
vt 0.300164 0.876972
vt 0.229074 0.876972
vt 0.157985 0.876972
vt 0.086896 0.907350
vt 0.015807 0.907350
vt 0.584520 0.907350
vt 0.513431 0.907350
vt 0.442342 0.907350
vt 0.371253 0.907350
vt 0.300164 0.907350
vt 0.229074 0.907350
vt 0.157985 0.907350
vt 0.656001 0.905093
vt 0.733623 0.862569
vt 0.794159 0.876306
vt 0.794159 0.936444
vt 0.854694 0.862569
vt 0.932317 0.905093
vt 0.879769 0.829406
vt 0.989544 0.829406
vt 0.854694 0.796243
vt 0.932317 0.753720
vt 0.794159 0.782507
vt 0.794159 0.722369
vt 0.733623 0.796243
vt 0.656001 0.753720
vt 0.708549 0.829406
vt 0.598774 0.830643
vt 0.794159 0.829406
vt 0.658640 0.425823
vt 0.658640 0.457687
vt 0.058627 0.457688
vt 0.058627 0.425823
vt 0.058627 0.311242
vt 0.058627 0.253952
vt 0.658640 0.253952
vt 0.658640 0.311242
vt 0.058627 0.368532
vt 0.658640 0.368532
vt 0.058627 0.340071
vt 0.658640 0.340071
vt 0.771406 0.430656
vt -0.060877 0.430656
vt -0.060877 0.371135
vt 0.771406 0.371135
vt -0.890054 0.430656
vt -0.890054 0.371135
vt -0.060877 0.312688
vt 0.771406 0.312688
vt -0.890054 0.312688
vt -0.060877 0.255351
vt 0.771406 0.255351
vt -0.890053 0.255351
vt -0.060877 0.255351
vt 0.771406 0.484741
vt -0.060877 0.484741
vt -0.060877 0.484741
vt -0.890053 0.484741
vt -1.283352 0.429465
vt -0.936764 0.429465
vt -0.936764 0.371267
vt -1.283352 0.371267
vt 1.687571 0.430656
vt 1.687570 0.484741
vt 0.771406 0.484741
vt 1.687569 0.371135
vt 1.687570 0.312688
vt 0.771406 0.255351
vt 1.687570 0.255350
vt 0.771406 0.430656
vt -0.060877 0.430656
vt -0.060877 0.396169
vt 0.771406 0.396169
vt -0.890054 0.430656
vt -0.890054 0.396169
vt 0.771406 0.371135
vt -0.060877 0.371135
vt -0.060877 0.312688
vt 0.771406 0.312688
vt -0.890054 0.371135
vt -0.890054 0.312688
vt 0.771406 0.288572
vt -0.060877 0.288572
vt -0.060877 0.255351
vt 0.771406 0.255351
vt -0.060877 0.288572
vt -0.890053 0.288572
vt -0.890053 0.255351
vt -0.060877 0.255351
vt 0.771406 0.484741
vt -0.060877 0.484741
vt -0.060877 0.484741
vt -0.890053 0.484741
vt -1.283352 0.429465
vt -0.936764 0.429465
vt -0.936764 0.395745
vt -1.283352 0.395745
vt 1.687571 0.430656
vt 1.687570 0.484741
vt 0.771406 0.484741
vt 1.687570 0.396169
vt 1.687570 0.312688
vt 1.687569 0.371135
vt 0.771406 0.255351
vt 1.687570 0.255350
vt 1.687570 0.288572
vt 0.771406 0.288572
vt -0.936764 0.371267
vt -1.283352 0.371267
vt 0.498523 0.130515
vt 0.498523 0.023960
vt 1.814352 0.023954
vt 1.814352 0.130527
vt 1.814352 0.148100
vt 1.814351 0.254559
vt 0.498523 0.254579
vt 0.498523 0.148116
vt 0.498523 0.006386
vt 1.814351 0.006429
vt 0.005331 0.130515
vt 0.005331 0.023960
vt 1.321159 0.023954
vt 1.321159 0.130527
vt 1.321159 0.148100
vt 1.321159 0.254559
vt 0.005331 0.254579
vt 0.005331 0.148116
vt 0.005331 0.006386
vt 1.321159 0.006429
vt 0.005331 0.130515
vt 0.005331 0.023960
vt 1.321159 0.023954
vt 1.321159 0.130527
vt 1.321159 0.148100
vt 1.321159 0.254559
vt 0.005331 0.254579
vt 0.005331 0.148116
vt 0.005331 0.006386
vt 1.321159 0.006429
vt 0.498523 0.130515
vt 0.498523 0.023960
vt 1.814352 0.023954
vt 1.814352 0.130527
vt 1.814352 0.148100
vt 1.814351 0.254559
vt 0.498523 0.254579
vt 0.498523 0.148116
vt 0.498523 0.006386
vt 1.814351 0.006429
vt 0.337801 0.254605
vt 0.337801 0.148685
vt 1.653624 0.148673
vt 1.653624 0.254586
vt 1.653624 0.024329
vt 1.653623 0.130137
vt 0.337802 0.130156
vt 0.337801 0.024340
vt 0.337802 0.130890
vt 1.653624 0.130933
vt 0.337801 0.006535
vt 1.653623 0.006578
vt -0.141881 0.254937
vt -0.141881 0.148382
vt 1.173947 0.148370
vt 1.173946 0.254918
vt 1.173947 0.024020
vt 1.173946 0.130475
vt -0.141881 0.130494
vt -0.141881 0.024031
vt -0.141881 0.130808
vt 1.173946 0.130850
vt -0.141881 0.006430
vt 1.173946 0.006472
vt 0.337799 0.254937
vt 0.337799 0.148382
vt 1.653627 0.148370
vt 1.653627 0.254918
vt 1.653627 0.024020
vt 1.653627 0.130475
vt 0.337799 0.130494
vt 0.337799 0.024031
vt 0.337799 0.130808
vt 1.653627 0.130850
vt 0.337799 0.006430
vt 1.653627 0.006472
vt 0.498523 0.130515
vt 0.498523 0.023960
vt 1.814352 0.023954
vt 1.814352 0.130527
vt 1.814352 0.148100
vt 1.814351 0.254559
vt 0.498523 0.254579
vt 0.498523 0.148116
vt 0.498523 0.006386
vt 1.814351 0.006429
vt 0.005331 0.130515
vt 0.005331 0.023960
vt 1.321159 0.023954
vt 1.321159 0.130527
vt 1.321159 0.148100
vt 1.321159 0.254559
vt 0.005331 0.254579
vt 0.005331 0.148116
vt 0.005331 0.006386
vt 1.321159 0.006429
vt -0.141881 0.254937
vt -0.141881 0.148382
vt 1.173947 0.148370
vt 1.173946 0.254918
vt 1.173947 0.024020
vt 1.173946 0.130475
vt -0.141881 0.130494
vt -0.141881 0.024031
vt -0.141881 0.130808
vt 1.173946 0.130850
vt -0.141881 0.006430
vt 1.173946 0.006472
vt -0.608056 0.699420
vt -0.608056 0.673746
vt 1.039430 0.673757
vt 1.039428 0.699505
vt -0.608057 0.647963
vt 1.039431 0.647958
vt -0.608058 0.622153
vt 1.039431 0.622149
vt -0.608058 0.596340
vt 1.039431 0.596340
vt -0.608058 0.570528
vt 1.039431 0.570532
vt -0.608057 0.544718
vt 1.039431 0.544723
vt -0.608056 0.518935
vt 1.039430 0.518924
vt -0.608056 0.493260
vt 1.039428 0.493176
vt -0.608056 0.699420
vt -0.608056 0.673746
vt 1.039430 0.673757
vt 1.039428 0.699505
vt -0.608057 0.647963
vt 1.039431 0.647958
vt -0.608058 0.622153
vt 1.039431 0.622149
vt -0.608058 0.596340
vt 1.039431 0.596340
vt -0.608058 0.570528
vt 1.039431 0.570532
vt -0.608057 0.544718
vt 1.039431 0.544723
vt -0.608056 0.518935
vt 1.039430 0.518924
vt -0.608056 0.493260
vt 1.039428 0.493176
vt -1.394356 0.309436
vt 1.917297 0.309436
vt 1.917297 0.255351
vt -1.394355 0.255350
vt 1.844930 0.368957
vt -1.468500 0.368957
vt 1.844930 0.427403
vt -1.468499 0.427403
vt 1.917297 0.484741
vt -1.394355 0.484741
vt -1.467358 0.309436
vt 1.839084 0.309436
vt 1.839084 0.255351
vt -1.467357 0.255350
vt 1.910805 0.368957
vt -1.394401 0.368957
vt 1.910806 0.427403
vt -1.394401 0.427403
vt 1.839084 0.484741
vt -1.467357 0.484741
vt -0.461411 0.666184
vt -0.461410 0.648808
vt 1.966167 0.648820
vt 1.966164 0.666194
vt -0.461411 0.631325
vt 1.966169 0.631322
vt -0.461411 0.613833
vt 1.966169 0.613830
vt -0.461411 0.596340
vt 1.966169 0.596340
vt -0.461411 0.578848
vt 1.966169 0.578851
vt -0.461411 0.561356
vt 1.966169 0.561359
vt -0.461410 0.543873
vt 1.966167 0.543861
vt -0.461411 0.526497
vt 1.966164 0.526487
vt -0.608056 0.699420
vt -0.608056 0.673746
vt 1.039430 0.673757
vt 1.039428 0.699505
vt -0.608057 0.647963
vt 1.039431 0.647958
vt -0.608058 0.622153
vt 1.039431 0.622149
vt -0.608058 0.596340
vt 1.039431 0.596340
vt -0.608058 0.570528
vt 1.039431 0.570532
vt -0.608057 0.544718
vt 1.039431 0.544723
vt -0.608056 0.518935
vt 1.039430 0.518924
vt -0.608056 0.493260
vt 1.039428 0.493176
vt 0.444096 0.500000
vt 0.460469 0.531600
vt 0.499999 0.500000
vt 0.460469 0.468400
vt 0.499999 0.455311
vt 0.539530 0.468400
vt 0.555903 0.500000
vt 0.539530 0.531600
vt 0.499999 0.544689
vt -0.608056 0.699420
vt -0.608056 0.673746
vt 1.039430 0.673757
vt 1.039428 0.699505
vt -0.608057 0.647963
vt 1.039431 0.647958
vt -0.608058 0.622153
vt 1.039431 0.622149
vt -0.608058 0.596340
vt 1.039431 0.596340
vt -0.608058 0.570528
vt 1.039431 0.570532
vt -0.608057 0.544718
vt 1.039431 0.544723
vt -0.608056 0.518935
vt 1.039430 0.518924
vt -0.608056 0.493260
vt 1.039428 0.493176
vt 0.466523 0.500000
vt 0.476328 0.522349
vt 0.500000 0.500000
vt 0.476328 0.477651
vt 0.500000 0.468394
vt 0.523672 0.477651
vt 0.533477 0.500000
vt 0.523672 0.522349
vt 0.500000 0.531607
vt -1.394356 0.309436
vt 1.917297 0.309436
vt 1.917297 0.255351
vt -1.394355 0.255350
vt 1.844930 0.368957
vt -1.468500 0.368957
vt 1.844930 0.427403
vt -1.468499 0.427403
vt 1.917297 0.484741
vt -1.394355 0.484741
vt -1.467358 0.309436
vt 1.839084 0.309436
vt 1.839084 0.255351
vt -1.467357 0.255350
vt 1.910805 0.368957
vt -1.394401 0.368957
vt 1.910806 0.427403
vt -1.394401 0.427403
vt 1.839084 0.484741
vt -1.467357 0.484741
vt -0.461411 0.666184
vt -0.461410 0.648808
vt 1.966167 0.648820
vt 1.966164 0.666194
vt -0.461411 0.631325
vt 1.966169 0.631322
vt -0.461411 0.613833
vt 1.966169 0.613830
vt -0.461411 0.596340
vt 1.966169 0.596340
vt -0.461411 0.578848
vt 1.966169 0.578851
vt -0.461411 0.561356
vt 1.966169 0.561359
vt -0.461410 0.543873
vt 1.966167 0.543861
vt -0.461411 0.526497
vt 1.966164 0.526487
vt -0.608056 0.699420
vt -0.608056 0.673746
vt 1.039430 0.673757
vt 1.039428 0.699505
vt -0.608057 0.647963
vt 1.039431 0.647958
vt -0.608058 0.622153
vt 1.039431 0.622149
vt -0.608058 0.596340
vt 1.039431 0.596340
vt -0.608058 0.570528
vt 1.039431 0.570532
vt -0.608057 0.544718
vt 1.039431 0.544723
vt -0.608056 0.518935
vt 1.039430 0.518924
vt -0.608056 0.493260
vt 1.039428 0.493176
vt -0.608056 0.699420
vt -0.608056 0.673746
vt 1.039430 0.673757
vt 1.039428 0.699505
vt -0.608057 0.647963
vt 1.039431 0.647958
vt -0.608058 0.622153
vt 1.039431 0.622149
vt -0.608058 0.596340
vt 1.039431 0.596340
vt -0.608058 0.570528
vt 1.039431 0.570532
vt -0.608057 0.544718
vt 1.039431 0.544723
vt -0.608056 0.518935
vt 1.039430 0.518924
vt -0.608056 0.493260
vt 1.039428 0.493176
vt -1.394356 0.309436
vt 1.917297 0.309436
vt 1.917297 0.255351
vt -1.394355 0.255350
vt 1.844930 0.368957
vt -1.468500 0.368957
vt 1.844930 0.427403
vt -1.468499 0.427403
vt 1.917297 0.484741
vt -1.394355 0.484741
vt -1.467358 0.309436
vt 1.839084 0.309436
vt 1.839084 0.255351
vt -1.467357 0.255350
vt 1.910805 0.368957
vt -1.394401 0.368957
vt 1.910806 0.427403
vt -1.394401 0.427403
vt 1.839084 0.484741
vt -1.467357 0.484741
vt -0.461411 0.666184
vt -0.461410 0.648808
vt 1.966167 0.648820
vt 1.966164 0.666194
vt -0.461411 0.631325
vt 1.966169 0.631322
vt -0.461411 0.613833
vt 1.966169 0.613830
vt -0.461411 0.596340
vt 1.966169 0.596340
vt -0.461411 0.578848
vt 1.966169 0.578851
vt -0.461411 0.561356
vt 1.966169 0.561359
vt -0.461410 0.543873
vt 1.966167 0.543861
vt -0.461411 0.526497
vt 1.966164 0.526487
vt -0.608056 0.699420
vt -0.608056 0.673746
vt 1.039430 0.673757
vt 1.039428 0.699505
vt -0.608057 0.647963
vt 1.039431 0.647958
vt -0.608058 0.622153
vt 1.039431 0.622149
vt -0.608058 0.596340
vt 1.039431 0.596340
vt -0.608058 0.570528
vt 1.039431 0.570532
vt -0.608057 0.544718
vt 1.039431 0.544723
vt -0.608056 0.518935
vt 1.039430 0.518924
vt -0.608056 0.493260
vt 1.039428 0.493176
vt -0.608056 0.699420
vt -0.608056 0.673746
vt 1.039430 0.673757
vt 1.039428 0.699505
vt -0.608057 0.647963
vt 1.039431 0.647958
vt -0.608058 0.622153
vt 1.039431 0.622149
vt -0.608058 0.596340
vt 1.039431 0.596340
vt -0.608058 0.570528
vt 1.039431 0.570532
vt -0.608057 0.544718
vt 1.039431 0.544723
vt -0.608056 0.518935
vt 1.039430 0.518924
vt -0.608056 0.493260
vt 1.039428 0.493176
vt -1.394356 0.309436
vt 1.917297 0.309436
vt 1.917297 0.255351
vt -1.394355 0.255350
vt 1.844930 0.368957
vt -1.468500 0.368957
vt 1.844930 0.427403
vt -1.468499 0.427403
vt 1.917297 0.484741
vt -1.394355 0.484741
vt -1.467358 0.309436
vt 1.839084 0.309436
vt 1.839084 0.255351
vt -1.467357 0.255350
vt 1.910805 0.368957
vt -1.394401 0.368957
vt 1.910806 0.427403
vt -1.394401 0.427403
vt 1.839084 0.484741
vt -1.467357 0.484741
vt -0.461411 0.666184
vt -0.461410 0.648808
vt 1.966167 0.648820
vt 1.966164 0.666194
vt -0.461411 0.631325
vt 1.966169 0.631322
vt -0.461411 0.613833
vt 1.966169 0.613830
vt -0.461411 0.596340
vt 1.966169 0.596340
vt -0.461411 0.578848
vt 1.966169 0.578851
vt -0.461411 0.561356
vt 1.966169 0.561359
vt -0.461410 0.543873
vt 1.966167 0.543861
vt -0.461411 0.526497
vt 1.966164 0.526487
vn 1.000000 0.000000 0.000000
vn 1.000000 0.000000 0.000000
vn 1.000000 0.000000 0.000000
vn 1.000000 0.000000 0.000000
vn 0.000000 0.000000 1.000000
vn 0.000000 0.000000 1.000000
vn 0.000000 0.000000 1.000000
vn 0.000000 0.000000 1.000000
vn 0.000000 0.000000 -1.000000
vn 0.000000 0.000000 -1.000000
vn 0.000000 0.000000 -1.000000
vn 0.000000 0.000000 -1.000000
vn -1.000000 0.000000 0.000000
vn -1.000000 0.000000 0.000000
vn -1.000000 0.000000 0.000000
vn -1.000000 0.000000 0.000000
vn 1.000000 0.000000 0.000008
vn 0.707145 0.000000 -0.707068
vn 0.707145 0.000000 -0.707068
vn 1.000000 0.000000 0.000008
vn 0.000000 0.000000 -1.000000
vn 0.000000 0.000000 -1.000000
vn -0.707040 0.000000 -0.707173
vn -0.707040 0.000000 -0.707173
vn -1.000000 0.000000 0.000008
vn -1.000000 0.000000 0.000008
vn -0.707045 0.000000 0.707169
vn -0.707045 0.000000 0.707169
vn 0.000000 0.000000 1.000000
vn 0.000000 0.000000 1.000000
vn 0.707150 0.000000 0.707064
vn 0.707150 0.000000 0.707064
vn -1.000000 -0.000061 -0.000656
vn -1.000000 -0.000091 -0.000296
vn -1.000000 -0.000091 -0.000296
vn -1.000000 -0.000061 -0.000656
vn -0.999999 0.000033 0.001123
vn -0.999999 0.000033 0.001123
vn 0.000000 0.989205 -0.146538
vn 0.000000 0.997274 -0.073782
vn 0.000000 0.997274 -0.073782
vn 0.000000 0.989205 -0.146538
vn 0.000000 0.999365 -0.035631
vn 0.000000 0.999365 -0.035631
vn 1.000000 -0.000029 -0.000666
vn 1.000000 0.000005 -0.000286
vn 1.000000 0.000005 -0.000286
vn 1.000000 -0.000029 -0.000666
vn 0.999999 0.000164 0.001164
vn 0.999999 0.000164 0.001164
vn 0.000000 -0.989403 0.145194
vn 0.000000 -0.997319 0.073177
vn 0.000000 -0.997319 0.073177
vn 0.000000 -0.989403 0.145194
vn 0.000000 -0.999290 0.037687
vn 0.000000 -0.999290 0.037687
vn 0.000000 -0.983370 0.181615
vn 0.000000 -0.983370 0.181615
vn -1.000000 0.000093 0.000403
vn -1.000000 0.000093 0.000403
vn 0.000000 0.983470 -0.181071
vn 0.000000 0.983470 -0.181071
vn 1.000000 0.000097 0.000403
vn 1.000000 0.000097 0.000403
vn -0.700081 -0.706544 0.103359
vn -1.000000 0.000121 0.000004
vn -1.000000 0.000069 0.000004
vn -0.699872 -0.702675 0.128170
vn -0.699825 0.702727 -0.128140
vn -0.699992 0.706635 -0.103330
vn -0.700086 -0.712137 0.052344
vn -1.000000 0.000095 0.000002
vn -0.700012 0.712211 -0.052329
vn -0.699844 -0.713817 0.026170
vn -1.000000 0.000016 0.000001
vn -0.699824 0.713836 -0.026164
vn 0.000156 0.989472 -0.144725
vn 0.000154 0.983773 -0.179417
vn 0.699693 0.702849 -0.128195
vn 0.699902 0.706717 -0.103379
vn 0.000159 0.997310 -0.073294
vn 0.699942 0.712278 -0.052355
vn 0.000159 0.999329 -0.036634
vn 0.699732 0.713926 -0.026177
vn 1.000000 -0.000000 0.000002
vn 1.000000 0.000064 0.000004
vn 0.699723 -0.702815 0.128213
vn 0.699896 -0.706722 0.103393
vn 1.000000 -0.000105 0.000001
vn 0.699863 -0.712355 0.052361
vn 1.000000 -0.000145 -0.000000
vn 0.699618 -0.714037 0.026177
vn 0.000144 -0.989468 0.144752
vn 0.000134 -0.983768 0.179444
vn 0.000143 -0.997309 0.073311
vn 0.000134 -0.999328 0.036641
vn -1.000000 0.000000 0.000000
vn -1.000000 0.000000 0.000000
vn -1.000000 0.000000 0.000000
vn -1.000000 0.000000 0.000000
vn 1.000000 0.000000 0.000000
vn 1.000000 0.000000 0.000000
vn 1.000000 0.000000 0.000000
vn 1.000000 0.000000 0.000000
vn 0.000000 0.000000 1.000000
vn 0.000000 0.000000 1.000000
vn 0.000000 0.000000 1.000000
vn 0.000000 0.000000 1.000000
vn 0.000000 0.000000 -1.000000
vn 0.000000 0.000000 -1.000000
vn 0.000000 0.000000 -1.000000
vn 0.000000 0.000000 -1.000000
vn 0.707147 0.000000 0.707066
vn 1.000000 0.000000 0.000000
vn 1.000000 0.000000 0.000000
vn 0.707147 0.000000 0.707066
vn 0.707144 0.000000 -0.707069
vn 0.707144 0.000000 -0.707069
vn 0.000000 0.000000 -1.000000
vn 0.000000 0.000000 -1.000000
vn -0.707039 0.000000 -0.707174
vn -0.707039 0.000000 -0.707174
vn -1.000000 0.000000 0.000000
vn -1.000000 0.000000 0.000000
vn -0.707043 0.000000 0.707171
vn -0.707043 0.000000 0.707171
vn 0.000000 0.000000 1.000000
vn 0.000000 0.000000 1.000000
vn 0.363129 -0.858049 0.363166
vn 0.633874 -0.443102 0.633928
vn 0.000091 -0.443190 0.896428
vn 0.000050 -0.858102 0.513480
vn -0.633839 -0.443275 0.633842
vn -0.363024 -0.858153 0.363026
vn -0.896355 -0.443336 -0.000000
vn -0.513389 -0.858156 0.000001
vn -0.633826 -0.443291 -0.633843
vn -0.363029 -0.858143 -0.363043
vn 0.000089 -0.443194 -0.896426
vn 0.000050 -0.858081 -0.513515
vn 0.633871 -0.443092 -0.633937
vn 0.363134 -0.858039 -0.363184
vn 0.896483 -0.443079 -0.000000
vn 0.513529 -0.858072 0.000000
vn 0.529162 0.663305 0.529164
vn 0.000075 0.663321 0.748335
vn -0.529140 0.663322 0.529164
vn -0.748385 0.663265 -0.000001
vn -0.529145 0.663320 -0.529162
vn 0.000084 0.663318 -0.748337
vn 0.529159 0.663305 -0.529166
vn 0.748288 0.663373 -0.000000
vn 0.475545 0.740130 0.475462
vn 0.000037 0.740208 0.672378
vn -0.475384 0.740238 0.475455
vn -0.672316 0.740265 0.000000
vn -0.475385 0.740237 -0.475456
vn 0.000042 0.740204 -0.672382
vn 0.475540 0.740132 -0.475464
vn 0.672556 0.740047 0.000001
vn 0.491229 0.719349 0.491154
vn 0.000021 0.719376 0.694621
vn -0.491148 0.719369 0.491206
vn -0.694585 0.719410 0.000018
vn -0.491117 0.719383 -0.491215
vn 0.000008 0.719372 -0.694625
vn 0.491182 0.719398 -0.491128
vn 0.694683 0.719316 0.000019
vn 0.698323 0.157962 0.698135
vn 0.000075 0.157877 0.987459
vn -0.698245 0.157838 0.698242
vn -0.987462 0.157858 0.000050
vn -0.698203 0.157853 -0.698281
vn 0.000049 0.157887 -0.987457
vn 0.698315 0.158033 -0.698127
vn 0.987436 0.158019 0.000024
vn 0.510838 -0.691530 0.510716
vn 0.000057 -0.691520 0.722358
vn -0.510758 -0.691548 0.510772
vn -0.722343 -0.691535 0.000003
vn -0.510741 -0.691571 -0.510757
vn 0.000057 -0.691547 -0.722331
vn 0.510844 -0.691532 -0.510708
vn 0.722381 -0.691495 -0.000005
vn 0.677983 0.284184 0.677922
vn 0.000063 0.284205 0.958764
vn -0.677934 0.284187 0.677970
vn -0.958773 0.284173 -0.000008
vn -0.677945 0.284200 -0.677954
vn 0.000077 0.284195 -0.958767
vn 0.677981 0.284184 -0.677924
vn 0.958774 0.284170 -0.000000
vn 0.378404 0.844758 0.378410
vn 0.000078 0.844801 0.535080
vn -0.378329 0.844814 0.378361
vn -0.535067 0.844809 0.000000
vn -0.378323 0.844820 -0.378352
vn 0.000087 0.844800 -0.535083
vn 0.378408 0.844751 -0.378423
vn 0.535125 0.844773 0.000000
vn 0.000115 1.000000 -0.000007
vn 0.513601 -0.858029 0.000000
vn 0.896479 -0.443087 0.000003
vn 0.633874 -0.443129 0.633910
vn 0.363166 -0.858026 0.363182
vn 0.000081 -0.443193 0.896426
vn 0.000036 -0.858079 0.513517
vn -0.633829 -0.443280 0.633848
vn -0.363038 -0.858133 0.363058
vn -0.896356 -0.443335 0.000002
vn -0.513392 -0.858154 0.000000
vn -0.633828 -0.443290 -0.633842
vn -0.363032 -0.858143 -0.363041
vn 0.000085 -0.443202 -0.896422
vn 0.000043 -0.858090 -0.513499
vn 0.633882 -0.443082 -0.633934
vn 0.363160 -0.858029 -0.363183
vn 0.748328 0.663329 0.000003
vn 0.529190 0.663269 0.529180
vn 0.000069 0.663302 0.748352
vn -0.529152 0.663296 0.529185
vn -0.748390 0.663259 0.000002
vn -0.529147 0.663314 -0.529167
vn 0.000090 0.663301 -0.748353
vn 0.529163 0.663292 -0.529179
vn 0.672372 0.740214 0.000009
vn 0.475506 0.740201 0.475391
vn 0.000036 0.740189 0.672399
vn -0.475350 0.740269 0.475441
vn -0.672280 0.740297 -0.000010
vn -0.475379 0.740249 -0.475444
vn 0.000051 0.740208 -0.672378
vn 0.475467 0.740240 -0.475369
vn 0.694532 0.719462 0.000009
vn 0.491193 0.719432 0.491067
vn 0.000044 0.719405 0.694591
vn -0.491101 0.719439 0.491149
vn -0.694546 0.719448 0.000009
vn -0.491108 0.719402 -0.491197
vn 0.000032 0.719377 -0.694620
vn 0.491155 0.719472 -0.491046
vn 0.987457 0.157887 0.000001
vn 0.698324 0.157913 0.698145
vn 0.000112 0.157935 0.987450
vn -0.698251 0.157859 0.698231
vn -0.987464 0.157842 0.000026
vn -0.698200 0.157887 -0.698275
vn 0.000100 0.157875 -0.987459
vn 0.698305 0.157898 -0.698168
vn 0.722281 -0.691600 -0.000009
vn 0.510760 -0.691622 0.510670
vn 0.000046 -0.691552 0.722326
vn -0.510757 -0.691541 0.510781
vn -0.722349 -0.691529 -0.000003
vn -0.510762 -0.691540 -0.510779
vn 0.000058 -0.691541 -0.722337
vn 0.510795 -0.691569 -0.510707
vn 0.958779 0.284152 -0.000027
vn 0.677982 0.284130 0.677946
vn 0.000042 0.284184 0.958770
vn -0.677929 0.284222 0.677960
vn -0.958766 0.284199 0.000002
vn -0.677939 0.284214 -0.677953
vn 0.000068 0.284194 -0.958767
vn 0.677983 0.284177 -0.677925
vn 0.535051 0.844820 0.000009
vn 0.378382 0.844777 0.378389
vn 0.000068 0.844801 0.535080
vn -0.378338 0.844805 0.378371
vn -0.535067 0.844810 0.000000
vn -0.378322 0.844822 -0.378350
vn 0.000101 0.844783 -0.535108
vn 0.378370 0.844768 -0.378423
vn 0.000088 1.000000 -0.000011
vn -1.000000 -0.000000 0.000000
vn -1.000000 0.000003 0.000010
vn -1.000000 0.000003 0.000010
vn -1.000000 -0.000000 0.000000
vn -1.000000 0.000015 0.000020
vn -1.000000 0.000015 0.000020
vn 0.000000 0.986776 -0.162090
vn 0.000000 0.996798 -0.079968
vn 0.000000 0.996798 -0.079968
vn 0.000000 0.986776 -0.162090
vn 0.000000 0.999210 -0.039734
vn 0.000000 0.999210 -0.039734
vn 1.000000 -0.000044 0.000000
vn 1.000000 -0.000032 0.000000
vn 1.000000 -0.000032 0.000000
vn 1.000000 -0.000044 0.000000
vn 1.000000 -0.000028 0.000000
vn 1.000000 -0.000028 0.000000
vn 0.000000 -0.986776 0.162090
vn 0.000000 -0.996783 0.080146
vn 0.000000 -0.996783 0.080146
vn 0.000000 -0.986776 0.162090
vn 0.000000 -0.999196 0.040088
vn 0.000000 -0.999196 0.040088
vn 0.000000 -0.247401 -0.968913
vn 0.000000 -0.247401 -0.968913
vn 0.000000 -0.247401 -0.968913
vn 0.000000 -0.247401 -0.968913
vn 0.000000 -0.979010 0.203813
vn 0.000000 -0.979010 0.203813
vn -1.000000 0.000008 0.000000
vn -1.000000 0.000008 0.000000
vn 0.000000 0.979009 -0.203815
vn 0.000000 0.979009 -0.203815
vn 1.000000 -0.000051 0.000000
vn 1.000000 -0.000051 0.000000
vn -1.000000 -0.000073 0.000000
vn -1.000000 -0.000019 0.000000
vn -0.993886 0.110066 -0.008692
vn -0.993864 0.109148 -0.017931
vn -1.000000 -0.000044 0.000000
vn -0.993891 0.110293 -0.003926
vn 0.000000 0.986788 -0.162018
vn 0.000000 0.996897 -0.078714
vn 0.000000 0.996897 -0.078714
vn 0.000000 0.986788 -0.162018
vn 0.000000 0.999359 -0.035787
vn 0.000000 0.999359 -0.035787
vn 0.993825 0.109490 -0.017981
vn 0.993840 0.110486 -0.008716
vn 1.000000 0.000022 0.000000
vn 1.000000 0.000001 0.000000
vn 0.993845 0.110713 -0.003937
vn 1.000000 0.000027 0.000000
vn 0.000000 -0.986787 0.162023
vn 0.000000 -0.996898 0.078699
vn 0.000000 -0.996898 0.078699
vn 0.000000 -0.986787 0.162023
vn 0.000000 -0.999361 0.035734
vn 0.000000 -0.999361 0.035734
vn 0.000000 -0.247394 -0.968915
vn 0.000000 -0.247394 -0.968915
vn 0.000000 -0.247407 -0.968912
vn 0.000000 -0.247407 -0.968912
vn 0.000000 -0.979333 0.202256
vn 0.000000 -0.979333 0.202256
vn -0.993849 0.108457 -0.022404
vn -1.000000 -0.000151 0.000000
vn 0.000000 0.979330 -0.202269
vn 0.000000 0.979330 -0.202269
vn 1.000000 -0.000015 0.000000
vn 0.993818 0.108721 -0.022468
vn 0.000000 -0.247420 -0.968908
vn 0.000000 -0.247420 -0.968908
vn 0.975347 0.216112 -0.044658
vn 0.975376 0.217631 -0.035741
vn 0.975437 0.219595 -0.017325
vn 0.975460 0.220037 -0.007826
vn -0.975630 0.219282 -0.007805
vn -0.975615 0.218810 -0.017278
vn -0.975514 0.217031 -0.035642
vn -0.975438 0.215727 -0.044532
vn 0.000000 0.000000 1.000000
vn 0.707150 0.000000 0.707064
vn 0.707150 0.000000 0.707064
vn 0.000000 0.000000 1.000000
vn 1.000000 0.000000 0.000008
vn 1.000000 0.000000 0.000008
vn 0.707145 0.000000 -0.707068
vn 0.707145 0.000000 -0.707068
vn 0.000000 0.000000 -1.000000
vn 0.000000 0.000000 -1.000000
vn -0.707145 0.000000 -0.707068
vn -0.707145 0.000000 -0.707068
vn -1.000000 0.000000 0.000008
vn -1.000000 0.000000 0.000008
vn -0.707150 0.000000 0.707064
vn -0.707150 0.000000 0.707064
vn -1.000000 -0.000061 -0.000656
vn -1.000000 -0.000072 -0.000483
vn -1.000000 -0.000072 -0.000483
vn -1.000000 -0.000061 -0.000656
vn -1.000000 0.000054 0.000749
vn -1.000000 0.000054 0.000749
vn 0.000000 0.989205 -0.146539
vn 0.000000 0.997291 -0.073555
vn 0.000000 0.997291 -0.073555
vn 0.000000 0.989205 -0.146539
vn 0.000000 0.999381 -0.035179
vn 0.000000 0.999381 -0.035179
vn 1.000000 -0.000060 -0.000667
vn 0.999999 -0.000046 0.001388
vn 0.999999 -0.000046 0.001388
vn 1.000000 -0.000060 -0.000667
vn 0.999990 0.000140 0.004492
vn 0.999990 0.000140 0.004492
vn 0.000000 -0.989403 0.145194
vn 0.000000 -0.997444 0.071456
vn 0.000000 -0.997444 0.071456
vn 0.000000 -0.989403 0.145194
vn 0.000000 -0.999414 0.034241
vn 0.000000 -0.999414 0.034241
vn 0.000000 -0.983369 0.181619
vn 0.000000 -0.983369 0.181619
vn -1.000000 0.000076 0.000403
vn -1.000000 0.000076 0.000403
vn 0.000000 0.983469 -0.181075
vn 0.000000 0.983469 -0.181075
vn 1.000000 0.000112 0.000382
vn 1.000000 0.000112 0.000382
vn -0.700134 -0.706490 0.103365
vn -1.000000 0.000079 0.000003
vn -1.000000 -0.000015 0.000002
vn -0.699878 -0.702668 0.128175
vn -0.699880 0.702671 -0.128144
vn -0.700077 0.706550 -0.103338
vn -0.700117 -0.712106 0.052346
vn -1.000000 0.000020 0.000002
vn -0.700095 0.712129 -0.052336
vn -0.699804 -0.713855 0.026171
vn -1.000000 -0.000133 0.000000
vn -0.699876 0.713785 -0.026166
vn 0.000053 0.989474 -0.144710
vn 0.000053 0.983778 -0.179393
vn 0.699761 0.702787 -0.128155
vn 0.699954 0.706671 -0.103347
vn 0.000070 0.997311 -0.073291
vn 0.699992 0.712230 -0.052345
vn 0.000087 0.999329 -0.036634
vn 0.699797 0.713862 -0.026179
vn 1.000000 -0.000011 0.000002
vn 1.000000 0.000033 0.000003
vn 0.699804 -0.702738 0.128196
vn 0.699968 -0.706652 0.103378
vn 1.000000 -0.000071 -0.000004
vn 0.699962 -0.712259 0.052352
vn 1.000000 -0.000086 -0.000010
vn 0.699751 -0.713907 0.026170
vn 0.000083 -0.989467 0.144758
vn 0.000067 -0.983766 0.179458
vn 0.000087 -0.997309 0.073312
vn 0.000076 -0.999328 0.036645
vn -1.000000 0.000000 0.000000
vn -1.000000 0.000000 0.000000
vn -1.000000 0.000000 0.000000
vn -1.000000 0.000000 0.000000
vn 1.000000 0.000000 0.000000
vn 1.000000 0.000000 0.000000
vn 1.000000 0.000000 0.000000
vn 1.000000 0.000000 0.000000
vn 0.000000 0.000000 1.000000
vn 0.000000 0.000000 1.000000
vn 0.000000 0.000000 1.000000
vn 0.000000 0.000000 1.000000
vn 0.000000 0.000000 -1.000000
vn 0.000000 0.000000 -1.000000
vn 0.000000 0.000000 -1.000000
vn 0.000000 0.000000 -1.000000
vn -0.707146 0.000000 0.707068
vn 0.000000 0.000000 1.000000
vn 0.000000 0.000000 1.000000
vn -0.707146 0.000000 0.707068
vn 0.707146 0.000000 0.707068
vn 0.707146 0.000000 0.707068
vn 1.000000 0.000000 -0.000004
vn 1.000000 0.000000 -0.000004
vn 0.707146 0.000000 -0.707068
vn 0.707146 0.000000 -0.707068
vn 0.000000 0.000000 -1.000000
vn 0.000000 0.000000 -1.000000
vn -0.707146 0.000000 -0.707068
vn -0.707146 0.000000 -0.707068
vn -1.000000 0.000000 -0.000004
vn -1.000000 0.000000 -0.000004
vn -0.363040 -0.858131 0.363060
vn -0.633868 -0.443235 0.633841
vn -0.896407 -0.443233 -0.000021
vn -0.513459 -0.858114 -0.000027
vn -0.633875 -0.443255 -0.633819
vn -0.363097 -0.858102 -0.363072
vn 0.000022 -0.443185 -0.896430
vn -0.000007 -0.858117 -0.513455
vn 0.633893 -0.443121 -0.633895
vn 0.363089 -0.858112 -0.363056
vn 0.896500 -0.443045 -0.000014
vn 0.513495 -0.858093 -0.000015
vn 0.633899 -0.443082 0.633917
vn 0.363067 -0.858121 0.363057
vn 0.000021 -0.443165 0.896440
vn -0.000008 -0.858096 0.513490
vn -0.529145 0.663366 0.529104
vn -0.748360 0.663292 -0.000004
vn -0.529167 0.663337 -0.529119
vn 0.000053 0.663356 -0.748304
vn 0.529129 0.663341 -0.529151
vn 0.748266 0.663399 -0.000005
vn 0.529103 0.663389 0.529118
vn 0.000043 0.663357 0.748303
vn -0.475429 0.740174 0.475510
vn -0.672385 0.740201 -0.000003
vn -0.475412 0.740201 -0.475485
vn 0.000038 0.740173 -0.672416
vn 0.475482 0.740126 -0.475532
vn 0.672427 0.740163 0.000006
vn 0.475505 0.740115 0.475526
vn 0.000022 0.740173 0.672417
vn -0.491192 0.719287 0.491281
vn -0.694654 0.719344 0.000015
vn -0.491141 0.719339 -0.491256
vn 0.000021 0.719282 -0.694718
vn 0.491208 0.719297 -0.491250
vn 0.694655 0.719343 0.000007
vn 0.491225 0.719307 0.491218
vn -0.000003 0.719314 0.694686
vn -0.698207 0.157873 0.698272
vn -0.987452 0.157921 0.000032
vn -0.698164 0.157937 -0.698300
vn 0.000012 0.157879 -0.987459
vn 0.698264 0.157894 -0.698210
vn 0.987449 0.157937 0.000010
vn 0.698291 0.157959 0.698168
vn -0.000012 0.157911 0.987453
vn -0.510727 -0.691550 0.510801
vn -0.722287 -0.691593 -0.000002
vn -0.510727 -0.691540 -0.510813
vn 0.000008 -0.691524 -0.722354
vn 0.510780 -0.691521 -0.510786
vn 0.722354 -0.691523 -0.000001
vn 0.510776 -0.691533 0.510774
vn 0.000010 -0.691543 0.722335
vn -0.677916 0.284140 0.678008
vn -0.958786 0.284128 -0.000002
vn -0.677911 0.284127 -0.678018
vn 0.000026 0.284153 -0.958779
vn 0.677930 0.284152 -0.677989
vn 0.958774 0.284169 -0.000022
vn 0.677922 0.284142 0.678001
vn 0.000029 0.284153 0.958779
vn -0.378298 0.844842 0.378329
vn -0.535026 0.844836 -0.000000
vn -0.378301 0.844836 -0.378339
vn 0.000045 0.844800 -0.535082
vn 0.378340 0.844823 -0.378329
vn 0.535058 0.844815 0.000010
vn 0.378370 0.844803 0.378344
vn 0.000049 0.844806 0.535072
vn 0.000078 1.000000 0.000012
vn -0.000014 -0.858106 0.513472
vn 0.000017 -0.443174 0.896435
vn -0.633868 -0.443264 0.633821
vn -0.363077 -0.858111 0.363072
vn -0.896398 -0.443251 0.000011
vn -0.513427 -0.858133 0.000013
vn -0.633854 -0.443251 -0.633844
vn -0.363043 -0.858123 -0.363076
vn 0.000020 -0.443168 -0.896438
vn -0.000007 -0.858075 -0.513525
vn 0.633897 -0.443072 -0.633925
vn 0.363074 -0.858112 -0.363073
vn 0.896490 -0.443064 0.000007
vn 0.513462 -0.858113 0.000001
vn 0.633882 -0.443141 0.633892
vn 0.363058 -0.858133 0.363039
vn 0.000047 0.663340 0.748319
vn -0.529136 0.663357 0.529125
vn -0.748300 0.663360 0.000003
vn -0.529115 0.663386 -0.529109
vn 0.000046 0.663336 -0.748321
vn 0.529139 0.663348 -0.529134
vn 0.748271 0.663394 -0.000038
vn 0.529094 0.663371 0.529149
vn 0.000012 0.740157 0.672434
vn -0.475434 0.740147 0.475547
vn -0.672358 0.740226 0.000011
vn -0.475402 0.740189 -0.475513
vn 0.000013 0.740192 -0.672396
vn 0.475488 0.740150 -0.475488
vn 0.672393 0.740194 -0.000043
vn 0.475423 0.740189 0.475493
vn -0.000006 0.719315 0.694685
vn -0.491194 0.719265 0.491312
vn -0.694692 0.719307 -0.000007
vn -0.491202 0.719268 -0.491298
vn -0.000008 0.719317 -0.694682
vn 0.491171 0.719369 -0.491183
vn 0.694586 0.719410 0.000007
vn 0.491142 0.719383 0.491189
vn 0.000004 0.157880 0.987458
vn -0.698184 0.157962 0.698275
vn -0.987447 0.157954 -0.000014
vn -0.698197 0.157891 -0.698278
vn -0.000009 0.157893 -0.987456
vn 0.698284 0.157929 -0.698181
vn 0.987443 0.157978 0.000071
vn 0.698241 0.157922 0.698227
vn 0.000017 -0.691562 0.722317
vn -0.510732 -0.691547 0.510799
vn -0.722295 -0.691585 0.000006
vn -0.510730 -0.691539 -0.510812
vn 0.000005 -0.691539 -0.722339
vn 0.510789 -0.691523 -0.510775
vn 0.722361 -0.691516 0.000027
vn 0.510766 -0.691536 0.510780
vn 0.000031 0.284167 0.958775
vn -0.677914 0.284095 0.678029
vn -0.958799 0.284085 -0.000018
vn -0.677928 0.284118 -0.678005
vn 0.000025 0.284166 -0.958775
vn 0.677937 0.284156 -0.677979
vn 0.958774 0.284170 0.000001
vn 0.677929 0.284177 0.677980
vn 0.000050 0.844806 0.535072
vn -0.378294 0.844846 0.378325
vn -0.535044 0.844824 -0.000007
vn -0.378339 0.844805 -0.378371
vn 0.000021 0.844796 -0.535088
vn 0.378377 0.844806 -0.378330
vn 0.535130 0.844770 -0.000000
vn 0.378395 0.844788 0.378352
vn 0.000099 1.000000 -0.000014
vn 1.000000 0.000000 0.000000
vn 1.000000 0.000000 0.000000
vn 1.000000 0.000000 0.000000
vn 1.000000 0.000000 0.000000
vn 0.000000 0.000000 1.000000
vn 0.000000 0.000000 1.000000
vn 0.000000 0.000000 1.000000
vn 0.000000 0.000000 1.000000
vn 0.000000 0.000000 -1.000000
vn 0.000000 0.000000 -1.000000
vn 0.000000 0.000000 -1.000000
vn 0.000000 0.000000 -1.000000
vn -1.000000 0.000000 0.000000
vn -1.000000 0.000000 0.000000
vn -1.000000 0.000000 0.000000
vn -1.000000 0.000000 0.000000
vn -1.000000 0.000000 0.000000
vn -1.000000 0.000001 0.000000
vn -1.000000 0.000001 0.000000
vn -1.000000 0.000000 0.000000
vn -1.000000 0.000003 0.000000
vn -1.000000 0.000003 0.000000
vn 0.000000 0.986776 -0.162088
vn 0.000000 0.996843 -0.079395
vn 0.000000 0.996843 -0.079395
vn 0.000000 0.986776 -0.162088
vn 0.000000 0.999256 -0.038582
vn 0.000000 0.999256 -0.038582
vn 1.000000 0.000021 0.000000
vn 1.000000 -0.000009 0.000000
vn 1.000000 -0.000009 0.000000
vn 1.000000 0.000021 0.000000
vn 1.000000 -0.000017 0.000000
vn 1.000000 -0.000017 0.000000
vn 0.000000 -0.986777 0.162086
vn 0.000000 -0.996787 0.080094
vn 0.000000 -0.996787 0.080094
vn 0.000000 -0.986777 0.162086
vn 0.000000 -0.999200 0.039983
vn 0.000000 -0.999200 0.039983
vn 0.000000 -0.247410 -0.968911
vn 0.000000 -0.247410 -0.968911
vn 0.000000 -0.247410 -0.968911
vn 0.000000 -0.247410 -0.968911
vn 0.000000 -0.979011 0.203806
vn 0.000000 -0.979011 0.203806
vn -1.000000 0.000000 0.000000
vn -1.000000 0.000000 0.000000
vn 0.000000 0.979011 -0.203808
vn 0.000000 0.979011 -0.203808
vn 1.000000 0.000043 0.000000
vn 1.000000 0.000043 0.000000
vn -1.000000 -0.000002 0.000000
vn -1.000000 -0.000013 0.000000
vn -0.993878 0.110143 -0.008692
vn -0.993859 0.109188 -0.017931
vn -1.000000 0.000013 0.000000
vn -0.993883 0.110372 -0.003927
vn 0.000000 0.986788 -0.162018
vn 0.000000 0.996897 -0.078720
vn 0.000000 0.996897 -0.078720
vn 0.000000 0.986788 -0.162018
vn 0.000000 0.999359 -0.035793
vn 0.000000 0.999359 -0.035793
vn 0.993841 0.109355 -0.017956
vn 0.993871 0.110202 -0.008705
vn 1.000000 -0.000025 0.000000
vn 1.000000 0.000036 0.000000
vn 0.993883 0.110366 -0.003935
vn 1.000000 -0.000030 0.000000
vn 0.000000 -0.986788 0.162017
vn 0.000000 -0.996898 0.078703
vn 0.000000 -0.996898 0.078703
vn 0.000000 -0.986788 0.162017
vn 0.000000 -0.999361 0.035742
vn 0.000000 -0.999361 0.035742
vn 0.000000 -0.247394 -0.968915
vn 0.000000 -0.247394 -0.968915
vn 0.000000 -0.247400 -0.968913
vn 0.000000 -0.247400 -0.968913
vn 0.000000 -0.979335 0.202244
vn 0.000000 -0.979335 0.202244
vn -0.993848 0.108461 -0.022405
vn -1.000000 0.000035 0.000000
vn 0.000000 0.979331 -0.202263
vn 0.000000 0.979331 -0.202263
vn 1.000000 0.000092 0.000000
vn 0.993825 0.108671 -0.022436
vn 0.000000 -0.247406 -0.968912
vn 0.000000 -0.247406 -0.968912
vn 0.975394 0.215911 -0.044595
vn 0.975445 0.217332 -0.035692
vn 0.975553 0.219083 -0.017304
vn 0.975601 0.219411 -0.007822
vn -0.975608 0.219380 -0.007806
vn -0.975582 0.218955 -0.017278
vn -0.975512 0.217041 -0.035642
vn -0.975476 0.215554 -0.044534
vn 0.000000 0.994073 -0.108712
vn 0.000000 0.994073 -0.108712
vn 0.000000 0.994073 -0.108712
vn 0.000000 0.994073 -0.108712
vn 0.000000 -0.994073 0.108712
vn 0.000000 -0.994073 0.108712
vn 0.000000 -0.994073 0.108712
vn 0.000000 -0.994073 0.108712
vn 0.000000 0.098766 0.995111
vn 0.000000 0.098766 0.995111
vn 0.000000 0.098766 0.995111
vn 0.000000 0.098766 0.995111
vn 0.000000 -0.122099 -0.992518
vn 0.000000 -0.122099 -0.992518
vn 0.000000 -0.122099 -0.992518
vn 0.000000 -0.122099 -0.992518
vn 0.000000 0.991126 -0.132925
vn 0.000000 0.991126 -0.132925
vn 0.000000 0.991126 -0.132925
vn 0.000000 0.991126 -0.132925
vn 0.000000 -0.991126 0.132925
vn 0.000000 -0.991126 0.132925
vn 0.000000 -0.991126 0.132925
vn 0.000000 -0.991126 0.132925
vn 0.000000 0.123396 0.992357
vn 0.000000 0.123396 0.992357
vn 0.000000 0.123396 0.992357
vn 0.000000 0.123396 0.992357
vn 0.000000 -0.146637 -0.989190
vn 0.000000 -0.146637 -0.989190
vn 0.000000 -0.146637 -0.989190
vn 0.000000 -0.146637 -0.989190
vn 0.000000 0.983464 -0.181106
vn 0.000000 0.983464 -0.181106
vn 0.000000 0.983464 -0.181106
vn 0.000000 0.983464 -0.181106
vn 0.000000 -0.983463 0.181107
vn 0.000000 -0.983463 0.181107
vn 0.000000 -0.983463 0.181107
vn 0.000000 -0.983463 0.181107
vn 0.000000 0.172372 0.985032
vn 0.000000 0.172372 0.985032
vn 0.000000 0.172372 0.985032
vn 0.000000 0.172372 0.985032
vn 0.000000 -0.195439 -0.980716
vn 0.000000 -0.195439 -0.980716
vn 0.000000 -0.195439 -0.980716
vn 0.000000 -0.195439 -0.980716
vn 0.000000 0.978654 -0.205516
vn 0.000000 0.978654 -0.205516
vn 0.000000 0.978654 -0.205516
vn 0.000000 0.978654 -0.205516
vn 0.000000 -0.978654 0.205515
vn 0.000000 -0.978654 0.205515
vn 0.000000 -0.978654 0.205515
vn 0.000000 -0.978654 0.205515
vn 0.000000 0.197193 0.980365
vn 0.000000 0.197193 0.980365
vn 0.000000 0.197193 0.980365
vn 0.000000 0.197193 0.980365
vn 0.000000 -0.220120 -0.975473
vn 0.000000 -0.220120 -0.975473
vn 0.000000 -0.220120 -0.975473
vn 0.000000 -0.220120 -0.975473
vn 0.000000 0.972707 -0.232039
vn 0.000000 0.972707 -0.232039
vn 0.000000 0.972707 -0.232039
vn 0.000000 0.972707 -0.232039
vn 0.000000 -0.972706 0.232039
vn 0.000000 -0.972706 0.232039
vn 0.000000 -0.972706 0.232039
vn 0.000000 -0.972706 0.232039
vn 0.000000 0.224154 0.974554
vn 0.000000 0.224154 0.974554
vn 0.000000 0.224154 0.974554
vn 0.000000 0.224154 0.974554
vn 0.000000 -0.246937 -0.969032
vn 0.000000 -0.246937 -0.969032
vn 0.000000 -0.246937 -0.969032
vn 0.000000 -0.246937 -0.969032
vn 0.000000 0.987589 -0.157061
vn 0.000000 0.987589 -0.157061
vn 0.000000 0.987589 -0.157061
vn 0.000000 0.987589 -0.157061
vn 0.000000 -0.987589 0.157061
vn 0.000000 -0.987589 0.157061
vn 0.000000 -0.987589 0.157061
vn 0.000000 -0.987589 0.157061
vn 0.000000 0.147925 0.988999
vn 0.000000 0.147925 0.988999
vn 0.000000 0.147925 0.988999
vn 0.000000 0.147925 0.988999
vn 0.000000 -0.171084 -0.985256
vn 0.000000 -0.171084 -0.985256
vn 0.000000 -0.171084 -0.985256
vn 0.000000 -0.171084 -0.985256
vn 0.000000 0.996429 -0.084436
vn 0.000000 0.996429 -0.084436
vn 0.000000 0.996429 -0.084436
vn 0.000000 0.996429 -0.084436
vn 0.000000 -0.996429 0.084436
vn 0.000000 -0.996429 0.084436
vn 0.000000 -0.996429 0.084436
vn 0.000000 -0.996429 0.084436
vn 0.000000 0.074094 0.997251
vn 0.000000 0.074094 0.997251
vn 0.000000 0.074094 0.997251
vn 0.000000 0.074094 0.997251
vn 0.000000 -0.097468 -0.995239
vn 0.000000 -0.097468 -0.995239
vn 0.000000 -0.097468 -0.995239
vn 0.000000 -0.097468 -0.995239
vn 0.000000 0.999935 -0.011374
vn 0.000000 0.999935 -0.011374
vn 0.000000 0.999935 -0.011374
vn 0.000000 0.999935 -0.011374
vn 0.000000 -0.999935 0.011374
vn 0.000000 -0.999935 0.011374
vn 0.000000 -0.999935 0.011374
vn 0.000000 -0.999935 0.011374
vn 0.000000 -0.000176 1.000000
vn 0.000000 -0.000176 1.000000
vn 0.000000 -0.000176 1.000000
vn 0.000000 -0.000176 1.000000
vn 0.000000 -0.023291 -0.999729
vn 0.000000 -0.023291 -0.999729
vn 0.000000 -0.023291 -0.999729
vn 0.000000 -0.023291 -0.999729
vn 0.000000 0.999361 -0.035753
vn 0.000000 0.999361 -0.035753
vn 0.000000 0.999361 -0.035753
vn 0.000000 0.999361 -0.035753
vn 0.000000 -0.999361 0.035753
vn 0.000000 -0.999361 0.035753
vn 0.000000 -0.999361 0.035753
vn 0.000000 -0.999361 0.035753
vn 0.000000 0.024598 0.999697
vn 0.000000 0.024598 0.999697
vn 0.000000 0.024598 0.999697
vn 0.000000 0.024598 0.999697
vn 0.000000 -0.048044 -0.998845
vn 0.000000 -0.048044 -0.998845
vn 0.000000 -0.048044 -0.998845
vn 0.000000 -0.048044 -0.998845
vn 0.000000 0.998192 -0.060112
vn 0.000000 0.998192 -0.060112
vn 0.000000 0.998192 -0.060112
vn 0.000000 0.998192 -0.060112
vn 0.000000 -0.998192 0.060112
vn 0.000000 -0.998192 0.060112
vn 0.000000 -0.998192 0.060112
vn 0.000000 -0.998192 0.060112
vn 0.000000 0.049362 0.998781
vn 0.000000 0.049362 0.998781
vn 0.000000 0.049362 0.998781
vn 0.000000 0.049362 0.998781
vn 0.000000 -0.072787 -0.997348
vn 0.000000 -0.072787 -0.997348
vn 0.000000 -0.072787 -0.997348
vn 0.000000 -0.072787 -0.997348
vn 0.000000 -0.707104 -0.707109
vn 0.000000 -1.000000 0.000012
vn 0.000000 -1.000000 0.000012
vn 0.000000 -0.707104 -0.707109
vn 0.000000 -0.707108 0.707105
vn 0.000000 -0.707108 0.707105
vn 0.000000 0.000000 1.000000
vn 0.000000 0.000000 1.000000
vn 0.000000 0.707108 0.707106
vn 0.000000 0.707108 0.707106
vn 0.000000 1.000000 0.000012
vn 0.000000 1.000000 0.000012
vn 0.000000 0.707104 -0.707110
vn 0.000000 0.707104 -0.707110
vn 0.000000 0.000000 -1.000000
vn 0.000000 0.000000 -1.000000
vn -0.707023 0.000003 0.707190
vn -0.000062 -0.000001 1.000000
vn -0.000062 -0.000001 1.000000
vn -0.707023 0.000003 0.707190
vn 0.707085 -0.000005 0.707129
vn 0.707085 -0.000005 0.707129
vn 1.000000 -0.000006 -0.000010
vn 1.000000 -0.000006 -0.000010
vn 0.707067 -0.000004 -0.707146
vn 0.707067 -0.000004 -0.707146
vn -0.000062 0.000001 -1.000000
vn -0.000062 0.000001 -1.000000
vn -0.707006 0.000005 -0.707208
vn -0.707006 0.000005 -0.707208
vn -1.000000 0.000006 -0.000010
vn -1.000000 0.000006 -0.000010
vn 1.000000 0.000000 0.000004
vn 0.707094 0.000000 -0.707120
vn 0.707094 0.000000 -0.707120
vn 1.000000 0.000000 0.000004
vn -0.000123 0.000000 -1.000000
vn -0.000123 0.000000 -1.000000
vn -0.706971 0.000000 -0.707243
vn -0.706971 0.000000 -0.707243
vn -1.000000 0.000000 0.000004
vn -1.000000 0.000000 0.000004
vn -0.706982 0.000000 0.707231
vn -0.706982 0.000000 0.707231
vn -0.000123 0.000000 1.000000
vn -0.000123 0.000000 1.000000
vn 0.707105 0.000000 0.707108
vn 0.707105 0.000000 0.707108
vn 0.513527 -0.858073 -0.000095
vn 0.896468 -0.443110 -0.000100
vn 0.633859 -0.443177 0.633891
vn 0.363023 -0.858130 0.363079
vn -0.000035 -0.443201 0.896422
vn -0.000028 -0.858112 0.513463
vn -0.633851 -0.443325 0.633795
vn -0.363055 -0.858139 0.363027
vn -0.896341 -0.443365 -0.000005
vn -0.513424 -0.858135 -0.000013
vn -0.633869 -0.443281 -0.633808
vn -0.363090 -0.858118 -0.363041
vn 0.000003 -0.443226 -0.896410
vn 0.000004 -0.858089 -0.513502
vn 0.633873 -0.443125 -0.633913
vn 0.363183 -0.858007 -0.363212
vn 0.748305 0.663354 -0.000020
vn 0.529151 0.663350 0.529118
vn -0.000024 0.663313 0.748343
vn -0.529169 0.663296 0.529168
vn -0.748387 0.663262 -0.000018
vn -0.529186 0.663298 -0.529149
vn 0.000005 0.663297 -0.748356
vn 0.529142 0.663319 -0.529167
vn 0.672502 0.740096 0.000006
vn 0.475529 0.740188 0.475389
vn -0.000063 0.740171 0.672419
vn -0.475400 0.740241 0.475434
vn -0.672278 0.740298 -0.000020
vn -0.475417 0.740246 -0.475411
vn -0.000043 0.740204 -0.672383
vn 0.475517 0.740185 -0.475404
vn 0.694761 0.719241 -0.000012
vn 0.491244 0.719385 0.491085
vn -0.000100 0.719339 0.694660
vn -0.491176 0.719367 0.491180
vn -0.694551 0.719444 0.000001
vn -0.491157 0.719389 -0.491166
vn -0.000087 0.719357 -0.694641
vn 0.491273 0.719349 -0.491110
vn 0.987468 0.157819 0.000010
vn 0.698275 0.157896 0.698199
vn -0.000137 0.157888 0.987457
vn -0.698272 0.157895 0.698201
vn -0.987452 0.157919 0.000011
vn -0.698253 0.157895 -0.698221
vn -0.000149 0.157885 -0.987457
vn 0.698277 0.157865 -0.698204
vn 0.722352 -0.691526 -0.000004
vn 0.510746 -0.691558 0.510769
vn -0.000052 -0.691547 0.722332
vn -0.510797 -0.691544 0.510738
vn -0.722349 -0.691528 -0.000001
vn -0.510804 -0.691522 -0.510761
vn -0.000066 -0.691539 -0.722339
vn 0.510758 -0.691549 -0.510772
vn 0.958745 0.284268 -0.000028
vn 0.677923 0.284215 0.677969
vn -0.000034 0.284197 0.958766
vn -0.677979 0.284206 0.677917
vn -0.958766 0.284198 -0.000021
vn -0.677980 0.284194 -0.677922
vn -0.000062 0.284196 -0.958766
vn 0.677935 0.284251 -0.677942
vn 0.535069 0.844809 -0.000029
vn 0.378337 0.844823 0.378332
vn 0.000008 0.844820 0.535050
vn -0.378383 0.844823 0.378287
vn -0.535088 0.844796 0.000008
vn -0.378366 0.844806 -0.378343
vn -0.000037 0.844806 -0.535073
vn 0.378367 0.844815 -0.378320
vn -0.000002 1.000000 -0.000011
vn -0.363065 -0.858136 0.363025
vn -0.633873 -0.443274 0.633809
vn -0.896365 -0.443316 -0.000014
vn -0.513424 -0.858135 -0.000015
vn -0.633873 -0.443249 -0.633827
vn -0.363091 -0.858110 -0.363059
vn -0.000037 -0.443189 -0.896428
vn -0.000037 -0.858102 -0.513480
vn 0.633864 -0.443159 -0.633897
vn 0.363049 -0.858113 -0.363095
vn 0.896475 -0.443094 -0.000005
vn 0.513459 -0.858114 -0.000001
vn 0.633877 -0.443175 0.633874
vn 0.363051 -0.858127 0.363059
vn -0.000041 -0.443220 0.896413
vn -0.000043 -0.858133 0.513428
vn -0.529177 0.663326 0.529123
vn -0.748385 0.663264 -0.000004
vn -0.529169 0.663312 -0.529148
vn -0.000009 0.663312 -0.748343
vn 0.529141 0.663338 -0.529144
vn 0.748277 0.663386 -0.000025
vn 0.529113 0.663378 0.529120
vn -0.000004 0.663340 0.748318
vn -0.475439 0.740216 0.475434
vn -0.672313 0.740267 -0.000007
vn -0.475412 0.740240 -0.475423
vn -0.000044 0.740188 -0.672400
vn 0.475495 0.740166 -0.475456
vn 0.672410 0.740179 -0.000034
vn 0.475442 0.740219 0.475428
vn -0.000043 0.740157 0.672434
vn -0.491181 0.719363 0.491180
vn -0.694550 0.719444 -0.000007
vn -0.491147 0.719394 -0.491169
vn -0.000088 0.719357 -0.694641
vn 0.491208 0.719379 -0.491130
vn 0.694702 0.719297 0.000003
vn 0.491245 0.719341 0.491149
vn -0.000074 0.719300 0.694700
vn -0.698300 0.157891 0.698175
vn -0.987456 0.157893 0.000005
vn -0.698245 0.157865 -0.698235
vn -0.000134 0.157869 -0.987460
vn 0.698322 0.157923 -0.698145
vn 0.987464 0.157842 0.000017
vn 0.698371 0.157836 0.698115
vn -0.000091 0.157858 0.987462
vn -0.510803 -0.691542 0.510735
vn -0.722338 -0.691540 -0.000004
vn -0.510776 -0.691557 -0.510742
vn -0.000045 -0.691541 -0.722337
vn 0.510792 -0.691549 -0.510737
vn 0.722386 -0.691490 -0.000010
vn 0.510813 -0.691538 0.510731
vn -0.000043 -0.691528 0.722350
vn -0.677983 0.284171 0.677928
vn -0.958772 0.284177 -0.000010
vn -0.677978 0.284184 -0.677927
vn -0.000032 0.284191 -0.958768
vn 0.677931 0.284205 -0.677966
vn 0.958766 0.284198 -0.000018
vn 0.677932 0.284252 0.677945
vn -0.000049 0.284230 0.958756
vn -0.378420 0.844790 0.378323
vn -0.535160 0.844751 -0.000002
vn -0.378399 0.844803 -0.378315
vn 0.000008 0.844816 -0.535057
vn 0.378320 0.844787 -0.378428
vn 0.534996 0.844855 -0.000011
vn 0.378314 0.844799 0.378409
vn -0.000000 0.844816 0.535057
vn -0.000059 1.000000 -0.000003
vn 0.000000 0.999995 -0.003241
vn 0.000001 0.999979 -0.006465
vn 0.000001 0.999979 -0.006465
vn 0.000000 0.999995 -0.003241
vn 0.999997 0.000000 -0.002424
vn 0.999998 0.000000 -0.002202
vn 0.999998 0.000000 -0.002202
vn 0.999997 0.000000 -0.002424
vn -0.000000 -1.000000 0.000634
vn -0.000000 -0.999999 0.001282
vn -0.000000 -0.999999 0.001282
vn -0.000000 -1.000000 0.000634
vn -1.000000 0.000000 0.000912
vn -0.999998 0.000000 0.001911
vn -0.999998 0.000000 0.001911
vn -1.000000 0.000000 0.000912
vn -1.000000 0.000000 -0.000086
vn -1.000000 0.000000 -0.000086
vn -0.000000 1.000000 -0.000016
vn -0.000000 1.000000 -0.000016
vn 0.999996 0.000000 -0.002646
vn 0.999996 0.000000 -0.002646
vn -0.000000 -1.000000 -0.000014
vn -0.000000 -1.000000 -0.000014
vn -1.000000 0.000064 -0.000211
vn -1.000000 0.000064 -0.000211
vn -1.000000 0.000000 0.000699
vn -1.000000 0.000000 0.000699
vn -0.999999 0.000128 -0.001121
vn -0.999999 0.000128 -0.001121
vn 0.000000 0.999997 0.002382
vn 0.000000 0.999997 0.002382
vn 0.000000 0.999997 0.002640
vn 0.000000 0.999997 0.002640
vn 0.000000 0.999998 0.002123
vn 0.000000 0.999998 0.002123
vn 1.000000 0.000064 -0.000222
vn 1.000000 0.000064 -0.000222
vn 1.000000 0.000000 0.000699
vn 1.000000 0.000000 0.000699
vn 0.999999 0.000128 -0.001142
vn 0.999999 0.000128 -0.001142
vn 0.000000 -0.999998 -0.001888
vn 0.000000 -0.999998 -0.001888
vn 0.000000 -1.000000 0.000078
vn 0.000000 -1.000000 0.000078
vn 0.000000 -0.999993 -0.003854
vn 0.000000 -0.999993 -0.003854
vn 0.000000 0.000000 -1.000000
vn 0.000000 0.000000 -1.000000
vn 0.000000 0.000000 -1.000000
vn 0.000000 0.000000 -1.000000
vn -1.000000 -0.000078 0.000069
vn -1.000000 -0.000077 0.000044
vn -0.698613 -0.715500 0.000388
vn -0.697481 -0.716604 0.000098
vn -0.698676 0.715438 -0.000033
vn -0.697521 0.716564 0.000471
vn -0.699743 -0.714394 0.000679
vn -1.000000 -0.000075 0.000018
vn -0.699829 0.714310 -0.000537
vn 0.000055 1.000000 0.000725
vn 0.000059 1.000000 -0.000002
vn 0.698362 0.715745 -0.000031
vn 0.697216 0.716861 0.000471
vn 0.000064 1.000000 -0.000731
vn 0.699506 0.714627 -0.000533
vn 1.000000 0.000002 0.000070
vn 1.000000 -0.000045 0.000044
vn 0.698334 -0.715772 0.000390
vn 0.697198 -0.716878 0.000098
vn 1.000000 -0.000091 0.000018
vn 0.699468 -0.714664 0.000683
vn 0.000007 -1.000000 0.000205
vn 0.000077 -1.000000 0.000587
vn 0.000147 -1.000000 0.000971
vn 0.009223 -0.000005 -0.999958
vn 0.000001 -0.000025 -1.000000
vn 0.006133 0.006329 -0.999961
vn 0.006162 -0.006380 -0.999961
vn -0.000001 -0.009578 -0.999954
vn -0.006160 -0.006382 -0.999961
vn -0.009216 -0.000005 -0.999958
vn -0.006131 0.006331 -0.999961
vn -0.000001 0.009487 -0.999955
vn -1.000000 -0.000004 -0.000069
vn -0.697353 -0.716728 -0.000098
vn -0.698558 -0.715554 -0.000482
vn -1.000000 -0.000003 -0.000044
vn -0.697414 0.716669 -0.000471
vn -0.698587 0.715525 0.000126
vn -0.699761 -0.714377 -0.000866
vn -1.000000 -0.000001 -0.000018
vn -0.699759 0.714379 0.000723
vn -0.000100 1.000000 -0.000725
vn -0.000026 1.000000 0.000132
vn 0.697109 0.716965 -0.000471
vn 0.698362 0.715745 0.000121
vn 0.000049 1.000000 0.000991
vn 0.699613 0.714522 0.000713
vn 1.000000 -0.000004 -0.000070
vn 1.000000 -0.000031 -0.000049
vn 0.697175 -0.716901 -0.000098
vn 0.698375 -0.715732 -0.000487
vn 1.000000 -0.000058 -0.000028
vn 0.699574 -0.714560 -0.000877
vn 0.000076 -1.000000 -0.000205
vn 0.000062 -1.000000 -0.000719
vn 0.000048 -0.999999 -0.001234
vn 1.000000 0.000000 -0.000000
vn 1.000000 0.000000 -0.000000
vn 0.707100 0.000000 0.707113
vn 0.707100 0.000000 0.707113
vn -0.000123 0.000000 1.000000
vn -0.000123 0.000000 1.000000
vn -0.706977 0.000000 0.707236
vn -0.706977 0.000000 0.707236
vn -1.000000 0.000000 -0.000000
vn -1.000000 0.000000 -0.000000
vn -0.706970 0.000000 -0.707244
vn -0.706970 0.000000 -0.707244
vn -0.000123 0.000000 -1.000000
vn -0.000123 0.000000 -1.000000
vn 0.707093 0.000000 -0.707121
vn 0.707093 0.000000 -0.707121
vn 0.513508 -0.858085 -0.000008
vn 0.363093 -0.858097 -0.363089
vn 0.633880 -0.443186 -0.633864
vn 0.896451 -0.443144 -0.000004
vn -0.000033 -0.858123 -0.513444
vn -0.000033 -0.443195 -0.896425
vn -0.363115 -0.858106 -0.363046
vn -0.633888 -0.443255 -0.633807
vn -0.513513 -0.858082 0.000009
vn -0.896383 -0.443281 0.000010
vn -0.363125 -0.858096 0.363059
vn -0.633884 -0.443255 0.633811
vn -0.000036 -0.858123 0.513444
vn -0.000044 -0.443216 0.896415
vn 0.363061 -0.858113 0.363082
vn 0.633874 -0.443169 0.633881
vn 0.529139 0.663361 -0.529116
vn 0.748315 0.663344 0.000012
vn -0.000018 0.663344 -0.748315
vn -0.529176 0.663308 -0.529145
vn -0.748388 0.663262 0.000009
vn -0.529184 0.663300 0.529148
vn -0.000027 0.663347 0.748312
vn 0.529132 0.663379 0.529100
vn 0.475531 0.740181 -0.475397
vn 0.672504 0.740093 0.000011
vn -0.000057 0.740169 -0.672421
vn -0.475435 0.740215 -0.475441
vn -0.672266 0.740310 0.000003
vn -0.475391 0.740264 0.475407
vn -0.000063 0.740211 0.672375
vn 0.475507 0.740214 0.475371
vn 0.491308 0.719319 -0.491118
vn 0.694794 0.719208 -0.000007
vn -0.000092 0.719320 -0.694679
vn -0.491202 0.719340 -0.491193
vn -0.694551 0.719443 0.000001
vn -0.491161 0.719371 0.491188
vn -0.000115 0.719347 0.694651
vn 0.491239 0.719396 0.491074
vn 0.698347 0.157887 -0.698128
vn 0.987458 0.157880 0.000007
vn -0.000169 0.157934 -0.987450
vn -0.698247 0.157894 -0.698227
vn -0.987469 0.157812 0.000007
vn -0.698270 0.157798 0.698225
vn -0.000171 0.157854 0.987463
vn 0.698347 0.157955 0.698113
vn 0.510764 -0.691588 -0.510711
vn 0.722348 -0.691530 0.000012
vn -0.000071 -0.691513 -0.722364
vn -0.510805 -0.691505 -0.510783
vn -0.722357 -0.691520 0.000003
vn -0.510798 -0.691548 0.510731
vn -0.000052 -0.691578 0.722302
vn 0.510782 -0.691580 0.510704
vn 0.677938 0.284183 -0.677968
vn 0.958776 0.284164 0.000014
vn -0.000044 0.284144 -0.958782
vn -0.677975 0.284192 -0.677927
vn -0.958751 0.284246 0.000008
vn -0.677995 0.284183 0.677911
vn -0.000058 0.284174 0.958773
vn 0.677963 0.284191 0.677940
vn 0.378390 0.844788 -0.378357
vn 0.535078 0.844803 0.000013
vn 0.000013 0.844796 -0.535089
vn -0.378410 0.844796 -0.378319
vn -0.535145 0.844760 0.000004
vn -0.378407 0.844796 0.378322
vn 0.000000 0.844814 0.535060
vn 0.378383 0.844800 0.378338
vn 0.000024 1.000000 0.000004
vn -1.000000 0.000000 0.000000
vn -1.000000 0.000000 0.000000
vn -1.000000 0.000000 0.000000
vn -1.000000 0.000000 0.000000
vn 0.000000 1.000000 0.000089
vn 0.000000 1.000000 0.000089
vn 0.000000 1.000000 0.000089
vn 0.000000 1.000000 0.000089
vn 1.000000 0.000000 0.000000
vn 1.000000 0.000000 0.000000
vn 1.000000 0.000000 0.000000
vn 1.000000 0.000000 0.000000
vn 0.000000 -1.000000 -0.000064
vn 0.000000 -1.000000 -0.000064
vn 0.000000 -1.000000 -0.000064
vn 0.000000 -1.000000 -0.000064
vn -1.000000 -0.000041 0.000000
vn -1.000000 -0.000045 0.000010
vn -0.993940 0.109571 -0.008769
vn -0.993948 0.108391 -0.017849
vn -1.000000 -0.000033 0.000020
vn -0.993918 0.110037 -0.004334
vn 0.000000 0.986716 -0.162457
vn 0.000000 0.996812 -0.079785
vn 0.000000 0.996812 -0.079785
vn 0.000000 0.986716 -0.162457
vn 0.000000 0.999225 -0.039364
vn 0.000000 0.999225 -0.039364
vn 0.993943 0.108436 -0.017849
vn 0.993933 0.109639 -0.008788
vn 1.000000 -0.000023 -0.000010
vn 1.000000 -0.000002 0.000000
vn 0.993916 0.110055 -0.004373
vn 1.000000 -0.000085 -0.000020
vn 0.000000 -0.986717 0.162451
vn 0.000000 -0.996812 0.079785
vn 0.000000 -0.996812 0.079785
vn 0.000000 -0.986717 0.162451
vn 0.000000 -0.999225 0.039357
vn 0.000000 -0.999225 0.039357
vn 0.000000 -0.978862 0.204523
vn 0.000000 -0.978862 0.204523
vn -0.993931 0.107677 -0.022495
vn -1.000000 -0.000025 0.000000
vn 0.000000 0.978858 -0.204542
vn 0.000000 0.978858 -0.204542
vn 1.000000 -0.000041 0.000000
vn 0.993935 0.107648 -0.022496
vn -1.000000 0.000000 0.000000
vn -0.993943 0.108451 0.017768
vn -0.993940 0.109576 0.008774
vn -1.000000 0.000000 -0.000010
vn -0.993931 0.109919 0.004345
vn -1.000000 0.000000 -0.000020
vn 0.000000 0.986837 0.161719
vn 0.000000 0.986837 0.161719
vn 0.000000 0.996804 0.079891
vn 0.000000 0.996804 0.079891
vn 0.000000 0.999217 0.039576
vn 0.000000 0.999217 0.039576
vn 0.993947 0.108417 0.017768
vn 1.000000 0.000081 0.000000
vn 1.000000 0.000081 0.000010
vn 0.993932 0.109645 0.008793
vn 1.000000 0.000000 0.000020
vn 0.993908 0.110125 0.004382
vn 0.000000 -0.986835 -0.161728
vn 0.000000 -0.986835 -0.161728
vn 0.000000 -0.996804 -0.079886
vn 0.000000 -0.996804 -0.079886
vn 0.000000 -0.999217 -0.039568
vn 0.000000 -0.999217 -0.039568
vn 0.000000 -0.979159 -0.203097
vn 0.000000 -0.979159 -0.203097
vn -1.000000 0.000000 0.000000
vn -0.993936 0.107670 0.022332
vn 0.000000 0.979163 0.203076
vn 0.000000 0.979163 0.203076
vn 0.993936 0.107670 0.022332
vn 1.000000 0.000000 0.000000
vn -0.975831 0.217827 0.017452
vn -0.975798 0.218504 0.008658
vn 0.975818 0.217884 0.017469
vn 0.975707 0.218908 0.008690
vn 0.975876 0.215448 0.035322
vn 0.975817 0.214034 0.044393
vn 0.975803 0.214031 -0.044718
vn 0.975845 0.215565 -0.035483
vn 0.975798 0.217975 -0.017459
vn 0.975719 0.218853 -0.008672
vn -0.975739 0.218767 -0.008636
vn -0.975824 0.217863 -0.017442
vn -0.975855 0.215516 -0.035483
vn -0.975794 0.214071 -0.044718
vn -0.975845 0.215593 0.035321
vn -0.975817 0.214034 0.044393
vn -1.000000 0.000000 0.000000
vn -1.000000 0.000000 0.000000
vn -1.000000 0.000000 0.000000
vn -1.000000 0.000000 0.000000
vn 1.000000 0.000000 0.000000
vn 1.000000 0.000000 0.000000
vn 1.000000 0.000000 0.000000
vn 1.000000 0.000000 0.000000
vn 0.000000 0.000000 1.000000
vn 0.000000 0.000000 1.000000
vn 0.000000 0.000000 1.000000
vn 0.000000 0.000000 1.000000
vn 0.000000 0.000000 -1.000000
vn 0.000000 0.000000 -1.000000
vn 0.000000 0.000000 -1.000000
vn 0.000000 0.000000 -1.000000
vn -1.000000 0.000000 0.000000
vn -1.000000 0.000000 0.000000
vn -1.000000 0.000000 0.000000
vn -1.000000 0.000000 0.000000
vn 1.000000 0.000000 0.000000
vn 1.000000 0.000000 0.000000
vn 1.000000 0.000000 0.000000
vn 1.000000 0.000000 0.000000
vn 0.000000 0.000000 -1.000000
vn 0.000000 0.000000 -1.000000
vn 0.000000 0.000000 -1.000000
vn 0.000000 0.000000 -1.000000
vn 0.000000 0.000000 1.000000
vn 0.000000 0.000000 1.000000
vn 0.000000 0.000000 1.000000
vn 0.000000 0.000000 1.000000
vn 0.000000 1.000000 0.000000
vn 0.000000 1.000000 0.000000
vn 0.000000 1.000000 0.000000
vn 0.000000 1.000000 0.000000
vn 0.000000 -1.000000 0.000000
vn 0.000000 -1.000000 0.000000
vn 0.000000 -1.000000 0.000000
vn 0.000000 -1.000000 0.000000
vn 0.000000 -0.000213 -1.000000
vn 0.000000 -0.000213 -1.000000
vn 0.000000 -0.000213 -1.000000
vn 0.000000 -0.000213 -1.000000
vn 0.000000 -0.022857 0.999739
vn 0.000000 -0.022857 0.999739
vn 0.000000 -0.022857 0.999739
vn 0.000000 -0.022857 0.999739
vn 0.000000 1.000000 0.000000
vn 0.000000 1.000000 0.000000
vn 0.000000 1.000000 0.000000
vn 0.000000 1.000000 0.000000
vn 0.000000 -1.000000 0.000000
vn 0.000000 -1.000000 0.000000
vn 0.000000 -1.000000 0.000000
vn 0.000000 -1.000000 0.000000
vn 0.000000 0.024161 -0.999708
vn 0.000000 0.024161 -0.999708
vn 0.000000 0.024161 -0.999708
vn 0.000000 0.024161 -0.999708
vn 0.000000 -0.047171 0.998887
vn 0.000000 -0.047171 0.998887
vn 0.000000 -0.047171 0.998887
vn 0.000000 -0.047171 0.998887
vn 0.000000 1.000000 0.000000
vn 0.000000 1.000000 0.000000
vn 0.000000 1.000000 0.000000
vn 0.000000 1.000000 0.000000
vn 0.000000 -1.000000 0.000000
vn 0.000000 -1.000000 0.000000
vn 0.000000 -1.000000 0.000000
vn 0.000000 -1.000000 0.000000
vn 0.000000 0.096661 -0.995317
vn 0.000000 0.096661 -0.995317
vn 0.000000 0.096661 -0.995317
vn 0.000000 0.096661 -0.995317
vn 0.000000 -0.119129 0.992879
vn 0.000000 -0.119129 0.992879
vn 0.000000 -0.119129 0.992879
vn 0.000000 -0.119129 0.992879
vn 0.000000 1.000000 0.000000
vn 0.000000 1.000000 0.000000
vn 0.000000 1.000000 0.000000
vn 0.000000 1.000000 0.000000
vn 0.000000 -1.000000 0.000000
vn 0.000000 -1.000000 0.000000
vn 0.000000 -1.000000 0.000000
vn 0.000000 -1.000000 0.000000
vn 0.000000 0.120425 -0.992722
vn 0.000000 0.120425 -0.992722
vn 0.000000 0.120425 -0.992722
vn 0.000000 0.120425 -0.992722
vn 0.000000 -0.142704 0.989765
vn 0.000000 -0.142704 0.989765
vn 0.000000 -0.142704 0.989765
vn 0.000000 -0.142704 0.989765
vn 0.000000 1.000000 0.000000
vn 0.000000 1.000000 0.000000
vn 0.000000 1.000000 0.000000
vn 0.000000 1.000000 0.000000
vn 0.000000 -1.000000 0.000000
vn 0.000000 -1.000000 0.000000
vn 0.000000 -1.000000 0.000000
vn 0.000000 -1.000000 0.000000
vn 0.000000 0.167084 -0.985943
vn 0.000000 0.167084 -0.985943
vn 0.000000 0.167084 -0.985943
vn 0.000000 0.167084 -0.985943
vn 0.000000 -0.188710 0.982033
vn 0.000000 -0.188710 0.982033
vn 0.000000 -0.188710 0.982033
vn 0.000000 -0.188710 0.982033
vn 0.000000 1.000000 0.000000
vn 0.000000 1.000000 0.000000
vn 0.000000 1.000000 0.000000
vn 0.000000 1.000000 0.000000
vn 0.000000 -1.000000 -0.000000
vn 0.000000 -1.000000 -0.000000
vn 0.000000 -1.000000 -0.000000
vn 0.000000 -1.000000 -0.000000
vn 0.000000 0.190350 -0.981716
vn 0.000000 0.190350 -0.981716
vn 0.000000 0.190350 -0.981716
vn 0.000000 0.190350 -0.981716
vn 0.000000 -0.211554 0.977366
vn 0.000000 -0.211554 0.977366
vn 0.000000 -0.211554 0.977366
vn 0.000000 -0.211554 0.977366
vn 0.000000 1.000000 0.000000
vn 0.000000 1.000000 0.000000
vn 0.000000 1.000000 0.000000
vn 0.000000 1.000000 0.000000
vn 0.000000 -1.000000 0.000000
vn 0.000000 -1.000000 0.000000
vn 0.000000 -1.000000 0.000000
vn 0.000000 -1.000000 0.000000
vn 0.000000 0.212718 -0.977114
vn 0.000000 0.212718 -0.977114
vn 0.000000 0.212718 -0.977114
vn 0.000000 0.212718 -0.977114
vn 0.000000 -0.233489 0.972359
vn 0.000000 -0.233489 0.972359
vn 0.000000 -0.233489 0.972359
vn 0.000000 -0.233489 0.972359
vn 0.000000 1.000000 0.000000
vn 0.000000 1.000000 0.000000
vn 0.000000 1.000000 0.000000
vn 0.000000 1.000000 0.000000
vn 0.000000 -1.000000 0.000000
vn 0.000000 -1.000000 0.000000
vn 0.000000 -1.000000 0.000000
vn 0.000000 -1.000000 0.000000
vn 0.000000 0.143911 -0.989591
vn 0.000000 0.143911 -0.989591
vn 0.000000 0.143911 -0.989591
vn 0.000000 0.143911 -0.989591
vn 0.000000 -0.165861 0.986149
vn 0.000000 -0.165861 0.986149
vn 0.000000 -0.165861 0.986149
vn 0.000000 -0.165861 0.986149
vn 0.000000 1.000000 0.000000
vn 0.000000 1.000000 0.000000
vn 0.000000 1.000000 0.000000
vn 0.000000 1.000000 0.000000
vn 0.000000 -1.000000 0.000000
vn 0.000000 -1.000000 0.000000
vn 0.000000 -1.000000 0.000000
vn 0.000000 -1.000000 0.000000
vn 0.000000 0.048462 -0.998825
vn 0.000000 0.048462 -0.998825
vn 0.000000 0.048462 -0.998825
vn 0.000000 0.048462 -0.998825
vn 0.000000 -0.071330 0.997453
vn 0.000000 -0.071330 0.997453
vn 0.000000 -0.071330 0.997453
vn 0.000000 -0.071330 0.997453
vn 0.000000 1.000000 0.000000
vn 0.000000 1.000000 0.000000
vn 0.000000 1.000000 0.000000
vn 0.000000 1.000000 0.000000
vn 0.000000 -1.000000 0.000000
vn 0.000000 -1.000000 0.000000
vn 0.000000 -1.000000 0.000000
vn 0.000000 -1.000000 0.000000
vn 0.000000 0.072620 -0.997360
vn 0.000000 0.072620 -0.997360
vn 0.000000 0.072620 -0.997360
vn 0.000000 0.072620 -0.997360
vn 0.000000 -0.095364 0.995443
vn 0.000000 -0.095364 0.995443
vn 0.000000 -0.095364 0.995443
vn 0.000000 -0.095364 0.995443
vn 0.000000 1.000000 0.000000
vn 0.000000 1.000000 0.000000
vn 0.000000 1.000000 0.000000
vn 0.000000 1.000000 0.000000
vn 0.000000 -1.000000 0.000000
vn 0.000000 -1.000000 0.000000
vn 0.000000 -1.000000 0.000000
vn 0.000000 -1.000000 0.000000
vn 0.000000 -0.033352 -0.999444
vn 0.000000 -0.033352 -0.999444
vn 0.000000 -0.033352 -0.999444
vn 0.000000 -0.033352 -0.999444
vn 0.000000 0.010324 0.999947
vn 0.000000 0.010324 0.999947
vn 0.000000 0.010324 0.999947
vn 0.000000 0.010324 0.999947
vn 0.000000 1.000000 0.000000
vn 0.000000 1.000000 0.000000
vn 0.000000 1.000000 0.000000
vn 0.000000 1.000000 0.000000
vn 0.000000 -1.000000 0.000000
vn 0.000000 -1.000000 0.000000
vn 0.000000 -1.000000 0.000000
vn 0.000000 -1.000000 0.000000
vn 0.000000 -0.018017 -0.999838
vn 0.000000 -0.018017 -0.999838
vn 0.000000 -0.018017 -0.999838
vn 0.000000 -0.018017 -0.999838
vn 0.000000 -0.004911 0.999988
vn 0.000000 -0.004911 0.999988
vn 0.000000 -0.004911 0.999988
vn 0.000000 -0.004911 0.999988
vn 0.000000 1.000000 0.000000
vn 0.000000 1.000000 0.000000
vn 0.000000 1.000000 0.000000
vn 0.000000 1.000000 0.000000
vn 0.000000 -1.000000 0.000000
vn 0.000000 -1.000000 0.000000
vn 0.000000 -1.000000 0.000000
vn 0.000000 -1.000000 0.000000
vn 0.000000 0.006148 -0.999981
vn 0.000000 0.006148 -0.999981
vn 0.000000 0.006148 -0.999981
vn 0.000000 0.006148 -0.999981
vn 0.000000 0.028506 0.999594
vn 0.000000 0.028506 0.999594
vn 0.000000 0.028506 0.999594
vn 0.000000 0.028506 0.999594
vn 0.000000 1.000000 0.000000
vn 0.000000 1.000000 0.000000
vn 0.000000 1.000000 0.000000
vn 0.000000 1.000000 0.000000
vn 0.000000 -1.000000 0.000000
vn 0.000000 -1.000000 0.000000
vn 0.000000 -1.000000 0.000000
vn 0.000000 -1.000000 0.000000
vn 0.000000 -0.003190 -0.999995
vn 0.000000 -0.003190 -0.999995
vn 0.000000 -0.003190 -0.999995
vn 0.000000 -0.003190 -0.999995
vn 0.000000 0.038041 0.999276
vn 0.000000 0.038041 0.999276
vn 0.000000 0.038041 0.999276
vn 0.000000 0.038041 0.999276
vn 0.000000 1.000000 0.000000
vn 0.000000 1.000000 0.000000
vn 0.000000 1.000000 0.000000
vn 0.000000 1.000000 0.000000
vn 0.000000 -1.000000 -0.000000
vn 0.000000 -1.000000 -0.000000
vn 0.000000 -1.000000 -0.000000
vn 0.000000 -1.000000 -0.000000
vn 0.000000 -0.036305 -0.999341
vn 0.000000 -0.036305 -0.999341
vn 0.000000 -0.036305 -0.999341
vn 0.000000 -0.036305 -0.999341
vn 0.000000 0.013716 0.999906
vn 0.000000 0.013716 0.999906
vn 0.000000 0.013716 0.999906
vn 0.000000 0.013716 0.999906
vn 0.000000 1.000000 0.000000
vn 0.000000 1.000000 0.000000
vn 0.000000 1.000000 0.000000
vn 0.000000 1.000000 0.000000
vn 0.000000 -1.000000 0.000000
vn 0.000000 -1.000000 0.000000
vn 0.000000 -1.000000 0.000000
vn 0.000000 -1.000000 0.000000
vn 0.000000 -0.012508 -0.999922
vn 0.000000 -0.012508 -0.999922
vn 0.000000 -0.012508 -0.999922
vn 0.000000 -0.012508 -0.999922
vn 0.000000 -0.009889 0.999951
vn 0.000000 -0.009889 0.999951
vn 0.000000 -0.009889 0.999951
vn 0.000000 -0.009889 0.999951
vn 0.000000 1.000000 0.000000
vn 0.000000 1.000000 0.000000
vn 0.000000 1.000000 0.000000
vn 0.000000 1.000000 0.000000
vn 0.000000 -1.000000 0.000000
vn 0.000000 -1.000000 0.000000
vn 0.000000 -1.000000 0.000000
vn 0.000000 -1.000000 0.000000
vn 0.000000 -0.027232 -0.999629
vn 0.000000 -0.027232 -0.999629
vn 0.000000 -0.027232 -0.999629
vn 0.000000 -0.027232 -0.999629
vn 0.000000 0.004466 0.999990
vn 0.000000 0.004466 0.999990
vn 0.000000 0.004466 0.999990
vn 0.000000 0.004466 0.999990
vn 0.000000 1.000000 0.000000
vn 0.000000 1.000000 0.000000
vn 0.000000 1.000000 0.000000
vn 0.000000 1.000000 0.000000
vn 0.000000 -1.000000 0.000000
vn 0.000000 -1.000000 0.000000
vn 0.000000 -1.000000 0.000000
vn 0.000000 -1.000000 0.000000
vn 0.000000 -0.009048 -0.999959
vn 0.000000 -0.009048 -0.999959
vn 0.000000 -0.009048 -0.999959
vn 0.000000 -0.009048 -0.999959
vn 0.000000 0.043538 0.999052
vn 0.000000 0.043538 0.999052
vn 0.000000 0.043538 0.999052
vn 0.000000 0.043538 0.999052
vn 0.000000 1.000000 0.000000
vn 0.000000 1.000000 0.000000
vn 0.000000 1.000000 0.000000
vn 0.000000 1.000000 0.000000
vn 0.000000 -1.000000 0.000000
vn 0.000000 -1.000000 0.000000
vn 0.000000 -1.000000 0.000000
vn 0.000000 -1.000000 0.000000
vn 0.000000 -0.042227 -0.999108
vn 0.000000 -0.042227 -0.999108
vn 0.000000 -0.042227 -0.999108
vn 0.000000 -0.042227 -0.999108
vn 0.000000 0.019273 0.999814
vn 0.000000 0.019273 0.999814
vn 0.000000 0.019273 0.999814
vn 0.000000 0.019273 0.999814
vn 0.707147 0.000837 -0.707066
vn 0.000000 0.001183 -0.999999
vn 0.000000 0.001183 -0.999999
vn 0.707147 0.000837 -0.707066
vn -0.707147 0.000837 -0.707066
vn -0.707147 0.000837 -0.707066
vn -1.000000 -0.000000 0.000007
vn -1.000000 -0.000000 0.000007
vn -0.707148 -0.000837 0.707065
vn -0.707148 -0.000837 0.707065
vn 0.000000 -0.001181 0.999999
vn 0.000000 -0.001181 0.999999
vn 0.707148 -0.000834 0.707065
vn 0.707148 -0.000834 0.707065
vn 1.000000 0.000002 0.000007
vn 1.000000 0.000002 0.000007
vn -1.000000 0.000000 -0.000008
vn -0.707144 0.000000 0.707070
vn -0.707144 0.000000 0.707070
vn -1.000000 0.000000 -0.000008
vn 0.000000 0.000000 1.000000
vn 0.000000 0.000000 1.000000
vn 0.707144 0.000000 0.707070
vn 0.707144 0.000000 0.707070
vn 1.000000 0.000000 -0.000008
vn 1.000000 0.000000 -0.000008
vn 0.707145 0.000000 -0.707069
vn 0.707145 0.000000 -0.707069
vn 0.000000 0.000000 -1.000000
vn 0.000000 0.000000 -1.000000
vn -0.707145 0.000000 -0.707069
vn -0.707145 0.000000 -0.707069
vn -0.513461 -0.858113 0.000029
vn -0.896449 -0.443148 0.000023
vn -0.633872 -0.443166 -0.633885
vn -0.363045 -0.858123 -0.363075
vn -0.000011 -0.443155 -0.896445
vn -0.000011 -0.858085 -0.513507
vn 0.633891 -0.443171 -0.633863
vn 0.363099 -0.858101 -0.363072
vn 0.896444 -0.443157 0.000011
vn 0.513459 -0.858114 -0.000029
vn 0.633867 -0.443153 0.633899
vn 0.363030 -0.858144 0.363041
vn -0.000001 -0.443163 0.896441
vn -0.000007 -0.858096 0.513490
vn -0.633884 -0.443184 0.633861
vn -0.363107 -0.858091 0.363089
vn -0.748280 0.663383 0.000005
vn -0.529114 0.663370 -0.529130
vn -0.000017 0.663346 -0.748313
vn 0.529123 0.663370 -0.529122
vn 0.748312 0.663347 0.000064
vn 0.529126 0.663348 0.529146
vn 0.000007 0.663351 0.748309
vn -0.529139 0.663340 0.529143
vn -0.672347 0.740236 -0.000008
vn -0.475435 0.740150 -0.475541
vn -0.000016 0.740199 -0.672388
vn 0.475402 0.740234 -0.475443
vn 0.672356 0.740228 0.000032
vn 0.475462 0.740166 0.475489
vn -0.000000 0.740163 0.672427
vn -0.475411 0.740176 0.475526
vn -0.694649 0.719349 -0.000007
vn -0.491183 0.719305 -0.491264
vn -0.000006 0.719367 -0.694631
vn 0.491164 0.719385 -0.491165
vn 0.694587 0.719408 0.000007
vn 0.491147 0.719381 0.491188
vn 0.000006 0.719330 0.694668
vn -0.491163 0.719322 0.491259
vn -0.987458 0.157885 0.000007
vn -0.698238 0.157854 -0.698245
vn 0.000013 0.157904 -0.987455
vn 0.698225 0.157911 -0.698245
vn 0.987458 0.157881 0.000066
vn 0.698177 0.157867 0.698303
vn 0.000007 0.157906 0.987454
vn -0.698212 0.157930 0.698254
vn -0.722280 -0.691601 -0.000002
vn -0.510704 -0.691603 -0.510751
vn 0.000013 -0.691578 -0.722302
vn 0.510747 -0.691518 -0.510823
vn 0.722299 -0.691581 0.000020
vn 0.510702 -0.691566 0.510804
vn -0.000003 -0.691552 0.722327
vn -0.510723 -0.691553 0.510801
vn -0.958793 0.284107 -0.000007
vn -0.677929 0.284104 -0.678009
vn 0.000019 0.284126 -0.958787
vn 0.677908 0.284179 -0.677999
vn 0.958767 0.284194 -0.000007
vn 0.677902 0.284181 0.678004
vn -0.000002 0.284161 0.958777
vn -0.677914 0.284094 0.678029
vn -0.535017 0.844841 0.000002
vn -0.378291 0.844851 -0.378316
vn 0.000054 0.844803 -0.535077
vn 0.378273 0.844819 -0.378406
vn 0.535019 0.844840 0.000036
vn 0.378335 0.844796 0.378396
vn -0.000003 0.844803 0.535077
vn -0.378312 0.844815 0.378375
vn 0.000016 1.000000 0.000025
vn 0.363112 -0.858080 -0.363109
vn 0.633871 -0.443110 -0.633925
vn 0.896491 -0.443062 0.000011
vn 0.513568 -0.858049 0.000014
vn 0.633883 -0.443080 0.633933
vn 0.363148 -0.858051 0.363142
vn 0.000045 -0.443158 0.896443
vn 0.000025 -0.858093 0.513494
vn -0.633865 -0.443182 0.633881
vn -0.362992 -0.858166 0.363027
vn -0.896420 -0.443206 -0.000009
vn -0.513358 -0.858175 -0.000014
vn -0.633854 -0.443246 -0.633847
vn -0.363025 -0.858153 -0.363023
vn 0.000044 -0.443200 -0.896423
vn 0.000025 -0.858114 -0.513459
vn 0.529123 0.663339 -0.529159
vn 0.748324 0.663334 0.000024
vn 0.529164 0.663286 0.529185
vn 0.000030 0.663348 0.748311
vn -0.529097 0.663393 0.529118
vn -0.748282 0.663381 -0.000001
vn -0.529134 0.663342 -0.529145
vn 0.000023 0.663354 -0.748306
vn 0.475470 0.740163 -0.475485
vn 0.672421 0.740169 0.000020
vn 0.475499 0.740121 0.475522
vn 0.000000 0.740136 0.672457
vn -0.475437 0.740135 0.475562
vn -0.672384 0.740203 0.000001
vn -0.475427 0.740174 -0.475512
vn 0.000004 0.740199 -0.672388
vn 0.491196 0.719344 -0.491194
vn 0.694615 0.719381 0.000001
vn 0.491180 0.719336 0.491220
vn 0.000020 0.719326 0.694673
vn -0.491143 0.719337 0.491257
vn -0.694650 0.719348 -0.000016
vn -0.491189 0.719303 -0.491261
vn 0.000000 0.719350 -0.694648
vn 0.698227 0.157867 -0.698253
vn 0.987465 0.157840 0.000005
vn 0.698207 0.157832 0.698281
vn 0.000046 0.157911 0.987453
vn -0.698199 0.157978 0.698256
vn -0.987451 0.157924 -0.000010
vn -0.698198 0.157885 -0.698278
vn -0.000018 0.157922 -0.987452
vn 0.510721 -0.691546 -0.510810
vn 0.722280 -0.691601 0.000003
vn 0.510710 -0.691564 0.510798
vn 0.000003 -0.691561 0.722318
vn -0.510724 -0.691554 0.510798
vn -0.722274 -0.691607 0.000006
vn -0.510722 -0.691550 -0.510805
vn 0.000003 -0.691541 -0.722337
vn 0.677907 0.284213 -0.677986
vn 0.958758 0.284225 0.000000
vn 0.677912 0.284201 0.677986
vn -0.000002 0.284187 0.958769
vn -0.677910 0.284127 0.678019
vn -0.958793 0.284107 -0.000006
vn -0.677921 0.284129 -0.678007
vn 0.000010 0.284173 -0.958773
vn 0.378326 0.844844 -0.378296
vn 0.535039 0.844827 0.000017
vn 0.378366 0.844815 0.378321
vn 0.000039 0.844809 0.535067
vn -0.378299 0.844842 0.378328
vn -0.535027 0.844835 -0.000000
vn -0.378302 0.844847 -0.378313
vn 0.000044 0.844818 -0.535054
vn 0.000081 1.000000 0.000021
vn -0.000000 0.999995 0.003307
vn -0.000001 0.999978 0.006599
vn -0.000001 0.999978 0.006599
vn -0.000000 0.999995 0.003307
vn -0.999997 0.000000 0.002465
vn -0.999997 0.000000 0.002284
vn -0.999997 0.000000 0.002284
vn -0.999997 0.000000 0.002465
vn 0.000000 -1.000000 -0.000206
vn 0.000000 -1.000000 -0.000425
vn 0.000000 -1.000000 -0.000425
vn 0.000000 -1.000000 -0.000206
vn 0.999999 0.000000 -0.001472
vn 0.999995 0.000000 -0.003031
vn 0.999995 0.000000 -0.003031
vn 0.999999 0.000000 -0.001472
vn 1.000000 0.000000 0.000086
vn 1.000000 0.000000 0.000086
vn 0.000000 1.000000 0.000016
vn 0.000000 1.000000 0.000016
vn -0.999997 0.000000 0.002646
vn -0.999997 0.000000 0.002646
vn 0.000000 -1.000000 0.000014
vn 0.000000 -1.000000 0.000014
vn 1.000000 0.000000 0.000206
vn 1.000000 0.000000 0.000206
vn 1.000000 0.000000 -0.000709
vn 1.000000 0.000000 -0.000709
vn 0.999999 0.000000 0.001122
vn 0.999999 0.000000 0.001122
vn 0.000000 0.999998 -0.002237
vn 0.000000 0.999998 -0.002237
vn 0.000000 0.999997 -0.002640
vn 0.000000 0.999997 -0.002640
vn 0.000000 0.999998 -0.001834
vn 0.000000 0.999998 -0.001834
vn -1.000000 0.000000 0.000217
vn -1.000000 0.000000 0.000217
vn -1.000000 0.000000 -0.000709
vn -1.000000 0.000000 -0.000709
vn -0.999999 0.000000 0.001143
vn -0.999999 0.000000 0.001143
vn 0.000000 -0.999999 0.001744
vn 0.000000 -0.999999 0.001744
vn 0.000000 -1.000000 -0.000078
vn 0.000000 -1.000000 -0.000078
vn 0.000000 -0.999994 0.003566
vn 0.000000 -0.999994 0.003566
vn 1.000000 0.000028 -0.000069
vn 1.000000 -0.000044 -0.000044
vn 0.698550 -0.715561 -0.000482
vn 0.697403 -0.716679 -0.000098
vn 0.698583 0.715529 0.000124
vn 0.697390 0.716691 -0.000471
vn 0.699695 -0.714442 -0.000867
vn 1.000000 -0.000116 -0.000018
vn 0.699775 0.714363 0.000720
vn 0.000025 1.000000 -0.000726
vn -0.000004 1.000000 0.000133
vn -0.698536 0.715575 0.000128
vn -0.697450 0.716634 -0.000471
vn -0.000032 1.000000 0.000992
vn -0.699621 0.714514 0.000727
vn -1.000000 -0.000101 -0.000069
vn -1.000000 -0.000009 -0.000038
vn -0.698546 -0.715565 -0.000479
vn -0.697396 -0.716686 -0.000098
vn -1.000000 0.000082 -0.000007
vn -0.699694 -0.714442 -0.000859
vn -0.000012 -1.000000 -0.000205
vn -0.000030 -1.000000 -0.000716
vn -0.000049 -0.999999 -0.001229
vn 1.000000 -0.000004 0.000069
vn 0.697417 -0.716666 0.000098
vn 0.698548 -0.715563 0.000390
vn 1.000000 -0.000003 0.000044
vn 0.697440 0.716643 0.000471
vn 0.698562 0.715549 -0.000032
vn 0.699678 -0.714458 0.000682
vn 1.000000 -0.000001 0.000018
vn 0.699683 0.714453 -0.000536
vn 0.000000 1.000000 0.000725
vn -0.000019 1.000000 -0.000003
vn -0.697382 0.716700 0.000471
vn -0.698568 0.715544 -0.000032
vn -0.000038 1.000000 -0.000732
vn -0.699752 0.714386 -0.000536
vn -1.000000 -0.000004 0.000069
vn -1.000000 0.000046 0.000044
vn -0.697393 -0.716689 0.000098
vn -0.698594 -0.715519 0.000390
vn -1.000000 0.000096 0.000018
vn -0.699792 -0.714346 0.000682
vn -0.000047 -1.000000 0.000205
vn -0.000026 -1.000000 0.000588
vn -0.000005 -1.000000 0.000972
vn -1.000000 0.000000 -0.000001
vn -1.000000 0.000000 -0.000001
vn -0.707147 0.000000 -0.707067
vn -0.707147 0.000000 -0.707067
vn -0.000004 0.000000 -1.000000
vn -0.000004 0.000000 -1.000000
vn 0.707147 0.000000 -0.707066
vn 0.707147 0.000000 -0.707066
vn 1.000000 0.000000 0.000007
vn 1.000000 0.000000 0.000007
vn 0.707145 0.000000 0.707068
vn 0.707145 0.000000 0.707068
vn 0.000000 0.000000 1.000000
vn 0.000000 0.000000 1.000000
vn -0.707147 0.000000 0.707066
vn -0.707147 0.000000 0.707066
vn -0.513389 -0.858156 0.000001
vn -0.363023 -0.858154 0.363023
vn -0.633866 -0.443206 0.633863
vn -0.896454 -0.443137 0.000001
vn 0.000015 -0.858108 0.513470
vn 0.000023 -0.443184 0.896431
vn 0.363055 -0.858124 0.363063
vn 0.633876 -0.443139 0.633900
vn 0.513481 -0.858101 -0.000023
vn 0.896469 -0.443106 -0.000014
vn 0.363104 -0.858099 -0.363072
vn 0.633903 -0.443097 -0.633902
vn 0.000006 -0.858118 -0.513452
vn 0.000017 -0.443164 -0.896441
vn -0.363023 -0.858155 -0.363021
vn -0.633878 -0.443182 -0.633869
vn -0.529112 0.663374 0.529127
vn -0.748261 0.663405 -0.000010
vn 0.000019 0.663346 0.748313
vn 0.529113 0.663362 0.529141
vn 0.748290 0.663372 -0.000012
vn 0.529127 0.663346 -0.529147
vn 0.000035 0.663379 -0.748284
vn -0.529118 0.663392 -0.529098
vn -0.475472 0.740113 0.475562
vn -0.672463 0.740131 -0.000005
vn 0.000001 0.740183 0.672405
vn 0.475443 0.740185 0.475480
vn 0.672384 0.740203 -0.000008
vn 0.475467 0.740150 -0.475509
vn 0.000025 0.740208 -0.672378
vn -0.475447 0.740167 -0.475503
vn -0.491216 0.719265 0.491289
vn -0.694697 0.719302 0.000016
vn -0.000005 0.719364 0.694633
vn 0.491181 0.719365 0.491177
vn 0.694601 0.719395 0.000018
vn 0.491150 0.719383 -0.491182
vn 0.000004 0.719382 -0.694615
vn -0.491148 0.719344 -0.491241
vn -0.698211 0.157930 0.698255
vn -0.987447 0.157949 0.000026
vn -0.000010 0.157908 0.987454
vn 0.698234 0.157839 0.698252
vn 0.987459 0.157876 0.000025
vn 0.698204 0.157896 -0.698270
vn 0.000022 0.157894 -0.987456
vn -0.698201 0.157919 -0.698267
vn -0.510746 -0.691531 0.510807
vn -0.722290 -0.691590 0.000011
vn 0.000004 -0.691568 0.722312
vn 0.510713 -0.691565 0.510794
vn 0.722259 -0.691622 0.000005
vn 0.510702 -0.691577 -0.510789
vn 0.000008 -0.691571 -0.722308
vn -0.510713 -0.691574 -0.510782
vn -0.677929 0.284147 0.677991
vn -0.958792 0.284111 0.000016
vn 0.000034 0.284177 0.958772
vn 0.677904 0.284166 0.678008
vn 0.958778 0.284156 0.000015
vn 0.677902 0.284146 -0.678019
vn 0.000012 0.284188 -0.958769
vn -0.677911 0.284140 -0.678013
vn -0.378305 0.844843 0.378319
vn -0.535058 0.844816 0.000006
vn 0.000048 0.844833 0.535030
vn 0.378295 0.844814 0.378395
vn 0.535016 0.844842 0.000003
vn 0.378321 0.844784 -0.378436
vn 0.000040 0.844769 -0.535131
vn -0.378312 0.844824 -0.378354
vn 0.000016 1.000000 -0.000052
vn 1.000000 0.000000 0.000000
vn 1.000000 0.000000 0.000000
vn 1.000000 0.000000 0.000000
vn 1.000000 0.000000 0.000000
vn 0.000000 1.000000 -0.000177
vn 0.000000 1.000000 -0.000177
vn 0.000000 1.000000 -0.000177
vn 0.000000 1.000000 -0.000177
vn -1.000000 0.000000 0.000000
vn -1.000000 0.000000 0.000000
vn -1.000000 0.000000 0.000000
vn -1.000000 0.000000 0.000000
vn 0.000000 -1.000000 -0.000031
vn 0.000000 -1.000000 -0.000031
vn 0.000000 -1.000000 -0.000031
vn 0.000000 -1.000000 -0.000031
vn 1.000000 0.000000 0.000000
vn 1.000000 -0.000075 0.000000
vn 0.993956 0.109426 0.008772
vn 0.993958 0.108301 0.017824
vn 1.000000 -0.000142 0.000000
vn 0.993946 0.109782 0.004360
vn 0.000000 0.986715 0.162463
vn 0.000000 0.996802 0.079907
vn 0.000000 0.996802 0.079907
vn 0.000000 0.986715 0.162463
vn 0.000000 0.999216 0.039599
vn 0.000000 0.999216 0.039599
vn -0.993961 0.108274 0.017824
vn -0.993953 0.109459 0.008772
vn -1.000000 0.000048 0.000000
vn -1.000000 -0.000003 0.000000
vn -0.993936 0.109873 0.004360
vn -1.000000 0.000021 0.000000
vn 0.000000 -0.986717 -0.162449
vn 0.000000 -0.996803 -0.079901
vn 0.000000 -0.996803 -0.079901
vn 0.000000 -0.986717 -0.162449
vn 0.000000 -0.999216 -0.039593
vn 0.000000 -0.999216 -0.039593
vn 0.000000 -0.978862 -0.204523
vn 0.000000 -0.978862 -0.204523
vn 0.993948 0.107532 0.022464
vn 1.000000 0.000008 0.000000
vn 0.000000 0.978857 0.204544
vn 0.000000 0.978857 0.204544
vn -1.000000 -0.000081 0.000000
vn -0.993951 0.107504 0.022464
vn 1.000000 0.000084 0.000000
vn 0.993964 0.108259 -0.017743
vn 0.993951 0.109475 -0.008764
vn 1.000000 0.000041 0.000000
vn 0.993925 0.109976 -0.004343
vn 1.000000 0.000000 0.000000
vn 0.000000 0.986837 -0.161720
vn 0.000000 0.986837 -0.161720
vn 0.000000 0.996813 -0.079773
vn 0.000000 0.996813 -0.079773
vn 0.000000 0.999226 -0.039340
vn 0.000000 0.999226 -0.039340
vn -0.993961 0.108292 -0.017743
vn -1.000000 0.000000 0.000000
vn -1.000000 0.000000 0.000000
vn -0.993939 0.109582 -0.008763
vn -1.000000 0.000000 0.000000
vn -0.993913 0.110079 -0.004342
vn 0.000000 -0.986835 0.161730
vn 0.000000 -0.986835 0.161730
vn 0.000000 -0.996814 0.079767
vn 0.000000 -0.996814 0.079767
vn 0.000000 -0.999226 0.039326
vn 0.000000 -0.999226 0.039326
vn 0.000000 -0.979159 0.203097
vn 0.000000 -0.979159 0.203097
vn 1.000000 0.000087 0.000000
vn 0.993950 0.107544 -0.022301
vn 0.000000 0.979162 -0.203079
vn 0.000000 0.979162 -0.203079
vn -0.993955 0.107500 -0.022301
vn -1.000000 0.000000 0.000000
vn 0.975885 0.217591 -0.017423
vn 0.975773 0.218616 -0.008634
vn -0.975829 0.217839 -0.017420
vn -0.975728 0.218818 -0.008630
vn -0.975915 0.215281 -0.035272
vn -0.975893 0.213701 -0.044332
vn -0.975859 0.213786 0.044656
vn -0.975916 0.215249 0.035434
vn -0.975893 0.217551 0.017439
vn -0.975822 0.218393 0.008667
vn 0.975827 0.218374 0.008667
vn 0.975881 0.217607 0.017439
vn 0.975905 0.215298 0.035434
vn 0.975866 0.213755 0.044656
vn 0.975947 0.215134 -0.035273
vn 0.975893 0.213701 -0.044332
vn 1.000000 0.000000 0.000000
vn 1.000000 0.000000 0.000000
vn 1.000000 0.000000 0.000000
vn 1.000000 0.000000 0.000000
vn -1.000000 0.000000 0.000000
vn -1.000000 0.000000 0.000000
vn -1.000000 0.000000 0.000000
vn -1.000000 0.000000 0.000000
vn 0.000000 0.000000 -1.000000
vn 0.000000 0.000000 -1.000000
vn 0.000000 0.000000 -1.000000
vn 0.000000 0.000000 -1.000000
vn 0.000000 0.000000 1.000000
vn 0.000000 0.000000 1.000000
vn 0.000000 0.000000 1.000000
vn 0.000000 0.000000 1.000000
vn 1.000000 0.000000 0.000000
vn 1.000000 0.000000 0.000000
vn 1.000000 0.000000 0.000000
vn 1.000000 0.000000 0.000000
vn -1.000000 0.000000 0.000000
vn -1.000000 0.000000 0.000000
vn -1.000000 0.000000 0.000000
vn -1.000000 0.000000 0.000000
vn 0.000000 0.000000 1.000000
vn 0.000000 0.000000 1.000000
vn 0.000000 0.000000 1.000000
vn 0.000000 0.000000 1.000000
vn 0.000000 0.000000 -1.000000
vn 0.000000 0.000000 -1.000000
vn 0.000000 0.000000 -1.000000
vn 0.000000 0.000000 -1.000000
vn -1.000000 0.000000 0.000000
vn -1.000000 0.000000 0.000000
vn -1.000000 0.000000 0.000000
vn -1.000000 0.000000 0.000000
vn 0.000000 0.000000 -1.000000
vn 0.000000 0.000000 -1.000000
vn 0.000000 0.000000 -1.000000
vn 0.000000 0.000000 -1.000000
vn 0.000000 0.000000 1.000000
vn 0.000000 0.000000 1.000000
vn 0.000000 0.000000 1.000000
vn 0.000000 0.000000 1.000000
vn 1.000000 0.000000 0.000000
vn 1.000000 0.000000 0.000000
vn 1.000000 0.000000 0.000000
vn 1.000000 0.000000 0.000000
vn -1.000000 0.000000 -0.000008
vn -0.707145 0.000000 0.707068
vn -0.707145 0.000000 0.707068
vn -1.000000 0.000000 -0.000008
vn 0.000000 0.000000 1.000000
vn 0.000000 0.000000 1.000000
vn 0.707040 0.000000 0.707173
vn 0.707040 0.000000 0.707173
vn 1.000000 0.000000 -0.000008
vn 1.000000 0.000000 -0.000008
vn 0.707045 0.000000 -0.707169
vn 0.707045 0.000000 -0.707169
vn 0.000000 0.000000 -1.000000
vn 0.000000 0.000000 -1.000000
vn -0.707150 0.000000 -0.707064
vn -0.707150 0.000000 -0.707064
vn 1.000000 -0.000094 0.000656
vn 1.000000 -0.000063 0.000296
vn 1.000000 -0.000063 0.000296
vn 1.000000 -0.000094 0.000656
vn 0.999999 0.000108 -0.001123
vn 0.999999 0.000108 -0.001123
vn 0.000000 0.989205 0.146538
vn 0.000000 0.997284 0.073648
vn 0.000000 0.997284 0.073648
vn 0.000000 0.989205 0.146538
vn 0.000000 0.999375 0.035363
vn 0.000000 0.999375 0.035363
vn -1.000000 -0.000061 0.000666
vn -1.000000 -0.000056 0.000296
vn -1.000000 -0.000056 0.000296
vn -1.000000 -0.000061 0.000666
vn -0.999999 0.000089 -0.001144
vn -0.999999 0.000089 -0.001144
vn 0.000000 -0.989404 -0.145191
vn 0.000000 -0.997329 -0.073040
vn 0.000000 -0.997329 -0.073040
vn 0.000000 -0.989404 -0.145191
vn 0.000000 -0.999300 -0.037418
vn 0.000000 -0.999300 -0.037418
vn 0.000000 -0.983370 -0.181615
vn 0.000000 -0.983370 -0.181615
vn 1.000000 0.000046 -0.000403
vn 1.000000 0.000046 -0.000403
vn 0.000000 0.983470 0.181071
vn 0.000000 0.983470 0.181071
vn -1.000000 0.000078 -0.000403
vn -1.000000 0.000078 -0.000403
vn 0.700087 -0.706537 -0.103361
vn 1.000000 0.000079 -0.000003
vn 1.000000 -0.000015 -0.000002
vn 0.699869 -0.702678 -0.128168
vn 0.699867 0.702686 0.128135
vn 0.700024 0.706604 0.103332
vn 0.700130 -0.712100 -0.052267
vn 1.000000 0.000020 -0.000002
vn 0.700100 0.712130 0.052255
vn 0.699911 -0.713757 -0.026007
vn 1.000000 -0.000133 0.000000
vn 0.699976 0.713693 0.026002
vn -0.000153 0.989472 0.144724
vn -0.000177 0.983776 0.179402
vn -0.699622 0.702920 0.128186
vn -0.699855 0.706765 0.103374
vn -0.000112 0.997319 0.073181
vn -0.699884 0.712341 0.052271
vn -0.000096 0.999337 0.036398
vn -0.699637 0.714025 0.026009
vn -1.000000 0.000102 -0.000004
vn -1.000000 0.000081 -0.000004
vn -0.699675 -0.702863 -0.128214
vn -0.699924 -0.706693 -0.103398
vn -1.000000 0.000055 0.000003
vn -0.699926 -0.712300 -0.052276
vn -1.000000 -0.000012 0.000010
vn -0.699633 -0.714029 -0.026000
vn -0.000140 -0.989467 -0.144759
vn -0.000153 -0.983767 -0.179450
vn -0.000094 -0.997317 -0.073197
vn -0.000061 -0.999337 -0.036407
vn 1.000000 0.000000 0.000000
vn 1.000000 0.000000 0.000000
vn 1.000000 0.000000 0.000000
vn 1.000000 0.000000 0.000000
vn -1.000000 0.000000 0.000000
vn -1.000000 0.000000 0.000000
vn -1.000000 0.000000 0.000000
vn -1.000000 0.000000 0.000000
vn 0.000000 0.000000 -1.000000
vn 0.000000 0.000000 -1.000000
vn 0.000000 0.000000 -1.000000
vn 0.000000 0.000000 -1.000000
vn 0.000000 0.000000 1.000000
vn 0.000000 0.000000 1.000000
vn 0.000000 0.000000 1.000000
vn 0.000000 0.000000 1.000000
vn -0.707147 0.000000 -0.707066
vn -1.000000 0.000000 0.000000
vn -1.000000 0.000000 0.000000
vn -0.707147 0.000000 -0.707066
vn -0.707144 0.000000 0.707069
vn -0.707144 0.000000 0.707069
vn 0.000000 0.000000 1.000000
vn 0.000000 0.000000 1.000000
vn 0.707039 0.000000 0.707174
vn 0.707039 0.000000 0.707174
vn 1.000000 0.000000 0.000000
vn 1.000000 0.000000 0.000000
vn 0.707043 0.000000 -0.707171
vn 0.707043 0.000000 -0.707171
vn 0.000000 0.000000 -1.000000
vn 0.000000 0.000000 -1.000000
vn -0.363164 -0.858028 -0.363181
vn -0.633887 -0.443082 -0.633929
vn -0.000085 -0.443205 -0.896420
vn -0.000043 -0.858091 -0.513498
vn 0.633828 -0.443319 -0.633822
vn 0.363066 -0.858121 -0.363058
vn 0.896326 -0.443395 0.000000
vn 0.513459 -0.858114 -0.000001
vn 0.633825 -0.443320 0.633825
vn 0.363063 -0.858122 0.363058
vn -0.000094 -0.443184 0.896430
vn -0.000057 -0.858070 0.513533
vn -0.633885 -0.443062 0.633945
vn -0.363176 -0.858008 0.363216
vn -0.896502 -0.443039 0.000000
vn -0.513599 -0.858031 -0.000000
vn -0.529160 0.663314 -0.529154
vn -0.000074 0.663319 -0.748337
vn 0.529177 0.663271 -0.529191
vn 0.748455 0.663186 0.000001
vn 0.529174 0.663272 0.529193
vn -0.000069 0.663327 0.748329
vn -0.529193 0.663288 0.529155
vn -0.748320 0.663338 0.000021
vn -0.475519 0.740156 -0.475448
vn -0.000032 0.740169 -0.672421
vn 0.475403 0.740210 -0.475480
vn 0.672316 0.740265 -0.000000
vn 0.475387 0.740229 0.475465
vn -0.000032 0.740194 0.672393
vn -0.475551 0.740134 0.475450
vn -0.672511 0.740087 0.000018
vn -0.491206 0.719367 -0.491149
vn -0.000008 0.719304 -0.694696
vn 0.491139 0.719347 -0.491246
vn 0.694553 0.719442 -0.000000
vn 0.491117 0.719383 0.491215
vn -0.000012 0.719353 0.694645
vn -0.491160 0.719417 0.491122
vn -0.694605 0.719391 -0.000019
vn -0.698345 0.157946 -0.698117
vn -0.000030 0.157836 -0.987465
vn 0.698188 0.157846 -0.698296
vn 0.987454 0.157906 0.000021
vn 0.698212 0.157885 0.698264
vn -0.000040 0.157871 0.987460
vn -0.698324 0.158017 0.698122
vn -0.987434 0.158035 -0.000034
vn -0.510815 -0.691566 -0.510690
vn -0.000048 -0.691531 -0.722347
vn 0.510751 -0.691551 -0.510775
vn 0.722359 -0.691518 0.000011
vn 0.510755 -0.691565 0.510751
vn -0.000060 -0.691566 0.722313
vn -0.510800 -0.691584 0.510682
vn -0.722314 -0.691566 -0.000005
vn -0.677962 0.284174 -0.677947
vn -0.000071 0.284205 -0.958763
vn 0.677939 0.284199 -0.677960
vn 0.958766 0.284196 0.000000
vn 0.677955 0.284177 0.677953
vn -0.000089 0.284183 0.958770
vn -0.677960 0.284151 0.677959
vn -0.958794 0.284103 -0.000007
vn -0.378353 0.844778 -0.378416
vn -0.000101 0.844793 -0.535093
vn 0.378318 0.844830 -0.378337
vn 0.535067 0.844809 -0.000000
vn 0.378306 0.844844 0.378315
vn -0.000114 0.844800 0.535083
vn -0.378357 0.844771 0.378429
vn -0.534985 0.844862 -0.000000
vn -0.000091 1.000000 0.000000
vn -0.513566 -0.858050 -0.000014
vn -0.896493 -0.443057 -0.000008
vn -0.633890 -0.443050 -0.633949
vn -0.363189 -0.857995 -0.363234
vn -0.000102 -0.443183 -0.896431
vn -0.000071 -0.858069 -0.513534
vn 0.633841 -0.443280 -0.633836
vn 0.363058 -0.858133 -0.363038
vn 0.896352 -0.443344 0.000001
vn 0.513462 -0.858113 -0.000000
vn 0.633827 -0.443310 0.633830
vn 0.363074 -0.858111 0.363074
vn -0.000079 -0.443168 0.896439
vn -0.000036 -0.858079 0.513517
vn -0.633879 -0.443077 0.633940
vn -0.363126 -0.858050 0.363168
vn -0.748356 0.663297 0.000001
vn -0.529200 0.663273 -0.529166
vn -0.000080 0.663320 -0.748336
vn 0.529111 0.663349 -0.529159
vn 0.748361 0.663291 0.000001
vn 0.529139 0.663301 0.529191
vn -0.000077 0.663321 0.748335
vn -0.529187 0.663285 0.529164
vn -0.672481 0.740114 -0.000000
vn -0.475544 0.740170 -0.475401
vn -0.000046 0.740205 -0.672381
vn 0.475340 0.740281 -0.475433
vn 0.672251 0.740324 0.000001
vn 0.475343 0.740272 0.475443
vn -0.000046 0.740190 0.672398
vn -0.475548 0.740162 0.475410
vn -0.694603 0.719393 0.000018
vn -0.491193 0.719432 -0.491067
vn -0.000035 0.719389 -0.694607
vn 0.491139 0.719386 -0.491189
vn 0.694617 0.719379 0.000001
vn 0.491139 0.719386 0.491189
vn -0.000045 0.719374 0.694623
vn -0.491235 0.719385 0.491094
vn -0.987460 0.157871 0.000051
vn -0.698324 0.157913 -0.698145
vn -0.000105 0.157894 -0.987456
vn 0.698260 0.157851 -0.698223
vn 0.987467 0.157827 -0.000011
vn 0.698251 0.157839 0.698235
vn -0.000126 0.157866 0.987461
vn -0.698348 0.157874 0.698130
vn -0.722255 -0.691627 0.000004
vn -0.510771 -0.691597 -0.510692
vn -0.000060 -0.691547 -0.722331
vn 0.510771 -0.691538 -0.510771
vn 0.722370 -0.691507 -0.000007
vn 0.510755 -0.691557 0.510762
vn -0.000066 -0.691555 0.722323
vn -0.510775 -0.691593 0.510694
vn -0.958800 0.284083 -0.000021
vn -0.677983 0.284153 -0.677936
vn -0.000051 0.284219 -0.958759
vn 0.677934 0.284210 -0.677960
vn 0.958766 0.284199 -0.000002
vn 0.677939 0.284214 0.677953
vn -0.000065 0.284218 0.958760
vn -0.677965 0.284156 0.677952
vn -0.535051 0.844820 0.000011
vn -0.378361 0.844787 -0.378389
vn -0.000086 0.844816 -0.535058
vn 0.378321 0.844829 -0.378335
vn 0.535067 0.844810 -0.000000
vn 0.378305 0.844846 0.378314
vn -0.000102 0.844830 0.535035
vn -0.378383 0.844770 0.378404
vn -0.000105 1.000000 0.000006
vn 1.000000 0.000002 0.000000
vn 1.000000 0.000016 -0.000010
vn 1.000000 0.000016 -0.000010
vn 1.000000 0.000002 0.000000
vn 1.000000 -0.000016 -0.000020
vn 1.000000 -0.000016 -0.000020
vn 0.000000 0.986776 0.162088
vn 0.000000 0.996803 0.079899
vn 0.000000 0.996803 0.079899
vn 0.000000 0.986776 0.162088
vn 0.000000 0.999216 0.039588
vn 0.000000 0.999216 0.039588
vn -1.000000 0.000000 0.000000
vn -1.000000 0.000001 0.000000
vn -1.000000 0.000001 0.000000
vn -1.000000 0.000000 0.000000
vn -1.000000 0.000003 0.000000
vn -1.000000 0.000003 0.000000
vn 0.000000 -0.986776 -0.162090
vn 0.000000 -0.996794 -0.080013
vn 0.000000 -0.996794 -0.080013
vn 0.000000 -0.986776 -0.162090
vn 0.000000 -0.999207 -0.039821
vn 0.000000 -0.999207 -0.039821
vn 0.000000 -0.247414 0.968910
vn 0.000000 -0.247414 0.968910
vn 0.000000 -0.247414 0.968910
vn 0.000000 -0.247414 0.968910
vn 0.000000 -0.979010 -0.203813
vn 0.000000 -0.979010 -0.203813
vn 1.000000 -0.000043 0.000000
vn 1.000000 -0.000043 0.000000
vn 0.000000 0.979012 0.203804
vn 0.000000 0.979012 0.203804
vn -1.000000 0.000000 0.000000
vn -1.000000 0.000000 0.000000
vn 1.000000 0.000036 0.000000
vn 1.000000 -0.000025 0.000000
vn 0.993874 0.110175 0.008685
vn 0.993857 0.109207 0.017931
vn 1.000000 -0.000030 0.000000
vn 0.993878 0.110418 0.003912
vn 0.000000 0.986787 0.162021
vn 0.000000 0.996906 0.078599
vn 0.000000 0.996906 0.078599
vn 0.000000 0.986787 0.162021
vn 0.000000 0.999368 0.035551
vn 0.000000 0.999368 0.035551
vn -0.993824 0.109506 0.017981
vn -0.993840 0.110486 0.008710
vn -1.000000 -0.000054 0.000000
vn -1.000000 -0.000116 0.000000
vn -0.993843 0.110731 0.003925
vn -1.000000 0.000013 0.000000
vn 0.000000 -0.986788 -0.162017
vn 0.000000 -0.996908 -0.078581
vn 0.000000 -0.996908 -0.078581
vn 0.000000 -0.986788 -0.162017
vn 0.000000 -0.999370 -0.035496
vn 0.000000 -0.999370 -0.035496
vn 0.000000 -0.247394 0.968915
vn 0.000000 -0.247394 0.968915
vn 0.000000 -0.247402 0.968913
vn 0.000000 -0.247402 0.968913
vn 0.000000 -0.979335 -0.202244
vn 0.000000 -0.979335 -0.202244
vn 0.993846 0.108481 0.022405
vn 1.000000 0.000092 0.000000
vn 0.000000 0.979330 0.202269
vn 0.000000 0.979330 0.202269
vn -1.000000 -0.000111 0.000000
vn -0.993813 0.108769 0.022467
vn 0.000000 -0.247411 0.968911
vn 0.000000 -0.247411 0.968911
vn -0.975305 0.216301 0.044656
vn -0.975344 0.217776 0.035740
vn -0.975421 0.219669 0.017313
vn -0.975449 0.220086 0.007803
vn 0.975579 0.219512 0.007777
vn 0.975565 0.219030 0.017263
vn 0.975511 0.217042 0.035642
vn 0.975480 0.215538 0.044534
vn 0.000000 0.000000 -1.000000
vn -0.707150 0.000000 -0.707064
vn -0.707150 0.000000 -0.707064
vn 0.000000 0.000000 -1.000000
vn -1.000000 0.000000 -0.000008
vn -1.000000 0.000000 -0.000008
vn -0.707145 0.000000 0.707068
vn -0.707145 0.000000 0.707068
vn 0.000000 0.000000 1.000000
vn 0.000000 0.000000 1.000000
vn 0.707145 0.000000 0.707068
vn 0.707145 0.000000 0.707068
vn 1.000000 0.000000 -0.000008
vn 1.000000 0.000000 -0.000008
vn 0.707150 0.000000 -0.707064
vn 0.707150 0.000000 -0.707064
vn 1.000000 -0.000094 0.000656
vn 1.000000 -0.000107 0.000421
vn 1.000000 -0.000107 0.000421
vn 1.000000 -0.000094 0.000656
vn 1.000000 0.000003 -0.000874
vn 1.000000 0.000003 -0.000874
vn 0.000000 0.989205 0.146539
vn 0.000000 0.997296 0.073494
vn 0.000000 0.997296 0.073494
vn 0.000000 0.989205 0.146539
vn 0.000000 0.999385 0.035057
vn 0.000000 0.999385 0.035057
vn -1.000000 -0.000126 0.000667
vn -1.000000 -0.000106 -0.000828
vn -1.000000 -0.000106 -0.000828
vn -1.000000 -0.000126 0.000667
vn -0.999994 0.000066 -0.003370
vn -0.999994 0.000066 -0.003370
vn 0.000000 -0.989403 -0.145194
vn 0.000000 -0.997412 -0.071894
vn 0.000000 -0.997412 -0.071894
vn 0.000000 -0.989403 -0.145194
vn 0.000000 -0.999383 -0.035120
vn 0.000000 -0.999383 -0.035120
vn 0.000000 -0.983369 -0.181619
vn 0.000000 -0.983369 -0.181619
vn 1.000000 0.000027 -0.000403
vn 1.000000 0.000027 -0.000403
vn 0.000000 0.983469 0.181075
vn 0.000000 0.983469 0.181075
vn -1.000000 0.000025 -0.000382
vn -1.000000 0.000025 -0.000382
vn 0.700116 -0.706508 -0.103365
vn 1.000000 -0.000032 -0.000002
vn 1.000000 0.000069 -0.000004
vn 0.699934 -0.702612 -0.128179
vn 0.699900 0.702649 0.128159
vn 0.700136 0.706491 0.103348
vn 0.700076 -0.712153 -0.052269
vn 1.000000 -0.000133 -0.000005
vn 0.700138 0.712093 0.052250
vn 0.699811 -0.713854 -0.026018
vn 1.000000 -0.000134 -0.000010
vn 0.699861 0.713806 0.025996
vn -0.000060 0.989472 0.144723
vn -0.000051 0.983771 0.179426
vn -0.699709 0.702839 0.128160
vn -0.699916 0.706709 0.103349
vn -0.000070 0.997319 0.073173
vn -0.699974 0.712254 0.052262
vn -0.000071 0.999337 0.036404
vn -0.699783 0.713882 0.026014
vn -1.000000 0.000015 -0.000003
vn -1.000000 0.000052 -0.000004
vn -0.699756 -0.702785 -0.128197
vn -0.699943 -0.706678 -0.103378
vn -1.000000 0.000013 0.000004
vn -0.699976 -0.712251 -0.052266
vn -1.000000 0.000047 0.000009
vn -0.699780 -0.713885 -0.025999
vn -0.000079 -0.989466 -0.144765
vn -0.000087 -0.983765 -0.179464
vn -0.000014 -0.997317 -0.073199
vn 0.000044 -0.999337 -0.036412
vn 1.000000 0.000000 0.000000
vn 1.000000 0.000000 0.000000
vn 1.000000 0.000000 0.000000
vn 1.000000 0.000000 0.000000
vn -1.000000 0.000000 0.000000
vn -1.000000 0.000000 0.000000
vn -1.000000 0.000000 0.000000
vn -1.000000 0.000000 0.000000
vn 0.000000 0.000000 -1.000000
vn 0.000000 0.000000 -1.000000
vn 0.000000 0.000000 -1.000000
vn 0.000000 0.000000 -1.000000
vn 0.000000 0.000000 1.000000
vn 0.000000 0.000000 1.000000
vn 0.000000 0.000000 1.000000
vn 0.000000 0.000000 1.000000
vn 0.707146 0.000000 -0.707068
vn 0.000000 0.000000 -1.000000
vn 0.000000 0.000000 -1.000000
vn 0.707146 0.000000 -0.707068
vn -0.707146 0.000000 -0.707068
vn -0.707146 0.000000 -0.707068
vn -1.000000 0.000000 0.000004
vn -1.000000 0.000000 0.000004
vn -0.707146 0.000000 0.707068
vn -0.707146 0.000000 0.707068
vn 0.000000 0.000000 1.000000
vn 0.000000 0.000000 1.000000
vn 0.707146 0.000000 0.707068
vn 0.707146 0.000000 0.707068
vn 1.000000 0.000000 0.000004
vn 1.000000 0.000000 0.000004
vn 0.363032 -0.858142 -0.363043
vn 0.633868 -0.443245 -0.633834
vn 0.896411 -0.443223 0.000000
vn 0.513389 -0.858156 -0.000001
vn 0.633863 -0.443266 0.633824
vn 0.363013 -0.858165 0.363008
vn -0.000035 -0.443195 0.896425
vn -0.000014 -0.858127 0.513437
vn -0.633881 -0.443131 0.633900
vn -0.363062 -0.858122 0.363059
vn -0.896456 -0.443134 0.000011
vn -0.513425 -0.858135 0.000015
vn -0.633872 -0.443151 -0.633896
vn -0.363032 -0.858142 -0.363042
vn -0.000025 -0.443175 -0.896435
vn 0.000001 -0.858106 -0.513472
vn 0.529108 0.663402 -0.529096
vn 0.748262 0.663404 0.000001
vn 0.529103 0.663412 0.529089
vn -0.000048 0.663365 0.748296
vn -0.529127 0.663350 0.529142
vn -0.748301 0.663359 0.000001
vn -0.529130 0.663349 -0.529140
vn -0.000043 0.663357 -0.748303
vn 0.475379 0.740224 -0.475482
vn 0.672355 0.740228 0.000011
vn 0.475408 0.740196 0.475496
vn -0.000021 0.740235 0.672348
vn -0.475446 0.740188 0.475471
vn -0.672388 0.740199 0.000002
vn -0.475471 0.740151 -0.475504
vn -0.000026 0.740191 -0.672397
vn 0.491181 0.719305 -0.491265
vn 0.694692 0.719307 -0.000007
vn 0.491174 0.719301 0.491278
vn 0.000000 0.719354 0.694643
vn -0.491207 0.719337 0.491193
vn -0.694649 0.719349 0.000019
vn -0.491197 0.719329 -0.491215
vn -0.000010 0.719317 -0.694682
vn 0.698216 0.157906 -0.698255
vn 0.987447 0.157954 -0.000051
vn 0.698164 0.157937 0.698300
vn 0.000014 0.157887 0.987457
vn -0.698315 0.157870 0.698164
vn -0.987457 0.157888 0.000042
vn -0.698277 0.157919 -0.698191
vn -0.000005 0.157886 -0.987457
vn 0.510734 -0.691544 -0.510802
vn 0.722308 -0.691571 0.000002
vn 0.510742 -0.691524 0.510820
vn -0.000003 -0.691535 0.722343
vn -0.510801 -0.691505 0.510786
vn -0.722401 -0.691474 0.000006
vn -0.510802 -0.691495 -0.510800
vn -0.000015 -0.691527 -0.722351
vn 0.677915 0.284117 -0.678018
vn 0.958786 0.284128 0.000017
vn 0.677913 0.284162 0.678001
vn -0.000033 0.284165 0.958775
vn -0.677930 0.284175 0.677979
vn -0.958761 0.284214 0.000001
vn -0.677927 0.284187 -0.677977
vn -0.000036 0.284177 -0.958772
vn 0.378255 0.844866 -0.378318
vn 0.534975 0.844868 0.000018
vn 0.378302 0.844834 0.378341
vn -0.000040 0.844806 0.535072
vn -0.378383 0.844799 0.378340
vn -0.535078 0.844803 0.000018
vn -0.378358 0.844798 -0.378366
vn -0.000058 0.844774 -0.535123
vn -0.000106 1.000000 -0.000005
vn -0.000007 -0.858117 -0.513455
vn -0.000030 -0.443184 -0.896431
vn 0.633854 -0.443303 -0.633807
vn 0.363027 -0.858152 -0.363023
vn 0.896388 -0.443271 -0.000002
vn 0.513392 -0.858154 0.000001
vn 0.633853 -0.443261 0.633837
vn 0.363036 -0.858134 0.363059
vn -0.000024 -0.443178 0.896434
vn 0.000000 -0.858085 0.513507
vn -0.633870 -0.443141 0.633905
vn -0.363040 -0.858132 0.363058
vn -0.896446 -0.443153 -0.000003
vn -0.513392 -0.858154 -0.000001
vn -0.633870 -0.443151 -0.633898
vn -0.363031 -0.858143 -0.363041
vn -0.000047 0.663340 -0.748319
vn 0.529136 0.663357 -0.529125
vn 0.748300 0.663360 -0.000003
vn 0.529117 0.663377 0.529119
vn -0.000046 0.663319 0.748337
vn -0.529093 0.663371 0.529150
vn -0.748274 0.663390 -0.000022
vn -0.529131 0.663335 -0.529156
vn -0.000017 0.740175 -0.672414
vn 0.475389 0.740201 -0.475508
vn 0.672318 0.740262 -0.000003
vn 0.475394 0.740200 0.475505
vn -0.000017 0.740194 0.672394
vn -0.475413 0.740206 0.475476
vn -0.672358 0.740226 -0.000015
vn -0.475461 0.740157 -0.475504
vn 0.000011 0.719349 -0.694649
vn 0.491150 0.719321 -0.491273
vn 0.694620 0.719376 -0.000003
vn 0.491150 0.719334 0.491253
vn -0.000005 0.719352 0.694646
vn -0.491171 0.719369 0.491183
vn -0.694618 0.719379 -0.000026
vn -0.491173 0.719368 -0.491182
vn 0.000008 0.157896 -0.987456
vn 0.698183 0.157937 -0.698281
vn 0.987444 0.157970 -0.000020
vn 0.698185 0.157922 0.698283
vn -0.000017 0.157884 0.987458
vn -0.698284 0.157905 0.698188
vn -0.987456 0.157897 -0.000104
vn -0.698274 0.157882 -0.698202
vn -0.000027 -0.691559 -0.722320
vn 0.510744 -0.691540 -0.510797
vn 0.722305 -0.691574 -0.000016
vn 0.510709 -0.691575 0.510784
vn -0.000017 -0.691553 0.722326
vn -0.510798 -0.691507 0.510788
vn -0.722340 -0.691538 -0.000018
vn -0.510749 -0.691547 -0.510783
vn -0.000062 0.284190 -0.958768
vn 0.677938 0.284130 -0.677990
vn 0.958793 0.284106 -0.000010
vn 0.677933 0.284106 0.678005
vn -0.000043 0.284165 0.958775
vn -0.677926 0.284190 0.677977
vn -0.958767 0.284195 0.000027
vn -0.677902 0.284189 -0.678001
vn -0.000067 0.844788 -0.535101
vn 0.378311 0.844838 -0.378325
vn 0.535013 0.844844 -0.000020
vn 0.378273 0.844861 0.378311
vn -0.000052 0.844790 0.535098
vn -0.378350 0.844808 0.378353
vn -0.535009 0.844846 0.000009
vn -0.378342 0.844810 -0.378356
vn -0.000091 1.000000 -0.000019
vn -1.000000 0.000000 0.000000
vn -1.000000 0.000000 0.000000
vn -1.000000 0.000000 0.000000
vn -1.000000 0.000000 0.000000
vn 0.000000 0.000000 -1.000000
vn 0.000000 0.000000 -1.000000
vn 0.000000 0.000000 -1.000000
vn 0.000000 0.000000 -1.000000
vn 0.000000 0.000000 1.000000
vn 0.000000 0.000000 1.000000
vn 0.000000 0.000000 1.000000
vn 0.000000 0.000000 1.000000
vn 1.000000 0.000000 0.000000
vn 1.000000 0.000000 0.000000
vn 1.000000 0.000000 0.000000
vn 1.000000 0.000000 0.000000
vn 1.000000 -0.000044 0.000000
vn 1.000000 0.000014 0.000000
vn 1.000000 0.000014 0.000000
vn 1.000000 -0.000044 0.000000
vn 1.000000 0.000063 0.000000
vn 1.000000 0.000063 0.000000
vn 0.000000 0.986776 0.162088
vn 0.000000 0.996816 0.079734
vn 0.000000 0.996816 0.079734
vn 0.000000 0.986776 0.162088
vn 0.000000 0.999229 0.039260
vn 0.000000 0.999229 0.039260
vn -1.000000 -0.000042 0.000000
vn -1.000000 -0.000045 0.000000
vn -1.000000 -0.000045 0.000000
vn -1.000000 -0.000042 0.000000
vn -1.000000 -0.000078 0.000000
vn -1.000000 -0.000078 0.000000
vn 0.000000 -0.986775 -0.162094
vn 0.000000 -0.996797 -0.079980
vn 0.000000 -0.996797 -0.079980
vn 0.000000 -0.986775 -0.162094
vn 0.000000 -0.999210 -0.039750
vn 0.000000 -0.999210 -0.039750
vn 0.000000 -0.247398 0.968914
vn 0.000000 -0.247398 0.968914
vn 0.000000 -0.247398 0.968914
vn 0.000000 -0.247398 0.968914
vn 0.000000 -0.979009 -0.203817
vn 0.000000 -0.979009 -0.203817
vn 1.000000 -0.000051 0.000000
vn 1.000000 -0.000051 0.000000
vn 0.000000 0.979011 0.203808
vn 0.000000 0.979011 0.203808
vn -1.000000 -0.000072 0.000000
vn -1.000000 -0.000072 0.000000
vn 1.000000 0.000001 0.000000
vn 1.000000 0.000022 0.000000
vn 0.993864 0.110268 0.008684
vn 0.993859 0.109189 0.017931
vn 1.000000 0.000027 0.000000
vn 0.993858 0.110592 0.003911
vn 0.000000 0.986788 0.162018
vn 0.000000 0.996906 0.078602
vn 0.000000 0.996906 0.078602
vn 0.000000 0.986788 0.162018
vn 0.000000 0.999368 0.035556
vn 0.000000 0.999368 0.035556
vn -0.993847 0.109301 0.017956
vn -0.993864 0.110264 0.008698
vn -1.000000 -0.000019 0.000000
vn -1.000000 -0.000073 0.000000
vn -0.993871 0.110480 0.003921
vn -1.000000 -0.000044 0.000000
vn 0.000000 -0.986787 -0.162023
vn 0.000000 -0.996908 -0.078583
vn 0.000000 -0.996908 -0.078583
vn 0.000000 -0.986787 -0.162023
vn 0.000000 -0.999370 -0.035501
vn 0.000000 -0.999370 -0.035501
vn 0.000000 -0.247394 0.968915
vn 0.000000 -0.247394 0.968915
vn 0.000000 -0.247400 0.968913
vn 0.000000 -0.247400 0.968913
vn 0.000000 -0.979333 -0.202256
vn 0.000000 -0.979333 -0.202256
vn 0.993851 0.108435 0.022405
vn 1.000000 -0.000015 0.000000
vn 0.000000 0.979331 0.202263
vn 0.000000 0.979331 0.202263
vn -1.000000 -0.000151 0.000000
vn -0.993838 0.108552 0.022436
vn 0.000000 -0.247406 0.968912
vn 0.000000 -0.247406 0.968912
vn -0.975393 0.215914 0.044595
vn -0.975445 0.217331 0.035692
vn -0.975527 0.219200 0.017290
vn -0.975548 0.219648 0.007793
vn 0.975514 0.219799 0.007773
vn 0.975535 0.219167 0.017261
vn 0.975512 0.217041 0.035642
vn 0.975477 0.215551 0.044534
vn 0.000000 0.994073 0.108712
vn 0.000000 0.994073 0.108712
vn 0.000000 0.994073 0.108712
vn 0.000000 0.994073 0.108712
vn 0.000000 -0.994073 -0.108712
vn 0.000000 -0.994073 -0.108712
vn 0.000000 -0.994073 -0.108712
vn 0.000000 -0.994073 -0.108712
vn 0.000000 0.098766 -0.995111
vn 0.000000 0.098766 -0.995111
vn 0.000000 0.098766 -0.995111
vn 0.000000 0.098766 -0.995111
vn 0.000000 -0.122099 0.992518
vn 0.000000 -0.122099 0.992518
vn 0.000000 -0.122099 0.992518
vn 0.000000 -0.122099 0.992518
vn 0.000000 0.991126 0.132925
vn 0.000000 0.991126 0.132925
vn 0.000000 0.991126 0.132925
vn 0.000000 0.991126 0.132925
vn 0.000000 -0.991126 -0.132925
vn 0.000000 -0.991126 -0.132925
vn 0.000000 -0.991126 -0.132925
vn 0.000000 -0.991126 -0.132925
vn 0.000000 0.123396 -0.992357
vn 0.000000 0.123396 -0.992357
vn 0.000000 0.123396 -0.992357
vn 0.000000 0.123396 -0.992357
vn 0.000000 -0.146637 0.989190
vn 0.000000 -0.146637 0.989190
vn 0.000000 -0.146637 0.989190
vn 0.000000 -0.146637 0.989190
vn 0.000000 0.983464 0.181106
vn 0.000000 0.983464 0.181106
vn 0.000000 0.983464 0.181106
vn 0.000000 0.983464 0.181106
vn 0.000000 -0.983463 -0.181107
vn 0.000000 -0.983463 -0.181107
vn 0.000000 -0.983463 -0.181107
vn 0.000000 -0.983463 -0.181107
vn 0.000000 0.172372 -0.985032
vn 0.000000 0.172372 -0.985032
vn 0.000000 0.172372 -0.985032
vn 0.000000 0.172372 -0.985032
vn 0.000000 -0.195439 0.980716
vn 0.000000 -0.195439 0.980716
vn 0.000000 -0.195439 0.980716
vn 0.000000 -0.195439 0.980716
vn 0.000000 0.978654 0.205516
vn 0.000000 0.978654 0.205516
vn 0.000000 0.978654 0.205516
vn 0.000000 0.978654 0.205516
vn 0.000000 -0.978654 -0.205515
vn 0.000000 -0.978654 -0.205515
vn 0.000000 -0.978654 -0.205515
vn 0.000000 -0.978654 -0.205515
vn 0.000000 0.197193 -0.980365
vn 0.000000 0.197193 -0.980365
vn 0.000000 0.197193 -0.980365
vn 0.000000 0.197193 -0.980365
vn 0.000000 -0.220120 0.975473
vn 0.000000 -0.220120 0.975473
vn 0.000000 -0.220120 0.975473
vn 0.000000 -0.220120 0.975473
vn 0.000000 0.972707 0.232039
vn 0.000000 0.972707 0.232039
vn 0.000000 0.972707 0.232039
vn 0.000000 0.972707 0.232039
vn 0.000000 -0.972706 -0.232039
vn 0.000000 -0.972706 -0.232039
vn 0.000000 -0.972706 -0.232039
vn 0.000000 -0.972706 -0.232039
vn 0.000000 0.224154 -0.974554
vn 0.000000 0.224154 -0.974554
vn 0.000000 0.224154 -0.974554
vn 0.000000 0.224154 -0.974554
vn 0.000000 -0.246937 0.969032
vn 0.000000 -0.246937 0.969032
vn 0.000000 -0.246937 0.969032
vn 0.000000 -0.246937 0.969032
vn 0.000000 0.987589 0.157061
vn 0.000000 0.987589 0.157061
vn 0.000000 0.987589 0.157061
vn 0.000000 0.987589 0.157061
vn 0.000000 -0.987589 -0.157061
vn 0.000000 -0.987589 -0.157061
vn 0.000000 -0.987589 -0.157061
vn 0.000000 -0.987589 -0.157061
vn 0.000000 0.147925 -0.988999
vn 0.000000 0.147925 -0.988999
vn 0.000000 0.147925 -0.988999
vn 0.000000 0.147925 -0.988999
vn 0.000000 -0.171084 0.985256
vn 0.000000 -0.171084 0.985256
vn 0.000000 -0.171084 0.985256
vn 0.000000 -0.171084 0.985256
vn 0.000000 0.996429 0.084436
vn 0.000000 0.996429 0.084436
vn 0.000000 0.996429 0.084436
vn 0.000000 0.996429 0.084436
vn 0.000000 -0.996429 -0.084436
vn 0.000000 -0.996429 -0.084436
vn 0.000000 -0.996429 -0.084436
vn 0.000000 -0.996429 -0.084436
vn 0.000000 0.074094 -0.997251
vn 0.000000 0.074094 -0.997251
vn 0.000000 0.074094 -0.997251
vn 0.000000 0.074094 -0.997251
vn 0.000000 -0.097468 0.995239
vn 0.000000 -0.097468 0.995239
vn 0.000000 -0.097468 0.995239
vn 0.000000 -0.097468 0.995239
vn 0.000000 0.999935 0.011374
vn 0.000000 0.999935 0.011374
vn 0.000000 0.999935 0.011374
vn 0.000000 0.999935 0.011374
vn 0.000000 -0.999935 -0.011374
vn 0.000000 -0.999935 -0.011374
vn 0.000000 -0.999935 -0.011374
vn 0.000000 -0.999935 -0.011374
vn 0.000000 -0.000181 -1.000000
vn 0.000000 -0.000181 -1.000000
vn 0.000000 -0.000181 -1.000000
vn 0.000000 -0.000181 -1.000000
vn 0.000000 -0.023291 0.999729
vn 0.000000 -0.023291 0.999729
vn 0.000000 -0.023291 0.999729
vn 0.000000 -0.023291 0.999729
vn 0.000000 0.999361 0.035753
vn 0.000000 0.999361 0.035753
vn 0.000000 0.999361 0.035753
vn 0.000000 0.999361 0.035753
vn 0.000000 -0.999361 -0.035753
vn 0.000000 -0.999361 -0.035753
vn 0.000000 -0.999361 -0.035753
vn 0.000000 -0.999361 -0.035753
vn 0.000000 0.024598 -0.999697
vn 0.000000 0.024598 -0.999697
vn 0.000000 0.024598 -0.999697
vn 0.000000 0.024598 -0.999697
vn 0.000000 -0.048044 0.998845
vn 0.000000 -0.048044 0.998845
vn 0.000000 -0.048044 0.998845
vn 0.000000 -0.048044 0.998845
vn 0.000000 0.998192 0.060112
vn 0.000000 0.998192 0.060112
vn 0.000000 0.998192 0.060112
vn 0.000000 0.998192 0.060112
vn 0.000000 -0.998192 -0.060112
vn 0.000000 -0.998192 -0.060112
vn 0.000000 -0.998192 -0.060112
vn 0.000000 -0.998192 -0.060112
vn 0.000000 0.049362 -0.998781
vn 0.000000 0.049362 -0.998781
vn 0.000000 0.049362 -0.998781
vn 0.000000 0.049362 -0.998781
vn 0.000000 -0.072787 0.997348
vn 0.000000 -0.072787 0.997348
vn 0.000000 -0.072787 0.997348
vn 0.000000 -0.072787 0.997348
vn -0.707145 0.000772 -0.707068
vn -1.000000 0.000010 0.000002
vn -1.000000 0.000010 0.000002
vn -0.707145 0.000772 -0.707068
vn -0.707147 -0.000757 0.707066
vn -0.707147 -0.000757 0.707066
vn 0.000000 -0.001081 0.999999
vn 0.000000 -0.001081 0.999999
vn 0.707147 -0.000770 0.707066
vn 0.707147 -0.000770 0.707066
vn 1.000000 -0.000009 0.000002
vn 1.000000 -0.000009 0.000002
vn 0.707145 0.000757 -0.707068
vn 0.707145 0.000757 -0.707068
vn 0.000000 0.001082 -0.999999
vn 0.000000 0.001082 -0.999999
vn -0.707069 0.000004 -0.707145
vn -1.000000 0.000005 -0.000003
vn -1.000000 0.000005 -0.000003
vn -0.707069 0.000004 -0.707145
vn -0.707077 0.000003 0.707137
vn -0.707077 0.000003 0.707137
vn 0.000062 -0.000001 1.000000
vn 0.000062 -0.000001 1.000000
vn 0.707068 -0.000006 0.707146
vn 0.707068 -0.000006 0.707146
vn 1.000000 -0.000009 -0.000003
vn 1.000000 -0.000009 -0.000003
vn 0.707060 -0.000006 -0.707154
vn 0.707060 -0.000006 -0.707154
vn 0.000062 0.000001 -1.000000
vn 0.000062 0.000001 -1.000000
vn 0.363667 -0.931529 0.000000
vn 0.363667 -0.931529 0.000000
vn 0.363667 -0.931529 0.000000
vn 0.363667 -0.931529 0.000000
vn -0.000172 0.000279 1.000000
vn -0.000172 0.000279 1.000000
vn -0.000172 0.000279 1.000000
vn -0.000172 0.000279 1.000000
vn -0.364381 0.931250 0.000000
vn -0.364381 0.931250 0.000000
vn -0.364381 0.931250 0.000000
vn -0.364381 0.931250 0.000000
vn -0.000171 0.000277 -1.000000
vn -0.000171 0.000277 -1.000000
vn -0.000171 0.000277 -1.000000
vn -0.000171 0.000277 -1.000000
vn -0.361929 -0.932206 0.000000
vn -0.361929 -0.932206 0.000000
vn -0.361929 -0.932206 0.000000
vn -0.361929 -0.932206 0.000000
vn -0.000170 -0.000275 1.000000
vn -0.000170 -0.000275 1.000000
vn -0.000170 -0.000275 1.000000
vn -0.000170 -0.000275 1.000000
vn 0.360845 0.932626 0.000000
vn 0.360845 0.932626 0.000000
vn 0.360845 0.932626 0.000000
vn 0.360845 0.932626 0.000000
vn -0.000170 -0.000277 -1.000000
vn -0.000170 -0.000277 -1.000000
vn -0.000170 -0.000277 -1.000000
vn -0.000170 -0.000277 -1.000000
vn 0.000000 -0.707109 -0.707104
vn 0.000000 -1.000000 -0.000002
vn 0.000000 -1.000000 -0.000002
vn 0.000000 -0.707109 -0.707104
vn 0.000000 -0.707107 0.707107
vn 0.000000 -0.707107 0.707107
vn 0.000000 -0.000003 1.000000
vn 0.000000 -0.000003 1.000000
vn 0.000000 0.707106 0.707107
vn 0.000000 0.707106 0.707107
vn 0.000000 1.000000 -0.000002
vn 0.000000 1.000000 -0.000002
vn 0.000000 0.707109 -0.707105
vn 0.000000 0.707109 -0.707105
vn 0.000000 -0.000003 -1.000000
vn 0.000000 -0.000003 -1.000000
vn -0.707144 0.000000 -0.707070
vn -1.000000 0.000000 0.000000
vn -1.000000 0.000000 0.000000
vn -0.707144 0.000000 -0.707070
vn -0.707147 0.000000 0.707066
vn -0.707147 0.000000 0.707066
vn 0.000000 0.000000 1.000000
vn 0.000000 0.000000 1.000000
vn 0.707147 0.000000 0.707066
vn 0.707147 0.000000 0.707066
vn 1.000000 0.000000 0.000000
vn 1.000000 0.000000 0.000000
vn 0.707144 0.000000 -0.707070
vn 0.707144 0.000000 -0.707070
vn 0.000000 0.000000 -1.000000
vn 0.000000 0.000000 -1.000000
vn 0.000000 -1.000000 -0.000022
vn 0.000000 -1.000000 -0.000022
vn 0.000000 -1.000000 -0.000022
vn 0.000000 -1.000000 0.000000
vn 0.000000 -1.000000 0.000000
vn 0.000000 -1.000000 0.000000
vn 0.000000 -1.000000 0.000000
vn 0.000000 -1.000000 0.000000
vn 0.000000 -1.000000 0.000000
vn 0.000000 -1.000000 0.000000
vn 0.000000 -1.000000 0.000000
vn 0.000000 -1.000000 0.000000
vn 0.000000 -1.000000 0.000022
vn 0.000000 -1.000000 0.000022
vn 0.000000 -1.000000 0.000022
vn 0.000000 -1.000000 0.000000
vn 0.000000 -1.000000 0.000000
vn 0.000000 -1.000000 0.000000
vn 0.000000 -1.000000 0.000000
vn 0.000000 -1.000000 0.000000
vn 0.000000 -1.000000 0.000000
vn 0.000000 -1.000000 0.000000
vn 0.000000 -1.000000 0.000000
vn 0.000000 -1.000000 0.000000
vn -0.707101 0.000000 -0.707113
vn -1.000000 0.000000 0.000000
vn -1.000000 0.000000 0.000000
vn -0.707101 0.000000 -0.707113
vn -0.707104 0.000000 0.707110
vn -0.707104 0.000000 0.707110
vn 0.000123 0.000000 1.000000
vn 0.000123 0.000000 1.000000
vn 0.707086 0.000000 0.707128
vn 0.707086 0.000000 0.707128
vn 1.000000 0.000000 0.000000
vn 1.000000 0.000000 0.000000
vn 0.707083 0.000000 -0.707131
vn 0.707083 0.000000 -0.707131
vn 0.000123 0.000000 -1.000000
vn 0.000123 0.000000 -1.000000
vn 0.000000 -1.000000 0.000000
vn 0.000000 -1.000000 0.000011
vn 0.000000 -1.000000 0.000000
vn 0.000000 -1.000000 -0.000011
vn 0.000000 -1.000000 0.000000
vn 0.000000 -1.000000 0.000000
vn 0.000000 -1.000000 0.000000
vn 0.000000 -1.000000 0.000000
vn 0.000000 -1.000000 0.000000
vn 0.363667 -0.931529 0.000000
vn 0.363667 -0.931529 0.000000
vn 0.363667 -0.931529 0.000000
vn 0.363667 -0.931529 0.000000
vn -0.000172 0.000279 1.000000
vn -0.000172 0.000279 1.000000
vn -0.000172 0.000279 1.000000
vn -0.000172 0.000279 1.000000
vn -0.364381 0.931250 0.000000
vn -0.364381 0.931250 0.000000
vn -0.364381 0.931250 0.000000
vn -0.364381 0.931250 0.000000
vn -0.000171 0.000277 -1.000000
vn -0.000171 0.000277 -1.000000
vn -0.000171 0.000277 -1.000000
vn -0.000171 0.000277 -1.000000
vn -0.361929 -0.932206 0.000000
vn -0.361929 -0.932206 0.000000
vn -0.361929 -0.932206 0.000000
vn -0.361929 -0.932206 0.000000
vn -0.000170 -0.000275 1.000000
vn -0.000170 -0.000275 1.000000
vn -0.000170 -0.000275 1.000000
vn -0.000170 -0.000275 1.000000
vn 0.360845 0.932626 0.000000
vn 0.360845 0.932626 0.000000
vn 0.360845 0.932626 0.000000
vn 0.360845 0.932626 0.000000
vn -0.000170 -0.000277 -1.000000
vn -0.000170 -0.000277 -1.000000
vn -0.000170 -0.000277 -1.000000
vn -0.000170 -0.000277 -1.000000
vn 0.000000 -0.707110 -0.707104
vn 0.000000 -1.000000 -0.000002
vn 0.000000 -1.000000 -0.000002
vn 0.000000 -0.707110 -0.707104
vn 0.000000 -0.707107 0.707106
vn 0.000000 -0.707107 0.707106
vn 0.000000 -0.000003 1.000000
vn 0.000000 -0.000003 1.000000
vn 0.000000 0.707110 0.707104
vn 0.000000 0.707110 0.707104
vn 0.000000 1.000000 -0.000002
vn 0.000000 1.000000 -0.000002
vn 0.000000 0.707112 -0.707101
vn 0.000000 0.707112 -0.707101
vn 0.000000 -0.000003 -1.000000
vn 0.000000 -0.000003 -1.000000
vn -0.707144 0.000000 -0.707070
vn -1.000000 0.000000 0.000000
vn -1.000000 0.000000 0.000000
vn -0.707144 0.000000 -0.707070
vn -0.707147 0.000000 0.707066
vn -0.707147 0.000000 0.707066
vn 0.000000 0.000000 1.000000
vn 0.000000 0.000000 1.000000
vn 0.707147 0.000000 0.707066
vn 0.707147 0.000000 0.707066
vn 1.000000 0.000000 0.000000
vn 1.000000 0.000000 0.000000
vn 0.707144 0.000000 -0.707070
vn 0.707144 0.000000 -0.707070
vn 0.000000 0.000000 -1.000000
vn 0.000000 0.000000 -1.000000
vn -0.707101 0.000000 -0.707113
vn -1.000000 0.000000 0.000000
vn -1.000000 0.000000 0.000000
vn -0.707101 0.000000 -0.707113
vn -0.707104 0.000000 0.707110
vn -0.707104 0.000000 0.707110
vn 0.000123 0.000000 1.000000
vn 0.000123 0.000000 1.000000
vn 0.707086 0.000000 0.707128
vn 0.707086 0.000000 0.707128
vn 1.000000 0.000000 0.000000
vn 1.000000 0.000000 0.000000
vn 0.707083 0.000000 -0.707131
vn 0.707083 0.000000 -0.707131
vn 0.000123 0.000000 -1.000000
vn 0.000123 0.000000 -1.000000
vn 0.363667 -0.931529 0.000000
vn 0.363667 -0.931529 0.000000
vn 0.363667 -0.931529 0.000000
vn 0.363667 -0.931529 0.000000
vn -0.000172 0.000279 1.000000
vn -0.000172 0.000279 1.000000
vn -0.000172 0.000279 1.000000
vn -0.000172 0.000279 1.000000
vn -0.364381 0.931250 0.000000
vn -0.364381 0.931250 0.000000
vn -0.364381 0.931250 0.000000
vn -0.364381 0.931250 0.000000
vn -0.000171 0.000277 -1.000000
vn -0.000171 0.000277 -1.000000
vn -0.000171 0.000277 -1.000000
vn -0.000171 0.000277 -1.000000
vn -0.361929 -0.932206 0.000000
vn -0.361929 -0.932206 0.000000
vn -0.361929 -0.932206 0.000000
vn -0.361929 -0.932206 0.000000
vn -0.000170 -0.000275 1.000000
vn -0.000170 -0.000275 1.000000
vn -0.000170 -0.000275 1.000000
vn -0.000170 -0.000275 1.000000
vn 0.360845 0.932626 0.000000
vn 0.360845 0.932626 0.000000
vn 0.360845 0.932626 0.000000
vn 0.360845 0.932626 0.000000
vn -0.000170 -0.000277 -1.000000
vn -0.000170 -0.000277 -1.000000
vn -0.000170 -0.000277 -1.000000
vn -0.000170 -0.000277 -1.000000
vn 0.000000 -0.707110 -0.707104
vn 0.000000 -1.000000 -0.000002
vn 0.000000 -1.000000 -0.000002
vn 0.000000 -0.707110 -0.707104
vn 0.000000 -0.707107 0.707106
vn 0.000000 -0.707107 0.707106
vn 0.000000 -0.000002 1.000000
vn 0.000000 -0.000002 1.000000
vn 0.000000 0.707106 0.707108
vn 0.000000 0.707106 0.707108
vn 0.000000 1.000000 -0.000002
vn 0.000000 1.000000 -0.000002
vn 0.000000 0.707108 -0.707106
vn 0.000000 0.707108 -0.707106
vn 0.000000 -0.000002 -1.000000
vn 0.000000 -0.000002 -1.000000
vn -0.707144 0.000000 -0.707070
vn -1.000000 0.000000 0.000000
vn -1.000000 0.000000 0.000000
vn -0.707144 0.000000 -0.707070
vn -0.707147 0.000000 0.707066
vn -0.707147 0.000000 0.707066
vn 0.000000 0.000000 1.000000
vn 0.000000 0.000000 1.000000
vn 0.707147 0.000000 0.707066
vn 0.707147 0.000000 0.707066
vn 1.000000 0.000000 0.000000
vn 1.000000 0.000000 0.000000
vn 0.707144 0.000000 -0.707070
vn 0.707144 0.000000 -0.707070
vn 0.000000 0.000000 -1.000000
vn 0.000000 0.000000 -1.000000
vn -0.707101 0.000000 -0.707113
vn -1.000000 0.000000 0.000000
vn -1.000000 0.000000 0.000000
vn -0.707101 0.000000 -0.707113
vn -0.707104 0.000000 0.707110
vn -0.707104 0.000000 0.707110
vn 0.000123 0.000000 1.000000
vn 0.000123 0.000000 1.000000
vn 0.707086 0.000000 0.707128
vn 0.707086 0.000000 0.707128
vn 1.000000 0.000000 0.000000
vn 1.000000 0.000000 0.000000
vn 0.707083 0.000000 -0.707131
vn 0.707083 0.000000 -0.707131
vn 0.000123 0.000000 -1.000000
vn 0.000123 0.000000 -1.000000
vn 0.363667 -0.931529 0.000000
vn 0.363667 -0.931529 0.000000
vn 0.363667 -0.931529 0.000000
vn 0.363667 -0.931529 0.000000
vn -0.000172 0.000279 1.000000
vn -0.000172 0.000279 1.000000
vn -0.000172 0.000279 1.000000
vn -0.000172 0.000279 1.000000
vn -0.364381 0.931250 0.000000
vn -0.364381 0.931250 0.000000
vn -0.364381 0.931250 0.000000
vn -0.364381 0.931250 0.000000
vn -0.000171 0.000277 -1.000000
vn -0.000171 0.000277 -1.000000
vn -0.000171 0.000277 -1.000000
vn -0.000171 0.000277 -1.000000
vn -0.361929 -0.932206 0.000000
vn -0.361929 -0.932206 0.000000
vn -0.361929 -0.932206 0.000000
vn -0.361929 -0.932206 0.000000
vn -0.000170 -0.000275 1.000000
vn -0.000170 -0.000275 1.000000
vn -0.000170 -0.000275 1.000000
vn -0.000170 -0.000275 1.000000
vn 0.360845 0.932626 0.000000
vn 0.360845 0.932626 0.000000
vn 0.360845 0.932626 0.000000
vn 0.360845 0.932626 0.000000
vn -0.000170 -0.000277 -1.000000
vn -0.000170 -0.000277 -1.000000
vn -0.000170 -0.000277 -1.000000
vn -0.000170 -0.000277 -1.000000
vn 0.000000 -0.707111 -0.707103
vn 0.000000 -1.000000 -0.000002
vn 0.000000 -1.000000 -0.000002
vn 0.000000 -0.707111 -0.707103
vn 0.000000 -0.707108 0.707105
vn 0.000000 -0.707108 0.707105
vn 0.000000 -0.000003 1.000000
vn 0.000000 -0.000003 1.000000
vn 0.000000 0.707106 0.707107
vn 0.000000 0.707106 0.707107
vn 0.000000 1.000000 -0.000002
vn 0.000000 1.000000 -0.000002
vn 0.000000 0.707109 -0.707105
vn 0.000000 0.707109 -0.707105
vn 0.000000 -0.000003 -1.000000
vn 0.000000 -0.000003 -1.000000
s off
g polySurface22642
f 49/1/1 50/2/2 52/3/3 51/4/4
f 46/5/5 52/6/6 50/7/7 48/8/8
f 51/4/9 45/9/10 47/10/11 49/1/12
f 45/9/13 46/11/14 48/12/15 47/10/16
s 5
f 53/13/17 54/14/18 62/15/19 61/16/20
f 54/14/18 55/17/21 63/18/22 62/15/19
f 55/17/21 56/19/23 64/20/24 63/18/22
f 56/19/23 57/21/25 65/22/26 64/20/24
f 57/21/25 58/23/27 66/24/28 65/22/26
f 58/23/27 59/25/29 67/26/30 66/24/28
f 59/25/29 60/27/31 68/28/32 67/26/30
f 60/27/31 53/29/17 61/30/20 68/28/32
s 6
f 69/31/33 70/32/34 72/33/35 71/34/36
f 70/32/34 23/35/37 24/36/38 72/33/35
s 7
f 71/34/39 72/33/40 74/37/41 73/38/42
f 72/33/40 24/36/43 25/39/44 74/37/41
s 8
f 73/38/45 74/37/46 76/40/47 75/41/48
f 74/37/46 25/39/49 26/42/50 76/43/47
s 9
f 75/44/51 76/45/52 70/32/53 69/31/54
f 76/46/52 26/47/55 23/35/56 70/32/53
f 69/31/54 78/48/57 79/49/58 75/50/51
s 6
f 71/34/36 77/51/59 78/48/60 69/31/33
s 7
f 73/38/42 80/52/61 77/51/62 71/34/39
s 8
f 75/53/48 79/54/63 80/52/64 73/38/45
s 10
f 82/55/65 94/56/66 93/57/67 81/58/68
f 84/59/69 93/57/67 94/56/66 85/60/70
f 83/61/71 95/62/72 94/56/66 82/55/65
f 85/60/70 94/56/66 95/62/72 86/63/73
f 27/64/74 31/65/75 95/62/72 83/61/71
f 86/63/73 95/62/72 31/65/75 28/66/76
f 84/59/69 85/60/70 97/67/77 96/68/78
f 87/69/79 96/68/78 97/67/77 88/70/80
f 85/60/70 86/63/73 98/71/81 97/67/77
f 88/70/80 97/67/77 98/71/81 89/72/82
f 86/63/73 28/66/76 32/73/83 98/71/81
f 89/72/82 98/71/81 32/73/83 29/74/84
f 87/69/79 88/70/80 100/75/85 99/76/86
f 90/77/87 99/76/86 100/75/85 91/78/88
f 88/70/80 89/72/82 101/79/89 100/75/85
f 91/78/88 100/75/85 101/79/89 92/80/90
f 89/72/82 29/74/84 33/81/91 101/79/89
f 92/80/90 101/79/89 33/81/91 30/82/92
f 90/77/87 91/78/88 103/83/93 102/84/94
f 82/85/65 81/86/68 102/84/94 103/83/93
f 91/78/88 92/80/90 104/87/95 103/83/93
f 83/88/71 82/85/65 103/83/93 104/87/95
f 92/80/90 30/82/92 34/89/96 104/87/95
f 27/90/74 83/88/71 104/87/95 34/89/96
s off
f 105/91/97 106/92/98 108/93/99 107/94/100
f 109/95/101 110/96/102 112/97/103 111/98/104
f 106/92/105 112/99/106 110/100/107 108/93/108
f 111/98/109 105/91/110 107/94/111 109/95/112
s 15
f 113/101/113 114/102/114 122/103/115 121/104/116
f 114/102/114 115/105/117 123/106/118 122/103/115
f 115/105/117 116/107/119 124/108/120 123/106/118
f 116/107/119 117/109/121 125/110/122 124/108/120
f 117/109/121 118/111/123 126/112/124 125/110/122
f 118/111/123 119/113/125 127/114/126 126/112/124
f 119/113/125 120/115/127 128/116/128 127/114/126
f 120/115/127 113/117/113 121/118/116 128/116/128
s 16
f 129/119/129 137/120/130 138/121/131 130/122/132
f 130/123/132 138/124/131 139/125/133 131/126/134
f 131/126/134 139/125/133 140/127/135 132/128/136
f 132/128/136 140/127/135 141/129/137 133/130/138
f 133/130/138 141/129/137 142/131/139 134/132/140
f 134/132/140 142/131/139 143/133/141 135/134/142
f 135/134/142 143/133/141 144/135/143 136/136/144
f 136/136/144 144/135/143 137/120/130 129/119/129
f 137/120/130 145/137/145 146/138/146 138/121/131
f 138/124/131 146/139/146 147/140/147 139/125/133
f 139/125/133 147/140/147 148/141/148 140/127/135
f 140/127/135 148/141/148 149/142/149 141/129/137
f 141/129/137 149/142/149 150/143/150 142/131/139
f 142/131/139 150/143/150 151/144/151 143/133/141
f 143/133/141 151/144/151 152/145/152 144/135/143
f 144/135/143 152/145/152 145/137/145 137/120/130
f 145/137/145 153/146/153 154/147/154 146/138/146
f 146/139/146 154/148/154 155/149/155 147/140/147
f 147/140/147 155/149/155 156/150/156 148/141/148
f 148/141/148 156/150/156 157/151/157 149/142/149
f 149/142/149 157/151/157 158/152/158 150/143/150
f 150/143/150 158/152/158 159/153/159 151/144/151
f 151/144/151 159/153/159 160/154/160 152/145/152
f 152/145/152 160/154/160 153/146/153 145/137/145
f 153/146/153 161/155/161 162/156/162 154/147/154
f 154/148/154 162/157/162 163/158/163 155/149/155
f 155/149/155 163/158/163 164/159/164 156/150/156
f 156/150/156 164/159/164 165/160/165 157/151/157
f 157/151/157 165/160/165 166/161/166 158/152/158
f 158/152/158 166/161/166 167/162/167 159/153/159
f 159/153/159 167/162/167 168/163/168 160/154/160
f 160/154/160 168/163/168 161/155/161 153/146/153
f 161/155/161 169/164/169 170/165/170 162/156/162
f 162/157/162 170/166/170 171/167/171 163/158/163
f 163/158/163 171/167/171 172/168/172 164/159/164
f 164/159/164 172/168/172 173/169/173 165/160/165
f 165/160/165 173/169/173 174/170/174 166/161/166
f 166/161/166 174/170/174 175/171/175 167/162/167
f 167/162/167 175/171/175 176/172/176 168/163/168
f 168/163/168 176/172/176 169/164/169 161/155/161
f 169/164/169 177/173/177 178/174/178 170/165/170
f 170/166/170 178/175/178 179/176/179 171/167/171
f 171/167/171 179/176/179 180/177/180 172/168/172
f 172/168/172 180/177/180 181/178/181 173/169/173
f 173/169/173 181/178/181 182/179/182 174/170/174
f 174/170/174 182/179/182 183/180/183 175/171/175
f 175/171/175 183/180/183 184/181/184 176/172/176
f 176/172/176 184/181/184 177/173/177 169/164/169
f 177/173/177 185/182/185 186/183/186 178/174/178
f 178/175/178 186/184/186 187/185/187 179/176/179
f 179/176/179 187/185/187 188/186/188 180/177/180
f 180/177/180 188/186/188 189/187/189 181/178/181
f 181/178/181 189/187/189 190/188/190 182/179/182
f 182/179/182 190/188/190 191/189/191 183/180/183
f 183/180/183 191/189/191 192/190/192 184/181/184
f 184/181/184 192/190/192 185/182/185 177/173/177
f 185/191/185 193/192/193 194/193/194 186/194/186
f 186/194/186 194/193/194 195/195/195 187/196/187
f 187/196/187 195/195/195 196/197/196 188/198/188
f 188/198/188 196/197/196 197/199/197 189/200/189
f 189/200/189 197/199/197 198/201/198 190/202/190
f 190/202/190 198/201/198 199/203/199 191/204/191
f 191/204/191 199/203/199 200/205/200 192/206/192
f 192/206/192 200/205/200 193/192/193 185/191/185
f 193/192/193 201/207/201 194/193/194
f 194/193/194 201/207/201 195/195/195
f 195/195/195 201/207/201 196/197/196
f 196/197/196 201/207/201 197/199/197
f 197/199/197 201/207/201 198/201/198
f 198/201/198 201/207/201 199/203/199
f 199/203/199 201/207/201 200/205/200
f 200/205/200 201/207/201 193/192/193
s 17
f 202/208/202 210/209/203 211/210/204 203/211/205
f 203/212/205 211/213/204 212/214/206 204/215/207
f 204/215/207 212/214/206 213/216/208 205/217/209
f 205/217/209 213/216/208 214/218/210 206/219/211
f 206/219/211 214/218/210 215/220/212 207/221/213
f 207/221/213 215/220/212 216/222/214 208/223/215
f 208/223/215 216/222/214 217/224/216 209/225/217
f 209/225/217 217/224/216 210/209/203 202/208/202
f 210/209/203 218/226/218 219/227/219 211/210/204
f 211/213/204 219/228/219 220/229/220 212/214/206
f 212/214/206 220/229/220 221/230/221 213/216/208
f 213/216/208 221/230/221 222/231/222 214/218/210
f 214/218/210 222/231/222 223/232/223 215/220/212
f 215/220/212 223/232/223 224/233/224 216/222/214
f 216/222/214 224/233/224 225/234/225 217/224/216
f 217/224/216 225/234/225 218/226/218 210/209/203
f 218/226/218 226/235/226 227/236/227 219/227/219
f 219/228/219 227/237/227 228/238/228 220/229/220
f 220/229/220 228/238/228 229/239/229 221/230/221
f 221/230/221 229/239/229 230/240/230 222/231/222
f 222/231/222 230/240/230 231/241/231 223/232/223
f 223/232/223 231/241/231 232/242/232 224/233/224
f 224/233/224 232/242/232 233/243/233 225/234/225
f 225/234/225 233/243/233 226/235/226 218/226/218
f 226/235/226 234/244/234 235/245/235 227/236/227
f 227/237/227 235/246/235 236/247/236 228/238/228
f 228/238/228 236/247/236 237/248/237 229/239/229
f 229/239/229 237/248/237 238/249/238 230/240/230
f 230/240/230 238/249/238 239/250/239 231/241/231
f 231/241/231 239/250/239 240/251/240 232/242/232
f 232/242/232 240/251/240 241/252/241 233/243/233
f 233/243/233 241/252/241 234/244/234 226/235/226
f 234/244/234 242/253/242 243/254/243 235/245/235
f 235/246/235 243/255/243 244/256/244 236/247/236
f 236/247/236 244/256/244 245/257/245 237/248/237
f 237/248/237 245/257/245 246/258/246 238/249/238
f 238/249/238 246/258/246 247/259/247 239/250/239
f 239/250/239 247/259/247 248/260/248 240/251/240
f 240/251/240 248/260/248 249/261/249 241/252/241
f 241/252/241 249/261/249 242/253/242 234/244/234
f 242/253/242 250/262/250 251/263/251 243/254/243
f 243/255/243 251/264/251 252/265/252 244/256/244
f 244/256/244 252/265/252 253/266/253 245/257/245
f 245/257/245 253/266/253 254/267/254 246/258/246
f 246/258/246 254/267/254 255/268/255 247/259/247
f 247/259/247 255/268/255 256/269/256 248/260/248
f 248/260/248 256/269/256 257/270/257 249/261/249
f 249/261/249 257/270/257 250/262/250 242/253/242
f 250/262/250 258/271/258 259/272/259 251/263/251
f 251/264/251 259/273/259 260/274/260 252/265/252
f 252/265/252 260/274/260 261/275/261 253/266/253
f 253/266/253 261/275/261 262/276/262 254/267/254
f 254/267/254 262/276/262 263/277/263 255/268/255
f 255/268/255 263/277/263 264/278/264 256/269/256
f 256/269/256 264/278/264 265/279/265 257/270/257
f 257/270/257 265/279/265 258/271/258 250/262/250
f 258/280/258 266/281/266 267/282/267 259/283/259
f 259/283/259 267/282/267 268/284/268 260/285/260
f 260/285/260 268/284/268 269/286/269 261/287/261
f 261/287/261 269/286/269 270/288/270 262/289/262
f 262/289/262 270/288/270 271/290/271 263/291/263
f 263/291/263 271/290/271 272/292/272 264/293/264
f 264/293/264 272/292/272 273/294/273 265/295/265
f 265/295/265 273/294/273 266/281/266 258/280/258
f 266/281/266 274/296/274 267/282/267
f 267/282/267 274/296/274 268/284/268
f 268/284/268 274/296/274 269/286/269
f 269/286/269 274/296/274 270/288/270
f 270/288/270 274/296/274 271/290/271
f 271/290/271 274/296/274 272/292/272
f 272/292/272 274/296/274 273/294/273
f 273/294/273 274/296/274 266/281/266
s 18
f 275/297/275 276/298/276 278/299/277 277/300/278
f 276/298/276 35/301/279 36/302/280 278/299/277
s 19
f 277/300/281 278/299/282 280/303/283 279/304/284
f 278/299/282 36/302/285 37/305/286 280/303/283
s 20
f 279/304/287 280/303/288 282/306/289 281/307/290
f 280/303/288 37/305/291 38/308/292 282/309/289
s 21
f 281/310/293 282/311/294 276/298/295 275/297/296
f 282/312/294 38/313/297 35/301/298 276/298/295
s off
f 283/314/299 284/315/300 285/316/301 286/317/302
s 21
f 275/297/296 284/318/303 283/319/304 281/320/293
s 18
f 277/300/278 285/321/305 284/318/306 275/297/275
s 19
f 279/304/284 286/322/307 285/321/308 277/300/281
s 20
f 281/323/290 283/324/309 286/322/310 279/304/287
s 23
f 287/325/311 288/326/312 303/327/313 304/328/314
f 288/326/312 39/329/315 43/330/316 303/327/313
s 24
f 289/331/317 290/332/318 292/333/319 291/334/320
f 290/332/318 40/335/321 41/336/322 292/333/319
s 25
f 301/337/323 302/338/324 294/339/325 293/340/326
f 302/341/324 44/342/327 42/343/328 294/344/325
s 26
f 293/345/329 294/346/330 288/326/331 287/325/332
f 294/347/330 42/348/333 39/329/334 288/326/331
s 27
f 295/349/335 296/350/336 299/351/337 300/352/338
s 26
f 287/325/332 296/353/339 295/354/340 293/355/329
s 23
f 304/328/314 299/356/341 296/353/342 287/325/311
s 24
f 291/334/320 298/357/343 297/358/344 289/331/317
s 25
f 293/359/326 295/360/345 300/361/346 301/362/323
s 27
f 300/352/338 299/351/337 297/363/347 298/364/348
s 25
f 301/362/323 300/361/346 298/357/349 291/334/350
f 291/334/350 292/333/351 302/338/324 301/337/323
f 292/333/351 41/336/352 44/342/327 302/341/324
s 23
f 303/327/313 43/330/316 40/335/353 290/332/354
f 304/328/314 303/327/313 290/332/354 289/331/355
f 289/331/355 297/358/356 299/356/341 304/328/314
s 28
f 305/365/357 306/366/358 314/367/359 313/368/360
f 306/366/358 307/369/361 315/370/362 314/367/359
f 307/369/361 308/371/363 316/372/364 315/370/362
f 308/371/363 309/373/365 317/374/366 316/372/364
f 309/373/365 310/375/367 318/376/368 317/374/366
f 310/375/367 311/377/369 319/378/370 318/376/368
f 311/377/369 312/379/371 320/380/372 319/378/370
f 312/379/371 305/381/357 313/382/360 320/380/372
s 29
f 321/383/373 322/384/374 324/385/375 323/386/376
f 322/384/374 3/387/377 2/388/378 324/385/375
s 30
f 323/386/379 324/385/380 326/389/381 325/390/382
f 324/385/380 2/388/383 1/391/384 326/389/381
s 31
f 325/390/385 326/389/386 328/392/387 327/393/388
f 326/389/386 1/391/389 4/394/390 328/395/387
s 32
f 327/396/391 328/397/392 322/384/393 321/383/394
f 328/398/392 4/399/395 3/387/396 322/384/393
f 321/383/394 330/400/397 331/401/398 327/402/391
s 29
f 323/386/376 329/403/399 330/400/400 321/383/373
s 30
f 325/390/382 332/404/401 329/403/402 323/386/379
s 31
f 327/405/388 331/406/403 332/404/404 325/390/385
s 33
f 334/407/405 346/408/406 345/409/407 333/410/408
f 336/411/409 345/409/407 346/408/406 337/412/410
f 335/413/411 347/414/412 346/408/406 334/407/405
f 337/412/410 346/408/406 347/414/412 338/415/413
f 8/416/414 11/417/415 347/414/412 335/413/411
f 338/415/413 347/414/412 11/417/415 7/418/416
f 336/411/409 337/412/410 349/419/417 348/420/418
f 339/421/419 348/420/418 349/419/417 340/422/420
f 337/412/410 338/415/413 350/423/421 349/419/417
f 340/422/420 349/419/417 350/423/421 341/424/422
f 338/415/413 7/418/416 10/425/423 350/423/421
f 341/424/422 350/423/421 10/425/423 6/426/424
f 339/421/419 340/422/420 352/427/425 351/428/426
f 342/429/427 351/428/426 352/427/425 343/430/428
f 340/422/420 341/424/422 353/431/429 352/427/425
f 343/430/428 352/427/425 353/431/429 344/432/430
f 341/424/422 6/426/424 9/433/431 353/431/429
f 344/432/430 353/431/429 9/433/431 5/434/432
f 342/429/427 343/430/428 355/435/433 354/436/434
f 334/437/405 333/438/408 354/436/434 355/435/433
f 343/430/428 344/432/430 356/439/435 355/435/433
f 335/440/411 334/437/405 355/435/433 356/439/435
f 344/432/430 5/434/432 12/441/436 356/439/435
f 8/442/414 335/440/411 356/439/435 12/441/436
s off
f 357/443/437 358/444/438 360/445/439 359/446/440
f 361/447/441 362/448/442 364/449/443 363/450/444
f 358/444/445 364/451/446 362/452/447 360/445/448
f 363/450/449 357/443/450 359/446/451 361/447/452
s 38
f 365/453/453 366/454/454 374/455/455 373/456/456
f 366/454/454 367/457/457 375/458/458 374/455/455
f 367/457/457 368/459/459 376/460/460 375/458/458
f 368/459/459 369/461/461 377/462/462 376/460/460
f 369/461/461 370/463/463 378/464/464 377/462/462
f 370/463/463 371/465/465 379/466/466 378/464/464
f 371/465/465 372/467/467 380/468/468 379/466/466
f 372/467/467 365/469/453 373/470/456 380/468/468
s 39
f 381/471/469 389/472/470 390/473/471 382/474/472
f 382/475/472 390/476/471 391/477/473 383/478/474
f 383/478/474 391/477/473 392/479/475 384/480/476
f 384/480/476 392/479/475 393/481/477 385/482/478
f 385/482/478 393/481/477 394/483/479 386/484/480
f 386/484/480 394/483/479 395/485/481 387/486/482
f 387/486/482 395/485/481 396/487/483 388/488/484
f 388/488/484 396/487/483 389/472/470 381/471/469
f 389/472/470 397/489/485 398/490/486 390/473/471
f 390/476/471 398/491/486 399/492/487 391/477/473
f 391/477/473 399/492/487 400/493/488 392/479/475
f 392/479/475 400/493/488 401/494/489 393/481/477
f 393/481/477 401/494/489 402/495/490 394/483/479
f 394/483/479 402/495/490 403/496/491 395/485/481
f 395/485/481 403/496/491 404/497/492 396/487/483
f 396/487/483 404/497/492 397/489/485 389/472/470
f 397/489/485 405/498/493 406/499/494 398/490/486
f 398/491/486 406/500/494 407/501/495 399/492/487
f 399/492/487 407/501/495 408/502/496 400/493/488
f 400/493/488 408/502/496 409/503/497 401/494/489
f 401/494/489 409/503/497 410/504/498 402/495/490
f 402/495/490 410/504/498 411/505/499 403/496/491
f 403/496/491 411/505/499 412/506/500 404/497/492
f 404/497/492 412/506/500 405/498/493 397/489/485
f 405/498/493 413/507/501 414/508/502 406/499/494
f 406/500/494 414/509/502 415/510/503 407/501/495
f 407/501/495 415/510/503 416/511/504 408/502/496
f 408/502/496 416/511/504 417/512/505 409/503/497
f 409/503/497 417/512/505 418/513/506 410/504/498
f 410/504/498 418/513/506 419/514/507 411/505/499
f 411/505/499 419/514/507 420/515/508 412/506/500
f 412/506/500 420/515/508 413/507/501 405/498/493
f 413/507/501 421/516/509 422/517/510 414/508/502
f 414/509/502 422/518/510 423/519/511 415/510/503
f 415/510/503 423/519/511 424/520/512 416/511/504
f 416/511/504 424/520/512 425/521/513 417/512/505
f 417/512/505 425/521/513 426/522/514 418/513/506
f 418/513/506 426/522/514 427/523/515 419/514/507
f 419/514/507 427/523/515 428/524/516 420/515/508
f 420/515/508 428/524/516 421/516/509 413/507/501
f 421/516/509 429/525/517 430/526/518 422/517/510
f 422/518/510 430/527/518 431/528/519 423/519/511
f 423/519/511 431/528/519 432/529/520 424/520/512
f 424/520/512 432/529/520 433/530/521 425/521/513
f 425/521/513 433/530/521 434/531/522 426/522/514
f 426/522/514 434/531/522 435/532/523 427/523/515
f 427/523/515 435/532/523 436/533/524 428/524/516
f 428/524/516 436/533/524 429/525/517 421/516/509
f 429/525/517 437/534/525 438/535/526 430/526/518
f 430/527/518 438/536/526 439/537/527 431/528/519
f 431/528/519 439/537/527 440/538/528 432/529/520
f 432/529/520 440/538/528 441/539/529 433/530/521
f 433/530/521 441/539/529 442/540/530 434/531/522
f 434/531/522 442/540/530 443/541/531 435/532/523
f 435/532/523 443/541/531 444/542/532 436/533/524
f 436/533/524 444/542/532 437/534/525 429/525/517
f 437/543/525 445/544/533 446/545/534 438/546/526
f 438/546/526 446/545/534 447/547/535 439/548/527
f 439/548/527 447/547/535 448/549/536 440/550/528
f 440/550/528 448/549/536 449/551/537 441/552/529
f 441/552/529 449/551/537 450/553/538 442/554/530
f 442/554/530 450/553/538 451/555/539 443/556/531
f 443/556/531 451/555/539 452/557/540 444/558/532
f 444/558/532 452/557/540 445/544/533 437/543/525
f 445/544/533 453/559/541 446/545/534
f 446/545/534 453/559/541 447/547/535
f 447/547/535 453/559/541 448/549/536
f 448/549/536 453/559/541 449/551/537
f 449/551/537 453/559/541 450/553/538
f 450/553/538 453/559/541 451/555/539
f 451/555/539 453/559/541 452/557/540
f 452/557/540 453/559/541 445/544/533
s 40
f 454/560/542 462/561/543 463/562/544 455/563/545
f 455/564/545 463/565/544 464/566/546 456/567/547
f 456/567/547 464/566/546 465/568/548 457/569/549
f 457/569/549 465/568/548 466/570/550 458/571/551
f 458/571/551 466/570/550 467/572/552 459/573/553
f 459/573/553 467/572/552 468/574/554 460/575/555
f 460/575/555 468/574/554 469/576/556 461/577/557
f 461/577/557 469/576/556 462/561/543 454/560/542
f 462/561/543 470/578/558 471/579/559 463/562/544
f 463/565/544 471/580/559 472/581/560 464/566/546
f 464/566/546 472/581/560 473/582/561 465/568/548
f 465/568/548 473/582/561 474/583/562 466/570/550
f 466/570/550 474/583/562 475/584/563 467/572/552
f 467/572/552 475/584/563 476/585/564 468/574/554
f 468/574/554 476/585/564 477/586/565 469/576/556
f 469/576/556 477/586/565 470/578/558 462/561/543
f 470/578/558 478/587/566 479/588/567 471/579/559
f 471/580/559 479/589/567 480/590/568 472/581/560
f 472/581/560 480/590/568 481/591/569 473/582/561
f 473/582/561 481/591/569 482/592/570 474/583/562
f 474/583/562 482/592/570 483/593/571 475/584/563
f 475/584/563 483/593/571 484/594/572 476/585/564
f 476/585/564 484/594/572 485/595/573 477/586/565
f 477/586/565 485/595/573 478/587/566 470/578/558
f 478/587/566 486/596/574 487/597/575 479/588/567
f 479/589/567 487/598/575 488/599/576 480/590/568
f 480/590/568 488/599/576 489/600/577 481/591/569
f 481/591/569 489/600/577 490/601/578 482/592/570
f 482/592/570 490/601/578 491/602/579 483/593/571
f 483/593/571 491/602/579 492/603/580 484/594/572
f 484/594/572 492/603/580 493/604/581 485/595/573
f 485/595/573 493/604/581 486/596/574 478/587/566
f 486/596/574 494/605/582 495/606/583 487/597/575
f 487/598/575 495/607/583 496/608/584 488/599/576
f 488/599/576 496/608/584 497/609/585 489/600/577
f 489/600/577 497/609/585 498/610/586 490/601/578
f 490/601/578 498/610/586 499/611/587 491/602/579
f 491/602/579 499/611/587 500/612/588 492/603/580
f 492/603/580 500/612/588 501/613/589 493/604/581
f 493/604/581 501/613/589 494/605/582 486/596/574
f 494/605/582 502/614/590 503/615/591 495/606/583
f 495/607/583 503/616/591 504/617/592 496/608/584
f 496/608/584 504/617/592 505/618/593 497/609/585
f 497/609/585 505/618/593 506/619/594 498/610/586
f 498/610/586 506/619/594 507/620/595 499/611/587
f 499/611/587 507/620/595 508/621/596 500/612/588
f 500/612/588 508/621/596 509/622/597 501/613/589
f 501/613/589 509/622/597 502/614/590 494/605/582
f 502/614/590 510/623/598 511/624/599 503/615/591
f 503/616/591 511/625/599 512/626/600 504/617/592
f 504/617/592 512/626/600 513/627/601 505/618/593
f 505/618/593 513/627/601 514/628/602 506/619/594
f 506/619/594 514/628/602 515/629/603 507/620/595
f 507/620/595 515/629/603 516/630/604 508/621/596
f 508/621/596 516/630/604 517/631/605 509/622/597
f 509/622/597 517/631/605 510/623/598 502/614/590
f 510/632/598 518/633/606 519/634/607 511/635/599
f 511/635/599 519/634/607 520/636/608 512/637/600
f 512/637/600 520/636/608 521/638/609 513/639/601
f 513/639/601 521/638/609 522/640/610 514/641/602
f 514/641/602 522/640/610 523/642/611 515/643/603
f 515/643/603 523/642/611 524/644/612 516/645/604
f 516/645/604 524/644/612 525/646/613 517/647/605
f 517/647/605 525/646/613 518/633/606 510/632/598
f 518/633/606 526/648/614 519/634/607
f 519/634/607 526/648/614 520/636/608
f 520/636/608 526/648/614 521/638/609
f 521/638/609 526/648/614 522/640/610
f 522/640/610 526/648/614 523/642/611
f 523/642/611 526/648/614 524/644/612
f 524/644/612 526/648/614 525/646/613
f 525/646/613 526/648/614 518/633/606
s off
f 531/649/615 532/650/616 534/651/617 533/652/618
f 528/653/619 534/654/620 532/655/621 530/656/622
f 533/652/623 527/657/624 529/658/625 531/649/626
f 527/657/627 528/659/628 530/660/629 529/658/630
s 45
f 535/661/631 536/662/632 538/663/633 537/664/634
f 536/662/632 13/665/635 16/666/636 538/663/633
s 46
f 537/664/637 538/663/638 540/667/639 539/668/640
f 538/663/638 16/666/641 15/669/642 540/667/639
s 47
f 539/668/643 540/667/644 542/670/645 541/671/646
f 540/667/644 15/669/647 14/672/648 542/673/645
s 48
f 541/674/649 542/675/650 536/662/651 535/661/652
f 542/676/650 14/677/653 13/665/654 536/662/651
s off
f 543/678/655 544/679/656 545/680/657 546/681/658
s 48
f 535/661/652 544/682/659 543/683/660 541/684/649
s 45
f 537/664/634 545/685/661 544/682/662 535/661/631
s 46
f 539/668/640 546/686/663 545/685/664 537/664/637
s 47
f 541/687/646 543/688/665 546/686/666 539/668/643
s 50
f 547/689/667 548/690/668 563/691/669 564/692/670
f 548/690/668 20/693/671 21/694/672 563/691/669
s 51
f 549/695/673 550/696/674 552/697/675 551/698/676
f 550/696/674 19/699/677 18/700/678 552/697/675
s 52
f 561/701/679 562/702/680 554/703/681 553/704/682
f 562/705/680 22/706/683 17/707/684 554/708/681
s 53
f 553/709/685 554/710/686 548/690/687 547/689/688
f 554/711/686 17/712/689 20/693/690 548/690/687
s 54
f 555/713/691 556/714/692 559/715/693 560/716/694
s 53
f 547/689/688 556/717/695 555/718/696 553/719/685
s 50
f 564/692/670 559/720/697 556/717/698 547/689/667
s 51
f 551/698/676 558/721/699 557/722/700 549/695/673
s 52
f 553/723/682 555/724/701 560/725/702 561/726/679
s 54
f 560/716/694 559/715/693 557/727/703 558/728/704
s 52
f 561/726/679 560/725/702 558/721/705 551/698/706
f 551/698/706 552/697/707 562/702/680 561/701/679
f 552/697/707 18/700/708 22/706/683 562/705/680
s 50
f 563/691/669 21/694/672 19/699/709 550/696/710
f 564/692/670 563/691/669 550/696/710 549/695/711
f 549/695/711 557/722/712 559/720/697 564/692/670
s off
f 567/729/713 568/730/714 570/731/715 569/732/716
f 571/733/717 572/734/718 566/735/719 565/736/720
f 566/737/721 572/738/722 570/731/723 568/730/724
f 571/733/725 565/736/726 567/729/727 569/732/728
f 575/739/729 576/740/730 578/741/731 577/742/732
f 579/743/733 580/744/734 574/745/735 573/746/736
f 574/747/737 580/748/738 578/741/739 576/740/740
f 579/743/741 573/746/742 575/739/743 577/742/744
f 583/749/745 584/750/746 586/751/747 585/752/748
f 587/753/749 588/754/750 582/755/751 581/756/752
f 582/757/753 588/758/754 586/751/755 584/750/756
f 587/753/757 581/756/758 583/749/759 585/752/760
f 591/759/761 592/760/762 594/761/763 593/762/764
f 595/763/765 596/764/766 590/765/767 589/766/768
f 590/767/769 596/768/770 594/761/771 592/760/772
f 595/763/773 589/766/774 591/759/775 593/762/776
f 599/769/777 600/770/778 602/771/779 601/772/780
f 603/773/781 604/774/782 598/775/783 597/776/784
f 598/777/785 604/778/786 602/771/787 600/770/788
f 603/773/789 597/776/790 599/779/791 601/780/792
f 607/781/793 608/782/794 610/783/795 609/784/796
f 611/785/797 612/786/798 606/787/799 605/788/800
f 606/789/801 612/790/802 610/783/803 608/782/804
f 611/785/805 605/788/806 607/791/807 609/792/808
f 615/793/809 616/794/810 618/795/811 617/796/812
f 619/797/813 620/798/814 614/799/815 613/800/816
f 614/801/817 620/802/818 618/795/819 616/794/820
f 619/797/821 613/800/822 615/803/823 617/804/824
f 623/805/825 624/806/826 626/807/827 625/808/828
f 627/809/829 628/810/830 622/811/831 621/812/832
f 622/813/833 628/814/834 626/807/835 624/806/836
f 627/809/837 621/812/838 623/805/839 625/808/840
f 631/815/841 632/816/842 634/817/843 633/818/844
f 635/819/845 636/820/846 630/821/847 629/822/848
f 630/823/849 636/824/850 634/817/851 632/816/852
f 635/819/853 629/822/854 631/815/855 633/818/856
f 639/825/857 640/826/858 642/827/859 641/828/860
f 643/829/861 644/830/862 638/831/863 637/832/864
f 638/833/865 644/834/866 642/827/867 640/826/868
f 643/829/869 637/832/870 639/835/871 641/836/872
s 95
f 645/837/873 646/838/874 654/839/875 653/840/876
f 646/838/874 647/841/877 655/842/878 654/839/875
f 647/841/877 648/843/879 656/844/880 655/842/878
f 648/843/879 649/845/881 657/846/882 656/844/880
f 649/845/881 650/847/883 658/848/884 657/846/882
f 650/847/883 651/849/885 659/850/886 658/848/884
f 651/849/885 652/851/887 660/852/888 659/850/886
f 652/851/887 645/853/873 653/854/876 660/852/888
s 96
f 661/855/889 662/856/890 670/857/891 669/858/892
f 662/856/890 663/859/893 671/860/894 670/857/891
f 663/859/893 664/861/895 672/862/896 671/860/894
f 664/861/895 665/863/897 673/864/898 672/862/896
f 665/863/897 666/865/899 674/866/900 673/864/898
f 666/865/899 667/867/901 675/868/902 674/866/900
f 667/867/901 668/869/903 676/870/904 675/868/902
f 668/869/903 661/871/889 669/872/892 676/870/904
s 97
f 677/873/905 678/874/906 686/875/907 685/876/908
f 678/874/906 679/877/909 687/878/910 686/875/907
f 679/877/909 680/879/911 688/880/912 687/878/910
f 680/879/911 681/881/913 689/882/914 688/880/912
f 681/881/913 682/883/915 690/884/916 689/882/914
f 682/883/915 683/885/917 691/886/918 690/884/916
f 683/885/917 684/887/919 692/888/920 691/886/918
f 684/887/919 677/889/905 685/890/908 692/888/920
s 98
f 693/891/921 701/892/922 702/893/923 694/894/924
f 694/895/924 702/896/923 703/897/925 695/898/926
f 695/898/926 703/897/925 704/899/927 696/900/928
f 696/900/928 704/899/927 705/901/929 697/902/930
f 697/902/930 705/901/929 706/903/931 698/904/932
f 698/904/932 706/903/931 707/905/933 699/906/934
f 699/906/934 707/905/933 708/907/935 700/908/936
f 700/908/936 708/907/935 701/892/922 693/891/921
f 701/892/922 709/909/937 710/910/938 702/893/923
f 702/896/923 710/911/938 711/912/939 703/897/925
f 703/897/925 711/912/939 712/913/940 704/899/927
f 704/899/927 712/913/940 713/914/941 705/901/929
f 705/901/929 713/914/941 714/915/942 706/903/931
f 706/903/931 714/915/942 715/916/943 707/905/933
f 707/905/933 715/916/943 716/917/944 708/907/935
f 708/907/935 716/917/944 709/909/937 701/892/922
f 709/909/937 717/918/945 718/919/946 710/910/938
f 710/911/938 718/920/946 719/921/947 711/912/939
f 711/912/939 719/921/947 720/922/948 712/913/940
f 712/913/940 720/922/948 721/923/949 713/914/941
f 713/914/941 721/923/949 722/924/950 714/915/942
f 714/915/942 722/924/950 723/925/951 715/916/943
f 715/916/943 723/925/951 724/926/952 716/917/944
f 716/917/944 724/926/952 717/918/945 709/909/937
f 717/918/945 725/927/953 726/928/954 718/919/946
f 718/920/946 726/929/954 727/930/955 719/921/947
f 719/921/947 727/930/955 728/931/956 720/922/948
f 720/922/948 728/931/956 729/932/957 721/923/949
f 721/923/949 729/932/957 730/933/958 722/924/950
f 722/924/950 730/933/958 731/934/959 723/925/951
f 723/925/951 731/934/959 732/935/960 724/926/952
f 724/926/952 732/935/960 725/927/953 717/918/945
f 725/927/953 733/936/961 734/937/962 726/928/954
f 726/929/954 734/938/962 735/939/963 727/930/955
f 727/930/955 735/939/963 736/940/964 728/931/956
f 728/931/956 736/940/964 737/941/965 729/932/957
f 729/932/957 737/941/965 738/942/966 730/933/958
f 730/933/958 738/942/966 739/943/967 731/934/959
f 731/934/959 739/943/967 740/944/968 732/935/960
f 732/935/960 740/944/968 733/936/961 725/927/953
f 733/936/961 741/945/969 742/946/970 734/937/962
f 734/938/962 742/947/970 743/948/971 735/939/963
f 735/939/963 743/948/971 744/949/972 736/940/964
f 736/940/964 744/949/972 745/950/973 737/941/965
f 737/941/965 745/950/973 746/951/974 738/942/966
f 738/942/966 746/951/974 747/952/975 739/943/967
f 739/943/967 747/952/975 748/953/976 740/944/968
f 740/944/968 748/953/976 741/945/969 733/936/961
f 741/945/969 749/954/977 750/955/978 742/946/970
f 742/947/970 750/956/978 751/957/979 743/948/971
f 743/948/971 751/957/979 752/958/980 744/949/972
f 744/949/972 752/958/980 753/959/981 745/950/973
f 745/950/973 753/959/981 754/960/982 746/951/974
f 746/951/974 754/960/982 755/961/983 747/952/975
f 747/952/975 755/961/983 756/962/984 748/953/976
f 748/953/976 756/962/984 749/954/977 741/945/969
f 749/963/977 757/964/985 758/965/986 750/966/978
f 750/966/978 758/965/986 759/967/987 751/968/979
f 751/968/979 759/967/987 760/969/988 752/970/980
f 752/970/980 760/969/988 761/971/989 753/972/981
f 753/972/981 761/971/989 762/973/990 754/974/982
f 754/974/982 762/973/990 763/975/991 755/976/983
f 755/976/983 763/975/991 764/977/992 756/978/984
f 756/978/984 764/977/992 757/964/985 749/963/977
f 757/964/985 765/979/993 758/965/986
f 758/965/986 765/979/993 759/967/987
f 759/967/987 765/979/993 760/969/988
f 760/969/988 765/979/993 761/971/989
f 761/971/989 765/979/993 762/973/990
f 762/973/990 765/979/993 763/975/991
f 763/975/991 765/979/993 764/977/992
f 764/977/992 765/979/993 757/964/985
s 99
f 766/980/994 774/981/995 775/982/996 767/983/997
f 767/984/997 775/985/996 776/986/998 768/987/999
f 768/987/999 776/986/998 777/988/1000 769/989/1001
f 769/989/1001 777/988/1000 778/990/1002 770/991/1003
f 770/991/1003 778/990/1002 779/992/1004 771/993/1005
f 771/993/1005 779/992/1004 780/994/1006 772/995/1007
f 772/995/1007 780/994/1006 781/996/1008 773/997/1009
f 773/997/1009 781/996/1008 774/981/995 766/980/994
f 774/981/995 782/998/1010 783/999/1011 775/982/996
f 775/985/996 783/1000/1011 784/1001/1012 776/986/998
f 776/986/998 784/1001/1012 785/1002/1013 777/988/1000
f 777/988/1000 785/1002/1013 786/1003/1014 778/990/1002
f 778/990/1002 786/1003/1014 787/1004/1015 779/992/1004
f 779/992/1004 787/1004/1015 788/1005/1016 780/994/1006
f 780/994/1006 788/1005/1016 789/1006/1017 781/996/1008
f 781/996/1008 789/1006/1017 782/998/1010 774/981/995
f 782/998/1010 790/1007/1018 791/1008/1019 783/999/1011
f 783/1000/1011 791/1009/1019 792/1010/1020 784/1001/1012
f 784/1001/1012 792/1010/1020 793/1011/1021 785/1002/1013
f 785/1002/1013 793/1011/1021 794/1012/1022 786/1003/1014
f 786/1003/1014 794/1012/1022 795/1013/1023 787/1004/1015
f 787/1004/1015 795/1013/1023 796/1014/1024 788/1005/1016
f 788/1005/1016 796/1014/1024 797/1015/1025 789/1006/1017
f 789/1006/1017 797/1015/1025 790/1007/1018 782/998/1010
f 790/1007/1018 798/1016/1026 799/1017/1027 791/1008/1019
f 791/1009/1019 799/1018/1027 800/1019/1028 792/1010/1020
f 792/1010/1020 800/1019/1028 801/1020/1029 793/1011/1021
f 793/1011/1021 801/1020/1029 802/1021/1030 794/1012/1022
f 794/1012/1022 802/1021/1030 803/1022/1031 795/1013/1023
f 795/1013/1023 803/1022/1031 804/1023/1032 796/1014/1024
f 796/1014/1024 804/1023/1032 805/1024/1033 797/1015/1025
f 797/1015/1025 805/1024/1033 798/1016/1026 790/1007/1018
f 798/1016/1026 806/1025/1034 807/1026/1035 799/1017/1027
f 799/1018/1027 807/1027/1035 808/1028/1036 800/1019/1028
f 800/1019/1028 808/1028/1036 809/1029/1037 801/1020/1029
f 801/1020/1029 809/1029/1037 810/1030/1038 802/1021/1030
f 802/1021/1030 810/1030/1038 811/1031/1039 803/1022/1031
f 803/1022/1031 811/1031/1039 812/1032/1040 804/1023/1032
f 804/1023/1032 812/1032/1040 813/1033/1041 805/1024/1033
f 805/1024/1033 813/1033/1041 806/1025/1034 798/1016/1026
f 806/1025/1034 814/1034/1042 815/1035/1043 807/1026/1035
f 807/1027/1035 815/1036/1043 816/1037/1044 808/1028/1036
f 808/1028/1036 816/1037/1044 817/1038/1045 809/1029/1037
f 809/1029/1037 817/1038/1045 818/1039/1046 810/1030/1038
f 810/1030/1038 818/1039/1046 819/1040/1047 811/1031/1039
f 811/1031/1039 819/1040/1047 820/1041/1048 812/1032/1040
f 812/1032/1040 820/1041/1048 821/1042/1049 813/1033/1041
f 813/1033/1041 821/1042/1049 814/1034/1042 806/1025/1034
f 814/1034/1042 822/1043/1050 823/1044/1051 815/1035/1043
f 815/1036/1043 823/1045/1051 824/1046/1052 816/1037/1044
f 816/1037/1044 824/1046/1052 825/1047/1053 817/1038/1045
f 817/1038/1045 825/1047/1053 826/1048/1054 818/1039/1046
f 818/1039/1046 826/1048/1054 827/1049/1055 819/1040/1047
f 819/1040/1047 827/1049/1055 828/1050/1056 820/1041/1048
f 820/1041/1048 828/1050/1056 829/1051/1057 821/1042/1049
f 821/1042/1049 829/1051/1057 822/1043/1050 814/1034/1042
f 822/1052/1050 830/1053/1058 831/1054/1059 823/1055/1051
f 823/1055/1051 831/1054/1059 832/1056/1060 824/1057/1052
f 824/1057/1052 832/1056/1060 833/1058/1061 825/1059/1053
f 825/1059/1053 833/1058/1061 834/1060/1062 826/1061/1054
f 826/1061/1054 834/1060/1062 835/1062/1063 827/1063/1055
f 827/1063/1055 835/1062/1063 836/1064/1064 828/1065/1056
f 828/1065/1056 836/1064/1064 837/1066/1065 829/1067/1057
f 829/1067/1057 837/1066/1065 830/1053/1058 822/1052/1050
f 830/1053/1058 838/1068/1066 831/1054/1059
f 831/1054/1059 838/1068/1066 832/1056/1060
f 832/1056/1060 838/1068/1066 833/1058/1061
f 833/1058/1061 838/1068/1066 834/1060/1062
f 834/1060/1062 838/1068/1066 835/1062/1063
f 835/1062/1063 838/1068/1066 836/1064/1064
f 836/1064/1064 838/1068/1066 837/1066/1065
f 837/1066/1065 838/1068/1066 830/1053/1058
s 100
f 839/1069/1067 840/1070/1068 842/1071/1069 841/1072/1070
s 101
f 841/1072/1071 842/1071/1072 844/1073/1073 843/1074/1074
s 102
f 843/1074/1075 844/1073/1076 846/1075/1077 845/1076/1078
s 103
f 845/1077/1079 846/1078/1080 840/1070/1081 839/1069/1082
f 839/1069/1082 848/1079/1083 849/1080/1084 845/1081/1079
s 100
f 841/1072/1070 847/1082/1085 848/1079/1086 839/1069/1067
s 101
f 843/1074/1074 850/1083/1087 847/1082/1088 841/1072/1071
s 102
f 845/1084/1078 849/1085/1089 850/1083/1090 843/1074/1075
s 104
f 852/1086/1091 851/1087/1092 856/1088/1093 855/1089/1094
f 851/1087/1092 852/1086/1091 24/1090/1095 23/1091/1096
s 105
f 853/1092/1097 852/1086/1098 855/1089/1099 858/1093/1100
f 852/1086/1098 853/1092/1097 25/1094/1101 24/1090/1102
s 106
f 854/1095/1103 853/1092/1104 858/1093/1105 857/1096/1106
f 853/1092/1104 854/1097/1103 26/1098/1107 25/1094/1108
s 107
f 851/1087/1109 854/1099/1110 857/1100/1111 856/1088/1112
f 854/1101/1110 851/1087/1109 23/1091/1113 26/1102/1114
s off
f 23/1103/1115 24/1104/1116 25/1105/1117 26/1106/1118
s 109
f 867/1107/1119 868/1108/1120 860/1109/1121 859/1110/1122
f 862/1111/1123 868/1108/1120 867/1107/1119 861/1112/1124
f 27/1113/1125 860/1109/1121 868/1108/1120 31/1114/1126
f 862/1111/1123 28/1115/1127 31/1114/1126 868/1108/1120
f 869/1116/1128 870/1117/1129 862/1111/1123 861/1112/1124
f 864/1118/1130 870/1117/1129 869/1116/1128 863/1119/1131
f 862/1111/1123 870/1117/1129 32/1120/1132 28/1115/1127
f 864/1118/1130 29/1121/1133 32/1120/1132 870/1117/1129
f 871/1122/1134 872/1123/1135 864/1118/1130 863/1119/1131
f 866/1124/1136 872/1123/1135 871/1122/1134 865/1125/1137
f 864/1118/1130 872/1123/1135 33/1126/1138 29/1121/1133
f 866/1124/1136 30/1127/1139 33/1126/1138 872/1123/1135
f 873/1128/1140 874/1129/1141 866/1124/1136 865/1125/1137
f 859/1130/1122 860/1131/1121 874/1129/1141 873/1128/1140
f 866/1124/1136 874/1129/1141 34/1132/1142 30/1127/1139
f 27/1133/1125 34/1132/1142 874/1129/1141 860/1131/1121
s 110
f 31/1134/1143 875/1135/1144 27/1136/1145
f 28/1137/1146 875/1135/1144 31/1134/1143
f 32/1138/1147 875/1135/1144 28/1137/1146
f 29/1139/1148 875/1135/1144 32/1138/1147
f 33/1140/1149 875/1135/1144 29/1139/1148
f 30/1141/1150 875/1135/1144 33/1140/1149
f 34/1142/1151 875/1135/1144 30/1141/1150
f 27/1136/1145 875/1135/1144 34/1142/1151
s 111
f 888/1143/1152 876/1144/1153 877/1145/1154 889/1146/1155
f 879/1147/1156 888/1143/1152 889/1146/1155 880/1148/1157
f 878/1149/1158 890/1150/1159 889/1146/1155 877/1145/1154
f 880/1148/1157 889/1146/1155 890/1150/1159 881/1151/1160
f 891/1152/1161 879/1147/1156 880/1148/1157 892/1153/1162
f 882/1154/1163 891/1152/1161 892/1153/1162 883/1155/1164
f 880/1148/1157 881/1151/1160 893/1156/1165 892/1153/1162
f 883/1155/1164 892/1153/1162 893/1156/1165 884/1157/1166
f 894/1158/1167 882/1154/1163 883/1155/1164 895/1159/1168
f 885/1160/1169 894/1158/1167 895/1159/1168 886/1161/1170
f 883/1155/1164 884/1157/1166 896/1162/1171 895/1159/1168
f 886/1161/1170 895/1159/1168 896/1162/1171 887/1163/1172
f 897/1164/1173 885/1160/1169 886/1161/1170 898/1165/1174
f 877/1166/1154 876/1167/1153 897/1164/1173 898/1165/1174
f 886/1161/1170 887/1163/1172 899/1168/1175 898/1165/1174
f 878/1169/1158 877/1166/1154 898/1165/1174 899/1168/1175
s 112
f 900/1170/1176 908/1171/1177 909/1172/1178 901/1173/1179
f 901/1173/1179 909/1172/1178 910/1174/1180 902/1175/1181
f 902/1175/1181 910/1174/1180 911/1176/1182 903/1177/1183
f 903/1177/1183 911/1176/1182 912/1178/1184 904/1179/1185
f 904/1179/1185 912/1178/1184 913/1180/1186 905/1181/1187
f 905/1181/1187 913/1180/1186 914/1182/1188 906/1183/1189
f 906/1183/1189 914/1182/1188 915/1184/1190 907/1185/1191
f 907/1185/1191 915/1184/1190 908/1186/1177 900/1187/1176
s 113
f 916/1188/1192 917/1189/1193 925/1190/1194 924/1191/1195
f 917/1192/1193 918/1193/1196 926/1194/1197 925/1195/1194
f 918/1193/1196 919/1196/1198 927/1197/1199 926/1194/1197
f 919/1196/1198 920/1198/1200 928/1199/1201 927/1197/1199
f 920/1198/1200 921/1200/1202 929/1201/1203 928/1199/1201
f 921/1200/1202 922/1202/1204 930/1203/1205 929/1201/1203
f 922/1202/1204 923/1204/1206 931/1205/1207 930/1203/1205
f 923/1204/1206 916/1188/1192 924/1191/1195 931/1205/1207
f 924/1191/1195 925/1190/1194 933/1206/1208 932/1207/1209
f 925/1195/1194 926/1194/1197 934/1208/1210 933/1209/1208
f 926/1194/1197 927/1197/1199 935/1210/1211 934/1208/1210
f 927/1197/1199 928/1199/1201 936/1211/1212 935/1210/1211
f 928/1199/1201 929/1201/1203 937/1212/1213 936/1211/1212
f 929/1201/1203 930/1203/1205 938/1213/1214 937/1212/1213
f 930/1203/1205 931/1205/1207 939/1214/1215 938/1213/1214
f 931/1205/1207 924/1191/1195 932/1207/1209 939/1214/1215
f 932/1207/1209 933/1206/1208 941/1215/1216 940/1216/1217
f 933/1209/1208 934/1208/1210 942/1217/1218 941/1218/1216
f 934/1208/1210 935/1210/1211 943/1219/1219 942/1217/1218
f 935/1210/1211 936/1211/1212 944/1220/1220 943/1219/1219
f 936/1211/1212 937/1212/1213 945/1221/1221 944/1220/1220
f 937/1212/1213 938/1213/1214 946/1222/1222 945/1221/1221
f 938/1213/1214 939/1214/1215 947/1223/1223 946/1222/1222
f 939/1214/1215 932/1207/1209 940/1216/1217 947/1223/1223
f 940/1216/1217 941/1215/1216 949/1224/1224 948/1225/1225
f 941/1218/1216 942/1217/1218 950/1226/1226 949/1227/1224
f 942/1217/1218 943/1219/1219 951/1228/1227 950/1226/1226
f 943/1219/1219 944/1220/1220 952/1229/1228 951/1228/1227
f 944/1220/1220 945/1221/1221 953/1230/1229 952/1229/1228
f 945/1221/1221 946/1222/1222 954/1231/1230 953/1230/1229
f 946/1222/1222 947/1223/1223 955/1232/1231 954/1231/1230
f 947/1223/1223 940/1216/1217 948/1225/1225 955/1232/1231
f 948/1225/1225 949/1224/1224 957/1233/1232 956/1234/1233
f 949/1227/1224 950/1226/1226 958/1235/1234 957/1236/1232
f 950/1226/1226 951/1228/1227 959/1237/1235 958/1235/1234
f 951/1228/1227 952/1229/1228 960/1238/1236 959/1237/1235
f 952/1229/1228 953/1230/1229 961/1239/1237 960/1238/1236
f 953/1230/1229 954/1231/1230 962/1240/1238 961/1239/1237
f 954/1231/1230 955/1232/1231 963/1241/1239 962/1240/1238
f 955/1232/1231 948/1225/1225 956/1234/1233 963/1241/1239
f 956/1234/1233 957/1233/1232 965/1242/1240 964/1243/1241
f 957/1236/1232 958/1235/1234 966/1244/1242 965/1245/1240
f 958/1235/1234 959/1237/1235 967/1246/1243 966/1244/1242
f 959/1237/1235 960/1238/1236 968/1247/1244 967/1246/1243
f 960/1238/1236 961/1239/1237 969/1248/1245 968/1247/1244
f 961/1239/1237 962/1240/1238 970/1249/1246 969/1248/1245
f 962/1240/1238 963/1241/1239 971/1250/1247 970/1249/1246
f 963/1241/1239 956/1234/1233 964/1243/1241 971/1250/1247
f 964/1243/1241 965/1242/1240 973/1251/1248 972/1252/1249
f 965/1245/1240 966/1244/1242 974/1253/1250 973/1254/1248
f 966/1244/1242 967/1246/1243 975/1255/1251 974/1253/1250
f 967/1246/1243 968/1247/1244 976/1256/1252 975/1255/1251
f 968/1247/1244 969/1248/1245 977/1257/1253 976/1256/1252
f 969/1248/1245 970/1249/1246 978/1258/1254 977/1257/1253
f 970/1249/1246 971/1250/1247 979/1259/1255 978/1258/1254
f 971/1250/1247 964/1243/1241 972/1252/1249 979/1259/1255
f 972/1260/1249 973/1261/1248 981/1262/1256 980/1263/1257
f 973/1261/1248 974/1264/1250 982/1265/1258 981/1262/1256
f 974/1264/1250 975/1266/1251 983/1267/1259 982/1265/1258
f 975/1266/1251 976/1268/1252 984/1269/1260 983/1267/1259
f 976/1268/1252 977/1270/1253 985/1271/1261 984/1269/1260
f 977/1270/1253 978/1272/1254 986/1273/1262 985/1271/1261
f 978/1272/1254 979/1274/1255 987/1275/1263 986/1273/1262
f 979/1274/1255 972/1260/1249 980/1263/1257 987/1275/1263
f 980/1263/1257 981/1262/1256 988/1276/1264
f 981/1262/1256 982/1265/1258 988/1276/1264
f 982/1265/1258 983/1267/1259 988/1276/1264
f 983/1267/1259 984/1269/1260 988/1276/1264
f 984/1269/1260 985/1271/1261 988/1276/1264
f 985/1271/1261 986/1273/1262 988/1276/1264
f 986/1273/1262 987/1275/1263 988/1276/1264
f 987/1275/1263 980/1263/1257 988/1276/1264
s off
f 36/1277/1265 35/1278/1266 990/1279/1267 991/1280/1268
f 37/1281/1269 36/1277/1270 991/1280/1271 992/1282/1272
f 38/1283/1273 37/1281/1274 992/1282/1275 989/1284/1276
f 990/1279/1277 35/1278/1278 38/1285/1279 989/1286/1280
s 118
f 993/1287/1281 994/1288/1282 1025/1289/1283 1026/1290/1284
f 994/1288/1282 995/1291/1285 1024/1292/1286 1025/1289/1283
s 119
f 996/1293/1287 997/1294/1288 1000/1295/1289 999/1296/1290
f 997/1294/1288 998/1297/1291 1001/1298/1292 1000/1295/1289
s 120
f 1021/1299/1293 1022/1300/1294 1003/1301/1295 1002/1302/1296
f 1022/1303/1294 1023/1304/1297 1004/1305/1298 1003/1306/1295
s 121
f 1002/1307/1299 1003/1308/1300 994/1288/1301 993/1287/1302
f 1003/1309/1300 1004/1310/1303 995/1291/1304 994/1288/1301
f 993/1287/1302 1006/1311/1305 1005/1312/1306 1002/1313/1299
s 118
f 1026/1290/1284 1027/1314/1307 1006/1311/1308 993/1287/1281
s 119
f 999/1296/1290 1008/1315/1309 1007/1316/1310 996/1293/1287
s 120
f 1002/1317/1296 1005/1318/1311 1020/1319/1312 1021/1320/1293
s 122
f 1009/1321/1313 1028/1322/1314 1017/1323/1315 1010/1324/1316
f 1010/1324/1316 1017/1323/1315 43/1325/1317 39/1326/1318
s 123
f 1011/1327/1319 1013/1328/1320 1014/1329/1321 1012/1330/1322
f 1012/1330/1322 1014/1329/1321 41/1331/1323 40/1332/1324
s 124
f 1019/1333/1325 1015/1334/1326 1016/1335/1327 1018/1336/1328
f 1018/1337/1328 1016/1338/1327 42/1339/1329 44/1340/1330
s 125
f 1015/1341/1331 1009/1321/1332 1010/1324/1333 1016/1342/1334
f 1016/1343/1334 1010/1324/1333 39/1326/1335 42/1344/1336
f 1009/1321/1332 1015/1345/1331 1005/1346/1337 1006/1347/1338
s 122
f 1028/1322/1314 1009/1321/1313 1006/1347/1339 1027/1348/1340
s 123
f 1013/1328/1320 1011/1327/1319 1007/1349/1341 1008/1350/1342
s 124
f 1015/1351/1326 1019/1352/1325 1020/1353/1343 1005/1354/1344
s 122
f 1017/1323/1315 1012/1330/1345 40/1332/1346 43/1325/1317
s 124
f 1014/1329/1347 1018/1337/1328 44/1340/1330 41/1331/1348
f 1013/1328/1349 1019/1333/1325 1018/1336/1328 1014/1329/1347
f 1020/1353/1343 1019/1352/1325 1013/1328/1349 1008/1350/1350
s 120
f 1021/1320/1293 1020/1319/1312 1008/1315/1351 999/1296/1352
f 999/1296/1352 1000/1295/1353 1022/1300/1294 1021/1299/1293
f 1000/1295/1353 1001/1298/1354 1023/1304/1297 1022/1303/1294
s 118
f 1025/1289/1283 1024/1292/1286 998/1297/1355 997/1294/1356
f 1026/1290/1284 1025/1289/1283 997/1294/1356 996/1293/1357
f 996/1293/1357 1007/1316/1358 1027/1314/1307 1026/1290/1284
s 122
f 1011/1327/1359 1028/1322/1314 1027/1348/1340 1007/1349/1360
f 1017/1323/1315 1028/1322/1314 1011/1327/1359 1012/1330/1345
s off
f 1029/1355/1361 1030/1356/1362 1032/1357/1363 1031/1358/1364
f 1033/1359/1365 1034/1360/1366 1036/1361/1367 1035/1362/1368
f 1030/1356/1369 1036/1363/1370 1034/1364/1371 1032/1357/1372
f 1035/1362/1373 1029/1355/1374 1031/1358/1375 1033/1359/1376
f 1037/1365/1377 1039/1366/1378 1040/1367/1379 1038/1368/1380
f 1041/1369/1381 1043/1370/1382 1044/1371/1383 1042/1372/1384
f 1038/1368/1385 1040/1367/1386 1042/1373/1387 1044/1374/1388
f 1043/1370/1389 1041/1369/1390 1039/1366/1391 1037/1365/1392
f 1047/1375/1393 1048/1376/1394 1050/1377/1395 1049/1378/1396
f 1051/1379/1397 1052/1380/1398 1046/1381/1399 1045/1382/1400
f 1046/1383/1401 1052/1384/1402 1050/1377/1403 1048/1376/1404
f 1051/1379/1405 1045/1382/1406 1047/1375/1407 1049/1378/1408
f 1055/1385/1409 1056/1386/1410 1058/1387/1411 1057/1388/1412
f 1059/1389/1413 1060/1390/1414 1054/1391/1415 1053/1392/1416
f 1054/1393/1417 1060/1394/1418 1058/1387/1419 1056/1386/1420
f 1059/1389/1421 1053/1392/1422 1055/1385/1423 1057/1388/1424
f 1063/1395/1425 1064/1396/1426 1066/1397/1427 1065/1398/1428
f 1067/1399/1429 1068/1400/1430 1062/1401/1431 1061/1402/1432
f 1062/1403/1433 1068/1404/1434 1066/1397/1435 1064/1396/1436
f 1067/1399/1437 1061/1402/1438 1063/1395/1439 1065/1398/1440
f 1071/1405/1441 1072/1406/1442 1074/1407/1443 1073/1408/1444
f 1075/1409/1445 1076/1410/1446 1070/1411/1447 1069/1412/1448
f 1070/1413/1449 1076/1414/1450 1074/1407/1451 1072/1406/1452
f 1075/1409/1453 1069/1412/1454 1071/1405/1455 1073/1408/1456
f 1079/1415/1457 1080/1416/1458 1082/1417/1459 1081/1418/1460
f 1083/1419/1461 1084/1420/1462 1078/1421/1463 1077/1422/1464
f 1078/1423/1465 1084/1424/1466 1082/1417/1467 1080/1416/1468
f 1083/1419/1469 1077/1422/1470 1079/1415/1471 1081/1418/1472
f 1087/1425/1473 1088/1426/1474 1090/1427/1475 1089/1428/1476
f 1091/1429/1477 1092/1430/1478 1086/1431/1479 1085/1432/1480
f 1086/1433/1481 1092/1434/1482 1090/1427/1483 1088/1426/1484
f 1091/1429/1485 1085/1432/1486 1087/1425/1487 1089/1428/1488
f 1095/1435/1489 1096/1436/1490 1098/1437/1491 1097/1438/1492
f 1099/1439/1493 1100/1440/1494 1094/1441/1495 1093/1442/1496
f 1094/1443/1497 1100/1444/1498 1098/1437/1499 1096/1436/1500
f 1099/1439/1501 1093/1442/1502 1095/1445/1503 1097/1446/1504
f 1103/1447/1505 1104/1448/1506 1106/1449/1507 1105/1450/1508
f 1107/1451/1509 1108/1452/1510 1102/1453/1511 1101/1454/1512
f 1102/1455/1513 1108/1456/1514 1106/1449/1515 1104/1448/1516
f 1107/1451/1517 1101/1454/1518 1103/1457/1519 1105/1458/1520
f 1111/1459/1521 1112/1460/1522 1114/1461/1523 1113/1462/1524
f 1115/1463/1525 1116/1464/1526 1110/1465/1527 1109/1466/1528
f 1110/1467/1529 1116/1468/1530 1114/1461/1531 1112/1460/1532
f 1115/1463/1533 1109/1466/1534 1111/1469/1535 1113/1470/1536
f 1119/1471/1537 1120/1472/1538 1122/1473/1539 1121/1474/1540
f 1123/1475/1541 1124/1476/1542 1118/1477/1543 1117/1478/1544
f 1118/1479/1545 1124/1480/1546 1122/1473/1547 1120/1472/1548
f 1123/1475/1549 1117/1478/1550 1119/1481/1551 1121/1482/1552
f 1127/1483/1553 1128/1484/1554 1130/1485/1555 1129/1486/1556
f 1131/1487/1557 1132/1488/1558 1126/1489/1559 1125/1490/1560
f 1126/1491/1561 1132/1492/1562 1130/1485/1563 1128/1484/1564
f 1131/1487/1565 1125/1490/1566 1127/1483/1567 1129/1486/1568
f 1135/1493/1569 1136/1494/1570 1138/1495/1571 1137/1496/1572
f 1139/1497/1573 1140/1498/1574 1134/1499/1575 1133/1500/1576
f 1134/1501/1577 1140/1502/1578 1138/1495/1579 1136/1494/1580
f 1139/1497/1581 1133/1500/1582 1135/1493/1583 1137/1496/1584
f 1143/1503/1585 1144/1504/1586 1146/1505/1587 1145/1506/1588
f 1147/1507/1589 1148/1508/1590 1142/1509/1591 1141/1510/1592
f 1142/1511/1593 1148/1512/1594 1146/1505/1595 1144/1504/1596
f 1147/1507/1597 1141/1510/1598 1143/1503/1599 1145/1506/1600
f 1151/1513/1601 1152/1514/1602 1154/1515/1603 1153/1516/1604
f 1155/1517/1605 1156/1518/1606 1150/1519/1607 1149/1520/1608
f 1150/1521/1609 1156/1522/1610 1154/1515/1611 1152/1514/1612
f 1155/1517/1613 1149/1520/1614 1151/1513/1615 1153/1516/1616
f 1159/1523/1617 1160/1524/1618 1162/1525/1619 1161/1526/1620
f 1163/1527/1621 1164/1528/1622 1158/1529/1623 1157/1530/1624
f 1158/1531/1625 1164/1532/1626 1162/1525/1627 1160/1524/1628
f 1163/1527/1629 1157/1530/1630 1159/1523/1631 1161/1526/1632
f 1167/1533/1633 1168/1534/1634 1170/1535/1635 1169/1536/1636
f 1171/1537/1637 1172/1538/1638 1166/1539/1639 1165/1540/1640
f 1166/1541/1641 1172/1542/1642 1170/1535/1643 1168/1534/1644
f 1171/1537/1645 1165/1540/1646 1167/1543/1647 1169/1544/1648
f 1175/1545/1649 1176/1546/1650 1178/1547/1651 1177/1548/1652
f 1179/1549/1653 1180/1550/1654 1174/1551/1655 1173/1552/1656
f 1174/1553/1657 1180/1554/1658 1178/1547/1659 1176/1546/1660
f 1179/1549/1661 1173/1552/1662 1175/1555/1663 1177/1556/1664
f 1183/1557/1665 1184/1558/1666 1186/1559/1667 1185/1560/1668
f 1187/1561/1669 1188/1562/1670 1182/1563/1671 1181/1564/1672
f 1182/1565/1673 1188/1566/1674 1186/1559/1675 1184/1558/1676
f 1187/1561/1677 1181/1564/1678 1183/1567/1679 1185/1568/1680
f 1191/1569/1681 1192/1570/1682 1194/1571/1683 1193/1572/1684
f 1195/1573/1685 1196/1574/1686 1190/1575/1687 1189/1576/1688
f 1190/1577/1689 1196/1578/1690 1194/1571/1691 1192/1570/1692
f 1195/1573/1693 1189/1576/1694 1191/1579/1695 1193/1580/1696
s 210
f 1197/1581/1697 1198/1582/1698 1206/1583/1699 1205/1584/1700
f 1198/1582/1698 1199/1585/1701 1207/1586/1702 1206/1583/1699
f 1199/1585/1701 1200/1587/1703 1208/1588/1704 1207/1586/1702
f 1200/1587/1703 1201/1589/1705 1209/1590/1706 1208/1588/1704
f 1201/1589/1705 1202/1591/1707 1210/1592/1708 1209/1590/1706
f 1202/1591/1707 1203/1593/1709 1211/1594/1710 1210/1592/1708
f 1203/1593/1709 1204/1595/1711 1212/1596/1712 1211/1594/1710
f 1204/1595/1711 1197/1597/1697 1205/1598/1700 1212/1596/1712
s 211
f 1213/1599/1713 1214/1600/1714 1222/1601/1715 1221/1602/1716
f 1214/1600/1714 1215/1603/1717 1223/1604/1718 1222/1601/1715
f 1215/1603/1717 1216/1605/1719 1224/1606/1720 1223/1604/1718
f 1216/1605/1719 1217/1607/1721 1225/1608/1722 1224/1606/1720
f 1217/1607/1721 1218/1609/1723 1226/1610/1724 1225/1608/1722
f 1218/1609/1723 1219/1611/1725 1227/1612/1726 1226/1610/1724
f 1219/1611/1725 1220/1613/1727 1228/1614/1728 1227/1612/1726
f 1220/1613/1727 1213/1615/1713 1221/1616/1716 1228/1614/1728
s 212
f 1229/1617/1729 1237/1618/1730 1238/1619/1731 1230/1620/1732
f 1230/1621/1732 1238/1622/1731 1239/1623/1733 1231/1624/1734
f 1231/1624/1734 1239/1623/1733 1240/1625/1735 1232/1626/1736
f 1232/1626/1736 1240/1625/1735 1241/1627/1737 1233/1628/1738
f 1233/1628/1738 1241/1627/1737 1242/1629/1739 1234/1630/1740
f 1234/1630/1740 1242/1629/1739 1243/1631/1741 1235/1632/1742
f 1235/1632/1742 1243/1631/1741 1244/1633/1743 1236/1634/1744
f 1236/1634/1744 1244/1633/1743 1237/1618/1730 1229/1617/1729
f 1237/1618/1730 1245/1635/1745 1246/1636/1746 1238/1619/1731
f 1238/1622/1731 1246/1637/1746 1247/1638/1747 1239/1623/1733
f 1239/1623/1733 1247/1638/1747 1248/1639/1748 1240/1625/1735
f 1240/1625/1735 1248/1639/1748 1249/1640/1749 1241/1627/1737
f 1241/1627/1737 1249/1640/1749 1250/1641/1750 1242/1629/1739
f 1242/1629/1739 1250/1641/1750 1251/1642/1751 1243/1631/1741
f 1243/1631/1741 1251/1642/1751 1252/1643/1752 1244/1633/1743
f 1244/1633/1743 1252/1643/1752 1245/1635/1745 1237/1618/1730
f 1245/1635/1745 1253/1644/1753 1254/1645/1754 1246/1636/1746
f 1246/1637/1746 1254/1646/1754 1255/1647/1755 1247/1638/1747
f 1247/1638/1747 1255/1647/1755 1256/1648/1756 1248/1639/1748
f 1248/1639/1748 1256/1648/1756 1257/1649/1757 1249/1640/1749
f 1249/1640/1749 1257/1649/1757 1258/1650/1758 1250/1641/1750
f 1250/1641/1750 1258/1650/1758 1259/1651/1759 1251/1642/1751
f 1251/1642/1751 1259/1651/1759 1260/1652/1760 1252/1643/1752
f 1252/1643/1752 1260/1652/1760 1253/1644/1753 1245/1635/1745
f 1253/1644/1753 1261/1653/1761 1262/1654/1762 1254/1645/1754
f 1254/1646/1754 1262/1655/1762 1263/1656/1763 1255/1647/1755
f 1255/1647/1755 1263/1656/1763 1264/1657/1764 1256/1648/1756
f 1256/1648/1756 1264/1657/1764 1265/1658/1765 1257/1649/1757
f 1257/1649/1757 1265/1658/1765 1266/1659/1766 1258/1650/1758
f 1258/1650/1758 1266/1659/1766 1267/1660/1767 1259/1651/1759
f 1259/1651/1759 1267/1660/1767 1268/1661/1768 1260/1652/1760
f 1260/1652/1760 1268/1661/1768 1261/1653/1761 1253/1644/1753
f 1261/1653/1761 1269/1662/1769 1270/1663/1770 1262/1654/1762
f 1262/1655/1762 1270/1664/1770 1271/1665/1771 1263/1656/1763
f 1263/1656/1763 1271/1665/1771 1272/1666/1772 1264/1657/1764
f 1264/1657/1764 1272/1666/1772 1273/1667/1773 1265/1658/1765
f 1265/1658/1765 1273/1667/1773 1274/1668/1774 1266/1659/1766
f 1266/1659/1766 1274/1668/1774 1275/1669/1775 1267/1660/1767
f 1267/1660/1767 1275/1669/1775 1276/1670/1776 1268/1661/1768
f 1268/1661/1768 1276/1670/1776 1269/1662/1769 1261/1653/1761
f 1269/1662/1769 1277/1671/1777 1278/1672/1778 1270/1663/1770
f 1270/1664/1770 1278/1673/1778 1279/1674/1779 1271/1665/1771
f 1271/1665/1771 1279/1674/1779 1280/1675/1780 1272/1666/1772
f 1272/1666/1772 1280/1675/1780 1281/1676/1781 1273/1667/1773
f 1273/1667/1773 1281/1676/1781 1282/1677/1782 1274/1668/1774
f 1274/1668/1774 1282/1677/1782 1283/1678/1783 1275/1669/1775
f 1275/1669/1775 1283/1678/1783 1284/1679/1784 1276/1670/1776
f 1276/1670/1776 1284/1679/1784 1277/1671/1777 1269/1662/1769
f 1277/1671/1777 1285/1680/1785 1286/1681/1786 1278/1672/1778
f 1278/1673/1778 1286/1682/1786 1287/1683/1787 1279/1674/1779
f 1279/1674/1779 1287/1683/1787 1288/1684/1788 1280/1675/1780
f 1280/1675/1780 1288/1684/1788 1289/1685/1789 1281/1676/1781
f 1281/1676/1781 1289/1685/1789 1290/1686/1790 1282/1677/1782
f 1282/1677/1782 1290/1686/1790 1291/1687/1791 1283/1678/1783
f 1283/1678/1783 1291/1687/1791 1292/1688/1792 1284/1679/1784
f 1284/1679/1784 1292/1688/1792 1285/1680/1785 1277/1671/1777
f 1285/1689/1785 1293/1690/1793 1294/1691/1794 1286/1692/1786
f 1286/1692/1786 1294/1691/1794 1295/1693/1795 1287/1694/1787
f 1287/1694/1787 1295/1693/1795 1296/1695/1796 1288/1696/1788
f 1288/1696/1788 1296/1695/1796 1297/1697/1797 1289/1698/1789
f 1289/1698/1789 1297/1697/1797 1298/1699/1798 1290/1700/1790
f 1290/1700/1790 1298/1699/1798 1299/1701/1799 1291/1702/1791
f 1291/1702/1791 1299/1701/1799 1300/1703/1800 1292/1704/1792
f 1292/1704/1792 1300/1703/1800 1293/1690/1793 1285/1689/1785
f 1293/1690/1793 1301/1705/1801 1294/1691/1794
f 1294/1691/1794 1301/1705/1801 1295/1693/1795
f 1295/1693/1795 1301/1705/1801 1296/1695/1796
f 1296/1695/1796 1301/1705/1801 1297/1697/1797
f 1297/1697/1797 1301/1705/1801 1298/1699/1798
f 1298/1699/1798 1301/1705/1801 1299/1701/1799
f 1299/1701/1799 1301/1705/1801 1300/1703/1800
f 1300/1703/1800 1301/1705/1801 1293/1690/1793
s 213
f 1302/1706/1802 1310/1707/1803 1311/1708/1804 1303/1709/1805
f 1303/1710/1805 1311/1711/1804 1312/1712/1806 1304/1713/1807
f 1304/1713/1807 1312/1712/1806 1313/1714/1808 1305/1715/1809
f 1305/1715/1809 1313/1714/1808 1314/1716/1810 1306/1717/1811
f 1306/1717/1811 1314/1716/1810 1315/1718/1812 1307/1719/1813
f 1307/1719/1813 1315/1718/1812 1316/1720/1814 1308/1721/1815
f 1308/1721/1815 1316/1720/1814 1317/1722/1816 1309/1723/1817
f 1309/1723/1817 1317/1722/1816 1310/1707/1803 1302/1706/1802
f 1310/1707/1803 1318/1724/1818 1319/1725/1819 1311/1708/1804
f 1311/1711/1804 1319/1726/1819 1320/1727/1820 1312/1712/1806
f 1312/1712/1806 1320/1727/1820 1321/1728/1821 1313/1714/1808
f 1313/1714/1808 1321/1728/1821 1322/1729/1822 1314/1716/1810
f 1314/1716/1810 1322/1729/1822 1323/1730/1823 1315/1718/1812
f 1315/1718/1812 1323/1730/1823 1324/1731/1824 1316/1720/1814
f 1316/1720/1814 1324/1731/1824 1325/1732/1825 1317/1722/1816
f 1317/1722/1816 1325/1732/1825 1318/1724/1818 1310/1707/1803
f 1318/1724/1818 1326/1733/1826 1327/1734/1827 1319/1725/1819
f 1319/1726/1819 1327/1735/1827 1328/1736/1828 1320/1727/1820
f 1320/1727/1820 1328/1736/1828 1329/1737/1829 1321/1728/1821
f 1321/1728/1821 1329/1737/1829 1330/1738/1830 1322/1729/1822
f 1322/1729/1822 1330/1738/1830 1331/1739/1831 1323/1730/1823
f 1323/1730/1823 1331/1739/1831 1332/1740/1832 1324/1731/1824
f 1324/1731/1824 1332/1740/1832 1333/1741/1833 1325/1732/1825
f 1325/1732/1825 1333/1741/1833 1326/1733/1826 1318/1724/1818
f 1326/1733/1826 1334/1742/1834 1335/1743/1835 1327/1734/1827
f 1327/1735/1827 1335/1744/1835 1336/1745/1836 1328/1736/1828
f 1328/1736/1828 1336/1745/1836 1337/1746/1837 1329/1737/1829
f 1329/1737/1829 1337/1746/1837 1338/1747/1838 1330/1738/1830
f 1330/1738/1830 1338/1747/1838 1339/1748/1839 1331/1739/1831
f 1331/1739/1831 1339/1748/1839 1340/1749/1840 1332/1740/1832
f 1332/1740/1832 1340/1749/1840 1341/1750/1841 1333/1741/1833
f 1333/1741/1833 1341/1750/1841 1334/1742/1834 1326/1733/1826
f 1334/1742/1834 1342/1751/1842 1343/1752/1843 1335/1743/1835
f 1335/1744/1835 1343/1753/1843 1344/1754/1844 1336/1745/1836
f 1336/1745/1836 1344/1754/1844 1345/1755/1845 1337/1746/1837
f 1337/1746/1837 1345/1755/1845 1346/1756/1846 1338/1747/1838
f 1338/1747/1838 1346/1756/1846 1347/1757/1847 1339/1748/1839
f 1339/1748/1839 1347/1757/1847 1348/1758/1848 1340/1749/1840
f 1340/1749/1840 1348/1758/1848 1349/1759/1849 1341/1750/1841
f 1341/1750/1841 1349/1759/1849 1342/1751/1842 1334/1742/1834
f 1342/1751/1842 1350/1760/1850 1351/1761/1851 1343/1752/1843
f 1343/1753/1843 1351/1762/1851 1352/1763/1852 1344/1754/1844
f 1344/1754/1844 1352/1763/1852 1353/1764/1853 1345/1755/1845
f 1345/1755/1845 1353/1764/1853 1354/1765/1854 1346/1756/1846
f 1346/1756/1846 1354/1765/1854 1355/1766/1855 1347/1757/1847
f 1347/1757/1847 1355/1766/1855 1356/1767/1856 1348/1758/1848
f 1348/1758/1848 1356/1767/1856 1357/1768/1857 1349/1759/1849
f 1349/1759/1849 1357/1768/1857 1350/1760/1850 1342/1751/1842
f 1350/1760/1850 1358/1769/1858 1359/1770/1859 1351/1761/1851
f 1351/1762/1851 1359/1771/1859 1360/1772/1860 1352/1763/1852
f 1352/1763/1852 1360/1772/1860 1361/1773/1861 1353/1764/1853
f 1353/1764/1853 1361/1773/1861 1362/1774/1862 1354/1765/1854
f 1354/1765/1854 1362/1774/1862 1363/1775/1863 1355/1766/1855
f 1355/1766/1855 1363/1775/1863 1364/1776/1864 1356/1767/1856
f 1356/1767/1856 1364/1776/1864 1365/1777/1865 1357/1768/1857
f 1357/1768/1857 1365/1777/1865 1358/1769/1858 1350/1760/1850
f 1358/1778/1858 1366/1779/1866 1367/1780/1867 1359/1781/1859
f 1359/1781/1859 1367/1780/1867 1368/1782/1868 1360/1783/1860
f 1360/1783/1860 1368/1782/1868 1369/1784/1869 1361/1785/1861
f 1361/1785/1861 1369/1784/1869 1370/1786/1870 1362/1787/1862
f 1362/1787/1862 1370/1786/1870 1371/1788/1871 1363/1789/1863
f 1363/1789/1863 1371/1788/1871 1372/1790/1872 1364/1791/1864
f 1364/1791/1864 1372/1790/1872 1373/1792/1873 1365/1793/1865
f 1365/1793/1865 1373/1792/1873 1366/1779/1866 1358/1778/1858
f 1366/1779/1866 1374/1794/1874 1367/1780/1867
f 1367/1780/1867 1374/1794/1874 1368/1782/1868
f 1368/1782/1868 1374/1794/1874 1369/1784/1869
f 1369/1784/1869 1374/1794/1874 1370/1786/1870
f 1370/1786/1870 1374/1794/1874 1371/1788/1871
f 1371/1788/1871 1374/1794/1874 1372/1790/1872
f 1372/1790/1872 1374/1794/1874 1373/1792/1873
f 1373/1792/1873 1374/1794/1874 1366/1779/1866
s 214
f 1375/1795/1875 1/1796/1876 2/1797/1877 1376/1798/1878
s 215
f 1376/1798/1879 2/1797/1880 3/1799/1881 1377/1800/1882
s 216
f 1377/1800/1883 3/1799/1884 4/1801/1885 1378/1802/1886
s 217
f 1378/1803/1887 4/1804/1888 1/1796/1889 1375/1795/1890
f 1375/1795/1890 1380/1805/1891 1381/1806/1892 1378/1807/1887
s 214
f 1376/1798/1878 1379/1808/1893 1380/1805/1894 1375/1795/1875
s 215
f 1377/1800/1882 1382/1809/1895 1379/1808/1896 1376/1798/1879
s 216
f 1378/1810/1886 1381/1811/1897 1382/1809/1898 1377/1800/1883
s 218
f 1385/1812/1899 1383/1813/1900 1392/1814/1901 1391/1815/1902
f 1383/1813/1900 1385/1812/1899 1386/1816/1903 1384/1817/1904
s 219
f 1387/1818/1905 1385/1812/1906 1391/1815/1907 1394/1819/1908
f 1385/1812/1906 1387/1818/1905 1388/1820/1909 1386/1816/1910
s 220
f 1389/1821/1911 1387/1818/1912 1394/1819/1913 1393/1822/1914
f 1387/1818/1912 1389/1823/1911 1390/1824/1915 1388/1820/1916
s 221
f 1383/1813/1917 1389/1825/1918 1393/1826/1919 1392/1814/1920
f 1389/1827/1918 1383/1813/1917 1384/1817/1921 1390/1828/1922
s 222
f 1407/1829/1923 1408/1830/1924 1396/1831/1925 1395/1832/1926
f 1399/1833/1927 1408/1830/1924 1407/1829/1923 1398/1834/1928
f 1397/1835/1929 1396/1831/1925 1408/1830/1924 1409/1836/1930
f 1399/1833/1927 1400/1837/1931 1409/1836/1930 1408/1830/1924
f 1410/1838/1932 1411/1839/1933 1399/1833/1927 1398/1834/1928
f 1402/1840/1934 1411/1839/1933 1410/1838/1932 1401/1841/1935
f 1399/1833/1927 1411/1839/1933 1412/1842/1936 1400/1837/1931
f 1402/1840/1934 1403/1843/1937 1412/1842/1936 1411/1839/1933
f 1413/1844/1938 1414/1845/1939 1402/1840/1934 1401/1841/1935
f 1405/1846/1940 1414/1845/1939 1413/1844/1938 1404/1847/1941
f 1402/1840/1934 1414/1845/1939 1415/1848/1942 1403/1843/1937
f 1405/1846/1940 1406/1849/1943 1415/1848/1942 1414/1845/1939
f 1416/1850/1944 1417/1851/1945 1405/1846/1940 1404/1847/1941
f 1395/1852/1926 1396/1853/1925 1417/1851/1945 1416/1850/1944
f 1405/1846/1940 1417/1851/1945 1418/1854/1946 1406/1849/1943
f 1397/1855/1929 1418/1854/1946 1417/1851/1945 1396/1853/1925
s 223
f 1427/1856/1947 1419/1857/1948 1420/1858/1949 1428/1859/1950
f 1421/1860/1951 1427/1856/1947 1428/1859/1950 1422/1861/1952
f 5/1862/1953 9/1863/1954 1428/1859/1950 1420/1858/1949
f 1422/1861/1952 1428/1859/1950 9/1863/1954 6/1864/1955
f 1429/1865/1956 1421/1860/1951 1422/1861/1952 1430/1866/1957
f 1423/1867/1958 1429/1865/1956 1430/1866/1957 1424/1868/1959
f 1422/1861/1952 6/1864/1955 10/1869/1960 1430/1866/1957
f 1424/1868/1959 1430/1866/1957 10/1869/1960 7/1870/1961
f 1431/1871/1962 1423/1867/1958 1424/1868/1959 1432/1872/1963
f 1425/1873/1964 1431/1871/1962 1432/1872/1963 1426/1874/1965
f 1424/1868/1959 7/1870/1961 11/1875/1966 1432/1872/1963
f 1426/1874/1965 1432/1872/1963 11/1875/1966 8/1876/1967
f 1433/1877/1968 1425/1873/1964 1426/1874/1965 1434/1878/1969
f 1420/1879/1949 1419/1880/1948 1433/1877/1968 1434/1878/1969
f 1426/1874/1965 8/1876/1967 12/1881/1970 1434/1878/1969
f 5/1882/1953 1420/1879/1949 1434/1878/1969 12/1881/1970
s 224
f 1435/1883/1971 1443/1884/1972 1444/1885/1973 1436/1886/1974
f 1436/1886/1974 1444/1885/1973 1445/1887/1975 1437/1888/1976
f 1437/1888/1976 1445/1887/1975 1446/1889/1977 1438/1890/1978
f 1438/1890/1978 1446/1889/1977 1447/1891/1979 1439/1892/1980
f 1439/1892/1980 1447/1891/1979 1448/1893/1981 1440/1894/1982
f 1440/1894/1982 1448/1893/1981 1449/1895/1983 1441/1896/1984
f 1441/1896/1984 1449/1895/1983 1450/1897/1985 1442/1898/1986
f 1442/1898/1986 1450/1897/1985 1443/1899/1972 1435/1900/1971
s 225
f 1451/1901/1987 1452/1902/1988 1460/1903/1989 1459/1904/1990
f 1452/1905/1988 1453/1906/1991 1461/1907/1992 1460/1908/1989
f 1453/1906/1991 1454/1909/1993 1462/1910/1994 1461/1907/1992
f 1454/1909/1993 1455/1911/1995 1463/1912/1996 1462/1910/1994
f 1455/1911/1995 1456/1913/1997 1464/1914/1998 1463/1912/1996
f 1456/1913/1997 1457/1915/1999 1465/1916/2000 1464/1914/1998
f 1457/1915/1999 1458/1917/2001 1466/1918/2002 1465/1916/2000
f 1458/1917/2001 1451/1901/1987 1459/1904/1990 1466/1918/2002
f 1459/1904/1990 1460/1903/1989 1468/1919/2003 1467/1920/2004
f 1460/1908/1989 1461/1907/1992 1469/1921/2005 1468/1922/2003
f 1461/1907/1992 1462/1910/1994 1470/1923/2006 1469/1921/2005
f 1462/1910/1994 1463/1912/1996 1471/1924/2007 1470/1923/2006
f 1463/1912/1996 1464/1914/1998 1472/1925/2008 1471/1924/2007
f 1464/1914/1998 1465/1916/2000 1473/1926/2009 1472/1925/2008
f 1465/1916/2000 1466/1918/2002 1474/1927/2010 1473/1926/2009
f 1466/1918/2002 1459/1904/1990 1467/1920/2004 1474/1927/2010
f 1467/1920/2004 1468/1919/2003 1476/1928/2011 1475/1929/2012
f 1468/1922/2003 1469/1921/2005 1477/1930/2013 1476/1931/2011
f 1469/1921/2005 1470/1923/2006 1478/1932/2014 1477/1930/2013
f 1470/1923/2006 1471/1924/2007 1479/1933/2015 1478/1932/2014
f 1471/1924/2007 1472/1925/2008 1480/1934/2016 1479/1933/2015
f 1472/1925/2008 1473/1926/2009 1481/1935/2017 1480/1934/2016
f 1473/1926/2009 1474/1927/2010 1482/1936/2018 1481/1935/2017
f 1474/1927/2010 1467/1920/2004 1475/1929/2012 1482/1936/2018
f 1475/1929/2012 1476/1928/2011 1484/1937/2019 1483/1938/2020
f 1476/1931/2011 1477/1930/2013 1485/1939/2021 1484/1940/2019
f 1477/1930/2013 1478/1932/2014 1486/1941/2022 1485/1939/2021
f 1478/1932/2014 1479/1933/2015 1487/1942/2023 1486/1941/2022
f 1479/1933/2015 1480/1934/2016 1488/1943/2024 1487/1942/2023
f 1480/1934/2016 1481/1935/2017 1489/1944/2025 1488/1943/2024
f 1481/1935/2017 1482/1936/2018 1490/1945/2026 1489/1944/2025
f 1482/1936/2018 1475/1929/2012 1483/1938/2020 1490/1945/2026
f 1483/1938/2020 1484/1937/2019 1492/1946/2027 1491/1947/2028
f 1484/1940/2019 1485/1939/2021 1493/1948/2029 1492/1949/2027
f 1485/1939/2021 1486/1941/2022 1494/1950/2030 1493/1948/2029
f 1486/1941/2022 1487/1942/2023 1495/1951/2031 1494/1950/2030
f 1487/1942/2023 1488/1943/2024 1496/1952/2032 1495/1951/2031
f 1488/1943/2024 1489/1944/2025 1497/1953/2033 1496/1952/2032
f 1489/1944/2025 1490/1945/2026 1498/1954/2034 1497/1953/2033
f 1490/1945/2026 1483/1938/2020 1491/1947/2028 1498/1954/2034
f 1491/1947/2028 1492/1946/2027 1500/1955/2035 1499/1956/2036
f 1492/1949/2027 1493/1948/2029 1501/1957/2037 1500/1958/2035
f 1493/1948/2029 1494/1950/2030 1502/1959/2038 1501/1957/2037
f 1494/1950/2030 1495/1951/2031 1503/1960/2039 1502/1959/2038
f 1495/1951/2031 1496/1952/2032 1504/1961/2040 1503/1960/2039
f 1496/1952/2032 1497/1953/2033 1505/1962/2041 1504/1961/2040
f 1497/1953/2033 1498/1954/2034 1506/1963/2042 1505/1962/2041
f 1498/1954/2034 1491/1947/2028 1499/1956/2036 1506/1963/2042
f 1499/1956/2036 1500/1955/2035 1508/1964/2043 1507/1965/2044
f 1500/1958/2035 1501/1957/2037 1509/1966/2045 1508/1967/2043
f 1501/1957/2037 1502/1959/2038 1510/1968/2046 1509/1966/2045
f 1502/1959/2038 1503/1960/2039 1511/1969/2047 1510/1968/2046
f 1503/1960/2039 1504/1961/2040 1512/1970/2048 1511/1969/2047
f 1504/1961/2040 1505/1962/2041 1513/1971/2049 1512/1970/2048
f 1505/1962/2041 1506/1963/2042 1514/1972/2050 1513/1971/2049
f 1506/1963/2042 1499/1956/2036 1507/1965/2044 1514/1972/2050
f 1507/1973/2044 1508/1974/2043 1516/1975/2051 1515/1976/2052
f 1508/1974/2043 1509/1977/2045 1517/1978/2053 1516/1975/2051
f 1509/1977/2045 1510/1979/2046 1518/1980/2054 1517/1978/2053
f 1510/1979/2046 1511/1981/2047 1519/1982/2055 1518/1980/2054
f 1511/1981/2047 1512/1983/2048 1520/1984/2056 1519/1982/2055
f 1512/1983/2048 1513/1985/2049 1521/1986/2057 1520/1984/2056
f 1513/1985/2049 1514/1987/2050 1522/1988/2058 1521/1986/2057
f 1514/1987/2050 1507/1973/2044 1515/1976/2052 1522/1988/2058
f 1515/1976/2052 1516/1975/2051 1523/1989/2059
f 1516/1975/2051 1517/1978/2053 1523/1989/2059
f 1517/1978/2053 1518/1980/2054 1523/1989/2059
f 1518/1980/2054 1519/1982/2055 1523/1989/2059
f 1519/1982/2055 1520/1984/2056 1523/1989/2059
f 1520/1984/2056 1521/1986/2057 1523/1989/2059
f 1521/1986/2057 1522/1988/2058 1523/1989/2059
f 1522/1988/2058 1515/1976/2052 1523/1989/2059
s off
f 1525/1990/2060 1524/1991/2061 14/1992/2062 15/1993/2063
f 1526/1994/2064 1525/1990/2065 15/1993/2066 16/1995/2067
f 1527/1996/2068 1526/1994/2069 16/1995/2070 13/1997/2071
f 14/1992/2072 1524/1991/2073 1527/1998/2074 13/1999/2075
s 230
f 1528/2000/2076 1529/2001/2077 1560/2002/2078 1561/2003/2079
f 1529/2001/2077 17/2004/2080 22/2005/2081 1560/2002/2078
s 231
f 1530/2006/2082 1531/2007/2083 1533/2008/2084 1532/2009/2085
f 1531/2007/2083 18/2010/2086 19/2011/2087 1533/2008/2084
s 232
f 1558/2012/2088 1559/2013/2089 1535/2014/2090 1534/2015/2091
f 1559/2016/2089 21/2017/2092 20/2018/2093 1535/2019/2090
s 233
f 1534/2020/2094 1535/2021/2095 1529/2001/2096 1528/2000/2097
f 1535/2022/2095 20/2023/2098 17/2004/2099 1529/2001/2096
f 1528/2000/2097 1537/2024/2100 1536/2025/2101 1534/2026/2094
s 230
f 1561/2003/2079 1562/2027/2102 1537/2024/2103 1528/2000/2076
s 231
f 1532/2009/2085 1539/2028/2104 1538/2029/2105 1530/2006/2082
s 232
f 1534/2030/2091 1536/2031/2106 1557/2032/2107 1558/2033/2088
s 234
f 1540/2034/2108 1563/2035/2109 1552/2036/2110 1541/2037/2111
f 1541/2037/2111 1552/2036/2110 1553/2038/2112 1542/2039/2113
s 235
f 1543/2040/2114 1546/2041/2115 1547/2042/2116 1544/2043/2117
f 1544/2043/2117 1547/2042/2116 1548/2044/2118 1545/2045/2119
s 236
f 1556/2046/2120 1549/2047/2121 1550/2048/2122 1555/2049/2123
f 1555/2050/2123 1550/2051/2122 1551/2052/2124 1554/2053/2125
s 237
f 1549/2054/2126 1540/2034/2127 1541/2037/2128 1550/2055/2129
f 1550/2056/2129 1541/2037/2128 1542/2039/2130 1551/2057/2131
f 1540/2034/2127 1549/2058/2126 1536/2059/2132 1537/2060/2133
s 234
f 1563/2035/2109 1540/2034/2108 1537/2060/2134 1562/2061/2135
s 235
f 1546/2041/2115 1543/2040/2114 1538/2062/2136 1539/2063/2137
s 236
f 1549/2064/2121 1556/2065/2120 1557/2066/2138 1536/2067/2139
s 234
f 1552/2036/2110 1544/2043/2140 1545/2045/2141 1553/2038/2112
s 236
f 1547/2042/2142 1555/2050/2123 1554/2053/2125 1548/2044/2143
f 1546/2041/2144 1556/2046/2120 1555/2049/2123 1547/2042/2142
f 1557/2066/2138 1556/2065/2120 1546/2041/2144 1539/2063/2145
s 232
f 1558/2033/2088 1557/2032/2107 1539/2028/2146 1532/2009/2147
f 1532/2009/2147 1533/2008/2148 1559/2013/2089 1558/2012/2088
f 1533/2008/2148 19/2011/2149 21/2017/2092 1559/2016/2089
s 230
f 1560/2002/2078 22/2005/2081 18/2010/2150 1531/2007/2151
f 1561/2003/2079 1560/2002/2078 1531/2007/2151 1530/2006/2152
f 1530/2006/2152 1538/2029/2153 1562/2027/2102 1561/2003/2079
s 234
f 1543/2040/2154 1563/2035/2109 1562/2061/2135 1538/2062/2155
f 1552/2036/2110 1563/2035/2109 1543/2040/2154 1544/2043/2140
s off
f 1564/2068/2156 1565/2069/2157 1567/2070/2158 1566/2071/2159
f 1568/2072/2160 1569/2073/2161 1571/2074/2162 1570/2075/2163
f 1565/2069/2164 1571/2076/2165 1569/2077/2166 1567/2070/2167
f 1570/2075/2168 1564/2068/2169 1566/2071/2170 1568/2072/2171
f 1572/2078/2172 1574/2079/2173 1575/2080/2174 1573/2081/2175
f 1576/2082/2176 1578/2083/2177 1579/2084/2178 1577/2085/2179
f 1573/2081/2180 1575/2080/2181 1577/2086/2182 1579/2087/2183
f 1578/2083/2184 1576/2082/2185 1574/2079/2186 1572/2078/2187
f 1584/2088/2188 1585/2089/2189 1587/2090/2190 1586/2091/2191
f 1581/2092/2192 1587/2093/2193 1585/2094/2194 1583/2095/2195
f 1586/2091/2196 1580/2096/2197 1582/2097/2198 1584/2088/2199
f 1580/2096/2200 1581/2098/2201 1583/2099/2202 1582/2097/2203
s 250
f 1588/2100/2204 1589/2101/2205 1597/2102/2206 1596/2103/2207
f 1589/2101/2205 1590/2104/2208 1598/2105/2209 1597/2102/2206
f 1590/2104/2208 1591/2106/2210 1599/2107/2211 1598/2105/2209
f 1591/2106/2210 1592/2108/2212 1600/2109/2213 1599/2107/2211
f 1592/2108/2212 1593/2110/2214 1601/2111/2215 1600/2109/2213
f 1593/2110/2214 1594/2112/2216 1602/2113/2217 1601/2111/2215
f 1594/2112/2216 1595/2114/2218 1603/2115/2219 1602/2113/2217
f 1595/2114/2218 1588/2116/2204 1596/2117/2207 1603/2115/2219
s 251
f 1604/2118/2220 1605/2119/2221 1607/2120/2222 1606/2121/2223
f 1605/2119/2221 1384/2122/2224 1386/2123/2225 1607/2120/2222
s 252
f 1606/2121/2226 1607/2120/2227 1609/2124/2228 1608/2125/2229
f 1607/2120/2227 1386/2123/2230 1388/2126/2231 1609/2124/2228
s 253
f 1608/2125/2232 1609/2124/2233 1611/2127/2234 1610/2128/2235
f 1609/2124/2233 1388/2126/2236 1390/2129/2237 1611/2130/2234
s 254
f 1610/2131/2238 1611/2132/2239 1605/2119/2240 1604/2118/2241
f 1611/2133/2239 1390/2134/2242 1384/2122/2243 1605/2119/2240
f 1604/2118/2241 1613/2135/2244 1614/2136/2245 1610/2137/2238
s 251
f 1606/2121/2223 1612/2138/2246 1613/2135/2247 1604/2118/2220
s 252
f 1608/2125/2229 1615/2139/2248 1612/2138/2249 1606/2121/2226
s 253
f 1610/2140/2235 1614/2141/2250 1615/2139/2251 1608/2125/2232
s 255
f 1617/2142/2252 1629/2143/2253 1628/2144/2254 1616/2145/2255
f 1619/2146/2256 1628/2144/2254 1629/2143/2253 1620/2147/2257
f 1618/2148/2258 1630/2149/2259 1629/2143/2253 1617/2142/2252
f 1620/2147/2257 1629/2143/2253 1630/2149/2259 1621/2150/2260
f 1397/2151/2261 1409/2152/2262 1630/2149/2259 1618/2148/2258
f 1621/2150/2260 1630/2149/2259 1409/2152/2262 1400/2153/2263
f 1619/2146/2256 1620/2147/2257 1632/2154/2264 1631/2155/2265
f 1622/2156/2266 1631/2155/2265 1632/2154/2264 1623/2157/2267
f 1620/2147/2257 1621/2150/2260 1633/2158/2268 1632/2154/2264
f 1623/2157/2267 1632/2154/2264 1633/2158/2268 1624/2159/2269
f 1621/2150/2260 1400/2153/2263 1412/2160/2270 1633/2158/2268
f 1624/2159/2269 1633/2158/2268 1412/2160/2270 1403/2161/2271
f 1622/2156/2266 1623/2157/2267 1635/2162/2272 1634/2163/2273
f 1625/2164/2274 1634/2163/2273 1635/2162/2272 1626/2165/2275
f 1623/2157/2267 1624/2159/2269 1636/2166/2276 1635/2162/2272
f 1626/2165/2275 1635/2162/2272 1636/2166/2276 1627/2167/2277
f 1624/2159/2269 1403/2161/2271 1415/2168/2278 1636/2166/2276
f 1627/2167/2277 1636/2166/2276 1415/2168/2278 1406/2169/2279
f 1625/2164/2274 1626/2165/2275 1638/2170/2280 1637/2171/2281
f 1617/2172/2252 1616/2173/2255 1637/2171/2281 1638/2170/2280
f 1626/2165/2275 1627/2167/2277 1639/2174/2282 1638/2170/2280
f 1618/2175/2258 1617/2172/2252 1638/2170/2280 1639/2174/2282
f 1627/2167/2277 1406/2169/2279 1418/2176/2283 1639/2174/2282
f 1397/2177/2261 1618/2175/2258 1639/2174/2282 1418/2176/2283
s off
f 1640/2178/2284 1641/2179/2285 1643/2180/2286 1642/2181/2287
f 1644/2182/2288 1645/2183/2289 1647/2184/2290 1646/2185/2291
f 1641/2179/2292 1647/2186/2293 1645/2187/2294 1643/2180/2295
f 1646/2185/2296 1640/2178/2297 1642/2181/2298 1644/2182/2299
s 260
f 1648/2188/2300 1649/2189/2301 1657/2190/2302 1656/2191/2303
f 1649/2189/2301 1650/2192/2304 1658/2193/2305 1657/2190/2302
f 1650/2192/2304 1651/2194/2306 1659/2195/2307 1658/2193/2305
f 1651/2194/2306 1652/2196/2308 1660/2197/2309 1659/2195/2307
f 1652/2196/2308 1653/2198/2310 1661/2199/2311 1660/2197/2309
f 1653/2198/2310 1654/2200/2312 1662/2201/2313 1661/2199/2311
f 1654/2200/2312 1655/2202/2314 1663/2203/2315 1662/2201/2313
f 1655/2202/2314 1648/2204/2300 1656/2205/2303 1663/2203/2315
s 261
f 1664/2206/2316 1672/2207/2317 1673/2208/2318 1665/2209/2319
f 1665/2210/2319 1673/2211/2318 1674/2212/2320 1666/2213/2321
f 1666/2213/2321 1674/2212/2320 1675/2214/2322 1667/2215/2323
f 1667/2215/2323 1675/2214/2322 1676/2216/2324 1668/2217/2325
f 1668/2217/2325 1676/2216/2324 1677/2218/2326 1669/2219/2327
f 1669/2219/2327 1677/2218/2326 1678/2220/2328 1670/2221/2329
f 1670/2221/2329 1678/2220/2328 1679/2222/2330 1671/2223/2331
f 1671/2223/2331 1679/2222/2330 1672/2207/2317 1664/2206/2316
f 1672/2207/2317 1680/2224/2332 1681/2225/2333 1673/2208/2318
f 1673/2211/2318 1681/2226/2333 1682/2227/2334 1674/2212/2320
f 1674/2212/2320 1682/2227/2334 1683/2228/2335 1675/2214/2322
f 1675/2214/2322 1683/2228/2335 1684/2229/2336 1676/2216/2324
f 1676/2216/2324 1684/2229/2336 1685/2230/2337 1677/2218/2326
f 1677/2218/2326 1685/2230/2337 1686/2231/2338 1678/2220/2328
f 1678/2220/2328 1686/2231/2338 1687/2232/2339 1679/2222/2330
f 1679/2222/2330 1687/2232/2339 1680/2224/2332 1672/2207/2317
f 1680/2224/2332 1688/2233/2340 1689/2234/2341 1681/2225/2333
f 1681/2226/2333 1689/2235/2341 1690/2236/2342 1682/2227/2334
f 1682/2227/2334 1690/2236/2342 1691/2237/2343 1683/2228/2335
f 1683/2228/2335 1691/2237/2343 1692/2238/2344 1684/2229/2336
f 1684/2229/2336 1692/2238/2344 1693/2239/2345 1685/2230/2337
f 1685/2230/2337 1693/2239/2345 1694/2240/2346 1686/2231/2338
f 1686/2231/2338 1694/2240/2346 1695/2241/2347 1687/2232/2339
f 1687/2232/2339 1695/2241/2347 1688/2233/2340 1680/2224/2332
f 1688/2233/2340 1696/2242/2348 1697/2243/2349 1689/2234/2341
f 1689/2235/2341 1697/2244/2349 1698/2245/2350 1690/2236/2342
f 1690/2236/2342 1698/2245/2350 1699/2246/2351 1691/2237/2343
f 1691/2237/2343 1699/2246/2351 1700/2247/2352 1692/2238/2344
f 1692/2238/2344 1700/2247/2352 1701/2248/2353 1693/2239/2345
f 1693/2239/2345 1701/2248/2353 1702/2249/2354 1694/2240/2346
f 1694/2240/2346 1702/2249/2354 1703/2250/2355 1695/2241/2347
f 1695/2241/2347 1703/2250/2355 1696/2242/2348 1688/2233/2340
f 1696/2242/2348 1704/2251/2356 1705/2252/2357 1697/2243/2349
f 1697/2244/2349 1705/2253/2357 1706/2254/2358 1698/2245/2350
f 1698/2245/2350 1706/2254/2358 1707/2255/2359 1699/2246/2351
f 1699/2246/2351 1707/2255/2359 1708/2256/2360 1700/2247/2352
f 1700/2247/2352 1708/2256/2360 1709/2257/2361 1701/2248/2353
f 1701/2248/2353 1709/2257/2361 1710/2258/2362 1702/2249/2354
f 1702/2249/2354 1710/2258/2362 1711/2259/2363 1703/2250/2355
f 1703/2250/2355 1711/2259/2363 1704/2251/2356 1696/2242/2348
f 1704/2251/2356 1712/2260/2364 1713/2261/2365 1705/2252/2357
f 1705/2253/2357 1713/2262/2365 1714/2263/2366 1706/2254/2358
f 1706/2254/2358 1714/2263/2366 1715/2264/2367 1707/2255/2359
f 1707/2255/2359 1715/2264/2367 1716/2265/2368 1708/2256/2360
f 1708/2256/2360 1716/2265/2368 1717/2266/2369 1709/2257/2361
f 1709/2257/2361 1717/2266/2369 1718/2267/2370 1710/2258/2362
f 1710/2258/2362 1718/2267/2370 1719/2268/2371 1711/2259/2363
f 1711/2259/2363 1719/2268/2371 1712/2260/2364 1704/2251/2356
f 1712/2260/2364 1720/2269/2372 1721/2270/2373 1713/2261/2365
f 1713/2262/2365 1721/2271/2373 1722/2272/2374 1714/2263/2366
f 1714/2263/2366 1722/2272/2374 1723/2273/2375 1715/2264/2367
f 1715/2264/2367 1723/2273/2375 1724/2274/2376 1716/2265/2368
f 1716/2265/2368 1724/2274/2376 1725/2275/2377 1717/2266/2369
f 1717/2266/2369 1725/2275/2377 1726/2276/2378 1718/2267/2370
f 1718/2267/2370 1726/2276/2378 1727/2277/2379 1719/2268/2371
f 1719/2268/2371 1727/2277/2379 1720/2269/2372 1712/2260/2364
f 1720/2278/2372 1728/2279/2380 1729/2280/2381 1721/2281/2373
f 1721/2281/2373 1729/2280/2381 1730/2282/2382 1722/2283/2374
f 1722/2283/2374 1730/2282/2382 1731/2284/2383 1723/2285/2375
f 1723/2285/2375 1731/2284/2383 1732/2286/2384 1724/2287/2376
f 1724/2287/2376 1732/2286/2384 1733/2288/2385 1725/2289/2377
f 1725/2289/2377 1733/2288/2385 1734/2290/2386 1726/2291/2378
f 1726/2291/2378 1734/2290/2386 1735/2292/2387 1727/2293/2379
f 1727/2293/2379 1735/2292/2387 1728/2279/2380 1720/2278/2372
f 1728/2279/2380 1736/2294/2388 1729/2280/2381
f 1729/2280/2381 1736/2294/2388 1730/2282/2382
f 1730/2282/2382 1736/2294/2388 1731/2284/2383
f 1731/2284/2383 1736/2294/2388 1732/2286/2384
f 1732/2286/2384 1736/2294/2388 1733/2288/2385
f 1733/2288/2385 1736/2294/2388 1734/2290/2386
f 1734/2290/2386 1736/2294/2388 1735/2292/2387
f 1735/2292/2387 1736/2294/2388 1728/2279/2380
s 262
f 1737/2295/2389 1745/2296/2390 1746/2297/2391 1738/2298/2392
f 1738/2299/2392 1746/2300/2391 1747/2301/2393 1739/2302/2394
f 1739/2302/2394 1747/2301/2393 1748/2303/2395 1740/2304/2396
f 1740/2304/2396 1748/2303/2395 1749/2305/2397 1741/2306/2398
f 1741/2306/2398 1749/2305/2397 1750/2307/2399 1742/2308/2400
f 1742/2308/2400 1750/2307/2399 1751/2309/2401 1743/2310/2402
f 1743/2310/2402 1751/2309/2401 1752/2311/2403 1744/2312/2404
f 1744/2312/2404 1752/2311/2403 1745/2296/2390 1737/2295/2389
f 1745/2296/2390 1753/2313/2405 1754/2314/2406 1746/2297/2391
f 1746/2300/2391 1754/2315/2406 1755/2316/2407 1747/2301/2393
f 1747/2301/2393 1755/2316/2407 1756/2317/2408 1748/2303/2395
f 1748/2303/2395 1756/2317/2408 1757/2318/2409 1749/2305/2397
f 1749/2305/2397 1757/2318/2409 1758/2319/2410 1750/2307/2399
f 1750/2307/2399 1758/2319/2410 1759/2320/2411 1751/2309/2401
f 1751/2309/2401 1759/2320/2411 1760/2321/2412 1752/2311/2403
f 1752/2311/2403 1760/2321/2412 1753/2313/2405 1745/2296/2390
f 1753/2313/2405 1761/2322/2413 1762/2323/2414 1754/2314/2406
f 1754/2315/2406 1762/2324/2414 1763/2325/2415 1755/2316/2407
f 1755/2316/2407 1763/2325/2415 1764/2326/2416 1756/2317/2408
f 1756/2317/2408 1764/2326/2416 1765/2327/2417 1757/2318/2409
f 1757/2318/2409 1765/2327/2417 1766/2328/2418 1758/2319/2410
f 1758/2319/2410 1766/2328/2418 1767/2329/2419 1759/2320/2411
f 1759/2320/2411 1767/2329/2419 1768/2330/2420 1760/2321/2412
f 1760/2321/2412 1768/2330/2420 1761/2322/2413 1753/2313/2405
f 1761/2322/2413 1769/2331/2421 1770/2332/2422 1762/2323/2414
f 1762/2324/2414 1770/2333/2422 1771/2334/2423 1763/2325/2415
f 1763/2325/2415 1771/2334/2423 1772/2335/2424 1764/2326/2416
f 1764/2326/2416 1772/2335/2424 1773/2336/2425 1765/2327/2417
f 1765/2327/2417 1773/2336/2425 1774/2337/2426 1766/2328/2418
f 1766/2328/2418 1774/2337/2426 1775/2338/2427 1767/2329/2419
f 1767/2329/2419 1775/2338/2427 1776/2339/2428 1768/2330/2420
f 1768/2330/2420 1776/2339/2428 1769/2331/2421 1761/2322/2413
f 1769/2331/2421 1777/2340/2429 1778/2341/2430 1770/2332/2422
f 1770/2333/2422 1778/2342/2430 1779/2343/2431 1771/2334/2423
f 1771/2334/2423 1779/2343/2431 1780/2344/2432 1772/2335/2424
f 1772/2335/2424 1780/2344/2432 1781/2345/2433 1773/2336/2425
f 1773/2336/2425 1781/2345/2433 1782/2346/2434 1774/2337/2426
f 1774/2337/2426 1782/2346/2434 1783/2347/2435 1775/2338/2427
f 1775/2338/2427 1783/2347/2435 1784/2348/2436 1776/2339/2428
f 1776/2339/2428 1784/2348/2436 1777/2340/2429 1769/2331/2421
f 1777/2340/2429 1785/2349/2437 1786/2350/2438 1778/2341/2430
f 1778/2342/2430 1786/2351/2438 1787/2352/2439 1779/2343/2431
f 1779/2343/2431 1787/2352/2439 1788/2353/2440 1780/2344/2432
f 1780/2344/2432 1788/2353/2440 1789/2354/2441 1781/2345/2433
f 1781/2345/2433 1789/2354/2441 1790/2355/2442 1782/2346/2434
f 1782/2346/2434 1790/2355/2442 1791/2356/2443 1783/2347/2435
f 1783/2347/2435 1791/2356/2443 1792/2357/2444 1784/2348/2436
f 1784/2348/2436 1792/2357/2444 1785/2349/2437 1777/2340/2429
f 1785/2349/2437 1793/2358/2445 1794/2359/2446 1786/2350/2438
f 1786/2351/2438 1794/2360/2446 1795/2361/2447 1787/2352/2439
f 1787/2352/2439 1795/2361/2447 1796/2362/2448 1788/2353/2440
f 1788/2353/2440 1796/2362/2448 1797/2363/2449 1789/2354/2441
f 1789/2354/2441 1797/2363/2449 1798/2364/2450 1790/2355/2442
f 1790/2355/2442 1798/2364/2450 1799/2365/2451 1791/2356/2443
f 1791/2356/2443 1799/2365/2451 1800/2366/2452 1792/2357/2444
f 1792/2357/2444 1800/2366/2452 1793/2358/2445 1785/2349/2437
f 1793/2367/2445 1801/2368/2453 1802/2369/2454 1794/2370/2446
f 1794/2370/2446 1802/2369/2454 1803/2371/2455 1795/2372/2447
f 1795/2372/2447 1803/2371/2455 1804/2373/2456 1796/2374/2448
f 1796/2374/2448 1804/2373/2456 1805/2375/2457 1797/2376/2449
f 1797/2376/2449 1805/2375/2457 1806/2377/2458 1798/2378/2450
f 1798/2378/2450 1806/2377/2458 1807/2379/2459 1799/2380/2451
f 1799/2380/2451 1807/2379/2459 1808/2381/2460 1800/2382/2452
f 1800/2382/2452 1808/2381/2460 1801/2368/2453 1793/2367/2445
f 1801/2368/2453 1809/2383/2461 1802/2369/2454
f 1802/2369/2454 1809/2383/2461 1803/2371/2455
f 1803/2371/2455 1809/2383/2461 1804/2373/2456
f 1804/2373/2456 1809/2383/2461 1805/2375/2457
f 1805/2375/2457 1809/2383/2461 1806/2377/2458
f 1806/2377/2458 1809/2383/2461 1807/2379/2459
f 1807/2379/2459 1809/2383/2461 1808/2381/2460
f 1808/2381/2460 1809/2383/2461 1801/2368/2453
s 263
f 1810/2384/2462 1811/2385/2463 1813/2386/2464 1812/2387/2465
f 1811/2385/2463 1524/2388/2466 1525/2389/2467 1813/2386/2464
s 264
f 1812/2387/2468 1813/2386/2469 1815/2390/2470 1814/2391/2471
f 1813/2386/2469 1525/2389/2472 1526/2392/2473 1815/2390/2470
s 265
f 1814/2391/2474 1815/2390/2475 1817/2393/2476 1816/2394/2477
f 1815/2390/2475 1526/2392/2478 1527/2395/2479 1817/2396/2476
s 266
f 1816/2397/2480 1817/2398/2481 1811/2385/2482 1810/2384/2483
f 1817/2399/2481 1527/2400/2484 1524/2388/2485 1811/2385/2482
s off
f 1818/2401/2486 1819/2402/2487 1820/2403/2488 1821/2404/2489
s 266
f 1810/2384/2483 1819/2405/2490 1818/2406/2491 1816/2407/2480
s 263
f 1812/2387/2465 1820/2408/2492 1819/2405/2493 1810/2384/2462
s 264
f 1814/2391/2471 1821/2409/2494 1820/2408/2495 1812/2387/2468
s 265
f 1816/2410/2477 1818/2411/2496 1821/2409/2497 1814/2391/2474
s 268
f 1822/2412/2498 1823/2413/2499 1838/2414/2500 1839/2415/2501
f 1823/2413/2499 1542/2416/2502 1553/2417/2503 1838/2414/2500
s 269
f 1824/2418/2504 1825/2419/2505 1827/2420/2506 1826/2421/2507
f 1825/2419/2505 1545/2422/2508 1548/2423/2509 1827/2420/2506
s 270
f 1836/2424/2510 1837/2425/2511 1829/2426/2512 1828/2427/2513
f 1837/2428/2511 1554/2429/2514 1551/2430/2515 1829/2431/2512
s 271
f 1828/2432/2516 1829/2433/2517 1823/2413/2518 1822/2412/2519
f 1829/2434/2517 1551/2435/2520 1542/2416/2521 1823/2413/2518
s 272
f 1830/2436/2522 1831/2437/2523 1834/2438/2524 1835/2439/2525
s 271
f 1822/2412/2519 1831/2440/2526 1830/2441/2527 1828/2442/2516
s 268
f 1839/2415/2501 1834/2443/2528 1831/2440/2529 1822/2412/2498
s 269
f 1826/2421/2507 1833/2444/2530 1832/2445/2531 1824/2418/2504
s 270
f 1828/2446/2513 1830/2447/2532 1835/2448/2533 1836/2449/2510
s 272
f 1835/2439/2525 1834/2438/2524 1832/2450/2534 1833/2451/2535
s 270
f 1836/2449/2510 1835/2448/2533 1833/2444/2536 1826/2421/2537
f 1826/2421/2537 1827/2420/2538 1837/2425/2511 1836/2424/2510
f 1827/2420/2538 1548/2423/2539 1554/2429/2514 1837/2428/2511
s 268
f 1838/2414/2500 1553/2417/2503 1545/2422/2540 1825/2419/2541
f 1839/2415/2501 1838/2414/2500 1825/2419/2541 1824/2418/2542
f 1824/2418/2542 1832/2445/2543 1834/2443/2528 1839/2415/2501
s 273
f 1840/2452/2544 1841/2453/2545 1849/2454/2546 1848/2455/2547
f 1841/2453/2545 1842/2456/2548 1850/2457/2549 1849/2454/2546
f 1842/2456/2548 1843/2458/2550 1851/2459/2551 1850/2457/2549
f 1843/2458/2550 1844/2460/2552 1852/2461/2553 1851/2459/2551
f 1844/2460/2552 1845/2462/2554 1853/2463/2555 1852/2461/2553
f 1845/2462/2554 1846/2464/2556 1854/2465/2557 1853/2463/2555
f 1846/2464/2556 1847/2466/2558 1855/2467/2559 1854/2465/2557
f 1847/2466/2558 1840/2468/2544 1848/2469/2547 1855/2467/2559
s 274
f 1856/2470/2560 1857/2471/2561 1859/2472/2562 1858/2473/2563
f 1857/2471/2561 844/2474/2564 842/2475/2565 1859/2472/2562
s 275
f 1858/2473/2566 1859/2472/2567 1861/2476/2568 1860/2477/2569
f 1859/2472/2567 842/2475/2570 840/2478/2571 1861/2476/2568
s 276
f 1860/2477/2572 1861/2476/2573 1863/2479/2574 1862/2480/2575
f 1861/2476/2573 840/2478/2576 846/2481/2577 1863/2482/2574
s 277
f 1862/2483/2578 1863/2484/2579 1857/2471/2580 1856/2470/2581
f 1863/2485/2579 846/2486/2582 844/2474/2583 1857/2471/2580
f 1856/2470/2581 1865/2487/2584 1866/2488/2585 1862/2489/2578
s 274
f 1858/2473/2563 1864/2490/2586 1865/2487/2587 1856/2470/2560
s 275
f 1860/2477/2569 1867/2491/2588 1864/2490/2589 1858/2473/2566
s 276
f 1862/2492/2575 1866/2493/2590 1867/2491/2591 1860/2477/2572
s 278
f 1869/2494/2592 1881/2495/2593 1880/2496/2594 1868/2497/2595
f 1871/2498/2596 1880/2496/2594 1881/2495/2593 1872/2499/2597
f 1870/2500/2598 1882/2501/2599 1881/2495/2593 1869/2494/2592
f 1872/2499/2597 1881/2495/2593 1882/2501/2599 1873/2502/2600
f 887/2503/2601 896/2504/2602 1882/2501/2599 1870/2500/2598
f 1873/2502/2600 1882/2501/2599 896/2504/2602 884/2505/2603
f 1871/2498/2596 1872/2499/2597 1884/2506/2604 1883/2507/2605
f 1874/2508/2606 1883/2507/2605 1884/2506/2604 1875/2509/2607
f 1872/2499/2597 1873/2502/2600 1885/2510/2608 1884/2506/2604
f 1875/2509/2607 1884/2506/2604 1885/2510/2608 1876/2511/2609
f 1873/2502/2600 884/2505/2603 893/2512/2610 1885/2510/2608
f 1876/2511/2609 1885/2510/2608 893/2512/2610 881/2513/2611
f 1874/2508/2606 1875/2509/2607 1887/2514/2612 1886/2515/2613
f 1877/2516/2614 1886/2515/2613 1887/2514/2612 1878/2517/2615
f 1875/2509/2607 1876/2511/2609 1888/2518/2616 1887/2514/2612
f 1878/2517/2615 1887/2514/2612 1888/2518/2616 1879/2519/2617
f 1876/2511/2609 881/2513/2611 890/2520/2618 1888/2518/2616
f 1879/2519/2617 1888/2518/2616 890/2520/2618 878/2521/2619
f 1877/2516/2614 1878/2517/2615 1890/2522/2620 1889/2523/2621
f 1869/2524/2592 1868/2525/2595 1889/2523/2621 1890/2522/2620
f 1878/2517/2615 1879/2519/2617 1891/2526/2622 1890/2522/2620
f 1870/2527/2598 1869/2524/2592 1890/2522/2620 1891/2526/2622
f 1879/2519/2617 878/2521/2619 899/2528/2623 1891/2526/2622
f 887/2529/2601 1870/2527/2598 1891/2526/2622 899/2528/2623
s off
f 1892/2530/2624 1893/2531/2625 1895/2532/2626 1894/2533/2627
f 1896/2534/2628 1897/2535/2629 1899/2536/2630 1898/2537/2631
f 1893/2531/2632 1899/2538/2633 1897/2539/2634 1895/2532/2635
f 1898/2537/2636 1892/2530/2637 1894/2533/2638 1896/2534/2639
s 283
f 1900/2540/2640 1901/2541/2641 1909/2542/2642 1908/2543/2643
f 1901/2541/2641 1902/2544/2644 1910/2545/2645 1909/2542/2642
f 1902/2544/2644 1903/2546/2646 1911/2547/2647 1910/2545/2645
f 1903/2546/2646 1904/2548/2648 1912/2549/2649 1911/2547/2647
f 1904/2548/2648 1905/2550/2650 1913/2551/2651 1912/2549/2649
f 1905/2550/2650 1906/2552/2652 1914/2553/2653 1913/2551/2651
f 1906/2552/2652 1907/2554/2654 1915/2555/2655 1914/2553/2653
f 1907/2554/2654 1900/2556/2640 1908/2557/2643 1915/2555/2655
s 284
f 1916/2558/2656 1924/2559/2657 1925/2560/2658 1917/2561/2659
f 1917/2562/2659 1925/2563/2658 1926/2564/2660 1918/2565/2661
f 1918/2565/2661 1926/2564/2660 1927/2566/2662 1919/2567/2663
f 1919/2567/2663 1927/2566/2662 1928/2568/2664 1920/2569/2665
f 1920/2569/2665 1928/2568/2664 1929/2570/2666 1921/2571/2667
f 1921/2571/2667 1929/2570/2666 1930/2572/2668 1922/2573/2669
f 1922/2573/2669 1930/2572/2668 1931/2574/2670 1923/2575/2671
f 1923/2575/2671 1931/2574/2670 1924/2559/2657 1916/2558/2656
f 1924/2559/2657 1932/2576/2672 1933/2577/2673 1925/2560/2658
f 1925/2563/2658 1933/2578/2673 1934/2579/2674 1926/2564/2660
f 1926/2564/2660 1934/2579/2674 1935/2580/2675 1927/2566/2662
f 1927/2566/2662 1935/2580/2675 1936/2581/2676 1928/2568/2664
f 1928/2568/2664 1936/2581/2676 1937/2582/2677 1929/2570/2666
f 1929/2570/2666 1937/2582/2677 1938/2583/2678 1930/2572/2668
f 1930/2572/2668 1938/2583/2678 1939/2584/2679 1931/2574/2670
f 1931/2574/2670 1939/2584/2679 1932/2576/2672 1924/2559/2657
f 1932/2576/2672 1940/2585/2680 1941/2586/2681 1933/2577/2673
f 1933/2578/2673 1941/2587/2681 1942/2588/2682 1934/2579/2674
f 1934/2579/2674 1942/2588/2682 1943/2589/2683 1935/2580/2675
f 1935/2580/2675 1943/2589/2683 1944/2590/2684 1936/2581/2676
f 1936/2581/2676 1944/2590/2684 1945/2591/2685 1937/2582/2677
f 1937/2582/2677 1945/2591/2685 1946/2592/2686 1938/2583/2678
f 1938/2583/2678 1946/2592/2686 1947/2593/2687 1939/2584/2679
f 1939/2584/2679 1947/2593/2687 1940/2585/2680 1932/2576/2672
f 1940/2585/2680 1948/2594/2688 1949/2595/2689 1941/2586/2681
f 1941/2587/2681 1949/2596/2689 1950/2597/2690 1942/2588/2682
f 1942/2588/2682 1950/2597/2690 1951/2598/2691 1943/2589/2683
f 1943/2589/2683 1951/2598/2691 1952/2599/2692 1944/2590/2684
f 1944/2590/2684 1952/2599/2692 1953/2600/2693 1945/2591/2685
f 1945/2591/2685 1953/2600/2693 1954/2601/2694 1946/2592/2686
f 1946/2592/2686 1954/2601/2694 1955/2602/2695 1947/2593/2687
f 1947/2593/2687 1955/2602/2695 1948/2594/2688 1940/2585/2680
f 1948/2594/2688 1956/2603/2696 1957/2604/2697 1949/2595/2689
f 1949/2596/2689 1957/2605/2697 1958/2606/2698 1950/2597/2690
f 1950/2597/2690 1958/2606/2698 1959/2607/2699 1951/2598/2691
f 1951/2598/2691 1959/2607/2699 1960/2608/2700 1952/2599/2692
f 1952/2599/2692 1960/2608/2700 1961/2609/2701 1953/2600/2693
f 1953/2600/2693 1961/2609/2701 1962/2610/2702 1954/2601/2694
f 1954/2601/2694 1962/2610/2702 1963/2611/2703 1955/2602/2695
f 1955/2602/2695 1963/2611/2703 1956/2603/2696 1948/2594/2688
f 1956/2603/2696 1964/2612/2704 1965/2613/2705 1957/2604/2697
f 1957/2605/2697 1965/2614/2705 1966/2615/2706 1958/2606/2698
f 1958/2606/2698 1966/2615/2706 1967/2616/2707 1959/2607/2699
f 1959/2607/2699 1967/2616/2707 1968/2617/2708 1960/2608/2700
f 1960/2608/2700 1968/2617/2708 1969/2618/2709 1961/2609/2701
f 1961/2609/2701 1969/2618/2709 1970/2619/2710 1962/2610/2702
f 1962/2610/2702 1970/2619/2710 1971/2620/2711 1963/2611/2703
f 1963/2611/2703 1971/2620/2711 1964/2612/2704 1956/2603/2696
f 1964/2612/2704 1972/2621/2712 1973/2622/2713 1965/2613/2705
f 1965/2614/2705 1973/2623/2713 1974/2624/2714 1966/2615/2706
f 1966/2615/2706 1974/2624/2714 1975/2625/2715 1967/2616/2707
f 1967/2616/2707 1975/2625/2715 1976/2626/2716 1968/2617/2708
f 1968/2617/2708 1976/2626/2716 1977/2627/2717 1969/2618/2709
f 1969/2618/2709 1977/2627/2717 1978/2628/2718 1970/2619/2710
f 1970/2619/2710 1978/2628/2718 1979/2629/2719 1971/2620/2711
f 1971/2620/2711 1979/2629/2719 1972/2621/2712 1964/2612/2704
f 1972/2630/2712 1980/2631/2720 1981/2632/2721 1973/2633/2713
f 1973/2633/2713 1981/2632/2721 1982/2634/2722 1974/2635/2714
f 1974/2635/2714 1982/2634/2722 1983/2636/2723 1975/2637/2715
f 1975/2637/2715 1983/2636/2723 1984/2638/2724 1976/2639/2716
f 1976/2639/2716 1984/2638/2724 1985/2640/2725 1977/2641/2717
f 1977/2641/2717 1985/2640/2725 1986/2642/2726 1978/2643/2718
f 1978/2643/2718 1986/2642/2726 1987/2644/2727 1979/2645/2719
f 1979/2645/2719 1987/2644/2727 1980/2631/2720 1972/2630/2712
f 1980/2631/2720 1988/2646/2728 1981/2632/2721
f 1981/2632/2721 1988/2646/2728 1982/2634/2722
f 1982/2634/2722 1988/2646/2728 1983/2636/2723
f 1983/2636/2723 1988/2646/2728 1984/2638/2724
f 1984/2638/2724 1988/2646/2728 1985/2640/2725
f 1985/2640/2725 1988/2646/2728 1986/2642/2726
f 1986/2642/2726 1988/2646/2728 1987/2644/2727
f 1987/2644/2727 1988/2646/2728 1980/2631/2720
s 285
f 1989/2647/2729 1997/2648/2730 1998/2649/2731 1990/2650/2732
f 1990/2651/2732 1998/2652/2731 1999/2653/2733 1991/2654/2734
f 1991/2654/2734 1999/2653/2733 2000/2655/2735 1992/2656/2736
f 1992/2656/2736 2000/2655/2735 2001/2657/2737 1993/2658/2738
f 1993/2658/2738 2001/2657/2737 2002/2659/2739 1994/2660/2740
f 1994/2660/2740 2002/2659/2739 2003/2661/2741 1995/2662/2742
f 1995/2662/2742 2003/2661/2741 2004/2663/2743 1996/2664/2744
f 1996/2664/2744 2004/2663/2743 1997/2648/2730 1989/2647/2729
f 1997/2648/2730 2005/2665/2745 2006/2666/2746 1998/2649/2731
f 1998/2652/2731 2006/2667/2746 2007/2668/2747 1999/2653/2733
f 1999/2653/2733 2007/2668/2747 2008/2669/2748 2000/2655/2735
f 2000/2655/2735 2008/2669/2748 2009/2670/2749 2001/2657/2737
f 2001/2657/2737 2009/2670/2749 2010/2671/2750 2002/2659/2739
f 2002/2659/2739 2010/2671/2750 2011/2672/2751 2003/2661/2741
f 2003/2661/2741 2011/2672/2751 2012/2673/2752 2004/2663/2743
f 2004/2663/2743 2012/2673/2752 2005/2665/2745 1997/2648/2730
f 2005/2665/2745 2013/2674/2753 2014/2675/2754 2006/2666/2746
f 2006/2667/2746 2014/2676/2754 2015/2677/2755 2007/2668/2747
f 2007/2668/2747 2015/2677/2755 2016/2678/2756 2008/2669/2748
f 2008/2669/2748 2016/2678/2756 2017/2679/2757 2009/2670/2749
f 2009/2670/2749 2017/2679/2757 2018/2680/2758 2010/2671/2750
f 2010/2671/2750 2018/2680/2758 2019/2681/2759 2011/2672/2751
f 2011/2672/2751 2019/2681/2759 2020/2682/2760 2012/2673/2752
f 2012/2673/2752 2020/2682/2760 2013/2674/2753 2005/2665/2745
f 2013/2674/2753 2021/2683/2761 2022/2684/2762 2014/2675/2754
f 2014/2676/2754 2022/2685/2762 2023/2686/2763 2015/2677/2755
f 2015/2677/2755 2023/2686/2763 2024/2687/2764 2016/2678/2756
f 2016/2678/2756 2024/2687/2764 2025/2688/2765 2017/2679/2757
f 2017/2679/2757 2025/2688/2765 2026/2689/2766 2018/2680/2758
f 2018/2680/2758 2026/2689/2766 2027/2690/2767 2019/2681/2759
f 2019/2681/2759 2027/2690/2767 2028/2691/2768 2020/2682/2760
f 2020/2682/2760 2028/2691/2768 2021/2683/2761 2013/2674/2753
f 2021/2683/2761 2029/2692/2769 2030/2693/2770 2022/2684/2762
f 2022/2685/2762 2030/2694/2770 2031/2695/2771 2023/2686/2763
f 2023/2686/2763 2031/2695/2771 2032/2696/2772 2024/2687/2764
f 2024/2687/2764 2032/2696/2772 2033/2697/2773 2025/2688/2765
f 2025/2688/2765 2033/2697/2773 2034/2698/2774 2026/2689/2766
f 2026/2689/2766 2034/2698/2774 2035/2699/2775 2027/2690/2767
f 2027/2690/2767 2035/2699/2775 2036/2700/2776 2028/2691/2768
f 2028/2691/2768 2036/2700/2776 2029/2692/2769 2021/2683/2761
f 2029/2692/2769 2037/2701/2777 2038/2702/2778 2030/2693/2770
f 2030/2694/2770 2038/2703/2778 2039/2704/2779 2031/2695/2771
f 2031/2695/2771 2039/2704/2779 2040/2705/2780 2032/2696/2772
f 2032/2696/2772 2040/2705/2780 2041/2706/2781 2033/2697/2773
f 2033/2697/2773 2041/2706/2781 2042/2707/2782 2034/2698/2774
f 2034/2698/2774 2042/2707/2782 2043/2708/2783 2035/2699/2775
f 2035/2699/2775 2043/2708/2783 2044/2709/2784 2036/2700/2776
f 2036/2700/2776 2044/2709/2784 2037/2701/2777 2029/2692/2769
f 2037/2701/2777 2045/2710/2785 2046/2711/2786 2038/2702/2778
f 2038/2703/2778 2046/2712/2786 2047/2713/2787 2039/2704/2779
f 2039/2704/2779 2047/2713/2787 2048/2714/2788 2040/2705/2780
f 2040/2705/2780 2048/2714/2788 2049/2715/2789 2041/2706/2781
f 2041/2706/2781 2049/2715/2789 2050/2716/2790 2042/2707/2782
f 2042/2707/2782 2050/2716/2790 2051/2717/2791 2043/2708/2783
f 2043/2708/2783 2051/2717/2791 2052/2718/2792 2044/2709/2784
f 2044/2709/2784 2052/2718/2792 2045/2710/2785 2037/2701/2777
f 2045/2719/2785 2053/2720/2793 2054/2721/2794 2046/2722/2786
f 2046/2722/2786 2054/2721/2794 2055/2723/2795 2047/2724/2787
f 2047/2724/2787 2055/2723/2795 2056/2725/2796 2048/2726/2788
f 2048/2726/2788 2056/2725/2796 2057/2727/2797 2049/2728/2789
f 2049/2728/2789 2057/2727/2797 2058/2729/2798 2050/2730/2790
f 2050/2730/2790 2058/2729/2798 2059/2731/2799 2051/2732/2791
f 2051/2732/2791 2059/2731/2799 2060/2733/2800 2052/2734/2792
f 2052/2734/2792 2060/2733/2800 2053/2720/2793 2045/2719/2785
f 2053/2720/2793 2061/2735/2801 2054/2721/2794
f 2054/2721/2794 2061/2735/2801 2055/2723/2795
f 2055/2723/2795 2061/2735/2801 2056/2725/2796
f 2056/2725/2796 2061/2735/2801 2057/2727/2797
f 2057/2727/2797 2061/2735/2801 2058/2729/2798
f 2058/2729/2798 2061/2735/2801 2059/2731/2799
f 2059/2731/2799 2061/2735/2801 2060/2733/2800
f 2060/2733/2800 2061/2735/2801 2053/2720/2793
s off
f 2066/2736/2802 2067/2737/2803 2069/2738/2804 2068/2739/2805
f 2063/2740/2806 2069/2741/2807 2067/2742/2808 2065/2743/2809
f 2068/2739/2810 2062/2744/2811 2064/2745/2812 2066/2736/2813
f 2062/2744/2814 2063/2746/2815 2065/2747/2816 2064/2745/2817
s 290
f 2070/2748/2818 2071/2749/2819 2073/2750/2820 2072/2751/2821
f 2071/2749/2819 989/2752/2822 992/2753/2823 2073/2750/2820
s 291
f 2072/2751/2824 2073/2750/2825 2075/2754/2826 2074/2755/2827
f 2073/2750/2825 992/2753/2828 991/2756/2829 2075/2754/2826
s 292
f 2074/2755/2830 2075/2754/2831 2077/2757/2832 2076/2758/2833
f 2075/2754/2831 991/2756/2834 990/2759/2835 2077/2760/2832
s 293
f 2076/2761/2836 2077/2762/2837 2071/2749/2838 2070/2748/2839
f 2077/2763/2837 990/2764/2840 989/2752/2841 2071/2749/2838
s off
f 2078/2765/2842 2079/2766/2843 2080/2767/2844 2081/2768/2845
s 293
f 2070/2748/2839 2079/2769/2846 2078/2770/2847 2076/2771/2836
s 290
f 2072/2751/2821 2080/2772/2848 2079/2769/2849 2070/2748/2818
s 291
f 2074/2755/2827 2081/2773/2850 2080/2772/2851 2072/2751/2824
s 292
f 2076/2774/2833 2078/2775/2852 2081/2773/2853 2074/2755/2830
s 295
f 2082/2776/2854 2083/2777/2855 2098/2778/2856 2099/2779/2857
f 2083/2777/2855 1004/2780/2858 1023/2781/2859 2098/2778/2856
s 296
f 2084/2782/2860 2085/2783/2861 2087/2784/2862 2086/2785/2863
f 2085/2783/2861 1001/2786/2864 998/2787/2865 2087/2784/2862
s 297
f 2096/2788/2866 2097/2789/2867 2089/2790/2868 2088/2791/2869
f 2097/2792/2867 1024/2793/2870 995/2794/2871 2089/2795/2868
s 298
f 2088/2796/2872 2089/2797/2873 2083/2777/2874 2082/2776/2875
f 2089/2798/2873 995/2799/2876 1004/2780/2877 2083/2777/2874
s 299
f 2090/2800/2878 2091/2801/2879 2094/2802/2880 2095/2803/2881
s 298
f 2082/2776/2875 2091/2804/2882 2090/2805/2883 2088/2806/2872
s 295
f 2099/2779/2857 2094/2807/2884 2091/2804/2885 2082/2776/2854
s 296
f 2086/2785/2863 2093/2808/2886 2092/2809/2887 2084/2782/2860
s 297
f 2088/2810/2869 2090/2811/2888 2095/2812/2889 2096/2813/2866
s 299
f 2095/2803/2881 2094/2802/2880 2092/2814/2890 2093/2815/2891
s 297
f 2096/2813/2866 2095/2812/2889 2093/2808/2892 2086/2785/2893
f 2086/2785/2893 2087/2784/2894 2097/2789/2867 2096/2788/2866
f 2087/2784/2894 998/2787/2895 1024/2793/2870 2097/2792/2867
s 295
f 2098/2778/2856 1023/2781/2859 1001/2786/2896 2085/2783/2897
f 2099/2779/2857 2098/2778/2856 2085/2783/2897 2084/2782/2898
f 2084/2782/2898 2092/2809/2899 2094/2807/2884 2099/2779/2857
s off
f 2102/2816/2900 2103/2817/2901 2105/2818/2902 2104/2819/2903
f 2106/2820/2904 2107/2821/2905 2101/2822/2906 2100/2823/2907
f 2101/2824/2908 2107/2825/2909 2105/2818/2910 2103/2817/2911
f 2106/2820/2912 2100/2823/2913 2102/2816/2914 2104/2819/2915
f 2110/2826/2916 2111/2827/2917 2113/2828/2918 2112/2829/2919
f 2114/2830/2920 2115/2831/2921 2109/2832/2922 2108/2833/2923
f 2109/2834/2924 2115/2835/2925 2113/2828/2926 2111/2827/2927
f 2114/2830/2928 2108/2833/2929 2110/2826/2930 2112/2829/2931
f 2118/2836/2932 2119/2837/2933 2121/2838/2934 2120/2839/2935
f 2122/2840/2936 2123/2841/2937 2117/2842/2938 2116/2843/2939
f 2117/2844/2940 2123/2845/2941 2121/2838/2942 2119/2837/2943
f 2122/2840/2944 2116/2843/2945 2118/2836/2946 2120/2839/2947
f 2126/2846/2948 2127/2847/2949 2129/2848/2950 2128/2849/2951
f 2130/2850/2952 2131/2851/2953 2125/2852/2954 2124/2853/2955
f 2125/2854/2956 2131/2855/2957 2129/2848/2958 2127/2847/2959
f 2130/2850/2960 2124/2853/2961 2126/2846/2962 2128/2849/2963
f 2134/2856/2964 2135/2857/2965 2137/2858/2966 2136/2859/2967
f 2138/2860/2968 2139/2861/2969 2133/2862/2970 2132/2863/2971
f 2133/2864/2972 2139/2865/2973 2137/2858/2974 2135/2857/2975
f 2138/2860/2976 2132/2863/2977 2134/2866/2978 2136/2867/2979
f 2142/2868/2980 2143/2869/2981 2145/2870/2982 2144/2871/2983
f 2146/2872/2984 2147/2873/2985 2141/2874/2986 2140/2875/2987
f 2141/2876/2988 2147/2877/2989 2145/2870/2990 2143/2869/2991
f 2146/2872/2992 2140/2875/2993 2142/2878/2994 2144/2879/2995
f 2150/2880/2996 2151/2881/2997 2153/2882/2998 2152/2883/2999
f 2154/2884/3000 2155/2885/3001 2149/2886/3002 2148/2887/3003
f 2149/2888/3004 2155/2889/3005 2153/2882/3006 2151/2881/3007
f 2154/2884/3008 2148/2887/3009 2150/2890/3010 2152/2891/3011
f 2158/2892/3012 2159/2893/3013 2161/2894/3014 2160/2895/3015
f 2162/2896/3016 2163/2897/3017 2157/2898/3018 2156/2899/3019
f 2157/2900/3020 2163/2901/3021 2161/2894/3022 2159/2893/3023
f 2162/2896/3024 2156/2899/3025 2158/2892/3026 2160/2895/3027
f 2166/2902/3028 2167/2903/3029 2169/2904/3030 2168/2905/3031
f 2170/2906/3032 2171/2907/3033 2165/2908/3034 2164/2909/3035
f 2165/2910/3036 2171/2911/3037 2169/2904/3038 2167/2903/3039
f 2170/2906/3040 2164/2909/3041 2166/2902/3042 2168/2905/3043
f 2174/2912/3044 2175/2913/3045 2177/2914/3046 2176/2915/3047
f 2178/2916/3048 2179/2917/3049 2173/2918/3050 2172/2919/3051
f 2173/2920/3052 2179/2921/3053 2177/2914/3054 2175/2913/3055
f 2178/2916/3056 2172/2919/3057 2174/2922/3058 2176/2923/3059
s 340
f 2180/2924/3060 2181/2925/3061 1200/2926/3062 1199/2927/3063
f 2181/2925/3061 2182/2928/3064 1201/2929/3065 1200/2926/3062
f 2182/2928/3064 2183/2930/3066 1202/2931/3067 1201/2929/3065
f 2183/2930/3066 2184/2932/3068 1203/2933/3069 1202/2931/3067
f 2184/2932/3068 2185/2934/3070 1204/2935/3071 1203/2933/3069
f 2185/2934/3070 2186/2936/3072 1197/2937/3073 1204/2935/3071
f 2186/2936/3072 2187/2938/3074 1198/2939/3075 1197/2937/3073
f 2187/2938/3074 2180/2940/3060 1199/2941/3063 1198/2939/3075
s 341
f 2188/2942/3076 2189/2943/3077 668/2944/3078 667/2945/3079
f 2189/2943/3077 2190/2946/3080 661/2947/3081 668/2944/3078
f 2190/2946/3080 2191/2948/3082 662/2949/3083 661/2947/3081
f 2191/2948/3082 2192/2950/3084 663/2951/3085 662/2949/3083
f 2192/2950/3084 2193/2952/3086 664/2953/3087 663/2951/3085
f 2193/2952/3086 2194/2954/3088 665/2955/3089 664/2953/3087
f 2194/2954/3088 2195/2956/3090 666/2957/3091 665/2955/3089
f 2195/2956/3090 2188/2958/3076 667/2959/3079 666/2957/3091
s off
f 2196/2960/3092 2201/2961/3093 2200/2962/3094 2199/2963/3095
f 2202/2964/3096 2201/2961/3097 2196/2960/3098 2197/2965/3099
f 2203/2966/3100 2202/2964/3101 2197/2965/3102 2198/2967/3103
f 2200/2968/3104 2203/2966/3105 2198/2967/3106 2199/2969/3107
f 2204/2970/3108 2209/2971/3109 2208/2972/3110 2207/2973/3111
f 2210/2974/3112 2209/2971/3113 2204/2970/3114 2205/2975/3115
f 2211/2976/3116 2210/2974/3117 2205/2975/3118 2206/2977/3119
f 2208/2978/3120 2211/2976/3121 2206/2977/3122 2207/2979/3123
s 350
f 2212/2980/3124 2213/2981/3125 2221/2982/3126 2220/2983/3127
f 2213/2981/3125 2214/2984/3128 2222/2985/3129 2221/2982/3126
f 2214/2984/3128 2215/2986/3130 2223/2987/3131 2222/2985/3129
f 2215/2986/3130 2216/2988/3132 2224/2989/3133 2223/2987/3131
f 2216/2988/3132 2217/2990/3134 2225/2991/3135 2224/2989/3133
f 2217/2990/3134 2218/2992/3136 2226/2993/3137 2225/2991/3135
f 2218/2992/3136 2219/2994/3138 2227/2995/3139 2226/2993/3137
f 2219/2994/3138 2212/2996/3124 2220/2997/3127 2227/2995/3139
s 351
f 2228/2998/3140 2229/2999/3141 2237/3000/3142 2236/3001/3143
f 2229/2999/3141 2230/3002/3144 2238/3003/3145 2237/3000/3142
f 2230/3002/3144 2231/3004/3146 2239/3005/3147 2238/3003/3145
f 2231/3004/3146 2232/3006/3148 2240/3007/3149 2239/3005/3147
f 2232/3006/3148 2233/3008/3150 2241/3009/3151 2240/3007/3149
f 2233/3008/3150 2234/3010/3152 2242/3011/3153 2241/3009/3151
f 2234/3010/3152 2235/3012/3154 2243/3013/3155 2242/3011/3153
f 2235/3012/3154 2228/3014/3140 2236/3015/3143 2243/3013/3155
s off
f 2229/3016/3156 2228/3017/3157 2244/3018/3158
f 2230/3019/3159 2229/3016/3160 2244/3018/3161
f 2231/3020/3162 2230/3019/3163 2244/3018/3164
f 2232/3021/3165 2231/3020/3166 2244/3018/3167
f 2233/3022/3168 2232/3021/3169 2244/3018/3170
f 2234/3023/3171 2233/3022/3172 2244/3018/3173
f 2235/3024/3174 2234/3023/3175 2244/3018/3176
f 2228/3017/3177 2235/3024/3178 2244/3018/3179
s 360
f 2245/3025/3180 2246/3026/3181 2254/3027/3182 2253/3028/3183
f 2246/3026/3181 2247/3029/3184 2255/3030/3185 2254/3027/3182
f 2247/3029/3184 2248/3031/3186 2256/3032/3187 2255/3030/3185
f 2248/3031/3186 2249/3033/3188 2257/3034/3189 2256/3032/3187
f 2249/3033/3188 2250/3035/3190 2258/3036/3191 2257/3034/3189
f 2250/3035/3190 2251/3037/3192 2259/3038/3193 2258/3036/3191
f 2251/3037/3192 2252/3039/3194 2260/3040/3195 2259/3038/3193
f 2252/3039/3194 2245/3041/3180 2253/3042/3183 2260/3040/3195
s 361
f 2246/3043/3196 2245/3044/3197 2261/3045/3198
f 2247/3046/3199 2246/3043/3196 2261/3045/3198
f 2248/3047/3200 2247/3046/3199 2261/3045/3198
f 2249/3048/3201 2248/3047/3200 2261/3045/3198
f 2250/3049/3202 2249/3048/3201 2261/3045/3198
f 2251/3050/3203 2250/3049/3202 2261/3045/3198
f 2252/3051/3204 2251/3050/3203 2261/3045/3198
f 2245/3044/3197 2252/3051/3204 2261/3045/3198
s off
f 2262/3052/3205 2267/3053/3206 2266/3054/3207 2265/3055/3208
f 2268/3056/3209 2267/3053/3210 2262/3052/3211 2263/3057/3212
f 2269/3058/3213 2268/3056/3214 2263/3057/3215 2264/3059/3216
f 2266/3060/3217 2269/3058/3218 2264/3059/3219 2265/3061/3220
f 2270/3062/3221 2275/3063/3222 2274/3064/3223 2273/3065/3224
f 2276/3066/3225 2275/3063/3226 2270/3062/3227 2271/3067/3228
f 2277/3068/3229 2276/3066/3230 2271/3067/3231 2272/3069/3232
f 2274/3070/3233 2277/3068/3234 2272/3069/3235 2273/3071/3236
s 370
f 2278/3072/3237 2279/3073/3238 2287/3074/3239 2286/3075/3240
f 2279/3073/3238 2280/3076/3241 2288/3077/3242 2287/3074/3239
f 2280/3076/3241 2281/3078/3243 2289/3079/3244 2288/3077/3242
f 2281/3078/3243 2282/3080/3245 2290/3081/3246 2289/3079/3244
f 2282/3080/3245 2283/3082/3247 2291/3083/3248 2290/3081/3246
f 2283/3082/3247 2284/3084/3249 2292/3085/3250 2291/3083/3248
f 2284/3084/3249 2285/3086/3251 2293/3087/3252 2292/3085/3250
f 2285/3086/3251 2278/3088/3237 2286/3089/3240 2293/3087/3252
s 371
f 2294/3090/3253 2295/3091/3254 2181/3092/3255 2180/3093/3256
f 2295/3091/3254 2296/3094/3257 2182/3095/3258 2181/3092/3255
f 2296/3094/3257 2297/3096/3259 2183/3097/3260 2182/3095/3258
f 2297/3096/3259 2298/3098/3261 2184/3099/3262 2183/3097/3260
f 2298/3098/3261 2299/3100/3263 2185/3101/3264 2184/3099/3262
f 2299/3100/3263 2300/3102/3265 2186/3103/3266 2185/3101/3264
f 2300/3102/3265 2301/3104/3267 2187/3105/3268 2186/3103/3266
f 2301/3104/3267 2294/3106/3253 2180/3107/3256 2187/3105/3268
s 372
f 2302/3108/3269 2303/3109/3270 2189/3110/3271 2188/3111/3272
f 2303/3109/3270 2304/3112/3273 2190/3113/3274 2189/3110/3271
f 2304/3112/3273 2305/3114/3275 2191/3115/3276 2190/3113/3274
f 2305/3114/3275 2306/3116/3277 2192/3117/3278 2191/3115/3276
f 2306/3116/3277 2307/3118/3279 2193/3119/3280 2192/3117/3278
f 2307/3118/3279 2308/3120/3281 2194/3121/3282 2193/3119/3280
f 2308/3120/3281 2309/3122/3283 2195/3123/3284 2194/3121/3282
f 2309/3122/3283 2302/3124/3269 2188/3125/3272 2195/3123/3284
s off
f 2310/3126/3285 2315/3127/3286 2314/3128/3287 2313/3129/3288
f 2316/3130/3289 2315/3127/3290 2310/3126/3291 2311/3131/3292
f 2317/3132/3293 2316/3130/3294 2311/3131/3295 2312/3133/3296
f 2314/3134/3297 2317/3132/3298 2312/3133/3299 2313/3135/3300
f 2318/3136/3301 2323/3137/3302 2322/3138/3303 2321/3139/3304
f 2324/3140/3305 2323/3137/3306 2318/3136/3307 2319/3141/3308
f 2325/3142/3309 2324/3140/3310 2319/3141/3311 2320/3143/3312
f 2322/3144/3313 2325/3142/3314 2320/3143/3315 2321/3145/3316
s 381
f 2326/3146/3317 2327/3147/3318 2335/3148/3319 2334/3149/3320
f 2327/3147/3318 2328/3150/3321 2336/3151/3322 2335/3148/3319
f 2328/3150/3321 2329/3152/3323 2337/3153/3324 2336/3151/3322
f 2329/3152/3323 2330/3154/3325 2338/3155/3326 2337/3153/3324
f 2330/3154/3325 2331/3156/3327 2339/3157/3328 2338/3155/3326
f 2331/3156/3327 2332/3158/3329 2340/3159/3330 2339/3157/3328
f 2332/3158/3329 2333/3160/3331 2341/3161/3332 2340/3159/3330
f 2333/3160/3331 2326/3162/3317 2334/3163/3320 2341/3161/3332
s 382
f 2236/3164/3333 2237/3165/3334 2295/3166/3335 2294/3167/3336
f 2237/3165/3334 2238/3168/3337 2296/3169/3338 2295/3166/3335
f 2238/3168/3337 2239/3170/3339 2297/3171/3340 2296/3169/3338
f 2239/3170/3339 2240/3172/3341 2298/3173/3342 2297/3171/3340
f 2240/3172/3341 2241/3174/3343 2299/3175/3344 2298/3173/3342
f 2241/3174/3343 2242/3176/3345 2300/3177/3346 2299/3175/3344
f 2242/3176/3345 2243/3178/3347 2301/3179/3348 2300/3177/3346
f 2243/3178/3347 2236/3180/3333 2294/3181/3336 2301/3179/3348
s 383
f 2253/3182/3349 2254/3183/3350 2303/3184/3351 2302/3185/3352
f 2254/3183/3350 2255/3186/3353 2304/3187/3354 2303/3184/3351
f 2255/3186/3353 2256/3188/3355 2305/3189/3356 2304/3187/3354
f 2256/3188/3355 2257/3190/3357 2306/3191/3358 2305/3189/3356
f 2257/3190/3357 2258/3192/3359 2307/3193/3360 2306/3191/3358
f 2258/3192/3359 2259/3194/3361 2308/3195/3362 2307/3193/3360
f 2259/3194/3361 2260/3196/3363 2309/3197/3364 2308/3195/3362
f 2260/3196/3363 2253/3198/3349 2302/3199/3352 2309/3197/3364
s off
f 2342/3200/3365 2347/3201/3366 2346/3202/3367 2345/3203/3368
f 2348/3204/3369 2347/3201/3370 2342/3200/3371 2343/3205/3372
f 2349/3206/3373 2348/3204/3374 2343/3205/3375 2344/3207/3376
f 2346/3208/3377 2349/3206/3378 2344/3207/3379 2345/3209/3380
f 2350/3210/3381 2355/3211/3382 2354/3212/3383 2353/3213/3384
f 2356/3214/3385 2355/3211/3386 2350/3210/3387 2351/3215/3388
f 2357/3216/3389 2356/3214/3390 2351/3215/3391 2352/3217/3392
f 2354/3218/3393 2357/3216/3394 2352/3217/3395 2353/3219/3396
s 392
f 2358/3220/3397 2359/3221/3398 2367/3222/3399 2366/3223/3400
f 2359/3221/3398 2360/3224/3401 2368/3225/3402 2367/3222/3399
f 2360/3224/3401 2361/3226/3403 2369/3227/3404 2368/3225/3402
f 2361/3226/3403 2362/3228/3405 2370/3229/3406 2369/3227/3404
f 2362/3228/3405 2363/3230/3407 2371/3231/3408 2370/3229/3406
f 2363/3230/3407 2364/3232/3409 2372/3233/3410 2371/3231/3408
f 2364/3232/3409 2365/3234/3411 2373/3235/3412 2372/3233/3410
f 2365/3234/3411 2358/3236/3397 2366/3237/3400 2373/3235/3412
