# This file uses centimeters as units for non-parametric coordinates.

g default
v -96.202919 0.021726 -2.096036
v -96.202919 -0.032902 -2.155182
v -94.041878 0.021726 -2.096036
v -94.041878 -0.032902 -2.155182
v -94.041878 0.077729 -2.156670
v -94.041878 0.023100 -2.215816
v -96.202919 0.077729 -2.156670
v -96.202919 0.023100 -2.215816
v -96.217049 -1.473171 -2.103282
v -96.217049 -1.473171 -2.205337
v -94.123283 -0.027093 -2.103282
v -94.123283 -0.027093 -2.205337
v -94.091957 -0.137078 -2.103282
v -94.091957 -0.137079 -2.205337
v -96.185738 -1.583156 -2.103282
v -96.185738 -1.583156 -2.205337
v -94.091957 -1.473171 -2.103282
v -94.091957 -1.473171 -2.205337
v -96.185738 -0.027093 -2.103282
v -96.185738 -0.027093 -2.205337
v -96.217064 -0.137078 -2.103282
v -96.217064 -0.137079 -2.205337
v -94.123268 -1.583156 -2.103282
v -94.123268 -1.583156 -2.205337
v -96.202919 -1.714179 -2.096036
v -96.202919 -1.768808 -2.155182
v -94.041878 -1.714179 -2.096036
v -94.041878 -1.768808 -2.155182
v -94.041878 -1.658176 -2.156670
v -94.041878 -1.712805 -2.215816
v -96.202919 -1.658176 -2.156670
v -96.202919 -1.712805 -2.215816
v -96.217049 -3.209076 -2.103282
v -96.217049 -3.209076 -2.205337
v -94.123283 -1.762999 -2.103282
v -94.123283 -1.762999 -2.205337
v -94.091957 -1.872984 -2.103282
v -94.091957 -1.872984 -2.205337
v -96.185738 -3.319062 -2.103282
v -96.185738 -3.319062 -2.205337
v -94.091957 -3.209076 -2.103282
v -94.091957 -3.209076 -2.205337
v -96.185738 -1.762999 -2.103282
v -96.185738 -1.762999 -2.205337
v -96.217064 -1.872984 -2.103282
v -96.217064 -1.872984 -2.205337
v -94.123268 -3.319062 -2.103282
v -94.123268 -3.319062 -2.205337
v -96.202919 -3.450085 -2.096036
v -96.202919 -3.504714 -2.155182
v -94.041878 -3.450085 -2.096036
v -94.041878 -3.504714 -2.155182
v -94.041878 -3.394082 -2.156670
v -94.041878 -3.448710 -2.215816
v -96.202919 -3.394082 -2.156670
v -96.202919 -3.448710 -2.215816
v -96.217049 -4.944982 -2.103282
v -96.217049 -4.944982 -2.205337
v -94.123283 -3.498904 -2.103282
v -94.123283 -3.498904 -2.205337
v -94.091957 -3.608890 -2.103282
v -94.091957 -3.608890 -2.205337
v -96.185738 -5.054967 -2.103282
v -96.185738 -5.054967 -2.205337
v -94.091957 -4.944982 -2.103282
v -94.091957 -4.944982 -2.205337
v -96.185738 -3.498904 -2.103282
v -96.185738 -3.498904 -2.205337
v -96.217064 -3.608890 -2.103282
v -96.217064 -3.608890 -2.205337
v -94.123268 -5.054967 -2.103282
v -94.123268 -5.054967 -2.205337
v -96.202919 -5.185990 -2.096036
v -96.202919 -5.240619 -2.155182
v -94.041878 -5.185990 -2.096036
v -94.041878 -5.240619 -2.155182
v -94.041878 -5.129987 -2.156670
v -94.041878 -5.184616 -2.215816
v -96.202919 -5.129987 -2.156670
v -96.202919 -5.184616 -2.215816
v -96.217049 -6.680887 -2.103282
v -96.217049 -6.680887 -2.205337
v -94.123283 -5.234810 -2.103282
v -94.123283 -5.234810 -2.205337
v -94.091957 -5.344795 -2.103282
v -94.091957 -5.344795 -2.205337
v -96.185738 -6.790873 -2.103282
v -96.185738 -6.790873 -2.205337
v -94.091957 -6.680887 -2.103282
v -94.091957 -6.680887 -2.205337
v -96.185738 -5.234810 -2.103282
v -96.185738 -5.234810 -2.205337
v -96.217064 -5.344795 -2.103282
v -96.217064 -5.344795 -2.205337
v -94.123268 -6.790873 -2.103282
v -94.123268 -6.790873 -2.205337
v -96.198647 -6.827308 -2.053689
v -96.102867 -6.827308 -2.149461
v -96.198647 1.867769 -2.053689
v -96.102867 1.867769 -2.149461
v -96.289619 1.867769 -2.144671
v -96.193855 1.868133 -2.240443
v -96.289619 -6.827308 -2.144671
v -96.193855 -6.827308 -2.240443
v -94.048378 -6.827308 -2.053689
v -93.952599 -6.827308 -2.149461
v -94.048378 1.867769 -2.053689
v -93.952599 1.867769 -2.149461
v -94.139351 1.867769 -2.144671
v -94.043587 1.868133 -2.240443
v -94.139351 -6.827308 -2.144671
v -94.043587 -6.827308 -2.240443
v -96.202919 0.021726 2.216462
v -96.202919 -0.032902 2.157316
v -94.041878 0.021726 2.216462
v -94.041878 -0.032902 2.157316
v -94.041878 0.077729 2.155828
v -94.041878 0.023100 2.096683
v -96.202919 0.077729 2.155828
v -96.202919 0.023100 2.096683
v -96.217049 -1.473171 2.209216
v -96.217049 -1.473171 2.107162
v -94.123283 -0.027093 2.209216
v -94.123283 -0.027093 2.107162
v -94.091957 -0.137078 2.209216
v -94.091957 -0.137079 2.107162
v -96.185738 -1.583156 2.209216
v -96.185738 -1.583156 2.107162
v -94.091957 -1.473171 2.209216
v -94.091957 -1.473171 2.107162
v -96.185738 -0.027093 2.209216
v -96.185738 -0.027093 2.107162
v -96.217064 -0.137078 2.209216
v -96.217064 -0.137079 2.107162
v -94.123268 -1.583156 2.209216
v -94.123268 -1.583156 2.107162
v -96.202919 -1.714179 2.216462
v -96.202919 -1.768808 2.157316
v -94.041878 -1.714179 2.216462
v -94.041878 -1.768808 2.157316
v -94.041878 -1.658176 2.155828
v -94.041878 -1.712805 2.096683
v -96.202919 -1.658176 2.155828
v -96.202919 -1.712805 2.096683
v -96.217049 -3.209076 2.209216
v -96.217049 -3.209076 2.107162
v -94.123283 -1.762999 2.209216
v -94.123283 -1.762999 2.107162
v -94.091957 -1.872984 2.209216
v -94.091957 -1.872984 2.107162
v -96.185738 -3.319062 2.209216
v -96.185738 -3.319062 2.107162
v -94.091957 -3.209076 2.209216
v -94.091957 -3.209076 2.107162
v -96.185738 -1.762999 2.209216
v -96.185738 -1.762999 2.107162
v -96.217064 -1.872984 2.209216
v -96.217064 -1.872984 2.107162
v -94.123268 -3.319062 2.209216
v -94.123268 -3.319062 2.107162
v -96.202919 -3.450085 2.216462
v -96.202919 -3.504714 2.157316
v -94.041878 -3.450085 2.216462
v -94.041878 -3.504714 2.157316
v -94.041878 -3.394082 2.155828
v -94.041878 -3.448710 2.096683
v -96.202919 -3.394082 2.155828
v -96.202919 -3.448710 2.096683
v -96.217049 -4.944982 2.209216
v -96.217049 -4.944982 2.107162
v -94.123283 -3.498904 2.209216
v -94.123283 -3.498904 2.107162
v -94.091957 -3.608890 2.209216
v -94.091957 -3.608890 2.107162
v -96.185738 -5.054967 2.209216
v -96.185738 -5.054967 2.107162
v -94.091957 -4.944982 2.209216
v -94.091957 -4.944982 2.107162
v -96.185738 -3.498904 2.209216
v -96.185738 -3.498904 2.107162
v -96.217064 -3.608890 2.209216
v -96.217064 -3.608890 2.107162
v -94.123268 -5.054967 2.209216
v -94.123268 -5.054967 2.107162
v -96.202919 -5.185990 2.216462
v -96.202919 -5.240619 2.157316
v -94.041878 -5.185990 2.216462
v -94.041878 -5.240619 2.157316
v -94.041878 -5.129987 2.155828
v -94.041878 -5.184616 2.096683
v -96.202919 -5.129987 2.155828
v -96.202919 -5.184616 2.096683
v -96.217049 -6.680887 2.209216
v -96.217049 -6.680887 2.107162
v -94.123283 -5.234810 2.209216
v -94.123283 -5.234810 2.107162
v -94.091957 -5.344795 2.209216
v -94.091957 -5.344795 2.107162
v -96.185738 -6.790873 2.209216
v -96.185738 -6.790873 2.107162
v -94.091957 -6.680887 2.209216
v -94.091957 -6.680887 2.107162
v -96.185738 -5.234810 2.209216
v -96.185738 -5.234810 2.107162
v -96.217064 -5.344795 2.209216
v -96.217064 -5.344795 2.107162
v -94.123268 -6.790873 2.209216
v -94.123268 -6.790873 2.107162
v -96.198647 -6.827308 2.258809
v -96.102867 -6.827308 2.163037
v -96.198647 1.867769 2.258809
v -96.102867 1.867769 2.163037
v -96.289619 1.867769 2.167827
v -96.193855 1.868133 2.072055
v -96.289619 -6.827308 2.167827
v -96.193855 -6.827308 2.072055
v -94.048378 -6.827308 2.258809
v -93.952599 -6.827308 2.163037
v -94.048378 1.867769 2.258809
v -93.952599 1.867769 2.163037
v -94.139351 1.867769 2.167827
v -94.043587 1.868133 2.072055
v -94.139351 -6.827308 2.167827
v -94.043587 -6.827308 2.072055
v -96.075584 1.112296 5.799811
v -96.075584 1.196589 5.071307
v -96.076164 1.215301 4.310004
v -96.064651 1.200570 5.806987
v -96.064651 1.285921 5.069747
v -96.065201 1.307164 4.309415
v -96.165314 1.200570 5.806987
v -96.165314 1.285921 5.069747
v -96.166107 1.307164 4.309415
v -96.154381 1.112296 5.799811
v -96.154381 1.196589 5.071307
v -96.155151 1.215301 4.310004
v -96.154381 0.986965 6.458529
v -96.075584 0.986965 6.458529
v -96.064651 1.069185 6.488467
v -96.165314 1.069185 6.488467
v -96.075584 1.373064 5.799811
v -96.075584 1.454272 5.071307
v -96.076164 1.475153 4.310004
v -96.064651 1.461339 5.806987
v -96.064651 1.543603 5.069747
v -96.065201 1.567016 4.309415
v -96.165314 1.461339 5.806987
v -96.165314 1.543603 5.069747
v -96.166107 1.567016 4.309415
v -96.154381 1.373064 5.799811
v -96.154381 1.454272 5.071307
v -96.155151 1.475153 4.310004
v -96.154381 1.247734 6.458529
v -96.075584 1.247734 6.458529
v -96.064651 1.329954 6.488467
v -96.165314 1.329954 6.488467
v -96.113274 0.708025 5.124810
v -96.025230 0.708025 5.036769
v -96.113274 1.860976 5.124810
v -96.025230 1.860976 5.036769
v -96.196915 1.860976 5.041171
v -96.108871 1.860976 4.953128
v -96.196915 0.708025 5.041171
v -96.108871 0.708025 4.953128
v -96.113274 0.512032 6.548179
v -96.025230 0.512032 6.460135
v -96.113274 1.664982 6.548179
v -96.025230 1.664982 6.460135
v -96.196915 1.664982 6.464538
v -96.108871 1.664982 6.376494
v -96.196915 0.512032 6.464538
v -96.108871 0.512032 6.376494
v -93.973000 0.483593 5.785106
v -93.973000 0.571708 5.056602
v -93.972160 0.613324 4.307822
v -93.962067 0.705348 5.806987
v -93.962067 0.794520 5.069747
v -93.961197 0.829859 4.306870
v -96.197861 0.705348 5.806987
v -96.197861 0.794520 5.069747
v -96.198730 0.829859 4.306870
v -96.186928 0.483593 5.785106
v -96.186928 0.571708 5.056602
v -96.187775 0.613324 4.307822
v -96.186928 0.327637 6.569440
v -93.973000 0.327637 6.569440
v -93.962067 0.536539 6.617881
v -96.197861 0.536539 6.617881
v -94.153809 0.683262 5.806987
v -94.153809 0.514453 6.617881
v -94.163582 0.352836 6.569440
v -94.163582 0.508792 5.785106
v -94.163582 0.596907 5.056602
v -94.163200 0.638583 4.307822
v -94.153397 0.807719 4.306870
v -94.153809 0.772434 5.069747
v -96.001991 0.683262 5.806987
v -96.001991 0.514453 6.617881
v -95.992233 0.352836 6.569440
v -95.992233 0.508792 5.785106
v -95.992233 0.596907 5.056602
v -95.992615 0.638583 4.307822
v -96.002396 0.807719 4.306870
v -96.001991 0.772434 5.069747
v -94.000740 1.112296 5.799811
v -94.000740 1.196589 5.071307
v -93.999969 1.215301 4.310004
v -93.989807 1.200570 5.806987
v -93.989807 1.285921 5.069747
v -93.989006 1.307164 4.309415
v -94.090469 1.200570 5.806987
v -94.090469 1.285921 5.069747
v -94.089912 1.307164 4.309415
v -94.079536 1.112296 5.799811
v -94.079536 1.196589 5.071307
v -94.078949 1.215301 4.310004
v -94.079536 0.986965 6.458529
v -94.000740 0.986965 6.458529
v -93.989807 1.069185 6.488467
v -94.090469 1.069185 6.488467
v -94.000740 1.373064 5.799811
v -94.000740 1.454272 5.071307
v -93.999969 1.475153 4.310004
v -93.989807 1.461339 5.806987
v -93.989807 1.543603 5.069747
v -93.989006 1.567016 4.309415
v -94.090469 1.461339 5.806987
v -94.090469 1.543603 5.069747
v -94.089912 1.567016 4.309415
v -94.079536 1.373064 5.799811
v -94.079536 1.454272 5.071307
v -94.078949 1.475153 4.310004
v -94.079536 1.247734 6.458529
v -94.000740 1.247734 6.458529
v -93.989807 1.329954 6.488467
v -94.090469 1.329954 6.488467
v -94.043983 0.708025 5.124810
v -93.955940 0.708025 5.036769
v -94.043983 1.860976 5.124810
v -93.955940 1.860976 5.036769
v -94.127625 1.860976 5.041171
v -94.039581 1.860976 4.953128
v -94.127625 0.708025 5.041171
v -94.039581 0.708025 4.953128
v -94.043983 0.512032 6.548179
v -93.955940 0.512032 6.460135
v -94.043983 1.664982 6.548179
v -93.955940 1.664982 6.460135
v -94.127625 1.664982 6.464538
v -94.039581 1.664982 6.376494
v -94.127625 0.512032 6.464538
v -94.039581 0.512032 6.376494
v -96.076744 1.209575 -0.000663
v -96.065758 1.301681 -0.001252
v -96.166908 1.301681 -0.001252
v -96.155922 1.209575 -0.000663
v -96.076744 1.470046 -0.000663
v -96.065758 1.562152 -0.001252
v -96.166908 1.562152 -0.001252
v -96.155922 1.470046 -0.000663
v -96.114616 0.723567 0.821299
v -96.026146 0.723567 0.732833
v -96.114616 1.882057 0.821299
v -96.026146 1.882057 0.732833
v -96.198654 1.882057 0.737256
v -96.110191 1.882057 0.648789
v -96.198654 0.723567 0.737256
v -96.110191 0.723567 0.648789
v -93.971321 0.620838 -0.002845
v -93.960335 0.837909 -0.003797
v -96.199608 0.837909 -0.003797
v -96.188622 0.620838 -0.002845
v -94.162819 0.646158 -0.002845
v -94.152992 0.815717 -0.003797
v -95.992989 0.646158 -0.002845
v -96.002800 0.815717 -0.003797
v -96.199608 0.837895 2.165180
v -96.002800 0.815703 2.165180
v -94.152992 0.815703 2.165180
v -93.960335 0.837895 2.165180
v -93.971321 0.345285 2.166137
v -94.162819 0.646184 2.166137
v -95.992989 0.646184 2.166137
v -96.188622 0.345285 2.166137
v -93.999191 1.209575 -0.000663
v -93.988205 1.301681 -0.001252
v -94.089355 1.301681 -0.001252
v -94.078369 1.209575 -0.000663
v -93.999191 1.470046 -0.000663
v -93.988205 1.562152 -0.001252
v -94.089355 1.562152 -0.001252
v -94.078369 1.470046 -0.000663
v -94.042648 0.723567 0.821299
v -93.954178 0.723567 0.732833
v -94.042648 1.882057 0.821299
v -93.954178 1.882057 0.732833
v -94.126686 1.882057 0.737256
v -94.038223 1.882057 0.648789
v -94.126686 0.723567 0.737256
v -94.038223 0.723567 0.648789
v -94.042648 0.810784 3.683812
v -93.954178 0.810784 3.595345
v -94.042648 1.868636 3.683812
v -93.954178 1.868636 3.595345
v -94.126686 1.868636 3.599769
v -94.038223 1.868636 3.511302
v -94.126686 0.810784 3.599769
v -94.038223 0.810784 3.511302
v -96.114616 0.810784 3.683812
v -96.026146 0.810784 3.595345
v -96.114616 1.868636 3.683812
v -96.026146 1.868636 3.595345
v -96.198654 1.868636 3.599769
v -96.110191 1.868636 3.511302
v -96.198654 0.810784 3.599769
v -96.110191 0.810784 3.511302
v -96.128334 0.336534 2.116702
v -96.128334 0.438130 2.105716
v -96.128334 0.438130 2.206867
v -96.128334 0.336534 2.195880
v -94.031670 0.352493 2.195880
v -94.031670 0.352493 2.116702
v -94.032639 0.435109 2.105716
v -94.032639 0.435109 2.206867
v -96.075500 1.208871 -4.310666
v -96.064545 1.310225 -4.310666
v -96.165451 1.310225 -4.310666
v -96.154488 1.208871 -4.310666
v -96.075500 1.467173 -4.310666
v -96.064545 1.568527 -4.310666
v -96.165451 1.568527 -4.310666
v -96.154488 1.467173 -4.310666
v -96.114616 0.723567 -3.492616
v -96.026146 0.723567 -3.581082
v -96.114616 1.882057 -3.492616
v -96.026146 1.882057 -3.581082
v -96.198654 1.882057 -3.576659
v -96.110191 1.882057 -3.665125
v -96.198654 0.723567 -3.576659
v -96.110191 0.723567 -3.665125
v -93.969093 0.608658 -4.310666
v -93.958130 0.832358 -4.310666
v -96.195663 0.832358 -4.310666
v -96.184708 0.608658 -4.310666
v -94.162186 0.633917 -4.310666
v -94.152397 0.810219 -4.310666
v -95.991600 0.633917 -4.310666
v -96.001389 0.810219 -4.310666
v -96.199608 0.837895 -2.148734
v -96.002800 0.815703 -2.148734
v -94.152992 0.815703 -2.148734
v -93.960335 0.837895 -2.148734
v -93.971321 0.345285 -2.147778
v -94.162819 0.646184 -2.147778
v -95.992989 0.646184 -2.147778
v -96.188622 0.345285 -2.147778
v -93.999298 1.208871 -4.310666
v -93.988342 1.310225 -4.310666
v -94.089249 1.310225 -4.310666
v -94.078293 1.208871 -4.310666
v -93.999298 1.467173 -4.310666
v -93.988342 1.568527 -4.310666
v -94.089249 1.568527 -4.310666
v -94.078293 1.467173 -4.310666
v -94.042648 0.723567 -3.492616
v -93.954178 0.723567 -3.581082
v -94.042648 1.882057 -3.492616
v -93.954178 1.882057 -3.581082
v -94.126686 1.882057 -3.576659
v -94.038223 1.882057 -3.665125
v -94.126686 0.723567 -3.576659
v -94.038223 0.723567 -3.665125
v -94.042648 0.810784 -0.630103
v -93.954178 0.810784 -0.718570
v -94.042648 1.868636 -0.630103
v -93.954178 1.868636 -0.718570
v -94.126686 1.868636 -0.714146
v -94.038223 1.868636 -0.802611
v -94.126686 0.810784 -0.714146
v -94.038223 0.810784 -0.802611
v -96.114616 0.810784 -0.630103
v -96.026146 0.810784 -0.718570
v -96.114616 1.868636 -0.630103
v -96.026146 1.868636 -0.718570
v -96.198654 1.868636 -0.714146
v -96.110191 1.868636 -0.802611
v -96.198654 0.810784 -0.714146
v -96.110191 0.810784 -0.802611
v -96.128334 0.336534 -2.197212
v -96.128334 0.438130 -2.208200
v -96.128334 0.438130 -2.107047
v -96.128334 0.336534 -2.118034
v -94.031670 0.352493 -2.118034
v -94.031670 0.352493 -2.197212
v -94.032639 0.435109 -2.208200
v -94.032639 0.435109 -2.107047
v -94.078209 1.112296 -5.799811
v -94.078209 1.196589 -5.071307
v -94.089142 1.200570 -5.806987
v -94.089142 1.285921 -5.069747
v -93.988480 1.200570 -5.806987
v -93.988480 1.285921 -5.069747
v -93.999413 1.112296 -5.799811
v -93.999413 1.196589 -5.071307
v -93.999413 0.986965 -6.458529
v -94.078209 0.986965 -6.458529
v -94.089142 1.069185 -6.488466
v -93.988480 1.069185 -6.488466
v -94.078209 1.373064 -5.799811
v -94.078209 1.454272 -5.071307
v -94.089142 1.461339 -5.806987
v -94.089142 1.543603 -5.069747
v -93.988480 1.461339 -5.806987
v -93.988480 1.543603 -5.069747
v -93.999413 1.373064 -5.799811
v -93.999413 1.454272 -5.071307
v -93.999413 1.247734 -6.458529
v -94.078209 1.247734 -6.458529
v -94.089142 1.329954 -6.488466
v -93.988480 1.329954 -6.488466
v -94.040520 0.708025 -5.124811
v -94.128563 0.708025 -5.036768
v -94.040520 1.860976 -5.124811
v -94.128563 1.860976 -5.036768
v -93.956879 1.860976 -5.041170
v -94.044922 1.860976 -4.953127
v -93.956879 0.708025 -5.041170
v -94.044922 0.708025 -4.953127
v -94.040520 0.512032 -6.548179
v -94.128563 0.512032 -6.460135
v -94.040520 1.664982 -6.548179
v -94.128563 1.664982 -6.460135
v -93.956879 1.664982 -6.464538
v -94.044922 1.664982 -6.376494
v -93.956879 0.512032 -6.464538
v -94.044922 0.512032 -6.376494
v -96.180794 0.483593 -5.785106
v -96.180794 0.571708 -5.056602
v -96.191727 0.705348 -5.806987
v -96.191727 0.794520 -5.069747
v -93.955933 0.705348 -5.806987
v -93.955933 0.794520 -5.069747
v -93.966866 0.483593 -5.785106
v -93.966866 0.571708 -5.056602
v -93.966866 0.327637 -6.569439
v -96.180794 0.327637 -6.569439
v -96.191727 0.536539 -6.617881
v -93.955933 0.536539 -6.617881
v -95.999985 0.683262 -5.806987
v -95.999985 0.514453 -6.617881
v -95.990211 0.352836 -6.569439
v -95.990211 0.508792 -5.785106
v -95.990211 0.596907 -5.056602
v -95.999985 0.772434 -5.069747
v -94.151802 0.683262 -5.806987
v -94.151802 0.514453 -6.617881
v -94.161560 0.352836 -6.569439
v -94.161560 0.508792 -5.785106
v -94.161560 0.596907 -5.056602
v -94.151802 0.772434 -5.069747
v -96.153053 1.112296 -5.799811
v -96.153053 1.196589 -5.071307
v -96.163986 1.200570 -5.806987
v -96.163986 1.285921 -5.069747
v -96.063324 1.200570 -5.806987
v -96.063324 1.285921 -5.069747
v -96.074257 1.112296 -5.799811
v -96.074257 1.196589 -5.071307
v -96.074257 0.986965 -6.458529
v -96.153053 0.986965 -6.458529
v -96.163986 1.069185 -6.488466
v -96.063324 1.069185 -6.488466
v -96.153053 1.373064 -5.799811
v -96.153053 1.454272 -5.071307
v -96.163986 1.461339 -5.806987
v -96.163986 1.543603 -5.069747
v -96.063324 1.461339 -5.806987
v -96.063324 1.543603 -5.069747
v -96.074257 1.373064 -5.799811
v -96.074257 1.454272 -5.071307
v -96.074257 1.247734 -6.458529
v -96.153053 1.247734 -6.458529
v -96.163986 1.329954 -6.488466
v -96.063324 1.329954 -6.488466
v -96.109810 0.708025 -5.124811
v -96.197853 0.708025 -5.036768
v -96.109810 1.860976 -5.124811
v -96.197853 1.860976 -5.036768
v -96.026169 1.860976 -5.041170
v -96.114212 1.860976 -4.953127
v -96.026169 0.708025 -5.041170
v -96.114212 0.708025 -4.953127
v -96.109810 0.512032 -6.548179
v -96.197853 0.512032 -6.460135
v -96.109810 1.664982 -6.548179
v -96.197853 1.664982 -6.460135
v -96.026169 1.664982 -6.464538
v -96.114212 1.664982 -6.376494
v -96.026169 0.512032 -6.464538
v -96.114212 0.512032 -6.376494
vt 0.375000 0.000000
vt 0.625000 0.000000
vt 0.375000 0.250000
vt 0.625000 0.250000
vt 0.375000 0.500000
vt 0.625000 0.500000
vt 0.375000 0.750000
vt 0.625000 0.750000
vt 0.375000 1.000000
vt 0.625000 1.000000
vt 0.875000 0.000000
vt 0.875000 0.250000
vt 0.125000 0.000000
vt 0.125000 0.250000
vt 0.375000 0.000000
vt 0.625000 0.000000
vt 0.625000 0.250000
vt 0.375000 0.250000
vt 0.625000 0.500000
vt 0.375000 0.500000
vt 0.625000 0.750000
vt 0.375000 0.750000
vt 0.625000 1.000000
vt 0.375000 1.000000
vt 0.875000 0.000000
vt 0.875000 0.250000
vt 0.125000 0.000000
vt 0.125000 0.250000
vt 0.375000 0.000000
vt 0.625000 0.000000
vt 0.625000 0.250000
vt 0.375000 0.250000
vt 0.625000 0.500000
vt 0.375000 0.500000
vt 0.625000 0.750000
vt 0.375000 0.750000
vt 0.625000 1.000000
vt 0.375000 1.000000
vt 0.875000 0.000000
vt 0.875000 0.250000
vt 0.125000 0.000000
vt 0.125000 0.250000
vt 0.375000 0.000000
vt 0.625000 0.000000
vt 0.625000 0.250000
vt 0.375000 0.250000
vt 0.625000 0.500000
vt 0.375000 0.500000
vt 0.625000 0.750000
vt 0.375000 0.750000
vt 0.625000 1.000000
vt 0.375000 1.000000
vt 0.875000 0.000000
vt 0.875000 0.250000
vt 0.125000 0.000000
vt 0.125000 0.250000
vt 0.375000 0.000000
vt 0.375000 0.250000
vt 0.625000 0.250000
vt 0.625000 0.000000
vt 0.375000 0.500000
vt 0.625000 0.500000
vt 0.375000 0.750000
vt 0.625000 0.750000
vt 0.375000 1.000000
vt 0.625000 1.000000
vt 0.875000 0.250000
vt 0.875000 0.000000
vt 0.125000 0.000000
vt 0.125000 0.250000
vt 0.375000 0.000000
vt 0.625000 0.000000
vt 0.625000 0.250000
vt 0.375000 0.250000
vt 0.625000 0.500000
vt 0.375000 0.500000
vt 0.625000 0.750000
vt 0.375000 0.750000
vt 0.625000 1.000000
vt 0.375000 1.000000
vt 0.875000 0.000000
vt 0.875000 0.250000
vt 0.125000 0.000000
vt 0.125000 0.250000
vt 0.375000 0.000000
vt 0.625000 0.000000
vt 0.625000 0.250000
vt 0.375000 0.250000
vt 0.625000 0.500000
vt 0.375000 0.500000
vt 0.625000 0.750000
vt 0.375000 0.750000
vt 0.625000 1.000000
vt 0.375000 1.000000
vt 0.875000 0.000000
vt 0.875000 0.250000
vt 0.125000 0.000000
vt 0.125000 0.250000
vt 0.375000 0.000000
vt 0.375000 0.250000
vt 0.625000 0.250000
vt 0.625000 0.000000
vt 0.375000 0.500000
vt 0.625000 0.500000
vt 0.375000 0.750000
vt 0.625000 0.750000
vt 0.375000 1.000000
vt 0.625000 1.000000
vt 0.875000 0.250000
vt 0.875000 0.000000
vt 0.125000 0.000000
vt 0.125000 0.250000
vt 0.375000 0.000000
vt 0.625000 0.000000
vt 0.625000 0.250000
vt 0.375000 0.250000
vt 0.625000 0.500000
vt 0.375000 0.500000
vt 0.625000 0.750000
vt 0.375000 0.750000
vt 0.625000 1.000000
vt 0.375000 1.000000
vt 0.875000 0.000000
vt 0.875000 0.250000
vt 0.125000 0.000000
vt 0.125000 0.250000
vt 0.375000 0.000000
vt 0.625000 0.000000
vt 0.625000 0.250000
vt 0.375000 0.250000
vt 0.625000 0.500000
vt 0.375000 0.500000
vt 0.625000 0.750000
vt 0.375000 0.750000
vt 0.625000 1.000000
vt 0.375000 1.000000
vt 0.875000 0.000000
vt 0.875000 0.250000
vt 0.125000 0.000000
vt 0.125000 0.250000
vt 0.375000 0.000000
vt 0.375000 0.250000
vt 0.625000 0.250000
vt 0.625000 0.000000
vt 0.375000 0.500000
vt 0.625000 0.500000
vt 0.375000 0.750000
vt 0.625000 0.750000
vt 0.375000 1.000000
vt 0.625000 1.000000
vt 0.875000 0.250000
vt 0.875000 0.000000
vt 0.125000 0.000000
vt 0.125000 0.250000
vt 0.375000 0.000000
vt 0.625000 0.000000
vt 0.625000 0.250000
vt 0.375000 0.250000
vt 0.625000 0.500000
vt 0.375000 0.500000
vt 0.625000 0.750000
vt 0.375000 0.750000
vt 0.625000 1.000000
vt 0.375000 1.000000
vt 0.875000 0.000000
vt 0.875000 0.250000
vt 0.125000 0.000000
vt 0.125000 0.250000
vt 0.375000 0.000000
vt 0.625000 0.000000
vt 0.625000 0.250000
vt 0.375000 0.250000
vt 0.625000 0.500000
vt 0.375000 0.500000
vt 0.625000 0.750000
vt 0.375000 0.750000
vt 0.625000 1.000000
vt 0.375000 1.000000
vt 0.875000 0.000000
vt 0.875000 0.250000
vt 0.125000 0.000000
vt 0.125000 0.250000
vt 0.375000 0.000000
vt 0.625000 0.000000
vt 0.625000 0.250000
vt 0.375000 0.250000
vt 0.625000 0.500000
vt 0.375000 0.500000
vt 0.625000 0.750000
vt 0.375000 0.750000
vt 0.625000 1.000000
vt 0.375000 1.000000
vt 0.875000 0.000000
vt 0.875000 0.250000
vt 0.125000 0.000000
vt 0.125000 0.250000
vt 0.375000 0.000000
vt 0.625000 0.000000
vt 0.625000 0.250000
vt 0.375000 0.250000
vt 0.625000 0.500000
vt 0.375000 0.500000
vt 0.625000 0.750000
vt 0.375000 0.750000
vt 0.625000 1.000000
vt 0.375000 1.000000
vt 0.875000 0.000000
vt 0.875000 0.250000
vt 0.125000 0.000000
vt 0.125000 0.250000
vt 0.375000 0.000000
vt 0.375000 0.250000
vt 0.625000 0.250000
vt 0.625000 0.000000
vt 0.375000 0.500000
vt 0.625000 0.500000
vt 0.375000 0.750000
vt 0.625000 0.750000
vt 0.375000 1.000000
vt 0.625000 1.000000
vt 0.875000 0.250000
vt 0.875000 0.000000
vt 0.125000 0.000000
vt 0.125000 0.250000
vt 0.375000 0.000000
vt 0.625000 0.000000
vt 0.625000 0.250000
vt 0.375000 0.250000
vt 0.625000 0.500000
vt 0.375000 0.500000
vt 0.625000 0.750000
vt 0.375000 0.750000
vt 0.625000 1.000000
vt 0.375000 1.000000
vt 0.875000 0.000000
vt 0.875000 0.250000
vt 0.125000 0.000000
vt 0.125000 0.250000
vt 0.375000 0.000000
vt 0.625000 0.000000
vt 0.625000 0.250000
vt 0.375000 0.250000
vt 0.625000 0.500000
vt 0.375000 0.500000
vt 0.625000 0.750000
vt 0.375000 0.750000
vt 0.625000 1.000000
vt 0.375000 1.000000
vt 0.875000 0.000000
vt 0.875000 0.250000
vt 0.125000 0.000000
vt 0.125000 0.250000
vt 0.375000 0.000000
vt 0.375000 0.250000
vt 0.625000 0.250000
vt 0.625000 0.000000
vt 0.375000 0.500000
vt 0.625000 0.500000
vt 0.375000 0.750000
vt 0.625000 0.750000
vt 0.375000 1.000000
vt 0.625000 1.000000
vt 0.875000 0.250000
vt 0.875000 0.000000
vt 0.125000 0.000000
vt 0.125000 0.250000
vt 0.375000 0.000000
vt 0.625000 0.000000
vt 0.625000 0.250000
vt 0.375000 0.250000
vt 0.625000 0.500000
vt 0.375000 0.500000
vt 0.625000 0.750000
vt 0.375000 0.750000
vt 0.625000 1.000000
vt 0.375000 1.000000
vt 0.875000 0.000000
vt 0.875000 0.250000
vt 0.125000 0.000000
vt 0.125000 0.250000
vt 0.375000 0.000000
vt 0.625000 0.000000
vt 0.625000 0.250000
vt 0.375000 0.250000
vt 0.625000 0.500000
vt 0.375000 0.500000
vt 0.625000 0.750000
vt 0.375000 0.750000
vt 0.625000 1.000000
vt 0.375000 1.000000
vt 0.875000 0.000000
vt 0.875000 0.250000
vt 0.125000 0.000000
vt 0.125000 0.250000
vt 0.375000 0.000000
vt 0.375000 0.250000
vt 0.625000 0.250000
vt 0.625000 0.000000
vt 0.375000 0.500000
vt 0.625000 0.500000
vt 0.375000 0.750000
vt 0.625000 0.750000
vt 0.375000 1.000000
vt 0.625000 1.000000
vt 0.875000 0.250000
vt 0.875000 0.000000
vt 0.125000 0.000000
vt 0.125000 0.250000
vt 0.375000 0.000000
vt 0.625000 0.000000
vt 0.625000 0.250000
vt 0.375000 0.250000
vt 0.625000 0.500000
vt 0.375000 0.500000
vt 0.625000 0.750000
vt 0.375000 0.750000
vt 0.625000 1.000000
vt 0.375000 1.000000
vt 0.875000 0.000000
vt 0.875000 0.250000
vt 0.125000 0.000000
vt 0.125000 0.250000
vt 0.375000 0.000000
vt 0.625000 0.000000
vt 0.625000 0.250000
vt 0.375000 0.250000
vt 0.625000 0.500000
vt 0.375000 0.500000
vt 0.625000 0.750000
vt 0.375000 0.750000
vt 0.625000 1.000000
vt 0.375000 1.000000
vt 0.875000 0.000000
vt 0.875000 0.250000
vt 0.125000 0.000000
vt 0.125000 0.250000
vt 0.375000 0.000000
vt 0.375000 0.250000
vt 0.625000 0.250000
vt 0.625000 0.000000
vt 0.375000 0.500000
vt 0.625000 0.500000
vt 0.375000 0.750000
vt 0.625000 0.750000
vt 0.375000 1.000000
vt 0.625000 1.000000
vt 0.875000 0.250000
vt 0.875000 0.000000
vt 0.125000 0.000000
vt 0.125000 0.250000
vt 0.375000 0.000000
vt 0.625000 0.000000
vt 0.625000 0.250000
vt 0.375000 0.250000
vt 0.625000 0.500000
vt 0.375000 0.500000
vt 0.625000 0.750000
vt 0.375000 0.750000
vt 0.625000 1.000000
vt 0.375000 1.000000
vt 0.875000 0.000000
vt 0.875000 0.250000
vt 0.125000 0.000000
vt 0.125000 0.250000
vt 0.375000 0.000000
vt 0.625000 0.000000
vt 0.625000 0.250000
vt 0.375000 0.250000
vt 0.625000 0.500000
vt 0.375000 0.500000
vt 0.625000 0.750000
vt 0.375000 0.750000
vt 0.625000 1.000000
vt 0.375000 1.000000
vt 0.875000 0.000000
vt 0.875000 0.250000
vt 0.125000 0.000000
vt 0.125000 0.250000
vt 0.375000 0.000000
vt 0.625000 0.000000
vt 0.625000 0.250000
vt 0.375000 0.250000
vt 0.625000 0.500000
vt 0.375000 0.500000
vt 0.625000 0.750000
vt 0.375000 0.750000
vt 0.625000 1.000000
vt 0.375000 1.000000
vt 0.875000 0.000000
vt 0.875000 0.250000
vt 0.125000 0.000000
vt 0.125000 0.250000
vt 0.771406 0.430656
vt -0.060877 0.430656
vt -0.060877 0.371135
vt 0.771406 0.371135
vt -0.890054 0.430656
vt -0.890054 0.371135
vt 0.771406 0.312688
vt -0.060877 0.312688
vt -0.890054 0.312688
vt -0.060877 0.255351
vt 0.771406 0.255351
vt -0.890053 0.255351
vt -0.060877 0.255351
vt 0.771406 0.484741
vt -0.060877 0.484741
vt -0.060877 0.484741
vt -0.890053 0.484741
vt -0.936764 0.429465
vt -0.936764 0.371267
vt -1.283352 0.371267
vt -1.283352 0.429465
vt 1.687571 0.430656
vt 1.687570 0.484741
vt 0.771406 0.484741
vt 1.687569 0.371135
vt 1.687570 0.312688
vt 0.771406 0.255351
vt 1.687570 0.255350
vt 0.771406 0.430656
vt -0.060877 0.430656
vt -0.060877 0.371135
vt 0.771406 0.371135
vt -0.890054 0.430656
vt -0.890054 0.371135
vt 0.771406 0.312688
vt -0.060877 0.312688
vt -0.890054 0.312688
vt -0.060877 0.255351
vt 0.771406 0.255351
vt -0.890053 0.255351
vt -0.060877 0.255351
vt 0.771406 0.484741
vt -0.060877 0.484741
vt -0.060877 0.484741
vt -0.890053 0.484741
vt -0.936764 0.429465
vt -0.936764 0.371267
vt -1.283352 0.371267
vt -1.283352 0.429465
vt 1.687571 0.430656
vt 1.687570 0.484741
vt 0.771406 0.484741
vt 1.687569 0.371135
vt 1.687570 0.312688
vt 0.771406 0.255351
vt 1.687570 0.255350
vt 0.375000 0.000000
vt 0.625000 0.000000
vt 0.625000 0.250000
vt 0.375000 0.250000
vt 0.625000 0.500000
vt 0.375000 0.500000
vt 0.625000 0.750000
vt 0.375000 0.750000
vt 0.625000 1.000000
vt 0.375000 1.000000
vt 0.875000 0.000000
vt 0.875000 0.250000
vt 0.125000 0.000000
vt 0.125000 0.250000
vt 0.375000 0.000000
vt 0.625000 0.000000
vt 0.625000 0.250000
vt 0.375000 0.250000
vt 0.625000 0.500000
vt 0.375000 0.500000
vt 0.625000 0.750000
vt 0.375000 0.750000
vt 0.625000 1.000000
vt 0.375000 1.000000
vt 0.875000 0.000000
vt 0.875000 0.250000
vt 0.125000 0.000000
vt 0.125000 0.250000
vt 0.771406 0.430656
vt -0.060877 0.430656
vt -0.060877 0.371135
vt 0.771406 0.371135
vt -0.890054 0.430656
vt -0.890054 0.371135
vt -0.060877 0.368054
vt 0.771406 0.368054
vt -0.890054 0.368054
vt 0.771406 0.312688
vt -0.060877 0.312688
vt -0.060877 0.255351
vt 0.771406 0.255351
vt -0.890054 0.312688
vt -0.890053 0.255351
vt -0.060877 0.255351
vt 0.771406 0.433507
vt -0.060877 0.433506
vt -0.060877 0.433506
vt -0.890054 0.433507
vt -0.955032 0.429465
vt -0.936764 0.429465
vt -0.936764 0.371267
vt -0.955032 0.371267
vt 1.687571 0.430656
vt 1.687571 0.433507
vt 0.771406 0.433507
vt 1.687569 0.371135
vt 1.687569 0.368054
vt 0.771406 0.255351
vt 1.687570 0.255350
vt 1.687570 0.312688
vt 0.771406 0.315835
vt 1.687570 0.315835
vt -1.264692 0.429465
vt -1.264692 0.371267
vt 1.687570 0.481829
vt 0.771406 0.481829
vt 0.771406 0.481829
vt -0.060877 0.481829
vt -0.060877 0.481829
vt -0.890053 0.481829
vt -0.890054 0.315835
vt -0.060877 0.315835
vt -1.283352 0.429465
vt -1.283352 0.371267
vt 1.687570 0.484741
vt 0.771406 0.484741
vt 0.771406 0.484741
vt -0.060877 0.484741
vt -0.060877 0.484741
vt -0.890053 0.484741
vt 0.771406 0.430656
vt -0.060877 0.430656
vt -0.060877 0.371135
vt 0.771406 0.371135
vt -0.890054 0.430656
vt -0.890054 0.371135
vt 0.771406 0.312688
vt -0.060877 0.312688
vt -0.890054 0.312688
vt -0.060877 0.255351
vt 0.771406 0.255351
vt -0.890053 0.255351
vt -0.060877 0.255351
vt 0.771406 0.484741
vt -0.060877 0.484741
vt -0.060877 0.484741
vt -0.890053 0.484741
vt -0.936764 0.429465
vt -0.936764 0.371267
vt -1.283352 0.371267
vt -1.283352 0.429465
vt 1.687571 0.430656
vt 1.687570 0.484741
vt 0.771406 0.484741
vt 1.687569 0.371135
vt 1.687570 0.312688
vt 0.771406 0.255351
vt 1.687570 0.255350
vt 0.771406 0.430656
vt -0.060877 0.430656
vt -0.060877 0.371135
vt 0.771406 0.371135
vt -0.890054 0.430656
vt -0.890054 0.371135
vt 0.771406 0.312688
vt -0.060877 0.312688
vt -0.890054 0.312688
vt -0.060877 0.255351
vt 0.771406 0.255351
vt -0.890053 0.255351
vt -0.060877 0.255351
vt 0.771406 0.484741
vt -0.060877 0.484741
vt -0.060877 0.484741
vt -0.890053 0.484741
vt -0.936764 0.429465
vt -0.936764 0.371267
vt -1.283352 0.371267
vt -1.283352 0.429465
vt 1.687571 0.430656
vt 1.687570 0.484741
vt 0.771406 0.484741
vt 1.687569 0.371135
vt 1.687570 0.312688
vt 0.771406 0.255351
vt 1.687570 0.255350
vt 0.375000 0.000000
vt 0.625000 0.000000
vt 0.625000 0.250000
vt 0.375000 0.250000
vt 0.625000 0.500000
vt 0.375000 0.500000
vt 0.625000 0.750000
vt 0.375000 0.750000
vt 0.625000 1.000000
vt 0.375000 1.000000
vt 0.875000 0.000000
vt 0.875000 0.250000
vt 0.125000 0.000000
vt 0.125000 0.250000
vt 0.375000 0.000000
vt 0.625000 0.000000
vt 0.625000 0.250000
vt 0.375000 0.250000
vt 0.625000 0.500000
vt 0.375000 0.500000
vt 0.625000 0.750000
vt 0.375000 0.750000
vt 0.625000 1.000000
vt 0.375000 1.000000
vt 0.875000 0.000000
vt 0.875000 0.250000
vt 0.125000 0.000000
vt 0.125000 0.250000
vt -0.890054 0.430656
vt 1.687571 0.430656
vt 1.687570 0.484741
vt -0.890053 0.484741
vt 1.687569 0.371135
vt -0.890054 0.371135
vt -0.890054 0.312688
vt 1.687570 0.312688
vt 1.687570 0.255350
vt -0.890053 0.255351
vt -0.890054 0.430656
vt 1.687571 0.430656
vt 1.687570 0.484741
vt -0.890053 0.484741
vt 1.687569 0.371135
vt -0.890054 0.371135
vt -0.890054 0.312688
vt 1.687570 0.312688
vt 1.687570 0.255350
vt -0.890053 0.255351
vt 0.375000 0.000000
vt 0.625000 0.000000
vt 0.625000 0.250000
vt 0.375000 0.250000
vt 0.625000 0.500000
vt 0.375000 0.500000
vt 0.625000 0.750000
vt 0.375000 0.750000
vt 0.625000 1.000000
vt 0.375000 1.000000
vt 0.875000 0.000000
vt 0.875000 0.250000
vt 0.125000 0.000000
vt 0.125000 0.250000
vt -0.890054 0.430656
vt 0.405967 0.430656
vt 0.405967 0.433507
vt -0.890054 0.433507
vt 0.405966 0.371135
vt -0.890054 0.371135
vt -0.890054 0.368054
vt 0.405966 0.368054
vt 0.405967 0.255350
vt 0.405967 0.312688
vt -0.890054 0.312688
vt -0.890053 0.255351
vt -0.890054 0.315835
vt 0.405967 0.315835
vt 0.405967 0.481829
vt -0.890053 0.481829
vt 0.405967 0.484741
vt -0.890053 0.484741
vt 1.687570 0.312688
vt 1.687570 0.315835
vt 1.687569 0.368054
vt 1.687569 0.371135
vt 1.687571 0.430656
vt 1.687571 0.433507
vt 1.687570 0.481829
vt 1.687570 0.484741
vt 1.687570 0.255350
vt -0.890054 0.430656
vt 1.687571 0.430656
vt 1.687570 0.484741
vt -0.890053 0.484741
vt 1.687569 0.371135
vt -0.890054 0.371135
vt -0.890054 0.312688
vt 1.687570 0.312688
vt -0.890053 0.255351
vt 1.687570 0.255350
vt -0.890054 0.430656
vt 1.687571 0.430656
vt 1.687570 0.484741
vt -0.890053 0.484741
vt 1.687569 0.371135
vt -0.890054 0.371135
vt -0.890054 0.312688
vt 1.687570 0.312688
vt -0.890053 0.255351
vt 1.687570 0.255350
vt 0.375000 0.000000
vt 0.625000 0.000000
vt 0.625000 0.250000
vt 0.375000 0.250000
vt 0.625000 0.500000
vt 0.375000 0.500000
vt 0.625000 0.750000
vt 0.375000 0.750000
vt 0.625000 1.000000
vt 0.375000 1.000000
vt 0.875000 0.000000
vt 0.875000 0.250000
vt 0.125000 0.000000
vt 0.125000 0.250000
vt 0.375000 0.000000
vt 0.625000 0.000000
vt 0.625000 0.250000
vt 0.375000 0.250000
vt 0.625000 0.500000
vt 0.375000 0.500000
vt 0.625000 0.750000
vt 0.375000 0.750000
vt 0.625000 1.000000
vt 0.375000 1.000000
vt 0.875000 0.000000
vt 0.875000 0.250000
vt 0.125000 0.000000
vt 0.125000 0.250000
vt 0.375000 0.000000
vt 0.625000 0.000000
vt 0.625000 0.250000
vt 0.375000 0.250000
vt 0.625000 0.500000
vt 0.375000 0.500000
vt 0.625000 0.750000
vt 0.375000 0.750000
vt 0.625000 1.000000
vt 0.375000 1.000000
vt 0.875000 0.000000
vt 0.875000 0.250000
vt 0.125000 0.000000
vt 0.125000 0.250000
vt -0.936764 0.429465
vt -0.936764 0.371267
vt -1.283352 0.371267
vt -1.283352 0.429465
vt -0.890054 0.430656
vt 1.687571 0.430656
vt 1.687570 0.484741
vt -0.890053 0.484741
vt 1.687569 0.371135
vt -0.890054 0.371135
vt -0.890054 0.312688
vt 1.687570 0.312688
vt 1.687570 0.255350
vt -0.890053 0.255351
vt 1.739801 0.372323
vt 1.739801 0.428138
vt 2.062576 0.428138
vt 2.062576 0.372323
vt -0.890054 0.430656
vt 1.687571 0.430656
vt 1.687570 0.484741
vt -0.890053 0.484741
vt 1.687569 0.371135
vt -0.890054 0.371135
vt -0.890054 0.312688
vt 1.687570 0.312688
vt 1.687570 0.255350
vt -0.890053 0.255351
vt -0.890054 0.430656
vt 1.687571 0.430656
vt 1.687570 0.484741
vt -0.890053 0.484741
vt 1.687569 0.371135
vt -0.890054 0.371135
vt -0.890054 0.312688
vt 1.687570 0.312688
vt 1.687570 0.255350
vt -0.890053 0.255351
vt 0.375000 0.000000
vt 0.625000 0.000000
vt 0.625000 0.250000
vt 0.375000 0.250000
vt 0.625000 0.500000
vt 0.375000 0.500000
vt 0.625000 0.750000
vt 0.375000 0.750000
vt 0.625000 1.000000
vt 0.375000 1.000000
vt 0.875000 0.000000
vt 0.875000 0.250000
vt 0.125000 0.000000
vt 0.125000 0.250000
vt -0.890054 0.430656
vt 0.405967 0.430656
vt 0.405967 0.433507
vt -0.890054 0.433507
vt 0.405966 0.371135
vt -0.890054 0.371135
vt -0.890054 0.368054
vt 0.405966 0.368054
vt 0.405967 0.255350
vt 0.405967 0.312688
vt -0.890054 0.312688
vt -0.890053 0.255351
vt -0.890054 0.315835
vt 0.405967 0.315835
vt 0.405967 0.481829
vt -0.890053 0.481829
vt 0.405967 0.484741
vt -0.890053 0.484741
vt 1.687570 0.312688
vt 1.687570 0.315835
vt 1.687569 0.368054
vt 1.687569 0.371135
vt 1.687571 0.430656
vt 1.687571 0.433507
vt 1.687570 0.481829
vt 1.687570 0.484741
vt 1.687570 0.255350
vt -0.890054 0.430656
vt 1.687571 0.430656
vt 1.687570 0.484741
vt -0.890053 0.484741
vt 1.687569 0.371135
vt -0.890054 0.371135
vt -0.890054 0.312688
vt 1.687570 0.312688
vt -0.890053 0.255351
vt 1.687570 0.255350
vt -0.890054 0.430656
vt 1.687571 0.430656
vt 1.687570 0.484741
vt -0.890053 0.484741
vt 1.687569 0.371135
vt -0.890054 0.371135
vt -0.890054 0.312688
vt 1.687570 0.312688
vt -0.890053 0.255351
vt 1.687570 0.255350
vt 0.375000 0.000000
vt 0.625000 0.000000
vt 0.625000 0.250000
vt 0.375000 0.250000
vt 0.625000 0.500000
vt 0.375000 0.500000
vt 0.625000 0.750000
vt 0.375000 0.750000
vt 0.625000 1.000000
vt 0.375000 1.000000
vt 0.875000 0.000000
vt 0.875000 0.250000
vt 0.125000 0.000000
vt 0.125000 0.250000
vt 0.375000 0.000000
vt 0.625000 0.000000
vt 0.625000 0.250000
vt 0.375000 0.250000
vt 0.625000 0.500000
vt 0.375000 0.500000
vt 0.625000 0.750000
vt 0.375000 0.750000
vt 0.625000 1.000000
vt 0.375000 1.000000
vt 0.875000 0.000000
vt 0.875000 0.250000
vt 0.125000 0.000000
vt 0.125000 0.250000
vt 0.375000 0.000000
vt 0.625000 0.000000
vt 0.625000 0.250000
vt 0.375000 0.250000
vt 0.625000 0.500000
vt 0.375000 0.500000
vt 0.625000 0.750000
vt 0.375000 0.750000
vt 0.625000 1.000000
vt 0.375000 1.000000
vt 0.875000 0.000000
vt 0.875000 0.250000
vt 0.125000 0.000000
vt 0.125000 0.250000
vt -0.936764 0.429465
vt -0.936764 0.371267
vt -1.283352 0.371267
vt -1.283352 0.429465
vt -0.890054 0.430656
vt 1.687571 0.430656
vt 1.687570 0.484741
vt -0.890053 0.484741
vt 1.687569 0.371135
vt -0.890054 0.371135
vt -0.890054 0.312688
vt 1.687570 0.312688
vt 1.687570 0.255350
vt -0.890053 0.255351
vt 1.739801 0.372323
vt 1.739801 0.428138
vt 2.062576 0.428138
vt 2.062576 0.372323
vt 0.771406 0.430656
vt -0.060877 0.430656
vt -0.060877 0.371135
vt 0.771406 0.371135
vt -0.890054 0.430656
vt -0.890054 0.371135
vt 0.771406 0.312688
vt -0.060877 0.312688
vt -0.890054 0.312688
vt -0.060877 0.255351
vt 0.771406 0.255351
vt -0.890053 0.255351
vt -0.060877 0.255351
vt 0.771406 0.484741
vt -0.060877 0.484741
vt -0.060877 0.484741
vt -0.890053 0.484741
vt -0.936764 0.429465
vt -0.936764 0.371267
vt -1.283352 0.371267
vt -1.283352 0.429465
vt 1.687571 0.430656
vt 1.687570 0.484741
vt 0.771406 0.484741
vt 1.687569 0.371135
vt 1.687570 0.312688
vt 0.771406 0.255351
vt 1.687570 0.255350
vt 0.771406 0.430656
vt -0.060877 0.430656
vt -0.060877 0.371135
vt 0.771406 0.371135
vt -0.890054 0.430656
vt -0.890054 0.371135
vt 0.771406 0.312688
vt -0.060877 0.312688
vt -0.890054 0.312688
vt -0.060877 0.255351
vt 0.771406 0.255351
vt -0.890053 0.255351
vt -0.060877 0.255351
vt 0.771406 0.484741
vt -0.060877 0.484741
vt -0.060877 0.484741
vt -0.890053 0.484741
vt -0.936764 0.429465
vt -0.936764 0.371267
vt -1.283352 0.371267
vt -1.283352 0.429465
vt 1.687571 0.430656
vt 1.687570 0.484741
vt 0.771406 0.484741
vt 1.687569 0.371135
vt 1.687570 0.312688
vt 0.771406 0.255351
vt 1.687570 0.255350
vt 0.375000 0.000000
vt 0.625000 0.000000
vt 0.625000 0.250000
vt 0.375000 0.250000
vt 0.625000 0.500000
vt 0.375000 0.500000
vt 0.625000 0.750000
vt 0.375000 0.750000
vt 0.625000 1.000000
vt 0.375000 1.000000
vt 0.875000 0.000000
vt 0.875000 0.250000
vt 0.125000 0.000000
vt 0.125000 0.250000
vt 0.375000 0.000000
vt 0.625000 0.000000
vt 0.625000 0.250000
vt 0.375000 0.250000
vt 0.625000 0.500000
vt 0.375000 0.500000
vt 0.625000 0.750000
vt 0.375000 0.750000
vt 0.625000 1.000000
vt 0.375000 1.000000
vt 0.875000 0.000000
vt 0.875000 0.250000
vt 0.125000 0.000000
vt 0.125000 0.250000
vt 0.771406 0.430656
vt -0.060877 0.430656
vt -0.060877 0.371135
vt 0.771406 0.371135
vt -0.890054 0.430656
vt -0.890054 0.371135
vt -0.060877 0.368054
vt 0.771406 0.368054
vt -0.890054 0.368054
vt 0.771406 0.312688
vt -0.060877 0.312688
vt -0.060877 0.255351
vt 0.771406 0.255351
vt -0.890054 0.312688
vt -0.890053 0.255351
vt -0.060877 0.255351
vt 0.771406 0.433507
vt -0.060877 0.433506
vt -0.060877 0.433506
vt -0.890054 0.433507
vt -0.955032 0.429465
vt -0.936764 0.429465
vt -0.936764 0.371267
vt -0.955032 0.371267
vt 1.687571 0.430656
vt 1.687571 0.433507
vt 0.771406 0.433507
vt 1.687569 0.371135
vt 1.687569 0.368054
vt 0.771406 0.255351
vt 1.687570 0.255350
vt 1.687570 0.312688
vt 0.771406 0.315835
vt 1.687570 0.315835
vt -1.264692 0.429465
vt -1.264692 0.371267
vt 1.687570 0.481829
vt 0.771406 0.481829
vt 0.771406 0.481829
vt -0.060877 0.481829
vt -0.060877 0.481829
vt -0.890053 0.481829
vt -0.890054 0.315835
vt -0.060877 0.315835
vt -1.283352 0.429465
vt -1.283352 0.371267
vt 1.687570 0.484741
vt 0.771406 0.484741
vt 0.771406 0.484741
vt -0.060877 0.484741
vt -0.060877 0.484741
vt -0.890053 0.484741
vt 0.771406 0.430656
vt -0.060877 0.430656
vt -0.060877 0.371135
vt 0.771406 0.371135
vt -0.890054 0.430656
vt -0.890054 0.371135
vt 0.771406 0.312688
vt -0.060877 0.312688
vt -0.890054 0.312688
vt -0.060877 0.255351
vt 0.771406 0.255351
vt -0.890053 0.255351
vt -0.060877 0.255351
vt 0.771406 0.484741
vt -0.060877 0.484741
vt -0.060877 0.484741
vt -0.890053 0.484741
vt -0.936764 0.429465
vt -0.936764 0.371267
vt -1.283352 0.371267
vt -1.283352 0.429465
vt 1.687571 0.430656
vt 1.687570 0.484741
vt 0.771406 0.484741
vt 1.687569 0.371135
vt 1.687570 0.312688
vt 0.771406 0.255351
vt 1.687570 0.255350
vt 0.771406 0.430656
vt -0.060877 0.430656
vt -0.060877 0.371135
vt 0.771406 0.371135
vt -0.890054 0.430656
vt -0.890054 0.371135
vt 0.771406 0.312688
vt -0.060877 0.312688
vt -0.890054 0.312688
vt -0.060877 0.255351
vt 0.771406 0.255351
vt -0.890053 0.255351
vt -0.060877 0.255351
vt 0.771406 0.484741
vt -0.060877 0.484741
vt -0.060877 0.484741
vt -0.890053 0.484741
vt -0.936764 0.429465
vt -0.936764 0.371267
vt -1.283352 0.371267
vt -1.283352 0.429465
vt 1.687571 0.430656
vt 1.687570 0.484741
vt 0.771406 0.484741
vt 1.687569 0.371135
vt 1.687570 0.312688
vt 0.771406 0.255351
vt 1.687570 0.255350
vt 0.375000 0.000000
vt 0.625000 0.000000
vt 0.625000 0.250000
vt 0.375000 0.250000
vt 0.625000 0.500000
vt 0.375000 0.500000
vt 0.625000 0.750000
vt 0.375000 0.750000
vt 0.625000 1.000000
vt 0.375000 1.000000
vt 0.875000 0.000000
vt 0.875000 0.250000
vt 0.125000 0.000000
vt 0.125000 0.250000
vt 0.375000 0.000000
vt 0.625000 0.000000
vt 0.625000 0.250000
vt 0.375000 0.250000
vt 0.625000 0.500000
vt 0.375000 0.500000
vt 0.625000 0.750000
vt 0.375000 0.750000
vt 0.625000 1.000000
vt 0.375000 1.000000
vt 0.875000 0.000000
vt 0.875000 0.250000
vt 0.125000 0.000000
vt 0.125000 0.250000
vn 0.000000 -0.734604 0.678496
vn 0.000000 -0.734604 0.678496
vn 0.000000 -0.734604 0.678496
vn 0.000000 -0.734604 0.678496
vn 1.000000 -0.000072 0.000000
vn 1.000000 -0.000072 0.000000
vn 1.000000 -0.000072 0.000000
vn 1.000000 -0.000072 0.000000
vn 0.000000 0.734604 -0.678496
vn 0.000000 0.734604 -0.678496
vn 0.000000 0.734604 -0.678496
vn 0.000000 0.734604 -0.678496
vn -1.000000 0.000000 0.000000
vn -1.000000 0.000000 0.000000
vn -1.000000 0.000000 0.000000
vn -1.000000 0.000000 0.000000
vn 0.000000 -0.734602 -0.678498
vn 0.000000 -0.734602 -0.678498
vn 0.000000 -0.734602 -0.678498
vn 0.000000 -0.734602 -0.678498
vn 0.000000 0.734602 0.678498
vn 0.000000 0.734602 0.678498
vn 0.000000 0.734602 0.678498
vn 0.000000 0.734602 0.678498
vn -0.568293 0.822827 -0.000002
vn -0.568293 0.822827 -0.000002
vn -0.568293 0.822827 -0.000002
vn -0.568293 0.822827 -0.000002
vn 0.961757 0.273906 -0.000001
vn 0.961757 0.273906 -0.000001
vn 0.961757 0.273906 -0.000001
vn 0.961757 0.273906 -0.000001
vn 0.568292 -0.822827 0.000002
vn 0.568292 -0.822827 0.000002
vn 0.568292 -0.822827 0.000002
vn 0.568292 -0.822827 0.000002
vn -0.961778 -0.273830 0.000001
vn -0.961778 -0.273830 0.000001
vn -0.961778 -0.273830 0.000001
vn -0.961778 -0.273830 0.000001
vn -0.000001 0.000000 -1.000000
vn -0.000001 0.000000 -1.000000
vn -0.000001 0.000000 -1.000000
vn -0.000001 0.000000 -1.000000
vn -0.000000 0.000000 1.000000
vn -0.000000 0.000000 1.000000
vn -0.000000 0.000000 1.000000
vn -0.000000 0.000000 1.000000
vn 0.568291 0.822828 -0.000002
vn 0.568291 0.822828 -0.000002
vn 0.568291 0.822828 -0.000002
vn 0.568291 0.822828 -0.000002
vn -0.961757 0.273906 -0.000001
vn -0.961757 0.273906 -0.000001
vn -0.961757 0.273906 -0.000001
vn -0.961757 0.273906 -0.000001
vn -0.568288 -0.822830 0.000002
vn -0.568288 -0.822830 0.000002
vn -0.568288 -0.822830 0.000002
vn -0.568288 -0.822830 0.000002
vn 0.961800 -0.273754 0.000001
vn 0.961800 -0.273754 0.000001
vn 0.961800 -0.273754 0.000001
vn 0.961800 -0.273754 0.000001
vn 0.000001 0.000000 -1.000000
vn 0.000001 0.000000 -1.000000
vn 0.000001 0.000000 -1.000000
vn 0.000001 0.000000 -1.000000
vn 0.000000 0.000000 1.000000
vn 0.000000 0.000000 1.000000
vn 0.000000 0.000000 1.000000
vn 0.000000 0.000000 1.000000
vn 0.000000 -0.734604 0.678496
vn 0.000000 -0.734604 0.678496
vn 0.000000 -0.734604 0.678496
vn 0.000000 -0.734604 0.678496
vn 1.000000 -0.000072 0.000000
vn 1.000000 -0.000072 0.000000
vn 1.000000 -0.000072 0.000000
vn 1.000000 -0.000072 0.000000
vn 0.000000 0.734604 -0.678496
vn 0.000000 0.734604 -0.678496
vn 0.000000 0.734604 -0.678496
vn 0.000000 0.734604 -0.678496
vn -1.000000 0.000000 0.000000
vn -1.000000 0.000000 0.000000
vn -1.000000 0.000000 0.000000
vn -1.000000 0.000000 0.000000
vn 0.000000 -0.734602 -0.678499
vn 0.000000 -0.734602 -0.678499
vn 0.000000 -0.734602 -0.678499
vn 0.000000 -0.734602 -0.678499
vn 0.000000 0.734602 0.678499
vn 0.000000 0.734602 0.678499
vn 0.000000 0.734602 0.678499
vn 0.000000 0.734602 0.678499
vn -0.568293 0.822827 -0.000004
vn -0.568293 0.822827 -0.000004
vn -0.568293 0.822827 -0.000004
vn -0.568293 0.822827 -0.000004
vn 0.961757 0.273906 -0.000001
vn 0.961757 0.273906 -0.000001
vn 0.961757 0.273906 -0.000001
vn 0.961757 0.273906 -0.000001
vn 0.568291 -0.822828 0.000002
vn 0.568291 -0.822828 0.000002
vn 0.568291 -0.822828 0.000002
vn 0.568291 -0.822828 0.000002
vn -0.961778 -0.273830 0.000000
vn -0.961778 -0.273830 0.000000
vn -0.961778 -0.273830 0.000000
vn -0.961778 -0.273830 0.000000
vn 0.000000 0.000000 -1.000000
vn 0.000000 0.000000 -1.000000
vn 0.000000 0.000000 -1.000000
vn 0.000000 0.000000 -1.000000
vn -0.000000 0.000000 1.000000
vn -0.000000 0.000000 1.000000
vn -0.000000 0.000000 1.000000
vn -0.000000 0.000000 1.000000
vn 0.568291 0.822828 -0.000004
vn 0.568291 0.822828 -0.000004
vn 0.568291 0.822828 -0.000004
vn 0.568291 0.822828 -0.000004
vn -0.961756 0.273906 -0.000001
vn -0.961756 0.273906 -0.000001
vn -0.961756 0.273906 -0.000001
vn -0.961756 0.273906 -0.000001
vn -0.568288 -0.822830 0.000002
vn -0.568288 -0.822830 0.000002
vn -0.568288 -0.822830 0.000002
vn -0.568288 -0.822830 0.000002
vn 0.961800 -0.273754 0.000000
vn 0.961800 -0.273754 0.000000
vn 0.961800 -0.273754 0.000000
vn 0.961800 -0.273754 0.000000
vn 0.000000 0.000000 -1.000000
vn 0.000000 0.000000 -1.000000
vn 0.000000 0.000000 -1.000000
vn 0.000000 0.000000 -1.000000
vn 0.000000 0.000000 1.000000
vn 0.000000 0.000000 1.000000
vn 0.000000 0.000000 1.000000
vn 0.000000 0.000000 1.000000
vn 0.000000 -0.734603 0.678497
vn 0.000000 -0.734603 0.678497
vn 0.000000 -0.734603 0.678497
vn 0.000000 -0.734603 0.678497
vn 1.000000 -0.000072 0.000000
vn 1.000000 -0.000072 0.000000
vn 1.000000 -0.000072 0.000000
vn 1.000000 -0.000072 0.000000
vn 0.000000 0.734603 -0.678497
vn 0.000000 0.734603 -0.678497
vn 0.000000 0.734603 -0.678497
vn 0.000000 0.734603 -0.678497
vn -1.000000 0.000000 0.000000
vn -1.000000 0.000000 0.000000
vn -1.000000 0.000000 0.000000
vn -1.000000 0.000000 0.000000
vn 0.000000 -0.734601 -0.678499
vn 0.000000 -0.734601 -0.678499
vn 0.000000 -0.734601 -0.678499
vn 0.000000 -0.734601 -0.678499
vn 0.000000 0.734601 0.678499
vn 0.000000 0.734601 0.678499
vn 0.000000 0.734601 0.678499
vn 0.000000 0.734601 0.678499
vn -0.568293 0.822827 0.000000
vn -0.568293 0.822827 0.000000
vn -0.568293 0.822827 0.000000
vn -0.568293 0.822827 0.000000
vn 0.961757 0.273906 0.000000
vn 0.961757 0.273906 0.000000
vn 0.961757 0.273906 0.000000
vn 0.961757 0.273906 0.000000
vn 0.568291 -0.822828 0.000007
vn 0.568291 -0.822828 0.000007
vn 0.568291 -0.822828 0.000007
vn 0.568291 -0.822828 0.000007
vn -0.961778 -0.273830 0.000001
vn -0.961778 -0.273830 0.000001
vn -0.961778 -0.273830 0.000001
vn -0.961778 -0.273830 0.000001
vn 0.000000 0.000000 -1.000000
vn 0.000000 0.000000 -1.000000
vn 0.000000 0.000000 -1.000000
vn 0.000000 0.000000 -1.000000
vn -0.000000 0.000000 1.000000
vn -0.000000 0.000000 1.000000
vn -0.000000 0.000000 1.000000
vn -0.000000 0.000000 1.000000
vn 0.568291 0.822828 0.000000
vn 0.568291 0.822828 0.000000
vn 0.568291 0.822828 0.000000
vn 0.568291 0.822828 0.000000
vn -0.961757 0.273906 0.000000
vn -0.961757 0.273906 0.000000
vn -0.961757 0.273906 0.000000
vn -0.961757 0.273906 0.000000
vn -0.568288 -0.822830 0.000004
vn -0.568288 -0.822830 0.000004
vn -0.568288 -0.822830 0.000004
vn -0.568288 -0.822830 0.000004
vn 0.961800 -0.273754 0.000001
vn 0.961800 -0.273754 0.000001
vn 0.961800 -0.273754 0.000001
vn 0.961800 -0.273754 0.000001
vn 0.000000 0.000000 -1.000000
vn 0.000000 0.000000 -1.000000
vn 0.000000 0.000000 -1.000000
vn 0.000000 0.000000 -1.000000
vn 0.000000 0.000000 1.000000
vn 0.000000 0.000000 1.000000
vn 0.000000 0.000000 1.000000
vn 0.000000 0.000000 1.000000
vn 0.000000 -0.734602 0.678498
vn 0.000000 -0.734602 0.678498
vn 0.000000 -0.734602 0.678498
vn 0.000000 -0.734602 0.678498
vn 1.000000 -0.000072 0.000000
vn 1.000000 -0.000072 0.000000
vn 1.000000 -0.000072 0.000000
vn 1.000000 -0.000072 0.000000
vn 0.000000 0.734605 -0.678495
vn 0.000000 0.734605 -0.678495
vn 0.000000 0.734605 -0.678495
vn 0.000000 0.734605 -0.678495
vn -1.000000 0.000000 0.000000
vn -1.000000 0.000000 0.000000
vn -1.000000 0.000000 0.000000
vn -1.000000 0.000000 0.000000
vn 0.000000 -0.734598 -0.678502
vn 0.000000 -0.734598 -0.678502
vn 0.000000 -0.734598 -0.678502
vn 0.000000 -0.734598 -0.678502
vn 0.000000 0.734601 0.678499
vn 0.000000 0.734601 0.678499
vn 0.000000 0.734601 0.678499
vn 0.000000 0.734601 0.678499
vn -0.568292 0.822827 0.000000
vn -0.568292 0.822827 0.000000
vn -0.568292 0.822827 0.000000
vn -0.568292 0.822827 0.000000
vn 0.961756 0.273906 0.000000
vn 0.961756 0.273906 0.000000
vn 0.961756 0.273906 0.000000
vn 0.961756 0.273906 0.000000
vn 0.568291 -0.822828 0.000000
vn 0.568291 -0.822828 0.000000
vn 0.568291 -0.822828 0.000000
vn 0.568291 -0.822828 0.000000
vn -0.961778 -0.273830 0.000000
vn -0.961778 -0.273830 0.000000
vn -0.961778 -0.273830 0.000000
vn -0.961778 -0.273830 0.000000
vn -0.000000 0.000000 -1.000000
vn -0.000000 0.000000 -1.000000
vn -0.000000 0.000000 -1.000000
vn -0.000000 0.000000 -1.000000
vn -0.000000 0.000000 1.000000
vn -0.000000 0.000000 1.000000
vn -0.000000 0.000000 1.000000
vn -0.000000 0.000000 1.000000
vn 0.568290 0.822828 0.000000
vn 0.568290 0.822828 0.000000
vn 0.568290 0.822828 0.000000
vn 0.568290 0.822828 0.000000
vn -0.961756 0.273906 0.000000
vn -0.961756 0.273906 0.000000
vn -0.961756 0.273906 0.000000
vn -0.961756 0.273906 0.000000
vn -0.568288 -0.822830 0.000000
vn -0.568288 -0.822830 0.000000
vn -0.568288 -0.822830 0.000000
vn -0.568288 -0.822830 0.000000
vn 0.961800 -0.273754 0.000000
vn 0.961800 -0.273754 0.000000
vn 0.961800 -0.273754 0.000000
vn 0.961800 -0.273754 0.000000
vn 0.000000 0.000000 -1.000000
vn 0.000000 0.000000 -1.000000
vn 0.000000 0.000000 -1.000000
vn 0.000000 0.000000 -1.000000
vn 0.000000 0.000000 1.000000
vn 0.000000 0.000000 1.000000
vn 0.000000 0.000000 1.000000
vn 0.000000 0.000000 1.000000
vn 0.707079 0.000000 0.707134
vn 0.707079 0.000000 0.707134
vn 0.707079 0.000000 0.707134
vn 0.707079 0.000000 0.707134
vn 0.000050 0.999998 0.001950
vn 0.000050 0.999998 0.001950
vn 0.000050 0.999998 0.001950
vn 0.000050 0.999998 0.001950
vn -0.707135 0.000000 -0.707079
vn -0.707135 0.000000 -0.707079
vn -0.707135 0.000000 -0.707079
vn -0.707135 0.000000 -0.707079
vn 0.000000 -1.000000 0.000000
vn 0.000000 -1.000000 0.000000
vn 0.000000 -1.000000 0.000000
vn 0.000000 -1.000000 0.000000
vn 0.707083 0.000000 -0.707130
vn 0.707083 0.000000 -0.707130
vn 0.707083 0.000000 -0.707130
vn 0.707083 0.000000 -0.707130
vn -0.707144 0.000000 0.707070
vn -0.707144 0.000000 0.707070
vn -0.707144 0.000000 0.707070
vn -0.707144 0.000000 0.707070
vn 0.707079 0.000000 0.707134
vn 0.707079 0.000000 0.707134
vn 0.707079 0.000000 0.707134
vn 0.707079 0.000000 0.707134
vn 0.000050 0.999998 0.001950
vn 0.000050 0.999998 0.001950
vn 0.000050 0.999998 0.001950
vn 0.000050 0.999998 0.001950
vn -0.707135 0.000000 -0.707079
vn -0.707135 0.000000 -0.707079
vn -0.707135 0.000000 -0.707079
vn -0.707135 0.000000 -0.707079
vn 0.000000 -1.000000 0.000000
vn 0.000000 -1.000000 0.000000
vn 0.000000 -1.000000 0.000000
vn 0.000000 -1.000000 0.000000
vn 0.707083 0.000000 -0.707130
vn 0.707083 0.000000 -0.707130
vn 0.707083 0.000000 -0.707130
vn 0.707083 0.000000 -0.707130
vn -0.707144 0.000000 0.707070
vn -0.707144 0.000000 0.707070
vn -0.707144 0.000000 0.707070
vn -0.707144 0.000000 0.707070
vn 0.000000 -0.734604 0.678496
vn 0.000000 -0.734604 0.678496
vn 0.000000 -0.734604 0.678496
vn 0.000000 -0.734604 0.678496
vn 1.000000 -0.000072 0.000000
vn 1.000000 -0.000072 0.000000
vn 1.000000 -0.000072 0.000000
vn 1.000000 -0.000072 0.000000
vn 0.000000 0.734604 -0.678496
vn 0.000000 0.734604 -0.678496
vn 0.000000 0.734604 -0.678496
vn 0.000000 0.734604 -0.678496
vn -1.000000 0.000000 0.000000
vn -1.000000 0.000000 0.000000
vn -1.000000 0.000000 0.000000
vn -1.000000 0.000000 0.000000
vn 0.000000 -0.734602 -0.678498
vn 0.000000 -0.734602 -0.678498
vn 0.000000 -0.734602 -0.678498
vn 0.000000 -0.734602 -0.678498
vn 0.000000 0.734602 0.678498
vn 0.000000 0.734602 0.678498
vn 0.000000 0.734602 0.678498
vn 0.000000 0.734602 0.678498
vn -0.568292 0.822827 -0.000002
vn -0.568292 0.822827 -0.000002
vn -0.568292 0.822827 -0.000002
vn -0.568292 0.822827 -0.000002
vn 0.961756 0.273906 -0.000001
vn 0.961756 0.273906 -0.000001
vn 0.961756 0.273906 -0.000001
vn 0.961756 0.273906 -0.000001
vn 0.568290 -0.822828 0.000002
vn 0.568290 -0.822828 0.000002
vn 0.568290 -0.822828 0.000002
vn 0.568290 -0.822828 0.000002
vn -0.961778 -0.273830 0.000001
vn -0.961778 -0.273830 0.000001
vn -0.961778 -0.273830 0.000001
vn -0.961778 -0.273830 0.000001
vn 0.000001 0.000000 -1.000000
vn 0.000001 0.000000 -1.000000
vn 0.000001 0.000000 -1.000000
vn 0.000001 0.000000 -1.000000
vn 0.000000 0.000000 1.000000
vn 0.000000 0.000000 1.000000
vn 0.000000 0.000000 1.000000
vn 0.000000 0.000000 1.000000
vn 0.568290 0.822828 -0.000002
vn 0.568290 0.822828 -0.000002
vn 0.568290 0.822828 -0.000002
vn 0.568290 0.822828 -0.000002
vn -0.961756 0.273906 -0.000001
vn -0.961756 0.273906 -0.000001
vn -0.961756 0.273906 -0.000001
vn -0.961756 0.273906 -0.000001
vn -0.568286 -0.822831 0.000002
vn -0.568286 -0.822831 0.000002
vn -0.568286 -0.822831 0.000002
vn -0.568286 -0.822831 0.000002
vn 0.961800 -0.273755 0.000001
vn 0.961800 -0.273755 0.000001
vn 0.961800 -0.273755 0.000001
vn 0.961800 -0.273755 0.000001
vn -0.000001 0.000000 -1.000000
vn -0.000001 0.000000 -1.000000
vn -0.000001 0.000000 -1.000000
vn -0.000001 0.000000 -1.000000
vn 0.000000 0.000000 1.000000
vn 0.000000 0.000000 1.000000
vn 0.000000 0.000000 1.000000
vn 0.000000 0.000000 1.000000
vn 0.000000 -0.734604 0.678496
vn 0.000000 -0.734604 0.678496
vn 0.000000 -0.734604 0.678496
vn 0.000000 -0.734604 0.678496
vn 1.000000 -0.000072 0.000000
vn 1.000000 -0.000072 0.000000
vn 1.000000 -0.000072 0.000000
vn 1.000000 -0.000072 0.000000
vn 0.000000 0.734604 -0.678496
vn 0.000000 0.734604 -0.678496
vn 0.000000 0.734604 -0.678496
vn 0.000000 0.734604 -0.678496
vn -1.000000 0.000000 0.000000
vn -1.000000 0.000000 0.000000
vn -1.000000 0.000000 0.000000
vn -1.000000 0.000000 0.000000
vn 0.000000 -0.734602 -0.678499
vn 0.000000 -0.734602 -0.678499
vn 0.000000 -0.734602 -0.678499
vn 0.000000 -0.734602 -0.678499
vn 0.000000 0.734602 0.678499
vn 0.000000 0.734602 0.678499
vn 0.000000 0.734602 0.678499
vn 0.000000 0.734602 0.678499
vn -0.568292 0.822827 -0.000004
vn -0.568292 0.822827 -0.000004
vn -0.568292 0.822827 -0.000004
vn -0.568292 0.822827 -0.000004
vn 0.961757 0.273906 -0.000001
vn 0.961757 0.273906 -0.000001
vn 0.961757 0.273906 -0.000001
vn 0.961757 0.273906 -0.000001
vn 0.568290 -0.822828 0.000002
vn 0.568290 -0.822828 0.000002
vn 0.568290 -0.822828 0.000002
vn 0.568290 -0.822828 0.000002
vn -0.961778 -0.273830 0.000000
vn -0.961778 -0.273830 0.000000
vn -0.961778 -0.273830 0.000000
vn -0.961778 -0.273830 0.000000
vn 0.000000 0.000000 -1.000000
vn 0.000000 0.000000 -1.000000
vn 0.000000 0.000000 -1.000000
vn 0.000000 0.000000 -1.000000
vn 0.000000 0.000000 1.000000
vn 0.000000 0.000000 1.000000
vn 0.000000 0.000000 1.000000
vn 0.000000 0.000000 1.000000
vn 0.568290 0.822828 -0.000004
vn 0.568290 0.822828 -0.000004
vn 0.568290 0.822828 -0.000004
vn 0.568290 0.822828 -0.000004
vn -0.961756 0.273906 -0.000001
vn -0.961756 0.273906 -0.000001
vn -0.961756 0.273906 -0.000001
vn -0.961756 0.273906 -0.000001
vn -0.568287 -0.822830 0.000002
vn -0.568287 -0.822830 0.000002
vn -0.568287 -0.822830 0.000002
vn -0.568287 -0.822830 0.000002
vn 0.961800 -0.273754 0.000000
vn 0.961800 -0.273754 0.000000
vn 0.961800 -0.273754 0.000000
vn 0.961800 -0.273754 0.000000
vn 0.000000 0.000000 -1.000000
vn 0.000000 0.000000 -1.000000
vn 0.000000 0.000000 -1.000000
vn 0.000000 0.000000 -1.000000
vn 0.000000 0.000000 1.000000
vn 0.000000 0.000000 1.000000
vn 0.000000 0.000000 1.000000
vn 0.000000 0.000000 1.000000
vn 0.000000 -0.734603 0.678497
vn 0.000000 -0.734603 0.678497
vn 0.000000 -0.734603 0.678497
vn 0.000000 -0.734603 0.678497
vn 1.000000 -0.000072 0.000000
vn 1.000000 -0.000072 0.000000
vn 1.000000 -0.000072 0.000000
vn 1.000000 -0.000072 0.000000
vn 0.000000 0.734603 -0.678497
vn 0.000000 0.734603 -0.678497
vn 0.000000 0.734603 -0.678497
vn 0.000000 0.734603 -0.678497
vn -1.000000 0.000000 0.000000
vn -1.000000 0.000000 0.000000
vn -1.000000 0.000000 0.000000
vn -1.000000 0.000000 0.000000
vn 0.000000 -0.734601 -0.678499
vn 0.000000 -0.734601 -0.678499
vn 0.000000 -0.734601 -0.678499
vn 0.000000 -0.734601 -0.678499
vn 0.000000 0.734601 0.678499
vn 0.000000 0.734601 0.678499
vn 0.000000 0.734601 0.678499
vn 0.000000 0.734601 0.678499
vn -0.568292 0.822827 0.000000
vn -0.568292 0.822827 0.000000
vn -0.568292 0.822827 0.000000
vn -0.568292 0.822827 0.000000
vn 0.961756 0.273906 0.000000
vn 0.961756 0.273906 0.000000
vn 0.961756 0.273906 0.000000
vn 0.961756 0.273906 0.000000
vn 0.568290 -0.822828 0.000007
vn 0.568290 -0.822828 0.000007
vn 0.568290 -0.822828 0.000007
vn 0.568290 -0.822828 0.000007
vn -0.961778 -0.273830 0.000001
vn -0.961778 -0.273830 0.000001
vn -0.961778 -0.273830 0.000001
vn -0.961778 -0.273830 0.000001
vn 0.000000 0.000000 -1.000000
vn 0.000000 0.000000 -1.000000
vn 0.000000 0.000000 -1.000000
vn 0.000000 0.000000 -1.000000
vn 0.000000 0.000000 1.000000
vn 0.000000 0.000000 1.000000
vn 0.000000 0.000000 1.000000
vn 0.000000 0.000000 1.000000
vn 0.568290 0.822828 0.000000
vn 0.568290 0.822828 0.000000
vn 0.568290 0.822828 0.000000
vn 0.568290 0.822828 0.000000
vn -0.961756 0.273906 0.000000
vn -0.961756 0.273906 0.000000
vn -0.961756 0.273906 0.000000
vn -0.961756 0.273906 0.000000
vn -0.568287 -0.822830 0.000004
vn -0.568287 -0.822830 0.000004
vn -0.568287 -0.822830 0.000004
vn -0.568287 -0.822830 0.000004
vn 0.961800 -0.273754 0.000001
vn 0.961800 -0.273754 0.000001
vn 0.961800 -0.273754 0.000001
vn 0.961800 -0.273754 0.000001
vn 0.000000 0.000000 -1.000000
vn 0.000000 0.000000 -1.000000
vn 0.000000 0.000000 -1.000000
vn 0.000000 0.000000 -1.000000
vn 0.000000 0.000000 1.000000
vn 0.000000 0.000000 1.000000
vn 0.000000 0.000000 1.000000
vn 0.000000 0.000000 1.000000
vn 0.000000 -0.734602 0.678498
vn 0.000000 -0.734602 0.678498
vn 0.000000 -0.734602 0.678498
vn 0.000000 -0.734602 0.678498
vn 1.000000 -0.000072 0.000000
vn 1.000000 -0.000072 0.000000
vn 1.000000 -0.000072 0.000000
vn 1.000000 -0.000072 0.000000
vn 0.000000 0.734605 -0.678495
vn 0.000000 0.734605 -0.678495
vn 0.000000 0.734605 -0.678495
vn 0.000000 0.734605 -0.678495
vn -1.000000 0.000000 0.000000
vn -1.000000 0.000000 0.000000
vn -1.000000 0.000000 0.000000
vn -1.000000 0.000000 0.000000
vn 0.000000 -0.734598 -0.678502
vn 0.000000 -0.734598 -0.678502
vn 0.000000 -0.734598 -0.678502
vn 0.000000 -0.734598 -0.678502
vn 0.000000 0.734601 0.678499
vn 0.000000 0.734601 0.678499
vn 0.000000 0.734601 0.678499
vn 0.000000 0.734601 0.678499
vn -0.568293 0.822826 0.000000
vn -0.568293 0.822826 0.000000
vn -0.568293 0.822826 0.000000
vn -0.568293 0.822826 0.000000
vn 0.961756 0.273906 0.000000
vn 0.961756 0.273906 0.000000
vn 0.961756 0.273906 0.000000
vn 0.961756 0.273906 0.000000
vn 0.568290 -0.822828 0.000000
vn 0.568290 -0.822828 0.000000
vn 0.568290 -0.822828 0.000000
vn 0.568290 -0.822828 0.000000
vn -0.961778 -0.273830 0.000000
vn -0.961778 -0.273830 0.000000
vn -0.961778 -0.273830 0.000000
vn -0.961778 -0.273830 0.000000
vn 0.000001 0.000000 -1.000000
vn 0.000001 0.000000 -1.000000
vn 0.000001 0.000000 -1.000000
vn 0.000001 0.000000 -1.000000
vn -0.000000 0.000000 1.000000
vn -0.000000 0.000000 1.000000
vn -0.000000 0.000000 1.000000
vn -0.000000 0.000000 1.000000
vn 0.568291 0.822828 0.000000
vn 0.568291 0.822828 0.000000
vn 0.568291 0.822828 0.000000
vn 0.568291 0.822828 0.000000
vn -0.961756 0.273906 0.000000
vn -0.961756 0.273906 0.000000
vn -0.961756 0.273906 0.000000
vn -0.961756 0.273906 0.000000
vn -0.568287 -0.822830 0.000000
vn -0.568287 -0.822830 0.000000
vn -0.568287 -0.822830 0.000000
vn -0.568287 -0.822830 0.000000
vn 0.961800 -0.273755 0.000000
vn 0.961800 -0.273755 0.000000
vn 0.961800 -0.273755 0.000000
vn 0.961800 -0.273755 0.000000
vn -0.000001 0.000000 -1.000000
vn -0.000001 0.000000 -1.000000
vn -0.000001 0.000000 -1.000000
vn -0.000001 0.000000 -1.000000
vn 0.000000 0.000000 1.000000
vn 0.000000 0.000000 1.000000
vn 0.000000 0.000000 1.000000
vn 0.000000 0.000000 1.000000
vn 0.707078 0.000000 0.707135
vn 0.707078 0.000000 0.707135
vn 0.707078 0.000000 0.707135
vn 0.707078 0.000000 0.707135
vn 0.000050 0.999998 0.001950
vn 0.000050 0.999998 0.001950
vn 0.000050 0.999998 0.001950
vn 0.000050 0.999998 0.001950
vn -0.707135 0.000000 -0.707078
vn -0.707135 0.000000 -0.707078
vn -0.707135 0.000000 -0.707078
vn -0.707135 0.000000 -0.707078
vn 0.000000 -1.000000 0.000000
vn 0.000000 -1.000000 0.000000
vn 0.000000 -1.000000 0.000000
vn 0.000000 -1.000000 0.000000
vn 0.707085 0.000000 -0.707129
vn 0.707085 0.000000 -0.707129
vn 0.707085 0.000000 -0.707129
vn 0.707085 0.000000 -0.707129
vn -0.707143 0.000000 0.707070
vn -0.707143 0.000000 0.707070
vn -0.707143 0.000000 0.707070
vn -0.707143 0.000000 0.707070
vn 0.707078 0.000000 0.707135
vn 0.707078 0.000000 0.707135
vn 0.707078 0.000000 0.707135
vn 0.707078 0.000000 0.707135
vn 0.000050 0.999998 0.001950
vn 0.000050 0.999998 0.001950
vn 0.000050 0.999998 0.001950
vn 0.000050 0.999998 0.001950
vn -0.707135 0.000000 -0.707078
vn -0.707135 0.000000 -0.707078
vn -0.707135 0.000000 -0.707078
vn -0.707135 0.000000 -0.707078
vn 0.000000 -1.000000 0.000000
vn 0.000000 -1.000000 0.000000
vn 0.000000 -1.000000 0.000000
vn 0.000000 -1.000000 0.000000
vn 0.707085 0.000000 -0.707129
vn 0.707085 0.000000 -0.707129
vn 0.707085 0.000000 -0.707129
vn 0.707085 0.000000 -0.707129
vn -0.707143 0.000000 0.707070
vn -0.707143 0.000000 0.707070
vn -0.707143 0.000000 0.707070
vn -0.707143 0.000000 0.707070
vn 0.992362 -0.121925 -0.018745
vn 0.992630 -0.120855 -0.008989
vn 0.992630 -0.120855 -0.008989
vn 0.992362 -0.121925 -0.018745
vn 0.992767 -0.119995 -0.003888
vn 0.992767 -0.119995 -0.003888
vn 0.000000 0.988340 0.152262
vn 0.000000 0.988340 0.152262
vn 0.000000 0.997439 0.071529
vn 0.000000 0.997439 0.071529
vn 0.000000 0.999610 0.027929
vn 0.000000 0.999610 0.027929
vn -0.992355 -0.121983 -0.018745
vn -0.992638 -0.120844 -0.008110
vn -0.992638 -0.120844 -0.008110
vn -0.992355 -0.121983 -0.018745
vn -0.992785 -0.119891 -0.002129
vn -0.992785 -0.119891 -0.002129
vn 0.000000 -0.997559 -0.069826
vn 0.000000 -0.988529 -0.151029
vn 0.000000 -0.988529 -0.151029
vn 0.000000 -0.997559 -0.069826
vn 0.000000 -0.999698 -0.024568
vn 0.000000 -0.999698 -0.024568
vn 0.000000 -0.342165 0.939640
vn 0.000000 -0.342165 0.939640
vn 0.000000 -0.342165 0.939640
vn 0.000000 -0.342165 0.939640
vn 0.000000 -0.982376 -0.186918
vn 0.000000 -0.982376 -0.186918
vn 0.992238 -0.122135 -0.023400
vn 0.992238 -0.122135 -0.023400
vn 0.000000 0.981916 0.189316
vn 0.000000 0.981916 0.189316
vn -0.992233 -0.122171 -0.023400
vn -0.992233 -0.122171 -0.023400
vn 0.992366 -0.121933 -0.018490
vn 0.992629 -0.120865 -0.008905
vn 0.992629 -0.120865 -0.008905
vn 0.992366 -0.121933 -0.018490
vn 0.992765 -0.120000 -0.004230
vn 0.992765 -0.120000 -0.004230
vn 0.000000 0.988653 0.150220
vn 0.000000 0.988653 0.150220
vn 0.000000 0.997484 0.070890
vn 0.000000 0.997484 0.070890
vn 0.000000 0.999526 0.030778
vn 0.000000 0.999526 0.030778
vn -0.992359 -0.121992 -0.018490
vn -0.992638 -0.120854 -0.008026
vn -0.992638 -0.120854 -0.008026
vn -0.992359 -0.121992 -0.018490
vn -0.992784 -0.119895 -0.002471
vn -0.992784 -0.119895 -0.002471
vn 0.000000 -0.997606 -0.069161
vn 0.000000 -0.988843 -0.148962
vn 0.000000 -0.988843 -0.148962
vn 0.000000 -0.997606 -0.069161
vn 0.000000 -0.999624 -0.027415
vn 0.000000 -0.999624 -0.027415
vn 0.000000 -0.342164 0.939640
vn 0.000000 -0.342164 0.939640
vn 0.000000 -0.342164 0.939640
vn 0.000000 -0.342164 0.939640
vn 0.000000 -0.982376 -0.186918
vn 0.000000 -0.982376 -0.186918
vn 0.992238 -0.122135 -0.023400
vn 0.992238 -0.122135 -0.023400
vn 0.000000 0.981916 0.189316
vn 0.000000 0.981916 0.189316
vn -0.992233 -0.122171 -0.023400
vn -0.992233 -0.122171 -0.023400
vn 0.707099 0.000000 0.707115
vn 0.707099 0.000000 0.707115
vn 0.707099 0.000000 0.707115
vn 0.707099 0.000000 0.707115
vn 0.000000 1.000000 0.000000
vn 0.000000 1.000000 0.000000
vn 0.000000 1.000000 0.000000
vn 0.000000 1.000000 0.000000
vn -0.707107 0.000000 -0.707107
vn -0.707107 0.000000 -0.707107
vn -0.707107 0.000000 -0.707107
vn -0.707107 0.000000 -0.707107
vn 0.000000 -1.000000 0.000000
vn 0.000000 -1.000000 0.000000
vn 0.000000 -1.000000 0.000000
vn 0.000000 -1.000000 0.000000
vn 0.707107 0.000000 -0.707107
vn 0.707107 0.000000 -0.707107
vn 0.707107 0.000000 -0.707107
vn 0.707107 0.000000 -0.707107
vn -0.707098 0.000000 0.707115
vn -0.707098 0.000000 0.707115
vn -0.707098 0.000000 0.707115
vn -0.707098 0.000000 0.707115
vn 0.707105 0.000000 0.707108
vn 0.707105 0.000000 0.707108
vn 0.707105 0.000000 0.707108
vn 0.707105 0.000000 0.707108
vn 0.000000 1.000000 0.000000
vn 0.000000 1.000000 0.000000
vn 0.000000 1.000000 0.000000
vn 0.000000 1.000000 0.000000
vn -0.707107 0.000000 -0.707107
vn -0.707107 0.000000 -0.707107
vn -0.707107 0.000000 -0.707107
vn -0.707107 0.000000 -0.707107
vn 0.000000 -1.000000 0.000000
vn 0.000000 -1.000000 0.000000
vn 0.000000 -1.000000 0.000000
vn 0.000000 -1.000000 0.000000
vn 0.707107 0.000000 -0.707106
vn 0.707107 0.000000 -0.707106
vn 0.707107 0.000000 -0.707106
vn 0.707107 0.000000 -0.707106
vn -0.707105 0.000000 0.707108
vn -0.707105 0.000000 0.707108
vn -0.707105 0.000000 0.707108
vn -0.707105 0.000000 0.707108
vn 0.998773 -0.048889 -0.007939
vn 0.998782 -0.049210 -0.003644
vn 0.998782 -0.049210 -0.003644
vn 0.998773 -0.048889 -0.007939
vn 0.998762 -0.049726 -0.001403
vn 0.998762 -0.049726 -0.001403
vn -0.112933 0.980464 0.161051
vn -0.114039 0.990035 0.082625
vn -0.057113 0.994908 0.083047
vn -0.056557 0.985197 0.161829
vn -0.114315 0.992386 0.045840
vn -0.057251 0.997295 0.046097
vn -0.998773 -0.048889 -0.007939
vn -0.998781 -0.049227 -0.003641
vn -0.998781 -0.049227 -0.003641
vn -0.998773 -0.048889 -0.007939
vn -0.998761 -0.049747 -0.001397
vn -0.998761 -0.049747 -0.001397
vn -0.064872 -0.985412 -0.157334
vn -0.065431 -0.993996 -0.087701
vn -0.130581 -0.987600 -0.087154
vn -0.129470 -0.979181 -0.156343
vn -0.065581 -0.996303 -0.055486
vn -0.130880 -0.989863 -0.055161
vn -0.001030 -0.270031 0.962851
vn -0.002061 -0.252866 0.967499
vn -0.002061 -0.252866 0.967499
vn -0.001030 -0.270031 0.962851
vn -0.128609 -0.972653 -0.193408
vn -0.064439 -0.978760 -0.194619
vn 0.998745 -0.049084 -0.009992
vn 0.998745 -0.049084 -0.009992
vn -0.056116 0.977469 0.203483
vn -0.112056 0.972846 0.202518
vn -0.998745 -0.049071 -0.009992
vn -0.998745 -0.049071 -0.009992
vn 0.055377 0.985262 0.161841
vn 0.054946 0.977532 0.203500
vn 0.001007 -0.270028 0.962852
vn 0.001007 -0.270028 0.962852
vn 0.063093 -0.978845 -0.194634
vn 0.063518 -0.985499 -0.157347
vn 0.064066 -0.994084 -0.087707
vn 0.064214 -0.996392 -0.055490
vn 0.056057 0.997363 0.046102
vn 0.055921 0.994975 0.083053
vn 0.110584 0.980724 0.161096
vn 0.109727 0.973099 0.202578
vn 0.002014 -0.252862 0.967500
vn 0.002014 -0.252862 0.967500
vn 0.125935 -0.972990 -0.193472
vn 0.126778 -0.979524 -0.156396
vn 0.127868 -0.987952 -0.087183
vn 0.128162 -0.990217 -0.055179
vn 0.111937 0.992657 0.045856
vn 0.111666 0.990303 0.082648
vn 0.992359 -0.121953 -0.018745
vn 0.992637 -0.120853 -0.008108
vn 0.992637 -0.120853 -0.008108
vn 0.992359 -0.121953 -0.018745
vn 0.992781 -0.119921 -0.002125
vn 0.992781 -0.119921 -0.002125
vn 0.000000 0.988339 0.152268
vn 0.000000 0.988339 0.152268
vn 0.000000 0.997438 0.071535
vn 0.000000 0.997438 0.071535
vn 0.000000 0.999610 0.027929
vn 0.000000 0.999610 0.027929
vn -0.992362 -0.121924 -0.018745
vn -0.992624 -0.120900 -0.008994
vn -0.992624 -0.120900 -0.008994
vn -0.992362 -0.121924 -0.018745
vn -0.992757 -0.120074 -0.003898
vn -0.992757 -0.120074 -0.003898
vn 0.000000 -0.997559 -0.069827
vn 0.000000 -0.988529 -0.151029
vn 0.000000 -0.988529 -0.151029
vn 0.000000 -0.997559 -0.069827
vn 0.000000 -0.999698 -0.024570
vn 0.000000 -0.999698 -0.024570
vn 0.000000 -0.342165 0.939640
vn 0.000000 -0.342165 0.939640
vn 0.000000 -0.342165 0.939640
vn 0.000000 -0.342165 0.939640
vn 0.000000 -0.982376 -0.186918
vn 0.000000 -0.982376 -0.186918
vn 0.992239 -0.122121 -0.023400
vn 0.992239 -0.122121 -0.023400
vn 0.000000 0.981916 0.189316
vn 0.000000 0.981916 0.189316
vn -0.992239 -0.122121 -0.023400
vn -0.992239 -0.122121 -0.023400
vn 0.992363 -0.121961 -0.018490
vn 0.992637 -0.120863 -0.008024
vn 0.992637 -0.120863 -0.008024
vn 0.992363 -0.121961 -0.018490
vn 0.992780 -0.119925 -0.002468
vn 0.992780 -0.119925 -0.002468
vn 0.000000 0.988652 0.150225
vn 0.000000 0.988652 0.150225
vn 0.000000 0.997484 0.070895
vn 0.000000 0.997484 0.070895
vn 0.000000 0.999526 0.030778
vn 0.000000 0.999526 0.030778
vn -0.992366 -0.121932 -0.018490
vn -0.992624 -0.120911 -0.008910
vn -0.992624 -0.120911 -0.008910
vn -0.992366 -0.121932 -0.018490
vn -0.992755 -0.120078 -0.004240
vn -0.992755 -0.120078 -0.004240
vn 0.000000 -0.997605 -0.069162
vn 0.000000 -0.988843 -0.148962
vn 0.000000 -0.988843 -0.148962
vn 0.000000 -0.997605 -0.069162
vn 0.000000 -0.999624 -0.027417
vn 0.000000 -0.999624 -0.027417
vn 0.000000 -0.342164 0.939640
vn 0.000000 -0.342164 0.939640
vn 0.000000 -0.342164 0.939640
vn 0.000000 -0.342164 0.939640
vn 0.000000 -0.982376 -0.186918
vn 0.000000 -0.982376 -0.186918
vn 0.992239 -0.122121 -0.023400
vn 0.992239 -0.122121 -0.023400
vn 0.000000 0.981916 0.189316
vn 0.000000 0.981916 0.189316
vn -0.992239 -0.122121 -0.023400
vn -0.992239 -0.122121 -0.023400
vn 0.707099 0.000000 0.707115
vn 0.707099 0.000000 0.707115
vn 0.707099 0.000000 0.707115
vn 0.707099 0.000000 0.707115
vn 0.000000 1.000000 0.000000
vn 0.000000 1.000000 0.000000
vn 0.000000 1.000000 0.000000
vn 0.000000 1.000000 0.000000
vn -0.707107 0.000000 -0.707107
vn -0.707107 0.000000 -0.707107
vn -0.707107 0.000000 -0.707107
vn -0.707107 0.000000 -0.707107
vn 0.000000 -1.000000 0.000000
vn 0.000000 -1.000000 0.000000
vn 0.000000 -1.000000 0.000000
vn 0.000000 -1.000000 0.000000
vn 0.707107 0.000000 -0.707107
vn 0.707107 0.000000 -0.707107
vn 0.707107 0.000000 -0.707107
vn 0.707107 0.000000 -0.707107
vn -0.707098 0.000000 0.707115
vn -0.707098 0.000000 0.707115
vn -0.707098 0.000000 0.707115
vn -0.707098 0.000000 0.707115
vn 0.707105 0.000000 0.707108
vn 0.707105 0.000000 0.707108
vn 0.707105 0.000000 0.707108
vn 0.707105 0.000000 0.707108
vn 0.000000 1.000000 0.000000
vn 0.000000 1.000000 0.000000
vn 0.000000 1.000000 0.000000
vn 0.000000 1.000000 0.000000
vn -0.707107 0.000000 -0.707107
vn -0.707107 0.000000 -0.707107
vn -0.707107 0.000000 -0.707107
vn -0.707107 0.000000 -0.707107
vn 0.000000 -1.000000 0.000000
vn 0.000000 -1.000000 0.000000
vn 0.000000 -1.000000 0.000000
vn 0.000000 -1.000000 0.000000
vn 0.707107 0.000000 -0.707106
vn 0.707107 0.000000 -0.707106
vn 0.707107 0.000000 -0.707106
vn 0.707107 0.000000 -0.707106
vn -0.707105 0.000000 0.707108
vn -0.707105 0.000000 0.707108
vn -0.707105 0.000000 0.707108
vn -0.707105 0.000000 0.707108
vn 0.000000 -0.999999 0.001328
vn 0.000000 -0.999999 0.001328
vn 0.000000 -0.999999 0.001328
vn 0.000000 -0.999999 0.001328
vn 0.992960 -0.118454 0.000023
vn 0.992960 -0.118454 0.000023
vn 0.992960 -0.118454 0.000023
vn 0.992960 -0.118454 0.000023
vn 0.000000 0.999999 -0.001272
vn 0.000000 0.999999 -0.001272
vn 0.000000 0.999999 -0.001272
vn 0.000000 0.999999 -0.001272
vn -0.992959 -0.118454 0.000335
vn -0.992959 -0.118454 0.000335
vn -0.992959 -0.118454 0.000335
vn -0.992959 -0.118454 0.000335
vn 0.000000 -0.999999 0.001185
vn 0.000000 -0.999999 0.001185
vn 0.000000 -0.999999 0.001185
vn 0.000000 -0.999999 0.001185
vn 0.992960 -0.118454 0.000006
vn 0.992960 -0.118454 0.000006
vn 0.992960 -0.118454 0.000006
vn 0.992960 -0.118454 0.000006
vn 0.000000 0.999999 -0.001128
vn 0.000000 0.999999 -0.001128
vn 0.000000 0.999999 -0.001128
vn 0.000000 0.999999 -0.001128
vn -0.992959 -0.118454 0.000318
vn -0.992959 -0.118454 0.000318
vn -0.992959 -0.118454 0.000318
vn -0.992959 -0.118454 0.000318
vn 0.707088 0.000000 0.707126
vn 0.707088 0.000000 0.707126
vn 0.707088 0.000000 0.707126
vn 0.707088 0.000000 0.707126
vn 0.000000 1.000000 -0.000001
vn 0.000000 1.000000 -0.000001
vn 0.000000 1.000000 -0.000001
vn 0.000000 1.000000 -0.000001
vn -0.707122 0.000000 -0.707091
vn -0.707122 0.000000 -0.707091
vn -0.707122 0.000000 -0.707091
vn -0.707122 0.000000 -0.707091
vn 0.000000 -1.000000 0.000000
vn 0.000000 -1.000000 0.000000
vn 0.000000 -1.000000 0.000000
vn 0.000000 -1.000000 0.000000
vn 0.707099 0.000000 -0.707115
vn 0.707099 0.000000 -0.707115
vn 0.707099 0.000000 -0.707115
vn 0.707099 0.000000 -0.707115
vn -0.707127 0.000000 0.707087
vn -0.707127 0.000000 0.707087
vn -0.707127 0.000000 0.707087
vn -0.707127 0.000000 0.707087
vn -0.647678 -0.760382 -0.048297
vn -0.648620 -0.761112 -0.001133
vn -0.345414 -0.938449 -0.001546
vn -0.345176 -0.938185 -0.025733
vn 0.999521 -0.030941 0.000154
vn 0.999521 -0.030941 0.000154
vn 0.999519 -0.030958 -0.001966
vn 0.999519 -0.030958 -0.001966
vn -0.057312 0.998356 0.000006
vn -0.057311 0.998355 0.001859
vn -0.114434 0.993429 0.001844
vn -0.114436 0.993431 0.000006
vn -0.999522 -0.030921 0.000157
vn -0.999522 -0.030921 0.000157
vn -0.999519 -0.030939 -0.001966
vn -0.999519 -0.030939 -0.001966
vn 0.056115 0.998424 0.000006
vn 0.056114 0.998423 0.001859
vn 0.340458 -0.940258 -0.001548
vn 0.340221 -0.939988 -0.025912
vn 0.112053 0.993702 0.000006
vn 0.112051 0.993701 0.001845
vn 0.640554 -0.767913 -0.001141
vn 0.639608 -0.767155 -0.048725
vn 0.112050 0.993696 0.003683
vn 0.056113 0.998418 0.003711
vn -0.057311 0.998349 0.003711
vn -0.114433 0.993424 0.003682
vn 0.999519 -0.030924 0.002275
vn 0.999519 -0.030924 0.002275
vn -0.648117 -0.760148 0.046034
vn -0.345450 -0.938164 0.022645
vn 0.340493 -0.939970 0.022820
vn 0.640048 -0.766930 0.046446
vn -0.999520 -0.030904 0.002279
vn -0.999520 -0.030904 0.002279
vn 0.000000 -0.999999 0.001328
vn 0.000000 -0.999999 0.001328
vn 0.000000 -0.999999 0.001328
vn 0.000000 -0.999999 0.001328
vn 0.992951 -0.118529 0.000336
vn 0.992951 -0.118529 0.000336
vn 0.992951 -0.118529 0.000336
vn 0.992951 -0.118529 0.000336
vn 0.000000 0.999999 -0.001272
vn 0.000000 0.999999 -0.001272
vn 0.000000 0.999999 -0.001272
vn 0.000000 0.999999 -0.001272
vn -0.992959 -0.118454 0.000023
vn -0.992959 -0.118454 0.000023
vn -0.992959 -0.118454 0.000023
vn -0.992959 -0.118454 0.000023
vn 0.000000 -0.999999 0.001185
vn 0.000000 -0.999999 0.001185
vn 0.000000 -0.999999 0.001185
vn 0.000000 -0.999999 0.001185
vn 0.992950 -0.118530 0.000319
vn 0.992950 -0.118530 0.000319
vn 0.992950 -0.118530 0.000319
vn 0.992950 -0.118530 0.000319
vn 0.000000 0.999999 -0.001128
vn 0.000000 0.999999 -0.001128
vn 0.000000 0.999999 -0.001128
vn 0.000000 0.999999 -0.001128
vn -0.992959 -0.118455 0.000006
vn -0.992959 -0.118455 0.000006
vn -0.992959 -0.118455 0.000006
vn -0.992959 -0.118455 0.000006
vn 0.707088 0.000000 0.707126
vn 0.707088 0.000000 0.707126
vn 0.707088 0.000000 0.707126
vn 0.707088 0.000000 0.707126
vn 0.000000 1.000000 -0.000001
vn 0.000000 1.000000 -0.000001
vn 0.000000 1.000000 -0.000001
vn 0.000000 1.000000 -0.000001
vn -0.707122 0.000000 -0.707091
vn -0.707122 0.000000 -0.707091
vn -0.707122 0.000000 -0.707091
vn -0.707122 0.000000 -0.707091
vn 0.000000 -1.000000 0.000000
vn 0.000000 -1.000000 0.000000
vn 0.000000 -1.000000 0.000000
vn 0.000000 -1.000000 0.000000
vn 0.707099 0.000000 -0.707115
vn 0.707099 0.000000 -0.707115
vn 0.707099 0.000000 -0.707115
vn 0.707099 0.000000 -0.707115
vn -0.707127 0.000000 0.707087
vn -0.707127 0.000000 0.707087
vn -0.707127 0.000000 0.707087
vn -0.707127 0.000000 0.707087
vn 0.707092 0.000000 0.707121
vn 0.707092 0.000000 0.707121
vn 0.707092 0.000000 0.707121
vn 0.707092 0.000000 0.707121
vn 0.000000 1.000000 0.000000
vn 0.000000 1.000000 0.000000
vn 0.000000 1.000000 0.000000
vn 0.000000 1.000000 0.000000
vn -0.707123 0.000000 -0.707091
vn -0.707123 0.000000 -0.707091
vn -0.707123 0.000000 -0.707091
vn -0.707123 0.000000 -0.707091
vn 0.000000 -1.000000 0.000001
vn 0.000000 -1.000000 0.000001
vn 0.000000 -1.000000 0.000001
vn 0.000000 -1.000000 0.000001
vn 0.707099 0.000000 -0.707115
vn 0.707099 0.000000 -0.707115
vn 0.707099 0.000000 -0.707115
vn 0.707099 0.000000 -0.707115
vn -0.707131 0.000000 0.707083
vn -0.707131 0.000000 0.707083
vn -0.707131 0.000000 0.707083
vn -0.707131 0.000000 0.707083
vn 0.707092 0.000000 0.707121
vn 0.707092 0.000000 0.707121
vn 0.707092 0.000000 0.707121
vn 0.707092 0.000000 0.707121
vn 0.000000 1.000000 0.000000
vn 0.000000 1.000000 0.000000
vn 0.000000 1.000000 0.000000
vn 0.000000 1.000000 0.000000
vn -0.707123 0.000000 -0.707091
vn -0.707123 0.000000 -0.707091
vn -0.707123 0.000000 -0.707091
vn -0.707123 0.000000 -0.707091
vn 0.000000 -1.000000 0.000001
vn 0.000000 -1.000000 0.000001
vn 0.000000 -1.000000 0.000001
vn 0.000000 -1.000000 0.000001
vn 0.707099 0.000000 -0.707115
vn 0.707099 0.000000 -0.707115
vn 0.707099 0.000000 -0.707115
vn 0.707099 0.000000 -0.707115
vn -0.707131 0.000000 0.707083
vn -0.707131 0.000000 0.707083
vn -0.707131 0.000000 0.707083
vn -0.707131 0.000000 0.707083
vn 0.999931 0.011778 0.000000
vn 0.999931 0.011778 0.000000
vn 0.999931 0.011778 0.000000
vn 0.999931 0.011778 0.000000
vn 0.007612 -0.999971 0.000000
vn 0.007612 -0.999971 0.000000
vn 0.007612 -0.999971 0.000000
vn 0.007612 -0.999971 0.000000
vn 0.000366 -0.118437 -0.992962
vn 0.000366 -0.118437 -0.992962
vn 0.000366 -0.118437 -0.992962
vn 0.000366 -0.118437 -0.992962
vn 0.001442 0.999999 0.000000
vn 0.001442 0.999999 0.000000
vn 0.001442 0.999999 0.000000
vn 0.001442 0.999999 0.000000
vn 0.000366 -0.118448 0.992960
vn 0.000366 -0.118448 0.992960
vn 0.000366 -0.118448 0.992960
vn 0.000366 -0.118448 0.992960
vn -1.000000 0.000000 0.000000
vn -1.000000 0.000000 0.000000
vn -1.000000 0.000000 0.000000
vn -1.000000 0.000000 0.000000
vn 0.000000 -1.000000 0.000163
vn 0.000000 -1.000000 0.000163
vn 0.000000 -1.000000 0.000163
vn 0.000000 -1.000000 0.000163
vn 0.993632 -0.112673 0.000181
vn 0.993632 -0.112673 0.000181
vn 0.993632 -0.112673 0.000181
vn 0.993632 -0.112673 0.000181
vn 0.000000 0.999998 0.001983
vn 0.000000 0.999998 0.001983
vn 0.000000 0.999998 0.001983
vn 0.000000 0.999998 0.001983
vn -0.993624 -0.112745 -0.000436
vn -0.993624 -0.112745 -0.000436
vn -0.993624 -0.112745 -0.000436
vn -0.993624 -0.112745 -0.000436
vn 0.000000 -1.000000 0.000667
vn 0.000000 -1.000000 0.000667
vn 0.000000 -1.000000 0.000667
vn 0.000000 -1.000000 0.000667
vn 0.993632 -0.112673 0.000237
vn 0.993632 -0.112673 0.000237
vn 0.993632 -0.112673 0.000237
vn 0.993632 -0.112673 0.000237
vn 0.000000 0.999999 0.001479
vn 0.000000 0.999999 0.001479
vn 0.000000 0.999999 0.001479
vn 0.000000 0.999999 0.001479
vn -0.993624 -0.112744 -0.000379
vn -0.993624 -0.112744 -0.000379
vn -0.993624 -0.112744 -0.000379
vn -0.993624 -0.112744 -0.000379
vn 0.707091 0.000000 0.707122
vn 0.707091 0.000000 0.707122
vn 0.707091 0.000000 0.707122
vn 0.707091 0.000000 0.707122
vn 0.000000 1.000000 -0.000001
vn 0.000000 1.000000 -0.000001
vn 0.000000 1.000000 -0.000001
vn 0.000000 1.000000 -0.000001
vn -0.707118 0.000000 -0.707095
vn -0.707118 0.000000 -0.707095
vn -0.707118 0.000000 -0.707095
vn -0.707118 0.000000 -0.707095
vn 0.000000 -1.000000 0.000000
vn 0.000000 -1.000000 0.000000
vn 0.000000 -1.000000 0.000000
vn 0.000000 -1.000000 0.000000
vn 0.707095 0.000000 -0.707118
vn 0.707095 0.000000 -0.707118
vn 0.707095 0.000000 -0.707118
vn 0.707095 0.000000 -0.707118
vn -0.707131 0.000000 0.707083
vn -0.707131 0.000000 0.707083
vn -0.707131 0.000000 0.707083
vn -0.707131 0.000000 0.707083
vn -0.646137 -0.761914 -0.044654
vn -0.647602 -0.761976 0.002093
vn -0.344791 -0.938676 0.002623
vn -0.344231 -0.938655 -0.020768
vn 0.999526 -0.030789 0.000593
vn 0.999526 -0.030789 0.000593
vn 0.999530 -0.030644 -0.000802
vn 0.999530 -0.030644 -0.000802
vn -0.057006 0.998371 -0.002575
vn -0.057159 0.998364 -0.001291
vn -0.114130 0.993465 -0.001306
vn -0.113827 0.993497 -0.002606
vn -0.999526 -0.030770 -0.000827
vn -0.999526 -0.030770 -0.000827
vn -0.999525 -0.030605 -0.003642
vn -0.999525 -0.030605 -0.003642
vn 0.056407 0.998405 -0.002469
vn 0.056261 0.998415 -0.001238
vn 0.341082 -0.940029 0.003004
vn 0.341770 -0.939566 -0.020208
vn 0.112635 0.993634 -0.002393
vn 0.112344 0.993669 -0.001200
vn 0.641558 -0.767070 0.002818
vn 0.642142 -0.765342 -0.043641
vn 0.112052 0.993702 -0.000006
vn 0.056115 0.998424 -0.000006
vn -0.057311 0.998356 -0.000006
vn -0.114433 0.993431 -0.000006
vn 0.999520 -0.030934 0.001988
vn 0.999520 -0.030934 0.001988
vn -0.647650 -0.760371 0.048837
vn -0.345162 -0.938182 0.026021
vn 0.340211 -0.939984 0.026201
vn 0.639586 -0.767139 0.049270
vn -0.999520 -0.030934 0.001988
vn -0.999520 -0.030934 0.001988
vn 0.000000 -1.000000 0.000163
vn 0.000000 -1.000000 0.000163
vn 0.000000 -1.000000 0.000163
vn 0.000000 -1.000000 0.000163
vn 0.993624 -0.112745 -0.000131
vn 0.993624 -0.112745 -0.000131
vn 0.993624 -0.112745 -0.000131
vn 0.993624 -0.112745 -0.000131
vn 0.000000 0.999998 0.001983
vn 0.000000 0.999998 0.001983
vn 0.000000 0.999998 0.001983
vn 0.000000 0.999998 0.001983
vn -0.993624 -0.112745 -0.000124
vn -0.993624 -0.112745 -0.000124
vn -0.993624 -0.112745 -0.000124
vn -0.993624 -0.112745 -0.000124
vn 0.000000 -1.000000 0.000667
vn 0.000000 -1.000000 0.000667
vn 0.000000 -1.000000 0.000667
vn 0.000000 -1.000000 0.000667
vn 0.993624 -0.112744 -0.000074
vn 0.993624 -0.112744 -0.000074
vn 0.993624 -0.112744 -0.000074
vn 0.993624 -0.112744 -0.000074
vn 0.000000 0.999999 0.001479
vn 0.000000 0.999999 0.001479
vn 0.000000 0.999999 0.001479
vn 0.000000 0.999999 0.001479
vn -0.993624 -0.112744 -0.000067
vn -0.993624 -0.112744 -0.000067
vn -0.993624 -0.112744 -0.000067
vn -0.993624 -0.112744 -0.000067
vn 0.707091 0.000000 0.707122
vn 0.707091 0.000000 0.707122
vn 0.707091 0.000000 0.707122
vn 0.707091 0.000000 0.707122
vn 0.000000 1.000000 -0.000001
vn 0.000000 1.000000 -0.000001
vn 0.000000 1.000000 -0.000001
vn 0.000000 1.000000 -0.000001
vn -0.707118 0.000000 -0.707095
vn -0.707118 0.000000 -0.707095
vn -0.707118 0.000000 -0.707095
vn -0.707118 0.000000 -0.707095
vn 0.000000 -1.000000 0.000000
vn 0.000000 -1.000000 0.000000
vn 0.000000 -1.000000 0.000000
vn 0.000000 -1.000000 0.000000
vn 0.707095 0.000000 -0.707118
vn 0.707095 0.000000 -0.707118
vn 0.707095 0.000000 -0.707118
vn 0.707095 0.000000 -0.707118
vn -0.707131 0.000000 0.707083
vn -0.707131 0.000000 0.707083
vn -0.707131 0.000000 0.707083
vn -0.707131 0.000000 0.707083
vn 0.707092 0.000000 0.707122
vn 0.707092 0.000000 0.707122
vn 0.707092 0.000000 0.707122
vn 0.707092 0.000000 0.707122
vn 0.000000 1.000000 0.000000
vn 0.000000 1.000000 0.000000
vn 0.000000 1.000000 0.000000
vn 0.000000 1.000000 0.000000
vn -0.707118 0.000000 -0.707095
vn -0.707118 0.000000 -0.707095
vn -0.707118 0.000000 -0.707095
vn -0.707118 0.000000 -0.707095
vn 0.000000 -1.000000 0.000001
vn 0.000000 -1.000000 0.000001
vn 0.000000 -1.000000 0.000001
vn 0.000000 -1.000000 0.000001
vn 0.707091 0.000000 -0.707123
vn 0.707091 0.000000 -0.707123
vn 0.707091 0.000000 -0.707123
vn 0.707091 0.000000 -0.707123
vn -0.707127 0.000000 0.707087
vn -0.707127 0.000000 0.707087
vn -0.707127 0.000000 0.707087
vn -0.707127 0.000000 0.707087
vn 0.707092 0.000000 0.707122
vn 0.707092 0.000000 0.707122
vn 0.707092 0.000000 0.707122
vn 0.707092 0.000000 0.707122
vn 0.000000 1.000000 0.000000
vn 0.000000 1.000000 0.000000
vn 0.000000 1.000000 0.000000
vn 0.000000 1.000000 0.000000
vn -0.707118 0.000000 -0.707095
vn -0.707118 0.000000 -0.707095
vn -0.707118 0.000000 -0.707095
vn -0.707118 0.000000 -0.707095
vn 0.000000 -1.000000 0.000001
vn 0.000000 -1.000000 0.000001
vn 0.000000 -1.000000 0.000001
vn 0.000000 -1.000000 0.000001
vn 0.707091 0.000000 -0.707123
vn 0.707091 0.000000 -0.707123
vn 0.707091 0.000000 -0.707123
vn 0.707091 0.000000 -0.707123
vn -0.707127 0.000000 0.707087
vn -0.707127 0.000000 0.707087
vn -0.707127 0.000000 0.707087
vn -0.707127 0.000000 0.707087
vn 0.999931 0.011778 0.000000
vn 0.999931 0.011778 0.000000
vn 0.999931 0.011778 0.000000
vn 0.999931 0.011778 0.000000
vn 0.007612 -0.999971 0.000000
vn 0.007612 -0.999971 0.000000
vn 0.007612 -0.999971 0.000000
vn 0.007612 -0.999971 0.000000
vn 0.000366 -0.118448 -0.992960
vn 0.000366 -0.118448 -0.992960
vn 0.000366 -0.118448 -0.992960
vn 0.000366 -0.118448 -0.992960
vn 0.001442 0.999999 0.000000
vn 0.001442 0.999999 0.000000
vn 0.001442 0.999999 0.000000
vn 0.001442 0.999999 0.000000
vn 0.000366 -0.118448 0.992960
vn 0.000366 -0.118448 0.992960
vn 0.000366 -0.118448 0.992960
vn 0.000366 -0.118448 0.992960
vn -1.000000 0.000000 0.000000
vn -1.000000 0.000000 0.000000
vn -1.000000 0.000000 0.000000
vn -1.000000 0.000000 0.000000
vn -0.992359 -0.121954 0.018745
vn -0.992989 -0.117915 0.008356
vn -0.992989 -0.117915 0.008356
vn -0.992359 -0.121954 0.018745
vn -0.993469 -0.114072 0.002621
vn -0.993469 -0.114072 0.002621
vn 0.000000 0.988341 -0.152258
vn 0.000000 0.988341 -0.152258
vn 0.000000 0.997290 -0.073566
vn 0.000000 0.997290 -0.073566
vn 0.000000 0.999488 -0.032000
vn 0.000000 0.999488 -0.032000
vn 0.992355 -0.121985 0.018745
vn 0.992982 -0.117973 0.008336
vn 0.992982 -0.117973 0.008336
vn 0.992355 -0.121985 0.018745
vn 0.993456 -0.114189 0.002581
vn 0.993456 -0.114189 0.002581
vn 0.000000 -0.997844 0.065624
vn 0.000000 -0.988530 0.151023
vn 0.000000 -0.988530 0.151023
vn 0.000000 -0.997844 0.065624
vn 0.000000 -0.999870 0.016146
vn 0.000000 -0.999870 0.016146
vn 0.000000 -0.342165 -0.939640
vn 0.000000 -0.342165 -0.939640
vn 0.000000 -0.342165 -0.939640
vn 0.000000 -0.342165 -0.939640
vn 0.000000 -0.982378 0.186904
vn 0.000000 -0.982378 0.186904
vn -0.992235 -0.122154 0.023400
vn -0.992235 -0.122154 0.023400
vn 0.000000 0.981920 -0.189296
vn 0.000000 0.981920 -0.189296
vn 0.992228 -0.122216 0.023400
vn 0.992228 -0.122216 0.023400
vn -0.992362 -0.121963 0.018490
vn -0.992989 -0.117923 0.008147
vn -0.992989 -0.117923 0.008147
vn -0.992362 -0.121963 0.018490
vn -0.993469 -0.114073 0.002714
vn -0.993469 -0.114073 0.002714
vn 0.000000 0.988653 -0.150215
vn 0.000000 0.988653 -0.150215
vn 0.000000 0.997411 -0.071912
vn 0.000000 0.997411 -0.071912
vn 0.000000 0.999461 -0.032815
vn 0.000000 0.999461 -0.032815
vn 0.992359 -0.121994 0.018490
vn 0.992983 -0.117982 0.008127
vn 0.992983 -0.117982 0.008127
vn 0.992359 -0.121994 0.018490
vn 0.993455 -0.114189 0.002674
vn 0.993455 -0.114189 0.002674
vn 0.000000 -0.997954 0.063944
vn 0.000000 -0.988844 0.148956
vn 0.000000 -0.988844 0.148956
vn 0.000000 -0.997954 0.063944
vn 0.000000 -0.999856 0.016960
vn 0.000000 -0.999856 0.016960
vn 0.000000 -0.342164 -0.939640
vn 0.000000 -0.342164 -0.939640
vn 0.000000 -0.342164 -0.939640
vn 0.000000 -0.342164 -0.939640
vn 0.000000 -0.982378 0.186904
vn 0.000000 -0.982378 0.186904
vn -0.992235 -0.122154 0.023400
vn -0.992235 -0.122154 0.023400
vn 0.000000 0.981920 -0.189296
vn 0.000000 0.981920 -0.189296
vn 0.992228 -0.122215 0.023400
vn 0.992228 -0.122215 0.023400
vn -0.707107 0.000000 -0.707107
vn -0.707107 0.000000 -0.707107
vn -0.707107 0.000000 -0.707107
vn -0.707107 0.000000 -0.707107
vn 0.000000 1.000000 0.000000
vn 0.000000 1.000000 0.000000
vn 0.000000 1.000000 0.000000
vn 0.000000 1.000000 0.000000
vn 0.707107 0.000000 0.707107
vn 0.707107 0.000000 0.707107
vn 0.707107 0.000000 0.707107
vn 0.707107 0.000000 0.707107
vn 0.000000 -1.000000 -0.000000
vn 0.000000 -1.000000 -0.000000
vn 0.000000 -1.000000 -0.000000
vn 0.000000 -1.000000 -0.000000
vn -0.707107 0.000000 0.707107
vn -0.707107 0.000000 0.707107
vn -0.707107 0.000000 0.707107
vn -0.707107 0.000000 0.707107
vn 0.707107 0.000000 -0.707107
vn 0.707107 0.000000 -0.707107
vn 0.707107 0.000000 -0.707107
vn 0.707107 0.000000 -0.707107
vn -0.707105 0.000000 -0.707108
vn -0.707105 0.000000 -0.707108
vn -0.707105 0.000000 -0.707108
vn -0.707105 0.000000 -0.707108
vn 0.000000 1.000000 0.000000
vn 0.000000 1.000000 0.000000
vn 0.000000 1.000000 0.000000
vn 0.000000 1.000000 0.000000
vn 0.707107 0.000000 0.707107
vn 0.707107 0.000000 0.707107
vn 0.707107 0.000000 0.707107
vn 0.707107 0.000000 0.707107
vn 0.000000 -1.000000 0.000000
vn 0.000000 -1.000000 0.000000
vn 0.000000 -1.000000 0.000000
vn 0.000000 -1.000000 0.000000
vn -0.707107 0.000000 0.707106
vn -0.707107 0.000000 0.707106
vn -0.707107 0.000000 0.707106
vn -0.707107 0.000000 0.707106
vn 0.707105 0.000000 -0.707108
vn 0.707105 0.000000 -0.707108
vn 0.707105 0.000000 -0.707108
vn 0.707105 0.000000 -0.707108
vn -0.998773 -0.048888 0.007939
vn -0.998804 -0.048871 0.001556
vn -0.998804 -0.048871 0.001556
vn -0.998773 -0.048888 0.007939
vn -0.998792 -0.049053 -0.002773
vn -0.998792 -0.049053 -0.002773
vn 0.112936 0.980463 -0.161054
vn 0.113719 0.989937 -0.084217
vn 0.056952 0.994776 -0.084721
vn 0.056559 0.985196 -0.161830
vn 0.113682 0.992307 -0.049027
vn 0.056933 0.997153 -0.049452
vn 0.998774 -0.048866 0.007939
vn 0.998795 -0.048756 0.005624
vn 0.998795 -0.048756 0.005624
vn 0.998774 -0.048866 0.007939
vn 0.998792 -0.048846 0.005363
vn 0.998792 -0.048846 0.005363
vn 0.064872 -0.985412 0.157335
vn 0.065272 -0.994258 0.084794
vn 0.130265 -0.987884 0.084357
vn 0.129470 -0.979181 0.156343
vn 0.065251 -0.996633 0.049660
vn 0.130224 -0.990246 0.049554
vn 0.001030 -0.270039 -0.962849
vn 0.002061 -0.252878 -0.967496
vn 0.002061 -0.252878 -0.967496
vn 0.001030 -0.270039 -0.962849
vn 0.128609 -0.972653 0.193408
vn 0.064439 -0.978760 0.194619
vn -0.998744 -0.049088 0.009992
vn -0.998744 -0.049088 0.009992
vn 0.056116 0.977469 -0.203483
vn 0.112056 0.972846 -0.202518
vn 0.998746 -0.049067 0.009992
vn 0.998746 -0.049067 0.009992
vn -0.055379 0.985262 -0.161842
vn -0.054946 0.977532 -0.203500
vn -0.001009 -0.270037 -0.962850
vn -0.001009 -0.270037 -0.962850
vn -0.063090 -0.978846 0.194630
vn -0.063516 -0.985499 0.157345
vn -0.064253 -0.994339 0.084624
vn -0.064573 -0.996694 0.049308
vn -0.056336 0.997171 -0.049757
vn -0.056058 0.994813 -0.084878
vn -0.110587 0.980723 -0.161099
vn -0.109727 0.973099 -0.202578
vn -0.002017 -0.252874 -0.967497
vn -0.002017 -0.252874 -0.967497
vn -0.125929 -0.972992 0.193463
vn -0.126775 -0.979525 0.156391
vn -0.128239 -0.988177 0.084028
vn -0.128877 -0.990456 0.048856
vn -0.112493 0.992412 -0.049639
vn -0.111940 0.990112 -0.084538
vn -0.992358 -0.121956 0.018745
vn -0.992996 -0.117909 0.007471
vn -0.992996 -0.117909 0.007471
vn -0.992358 -0.121956 0.018745
vn -0.993468 -0.114104 0.000851
vn -0.993468 -0.114104 0.000851
vn 0.000000 0.988341 -0.152258
vn 0.000000 0.988341 -0.152258
vn 0.000000 0.997290 -0.073566
vn 0.000000 0.997290 -0.073566
vn 0.000000 0.999488 -0.032000
vn 0.000000 0.999488 -0.032000
vn 0.992355 -0.121983 0.018745
vn 0.992979 -0.117927 0.009224
vn 0.992979 -0.117927 0.009224
vn 0.992355 -0.121983 0.018745
vn 0.993465 -0.114053 0.004357
vn 0.993465 -0.114053 0.004357
vn 0.000000 -0.997845 0.065622
vn 0.000000 -0.988529 0.151029
vn 0.000000 -0.988529 0.151029
vn 0.000000 -0.997845 0.065622
vn 0.000000 -0.999870 0.016143
vn 0.000000 -0.999870 0.016143
vn 0.000000 -0.342165 -0.939640
vn 0.000000 -0.342165 -0.939640
vn 0.000000 -0.342165 -0.939640
vn 0.000000 -0.342165 -0.939640
vn 0.000000 -0.982376 0.186918
vn 0.000000 -0.982376 0.186918
vn -0.992229 -0.122203 0.023400
vn -0.992229 -0.122203 0.023400
vn 0.000000 0.981920 -0.189296
vn 0.000000 0.981920 -0.189296
vn 0.992234 -0.122167 0.023400
vn 0.992234 -0.122167 0.023400
vn -0.992362 -0.121965 0.018490
vn -0.992997 -0.117918 0.007262
vn -0.992997 -0.117918 0.007262
vn -0.992362 -0.121965 0.018490
vn -0.993468 -0.114105 0.000944
vn -0.993468 -0.114105 0.000944
vn 0.000000 0.988653 -0.150215
vn 0.000000 0.988653 -0.150215
vn 0.000000 0.997411 -0.071912
vn 0.000000 0.997411 -0.071912
vn 0.000000 0.999461 -0.032815
vn 0.000000 0.999461 -0.032815
vn 0.992359 -0.121992 0.018490
vn 0.992980 -0.117936 0.009015
vn 0.992980 -0.117936 0.009015
vn 0.992359 -0.121992 0.018490
vn 0.993465 -0.114054 0.004450
vn 0.993465 -0.114054 0.004450
vn 0.000000 -0.997954 0.063942
vn 0.000000 -0.988843 0.148962
vn 0.000000 -0.988843 0.148962
vn 0.000000 -0.997954 0.063942
vn 0.000000 -0.999856 0.016957
vn 0.000000 -0.999856 0.016957
vn 0.000000 -0.342164 -0.939640
vn 0.000000 -0.342164 -0.939640
vn 0.000000 -0.342164 -0.939640
vn 0.000000 -0.342164 -0.939640
vn 0.000000 -0.982376 0.186918
vn 0.000000 -0.982376 0.186918
vn -0.992229 -0.122203 0.023400
vn -0.992229 -0.122203 0.023400
vn 0.000000 0.981920 -0.189296
vn 0.000000 0.981920 -0.189296
vn 0.992234 -0.122166 0.023400
vn 0.992234 -0.122166 0.023400
vn -0.707107 0.000000 -0.707107
vn -0.707107 0.000000 -0.707107
vn -0.707107 0.000000 -0.707107
vn -0.707107 0.000000 -0.707107
vn 0.000000 1.000000 0.000000
vn 0.000000 1.000000 0.000000
vn 0.000000 1.000000 0.000000
vn 0.000000 1.000000 0.000000
vn 0.707107 0.000000 0.707107
vn 0.707107 0.000000 0.707107
vn 0.707107 0.000000 0.707107
vn 0.707107 0.000000 0.707107
vn 0.000000 -1.000000 -0.000000
vn 0.000000 -1.000000 -0.000000
vn 0.000000 -1.000000 -0.000000
vn 0.000000 -1.000000 -0.000000
vn -0.707107 0.000000 0.707107
vn -0.707107 0.000000 0.707107
vn -0.707107 0.000000 0.707107
vn -0.707107 0.000000 0.707107
vn 0.707107 0.000000 -0.707107
vn 0.707107 0.000000 -0.707107
vn 0.707107 0.000000 -0.707107
vn 0.707107 0.000000 -0.707107
vn -0.707105 0.000000 -0.707108
vn -0.707105 0.000000 -0.707108
vn -0.707105 0.000000 -0.707108
vn -0.707105 0.000000 -0.707108
vn 0.000000 1.000000 0.000000
vn 0.000000 1.000000 0.000000
vn 0.000000 1.000000 0.000000
vn 0.000000 1.000000 0.000000
vn 0.707107 0.000000 0.707107
vn 0.707107 0.000000 0.707107
vn 0.707107 0.000000 0.707107
vn 0.707107 0.000000 0.707107
vn 0.000000 -1.000000 0.000000
vn 0.000000 -1.000000 0.000000
vn 0.000000 -1.000000 0.000000
vn 0.000000 -1.000000 0.000000
vn -0.707107 0.000000 0.707106
vn -0.707107 0.000000 0.707106
vn -0.707107 0.000000 0.707106
vn -0.707107 0.000000 0.707106
vn 0.707105 0.000000 -0.707108
vn 0.707105 0.000000 -0.707108
vn 0.707105 0.000000 -0.707108
vn 0.707105 0.000000 -0.707108
s off
g polySurface22998
f 1/1/1 2/2/2 4/4/3 3/3/4
f 3/3/5 4/4/6 6/6/7 5/5/8
f 5/5/9 6/6/10 8/8/11 7/7/12
f 7/7/13 8/8/14 2/10/15 1/9/16
f 2/2/17 8/11/18 6/12/19 4/4/20
f 7/13/21 1/1/22 3/3/23 5/14/24
f 9/15/25 11/18/26 12/17/27 10/16/28
f 11/18/29 13/20/30 14/19/31 12/17/32
f 13/20/33 15/22/34 16/21/35 14/19/36
f 15/22/37 9/24/38 10/23/39 16/21/40
f 10/16/41 12/17/42 14/26/43 16/25/44
f 15/27/45 13/28/46 11/18/47 9/15/48
f 17/29/49 18/30/50 20/31/51 19/32/52
f 19/32/53 20/31/54 22/33/55 21/34/56
f 21/34/57 22/33/58 24/35/59 23/36/60
f 23/36/61 24/35/62 18/37/63 17/38/64
f 18/30/65 24/39/66 22/40/67 20/31/68
f 23/41/69 17/29/70 19/32/71 21/42/72
f 25/43/73 26/44/74 28/45/75 27/46/76
f 27/46/77 28/45/78 30/47/79 29/48/80
f 29/48/81 30/47/82 32/49/83 31/50/84
f 31/50/85 32/49/86 26/51/87 25/52/88
f 26/44/89 32/53/90 30/54/91 28/45/92
f 31/55/93 25/43/94 27/46/95 29/56/96
f 33/57/97 35/58/98 36/59/99 34/60/100
f 35/58/101 37/61/102 38/62/103 36/59/104
f 37/61/105 39/63/106 40/64/107 38/62/108
f 39/63/109 33/65/110 34/66/111 40/64/112
f 34/60/113 36/59/114 38/67/115 40/68/116
f 39/69/117 37/70/118 35/58/119 33/57/120
f 41/71/121 42/72/122 44/73/123 43/74/124
f 43/74/125 44/73/126 46/75/127 45/76/128
f 45/76/129 46/75/130 48/77/131 47/78/132
f 47/78/133 48/77/134 42/79/135 41/80/136
f 42/72/137 48/81/138 46/82/139 44/73/140
f 47/83/141 41/71/142 43/74/143 45/84/144
f 49/85/145 50/86/146 52/87/147 51/88/148
f 51/88/149 52/87/150 54/89/151 53/90/152
f 53/90/153 54/89/154 56/91/155 55/92/156
f 55/92/157 56/91/158 50/93/159 49/94/160
f 50/86/161 56/95/162 54/96/163 52/87/164
f 55/97/165 49/85/166 51/88/167 53/98/168
f 57/99/169 59/100/170 60/101/171 58/102/172
f 59/100/173 61/103/174 62/104/175 60/101/176
f 61/103/177 63/105/178 64/106/179 62/104/180
f 63/105/181 57/107/182 58/108/183 64/106/184
f 58/102/185 60/101/186 62/109/187 64/110/188
f 63/111/189 61/112/190 59/100/191 57/99/192
f 65/113/193 66/114/194 68/115/195 67/116/196
f 67/116/197 68/115/198 70/117/199 69/118/200
f 69/118/201 70/117/202 72/119/203 71/120/204
f 71/120/205 72/119/206 66/121/207 65/122/208
f 66/114/209 72/123/210 70/124/211 68/115/212
f 71/125/213 65/113/214 67/116/215 69/126/216
f 73/127/217 74/128/218 76/129/219 75/130/220
f 75/130/221 76/129/222 78/131/223 77/132/224
f 77/132/225 78/131/226 80/133/227 79/134/228
f 79/134/229 80/133/230 74/135/231 73/136/232
f 74/128/233 80/137/234 78/138/235 76/129/236
f 79/139/237 73/127/238 75/130/239 77/140/240
f 81/141/241 83/142/242 84/143/243 82/144/244
f 83/142/245 85/145/246 86/146/247 84/143/248
f 85/145/249 87/147/250 88/148/251 86/146/252
f 87/147/253 81/149/254 82/150/255 88/148/256
f 82/144/257 84/143/258 86/151/259 88/152/260
f 87/153/261 85/154/262 83/142/263 81/141/264
f 89/155/265 90/156/266 92/157/267 91/158/268
f 91/158/269 92/157/270 94/159/271 93/160/272
f 93/160/273 94/159/274 96/161/275 95/162/276
f 95/162/277 96/161/278 90/163/279 89/164/280
f 90/156/281 96/165/282 94/166/283 92/157/284
f 95/167/285 89/155/286 91/158/287 93/168/288
f 97/169/289 98/170/290 100/171/291 99/172/292
f 99/172/293 100/171/294 102/173/295 101/174/296
f 101/174/297 102/173/298 104/175/299 103/176/300
f 103/176/301 104/175/302 98/177/303 97/178/304
f 98/170/305 104/179/306 102/180/307 100/171/308
f 103/181/309 97/169/310 99/172/311 101/182/312
f 105/183/313 106/184/314 108/185/315 107/186/316
f 107/186/317 108/185/318 110/187/319 109/188/320
f 109/188/321 110/187/322 112/189/323 111/190/324
f 111/190/325 112/189/326 106/191/327 105/192/328
f 106/184/329 112/193/330 110/194/331 108/185/332
f 111/195/333 105/183/334 107/186/335 109/196/336
f 113/197/337 114/198/338 116/199/339 115/200/340
f 115/200/341 116/199/342 118/201/343 117/202/344
f 117/202/345 118/201/346 120/203/347 119/204/348
f 119/204/349 120/203/350 114/205/351 113/206/352
f 114/198/353 120/207/354 118/208/355 116/199/356
f 119/209/357 113/197/358 115/200/359 117/210/360
f 121/211/361 123/212/362 124/213/363 122/214/364
f 123/212/365 125/215/366 126/216/367 124/213/368
f 125/215/369 127/217/370 128/218/371 126/216/372
f 127/217/373 121/219/374 122/220/375 128/218/376
f 122/214/377 124/213/378 126/221/379 128/222/380
f 127/223/381 125/224/382 123/212/383 121/211/384
f 129/225/385 130/226/386 132/227/387 131/228/388
f 131/228/389 132/227/390 134/229/391 133/230/392
f 133/230/393 134/229/394 136/231/395 135/232/396
f 135/232/397 136/231/398 130/233/399 129/234/400
f 130/226/401 136/235/402 134/236/403 132/227/404
f 135/237/405 129/225/406 131/228/407 133/238/408
f 137/239/409 138/240/410 140/241/411 139/242/412
f 139/242/413 140/241/414 142/243/415 141/244/416
f 141/244/417 142/243/418 144/245/419 143/246/420
f 143/246/421 144/245/422 138/247/423 137/248/424
f 138/240/425 144/249/426 142/250/427 140/241/428
f 143/251/429 137/239/430 139/242/431 141/252/432
f 145/253/433 147/254/434 148/255/435 146/256/436
f 147/254/437 149/257/438 150/258/439 148/255/440
f 149/257/441 151/259/442 152/260/443 150/258/444
f 151/259/445 145/261/446 146/262/447 152/260/448
f 146/256/449 148/255/450 150/263/451 152/264/452
f 151/265/453 149/266/454 147/254/455 145/253/456
f 153/267/457 154/268/458 156/269/459 155/270/460
f 155/270/461 156/269/462 158/271/463 157/272/464
f 157/272/465 158/271/466 160/273/467 159/274/468
f 159/274/469 160/273/470 154/275/471 153/276/472
f 154/268/473 160/277/474 158/278/475 156/269/476
f 159/279/477 153/267/478 155/270/479 157/280/480
f 161/281/481 162/282/482 164/283/483 163/284/484
f 163/284/485 164/283/486 166/285/487 165/286/488
f 165/286/489 166/285/490 168/287/491 167/288/492
f 167/288/493 168/287/494 162/289/495 161/290/496
f 162/282/497 168/291/498 166/292/499 164/283/500
f 167/293/501 161/281/502 163/284/503 165/294/504
f 169/295/505 171/296/506 172/297/507 170/298/508
f 171/296/509 173/299/510 174/300/511 172/297/512
f 173/299/513 175/301/514 176/302/515 174/300/516
f 175/301/517 169/303/518 170/304/519 176/302/520
f 170/298/521 172/297/522 174/305/523 176/306/524
f 175/307/525 173/308/526 171/296/527 169/295/528
f 177/309/529 178/310/530 180/311/531 179/312/532
f 179/312/533 180/311/534 182/313/535 181/314/536
f 181/314/537 182/313/538 184/315/539 183/316/540
f 183/316/541 184/315/542 178/317/543 177/318/544
f 178/310/545 184/319/546 182/320/547 180/311/548
f 183/321/549 177/309/550 179/312/551 181/322/552
f 185/323/553 186/324/554 188/325/555 187/326/556
f 187/326/557 188/325/558 190/327/559 189/328/560
f 189/328/561 190/327/562 192/329/563 191/330/564
f 191/330/565 192/329/566 186/331/567 185/332/568
f 186/324/569 192/333/570 190/334/571 188/325/572
f 191/335/573 185/323/574 187/326/575 189/336/576
f 193/337/577 195/338/578 196/339/579 194/340/580
f 195/338/581 197/341/582 198/342/583 196/339/584
f 197/341/585 199/343/586 200/344/587 198/342/588
f 199/343/589 193/345/590 194/346/591 200/344/592
f 194/340/593 196/339/594 198/347/595 200/348/596
f 199/349/597 197/350/598 195/338/599 193/337/600
f 201/351/601 202/352/602 204/353/603 203/354/604
f 203/354/605 204/353/606 206/355/607 205/356/608
f 205/356/609 206/355/610 208/357/611 207/358/612
f 207/358/613 208/357/614 202/359/615 201/360/616
f 202/352/617 208/361/618 206/362/619 204/353/620
f 207/363/621 201/351/622 203/354/623 205/364/624
f 209/365/625 210/366/626 212/367/627 211/368/628
f 211/368/629 212/367/630 214/369/631 213/370/632
f 213/370/633 214/369/634 216/371/635 215/372/636
f 215/372/637 216/371/638 210/373/639 209/374/640
f 210/366/641 216/375/642 214/376/643 212/367/644
f 215/377/645 209/365/646 211/368/647 213/378/648
f 217/379/649 218/380/650 220/381/651 219/382/652
f 219/382/653 220/381/654 222/383/655 221/384/656
f 221/384/657 222/383/658 224/385/659 223/386/660
f 223/386/661 224/385/662 218/387/663 217/388/664
f 218/380/665 224/389/666 222/390/667 220/381/668
f 223/391/669 217/379/670 219/382/671 221/392/672
s 169
f 225/393/673 226/394/674 229/395/675 228/396/676
f 226/394/674 227/397/677 230/398/678 229/395/675
s 170
f 231/399/679 228/396/680 229/395/681 232/400/682
f 229/395/681 230/398/683 233/401/684 232/400/682
s 171
f 231/399/685 232/400/686 235/402/687 234/403/688
f 232/400/686 233/401/689 236/404/690 235/405/687
s 172
f 226/394/691 225/393/692 234/406/693 235/407/694
f 227/397/695 226/394/691 235/408/694 236/409/696
s off
f 238/410/697 239/411/698 240/412/699 237/413/700
s 172
f 225/393/692 238/414/701 237/415/702 234/416/693
s 169
f 228/396/676 239/417/703 238/414/704 225/393/673
s 170
f 239/417/705 228/396/680 231/399/679 240/418/706
s 171
f 234/419/688 237/420/707 240/418/708 231/399/685
s 174
f 241/421/709 242/422/710 245/423/711 244/424/712
f 242/422/710 243/425/713 246/426/714 245/423/711
s 175
f 247/427/715 244/424/716 245/423/717 248/428/718
f 245/423/717 246/426/719 249/429/720 248/428/718
s 176
f 247/427/721 248/428/722 251/430/723 250/431/724
f 248/428/722 249/429/725 252/432/726 251/433/723
s 177
f 242/422/727 241/421/728 250/434/729 251/435/730
f 243/425/731 242/422/727 251/436/730 252/437/732
s off
f 254/438/733 255/439/734 256/440/735 253/441/736
s 177
f 241/421/728 254/442/737 253/443/738 250/444/729
s 174
f 244/424/712 255/445/739 254/442/740 241/421/709
s 175
f 255/445/741 244/424/716 247/427/715 256/446/742
s 176
f 250/447/724 253/448/743 256/446/744 247/427/721
s off
f 257/449/745 258/450/746 260/451/747 259/452/748
f 259/452/749 260/451/750 262/453/751 261/454/752
f 261/454/753 262/453/754 264/455/755 263/456/756
f 263/456/757 264/455/758 258/457/759 257/458/760
f 258/450/761 264/459/762 262/460/763 260/451/764
f 263/461/765 257/449/766 259/452/767 261/462/768
f 265/463/769 266/464/770 268/465/771 267/466/772
f 267/466/773 268/465/774 270/467/775 269/468/776
f 269/468/777 270/467/778 272/469/779 271/470/780
f 271/470/781 272/469/782 266/471/783 265/472/784
f 266/464/785 272/473/786 270/474/787 268/465/788
f 271/475/789 265/463/790 267/466/791 269/476/792
s 191
f 273/477/793 274/478/794 277/479/795 276/480/796
f 274/478/794 275/481/797 278/482/798 277/479/795
s 192
f 276/480/799 277/479/800 296/483/801 289/484/802
f 277/479/800 278/482/803 295/485/804 296/483/801
s 193
f 279/486/805 280/487/806 283/488/807 282/489/808
f 280/487/806 281/490/809 284/491/810 283/492/807
s 194
f 292/493/811 293/494/812 274/478/813 273/477/814
f 293/495/812 294/496/815 275/481/816 274/478/813
s 195
f 291/497/817 286/498/818 287/499/819 290/500/820
s 194
f 273/477/814 286/501/821 291/502/822 292/503/811
s 191
f 276/480/796 287/504/823 286/501/824 273/477/793
s 192
f 289/484/802 290/505/825 287/504/826 276/480/799
s 193
f 282/506/808 285/507/827 288/508/828 279/486/805
s 192
f 297/509/829 298/510/830 290/505/825 289/484/802
s 195
f 299/511/831 291/497/817 290/500/820 298/512/832
s 194
f 292/503/811 291/502/822 299/513/833 300/514/834
f 300/515/834 301/516/835 293/494/812 292/493/811
f 301/517/835 302/518/836 294/496/815 293/495/812
s 192
f 296/483/801 295/485/804 303/519/837 304/520/838
f 289/484/802 296/483/801 304/520/838 297/509/829
f 279/486/839 288/508/840 298/510/830 297/509/829
s 195
f 285/521/841 299/511/831 298/512/832 288/522/842
s 194
f 300/514/834 299/513/833 285/523/843 282/524/844
f 282/525/844 283/526/845 301/516/835 300/515/834
f 283/527/845 284/528/846 302/518/836 301/517/835
s 192
f 304/520/838 303/519/837 281/490/847 280/487/848
f 297/509/829 304/520/838 280/487/848 279/486/839
s 196
f 305/529/849 306/530/850 309/531/851 308/532/852
f 306/530/850 307/533/853 310/534/854 309/531/851
s 197
f 311/535/855 308/532/856 309/531/857 312/536/858
f 309/531/857 310/534/859 313/537/860 312/536/858
s 198
f 311/535/861 312/536/862 315/538/863 314/539/864
f 312/536/862 313/537/865 316/540/866 315/541/863
s 199
f 306/530/867 305/529/868 314/542/869 315/543/870
f 307/533/871 306/530/867 315/544/870 316/545/872
s off
f 318/546/873 319/547/874 320/548/875 317/549/876
s 199
f 305/529/868 318/550/877 317/551/878 314/552/869
s 196
f 308/532/852 319/553/879 318/550/880 305/529/849
s 197
f 319/553/881 308/532/856 311/535/855 320/554/882
s 198
f 314/555/864 317/556/883 320/554/884 311/535/861
s 201
f 321/557/885 322/558/886 325/559/887 324/560/888
f 322/558/886 323/561/889 326/562/890 325/559/887
s 202
f 327/563/891 324/560/892 325/559/893 328/564/894
f 325/559/893 326/562/895 329/565/896 328/564/894
s 203
f 327/563/897 328/564/898 331/566/899 330/567/900
f 328/564/898 329/565/901 332/568/902 331/569/899
s 204
f 322/558/903 321/557/904 330/570/905 331/571/906
f 323/561/907 322/558/903 331/572/906 332/573/908
s off
f 334/574/909 335/575/910 336/576/911 333/577/912
s 204
f 321/557/904 334/578/913 333/579/914 330/580/905
s 201
f 324/560/888 335/581/915 334/578/916 321/557/885
s 202
f 335/581/917 324/560/892 327/563/891 336/582/918
s 203
f 330/583/900 333/584/919 336/582/920 327/563/897
s off
f 337/585/921 338/586/922 340/587/923 339/588/924
f 339/588/925 340/587/926 342/589/927 341/590/928
f 341/590/929 342/589/930 344/591/931 343/592/932
f 343/592/933 344/591/934 338/593/935 337/594/936
f 338/586/937 344/595/938 342/596/939 340/587/940
f 343/597/941 337/585/942 339/588/943 341/598/944
f 345/599/945 346/600/946 348/601/947 347/602/948
f 347/602/949 348/601/950 350/603/951 349/604/952
f 349/604/953 350/603/954 352/605/955 351/606/956
f 351/606/957 352/605/958 346/607/959 345/608/960
f 346/600/961 352/609/962 350/610/963 348/601/964
f 351/611/965 345/599/966 347/602/967 349/612/968
f 353/613/969 227/614/970 236/615/971 356/616/972
f 230/617/973 227/614/974 353/613/975 354/618/976
f 355/619/977 233/620/978 230/617/979 354/618/980
f 236/621/981 233/620/982 355/619/983 356/622/984
f 357/623/985 243/624/986 252/625/987 360/626/988
f 246/627/989 243/624/990 357/623/991 358/628/992
f 359/629/993 249/630/994 246/627/995 358/628/996
f 252/631/997 249/630/998 359/629/999 360/632/1000
f 361/633/1001 362/634/1002 364/635/1003 363/636/1004
f 363/636/1005 364/635/1006 366/637/1007 365/638/1008
f 365/638/1009 366/637/1010 368/639/1011 367/640/1012
f 367/640/1013 368/639/1014 362/641/1015 361/642/1016
f 362/634/1017 368/643/1018 366/644/1019 364/635/1020
f 367/645/1021 361/633/1022 363/636/1023 365/646/1024
s 232
f 369/647/1025 381/648/1026 382/649/1027 373/650/1028
s 233
f 380/651/1029 381/648/1030 369/647/1031 370/652/1032
s 234
f 374/653/1033 379/654/1034 380/651/1035 370/652/1036
s 235
f 384/655/1037 377/656/1038 371/657/1039 372/658/1040
s 234
f 376/659/1041 378/660/1042 379/654/1034 374/653/1033
s 232
f 373/650/1028 382/649/1027 383/661/1043 375/662/1044
s 234
f 371/657/1045 377/656/1046 378/660/1042 376/659/1041
s 232
f 383/661/1043 384/663/1047 372/664/1048 375/662/1044
s 234
f 377/656/1046 281/665/1049 303/666/1050 378/660/1042
f 379/654/1034 378/660/1042 303/666/1050 295/667/1051
f 380/651/1035 379/654/1034 295/667/1051 278/668/1052
s 233
f 278/668/1053 275/669/1054 381/648/1030 380/651/1029
s 232
f 382/649/1027 381/648/1026 275/669/1055 294/670/1056
f 383/661/1043 382/649/1027 294/670/1056 302/671/1057
f 302/671/1057 284/672/1058 384/663/1047 383/661/1043
s 235
f 284/673/1059 281/665/1060 377/656/1038 384/655/1037
s off
f 385/674/1061 307/675/1062 316/676/1063 388/677/1064
f 310/678/1065 307/675/1066 385/674/1067 386/679/1068
f 387/680/1069 313/681/1070 310/678/1071 386/679/1072
f 388/682/1073 316/683/1074 313/681/1075 387/680/1076
f 389/684/1077 323/685/1078 332/686/1079 392/687/1080
f 326/688/1081 323/685/1082 389/684/1083 390/689/1084
f 391/690/1085 329/691/1086 326/688/1087 390/689/1088
f 392/692/1089 332/693/1090 329/691/1091 391/690/1092
f 393/694/1093 394/695/1094 396/696/1095 395/697/1096
f 395/697/1097 396/696/1098 398/698/1099 397/699/1100
f 397/699/1101 398/698/1102 400/700/1103 399/701/1104
f 399/701/1105 400/700/1106 394/702/1107 393/703/1108
f 394/695/1109 400/704/1110 398/705/1111 396/696/1112
f 399/706/1113 393/694/1114 395/697/1115 397/707/1116
f 401/708/1117 402/709/1118 404/710/1119 403/711/1120
f 403/711/1121 404/710/1122 406/712/1123 405/713/1124
f 405/713/1125 406/712/1126 408/714/1127 407/715/1128
f 407/715/1129 408/714/1130 402/716/1131 401/717/1132
f 402/709/1133 408/718/1134 406/719/1135 404/710/1136
f 407/720/1137 401/708/1138 403/711/1139 405/721/1140
f 409/722/1141 410/723/1142 412/724/1143 411/725/1144
f 411/725/1145 412/724/1146 414/726/1147 413/727/1148
f 413/727/1149 414/726/1150 416/728/1151 415/729/1152
f 415/729/1153 416/728/1154 410/730/1155 409/731/1156
f 410/723/1157 416/732/1158 414/733/1159 412/724/1160
f 415/734/1161 409/722/1162 411/725/1163 413/735/1164
f 422/736/1165 423/737/1166 424/738/1167 421/739/1168
f 417/740/1169 422/741/1170 421/742/1171 420/743/1172
f 423/744/1173 422/741/1174 417/740/1175 418/745/1176
f 419/746/1177 424/747/1178 423/744/1179 418/745/1180
f 421/748/1181 424/747/1182 419/746/1183 420/749/1184
f 418/750/1185 417/751/1186 420/752/1187 419/753/1188
f 425/754/1189 353/755/1190 356/756/1191 428/757/1192
f 354/758/1193 353/755/1194 425/754/1195 426/759/1196
f 427/760/1197 355/761/1198 354/758/1199 426/759/1200
f 356/762/1201 355/761/1202 427/760/1203 428/763/1204
f 429/764/1205 357/765/1206 360/766/1207 432/767/1208
f 358/768/1209 357/765/1210 429/764/1211 430/769/1212
f 431/770/1213 359/771/1214 358/768/1215 430/769/1216
f 360/772/1217 359/771/1218 431/770/1219 432/773/1220
f 433/774/1221 434/775/1222 436/776/1223 435/777/1224
f 435/777/1225 436/776/1226 438/778/1227 437/779/1228
f 437/779/1229 438/778/1230 440/780/1231 439/781/1232
f 439/781/1233 440/780/1234 434/782/1235 433/783/1236
f 434/775/1237 440/784/1238 438/785/1239 436/776/1240
f 439/786/1241 433/774/1242 435/777/1243 437/787/1244
s 282
f 441/788/1245 453/789/1246 454/790/1247 445/791/1248
s 283
f 452/792/1249 453/789/1250 441/788/1251 442/793/1252
s 284
f 446/794/1253 451/795/1254 452/792/1255 442/793/1256
s 285
f 456/796/1257 449/797/1258 443/798/1259 444/799/1260
s 284
f 448/800/1261 450/801/1262 451/795/1254 446/794/1253
s 282
f 445/791/1248 454/790/1247 455/802/1263 447/803/1264
s 284
f 443/798/1265 449/797/1266 450/801/1262 448/800/1261
s 282
f 455/802/1263 456/804/1267 444/805/1268 447/803/1264
s 284
f 449/797/1266 371/806/1269 376/807/1270 450/801/1262
f 451/795/1254 450/801/1262 376/807/1270 374/808/1271
f 452/792/1255 451/795/1254 374/808/1271 370/809/1272
s 283
f 370/809/1273 369/810/1274 453/789/1250 452/792/1249
s 282
f 454/790/1247 453/789/1246 369/810/1275 373/811/1276
f 455/802/1263 454/790/1247 373/811/1276 375/812/1277
f 375/812/1277 372/813/1278 456/804/1267 455/802/1263
s 285
f 372/814/1279 371/806/1280 449/797/1258 456/796/1257
s off
f 457/815/1281 385/816/1282 388/817/1283 460/818/1284
f 386/819/1285 385/816/1286 457/815/1287 458/820/1288
f 459/821/1289 387/822/1290 386/819/1291 458/820/1292
f 460/823/1293 388/824/1294 387/822/1295 459/821/1296
f 461/825/1297 389/826/1298 392/827/1299 464/828/1300
f 390/829/1301 389/826/1302 461/825/1303 462/830/1304
f 463/831/1305 391/832/1306 390/829/1307 462/830/1308
f 464/833/1309 392/834/1310 391/832/1311 463/831/1312
f 465/835/1313 466/836/1314 468/837/1315 467/838/1316
f 467/838/1317 468/837/1318 470/839/1319 469/840/1320
f 469/840/1321 470/839/1322 472/841/1323 471/842/1324
f 471/842/1325 472/841/1326 466/843/1327 465/844/1328
f 466/836/1329 472/845/1330 470/846/1331 468/837/1332
f 471/847/1333 465/835/1334 467/838/1335 469/848/1336
f 473/849/1337 474/850/1338 476/851/1339 475/852/1340
f 475/852/1341 476/851/1342 478/853/1343 477/854/1344
f 477/854/1345 478/853/1346 480/855/1347 479/856/1348
f 479/856/1349 480/855/1350 474/857/1351 473/858/1352
f 474/850/1353 480/859/1354 478/860/1355 476/851/1356
f 479/861/1357 473/849/1358 475/852/1359 477/862/1360
f 481/863/1361 482/864/1362 484/865/1363 483/866/1364
f 483/866/1365 484/865/1366 486/867/1367 485/868/1368
f 485/868/1369 486/867/1370 488/869/1371 487/870/1372
f 487/870/1373 488/869/1374 482/871/1375 481/872/1376
f 482/864/1377 488/873/1378 486/874/1379 484/865/1380
f 487/875/1381 481/863/1382 483/866/1383 485/876/1384
f 494/877/1385 495/878/1386 496/879/1387 493/880/1388
f 489/881/1389 494/882/1390 493/883/1391 492/884/1392
f 495/885/1393 494/882/1394 489/881/1395 490/886/1396
f 491/887/1397 496/888/1398 495/885/1399 490/886/1400
f 493/889/1401 496/888/1402 491/887/1403 492/890/1404
f 490/891/1405 489/892/1406 492/893/1407 491/894/1408
s 318
f 497/895/1409 498/896/1410 500/897/1411 499/898/1412
f 498/896/1410 460/899/1413 459/900/1414 500/897/1411
s 319
f 501/901/1415 499/898/1416 500/897/1417 502/902/1418
f 500/897/1417 459/900/1419 458/903/1420 502/902/1418
s 320
f 501/901/1421 502/902/1422 504/904/1423 503/905/1424
f 502/902/1422 458/903/1425 457/906/1426 504/907/1423
s 321
f 498/896/1427 497/895/1428 503/908/1429 504/909/1430
f 460/899/1431 498/896/1427 504/910/1430 457/911/1432
s off
f 506/912/1433 507/913/1434 508/914/1435 505/915/1436
s 321
f 497/895/1428 506/916/1437 505/917/1438 503/918/1429
s 318
f 499/898/1412 507/919/1439 506/916/1440 497/895/1409
s 319
f 507/919/1441 499/898/1416 501/901/1415 508/920/1442
s 320
f 503/921/1424 505/922/1443 508/920/1444 501/901/1421
s 323
f 509/923/1445 510/924/1446 512/925/1447 511/926/1448
f 510/924/1446 464/927/1449 463/928/1450 512/925/1447
s 324
f 513/929/1451 511/926/1452 512/925/1453 514/930/1454
f 512/925/1453 463/928/1455 462/931/1456 514/930/1454
s 325
f 513/929/1457 514/930/1458 516/932/1459 515/933/1460
f 514/930/1458 462/931/1461 461/934/1462 516/935/1459
s 326
f 510/924/1463 509/923/1464 515/936/1465 516/937/1466
f 464/927/1467 510/924/1463 516/938/1466 461/939/1468
s off
f 518/940/1469 519/941/1470 520/942/1471 517/943/1472
s 326
f 509/923/1464 518/944/1473 517/945/1474 515/946/1465
s 323
f 511/926/1448 519/947/1475 518/944/1476 509/923/1445
s 324
f 519/947/1477 511/926/1452 513/929/1451 520/948/1478
s 325
f 515/949/1460 517/950/1479 520/948/1480 513/929/1457
s off
f 521/951/1481 522/952/1482 524/953/1483 523/954/1484
f 523/954/1485 524/953/1486 526/955/1487 525/956/1488
f 525/956/1489 526/955/1490 528/957/1491 527/958/1492
f 527/958/1493 528/957/1494 522/959/1495 521/960/1496
f 522/952/1497 528/961/1498 526/962/1499 524/953/1500
f 527/963/1501 521/951/1502 523/954/1503 525/964/1504
f 529/965/1505 530/966/1506 532/967/1507 531/968/1508
f 531/968/1509 532/967/1510 534/969/1511 533/970/1512
f 533/970/1513 534/969/1514 536/971/1515 535/972/1516
f 535/972/1517 536/971/1518 530/973/1519 529/974/1520
f 530/966/1521 536/975/1522 534/976/1523 532/967/1524
f 535/977/1525 529/965/1526 531/968/1527 533/978/1528
s 340
f 537/979/1529 538/980/1530 540/981/1531 539/982/1532
f 538/980/1530 444/983/1533 443/984/1534 540/981/1531
s 341
f 539/982/1535 540/981/1536 554/985/1537 549/986/1538
f 540/981/1536 443/984/1539 448/987/1540 554/985/1537
s 342
f 541/988/1541 542/989/1542 544/990/1543 543/991/1544
f 542/989/1542 442/992/1545 441/993/1546 544/994/1543
s 343
f 552/995/1547 553/996/1548 538/980/1549 537/979/1550
f 553/997/1548 447/998/1551 444/983/1552 538/980/1549
s 344
f 551/999/1553 546/1000/1554 547/1001/1555 550/1002/1556
s 343
f 537/979/1550 546/1003/1557 551/1004/1558 552/1005/1547
s 340
f 539/982/1532 547/1006/1559 546/1003/1560 537/979/1529
s 341
f 549/986/1538 550/1007/1561 547/1006/1562 539/982/1535
s 342
f 543/1008/1544 545/1009/1563 548/1010/1564 541/988/1541
s 341
f 555/1011/1565 556/1012/1566 550/1007/1561 549/986/1538
s 344
f 557/1013/1567 551/999/1553 550/1002/1556 556/1014/1568
s 343
f 552/1005/1547 551/1004/1558 557/1015/1569 558/1016/1570
f 558/1017/1570 559/1018/1571 553/996/1548 552/995/1547
f 559/1019/1571 445/1020/1572 447/998/1551 553/997/1548
s 341
f 554/985/1537 448/987/1540 446/1021/1573 560/1022/1574
f 549/986/1538 554/985/1537 560/1022/1574 555/1011/1565
f 541/988/1575 548/1010/1576 556/1012/1566 555/1011/1565
s 344
f 545/1023/1577 557/1013/1567 556/1014/1568 548/1024/1578
s 343
f 558/1016/1570 557/1015/1569 545/1025/1579 543/1026/1580
f 543/1027/1580 544/1028/1581 559/1018/1571 558/1017/1570
f 544/1029/1581 441/1030/1582 445/1020/1572 559/1019/1571
s 341
f 560/1022/1574 446/1021/1573 442/992/1583 542/989/1584
f 555/1011/1565 560/1022/1574 542/989/1584 541/988/1575
s 345
f 561/1031/1585 562/1032/1586 564/1033/1587 563/1034/1588
f 562/1032/1586 428/1035/1589 427/1036/1590 564/1033/1587
s 346
f 565/1037/1591 563/1034/1592 564/1033/1593 566/1038/1594
f 564/1033/1593 427/1036/1595 426/1039/1596 566/1038/1594
s 347
f 565/1037/1597 566/1038/1598 568/1040/1599 567/1041/1600
f 566/1038/1598 426/1039/1601 425/1042/1602 568/1043/1599
s 348
f 562/1032/1603 561/1031/1604 567/1044/1605 568/1045/1606
f 428/1035/1607 562/1032/1603 568/1046/1606 425/1047/1608
s off
f 570/1048/1609 571/1049/1610 572/1050/1611 569/1051/1612
s 348
f 561/1031/1604 570/1052/1613 569/1053/1614 567/1054/1605
s 345
f 563/1034/1588 571/1055/1615 570/1052/1616 561/1031/1585
s 346
f 571/1055/1617 563/1034/1592 565/1037/1591 572/1056/1618
s 347
f 567/1057/1600 569/1058/1619 572/1056/1620 565/1037/1597
s 350
f 573/1059/1621 574/1060/1622 576/1061/1623 575/1062/1624
f 574/1060/1622 432/1063/1625 431/1064/1626 576/1061/1623
s 351
f 577/1065/1627 575/1062/1628 576/1061/1629 578/1066/1630
f 576/1061/1629 431/1064/1631 430/1067/1632 578/1066/1630
s 352
f 577/1065/1633 578/1066/1634 580/1068/1635 579/1069/1636
f 578/1066/1634 430/1067/1637 429/1070/1638 580/1071/1635
s 353
f 574/1060/1639 573/1059/1640 579/1072/1641 580/1073/1642
f 432/1063/1643 574/1060/1639 580/1074/1642 429/1075/1644
s off
f 582/1076/1645 583/1077/1646 584/1078/1647 581/1079/1648
s 353
f 573/1059/1640 582/1080/1649 581/1081/1650 579/1082/1641
s 350
f 575/1062/1624 583/1083/1651 582/1080/1652 573/1059/1621
s 351
f 583/1083/1653 575/1062/1628 577/1065/1627 584/1084/1654
s 352
f 579/1085/1636 581/1086/1655 584/1084/1656 577/1065/1633
s off
f 585/1087/1657 586/1088/1658 588/1089/1659 587/1090/1660
f 587/1090/1661 588/1089/1662 590/1091/1663 589/1092/1664
f 589/1092/1665 590/1091/1666 592/1093/1667 591/1094/1668
f 591/1094/1669 592/1093/1670 586/1095/1671 585/1096/1672
f 586/1088/1673 592/1097/1674 590/1098/1675 588/1089/1676
f 591/1099/1677 585/1087/1678 587/1090/1679 589/1100/1680
f 593/1101/1681 594/1102/1682 596/1103/1683 595/1104/1684
f 595/1104/1685 596/1103/1686 598/1105/1687 597/1106/1688
f 597/1106/1689 598/1105/1690 600/1107/1691 599/1108/1692
f 599/1108/1693 600/1107/1694 594/1109/1695 593/1110/1696
f 594/1102/1697 600/1111/1698 598/1112/1699 596/1103/1700
f 599/1113/1701 593/1101/1702 595/1104/1703 597/1114/1704
