# This file uses centimeters as units for non-parametric coordinates.

g default
v -234.034439 2.491624 6.401766
v -218.501465 2.491632 6.401766
v -234.034439 2.491624 -4.355755
v -218.501465 2.491632 -4.355755
v -230.486435 2.417602 6.434479
v -230.529343 2.491622 -4.355755
v -222.175598 2.417602 6.434479
v -222.146759 2.491622 -4.355755
v -234.034439 2.491622 -1.733887
v -218.501465 2.491613 -1.733887
v -234.034439 2.491622 3.716635
v -218.501465 2.491613 3.716635
v -235.962051 2.954041 -2.497089
v -230.738998 3.013786 -6.332508
v -235.962051 3.542877 -6.332508
v -221.948456 3.013786 -6.332508
v -216.620850 2.954041 -2.497089
v -216.620850 3.542877 -6.332508
v -235.962051 2.954041 4.402094
v -216.620850 2.954041 4.402094
v -235.962051 3.542877 8.332512
v -230.738998 3.013786 8.332512
v -221.948456 3.013786 8.332512
v -216.620850 3.542877 8.332512
v -230.735641 2.719335 -6.320938
v -221.951691 2.832981 -6.320938
v -216.629425 3.355326 -6.320938
v -216.629425 2.773235 -2.492878
v -216.629425 2.773235 4.398006
v -216.629425 3.355326 8.320942
v -221.951691 2.832981 8.320942
v -230.735641 2.832981 8.320942
v -235.953476 3.355326 8.320942
v -235.953476 2.773235 4.398006
v -235.953476 2.773235 -2.492878
v -235.953476 3.355326 -6.320938
v -234.040421 3.529136 -4.388939
v -230.480423 3.237270 -4.388939
v -234.040421 3.251890 -1.754833
v -218.556305 3.251890 -1.754833
v -218.556305 3.529136 -4.388939
v -222.179749 3.237270 -4.388939
v -234.040421 3.251890 3.693268
v -218.556305 3.251890 3.693268
v -234.040421 3.529136 6.434353
v -230.480423 3.237270 6.434353
v -222.179749 3.237270 6.434353
v -218.556305 3.529136 6.434353
v -230.612595 2.491622 7.002457
v -234.644089 2.491624 7.002457
v -234.653641 2.491622 3.963221
v -234.644089 2.491622 -1.950592
v -234.653641 2.491624 -4.911644
v -230.618851 2.491622 -4.911644
v -222.068451 2.491622 -4.911644
v -217.902069 2.491633 -4.911644
v -217.911621 2.491613 -1.950592
v -217.902069 2.491613 3.963221
v -217.911621 2.491633 7.002457
v -222.072784 2.491622 7.002457
v -234.238754 -0.136045 6.670246
v -218.309753 -0.136045 6.670246
v -234.138718 0.009698 6.543221
v -218.409790 0.009698 6.543221
v -234.138718 0.009698 -4.559799
v -218.409790 0.009698 -4.559799
v -234.238754 -0.136045 -4.686825
v -218.309753 -0.136045 -4.686825
v -234.319839 5.095334 6.698460
v -218.234528 5.095399 6.698460
v -234.319839 5.095334 -4.647675
v -218.234528 5.095399 -4.647675
v -231.971085 5.095334 6.698460
v -231.971085 5.095334 -4.647675
v -220.627838 5.095399 6.698460
v -220.627838 5.095399 -4.647675
v -234.319839 5.095350 -1.025433
v -218.234528 5.095350 -1.025433
v -234.319839 5.095350 2.981880
v -218.234528 5.095260 2.981880
v -226.306137 5.095132 0.975887
v -235.485367 5.634932 -1.445705
v -232.305069 5.769829 -5.803581
v -235.485367 6.310422 -5.803581
v -220.306793 5.769829 -5.803581
v -217.069031 5.634932 -1.445705
v -217.069031 6.310422 -5.803581
v -235.485367 5.634932 3.388552
v -217.069031 5.634932 3.388552
v -235.485367 6.310422 7.854362
v -232.305069 5.769829 7.854362
v -220.306793 5.769829 7.854362
v -217.069031 6.310422 7.854362
v -233.162735 5.935420 -0.093605
v -233.162674 6.115781 -3.655876
v -219.402954 6.115794 -3.655872
v -219.402405 5.935429 -0.093605
v -233.162735 5.935432 2.094982
v -219.402405 5.935441 2.094978
v -233.162674 6.115800 5.707277
v -219.402954 6.115811 5.707270
v -233.036942 9.254345 0.832870
v -233.043411 8.130993 -0.119331
v -219.528473 9.254351 0.832870
v -219.522217 8.155968 -0.119331
v -233.036942 9.254352 1.173706
v -219.528473 9.254356 1.173706
v -233.043411 8.131011 2.170609
v -219.522217 8.155985 2.170605
v -226.287827 5.095158 6.698460
v -226.288040 5.558551 7.854362
v -226.253586 5.827394 5.707273
v -226.253647 7.822380 2.170609
v -226.253525 8.949362 1.173706
v -226.253525 8.949356 0.832870
v -226.253647 7.822362 -0.119331
v -226.253586 5.849986 -3.655876
v -226.288040 5.558551 -5.803581
v -226.287827 5.095158 -4.647675
v -232.302597 5.589024 -5.790436
v -226.288071 5.377746 -5.790436
v -220.309204 5.589024 -5.790436
v -217.076050 6.122871 -5.790436
v -217.076050 5.454126 -1.440918
v -217.076050 5.454126 3.383907
v -217.076050 6.122871 7.841217
v -220.309204 5.589024 7.841217
v -226.288071 5.377746 7.841217
v -232.302597 5.589024 7.841217
v -235.478348 6.122871 7.841217
v -235.478348 5.454126 3.383907
v -235.478348 5.454126 -1.440918
v -235.478348 6.122871 -5.790436
v -233.036942 9.558257 0.832870
v -226.253525 9.253267 0.832870
v -233.036942 9.558264 1.173706
v -226.253525 9.253275 1.173706
v -219.528473 9.558262 0.832870
v -219.528473 9.558269 1.173706
v -229.464401 5.095359 6.698460
v -229.651108 5.457698 7.841217
v -229.652512 5.638504 7.854362
v -229.635513 5.936534 5.707275
v -229.576706 7.939173 2.170609
v -229.573441 9.030746 1.173706
v -229.573441 9.334660 1.173706
v -229.573441 9.334652 0.832870
v -229.573441 9.030741 0.832870
v -229.576706 7.939155 -0.119331
v -229.635513 5.950569 -3.655876
v -229.652512 5.638504 -5.803581
v -229.651108 5.457698 -5.790436
v -229.464401 5.095359 -4.647675
v -223.124451 5.095359 6.698460
v -222.946106 5.457458 7.841217
v -222.944763 5.638263 7.854362
v -222.882263 5.936210 5.707272
v -222.940979 7.948244 2.170607
v -222.943939 9.030504 1.173706
v -222.943939 9.334416 1.173706
v -222.943939 9.334410 0.832870
v -222.943939 9.030498 0.832870
v -222.940979 7.948226 -0.119331
v -222.882263 5.950271 -3.655876
v -222.944763 5.638263 -5.803581
v -222.946106 5.457458 -5.790436
v -223.124451 5.095359 -4.647675
v -233.111618 6.939497 0.016132
v -233.111557 6.940327 -1.735493
v -229.610306 6.755574 -1.735489
v -226.253616 6.654778 -1.735489
v -222.907410 6.755401 -1.735489
v -219.454041 6.940307 -1.735489
v -219.453552 6.939497 0.016136
v -219.453552 6.939477 1.992878
v -219.454041 6.940268 3.784319
v -222.907410 6.743537 3.784319
v -226.253616 6.634468 3.784321
v -229.610306 6.743721 3.784321
v -233.111557 6.940268 3.784323
v -233.111618 6.939497 1.992878
v -218.364105 5.118124 -4.609577
v -218.364105 2.526375 -4.609577
v -218.763519 5.118124 -4.609577
v -218.763519 2.526375 -4.609577
v -218.364105 5.118124 -4.209248
v -218.364105 2.526375 -4.209248
v -218.763519 3.411496 -4.609577
v -218.364105 3.411496 -4.609577
v -218.364105 3.411496 -4.209248
v -218.763519 3.411496 -4.300587
v -218.763519 5.118124 -4.300587
v -218.676636 3.411496 -4.209248
v -218.676636 5.118124 -4.209248
v -218.763519 2.526375 -4.300587
v -218.673096 2.526375 -4.209248
v -218.364105 -0.065374 -4.609577
v -218.763519 -0.065374 -4.609577
v -218.364105 -0.065374 -4.209248
v -218.763519 0.820931 -4.609577
v -218.364105 0.820931 -4.609577
v -218.364105 0.820931 -4.209248
v -218.763519 0.820931 -4.300587
v -218.673096 0.820931 -4.209248
v -218.763519 -0.065374 -4.300587
v -218.673096 -0.065374 -4.209248
v -227.557816 5.118124 -4.609577
v -227.557816 3.411496 -4.609577
v -227.557816 2.526375 -4.609577
v -227.557816 5.118124 -4.300587
v -227.557816 3.411496 -4.300587
v -227.557816 2.526375 -4.300587
v -227.557816 0.820931 -4.609577
v -227.557816 -0.065374 -4.609577
v -227.557816 0.820931 -4.300587
v -227.557816 -0.065374 -4.300587
v -227.878403 5.118124 -4.609577
v -227.878403 3.411496 -4.609577
v -227.878403 2.526375 -4.609577
v -227.878403 5.118124 -4.300587
v -227.878403 3.411496 -4.300587
v -227.878403 2.526375 -4.300587
v -227.878403 0.820931 -4.609577
v -227.878403 -0.065374 -4.609577
v -227.878403 0.820931 -4.300587
v -227.878403 -0.065374 -4.300587
v -225.103012 3.411496 -4.609577
v -225.103012 2.526375 -4.609577
v -225.103012 0.820931 -4.609577
v -225.103012 -0.065374 -4.609577
v -225.103012 -0.065374 -4.300587
v -225.103012 0.820931 -4.300587
v -225.103012 2.526375 -4.300587
v -225.103012 3.411496 -4.300587
v -225.103012 5.118124 -4.300587
v -225.103012 5.118124 -4.609577
v -224.779953 3.411496 -4.609577
v -224.779953 2.526375 -4.609577
v -224.779953 0.820931 -4.609577
v -224.779953 -0.065374 -4.609577
v -224.779953 -0.065374 -4.300587
v -224.779953 0.820931 -4.300587
v -224.779953 2.526375 -4.300587
v -224.779953 3.411496 -4.300587
v -224.779953 5.118124 -4.300587
v -224.779953 5.118124 -4.609577
v -223.264252 3.411496 -4.609577
v -223.264252 2.526375 -4.609577
v -223.264252 0.820931 -4.609577
v -223.264252 -0.065374 -4.609577
v -223.264252 -0.065374 -4.300587
v -223.264252 0.820931 -4.300587
v -223.264252 2.526375 -4.300587
v -223.264252 3.411496 -4.300587
v -223.264252 5.118124 -4.300587
v -223.264252 5.118124 -4.609577
v -221.673279 3.411496 -4.609577
v -221.673279 2.526375 -4.609577
v -221.673279 0.820931 -4.609577
v -221.673279 -0.065374 -4.609577
v -221.673279 -0.065374 -4.300587
v -221.673279 0.820931 -4.300587
v -221.673279 2.526375 -4.300587
v -221.673279 3.411496 -4.300587
v -221.673279 5.118124 -4.300587
v -221.673279 5.118124 -4.609577
v -220.110931 3.411496 -4.609577
v -220.110931 2.526375 -4.609577
v -220.110931 0.820931 -4.609577
v -220.110931 -0.065374 -4.609577
v -220.110931 -0.065374 -4.300587
v -220.110931 0.820931 -4.300587
v -220.110931 2.526375 -4.300587
v -220.110931 3.411496 -4.300587
v -220.110931 5.118123 -4.300587
v -220.110931 5.118123 -4.609577
v -218.364105 0.820931 -2.844284
v -218.364105 2.526375 -2.844284
v -218.364105 3.411496 -2.679138
v -218.364105 5.118124 -2.679138
v -218.676636 5.118124 -2.679138
v -218.676636 3.411496 -2.679138
v -218.676636 2.526375 -2.844284
v -218.676636 0.820931 -2.844284
v -218.673096 -0.065374 -2.844284
v -218.364105 -0.065374 -2.844284
v -218.364105 0.820931 -1.269997
v -218.364105 2.526375 -1.269997
v -218.364105 3.411496 -1.435143
v -218.364105 5.118124 -1.435143
v -218.676636 5.118124 -1.435143
v -218.676636 3.411496 -1.435143
v -218.676636 2.526375 -1.269997
v -218.676636 0.820931 -1.269997
v -218.673096 -0.065374 -1.269997
v -218.364105 -0.065374 -1.269997
v -218.364105 0.820931 0.090919
v -218.364105 2.526375 0.090919
v -218.364105 3.411496 0.090919
v -218.364105 5.118124 0.090919
v -218.674866 5.118124 0.090919
v -218.674866 3.411496 0.090919
v -218.673096 2.526375 0.090919
v -218.673096 0.820931 0.090919
v -218.673096 -0.065374 0.090919
v -218.364105 -0.065374 0.090919
v -218.364105 5.118124 6.624229
v -218.364105 2.526375 6.624229
v -218.763519 5.118124 6.624229
v -218.763519 2.526375 6.624229
v -218.364105 5.118124 6.223900
v -218.364105 2.526375 6.223900
v -218.763519 3.411496 6.624229
v -218.364105 3.411496 6.624229
v -218.364105 3.411496 6.223900
v -218.763519 3.411496 6.315239
v -218.763519 5.118124 6.315239
v -218.676636 3.411496 6.223900
v -218.676636 5.118124 6.223900
v -218.763519 2.526375 6.315239
v -218.673096 2.526375 6.223900
v -218.364105 -0.065374 6.624229
v -218.763519 -0.065374 6.624229
v -218.364105 -0.065374 6.223900
v -218.763519 0.820931 6.624229
v -218.364105 0.820931 6.624229
v -218.364105 0.820931 6.223900
v -218.763519 0.820931 6.315239
v -218.673096 0.820931 6.223900
v -218.763519 -0.065374 6.315239
v -218.673096 -0.065374 6.223900
v -227.557816 5.118124 6.624229
v -227.557816 3.411496 6.624229
v -227.557816 2.526375 6.624229
v -227.557816 5.118124 6.315239
v -227.557816 3.411496 6.315239
v -227.557816 2.526375 6.315239
v -227.557816 0.820931 6.624229
v -227.557816 -0.065374 6.624229
v -227.557816 0.820931 6.315239
v -227.557816 -0.065374 6.315239
v -227.878403 5.118124 6.624229
v -227.878403 3.411496 6.624229
v -227.878403 2.526375 6.624229
v -227.878403 5.118124 6.315239
v -227.878403 3.411496 6.315239
v -227.878403 2.526375 6.315239
v -227.878403 0.820931 6.624229
v -227.878403 -0.065374 6.624229
v -227.878403 0.820931 6.315239
v -227.878403 -0.065374 6.315239
v -225.103012 3.411496 6.624229
v -225.103012 2.526375 6.624229
v -225.103012 0.820931 6.624229
v -225.103012 -0.065374 6.624229
v -225.103012 -0.065374 6.315239
v -225.103012 0.820931 6.315239
v -225.103012 2.526375 6.315239
v -225.103012 3.411496 6.315239
v -225.103012 5.118124 6.315239
v -225.103012 5.118124 6.624229
v -224.779953 3.411496 6.624229
v -224.779953 2.526375 6.624229
v -224.779953 0.820931 6.624229
v -224.779953 -0.065374 6.624229
v -224.779953 -0.065374 6.315239
v -224.779953 0.820931 6.315239
v -224.779953 2.526375 6.315239
v -224.779953 3.411496 6.315239
v -224.779953 5.118124 6.315239
v -224.779953 5.118124 6.624229
v -223.264252 3.411496 6.624229
v -223.264252 2.526375 6.624229
v -223.264252 0.820931 6.624229
v -223.264252 -0.065374 6.624229
v -223.264252 -0.065374 6.315239
v -223.264252 0.820931 6.315239
v -223.264252 2.526375 6.315239
v -223.264252 3.411496 6.315239
v -223.264252 5.118124 6.315239
v -223.264252 5.118124 6.624229
v -221.673279 3.411496 6.624229
v -221.673279 2.526375 6.624229
v -221.673279 0.820931 6.624229
v -221.673279 -0.065374 6.624229
v -221.673279 -0.065374 6.315239
v -221.673279 0.820931 6.315239
v -221.673279 2.526375 6.315239
v -221.673279 3.411496 6.315239
v -221.673279 5.118124 6.315239
v -221.673279 5.118124 6.624229
v -220.110931 3.411496 6.624229
v -220.110931 2.526375 6.624229
v -220.110931 0.820931 6.624229
v -220.110931 -0.065374 6.624229
v -220.110931 -0.065374 6.315239
v -220.110931 0.820931 6.315239
v -220.110931 2.526375 6.315239
v -220.110931 3.411496 6.315239
v -220.110931 5.118123 6.315239
v -220.110931 5.118123 6.624229
v -218.364105 5.118124 0.383751
v -218.364105 3.411496 0.383751
v -218.364105 2.526375 0.383751
v -218.673096 5.118124 0.383751
v -218.673096 3.411496 0.383751
v -218.676636 2.526375 0.383751
v -218.364105 0.820931 0.383751
v -218.364105 -0.065374 0.383751
v -218.676636 0.820931 0.383751
v -218.676636 -0.065374 0.383751
v -218.364105 0.820931 4.858934
v -218.364105 2.526375 4.858934
v -218.364105 3.411496 4.693789
v -218.364105 5.118124 4.693789
v -218.676636 5.118124 4.693789
v -218.676636 3.411496 4.693789
v -218.676636 2.526375 4.858934
v -218.676636 0.820931 4.858934
v -218.673096 -0.065374 4.858934
v -218.364105 -0.065374 4.858934
v -218.364105 0.820931 3.284647
v -218.364105 2.526375 3.284647
v -218.364105 3.411496 3.449793
v -218.364105 5.118124 3.449793
v -218.676636 5.118124 3.449793
v -218.676636 3.411496 3.449793
v -218.676636 2.526375 3.284647
v -218.676636 0.820931 3.284647
v -218.673096 -0.065374 3.284647
v -218.364105 -0.065374 3.284647
v -218.364105 0.820931 1.605165
v -218.364105 2.526375 1.605165
v -218.364105 3.411496 1.605165
v -218.364105 5.118124 1.605165
v -218.673096 5.118124 1.605165
v -218.673096 3.411496 1.605165
v -218.676636 2.526375 1.605165
v -218.676636 0.820931 1.605165
v -218.676636 -0.065374 1.605165
v -218.364105 -0.065374 1.605165
v -218.364105 0.820931 1.922951
v -218.364105 2.526375 1.922951
v -218.364105 3.411496 1.922951
v -218.364105 5.118124 1.922951
v -218.676636 5.118124 1.922951
v -218.676636 3.411496 1.922951
v -218.673096 2.526375 1.922951
v -218.673096 0.820931 1.922951
v -218.673096 -0.065374 1.922951
v -218.364105 -0.065374 1.922951
v -234.211594 5.118124 6.624229
v -234.211594 2.526375 6.624229
v -233.812180 5.118124 6.624229
v -233.812180 2.526375 6.624229
v -234.211594 5.118124 6.223900
v -234.211594 2.526375 6.223900
v -233.812180 3.411496 6.624229
v -234.211594 3.411496 6.624229
v -234.211594 3.411496 6.223900
v -233.812180 3.411496 6.315239
v -233.812180 5.118124 6.315239
v -233.899063 3.411496 6.223900
v -233.899063 5.118124 6.223900
v -233.812180 2.526375 6.315239
v -233.902603 2.526375 6.223900
v -234.211594 -0.065374 6.624229
v -233.812180 -0.065374 6.624229
v -234.211594 -0.065374 6.223900
v -233.812180 0.820931 6.624229
v -234.211594 0.820931 6.624229
v -234.211594 0.820931 6.223900
v -233.812180 0.820931 6.315239
v -233.902603 0.820931 6.223900
v -233.812180 -0.065374 6.315239
v -233.902603 -0.065374 6.223900
v -229.393082 3.411496 6.624229
v -229.393082 2.526375 6.624229
v -229.393082 0.820931 6.624229
v -229.393082 -0.065374 6.624229
v -229.393082 -0.065374 6.315239
v -229.393082 0.820931 6.315239
v -229.393082 2.526375 6.315239
v -229.393082 3.411496 6.315239
v -229.393082 5.118124 6.315239
v -229.393082 5.118124 6.624229
v -230.984055 3.411496 6.624229
v -230.984055 2.526375 6.624229
v -230.984055 0.820931 6.624229
v -230.984055 -0.065374 6.624229
v -230.984055 -0.065374 6.315239
v -230.984055 0.820931 6.315239
v -230.984055 2.526375 6.315239
v -230.984055 3.411496 6.315239
v -230.984055 5.118124 6.315239
v -230.984055 5.118124 6.624229
v -232.464767 3.411496 6.624229
v -232.464767 2.526375 6.624229
v -232.464767 0.820931 6.624229
v -232.464767 -0.065374 6.624229
v -232.464767 -0.065374 6.315239
v -232.464767 0.820931 6.315239
v -232.464767 2.526375 6.315239
v -232.464767 3.411496 6.315239
v -232.464767 5.118123 6.315239
v -232.464767 5.118123 6.624229
v -234.211594 0.820931 4.858934
v -234.211594 2.526375 4.858934
v -234.211594 3.411496 4.693789
v -234.211594 5.118124 4.693789
v -233.899063 5.118124 4.693789
v -233.899063 3.411496 4.693789
v -233.899063 2.526375 4.858934
v -233.899063 0.820931 4.858934
v -233.902603 -0.065374 4.858934
v -234.211594 -0.065374 4.858934
v -234.211594 0.820931 3.284647
v -234.211594 2.526375 3.284647
v -234.211594 3.411496 3.449793
v -234.211594 5.118124 3.449793
v -233.899063 5.118124 3.449793
v -233.899063 3.411496 3.449793
v -233.899063 2.526375 3.284647
v -233.899063 0.820931 3.284647
v -233.902603 -0.065374 3.284647
v -234.211594 -0.065374 3.284647
v -234.211594 0.820931 1.923731
v -234.211594 2.526375 1.923731
v -234.211594 3.411496 1.923731
v -234.211594 5.118124 1.923731
v -233.900833 5.118124 1.923731
v -233.900833 3.411496 1.923731
v -233.902603 2.526375 1.923731
v -233.902603 0.820931 1.923731
v -233.902603 -0.065374 1.923731
v -234.211594 -0.065374 1.923731
v -234.211594 5.118124 -4.609577
v -234.211594 2.526375 -4.609577
v -233.812180 5.118124 -4.609577
v -233.812180 2.526375 -4.609577
v -234.211594 5.118124 -4.209248
v -234.211594 2.526375 -4.209248
v -233.812180 3.411496 -4.609577
v -234.211594 3.411496 -4.609577
v -234.211594 3.411496 -4.209248
v -233.812180 3.411496 -4.300587
v -233.812180 5.118124 -4.300587
v -233.899063 3.411496 -4.209248
v -233.899063 5.118124 -4.209248
v -233.812180 2.526375 -4.300587
v -233.902603 2.526375 -4.209248
v -234.211594 -0.065374 -4.609577
v -233.812180 -0.065374 -4.609577
v -234.211594 -0.065374 -4.209248
v -233.812180 0.820931 -4.609577
v -234.211594 0.820931 -4.609577
v -234.211594 0.820931 -4.209248
v -233.812180 0.820931 -4.300587
v -233.902603 0.820931 -4.209248
v -233.812180 -0.065374 -4.300587
v -233.902603 -0.065374 -4.209248
v -229.393082 3.411496 -4.609577
v -229.393082 2.526375 -4.609577
v -229.393082 0.820931 -4.609577
v -229.393082 -0.065374 -4.609577
v -229.393082 -0.065374 -4.300587
v -229.393082 0.820931 -4.300587
v -229.393082 2.526375 -4.300587
v -229.393082 3.411496 -4.300587
v -229.393082 5.118124 -4.300587
v -229.393082 5.118124 -4.609577
v -230.984055 3.411496 -4.609577
v -230.984055 2.526375 -4.609577
v -230.984055 0.820931 -4.609577
v -230.984055 -0.065374 -4.609577
v -230.984055 -0.065374 -4.300587
v -230.984055 0.820931 -4.300587
v -230.984055 2.526375 -4.300587
v -230.984055 3.411496 -4.300587
v -230.984055 5.118124 -4.300587
v -230.984055 5.118124 -4.609577
v -232.464767 3.411496 -4.609577
v -232.464767 2.526375 -4.609577
v -232.464767 0.820931 -4.609577
v -232.464767 -0.065374 -4.609577
v -232.464767 -0.065374 -4.300587
v -232.464767 0.820931 -4.300587
v -232.464767 2.526375 -4.300587
v -232.464767 3.411496 -4.300587
v -232.464767 5.118123 -4.300587
v -232.464767 5.118123 -4.609577
v -234.211594 5.118124 1.630901
v -234.211594 3.411496 1.630901
v -234.211594 2.526375 1.630901
v -233.902603 5.118124 1.630901
v -233.902603 3.411496 1.630901
v -233.899063 2.526375 1.630901
v -234.211594 0.820931 1.630901
v -234.211594 -0.065374 1.630901
v -233.899063 0.820931 1.630901
v -233.899063 -0.065374 1.630901
v -234.211594 0.820931 -2.844284
v -234.211594 2.526375 -2.844284
v -234.211594 3.411496 -2.679138
v -234.211594 5.118124 -2.679138
v -233.899063 5.118124 -2.679138
v -233.899063 3.411496 -2.679138
v -233.899063 2.526375 -2.844284
v -233.899063 0.820931 -2.844284
v -233.902603 -0.065374 -2.844284
v -234.211594 -0.065374 -2.844284
v -234.211594 0.820931 -1.269997
v -234.211594 2.526375 -1.269997
v -234.211594 3.411496 -1.435143
v -234.211594 5.118124 -1.435143
v -233.899063 5.118124 -1.435143
v -233.899063 3.411496 -1.435143
v -233.899063 2.526375 -1.269997
v -233.899063 0.820931 -1.269997
v -233.902603 -0.065374 -1.269997
v -234.211594 -0.065374 -1.269997
v -234.211594 0.820931 0.409485
v -234.211594 2.526375 0.409485
v -234.211594 3.411496 0.409485
v -234.211594 5.118124 0.409485
v -233.902603 5.118124 0.409485
v -233.902603 3.411496 0.409485
v -233.899063 2.526375 0.409485
v -233.899063 0.820931 0.409485
v -233.899063 -0.065374 0.409485
v -234.211594 -0.065374 0.409485
v -234.211594 0.820931 0.091698
v -234.211594 2.526375 0.091698
v -234.211594 3.411496 0.091698
v -234.211594 5.118124 0.091698
v -233.899063 5.118124 0.091698
v -233.899063 3.411496 0.091698
v -233.902603 2.526375 0.091698
v -233.902603 0.820931 0.091698
v -233.902603 -0.065374 0.091698
v -234.211594 -0.065374 0.091698
v -218.277222 -0.142801 6.950762
v -217.988159 -0.142801 7.239815
v -218.277222 0.329972 6.950762
v -217.988159 0.329972 7.239815
v -217.989258 0.329972 6.662817
v -217.700226 0.329972 6.951870
v -217.989258 -0.142801 6.662817
v -217.700226 -0.142801 6.951870
v -218.109344 0.329972 6.951092
v -217.988495 0.329972 7.071934
v -217.868103 0.329972 6.951542
v -217.988953 0.329972 6.830698
v -218.109344 2.504202 6.951092
v -217.988495 2.504202 7.071934
v -217.868103 2.504202 6.951542
v -217.988953 2.504202 6.830698
v -222.679474 -0.142801 7.154922
v -222.270691 -0.142801 7.154922
v -222.679474 0.329972 7.154922
v -222.270691 0.329972 7.154922
v -222.679474 0.329972 6.747707
v -222.270691 0.329972 6.747707
v -222.679474 -0.142801 6.747707
v -222.270691 -0.142801 6.747707
v -222.560516 0.329972 7.036446
v -222.389618 0.329972 7.036446
v -222.389618 0.329972 6.866184
v -222.560516 0.329972 6.866184
v -222.560516 2.504202 7.036446
v -222.389618 2.504202 7.036446
v -222.389618 2.504202 6.866184
v -222.560516 2.504202 6.866184
v -230.378647 -0.142801 7.154922
v -229.969864 -0.142801 7.154922
v -230.378647 0.329972 7.154922
v -229.969864 0.329972 7.154922
v -230.378647 0.329972 6.747707
v -229.969864 0.329972 6.747707
v -230.378647 -0.142801 6.747707
v -229.969864 -0.142801 6.747707
v -230.259720 0.329972 7.036446
v -230.088821 0.329972 7.036446
v -230.088821 0.329972 6.866184
v -230.259720 0.329972 6.866184
v -230.259720 2.504202 7.036446
v -230.088821 2.504202 7.036446
v -230.088821 2.504202 6.866184
v -230.259720 2.504202 6.866184
v -234.847305 -0.142801 6.950762
v -234.558273 -0.142801 7.239815
v -234.847305 0.329972 6.950762
v -234.558273 0.329972 7.239815
v -234.559372 0.329972 6.662817
v -234.270309 0.329972 6.951870
v -234.559372 -0.142801 6.662817
v -234.270309 -0.142801 6.951870
v -234.679428 0.329972 6.951092
v -234.558578 0.329972 7.071934
v -234.438187 0.329972 6.951542
v -234.559036 0.329972 6.830698
v -234.679428 2.504202 6.951092
v -234.558578 2.504202 7.071934
v -234.438187 2.504202 6.951542
v -234.559036 2.504202 6.830698
v -234.758987 -0.142801 2.293329
v -234.758987 -0.142801 2.702112
v -234.758987 0.329972 2.293329
v -234.758987 0.329972 2.702112
v -234.351791 0.329972 2.293329
v -234.351791 0.329972 2.702112
v -234.351791 -0.142801 2.293329
v -234.351791 -0.142801 2.702112
v -234.640518 0.329972 2.412271
v -234.640518 0.329972 2.583170
v -234.470261 0.329972 2.583170
v -234.470261 0.329972 2.412271
v -234.640518 2.504202 2.412271
v -234.640518 2.504202 2.583170
v -234.470261 2.504202 2.583170
v -234.470261 2.504202 2.412271
v -234.769730 -0.142801 -0.786789
v -234.769730 -0.142801 -0.378006
v -234.769730 0.329972 -0.786789
v -234.769730 0.329972 -0.378006
v -234.362503 0.329972 -0.786789
v -234.362503 0.329972 -0.378006
v -234.362503 -0.142801 -0.786789
v -234.362503 -0.142801 -0.378006
v -234.651260 0.329972 -0.667847
v -234.651260 0.329972 -0.496948
v -234.480972 0.329972 -0.496948
v -234.480972 0.329972 -0.667847
v -234.651260 2.504202 -0.667847
v -234.651260 2.504202 -0.496948
v -234.480972 2.504202 -0.496948
v -234.480972 2.504202 -0.667847
v -217.791016 -0.142801 2.751823
v -217.791016 -0.142801 2.343040
v -217.791016 0.329972 2.751823
v -217.791016 0.329972 2.343040
v -218.198242 0.329972 2.751823
v -218.198242 0.329972 2.343040
v -218.198242 -0.142801 2.751823
v -218.198242 -0.142801 2.343040
v -217.909485 0.329972 2.632881
v -217.909485 0.329972 2.461983
v -218.079773 0.329972 2.461983
v -218.079773 0.329972 2.632881
v -217.909485 2.504202 2.632881
v -217.909485 2.504202 2.461983
v -218.079773 2.504202 2.461983
v -218.079773 2.504202 2.632881
v -217.801758 -0.142801 -0.328293
v -217.801758 -0.142801 -0.737076
v -217.801758 0.329972 -0.328293
v -217.801758 0.329972 -0.737076
v -218.208954 0.329972 -0.328293
v -218.208954 0.329972 -0.737076
v -218.208954 -0.142801 -0.328293
v -218.208954 -0.142801 -0.737076
v -217.920227 0.329972 -0.447235
v -217.920227 0.329972 -0.618134
v -218.090485 0.329972 -0.618134
v -218.090485 0.329972 -0.447235
v -217.920227 2.504202 -0.447235
v -217.920227 2.504202 -0.618134
v -218.090485 2.504202 -0.618134
v -218.090485 2.504202 -0.447235
v -217.713440 -0.142801 -4.985725
v -218.002472 -0.142801 -5.274780
v -217.713440 0.329972 -4.985725
v -218.002472 0.329972 -5.274780
v -218.001373 0.329972 -4.697781
v -218.290436 0.329972 -4.986835
v -218.001373 -0.142801 -4.697781
v -218.290436 -0.142801 -4.986835
v -217.881317 0.329972 -4.986053
v -218.002167 0.329972 -5.106899
v -218.122559 0.329972 -4.986504
v -218.001709 0.329972 -4.865662
v -217.881317 2.504202 -4.986053
v -218.002167 2.504202 -5.106899
v -218.122559 2.504202 -4.986504
v -218.001709 2.504202 -4.865662
v -222.182098 -0.142801 -5.189888
v -222.590881 -0.142801 -5.189888
v -222.182098 0.329972 -5.189888
v -222.590881 0.329972 -5.189888
v -222.182098 0.329972 -4.782673
v -222.590881 0.329972 -4.782673
v -222.182098 -0.142801 -4.782673
v -222.590881 -0.142801 -4.782673
v -222.301025 0.329972 -5.071411
v -222.471924 0.329972 -5.071411
v -222.471924 0.329972 -4.901150
v -222.301025 0.329972 -4.901150
v -222.301025 2.504202 -5.071411
v -222.471924 2.504202 -5.071411
v -222.471924 2.504202 -4.901150
v -222.301025 2.504202 -4.901150
v -229.881271 -0.142801 -5.189888
v -230.290054 -0.142801 -5.189888
v -229.881271 0.329972 -5.189888
v -230.290054 0.329972 -5.189888
v -229.881271 0.329972 -4.782673
v -230.290054 0.329972 -4.782673
v -229.881271 -0.142801 -4.782673
v -230.290054 -0.142801 -4.782673
v -230.000229 0.329972 -5.071411
v -230.171127 0.329972 -5.071411
v -230.171127 0.329972 -4.901150
v -230.000229 0.329972 -4.901150
v -230.000229 2.504202 -5.071411
v -230.171127 2.504202 -5.071411
v -230.171127 2.504202 -4.901150
v -230.000229 2.504202 -4.901150
v -234.283524 -0.142801 -4.985725
v -234.572586 -0.142801 -5.274780
v -234.283524 0.329972 -4.985725
v -234.572586 0.329972 -5.274780
v -234.571487 0.329972 -4.697781
v -234.860519 0.329972 -4.986835
v -234.571487 -0.142801 -4.697781
v -234.860519 -0.142801 -4.986835
v -234.451401 0.329972 -4.986053
v -234.572250 0.329972 -5.106899
v -234.692642 0.329972 -4.986504
v -234.571793 0.329972 -4.865662
v -234.451401 2.504202 -4.986053
v -234.572250 2.504202 -5.106899
v -234.692642 2.504202 -4.986504
v -234.571793 2.504202 -4.865662
v -232.452545 0.844402 6.430862
v -231.910263 0.844402 6.973137
v -232.491974 0.844402 6.470291
v -231.949692 0.844402 7.012566
v -232.491974 2.447858 6.470291
v -231.949692 2.447858 7.012566
v -232.452545 2.447858 6.430862
v -231.910263 2.447858 6.973137
v -231.562881 0.844402 6.978806
v -231.020615 0.844402 6.436539
v -231.523453 0.844402 7.018234
v -230.981186 0.844402 6.475967
v -231.523453 2.447858 7.018234
v -230.981186 2.447858 6.475967
v -231.562881 2.447858 6.978806
v -231.020615 2.447858 6.436539
v -224.777206 0.832887 6.423286
v -223.277802 0.832887 6.423286
v -224.777206 0.832887 6.479053
v -223.277802 0.832887 6.479053
v -224.777206 2.445388 6.479053
v -223.277802 2.445388 6.479053
v -224.777206 2.445388 6.423286
v -223.277802 2.445388 6.423286
v -232.473358 3.447959 6.429199
v -230.973969 3.447959 6.429199
v -232.473358 3.447959 6.484966
v -230.973969 3.447959 6.484966
v -232.473358 5.060460 6.484966
v -230.973969 5.060460 6.484966
v -232.473358 5.060460 6.429199
v -230.973969 5.060460 6.429199
v -224.714630 3.459474 6.484688
v -224.913116 3.459474 7.225449
v -224.768494 3.459474 6.470253
v -224.966980 3.459474 7.211014
v -224.768494 5.062930 6.470253
v -224.966980 5.062930 7.211014
v -224.714630 5.062930 6.484688
v -224.913116 5.062930 7.225449
v -234.015778 0.844402 3.390083
v -234.558060 0.844402 3.932358
v -234.055206 0.844402 3.350655
v -234.597488 0.844402 3.892929
v -234.055206 2.447858 3.350655
v -234.597488 2.447858 3.892929
v -234.015778 2.447858 3.390083
v -234.558060 2.447858 3.932358
v -234.095001 3.459474 2.021919
v -234.637283 3.459474 1.479645
v -234.055573 3.459474 1.982491
v -234.597855 3.459474 1.440216
v -234.055573 5.062930 1.982491
v -234.597855 5.062930 1.440216
v -234.095001 5.062930 2.021919
v -234.637283 5.062930 1.479645
v -234.496567 3.459474 4.070587
v -234.113129 3.459474 3.406441
v -234.448273 3.459474 4.098465
v -234.064835 3.459474 3.434319
v -234.448273 5.062930 4.098465
v -234.064835 5.062930 3.434319
v -234.496567 5.062930 4.070587
v -234.113129 5.062930 3.406441
v -234.016327 0.844402 4.099541
v -234.016327 0.844402 4.866425
v -234.072083 0.844402 4.099541
v -234.072083 0.844402 4.866425
v -234.072083 2.447858 4.099541
v -234.072083 2.447858 4.866425
v -234.016327 2.447858 4.099541
v -234.016327 2.447858 4.866425
v -234.812317 0.844402 -1.166145
v -234.071564 0.844402 -1.364628
v -234.797882 0.844402 -1.112278
v -234.057129 0.844402 -1.310760
v -234.797882 2.447858 -1.112278
v -234.057129 2.447858 -1.310760
v -234.812317 2.447858 -1.166145
v -234.071564 2.447858 -1.364628
v -234.008209 3.447959 -4.174789
v -234.008209 3.447959 -2.675392
v -234.063965 3.447959 -4.174789
v -234.063965 3.447959 -2.675392
v -234.063965 5.060460 -4.174789
v -234.063965 5.060460 -2.675392
v -234.008209 5.060460 -4.174789
v -234.008209 5.060460 -2.675392
v -234.079590 0.844402 -2.728745
v -234.743729 0.844402 -3.112190
v -234.051712 0.844402 -2.777042
v -234.715866 0.844402 -3.160488
v -234.051712 2.447858 -2.777042
v -234.715866 2.447858 -3.160488
v -234.079590 2.447858 -2.728745
v -234.743729 2.447858 -3.112190
v -223.156952 3.459474 7.233307
v -223.355438 3.459474 6.492554
v -223.103088 3.459474 7.218872
v -223.301575 3.459474 6.478119
v -223.103088 5.062930 7.218872
v -223.301575 5.062930 6.478119
v -223.156952 5.062930 7.233307
v -223.355438 5.062930 6.492554
v -229.316833 3.459474 6.515991
v -229.859116 3.459474 7.058266
v -229.356262 3.459474 6.476563
v -229.898544 3.459474 7.018837
v -229.356262 5.062930 6.476563
v -229.898544 5.062930 7.018837
v -229.316833 5.062930 6.515991
v -229.859116 5.062930 7.058266
v -227.563599 3.459474 7.171844
v -227.947037 3.459474 6.507698
v -227.515305 3.459474 7.143967
v -227.898743 3.459474 6.479820
v -227.515305 5.062930 7.143967
v -227.898743 5.062930 6.479820
v -227.563599 5.062930 7.171844
v -227.947037 5.062930 6.507698
v -229.373703 0.832887 6.429199
v -227.874313 0.832887 6.429199
v -229.373703 0.832887 6.484966
v -227.874313 0.832887 6.484966
v -229.373703 2.445388 6.484966
v -227.874313 2.445388 6.484966
v -229.373703 2.445388 6.429199
v -227.874313 2.445388 6.429199
v -234.812317 3.459474 6.382725
v -234.071564 3.459474 6.184242
v -234.797882 3.459474 6.436592
v -234.057129 3.459474 6.238110
v -234.797882 5.062930 6.436592
v -234.057129 5.062930 6.238110
v -234.812317 5.062930 6.382725
v -234.071564 5.062930 6.184242
v -234.015778 3.459474 4.782299
v -234.558060 3.459474 5.324574
v -234.055206 3.459474 4.742870
v -234.597488 3.459474 5.285145
v -234.055206 5.062930 4.742870
v -234.597488 5.062930 5.285145
v -234.015778 5.062930 4.782299
v -234.558060 5.062930 5.324574
v -234.108871 3.459474 -1.366249
v -234.492325 3.459474 -2.030396
v -234.060577 3.459474 -1.394127
v -234.444016 3.459474 -2.058273
v -234.060577 5.062930 -1.394127
v -234.444016 5.062930 -2.058273
v -234.108871 5.062930 -1.366249
v -234.492325 5.062930 -2.030396
v -234.399277 3.459474 -0.610374
v -234.015839 3.459474 0.053772
v -234.447586 3.459474 -0.582497
v -234.064133 3.459474 0.081650
v -234.447586 5.062930 -0.582497
v -234.064133 5.062930 0.081650
v -234.399277 5.062930 -0.610374
v -234.015839 5.062930 0.053772
v -219.656784 3.459474 7.064148
v -220.199051 3.459474 6.521881
v -219.617355 3.459474 7.024719
v -220.159622 3.459474 6.482452
v -219.617355 5.062930 7.024719
v -220.159622 5.062930 6.482452
v -219.656784 5.062930 7.064148
v -220.199051 5.062930 6.521881
v -221.594513 3.459474 6.444565
v -221.211060 3.459474 7.108711
v -221.642807 3.459474 6.472443
v -221.259369 3.459474 7.136589
v -221.642807 5.062930 6.472443
v -221.259369 5.062930 7.136589
v -221.594513 5.062930 6.444565
v -221.211060 5.062930 7.108711
v -221.609756 0.844402 6.430862
v -221.067474 0.844402 6.973137
v -221.649185 0.844402 6.470291
v -221.106903 0.844402 7.012566
v -221.649185 2.447858 6.470291
v -221.106903 2.447858 7.012566
v -221.609756 2.447858 6.430862
v -221.067474 2.447858 6.973137
v -220.889236 0.844402 6.627651
v -220.148483 0.844402 6.429169
v -220.874802 0.844402 6.681519
v -220.134048 0.844402 6.483036
v -220.874802 2.447858 6.681519
v -220.134048 2.447858 6.483036
v -220.889236 2.447858 6.627651
v -220.148483 2.447858 6.429169
v -220.127319 0.844402 -4.384666
v -220.669586 0.844402 -4.926941
v -220.087891 0.844402 -4.424095
v -220.630157 0.844402 -4.966370
v -220.087891 2.447858 -4.424095
v -220.630157 2.447858 -4.966370
v -220.127319 2.447858 -4.384666
v -220.669586 2.447858 -4.926941
v -221.016983 0.844402 -4.932610
v -221.559250 0.844402 -4.390343
v -221.056412 0.844402 -4.972038
v -221.598679 0.844402 -4.429771
v -221.056412 2.447858 -4.972038
v -221.598679 2.447858 -4.429771
v -221.016983 2.447858 -4.932610
v -221.559250 2.447858 -4.390343
v -227.802658 0.832887 -4.377090
v -229.302048 0.832887 -4.377090
v -227.802658 0.832887 -4.432854
v -229.302048 0.832887 -4.432854
v -227.802658 2.445388 -4.432854
v -229.302048 2.445388 -4.432854
v -227.802658 2.445388 -4.377090
v -229.302048 2.445388 -4.377090
v -220.106506 3.447959 -4.383003
v -221.605896 3.447959 -4.383003
v -220.106506 3.447959 -4.438766
v -221.605896 3.447959 -4.438766
v -220.106506 5.060460 -4.438766
v -221.605896 5.060460 -4.438766
v -220.106506 5.060460 -4.383003
v -221.605896 5.060460 -4.383003
v -227.865219 3.459474 -4.438492
v -227.666733 3.459474 -5.179253
v -227.811356 3.459474 -4.424057
v -227.612869 3.459474 -5.164818
v -227.811356 5.062930 -4.424057
v -227.612869 5.062930 -5.164818
v -227.865219 5.062930 -4.438492
v -227.666733 5.062930 -5.179253
v -218.564072 0.844402 -1.343887
v -218.021805 0.844402 -1.886162
v -218.524643 0.844402 -1.304459
v -217.982376 0.844402 -1.846733
v -218.524643 2.447858 -1.304459
v -217.982376 2.447858 -1.846733
v -218.564072 2.447858 -1.343887
v -218.021805 2.447858 -1.886162
v -218.484863 3.459474 0.024277
v -217.942596 3.459474 0.566551
v -218.524292 3.459474 0.063705
v -217.982025 3.459474 0.605980
v -218.524292 5.062930 0.063705
v -217.982025 5.062930 0.605980
v -218.484863 5.062930 0.024277
v -217.942596 5.062930 0.566551
v -218.083282 3.459474 -2.024391
v -218.466736 3.459474 -1.360245
v -218.131592 3.459474 -2.052269
v -218.515030 3.459474 -1.388123
v -218.131592 5.062930 -2.052269
v -218.515030 5.062930 -1.388123
v -218.083282 5.062930 -2.024391
v -218.466736 5.062930 -1.360245
v -218.563538 0.844402 -2.053337
v -218.563538 0.844402 -2.820221
v -218.507782 0.844402 -2.053337
v -218.507782 0.844402 -2.820221
v -218.507782 2.447858 -2.053337
v -218.507782 2.447858 -2.820221
v -218.563538 2.447858 -2.053337
v -218.563538 2.447858 -2.820221
v -217.767548 0.844402 3.212343
v -218.508301 0.844402 3.410826
v -217.781982 0.844402 3.158476
v -218.522736 0.844402 3.356958
v -217.781982 2.447858 3.158476
v -218.522736 2.447858 3.356958
v -217.767548 2.447858 3.212343
v -218.508301 2.447858 3.410826
v -218.571655 3.447959 6.220978
v -218.571655 3.447959 4.721581
v -218.515884 3.447959 6.220978
v -218.515884 3.447959 4.721581
v -218.515884 5.060460 6.220978
v -218.515884 5.060460 4.721581
v -218.571655 5.060460 6.220978
v -218.571655 5.060460 4.721581
v -218.500275 0.844402 4.774944
v -217.836121 0.844402 5.158390
v -218.528152 0.844402 4.823242
v -217.864014 0.844402 5.206688
v -218.528152 2.447858 4.823242
v -217.864014 2.447858 5.206688
v -218.500275 2.447858 4.774944
v -217.836121 2.447858 5.158390
v -229.422897 3.459474 -5.187111
v -229.224411 3.459474 -4.446358
v -229.476761 3.459474 -5.172676
v -229.278275 3.459474 -4.431923
v -229.476761 5.062930 -5.172676
v -229.278275 5.062930 -4.431923
v -229.422897 5.062930 -5.187111
v -229.224411 5.062930 -4.446358
v -223.263016 3.459474 -4.469795
v -222.720749 3.459474 -5.012070
v -223.223587 3.459474 -4.430367
v -222.681320 3.459474 -4.972641
v -223.223587 5.062930 -4.430367
v -222.681320 5.062930 -4.972641
v -223.263016 5.062930 -4.469795
v -222.720749 5.062930 -5.012070
v -225.016266 3.459474 -5.125656
v -224.632828 3.459474 -4.461510
v -225.064560 3.459474 -5.097778
v -224.681122 3.459474 -4.433632
v -225.064560 5.062930 -5.097778
v -224.681122 5.062930 -4.433632
v -225.016266 5.062930 -5.125656
v -224.632828 5.062930 -4.461510
v -223.206146 0.832887 -4.383003
v -224.705551 0.832887 -4.383003
v -223.206146 0.832887 -4.438766
v -224.705551 0.832887 -4.438766
v -223.206146 2.445388 -4.438766
v -224.705551 2.445388 -4.438766
v -223.206146 2.445388 -4.383003
v -224.705551 2.445388 -4.383003
v -217.767548 3.459474 -4.336529
v -218.508301 3.459474 -4.138046
v -217.781982 3.459474 -4.390396
v -218.522736 3.459474 -4.191914
v -217.781982 5.062930 -4.390396
v -218.522736 5.062930 -4.191914
v -217.767548 5.062930 -4.336529
v -218.508301 5.062930 -4.138046
v -218.564072 3.459474 -2.736099
v -218.021805 3.459474 -3.278374
v -218.524643 3.459474 -2.696671
v -217.982376 3.459474 -3.238945
v -218.524643 5.062930 -2.696671
v -217.982376 5.062930 -3.238945
v -218.564072 5.062930 -2.736099
v -218.021805 5.062930 -3.278374
v -218.470993 3.459474 3.412445
v -218.087555 3.459474 4.076591
v -218.519287 3.459474 3.440323
v -218.135849 3.459474 4.104469
v -218.519287 5.062930 3.440323
v -218.135849 5.062930 4.104469
v -218.470993 5.062930 3.412445
v -218.087555 5.062930 4.076591
v -218.180588 3.459474 2.656570
v -218.564026 3.459474 1.992424
v -218.132294 3.459474 2.628693
v -218.515732 3.459474 1.964546
v -218.132294 5.062930 2.628693
v -218.515732 5.062930 1.964546
v -218.180588 5.062930 2.656570
v -218.564026 5.062930 1.992424
v -232.923065 3.459474 -5.017952
v -232.380798 3.459474 -4.475685
v -232.962494 3.459474 -4.978523
v -232.420227 3.459474 -4.436256
v -232.962494 5.062930 -4.978523
v -232.420227 5.062930 -4.436256
v -232.923065 5.062930 -5.017952
v -232.380798 5.062930 -4.475685
v -230.985352 3.459474 -4.398369
v -231.368790 3.459474 -5.062515
v -230.937057 3.459474 -4.426247
v -231.320496 3.459474 -5.090393
v -230.937057 5.062930 -4.426247
v -231.320496 5.062930 -5.090393
v -230.985352 5.062930 -4.398369
v -231.368790 5.062930 -5.062515
v -230.970108 0.844402 -4.384666
v -231.512375 0.844402 -4.926941
v -230.930679 0.844402 -4.424095
v -231.472946 0.844402 -4.966370
v -230.930679 2.447858 -4.424095
v -231.472946 2.447858 -4.966370
v -230.970108 2.447858 -4.384666
v -231.512375 2.447858 -4.926941
v -231.690628 0.844402 -4.581455
v -232.431381 0.844402 -4.382973
v -231.705063 0.844402 -4.635323
v -232.445816 0.844402 -4.436840
v -231.705063 2.447858 -4.635323
v -232.445816 2.447858 -4.436840
v -231.690628 2.447858 -4.581455
v -232.431381 2.447858 -4.382973
vt 0.375000 0.250000
vt 0.455359 0.250000
vt 0.455359 0.250000
vt 0.375000 0.250000
vt 0.500091 0.250000
vt 0.500091 0.250000
vt 0.625000 0.250000
vt 0.543743 0.250000
vt 0.455359 0.500000
vt 0.375000 0.500000
vt 0.375000 0.420679
vt 0.500091 0.500000
vt 0.625000 0.420679
vt 0.625000 0.500000
vt 0.543743 0.500000
vt 0.375000 0.332715
vt 0.625000 0.332715
vt 0.375000 0.250000
vt 0.455359 0.250000
vt 0.500091 0.250000
vt 0.455359 0.500000
vt 0.375000 0.500000
vt 0.375000 0.420679
vt 0.500091 0.500000
vt 0.625000 0.420679
vt 0.625000 0.500000
vt 0.543743 0.500000
vt 0.625000 0.332715
vt 0.375000 0.250000
vt 0.455359 0.250000
vt 0.500091 0.250000
vt 0.543743 0.250000
vt 0.625000 0.250000
vt 0.455359 0.500000
vt 0.375000 0.420679
vt 0.500091 0.500000
vt 0.625000 0.420679
vt 0.625000 0.500000
vt 0.543743 0.500000
vt 0.625000 0.332715
vt 0.375000 0.250000
vt 0.455359 0.250000
vt 0.500091 0.250000
vt 0.543743 0.250000
vt 0.625000 0.250000
vt 0.401786 0.473560
vt 0.597914 0.473560
vt 0.401786 0.277572
vt 0.625000 0.420679
vt 0.625000 0.500000
vt 0.543743 0.500000
vt 0.625000 0.332715
vt 0.375000 0.250000
vt 0.455359 0.250000
vt 0.500091 0.250000
vt 0.543743 0.250000
vt 0.625000 0.250000
vt 0.401786 0.473560
vt 0.597914 0.473560
vt 0.401786 0.277572
vt 0.375479 0.250000
vt 0.624255 0.332222
vt 0.625000 0.421151
vt 0.500091 0.250000
vt 0.455359 0.250000
vt 0.375000 0.250000
vt 0.375746 0.421151
vt 0.543217 0.251490
vt 0.623510 0.251490
vt 0.542738 0.499003
vt 0.375000 0.499527
vt 0.455625 0.500000
vt 0.625000 0.500000
vt 0.375000 0.500000
vt 0.375000 0.250000
vt 0.625000 0.250000
vt 0.375000 0.750000
vt 0.625000 0.750000
vt 0.625000 1.000000
vt 0.375000 1.000000
vt 0.375000 0.737907
vt 0.625000 0.737907
vt 0.375000 0.012093
vt 0.125000 0.012093
vt 0.125000 0.000000
vt 0.375000 0.000000
vt 0.625000 0.000000
vt 0.625000 0.012093
vt 0.875000 0.000000
vt 0.875000 0.012093
vt 0.375000 0.420679
vt 0.375000 0.500000
vt 0.455359 0.500000
vt 0.499551 0.376697
vt 0.455359 0.500000
vt 0.483163 0.500000
vt 0.543743 0.500000
vt 0.625000 0.500000
vt 0.625000 0.420679
vt 0.375000 0.332715
vt 0.375000 0.420679
vt 0.625000 0.420679
vt 0.625000 0.332715
vt 0.375000 0.250000
vt 0.455359 0.250000
vt 0.500091 0.250000
vt 0.483163 0.250000
vt 0.625000 0.250000
vt 0.543743 0.250000
vt 0.415179 0.500000
vt 0.415179 0.420679
vt 0.468404 0.420679
vt 0.468404 0.500000
vt 0.468404 0.420679
vt 0.415179 0.420679
vt 0.415179 0.332715
vt 0.468404 0.332715
vt 0.468404 0.332715
vt 0.415179 0.332715
vt 0.415179 0.250000
vt 0.468404 0.250000
vt 0.455359 0.500000
vt 0.375000 0.500000
vt 0.375000 0.500000
vt 0.455359 0.500000
vt 0.375000 0.420679
vt 0.375000 0.420679
vt 0.483163 0.500000
vt 0.483163 0.500000
vt 0.625000 0.420679
vt 0.625000 0.500000
vt 0.625000 0.500000
vt 0.625000 0.420679
vt 0.543743 0.500000
vt 0.543743 0.500000
vt 0.375000 0.332715
vt 0.375000 0.332715
vt 0.625000 0.332715
vt 0.625000 0.332715
vt 0.375000 0.250000
vt 0.455359 0.250000
vt 0.455359 0.250000
vt 0.375000 0.250000
vt 0.483163 0.250000
vt 0.483163 0.250000
vt 0.543743 0.250000
vt 0.625000 0.250000
vt 0.625000 0.250000
vt 0.543743 0.250000
vt 0.455359 0.500000
vt 0.375000 0.500000
vt 0.415179 0.500000
vt 0.375000 0.420679
vt 0.375000 0.420679
vt 0.483163 0.500000
vt 0.468404 0.500000
vt 0.625000 0.420679
vt 0.625000 0.500000
vt 0.584372 0.500000
vt 0.625000 0.420679
vt 0.543743 0.500000
vt 0.375000 0.332715
vt 0.375000 0.332715
vt 0.625000 0.332715
vt 0.625000 0.332715
vt 0.375000 0.250000
vt 0.455359 0.250000
vt 0.415179 0.250000
vt 0.483163 0.250000
vt 0.468404 0.250000
vt 0.543743 0.250000
vt 0.625000 0.250000
vt 0.584372 0.250000
vt 0.377019 0.424664
vt 0.415179 0.500000
vt 0.468404 0.500000
vt 0.415179 0.250000
vt 0.377019 0.328559
vt 0.468404 0.250000
vt 0.622959 0.424664
vt 0.622959 0.328559
vt 0.584372 0.250000
vt 0.584372 0.500000
vt 0.584372 0.332715
vt 0.584372 0.250000
vt 0.584372 0.500000
vt 0.584372 0.420679
vt 0.500091 0.250000
vt 0.516560 0.250000
vt 0.516560 0.250000
vt 0.500091 0.250000
vt 0.500808 0.250000
vt 0.500091 0.250000
vt 0.516560 0.250000
vt 0.532335 0.250000
vt 0.500808 0.250000
vt 0.532335 0.250000
vt 0.532335 0.332715
vt 0.500808 0.332715
vt 0.500808 0.250000
vt 0.532335 0.250000
vt 0.532335 0.420679
vt 0.500808 0.420679
vt 0.500808 0.332715
vt 0.532335 0.332715
vt 0.500808 0.500000
vt 0.500808 0.420679
vt 0.532335 0.420679
vt 0.532335 0.500000
vt 0.532335 0.500000
vt 0.500808 0.500000
vt 0.500808 0.500000
vt 0.532335 0.500000
vt 0.516560 0.500000
vt 0.500091 0.500000
vt 0.516560 0.500000
vt 0.500091 0.500000
vt 0.500091 0.500000
vt 0.516560 0.500000
vt 0.516560 0.500000
vt 0.516560 0.250000
vt 0.584372 0.420679
vt 0.584372 0.332715
vt 0.500091 0.500000
vt 0.365878 0.250000
vt 0.365878 0.093413
vt 0.383936 0.093413
vt 0.383936 0.250000
vt 0.365878 0.012093
vt 0.383936 0.012093
vt 0.365878 0.093413
vt 0.365878 0.250000
vt 0.375000 0.250000
vt 0.375000 0.093413
vt 0.383936 0.250000
vt 0.383936 0.093413
vt 0.365878 0.012093
vt 0.375000 0.012093
vt 0.383936 0.012093
vt 0.375000 0.250000
vt 0.365878 0.250000
vt 0.383936 0.250000
vt 0.365878 0.250000
vt 0.365878 0.093413
vt 0.383936 0.093413
vt 0.383936 0.250000
vt 0.365878 0.012093
vt 0.383936 0.012093
vt 0.365878 0.093413
vt 0.365878 0.250000
vt 0.375000 0.250000
vt 0.375000 0.093413
vt 0.383936 0.250000
vt 0.383936 0.093413
vt 0.365878 0.012093
vt 0.375000 0.012093
vt 0.383936 0.012093
vt 0.375000 0.012093
vt 0.365878 0.012093
vt 0.383936 0.012093
vt 0.000000 0.000000
vt 0.000000 0.153213
vt 1.000000 0.153213
vt 1.000000 0.000000
vt 0.000000 0.000000
vt 0.000000 0.153213
vt 1.000000 0.153213
vt 1.000000 0.000000
vt 0.000000 0.000000
vt 0.000000 0.153213
vt 1.000000 0.153213
vt 1.000000 0.000000
vt 0.000000 0.000000
vt 0.000000 0.153213
vt 1.000000 0.153213
vt 1.000000 0.000000
vt 0.000000 0.000000
vt 0.000000 0.153213
vt 1.000000 0.153213
vt 1.000000 0.000000
vt 0.000000 0.000000
vt 0.000000 0.153213
vt 1.000000 0.153213
vt 1.000000 0.000000
vt 0.000000 0.000000
vt 0.000000 0.153213
vt 1.000000 0.153213
vt 1.000000 0.000000
vt 0.000000 0.000000
vt 0.000000 0.153213
vt 1.000000 0.153213
vt 1.000000 0.000000
vt 0.000000 0.000000
vt 0.000000 0.153213
vt 1.000000 0.153213
vt 1.000000 0.000000
vt 0.000000 0.000000
vt 0.000000 0.153213
vt 1.000000 0.153213
vt 1.000000 0.000000
vt 0.000000 0.000000
vt 0.000000 1.000000
vt 1.000000 1.000000
vt 1.000000 0.000000
vt 0.000000 0.000000
vt 0.000000 1.000000
vt 1.000000 1.000000
vt 1.000000 0.000000
vt 0.000000 0.000000
vt 0.000000 1.000000
vt 1.000000 1.000000
vt 1.000000 0.000000
vt 0.000000 0.000000
vt 0.000000 1.000000
vt 1.000000 1.000000
vt 1.000000 0.000000
vt 0.000000 0.000000
vt 0.000000 1.000000
vt 1.000000 1.000000
vt 1.000000 0.000000
vt 0.000000 0.000000
vt 0.000000 1.000000
vt 1.000000 1.000000
vt 1.000000 0.000000
vt 0.000000 0.000000
vt 0.000000 1.000000
vt 1.000000 1.000000
vt 1.000000 0.000000
vt 0.000000 0.000000
vt 0.000000 1.000000
vt 1.000000 1.000000
vt 1.000000 0.000000
vt 0.000000 0.000000
vt 0.000000 1.000000
vt 1.000000 1.000000
vt 1.000000 0.000000
vt 0.000000 0.000000
vt 0.000000 1.000000
vt 1.000000 1.000000
vt 1.000000 0.000000
vt 0.000000 0.000000
vt 0.000000 0.181053
vt 1.000000 0.181053
vt 1.000000 0.000000
vt 0.000000 0.000000
vt 0.000000 0.181179
vt 1.000000 0.181179
vt 1.000000 0.000000
vt 0.000000 0.720863
vt 0.000000 1.000000
vt 1.000000 1.000000
vt 1.000000 0.720863
vt 0.000000 0.720863
vt 0.000000 1.000000
vt 1.000000 1.000000
vt 1.000000 0.720863
vt 0.000000 0.720863
vt 0.000000 1.000000
vt 1.000000 1.000000
vt 1.000000 0.720863
vt 0.000000 0.720863
vt 0.000000 1.000000
vt 1.000000 1.000000
vt 1.000000 0.720863
vt 0.000000 0.720863
vt 0.000000 1.000000
vt 1.000000 1.000000
vt 1.000000 0.720863
vt 0.000000 0.684128
vt 1.000000 0.684128
vt 0.000000 0.684128
vt 0.000000 0.720863
vt 1.000000 0.720863
vt 1.000000 0.684128
vt 0.000000 0.684128
vt 0.000000 0.720863
vt 1.000000 0.720863
vt 1.000000 0.684128
vt 0.000000 0.684128
vt 0.000000 0.720863
vt 1.000000 0.720863
vt 1.000000 0.684128
vt 0.000000 0.684128
vt 0.000000 0.720863
vt 1.000000 0.720863
vt 1.000000 0.684128
vt 0.000000 0.684128
vt 0.000000 0.720863
vt 1.000000 0.720863
vt 1.000000 0.684128
vt 0.000000 0.684128
vt 1.000000 0.684128
vt 0.000000 0.684128
vt 1.000000 0.684128
vt 0.000000 0.684128
vt 1.000000 0.684128
vt 0.000000 0.684128
vt 1.000000 0.684128
vt 0.000000 0.511778
vt 1.000000 0.511778
vt 0.000000 0.511778
vt 1.000000 0.511778
vt 0.000000 0.511778
vt 1.000000 0.511778
vt 0.000000 0.511778
vt 1.000000 0.511778
vt 0.000000 0.511778
vt 1.000000 0.511778
vt 0.000000 0.330869
vt 1.000000 0.330869
vt 0.000000 0.330869
vt 0.000000 0.511778
vt 1.000000 0.511778
vt 1.000000 0.330869
vt 0.000000 0.330869
vt 1.000000 0.330869
vt 0.000000 0.330869
vt 1.000000 0.330869
vt 0.000000 0.330869
vt 1.000000 0.330869
vt 0.000000 0.330869
vt 0.000000 0.511778
vt 1.000000 0.511778
vt 1.000000 0.330869
vt 0.000000 0.330869
vt 1.000000 0.330869
vt 0.000000 0.330869
vt 0.000000 0.511778
vt 1.000000 0.511778
vt 1.000000 0.330869
vt 0.000000 0.330869
vt 0.000000 0.511778
vt 1.000000 0.511778
vt 1.000000 0.330869
vt 0.000000 0.330869
vt 0.000000 0.511778
vt 1.000000 0.511778
vt 1.000000 0.330869
vt 0.000000 0.000000
vt 0.000000 0.233721
vt 1.000000 0.233721
vt 1.000000 0.000000
vt 0.000000 0.000000
vt 0.000000 0.233721
vt 1.000000 0.233721
vt 1.000000 0.000000
vt 0.000000 0.000000
vt 0.000000 0.233721
vt 1.000000 0.233721
vt 1.000000 0.000000
vt 0.000000 0.000000
vt 0.000000 0.233721
vt 1.000000 0.233721
vt 1.000000 0.000000
vt 0.000000 0.000000
vt 0.000000 0.233721
vt 1.000000 0.233721
vt 1.000000 0.000000
vt 0.000000 0.000000
vt 0.000000 0.233721
vt 1.000000 0.233721
vt 1.000000 0.000000
vt 0.000000 0.000000
vt 0.000000 0.233721
vt 1.000000 0.233721
vt 1.000000 0.000000
vt 0.000000 0.720863
vt 1.000000 0.720863
vt 1.000000 1.000000
vt 1.000000 1.000000
vt 0.000000 1.000000
vt 0.000000 1.000000
vt 0.000000 0.720863
vt 1.000000 0.720863
vt 1.000000 1.000000
vt 1.000000 1.000000
vt 0.000000 1.000000
vt 0.000000 1.000000
vt 0.000000 0.511778
vt 1.000000 0.511778
vt 1.000000 0.684128
vt 0.000000 0.684128
vt 0.000000 0.511778
vt 1.000000 0.511778
vt 1.000000 0.684128
vt 0.000000 0.684128
vt 0.000000 0.153213
vt 1.000000 0.153213
vt 1.000000 0.330869
vt 0.000000 0.330869
vt 0.000000 0.153213
vt 1.000000 0.153213
vt 1.000000 0.330869
vt 0.000000 0.330869
vt 0.000000 0.503284
vt 1.000000 0.503284
vt 0.000000 0.233721
vt 0.000000 0.503284
vt 1.000000 0.503284
vt 1.000000 0.233721
vt 0.000000 0.233721
vt 0.000000 0.503284
vt 1.000000 0.503284
vt 1.000000 0.233721
vt 0.000000 0.233721
vt 0.000000 0.503284
vt 1.000000 0.503284
vt 1.000000 0.233721
vt 0.000000 0.503284
vt 1.000000 0.503284
vt 0.000000 0.503284
vt 1.000000 0.503284
vt 0.000000 0.503284
vt 1.000000 0.503284
vt 0.000000 0.503284
vt 1.000000 0.503284
vt 0.000000 0.503284
vt 0.000000 0.743582
vt 1.000000 0.743582
vt 1.000000 0.503284
vt 0.000000 0.743582
vt 1.000000 0.743582
vt 0.000000 0.743582
vt 1.000000 0.743582
vt 0.000000 0.503284
vt 0.000000 0.743582
vt 1.000000 0.743582
vt 1.000000 0.503284
vt 0.000000 0.743582
vt 1.000000 0.743582
vt 0.000000 0.743582
vt 1.000000 0.743582
vt 0.000000 0.743582
vt 1.000000 0.743582
vt 0.000000 0.000000
vt 0.000000 0.000000
vt 1.000000 0.000000
vt 1.000000 0.000000
vt 1.000000 0.233721
vt 0.000000 0.233721
vt 0.000000 0.233721
vt 1.000000 0.233721
vt 1.000000 0.503284
vt 0.000000 0.503284
vt 0.000000 0.503284
vt 1.000000 0.503284
vt 1.000000 0.743582
vt 1.000000 0.743582
vt 0.365878 0.250000
vt 0.383936 0.250000
vt 0.383936 0.093413
vt 0.365878 0.093413
vt 0.383936 0.012093
vt 0.365878 0.012093
vt 0.365878 0.093413
vt 0.375000 0.093413
vt 0.375000 0.250000
vt 0.365878 0.250000
vt 0.383936 0.093413
vt 0.383936 0.250000
vt 0.365878 0.012093
vt 0.375000 0.012093
vt 0.383936 0.012093
vt 0.365878 0.250000
vt 0.375000 0.250000
vt 0.383936 0.250000
vt 0.365878 0.250000
vt 0.383936 0.250000
vt 0.383936 0.093413
vt 0.365878 0.093413
vt 0.383936 0.012093
vt 0.365878 0.012093
vt 0.365878 0.093413
vt 0.375000 0.093413
vt 0.375000 0.250000
vt 0.365878 0.250000
vt 0.383936 0.093413
vt 0.383936 0.250000
vt 0.365878 0.012093
vt 0.375000 0.012093
vt 0.383936 0.012093
vt 0.375000 0.012093
vt 0.365878 0.012093
vt 0.383936 0.012093
vt 0.000000 0.000000
vt 1.000000 0.000000
vt 1.000000 0.153213
vt 0.000000 0.153213
vt 0.000000 0.000000
vt 1.000000 0.000000
vt 1.000000 0.153213
vt 0.000000 0.153213
vt 0.000000 0.000000
vt 1.000000 0.000000
vt 1.000000 0.153213
vt 0.000000 0.153213
vt 0.000000 0.000000
vt 1.000000 0.000000
vt 1.000000 0.153213
vt 0.000000 0.153213
vt 0.000000 0.000000
vt 1.000000 0.000000
vt 1.000000 0.153213
vt 0.000000 0.153213
vt 0.000000 0.000000
vt 1.000000 0.000000
vt 1.000000 0.153213
vt 0.000000 0.153213
vt 0.000000 0.000000
vt 1.000000 0.000000
vt 1.000000 0.153213
vt 0.000000 0.153213
vt 0.000000 0.000000
vt 1.000000 0.000000
vt 1.000000 0.153213
vt 0.000000 0.153213
vt 0.000000 0.000000
vt 1.000000 0.000000
vt 1.000000 0.153213
vt 0.000000 0.153213
vt 0.000000 0.000000
vt 1.000000 0.000000
vt 1.000000 0.153213
vt 0.000000 0.153213
vt 0.000000 0.000000
vt 1.000000 0.000000
vt 1.000000 1.000000
vt 0.000000 1.000000
vt 0.000000 0.000000
vt 1.000000 0.000000
vt 1.000000 1.000000
vt 0.000000 1.000000
vt 0.000000 0.000000
vt 1.000000 0.000000
vt 1.000000 1.000000
vt 0.000000 1.000000
vt 0.000000 0.000000
vt 1.000000 0.000000
vt 1.000000 1.000000
vt 0.000000 1.000000
vt 0.000000 0.000000
vt 1.000000 0.000000
vt 1.000000 1.000000
vt 0.000000 1.000000
vt 0.000000 0.000000
vt 1.000000 0.000000
vt 1.000000 1.000000
vt 0.000000 1.000000
vt 0.000000 0.000000
vt 1.000000 0.000000
vt 1.000000 1.000000
vt 0.000000 1.000000
vt 0.000000 0.000000
vt 1.000000 0.000000
vt 1.000000 1.000000
vt 0.000000 1.000000
vt 0.000000 0.000000
vt 1.000000 0.000000
vt 1.000000 1.000000
vt 0.000000 1.000000
vt 0.000000 0.000000
vt 1.000000 0.000000
vt 1.000000 1.000000
vt 0.000000 1.000000
vt 0.000000 0.000000
vt 1.000000 0.000000
vt 1.000000 0.181053
vt 0.000000 0.181053
vt 0.000000 0.000000
vt 1.000000 0.000000
vt 1.000000 0.181179
vt 0.000000 0.181179
vt 0.000000 0.720863
vt 1.000000 0.720863
vt 1.000000 1.000000
vt 0.000000 1.000000
vt 0.000000 0.720863
vt 1.000000 0.720863
vt 1.000000 1.000000
vt 0.000000 1.000000
vt 0.000000 0.720863
vt 1.000000 0.720863
vt 1.000000 1.000000
vt 0.000000 1.000000
vt 0.000000 0.720863
vt 1.000000 0.720863
vt 1.000000 1.000000
vt 0.000000 1.000000
vt 0.000000 0.720863
vt 1.000000 0.720863
vt 1.000000 1.000000
vt 0.000000 1.000000
vt 0.000000 0.684128
vt 1.000000 0.684128
vt 0.000000 0.684128
vt 1.000000 0.684128
vt 1.000000 0.720863
vt 0.000000 0.720863
vt 0.000000 0.684128
vt 1.000000 0.684128
vt 1.000000 0.720863
vt 0.000000 0.720863
vt 0.000000 0.684128
vt 1.000000 0.684128
vt 1.000000 0.720863
vt 0.000000 0.720863
vt 0.000000 0.684128
vt 1.000000 0.684128
vt 1.000000 0.720863
vt 0.000000 0.720863
vt 0.000000 0.684128
vt 1.000000 0.684128
vt 1.000000 0.720863
vt 0.000000 0.720863
vt 0.000000 0.684128
vt 1.000000 0.684128
vt 0.000000 0.684128
vt 1.000000 0.684128
vt 0.000000 0.684128
vt 1.000000 0.684128
vt 0.000000 0.684128
vt 1.000000 0.684128
vt 0.000000 0.511778
vt 1.000000 0.511778
vt 0.000000 0.511778
vt 1.000000 0.511778
vt 0.000000 0.511778
vt 1.000000 0.511778
vt 0.000000 0.511778
vt 1.000000 0.511778
vt 0.000000 0.511778
vt 1.000000 0.511778
vt 0.000000 0.330869
vt 1.000000 0.330869
vt 0.000000 0.330869
vt 1.000000 0.330869
vt 1.000000 0.511778
vt 0.000000 0.511778
vt 0.000000 0.330869
vt 1.000000 0.330869
vt 0.000000 0.330869
vt 1.000000 0.330869
vt 0.000000 0.330869
vt 1.000000 0.330869
vt 0.000000 0.330869
vt 1.000000 0.330869
vt 1.000000 0.511778
vt 0.000000 0.511778
vt 0.000000 0.330869
vt 1.000000 0.330869
vt 0.000000 0.330869
vt 1.000000 0.330869
vt 1.000000 0.511778
vt 0.000000 0.511778
vt 0.000000 0.330869
vt 1.000000 0.330869
vt 1.000000 0.511778
vt 0.000000 0.511778
vt 0.000000 0.330869
vt 1.000000 0.330869
vt 1.000000 0.511778
vt 0.000000 0.511778
vt 0.000000 0.000000
vt 1.000000 0.000000
vt 1.000000 0.233721
vt 0.000000 0.233721
vt 0.000000 0.000000
vt 1.000000 0.000000
vt 1.000000 0.233721
vt 0.000000 0.233721
vt 0.000000 0.000000
vt 1.000000 0.000000
vt 1.000000 0.233721
vt 0.000000 0.233721
vt 0.000000 0.000000
vt 1.000000 0.000000
vt 1.000000 0.233721
vt 0.000000 0.233721
vt 0.000000 0.000000
vt 1.000000 0.000000
vt 1.000000 0.233721
vt 0.000000 0.233721
vt 0.000000 0.000000
vt 1.000000 0.000000
vt 1.000000 0.233721
vt 0.000000 0.233721
vt 0.000000 0.000000
vt 1.000000 0.000000
vt 1.000000 0.233721
vt 0.000000 0.233721
vt 0.000000 0.000000
vt 1.000000 0.000000
vt 1.000000 1.000000
vt 0.000000 1.000000
vt 0.000000 0.000000
vt 1.000000 0.000000
vt 1.000000 1.000000
vt 0.000000 1.000000
vt 0.000000 0.000000
vt 1.000000 0.000000
vt 1.000000 1.000000
vt 0.000000 1.000000
vt 0.000000 0.000000
vt 1.000000 0.000000
vt 1.000000 1.000000
vt 0.000000 1.000000
vt 0.000000 0.000000
vt 1.000000 0.000000
vt 1.000000 1.000000
vt 0.000000 1.000000
vt 0.000000 0.000000
vt 1.000000 0.000000
vt 1.000000 1.000000
vt 0.000000 1.000000
vt 0.000000 0.000000
vt 1.000000 0.000000
vt 1.000000 1.000000
vt 0.000000 1.000000
vt 0.000000 0.000000
vt 1.000000 0.000000
vt 1.000000 1.000000
vt 0.000000 1.000000
vt 0.000000 0.000000
vt 1.000000 0.000000
vt 1.000000 1.000000
vt 0.000000 1.000000
vt 0.000000 0.000000
vt 1.000000 0.000000
vt 1.000000 1.000000
vt 0.000000 1.000000
vt 0.000000 0.000000
vt 1.000000 0.000000
vt 1.000000 0.181053
vt 0.000000 0.181053
vt 1.000000 0.720863
vt 0.000000 0.720863
vt 1.000000 1.000000
vt 1.000000 1.000000
vt 0.000000 1.000000
vt 0.000000 1.000000
vt 1.000000 0.720863
vt 0.000000 0.720863
vt 1.000000 1.000000
vt 0.000000 1.000000
vt 0.000000 1.000000
vt 1.000000 1.000000
vt 1.000000 0.511778
vt 0.000000 0.511778
vt 1.000000 0.684128
vt 0.000000 0.684128
vt 1.000000 0.511778
vt 0.000000 0.511778
vt 0.000000 0.684128
vt 1.000000 0.684128
vt 1.000000 0.153213
vt 0.000000 0.153213
vt 1.000000 0.330869
vt 0.000000 0.330869
vt 1.000000 0.153213
vt 0.000000 0.153213
vt 0.000000 0.330869
vt 1.000000 0.330869
vt 1.000000 0.503284
vt 0.000000 0.503284
vt 0.000000 0.233721
vt 1.000000 0.233721
vt 1.000000 0.503284
vt 0.000000 0.503284
vt 0.000000 0.233721
vt 1.000000 0.233721
vt 1.000000 0.503284
vt 0.000000 0.503284
vt 0.000000 0.233721
vt 1.000000 0.233721
vt 1.000000 0.503284
vt 0.000000 0.503284
vt 1.000000 0.503284
vt 0.000000 0.503284
vt 1.000000 0.503284
vt 0.000000 0.503284
vt 1.000000 0.503284
vt 0.000000 0.503284
vt 1.000000 0.503284
vt 0.000000 0.503284
vt 0.000000 0.503284
vt 1.000000 0.503284
vt 1.000000 0.743582
vt 0.000000 0.743582
vt 1.000000 0.743582
vt 0.000000 0.743582
vt 1.000000 0.743582
vt 0.000000 0.743582
vt 0.000000 0.503284
vt 1.000000 0.503284
vt 1.000000 0.743582
vt 0.000000 0.743582
vt 1.000000 0.743582
vt 0.000000 0.743582
vt 1.000000 0.743582
vt 0.000000 0.743582
vt 1.000000 0.743582
vt 0.000000 0.743582
vt 0.000000 0.790859
vt 1.000000 0.790859
vt 1.000000 1.000000
vt 0.000000 1.000000
vt 0.000000 0.790859
vt 1.000000 0.790859
vt 1.000000 1.000000
vt 0.000000 1.000000
vt 0.000000 0.790859
vt 1.000000 0.790859
vt 1.000000 1.000000
vt 0.000000 1.000000
vt 0.000000 0.790859
vt 1.000000 0.790859
vt 1.000000 1.000000
vt 0.000000 1.000000
vt 0.000000 0.790859
vt 1.000000 0.790859
vt 1.000000 1.000000
vt 0.000000 1.000000
vt 1.000000 0.790859
vt 0.000000 0.790859
vt 0.000000 0.743582
vt 1.000000 0.743582
vt 0.000000 0.743582
vt 1.000000 0.743582
vt 0.000000 0.743582
vt 1.000000 0.743582
vt 1.000000 0.790859
vt 0.000000 0.790859
vt 1.000000 0.790859
vt 0.000000 0.790859
vt 1.000000 0.790859
vt 0.000000 0.790859
vt 1.000000 0.790859
vt 0.000000 0.790859
vt 0.000000 0.000000
vt 1.000000 0.000000
vt 1.000000 0.000000
vt 0.000000 0.000000
vt 1.000000 0.233721
vt 0.000000 0.233721
vt 1.000000 0.233721
vt 0.000000 0.233721
vt 1.000000 0.503284
vt 0.000000 0.503284
vt 1.000000 0.503284
vt 0.000000 0.503284
vt 1.000000 0.743582
vt 0.000000 0.743582
vt 1.000000 0.790859
vt 0.000000 0.790859
vt 1.000000 1.000000
vt 0.000000 1.000000
vt 0.000000 1.000000
vt 1.000000 1.000000
vt 1.000000 0.790859
vt 0.000000 0.790859
vt 1.000000 1.000000
vt 0.000000 1.000000
vt 0.000000 1.000000
vt 1.000000 1.000000
vt 0.365878 0.250000
vt 0.365878 0.093413
vt 0.383936 0.093413
vt 0.383936 0.250000
vt 0.365878 0.012093
vt 0.383936 0.012093
vt 0.365878 0.093413
vt 0.365878 0.250000
vt 0.375000 0.250000
vt 0.375000 0.093413
vt 0.383936 0.250000
vt 0.383936 0.093413
vt 0.365878 0.012093
vt 0.375000 0.012093
vt 0.383936 0.012093
vt 0.375000 0.250000
vt 0.365878 0.250000
vt 0.383936 0.250000
vt 0.365878 0.250000
vt 0.365878 0.093413
vt 0.383936 0.093413
vt 0.383936 0.250000
vt 0.365878 0.012093
vt 0.383936 0.012093
vt 0.365878 0.093413
vt 0.365878 0.250000
vt 0.375000 0.250000
vt 0.375000 0.093413
vt 0.383936 0.250000
vt 0.383936 0.093413
vt 0.365878 0.012093
vt 0.375000 0.012093
vt 0.383936 0.012093
vt 0.375000 0.012093
vt 0.365878 0.012093
vt 0.383936 0.012093
vt 0.000000 0.000000
vt 0.000000 0.153213
vt 1.000000 0.153213
vt 1.000000 0.000000
vt 0.000000 0.000000
vt 0.000000 0.153213
vt 1.000000 0.153213
vt 1.000000 0.000000
vt 0.000000 0.000000
vt 0.000000 0.153213
vt 1.000000 0.153213
vt 1.000000 0.000000
vt 0.000000 0.000000
vt 0.000000 0.153213
vt 1.000000 0.153213
vt 1.000000 0.000000
vt 0.000000 0.000000
vt 0.000000 0.153213
vt 1.000000 0.153213
vt 1.000000 0.000000
vt 0.000000 0.000000
vt 0.000000 0.153213
vt 1.000000 0.153213
vt 1.000000 0.000000
vt 0.000000 0.000000
vt 0.000000 0.153213
vt 1.000000 0.153213
vt 1.000000 0.000000
vt 0.000000 0.000000
vt 0.000000 0.153213
vt 1.000000 0.153213
vt 1.000000 0.000000
vt 0.000000 0.000000
vt 0.000000 0.153213
vt 1.000000 0.153213
vt 1.000000 0.000000
vt 0.000000 0.000000
vt 0.000000 0.153213
vt 1.000000 0.153213
vt 1.000000 0.000000
vt 0.000000 0.511778
vt 0.000000 0.684128
vt 1.000000 0.684128
vt 1.000000 0.511778
vt 0.000000 0.511778
vt 0.000000 0.684128
vt 1.000000 0.684128
vt 1.000000 0.511778
vt 0.000000 0.511778
vt 0.000000 0.684128
vt 1.000000 0.684128
vt 1.000000 0.511778
vt 0.000000 0.511778
vt 0.000000 0.684128
vt 1.000000 0.684128
vt 1.000000 0.511778
vt 0.000000 0.511778
vt 0.000000 0.684128
vt 1.000000 0.684128
vt 1.000000 0.511778
vt 0.000000 0.330869
vt 1.000000 0.330869
vt 0.000000 0.330869
vt 0.000000 0.511778
vt 1.000000 0.511778
vt 1.000000 0.330869
vt 0.000000 0.330869
vt 1.000000 0.330869
vt 0.000000 0.330869
vt 1.000000 0.330869
vt 0.000000 0.330869
vt 1.000000 0.330869
vt 0.000000 0.330869
vt 0.000000 0.511778
vt 1.000000 0.511778
vt 1.000000 0.330869
vt 0.000000 0.330869
vt 1.000000 0.330869
vt 0.000000 0.330869
vt 0.000000 0.511778
vt 1.000000 0.511778
vt 1.000000 0.330869
vt 0.000000 0.330869
vt 0.000000 0.511778
vt 1.000000 0.511778
vt 1.000000 0.330869
vt 0.000000 0.330869
vt 0.000000 0.511778
vt 1.000000 0.511778
vt 1.000000 0.330869
vt 0.000000 0.000000
vt 0.000000 0.233721
vt 1.000000 0.233721
vt 1.000000 0.000000
vt 0.000000 0.000000
vt 0.000000 0.233721
vt 1.000000 0.233721
vt 1.000000 0.000000
vt 0.000000 0.000000
vt 0.000000 0.233721
vt 1.000000 0.233721
vt 1.000000 0.000000
vt 0.000000 0.000000
vt 0.000000 0.233721
vt 1.000000 0.233721
vt 1.000000 0.000000
vt 0.000000 0.000000
vt 0.000000 0.233721
vt 1.000000 0.233721
vt 1.000000 0.000000
vt 0.000000 0.000000
vt 0.000000 0.233721
vt 1.000000 0.233721
vt 1.000000 0.000000
vt 0.000000 0.000000
vt 0.000000 0.233721
vt 1.000000 0.233721
vt 1.000000 0.000000
vt 0.000000 0.511778
vt 1.000000 0.511778
vt 1.000000 0.684128
vt 1.000000 0.684128
vt 0.000000 0.684128
vt 0.000000 0.684128
vt 0.000000 0.511778
vt 1.000000 0.511778
vt 0.000000 0.684128
vt 0.000000 0.684128
vt 0.000000 0.153213
vt 1.000000 0.153213
vt 1.000000 0.330869
vt 0.000000 0.330869
vt 0.000000 0.153213
vt 1.000000 0.153213
vt 1.000000 0.330869
vt 0.000000 0.330869
vt 0.000000 0.503284
vt 1.000000 0.503284
vt 0.000000 0.233721
vt 0.000000 0.503284
vt 1.000000 0.503284
vt 1.000000 0.233721
vt 0.000000 0.233721
vt 0.000000 0.503284
vt 1.000000 0.503284
vt 1.000000 0.233721
vt 0.000000 0.233721
vt 0.000000 0.503284
vt 1.000000 0.503284
vt 1.000000 0.233721
vt 0.000000 0.503284
vt 1.000000 0.503284
vt 0.000000 0.503284
vt 1.000000 0.503284
vt 0.000000 0.503284
vt 1.000000 0.503284
vt 0.000000 0.503284
vt 1.000000 0.503284
vt 0.000000 0.503284
vt 0.000000 0.743582
vt 1.000000 0.743582
vt 1.000000 0.503284
vt 0.000000 0.743582
vt 1.000000 0.743582
vt 0.000000 0.743582
vt 1.000000 0.743582
vt 0.000000 0.503284
vt 0.000000 0.743582
vt 1.000000 0.743582
vt 1.000000 0.503284
vt 0.000000 0.743582
vt 1.000000 0.743582
vt 0.000000 0.743582
vt 1.000000 0.743582
vt 0.000000 0.743582
vt 1.000000 0.743582
vt 0.000000 0.000000
vt 0.000000 0.000000
vt 1.000000 0.000000
vt 1.000000 0.000000
vt 1.000000 0.233721
vt 0.000000 0.233721
vt 0.000000 0.233721
vt 1.000000 0.233721
vt 1.000000 0.503284
vt 0.000000 0.503284
vt 0.000000 0.503284
vt 1.000000 0.503284
vt 1.000000 0.743582
vt 1.000000 0.743582
vt 0.365878 0.250000
vt 0.383936 0.250000
vt 0.383936 0.093413
vt 0.365878 0.093413
vt 0.383936 0.012093
vt 0.365878 0.012093
vt 0.365878 0.093413
vt 0.375000 0.093413
vt 0.375000 0.250000
vt 0.365878 0.250000
vt 0.383936 0.093413
vt 0.383936 0.250000
vt 0.365878 0.012093
vt 0.375000 0.012093
vt 0.383936 0.012093
vt 0.365878 0.250000
vt 0.375000 0.250000
vt 0.383936 0.250000
vt 0.365878 0.250000
vt 0.383936 0.250000
vt 0.383936 0.093413
vt 0.365878 0.093413
vt 0.383936 0.012093
vt 0.365878 0.012093
vt 0.365878 0.093413
vt 0.375000 0.093413
vt 0.375000 0.250000
vt 0.365878 0.250000
vt 0.383936 0.093413
vt 0.383936 0.250000
vt 0.365878 0.012093
vt 0.375000 0.012093
vt 0.383936 0.012093
vt 0.375000 0.012093
vt 0.365878 0.012093
vt 0.383936 0.012093
vt 0.000000 0.000000
vt 1.000000 0.000000
vt 1.000000 0.153213
vt 0.000000 0.153213
vt 0.000000 0.000000
vt 1.000000 0.000000
vt 1.000000 0.153213
vt 0.000000 0.153213
vt 0.000000 0.000000
vt 1.000000 0.000000
vt 1.000000 0.153213
vt 0.000000 0.153213
vt 0.000000 0.000000
vt 1.000000 0.000000
vt 1.000000 0.153213
vt 0.000000 0.153213
vt 0.000000 0.000000
vt 1.000000 0.000000
vt 1.000000 0.153213
vt 0.000000 0.153213
vt 0.000000 0.000000
vt 1.000000 0.000000
vt 1.000000 0.153213
vt 0.000000 0.153213
vt 0.000000 0.000000
vt 1.000000 0.000000
vt 1.000000 0.153213
vt 0.000000 0.153213
vt 0.000000 0.000000
vt 1.000000 0.000000
vt 1.000000 0.153213
vt 0.000000 0.153213
vt 0.000000 0.000000
vt 1.000000 0.000000
vt 1.000000 0.153213
vt 0.000000 0.153213
vt 0.000000 0.000000
vt 1.000000 0.000000
vt 1.000000 0.153213
vt 0.000000 0.153213
vt 0.000000 0.511778
vt 1.000000 0.511778
vt 1.000000 0.684128
vt 0.000000 0.684128
vt 0.000000 0.511778
vt 1.000000 0.511778
vt 1.000000 0.684128
vt 0.000000 0.684128
vt 0.000000 0.511778
vt 1.000000 0.511778
vt 1.000000 0.684128
vt 0.000000 0.684128
vt 0.000000 0.511778
vt 1.000000 0.511778
vt 1.000000 0.684128
vt 0.000000 0.684128
vt 0.000000 0.511778
vt 1.000000 0.511778
vt 1.000000 0.684128
vt 0.000000 0.684128
vt 0.000000 0.330869
vt 1.000000 0.330869
vt 0.000000 0.330869
vt 1.000000 0.330869
vt 1.000000 0.511778
vt 0.000000 0.511778
vt 0.000000 0.330869
vt 1.000000 0.330869
vt 0.000000 0.330869
vt 1.000000 0.330869
vt 0.000000 0.330869
vt 1.000000 0.330869
vt 0.000000 0.330869
vt 1.000000 0.330869
vt 1.000000 0.511778
vt 0.000000 0.511778
vt 0.000000 0.330869
vt 1.000000 0.330869
vt 0.000000 0.330869
vt 1.000000 0.330869
vt 1.000000 0.511778
vt 0.000000 0.511778
vt 0.000000 0.330869
vt 1.000000 0.330869
vt 1.000000 0.511778
vt 0.000000 0.511778
vt 0.000000 0.330869
vt 1.000000 0.330869
vt 1.000000 0.511778
vt 0.000000 0.511778
vt 0.000000 0.000000
vt 1.000000 0.000000
vt 1.000000 0.233721
vt 0.000000 0.233721
vt 0.000000 0.000000
vt 1.000000 0.000000
vt 1.000000 0.233721
vt 0.000000 0.233721
vt 0.000000 0.000000
vt 1.000000 0.000000
vt 1.000000 0.233721
vt 0.000000 0.233721
vt 0.000000 0.000000
vt 1.000000 0.000000
vt 1.000000 0.233721
vt 0.000000 0.233721
vt 0.000000 0.000000
vt 1.000000 0.000000
vt 1.000000 0.233721
vt 0.000000 0.233721
vt 0.000000 0.000000
vt 1.000000 0.000000
vt 1.000000 0.233721
vt 0.000000 0.233721
vt 0.000000 0.000000
vt 1.000000 0.000000
vt 1.000000 0.233721
vt 0.000000 0.233721
vt 0.000000 0.000000
vt 1.000000 0.000000
vt 1.000000 1.000000
vt 0.000000 1.000000
vt 0.000000 0.000000
vt 1.000000 0.000000
vt 1.000000 1.000000
vt 0.000000 1.000000
vt 0.000000 0.000000
vt 1.000000 0.000000
vt 1.000000 1.000000
vt 0.000000 1.000000
vt 0.000000 0.000000
vt 1.000000 0.000000
vt 1.000000 1.000000
vt 0.000000 1.000000
vt 0.000000 0.000000
vt 1.000000 0.000000
vt 1.000000 1.000000
vt 0.000000 1.000000
vt 0.000000 0.000000
vt 1.000000 0.000000
vt 1.000000 1.000000
vt 0.000000 1.000000
vt 0.000000 0.000000
vt 1.000000 0.000000
vt 1.000000 1.000000
vt 0.000000 1.000000
vt 0.000000 0.000000
vt 1.000000 0.000000
vt 1.000000 1.000000
vt 0.000000 1.000000
vt 0.000000 0.000000
vt 1.000000 0.000000
vt 1.000000 1.000000
vt 0.000000 1.000000
vt 0.000000 0.000000
vt 1.000000 0.000000
vt 1.000000 1.000000
vt 0.000000 1.000000
vt 0.000000 0.000000
vt 1.000000 0.000000
vt 1.000000 0.181053
vt 0.000000 0.181053
vt 1.000000 0.511778
vt 0.000000 0.511778
vt 1.000000 0.684128
vt 1.000000 0.684128
vt 0.000000 0.684128
vt 0.000000 0.684128
vt 1.000000 0.511778
vt 0.000000 0.511778
vt 0.000000 0.684128
vt 0.000000 0.684128
vt 1.000000 0.153213
vt 0.000000 0.153213
vt 1.000000 0.330869
vt 0.000000 0.330869
vt 1.000000 0.153213
vt 0.000000 0.153213
vt 0.000000 0.330869
vt 1.000000 0.330869
vt 1.000000 0.503284
vt 0.000000 0.503284
vt 0.000000 0.233721
vt 1.000000 0.233721
vt 1.000000 0.503284
vt 0.000000 0.503284
vt 0.000000 0.233721
vt 1.000000 0.233721
vt 1.000000 0.503284
vt 0.000000 0.503284
vt 0.000000 0.233721
vt 1.000000 0.233721
vt 1.000000 0.503284
vt 0.000000 0.503284
vt 1.000000 0.503284
vt 0.000000 0.503284
vt 1.000000 0.503284
vt 0.000000 0.503284
vt 1.000000 0.503284
vt 0.000000 0.503284
vt 1.000000 0.503284
vt 0.000000 0.503284
vt 0.000000 0.503284
vt 1.000000 0.503284
vt 1.000000 0.743582
vt 0.000000 0.743582
vt 1.000000 0.743582
vt 0.000000 0.743582
vt 1.000000 0.743582
vt 0.000000 0.743582
vt 0.000000 0.503284
vt 1.000000 0.503284
vt 1.000000 0.743582
vt 0.000000 0.743582
vt 1.000000 0.743582
vt 0.000000 0.743582
vt 1.000000 0.743582
vt 0.000000 0.743582
vt 1.000000 0.743582
vt 0.000000 0.743582
vt 0.000000 0.790859
vt 1.000000 0.790859
vt 1.000000 1.000000
vt 0.000000 1.000000
vt 0.000000 0.790859
vt 1.000000 0.790859
vt 1.000000 1.000000
vt 0.000000 1.000000
vt 0.000000 0.790859
vt 1.000000 0.790859
vt 1.000000 1.000000
vt 0.000000 1.000000
vt 0.000000 0.790859
vt 1.000000 0.790859
vt 1.000000 1.000000
vt 0.000000 1.000000
vt 0.000000 0.790859
vt 1.000000 0.790859
vt 1.000000 1.000000
vt 0.000000 1.000000
vt 1.000000 0.790859
vt 0.000000 0.790859
vt 0.000000 0.743582
vt 1.000000 0.743582
vt 0.000000 0.743582
vt 1.000000 0.743582
vt 0.000000 0.743582
vt 1.000000 0.743582
vt 1.000000 0.790859
vt 0.000000 0.790859
vt 1.000000 0.790859
vt 0.000000 0.790859
vt 1.000000 0.790859
vt 0.000000 0.790859
vt 1.000000 0.790859
vt 0.000000 0.790859
vt 0.000000 0.000000
vt 1.000000 0.000000
vt 1.000000 0.000000
vt 0.000000 0.000000
vt 1.000000 0.233721
vt 0.000000 0.233721
vt 1.000000 0.233721
vt 0.000000 0.233721
vt 1.000000 0.503284
vt 0.000000 0.503284
vt 1.000000 0.503284
vt 0.000000 0.503284
vt 1.000000 0.743582
vt 0.000000 0.743582
vt 1.000000 0.790859
vt 0.000000 0.790859
vt 1.000000 1.000000
vt 0.000000 1.000000
vt 0.000000 1.000000
vt 1.000000 1.000000
vt 1.000000 0.790859
vt 0.000000 0.790859
vt 1.000000 1.000000
vt 0.000000 1.000000
vt 0.000000 1.000000
vt 1.000000 1.000000
vt 0.376327 -0.087414
vt 0.586153 -0.085554
vt 0.588527 0.196241
vt 0.369406 0.192953
vt 0.369406 0.192953
vt 0.588527 0.196241
vt 0.593733 0.558308
vt 0.368579 0.556085
vt 0.368579 0.556085
vt 0.593733 0.558308
vt 0.591247 0.816170
vt 0.370715 0.815379
vt 0.591555 1.005614
vt 0.370491 1.005453
vt 0.890794 -0.088466
vt 0.894042 0.194903
vt 0.115281 -0.085420
vt 0.107006 0.194685
vt 0.588527 0.196241
vt 0.369406 0.192953
vt 0.593733 0.558308
vt 0.368579 0.556085
vt 0.376327 -0.087414
vt 0.586153 -0.085554
vt 0.588527 0.196241
vt 0.369406 0.192953
vt 0.369406 0.192953
vt 0.588527 0.196241
vt 0.593733 0.558308
vt 0.368579 0.556085
vt 0.368579 0.556085
vt 0.593733 0.558308
vt 0.591247 0.816170
vt 0.370715 0.815379
vt 0.591555 1.005614
vt 0.370491 1.005453
vt 0.890794 -0.088466
vt 0.894042 0.194903
vt 0.115281 -0.085420
vt 0.107006 0.194685
vt 0.588527 0.196241
vt 0.369406 0.192953
vt 0.593733 0.558308
vt 0.368579 0.556085
vt 0.376327 -0.087414
vt 0.586153 -0.085554
vt 0.588527 0.196241
vt 0.369406 0.192953
vt 0.369406 0.192953
vt 0.588527 0.196241
vt 0.593733 0.558308
vt 0.368579 0.556085
vt 0.368579 0.556085
vt 0.593733 0.558308
vt 0.591247 0.816170
vt 0.370715 0.815379
vt 0.591555 1.005614
vt 0.370491 1.005453
vt 0.890794 -0.088466
vt 0.894042 0.194903
vt 0.115281 -0.085420
vt 0.107006 0.194685
vt 0.588527 0.196241
vt 0.369406 0.192953
vt 0.593733 0.558308
vt 0.368579 0.556085
vt 0.376327 -0.087414
vt 0.586153 -0.085554
vt 0.588527 0.196241
vt 0.369406 0.192953
vt 0.369406 0.192953
vt 0.588527 0.196241
vt 0.593733 0.558308
vt 0.368579 0.556085
vt 0.368579 0.556085
vt 0.593733 0.558308
vt 0.591247 0.816170
vt 0.370715 0.815379
vt 0.591555 1.005614
vt 0.370491 1.005453
vt 0.890794 -0.088466
vt 0.894042 0.194903
vt 0.115281 -0.085420
vt 0.107006 0.194685
vt 0.588527 0.196241
vt 0.369406 0.192953
vt 0.593733 0.558308
vt 0.368579 0.556085
vt 0.376327 -0.087414
vt 0.586153 -0.085554
vt 0.588527 0.196241
vt 0.369406 0.192953
vt 0.369406 0.192953
vt 0.588527 0.196241
vt 0.593733 0.558308
vt 0.368579 0.556085
vt 0.368579 0.556085
vt 0.593733 0.558308
vt 0.591247 0.816170
vt 0.370715 0.815379
vt 0.591555 1.005614
vt 0.370491 1.005453
vt 0.890794 -0.088466
vt 0.894042 0.194903
vt 0.115281 -0.085420
vt 0.107006 0.194685
vt 0.588527 0.196241
vt 0.369406 0.192953
vt 0.593733 0.558308
vt 0.368579 0.556085
vt 0.376327 -0.087414
vt 0.586153 -0.085554
vt 0.588527 0.196241
vt 0.369406 0.192953
vt 0.369406 0.192953
vt 0.588527 0.196241
vt 0.593733 0.558308
vt 0.368579 0.556085
vt 0.368579 0.556085
vt 0.593733 0.558308
vt 0.591247 0.816170
vt 0.370715 0.815379
vt 0.591555 1.005614
vt 0.370491 1.005453
vt 0.890794 -0.088466
vt 0.894042 0.194903
vt 0.115281 -0.085420
vt 0.107006 0.194685
vt 0.588527 0.196241
vt 0.369406 0.192953
vt 0.593733 0.558308
vt 0.368579 0.556085
vt 0.376327 -0.087414
vt 0.586153 -0.085554
vt 0.588527 0.196241
vt 0.369406 0.192953
vt 0.369406 0.192953
vt 0.588527 0.196241
vt 0.593733 0.558308
vt 0.368579 0.556085
vt 0.368579 0.556085
vt 0.593733 0.558308
vt 0.591247 0.816170
vt 0.370715 0.815379
vt 0.591555 1.005614
vt 0.370491 1.005453
vt 0.890794 -0.088466
vt 0.894042 0.194903
vt 0.115281 -0.085420
vt 0.107006 0.194685
vt 0.588527 0.196241
vt 0.369406 0.192953
vt 0.593733 0.558308
vt 0.368579 0.556085
vt 0.376327 -0.087414
vt 0.586153 -0.085554
vt 0.588527 0.196241
vt 0.369406 0.192953
vt 0.369406 0.192953
vt 0.588527 0.196241
vt 0.593733 0.558308
vt 0.368579 0.556085
vt 0.368579 0.556085
vt 0.593733 0.558308
vt 0.591247 0.816170
vt 0.370715 0.815379
vt 0.591555 1.005614
vt 0.370491 1.005453
vt 0.890794 -0.088466
vt 0.894042 0.194903
vt 0.115281 -0.085420
vt 0.107006 0.194685
vt 0.588527 0.196241
vt 0.369406 0.192953
vt 0.593733 0.558308
vt 0.368579 0.556085
vt 0.376327 -0.087414
vt 0.586153 -0.085554
vt 0.588527 0.196241
vt 0.369406 0.192953
vt 0.369406 0.192953
vt 0.588527 0.196241
vt 0.593733 0.558308
vt 0.368579 0.556085
vt 0.368579 0.556085
vt 0.593733 0.558308
vt 0.591247 0.816170
vt 0.370715 0.815379
vt 0.591555 1.005614
vt 0.370491 1.005453
vt 0.890794 -0.088466
vt 0.894042 0.194903
vt 0.115281 -0.085420
vt 0.107006 0.194685
vt 0.588527 0.196241
vt 0.369406 0.192953
vt 0.593733 0.558308
vt 0.368579 0.556085
vt 0.376327 -0.087414
vt 0.586153 -0.085554
vt 0.588527 0.196241
vt 0.369406 0.192953
vt 0.369406 0.192953
vt 0.588527 0.196241
vt 0.593733 0.558308
vt 0.368579 0.556085
vt 0.368579 0.556085
vt 0.593733 0.558308
vt 0.591247 0.816170
vt 0.370715 0.815379
vt 0.591555 1.005614
vt 0.370491 1.005453
vt 0.890794 -0.088466
vt 0.894042 0.194903
vt 0.115281 -0.085420
vt 0.107006 0.194685
vt 0.588527 0.196241
vt 0.369406 0.192953
vt 0.593733 0.558308
vt 0.368579 0.556085
vt 0.376327 -0.087414
vt 0.586153 -0.085554
vt 0.588527 0.196241
vt 0.369406 0.192953
vt 0.369406 0.192953
vt 0.588527 0.196241
vt 0.593733 0.558308
vt 0.368579 0.556085
vt 0.368579 0.556085
vt 0.593733 0.558308
vt 0.591247 0.816170
vt 0.370715 0.815379
vt 0.591555 1.005614
vt 0.370491 1.005453
vt 0.890794 -0.088466
vt 0.894042 0.194903
vt 0.115281 -0.085420
vt 0.107006 0.194685
vt 0.588527 0.196241
vt 0.369406 0.192953
vt 0.593733 0.558308
vt 0.368579 0.556085
vt 0.376327 -0.087414
vt 0.586153 -0.085554
vt 0.588527 0.196241
vt 0.369406 0.192953
vt 0.369406 0.192953
vt 0.588527 0.196241
vt 0.593733 0.558308
vt 0.368579 0.556085
vt 0.368579 0.556085
vt 0.593733 0.558308
vt 0.591247 0.816170
vt 0.370715 0.815379
vt 0.591555 1.005614
vt 0.370491 1.005453
vt 0.890794 -0.088466
vt 0.894042 0.194903
vt 0.115281 -0.085420
vt 0.107006 0.194685
vt 0.588527 0.196241
vt 0.369406 0.192953
vt 0.593733 0.558308
vt 0.368579 0.556085
vt 0.375000 0.000000
vt 0.625000 0.000000
vt 0.625000 0.250000
vt 0.375000 0.250000
vt 0.625000 0.500000
vt 0.375000 0.500000
vt 0.625000 0.750000
vt 0.375000 0.750000
vt 0.625000 1.000000
vt 0.375000 1.000000
vt 0.875000 0.000000
vt 0.875000 0.250000
vt 0.125000 0.000000
vt 0.125000 0.250000
vt 0.375000 0.000000
vt 0.625000 0.000000
vt 0.625000 0.250000
vt 0.375000 0.250000
vt 0.625000 0.500000
vt 0.375000 0.500000
vt 0.625000 0.750000
vt 0.375000 0.750000
vt 0.625000 1.000000
vt 0.375000 1.000000
vt 0.875000 0.000000
vt 0.875000 0.250000
vt 0.125000 0.000000
vt 0.125000 0.250000
vt 0.375000 0.000000
vt 0.625000 0.000000
vt 0.625000 0.250000
vt 0.375000 0.250000
vt 0.625000 0.500000
vt 0.375000 0.500000
vt 0.625000 0.750000
vt 0.375000 0.750000
vt 0.625000 1.000000
vt 0.375000 1.000000
vt 0.875000 0.000000
vt 0.875000 0.250000
vt 0.125000 0.000000
vt 0.125000 0.250000
vt 0.375000 0.000000
vt 0.625000 0.000000
vt 0.625000 0.250000
vt 0.375000 0.250000
vt 0.625000 0.500000
vt 0.375000 0.500000
vt 0.625000 0.750000
vt 0.375000 0.750000
vt 0.625000 1.000000
vt 0.375000 1.000000
vt 0.875000 0.000000
vt 0.875000 0.250000
vt 0.125000 0.000000
vt 0.125000 0.250000
vt 0.375000 0.000000
vt 0.625000 0.000000
vt 0.625000 0.250000
vt 0.375000 0.250000
vt 0.625000 0.500000
vt 0.375000 0.500000
vt 0.625000 0.750000
vt 0.375000 0.750000
vt 0.625000 1.000000
vt 0.375000 1.000000
vt 0.875000 0.000000
vt 0.875000 0.250000
vt 0.125000 0.000000
vt 0.125000 0.250000
vt 0.375000 0.000000
vt 0.625000 0.000000
vt 0.625000 0.250000
vt 0.375000 0.250000
vt 0.625000 0.500000
vt 0.375000 0.500000
vt 0.625000 0.750000
vt 0.375000 0.750000
vt 0.625000 1.000000
vt 0.375000 1.000000
vt 0.875000 0.000000
vt 0.875000 0.250000
vt 0.125000 0.000000
vt 0.125000 0.250000
vt 0.375000 0.000000
vt 0.625000 0.000000
vt 0.625000 0.250000
vt 0.375000 0.250000
vt 0.625000 0.500000
vt 0.375000 0.500000
vt 0.625000 0.750000
vt 0.375000 0.750000
vt 0.625000 1.000000
vt 0.375000 1.000000
vt 0.875000 0.000000
vt 0.875000 0.250000
vt 0.125000 0.000000
vt 0.125000 0.250000
vt 0.375000 0.000000
vt 0.625000 0.000000
vt 0.625000 0.250000
vt 0.375000 0.250000
vt 0.625000 0.500000
vt 0.375000 0.500000
vt 0.625000 0.750000
vt 0.375000 0.750000
vt 0.625000 1.000000
vt 0.375000 1.000000
vt 0.875000 0.000000
vt 0.875000 0.250000
vt 0.125000 0.000000
vt 0.125000 0.250000
vt 0.375000 0.000000
vt 0.625000 0.000000
vt 0.625000 0.250000
vt 0.375000 0.250000
vt 0.625000 0.500000
vt 0.375000 0.500000
vt 0.625000 0.750000
vt 0.375000 0.750000
vt 0.625000 1.000000
vt 0.375000 1.000000
vt 0.875000 0.000000
vt 0.875000 0.250000
vt 0.125000 0.000000
vt 0.125000 0.250000
vt 0.375000 0.000000
vt 0.625000 0.000000
vt 0.625000 0.250000
vt 0.375000 0.250000
vt 0.625000 0.500000
vt 0.375000 0.500000
vt 0.625000 0.750000
vt 0.375000 0.750000
vt 0.625000 1.000000
vt 0.375000 1.000000
vt 0.875000 0.000000
vt 0.875000 0.250000
vt 0.125000 0.000000
vt 0.125000 0.250000
vt 0.375000 0.000000
vt 0.625000 0.000000
vt 0.625000 0.250000
vt 0.375000 0.250000
vt 0.625000 0.500000
vt 0.375000 0.500000
vt 0.625000 0.750000
vt 0.375000 0.750000
vt 0.625000 1.000000
vt 0.375000 1.000000
vt 0.875000 0.000000
vt 0.875000 0.250000
vt 0.125000 0.000000
vt 0.125000 0.250000
vt 0.375000 0.000000
vt 0.625000 0.000000
vt 0.625000 0.250000
vt 0.375000 0.250000
vt 0.625000 0.500000
vt 0.375000 0.500000
vt 0.625000 0.750000
vt 0.375000 0.750000
vt 0.625000 1.000000
vt 0.375000 1.000000
vt 0.875000 0.000000
vt 0.875000 0.250000
vt 0.125000 0.000000
vt 0.125000 0.250000
vt 0.375000 0.000000
vt 0.625000 0.000000
vt 0.625000 0.250000
vt 0.375000 0.250000
vt 0.625000 0.500000
vt 0.375000 0.500000
vt 0.625000 0.750000
vt 0.375000 0.750000
vt 0.625000 1.000000
vt 0.375000 1.000000
vt 0.875000 0.000000
vt 0.875000 0.250000
vt 0.125000 0.000000
vt 0.125000 0.250000
vt 0.375000 0.000000
vt 0.625000 0.000000
vt 0.625000 0.250000
vt 0.375000 0.250000
vt 0.625000 0.500000
vt 0.375000 0.500000
vt 0.625000 0.750000
vt 0.375000 0.750000
vt 0.625000 1.000000
vt 0.375000 1.000000
vt 0.875000 0.000000
vt 0.875000 0.250000
vt 0.125000 0.000000
vt 0.125000 0.250000
vt 0.375000 0.000000
vt 0.625000 0.000000
vt 0.625000 0.250000
vt 0.375000 0.250000
vt 0.625000 0.500000
vt 0.375000 0.500000
vt 0.625000 0.750000
vt 0.375000 0.750000
vt 0.625000 1.000000
vt 0.375000 1.000000
vt 0.875000 0.000000
vt 0.875000 0.250000
vt 0.125000 0.000000
vt 0.125000 0.250000
vt 0.375000 0.000000
vt 0.625000 0.000000
vt 0.625000 0.250000
vt 0.375000 0.250000
vt 0.625000 0.500000
vt 0.375000 0.500000
vt 0.625000 0.750000
vt 0.375000 0.750000
vt 0.625000 1.000000
vt 0.375000 1.000000
vt 0.875000 0.000000
vt 0.875000 0.250000
vt 0.125000 0.000000
vt 0.125000 0.250000
vt 0.375000 0.000000
vt 0.625000 0.000000
vt 0.625000 0.250000
vt 0.375000 0.250000
vt 0.625000 0.500000
vt 0.375000 0.500000
vt 0.625000 0.750000
vt 0.375000 0.750000
vt 0.625000 1.000000
vt 0.375000 1.000000
vt 0.875000 0.000000
vt 0.875000 0.250000
vt 0.125000 0.000000
vt 0.125000 0.250000
vt 0.375000 0.000000
vt 0.625000 0.000000
vt 0.625000 0.250000
vt 0.375000 0.250000
vt 0.625000 0.500000
vt 0.375000 0.500000
vt 0.625000 0.750000
vt 0.375000 0.750000
vt 0.625000 1.000000
vt 0.375000 1.000000
vt 0.875000 0.000000
vt 0.875000 0.250000
vt 0.125000 0.000000
vt 0.125000 0.250000
vt 0.375000 0.000000
vt 0.625000 0.000000
vt 0.625000 0.250000
vt 0.375000 0.250000
vt 0.625000 0.500000
vt 0.375000 0.500000
vt 0.625000 0.750000
vt 0.375000 0.750000
vt 0.625000 1.000000
vt 0.375000 1.000000
vt 0.875000 0.000000
vt 0.875000 0.250000
vt 0.125000 0.000000
vt 0.125000 0.250000
vt 0.375000 0.000000
vt 0.625000 0.000000
vt 0.625000 0.250000
vt 0.375000 0.250000
vt 0.625000 0.500000
vt 0.375000 0.500000
vt 0.625000 0.750000
vt 0.375000 0.750000
vt 0.625000 1.000000
vt 0.375000 1.000000
vt 0.875000 0.000000
vt 0.875000 0.250000
vt 0.125000 0.000000
vt 0.125000 0.250000
vt 0.375000 0.000000
vt 0.625000 0.000000
vt 0.625000 0.250000
vt 0.375000 0.250000
vt 0.625000 0.500000
vt 0.375000 0.500000
vt 0.625000 0.750000
vt 0.375000 0.750000
vt 0.625000 1.000000
vt 0.375000 1.000000
vt 0.875000 0.000000
vt 0.875000 0.250000
vt 0.125000 0.000000
vt 0.125000 0.250000
vt 0.375000 0.000000
vt 0.625000 0.000000
vt 0.625000 0.250000
vt 0.375000 0.250000
vt 0.625000 0.500000
vt 0.375000 0.500000
vt 0.625000 0.750000
vt 0.375000 0.750000
vt 0.625000 1.000000
vt 0.375000 1.000000
vt 0.875000 0.000000
vt 0.875000 0.250000
vt 0.125000 0.000000
vt 0.125000 0.250000
vt 0.375000 0.000000
vt 0.625000 0.000000
vt 0.625000 0.250000
vt 0.375000 0.250000
vt 0.625000 0.500000
vt 0.375000 0.500000
vt 0.625000 0.750000
vt 0.375000 0.750000
vt 0.625000 1.000000
vt 0.375000 1.000000
vt 0.875000 0.000000
vt 0.875000 0.250000
vt 0.125000 0.000000
vt 0.125000 0.250000
vt 0.375000 0.000000
vt 0.625000 0.000000
vt 0.625000 0.250000
vt 0.375000 0.250000
vt 0.625000 0.500000
vt 0.375000 0.500000
vt 0.625000 0.750000
vt 0.375000 0.750000
vt 0.625000 1.000000
vt 0.375000 1.000000
vt 0.875000 0.000000
vt 0.875000 0.250000
vt 0.125000 0.000000
vt 0.125000 0.250000
vt 0.375000 0.000000
vt 0.625000 0.000000
vt 0.625000 0.250000
vt 0.375000 0.250000
vt 0.625000 0.500000
vt 0.375000 0.500000
vt 0.625000 0.750000
vt 0.375000 0.750000
vt 0.625000 1.000000
vt 0.375000 1.000000
vt 0.875000 0.000000
vt 0.875000 0.250000
vt 0.125000 0.000000
vt 0.125000 0.250000
vt 0.375000 0.000000
vt 0.625000 0.000000
vt 0.625000 0.250000
vt 0.375000 0.250000
vt 0.625000 0.500000
vt 0.375000 0.500000
vt 0.625000 0.750000
vt 0.375000 0.750000
vt 0.625000 1.000000
vt 0.375000 1.000000
vt 0.875000 0.000000
vt 0.875000 0.250000
vt 0.125000 0.000000
vt 0.125000 0.250000
vt 0.375000 0.000000
vt 0.625000 0.000000
vt 0.625000 0.250000
vt 0.375000 0.250000
vt 0.625000 0.500000
vt 0.375000 0.500000
vt 0.625000 0.750000
vt 0.375000 0.750000
vt 0.625000 1.000000
vt 0.375000 1.000000
vt 0.875000 0.000000
vt 0.875000 0.250000
vt 0.125000 0.000000
vt 0.125000 0.250000
vt 0.375000 0.000000
vt 0.625000 0.000000
vt 0.625000 0.250000
vt 0.375000 0.250000
vt 0.625000 0.500000
vt 0.375000 0.500000
vt 0.625000 0.750000
vt 0.375000 0.750000
vt 0.625000 1.000000
vt 0.375000 1.000000
vt 0.875000 0.000000
vt 0.875000 0.250000
vt 0.125000 0.000000
vt 0.125000 0.250000
vt 0.375000 0.000000
vt 0.625000 0.000000
vt 0.625000 0.250000
vt 0.375000 0.250000
vt 0.625000 0.500000
vt 0.375000 0.500000
vt 0.625000 0.750000
vt 0.375000 0.750000
vt 0.625000 1.000000
vt 0.375000 1.000000
vt 0.875000 0.000000
vt 0.875000 0.250000
vt 0.125000 0.000000
vt 0.125000 0.250000
vt 0.375000 0.000000
vt 0.625000 0.000000
vt 0.625000 0.250000
vt 0.375000 0.250000
vt 0.625000 0.500000
vt 0.375000 0.500000
vt 0.625000 0.750000
vt 0.375000 0.750000
vt 0.625000 1.000000
vt 0.375000 1.000000
vt 0.875000 0.000000
vt 0.875000 0.250000
vt 0.125000 0.000000
vt 0.125000 0.250000
vt 0.375000 0.000000
vt 0.625000 0.000000
vt 0.625000 0.250000
vt 0.375000 0.250000
vt 0.625000 0.500000
vt 0.375000 0.500000
vt 0.625000 0.750000
vt 0.375000 0.750000
vt 0.625000 1.000000
vt 0.375000 1.000000
vt 0.875000 0.000000
vt 0.875000 0.250000
vt 0.125000 0.000000
vt 0.125000 0.250000
vt 0.375000 0.000000
vt 0.625000 0.000000
vt 0.625000 0.250000
vt 0.375000 0.250000
vt 0.625000 0.500000
vt 0.375000 0.500000
vt 0.625000 0.750000
vt 0.375000 0.750000
vt 0.625000 1.000000
vt 0.375000 1.000000
vt 0.875000 0.000000
vt 0.875000 0.250000
vt 0.125000 0.000000
vt 0.125000 0.250000
vt 0.375000 0.000000
vt 0.625000 0.000000
vt 0.625000 0.250000
vt 0.375000 0.250000
vt 0.625000 0.500000
vt 0.375000 0.500000
vt 0.625000 0.750000
vt 0.375000 0.750000
vt 0.625000 1.000000
vt 0.375000 1.000000
vt 0.875000 0.000000
vt 0.875000 0.250000
vt 0.125000 0.000000
vt 0.125000 0.250000
vt 0.375000 0.000000
vt 0.625000 0.000000
vt 0.625000 0.250000
vt 0.375000 0.250000
vt 0.625000 0.500000
vt 0.375000 0.500000
vt 0.625000 0.750000
vt 0.375000 0.750000
vt 0.625000 1.000000
vt 0.375000 1.000000
vt 0.875000 0.000000
vt 0.875000 0.250000
vt 0.125000 0.000000
vt 0.125000 0.250000
vt 0.375000 0.000000
vt 0.625000 0.000000
vt 0.625000 0.250000
vt 0.375000 0.250000
vt 0.625000 0.500000
vt 0.375000 0.500000
vt 0.625000 0.750000
vt 0.375000 0.750000
vt 0.625000 1.000000
vt 0.375000 1.000000
vt 0.875000 0.000000
vt 0.875000 0.250000
vt 0.125000 0.000000
vt 0.125000 0.250000
vt 0.375000 0.000000
vt 0.625000 0.000000
vt 0.625000 0.250000
vt 0.375000 0.250000
vt 0.625000 0.500000
vt 0.375000 0.500000
vt 0.625000 0.750000
vt 0.375000 0.750000
vt 0.625000 1.000000
vt 0.375000 1.000000
vt 0.875000 0.000000
vt 0.875000 0.250000
vt 0.125000 0.000000
vt 0.125000 0.250000
vt 0.375000 0.000000
vt 0.625000 0.000000
vt 0.625000 0.250000
vt 0.375000 0.250000
vt 0.625000 0.500000
vt 0.375000 0.500000
vt 0.625000 0.750000
vt 0.375000 0.750000
vt 0.625000 1.000000
vt 0.375000 1.000000
vt 0.875000 0.000000
vt 0.875000 0.250000
vt 0.125000 0.000000
vt 0.125000 0.250000
vt 0.375000 0.000000
vt 0.625000 0.000000
vt 0.625000 0.250000
vt 0.375000 0.250000
vt 0.625000 0.500000
vt 0.375000 0.500000
vt 0.625000 0.750000
vt 0.375000 0.750000
vt 0.625000 1.000000
vt 0.375000 1.000000
vt 0.875000 0.000000
vt 0.875000 0.250000
vt 0.125000 0.000000
vt 0.125000 0.250000
vt 0.375000 0.000000
vt 0.625000 0.000000
vt 0.625000 0.250000
vt 0.375000 0.250000
vt 0.625000 0.500000
vt 0.375000 0.500000
vt 0.625000 0.750000
vt 0.375000 0.750000
vt 0.625000 1.000000
vt 0.375000 1.000000
vt 0.875000 0.000000
vt 0.875000 0.250000
vt 0.125000 0.000000
vt 0.125000 0.250000
vt 0.375000 0.000000
vt 0.625000 0.000000
vt 0.625000 0.250000
vt 0.375000 0.250000
vt 0.625000 0.500000
vt 0.375000 0.500000
vt 0.625000 0.750000
vt 0.375000 0.750000
vt 0.625000 1.000000
vt 0.375000 1.000000
vt 0.875000 0.000000
vt 0.875000 0.250000
vt 0.125000 0.000000
vt 0.125000 0.250000
vt 0.375000 0.000000
vt 0.625000 0.000000
vt 0.625000 0.250000
vt 0.375000 0.250000
vt 0.625000 0.500000
vt 0.375000 0.500000
vt 0.625000 0.750000
vt 0.375000 0.750000
vt 0.625000 1.000000
vt 0.375000 1.000000
vt 0.875000 0.000000
vt 0.875000 0.250000
vt 0.125000 0.000000
vt 0.125000 0.250000
vt 0.375000 0.000000
vt 0.625000 0.000000
vt 0.625000 0.250000
vt 0.375000 0.250000
vt 0.625000 0.500000
vt 0.375000 0.500000
vt 0.625000 0.750000
vt 0.375000 0.750000
vt 0.625000 1.000000
vt 0.375000 1.000000
vt 0.875000 0.000000
vt 0.875000 0.250000
vt 0.125000 0.000000
vt 0.125000 0.250000
vt 0.375000 0.000000
vt 0.625000 0.000000
vt 0.625000 0.250000
vt 0.375000 0.250000
vt 0.625000 0.500000
vt 0.375000 0.500000
vt 0.625000 0.750000
vt 0.375000 0.750000
vt 0.625000 1.000000
vt 0.375000 1.000000
vt 0.875000 0.000000
vt 0.875000 0.250000
vt 0.125000 0.000000
vt 0.125000 0.250000
vt 0.375000 0.000000
vt 0.625000 0.000000
vt 0.625000 0.250000
vt 0.375000 0.250000
vt 0.625000 0.500000
vt 0.375000 0.500000
vt 0.625000 0.750000
vt 0.375000 0.750000
vt 0.625000 1.000000
vt 0.375000 1.000000
vt 0.875000 0.000000
vt 0.875000 0.250000
vt 0.125000 0.000000
vt 0.125000 0.250000
vt 0.375000 0.000000
vt 0.625000 0.000000
vt 0.625000 0.250000
vt 0.375000 0.250000
vt 0.625000 0.500000
vt 0.375000 0.500000
vt 0.625000 0.750000
vt 0.375000 0.750000
vt 0.625000 1.000000
vt 0.375000 1.000000
vt 0.875000 0.000000
vt 0.875000 0.250000
vt 0.125000 0.000000
vt 0.125000 0.250000
vt 0.375000 0.000000
vt 0.625000 0.000000
vt 0.625000 0.250000
vt 0.375000 0.250000
vt 0.625000 0.500000
vt 0.375000 0.500000
vt 0.625000 0.750000
vt 0.375000 0.750000
vt 0.625000 1.000000
vt 0.375000 1.000000
vt 0.875000 0.000000
vt 0.875000 0.250000
vt 0.125000 0.000000
vt 0.125000 0.250000
vt 0.375000 0.000000
vt 0.625000 0.000000
vt 0.625000 0.250000
vt 0.375000 0.250000
vt 0.625000 0.500000
vt 0.375000 0.500000
vt 0.625000 0.750000
vt 0.375000 0.750000
vt 0.625000 1.000000
vt 0.375000 1.000000
vt 0.875000 0.000000
vt 0.875000 0.250000
vt 0.125000 0.000000
vt 0.125000 0.250000
vt 0.375000 0.000000
vt 0.625000 0.000000
vt 0.625000 0.250000
vt 0.375000 0.250000
vt 0.625000 0.500000
vt 0.375000 0.500000
vt 0.625000 0.750000
vt 0.375000 0.750000
vt 0.625000 1.000000
vt 0.375000 1.000000
vt 0.875000 0.000000
vt 0.875000 0.250000
vt 0.125000 0.000000
vt 0.125000 0.250000
vn -0.000000 -1.000000 -0.000000
vn -0.000000 -1.000000 -0.000000
vn -0.105884 -0.988819 -0.105004
vn -0.014722 -0.990888 -0.133878
vn 0.000000 -1.000000 -0.000000
vn -0.142012 -0.989660 -0.020165
vn 0.000001 -1.000000 0.000000
vn 0.014553 -0.989453 -0.144120
vn -0.000002 -1.000000 -0.000003
vn -0.000001 -1.000000 -0.000003
vn 0.104402 -0.987822 -0.115360
vn 0.144813 -0.989254 -0.020122
vn 0.000000 -1.000000 0.000000
vn -0.143554 -0.989445 0.019792
vn -0.000002 -1.000000 0.000003
vn 0.146373 -0.989032 0.019751
vn -0.002049 -0.902924 -0.429796
vn -0.001677 -0.736143 -0.676824
vn -0.015607 -0.977801 0.208954
vn -0.106994 -0.985068 0.134882
vn 0.015198 -0.977718 0.209373
vn 0.001614 -0.736270 -0.676686
vn 0.001969 -0.903035 -0.429562
vn 0.108322 -0.984862 0.135328
vn -0.002526 -0.048358 -0.998827
vn -0.002526 -0.048358 -0.998827
vn 0.003262 -0.055764 -0.998439
vn 0.003262 -0.055764 -0.998439
vn 0.006209 -0.062893 -0.998001
vn 0.006209 -0.062893 -0.998001
vn 0.998885 -0.047083 -0.003577
vn 0.998880 -0.046772 -0.007153
vn 0.998880 -0.046772 -0.007153
vn 0.998885 -0.047083 -0.003577
vn 0.998883 -0.047113 0.003489
vn 0.998883 -0.047113 0.003489
vn 0.998878 -0.046831 0.006979
vn 0.998878 -0.046831 0.006979
vn 0.003105 -0.063377 0.997985
vn 0.006210 -0.062893 0.998001
vn 0.006210 -0.062893 0.998001
vn 0.003105 -0.063377 0.997985
vn -0.003167 -0.063380 0.997984
vn -0.003167 -0.063380 0.997984
vn -0.006334 -0.062899 0.998000
vn -0.006334 -0.062899 0.998000
vn -0.998884 -0.047099 0.003489
vn -0.998879 -0.046813 0.006979
vn -0.998879 -0.046813 0.006979
vn -0.998884 -0.047099 0.003489
vn -0.998884 -0.047095 -0.003577
vn -0.998884 -0.047095 -0.003577
vn -0.998878 -0.046806 -0.007153
vn -0.998878 -0.046806 -0.007153
vn -0.005366 -0.048084 -0.998829
vn -0.005366 -0.048084 -0.998829
vn 0.046324 0.992862 -0.109902
vn -0.036159 0.999262 0.012981
vn -0.036159 0.999262 0.012981
vn 0.046324 0.992862 -0.109902
vn -0.158807 0.985128 0.065591
vn -0.158807 0.985128 0.065591
vn 0.157703 0.985305 0.065603
vn 0.036440 0.999243 0.013629
vn 0.036440 0.999243 0.013629
vn 0.157703 0.985305 0.065603
vn -0.045466 0.992972 -0.109269
vn -0.045466 0.992972 -0.109269
vn -0.156203 0.985670 -0.063684
vn -0.156203 0.985670 -0.063684
vn 0.155115 0.985841 -0.063695
vn 0.155115 0.985841 -0.063695
vn -0.033540 0.999390 -0.009789
vn 0.046311 0.992572 0.112498
vn 0.046311 0.992572 0.112498
vn -0.033540 0.999390 -0.009789
vn -0.045454 0.992685 0.111850
vn -0.045454 0.992685 0.111850
vn 0.033838 0.999373 -0.010450
vn 0.033838 0.999373 -0.010450
vn 0.000768 0.040808 0.999167
vn 0.001535 0.037157 0.999308
vn 0.001535 0.037157 0.999308
vn 0.000768 0.040808 0.999167
vn 0.999978 0.006671 0.000352
vn 0.999974 0.007263 0.000176
vn 0.999974 0.007263 0.000176
vn 0.999978 0.006671 0.000352
vn -0.997787 -0.066473 -0.001609
vn -0.998133 -0.060995 -0.003217
vn -0.998133 -0.060995 -0.003217
vn -0.997787 -0.066473 -0.001609
vn -0.001491 0.037120 0.999310
vn -0.000745 0.040790 0.999167
vn -0.000745 0.040790 0.999167
vn -0.001491 0.037120 0.999310
vn 0.999974 0.007260 -0.000170
vn 0.999974 0.007260 -0.000170
vn -0.997790 -0.066435 0.001556
vn -0.997790 -0.066435 0.001556
vn 0.005501 0.017476 -0.999832
vn 0.002751 0.008661 -0.999959
vn 0.999978 0.006665 -0.000340
vn 0.999978 0.006665 -0.000340
vn -0.002675 0.008577 -0.999960
vn -0.005350 0.017306 -0.999836
vn -0.998138 -0.060919 0.003112
vn -0.998138 -0.060919 0.003112
vn -0.026022 -0.946333 0.322144
vn -0.209035 -0.947797 0.240802
vn -0.284591 -0.957846 0.039236
vn -0.281565 -0.958709 -0.039981
vn -0.211310 -0.954691 -0.209554
vn -0.029220 -0.963608 -0.265718
vn 0.028859 -0.957851 -0.285812
vn 0.208585 -0.950460 -0.230474
vn 0.287015 -0.957096 -0.039877
vn 0.290074 -0.956204 0.039138
vn 0.211895 -0.947001 0.241433
vn 0.025370 -0.946162 0.322697
vn 0.000000 1.000000 0.000000
vn 0.000000 1.000000 0.000000
vn 0.000000 1.000000 0.000000
vn 0.000000 1.000000 0.000000
vn 0.000000 -1.000000 0.000000
vn 0.000000 -1.000000 0.000000
vn 0.000000 -1.000000 0.000000
vn 0.000000 -1.000000 0.000000
vn 0.000000 0.657039 -0.753856
vn 0.000000 0.657039 -0.753856
vn 0.000000 0.657039 -0.753856
vn 0.000000 0.657039 -0.753856
vn -0.824479 0.565893 0.000000
vn -0.824479 0.565893 0.000000
vn -0.824479 0.565893 0.000000
vn -0.824479 0.565893 0.000000
vn 0.000000 0.657040 0.753856
vn 0.000000 0.657040 0.753856
vn 0.000000 0.657040 0.753856
vn 0.000000 0.657040 0.753856
vn 0.824441 0.565948 0.000000
vn 0.824441 0.565948 0.000000
vn 0.824441 0.565948 0.000000
vn 0.824441 0.565948 0.000000
vn -0.197216 -0.980180 -0.018816
vn -0.195797 -0.958672 -0.206428
vn -0.027349 -0.974846 -0.221197
vn -0.000009 -1.000000 -0.000000
vn -0.009047 -0.987694 -0.156137
vn 0.027004 -0.974785 -0.221505
vn 0.195288 -0.958683 -0.206855
vn 0.197220 -0.980178 -0.018830
vn 0.000015 -1.000000 -0.000001
vn -0.197574 -0.980117 0.018340
vn 0.197582 -0.980115 0.018345
vn -0.196311 -0.958697 0.205821
vn -0.027349 -0.974846 0.221197
vn 0.000000 -1.000000 0.000005
vn 0.000007 -0.990626 0.136605
vn -0.009047 -0.987694 0.156137
vn 0.195807 -0.958706 0.206258
vn 0.027001 -0.974785 0.221509
vn 0.041529 0.732614 -0.679376
vn 0.039047 0.651357 -0.757766
vn 0.029238 0.651308 -0.758250
vn 0.032284 0.733685 -0.678722
vn 0.044475 0.999011 -0.000021
vn 0.064426 0.997923 -0.000019
vn 0.064426 0.997923 -0.000019
vn 0.044475 0.999011 -0.000021
vn 0.030004 0.668373 0.743221
vn 0.040068 0.668401 0.742721
vn 0.042616 0.739204 0.672132
vn 0.033157 0.739598 0.672232
vn -0.291841 -0.905623 -0.307694
vn -0.053441 -0.900172 -0.432244
vn -0.387614 -0.921080 -0.036980
vn -0.017851 -0.951048 -0.308528
vn 0.291114 -0.905632 -0.308354
vn 0.387625 -0.921075 -0.036988
vn 0.052753 -0.899934 -0.432823
vn -0.388299 -0.920828 0.036043
vn 0.388323 -0.920818 0.036047
vn -0.053441 -0.900172 0.432244
vn -0.292646 -0.905656 0.306830
vn -0.017851 -0.951048 0.308528
vn 0.291933 -0.905661 0.307496
vn 0.052753 -0.899934 0.432824
vn 0.107386 0.987299 -0.117085
vn 0.032374 0.999446 0.007791
vn 0.040103 0.990410 -0.132209
vn -0.115850 0.991824 0.053511
vn -0.115850 0.991824 0.053511
vn 0.036969 0.989349 -0.140793
vn 0.037124 0.962981 -0.267000
vn 0.115322 0.991886 0.053511
vn -0.031161 0.999474 0.008943
vn -0.039820 0.990551 -0.131236
vn 0.115322 0.991886 0.053511
vn -0.106242 0.987647 -0.115181
vn -0.114420 0.992045 -0.052492
vn -0.114420 0.992045 -0.052492
vn 0.113897 0.992105 -0.052491
vn 0.113897 0.992105 -0.052491
vn 0.033808 0.999406 -0.006740
vn 0.108511 0.987386 0.115301
vn 0.042261 0.990376 0.131790
vn 0.038746 0.990103 0.134887
vn 0.039472 0.963649 0.264241
vn -0.107380 0.987735 0.113356
vn -0.032590 0.999438 -0.007892
vn -0.041996 0.990519 0.130800
vn -0.998550 0.053810 0.001812
vn -0.998630 0.052326 0.000906
vn -0.998501 0.054737 0.000451
vn -0.998460 0.055476 0.000902
vn 0.044931 0.867751 -0.494965
vn 0.036027 0.869371 -0.492845
vn -0.998628 0.052348 -0.000891
vn -0.998547 0.053855 -0.001783
vn -0.998458 0.055502 -0.000887
vn -0.998500 0.054750 -0.000443
vn 0.038008 0.867955 0.495187
vn 0.047268 0.866862 0.496302
vn 0.998520 0.054389 0.000348
vn 0.998519 0.054396 -0.000343
vn 0.998623 0.052460 -0.000810
vn 0.998624 0.052437 0.000823
vn 0.998538 0.054038 -0.001620
vn 0.998476 0.055179 -0.000686
vn 0.998540 0.053992 0.001646
vn 0.998477 0.055164 0.000697
vn 0.999996 0.002849 -0.000000
vn 0.999221 0.039466 0.000082
vn 0.999221 0.039471 -0.000084
vn 0.999996 0.002849 -0.000000
vn -0.999996 0.002881 -0.000000
vn -0.999996 0.002881 -0.000000
vn -0.999198 0.040031 -0.000003
vn -0.999198 0.040033 0.000003
vn 0.009103 -0.987694 0.156133
vn 0.017950 -0.951046 0.308527
vn 0.000013 -0.962677 0.270654
vn -0.000019 0.965265 0.261274
vn -0.000026 0.991419 0.130719
vn -0.039077 0.990263 0.133615
vn -0.039836 0.963799 0.263636
vn -0.000288 0.869097 0.494642
vn -0.039061 0.866829 0.497074
vn -0.031755 0.671991 0.739878
vn -0.000501 0.669190 0.743092
vn -0.000533 0.740173 0.672416
vn -0.034869 0.739743 0.671985
vn -0.044964 0.998989 -0.000021
vn -0.000002 1.000000 -0.000022
vn -0.000002 1.000000 -0.000022
vn -0.044964 0.998989 -0.000021
vn -0.000529 0.734922 -0.678151
vn -0.000489 0.652108 -0.758126
vn -0.030953 0.654981 -0.755011
vn -0.033978 0.733818 -0.678496
vn -0.037466 0.963128 -0.266424
vn -0.000018 0.964235 -0.265048
vn -0.000288 0.871004 -0.491276
vn -0.037065 0.868249 -0.494741
vn -0.037285 0.989508 -0.139586
vn -0.000025 0.990294 -0.138987
vn 0.009103 -0.987694 -0.156132
vn 0.000007 -0.990626 -0.136605
vn 0.000013 -0.962677 -0.270653
vn 0.017950 -0.951047 -0.308525
vn -0.002658 -0.072536 -0.997362
vn -0.007839 -0.072025 -0.997372
vn -0.007839 -0.072025 -0.997372
vn -0.002658 -0.072536 -0.997362
vn 0.002674 -0.072535 -0.997362
vn 0.000003 -0.072520 -0.997367
vn 0.000003 -0.072520 -0.997367
vn 0.002674 -0.072535 -0.997362
vn 0.011870 -0.071490 -0.997371
vn 0.007745 -0.072020 -0.997373
vn 0.007745 -0.072020 -0.997373
vn 0.011870 -0.071490 -0.997371
vn 0.999254 -0.038516 -0.002962
vn 0.999247 -0.038347 -0.005923
vn 0.999247 -0.038347 -0.005923
vn 0.999254 -0.038516 -0.002962
vn 0.999254 -0.038520 0.002889
vn 0.999254 -0.038520 0.002889
vn 0.999248 -0.038355 0.005779
vn 0.999248 -0.038355 0.005779
vn 0.007745 -0.072020 0.997373
vn 0.011871 -0.071490 0.997371
vn 0.011871 -0.071490 0.997371
vn 0.007745 -0.072020 0.997373
vn 0.000003 -0.072520 0.997367
vn 0.002674 -0.072535 0.997362
vn 0.002674 -0.072535 0.997362
vn 0.000003 -0.072520 0.997367
vn -0.007839 -0.072025 0.997372
vn -0.002658 -0.072536 0.997362
vn -0.002658 -0.072536 0.997362
vn -0.007839 -0.072025 0.997372
vn -0.012086 -0.071497 0.997368
vn -0.012086 -0.071497 0.997368
vn -0.999249 -0.038632 0.002889
vn -0.999248 -0.038332 0.005779
vn -0.999248 -0.038332 0.005779
vn -0.999249 -0.038632 0.002889
vn -0.999249 -0.038628 -0.002962
vn -0.999249 -0.038628 -0.002962
vn -0.999248 -0.038325 -0.005923
vn -0.999248 -0.038325 -0.005923
vn -0.012086 -0.071497 -0.997368
vn -0.012086 -0.071497 -0.997368
vn -0.000000 0.000000 -1.000000
vn -0.000000 0.000000 -1.000000
vn -0.000000 0.000000 -1.000000
vn -0.000000 0.000000 -1.000000
vn -1.000000 0.000000 0.000000
vn -1.000000 0.000000 0.000000
vn 0.000000 0.000000 1.000000
vn 0.000000 0.000000 1.000000
vn 0.000000 0.000000 1.000000
vn 0.000000 0.000000 1.000000
vn -0.000000 0.000000 -1.000000
vn 0.000000 0.000000 -1.000000
vn 0.000000 0.000000 -1.000000
vn -0.000000 0.000000 -1.000000
vn -0.000000 0.000000 1.000000
vn 0.000000 0.000000 1.000000
vn 0.000000 0.000000 1.000000
vn -0.000000 0.000000 1.000000
vn 1.000000 0.000000 0.000000
vn 1.000000 0.000000 0.000000
vn -0.048799 0.865078 0.499258
vn -0.042569 0.674075 0.737436
vn -0.044974 0.739425 0.671735
vn 0.000000 0.000000 1.000000
vn 0.000000 0.000000 1.000000
vn -0.065400 0.997859 -0.000020
vn -0.065400 0.997859 -0.000020
vn -0.000000 0.000000 -1.000000
vn -0.000000 0.000000 -1.000000
vn -0.041498 0.657121 -0.752642
vn -0.043858 0.732820 -0.679008
vn -0.046428 0.865973 -0.497931
vn 0.000000 -1.000000 -0.000005
vn -0.724558 0.000000 0.689214
vn -0.721077 -0.000720 0.692855
vn -0.721077 -0.000720 0.692855
vn -0.724558 0.000000 0.689214
vn -0.714128 -0.000720 0.700015
vn -0.714128 -0.000720 0.700015
vn 0.000000 0.000000 -1.000000
vn 0.000000 0.000000 -1.000000
vn 0.000000 0.000000 -1.000000
vn 0.000000 0.000000 -1.000000
vn 1.000000 0.000000 0.000000
vn 1.000000 0.000000 0.000000
vn 1.000000 0.000000 0.000000
vn 1.000000 0.000000 0.000000
vn 0.000000 0.000000 -1.000000
vn 0.000000 0.000000 -1.000000
vn 1.000000 0.000000 0.000000
vn 1.000000 0.000000 0.000000
vn -0.000000 1.000000 0.000000
vn 0.000000 1.000000 0.000000
vn -0.000000 1.000000 0.000000
vn 0.000000 1.000000 0.000000
vn 0.000000 1.000000 0.000000
vn -0.710659 0.000000 0.703536
vn -0.710659 0.000000 0.703536
vn -0.710659 0.000000 0.703537
vn -0.710659 0.000000 0.703537
vn 0.000000 0.000000 -1.000000
vn 0.000000 0.000000 -1.000000
vn 1.000000 0.000000 0.000000
vn 1.000000 0.000000 0.000000
vn 0.000000 0.000000 -1.000000
vn 0.000000 0.000000 -1.000000
vn 1.000000 0.000000 0.000000
vn 1.000000 0.000000 0.000000
vn -0.000000 -1.000000 0.000000
vn -0.000000 -1.000000 -0.000000
vn -0.000000 -1.000000 -0.000000
vn 0.000000 -1.000000 0.000000
vn 0.000000 -1.000000 0.000000
vn 0.000000 0.000000 -1.000000
vn 0.000000 0.000000 -1.000000
vn 0.000000 0.000000 -1.000000
vn -0.000000 1.000000 0.000000
vn -0.000000 1.000000 0.000000
vn 0.000000 0.000000 1.000000
vn 0.000000 0.000000 1.000000
vn 0.000000 0.000000 1.000000
vn 0.000000 0.000000 1.000000
vn 0.000000 0.000000 1.000000
vn 0.000000 0.000000 1.000000
vn 0.000000 0.000000 -1.000000
vn 0.000000 0.000000 -1.000000
vn 0.000000 0.000000 1.000000
vn 0.000000 0.000000 1.000000
vn 0.000000 -1.000000 0.000000
vn 0.000000 -1.000000 0.000000
vn 0.000000 0.000000 1.000000
vn 0.000000 0.000000 1.000000
vn 0.000000 0.000000 -1.000000
vn 0.000000 0.000000 -1.000000
vn 0.000000 0.000000 -1.000000
vn 0.000000 0.000000 -1.000000
vn 0.000000 0.000000 -1.000000
vn 0.000000 0.000000 -1.000000
vn 0.000000 1.000000 0.000000
vn 0.000000 1.000000 0.000000
vn 0.000000 1.000000 0.000000
vn 0.000000 1.000000 0.000000
vn 0.000000 0.000000 1.000000
vn 0.000000 0.000000 1.000000
vn 0.000000 0.000000 1.000000
vn 0.000000 0.000000 1.000000
vn 0.000000 0.000000 1.000000
vn 0.000000 0.000000 1.000000
vn 0.000000 0.000000 -1.000000
vn 0.000000 0.000000 -1.000000
vn 0.000000 0.000000 -1.000000
vn 0.000000 0.000000 -1.000000
vn 0.000000 0.000000 1.000000
vn 0.000000 0.000000 1.000000
vn -0.000000 -1.000000 0.000000
vn -0.000000 -1.000000 0.000000
vn -0.000000 -1.000000 0.000000
vn -0.000000 -1.000000 0.000000
vn 0.000000 0.000000 1.000000
vn 0.000001 0.000000 1.000000
vn -1.000000 0.000000 0.000000
vn -1.000000 0.000000 0.000000
vn -1.000000 0.000000 0.000000
vn -1.000000 0.000000 0.000000
vn -1.000000 0.000000 0.000000
vn -1.000000 0.000000 0.000000
vn -1.000000 0.000000 0.000000
vn -1.000000 0.000000 0.000000
vn 0.000000 0.000000 -1.000000
vn 0.000000 0.000000 -1.000000
vn 0.000000 0.000000 1.000000
vn 0.000000 0.000000 1.000000
vn 0.000000 0.000000 1.000000
vn 0.000000 1.000000 0.000000
vn 0.000000 1.000000 0.000000
vn 0.000000 0.000000 -1.000000
vn 0.000000 0.000000 -1.000000
vn 0.000000 0.000000 -1.000000
vn 0.000000 0.000000 -1.000000
vn 0.000000 0.000000 -1.000000
vn 0.000000 0.000000 -1.000000
vn 0.000000 0.000000 -1.000000
vn 0.000000 -1.000000 0.000000
vn 0.000000 -1.000000 0.000000
vn 0.000000 -1.000000 0.000000
vn 0.000000 -1.000000 0.000000
vn -0.000000 0.000000 1.000000
vn -0.000000 0.000000 1.000000
vn -0.000001 0.000000 1.000000
vn -0.000000 0.000000 1.000000
vn 0.000000 0.000000 1.000000
vn 0.000000 0.000000 1.000000
vn 0.000000 0.000000 1.000000
vn 0.000000 1.000000 0.000000
vn 0.000000 1.000000 0.000000
vn 0.000000 0.000000 -1.000000
vn 0.000000 0.000000 -1.000000
vn 0.000000 0.000000 -1.000000
vn 0.000000 0.000000 -1.000000
vn 0.000000 0.000000 -1.000000
vn 0.000000 -1.000000 0.000000
vn 0.000000 -1.000000 0.000000
vn 0.000000 0.000000 1.000000
vn 0.000000 0.000000 1.000000
vn 0.000000 0.000000 1.000000
vn 0.000000 0.000000 1.000000
vn 0.000000 0.000000 -1.000000
vn 0.000000 0.000000 -1.000000
vn 0.000000 0.000000 -1.000000
vn 0.000000 0.000000 -1.000000
vn 0.000000 -1.000000 0.000000
vn 0.000000 -1.000000 0.000000
vn 0.000000 0.000000 1.000000
vn 0.000000 0.000000 1.000000
vn 0.000000 0.000000 1.000000
vn 0.000000 0.000000 1.000000
vn 0.000000 0.000000 1.000000
vn 0.000000 0.000000 1.000000
vn 0.000000 1.000000 0.000000
vn 0.000000 1.000000 0.000000
vn 0.000000 1.000000 0.000000
vn 0.000000 1.000000 0.000000
vn 0.000000 0.000000 -1.000000
vn 0.000000 0.000000 -1.000000
vn 1.000000 0.000003 0.000000
vn 1.000000 0.000003 0.000000
vn -0.999998 -0.000941 -0.001908
vn -0.999999 -0.000624 -0.001272
vn -1.000000 -0.000624 -0.000408
vn -0.999997 -0.001882 -0.001223
vn 1.000000 0.000000 0.000000
vn 1.000000 0.000000 0.000000
vn -0.999998 -0.000996 -0.001945
vn -0.999997 -0.001998 -0.001297
vn 0.000000 -1.000000 0.000000
vn 0.000000 -1.000000 0.000000
vn -0.999997 -0.001993 -0.001297
vn -0.999995 -0.002998 -0.000648
vn -1.000000 0.000000 0.000000
vn -1.000000 0.000000 0.000000
vn -1.000000 0.000000 0.000000
vn -1.000000 0.000000 0.000000
vn 0.000000 -1.000000 0.000000
vn 0.000000 -1.000000 0.000000
vn 0.000000 -1.000000 0.000000
vn 0.000000 -1.000000 0.000000
vn 1.000000 0.000000 0.000000
vn 1.000000 0.000000 0.000000
vn 1.000000 0.000000 0.000000
vn 1.000000 0.000000 0.000000
vn -1.000000 0.000000 0.000000
vn -1.000000 0.000000 0.000000
vn 1.000000 0.000000 0.000000
vn 1.000000 0.000000 0.000000
vn -1.000000 0.000000 0.000000
vn -1.000000 0.000000 0.000000
vn -1.000000 0.000000 0.000000
vn -1.000000 0.000000 0.000000
vn 0.000000 -1.000000 0.000000
vn 0.000000 -1.000000 0.000000
vn 0.000000 -1.000000 0.000000
vn 0.000000 -1.000000 0.000000
vn 1.000000 0.000000 0.000000
vn 1.000000 0.000000 0.000000
vn 1.000000 0.000000 0.000000
vn 1.000000 0.000000 0.000000
vn 0.000000 1.000000 0.000000
vn 0.000000 1.000000 0.000000
vn 0.000000 1.000000 0.000000
vn 0.000000 1.000000 0.000000
vn -1.000000 0.000000 0.000000
vn -1.000000 0.000000 0.000000
vn -1.000000 0.000000 0.000000
vn -1.000000 0.000000 0.000000
vn 1.000000 0.000000 0.000000
vn 1.000000 0.000000 0.000000
vn 1.000000 0.000000 0.000000
vn 1.000000 0.000000 0.000000
vn 0.000000 1.000000 0.000000
vn 0.000000 1.000000 0.000000
vn 0.000000 1.000000 0.000000
vn 0.000000 1.000000 0.000000
vn -1.000000 0.000000 0.000000
vn -1.000000 0.000000 0.000000
vn -1.000000 0.000000 0.000000
vn -1.000000 0.000000 0.000000
vn 0.000000 -1.000000 0.000000
vn 0.000000 -1.000000 0.000000
vn 0.000000 -1.000000 0.000000
vn 0.000000 -1.000000 0.000000
vn 1.000000 0.000000 0.000000
vn 1.000000 0.000000 0.000000
vn 1.000000 0.000000 0.000000
vn 1.000000 0.000000 0.000000
vn 0.000000 1.000000 0.000000
vn 0.000000 1.000000 0.000000
vn 0.000000 1.000000 0.000000
vn 0.000000 1.000000 0.000000
vn -1.000000 0.000000 0.000000
vn -1.000000 0.000000 0.000000
vn -1.000000 0.000000 0.000000
vn -1.000000 0.000000 0.000000
vn 1.000000 0.000000 0.000000
vn 1.000000 0.000000 0.000000
vn 1.000000 0.000000 0.000000
vn 1.000000 0.000000 0.000000
vn 0.000000 1.000000 0.000000
vn 0.000000 1.000000 0.000000
vn 0.000000 1.000000 0.000000
vn 0.000000 1.000000 0.000000
vn 1.000000 0.000000 0.000000
vn 1.000000 0.000000 0.000000
vn 1.000000 0.000000 0.000000
vn 1.000000 0.000000 0.000000
vn 0.000000 1.000000 -0.000000
vn 0.000000 1.000000 -0.000000
vn 0.000000 1.000000 -0.000000
vn 0.000000 1.000000 -0.000000
vn -1.000000 -0.000279 0.000613
vn -1.000000 0.000000 0.000000
vn -1.000000 0.000000 0.000000
vn -0.999999 -0.000279 0.001480
vn -0.999995 -0.003001 0.000650
vn -0.999997 -0.002000 0.001301
vn 0.000000 -1.000000 0.000000
vn 0.000000 -1.000000 0.000000
vn 1.000000 0.000000 0.000000
vn 1.000000 0.000000 0.000000
vn 1.000000 -0.000002 0.000000
vn 1.000000 0.000000 0.000000
vn 1.000000 -0.000003 0.000000
vn -0.999996 0.000039 -0.002668
vn -0.999999 0.000052 0.001621
vn -0.999987 -0.000500 -0.005069
vn -0.999985 -0.000999 -0.005394
vn 0.000000 -1.000000 -0.000000
vn 0.000000 -1.000000 -0.000000
vn 1.000000 0.000000 0.000000
vn 0.000000 0.000000 1.000000
vn 0.000000 0.000000 1.000000
vn 0.000000 0.000000 1.000000
vn 0.000000 0.000000 1.000000
vn 0.000000 1.000000 0.000000
vn 0.000000 1.000000 0.000000
vn 0.000000 1.000000 0.000000
vn 0.000000 1.000000 0.000000
vn 0.000000 0.000000 -1.000000
vn 0.000000 0.000000 -1.000000
vn 0.000000 0.000000 -1.000000
vn 0.000000 0.000000 -1.000000
vn 0.000000 0.000000 1.000000
vn 0.000000 0.000000 1.000000
vn 0.000000 0.000000 1.000000
vn 0.000000 0.000000 1.000000
vn 0.000000 1.000000 0.000000
vn 0.000000 1.000000 0.000000
vn 0.000000 1.000000 0.000000
vn 0.000000 1.000000 0.000000
vn -0.000000 0.000000 -1.000000
vn -0.000000 0.000000 -1.000000
vn -0.000000 0.000000 -1.000000
vn -0.000000 0.000000 -1.000000
vn 0.000000 -1.000000 0.000000
vn 0.000000 -1.000000 0.000000
vn 0.000000 -1.000000 0.000000
vn 0.000000 -1.000000 0.000000
vn 0.000000 0.000000 1.000000
vn 0.000000 0.000000 1.000000
vn 0.000000 0.000000 1.000000
vn 0.000000 0.000000 1.000000
vn 0.000000 1.000000 0.000000
vn 0.000000 1.000000 0.000000
vn 0.000000 1.000000 0.000000
vn 0.000000 1.000000 0.000000
vn -0.724558 0.000000 -0.689214
vn -0.724558 0.000000 -0.689214
vn -0.721077 -0.000720 -0.692855
vn -0.721077 -0.000720 -0.692855
vn -0.714128 -0.000720 -0.700015
vn -0.714128 -0.000720 -0.700015
vn 0.000000 0.000000 1.000000
vn 0.000000 0.000000 1.000000
vn 0.000000 0.000000 1.000000
vn 0.000000 0.000000 1.000000
vn 1.000000 0.000000 0.000000
vn 1.000000 0.000008 0.000000
vn 1.000000 0.000000 0.000000
vn 1.000000 0.000000 0.000000
vn 0.000000 0.000000 1.000000
vn 0.000000 0.000000 1.000000
vn 1.000000 0.000000 0.000000
vn 1.000000 0.000006 0.000000
vn -0.000000 1.000000 0.000000
vn -0.000000 1.000000 0.000000
vn 0.000000 1.000000 0.000000
vn 0.000000 1.000000 0.000000
vn 0.000000 1.000000 0.000000
vn -0.710660 0.000000 -0.703536
vn -0.710660 0.000000 -0.703536
vn -0.710660 0.000000 -0.703536
vn -0.710660 0.000000 -0.703536
vn 0.000000 0.000000 1.000000
vn 0.000000 0.000000 1.000000
vn 1.000000 0.000000 0.000000
vn 1.000000 0.000000 0.000000
vn 0.000000 0.000000 1.000000
vn 0.000000 0.000000 1.000000
vn 1.000000 0.000000 0.000000
vn 1.000000 0.000000 0.000000
vn -0.000000 -1.000000 -0.000000
vn -0.000000 -1.000000 0.000000
vn -0.000000 -1.000000 0.000000
vn 0.000000 -1.000000 -0.000000
vn 0.000000 -1.000000 0.000000
vn 0.000000 0.000000 1.000000
vn 0.000000 0.000000 1.000000
vn 0.000000 0.000000 1.000000
vn -0.000000 1.000000 0.000000
vn -0.000000 1.000000 0.000000
vn -0.000000 0.000000 -1.000000
vn -0.000000 0.000000 -1.000000
vn -0.000000 0.000000 -1.000000
vn -0.000000 0.000000 -1.000000
vn 0.000000 0.000000 -1.000000
vn 0.000000 0.000000 -1.000000
vn 0.000000 0.000000 1.000000
vn 0.000000 0.000000 1.000000
vn 0.000000 0.000000 -1.000000
vn 0.000000 0.000000 -1.000000
vn 0.000000 -1.000000 -0.000000
vn 0.000000 -1.000000 -0.000000
vn 0.000000 0.000000 -1.000000
vn 0.000000 0.000000 -1.000000
vn 0.000000 0.000000 1.000000
vn 0.000000 0.000000 1.000000
vn 0.000000 0.000000 1.000000
vn 0.000000 0.000000 1.000000
vn 0.000000 0.000000 1.000000
vn 0.000000 0.000000 1.000000
vn 0.000000 1.000000 0.000000
vn 0.000000 1.000000 0.000000
vn 0.000000 1.000000 0.000000
vn 0.000000 1.000000 0.000000
vn 0.000000 0.000000 -1.000000
vn 0.000000 0.000000 -1.000000
vn 0.000000 0.000000 -1.000000
vn 0.000000 0.000000 -1.000000
vn 0.000000 0.000000 -1.000000
vn 0.000000 0.000000 -1.000000
vn 0.000000 0.000000 1.000000
vn 0.000000 0.000000 1.000000
vn 0.000000 0.000000 1.000000
vn 0.000000 0.000000 1.000000
vn 0.000001 0.000000 -1.000000
vn 0.000001 0.000000 -1.000000
vn -0.000000 -1.000000 -0.000000
vn -0.000000 -1.000000 -0.000000
vn -0.000000 -1.000000 -0.000000
vn -0.000000 -1.000000 -0.000000
vn 0.000002 0.000000 -1.000000
vn 0.000001 0.000000 -1.000000
vn -1.000000 0.000000 0.000000
vn -1.000000 0.000000 0.000000
vn -1.000000 0.000000 0.000000
vn -1.000000 0.000000 0.000000
vn -1.000000 0.000000 0.000000
vn -1.000000 0.000000 0.000000
vn -1.000000 0.000000 0.000000
vn -1.000000 0.000000 0.000000
vn 0.000000 0.000000 1.000000
vn 0.000000 0.000000 1.000000
vn 0.000000 0.000000 -1.000000
vn 0.000000 0.000000 -1.000000
vn 0.000000 0.000000 -1.000000
vn 0.000000 1.000000 0.000000
vn 0.000000 1.000000 0.000000
vn 0.000000 0.000000 1.000000
vn 0.000000 0.000000 1.000000
vn 0.000000 0.000000 1.000000
vn 0.000000 0.000000 1.000000
vn 0.000000 0.000000 1.000000
vn 0.000000 0.000000 1.000000
vn 0.000000 0.000000 1.000000
vn 0.000000 -1.000000 -0.000000
vn 0.000000 -1.000000 -0.000000
vn 0.000000 -1.000000 -0.000000
vn 0.000000 -1.000000 -0.000000
vn -0.000001 0.000000 -1.000000
vn -0.000001 0.000000 -1.000000
vn -0.000002 0.000000 -1.000000
vn -0.000001 0.000000 -1.000000
vn 0.000000 0.000000 -1.000000
vn 0.000000 0.000000 -1.000000
vn 0.000000 0.000000 -1.000000
vn 0.000000 1.000000 0.000000
vn 0.000000 1.000000 0.000000
vn 0.000000 0.000000 1.000000
vn 0.000000 0.000000 1.000000
vn 0.000000 0.000000 1.000000
vn 0.000000 0.000000 1.000000
vn 0.000000 0.000000 1.000000
vn 0.000000 -1.000000 -0.000000
vn 0.000000 -1.000000 -0.000000
vn 0.000000 0.000000 -1.000000
vn 0.000000 0.000000 -1.000000
vn 0.000000 0.000000 -1.000000
vn 0.000000 0.000000 -1.000000
vn 0.000000 0.000000 1.000000
vn 0.000000 0.000000 1.000000
vn 0.000000 0.000000 1.000000
vn 0.000000 0.000000 1.000000
vn 0.000000 -1.000000 -0.000000
vn 0.000000 -1.000000 -0.000000
vn 0.000000 0.000000 -1.000000
vn 0.000000 0.000000 -1.000000
vn 0.000000 0.000000 -1.000000
vn 0.000000 0.000000 -1.000000
vn 0.000000 0.000000 -1.000000
vn 0.000000 0.000000 -1.000000
vn 0.000000 1.000000 0.000000
vn 0.000000 1.000000 0.000000
vn 0.000000 1.000000 0.000000
vn 0.000000 1.000000 0.000000
vn 0.000000 0.000000 1.000000
vn 0.000000 0.000000 1.000000
vn 1.000000 0.000008 0.000000
vn 1.000000 0.000008 0.000000
vn -0.999998 -0.000941 0.001908
vn -0.999998 -0.001882 0.001223
vn -1.000000 -0.000627 0.000408
vn -0.999999 -0.000627 0.001272
vn 1.000000 0.000000 0.000000
vn 1.000000 0.000000 0.000000
vn -0.999998 -0.000996 0.001945
vn -0.999997 -0.001998 0.001297
vn 0.000000 -1.000000 0.000000
vn 0.000000 -1.000000 0.000000
vn -0.999997 -0.001993 0.001297
vn -0.999995 -0.002998 0.000648
vn 1.000000 0.000000 0.000000
vn 1.000000 0.000000 0.000000
vn 1.000000 0.000000 0.000000
vn 1.000000 0.000000 0.000000
vn 0.000000 1.000000 0.000001
vn 0.000000 1.000000 0.000001
vn 0.000000 1.000000 0.000001
vn 0.000000 1.000000 0.000001
vn -0.999999 0.001245 0.000756
vn -0.999995 0.000000 0.003022
vn -0.999982 0.000000 0.006044
vn -0.999986 0.001660 -0.005037
vn 1.000000 0.000000 0.000000
vn 1.000000 0.000000 0.000000
vn -0.999927 0.000000 -0.012088
vn 0.000000 -1.000000 -0.000000
vn 0.000000 -1.000000 -0.000000
vn -0.999927 0.000000 -0.012088
vn 0.000000 0.000000 -1.000000
vn 0.000000 0.000000 -1.000000
vn 0.000000 0.000000 -1.000000
vn 0.000000 0.000000 -1.000000
vn -1.000000 0.000000 0.000000
vn -1.000000 0.000000 0.000000
vn -1.000000 0.000000 0.000000
vn -1.000000 0.000000 0.000000
vn 0.000000 -1.000000 0.000000
vn 0.000000 -1.000000 0.000000
vn 0.000000 -1.000000 0.000000
vn 0.000000 -1.000000 0.000000
vn 1.000000 0.000000 0.000000
vn 1.000000 0.000000 0.000000
vn 1.000000 0.000000 0.000000
vn 1.000000 0.000000 0.000000
vn -1.000000 0.000000 0.000000
vn -1.000000 0.000000 0.000000
vn 1.000000 0.000000 0.000000
vn 1.000000 0.000000 0.000000
vn -1.000000 0.000000 0.000000
vn -1.000000 0.000000 0.000000
vn -1.000000 0.000000 0.000000
vn -1.000000 0.000000 0.000000
vn 0.000000 -1.000000 0.000000
vn 0.000000 -1.000000 0.000000
vn 0.000000 -1.000000 0.000000
vn 0.000000 -1.000000 0.000000
vn 1.000000 0.000000 0.000000
vn 1.000000 0.000000 0.000000
vn 1.000000 0.000000 0.000000
vn 1.000000 0.000000 0.000000
vn 0.000000 1.000000 0.000000
vn 0.000000 1.000000 0.000000
vn 0.000000 1.000000 0.000000
vn 0.000000 1.000000 0.000000
vn -1.000000 0.000000 0.000000
vn -1.000000 0.000000 0.000000
vn -1.000000 0.000000 0.000000
vn -1.000000 0.000000 0.000000
vn 1.000000 0.000000 0.000000
vn 1.000000 0.000000 0.000000
vn 1.000000 0.000000 0.000000
vn 1.000000 0.000000 0.000000
vn 0.000000 1.000000 0.000000
vn 0.000000 1.000000 0.000000
vn 0.000000 1.000000 0.000000
vn 0.000000 1.000000 0.000000
vn -1.000000 0.000000 0.000000
vn -1.000000 0.000000 0.000000
vn -1.000000 0.000000 0.000000
vn -1.000000 0.000000 0.000000
vn 0.000000 -1.000000 0.000000
vn 0.000000 -1.000000 0.000000
vn 0.000000 -1.000000 0.000000
vn 0.000000 -1.000000 0.000000
vn 1.000000 0.000000 0.000000
vn 1.000000 0.000000 0.000000
vn 1.000000 0.000000 0.000000
vn 1.000000 0.000000 0.000000
vn 0.000000 1.000000 0.000000
vn 0.000000 1.000000 0.000000
vn 0.000000 1.000000 0.000000
vn 0.000000 1.000000 0.000000
vn -1.000000 0.000000 0.000000
vn -1.000000 0.000000 0.000000
vn -1.000000 0.000000 0.000000
vn -1.000000 0.000000 0.000000
vn 1.000000 0.000000 0.000000
vn 1.000000 0.000000 0.000000
vn 1.000000 0.000000 0.000000
vn 1.000000 0.000000 0.000000
vn 0.000000 1.000000 0.000000
vn 0.000000 1.000000 0.000000
vn 0.000000 1.000000 0.000000
vn 0.000000 1.000000 0.000000
vn 1.000000 0.000000 0.000000
vn 1.000000 0.000000 0.000000
vn 1.000000 0.000000 0.000000
vn 1.000000 0.000000 0.000000
vn 0.000000 1.000000 0.000000
vn 0.000000 1.000000 0.000000
vn 0.000000 1.000000 0.000000
vn 0.000000 1.000000 0.000000
vn -1.000000 0.000000 0.000000
vn -1.000000 0.000000 0.000000
vn -1.000000 -0.000629 -0.000409
vn -0.999999 -0.000629 -0.001275
vn -0.999997 -0.002000 -0.001300
vn -0.999995 -0.003000 -0.000650
vn 0.000000 -1.000000 0.000000
vn 0.000000 -1.000000 0.000000
vn 1.000000 0.000000 0.000000
vn 1.000000 0.000000 0.000000
vn 1.000000 0.000000 0.000000
vn 1.000000 0.000000 0.000000
vn 1.000000 0.000000 0.000000
vn -0.999991 -0.000629 -0.004122
vn -0.999998 -0.000471 0.001828
vn -0.999989 -0.000499 0.004595
vn -0.999987 -0.000999 0.004920
vn 0.000000 -1.000000 0.000000
vn 0.000000 -1.000000 0.000000
vn 1.000000 0.000000 0.000000
vn 1.000000 0.000000 0.000000
vn 1.000000 0.000000 0.000000
vn 1.000000 0.000000 0.000000
vn 0.000000 1.000000 -0.000000
vn 0.000000 1.000000 -0.000000
vn -0.999996 0.000995 -0.002785
vn -0.999985 0.000000 -0.005570
vn -0.999992 0.001327 0.003713
vn 1.000000 0.000000 0.000000
vn 1.000000 0.000000 0.000000
vn 0.000000 1.000000 -0.000000
vn 0.000000 1.000000 -0.000000
vn -0.999938 0.000000 -0.011139
vn -0.999938 0.000000 0.011139
vn -0.999938 0.000000 0.011139
vn 0.000000 -1.000000 0.000000
vn 0.000000 -1.000000 0.000000
vn 1.000000 0.000000 0.000000
vn 0.000000 0.000000 -1.000000
vn 0.000000 0.000000 -1.000000
vn 0.000000 0.000000 -1.000000
vn 0.000000 0.000000 -1.000000
vn 0.000000 1.000000 0.000000
vn 0.000000 1.000000 0.000000
vn 0.000000 1.000000 0.000000
vn 0.000000 1.000000 0.000000
vn 0.000000 0.000000 1.000000
vn 0.000000 0.000000 1.000000
vn 0.000000 0.000000 1.000000
vn 0.000000 0.000000 1.000000
vn 0.000000 0.000000 -1.000000
vn 0.000000 0.000000 -1.000000
vn 0.000000 0.000000 -1.000000
vn 0.000000 0.000000 -1.000000
vn 0.000000 1.000000 0.000000
vn 0.000000 1.000000 0.000000
vn 0.000000 1.000000 0.000000
vn 0.000000 1.000000 0.000000
vn 0.000000 0.000000 1.000000
vn 0.000000 0.000000 1.000000
vn 0.000000 0.000000 1.000000
vn 0.000000 0.000000 1.000000
vn 0.000000 -1.000000 0.000000
vn 0.000000 -1.000000 0.000000
vn 0.000000 -1.000000 0.000000
vn 0.000000 -1.000000 0.000000
vn 0.000000 0.000000 -1.000000
vn 0.000000 0.000000 -1.000000
vn 0.000000 0.000000 -1.000000
vn 0.000000 0.000000 -1.000000
vn 0.000000 1.000000 0.000000
vn 0.000000 1.000000 0.000000
vn 0.000000 1.000000 0.000000
vn 0.000000 1.000000 0.000000
vn 0.000000 0.000000 1.000000
vn 0.000000 0.000000 1.000000
vn 0.000000 0.000000 1.000000
vn 0.000000 0.000000 1.000000
vn 0.000000 0.000000 -1.000000
vn 0.000000 0.000000 -1.000000
vn 0.000000 0.000000 -1.000000
vn 0.000000 0.000000 -1.000000
vn 0.000000 0.000000 1.000000
vn 0.000000 0.000000 1.000000
vn 0.000000 0.000000 1.000000
vn 0.000000 0.000000 1.000000
vn 0.000000 -1.000000 0.000000
vn 0.000000 -1.000000 0.000000
vn 0.000000 -1.000000 0.000000
vn 0.000000 -1.000000 0.000000
vn -0.000000 0.000000 -1.000000
vn -0.000000 0.000000 -1.000000
vn 0.000000 0.000000 1.000000
vn 0.000000 0.000000 1.000000
vn 0.724558 0.000000 -0.689214
vn 0.721077 -0.000720 -0.692855
vn 0.721077 -0.000720 -0.692855
vn 0.724558 0.000000 -0.689214
vn 0.714128 -0.000720 -0.700015
vn 0.714128 -0.000720 -0.700015
vn 0.000000 0.000000 1.000000
vn 0.000000 0.000000 1.000000
vn 0.000000 0.000000 1.000000
vn 0.000000 0.000000 1.000000
vn -1.000000 0.000000 0.000000
vn -1.000000 0.000000 0.000000
vn -1.000000 0.000000 0.000000
vn -1.000000 0.000000 0.000000
vn 0.000000 0.000000 1.000000
vn 0.000000 0.000000 1.000000
vn -1.000000 0.000000 0.000000
vn -1.000000 0.000000 0.000000
vn 0.000000 1.000000 0.000000
vn 0.000000 1.000000 0.000000
vn 0.000000 1.000000 0.000000
vn 0.000000 1.000000 0.000000
vn 0.000000 1.000000 0.000000
vn 0.710661 0.000000 -0.703535
vn 0.710661 0.000000 -0.703535
vn 0.710661 0.000000 -0.703535
vn 0.710661 0.000000 -0.703535
vn 0.000000 0.000000 1.000000
vn 0.000000 0.000000 1.000000
vn -1.000000 0.000000 0.000000
vn -1.000000 0.000000 0.000000
vn 0.000000 0.000000 1.000000
vn 0.000000 0.000000 1.000000
vn -1.000000 0.000000 0.000000
vn -1.000000 0.000000 0.000000
vn 0.000000 -1.000000 -0.000000
vn 0.000000 -1.000000 0.000000
vn 0.000000 -1.000000 0.000000
vn 0.000000 -1.000000 -0.000000
vn 0.000000 -1.000000 0.000000
vn 0.000000 0.000000 1.000000
vn 0.000000 0.000000 1.000000
vn 0.000000 0.000000 1.000000
vn 0.000000 1.000000 0.000000
vn 0.000000 1.000000 0.000000
vn 0.000000 0.000000 -1.000000
vn 0.000000 0.000000 -1.000000
vn 0.000000 0.000000 -1.000000
vn 0.000000 0.000000 -1.000000
vn -0.000000 0.000000 -1.000000
vn -0.000000 0.000000 -1.000000
vn 0.000000 0.000000 1.000000
vn 0.000000 0.000000 1.000000
vn -0.000000 0.000000 -1.000000
vn -0.000000 0.000000 -1.000000
vn 0.000000 -1.000000 -0.000000
vn 0.000000 -1.000000 -0.000000
vn -0.000000 0.000000 -1.000000
vn -0.000000 0.000000 -1.000000
vn 0.000000 0.000000 1.000000
vn 0.000000 0.000000 1.000000
vn 0.000000 0.000000 1.000000
vn 0.000000 0.000000 1.000000
vn 0.000000 -1.000000 -0.000000
vn 0.000000 -1.000000 -0.000000
vn 0.000000 0.000000 -1.000000
vn 0.000000 0.000000 -1.000000
vn 0.000000 0.000000 -1.000000
vn 0.000000 0.000000 -1.000000
vn 0.000000 0.000000 1.000000
vn 0.000000 0.000000 1.000000
vn 0.000000 0.000000 1.000000
vn 0.000000 0.000000 1.000000
vn 0.000000 -1.000000 -0.000000
vn 0.000000 -1.000000 -0.000000
vn 0.000000 0.000000 -1.000000
vn 0.000000 0.000000 -1.000000
vn 0.000000 0.000000 -1.000000
vn 0.000000 0.000000 -1.000000
vn 0.000000 0.000000 -1.000000
vn 0.000000 0.000000 -1.000000
vn 0.000000 1.000000 0.000000
vn 0.000000 1.000000 0.000000
vn 0.000000 1.000000 0.000000
vn 0.000000 1.000000 0.000000
vn 0.000000 0.000000 1.000000
vn 0.000000 0.000000 1.000000
vn -1.000000 0.000000 0.000000
vn -1.000000 0.000000 0.000000
vn 0.999998 -0.000941 0.001908
vn 0.999999 -0.000629 0.001272
vn 1.000000 -0.000629 0.000408
vn 0.999998 -0.001882 0.001223
vn -1.000000 0.000000 0.000000
vn -1.000000 0.000000 0.000000
vn 0.999998 -0.001009 0.001945
vn 0.999997 -0.002000 0.001297
vn 0.000000 -1.000000 0.000000
vn 0.000000 -1.000000 0.000000
vn 0.999997 -0.002018 0.001297
vn 0.999995 -0.002999 0.000648
vn 1.000000 0.000000 0.000000
vn 1.000000 0.000000 0.000000
vn 1.000000 0.000000 0.000000
vn 1.000000 0.000000 0.000000
vn 0.000000 -1.000000 0.000000
vn 0.000000 -1.000000 0.000000
vn 0.000000 -1.000000 0.000000
vn 0.000000 -1.000000 0.000000
vn 0.000000 1.000000 0.000000
vn 0.000000 1.000000 0.000000
vn 0.000000 1.000000 0.000000
vn 0.000000 1.000000 0.000000
vn 1.000000 0.000000 0.000000
vn 1.000000 0.000000 0.000000
vn 1.000000 0.000000 0.000000
vn 1.000000 0.000000 0.000000
vn 0.000000 1.000000 0.000000
vn 0.000000 1.000000 0.000000
vn 0.000000 1.000000 0.000000
vn 0.000000 1.000000 0.000000
vn 1.000000 0.000000 0.000000
vn 1.000000 0.000000 0.000000
vn 1.000000 0.000000 0.000000
vn 1.000000 0.000000 0.000000
vn 0.000000 -1.000000 0.000000
vn 0.000000 -1.000000 0.000000
vn 0.000000 -1.000000 0.000000
vn 0.000000 -1.000000 0.000000
vn -1.000000 0.000000 0.000000
vn -1.000000 0.000000 0.000000
vn -1.000000 0.000000 0.000000
vn -1.000000 0.000000 0.000000
vn 0.000000 1.000000 0.000000
vn 0.000000 1.000000 0.000000
vn 0.000000 1.000000 0.000000
vn 0.000000 1.000000 0.000000
vn 1.000000 0.000000 0.000000
vn 1.000000 0.000000 0.000000
vn 1.000000 0.000000 0.000000
vn 1.000000 0.000000 0.000000
vn -1.000000 0.000000 0.000000
vn -1.000000 0.000000 0.000000
vn -1.000000 0.000000 0.000000
vn -1.000000 0.000000 0.000000
vn 0.000000 1.000000 0.000000
vn 0.000000 1.000000 0.000000
vn 0.000000 1.000000 0.000000
vn 0.000000 1.000000 0.000000
vn -1.000000 0.000000 0.000000
vn -1.000000 0.000000 0.000000
vn -1.000000 0.000000 0.000000
vn -1.000000 0.000000 0.000000
vn 0.000000 1.000000 0.000000
vn 0.000000 1.000000 0.000000
vn 0.000000 1.000000 0.000000
vn 0.000000 1.000000 0.000000
vn 1.000000 -0.000279 -0.000613
vn 1.000000 0.000000 0.000000
vn 1.000000 0.000000 0.000000
vn 0.999999 -0.000279 -0.001480
vn 0.999995 -0.002990 -0.000650
vn 0.999997 -0.001993 -0.001301
vn 0.000000 -1.000000 0.000000
vn 0.000000 -1.000000 0.000000
vn -1.000000 0.000000 0.000000
vn -1.000000 0.000000 0.000000
vn -1.000000 0.000000 0.000000
vn -1.000000 0.000000 0.000000
vn -1.000000 0.000000 0.000000
vn 0.999996 0.000043 0.002668
vn 0.999999 0.000057 -0.001621
vn 0.999987 -0.000500 0.005069
vn 0.999985 -0.000999 0.005394
vn 0.000000 -1.000000 0.000000
vn 0.000000 -1.000000 0.000000
vn -1.000000 0.000000 0.000000
vn 0.000000 0.000000 -1.000000
vn 0.000000 0.000000 -1.000000
vn 0.000000 0.000000 -1.000000
vn 0.000000 0.000000 -1.000000
vn -0.000000 1.000000 0.000000
vn -0.000000 1.000000 0.000000
vn -0.000000 1.000000 0.000000
vn -0.000000 1.000000 0.000000
vn 0.000000 0.000000 1.000000
vn 0.000000 0.000000 1.000000
vn 0.000000 0.000000 1.000000
vn 0.000000 0.000000 1.000000
vn 0.000000 0.000000 -1.000000
vn 0.000000 0.000000 -1.000000
vn 0.000000 0.000000 -1.000000
vn 0.000000 0.000000 -1.000000
vn -0.000000 1.000000 0.000000
vn -0.000000 1.000000 0.000000
vn -0.000000 1.000000 0.000000
vn -0.000000 1.000000 0.000000
vn 0.000000 0.000000 1.000000
vn 0.000000 0.000000 1.000000
vn 0.000000 0.000000 1.000000
vn 0.000000 0.000000 1.000000
vn 0.000000 -1.000000 0.000000
vn 0.000000 -1.000000 0.000000
vn 0.000000 -1.000000 0.000000
vn 0.000000 -1.000000 0.000000
vn 0.000000 0.000000 -1.000000
vn 0.000000 0.000000 -1.000000
vn 0.000000 0.000000 -1.000000
vn 0.000000 0.000000 -1.000000
vn -0.000000 1.000000 0.000000
vn -0.000000 1.000000 0.000000
vn -0.000000 1.000000 0.000000
vn -0.000000 1.000000 0.000000
vn 0.724558 0.000000 0.689214
vn 0.724558 0.000000 0.689214
vn 0.721077 -0.000720 0.692855
vn 0.721077 -0.000720 0.692855
vn 0.714128 -0.000720 0.700015
vn 0.714128 -0.000720 0.700015
vn -0.000000 0.000000 -1.000000
vn 0.000000 0.000000 -1.000000
vn 0.000000 0.000000 -1.000000
vn -0.000000 0.000000 -1.000000
vn -1.000000 0.000000 0.000000
vn -1.000000 0.000000 0.000000
vn -1.000000 0.000000 0.000000
vn -1.000000 0.000000 0.000000
vn 0.000000 0.000000 -1.000000
vn 0.000000 0.000000 -1.000000
vn -1.000000 0.000000 0.000000
vn -1.000000 0.000000 0.000000
vn 0.000000 1.000000 -0.000000
vn 0.000000 1.000000 0.000000
vn 0.000000 1.000000 -0.000000
vn 0.000000 1.000000 0.000000
vn 0.000000 1.000000 -0.000000
vn 0.710660 0.000000 0.703536
vn 0.710660 0.000000 0.703536
vn 0.710659 0.000000 0.703537
vn 0.710659 0.000000 0.703537
vn 0.000000 0.000000 -1.000000
vn 0.000000 0.000000 -1.000000
vn -1.000000 0.000000 0.000000
vn -1.000000 0.000000 0.000000
vn 0.000000 0.000000 -1.000000
vn 0.000000 0.000000 -1.000000
vn -1.000000 0.000000 0.000000
vn -1.000000 0.000000 0.000000
vn 0.000000 -1.000000 0.000000
vn 0.000000 -1.000000 -0.000000
vn 0.000000 -1.000000 -0.000000
vn 0.000000 -1.000000 0.000000
vn 0.000000 -1.000000 0.000000
vn -0.000000 0.000000 -1.000000
vn -0.000000 0.000000 -1.000000
vn 0.000000 0.000000 -1.000000
vn 0.000000 1.000000 0.000000
vn 0.000000 1.000000 0.000000
vn 0.000000 0.000000 1.000000
vn 0.000000 0.000000 1.000000
vn 0.000000 0.000000 1.000000
vn 0.000000 0.000000 1.000000
vn 0.000000 0.000000 1.000000
vn 0.000000 0.000000 1.000000
vn 0.000000 0.000000 -1.000000
vn 0.000000 0.000000 -1.000000
vn -0.000000 0.000000 1.000000
vn -0.000000 0.000000 1.000000
vn 0.000000 -1.000000 0.000000
vn 0.000000 -1.000000 0.000000
vn -0.000000 0.000000 1.000000
vn -0.000000 0.000000 1.000000
vn 0.000000 0.000000 -1.000000
vn 0.000000 0.000000 -1.000000
vn 0.000000 0.000000 -1.000000
vn 0.000000 0.000000 -1.000000
vn 0.000000 -1.000000 0.000000
vn 0.000000 -1.000000 0.000000
vn 0.000000 0.000000 1.000000
vn 0.000000 0.000000 1.000000
vn 0.000000 0.000000 1.000000
vn 0.000000 0.000000 1.000000
vn 0.000000 0.000000 -1.000000
vn 0.000000 0.000000 -1.000000
vn 0.000000 0.000000 -1.000000
vn 0.000000 0.000000 -1.000000
vn 0.000000 -1.000000 0.000000
vn 0.000000 -1.000000 0.000000
vn 0.000000 0.000000 1.000000
vn 0.000000 0.000000 1.000000
vn 0.000000 0.000000 1.000000
vn 0.000000 0.000000 1.000000
vn 0.000000 0.000000 1.000000
vn 0.000000 0.000000 1.000000
vn 0.000000 1.000000 0.000000
vn 0.000000 1.000000 0.000000
vn 0.000000 1.000000 0.000000
vn 0.000000 1.000000 0.000000
vn 0.000000 0.000000 -1.000000
vn 0.000000 0.000000 -1.000000
vn -1.000000 0.000000 0.000000
vn -1.000000 0.000000 0.000000
vn 0.999998 -0.000953 -0.001908
vn 0.999997 -0.001905 -0.001223
vn 1.000000 -0.000635 -0.000408
vn 0.999999 -0.000635 -0.001272
vn -1.000000 0.000000 0.000000
vn -1.000000 0.000000 0.000000
vn 0.999998 -0.000996 -0.001945
vn 0.999997 -0.001991 -0.001297
vn 0.000000 -1.000000 0.000000
vn 0.000000 -1.000000 0.000000
vn 0.999997 -0.001993 -0.001297
vn 0.999995 -0.002987 -0.000648
vn -1.000000 0.000000 0.000000
vn -1.000000 0.000000 0.000000
vn -1.000000 0.000000 0.000000
vn -1.000000 0.000000 0.000000
vn 0.000000 1.000000 -0.000001
vn 0.000000 1.000000 -0.000001
vn 0.000000 1.000000 -0.000001
vn 0.000000 1.000000 -0.000001
vn 0.999999 0.001252 -0.000756
vn 0.999995 0.000000 -0.003022
vn 0.999982 0.000000 -0.006044
vn 0.999986 0.001670 0.005037
vn -1.000000 0.000000 0.000000
vn -1.000000 0.000000 0.000000
vn 0.999927 0.000000 0.012088
vn 0.000000 -1.000000 0.000000
vn 0.000000 -1.000000 0.000000
vn 0.999927 0.000000 0.012088
vn 0.000000 0.000000 1.000000
vn 0.000000 0.000000 1.000000
vn 0.000000 0.000000 1.000000
vn 0.000000 0.000000 1.000000
vn 1.000000 0.000000 0.000000
vn 1.000000 0.000000 0.000000
vn 1.000000 0.000000 0.000000
vn 1.000000 0.000000 0.000000
vn 0.000000 -1.000000 0.000000
vn 0.000000 -1.000000 0.000000
vn 0.000000 -1.000000 0.000000
vn 0.000000 -1.000000 0.000000
vn 0.000000 1.000000 0.000000
vn 0.000000 1.000000 0.000000
vn 0.000000 1.000000 0.000000
vn 0.000000 1.000000 0.000000
vn 1.000000 0.000000 0.000000
vn 1.000000 0.000000 0.000000
vn 1.000000 0.000000 0.000000
vn 1.000000 0.000000 0.000000
vn 0.000000 1.000000 0.000000
vn 0.000000 1.000000 0.000000
vn 0.000000 1.000000 0.000000
vn 0.000000 1.000000 0.000000
vn 1.000000 0.000000 0.000000
vn 1.000000 0.000000 0.000000
vn 1.000000 0.000000 0.000000
vn 1.000000 0.000000 0.000000
vn 0.000000 -1.000000 0.000000
vn 0.000000 -1.000000 0.000000
vn 0.000000 -1.000000 0.000000
vn 0.000000 -1.000000 0.000000
vn -1.000000 0.000000 0.000000
vn -1.000000 0.000000 0.000000
vn -1.000000 0.000000 0.000000
vn -1.000000 0.000000 0.000000
vn 0.000000 1.000000 0.000000
vn 0.000000 1.000000 0.000000
vn 0.000000 1.000000 0.000000
vn 0.000000 1.000000 0.000000
vn 1.000000 0.000000 0.000000
vn 1.000000 0.000000 0.000000
vn 1.000000 0.000000 0.000000
vn 1.000000 0.000000 0.000000
vn -1.000000 0.000000 0.000000
vn -1.000000 0.000000 0.000000
vn -1.000000 0.000000 0.000000
vn -1.000000 0.000000 0.000000
vn 0.000000 1.000000 0.000000
vn 0.000000 1.000000 0.000000
vn 0.000000 1.000000 0.000000
vn 0.000000 1.000000 0.000000
vn -1.000000 0.000000 0.000000
vn -1.000000 0.000000 0.000000
vn -1.000000 0.000000 0.000000
vn -1.000000 0.000000 0.000000
vn 0.000000 1.000000 -0.000000
vn 0.000000 1.000000 -0.000000
vn 0.000000 1.000000 -0.000000
vn 0.000000 1.000000 -0.000000
vn 1.000000 0.000000 0.000000
vn 1.000000 0.000000 0.000000
vn 1.000000 -0.000629 0.000409
vn 0.999999 -0.000629 0.001275
vn 0.999997 -0.001993 0.001300
vn 0.999995 -0.002989 0.000650
vn 0.000000 -1.000000 0.000000
vn 0.000000 -1.000000 0.000000
vn -1.000000 0.000000 0.000000
vn -1.000000 0.000000 0.000000
vn -1.000000 0.000000 0.000000
vn -1.000000 0.000000 0.000000
vn -1.000000 0.000000 0.000000
vn 0.999991 -0.000629 0.004122
vn 0.999998 -0.000471 -0.001828
vn 0.999989 -0.000499 -0.004595
vn 0.999987 -0.000999 -0.004920
vn 0.000000 -1.000000 -0.000000
vn 0.000000 -1.000000 -0.000000
vn -1.000000 0.000000 0.000000
vn -1.000000 0.000000 0.000000
vn -1.000000 0.000000 0.000000
vn -1.000000 0.000000 0.000000
vn 0.000000 1.000000 0.000000
vn 0.000000 1.000000 0.000000
vn 0.999996 0.001002 0.002785
vn 0.999985 0.000000 0.005570
vn 0.999992 0.001336 -0.003713
vn -1.000000 0.000000 0.000000
vn -1.000000 0.000000 0.000000
vn 0.000000 1.000000 0.000000
vn 0.000000 1.000000 0.000000
vn 0.999938 0.000000 0.011139
vn 0.999938 0.000000 -0.011139
vn 0.999938 0.000000 -0.011139
vn 0.000000 -1.000000 -0.000000
vn 0.000000 -1.000000 -0.000000
vn -1.000000 0.000000 0.000000
vn 0.000000 0.000000 1.000000
vn 0.000000 0.000000 1.000000
vn 0.000000 0.000000 1.000000
vn 0.000000 0.000000 1.000000
vn -0.000000 1.000000 0.000000
vn -0.000000 1.000000 0.000000
vn -0.000000 1.000000 0.000000
vn -0.000000 1.000000 0.000000
vn -0.000000 0.000000 -1.000000
vn -0.000000 0.000000 -1.000000
vn -0.000000 0.000000 -1.000000
vn -0.000000 0.000000 -1.000000
vn 0.000000 0.000000 1.000000
vn 0.000000 0.000000 1.000000
vn 0.000000 0.000000 1.000000
vn 0.000000 0.000000 1.000000
vn -0.000000 1.000000 0.000000
vn -0.000000 1.000000 0.000000
vn -0.000000 1.000000 0.000000
vn -0.000000 1.000000 0.000000
vn 0.000000 0.000000 -1.000000
vn 0.000000 0.000000 -1.000000
vn 0.000000 0.000000 -1.000000
vn 0.000000 0.000000 -1.000000
vn 0.000000 -1.000000 0.000000
vn 0.000000 -1.000000 0.000000
vn 0.000000 -1.000000 0.000000
vn 0.000000 -1.000000 0.000000
vn -0.000000 0.000000 1.000000
vn -0.000000 0.000000 1.000000
vn -0.000000 0.000000 1.000000
vn -0.000000 0.000000 1.000000
vn -0.000000 1.000000 0.000000
vn -0.000000 1.000000 0.000000
vn -0.000000 1.000000 0.000000
vn -0.000000 1.000000 0.000000
vn 0.000000 0.000000 -1.000000
vn 0.000000 0.000000 -1.000000
vn 0.000000 0.000000 -1.000000
vn 0.000000 0.000000 -1.000000
vn 0.000000 0.000000 1.000000
vn 0.000000 0.000000 1.000000
vn 0.000000 0.000000 1.000000
vn 0.000000 0.000000 1.000000
vn 0.000000 0.000000 -1.000000
vn 0.000000 0.000000 -1.000000
vn 0.000000 0.000000 -1.000000
vn 0.000000 0.000000 -1.000000
vn 0.000000 -1.000000 0.000000
vn 0.000000 -1.000000 0.000000
vn 0.000000 -1.000000 0.000000
vn 0.000000 -1.000000 0.000000
vn -0.000000 0.000000 1.000000
vn -0.000000 0.000000 1.000000
vn 0.000000 0.000000 -1.000000
vn 0.000000 0.000000 -1.000000
vn -0.707095 0.000000 0.707119
vn -0.707095 0.000000 0.707119
vn -0.707095 0.000000 0.707119
vn -0.707095 0.000000 0.707119
vn 0.000000 1.000000 0.000001
vn 0.000000 1.000000 0.000001
vn 0.000000 1.000000 0.000001
vn 0.000000 1.000000 0.000001
vn 0.707133 0.000000 -0.707081
vn 0.707133 0.000000 -0.707081
vn 0.707133 0.000000 -0.707081
vn 0.707133 0.000000 -0.707081
vn 0.000000 -1.000000 0.000000
vn 0.000000 -1.000000 0.000000
vn 0.000000 -1.000000 0.000000
vn 0.000000 -1.000000 0.000000
vn 0.707120 0.000000 0.707093
vn 0.707120 0.000000 0.707093
vn 0.707120 0.000000 0.707093
vn 0.707120 0.000000 0.707093
vn -0.707083 0.000000 -0.707130
vn -0.707083 0.000000 -0.707130
vn -0.707083 0.000000 -0.707130
vn -0.707083 0.000000 -0.707130
vn 0.000000 1.000000 0.000000
vn 0.000000 1.000000 0.000000
vn 0.000000 1.000000 0.000000
vn 0.000000 1.000000 0.000000
vn 0.000000 1.000000 0.000000
vn 0.000000 1.000000 0.000000
vn 0.000000 1.000000 0.000000
vn 0.000000 1.000000 0.000000
vn -0.707084 0.000000 0.707129
vn -0.707084 0.000000 0.707129
vn -0.707084 0.000000 0.707129
vn -0.707084 0.000000 0.707129
vn 0.707107 0.000000 0.707107
vn 0.707107 0.000000 0.707107
vn 0.707107 0.000000 0.707107
vn 0.707107 0.000000 0.707107
vn 0.707089 0.000000 -0.707124
vn 0.707089 0.000000 -0.707124
vn 0.707089 0.000000 -0.707124
vn 0.707089 0.000000 -0.707124
vn -0.707112 0.000000 -0.707101
vn -0.707112 0.000000 -0.707101
vn -0.707112 0.000000 -0.707101
vn -0.707112 0.000000 -0.707101
vn 0.000000 0.000000 1.000000
vn 0.000000 0.000000 1.000000
vn 0.000000 0.000000 1.000000
vn 0.000000 0.000000 1.000000
vn 0.000000 1.000000 0.000000
vn 0.000000 1.000000 0.000000
vn 0.000000 1.000000 0.000000
vn 0.000000 1.000000 0.000000
vn 0.000000 0.000000 -1.000000
vn 0.000000 0.000000 -1.000000
vn 0.000000 0.000000 -1.000000
vn 0.000000 0.000000 -1.000000
vn 0.000000 -1.000000 0.000000
vn 0.000000 -1.000000 0.000000
vn 0.000000 -1.000000 0.000000
vn 0.000000 -1.000000 0.000000
vn 1.000000 0.000000 0.000000
vn 1.000000 0.000000 0.000000
vn 1.000000 0.000000 0.000000
vn 1.000000 0.000000 0.000000
vn -1.000000 0.000000 0.000000
vn -1.000000 0.000000 0.000000
vn -1.000000 0.000000 0.000000
vn -1.000000 0.000000 0.000000
vn 0.000000 1.000000 0.000000
vn 0.000000 1.000000 0.000000
vn 0.000000 1.000000 0.000000
vn 0.000000 1.000000 0.000000
vn 0.000000 1.000000 -0.000000
vn 0.000000 1.000000 -0.000000
vn 0.000000 1.000000 -0.000000
vn 0.000000 1.000000 -0.000000
vn 0.000000 0.000000 1.000000
vn 0.000000 0.000000 1.000000
vn 0.000000 0.000000 1.000000
vn 0.000000 0.000000 1.000000
vn 1.000000 0.000000 0.000000
vn 1.000000 0.000000 0.000000
vn 1.000000 0.000000 0.000000
vn 1.000000 0.000000 0.000000
vn 0.000000 0.000000 -1.000000
vn 0.000000 0.000000 -1.000000
vn 0.000000 0.000000 -1.000000
vn 0.000000 0.000000 -1.000000
vn -1.000000 0.000000 0.000000
vn -1.000000 0.000000 0.000000
vn -1.000000 0.000000 0.000000
vn -1.000000 0.000000 0.000000
vn 0.000000 0.000000 1.000000
vn 0.000000 0.000000 1.000000
vn 0.000000 0.000000 1.000000
vn 0.000000 0.000000 1.000000
vn 0.000000 1.000000 0.000000
vn 0.000000 1.000000 0.000000
vn 0.000000 1.000000 0.000000
vn 0.000000 1.000000 0.000000
vn 0.000000 0.000000 -1.000000
vn 0.000000 0.000000 -1.000000
vn 0.000000 0.000000 -1.000000
vn 0.000000 0.000000 -1.000000
vn 0.000000 -1.000000 0.000000
vn 0.000000 -1.000000 0.000000
vn 0.000000 -1.000000 0.000000
vn 0.000000 -1.000000 0.000000
vn 1.000000 0.000000 0.000000
vn 1.000000 0.000000 0.000000
vn 1.000000 0.000000 0.000000
vn 1.000000 0.000000 0.000000
vn -1.000000 0.000000 0.000000
vn -1.000000 0.000000 0.000000
vn -1.000000 0.000000 0.000000
vn -1.000000 0.000000 0.000000
vn 0.000000 1.000000 0.000000
vn 0.000000 1.000000 0.000000
vn 0.000000 1.000000 0.000000
vn 0.000000 1.000000 0.000000
vn 0.000000 1.000000 -0.000000
vn 0.000000 1.000000 -0.000000
vn 0.000000 1.000000 -0.000000
vn 0.000000 1.000000 -0.000000
vn 0.000000 0.000000 1.000000
vn 0.000000 0.000000 1.000000
vn 0.000000 0.000000 1.000000
vn 0.000000 0.000000 1.000000
vn 1.000000 0.000000 0.000000
vn 1.000000 0.000000 0.000000
vn 1.000000 0.000000 0.000000
vn 1.000000 0.000000 0.000000
vn 0.000000 0.000000 -1.000000
vn 0.000000 0.000000 -1.000000
vn 0.000000 0.000000 -1.000000
vn 0.000000 0.000000 -1.000000
vn -1.000000 0.000000 0.000000
vn -1.000000 0.000000 0.000000
vn -1.000000 0.000000 0.000000
vn -1.000000 0.000000 0.000000
vn -0.707132 0.000000 0.707081
vn -0.707132 0.000000 0.707081
vn -0.707132 0.000000 0.707081
vn -0.707132 0.000000 0.707081
vn 0.000000 1.000000 0.000001
vn 0.000000 1.000000 0.000001
vn 0.000000 1.000000 0.000001
vn 0.000000 1.000000 0.000001
vn 0.707096 0.000000 -0.707118
vn 0.707096 0.000000 -0.707118
vn 0.707096 0.000000 -0.707118
vn 0.707096 0.000000 -0.707118
vn 0.000000 -1.000000 0.000000
vn 0.000000 -1.000000 0.000000
vn 0.000000 -1.000000 0.000000
vn 0.000000 -1.000000 0.000000
vn 0.707083 0.000000 0.707131
vn 0.707083 0.000000 0.707131
vn 0.707083 0.000000 0.707131
vn 0.707083 0.000000 0.707131
vn -0.707121 0.000000 -0.707093
vn -0.707121 0.000000 -0.707093
vn -0.707121 0.000000 -0.707093
vn -0.707121 0.000000 -0.707093
vn 0.000000 1.000000 -0.000000
vn 0.000000 1.000000 -0.000000
vn 0.000000 1.000000 -0.000000
vn 0.000000 1.000000 -0.000000
vn 0.000000 1.000000 -0.000000
vn 0.000000 1.000000 -0.000000
vn 0.000000 1.000000 -0.000000
vn 0.000000 1.000000 -0.000000
vn -0.707084 0.000000 0.707129
vn -0.707084 0.000000 0.707129
vn -0.707084 0.000000 0.707129
vn -0.707084 0.000000 0.707129
vn 0.707107 0.000000 0.707107
vn 0.707107 0.000000 0.707107
vn 0.707107 0.000000 0.707107
vn 0.707107 0.000000 0.707107
vn 0.707089 0.000000 -0.707124
vn 0.707089 0.000000 -0.707124
vn 0.707089 0.000000 -0.707124
vn 0.707089 0.000000 -0.707124
vn -0.707112 0.000000 -0.707101
vn -0.707112 0.000000 -0.707101
vn -0.707112 0.000000 -0.707101
vn -0.707112 0.000000 -0.707101
vn -1.000000 0.000000 0.000000
vn -1.000000 0.000000 0.000000
vn -1.000000 0.000000 0.000000
vn -1.000000 0.000000 0.000000
vn 0.000000 1.000000 0.000000
vn 0.000000 1.000000 0.000000
vn 0.000000 1.000000 0.000000
vn 0.000000 1.000000 0.000000
vn 1.000000 0.000000 0.000000
vn 1.000000 0.000000 0.000000
vn 1.000000 0.000000 0.000000
vn 1.000000 0.000000 0.000000
vn 0.000000 -1.000000 0.000000
vn 0.000000 -1.000000 0.000000
vn 0.000000 -1.000000 0.000000
vn 0.000000 -1.000000 0.000000
vn 0.000000 0.000000 1.000000
vn 0.000000 0.000000 1.000000
vn 0.000000 0.000000 1.000000
vn 0.000000 0.000000 1.000000
vn 0.000000 0.000000 -1.000000
vn 0.000000 0.000000 -1.000000
vn 0.000000 0.000000 -1.000000
vn 0.000000 0.000000 -1.000000
vn 0.000000 1.000000 0.000000
vn 0.000000 1.000000 -0.000000
vn 0.000000 1.000000 -0.000000
vn 0.000000 1.000000 0.000000
vn 0.000000 1.000000 -0.000000
vn 0.000000 1.000000 -0.000000
vn 0.000000 1.000000 0.000000
vn 0.000000 1.000000 0.000000
vn -1.000000 0.000000 0.000000
vn -1.000000 0.000000 0.000000
vn -1.000000 0.000000 0.000000
vn -1.000000 0.000000 0.000000
vn 0.000000 0.000000 1.000000
vn 0.000000 0.000000 1.000000
vn 0.000000 0.000000 1.000000
vn 0.000000 0.000000 1.000000
vn 1.000000 0.000000 0.000000
vn 1.000000 0.000000 0.000000
vn 1.000000 0.000000 0.000000
vn 1.000000 0.000000 0.000000
vn 0.000000 0.000000 -1.000000
vn 0.000000 0.000000 -1.000000
vn 0.000000 0.000000 -1.000000
vn 0.000000 0.000000 -1.000000
vn -1.000000 0.000000 0.000000
vn -1.000000 0.000000 0.000000
vn -1.000000 0.000000 0.000000
vn -1.000000 0.000000 0.000000
vn 0.000000 1.000000 0.000000
vn 0.000000 1.000000 0.000000
vn 0.000000 1.000000 0.000000
vn 0.000000 1.000000 0.000000
vn 1.000000 0.000000 0.000000
vn 1.000000 0.000000 0.000000
vn 1.000000 0.000000 0.000000
vn 1.000000 0.000000 0.000000
vn 0.000000 -1.000000 0.000000
vn 0.000000 -1.000000 0.000000
vn 0.000000 -1.000000 0.000000
vn 0.000000 -1.000000 0.000000
vn 0.000000 0.000000 1.000000
vn 0.000000 0.000000 1.000000
vn 0.000000 0.000000 1.000000
vn 0.000000 0.000000 1.000000
vn 0.000000 0.000000 -1.000000
vn 0.000000 0.000000 -1.000000
vn 0.000000 0.000000 -1.000000
vn 0.000000 0.000000 -1.000000
vn 0.000000 1.000000 -0.000000
vn 0.000000 1.000000 0.000000
vn 0.000000 1.000000 0.000000
vn 0.000000 1.000000 -0.000000
vn 0.000000 1.000000 0.000000
vn 0.000000 1.000000 0.000000
vn 0.000000 1.000000 -0.000000
vn 0.000000 1.000000 -0.000000
vn -1.000000 0.000000 0.000000
vn -1.000000 0.000000 0.000000
vn -1.000000 0.000000 0.000000
vn -1.000000 0.000000 0.000000
vn 0.000000 0.000000 1.000000
vn 0.000000 0.000000 1.000000
vn 0.000000 0.000000 1.000000
vn 0.000000 0.000000 1.000000
vn 1.000000 0.000000 0.000000
vn 1.000000 0.000000 0.000000
vn 1.000000 0.000000 0.000000
vn 1.000000 0.000000 0.000000
vn 0.000000 0.000000 -1.000000
vn 0.000000 0.000000 -1.000000
vn 0.000000 0.000000 -1.000000
vn 0.000000 0.000000 -1.000000
vn 1.000000 0.000000 0.000000
vn 1.000000 0.000000 0.000000
vn 1.000000 0.000000 0.000000
vn 1.000000 0.000000 0.000000
vn 0.000000 1.000000 0.000000
vn 0.000000 1.000000 0.000000
vn 0.000000 1.000000 0.000000
vn 0.000000 1.000000 0.000000
vn -1.000000 0.000000 0.000000
vn -1.000000 0.000000 0.000000
vn -1.000000 0.000000 0.000000
vn -1.000000 0.000000 0.000000
vn 0.000000 -1.000000 0.000000
vn 0.000000 -1.000000 0.000000
vn 0.000000 -1.000000 0.000000
vn 0.000000 -1.000000 0.000000
vn 0.000000 0.000000 -1.000000
vn 0.000000 0.000000 -1.000000
vn 0.000000 0.000000 -1.000000
vn 0.000000 0.000000 -1.000000
vn 0.000000 0.000000 1.000000
vn 0.000000 0.000000 1.000000
vn 0.000000 0.000000 1.000000
vn 0.000000 0.000000 1.000000
vn 0.000000 1.000000 0.000000
vn 0.000000 1.000000 -0.000000
vn 0.000000 1.000000 -0.000000
vn 0.000000 1.000000 0.000000
vn 0.000000 1.000000 -0.000000
vn 0.000000 1.000000 -0.000000
vn 0.000000 1.000000 0.000000
vn 0.000000 1.000000 0.000000
vn 1.000000 0.000000 0.000000
vn 1.000000 0.000000 0.000000
vn 1.000000 0.000000 0.000000
vn 1.000000 0.000000 0.000000
vn 0.000000 0.000000 -1.000000
vn 0.000000 0.000000 -1.000000
vn 0.000000 0.000000 -1.000000
vn 0.000000 0.000000 -1.000000
vn -1.000000 0.000000 0.000000
vn -1.000000 0.000000 0.000000
vn -1.000000 0.000000 0.000000
vn -1.000000 0.000000 0.000000
vn 0.000000 0.000000 1.000000
vn 0.000000 0.000000 1.000000
vn 0.000000 0.000000 1.000000
vn 0.000000 0.000000 1.000000
vn 1.000000 0.000000 0.000000
vn 1.000000 0.000000 0.000000
vn 1.000000 0.000000 0.000000
vn 1.000000 0.000000 0.000000
vn 0.000000 1.000000 0.000000
vn 0.000000 1.000000 0.000000
vn 0.000000 1.000000 0.000000
vn 0.000000 1.000000 0.000000
vn -1.000000 0.000000 0.000000
vn -1.000000 0.000000 0.000000
vn -1.000000 0.000000 0.000000
vn -1.000000 0.000000 0.000000
vn 0.000000 -1.000000 0.000000
vn 0.000000 -1.000000 0.000000
vn 0.000000 -1.000000 0.000000
vn 0.000000 -1.000000 0.000000
vn 0.000000 0.000000 -1.000000
vn 0.000000 0.000000 -1.000000
vn 0.000000 0.000000 -1.000000
vn 0.000000 0.000000 -1.000000
vn 0.000000 0.000000 1.000000
vn 0.000000 0.000000 1.000000
vn 0.000000 0.000000 1.000000
vn 0.000000 0.000000 1.000000
vn 0.000000 1.000000 -0.000000
vn 0.000000 1.000000 0.000000
vn 0.000000 1.000000 0.000000
vn 0.000000 1.000000 -0.000000
vn 0.000000 1.000000 0.000000
vn 0.000000 1.000000 0.000000
vn 0.000000 1.000000 -0.000000
vn 0.000000 1.000000 -0.000000
vn 1.000000 0.000000 0.000000
vn 1.000000 0.000000 0.000000
vn 1.000000 0.000000 0.000000
vn 1.000000 0.000000 0.000000
vn 0.000000 0.000000 -1.000000
vn 0.000000 0.000000 -1.000000
vn 0.000000 0.000000 -1.000000
vn 0.000000 0.000000 -1.000000
vn -1.000000 0.000000 0.000000
vn -1.000000 0.000000 0.000000
vn -1.000000 0.000000 0.000000
vn -1.000000 0.000000 0.000000
vn 0.000000 0.000000 1.000000
vn 0.000000 0.000000 1.000000
vn 0.000000 0.000000 1.000000
vn 0.000000 0.000000 1.000000
vn 0.707135 0.000000 -0.707079
vn 0.707135 0.000000 -0.707079
vn 0.707135 0.000000 -0.707079
vn 0.707135 0.000000 -0.707079
vn 0.000000 1.000000 -0.000001
vn 0.000000 1.000000 -0.000001
vn 0.000000 1.000000 -0.000001
vn 0.000000 1.000000 -0.000001
vn -0.707097 0.000000 0.707116
vn -0.707097 0.000000 0.707116
vn -0.707097 0.000000 0.707116
vn -0.707097 0.000000 0.707116
vn 0.000000 -1.000000 0.000000
vn 0.000000 -1.000000 0.000000
vn 0.000000 -1.000000 0.000000
vn 0.000000 -1.000000 0.000000
vn -0.707083 0.000000 -0.707130
vn -0.707083 0.000000 -0.707130
vn -0.707083 0.000000 -0.707130
vn -0.707083 0.000000 -0.707130
vn 0.707121 0.000000 0.707093
vn 0.707121 0.000000 0.707093
vn 0.707121 0.000000 0.707093
vn 0.707121 0.000000 0.707093
vn 0.000000 1.000000 0.000000
vn 0.000000 1.000000 0.000000
vn 0.000000 1.000000 0.000000
vn 0.000000 1.000000 0.000000
vn 0.000000 1.000000 0.000000
vn 0.000000 1.000000 0.000000
vn 0.000000 1.000000 0.000000
vn 0.000000 1.000000 0.000000
vn 0.707096 0.000000 -0.707118
vn 0.707096 0.000000 -0.707118
vn 0.707096 0.000000 -0.707118
vn 0.707096 0.000000 -0.707118
vn -0.707119 0.000000 -0.707095
vn -0.707119 0.000000 -0.707095
vn -0.707119 0.000000 -0.707095
vn -0.707119 0.000000 -0.707095
vn -0.707084 0.000000 0.707129
vn -0.707084 0.000000 0.707129
vn -0.707084 0.000000 0.707129
vn -0.707084 0.000000 0.707129
vn 0.707107 0.000000 0.707107
vn 0.707107 0.000000 0.707107
vn 0.707107 0.000000 0.707107
vn 0.707107 0.000000 0.707107
vn 0.000000 0.000000 -1.000000
vn 0.000000 0.000000 -1.000000
vn 0.000000 0.000000 -1.000000
vn 0.000000 0.000000 -1.000000
vn 0.000000 1.000000 0.000000
vn 0.000000 1.000000 0.000000
vn 0.000000 1.000000 0.000000
vn 0.000000 1.000000 0.000000
vn 0.000000 0.000000 1.000000
vn 0.000000 0.000000 1.000000
vn 0.000000 0.000000 1.000000
vn 0.000000 0.000000 1.000000
vn 0.000000 -1.000000 0.000000
vn 0.000000 -1.000000 0.000000
vn 0.000000 -1.000000 0.000000
vn 0.000000 -1.000000 0.000000
vn -1.000000 0.000000 0.000000
vn -1.000000 0.000000 0.000000
vn -1.000000 0.000000 0.000000
vn -1.000000 0.000000 0.000000
vn 1.000000 0.000000 0.000000
vn 1.000000 0.000000 0.000000
vn 1.000000 0.000000 0.000000
vn 1.000000 0.000000 0.000000
vn 0.000000 1.000000 -0.000000
vn 0.000000 1.000000 -0.000000
vn 0.000000 1.000000 -0.000000
vn 0.000000 1.000000 -0.000000
vn 0.000000 1.000000 0.000000
vn 0.000000 1.000000 0.000000
vn 0.000000 1.000000 0.000000
vn 0.000000 1.000000 0.000000
vn 0.000000 0.000000 -1.000000
vn 0.000000 0.000000 -1.000000
vn 0.000000 0.000000 -1.000000
vn 0.000000 0.000000 -1.000000
vn -1.000000 0.000000 0.000000
vn -1.000000 0.000000 0.000000
vn -1.000000 0.000000 0.000000
vn -1.000000 0.000000 0.000000
vn 0.000000 0.000000 1.000000
vn 0.000000 0.000000 1.000000
vn 0.000000 0.000000 1.000000
vn 0.000000 0.000000 1.000000
vn 1.000000 0.000000 0.000000
vn 1.000000 0.000000 0.000000
vn 1.000000 0.000000 0.000000
vn 1.000000 0.000000 0.000000
vn 0.000000 0.000000 -1.000000
vn 0.000000 0.000000 -1.000000
vn 0.000000 0.000000 -1.000000
vn 0.000000 0.000000 -1.000000
vn 0.000000 1.000000 0.000000
vn 0.000000 1.000000 0.000000
vn 0.000000 1.000000 0.000000
vn 0.000000 1.000000 0.000000
vn 0.000000 0.000000 1.000000
vn 0.000000 0.000000 1.000000
vn 0.000000 0.000000 1.000000
vn 0.000000 0.000000 1.000000
vn 0.000000 -1.000000 0.000000
vn 0.000000 -1.000000 0.000000
vn 0.000000 -1.000000 0.000000
vn 0.000000 -1.000000 0.000000
vn -1.000000 0.000000 0.000000
vn -1.000000 0.000000 0.000000
vn -1.000000 0.000000 0.000000
vn -1.000000 0.000000 0.000000
vn 1.000000 0.000000 0.000000
vn 1.000000 0.000000 0.000000
vn 1.000000 0.000000 0.000000
vn 1.000000 0.000000 0.000000
vn 0.000000 1.000000 -0.000000
vn 0.000000 1.000000 -0.000000
vn 0.000000 1.000000 -0.000000
vn 0.000000 1.000000 -0.000000
vn 0.000000 1.000000 0.000000
vn 0.000000 1.000000 0.000000
vn 0.000000 1.000000 0.000000
vn 0.000000 1.000000 0.000000
vn 0.000000 0.000000 -1.000000
vn 0.000000 0.000000 -1.000000
vn 0.000000 0.000000 -1.000000
vn 0.000000 0.000000 -1.000000
vn -1.000000 0.000000 0.000000
vn -1.000000 0.000000 0.000000
vn -1.000000 0.000000 0.000000
vn -1.000000 0.000000 0.000000
vn 0.000000 0.000000 1.000000
vn 0.000000 0.000000 1.000000
vn 0.000000 0.000000 1.000000
vn 0.000000 0.000000 1.000000
vn 1.000000 0.000000 0.000000
vn 1.000000 0.000000 0.000000
vn 1.000000 0.000000 0.000000
vn 1.000000 0.000000 0.000000
vn 0.707097 0.000000 -0.707116
vn 0.707097 0.000000 -0.707116
vn 0.707097 0.000000 -0.707116
vn 0.707097 0.000000 -0.707116
vn 0.000000 1.000000 -0.000001
vn 0.000000 1.000000 -0.000001
vn 0.000000 1.000000 -0.000001
vn 0.000000 1.000000 -0.000001
vn -0.707135 0.000000 0.707079
vn -0.707135 0.000000 0.707079
vn -0.707135 0.000000 0.707079
vn -0.707135 0.000000 0.707079
vn 0.000000 -1.000000 0.000000
vn 0.000000 -1.000000 0.000000
vn 0.000000 -1.000000 0.000000
vn 0.000000 -1.000000 0.000000
vn -0.707121 0.000000 -0.707093
vn -0.707121 0.000000 -0.707093
vn -0.707121 0.000000 -0.707093
vn -0.707121 0.000000 -0.707093
vn 0.707083 0.000000 0.707130
vn 0.707083 0.000000 0.707130
vn 0.707083 0.000000 0.707130
vn 0.707083 0.000000 0.707130
vn 0.000000 1.000000 -0.000000
vn 0.000000 1.000000 -0.000000
vn 0.000000 1.000000 -0.000000
vn 0.000000 1.000000 -0.000000
vn 0.000000 1.000000 -0.000000
vn 0.000000 1.000000 -0.000000
vn 0.000000 1.000000 -0.000000
vn 0.000000 1.000000 -0.000000
vn 0.707096 0.000000 -0.707118
vn 0.707096 0.000000 -0.707118
vn 0.707096 0.000000 -0.707118
vn 0.707096 0.000000 -0.707118
vn -0.707119 0.000000 -0.707095
vn -0.707119 0.000000 -0.707095
vn -0.707119 0.000000 -0.707095
vn -0.707119 0.000000 -0.707095
vn -0.707084 0.000000 0.707129
vn -0.707084 0.000000 0.707129
vn -0.707084 0.000000 0.707129
vn -0.707084 0.000000 0.707129
vn 0.707107 0.000000 0.707107
vn 0.707107 0.000000 0.707107
vn 0.707107 0.000000 0.707107
vn 0.707107 0.000000 0.707107
vn 0.000000 -1.000000 -0.000000
vn 0.000000 -1.000000 -0.000000
vn 0.000000 -1.000000 -0.000000
vn 0.000000 -1.000000 -0.000000
vn -0.707102 0.000000 0.707112
vn -0.707102 0.000000 0.707112
vn -0.707102 0.000000 0.707112
vn -0.707102 0.000000 0.707112
vn 0.000000 1.000000 0.000000
vn 0.000000 1.000000 0.000000
vn 0.000000 1.000000 0.000000
vn 0.000000 1.000000 0.000000
vn 0.707102 0.000000 -0.707112
vn 0.707102 0.000000 -0.707112
vn 0.707102 0.000000 -0.707112
vn 0.707102 0.000000 -0.707112
vn 0.707105 0.000000 0.707108
vn 0.707105 0.000000 0.707108
vn 0.707105 0.000000 0.707108
vn 0.707105 0.000000 0.707108
vn -0.707105 0.000000 -0.707108
vn -0.707105 0.000000 -0.707108
vn -0.707105 0.000000 -0.707108
vn -0.707105 0.000000 -0.707108
vn 0.000000 -1.000000 0.000000
vn 0.000000 -1.000000 0.000000
vn 0.000000 -1.000000 0.000000
vn 0.000000 -1.000000 0.000000
vn 0.707107 0.000000 0.707107
vn 0.707107 0.000000 0.707107
vn 0.707107 0.000000 0.707107
vn 0.707107 0.000000 0.707107
vn 0.000000 1.000000 -0.000000
vn 0.000000 1.000000 -0.000000
vn 0.000000 1.000000 -0.000000
vn 0.000000 1.000000 -0.000000
vn -0.707107 0.000000 -0.707107
vn -0.707107 0.000000 -0.707107
vn -0.707107 0.000000 -0.707107
vn -0.707107 0.000000 -0.707107
vn 0.707105 0.000000 -0.707108
vn 0.707105 0.000000 -0.707108
vn 0.707105 0.000000 -0.707108
vn 0.707105 0.000000 -0.707108
vn -0.707105 0.000000 0.707108
vn -0.707105 0.000000 0.707108
vn -0.707105 0.000000 0.707108
vn -0.707105 0.000000 0.707108
vn 0.000000 -1.000000 0.000000
vn 0.000000 -1.000000 0.000000
vn 0.000000 -1.000000 0.000000
vn 0.000000 -1.000000 0.000000
vn 0.000000 0.000000 1.000000
vn 0.000000 0.000000 1.000000
vn 0.000000 0.000000 1.000000
vn 0.000000 0.000000 1.000000
vn 0.000000 1.000000 0.000000
vn 0.000000 1.000000 0.000000
vn 0.000000 1.000000 0.000000
vn 0.000000 1.000000 0.000000
vn 0.000000 0.000000 -1.000000
vn 0.000000 0.000000 -1.000000
vn 0.000000 0.000000 -1.000000
vn 0.000000 0.000000 -1.000000
vn 1.000000 0.000000 0.000000
vn 1.000000 0.000000 0.000000
vn 1.000000 0.000000 0.000000
vn 1.000000 0.000000 0.000000
vn -1.000000 0.000000 0.000000
vn -1.000000 0.000000 0.000000
vn -1.000000 0.000000 0.000000
vn -1.000000 0.000000 0.000000
vn 0.000000 -1.000000 0.000000
vn 0.000000 -1.000000 0.000000
vn 0.000000 -1.000000 0.000000
vn 0.000000 -1.000000 0.000000
vn 0.000000 0.000000 1.000000
vn 0.000000 0.000000 1.000000
vn 0.000000 0.000000 1.000000
vn 0.000000 0.000000 1.000000
vn 0.000000 1.000000 0.000000
vn 0.000000 1.000000 0.000000
vn 0.000000 1.000000 0.000000
vn 0.000000 1.000000 0.000000
vn 0.000000 0.000000 -1.000000
vn 0.000000 0.000000 -1.000000
vn 0.000000 0.000000 -1.000000
vn 0.000000 0.000000 -1.000000
vn 1.000000 0.000000 0.000000
vn 1.000000 0.000000 0.000000
vn 1.000000 0.000000 0.000000
vn 1.000000 0.000000 0.000000
vn -1.000000 0.000000 0.000000
vn -1.000000 0.000000 0.000000
vn -1.000000 0.000000 0.000000
vn -1.000000 0.000000 0.000000
vn 0.000000 -1.000000 -0.000001
vn 0.000000 -1.000000 -0.000001
vn 0.000000 -1.000000 -0.000001
vn 0.000000 -1.000000 -0.000001
vn -0.965926 0.000000 -0.258819
vn -0.965926 0.000000 -0.258819
vn -0.965926 0.000000 -0.258819
vn -0.965926 0.000000 -0.258819
vn 0.000000 1.000000 0.000001
vn 0.000000 1.000000 0.000001
vn 0.000000 1.000000 0.000001
vn 0.000000 1.000000 0.000001
vn 0.965926 0.000000 0.258819
vn 0.965926 0.000000 0.258819
vn 0.965926 0.000000 0.258819
vn 0.965926 0.000000 0.258819
vn -0.258856 0.000000 0.965916
vn -0.258856 0.000000 0.965916
vn -0.258856 0.000000 0.965916
vn -0.258856 0.000000 0.965916
vn 0.258856 0.000000 -0.965916
vn 0.258856 0.000000 -0.965916
vn 0.258856 0.000000 -0.965916
vn 0.258856 0.000000 -0.965916
vn 0.000000 -1.000000 -0.000000
vn 0.000000 -1.000000 -0.000000
vn 0.000000 -1.000000 -0.000000
vn 0.000000 -1.000000 -0.000000
vn -0.707102 0.000000 -0.707112
vn -0.707102 0.000000 -0.707112
vn -0.707102 0.000000 -0.707112
vn -0.707102 0.000000 -0.707112
vn 0.000000 1.000000 0.000000
vn 0.000000 1.000000 0.000000
vn 0.000000 1.000000 0.000000
vn 0.000000 1.000000 0.000000
vn 0.707102 0.000000 0.707112
vn 0.707102 0.000000 0.707112
vn 0.707102 0.000000 0.707112
vn 0.707102 0.000000 0.707112
vn -0.707108 0.000000 0.707106
vn -0.707108 0.000000 0.707106
vn -0.707108 0.000000 0.707106
vn -0.707108 0.000000 0.707106
vn 0.707108 0.000000 -0.707106
vn 0.707108 0.000000 -0.707106
vn 0.707108 0.000000 -0.707106
vn 0.707108 0.000000 -0.707106
vn 0.000000 -1.000000 0.000000
vn 0.000000 -1.000000 0.000000
vn 0.000000 -1.000000 0.000000
vn 0.000000 -1.000000 0.000000
vn 0.707102 0.000000 -0.707112
vn 0.707102 0.000000 -0.707112
vn 0.707102 0.000000 -0.707112
vn 0.707102 0.000000 -0.707112
vn 0.000000 1.000000 -0.000001
vn 0.000000 1.000000 -0.000001
vn 0.000000 1.000000 -0.000001
vn 0.000000 1.000000 -0.000001
vn -0.707102 0.000000 0.707112
vn -0.707102 0.000000 0.707112
vn -0.707102 0.000000 0.707112
vn -0.707102 0.000000 0.707112
vn -0.707107 0.000000 -0.707107
vn -0.707107 0.000000 -0.707107
vn -0.707107 0.000000 -0.707107
vn -0.707107 0.000000 -0.707107
vn 0.707107 0.000000 0.707107
vn 0.707107 0.000000 0.707107
vn 0.707107 0.000000 0.707107
vn 0.707107 0.000000 0.707107
vn 0.000000 -1.000000 0.000000
vn 0.000000 -1.000000 0.000000
vn 0.000000 -1.000000 0.000000
vn 0.000000 -1.000000 0.000000
vn 0.866029 0.000000 0.499993
vn 0.866029 0.000000 0.499993
vn 0.866029 0.000000 0.499993
vn 0.866029 0.000000 0.499993
vn 0.000000 1.000000 -0.000001
vn 0.000000 1.000000 -0.000001
vn 0.000000 1.000000 -0.000001
vn 0.000000 1.000000 -0.000001
vn -0.866029 0.000000 -0.499993
vn -0.866029 0.000000 -0.499993
vn -0.866029 0.000000 -0.499993
vn -0.866029 0.000000 -0.499993
vn 0.499934 0.000000 -0.866064
vn 0.499934 0.000000 -0.866064
vn 0.499934 0.000000 -0.866064
vn 0.499934 0.000000 -0.866064
vn -0.499934 0.000000 0.866064
vn -0.499934 0.000000 0.866064
vn -0.499934 0.000000 0.866064
vn -0.499934 0.000000 0.866064
vn 0.000000 -1.000000 0.000000
vn 0.000000 -1.000000 0.000000
vn 0.000000 -1.000000 0.000000
vn 0.000000 -1.000000 0.000000
vn -1.000000 0.000000 0.000000
vn -1.000000 0.000000 0.000000
vn -1.000000 0.000000 0.000000
vn -1.000000 0.000000 0.000000
vn 0.000000 1.000000 0.000000
vn 0.000000 1.000000 0.000000
vn 0.000000 1.000000 0.000000
vn 0.000000 1.000000 0.000000
vn 1.000000 0.000000 0.000000
vn 1.000000 0.000000 0.000000
vn 1.000000 0.000000 0.000000
vn 1.000000 0.000000 0.000000
vn 0.000000 0.000000 1.000000
vn 0.000000 0.000000 1.000000
vn 0.000000 0.000000 1.000000
vn 0.000000 0.000000 1.000000
vn 0.000000 0.000000 -1.000000
vn 0.000000 0.000000 -1.000000
vn 0.000000 0.000000 -1.000000
vn 0.000000 0.000000 -1.000000
vn 0.000000 -1.000000 -0.000000
vn 0.000000 -1.000000 -0.000000
vn 0.000000 -1.000000 -0.000000
vn 0.000000 -1.000000 -0.000000
vn 0.258817 0.000000 0.965926
vn 0.258817 0.000000 0.965926
vn 0.258817 0.000000 0.965926
vn 0.258817 0.000000 0.965926
vn 0.000000 1.000000 -0.000001
vn 0.000000 1.000000 -0.000001
vn 0.000000 1.000000 -0.000001
vn 0.000000 1.000000 -0.000001
vn -0.258817 0.000000 -0.965926
vn -0.258817 0.000000 -0.965926
vn -0.258817 0.000000 -0.965926
vn -0.258817 0.000000 -0.965926
vn 0.965921 0.000000 -0.258838
vn 0.965921 0.000000 -0.258838
vn 0.965921 0.000000 -0.258838
vn 0.965921 0.000000 -0.258838
vn -0.965921 0.000000 0.258838
vn -0.965921 0.000000 0.258838
vn -0.965921 0.000000 0.258838
vn -0.965921 0.000000 0.258838
vn 0.000000 -1.000000 0.000000
vn 0.000000 -1.000000 0.000000
vn 0.000000 -1.000000 0.000000
vn 0.000000 -1.000000 0.000000
vn -1.000000 0.000000 0.000000
vn -1.000000 0.000000 0.000000
vn -1.000000 0.000000 0.000000
vn -1.000000 0.000000 0.000000
vn 0.000000 1.000000 0.000000
vn 0.000000 1.000000 0.000000
vn 0.000000 1.000000 0.000000
vn 0.000000 1.000000 0.000000
vn 1.000000 0.000000 0.000000
vn 1.000000 0.000000 0.000000
vn 1.000000 0.000000 0.000000
vn 1.000000 0.000000 0.000000
vn 0.000000 0.000000 1.000000
vn 0.000000 0.000000 1.000000
vn 0.000000 0.000000 1.000000
vn 0.000000 0.000000 1.000000
vn 0.000000 0.000000 -1.000000
vn 0.000000 0.000000 -1.000000
vn 0.000000 0.000000 -1.000000
vn 0.000000 0.000000 -1.000000
vn 0.000000 -1.000000 -0.000000
vn 0.000000 -1.000000 -0.000000
vn 0.000000 -1.000000 -0.000000
vn 0.000000 -1.000000 -0.000000
vn 0.499996 0.000000 -0.866027
vn 0.499996 0.000000 -0.866027
vn 0.499996 0.000000 -0.866027
vn 0.499996 0.000000 -0.866027
vn 0.000000 1.000000 0.000002
vn 0.000000 1.000000 0.000002
vn 0.000000 1.000000 0.000002
vn 0.000000 1.000000 0.000002
vn -0.500005 0.000000 0.866023
vn -0.500005 0.000000 0.866023
vn -0.500005 0.000000 0.866023
vn -0.500005 0.000000 0.866023
vn -0.866198 0.000000 -0.499701
vn -0.866198 0.000000 -0.499701
vn -0.866198 0.000000 -0.499701
vn -0.866198 0.000000 -0.499701
vn 0.866080 0.000000 0.499906
vn 0.866080 0.000000 0.499906
vn 0.866080 0.000000 0.499906
vn 0.866080 0.000000 0.499906
vn 0.000000 -1.000000 0.000000
vn 0.000000 -1.000000 0.000000
vn 0.000000 -1.000000 0.000000
vn 0.000000 -1.000000 0.000000
vn 0.965925 0.000000 -0.258821
vn 0.965925 0.000000 -0.258821
vn 0.965925 0.000000 -0.258821
vn 0.965925 0.000000 -0.258821
vn 0.000000 1.000000 -0.000001
vn 0.000000 1.000000 -0.000001
vn 0.000000 1.000000 -0.000001
vn 0.000000 1.000000 -0.000001
vn -0.965925 0.000000 0.258821
vn -0.965925 0.000000 0.258821
vn -0.965925 0.000000 0.258821
vn -0.965925 0.000000 0.258821
vn -0.258855 0.000000 -0.965916
vn -0.258855 0.000000 -0.965916
vn -0.258855 0.000000 -0.965916
vn -0.258855 0.000000 -0.965916
vn 0.258855 0.000000 0.965916
vn 0.258855 0.000000 0.965916
vn 0.258855 0.000000 0.965916
vn 0.258855 0.000000 0.965916
vn 0.000000 -1.000000 0.000000
vn 0.000000 -1.000000 0.000000
vn 0.000000 -1.000000 0.000000
vn 0.000000 -1.000000 0.000000
vn -0.707102 0.000000 -0.707112
vn -0.707102 0.000000 -0.707112
vn -0.707102 0.000000 -0.707112
vn -0.707102 0.000000 -0.707112
vn 0.000000 1.000000 0.000001
vn 0.000000 1.000000 0.000001
vn 0.000000 1.000000 0.000001
vn 0.000000 1.000000 0.000001
vn 0.707102 0.000000 0.707112
vn 0.707102 0.000000 0.707112
vn 0.707102 0.000000 0.707112
vn 0.707102 0.000000 0.707112
vn -0.707105 0.000000 0.707108
vn -0.707105 0.000000 0.707108
vn -0.707105 0.000000 0.707108
vn -0.707105 0.000000 0.707108
vn 0.707111 0.000000 -0.707103
vn 0.707111 0.000000 -0.707103
vn 0.707111 0.000000 -0.707103
vn 0.707111 0.000000 -0.707103
vn 0.000000 -1.000000 0.000000
vn 0.000000 -1.000000 0.000000
vn 0.000000 -1.000000 0.000000
vn 0.000000 -1.000000 0.000000
vn 0.866029 0.000000 -0.499993
vn 0.866029 0.000000 -0.499993
vn 0.866029 0.000000 -0.499993
vn 0.866029 0.000000 -0.499993
vn 0.000000 1.000000 0.000002
vn 0.000000 1.000000 0.000002
vn 0.000000 1.000000 0.000002
vn 0.000000 1.000000 0.000002
vn -0.866029 0.000000 0.499993
vn -0.866029 0.000000 0.499993
vn -0.866029 0.000000 0.499993
vn -0.866029 0.000000 0.499993
vn -0.499934 0.000000 -0.866064
vn -0.499934 0.000000 -0.866064
vn -0.499934 0.000000 -0.866064
vn -0.499934 0.000000 -0.866064
vn 0.499934 0.000000 0.866064
vn 0.499934 0.000000 0.866064
vn 0.499934 0.000000 0.866064
vn 0.499934 0.000000 0.866064
vn 0.000000 -1.000000 0.000000
vn 0.000000 -1.000000 0.000000
vn 0.000000 -1.000000 0.000000
vn 0.000000 -1.000000 0.000000
vn 0.000000 0.000000 1.000000
vn 0.000000 0.000000 1.000000
vn 0.000000 0.000000 1.000000
vn 0.000000 0.000000 1.000000
vn 0.000000 1.000000 0.000000
vn 0.000000 1.000000 0.000000
vn 0.000000 1.000000 0.000000
vn 0.000000 1.000000 0.000000
vn 0.000000 0.000000 -1.000000
vn 0.000000 0.000000 -1.000000
vn 0.000000 0.000000 -1.000000
vn 0.000000 0.000000 -1.000000
vn 1.000000 0.000000 0.000000
vn 1.000000 0.000000 0.000000
vn 1.000000 0.000000 0.000000
vn 1.000000 0.000000 0.000000
vn -1.000000 0.000000 0.000000
vn -1.000000 0.000000 0.000000
vn -1.000000 0.000000 0.000000
vn -1.000000 0.000000 0.000000
vn 0.000000 -1.000000 0.000002
vn 0.000000 -1.000000 0.000002
vn 0.000000 -1.000000 0.000002
vn 0.000000 -1.000000 0.000002
vn 0.258816 0.000000 0.965927
vn 0.258816 0.000000 0.965927
vn 0.258816 0.000000 0.965927
vn 0.258816 0.000000 0.965927
vn 0.000000 1.000000 -0.000000
vn 0.000000 1.000000 -0.000000
vn 0.000000 1.000000 -0.000000
vn 0.000000 1.000000 -0.000000
vn -0.258817 0.000000 -0.965926
vn -0.258817 0.000000 -0.965926
vn -0.258817 0.000000 -0.965926
vn -0.258817 0.000000 -0.965926
vn 0.965921 0.000000 -0.258837
vn 0.965921 0.000000 -0.258837
vn 0.965921 0.000000 -0.258837
vn 0.965921 0.000000 -0.258837
vn -0.965921 0.000000 0.258839
vn -0.965921 0.000000 0.258839
vn -0.965921 0.000000 0.258839
vn -0.965921 0.000000 0.258839
vn 0.000000 -1.000000 0.000000
vn 0.000000 -1.000000 0.000000
vn 0.000000 -1.000000 0.000000
vn 0.000000 -1.000000 0.000000
vn -0.707102 0.000000 -0.707112
vn -0.707102 0.000000 -0.707112
vn -0.707102 0.000000 -0.707112
vn -0.707102 0.000000 -0.707112
vn 0.000000 1.000000 0.000001
vn 0.000000 1.000000 0.000001
vn 0.000000 1.000000 0.000001
vn 0.000000 1.000000 0.000001
vn 0.707102 0.000000 0.707112
vn 0.707102 0.000000 0.707112
vn 0.707102 0.000000 0.707112
vn 0.707102 0.000000 0.707112
vn -0.707111 0.000000 0.707103
vn -0.707111 0.000000 0.707103
vn -0.707111 0.000000 0.707103
vn -0.707111 0.000000 0.707103
vn 0.707108 0.000000 -0.707106
vn 0.707108 0.000000 -0.707106
vn 0.707108 0.000000 -0.707106
vn 0.707108 0.000000 -0.707106
vn 0.000000 -1.000000 0.000000
vn 0.000000 -1.000000 0.000000
vn 0.000000 -1.000000 0.000000
vn 0.000000 -1.000000 0.000000
vn 0.866029 0.000000 -0.499993
vn 0.866029 0.000000 -0.499993
vn 0.866029 0.000000 -0.499993
vn 0.866029 0.000000 -0.499993
vn 0.000000 1.000000 0.000002
vn 0.000000 1.000000 0.000002
vn 0.000000 1.000000 0.000002
vn 0.000000 1.000000 0.000002
vn -0.866021 0.000000 0.500008
vn -0.866021 0.000000 0.500008
vn -0.866021 0.000000 0.500008
vn -0.866021 0.000000 0.500008
vn -0.499817 0.000000 -0.866131
vn -0.499817 0.000000 -0.866131
vn -0.499817 0.000000 -0.866131
vn -0.499817 0.000000 -0.866131
vn 0.499936 0.000000 0.866062
vn 0.499936 0.000000 0.866062
vn 0.499936 0.000000 0.866062
vn 0.499936 0.000000 0.866062
vn 0.000000 -1.000000 0.000001
vn 0.000000 -1.000000 0.000001
vn 0.000000 -1.000000 0.000001
vn 0.000000 -1.000000 0.000001
vn -0.866021 0.000000 0.500008
vn -0.866021 0.000000 0.500008
vn -0.866021 0.000000 0.500008
vn -0.866021 0.000000 0.500008
vn 0.000000 1.000000 -0.000002
vn 0.000000 1.000000 -0.000002
vn 0.000000 1.000000 -0.000002
vn 0.000000 1.000000 -0.000002
vn 0.866029 0.000000 -0.499993
vn 0.866029 0.000000 -0.499993
vn 0.866029 0.000000 -0.499993
vn 0.866029 0.000000 -0.499993
vn 0.499936 0.000000 0.866063
vn 0.499936 0.000000 0.866063
vn 0.499936 0.000000 0.866063
vn 0.499936 0.000000 0.866063
vn -0.499817 0.000000 -0.866131
vn -0.499817 0.000000 -0.866131
vn -0.499817 0.000000 -0.866131
vn -0.499817 0.000000 -0.866131
vn 0.000000 -1.000000 -0.000000
vn 0.000000 -1.000000 -0.000000
vn 0.000000 -1.000000 -0.000000
vn 0.000000 -1.000000 -0.000000
vn 0.707107 0.000000 -0.707106
vn 0.707107 0.000000 -0.707106
vn 0.707107 0.000000 -0.707106
vn 0.707107 0.000000 -0.707106
vn 0.000000 1.000000 -0.000001
vn 0.000000 1.000000 -0.000001
vn 0.000000 1.000000 -0.000001
vn 0.000000 1.000000 -0.000001
vn -0.707107 0.000000 0.707107
vn -0.707107 0.000000 0.707107
vn -0.707107 0.000000 0.707107
vn -0.707107 0.000000 0.707107
vn -0.707111 0.000000 -0.707103
vn -0.707111 0.000000 -0.707103
vn -0.707111 0.000000 -0.707103
vn -0.707111 0.000000 -0.707103
vn 0.707105 0.000000 0.707108
vn 0.707105 0.000000 0.707108
vn 0.707105 0.000000 0.707108
vn 0.707105 0.000000 0.707108
vn 0.000000 -1.000000 -0.000000
vn 0.000000 -1.000000 -0.000000
vn 0.000000 -1.000000 -0.000000
vn 0.000000 -1.000000 -0.000000
vn -0.866030 0.000000 0.499993
vn -0.866030 0.000000 0.499993
vn -0.866030 0.000000 0.499993
vn -0.866030 0.000000 0.499993
vn 0.000000 1.000000 -0.000002
vn 0.000000 1.000000 -0.000002
vn 0.000000 1.000000 -0.000002
vn 0.000000 1.000000 -0.000002
vn 0.866021 0.000000 -0.500008
vn 0.866021 0.000000 -0.500008
vn 0.866021 0.000000 -0.500008
vn 0.866021 0.000000 -0.500008
vn 0.499815 0.000000 0.866132
vn 0.499815 0.000000 0.866132
vn 0.499815 0.000000 0.866132
vn 0.499815 0.000000 0.866132
vn -0.499934 0.000000 -0.866064
vn -0.499934 0.000000 -0.866064
vn -0.499934 0.000000 -0.866064
vn -0.499934 0.000000 -0.866064
vn 0.000000 -1.000000 -0.000000
vn 0.000000 -1.000000 -0.000000
vn 0.000000 -1.000000 -0.000000
vn 0.000000 -1.000000 -0.000000
vn -0.707102 0.000000 0.707112
vn -0.707102 0.000000 0.707112
vn -0.707102 0.000000 0.707112
vn -0.707102 0.000000 0.707112
vn 0.000000 1.000000 0.000000
vn 0.000000 1.000000 0.000000
vn 0.000000 1.000000 0.000000
vn 0.000000 1.000000 0.000000
vn 0.707102 0.000000 -0.707112
vn 0.707102 0.000000 -0.707112
vn 0.707102 0.000000 -0.707112
vn 0.707102 0.000000 -0.707112
vn 0.707105 0.000000 0.707108
vn 0.707105 0.000000 0.707108
vn 0.707105 0.000000 0.707108
vn 0.707105 0.000000 0.707108
vn -0.707105 0.000000 -0.707108
vn -0.707105 0.000000 -0.707108
vn -0.707105 0.000000 -0.707108
vn -0.707105 0.000000 -0.707108
vn 0.000000 -1.000000 -0.000000
vn 0.000000 -1.000000 -0.000000
vn 0.000000 -1.000000 -0.000000
vn 0.000000 -1.000000 -0.000000
vn 0.258816 0.000000 0.965927
vn 0.258816 0.000000 0.965927
vn 0.258816 0.000000 0.965927
vn 0.258816 0.000000 0.965927
vn 0.000000 1.000000 -0.000001
vn 0.000000 1.000000 -0.000001
vn 0.000000 1.000000 -0.000001
vn 0.000000 1.000000 -0.000001
vn -0.258817 0.000000 -0.965926
vn -0.258817 0.000000 -0.965926
vn -0.258817 0.000000 -0.965926
vn -0.258817 0.000000 -0.965926
vn 0.965921 0.000000 -0.258837
vn 0.965921 0.000000 -0.258837
vn 0.965921 0.000000 -0.258837
vn 0.965921 0.000000 -0.258837
vn -0.965921 0.000000 0.258839
vn -0.965921 0.000000 0.258839
vn -0.965921 0.000000 0.258839
vn -0.965921 0.000000 0.258839
vn 0.000000 -1.000000 0.000000
vn 0.000000 -1.000000 0.000000
vn 0.000000 -1.000000 0.000000
vn 0.000000 -1.000000 0.000000
vn 0.707112 0.000000 -0.707102
vn 0.707112 0.000000 -0.707102
vn 0.707112 0.000000 -0.707102
vn 0.707112 0.000000 -0.707102
vn 0.000000 1.000000 -0.000000
vn 0.000000 1.000000 -0.000000
vn 0.000000 1.000000 -0.000000
vn 0.000000 1.000000 -0.000000
vn -0.707112 0.000000 0.707102
vn -0.707112 0.000000 0.707102
vn -0.707112 0.000000 0.707102
vn -0.707112 0.000000 0.707102
vn -0.707105 0.000000 -0.707108
vn -0.707105 0.000000 -0.707108
vn -0.707105 0.000000 -0.707108
vn -0.707105 0.000000 -0.707108
vn 0.707105 0.000000 0.707108
vn 0.707105 0.000000 0.707108
vn 0.707105 0.000000 0.707108
vn 0.707105 0.000000 0.707108
vn 0.000000 -1.000000 -0.000000
vn 0.000000 -1.000000 -0.000000
vn 0.000000 -1.000000 -0.000000
vn 0.000000 -1.000000 -0.000000
vn -0.707107 0.000000 -0.707107
vn -0.707107 0.000000 -0.707107
vn -0.707107 0.000000 -0.707107
vn -0.707107 0.000000 -0.707107
vn 0.000000 1.000000 0.000000
vn 0.000000 1.000000 0.000000
vn 0.000000 1.000000 0.000000
vn 0.000000 1.000000 0.000000
vn 0.707107 0.000000 0.707107
vn 0.707107 0.000000 0.707107
vn 0.707107 0.000000 0.707107
vn 0.707107 0.000000 0.707107
vn -0.707108 0.000000 0.707106
vn -0.707108 0.000000 0.707106
vn -0.707108 0.000000 0.707106
vn -0.707108 0.000000 0.707106
vn 0.707105 0.000000 -0.707108
vn 0.707105 0.000000 -0.707108
vn 0.707105 0.000000 -0.707108
vn 0.707105 0.000000 -0.707108
vn 0.000000 -1.000000 0.000000
vn 0.000000 -1.000000 0.000000
vn 0.000000 -1.000000 0.000000
vn 0.000000 -1.000000 0.000000
vn 0.000000 0.000000 -1.000000
vn 0.000000 0.000000 -1.000000
vn 0.000000 0.000000 -1.000000
vn 0.000000 0.000000 -1.000000
vn 0.000000 1.000000 0.000000
vn 0.000000 1.000000 0.000000
vn 0.000000 1.000000 0.000000
vn 0.000000 1.000000 0.000000
vn 0.000000 0.000000 1.000000
vn 0.000000 0.000000 1.000000
vn 0.000000 0.000000 1.000000
vn 0.000000 0.000000 1.000000
vn -1.000000 0.000000 0.000000
vn -1.000000 0.000000 0.000000
vn -1.000000 0.000000 0.000000
vn -1.000000 0.000000 0.000000
vn 1.000000 0.000000 0.000000
vn 1.000000 0.000000 0.000000
vn 1.000000 0.000000 0.000000
vn 1.000000 0.000000 0.000000
vn 0.000000 -1.000000 0.000000
vn 0.000000 -1.000000 0.000000
vn 0.000000 -1.000000 0.000000
vn 0.000000 -1.000000 0.000000
vn 0.000000 0.000000 -1.000000
vn 0.000000 0.000000 -1.000000
vn 0.000000 0.000000 -1.000000
vn 0.000000 0.000000 -1.000000
vn 0.000000 1.000000 0.000000
vn 0.000000 1.000000 0.000000
vn 0.000000 1.000000 0.000000
vn 0.000000 1.000000 0.000000
vn 0.000000 0.000000 1.000000
vn 0.000000 0.000000 1.000000
vn 0.000000 0.000000 1.000000
vn 0.000000 0.000000 1.000000
vn -1.000000 0.000000 0.000000
vn -1.000000 0.000000 0.000000
vn -1.000000 0.000000 0.000000
vn -1.000000 0.000000 0.000000
vn 1.000000 0.000000 0.000000
vn 1.000000 0.000000 0.000000
vn 1.000000 0.000000 0.000000
vn 1.000000 0.000000 0.000000
vn 0.000000 -1.000000 0.000001
vn 0.000000 -1.000000 0.000001
vn 0.000000 -1.000000 0.000001
vn 0.000000 -1.000000 0.000001
vn 0.965926 0.000000 0.258819
vn 0.965926 0.000000 0.258819
vn 0.965926 0.000000 0.258819
vn 0.965926 0.000000 0.258819
vn 0.000000 1.000000 -0.000001
vn 0.000000 1.000000 -0.000001
vn 0.000000 1.000000 -0.000001
vn 0.000000 1.000000 -0.000001
vn -0.965926 0.000000 -0.258819
vn -0.965926 0.000000 -0.258819
vn -0.965926 0.000000 -0.258819
vn -0.965926 0.000000 -0.258819
vn 0.258856 0.000000 -0.965916
vn 0.258856 0.000000 -0.965916
vn 0.258856 0.000000 -0.965916
vn 0.258856 0.000000 -0.965916
vn -0.258856 0.000000 0.965916
vn -0.258856 0.000000 0.965916
vn -0.258856 0.000000 0.965916
vn -0.258856 0.000000 0.965916
vn 0.000000 -1.000000 0.000000
vn 0.000000 -1.000000 0.000000
vn 0.000000 -1.000000 0.000000
vn 0.000000 -1.000000 0.000000
vn 0.707112 0.000000 0.707102
vn 0.707112 0.000000 0.707102
vn 0.707112 0.000000 0.707102
vn 0.707112 0.000000 0.707102
vn 0.000000 1.000000 -0.000000
vn 0.000000 1.000000 -0.000000
vn 0.000000 1.000000 -0.000000
vn 0.000000 1.000000 -0.000000
vn -0.707112 0.000000 -0.707102
vn -0.707112 0.000000 -0.707102
vn -0.707112 0.000000 -0.707102
vn -0.707112 0.000000 -0.707102
vn 0.707106 0.000000 -0.707107
vn 0.707106 0.000000 -0.707107
vn 0.707106 0.000000 -0.707107
vn 0.707106 0.000000 -0.707107
vn -0.707106 0.000000 0.707107
vn -0.707106 0.000000 0.707107
vn -0.707106 0.000000 0.707107
vn -0.707106 0.000000 0.707107
vn 0.000000 -1.000000 0.000000
vn 0.000000 -1.000000 0.000000
vn 0.000000 -1.000000 0.000000
vn 0.000000 -1.000000 0.000000
vn -0.707112 0.000000 0.707102
vn -0.707112 0.000000 0.707102
vn -0.707112 0.000000 0.707102
vn -0.707112 0.000000 0.707102
vn 0.000000 1.000000 0.000001
vn 0.000000 1.000000 0.000001
vn 0.000000 1.000000 0.000001
vn 0.000000 1.000000 0.000001
vn 0.707112 0.000000 -0.707102
vn 0.707112 0.000000 -0.707102
vn 0.707112 0.000000 -0.707102
vn 0.707112 0.000000 -0.707102
vn 0.707107 0.000000 0.707107
vn 0.707107 0.000000 0.707107
vn 0.707107 0.000000 0.707107
vn 0.707107 0.000000 0.707107
vn -0.707107 0.000000 -0.707107
vn -0.707107 0.000000 -0.707107
vn -0.707107 0.000000 -0.707107
vn -0.707107 0.000000 -0.707107
vn 0.000000 -1.000000 0.000001
vn 0.000000 -1.000000 0.000001
vn 0.000000 -1.000000 0.000001
vn 0.000000 -1.000000 0.000001
vn -0.866029 0.000000 -0.499993
vn -0.866029 0.000000 -0.499993
vn -0.866029 0.000000 -0.499993
vn -0.866029 0.000000 -0.499993
vn 0.000000 1.000000 0.000001
vn 0.000000 1.000000 0.000001
vn 0.000000 1.000000 0.000001
vn 0.000000 1.000000 0.000001
vn 0.866021 0.000000 0.500008
vn 0.866021 0.000000 0.500008
vn 0.866021 0.000000 0.500008
vn 0.866021 0.000000 0.500008
vn -0.499936 0.000000 0.866063
vn -0.499936 0.000000 0.866063
vn -0.499936 0.000000 0.866063
vn -0.499936 0.000000 0.866063
vn 0.499817 0.000000 -0.866131
vn 0.499817 0.000000 -0.866131
vn 0.499817 0.000000 -0.866131
vn 0.499817 0.000000 -0.866131
vn 0.000000 -1.000000 0.000000
vn 0.000000 -1.000000 0.000000
vn 0.000000 -1.000000 0.000000
vn 0.000000 -1.000000 0.000000
vn 1.000000 0.000000 0.000000
vn 1.000000 0.000000 0.000000
vn 1.000000 0.000000 0.000000
vn 1.000000 0.000000 0.000000
vn 0.000000 1.000000 0.000000
vn 0.000000 1.000000 0.000000
vn 0.000000 1.000000 0.000000
vn 0.000000 1.000000 0.000000
vn -1.000000 0.000000 0.000000
vn -1.000000 0.000000 0.000000
vn -1.000000 0.000000 0.000000
vn -1.000000 0.000000 0.000000
vn 0.000000 0.000000 -1.000000
vn 0.000000 0.000000 -1.000000
vn 0.000000 0.000000 -1.000000
vn 0.000000 0.000000 -1.000000
vn 0.000000 0.000000 1.000000
vn 0.000000 0.000000 1.000000
vn 0.000000 0.000000 1.000000
vn 0.000000 0.000000 1.000000
vn 0.000000 -1.000000 0.000000
vn 0.000000 -1.000000 0.000000
vn 0.000000 -1.000000 0.000000
vn 0.000000 -1.000000 0.000000
vn -0.258817 0.000000 -0.965927
vn -0.258817 0.000000 -0.965927
vn -0.258817 0.000000 -0.965927
vn -0.258817 0.000000 -0.965927
vn 0.000000 1.000000 0.000001
vn 0.000000 1.000000 0.000001
vn 0.000000 1.000000 0.000001
vn 0.000000 1.000000 0.000001
vn 0.258817 0.000000 0.965927
vn 0.258817 0.000000 0.965927
vn 0.258817 0.000000 0.965927
vn 0.258817 0.000000 0.965927
vn -0.965921 0.000000 0.258838
vn -0.965921 0.000000 0.258838
vn -0.965921 0.000000 0.258838
vn -0.965921 0.000000 0.258838
vn 0.965921 0.000000 -0.258838
vn 0.965921 0.000000 -0.258838
vn 0.965921 0.000000 -0.258838
vn 0.965921 0.000000 -0.258838
vn 0.000000 -1.000000 0.000000
vn 0.000000 -1.000000 0.000000
vn 0.000000 -1.000000 0.000000
vn 0.000000 -1.000000 0.000000
vn 1.000000 0.000000 0.000000
vn 1.000000 0.000000 0.000000
vn 1.000000 0.000000 0.000000
vn 1.000000 0.000000 0.000000
vn 0.000000 1.000000 0.000000
vn 0.000000 1.000000 0.000000
vn 0.000000 1.000000 0.000000
vn 0.000000 1.000000 0.000000
vn -1.000000 0.000000 0.000000
vn -1.000000 0.000000 0.000000
vn -1.000000 0.000000 0.000000
vn -1.000000 0.000000 0.000000
vn 0.000000 0.000000 -1.000000
vn 0.000000 0.000000 -1.000000
vn 0.000000 0.000000 -1.000000
vn 0.000000 0.000000 -1.000000
vn 0.000000 0.000000 1.000000
vn 0.000000 0.000000 1.000000
vn 0.000000 0.000000 1.000000
vn 0.000000 0.000000 1.000000
vn 0.000000 -1.000000 0.000000
vn 0.000000 -1.000000 0.000000
vn 0.000000 -1.000000 0.000000
vn 0.000000 -1.000000 0.000000
vn -0.500005 0.000000 0.866023
vn -0.500005 0.000000 0.866023
vn -0.500005 0.000000 0.866023
vn -0.500005 0.000000 0.866023
vn 0.000000 1.000000 0.000001
vn 0.000000 1.000000 0.000001
vn 0.000000 1.000000 0.000001
vn 0.000000 1.000000 0.000001
vn 0.499996 0.000000 -0.866028
vn 0.499996 0.000000 -0.866028
vn 0.499996 0.000000 -0.866028
vn 0.499996 0.000000 -0.866028
vn 0.865963 0.000000 0.500109
vn 0.865963 0.000000 0.500109
vn 0.865963 0.000000 0.500109
vn 0.865963 0.000000 0.500109
vn -0.866080 0.000000 -0.499906
vn -0.866080 0.000000 -0.499906
vn -0.866080 0.000000 -0.499906
vn -0.866080 0.000000 -0.499906
vn 0.000000 -1.000000 0.000000
vn 0.000000 -1.000000 0.000000
vn 0.000000 -1.000000 0.000000
vn 0.000000 -1.000000 0.000000
vn -0.965925 0.000000 0.258822
vn -0.965925 0.000000 0.258822
vn -0.965925 0.000000 0.258822
vn -0.965925 0.000000 0.258822
vn 0.000000 1.000000 0.000001
vn 0.000000 1.000000 0.000001
vn 0.000000 1.000000 0.000001
vn 0.000000 1.000000 0.000001
vn 0.965925 0.000000 -0.258822
vn 0.965925 0.000000 -0.258822
vn 0.965925 0.000000 -0.258822
vn 0.965925 0.000000 -0.258822
vn 0.258855 0.000000 0.965916
vn 0.258855 0.000000 0.965916
vn 0.258855 0.000000 0.965916
vn 0.258855 0.000000 0.965916
vn -0.258855 0.000000 -0.965916
vn -0.258855 0.000000 -0.965916
vn -0.258855 0.000000 -0.965916
vn -0.258855 0.000000 -0.965916
vn 0.000000 -1.000000 0.000003
vn 0.000000 -1.000000 0.000003
vn 0.000000 -1.000000 0.000003
vn 0.000000 -1.000000 0.000003
vn 0.707112 0.000000 0.707102
vn 0.707112 0.000000 0.707102
vn 0.707112 0.000000 0.707102
vn 0.707112 0.000000 0.707102
vn 0.000000 1.000000 -0.000001
vn 0.000000 1.000000 -0.000001
vn 0.000000 1.000000 -0.000001
vn 0.000000 1.000000 -0.000001
vn -0.707112 0.000000 -0.707102
vn -0.707112 0.000000 -0.707102
vn -0.707112 0.000000 -0.707102
vn -0.707112 0.000000 -0.707102
vn 0.707108 0.000000 -0.707106
vn 0.707108 0.000000 -0.707106
vn 0.707108 0.000000 -0.707106
vn 0.707108 0.000000 -0.707106
vn -0.707105 0.000000 0.707108
vn -0.707105 0.000000 0.707108
vn -0.707105 0.000000 0.707108
vn -0.707105 0.000000 0.707108
vn 0.000000 -1.000000 0.000000
vn 0.000000 -1.000000 0.000000
vn 0.000000 -1.000000 0.000000
vn 0.000000 -1.000000 0.000000
vn -0.866029 0.000000 0.499993
vn -0.866029 0.000000 0.499993
vn -0.866029 0.000000 0.499993
vn -0.866029 0.000000 0.499993
vn 0.000000 1.000000 -0.000002
vn 0.000000 1.000000 -0.000002
vn 0.000000 1.000000 -0.000002
vn 0.000000 1.000000 -0.000002
vn 0.866029 0.000000 -0.499993
vn 0.866029 0.000000 -0.499993
vn 0.866029 0.000000 -0.499993
vn 0.866029 0.000000 -0.499993
vn 0.499934 0.000000 0.866064
vn 0.499934 0.000000 0.866064
vn 0.499934 0.000000 0.866064
vn 0.499934 0.000000 0.866064
vn -0.499934 0.000000 -0.866064
vn -0.499934 0.000000 -0.866064
vn -0.499934 0.000000 -0.866064
vn -0.499934 0.000000 -0.866064
vn 0.000000 -1.000000 0.000000
vn 0.000000 -1.000000 0.000000
vn 0.000000 -1.000000 0.000000
vn 0.000000 -1.000000 0.000000
vn 0.000000 0.000000 -1.000000
vn 0.000000 0.000000 -1.000000
vn 0.000000 0.000000 -1.000000
vn 0.000000 0.000000 -1.000000
vn 0.000000 1.000000 0.000000
vn 0.000000 1.000000 0.000000
vn 0.000000 1.000000 0.000000
vn 0.000000 1.000000 0.000000
vn 0.000000 0.000000 1.000000
vn 0.000000 0.000000 1.000000
vn 0.000000 0.000000 1.000000
vn 0.000000 0.000000 1.000000
vn -1.000000 0.000000 0.000000
vn -1.000000 0.000000 0.000000
vn -1.000000 0.000000 0.000000
vn -1.000000 0.000000 0.000000
vn 1.000000 0.000000 0.000000
vn 1.000000 0.000000 0.000000
vn 1.000000 0.000000 0.000000
vn 1.000000 0.000000 0.000000
vn 0.000000 -1.000000 -0.000002
vn 0.000000 -1.000000 -0.000002
vn 0.000000 -1.000000 -0.000002
vn 0.000000 -1.000000 -0.000002
vn -0.258817 0.000000 -0.965926
vn -0.258817 0.000000 -0.965926
vn -0.258817 0.000000 -0.965926
vn -0.258817 0.000000 -0.965926
vn 0.000000 1.000000 0.000000
vn 0.000000 1.000000 0.000000
vn 0.000000 1.000000 0.000000
vn 0.000000 1.000000 0.000000
vn 0.258817 0.000000 0.965926
vn 0.258817 0.000000 0.965926
vn 0.258817 0.000000 0.965926
vn 0.258817 0.000000 0.965926
vn -0.965921 0.000000 0.258838
vn -0.965921 0.000000 0.258838
vn -0.965921 0.000000 0.258838
vn -0.965921 0.000000 0.258838
vn 0.965921 0.000000 -0.258838
vn 0.965921 0.000000 -0.258838
vn 0.965921 0.000000 -0.258838
vn 0.965921 0.000000 -0.258838
vn 0.000000 -1.000000 0.000003
vn 0.000000 -1.000000 0.000003
vn 0.000000 -1.000000 0.000003
vn 0.000000 -1.000000 0.000003
vn 0.707112 0.000000 0.707102
vn 0.707112 0.000000 0.707102
vn 0.707112 0.000000 0.707102
vn 0.707112 0.000000 0.707102
vn 0.000000 1.000000 -0.000001
vn 0.000000 1.000000 -0.000001
vn 0.000000 1.000000 -0.000001
vn 0.000000 1.000000 -0.000001
vn -0.707112 0.000000 -0.707102
vn -0.707112 0.000000 -0.707102
vn -0.707112 0.000000 -0.707102
vn -0.707112 0.000000 -0.707102
vn 0.707108 0.000000 -0.707106
vn 0.707108 0.000000 -0.707106
vn 0.707108 0.000000 -0.707106
vn 0.707108 0.000000 -0.707106
vn -0.707105 0.000000 0.707108
vn -0.707105 0.000000 0.707108
vn -0.707105 0.000000 0.707108
vn -0.707105 0.000000 0.707108
vn 0.000000 -1.000000 -0.000000
vn 0.000000 -1.000000 -0.000000
vn 0.000000 -1.000000 -0.000000
vn 0.000000 -1.000000 -0.000000
vn -0.866029 0.000000 0.499993
vn -0.866029 0.000000 0.499993
vn -0.866029 0.000000 0.499993
vn -0.866029 0.000000 0.499993
vn 0.000000 1.000000 -0.000002
vn 0.000000 1.000000 -0.000002
vn 0.000000 1.000000 -0.000002
vn 0.000000 1.000000 -0.000002
vn 0.866030 0.000000 -0.499993
vn 0.866030 0.000000 -0.499993
vn 0.866030 0.000000 -0.499993
vn 0.866030 0.000000 -0.499993
vn 0.499934 0.000000 0.866064
vn 0.499934 0.000000 0.866064
vn 0.499934 0.000000 0.866064
vn 0.499934 0.000000 0.866064
vn -0.499938 0.000000 -0.866061
vn -0.499938 0.000000 -0.866061
vn -0.499938 0.000000 -0.866061
vn -0.499938 0.000000 -0.866061
vn 0.000000 -1.000000 0.000000
vn 0.000000 -1.000000 0.000000
vn 0.000000 -1.000000 0.000000
vn 0.000000 -1.000000 0.000000
vn 0.866029 0.000000 -0.499993
vn 0.866029 0.000000 -0.499993
vn 0.866029 0.000000 -0.499993
vn 0.866029 0.000000 -0.499993
vn 0.000000 1.000000 0.000002
vn 0.000000 1.000000 0.000002
vn 0.000000 1.000000 0.000002
vn 0.000000 1.000000 0.000002
vn -0.866029 0.000000 0.499993
vn -0.866029 0.000000 0.499993
vn -0.866029 0.000000 0.499993
vn -0.866029 0.000000 0.499993
vn -0.499936 0.000000 -0.866063
vn -0.499936 0.000000 -0.866063
vn -0.499936 0.000000 -0.866063
vn -0.499936 0.000000 -0.866063
vn 0.499934 0.000000 0.866064
vn 0.499934 0.000000 0.866064
vn 0.499934 0.000000 0.866064
vn 0.499934 0.000000 0.866064
vn 0.000000 -1.000000 0.000000
vn 0.000000 -1.000000 0.000000
vn 0.000000 -1.000000 0.000000
vn 0.000000 -1.000000 0.000000
vn -0.707107 0.000000 0.707107
vn -0.707107 0.000000 0.707107
vn -0.707107 0.000000 0.707107
vn -0.707107 0.000000 0.707107
vn 0.000000 1.000000 0.000001
vn 0.000000 1.000000 0.000001
vn 0.000000 1.000000 0.000001
vn 0.000000 1.000000 0.000001
vn 0.707107 0.000000 -0.707107
vn 0.707107 0.000000 -0.707107
vn 0.707107 0.000000 -0.707107
vn 0.707107 0.000000 -0.707107
vn 0.707108 0.000000 0.707106
vn 0.707108 0.000000 0.707106
vn 0.707108 0.000000 0.707106
vn 0.707108 0.000000 0.707106
vn -0.707105 0.000000 -0.707108
vn -0.707105 0.000000 -0.707108
vn -0.707105 0.000000 -0.707108
vn -0.707105 0.000000 -0.707108
vn 0.000000 -1.000000 0.000000
vn 0.000000 -1.000000 0.000000
vn 0.000000 -1.000000 0.000000
vn 0.000000 -1.000000 0.000000
vn 0.866029 0.000000 -0.499993
vn 0.866029 0.000000 -0.499993
vn 0.866029 0.000000 -0.499993
vn 0.866029 0.000000 -0.499993
vn 0.000000 1.000000 0.000002
vn 0.000000 1.000000 0.000002
vn 0.000000 1.000000 0.000002
vn 0.000000 1.000000 0.000002
vn -0.866029 0.000000 0.499993
vn -0.866029 0.000000 0.499993
vn -0.866029 0.000000 0.499993
vn -0.866029 0.000000 0.499993
vn -0.499934 0.000000 -0.866064
vn -0.499934 0.000000 -0.866064
vn -0.499934 0.000000 -0.866064
vn -0.499934 0.000000 -0.866064
vn 0.499938 0.000000 0.866061
vn 0.499938 0.000000 0.866061
vn 0.499938 0.000000 0.866061
vn 0.499938 0.000000 0.866061
vn 0.000000 -1.000000 0.000000
vn 0.000000 -1.000000 0.000000
vn 0.000000 -1.000000 0.000000
vn 0.000000 -1.000000 0.000000
vn 0.707112 0.000000 -0.707102
vn 0.707112 0.000000 -0.707102
vn 0.707112 0.000000 -0.707102
vn 0.707112 0.000000 -0.707102
vn 0.000000 1.000000 -0.000000
vn 0.000000 1.000000 -0.000000
vn 0.000000 1.000000 -0.000000
vn 0.000000 1.000000 -0.000000
vn -0.707112 0.000000 0.707102
vn -0.707112 0.000000 0.707102
vn -0.707112 0.000000 0.707102
vn -0.707112 0.000000 0.707102
vn -0.707105 0.000000 -0.707108
vn -0.707105 0.000000 -0.707108
vn -0.707105 0.000000 -0.707108
vn -0.707105 0.000000 -0.707108
vn 0.707105 0.000000 0.707108
vn 0.707105 0.000000 0.707108
vn 0.707105 0.000000 0.707108
vn 0.707105 0.000000 0.707108
vn 0.000000 -1.000000 0.000000
vn 0.000000 -1.000000 0.000000
vn 0.000000 -1.000000 0.000000
vn 0.000000 -1.000000 0.000000
vn -0.258817 0.000000 -0.965927
vn -0.258817 0.000000 -0.965927
vn -0.258817 0.000000 -0.965927
vn -0.258817 0.000000 -0.965927
vn 0.000000 1.000000 0.000001
vn 0.000000 1.000000 0.000001
vn 0.000000 1.000000 0.000001
vn 0.000000 1.000000 0.000001
vn 0.258817 0.000000 0.965926
vn 0.258817 0.000000 0.965926
vn 0.258817 0.000000 0.965926
vn 0.258817 0.000000 0.965926
vn -0.965921 0.000000 0.258837
vn -0.965921 0.000000 0.258837
vn -0.965921 0.000000 0.258837
vn -0.965921 0.000000 0.258837
vn 0.965921 0.000000 -0.258838
vn 0.965921 0.000000 -0.258838
vn 0.965921 0.000000 -0.258838
vn 0.965921 0.000000 -0.258838
s 1
g polySurface27517
f 6/1/1 3/2/2 53/65/3 54/66/4
f 3/2/2 9/5/5 52/64/6 53/65/3
f 8/11/7 6/1/1 54/66/4 55/67/8
f 10/7/9 4/8/10 56/68/11 57/69/12
f 4/8/10 8/11/7 55/67/8 56/68/11
f 9/5/5 11/13/13 51/63/14 52/64/6
f 12/15/15 10/7/9 57/69/12 58/70/16
f 1/17/17 5/18/18 49/61/19 50/62/20
f 11/13/13 1/17/17 50/62/20 51/63/14
f 60/72/21 49/61/19 5/18/18 7/21/22
f 7/21/22 2/22/23 59/71/24 60/72/21
f 2/22/23 12/15/15 58/70/16 59/71/24
s 2
f 25/4/25 14/25/26 16/30/27 26/12/28
f 27/9/29 26/12/28 16/30/27 18/29/30
s 3
f 28/10/31 27/9/32 18/29/33 17/28/34
f 29/16/35 28/10/31 17/28/34 20/32/36
f 30/23/37 29/16/35 20/32/36 24/36/38
s 4
f 31/24/39 30/23/40 24/36/41 23/35/42
f 22/34/43 32/19/44 31/24/39 23/35/42
f 33/20/45 32/19/44 22/34/43 21/33/46
s 5
f 34/14/47 33/20/48 21/33/49 19/31/50
f 35/6/51 34/14/47 19/31/50 13/27/52
f 36/3/53 35/6/51 13/27/52 15/26/54
s 2
f 25/4/25 36/3/55 15/26/56 14/25/26
s 6
f 14/25/57 15/26/58 37/38/59 38/37/60
f 15/26/58 13/27/61 39/39/62 37/38/59
f 17/28/63 18/29/64 41/41/65 40/40/66
f 18/29/64 16/30/67 42/42/68 41/41/65
f 13/27/61 19/31/69 43/43/70 39/39/62
f 20/32/71 17/28/63 40/40/66 44/44/72
f 21/33/73 22/34/74 46/46/75 45/45/76
f 19/31/69 21/33/73 45/45/76 43/43/70
f 46/46/75 22/34/74 23/35/77 47/47/78
f 23/35/77 24/36/79 48/48/80 47/47/78
f 24/36/79 20/32/71 44/44/72 48/48/80
f 42/42/68 16/30/67 14/25/57 38/37/60
s 7
f 38/37/81 37/38/82 3/50/83 6/49/84
s 8
f 37/38/85 39/39/86 9/51/87 3/50/88
s 9
f 40/40/89 41/41/90 4/53/91 10/52/92
s 7
f 41/41/93 42/42/94 8/54/95 4/53/96
s 8
f 39/39/86 43/43/97 11/55/98 9/51/87
s 9
f 44/44/99 40/40/89 10/52/92 12/56/100
s 1
f 45/45/101 46/46/102 5/58/18 1/57/17
s 8
f 43/43/97 45/45/103 1/57/104 11/55/98
s 1
f 7/59/22 5/58/18 46/46/102 47/47/105
f 47/47/105 48/48/106 2/60/23 7/59/22
s 9
f 48/48/107 44/44/99 12/56/100 2/60/108
s 7
f 6/49/84 8/54/95 42/42/94 38/37/81
s 1
f 50/62/20 49/61/19 32/19/109 33/20/110
f 51/63/14 50/62/20 33/20/110 34/14/111
f 52/64/6 51/63/14 34/14/111 35/6/112
f 53/65/3 52/64/6 35/6/112 36/3/113
f 54/66/4 53/65/3 36/3/113 25/4/114
f 54/66/4 25/4/114 26/12/115 55/67/8
f 56/68/11 55/67/8 26/12/115 27/9/116
f 57/69/12 56/68/11 27/9/116 28/10/117
f 58/70/16 57/69/12 28/10/117 29/16/118
f 59/71/24 58/70/16 29/16/118 30/23/119
f 60/72/21 59/71/24 30/23/119 31/24/120
f 31/24/120 32/19/109 49/61/19 60/72/21
s off
f 66/73/121 65/74/122 63/75/123 64/76/124
f 67/77/125 68/78/126 62/79/127 61/80/128
f 67/77/129 65/81/130 66/82/131 68/78/132
f 63/83/133 65/84/134 67/85/135 61/86/136
f 63/83/137 61/86/138 62/87/139 64/88/140
f 68/89/141 66/90/142 64/88/143 62/87/144
s 16
f 77/91/145 71/92/146 74/93/147 81/94/148
f 74/95/147 153/96/149 81/94/148
f 76/97/150 72/98/151 78/99/152 81/94/153
f 79/100/154 77/101/145 81/94/148
f 78/102/152 80/103/155 81/94/153
f 69/104/156 79/100/154 81/94/148 73/105/157
f 81/94/158 110/106/159 140/107/160
f 80/103/155 70/108/161 75/109/162 81/94/153
s 17
f 103/110/163 102/111/164 148/112/165 149/113/166
s 18
f 147/114/167 134/115/168 136/116/169 146/117/170
s 17
f 145/118/171 106/119/172 108/120/173 144/121/174
s 16
f 74/122/147 71/123/146 133/124/175 120/125/176
f 71/123/146 77/126/145 132/127/177 133/124/175
f 153/128/149 74/122/147 120/125/176 152/129/178
f 78/130/152 72/131/151 123/132/179 124/133/180
f 72/131/151 76/134/150 122/135/181 123/132/179
f 77/126/145 79/136/154 131/137/182 132/127/177
f 80/138/155 78/130/152 124/133/180 125/139/183
f 69/140/156 73/141/157 129/142/184 130/143/185
f 79/136/154 69/140/156 130/143/185 131/137/182
f 73/141/157 140/144/160 141/145/186 129/142/184
f 75/146/162 70/147/161 126/148/187 127/149/188
f 70/147/161 80/138/155 125/139/183 126/148/187
s 17
f 83/150/189 84/151/190 95/152/191
f 84/151/190 82/153/192 94/154/193 95/152/191
f 151/155/194 83/150/189 95/152/191 150/156/195
f 86/157/196 87/158/197 96/159/198 97/160/199
f 87/158/197 85/161/200 96/159/198
f 82/153/192 88/162/201 98/163/202 94/154/193
f 89/164/203 86/157/196 97/160/199 99/165/204
f 90/166/205 91/167/206 100/168/207
f 88/162/201 90/166/205 100/168/207 98/163/202
f 91/167/206 142/169/208 143/170/209 100/168/207
f 92/171/210 93/172/211 101/173/212
f 93/172/211 89/164/203 99/165/204 101/173/212
s 19
f 95/152/213 94/154/214 168/174/215 169/175/216
s 17
f 150/156/195 95/152/191 169/175/217 170/176/218
s 19
f 98/163/219 100/168/220 180/177/221 181/178/222
s 17
f 100/168/207 143/170/209 179/179/223 180/177/224
s 20
f 174/180/225 175/181/226 99/165/227 97/160/228
f 101/173/229 99/165/227 175/181/226 176/182/230
f 97/160/228 96/159/231 173/183/232 174/180/225
s 19
f 181/178/222 168/174/215 94/154/214 98/163/219
s 20
f 107/184/233 109/185/234 105/186/235 104/187/236
s 19
f 106/119/237 102/111/238 103/110/239 108/120/240
s 16
f 110/188/159 154/189/241 155/190/242 128/191/243
s 17
f 112/192/244 111/193/245 156/194/246 157/195/247
f 178/196/248 112/192/244 157/195/247 177/197/249
f 159/198/250 114/199/251 113/200/252 158/201/253
s 18
f 161/202/254 135/203/255 137/204/256 160/205/257
s 17
f 116/206/258 115/207/259 162/208/260 163/209/261
f 164/210/262 117/211/263 171/212/264 172/213/265
f 165/214/266 118/215/267 117/211/263 164/210/262
s 16
f 167/216/268 119/217/269 121/218/270 166/219/271
f 81/94/153 167/220/268 76/97/150
f 81/94/158 154/221/241 110/106/159
s 21
f 152/129/272 120/125/273 83/150/274 151/155/275
f 166/219/276 121/218/277 118/215/278 165/214/279
f 123/132/280 122/135/281 85/161/282 87/158/283
s 22
f 124/133/284 123/132/285 87/158/286 86/157/287
f 125/139/288 124/133/284 86/157/287 89/164/289
f 126/148/290 125/139/288 89/164/289 93/172/291
s 23
f 127/149/292 126/148/293 93/172/294 92/171/295
f 128/191/296 155/190/297 156/194/298 111/193/299
f 129/142/300 141/145/301 142/169/302 91/167/303
f 130/143/304 129/142/300 91/167/303 90/166/305
s 24
f 131/137/306 130/143/307 90/166/308 88/162/309
f 132/127/310 131/137/306 88/162/309 82/153/311
f 133/124/312 132/127/310 82/153/311 84/151/313
s 21
f 120/125/273 133/124/314 84/151/315 83/150/274
s 25
f 148/112/316 102/111/317 134/115/318 147/114/319
s 19
f 102/111/238 106/119/237 136/116/320 134/115/321
s 26
f 106/119/322 145/118/323 146/117/324 136/116/325
s 25
f 162/208/326 115/207/327 135/203/328 161/202/329
s 26
f 114/199/330 159/198/331 160/205/332 137/204/333
s 20
f 107/184/233 104/187/236 138/222/334 139/223/335
s 16
f 140/144/160 110/188/159 128/191/243 141/145/186
s 23
f 142/169/302 141/145/301 128/191/296 111/193/299
s 17
f 143/170/209 142/169/208 111/193/245 112/192/244
f 179/179/223 143/170/209 112/192/244 178/196/248
f 114/199/251 145/118/171 144/121/174 113/200/252
s 26
f 146/117/324 145/118/323 114/199/330 137/204/333
s 18
f 135/203/255 147/114/167 146/117/170 137/204/256
s 25
f 115/207/327 148/112/316 147/114/319 135/203/328
s 17
f 149/113/166 148/112/165 115/207/259 116/206/258
f 117/211/263 150/156/195 170/176/218 171/212/264
f 118/215/267 151/155/194 150/156/195 117/211/263
s 21
f 121/218/277 152/129/272 151/155/275 118/215/278
s 16
f 119/217/269 153/128/149 152/129/178 121/218/270
f 154/189/241 75/146/162 127/149/188 155/190/242
s 23
f 156/194/298 155/190/297 127/149/292 92/171/295
s 17
f 157/195/247 156/194/246 92/171/210 101/173/212
f 177/197/249 157/195/247 101/173/212 176/182/336
f 107/184/337 159/198/250 158/201/253 109/185/338
s 26
f 160/205/332 159/198/331 107/184/339 139/223/340
s 18
f 138/222/341 161/202/254 160/205/257 139/223/342
s 25
f 104/187/343 162/208/326 161/202/329 138/222/344
s 17
f 163/209/261 162/208/260 104/187/345 105/186/346
f 96/159/198 164/210/262 172/213/265 173/183/347
f 85/161/200 165/214/266 164/210/262 96/159/198
s 21
f 122/135/281 166/219/276 165/214/279 85/161/282
s 16
f 76/134/150 167/216/268 166/219/271 122/135/181
s 19
f 169/175/216 168/174/215 103/110/239
s 17
f 170/176/218 169/175/217 103/110/163 149/113/166
f 171/212/264 170/176/218 149/113/166 116/206/258
f 172/213/265 171/212/264 116/206/258 163/209/261
f 105/186/346 173/183/347 172/213/265 163/209/261
s 20
f 174/180/225 173/183/232 105/186/235
f 105/186/235 109/185/234 175/181/226 174/180/225
f 176/182/230 175/181/226 109/185/234
s 17
f 158/201/253 177/197/249 176/182/336 109/185/338
f 113/200/252 178/196/248 177/197/249 158/201/253
f 144/121/174 179/179/223 178/196/248 113/200/252
f 108/120/173 180/177/224 179/179/223 144/121/174
s 19
f 181/178/222 180/177/221 108/120/240
f 108/120/240 103/110/239 168/174/215 181/178/222
s 16
f 81/94/148 140/107/160 73/105/157
f 81/94/153 75/109/162 154/221/241
f 81/94/348 153/96/149 119/224/269
f 81/94/348 119/224/269 167/220/268
s 27
f 192/225/349 191/226/350 193/227/351 194/228/352
f 193/227/351 191/226/350 195/229/353 196/230/354
s 28
f 188/231/355 184/232/356 182/233/357 189/234/358
s 29
f 189/234/359 182/233/360 186/235/361 190/236/362
s 28
f 185/237/363 188/231/355 189/234/358 183/238/364
s 29
f 183/238/365 189/234/359 190/236/362 187/239/366
s 30
f 192/225/367 182/240/368 184/241/369
f 182/240/368 194/228/370 186/242/371
f 192/225/367 194/228/370 182/240/368
s 27
f 195/243/353 203/244/372 204/245/373 196/246/354
f 204/245/373 203/244/372 205/247/374 206/248/375
s 28
f 200/249/376 185/250/363 183/251/364 201/252/377
s 29
f 201/252/378 183/251/365 187/253/366 202/254/379
s 28
f 198/255/380 200/249/376 201/252/377 197/256/381
s 29
f 197/256/382 201/252/378 202/254/379 199/257/383
s 31
f 205/247/384 197/258/385 206/248/386
f 205/247/384 198/259/387 197/258/385
f 206/248/386 197/258/385 199/260/388
s 28
f 188/261/355 267/262/389 276/263/390 184/264/356
f 185/265/363 268/266/391 267/267/389 188/268/355
s 30
f 184/269/369 276/270/392 275/271/393 192/272/367
s 32
f 192/273/394 275/274/395 274/275/396 191/276/397
f 191/277/397 274/278/396 273/279/398 195/280/399
s 28
f 200/281/376 269/282/400 268/283/391 185/284/363
f 198/285/380 270/286/401 269/287/400 200/288/376
s 32
f 195/289/399 273/290/398 272/291/402 203/292/403
s 31
f 205/293/384 271/294/404 270/295/405 198/296/387
s 32
f 203/297/403 272/298/402 271/299/406 205/300/407
s 28
f 208/301/408 218/302/409 217/303/410 207/304/411
f 209/305/412 219/306/413 218/307/409 208/308/408
s 33
f 207/309/414 217/310/415 220/311/416 210/312/417
s 32
f 210/313/418 220/314/419 221/315/420 211/316/421
f 211/317/421 221/318/420 222/319/422 212/320/423
s 28
f 213/321/424 223/322/425 219/323/413 209/324/412
f 214/325/426 224/326/427 223/327/425 213/328/424
s 32
f 212/329/423 222/330/422 225/331/428 215/332/429
s 34
f 216/333/430 226/334/431 224/335/432 214/336/433
s 32
f 215/337/429 225/338/428 226/339/434 216/340/435
s off
f 220/341/436 217/342/437 218/343/438 221/344/439
f 223/345/440 225/346/441 222/347/442 219/348/443
s 28
f 228/349/444 209/350/412 208/351/408 227/352/445
s 32
f 234/353/446 211/354/421 212/355/423 233/356/447
f 235/357/448 210/358/418 211/359/421 234/360/446
s 33
f 236/361/449 207/362/414 210/363/417 235/364/450
s 28
f 227/365/445 208/366/408 207/367/411 236/368/451
f 238/369/452 228/349/444 227/352/445 237/370/453
f 239/371/454 229/372/455 228/373/444 238/374/452
f 240/375/456 230/376/457 229/377/455 239/378/454
s 31
f 241/379/458 231/380/459 230/381/460 240/382/461
s 32
f 242/383/462 232/384/463 231/385/464 241/386/465
f 243/387/466 233/388/447 232/389/463 242/390/462
f 244/391/467 234/353/446 233/356/447 243/392/466
f 245/393/468 235/357/448 234/360/446 244/394/467
s 33
f 246/395/469 236/361/449 235/364/450 245/396/470
s 28
f 237/397/453 227/365/445 236/368/451 246/398/471
f 248/399/472 238/369/452 237/370/453 247/400/473
f 250/401/474 240/375/456 239/378/454 249/402/475
s 31
f 251/403/476 241/379/458 240/382/461 250/404/477
s 32
f 252/405/478 242/383/462 241/386/465 251/406/479
f 254/407/480 244/391/467 243/392/466 253/408/481
s 28
f 258/409/482 248/399/472 247/400/473 257/410/483
f 259/411/484 249/412/475 248/413/472 258/414/482
f 260/415/485 250/401/474 249/402/475 259/416/484
s 31
f 261/417/486 251/403/476 250/404/477 260/418/487
s 32
f 262/419/488 252/405/478 251/406/479 261/420/489
f 263/421/490 253/422/481 252/423/478 262/424/488
f 264/425/491 254/407/480 253/408/481 263/426/490
f 265/427/492 255/428/493 254/429/480 264/430/491
s off
f 266/431/494 256/432/495 255/433/496 265/434/497
s 28
f 257/435/483 247/436/473 256/437/498 266/438/499
f 268/266/391 258/409/482 257/410/483 267/267/389
f 270/286/401 260/415/485 259/416/484 269/287/400
s 31
f 271/294/404 261/417/486 260/418/487 270/295/405
s 32
f 272/298/402 262/419/488 261/420/489 271/299/406
f 274/278/396 264/425/491 263/426/490 273/279/398
s 29
f 190/439/362 279/440/500 278/441/501 187/442/366
s 38
f 196/443/502 283/444/503 282/445/504 193/446/505
s 29
f 187/447/366 278/448/501 277/449/506 202/450/379
f 202/451/379 277/452/506 286/453/507 199/454/383
s 38
f 204/455/508 284/456/509 283/457/503 196/458/502
s 31
f 199/459/388 286/460/510 285/461/511 206/462/386
s 38
f 206/463/512 285/464/513 284/465/509 204/466/508
s 39
f 229/372/514 232/467/515 233/468/516 228/373/517
s off
f 228/373/518 233/468/519 212/469/520 209/470/521
s 41
f 209/470/522 212/469/523 215/471/524 213/472/525
s 39
f 230/376/526 231/473/527 232/474/515 229/377/514
s 41
f 213/475/525 215/476/524 216/477/528 214/478/529
s off
f 249/412/530 252/479/531 253/480/532 248/413/533
f 248/413/534 253/480/535 243/481/536 238/374/537
f 238/374/538 243/481/539 242/482/540 239/371/541
f 239/371/542 242/482/543 252/479/544 249/412/545
f 247/436/546 254/483/547 255/484/548 256/437/549
f 246/398/550 245/485/551 244/486/552 237/397/553
f 237/397/554 244/486/555 254/483/556 247/436/557
f 269/282/558 272/487/559 273/488/560 268/283/561
f 268/283/562 273/488/563 263/489/564 258/414/565
f 258/414/566 263/489/567 262/490/568 259/411/569
f 259/411/570 262/490/571 272/487/572 269/282/573
f 267/262/574 274/491/575 275/492/576 276/263/577
f 266/438/578 265/493/579 264/494/580 257/435/581
f 257/435/582 264/494/583 274/491/584 267/262/585
s 29
f 279/440/500 289/495/586 288/496/587 278/441/501
f 280/497/588 290/498/589 289/499/586 279/500/500
s off
f 281/501/590 291/502/591 290/503/592 280/504/593
s 38
f 282/505/504 292/506/594 291/507/595 281/508/596
f 283/444/503 293/509/597 292/510/594 282/445/504
f 285/464/513 295/511/598 294/512/599 284/465/509
s 31
f 286/460/510 296/513/600 295/514/601 285/461/511
s 29
f 277/452/506 287/515/602 296/516/603 286/453/507
f 288/517/587 298/518/604 297/519/605 287/520/602
f 289/495/586 299/521/606 298/522/604 288/496/587
s 38
f 293/509/597 303/523/607 302/524/608 292/510/594
f 294/525/599 304/526/609 303/527/607 293/528/597
f 295/511/598 305/529/610 304/530/609 294/512/599
s 31
f 296/513/600 306/531/611 305/532/612 295/514/601
s 29
f 287/515/602 297/533/605 306/534/613 296/516/603
s off
f 186/535/614 194/536/615 193/537/616 190/538/617
f 190/538/618 193/537/619 282/539/620 279/500/621
f 279/500/622 282/539/623 281/540/624 280/497/625
f 278/448/626 283/541/627 284/542/628 277/449/629
f 277/449/630 284/542/631 294/543/632 287/520/633
f 287/520/634 294/543/635 293/544/636 288/517/637
f 288/517/638 293/544/639 283/541/640 278/448/641
f 290/498/642 291/545/643 292/546/644 289/499/645
f 289/499/646 292/546/647 302/547/648 299/548/649
s 66
f 317/549/650 319/550/651 318/551/652 316/552/653
f 318/551/652 321/553/654 320/554/655 316/552/653
s 67
f 313/555/656 314/556/657 307/557/658 309/558/659
s 29
f 314/556/660 315/559/661 311/560/662 307/557/663
s 67
f 310/561/664 308/562/665 314/556/657 313/555/656
s 29
f 308/562/666 312/563/667 315/559/661 314/556/660
s 68
f 317/549/668 309/564/669 307/565/670
f 307/565/670 311/566/671 319/550/672
f 317/549/668 307/565/670 319/550/672
s 66
f 320/567/655 321/568/654 329/569/673 328/570/674
f 329/569/673 331/571/675 330/572/676 328/570/674
s 67
f 325/573/677 326/574/678 308/575/665 310/576/664
s 29
f 326/574/679 327/577/680 312/578/667 308/575/666
s 67
f 323/579/681 322/580/682 326/574/678 325/573/677
s 29
f 322/580/683 324/581/684 327/577/680 326/574/679
s 69
f 330/572/685 331/571/686 322/582/687
f 330/572/685 322/582/687 323/583/688
f 331/571/686 324/584/689 322/582/687
s 67
f 313/585/656 309/586/659 401/587/690 392/588/691
f 310/589/664 313/590/656 392/591/691 393/592/692
s 68
f 309/593/669 317/594/668 400/595/693 401/596/694
s 70
f 317/597/695 316/598/696 399/599/697 400/600/698
f 316/601/696 320/602/699 398/603/700 399/604/697
s 67
f 325/605/677 310/606/664 393/607/692 394/608/701
f 323/609/681 325/610/677 394/611/701 395/612/702
s 70
f 320/613/699 328/614/703 397/615/704 398/616/700
s 69
f 330/617/685 323/618/688 395/619/705 396/620/706
s 70
f 328/621/703 330/622/707 396/623/708 397/624/704
s 67
f 333/625/709 332/626/710 342/627/711 343/628/712
f 334/629/713 333/630/709 343/631/712 344/632/714
s 71
f 332/633/715 335/634/716 345/635/717 342/636/718
s 70
f 335/637/719 336/638/720 346/639/721 345/640/722
f 336/641/720 337/642/723 347/643/724 346/644/721
s 67
f 338/645/725 334/646/713 344/647/714 348/648/726
f 339/649/727 338/650/725 348/651/726 349/652/728
s 70
f 337/653/723 340/654/729 350/655/730 347/656/724
s 72
f 341/657/731 339/658/732 349/659/733 351/660/734
s 70
f 340/661/729 341/662/735 351/663/736 350/664/730
s off
f 345/665/737 346/666/738 343/667/739 342/668/740
f 348/669/741 344/670/742 347/671/743 350/672/744
s 67
f 353/673/745 352/674/746 333/675/709 334/676/713
s 70
f 359/677/747 358/678/748 337/679/723 336/680/720
f 360/681/749 359/682/747 336/683/720 335/684/719
s 71
f 361/685/750 360/686/751 335/687/716 332/688/715
s 67
f 352/689/746 361/690/752 332/691/710 333/692/709
f 363/693/753 362/694/754 352/674/746 353/673/745
f 364/695/755 363/696/753 353/697/745 354/698/756
f 365/699/757 364/700/755 354/701/756 355/702/758
s 69
f 366/703/759 365/704/760 355/705/761 356/706/762
s 70
f 367/707/763 366/708/764 356/709/765 357/710/766
f 368/711/767 367/712/763 357/713/766 358/714/748
f 369/715/768 368/716/767 358/678/748 359/677/747
f 370/717/769 369/718/768 359/682/747 360/681/749
s 71
f 371/719/770 370/720/771 360/686/751 361/685/750
s 67
f 362/721/754 371/722/772 361/690/752 352/689/746
f 373/723/773 372/724/774 362/694/754 363/693/753
f 375/725/775 374/726/776 364/700/755 365/699/757
s 69
f 376/727/777 375/728/778 365/704/760 366/703/759
s 70
f 377/729/779 376/730/780 366/708/764 367/707/763
f 379/731/781 378/732/782 368/716/767 369/715/768
s 67
f 383/733/783 382/734/784 372/724/774 373/723/773
f 384/735/785 383/736/783 373/737/773 374/738/776
f 385/739/786 384/740/785 374/726/776 375/725/775
s 69
f 386/741/787 385/742/788 375/728/778 376/727/777
s 70
f 387/743/789 386/744/790 376/730/780 377/729/779
f 388/745/791 387/746/789 377/747/779 378/748/782
f 389/749/792 388/750/791 378/732/782 379/731/781
f 390/751/793 389/752/792 379/753/781 380/754/794
s off
f 391/755/795 390/756/796 380/757/797 381/758/798
s 67
f 382/759/784 391/760/799 381/761/800 372/762/774
f 393/592/692 392/591/691 382/734/784 383/733/783
f 395/612/702 394/611/701 384/740/785 385/739/786
s 69
f 396/620/706 395/619/705 385/742/788 386/741/787
s 70
f 397/624/704 396/623/708 386/744/790 387/743/789
f 399/604/697 398/603/700 388/750/791 389/749/792
s 29
f 315/763/661 312/764/667 413/765/801 414/766/802
s 38
f 321/767/803 318/768/804 417/769/805 418/770/806
s 29
f 312/771/667 327/772/680 412/773/807 413/774/801
f 327/775/680 324/776/684 421/777/808 412/778/807
s 38
f 329/779/809 321/780/803 418/781/806 419/782/810
s 69
f 324/783/689 331/784/686 420/785/811 421/786/812
s 38
f 331/787/813 329/788/809 419/789/810 420/790/814
s 29
f 402/791/815 403/792/816 299/793/606 300/794/817
f 403/795/816 404/796/818 298/797/604 299/798/606
s 76
f 405/799/819 402/800/820 300/801/821 301/802/822
s 38
f 406/803/823 405/804/824 301/805/825 302/806/608
f 407/807/826 406/808/823 302/809/608 303/810/607
s 29
f 404/811/818 408/812/827 297/813/605 298/814/604
f 408/815/827 409/816/828 306/817/613 297/818/605
s 38
f 410/819/829 407/820/826 303/821/607 304/822/609
s 31
f 409/823/830 411/824/831 305/825/612 306/826/611
s 38
f 411/827/832 410/828/829 304/829/609 305/830/610
s off
f 302/831/833 301/832/834 300/833/835 299/834/836
s 78
f 354/698/837 353/697/838 358/835/839 357/836/840
s off
f 353/697/841 334/837/842 337/838/843 358/835/844
s 80
f 334/837/845 338/839/846 340/840/847 337/838/848
s 78
f 355/702/849 354/701/837 357/841/840 356/842/850
s 80
f 338/843/846 339/844/851 341/845/852 340/846/847
s off
f 374/738/853 373/737/854 378/847/855 377/848/856
f 373/737/857 363/696/858 368/849/859 378/847/860
f 363/696/861 364/695/862 367/850/863 368/849/864
f 364/695/865 374/738/866 377/848/867 367/850/868
f 372/762/869 381/761/870 380/851/871 379/852/872
f 371/722/873 362/721/874 369/853/875 370/854/876
f 362/721/877 372/762/878 379/852/879 369/853/880
f 394/608/881 393/607/882 398/855/883 397/856/884
f 393/607/885 383/736/886 388/857/887 398/855/888
f 383/736/889 384/735/890 387/858/891 388/857/892
f 384/735/893 394/608/894 397/856/895 387/858/896
f 392/588/897 401/587/898 400/859/899 399/860/900
f 391/760/901 382/759/902 389/861/903 390/862/904
f 382/759/905 392/588/906 399/860/907 389/861/908
s 29
f 414/766/802 413/765/801 423/863/909 424/864/910
f 415/865/911 414/866/802 424/867/910 425/868/912
s off
f 416/869/913 415/870/914 425/871/915 426/872/916
s 38
f 417/873/805 416/874/917 426/875/918 427/876/919
f 418/770/806 417/769/805 427/877/919 428/878/920
f 420/790/814 419/789/810 429/879/921 430/880/922
s 69
f 421/786/812 420/785/811 430/881/923 431/882/924
s 29
f 412/778/807 421/777/808 431/883/925 422/884/926
f 423/885/909 422/886/926 442/887/927 443/888/928
f 424/864/910 423/863/909 443/889/928 444/890/929
s 38
f 428/878/920 427/877/919 447/891/930 448/892/931
f 429/893/921 428/894/920 448/895/931 449/896/932
f 430/880/922 429/879/921 449/897/932 450/898/933
s 69
f 431/882/924 430/881/923 450/899/934 451/900/935
s 29
f 422/884/926 431/883/925 451/901/936 442/902/927
f 434/903/937 433/904/938 404/905/818 403/906/816
f 435/907/939 434/908/937 403/909/816 402/910/815
s 76
f 436/911/940 435/912/941 402/913/820 405/914/819
s 38
f 437/915/942 436/916/943 405/917/824 406/918/823
f 438/919/944 437/920/942 406/921/823 407/922/826
s 29
f 443/888/928 442/887/927 432/923/945 433/924/938
f 444/890/929 443/889/928 433/904/938 434/903/937
f 445/925/946 444/926/929 434/908/937 435/907/939
s 76
f 446/927/947 445/928/948 435/912/941 436/911/940
s 38
f 447/929/930 446/930/949 436/916/943 437/915/942
f 448/892/931 447/891/930 437/920/942 438/919/944
f 449/896/932 448/895/931 438/931/944 439/932/950
f 450/898/933 449/897/932 439/933/950 440/934/951
s 69
f 451/900/935 450/899/934 440/935/952 441/936/953
s 29
f 442/902/927 451/901/936 441/937/954 432/938/945
s off
f 311/939/955 315/940/956 318/941/957 319/942/958
f 315/940/959 414/866/960 417/943/961 318/941/962
f 414/866/963 415/865/964 416/944/965 417/943/966
f 413/774/967 412/773/968 419/945/969 418/946/970
f 412/773/971 422/886/972 429/947/973 419/945/974
f 422/886/975 423/885/976 428/948/977 429/947/978
f 423/885/979 413/774/980 418/946/981 428/948/982
f 425/868/983 424/867/984 427/949/985 426/950/986
f 424/867/987 444/926/988 447/951/989 427/949/990
f 444/926/991 445/925/992 446/952/993 447/951/994
s 106
f 433/924/995 432/923/996 439/953/997 438/954/998
s 107
f 408/955/999 404/956/1000 407/957/1001 410/958/1002
s off
f 404/956/1003 433/924/1004 438/954/1005 407/957/1006
s 106
f 432/938/996 441/937/1007 440/959/1008 439/960/997
s 107
f 409/961/1009 408/962/999 410/963/1002 411/964/1010
s 109
f 462/965/1011 461/966/1012 463/967/1013 464/968/1014
f 463/967/1013 461/966/1012 465/969/1015 466/970/1016
s 67
f 458/971/1017 454/972/1018 452/973/1019 459/974/1020
s 110
f 459/974/1021 452/973/1022 456/975/1023 460/976/1024
s 67
f 455/977/1025 458/971/1017 459/974/1020 453/978/1026
s 110
f 453/978/1027 459/974/1021 460/976/1024 457/979/1028
s 111
f 462/965/1029 452/980/1030 454/981/1031
f 452/980/1030 464/968/1032 456/982/1033
f 462/965/1029 464/968/1032 452/980/1030
s 109
f 465/983/1015 473/984/1034 474/985/1035 466/986/1016
f 474/985/1035 473/984/1034 475/987/1036 476/988/1037
s 67
f 470/989/1038 455/990/1025 453/991/1026 471/992/1039
s 110
f 471/992/1040 453/991/1027 457/993/1028 472/994/1041
s 67
f 468/995/1042 470/989/1038 471/992/1039 467/996/1043
s 110
f 467/996/1044 471/992/1040 472/994/1041 469/997/1045
s 72
f 475/987/1046 467/998/1047 476/988/1048
f 475/987/1046 468/999/1049 467/998/1047
f 476/988/1048 467/998/1047 469/1000/1050
s 67
f 458/1001/1017 497/1002/1051 506/1003/1052 454/1004/1018
f 455/1005/1025 498/1006/1053 497/1007/1051 458/1008/1017
s 111
f 454/1009/1031 506/1010/1054 505/1011/1055 462/1012/1029
s 70
f 462/1013/1056 505/1014/1057 504/1015/1058 461/1016/1059
f 461/1017/1059 504/1018/1058 503/1019/1060 465/1020/1061
s 67
f 470/1021/1038 499/1022/1062 498/1023/1053 455/1024/1025
f 468/1025/1042 500/1026/1063 499/1027/1062 470/1028/1038
s 70
f 465/1029/1061 503/1030/1060 502/1031/1064 473/1032/1065
s 72
f 475/1033/1046 501/1034/1066 500/1035/1067 468/1036/1049
s 70
f 473/1037/1065 502/1038/1064 501/1039/1068 475/1040/1069
s 67
f 478/1041/1070 344/1042/714 343/1043/712 477/1044/1071
f 480/1045/1072 349/1046/728 348/1047/726 479/1048/1073
s 72
f 481/1049/1074 351/1050/734 349/1051/733 480/1052/1075
s 70
f 482/1053/1076 350/1054/730 351/1055/736 481/1056/1077
f 484/1057/1078 346/1058/721 347/1059/724 483/1060/1079
s 67
f 488/1061/1080 478/1041/1070 477/1044/1071 487/1062/1081
f 489/1063/1082 479/1064/1073 478/1065/1070 488/1066/1080
f 490/1067/1083 480/1045/1072 479/1048/1073 489/1068/1082
s 72
f 491/1069/1084 481/1049/1074 480/1052/1075 490/1070/1085
s 70
f 492/1071/1086 482/1053/1076 481/1056/1077 491/1072/1087
f 493/1073/1088 483/1074/1079 482/1075/1076 492/1076/1086
f 494/1077/1089 484/1057/1078 483/1060/1079 493/1078/1088
f 495/1079/1090 485/1080/1091 484/1081/1078 494/1082/1089
s off
f 496/1083/1092 486/1084/1093 485/1085/1094 495/1086/1095
s 67
f 487/1087/1081 477/1088/1071 486/1089/1096 496/1090/1097
f 498/1006/1053 488/1061/1080 487/1062/1081 497/1007/1051
f 500/1026/1063 490/1067/1083 489/1068/1082 499/1027/1062
s 72
f 501/1034/1066 491/1069/1084 490/1070/1085 500/1035/1067
s 70
f 502/1038/1064 492/1071/1086 491/1072/1087 501/1039/1068
f 504/1018/1058 494/1077/1089 493/1078/1088 503/1019/1060
s 110
f 460/1091/1024 509/1092/1098 508/1093/1099 457/1094/1028
s 113
f 466/1095/1100 513/1096/1101 512/1097/1102 463/1098/1103
s 110
f 457/1099/1028 508/1100/1099 507/1101/1104 472/1102/1041
f 472/1103/1041 507/1104/1104 516/1105/1105 469/1106/1045
s 113
f 474/1107/1106 514/1108/1107 513/1109/1101 466/1110/1100
s 72
f 469/1111/1050 516/1112/1108 515/1113/1109 476/1114/1048
s 113
f 476/1115/1110 515/1116/1111 514/1117/1107 474/1118/1106
s off
f 479/1064/1112 482/1119/1113 483/1120/1114 478/1065/1115
f 478/1065/1116 483/1120/1117 347/1121/1118 344/1122/1119
f 348/1123/1120 350/1124/1121 482/1119/1122 479/1064/1123
f 477/1088/1124 484/1125/1125 485/1126/1126 486/1089/1127
f 343/1127/1128 346/1128/1129 484/1125/1130 477/1088/1131
f 499/1022/1132 502/1129/1133 503/1130/1134 498/1023/1135
f 498/1023/1136 503/1130/1137 493/1131/1138 488/1066/1139
f 488/1066/1140 493/1131/1141 492/1132/1142 489/1063/1143
f 489/1063/1144 492/1132/1145 502/1129/1146 499/1022/1147
f 497/1002/1148 504/1133/1149 505/1134/1150 506/1003/1151
f 496/1090/1152 495/1135/1153 494/1136/1154 487/1087/1155
f 487/1087/1156 494/1136/1157 504/1133/1158 497/1002/1159
s 110
f 509/1092/1098 519/1137/1160 518/1138/1161 508/1093/1099
f 510/1139/1162 520/1140/1163 519/1141/1160 509/1142/1098
s off
f 511/1143/1164 521/1144/1165 520/1145/1166 510/1146/1167
s 113
f 512/1147/1102 522/1148/1168 521/1149/1169 511/1150/1170
f 513/1096/1101 523/1151/1171 522/1152/1168 512/1097/1102
f 515/1116/1111 525/1153/1172 524/1154/1173 514/1117/1107
s 72
f 516/1112/1108 526/1155/1174 525/1156/1175 515/1113/1109
s 110
f 507/1104/1104 517/1157/1176 526/1158/1177 516/1105/1105
f 518/1159/1161 528/1160/1178 527/1161/1179 517/1162/1176
f 519/1137/1160 529/1163/1180 528/1164/1178 518/1138/1161
s 113
f 523/1151/1171 533/1165/1181 532/1166/1182 522/1152/1168
f 524/1167/1173 534/1168/1183 533/1169/1181 523/1170/1171
f 525/1153/1172 535/1171/1184 534/1172/1183 524/1154/1173
s 72
f 526/1155/1174 536/1173/1185 535/1174/1186 525/1156/1175
s 110
f 517/1157/1176 527/1175/1179 536/1176/1187 526/1158/1177
s off
f 456/1177/1188 464/1178/1189 463/1179/1190 460/1180/1191
f 460/1180/1192 463/1179/1193 512/1181/1194 509/1142/1195
f 509/1142/1196 512/1181/1197 511/1182/1198 510/1139/1199
f 508/1100/1200 513/1183/1201 514/1184/1202 507/1101/1203
f 507/1101/1204 514/1184/1205 524/1185/1206 517/1162/1207
f 517/1162/1208 524/1185/1209 523/1186/1210 518/1159/1211
f 518/1159/1212 523/1186/1213 513/1183/1214 508/1100/1215
f 520/1140/1216 521/1187/1217 522/1188/1218 519/1141/1219
f 519/1141/1220 522/1188/1221 532/1189/1222 529/1190/1223
s 136
f 547/1191/1224 549/1192/1225 548/1193/1226 546/1194/1227
f 548/1193/1226 551/1195/1228 550/1196/1229 546/1194/1227
s 28
f 543/1197/1230 544/1198/1231 537/1199/1232 539/1200/1233
s 110
f 544/1198/1234 545/1201/1235 541/1202/1236 537/1199/1237
s 28
f 540/1203/1238 538/1204/1239 544/1198/1231 543/1197/1230
s 110
f 538/1204/1240 542/1205/1241 545/1201/1235 544/1198/1234
s 137
f 547/1191/1242 539/1206/1243 537/1207/1244
f 537/1207/1244 541/1208/1245 549/1192/1246
f 547/1191/1242 537/1207/1244 549/1192/1246
s 136
f 550/1209/1229 551/1210/1228 559/1211/1247 558/1212/1248
f 559/1211/1247 561/1213/1249 560/1214/1250 558/1212/1248
s 28
f 555/1215/1251 556/1216/1252 538/1217/1239 540/1218/1238
s 110
f 556/1216/1253 557/1219/1254 542/1220/1241 538/1217/1240
s 28
f 553/1221/1255 552/1222/1256 556/1216/1252 555/1215/1251
s 110
f 552/1222/1257 554/1223/1258 557/1219/1254 556/1216/1253
s 34
f 560/1214/1259 561/1213/1260 552/1224/1261
f 560/1214/1259 552/1224/1261 553/1225/1262
f 561/1213/1260 554/1226/1263 552/1224/1261
s 28
f 543/1227/1230 539/1228/1233 591/1229/1264 582/1230/1265
f 540/1231/1238 543/1232/1230 582/1233/1265 583/1234/1266
s 137
f 539/1235/1243 547/1236/1242 590/1237/1267 591/1238/1268
s 32
f 547/1239/1269 546/1240/1270 589/1241/1271 590/1242/1272
f 546/1243/1270 550/1244/1273 588/1245/1274 589/1246/1271
s 28
f 555/1247/1251 540/1248/1238 583/1249/1266 584/1250/1275
f 553/1251/1255 555/1252/1251 584/1253/1275 585/1254/1276
s 32
f 550/1255/1273 558/1256/1277 587/1257/1278 588/1258/1274
s 34
f 560/1259/1259 553/1260/1262 585/1261/1279 586/1262/1280
s 32
f 558/1263/1277 560/1264/1281 586/1265/1282 587/1266/1278
s 28
f 563/1267/1283 562/1268/1284 218/1269/409 219/1270/413
f 565/1271/1285 564/1272/1286 223/1273/425 224/1274/427
s 34
f 566/1275/1287 565/1276/1288 224/1277/432 226/1278/431
s 32
f 567/1279/1289 566/1280/1290 226/1281/434 225/1282/428
f 569/1283/1291 568/1284/1292 222/1285/422 221/1286/420
s 28
f 573/1287/1293 572/1288/1294 562/1268/1284 563/1267/1283
f 574/1289/1295 573/1290/1293 563/1291/1283 564/1292/1286
f 575/1293/1296 574/1294/1295 564/1272/1286 565/1271/1285
s 34
f 576/1295/1297 575/1296/1298 565/1276/1288 566/1275/1287
s 32
f 577/1297/1299 576/1298/1300 566/1280/1290 567/1279/1289
f 578/1299/1301 577/1300/1299 567/1301/1289 568/1302/1292
f 579/1303/1302 578/1304/1301 568/1284/1292 569/1283/1291
f 580/1305/1303 579/1306/1302 569/1307/1291 570/1308/1304
s off
f 581/1309/1305 580/1310/1306 570/1311/1307 571/1312/1308
s 28
f 572/1313/1294 581/1314/1309 571/1315/1310 562/1316/1284
f 583/1234/1266 582/1233/1265 572/1288/1294 573/1287/1293
f 585/1254/1276 584/1253/1275 574/1294/1295 575/1293/1296
s 34
f 586/1262/1280 585/1261/1279 575/1296/1298 576/1295/1297
s 32
f 587/1266/1278 586/1265/1282 576/1298/1300 577/1297/1299
f 589/1246/1271 588/1245/1274 578/1304/1301 579/1303/1302
s 110
f 545/1317/1235 542/1318/1241 603/1319/1311 604/1320/1312
s 113
f 551/1321/1313 548/1322/1314 607/1323/1315 608/1324/1316
s 110
f 542/1325/1241 557/1326/1254 602/1327/1317 603/1328/1311
f 557/1329/1254 554/1330/1258 611/1331/1318 602/1332/1317
s 113
f 559/1333/1319 551/1334/1313 608/1335/1316 609/1336/1320
s 34
f 554/1337/1263 561/1338/1260 610/1339/1321 611/1340/1322
s 113
f 561/1341/1323 559/1342/1319 609/1343/1320 610/1344/1324
s 110
f 592/1345/1325 593/1346/1326 529/1347/1180 530/1348/1327
f 593/1349/1326 594/1350/1328 528/1351/1178 529/1352/1180
s 139
f 595/1353/1329 592/1354/1330 530/1355/1331 531/1356/1332
s 113
f 596/1357/1333 595/1358/1334 531/1359/1335 532/1360/1182
f 597/1361/1336 596/1362/1333 532/1363/1182 533/1364/1181
s 110
f 594/1365/1328 598/1366/1337 527/1367/1179 528/1368/1178
f 598/1369/1337 599/1370/1338 536/1371/1187 527/1372/1179
s 113
f 600/1373/1339 597/1374/1336 533/1375/1181 534/1376/1183
s 72
f 599/1377/1340 601/1378/1341 535/1379/1186 536/1380/1185
s 113
f 601/1381/1342 600/1382/1339 534/1383/1183 535/1384/1184
s off
f 532/1385/1343 531/1386/1344 530/1387/1345 529/1388/1346
f 564/1292/1347 563/1291/1348 568/1389/1349 567/1390/1350
f 563/1291/1351 219/1391/1352 222/1392/1353 568/1389/1354
f 223/1393/1355 564/1292/1356 567/1390/1357 225/1394/1358
f 562/1316/1359 571/1315/1360 570/1395/1361 569/1396/1362
f 218/1397/1363 562/1316/1364 569/1396/1365 221/1398/1366
f 584/1250/1367 583/1249/1368 588/1399/1369 587/1400/1370
f 583/1249/1371 573/1290/1372 578/1401/1373 588/1399/1374
f 573/1290/1375 574/1289/1376 577/1402/1377 578/1401/1378
f 574/1289/1379 584/1250/1380 587/1400/1381 577/1402/1382
f 582/1230/1383 591/1229/1384 590/1403/1385 589/1404/1386
f 581/1314/1387 572/1313/1388 579/1405/1389 580/1406/1390
f 572/1313/1391 582/1230/1392 589/1404/1393 579/1405/1394
s 110
f 604/1320/1312 603/1319/1311 613/1407/1395 614/1408/1396
f 605/1409/1397 604/1410/1312 614/1411/1396 615/1412/1398
s off
f 606/1413/1399 605/1414/1400 615/1415/1401 616/1416/1402
s 113
f 607/1417/1315 606/1418/1403 616/1419/1404 617/1420/1405
f 608/1324/1316 607/1323/1315 617/1421/1405 618/1422/1406
f 610/1344/1324 609/1343/1320 619/1423/1407 620/1424/1408
s 34
f 611/1340/1322 610/1339/1321 620/1425/1409 621/1426/1410
s 110
f 602/1332/1317 611/1331/1318 621/1427/1411 612/1428/1412
f 613/1429/1395 612/1430/1412 632/1431/1413 633/1432/1414
f 614/1408/1396 613/1407/1395 633/1433/1414 634/1434/1415
s 113
f 618/1422/1406 617/1421/1405 637/1435/1416 638/1436/1417
f 619/1437/1407 618/1438/1406 638/1439/1417 639/1440/1418
f 620/1424/1408 619/1423/1407 639/1441/1418 640/1442/1419
s 34
f 621/1426/1410 620/1425/1409 640/1443/1420 641/1444/1421
s 110
f 612/1428/1412 621/1427/1411 641/1445/1422 632/1446/1413
f 624/1447/1423 623/1448/1424 594/1449/1328 593/1450/1326
f 625/1451/1425 624/1452/1423 593/1453/1326 592/1454/1325
s 139
f 626/1455/1426 625/1456/1427 592/1457/1330 595/1458/1329
s 113
f 627/1459/1428 626/1460/1429 595/1461/1334 596/1462/1333
f 628/1463/1430 627/1464/1428 596/1465/1333 597/1466/1336
s 110
f 633/1432/1414 632/1431/1413 622/1467/1431 623/1468/1424
f 634/1434/1415 633/1433/1414 623/1448/1424 624/1447/1423
f 635/1469/1432 634/1470/1415 624/1452/1423 625/1451/1425
s 139
f 636/1471/1433 635/1472/1434 625/1456/1427 626/1455/1426
s 113
f 637/1473/1416 636/1474/1435 626/1460/1429 627/1459/1428
f 638/1436/1417 637/1435/1416 627/1464/1428 628/1463/1430
f 639/1440/1418 638/1439/1417 628/1475/1430 629/1476/1436
f 640/1442/1419 639/1441/1418 629/1477/1436 630/1478/1437
s 34
f 641/1444/1421 640/1443/1420 630/1479/1438 631/1480/1439
s 110
f 632/1446/1413 641/1445/1422 631/1481/1440 622/1482/1431
s off
f 541/1483/1441 545/1484/1442 548/1485/1443 549/1486/1444
f 545/1484/1445 604/1410/1446 607/1487/1447 548/1485/1448
f 604/1410/1449 605/1409/1450 606/1488/1451 607/1487/1452
f 603/1328/1453 602/1327/1454 609/1489/1455 608/1490/1456
f 602/1327/1457 612/1430/1458 619/1491/1459 609/1489/1460
f 612/1430/1461 613/1429/1462 618/1492/1463 619/1491/1464
f 613/1429/1465 603/1328/1466 608/1490/1467 618/1492/1468
f 615/1412/1469 614/1411/1470 617/1493/1471 616/1494/1472
f 614/1411/1473 634/1470/1474 637/1495/1475 617/1493/1476
f 634/1470/1477 635/1469/1478 636/1496/1479 637/1495/1480
s 164
f 623/1468/1481 622/1467/1482 629/1497/1483 628/1498/1484
s 165
f 598/1499/1485 594/1500/1486 597/1501/1487 600/1502/1488
s off
f 594/1500/1489 623/1468/1490 628/1498/1491 597/1501/1492
s 164
f 622/1482/1482 631/1481/1493 630/1503/1494 629/1504/1483
s 165
f 599/1505/1495 598/1506/1485 600/1507/1488 601/1508/1496
s off
f 642/1509/1497 643/1510/1498 645/1511/1499 644/1512/1500
f 654/1513/1501 655/1514/1502 656/1515/1503 657/1516/1504
f 646/1517/1505 647/1518/1506 649/1519/1507 648/1520/1508
f 648/1520/1509 649/1519/1510 643/1521/1511 642/1522/1512
f 643/1510/1513 649/1523/1514 647/1524/1515 645/1511/1516
f 648/1525/1517 642/1509/1518 644/1512/1519 646/1526/1520
s 173
f 644/1512/1521 645/1511/1522 651/1527/1523 650/1528/1524
f 645/1511/1522 647/1518/1525 652/1529/1526 651/1527/1523
f 647/1518/1525 646/1517/1527 653/1530/1528 652/1529/1526
f 646/1517/1527 644/1512/1521 650/1528/1524 653/1530/1528
s off
f 650/1528/1529 651/1527/1530 655/1514/1531 654/1513/1532
f 651/1527/1533 652/1529/1534 656/1515/1535 655/1514/1536
f 652/1529/1537 653/1530/1538 657/1516/1539 656/1515/1540
f 653/1530/1541 650/1528/1542 654/1513/1543 657/1516/1544
f 658/1531/1545 659/1532/1546 661/1533/1547 660/1534/1548
f 670/1535/1549 671/1536/1550 672/1537/1551 673/1538/1552
f 662/1539/1553 663/1540/1554 665/1541/1555 664/1542/1556
f 664/1542/1557 665/1541/1558 659/1543/1559 658/1544/1560
f 659/1532/1561 665/1545/1562 663/1546/1563 661/1533/1564
f 664/1547/1565 658/1531/1566 660/1534/1567 662/1548/1568
s 184
f 660/1534/1569 661/1533/1570 667/1549/1571 666/1550/1572
f 661/1533/1570 663/1540/1573 668/1551/1574 667/1549/1571
f 663/1540/1573 662/1539/1575 669/1552/1576 668/1551/1574
f 662/1539/1575 660/1534/1569 666/1550/1572 669/1552/1576
s off
f 666/1550/1577 667/1549/1578 671/1536/1579 670/1535/1580
f 667/1549/1581 668/1551/1582 672/1537/1583 671/1536/1584
f 668/1551/1585 669/1552/1586 673/1538/1587 672/1537/1588
f 669/1552/1589 666/1550/1590 670/1535/1591 673/1538/1592
f 674/1553/1593 675/1554/1594 677/1555/1595 676/1556/1596
f 686/1557/1597 687/1558/1598 688/1559/1599 689/1560/1600
f 678/1561/1601 679/1562/1602 681/1563/1603 680/1564/1604
f 680/1564/1605 681/1563/1606 675/1565/1607 674/1566/1608
f 675/1554/1609 681/1567/1610 679/1568/1611 677/1555/1612
f 680/1569/1613 674/1553/1614 676/1556/1615 678/1570/1616
s 195
f 676/1556/1617 677/1555/1618 683/1571/1619 682/1572/1620
f 677/1555/1618 679/1562/1621 684/1573/1622 683/1571/1619
f 679/1562/1621 678/1561/1623 685/1574/1624 684/1573/1622
f 678/1561/1623 676/1556/1617 682/1572/1620 685/1574/1624
s off
f 682/1572/1625 683/1571/1626 687/1558/1627 686/1557/1628
f 683/1571/1629 684/1573/1630 688/1559/1631 687/1558/1632
f 684/1573/1633 685/1574/1634 689/1560/1635 688/1559/1636
f 685/1574/1637 682/1572/1638 686/1557/1639 689/1560/1640
f 690/1575/1641 691/1576/1642 693/1577/1643 692/1578/1644
f 702/1579/1645 703/1580/1646 704/1581/1647 705/1582/1648
f 694/1583/1649 695/1584/1650 697/1585/1651 696/1586/1652
f 696/1586/1653 697/1585/1654 691/1587/1655 690/1588/1656
f 691/1576/1657 697/1589/1658 695/1590/1659 693/1577/1660
f 696/1591/1661 690/1575/1662 692/1578/1663 694/1592/1664
s 206
f 692/1578/1665 693/1577/1666 699/1593/1667 698/1594/1668
f 693/1577/1666 695/1584/1669 700/1595/1670 699/1593/1667
f 695/1584/1669 694/1583/1671 701/1596/1672 700/1595/1670
f 694/1583/1671 692/1578/1665 698/1594/1668 701/1596/1672
s off
f 698/1594/1673 699/1593/1674 703/1580/1675 702/1579/1676
f 699/1593/1677 700/1595/1678 704/1581/1679 703/1580/1680
f 700/1595/1681 701/1596/1682 705/1582/1683 704/1581/1684
f 701/1596/1685 698/1594/1686 702/1579/1687 705/1582/1688
f 706/1597/1689 707/1598/1690 709/1599/1691 708/1600/1692
f 718/1601/1693 719/1602/1694 720/1603/1695 721/1604/1696
f 710/1605/1697 711/1606/1698 713/1607/1699 712/1608/1700
f 712/1608/1701 713/1607/1702 707/1609/1703 706/1610/1704
f 707/1598/1705 713/1611/1706 711/1612/1707 709/1599/1708
f 712/1613/1709 706/1597/1710 708/1600/1711 710/1614/1712
s 217
f 708/1600/1713 709/1599/1714 715/1615/1715 714/1616/1716
f 709/1599/1714 711/1606/1717 716/1617/1718 715/1615/1715
f 711/1606/1717 710/1605/1719 717/1618/1720 716/1617/1718
f 710/1605/1719 708/1600/1713 714/1616/1716 717/1618/1720
s off
f 714/1616/1721 715/1615/1722 719/1602/1723 718/1601/1724
f 715/1615/1725 716/1617/1726 720/1603/1727 719/1602/1728
f 716/1617/1729 717/1618/1730 721/1604/1731 720/1603/1732
f 717/1618/1733 714/1616/1734 718/1601/1735 721/1604/1736
f 722/1619/1737 723/1620/1738 725/1621/1739 724/1622/1740
f 734/1623/1741 735/1624/1742 736/1625/1743 737/1626/1744
f 726/1627/1745 727/1628/1746 729/1629/1747 728/1630/1748
f 728/1630/1749 729/1629/1750 723/1631/1751 722/1632/1752
f 723/1620/1753 729/1633/1754 727/1634/1755 725/1621/1756
f 728/1635/1757 722/1619/1758 724/1622/1759 726/1636/1760
s 228
f 724/1622/1761 725/1621/1762 731/1637/1763 730/1638/1764
f 725/1621/1762 727/1628/1765 732/1639/1766 731/1637/1763
f 727/1628/1765 726/1627/1767 733/1640/1768 732/1639/1766
f 726/1627/1767 724/1622/1761 730/1638/1764 733/1640/1768
s off
f 730/1638/1769 731/1637/1770 735/1624/1771 734/1623/1772
f 731/1637/1773 732/1639/1774 736/1625/1775 735/1624/1776
f 732/1639/1777 733/1640/1778 737/1626/1779 736/1625/1780
f 733/1640/1781 730/1638/1782 734/1623/1783 737/1626/1784
f 738/1641/1785 739/1642/1786 741/1643/1787 740/1644/1788
f 750/1645/1789 751/1646/1790 752/1647/1791 753/1648/1792
f 742/1649/1793 743/1650/1794 745/1651/1795 744/1652/1796
f 744/1652/1797 745/1651/1798 739/1653/1799 738/1654/1800
f 739/1642/1801 745/1655/1802 743/1656/1803 741/1643/1804
f 744/1657/1805 738/1641/1806 740/1644/1807 742/1658/1808
s 239
f 740/1644/1809 741/1643/1810 747/1659/1811 746/1660/1812
f 741/1643/1810 743/1650/1813 748/1661/1814 747/1659/1811
f 743/1650/1813 742/1649/1815 749/1662/1816 748/1661/1814
f 742/1649/1815 740/1644/1809 746/1660/1812 749/1662/1816
s off
f 746/1660/1817 747/1659/1818 751/1646/1819 750/1645/1820
f 747/1659/1821 748/1661/1822 752/1647/1823 751/1646/1824
f 748/1661/1825 749/1662/1826 753/1648/1827 752/1647/1828
f 749/1662/1829 746/1660/1830 750/1645/1831 753/1648/1832
f 754/1663/1833 755/1664/1834 757/1665/1835 756/1666/1836
f 766/1667/1837 767/1668/1838 768/1669/1839 769/1670/1840
f 758/1671/1841 759/1672/1842 761/1673/1843 760/1674/1844
f 760/1674/1845 761/1673/1846 755/1675/1847 754/1676/1848
f 755/1664/1849 761/1677/1850 759/1678/1851 757/1665/1852
f 760/1679/1853 754/1663/1854 756/1666/1855 758/1680/1856
s 250
f 756/1666/1857 757/1665/1858 763/1681/1859 762/1682/1860
f 757/1665/1858 759/1672/1861 764/1683/1862 763/1681/1859
f 759/1672/1861 758/1671/1863 765/1684/1864 764/1683/1862
f 758/1671/1863 756/1666/1857 762/1682/1860 765/1684/1864
s off
f 762/1682/1865 763/1681/1866 767/1668/1867 766/1667/1868
f 763/1681/1869 764/1683/1870 768/1669/1871 767/1668/1872
f 764/1683/1873 765/1684/1874 769/1670/1875 768/1669/1876
f 765/1684/1877 762/1682/1878 766/1667/1879 769/1670/1880
f 770/1685/1881 771/1686/1882 773/1687/1883 772/1688/1884
f 782/1689/1885 783/1690/1886 784/1691/1887 785/1692/1888
f 774/1693/1889 775/1694/1890 777/1695/1891 776/1696/1892
f 776/1696/1893 777/1695/1894 771/1697/1895 770/1698/1896
f 771/1686/1897 777/1699/1898 775/1700/1899 773/1687/1900
f 776/1701/1901 770/1685/1902 772/1688/1903 774/1702/1904
s 261
f 772/1688/1905 773/1687/1906 779/1703/1907 778/1704/1908
f 773/1687/1906 775/1694/1909 780/1705/1910 779/1703/1907
f 775/1694/1909 774/1693/1911 781/1706/1912 780/1705/1910
f 774/1693/1911 772/1688/1905 778/1704/1908 781/1706/1912
s off
f 778/1704/1913 779/1703/1914 783/1690/1915 782/1689/1916
f 779/1703/1917 780/1705/1918 784/1691/1919 783/1690/1920
f 780/1705/1921 781/1706/1922 785/1692/1923 784/1691/1924
f 781/1706/1925 778/1704/1926 782/1689/1927 785/1692/1928
f 786/1707/1929 787/1708/1930 789/1709/1931 788/1710/1932
f 798/1711/1933 799/1712/1934 800/1713/1935 801/1714/1936
f 790/1715/1937 791/1716/1938 793/1717/1939 792/1718/1940
f 792/1718/1941 793/1717/1942 787/1719/1943 786/1720/1944
f 787/1708/1945 793/1721/1946 791/1722/1947 789/1709/1948
f 792/1723/1949 786/1707/1950 788/1710/1951 790/1724/1952
s 272
f 788/1710/1953 789/1709/1954 795/1725/1955 794/1726/1956
f 789/1709/1954 791/1716/1957 796/1727/1958 795/1725/1955
f 791/1716/1957 790/1715/1959 797/1728/1960 796/1727/1958
f 790/1715/1959 788/1710/1953 794/1726/1956 797/1728/1960
s off
f 794/1726/1961 795/1725/1962 799/1712/1963 798/1711/1964
f 795/1725/1965 796/1727/1966 800/1713/1967 799/1712/1968
f 796/1727/1969 797/1728/1970 801/1714/1971 800/1713/1972
f 797/1728/1973 794/1726/1974 798/1711/1975 801/1714/1976
f 802/1729/1977 803/1730/1978 805/1731/1979 804/1732/1980
f 814/1733/1981 815/1734/1982 816/1735/1983 817/1736/1984
f 806/1737/1985 807/1738/1986 809/1739/1987 808/1740/1988
f 808/1740/1989 809/1739/1990 803/1741/1991 802/1742/1992
f 803/1730/1993 809/1743/1994 807/1744/1995 805/1731/1996
f 808/1745/1997 802/1729/1998 804/1732/1999 806/1746/2000
s 283
f 804/1732/2001 805/1731/2002 811/1747/2003 810/1748/2004
f 805/1731/2002 807/1738/2005 812/1749/2006 811/1747/2003
f 807/1738/2005 806/1737/2007 813/1750/2008 812/1749/2006
f 806/1737/2007 804/1732/2001 810/1748/2004 813/1750/2008
s off
f 810/1748/2009 811/1747/2010 815/1734/2011 814/1733/2012
f 811/1747/2013 812/1749/2014 816/1735/2015 815/1734/2016
f 812/1749/2017 813/1750/2018 817/1736/2019 816/1735/2020
f 813/1750/2021 810/1748/2022 814/1733/2023 817/1736/2024
f 818/1751/2025 819/1752/2026 821/1753/2027 820/1754/2028
f 830/1755/2029 831/1756/2030 832/1757/2031 833/1758/2032
f 822/1759/2033 823/1760/2034 825/1761/2035 824/1762/2036
f 824/1762/2037 825/1761/2038 819/1763/2039 818/1764/2040
f 819/1752/2041 825/1765/2042 823/1766/2043 821/1753/2044
f 824/1767/2045 818/1751/2046 820/1754/2047 822/1768/2048
s 294
f 820/1754/2049 821/1753/2050 827/1769/2051 826/1770/2052
f 821/1753/2050 823/1760/2053 828/1771/2054 827/1769/2051
f 823/1760/2053 822/1759/2055 829/1772/2056 828/1771/2054
f 822/1759/2055 820/1754/2049 826/1770/2052 829/1772/2056
s off
f 826/1770/2057 827/1769/2058 831/1756/2059 830/1755/2060
f 827/1769/2061 828/1771/2062 832/1757/2063 831/1756/2064
f 828/1771/2065 829/1772/2066 833/1758/2067 832/1757/2068
f 829/1772/2069 826/1770/2070 830/1755/2071 833/1758/2072
f 834/1773/2073 835/1774/2074 837/1775/2075 836/1776/2076
f 836/1776/2077 837/1775/2078 839/1777/2079 838/1778/2080
f 838/1778/2081 839/1777/2082 841/1779/2083 840/1780/2084
f 840/1780/2085 841/1779/2086 835/1781/2087 834/1782/2088
f 835/1774/2089 841/1783/2090 839/1784/2091 837/1775/2092
f 840/1785/2093 834/1773/2094 836/1776/2095 838/1786/2096
f 842/1787/2097 843/1788/2098 845/1789/2099 844/1790/2100
f 844/1790/2101 845/1789/2102 847/1791/2103 846/1792/2104
f 846/1792/2105 847/1791/2106 849/1793/2107 848/1794/2108
f 848/1794/2109 849/1793/2110 843/1795/2111 842/1796/2112
f 843/1788/2113 849/1797/2114 847/1798/2115 845/1789/2116
f 848/1799/2117 842/1787/2118 844/1790/2119 846/1800/2120
f 850/1801/2121 851/1802/2122 853/1803/2123 852/1804/2124
f 852/1804/2125 853/1803/2126 855/1805/2127 854/1806/2128
f 854/1806/2129 855/1805/2130 857/1807/2131 856/1808/2132
f 856/1808/2133 857/1807/2134 851/1809/2135 850/1810/2136
f 851/1802/2137 857/1811/2138 855/1812/2139 853/1803/2140
f 856/1813/2141 850/1801/2142 852/1804/2143 854/1814/2144
f 858/1815/2145 859/1816/2146 861/1817/2147 860/1818/2148
f 860/1818/2149 861/1817/2150 863/1819/2151 862/1820/2152
f 862/1820/2153 863/1819/2154 865/1821/2155 864/1822/2156
f 864/1822/2157 865/1821/2158 859/1823/2159 858/1824/2160
f 859/1816/2161 865/1825/2162 863/1826/2163 861/1817/2164
f 864/1827/2165 858/1815/2166 860/1818/2167 862/1828/2168
f 866/1829/2169 867/1830/2170 869/1831/2171 868/1832/2172
f 868/1832/2173 869/1831/2174 871/1833/2175 870/1834/2176
f 870/1834/2177 871/1833/2178 873/1835/2179 872/1836/2180
f 872/1836/2181 873/1835/2182 867/1837/2183 866/1838/2184
f 867/1830/2185 873/1839/2186 871/1840/2187 869/1831/2188
f 872/1841/2189 866/1829/2190 868/1832/2191 870/1842/2192
f 874/1843/2193 875/1844/2194 877/1845/2195 876/1846/2196
f 876/1846/2197 877/1845/2198 879/1847/2199 878/1848/2200
f 878/1848/2201 879/1847/2202 881/1849/2203 880/1850/2204
f 880/1850/2205 881/1849/2206 875/1851/2207 874/1852/2208
f 875/1844/2209 881/1853/2210 879/1854/2211 877/1845/2212
f 880/1855/2213 874/1843/2214 876/1846/2215 878/1856/2216
f 882/1857/2217 883/1858/2218 885/1859/2219 884/1860/2220
f 884/1860/2221 885/1859/2222 887/1861/2223 886/1862/2224
f 886/1862/2225 887/1861/2226 889/1863/2227 888/1864/2228
f 888/1864/2229 889/1863/2230 883/1865/2231 882/1866/2232
f 883/1858/2233 889/1867/2234 887/1868/2235 885/1859/2236
f 888/1869/2237 882/1857/2238 884/1860/2239 886/1870/2240
f 890/1871/2241 891/1872/2242 893/1873/2243 892/1874/2244
f 892/1874/2245 893/1873/2246 895/1875/2247 894/1876/2248
f 894/1876/2249 895/1875/2250 897/1877/2251 896/1878/2252
f 896/1878/2253 897/1877/2254 891/1879/2255 890/1880/2256
f 891/1872/2257 897/1881/2258 895/1882/2259 893/1873/2260
f 896/1883/2261 890/1871/2262 892/1874/2263 894/1884/2264
f 898/1885/2265 899/1886/2266 901/1887/2267 900/1888/2268
f 900/1888/2269 901/1887/2270 903/1889/2271 902/1890/2272
f 902/1890/2273 903/1889/2274 905/1891/2275 904/1892/2276
f 904/1892/2277 905/1891/2278 899/1893/2279 898/1894/2280
f 899/1886/2281 905/1895/2282 903/1896/2283 901/1887/2284
f 904/1897/2285 898/1885/2286 900/1888/2287 902/1898/2288
f 906/1899/2289 907/1900/2290 909/1901/2291 908/1902/2292
f 908/1902/2293 909/1901/2294 911/1903/2295 910/1904/2296
f 910/1904/2297 911/1903/2298 913/1905/2299 912/1906/2300
f 912/1906/2301 913/1905/2302 907/1907/2303 906/1908/2304
f 907/1900/2305 913/1909/2306 911/1910/2307 909/1901/2308
f 912/1911/2309 906/1899/2310 908/1902/2311 910/1912/2312
f 914/1913/2313 915/1914/2314 917/1915/2315 916/1916/2316
f 916/1916/2317 917/1915/2318 919/1917/2319 918/1918/2320
f 918/1918/2321 919/1917/2322 921/1919/2323 920/1920/2324
f 920/1920/2325 921/1919/2326 915/1921/2327 914/1922/2328
f 915/1914/2329 921/1923/2330 919/1924/2331 917/1915/2332
f 920/1925/2333 914/1913/2334 916/1916/2335 918/1926/2336
f 922/1927/2337 923/1928/2338 925/1929/2339 924/1930/2340
f 924/1930/2341 925/1929/2342 927/1931/2343 926/1932/2344
f 926/1932/2345 927/1931/2346 929/1933/2347 928/1934/2348
f 928/1934/2349 929/1933/2350 923/1935/2351 922/1936/2352
f 923/1928/2353 929/1937/2354 927/1938/2355 925/1929/2356
f 928/1939/2357 922/1927/2358 924/1930/2359 926/1940/2360
f 930/1941/2361 931/1942/2362 933/1943/2363 932/1944/2364
f 932/1944/2365 933/1943/2366 935/1945/2367 934/1946/2368
f 934/1946/2369 935/1945/2370 937/1947/2371 936/1948/2372
f 936/1948/2373 937/1947/2374 931/1949/2375 930/1950/2376
f 931/1942/2377 937/1951/2378 935/1952/2379 933/1943/2380
f 936/1953/2381 930/1941/2382 932/1944/2383 934/1954/2384
f 938/1955/2385 939/1956/2386 941/1957/2387 940/1958/2388
f 940/1958/2389 941/1957/2390 943/1959/2391 942/1960/2392
f 942/1960/2393 943/1959/2394 945/1961/2395 944/1962/2396
f 944/1962/2397 945/1961/2398 939/1963/2399 938/1964/2400
f 939/1956/2401 945/1965/2402 943/1966/2403 941/1957/2404
f 944/1967/2405 938/1955/2406 940/1958/2407 942/1968/2408
f 946/1969/2409 947/1970/2410 949/1971/2411 948/1972/2412
f 948/1972/2413 949/1971/2414 951/1973/2415 950/1974/2416
f 950/1974/2417 951/1973/2418 953/1975/2419 952/1976/2420
f 952/1976/2421 953/1975/2422 947/1977/2423 946/1978/2424
f 947/1970/2425 953/1979/2426 951/1980/2427 949/1971/2428
f 952/1981/2429 946/1969/2430 948/1972/2431 950/1982/2432
f 954/1983/2433 955/1984/2434 957/1985/2435 956/1986/2436
f 956/1986/2437 957/1985/2438 959/1987/2439 958/1988/2440
f 958/1988/2441 959/1987/2442 961/1989/2443 960/1990/2444
f 960/1990/2445 961/1989/2446 955/1991/2447 954/1992/2448
f 955/1984/2449 961/1993/2450 959/1994/2451 957/1985/2452
f 960/1995/2453 954/1983/2454 956/1986/2455 958/1996/2456
f 962/1997/2457 963/1998/2458 965/1999/2459 964/2000/2460
f 964/2000/2461 965/1999/2462 967/2001/2463 966/2002/2464
f 966/2002/2465 967/2001/2466 969/2003/2467 968/2004/2468
f 968/2004/2469 969/2003/2470 963/2005/2471 962/2006/2472
f 963/1998/2473 969/2007/2474 967/2008/2475 965/1999/2476
f 968/2009/2477 962/1997/2478 964/2000/2479 966/2010/2480
f 970/2011/2481 971/2012/2482 973/2013/2483 972/2014/2484
f 972/2014/2485 973/2013/2486 975/2015/2487 974/2016/2488
f 974/2016/2489 975/2015/2490 977/2017/2491 976/2018/2492
f 976/2018/2493 977/2017/2494 971/2019/2495 970/2020/2496
f 971/2012/2497 977/2021/2498 975/2022/2499 973/2013/2500
f 976/2023/2501 970/2011/2502 972/2014/2503 974/2024/2504
f 978/2025/2505 979/2026/2506 981/2027/2507 980/2028/2508
f 980/2028/2509 981/2027/2510 983/2029/2511 982/2030/2512
f 982/2030/2513 983/2029/2514 985/2031/2515 984/2032/2516
f 984/2032/2517 985/2031/2518 979/2033/2519 978/2034/2520
f 979/2026/2521 985/2035/2522 983/2036/2523 981/2027/2524
f 984/2037/2525 978/2025/2526 980/2028/2527 982/2038/2528
f 986/2039/2529 987/2040/2530 989/2041/2531 988/2042/2532
f 988/2042/2533 989/2041/2534 991/2043/2535 990/2044/2536
f 990/2044/2537 991/2043/2538 993/2045/2539 992/2046/2540
f 992/2046/2541 993/2045/2542 987/2047/2543 986/2048/2544
f 987/2040/2545 993/2049/2546 991/2050/2547 989/2041/2548
f 992/2051/2549 986/2039/2550 988/2042/2551 990/2052/2552
f 994/2053/2553 995/2054/2554 997/2055/2555 996/2056/2556
f 996/2056/2557 997/2055/2558 999/2057/2559 998/2058/2560
f 998/2058/2561 999/2057/2562 1001/2059/2563 1000/2060/2564
f 1000/2060/2565 1001/2059/2566 995/2061/2567 994/2062/2568
f 995/2054/2569 1001/2063/2570 999/2064/2571 997/2055/2572
f 1000/2065/2573 994/2053/2574 996/2056/2575 998/2066/2576
f 1002/2067/2577 1003/2068/2578 1005/2069/2579 1004/2070/2580
f 1004/2070/2581 1005/2069/2582 1007/2071/2583 1006/2072/2584
f 1006/2072/2585 1007/2071/2586 1009/2073/2587 1008/2074/2588
f 1008/2074/2589 1009/2073/2590 1003/2075/2591 1002/2076/2592
f 1003/2068/2593 1009/2077/2594 1007/2078/2595 1005/2069/2596
f 1008/2079/2597 1002/2067/2598 1004/2070/2599 1006/2080/2600
f 1010/2081/2601 1011/2082/2602 1013/2083/2603 1012/2084/2604
f 1012/2084/2605 1013/2083/2606 1015/2085/2607 1014/2086/2608
f 1014/2086/2609 1015/2085/2610 1017/2087/2611 1016/2088/2612
f 1016/2088/2613 1017/2087/2614 1011/2089/2615 1010/2090/2616
f 1011/2082/2617 1017/2091/2618 1015/2092/2619 1013/2083/2620
f 1016/2093/2621 1010/2081/2622 1012/2084/2623 1014/2094/2624
f 1018/2095/2625 1019/2096/2626 1021/2097/2627 1020/2098/2628
f 1020/2098/2629 1021/2097/2630 1023/2099/2631 1022/2100/2632
f 1022/2100/2633 1023/2099/2634 1025/2101/2635 1024/2102/2636
f 1024/2102/2637 1025/2101/2638 1019/2103/2639 1018/2104/2640
f 1019/2096/2641 1025/2105/2642 1023/2106/2643 1021/2097/2644
f 1024/2107/2645 1018/2095/2646 1020/2098/2647 1022/2108/2648
f 1026/2109/2649 1027/2110/2650 1029/2111/2651 1028/2112/2652
f 1028/2112/2653 1029/2111/2654 1031/2113/2655 1030/2114/2656
f 1030/2114/2657 1031/2113/2658 1033/2115/2659 1032/2116/2660
f 1032/2116/2661 1033/2115/2662 1027/2117/2663 1026/2118/2664
f 1027/2110/2665 1033/2119/2666 1031/2120/2667 1029/2111/2668
f 1032/2121/2669 1026/2109/2670 1028/2112/2671 1030/2122/2672
f 1034/2123/2673 1035/2124/2674 1037/2125/2675 1036/2126/2676
f 1036/2126/2677 1037/2125/2678 1039/2127/2679 1038/2128/2680
f 1038/2128/2681 1039/2127/2682 1041/2129/2683 1040/2130/2684
f 1040/2130/2685 1041/2129/2686 1035/2131/2687 1034/2132/2688
f 1035/2124/2689 1041/2133/2690 1039/2134/2691 1037/2125/2692
f 1040/2135/2693 1034/2123/2694 1036/2126/2695 1038/2136/2696
f 1042/2137/2697 1043/2138/2698 1045/2139/2699 1044/2140/2700
f 1044/2140/2701 1045/2139/2702 1047/2141/2703 1046/2142/2704
f 1046/2142/2705 1047/2141/2706 1049/2143/2707 1048/2144/2708
f 1048/2144/2709 1049/2143/2710 1043/2145/2711 1042/2146/2712
f 1043/2138/2713 1049/2147/2714 1047/2148/2715 1045/2139/2716
f 1048/2149/2717 1042/2137/2718 1044/2140/2719 1046/2150/2720
f 1050/2151/2721 1051/2152/2722 1053/2153/2723 1052/2154/2724
f 1052/2154/2725 1053/2153/2726 1055/2155/2727 1054/2156/2728
f 1054/2156/2729 1055/2155/2730 1057/2157/2731 1056/2158/2732
f 1056/2158/2733 1057/2157/2734 1051/2159/2735 1050/2160/2736
f 1051/2152/2737 1057/2161/2738 1055/2162/2739 1053/2153/2740
f 1056/2163/2741 1050/2151/2742 1052/2154/2743 1054/2164/2744
f 1058/2165/2745 1059/2166/2746 1061/2167/2747 1060/2168/2748
f 1060/2168/2749 1061/2167/2750 1063/2169/2751 1062/2170/2752
f 1062/2170/2753 1063/2169/2754 1065/2171/2755 1064/2172/2756
f 1064/2172/2757 1065/2171/2758 1059/2173/2759 1058/2174/2760
f 1059/2166/2761 1065/2175/2762 1063/2176/2763 1061/2167/2764
f 1064/2177/2765 1058/2165/2766 1060/2168/2767 1062/2178/2768
f 1066/2179/2769 1067/2180/2770 1069/2181/2771 1068/2182/2772
f 1068/2182/2773 1069/2181/2774 1071/2183/2775 1070/2184/2776
f 1070/2184/2777 1071/2183/2778 1073/2185/2779 1072/2186/2780
f 1072/2186/2781 1073/2185/2782 1067/2187/2783 1066/2188/2784
f 1067/2180/2785 1073/2189/2786 1071/2190/2787 1069/2181/2788
f 1072/2191/2789 1066/2179/2790 1068/2182/2791 1070/2192/2792
f 1074/2193/2793 1075/2194/2794 1077/2195/2795 1076/2196/2796
f 1076/2196/2797 1077/2195/2798 1079/2197/2799 1078/2198/2800
f 1078/2198/2801 1079/2197/2802 1081/2199/2803 1080/2200/2804
f 1080/2200/2805 1081/2199/2806 1075/2201/2807 1074/2202/2808
f 1075/2194/2809 1081/2203/2810 1079/2204/2811 1077/2195/2812
f 1080/2205/2813 1074/2193/2814 1076/2196/2815 1078/2206/2816
f 1082/2207/2817 1083/2208/2818 1085/2209/2819 1084/2210/2820
f 1084/2210/2821 1085/2209/2822 1087/2211/2823 1086/2212/2824
f 1086/2212/2825 1087/2211/2826 1089/2213/2827 1088/2214/2828
f 1088/2214/2829 1089/2213/2830 1083/2215/2831 1082/2216/2832
f 1083/2208/2833 1089/2217/2834 1087/2218/2835 1085/2209/2836
f 1088/2219/2837 1082/2207/2838 1084/2210/2839 1086/2220/2840
f 1090/2221/2841 1091/2222/2842 1093/2223/2843 1092/2224/2844
f 1092/2224/2845 1093/2223/2846 1095/2225/2847 1094/2226/2848
f 1094/2226/2849 1095/2225/2850 1097/2227/2851 1096/2228/2852
f 1096/2228/2853 1097/2227/2854 1091/2229/2855 1090/2230/2856
f 1091/2222/2857 1097/2231/2858 1095/2232/2859 1093/2223/2860
f 1096/2233/2861 1090/2221/2862 1092/2224/2863 1094/2234/2864
f 1098/2235/2865 1099/2236/2866 1101/2237/2867 1100/2238/2868
f 1100/2238/2869 1101/2237/2870 1103/2239/2871 1102/2240/2872
f 1102/2240/2873 1103/2239/2874 1105/2241/2875 1104/2242/2876
f 1104/2242/2877 1105/2241/2878 1099/2243/2879 1098/2244/2880
f 1099/2236/2881 1105/2245/2882 1103/2246/2883 1101/2237/2884
f 1104/2247/2885 1098/2235/2886 1100/2238/2887 1102/2248/2888
f 1106/2249/2889 1107/2250/2890 1109/2251/2891 1108/2252/2892
f 1108/2252/2893 1109/2251/2894 1111/2253/2895 1110/2254/2896
f 1110/2254/2897 1111/2253/2898 1113/2255/2899 1112/2256/2900
f 1112/2256/2901 1113/2255/2902 1107/2257/2903 1106/2258/2904
f 1107/2250/2905 1113/2259/2906 1111/2260/2907 1109/2251/2908
f 1112/2261/2909 1106/2249/2910 1108/2252/2911 1110/2262/2912
f 1114/2263/2913 1115/2264/2914 1117/2265/2915 1116/2266/2916
f 1116/2266/2917 1117/2265/2918 1119/2267/2919 1118/2268/2920
f 1118/2268/2921 1119/2267/2922 1121/2269/2923 1120/2270/2924
f 1120/2270/2925 1121/2269/2926 1115/2271/2927 1114/2272/2928
f 1115/2264/2929 1121/2273/2930 1119/2274/2931 1117/2265/2932
f 1120/2275/2933 1114/2263/2934 1116/2266/2935 1118/2276/2936
f 1122/2277/2937 1123/2278/2938 1125/2279/2939 1124/2280/2940
f 1124/2280/2941 1125/2279/2942 1127/2281/2943 1126/2282/2944
f 1126/2282/2945 1127/2281/2946 1129/2283/2947 1128/2284/2948
f 1128/2284/2949 1129/2283/2950 1123/2285/2951 1122/2286/2952
f 1123/2278/2953 1129/2287/2954 1127/2288/2955 1125/2279/2956
f 1128/2289/2957 1122/2277/2958 1124/2280/2959 1126/2290/2960
f 1130/2291/2961 1131/2292/2962 1133/2293/2963 1132/2294/2964
f 1132/2294/2965 1133/2293/2966 1135/2295/2967 1134/2296/2968
f 1134/2296/2969 1135/2295/2970 1137/2297/2971 1136/2298/2972
f 1136/2298/2973 1137/2297/2974 1131/2299/2975 1130/2300/2976
f 1131/2292/2977 1137/2301/2978 1135/2302/2979 1133/2293/2980
f 1136/2303/2981 1130/2291/2982 1132/2294/2983 1134/2304/2984
f 1138/2305/2985 1139/2306/2986 1141/2307/2987 1140/2308/2988
f 1140/2308/2989 1141/2307/2990 1143/2309/2991 1142/2310/2992
f 1142/2310/2993 1143/2309/2994 1145/2311/2995 1144/2312/2996
f 1144/2312/2997 1145/2311/2998 1139/2313/2999 1138/2314/3000
f 1139/2306/3001 1145/2315/3002 1143/2316/3003 1141/2307/3004
f 1144/2317/3005 1138/2305/3006 1140/2308/3007 1142/2318/3008
f 1146/2319/3009 1147/2320/3010 1149/2321/3011 1148/2322/3012
f 1148/2322/3013 1149/2321/3014 1151/2323/3015 1150/2324/3016
f 1150/2324/3017 1151/2323/3018 1153/2325/3019 1152/2326/3020
f 1152/2326/3021 1153/2325/3022 1147/2327/3023 1146/2328/3024
f 1147/2320/3025 1153/2329/3026 1151/2330/3027 1149/2321/3028
f 1152/2331/3029 1146/2319/3030 1148/2322/3031 1150/2332/3032
f 1154/2333/3033 1155/2334/3034 1157/2335/3035 1156/2336/3036
f 1156/2336/3037 1157/2335/3038 1159/2337/3039 1158/2338/3040
f 1158/2338/3041 1159/2337/3042 1161/2339/3043 1160/2340/3044
f 1160/2340/3045 1161/2339/3046 1155/2341/3047 1154/2342/3048
f 1155/2334/3049 1161/2343/3050 1159/2344/3051 1157/2335/3052
f 1160/2345/3053 1154/2333/3054 1156/2336/3055 1158/2346/3056
f 1162/2347/3057 1163/2348/3058 1165/2349/3059 1164/2350/3060
f 1164/2350/3061 1165/2349/3062 1167/2351/3063 1166/2352/3064
f 1166/2352/3065 1167/2351/3066 1169/2353/3067 1168/2354/3068
f 1168/2354/3069 1169/2353/3070 1163/2355/3071 1162/2356/3072
f 1163/2348/3073 1169/2357/3074 1167/2358/3075 1165/2349/3076
f 1168/2359/3077 1162/2347/3078 1164/2350/3079 1166/2360/3080
f 1170/2361/3081 1171/2362/3082 1173/2363/3083 1172/2364/3084
f 1172/2364/3085 1173/2363/3086 1175/2365/3087 1174/2366/3088
f 1174/2366/3089 1175/2365/3090 1177/2367/3091 1176/2368/3092
f 1176/2368/3093 1177/2367/3094 1171/2369/3095 1170/2370/3096
f 1171/2362/3097 1177/2371/3098 1175/2372/3099 1173/2363/3100
f 1176/2373/3101 1170/2361/3102 1172/2364/3103 1174/2374/3104
f 1178/2375/3105 1179/2376/3106 1181/2377/3107 1180/2378/3108
f 1180/2378/3109 1181/2377/3110 1183/2379/3111 1182/2380/3112
f 1182/2380/3113 1183/2379/3114 1185/2381/3115 1184/2382/3116
f 1184/2382/3117 1185/2381/3118 1179/2383/3119 1178/2384/3120
f 1179/2376/3121 1185/2385/3122 1183/2386/3123 1181/2377/3124
f 1184/2387/3125 1178/2375/3126 1180/2378/3127 1182/2388/3128
f 1186/2389/3129 1187/2390/3130 1189/2391/3131 1188/2392/3132
f 1188/2392/3133 1189/2391/3134 1191/2393/3135 1190/2394/3136
f 1190/2394/3137 1191/2393/3138 1193/2395/3139 1192/2396/3140
f 1192/2396/3141 1193/2395/3142 1187/2397/3143 1186/2398/3144
f 1187/2390/3145 1193/2399/3146 1191/2400/3147 1189/2391/3148
f 1192/2401/3149 1186/2389/3150 1188/2392/3151 1190/2402/3152
f 1194/2403/3153 1195/2404/3154 1197/2405/3155 1196/2406/3156
f 1196/2406/3157 1197/2405/3158 1199/2407/3159 1198/2408/3160
f 1198/2408/3161 1199/2407/3162 1201/2409/3163 1200/2410/3164
f 1200/2410/3165 1201/2409/3166 1195/2411/3167 1194/2412/3168
f 1195/2404/3169 1201/2413/3170 1199/2414/3171 1197/2405/3172
f 1200/2415/3173 1194/2403/3174 1196/2406/3175 1198/2416/3176
f 1202/2417/3177 1203/2418/3178 1205/2419/3179 1204/2420/3180
f 1204/2420/3181 1205/2419/3182 1207/2421/3183 1206/2422/3184
f 1206/2422/3185 1207/2421/3186 1209/2423/3187 1208/2424/3188
f 1208/2424/3189 1209/2423/3190 1203/2425/3191 1202/2426/3192
f 1203/2418/3193 1209/2427/3194 1207/2428/3195 1205/2419/3196
f 1208/2429/3197 1202/2417/3198 1204/2420/3199 1206/2430/3200
f 1210/2431/3201 1211/2432/3202 1213/2433/3203 1212/2434/3204
f 1212/2434/3205 1213/2433/3206 1215/2435/3207 1214/2436/3208
f 1214/2436/3209 1215/2435/3210 1217/2437/3211 1216/2438/3212
f 1216/2438/3213 1217/2437/3214 1211/2439/3215 1210/2440/3216
f 1211/2432/3217 1217/2441/3218 1215/2442/3219 1213/2433/3220
f 1216/2443/3221 1210/2431/3222 1212/2434/3223 1214/2444/3224
