# This file uses centimeters as units for non-parametric coordinates.

g default
v -280.189941 -0.133248 2.568834
v -280.188782 -0.133248 2.151667
v -280.189880 -0.057242 2.568682
v -280.188660 -0.057242 2.151163
v -278.722107 -0.057241 2.569132
v -278.721985 -0.057241 2.151674
v -278.721985 -0.133248 2.152140
v -278.722107 -0.133249 2.569284
v -277.254272 -0.057241 2.569605
v -277.254211 -0.057241 2.152147
v -277.254211 -0.133248 2.152613
v -277.254333 -0.133248 2.569765
v -275.786499 -0.057241 2.570078
v -275.786377 -0.057241 2.152628
v -275.786438 -0.133248 2.153086
v -275.786499 -0.133248 2.570238
v -274.318726 -0.057241 2.570559
v -274.318604 -0.057242 2.153101
v -274.318604 -0.133248 2.153566
v -274.318726 -0.133248 2.570719
v -272.850952 -0.057242 2.571032
v -272.850830 -0.057242 2.153574
v -272.850830 -0.133248 2.154039
v -272.850952 -0.133248 2.571192
v -272.849609 -0.057242 2.571505
v -272.849670 -0.057242 2.155634
v -272.849365 -0.133248 2.155802
v -272.848694 -0.133248 2.571634
v -272.460266 -0.133248 2.568521
v -272.460205 -0.133248 2.157816
v -272.460388 -0.057242 2.568422
v -272.460388 -0.057242 2.157755
v -272.459473 -0.057242 2.156305
v -272.848694 -0.057242 2.156183
v -272.848267 -0.133248 2.156206
v -272.459351 -0.133248 2.156313
v -272.459045 -0.057242 -0.185987
v -272.847473 -0.057242 -0.185987
v -272.847168 -0.133248 -0.186148
v -272.458923 -0.133248 -0.186453
v -272.461792 -0.133248 -0.603102
v -272.844666 -0.133248 -0.603148
v -272.461914 -0.057242 -0.602942
v -272.844727 -0.057242 -0.602987
v -272.846130 -0.057242 -0.603468
v -272.846069 -0.057242 -0.185995
v -272.846069 -0.133248 -0.186369
v -272.846130 -0.133248 -0.603628
v -274.313965 -0.057242 -0.603941
v -274.314026 -0.057243 -0.186483
v -274.314026 -0.133248 -0.186949
v -274.313965 -0.133248 -0.604101
v -275.781738 -0.057243 -0.604414
v -275.781860 -0.057243 -0.186956
v -275.781799 -0.133248 -0.187429
v -275.781738 -0.133248 -0.604574
v -277.249512 -0.057243 -0.604895
v -277.249634 -0.057243 -0.187429
v -277.249634 -0.133248 -0.187902
v -277.249512 -0.133248 -0.605047
v -278.717285 -0.057243 -0.605368
v -278.717407 -0.057243 -0.187910
v -278.717407 -0.133248 -0.188375
v -278.717285 -0.133248 -0.605520
v -280.185120 -0.057243 -0.605841
v -280.184998 -0.057243 -0.189970
v -280.185303 -0.133248 -0.190138
v -280.185974 -0.133248 -0.605970
v -280.574402 -0.133248 -0.602850
v -280.574463 -0.133248 -0.192152
v -280.574280 -0.057243 -0.602758
v -280.574280 -0.057243 -0.192091
v -280.574768 -0.057243 2.150690
v -280.185547 -0.057243 2.150614
v -280.185913 -0.133248 2.150614
v -280.574890 -0.133248 2.150713
v -280.575623 -0.057244 2.151232
v -280.575745 -0.133248 2.152163
v -280.572815 -0.133248 2.568811
v -280.572754 -0.057243 2.568659
v -272.762634 -0.070307 2.490389
v -272.481873 -0.070307 2.490389
v -272.762634 2.526158 2.490389
v -272.481873 2.526158 2.490389
v -272.762634 2.526158 2.217913
v -272.481873 2.526158 2.217913
v -272.762634 -0.070307 2.217913
v -272.481873 -0.070307 2.217913
v -274.189148 -0.086359 2.448282
v -274.079773 -0.086359 2.448282
v -274.189697 2.538744 2.448282
v -274.080322 2.538744 2.448282
v -274.189697 2.538744 2.278368
v -274.080322 2.538744 2.278368
v -274.189148 -0.086359 2.278368
v -274.079773 -0.086359 2.278368
v -275.900330 -0.086359 2.448282
v -275.790955 -0.086359 2.448282
v -275.900818 2.538744 2.448282
v -275.791443 2.538744 2.448282
v -275.900818 2.538744 2.278368
v -275.791443 2.538744 2.278368
v -275.900330 -0.086359 2.278368
v -275.790955 -0.086359 2.278368
v -272.481873 -0.070307 -0.507490
v -272.762634 -0.070307 -0.507490
v -272.481873 2.526158 -0.507490
v -272.762634 2.526158 -0.507490
v -272.481873 2.526158 -0.235014
v -272.762634 2.526158 -0.235014
v -272.481873 -0.070307 -0.235014
v -272.762634 -0.070307 -0.235014
v -274.080811 -0.086359 -0.447027
v -274.190186 -0.086359 -0.447027
v -274.080322 2.538744 -0.447027
v -274.189697 2.538744 -0.447027
v -274.080322 2.538744 -0.277113
v -274.189697 2.538744 -0.277113
v -274.080811 -0.086359 -0.277113
v -274.190186 -0.086359 -0.277113
v -275.791992 -0.086359 -0.447027
v -275.901367 -0.086359 -0.447027
v -275.791443 2.538744 -0.447027
v -275.900818 2.538744 -0.447027
v -275.791443 2.538744 -0.277113
v -275.900818 2.538744 -0.277113
v -275.791992 -0.086359 -0.277113
v -275.901367 -0.086359 -0.277113
v -277.278870 -0.086359 2.448282
v -277.169495 -0.086359 2.448282
v -277.279358 2.538744 2.448282
v -277.169983 2.538744 2.448282
v -277.279358 2.538744 2.278368
v -277.169983 2.538744 2.278368
v -277.278870 -0.086359 2.278368
v -277.169495 -0.086359 2.278368
v -278.989990 -0.086359 2.448282
v -278.880615 -0.086359 2.448282
v -278.990540 2.538744 2.448282
v -278.881165 2.538744 2.448282
v -278.990540 2.538744 2.278368
v -278.881165 2.538744 2.278368
v -278.989990 -0.086359 2.278368
v -278.880615 -0.086359 2.278368
v -277.170532 -0.086359 -0.447027
v -277.279907 -0.086359 -0.447027
v -277.169983 2.538744 -0.447027
v -277.279358 2.538744 -0.447027
v -277.169983 2.538744 -0.277113
v -277.279358 2.538744 -0.277113
v -277.170532 -0.086359 -0.277113
v -277.279907 -0.086359 -0.277113
v -278.881653 -0.086359 -0.447027
v -278.991028 -0.086359 -0.447027
v -278.881165 2.538744 -0.447027
v -278.990540 2.538744 -0.447027
v -278.881165 2.538744 -0.277113
v -278.990540 2.538744 -0.277113
v -278.881653 -0.086359 -0.277113
v -278.991028 -0.086359 -0.277113
v -280.558777 -0.070307 2.490389
v -280.277954 -0.070307 2.490389
v -280.558777 2.526158 2.490389
v -280.277954 2.526158 2.490389
v -280.558777 2.526158 2.217913
v -280.277954 2.526158 2.217913
v -280.558777 -0.070307 2.217913
v -280.277954 -0.070307 2.217913
v -280.277954 -0.070307 -0.507490
v -280.558777 -0.070307 -0.507490
v -280.277954 2.526158 -0.507490
v -280.558777 2.526158 -0.507490
v -280.277954 2.526158 -0.235014
v -280.558777 2.526158 -0.235014
v -280.277954 -0.070307 -0.235014
v -280.558777 -0.070307 -0.235014
v -275.877686 2.530275 2.429926
v -275.877686 0.773464 2.429926
v -277.213684 0.773464 2.429926
v -277.213684 2.530275 2.429926
v -277.215027 -0.071909 2.301722
v -277.215027 0.733020 2.301722
v -275.879333 -0.071909 2.301722
v -275.879333 0.733020 2.301722
v -275.877686 2.530275 2.307398
v -275.877686 0.773464 2.307398
v -277.213684 0.773464 2.307398
v -277.213684 2.530275 2.307398
v -275.879089 0.737487 2.439783
v -277.213562 0.737487 2.439783
v -275.879089 -0.069785 2.439783
v -277.213562 -0.069785 2.439783
v -274.177795 -0.071909 2.301722
v -274.177795 0.733020 2.301722
v -275.804138 -0.071909 2.301722
v -275.804138 0.733020 2.301722
v -275.813965 0.738541 2.439783
v -274.169800 0.738541 2.439783
v -275.813965 -0.067264 2.439783
v -274.169800 -0.067264 2.439783
v -274.179993 2.510791 2.297647
v -274.179993 0.771442 2.297678
v -274.179993 0.771437 2.406343
v -274.179993 2.510795 2.406382
v -275.801697 0.772379 2.292902
v -275.801697 0.772374 2.411127
v -275.801575 2.509844 2.411089
v -275.801575 2.509838 2.292940
v -275.740723 0.844879 2.386942
v -274.257690 0.844930 2.387094
v -274.257629 2.440742 2.387026
v -275.740784 2.440796 2.386873
v -275.740784 2.440792 2.317194
v -274.257629 2.440738 2.317041
v -274.257690 0.844934 2.316965
v -275.740723 0.844883 2.317125
v -274.162415 0.738541 2.435694
v -272.744324 0.738541 2.435694
v -274.162415 -0.067264 2.435694
v -272.744324 -0.067264 2.435694
v -272.694153 2.530275 2.425837
v -272.694153 0.773464 2.425837
v -274.163086 0.773464 2.425837
v -274.163086 2.530275 2.425837
v -272.694153 2.530275 2.303308
v -272.694153 0.773464 2.303308
v -274.163086 0.773464 2.303308
v -274.163086 2.530275 2.303308
v -274.177856 -0.071909 2.297640
v -274.177856 0.733020 2.297640
v -272.734253 -0.071909 2.297640
v -272.734253 0.733020 2.297640
v -277.215027 2.530275 -0.427710
v -277.215027 0.773464 -0.427710
v -275.879028 0.773464 -0.427710
v -275.879028 2.530275 -0.427710
v -275.877686 -0.071909 -0.299513
v -275.877686 0.733020 -0.299513
v -277.213379 -0.071909 -0.299513
v -277.213379 0.733020 -0.299513
v -277.215027 2.530275 -0.305182
v -277.215027 0.773464 -0.305182
v -275.879028 0.773464 -0.305182
v -275.879028 2.530275 -0.305182
v -277.213623 0.737487 -0.437567
v -275.879211 0.737487 -0.437567
v -277.213623 -0.069785 -0.437567
v -275.879211 -0.069785 -0.437567
v -275.805969 -0.071909 -0.293417
v -275.805969 0.733020 -0.293417
v -274.179626 -0.071909 -0.293417
v -274.179626 0.733020 -0.293417
v -274.169800 0.738541 -0.431471
v -275.813965 0.738541 -0.431471
v -274.169800 -0.067264 -0.431471
v -275.813965 -0.067264 -0.431471
v -275.803772 2.510791 -0.289343
v -275.803772 0.771442 -0.289373
v -275.803772 0.771437 -0.398039
v -275.803772 2.510795 -0.398069
v -274.182068 0.772379 -0.284590
v -274.182068 0.772374 -0.402822
v -274.182190 2.509844 -0.402784
v -274.182190 2.509838 -0.284628
v -274.243042 0.844879 -0.378637
v -275.726074 0.844930 -0.378790
v -275.726135 2.440742 -0.378714
v -274.242981 2.440796 -0.378561
v -274.242981 2.440792 -0.308889
v -275.726135 2.440738 -0.308737
v -275.726074 0.844934 -0.308661
v -274.243042 0.844883 -0.308813
v -272.709534 0.738541 -0.441656
v -274.127625 0.738541 -0.441656
v -272.709534 -0.067264 -0.441656
v -274.127625 -0.067264 -0.441656
v -274.177856 2.530275 -0.431799
v -274.177856 0.773464 -0.431799
v -272.708923 0.773464 -0.431799
v -272.708923 2.530275 -0.431799
v -274.177856 2.530275 -0.309271
v -274.177856 0.773464 -0.309271
v -272.708923 0.773464 -0.309271
v -272.708923 2.530275 -0.309271
v -272.694153 -0.071909 -0.303602
v -272.694153 0.733020 -0.303602
v -274.137695 -0.071909 -0.303602
v -274.137695 0.733020 -0.303602
v -278.967407 2.530275 2.429926
v -278.967407 0.773464 2.429926
v -280.303406 0.773464 2.429926
v -280.303406 2.530275 2.429926
v -280.304688 -0.071909 2.301722
v -280.304688 0.733020 2.301722
v -278.969055 -0.071909 2.301722
v -278.969055 0.733020 2.301722
v -278.967407 2.530275 2.307398
v -278.967407 0.773464 2.307398
v -280.303406 0.773464 2.307398
v -280.303406 2.530275 2.307398
v -278.968811 0.737487 2.439783
v -280.303223 0.737487 2.439783
v -278.968811 -0.069785 2.439783
v -280.303223 -0.069785 2.439783
v -277.267456 -0.071909 2.301722
v -277.267456 0.733020 2.301722
v -278.893860 -0.071909 2.301722
v -278.893860 0.733020 2.301722
v -278.903687 0.738541 2.439783
v -277.259460 0.738541 2.439783
v -278.903687 -0.067264 2.439783
v -277.259460 -0.067264 2.439783
v -277.269714 2.510791 2.297647
v -277.269714 0.771442 2.297678
v -277.269714 0.771437 2.406343
v -277.269714 2.510795 2.406382
v -278.891418 0.772379 2.292902
v -278.891418 0.772374 2.411127
v -278.891296 2.509844 2.411089
v -278.891296 2.509838 2.292940
v -278.830383 0.844879 2.386942
v -277.347412 0.844930 2.387094
v -277.347351 2.440742 2.387026
v -278.830444 2.440796 2.386873
v -278.830444 2.440792 2.317194
v -277.347351 2.440738 2.317041
v -277.347412 0.844934 2.316965
v -278.830383 0.844883 2.317125
v -280.304749 2.530275 -0.427710
v -280.304749 0.773464 -0.427710
v -278.968689 0.773464 -0.427710
v -278.968689 2.530275 -0.427710
v -278.967407 -0.071909 -0.299513
v -278.967407 0.733020 -0.299513
v -280.303040 -0.071909 -0.299513
v -280.303040 0.733020 -0.299513
v -280.304749 2.530275 -0.305182
v -280.304749 0.773464 -0.305182
v -278.968689 0.773464 -0.305182
v -278.968689 2.530275 -0.305182
v -280.303345 0.737487 -0.437567
v -278.968872 0.737487 -0.437567
v -280.303345 -0.069785 -0.437567
v -278.968872 -0.069785 -0.437567
v -278.895691 -0.071909 -0.293417
v -278.895691 0.733020 -0.293417
v -277.269287 -0.071909 -0.293417
v -277.269287 0.733020 -0.293417
v -277.259460 0.738541 -0.431471
v -278.903687 0.738541 -0.431471
v -277.259460 -0.067264 -0.431471
v -278.903687 -0.067264 -0.431471
v -278.893433 2.510791 -0.289343
v -278.893433 0.771442 -0.289373
v -278.893433 0.771437 -0.398039
v -278.893433 2.510795 -0.398069
v -277.271729 0.772379 -0.284590
v -277.271729 0.772374 -0.402822
v -277.271851 2.509844 -0.402784
v -277.271851 2.509838 -0.284628
v -277.332764 0.844879 -0.378637
v -278.815735 0.844930 -0.378790
v -278.815796 2.440742 -0.378714
v -277.332703 2.440796 -0.378561
v -277.332703 2.440792 -0.308889
v -278.815796 2.440738 -0.308737
v -278.815735 0.844934 -0.308661
v -277.332764 0.844883 -0.308813
v -280.361267 0.725348 2.258890
v -276.524231 0.725348 2.258890
v -280.361267 0.784447 2.258890
v -276.524231 0.784447 2.258890
v -276.524231 0.784447 2.475367
v -276.524231 0.725348 2.475367
v -280.361267 0.784447 2.475367
v -280.361267 0.725348 2.475367
v -272.687256 0.725348 2.258890
v -272.687256 0.784447 2.258890
v -272.687256 0.784447 2.475367
v -272.687256 0.725348 2.475367
v -280.361267 0.725348 -0.481390
v -276.524231 0.725348 -0.481390
v -280.361267 0.784447 -0.481390
v -276.524231 0.784447 -0.481390
v -276.524231 0.784447 -0.264914
v -276.524231 0.725348 -0.264914
v -280.361267 0.784447 -0.264914
v -280.361267 0.725348 -0.264914
v -272.687256 0.725348 -0.481390
v -272.687256 0.784447 -0.481390
v -272.687256 0.784447 -0.264914
v -272.687256 0.725348 -0.264914
v -272.504089 -0.003450 2.306658
v -277.325317 -0.003457 2.306337
v -272.504089 -0.063401 2.306658
v -277.325317 -0.063394 2.306337
v -277.325317 -0.003453 -0.308691
v -272.504089 -0.003446 -0.309011
v -272.504089 -0.063475 -0.309011
v -280.545715 -0.003465 2.306017
v -280.545715 -0.063386 2.306017
v -280.545715 -0.063461 -0.308363
v -280.545715 -0.003461 -0.308363
v -276.149658 2.903983 2.723169
v -276.149658 3.436643 1.084360
v -276.149658 3.143118 1.900904
v -276.149658 2.929540 2.729044
v -276.147949 2.807575 3.581057
v -276.147949 2.752713 3.573305
v -275.876709 3.436771 1.086519
v -275.876709 3.144125 1.907381
v -275.876709 2.931779 2.734804
v -275.671997 2.931777 2.734804
v -275.671997 3.144123 1.907381
v -275.770142 3.243870 1.930841
v -275.770142 3.033343 2.753595
v -275.671997 3.436772 1.086519
v -275.770142 3.534171 1.095972
v -275.136292 3.436771 1.086519
v -275.136292 3.144125 1.907381
v -275.136292 2.931777 2.734804
v -274.931641 2.931779 2.734804
v -274.931641 3.144123 1.907381
v -275.028625 3.243870 1.930834
v -275.028625 3.033343 2.753595
v -274.931641 3.436774 1.086519
v -275.028625 3.534172 1.095972
v -274.395935 3.436772 1.086519
v -274.395935 3.144125 1.907381
v -274.395935 2.931779 2.734804
v -274.192749 2.931778 2.734888
v -274.192749 3.144124 1.907465
v -274.292908 3.243872 1.930834
v -274.292908 3.033344 2.753595
v -274.192749 3.436772 1.086603
v -274.292908 3.534171 1.095972
v -274.433594 2.755479 3.577829
v -274.395935 2.878960 2.729296
v -274.298645 2.837059 2.716173
v -274.300964 2.646187 3.563509
v -274.192749 2.878978 2.729303
v -274.155273 2.755479 3.577906
v -274.155273 2.810341 3.585657
v -274.440369 2.735827 3.705950
v -274.301392 2.621559 3.692247
v -274.146851 2.735829 3.705950
v -274.292786 2.925725 3.599894
v -274.292175 2.763352 3.722147
v -274.292786 2.914540 3.727137
v -274.440369 2.794180 3.713449
v -274.146851 2.794180 3.713449
v -274.433594 2.810342 3.585573
v -275.174011 2.755480 3.577829
v -275.136292 2.878959 2.729296
v -275.037598 2.837059 2.716166
v -275.039246 2.646187 3.563509
v -274.931641 2.878962 2.729280
v -274.893921 2.755479 3.577822
v -275.180725 2.735829 3.705950
v -275.039612 2.621559 3.692263
v -274.887207 2.735825 3.705950
v -274.893921 2.810340 3.585573
v -275.026428 2.925723 3.599878
v -275.032593 2.763350 3.722147
v -275.026062 2.914539 3.727137
v -275.180725 2.794179 3.713449
v -274.887207 2.794179 3.713449
v -275.174011 2.810340 3.585573
v -275.914368 2.755479 3.577829
v -275.876709 2.878959 2.729303
v -275.775452 2.837058 2.716173
v -275.776001 2.646187 3.563509
v -275.671997 2.878958 2.729296
v -275.634338 2.755479 3.577829
v -275.921143 2.735827 3.705950
v -275.776123 2.621559 3.692263
v -275.627563 2.735827 3.705950
v -275.634338 2.810340 3.585573
v -275.768555 2.925723 3.599894
v -275.772949 2.763350 3.722155
v -275.768250 2.914539 3.727137
v -275.921143 2.794179 3.713449
v -275.627563 2.794179 3.713449
v -275.914368 2.810340 3.585581
v -276.149902 2.903983 -0.723257
v -276.149902 3.436643 0.915552
v -276.149902 3.143118 0.099009
v -276.149902 2.929540 -0.729132
v -276.151550 2.807575 -1.581144
v -276.151550 2.752713 -1.573393
v -274.201294 3.436772 0.913401
v -274.201294 3.144125 0.092539
v -274.201294 2.931779 -0.734884
v -274.406311 2.931777 -0.734976
v -274.406311 3.144123 0.092463
v -274.308167 3.243870 0.068987
v -274.308167 3.033343 -0.753767
v -274.406311 3.436772 0.913309
v -274.308167 3.534171 0.903856
v -274.942017 3.436771 0.913309
v -274.942017 3.144125 0.092463
v -274.942017 2.931777 -0.734976
v -275.146667 2.931779 -0.734976
v -275.146667 3.144123 0.092463
v -275.049683 3.243870 0.068995
v -275.049683 3.033343 -0.753767
v -275.146667 3.436774 0.913309
v -275.049683 3.534172 0.903856
v -275.682373 3.436772 0.913309
v -275.682373 3.144125 0.092463
v -275.682373 2.931779 -0.734976
v -275.887085 2.931779 -0.734976
v -275.887085 3.144125 0.092463
v -275.785400 3.243872 0.068995
v -275.785400 3.033344 -0.753767
v -275.887085 3.436771 0.913309
v -275.785400 3.534171 0.903856
v -275.644714 2.755479 -1.577997
v -275.682373 2.878960 -0.729467
v -275.779663 2.837059 -0.716345
v -275.777344 2.646187 -1.563684
v -275.887085 2.878999 -0.729300
v -275.924744 2.755479 -1.577986
v -275.924744 2.810342 -1.585749
v -275.638000 2.735827 -1.706114
v -275.776917 2.621559 -1.692423
v -275.931519 2.735829 -1.706114
v -275.785583 2.925725 -1.600061
v -275.786133 2.763352 -1.722315
v -275.785583 2.914540 -1.727304
v -275.638000 2.794180 -1.713625
v -275.931519 2.794180 -1.713625
v -275.644714 2.810342 -1.585749
v -274.904297 2.755480 -1.577997
v -274.942017 2.878959 -0.729467
v -275.040710 2.837059 -0.716337
v -275.039063 2.646187 -1.563684
v -275.146667 2.878962 -0.729452
v -275.184387 2.755479 -1.577986
v -274.897583 2.735829 -1.706114
v -275.038696 2.621559 -1.692434
v -275.191101 2.735825 -1.706114
v -275.184387 2.810340 -1.585749
v -275.051880 2.925723 -1.600050
v -275.045715 2.763350 -1.722315
v -275.052246 2.914539 -1.727304
v -274.897583 2.794179 -1.713625
v -275.191101 2.794179 -1.713625
v -274.904297 2.810340 -1.585749
v -274.163818 2.755479 -1.577909
v -274.201294 2.878960 -0.729383
v -274.302856 2.837058 -0.716345
v -274.302307 2.646187 -1.563684
v -274.406311 2.878958 -0.729467
v -274.443970 2.755479 -1.577997
v -274.157166 2.735827 -1.706114
v -274.302185 2.621559 -1.692434
v -274.450745 2.735827 -1.706114
v -274.443970 2.810340 -1.585749
v -274.309753 2.925723 -1.600061
v -274.305359 2.763350 -1.722322
v -274.310059 2.914539 -1.727304
v -274.157166 2.794179 -1.713625
v -274.450745 2.794179 -1.713625
v -274.163818 2.810341 -1.585661
v -278.370850 2.903983 2.723246
v -278.370850 3.436643 1.084452
v -278.370850 3.143118 1.900988
v -278.370850 2.929540 2.729136
v -278.369202 2.807575 3.581141
v -278.369202 2.752713 3.573389
v -278.097961 3.436771 1.086603
v -278.097961 3.144125 1.907465
v -278.097961 2.931779 2.734888
v -277.893188 2.931777 2.734888
v -277.893188 3.144123 1.907465
v -277.991394 3.243870 1.930925
v -277.991394 3.033343 2.753679
v -277.893188 3.436772 1.086603
v -277.991394 3.534171 1.096056
v -277.357544 3.436771 1.086603
v -277.357544 3.144125 1.907465
v -277.357544 2.931777 2.734888
v -277.152832 2.931779 2.734888
v -277.152832 3.144123 1.907465
v -277.249817 3.243870 1.930918
v -277.249817 3.033343 2.753679
v -277.152832 3.436774 1.086603
v -277.249817 3.534172 1.096056
v -276.617188 3.436772 1.086603
v -276.617188 3.144125 1.907465
v -276.617188 2.931779 2.734888
v -276.412415 2.931779 2.734888
v -276.412415 3.144125 1.907465
v -276.514160 3.243872 1.930918
v -276.514160 3.033344 2.753679
v -276.412415 3.436771 1.086603
v -276.514160 3.534171 1.096056
v -276.654785 2.755479 3.577913
v -276.617188 2.878960 2.729380
v -276.519897 2.837059 2.716257
v -276.522217 2.646187 3.563593
v -276.412415 2.878999 2.729212
v -276.374817 2.755479 3.577906
v -276.374817 2.810342 3.585657
v -276.661560 2.735827 3.706034
v -276.522644 2.621559 3.692331
v -276.368042 2.735829 3.706034
v -276.513977 2.925725 3.599977
v -276.513428 2.763352 3.722231
v -276.513977 2.914540 3.727221
v -276.661560 2.794180 3.713533
v -276.368042 2.794180 3.713533
v -276.654785 2.810342 3.585657
v -277.395203 2.755480 3.577913
v -277.357544 2.878959 2.729380
v -277.258789 2.837059 2.716249
v -277.260498 2.646187 3.563593
v -277.152832 2.878962 2.729364
v -277.115173 2.755479 3.577906
v -277.401978 2.735829 3.706034
v -277.260803 2.621559 3.692347
v -277.108459 2.735825 3.706034
v -277.115173 2.810340 3.585657
v -277.247681 2.925723 3.599962
v -277.253784 2.763350 3.722231
v -277.247314 2.914539 3.727221
v -277.401978 2.794179 3.713533
v -277.108459 2.794179 3.713533
v -277.395203 2.810340 3.585657
v -278.135620 2.755479 3.577913
v -278.097961 2.878959 2.729387
v -277.996643 2.837058 2.716257
v -277.997253 2.646187 3.563593
v -277.893188 2.878958 2.729380
v -277.855591 2.755479 3.577913
v -278.142334 2.735827 3.706034
v -277.997375 2.621559 3.692347
v -277.848816 2.735827 3.706034
v -277.855591 2.810340 3.585657
v -277.989807 2.925723 3.599977
v -277.994202 2.763350 3.722239
v -277.989502 2.914539 3.727221
v -278.142334 2.794179 3.713533
v -277.848816 2.794179 3.713533
v -278.135620 2.810340 3.585665
v -278.369324 2.903983 -0.723166
v -278.369324 3.436643 0.915636
v -278.369324 3.143118 0.099100
v -278.369324 2.929540 -0.729055
v -278.370972 2.807575 -1.581060
v -278.370972 2.752713 -1.573309
v -276.422852 3.436771 0.913393
v -276.422852 3.144125 0.092546
v -276.422852 2.931779 -0.734892
v -276.627563 2.931777 -0.734892
v -276.627563 3.144123 0.092546
v -276.529358 3.243870 0.069071
v -276.529358 3.033343 -0.753683
v -276.627563 3.436772 0.913393
v -276.529358 3.534171 0.903940
v -277.163208 3.436771 0.913393
v -277.163208 3.144125 0.092546
v -277.163208 2.931777 -0.734892
v -277.367920 2.931779 -0.734892
v -277.367920 3.144123 0.092546
v -277.270935 3.243870 0.069078
v -277.270935 3.033343 -0.753683
v -277.367920 3.436774 0.913393
v -277.270935 3.534172 0.903940
v -277.903625 3.436772 0.913393
v -277.903625 3.144125 0.092546
v -277.903625 2.931779 -0.734892
v -278.108337 2.931779 -0.734892
v -278.108337 3.144125 0.092546
v -278.006653 3.243872 0.069078
v -278.006653 3.033344 -0.753683
v -278.108337 3.436771 0.913393
v -278.006653 3.534171 0.903940
v -277.865967 2.755479 -1.577913
v -277.903625 2.878960 -0.729383
v -278.000854 2.837059 -0.716261
v -277.998535 2.646187 -1.563601
v -278.108337 2.878999 -0.729216
v -278.145935 2.755479 -1.577902
v -278.145935 2.810342 -1.585665
v -277.859192 2.735827 -1.706030
v -277.998169 2.621559 -1.692339
v -278.152710 2.735829 -1.706030
v -278.006775 2.925725 -1.599977
v -278.007385 2.763352 -1.722231
v -278.006775 2.914540 -1.727221
v -277.859192 2.794180 -1.713541
v -278.152710 2.794180 -1.713541
v -277.865967 2.810342 -1.585665
v -277.125549 2.755480 -1.577913
v -277.163208 2.878959 -0.729383
v -277.261963 2.837059 -0.716253
v -277.260254 2.646187 -1.563601
v -277.367920 2.878962 -0.729368
v -277.405579 2.755479 -1.577902
v -277.118774 2.735829 -1.706030
v -277.259949 2.621559 -1.692350
v -277.412292 2.735825 -1.706030
v -277.405579 2.810340 -1.585665
v -277.273071 2.925723 -1.599966
v -277.266968 2.763350 -1.722231
v -277.273438 2.914539 -1.727221
v -277.118774 2.794179 -1.713541
v -277.412292 2.794179 -1.713541
v -277.125549 2.810340 -1.585665
v -276.385132 2.755479 -1.577913
v -276.422852 2.878959 -0.729391
v -276.524109 2.837058 -0.716261
v -276.523499 2.646187 -1.563601
v -276.627563 2.878958 -0.729383
v -276.665161 2.755479 -1.577913
v -276.378418 2.735827 -1.706030
v -276.523376 2.621559 -1.692350
v -276.671936 2.735827 -1.706030
v -276.665161 2.810340 -1.585665
v -276.531006 2.925723 -1.599977
v -276.526550 2.763350 -1.722239
v -276.531250 2.914539 -1.727221
v -276.378418 2.794179 -1.713541
v -276.671936 2.794179 -1.713541
v -276.385132 2.810340 -1.585672
v -280.566162 2.904134 -0.723486
v -280.562805 3.117282 0.110567
v -280.562805 3.412120 0.930780
v -280.566162 3.437682 0.914927
v -280.566162 3.144012 0.098314
v -280.566162 2.929690 -0.729406
v -280.569519 2.807575 -1.581064
v -280.569519 2.752713 -1.573313
v -278.637878 3.436771 0.913477
v -278.637878 3.144125 0.092630
v -278.637878 2.931779 -0.734808
v -278.840698 2.931777 -0.734808
v -278.840698 3.144123 0.092630
v -278.743408 3.243870 0.069155
v -278.743408 3.033343 -0.753599
v -278.840698 3.436772 0.913477
v -278.743408 3.534171 0.904024
v -279.371338 3.436771 0.913477
v -279.371338 3.144125 0.092630
v -279.371338 2.931777 -0.734808
v -279.574097 2.931779 -0.734808
v -279.574097 3.144123 0.092630
v -279.478027 3.243870 0.069162
v -279.478027 3.033343 -0.753599
v -279.574097 3.436774 0.913477
v -279.478027 3.534172 0.904024
v -280.104736 3.436772 0.913477
v -280.104736 3.144125 0.092630
v -280.104736 2.931779 -0.734808
v -280.307495 2.931779 -0.734808
v -280.307495 3.144125 0.092630
v -280.206787 3.243872 0.069162
v -280.206787 3.033344 -0.753599
v -280.307495 3.436771 0.913477
v -280.206787 3.534171 0.904024
v -280.067444 2.755479 -1.577829
v -280.104736 2.878960 -0.729300
v -280.201050 2.837059 -0.716177
v -280.198792 2.646187 -1.563517
v -280.307495 2.878999 -0.729132
v -280.344788 2.755479 -1.577818
v -280.344788 2.810342 -1.585581
v -280.060730 2.735827 -1.705946
v -280.198364 2.621559 -1.692255
v -280.351501 2.735829 -1.705946
v -280.206909 2.925725 -1.599894
v -280.207520 2.763352 -1.722147
v -280.206909 2.914540 -1.727137
v -280.060730 2.794180 -1.713457
v -280.351501 2.794180 -1.713457
v -280.067444 2.810342 -1.585581
v -279.333984 2.755480 -1.577829
v -279.371338 2.878959 -0.729300
v -279.469116 2.837059 -0.716169
v -279.467468 2.646187 -1.563517
v -279.574097 2.878962 -0.729284
v -279.611389 2.755479 -1.577818
v -279.327332 2.735829 -1.705946
v -279.467102 2.621559 -1.692266
v -279.618042 2.735825 -1.705946
v -279.611389 2.810340 -1.585581
v -279.480164 2.925723 -1.599882
v -279.474060 2.763350 -1.722147
v -279.480530 2.914539 -1.727137
v -279.327332 2.794179 -1.713457
v -279.618042 2.794179 -1.713457
v -279.333984 2.810340 -1.585581
v -278.600586 2.755479 -1.577829
v -278.637878 2.878959 -0.729307
v -278.738220 2.837058 -0.716177
v -278.737610 2.646187 -1.563517
v -278.840698 2.878958 -0.729300
v -278.877930 2.755479 -1.577829
v -278.593872 2.735827 -1.705946
v -278.737488 2.621559 -1.692266
v -278.884705 2.735827 -1.705946
v -278.877930 2.810340 -1.585581
v -278.745056 2.925723 -1.599894
v -278.740662 2.763350 -1.722155
v -278.745300 2.914539 -1.727137
v -278.593872 2.794179 -1.713457
v -278.884705 2.794179 -1.713457
v -278.600586 2.810340 -1.585588
v -280.567932 2.799167 -1.311647
v -280.572815 2.904134 2.723650
v -280.576172 3.117282 1.889605
v -280.576172 3.412120 1.069391
v -280.572815 3.437682 1.085245
v -280.572815 3.144012 1.901857
v -280.572815 2.929690 2.729578
v -280.569519 2.807575 3.581224
v -280.569519 2.752713 3.573481
v -280.300781 3.436771 1.086687
v -280.300781 3.144125 1.907549
v -280.300781 2.931779 2.734972
v -280.097961 2.931777 2.734972
v -280.097961 3.144123 1.907549
v -280.195251 3.243870 1.931009
v -280.195251 3.033343 2.753763
v -280.097961 3.436772 1.086687
v -280.195251 3.534171 1.096140
v -279.567383 3.436771 1.086687
v -279.567383 3.144125 1.907549
v -279.567383 2.931777 2.734972
v -279.364624 2.931779 2.734972
v -279.364624 3.144123 1.907549
v -279.460693 3.243870 1.931002
v -279.460693 3.033343 2.753763
v -279.364624 3.436774 1.086687
v -279.460693 3.534172 1.096140
v -278.833984 3.436772 1.086687
v -278.833984 3.144125 1.907549
v -278.833984 2.931779 2.734972
v -278.631165 2.931779 2.734972
v -278.631165 3.144125 1.907549
v -278.731934 3.243872 1.931002
v -278.731934 3.033344 2.753763
v -278.631165 3.436771 1.086687
v -278.731934 3.534171 1.096140
v -278.871277 2.755479 3.577997
v -278.833984 2.878960 2.729464
v -278.737610 2.837059 2.716341
v -278.739929 2.646187 3.563677
v -278.631165 2.878999 2.729296
v -278.593872 2.755479 3.577990
v -278.593872 2.810342 3.585741
v -278.877930 2.735827 3.706118
v -278.740295 2.621559 3.692415
v -278.587219 2.735829 3.706118
v -278.731750 2.925725 3.600061
v -278.731201 2.763352 3.722315
v -278.731750 2.914540 3.727304
v -278.877930 2.794180 3.713617
v -278.587219 2.794180 3.713617
v -278.871277 2.810342 3.585741
v -279.604675 2.755480 3.577997
v -279.567383 2.878959 2.729464
v -279.469604 2.837059 2.716333
v -279.471252 2.646187 3.563677
v -279.364624 2.878962 2.729448
v -279.327271 2.755479 3.577990
v -279.611389 2.735829 3.706118
v -279.471558 2.621559 3.692430
v -279.320618 2.735825 3.706118
v -279.327271 2.810340 3.585741
v -279.458557 2.925723 3.600046
v -279.464600 2.763350 3.722315
v -279.458191 2.914539 3.727304
v -279.611389 2.794179 3.713617
v -279.320618 2.794179 3.713617
v -279.604675 2.810340 3.585741
v -280.338135 2.755479 3.577997
v -280.300781 2.878959 2.729471
v -280.200500 2.837058 2.716341
v -280.201050 2.646187 3.563677
v -280.097961 2.878958 2.729464
v -280.060730 2.755479 3.577997
v -280.344788 2.735827 3.706118
v -280.201172 2.621559 3.692430
v -280.054016 2.735827 3.706118
v -280.060730 2.810340 3.585741
v -280.193665 2.925723 3.600061
v -280.198059 2.763350 3.722322
v -280.193359 2.914539 3.727304
v -280.344788 2.794179 3.713617
v -280.054016 2.794179 3.713617
v -280.338135 2.810340 3.585749
v -280.569031 2.800447 3.297983
v -280.568481 2.485027 -0.512182
v -278.041138 2.484872 -0.511984
v -278.041687 2.514916 -0.512587
v -280.397827 2.656265 -1.163603
v -278.041443 2.658036 -1.164984
v -280.394592 2.620974 -1.164091
v -278.039734 2.621903 -1.165472
v -280.567505 2.673026 -1.311258
v -278.040100 2.674097 -1.311319
v -278.040222 2.800102 -1.312571
v -280.567383 2.484763 -0.325819
v -278.039490 2.484600 -0.325140
v -280.568848 2.484840 -0.207930
v -278.038391 2.484443 -0.207426
v -278.038086 2.511555 -0.204535
v -280.569580 2.604553 -0.511847
v -280.398743 2.514213 -0.512510
v -280.397766 2.485014 -0.512114
v -280.397156 2.484743 -0.325727
v -280.398132 2.484736 -0.208563
v -280.396545 2.511063 -0.206976
v -280.568481 2.485027 2.499071
v -280.397827 2.656265 3.150499
v -280.394592 2.620974 3.150988
v -280.567505 2.673026 3.298143
v -280.567383 2.484763 2.312708
v -280.568481 2.484747 2.195177
v -280.569580 2.604585 2.498224
v -280.398743 2.514213 2.499399
v -280.397766 2.485014 2.499002
v -280.397461 2.484443 2.194666
v -280.397156 2.484743 2.312616
v -280.395569 2.511555 2.193346
v -278.038086 2.800244 3.299448
v -278.038147 2.674206 3.298212
v -278.037964 2.621999 3.152498
v -278.039429 2.658219 3.152018
v -278.039795 2.514988 2.499483
v -278.039307 2.484857 2.498857
v -278.038818 2.484585 2.311975
v -278.038757 2.484411 2.194277
v -278.038513 2.511609 2.191324
v -272.476868 2.904134 2.723658
v -272.480164 3.117282 1.889605
v -272.480164 3.412120 1.069391
v -272.476868 3.437682 1.085245
v -272.476868 3.144012 1.901857
v -272.476868 2.929690 2.729578
v -272.473511 2.807575 3.581232
v -272.473511 2.752713 3.573481
v -273.671692 3.436771 1.086695
v -273.671692 3.144125 1.907541
v -273.671692 2.931777 2.734980
v -273.468872 2.931779 2.734980
v -273.468872 3.144123 1.907541
v -273.564941 3.243870 1.931009
v -273.564941 3.033343 2.753771
v -273.468872 3.436774 1.086695
v -273.564941 3.534172 1.096148
v -272.938232 3.436772 1.086695
v -272.938232 3.144125 1.907541
v -272.938232 2.931779 2.734980
v -272.735474 2.931779 2.734980
v -272.735474 3.144125 1.907541
v -272.836182 3.243872 1.931009
v -272.836182 3.033344 2.753771
v -272.735474 3.436771 1.086695
v -272.836182 3.534171 1.096148
v -272.975586 2.755479 3.577997
v -272.938232 2.878960 2.729471
v -272.841919 2.837059 2.716349
v -272.844177 2.646187 3.563684
v -272.735474 2.878999 2.729303
v -272.698181 2.755479 3.577990
v -272.698181 2.810342 3.585749
v -272.982239 2.735827 3.706118
v -272.844604 2.621559 3.692423
v -272.691467 2.735829 3.706118
v -272.836060 2.925725 3.600061
v -272.835510 2.763352 3.722315
v -272.836060 2.914540 3.727304
v -272.982239 2.794180 3.713633
v -272.691467 2.794180 3.713633
v -272.975586 2.810342 3.585749
v -273.708984 2.755480 3.577997
v -273.671692 2.878959 2.729471
v -273.573853 2.837059 2.716341
v -273.575562 2.646187 3.563684
v -273.468872 2.878962 2.729456
v -273.431580 2.755479 3.577990
v -273.715698 2.735829 3.706118
v -273.575867 2.621559 3.692438
v -273.424927 2.735825 3.706118
v -273.431580 2.810340 3.585749
v -273.562866 2.925723 3.600054
v -273.568909 2.763350 3.722315
v -273.562500 2.914539 3.727304
v -273.715698 2.794179 3.713633
v -273.424927 2.794179 3.713633
v -273.708984 2.810340 3.585749
v -272.475037 2.799167 3.311823
v -272.470154 2.904134 -0.723478
v -272.466797 3.117282 0.110567
v -272.466797 3.412120 0.930780
v -272.470154 3.437682 0.914927
v -272.470154 3.144012 0.098314
v -272.470154 2.929690 -0.729406
v -272.473511 2.807575 -1.581053
v -272.473511 2.752713 -1.573309
v -272.742188 3.436771 0.913485
v -272.742188 3.144125 0.092623
v -272.742188 2.931779 -0.734800
v -272.945007 2.931777 -0.734800
v -272.945007 3.144123 0.092623
v -272.847717 3.243870 0.069162
v -272.847717 3.033343 -0.753592
v -272.945007 3.436772 0.913485
v -272.847717 3.534171 0.904032
v -273.475586 3.436771 0.913485
v -273.475586 3.144125 0.092623
v -273.475586 2.931777 -0.734800
v -273.678406 2.931779 -0.734800
v -273.678406 3.144123 0.092623
v -273.582336 3.243870 0.069170
v -273.582336 3.033343 -0.753592
v -273.678406 3.436774 0.913485
v -273.582336 3.534172 0.904032
v -273.438293 2.755480 -1.577826
v -273.475586 2.878959 -0.729292
v -273.573425 2.837059 -0.716162
v -273.571716 2.646187 -1.563505
v -273.678406 2.878962 -0.729277
v -273.715698 2.755479 -1.577818
v -273.431580 2.735829 -1.705946
v -273.571411 2.621559 -1.692259
v -273.722351 2.735825 -1.705946
v -273.715698 2.810340 -1.585569
v -273.584412 2.925723 -1.599874
v -273.578369 2.763350 -1.722143
v -273.584778 2.914539 -1.727133
v -273.431580 2.794179 -1.713446
v -273.722351 2.794179 -1.713446
v -273.438293 2.810340 -1.585569
v -272.704895 2.755479 -1.577826
v -272.742188 2.878959 -0.729300
v -272.842529 2.837058 -0.716169
v -272.841919 2.646187 -1.563505
v -272.945007 2.878958 -0.729292
v -272.982239 2.755479 -1.577826
v -272.698181 2.735827 -1.705946
v -272.841797 2.621559 -1.692259
v -272.988953 2.735827 -1.705946
v -272.982239 2.810340 -1.585569
v -272.849304 2.925723 -1.599890
v -272.844971 2.763350 -1.722151
v -272.849609 2.914539 -1.727133
v -272.698181 2.794179 -1.713446
v -272.988953 2.794179 -1.713446
v -272.704895 2.810340 -1.585577
v -272.473999 2.800447 -1.297812
v -272.474548 2.485027 2.512354
v -275.045532 2.484730 2.505381
v -275.045532 2.515620 2.506189
v -272.645142 2.656265 3.163774
v -275.045532 2.659808 3.159891
v -272.648438 2.620974 3.164263
v -275.045532 2.622832 3.160379
v -272.475464 2.673026 3.311426
v -275.045532 2.675167 3.304911
v -275.045532 2.801370 3.306116
v -272.475586 2.484763 2.325991
v -275.045532 2.484456 2.318094
v -272.474121 2.484840 2.208101
v -275.045532 2.484149 2.200281
v -275.045532 2.512048 2.197031
v -272.473389 2.604553 2.512018
v -272.644226 2.514213 2.512682
v -272.645264 2.485014 2.512285
v -272.645874 2.484743 2.325899
v -272.644836 2.484736 2.208735
v -272.646423 2.511063 2.207148
v -272.474548 2.485027 -0.498899
v -275.045532 2.484730 -0.505209
v -275.045532 2.515620 -0.506018
v -272.645142 2.656265 -1.150328
v -275.045532 2.659808 -1.159719
v -272.648438 2.620974 -1.150816
v -275.045532 2.622832 -1.160208
v -272.475464 2.673026 -1.297972
v -275.045532 2.675167 -1.304739
v -275.045532 2.801370 -1.305941
v -272.475586 2.484763 -0.312536
v -275.045532 2.484456 -0.317923
v -272.474487 2.484747 -0.195005
v -275.045532 2.484149 -0.200109
v -275.045532 2.512048 -0.196859
v -272.473389 2.604585 -0.498053
v -272.644226 2.514213 -0.499228
v -272.645264 2.485014 -0.498831
v -272.645508 2.484443 -0.194494
v -272.645874 2.484743 -0.312445
v -272.647461 2.511555 -0.193174
v -278.551880 2.484736 2.195070
v -278.551392 2.484743 2.312616
v -278.551270 2.511063 2.192461
v -280.003296 3.739147 0.955080
v -279.971313 3.707419 0.955545
v -279.971313 3.611257 0.798723
v -280.003296 3.628982 0.774767
v -280.003296 3.631001 1.134493
v -279.971313 3.614021 1.111124
v -280.003296 3.426193 1.130663
v -279.971313 3.439335 1.109522
v -279.971313 3.349531 0.955545
v -280.003296 3.326589 0.955080
v -280.003296 3.429117 0.778193
v -279.971313 3.441244 0.800714
v -280.609558 3.522481 0.955080
v -280.609558 3.739149 0.955080
v -280.609558 3.628982 0.774767
v -280.609619 3.631001 1.134493
v -280.609558 3.429116 0.778193
v -280.609558 3.326587 0.955080
v -280.609619 3.426193 1.130663
v -277.704773 3.739552 0.955072
v -277.670227 3.711889 0.955072
v -277.670227 3.622527 0.801386
v -277.704773 3.636523 0.777887
v -277.704773 3.639493 1.130938
v -277.670227 3.625101 1.107615
v -277.704773 3.431478 1.132608
v -277.670227 3.444675 1.109079
v -277.704773 3.327686 0.955072
v -277.670227 3.354649 0.955072
v -277.704773 3.428346 0.778948
v -277.670227 3.441959 0.802309
v -279.940125 3.739554 0.955072
v -278.846558 3.739554 0.955072
v -278.846558 3.636526 0.777887
v -279.940125 3.636528 0.777887
v -279.940125 3.428348 0.778948
v -278.846558 3.428348 0.778948
v -279.940125 3.327688 0.955072
v -278.846558 3.327686 0.955072
v -278.846558 3.431479 1.132624
v -279.940125 3.431478 1.132608
v -279.940125 3.639493 1.130938
v -278.846558 3.639495 1.130938
v -278.814697 3.711424 0.955072
v -278.781311 3.739552 0.955072
v -278.781311 3.636525 0.777887
v -278.814697 3.622470 0.802080
v -278.814697 3.442728 0.803003
v -278.781311 3.428346 0.778948
v -278.814697 3.355819 0.955072
v -278.781311 3.327688 0.955072
v -278.781311 3.431478 1.132624
v -278.814636 3.445431 1.108377
v -278.814697 3.625032 1.106920
v -278.781311 3.639493 1.130938
v -275.403198 3.739552 0.955072
v -275.368652 3.711889 0.955072
v -275.368652 3.622527 0.801386
v -275.403198 3.636523 0.777887
v -275.403198 3.639493 1.130938
v -275.368652 3.625101 1.107615
v -275.403198 3.431478 1.132608
v -275.368652 3.444675 1.109079
v -275.403198 3.327686 0.955072
v -275.368652 3.354649 0.955072
v -275.403198 3.428346 0.778948
v -275.368652 3.441959 0.802309
v -277.638611 3.739554 0.955072
v -276.544983 3.739554 0.955072
v -276.544983 3.636526 0.777887
v -277.638611 3.636528 0.777887
v -277.638611 3.428348 0.778948
v -276.544983 3.428348 0.778948
v -277.638611 3.327688 0.955072
v -276.544983 3.327686 0.955072
v -276.544983 3.431479 1.132624
v -277.638611 3.431478 1.132608
v -277.638611 3.639493 1.130938
v -276.544983 3.639495 1.130938
v -276.513123 3.711424 0.955072
v -276.479736 3.739552 0.955072
v -276.479736 3.636525 0.777887
v -276.513123 3.622470 0.802080
v -276.513123 3.442728 0.803003
v -276.479736 3.428346 0.778948
v -276.513123 3.355819 0.955072
v -276.479736 3.327688 0.955072
v -276.479736 3.431478 1.132624
v -276.513062 3.445431 1.108377
v -276.513123 3.625032 1.106920
v -276.479736 3.639493 1.130938
v -273.066589 3.618089 0.798853
v -273.066589 3.446140 0.799883
v -273.066589 3.616709 1.111444
v -273.066589 3.447096 1.110224
v -273.066589 3.712222 0.954844
v -273.066589 3.354309 0.954844
v -273.101624 3.739552 0.955072
v -273.101624 3.636523 0.777887
v -273.101624 3.639493 1.130938
v -273.101624 3.431478 1.132608
v -273.101624 3.327686 0.955072
v -273.101624 3.428346 0.778948
v -275.337036 3.739554 0.955072
v -274.243408 3.739554 0.955072
v -274.243408 3.636526 0.777887
v -275.337036 3.636528 0.777887
v -275.337036 3.428348 0.778948
v -274.243408 3.428348 0.778948
v -275.337036 3.327688 0.955072
v -274.243408 3.327686 0.955072
v -274.243408 3.431479 1.132624
v -275.337036 3.431478 1.132608
v -275.337036 3.639493 1.130938
v -274.243408 3.639495 1.130938
v -274.211548 3.711424 0.955072
v -274.178162 3.739552 0.955072
v -274.178162 3.636525 0.777887
v -274.211548 3.622470 0.802080
v -274.211548 3.442728 0.803003
v -274.178162 3.428346 0.778948
v -274.211548 3.355819 0.955072
v -274.178162 3.327688 0.955072
v -274.178162 3.431478 1.132624
v -274.211548 3.445431 1.108377
v -274.211548 3.625032 1.106920
v -274.178162 3.639493 1.130938
v -273.033997 3.744282 0.955072
v -273.033997 3.634118 1.135386
v -273.033997 3.636137 0.775660
v -273.033997 3.431329 0.779490
v -273.033997 3.331725 0.955072
v -273.033997 3.434253 1.131960
v -272.427795 3.527616 0.955072
v -272.427795 3.744284 0.955072
v -272.427795 3.634118 1.135386
v -272.427734 3.636137 0.775660
v -272.427795 3.434252 1.131960
v -272.427795 3.331723 0.955072
v -272.427734 3.431329 0.779490
v -272.630798 2.506941 2.227060
v -275.223083 2.507292 2.227060
v -275.223083 2.507272 -0.212458
v -272.630798 2.506956 -0.212458
v -277.813904 2.507499 2.227060
v -277.813904 2.507531 -0.212458
v -280.409851 2.507226 2.227060
v -280.409851 2.507272 -0.212458
v -272.630798 -0.120080 2.227060
v -275.223083 -0.119729 2.227060
v -275.223083 -0.119749 -0.212458
v -272.630798 -0.120064 -0.212458
v -277.813904 -0.119521 2.227060
v -277.813904 -0.119490 -0.212458
v -280.409851 -0.119795 2.227060
v -280.409851 -0.119748 -0.212458
v -278.786804 0.853178 2.412888
v -279.147461 0.853178 3.037552
v -278.825317 0.852861 2.390297
v -279.186279 0.852861 3.015495
v -278.825317 2.429380 2.390297
v -279.186279 2.429380 3.015495
v -278.786804 2.429062 2.412888
v -279.147461 2.429062 3.037552
v -278.862488 0.913625 2.448212
v -279.154724 0.913625 2.954338
v -279.154724 2.368615 2.954338
v -278.862488 2.368615 2.448212
v -278.818481 2.368598 2.473663
v -279.110657 2.368598 2.979698
v -279.110657 0.913643 2.979698
v -278.818481 0.913643 2.473663
v -279.173157 2.442585 3.039505
v -278.797974 2.442585 2.389664
v -278.797974 0.839655 2.389664
v -279.173157 0.839655 3.039505
v -278.842316 0.908918 2.451591
v -278.842346 2.373333 2.451584
v -279.140991 2.373333 2.968880
v -279.148499 0.908918 2.981956
v -278.830017 1.247530 2.364265
v -278.849976 1.247486 2.376007
v -278.850220 1.247532 2.399193
v -278.807983 1.247530 2.400261
v -278.830017 1.451513 2.364265
v -278.849976 1.451558 2.376007
v -278.850220 1.451514 2.399193
v -278.807983 1.451514 2.400261
v -278.830017 1.872549 2.364265
v -278.849976 1.872505 2.376007
v -278.850220 1.872553 2.399193
v -278.807983 1.872548 2.400261
v -278.830078 2.076532 2.364319
v -278.849976 2.076580 2.376007
v -278.850220 2.076535 2.399193
v -278.807983 2.076534 2.400261
v -279.231506 1.630876 2.951897
v -279.212891 1.584218 2.961372
v -279.159790 1.570073 2.992805
v -279.200745 1.630567 2.948914
v -279.187500 1.602983 2.956963
v -279.147949 1.585008 2.976524
v -279.222290 1.631677 2.983772
v -279.207764 1.603124 2.990646
v -279.168701 1.584127 3.011894
v -279.212891 1.648340 2.964035
v -279.231384 1.531373 3.043259
v -279.220398 1.586610 3.024254
v -279.192810 1.608560 2.976448
v -279.164795 1.584348 2.927933
v -279.152710 1.528352 2.906990
v -279.163696 1.473131 2.925995
v -279.191223 1.451303 2.973717
v -279.219238 1.475488 3.022224
v -279.248962 1.531816 3.052895
v -279.235626 1.599000 3.029808
v -279.202026 1.625703 2.971611
v -279.167847 1.596250 2.912407
v -279.153137 1.527917 2.886955
v -279.166504 1.460752 2.910057
v -279.200104 1.434072 2.968254
v -279.234131 1.463697 3.027229
v -279.245819 1.532476 3.075539
v -279.230042 1.612165 3.048225
v -279.190033 1.644029 2.978920
v -279.149414 1.608861 2.908546
v -279.131866 1.527479 2.878181
v -279.147766 1.447580 2.905685
v -279.187622 1.416032 2.974701
v -279.228271 1.451089 3.045174
v -279.220581 1.531968 3.071518
v -279.207031 1.600446 3.047981
v -279.172699 1.627702 2.988548
v -279.137939 1.597494 2.928291
v -279.122803 1.527910 2.902138
v -279.136414 1.459302 2.925758
v -279.168213 1.431581 2.986458
v -279.203247 1.461885 3.047173
v -278.824402 0.908918 2.461548
v -278.824402 2.373333 2.461540
v -279.123047 2.373333 2.978813
v -279.130615 0.908918 2.991898
v -279.072693 1.631103 3.048981
v -279.090240 1.584438 3.037621
v -279.143066 1.570468 3.005768
v -279.103455 1.631812 3.052063
v -279.116089 1.604179 3.042885
v -279.155334 1.586391 3.022644
v -279.082031 1.630828 3.017227
v -279.095825 1.602367 3.009148
v -279.133575 1.583900 2.984695
v -279.092529 1.651367 3.037399
v -277.377014 0.853178 -0.353867
v -277.737610 0.853178 -0.978546
v -277.338196 0.852861 -0.375908
v -277.699127 0.852861 -1.001106
v -277.338196 2.429380 -0.375908
v -277.699127 2.429380 -1.001106
v -277.377014 2.429062 -0.353867
v -277.737610 2.429062 -0.978546
v -277.369720 0.913625 -0.437088
v -277.661926 0.913625 -0.943214
v -277.661926 2.368615 -0.943214
v -277.369720 2.368615 -0.437088
v -277.413757 2.368598 -0.411713
v -277.705933 2.368598 -0.917747
v -277.705933 0.913643 -0.917747
v -277.413757 0.913643 -0.411713
v -277.726501 2.442585 -1.001755
v -277.351318 2.442585 -0.351913
v -277.351318 0.839655 -0.351913
v -277.726501 0.839655 -1.001755
v -277.382751 0.908918 -0.421288
v -277.382751 2.373333 -0.421295
v -277.681396 2.373333 -0.938576
v -277.688965 0.908918 -0.951653
v -277.313263 1.247530 -0.366997
v -277.313477 1.247486 -0.390152
v -277.333435 1.247532 -0.401924
v -277.355469 1.247530 -0.365898
v -277.313263 1.451513 -0.366997
v -277.313477 1.451558 -0.390152
v -277.333435 1.451514 -0.401924
v -277.355469 1.451514 -0.365898
v -277.313263 1.872549 -0.366997
v -277.313477 1.872505 -0.390152
v -277.333435 1.872553 -0.401924
v -277.355469 1.872548 -0.365898
v -277.313293 2.076532 -0.367050
v -277.313477 2.076580 -0.390152
v -277.333435 2.076535 -0.401924
v -277.355469 2.076534 -0.365898
v -277.621429 1.630876 -1.008492
v -277.638977 1.584218 -0.997093
v -277.692719 1.570073 -0.966835
v -277.634216 1.630567 -0.980362
v -277.647827 1.602983 -0.972923
v -277.684509 1.585008 -0.948463
v -277.653625 1.631677 -1.016457
v -277.666870 1.603124 -1.007324
v -277.704803 1.584127 -0.984093
v -277.641235 1.648340 -0.998459
v -277.700623 1.531373 -1.054077
v -277.689636 1.586610 -1.035057
v -277.662048 1.608560 -0.987251
v -277.634033 1.584348 -0.938751
v -277.621948 1.528352 -0.917793
v -277.632935 1.473131 -0.936798
v -277.660461 1.451303 -0.984535
v -277.688477 1.475488 -1.033043
v -277.700165 1.531816 -1.074120
v -277.686829 1.599000 -1.051018
v -277.653259 1.625703 -0.992836
v -277.619080 1.596250 -0.933632
v -277.604370 1.527917 -0.908165
v -277.617676 1.460752 -0.931282
v -277.651306 1.434072 -0.989479
v -277.685364 1.463697 -1.048454
v -277.721375 1.532476 -1.082710
v -277.705566 1.612165 -1.055382
v -277.665588 1.644029 -0.986092
v -277.624939 1.608861 -0.915718
v -277.607422 1.527479 -0.885353
v -277.623291 1.447580 -0.912857
v -277.663147 1.416032 -0.981873
v -277.703796 1.451089 -1.052345
v -277.730469 1.531968 -1.058853
v -277.716888 1.600446 -1.035332
v -277.682556 1.627702 -0.975899
v -277.647766 1.597494 -0.915642
v -277.632690 1.527910 -0.889488
v -277.646332 1.459302 -0.913078
v -277.683014 1.431581 -0.970955
v -277.718079 1.461885 -1.031654
v -277.400330 0.908918 -0.410751
v -277.400330 2.373333 -0.410759
v -277.698975 2.373333 -0.928047
v -277.706543 0.908918 -0.941132
v -277.784912 1.631103 -0.919510
v -277.766296 1.584438 -0.929024
v -277.712280 1.570468 -0.958847
v -277.772217 1.631812 -0.947708
v -277.757935 1.604179 -0.954033
v -277.720764 1.586391 -0.977905
v -277.752747 1.630828 -0.911713
v -277.738831 1.602367 -0.919624
v -277.698792 1.583900 -0.940094
v -277.764954 1.651367 -0.930893
v -274.286621 0.853178 -0.404579
v -273.925964 0.853178 -1.029243
v -274.248108 0.852861 -0.381989
v -273.887177 0.852861 -1.007187
v -274.248108 2.429380 -0.381989
v -273.887177 2.429380 -1.007187
v -274.286621 2.429062 -0.404579
v -273.925964 2.429062 -1.029243
v -274.210938 0.913625 -0.439903
v -273.918701 0.913625 -0.946030
v -273.918701 2.368615 -0.946030
v -274.210938 2.368615 -0.439903
v -274.254944 2.368598 -0.465355
v -273.962769 2.368598 -0.971390
v -273.962769 0.913643 -0.971390
v -274.254944 0.913643 -0.465355
v -273.900269 2.442585 -1.031197
v -274.275452 2.442585 -0.381355
v -274.275452 0.839655 -0.381355
v -273.900269 0.839655 -1.031197
v -274.231140 0.908918 -0.443283
v -274.231110 2.373333 -0.443275
v -273.932465 2.373333 -0.960571
v -273.924927 0.908918 -0.973648
v -274.243408 1.247530 -0.355957
v -274.223450 1.247486 -0.367699
v -274.223206 1.247532 -0.390884
v -274.265442 1.247530 -0.391953
v -274.243408 1.451513 -0.355957
v -274.223450 1.451558 -0.367699
v -274.223206 1.451514 -0.390884
v -274.265442 1.451514 -0.391953
v -274.243408 1.872549 -0.355957
v -274.223450 1.872505 -0.367699
v -274.223206 1.872553 -0.390884
v -274.265442 1.872548 -0.391953
v -274.243347 2.076532 -0.356010
v -274.223450 2.076580 -0.367699
v -274.223206 2.076535 -0.390884
v -274.265442 2.076534 -0.391953
v -273.841919 1.630876 -0.943588
v -273.860535 1.584218 -0.953064
v -273.913635 1.570073 -0.984497
v -273.872681 1.630567 -0.940605
v -273.885925 1.602983 -0.948654
v -273.925476 1.585008 -0.968216
v -273.851135 1.631677 -0.975464
v -273.865662 1.603124 -0.982338
v -273.904724 1.584127 -1.003586
v -273.860535 1.648340 -0.955727
v -273.842041 1.531373 -1.034950
v -273.853027 1.586610 -1.015945
v -273.880615 1.608560 -0.968140
v -273.908630 1.584348 -0.919624
v -273.920715 1.528352 -0.898682
v -273.909760 1.473131 -0.917686
v -273.882202 1.451303 -0.965408
v -273.854187 1.475488 -1.013916
v -273.824463 1.531816 -1.044586
v -273.837830 1.599000 -1.021500
v -273.871399 1.625703 -0.963303
v -273.905579 1.596250 -0.904099
v -273.920288 1.527917 -0.878647
v -273.906921 1.460752 -0.901749
v -273.873322 1.434072 -0.959946
v -273.839294 1.463697 -1.018921
v -273.827637 1.532476 -1.067230
v -273.843384 1.612165 -1.039917
v -273.883423 1.644029 -0.970612
v -273.924011 1.608861 -0.900238
v -273.941559 1.527479 -0.869873
v -273.925659 1.447580 -0.897377
v -273.885834 1.416032 -0.966393
v -273.845154 1.451089 -1.036865
v -273.852844 1.531968 -1.063210
v -273.866394 1.600446 -1.039673
v -273.900726 1.627702 -0.980240
v -273.935516 1.597494 -0.919983
v -273.950623 1.527910 -0.893829
v -273.937012 1.459302 -0.917450
v -273.905212 1.431581 -0.978149
v -273.870178 1.461885 -1.038864
v -274.249023 0.908918 -0.453239
v -274.249023 2.373333 -0.453232
v -273.950378 2.373333 -0.970505
v -273.942810 0.908918 -0.983589
v -274.000732 1.631103 -1.040672
v -273.983215 1.584438 -1.029312
v -273.930359 1.570468 -0.997459
v -273.969971 1.631812 -1.043755
v -273.957336 1.604179 -1.034576
v -273.918091 1.586391 -1.014336
v -273.991394 1.630828 -1.008919
v -273.977600 1.602367 -1.000839
v -273.939850 1.583900 -0.976387
v -273.980896 1.651367 -1.029091
v -274.929810 0.911141 2.357108
v -274.929810 2.375556 2.357131
v -274.332520 2.375556 2.357108
v -274.317383 0.911141 2.357108
v -274.991089 0.855400 2.328399
v -274.269775 0.855400 2.328399
v -274.991394 0.855084 2.373038
v -274.269470 0.855083 2.373038
v -274.991394 2.431602 2.373038
v -274.269470 2.431602 2.373038
v -274.991089 2.431285 2.328399
v -274.269775 2.431285 2.328399
v -274.922668 0.915848 2.376296
v -274.338257 0.915848 2.376296
v -274.338257 2.370837 2.376296
v -274.922668 2.370837 2.376296
v -274.922607 2.370820 2.325469
v -274.338318 2.370820 2.325469
v -274.338318 0.915865 2.325469
v -274.922607 0.915865 2.325469
v -274.255249 2.444808 2.349662
v -275.005615 2.444808 2.349662
v -275.005615 0.841878 2.349662
v -274.255249 0.841878 2.349662
v -275.731201 0.855400 2.328399
v -275.009888 0.855400 2.328399
v -275.731506 0.855084 2.373038
v -275.009583 0.855083 2.373038
v -275.731506 2.431602 2.373038
v -275.009583 2.431602 2.373038
v -275.731201 2.431285 2.328399
v -275.009888 2.431285 2.328399
v -275.662720 0.915848 2.376296
v -275.078308 0.915848 2.376296
v -275.078308 2.370837 2.376296
v -275.662720 2.370837 2.376296
v -275.662720 2.370820 2.325469
v -275.078369 2.370820 2.325469
v -275.078369 0.915865 2.325469
v -275.662720 0.915865 2.325469
v -274.995361 2.444808 2.349662
v -275.745728 2.444808 2.349662
v -275.745728 0.841878 2.349662
v -274.995361 0.841878 2.349662
v -275.669922 0.911141 2.357108
v -275.669922 2.375556 2.357131
v -275.072571 2.375556 2.357108
v -275.057495 0.911141 2.357108
v -274.942261 1.631612 2.444015
v -274.964661 1.590657 2.423141
v -274.970642 1.577980 2.361457
v -274.957520 1.641252 2.418891
v -274.969971 1.616511 2.403373
v -274.980652 1.602152 2.359275
v -274.922607 1.619956 2.420066
v -274.936768 1.595266 2.404059
v -274.944031 1.578121 2.359138
v -274.932007 1.649105 2.421027
v -274.289673 1.874772 2.390143
v -274.269531 1.874728 2.401557
v -274.249329 1.874776 2.390143
v -274.269531 1.874771 2.353042
v -274.289612 2.078754 2.390143
v -274.269531 2.078802 2.401557
v -274.249329 2.078758 2.390143
v -274.269531 2.078756 2.353042
v -274.289673 1.249753 2.390143
v -274.269531 1.249709 2.401557
v -274.249329 1.249755 2.390143
v -274.269531 1.249753 2.353042
v -274.289673 1.453736 2.390143
v -274.269531 1.453781 2.401557
v -274.249329 1.453737 2.390143
v -274.269531 1.453736 2.353042
v -275.751648 1.249753 2.390143
v -275.731506 1.249709 2.401557
v -275.711304 1.249755 2.390143
v -275.731506 1.249753 2.353042
v -275.751648 1.453736 2.390143
v -275.731506 1.453781 2.401557
v -275.711304 1.453737 2.390143
v -275.731506 1.453736 2.353042
v -275.751648 1.874772 2.390143
v -275.731506 1.874728 2.401557
v -275.711304 1.874776 2.390143
v -275.731506 1.874771 2.353042
v -275.751587 2.078754 2.390143
v -275.731506 2.078802 2.401557
v -275.711304 2.078758 2.390143
v -275.731506 2.078756 2.353042
v -275.063782 1.629116 2.444007
v -275.041382 1.588167 2.423141
v -275.033752 1.576250 2.361449
v -275.079163 1.619875 2.418876
v -275.065063 1.596159 2.403373
v -275.058533 1.579172 2.359351
v -275.044250 1.641310 2.420104
v -275.031067 1.615934 2.404075
v -275.022583 1.598913 2.359603
v -275.071472 1.644848 2.421836
v -274.925720 1.549446 2.398231
v -274.947632 1.604683 2.398215
v -275.002869 1.626633 2.398215
v -275.058838 1.602421 2.398246
v -275.083069 1.546425 2.398223
v -275.061096 1.491203 2.398215
v -275.005981 1.469376 2.398231
v -274.949951 1.493561 2.398231
v -274.908569 1.549889 2.408637
v -274.935242 1.617073 2.408629
v -275.002441 1.643776 2.408629
v -275.070740 1.614323 2.408629
v -275.100220 1.545990 2.408629
v -275.073486 1.478825 2.408637
v -275.006287 1.452145 2.408637
v -274.938171 1.481770 2.408629
v -274.890503 1.550549 2.394591
v -274.922058 1.630238 2.394576
v -275.002075 1.662102 2.394584
v -275.083374 1.626934 2.394591
v -275.118408 1.545551 2.394584
v -275.086670 1.465653 2.394584
v -275.006958 1.434105 2.394599
v -274.925598 1.469162 2.394599
v -274.906616 1.550041 2.374747
v -274.933777 1.618519 2.374747
v -275.002380 1.645775 2.374747
v -275.071960 1.615566 2.374747
v -275.102173 1.545982 2.374747
v -275.074951 1.477375 2.374740
v -275.006470 1.449654 2.371902
v -274.936401 1.479958 2.371894
v -275.071167 0.911141 2.335120
v -275.071167 2.375556 2.335097
v -275.668518 2.375556 2.335120
v -275.683594 0.911141 2.335120
v -274.331116 0.911141 2.335120
v -274.331116 2.375556 2.335097
v -274.928406 2.375556 2.335120
v -274.943542 0.911141 2.335120
v -275.058716 1.631612 2.257385
v -275.036316 1.590657 2.278260
v -275.030334 1.577980 2.339943
v -275.043457 1.641252 2.282509
v -275.031067 1.616511 2.298027
v -275.020325 1.602152 2.342125
v -275.078369 1.619956 2.281334
v -275.064209 1.595266 2.297341
v -275.056946 1.578121 2.342263
v -275.068970 1.649105 2.280373
v -274.937195 1.629116 2.257393
v -274.959595 1.588167 2.278260
v -274.967285 1.576250 2.339951
v -274.921814 1.619875 2.282524
v -274.935913 1.596159 2.298027
v -274.942444 1.579172 2.342049
v -274.956726 1.641310 2.281296
v -274.969910 1.615934 2.297325
v -274.978394 1.598913 2.341797
v -274.929565 1.644848 2.279564
v -275.075317 1.549446 2.303169
v -275.053406 1.604683 2.303185
v -274.998169 1.626633 2.303185
v -274.942139 1.602421 2.303154
v -274.917969 1.546425 2.303177
v -274.939880 1.491203 2.303185
v -274.994995 1.469376 2.303169
v -275.051025 1.493561 2.303169
v -275.092468 1.549889 2.292763
v -275.065796 1.617073 2.292771
v -274.998596 1.643776 2.292771
v -274.930237 1.614323 2.292771
v -274.900818 1.545990 2.292771
v -274.927490 1.478825 2.292763
v -274.994690 1.452145 2.292763
v -275.062805 1.481770 2.292771
v -275.110474 1.550549 2.306809
v -275.078918 1.630238 2.306824
v -274.998901 1.662102 2.306816
v -274.917664 1.626934 2.306809
v -274.882568 1.545551 2.306816
v -274.914368 1.465653 2.306816
v -274.994019 1.434105 2.306801
v -275.075439 1.469162 2.306801
v -275.094360 1.550041 2.326653
v -275.067200 1.618519 2.326653
v -274.998596 1.645775 2.326653
v -274.929016 1.615566 2.326653
v -274.898804 1.545982 2.326653
v -274.926086 1.477375 2.326660
v -274.994507 1.449654 2.329499
v -275.064636 1.479958 2.329506
v -276.781067 0.908970 2.739582
v -276.781067 2.373385 2.739555
v -277.298340 2.373385 2.440910
v -277.311432 0.908970 2.433376
v -276.742340 0.853229 2.795086
v -277.367004 0.853229 2.434422
v -276.719757 0.852913 2.756588
v -277.344971 0.852912 2.395611
v -276.719757 2.429431 2.756588
v -277.344971 2.429431 2.395611
v -276.742340 2.429114 2.795086
v -277.367004 2.429114 2.434422
v -276.777649 0.913677 2.719391
v -277.283783 0.913677 2.427181
v -277.283783 2.368666 2.427181
v -276.777649 2.368666 2.719391
v -276.803101 2.368649 2.763374
v -277.309143 2.368649 2.471214
v -277.309143 0.913694 2.471214
v -276.803101 0.913694 2.763374
v -277.368958 2.442637 2.408760
v -276.719116 2.442637 2.783943
v -276.719116 0.839707 2.783943
v -277.368958 0.839706 2.408760
v -276.708984 1.631103 2.680832
v -276.720367 1.584438 2.698376
v -276.752197 1.570468 2.751209
v -276.705933 1.631812 2.711613
v -276.715088 1.604179 2.724224
v -276.735352 1.586391 2.763474
v -276.740784 1.630828 2.690159
v -276.748840 1.602367 2.703968
v -276.773315 1.583900 2.741714
v -276.720581 1.651367 2.700668
v -277.318909 1.872601 2.390888
v -277.330658 1.872557 2.370937
v -277.353882 1.872605 2.370728
v -277.354919 1.872600 2.412960
v -277.318970 2.076583 2.390846
v -277.330658 2.076631 2.370937
v -277.353882 2.076586 2.370728
v -277.354919 2.076585 2.412960
v -277.318909 1.247582 2.390888
v -277.330658 1.247537 2.370937
v -277.353882 1.247583 2.370728
v -277.354919 1.247581 2.412960
v -277.318909 1.451564 2.390888
v -277.330658 1.451610 2.370937
v -277.353882 1.451566 2.370728
v -277.354919 1.451565 2.412960
v -276.789490 0.908970 2.764629
v -276.789490 2.373385 2.764587
v -277.306763 2.373385 2.465958
v -277.319885 0.908970 2.458401
v -276.806152 1.630876 2.839787
v -276.796661 1.584218 2.821156
v -276.765228 1.570073 2.768063
v -276.809143 1.630567 2.809029
v -276.801086 1.602983 2.795792
v -276.781494 1.585008 2.756252
v -276.774261 1.631677 2.830578
v -276.767395 1.603124 2.816059
v -276.746155 1.584127 2.776966
v -276.794006 1.648340 2.821182
v -276.714783 1.531373 2.839672
v -276.733765 1.586610 2.828686
v -276.781586 1.608560 2.801086
v -276.830078 1.584348 2.773090
v -276.851044 1.528352 2.760983
v -276.832031 1.473131 2.771957
v -276.784302 1.451303 2.799519
v -276.735809 1.475488 2.827526
v -276.705139 1.531816 2.857254
v -276.728210 1.599000 2.843903
v -276.786438 1.625703 2.810318
v -276.845642 1.596250 2.776138
v -276.871094 1.527917 2.761425
v -276.847961 1.460752 2.774788
v -276.789795 1.434072 2.808388
v -276.730804 1.463697 2.842430
v -276.682495 1.532476 2.854099
v -276.709808 1.612165 2.838314
v -276.779114 1.644029 2.798313
v -276.849487 1.608861 2.757687
v -276.879852 1.527479 2.740150
v -276.852356 1.447580 2.756031
v -276.783325 1.416032 2.795879
v -276.712860 1.451089 2.836567
v -276.686523 1.531968 2.828869
v -276.710052 1.600446 2.815296
v -276.769470 1.627702 2.780983
v -276.829742 1.597494 2.746197
v -276.855896 1.527910 2.731094
v -276.832275 1.459302 2.744705
v -276.771576 1.431581 2.776482
v -276.710876 1.461885 2.811523
v -278.328674 0.908970 -0.834625
v -278.328705 2.373385 -0.834633
v -278.751068 2.373385 -0.412254
v -278.761719 0.908970 -0.401566
v -278.265045 0.853229 -0.857658
v -278.775085 0.853229 -0.347610
v -278.296387 0.852913 -0.889435
v -278.806885 0.852912 -0.378967
v -278.296387 2.429431 -0.889435
v -278.806885 2.429431 -0.378967
v -278.265045 2.429114 -0.857658
v -278.775085 2.429114 -0.347610
v -278.347290 0.913677 -0.843147
v -278.760559 0.913677 -0.429878
v -278.760559 2.368666 -0.429878
v -278.347290 2.368666 -0.843147
v -278.311401 2.368649 -0.807167
v -278.724609 2.368649 -0.393974
v -278.724609 0.913694 -0.393974
v -278.311401 0.913694 -0.807167
v -278.800415 2.442637 -0.352386
v -278.269806 2.442637 -0.882973
v -278.269806 0.839707 -0.882973
v -278.800415 0.839706 -0.352386
v -278.366760 1.631103 -0.919434
v -278.352783 1.584438 -0.903915
v -278.309998 1.570468 -0.859467
v -278.336243 1.631812 -0.914436
v -278.326447 1.604179 -0.902306
v -278.293762 1.586391 -0.872597
v -278.365997 1.630828 -0.886345
v -278.354736 1.602367 -0.874969
v -278.324615 1.583900 -0.841576
v -278.350647 1.651367 -0.903107
v -278.804688 1.872601 -0.405334
v -278.827026 1.872557 -0.399162
v -278.833221 1.872605 -0.376808
v -278.792725 1.872600 -0.364853
v -278.804749 2.076583 -0.405289
v -278.827026 2.076631 -0.399162
v -278.833221 2.076586 -0.376808
v -278.792725 2.076585 -0.364853
v -278.804688 1.247582 -0.405334
v -278.827026 1.247537 -0.399162
v -278.833221 1.247583 -0.376808
v -278.792725 1.247581 -0.364853
v -278.804688 1.451564 -0.405334
v -278.827026 1.451610 -0.399162
v -278.833221 1.451566 -0.376808
v -278.792725 1.451565 -0.364853
v -278.306671 0.908970 -0.820015
v -278.306702 2.373385 -0.820023
v -278.729065 2.373385 -0.397636
v -278.739746 0.908970 -0.386948
v -278.238403 1.630876 -0.784462
v -278.253937 1.584218 -0.798439
v -278.297058 1.570073 -0.842537
v -278.268860 1.630567 -0.789543
v -278.279572 1.602983 -0.800743
v -278.312683 1.585008 -0.829872
v -278.239014 1.631677 -0.817635
v -278.251282 1.603124 -0.828033
v -278.283539 1.584127 -0.858681
v -278.253235 1.648340 -0.801003
v -278.214844 1.531373 -0.872742
v -278.230408 1.586610 -0.857224
v -278.269409 1.608560 -0.818192
v -278.309021 1.584348 -0.778580
v -278.326111 1.528352 -0.761482
v -278.310608 1.473131 -0.777000
v -278.271637 1.451303 -0.815956
v -278.232025 1.475488 -0.855568
v -278.195374 1.531816 -0.877495
v -278.214233 1.599000 -0.858658
v -278.261749 1.625703 -0.811134
v -278.310089 1.596250 -0.762794
v -278.330872 1.527917 -0.742012
v -278.312012 1.460752 -0.760872
v -278.264465 1.434072 -0.808388
v -278.216339 1.463697 -0.856544
v -278.192566 1.532476 -0.900185
v -278.214874 1.612165 -0.877892
v -278.271454 1.644029 -0.821297
v -278.328918 1.608861 -0.763840
v -278.353699 1.527479 -0.739044
v -278.331238 1.447580 -0.761505
v -278.274902 1.416032 -0.817856
v -278.217346 1.451089 -0.875397
v -278.217957 1.531968 -0.902840
v -278.237183 1.600446 -0.883606
v -278.285706 1.627702 -0.835083
v -278.334900 1.597494 -0.785889
v -278.356262 1.527910 -0.764534
v -278.336975 1.459302 -0.783829
v -278.290588 1.431581 -0.834236
v -278.241028 1.461885 -0.883812
v -276.181885 0.908970 -0.865852
v -276.181885 2.373385 -0.865829
v -275.759521 2.373385 -0.443466
v -275.748840 0.908970 -0.432808
v -276.204895 0.853229 -0.929489
v -275.694885 0.853229 -0.419426
v -276.236694 0.852913 -0.898140
v -275.726227 0.852912 -0.387657
v -276.236694 2.429431 -0.898140
v -275.726227 2.429431 -0.387657
v -276.204895 2.429114 -0.929489
v -275.694885 2.429114 -0.419426
v -276.190430 0.913677 -0.847229
v -275.777161 0.913677 -0.433975
v -275.777161 2.368666 -0.433975
v -276.190430 2.368666 -0.847229
v -276.154419 2.368649 -0.883118
v -275.741211 2.368649 -0.469940
v -275.741211 0.913694 -0.469940
v -276.154419 0.913694 -0.883118
v -275.699646 2.442637 -0.394142
v -276.230225 2.442637 -0.924728
v -276.230225 0.839707 -0.924728
v -275.699646 0.839706 -0.394142
v -276.266693 1.631103 -0.827751
v -276.251160 1.584438 -0.841759
v -276.206726 1.570468 -0.884544
v -276.261719 1.631812 -0.858276
v -276.249573 1.604179 -0.868088
v -276.219849 1.586391 -0.900757
v -276.233582 1.630828 -0.828537
v -276.222229 1.602367 -0.839790
v -276.188843 1.583900 -0.869919
v -276.250366 1.651367 -0.843910
v -275.752594 1.872601 -0.389824
v -275.746399 1.872557 -0.367523
v -275.724060 1.872605 -0.361313
v -275.712097 1.872600 -0.401833
v -275.752563 2.076583 -0.389778
v -275.746399 2.076631 -0.367523
v -275.724060 2.076586 -0.361313
v -275.712097 2.076585 -0.401833
v -275.752594 1.247582 -0.389824
v -275.746399 1.247537 -0.367523
v -275.724060 1.247583 -0.361313
v -275.712097 1.247581 -0.401833
v -275.752594 1.451564 -0.389824
v -275.746399 1.451610 -0.367523
v -275.724060 1.451566 -0.361313
v -275.712097 1.451565 -0.401833
v -276.167297 0.908970 -0.887863
v -276.167297 2.373385 -0.887825
v -275.744873 2.373385 -0.465485
v -275.734192 0.908970 -0.454796
v -276.131714 1.630876 -0.956146
v -276.145691 1.584218 -0.940598
v -276.189819 1.570073 -0.897461
v -276.136780 1.630567 -0.925659
v -276.148010 1.602983 -0.914963
v -276.177124 1.585008 -0.881836
v -276.164917 1.631677 -0.955505
v -276.175293 1.603124 -0.943260
v -276.205933 1.584127 -0.910995
v -276.148254 1.648340 -0.941315
v -276.220001 1.531373 -0.979683
v -276.204468 1.586610 -0.964149
v -276.165466 1.608560 -0.925117
v -276.125854 1.584348 -0.885521
v -276.108765 1.528352 -0.868408
v -276.124268 1.473131 -0.883926
v -276.163208 1.451303 -0.922897
v -276.202820 1.475488 -0.962509
v -276.224731 1.531816 -0.999161
v -276.205933 1.599000 -0.980293
v -276.158386 1.625703 -0.932785
v -276.110046 1.596250 -0.884445
v -276.089294 1.527917 -0.863647
v -276.108154 1.460752 -0.882538
v -276.155640 1.434072 -0.930054
v -276.203796 1.463697 -0.978195
v -276.247437 1.532476 -1.001968
v -276.225159 1.612165 -0.979660
v -276.168579 1.644029 -0.923080
v -276.111084 1.608861 -0.865623
v -276.086304 1.527479 -0.840828
v -276.108765 1.447580 -0.863289
v -276.165100 1.416032 -0.919640
v -276.222656 1.451089 -0.977180
v -276.250122 1.531968 -0.976563
v -276.230865 1.600446 -0.957359
v -276.182343 1.627702 -0.908836
v -276.133148 1.597494 -0.859642
v -276.111816 1.527910 -0.838287
v -276.131104 1.459302 -0.857536
v -276.181519 1.431581 -0.903946
v -276.231079 1.461885 -0.953506
vt 0.432239 0.622142
vt 0.432239 0.367697
vt 0.375644 0.367697
vt 0.375624 0.622142
vt 0.432239 0.622142
vt 0.375721 0.622142
vt 0.375644 0.367697
vt 0.432239 0.367697
vt 0.442097 0.367697
vt 0.442097 0.622142
vt 0.432239 0.367697
vt 0.432239 0.622142
vt 0.442097 0.622142
vt 0.442097 0.367697
vt 0.432239 0.622142
vt 0.432239 0.367697
vt 0.375644 0.367697
vt 0.375624 0.622142
vt 0.432239 0.622142
vt 0.375721 0.622142
vt 0.375644 0.367697
vt 0.432239 0.367697
vt 0.442097 0.367697
vt 0.442097 0.622142
vt 0.432239 0.367697
vt 0.432239 0.622142
vt 0.442097 0.622142
vt 0.442097 0.367697
vt 0.432239 0.622142
vt 0.432239 0.367697
vt 0.375644 0.367697
vt 0.375624 0.622142
vt 0.432239 0.622142
vt 0.375721 0.622142
vt 0.375644 0.367697
vt 0.432239 0.367697
vt 0.442097 0.367697
vt 0.442097 0.622142
vt 0.432239 0.367697
vt 0.432239 0.622142
vt 0.442097 0.622142
vt 0.442097 0.367697
vt 0.432239 0.622142
vt 0.432239 0.367697
vt 0.375644 0.367697
vt 0.375624 0.622142
vt 0.432239 0.622142
vt 0.375721 0.622142
vt 0.375644 0.367697
vt 0.432239 0.367697
vt 0.442097 0.367697
vt 0.442097 0.622142
vt 0.432239 0.367697
vt 0.432239 0.622142
vt 0.442097 0.622142
vt 0.442097 0.367697
vt 0.432239 0.622142
vt 0.432239 0.367697
vt 0.375644 0.367697
vt 0.375624 0.622142
vt 0.432239 0.622142
vt 0.375721 0.622142
vt 0.375644 0.367697
vt 0.432239 0.367697
vt 0.442097 0.367697
vt 0.442097 0.622142
vt 0.432239 0.367697
vt 0.432239 0.622142
vt 0.442097 0.622142
vt 0.442097 0.367697
vt 0.374526 0.367697
vt 0.432239 0.367697
vt 0.432239 0.304090
vt 0.374526 0.304090
vt 0.432239 0.304090
vt 0.442097 0.304090
vt 0.442097 0.367697
vt 0.432239 0.367697
vt 0.374526 0.367697
vt 0.374526 0.304090
vt 0.432239 0.304090
vt 0.432239 0.367697
vt 0.374526 0.304090
vt 0.374526 0.293076
vt 0.432239 0.293076
vt 0.432239 0.304090
vt 0.432239 0.622142
vt 0.432239 0.367697
vt 0.375644 0.367697
vt 0.375624 0.622142
vt 0.432239 0.622142
vt 0.375721 0.622142
vt 0.375644 0.367697
vt 0.432239 0.367697
vt 0.442097 0.367697
vt 0.442097 0.622142
vt 0.432239 0.367697
vt 0.432239 0.622142
vt 0.442097 0.622142
vt 0.442097 0.367697
vt 0.374526 0.367697
vt 0.432239 0.367697
vt 0.432239 0.304090
vt 0.374526 0.304090
vt 0.432239 0.304090
vt 0.442097 0.304090
vt 0.442097 0.367697
vt 0.432239 0.367697
vt 0.374526 0.367697
vt 0.374526 0.304090
vt 0.432239 0.304090
vt 0.432239 0.367697
vt 0.374526 0.304090
vt 0.374526 0.293076
vt 0.432239 0.293076
vt 0.432239 0.304090
vt 0.432239 0.622142
vt 0.432239 0.367697
vt 0.375644 0.367697
vt 0.375624 0.622142
vt 0.432239 0.622142
vt 0.375721 0.622142
vt 0.375644 0.367697
vt 0.432239 0.367697
vt 0.442097 0.367697
vt 0.442097 0.622142
vt 0.432239 0.367697
vt 0.432239 0.622142
vt 0.442097 0.622142
vt 0.442097 0.367697
vt 0.432239 0.622142
vt 0.432239 0.367697
vt 0.375644 0.367697
vt 0.375624 0.622142
vt 0.432239 0.622142
vt 0.375721 0.622142
vt 0.375644 0.367697
vt 0.432239 0.367697
vt 0.442097 0.367697
vt 0.442097 0.622142
vt 0.432239 0.367697
vt 0.432239 0.622142
vt 0.442097 0.622142
vt 0.442097 0.367697
vt 0.432239 0.622142
vt 0.432239 0.367697
vt 0.375644 0.367697
vt 0.375624 0.622142
vt 0.432239 0.622142
vt 0.375721 0.622142
vt 0.375644 0.367697
vt 0.432239 0.367697
vt 0.442097 0.367697
vt 0.442097 0.622142
vt 0.432239 0.367697
vt 0.432239 0.622142
vt 0.442097 0.622142
vt 0.442097 0.367697
vt 0.432239 0.622142
vt 0.432239 0.367697
vt 0.375644 0.367697
vt 0.375624 0.622142
vt 0.432239 0.622142
vt 0.375721 0.622142
vt 0.375644 0.367697
vt 0.432239 0.367697
vt 0.442097 0.367697
vt 0.442097 0.622142
vt 0.432239 0.367697
vt 0.432239 0.622142
vt 0.442097 0.622142
vt 0.442097 0.367697
vt 0.432239 0.622142
vt 0.432239 0.367697
vt 0.375644 0.367697
vt 0.375624 0.622142
vt 0.432239 0.622142
vt 0.375721 0.622142
vt 0.375644 0.367697
vt 0.432239 0.367697
vt 0.442097 0.367697
vt 0.442097 0.622142
vt 0.432239 0.367697
vt 0.432239 0.622142
vt 0.442097 0.622142
vt 0.442097 0.367697
vt 0.374526 0.367697
vt 0.432239 0.367697
vt 0.432239 0.304090
vt 0.374526 0.304090
vt 0.432239 0.622142
vt 0.432239 0.367697
vt 0.375644 0.367697
vt 0.375624 0.622142
vt 0.432239 0.304090
vt 0.442097 0.304090
vt 0.442097 0.367697
vt 0.432239 0.367697
vt 0.374526 0.367697
vt 0.374526 0.304090
vt 0.432239 0.304090
vt 0.432239 0.367697
vt 0.432239 0.622142
vt 0.375721 0.622142
vt 0.375644 0.367697
vt 0.432239 0.367697
vt 0.442097 0.367697
vt 0.442097 0.622142
vt 0.374526 0.304090
vt 0.374526 0.293076
vt 0.432239 0.293076
vt 0.432239 0.304090
vt 0.432239 0.367697
vt 0.432239 0.622142
vt 0.442097 0.622142
vt 0.442097 0.367697
vt 0.374526 0.367697
vt 0.432239 0.367697
vt 0.432239 0.304090
vt 0.374526 0.304090
vt 0.432239 0.304090
vt 0.442097 0.304090
vt 0.442097 0.367697
vt 0.432239 0.367697
vt 0.374526 0.367697
vt 0.374526 0.304090
vt 0.432239 0.304090
vt 0.432239 0.367697
vt 0.374526 0.304090
vt 0.374526 0.293076
vt 0.432239 0.293076
vt 0.432239 0.304090
vt 0.503660 0.030047
vt 0.503660 0.068347
vt 0.993934 0.068347
vt 0.993931 0.030089
vt 0.993934 0.068347
vt 0.993931 0.030089
vt 0.503660 0.030047
vt 0.503660 0.068347
vt 0.503660 0.106657
vt 0.993931 0.106614
vt 0.503660 0.106657
vt 0.993931 0.106614
vt 0.005869 0.088435
vt 0.005869 0.067333
vt 0.393110 0.067333
vt 0.393110 0.088435
vt 0.393110 0.067333
vt 0.393110 0.088435
vt 0.005869 0.088435
vt 0.005869 0.067333
vt 0.005869 0.030469
vt 0.393110 0.030469
vt 0.005869 0.067333
vt 0.005869 0.030469
vt 0.393110 0.030469
vt 0.393110 0.067333
vt 0.005869 0.088435
vt 0.005869 0.067333
vt 0.393110 0.067333
vt 0.393110 0.088435
vt 0.393110 0.067333
vt 0.393110 0.088435
vt 0.005869 0.088435
vt 0.005869 0.067333
vt 0.005869 0.030469
vt 0.393110 0.030469
vt 0.005869 0.067333
vt 0.005869 0.030469
vt 0.393110 0.030469
vt 0.393110 0.067333
vt 0.503660 0.030047
vt 0.503660 0.068347
vt 0.993934 0.068347
vt 0.993931 0.030089
vt 0.993934 0.068347
vt 0.993931 0.030089
vt 0.503660 0.030047
vt 0.503660 0.068347
vt 0.503660 0.106657
vt 0.993931 0.106614
vt 0.503660 0.106657
vt 0.993931 0.106614
vt 0.005869 0.088435
vt 0.005869 0.067333
vt 0.393110 0.067333
vt 0.393110 0.088435
vt 0.393110 0.067333
vt 0.393110 0.088435
vt 0.005869 0.088435
vt 0.005869 0.067333
vt 0.005869 0.030469
vt 0.393110 0.030469
vt 0.005869 0.067333
vt 0.005869 0.030469
vt 0.393110 0.030469
vt 0.393110 0.067333
vt 0.005869 0.088435
vt 0.005869 0.067333
vt 0.393110 0.067333
vt 0.393110 0.088435
vt 0.393110 0.067333
vt 0.393110 0.088435
vt 0.005869 0.088435
vt 0.005869 0.067333
vt 0.005869 0.030469
vt 0.393110 0.030469
vt 0.005869 0.067333
vt 0.005869 0.030469
vt 0.393110 0.030469
vt 0.393110 0.067333
vt 0.005869 0.088435
vt 0.005869 0.067333
vt 0.393110 0.067333
vt 0.393110 0.088435
vt 0.393110 0.067333
vt 0.393110 0.088435
vt 0.005869 0.088435
vt 0.005869 0.067333
vt 0.005869 0.030469
vt 0.393110 0.030469
vt 0.005869 0.067333
vt 0.005869 0.030469
vt 0.393110 0.030469
vt 0.393110 0.067333
vt 0.005869 0.088435
vt 0.005869 0.067333
vt 0.393110 0.067333
vt 0.393110 0.088435
vt 0.393110 0.067333
vt 0.393110 0.088435
vt 0.005869 0.088435
vt 0.005869 0.067333
vt 0.005869 0.030469
vt 0.393110 0.030469
vt 0.005869 0.067333
vt 0.005869 0.030469
vt 0.393110 0.030469
vt 0.393110 0.067333
vt 0.005869 0.088435
vt 0.005869 0.067333
vt 0.393110 0.067333
vt 0.393110 0.088435
vt 0.393110 0.067333
vt 0.393110 0.088435
vt 0.005869 0.088435
vt 0.005869 0.067333
vt 0.005869 0.030469
vt 0.393110 0.030469
vt 0.005869 0.067333
vt 0.005869 0.030469
vt 0.393110 0.030469
vt 0.393110 0.067333
vt 0.005869 0.088435
vt 0.005869 0.067333
vt 0.393110 0.067333
vt 0.393110 0.088435
vt 0.393110 0.067333
vt 0.393110 0.088435
vt 0.005869 0.088435
vt 0.005869 0.067333
vt 0.005869 0.030469
vt 0.393110 0.030469
vt 0.005869 0.067333
vt 0.005869 0.030469
vt 0.393110 0.030469
vt 0.393110 0.067333
vt 0.503660 0.030047
vt 0.503660 0.068347
vt 0.993934 0.068347
vt 0.993931 0.030089
vt 0.993934 0.068347
vt 0.993931 0.030089
vt 0.503660 0.030047
vt 0.503660 0.068347
vt 0.503660 0.106657
vt 0.993931 0.106614
vt 0.503660 0.106657
vt 0.993931 0.106614
vt 0.503660 0.030047
vt 0.503660 0.068347
vt 0.993934 0.068347
vt 0.993931 0.030089
vt 0.993934 0.068347
vt 0.993931 0.030089
vt 0.503660 0.030047
vt 0.503660 0.068347
vt 0.503660 0.106657
vt 0.993931 0.106614
vt 0.503660 0.106657
vt 0.993931 0.106614
vt 0.351554 0.997017
vt 0.254798 0.997017
vt 0.254798 0.877843
vt 0.351554 0.877843
vt 0.533199 0.850570
vt 0.533199 0.916179
vt 0.629956 0.916179
vt 0.629956 0.850570
vt 0.351554 0.874109
vt 0.351554 0.756463
vt 0.254798 0.756463
vt 0.254798 0.874109
vt 0.001904 0.144889
vt 0.222060 0.144889
vt 0.222060 0.278387
vt 0.001904 0.278387
vt 0.533199 0.850570
vt 0.533199 0.916179
vt 0.629956 0.916179
vt 0.629956 0.850570
vt 0.225894 0.144889
vt 0.501337 0.144889
vt 0.501337 0.278387
vt 0.225894 0.278387
vt 1.176321 0.015367
vt 1.596707 0.015367
vt 1.596707 0.027833
vt 1.176321 0.027833
vt -1.004995 0.015367
vt -0.305490 0.015367
vt -0.305490 0.027833
vt -1.004995 0.027833
vt 0.213116 0.015367
vt 0.213116 0.027833
vt 0.213116 0.015367
vt 0.213116 0.000891
vt -0.305490 0.000891
vt -0.305490 0.015367
vt -1.004995 0.000891
vt -1.004995 0.015367
vt 1.596707 0.000891
vt 1.176321 0.000891
vt 1.176321 0.015367
vt 1.596707 0.015367
vt -1.004995 0.015367
vt -1.004995 0.027833
vt 1.596707 0.015367
vt 1.596707 0.027833
vt 0.225894 0.144889
vt 0.501337 0.144889
vt 0.501337 0.278387
vt 0.225894 0.278387
vt 0.351554 0.997017
vt 0.254798 0.997017
vt 0.254798 0.877843
vt 0.351554 0.877843
vt 0.351554 0.874109
vt 0.351554 0.756463
vt 0.254798 0.756463
vt 0.254798 0.874109
vt 0.533199 0.850570
vt 0.533199 0.916179
vt 0.629956 0.916179
vt 0.629956 0.850570
vt 0.351554 0.997017
vt 0.254798 0.997017
vt 0.254798 0.877843
vt 0.351554 0.877843
vt 0.533199 0.850570
vt 0.533199 0.916179
vt 0.629956 0.916179
vt 0.629956 0.850570
vt 0.351554 0.874109
vt 0.351554 0.756463
vt 0.254798 0.756463
vt 0.254798 0.874109
vt 0.001904 0.144889
vt 0.222060 0.144889
vt 0.222060 0.278387
vt 0.001904 0.278387
vt 0.533199 0.850570
vt 0.533199 0.916179
vt 0.629956 0.916179
vt 0.629956 0.850570
vt 0.225894 0.144889
vt 0.501337 0.144889
vt 0.501337 0.278387
vt 0.225894 0.278387
vt 1.176321 0.015367
vt 1.596707 0.015367
vt 1.596707 0.027833
vt 1.176321 0.027833
vt -1.004995 0.015367
vt -0.305490 0.015367
vt -0.305490 0.027833
vt -1.004995 0.027833
vt 0.213116 0.015367
vt 0.213116 0.027833
vt 0.213116 0.015367
vt 0.213116 0.000891
vt -0.305490 0.000891
vt -0.305490 0.015367
vt -1.004995 0.000891
vt -1.004995 0.015367
vt 1.596707 0.000891
vt 1.176321 0.000891
vt 1.176321 0.015367
vt 1.596707 0.015367
vt -1.004995 0.015367
vt -1.004995 0.027833
vt 1.596707 0.015367
vt 1.596707 0.027833
vt 0.225894 0.144889
vt 0.501337 0.144889
vt 0.501337 0.278387
vt 0.225894 0.278387
vt 0.351554 0.997017
vt 0.254798 0.997017
vt 0.254798 0.877843
vt 0.351554 0.877843
vt 0.351554 0.874109
vt 0.351554 0.756463
vt 0.254798 0.756463
vt 0.254798 0.874109
vt 0.533199 0.850570
vt 0.533199 0.916179
vt 0.629956 0.916179
vt 0.629956 0.850570
vt 0.351554 0.997017
vt 0.254798 0.997017
vt 0.254798 0.877843
vt 0.351554 0.877843
vt 0.533199 0.850570
vt 0.533199 0.916179
vt 0.629956 0.916179
vt 0.629956 0.850570
vt 0.351554 0.874109
vt 0.351554 0.756463
vt 0.254798 0.756463
vt 0.254798 0.874109
vt 0.001904 0.144889
vt 0.222060 0.144889
vt 0.222060 0.278387
vt 0.001904 0.278387
vt 0.533199 0.850570
vt 0.533199 0.916179
vt 0.629956 0.916179
vt 0.629956 0.850570
vt 0.225894 0.144889
vt 0.501337 0.144889
vt 0.501337 0.278387
vt 0.225894 0.278387
vt 1.176321 0.015367
vt 1.596707 0.015367
vt 1.596707 0.027833
vt 1.176321 0.027833
vt -1.004995 0.015367
vt -0.305490 0.015367
vt -0.305490 0.027833
vt -1.004995 0.027833
vt 0.213116 0.015367
vt 0.213116 0.027833
vt 0.213116 0.015367
vt 0.213116 0.000891
vt -0.305490 0.000891
vt -0.305490 0.015367
vt -1.004995 0.000891
vt -1.004995 0.015367
vt 1.596707 0.000891
vt 1.176321 0.000891
vt 1.176321 0.015367
vt 1.596707 0.015367
vt -1.004995 0.015367
vt -1.004995 0.027833
vt 1.596707 0.015367
vt 1.596707 0.027833
vt 0.351554 0.997017
vt 0.254798 0.997017
vt 0.254798 0.877843
vt 0.351554 0.877843
vt 0.533199 0.850570
vt 0.533199 0.916179
vt 0.629956 0.916179
vt 0.629956 0.850570
vt 0.351554 0.874109
vt 0.351554 0.756463
vt 0.254798 0.756463
vt 0.254798 0.874109
vt 0.001904 0.144889
vt 0.222060 0.144889
vt 0.222060 0.278387
vt 0.001904 0.278387
vt 0.533199 0.850570
vt 0.533199 0.916179
vt 0.629956 0.916179
vt 0.629956 0.850570
vt 0.225894 0.144889
vt 0.501337 0.144889
vt 0.501337 0.278387
vt 0.225894 0.278387
vt 1.176321 0.015367
vt 1.596707 0.015367
vt 1.596707 0.027833
vt 1.176321 0.027833
vt -1.004995 0.015367
vt -0.305490 0.015367
vt -0.305490 0.027833
vt -1.004995 0.027833
vt 0.213116 0.015367
vt 0.213116 0.027833
vt 0.213116 0.015367
vt 0.213116 0.000891
vt -0.305490 0.000891
vt -0.305490 0.015367
vt -1.004995 0.000891
vt -1.004995 0.015367
vt 1.596707 0.000891
vt 1.176321 0.000891
vt 1.176321 0.015367
vt 1.596707 0.015367
vt -1.004995 0.015367
vt -1.004995 0.027833
vt 1.596707 0.015367
vt 1.596707 0.027833
vt 0.008763 0.098953
vt 0.494060 0.098953
vt 0.494058 0.138236
vt 0.008765 0.138236
vt 0.008766 0.098953
vt 0.008766 0.088325
vt 0.494057 0.088325
vt 0.494057 0.098953
vt 0.008763 0.138236
vt 0.008765 0.098953
vt 0.494058 0.098953
vt 0.494060 0.138236
vt 0.008763 0.088325
vt 0.494060 0.088325
vt 0.008763 0.098953
vt 0.494060 0.098953
vt 0.494058 0.138236
vt 0.008765 0.138236
vt 0.008766 0.098953
vt 0.008766 0.088325
vt 0.494057 0.088325
vt 0.494057 0.098953
vt 0.008763 0.138236
vt 0.008765 0.098953
vt 0.494058 0.098953
vt 0.494060 0.138236
vt 0.008763 0.088325
vt 0.494060 0.088325
vt 0.008763 0.098953
vt 0.494060 0.098953
vt 0.494058 0.138236
vt 0.008765 0.138236
vt 0.008766 0.098953
vt 0.008766 0.088325
vt 0.494057 0.088325
vt 0.494057 0.098953
vt 0.008763 0.138236
vt 0.008765 0.098953
vt 0.494058 0.098953
vt 0.494060 0.138236
vt 0.008763 0.088325
vt 0.494060 0.088325
vt 0.008763 0.098953
vt 0.494060 0.098953
vt 0.494058 0.138236
vt 0.008765 0.138236
vt 0.008766 0.098953
vt 0.008766 0.088325
vt 0.494057 0.088325
vt 0.494057 0.098953
vt 0.008763 0.138236
vt 0.008765 0.098953
vt 0.494058 0.098953
vt 0.494060 0.138236
vt 0.008763 0.088325
vt 0.494060 0.088325
vt 0.586704 0.617825
vt 0.586702 0.622993
vt 0.998531 0.623150
vt 0.998534 0.617980
vt 0.586823 0.391210
vt 0.998669 0.391308
vt 0.998531 0.623150
vt 0.586702 0.622993
vt 0.993525 0.623148
vt 0.993664 0.391306
vt 0.998669 0.391308
vt 0.998531 0.623150
vt 0.586823 0.391210
vt 0.591829 0.391211
vt 0.591707 0.622995
vt 0.586702 0.622993
vt 0.723438 0.391242
vt 0.998669 0.391308
vt 0.998531 0.623150
vt 0.723311 0.623045
vt 0.723314 0.617876
vt 0.723311 0.623045
vt 0.998531 0.623150
vt 0.998534 0.617980
vt 0.212862 0.929554
vt 0.232174 0.929824
vt 0.232174 0.878512
vt 0.212862 0.878179
vt 0.232174 0.827030
vt 0.212862 0.826605
vt 0.192920 0.826564
vt 0.192920 0.878182
vt 0.203062 0.878322
vt 0.203111 0.826849
vt 0.192920 0.929580
vt 0.203126 0.930124
vt 0.156810 0.878191
vt 0.156810 0.929592
vt 0.156810 0.826565
vt 0.135524 0.826566
vt 0.135524 0.878191
vt 0.147535 0.878330
vt 0.147505 0.826843
vt 0.135524 0.929591
vt 0.147546 0.930149
vt 0.100963 0.878196
vt 0.100963 0.929597
vt 0.100963 0.826567
vt 0.080438 0.826562
vt 0.080438 0.878198
vt 0.091297 0.878336
vt 0.091332 0.826816
vt 0.080438 0.929604
vt 0.091350 0.930165
vt 0.064858 0.754219
vt 0.060932 0.702713
vt 0.052639 0.702713
vt 0.052544 0.754576
vt 0.044119 0.702713
vt 0.040651 0.754244
vt 0.064895 0.761565
vt 0.052519 0.761565
vt 0.040121 0.761565
vt 0.077978 0.775446
vt 0.091550 0.775458
vt 0.233014 0.698035
vt 0.248516 0.697363
vt 0.235537 0.681898
vt 0.077604 0.767129
vt 0.091646 0.767129
vt 0.037328 0.754800
vt 0.036616 0.761565
vt 0.067808 0.754757
vt 0.068354 0.761565
vt 0.236622 0.713796
vt 0.230475 0.713889
vt 0.229367 0.682000
vt 0.217454 0.697565
vt 0.115533 0.754133
vt 0.111395 0.702713
vt 0.103450 0.702713
vt 0.102620 0.754592
vt 0.095532 0.702713
vt 0.092872 0.754216
vt 0.115187 0.761565
vt 0.102468 0.761565
vt 0.092010 0.761565
vt 0.133765 0.775654
vt 0.147423 0.775521
vt 0.213317 0.725792
vt 0.229591 0.726524
vt 0.216522 0.709649
vt 0.133742 0.767129
vt 0.147410 0.767129
vt 0.087731 0.754759
vt 0.086963 0.761565
vt 0.118223 0.754650
vt 0.118648 0.761565
vt 0.216473 0.741645
vt 0.210113 0.741635
vt 0.210162 0.709638
vt 0.197705 0.725003
vt 0.102714 0.775624
vt 0.103970 0.772087
vt 0.132603 0.772117
vt 0.165809 0.753670
vt 0.162812 0.702713
vt 0.154426 0.702713
vt 0.153497 0.754233
vt 0.146035 0.702713
vt 0.142332 0.753910
vt 0.165679 0.761565
vt 0.153281 0.761565
vt 0.142083 0.761565
vt 0.189996 0.775659
vt 0.203236 0.775531
vt 0.233123 0.751790
vt 0.248516 0.752273
vt 0.236223 0.735622
vt 0.189136 0.767129
vt 0.203258 0.767129
vt 0.138527 0.754481
vt 0.137591 0.761565
vt 0.168740 0.754183
vt 0.168799 0.761565
vt 0.236182 0.767816
vt 0.230019 0.767695
vt 0.230073 0.735487
vt 0.217448 0.751393
vt 0.158432 0.775647
vt 0.159855 0.772105
vt 0.188040 0.772121
vt 0.232174 0.775707
vt 0.215677 0.775710
vt 0.232174 0.772074
vt 0.217072 0.772160
vt 0.178999 0.702713
vt 0.179643 0.753384
vt 0.216146 0.767129
vt 0.159279 0.767129
vt 0.103376 0.767129
vt 0.192920 0.826564
vt 0.192920 0.878182
vt 0.203062 0.878322
vt 0.203111 0.826849
vt 0.192920 0.929580
vt 0.203126 0.930124
vt 0.156810 0.878191
vt 0.156810 0.929592
vt 0.156810 0.826565
vt 0.135524 0.826566
vt 0.135524 0.878191
vt 0.147535 0.878330
vt 0.147505 0.826843
vt 0.135524 0.929591
vt 0.147546 0.930149
vt 0.100963 0.878196
vt 0.100963 0.929597
vt 0.100963 0.826567
vt 0.080438 0.826562
vt 0.080438 0.878198
vt 0.091297 0.878336
vt 0.091332 0.826816
vt 0.062546 0.826865
vt 0.062504 0.878507
vt 0.080438 0.929604
vt 0.091350 0.930165
vt 0.062513 0.929932
vt 0.064858 0.754219
vt 0.060932 0.702713
vt 0.052639 0.702713
vt 0.052544 0.754576
vt 0.044119 0.702713
vt 0.040651 0.754244
vt 0.063101 0.775162
vt 0.077978 0.775446
vt 0.076609 0.771872
vt 0.063123 0.771464
vt 0.027179 0.702713
vt 0.026759 0.754154
vt 0.064895 0.761565
vt 0.052519 0.761565
vt 0.040121 0.761565
vt 0.091550 0.775458
vt 0.233014 0.698035
vt 0.248516 0.697363
vt 0.235537 0.681898
vt 0.077604 0.767129
vt 0.091646 0.767129
vt 0.037328 0.754800
vt 0.036616 0.761565
vt 0.067808 0.754757
vt 0.068354 0.761565
vt 0.236622 0.713796
vt 0.230475 0.713889
vt 0.229367 0.682000
vt 0.217454 0.697565
vt 0.115533 0.754133
vt 0.111395 0.702713
vt 0.103450 0.702713
vt 0.102620 0.754592
vt 0.095532 0.702713
vt 0.092872 0.754216
vt 0.115187 0.761565
vt 0.102468 0.761565
vt 0.092010 0.761565
vt 0.133765 0.775654
vt 0.147423 0.775521
vt 0.213317 0.725792
vt 0.229591 0.726524
vt 0.216522 0.709649
vt 0.133742 0.767129
vt 0.147410 0.767129
vt 0.087731 0.754759
vt 0.086963 0.761565
vt 0.118223 0.754650
vt 0.118648 0.761565
vt 0.216473 0.741645
vt 0.210113 0.741635
vt 0.210162 0.709638
vt 0.197705 0.725003
vt 0.102714 0.775624
vt 0.103970 0.772087
vt 0.132603 0.772117
vt 0.165809 0.753670
vt 0.162812 0.702713
vt 0.154426 0.702713
vt 0.153497 0.754233
vt 0.146035 0.702713
vt 0.142332 0.753910
vt 0.165679 0.761565
vt 0.153281 0.761565
vt 0.142083 0.761565
vt 0.189996 0.775659
vt 0.203236 0.775531
vt 0.233123 0.751790
vt 0.248516 0.752273
vt 0.236223 0.735622
vt 0.189136 0.767129
vt 0.203258 0.767129
vt 0.138527 0.754481
vt 0.137591 0.761565
vt 0.168740 0.754183
vt 0.168799 0.761565
vt 0.236182 0.767816
vt 0.230019 0.767695
vt 0.230073 0.735487
vt 0.217448 0.751393
vt 0.158432 0.775647
vt 0.159855 0.772105
vt 0.188040 0.772121
vt 0.212862 0.878179
vt 0.212862 0.929554
vt 0.212862 0.826605
vt 0.215677 0.775710
vt 0.216146 0.767129
vt 0.159279 0.767129
vt 0.103376 0.767129
vt 0.212862 0.929554
vt 0.232174 0.929824
vt 0.232174 0.878512
vt 0.212862 0.878179
vt 0.232174 0.827030
vt 0.212862 0.826605
vt 0.192920 0.826564
vt 0.192920 0.878182
vt 0.203062 0.878322
vt 0.203111 0.826849
vt 0.192920 0.929580
vt 0.203126 0.930124
vt 0.156810 0.878191
vt 0.156810 0.929592
vt 0.156810 0.826565
vt 0.135524 0.826566
vt 0.135524 0.878191
vt 0.147535 0.878330
vt 0.147505 0.826843
vt 0.135524 0.929591
vt 0.147546 0.930149
vt 0.100963 0.878196
vt 0.100963 0.929597
vt 0.100963 0.826567
vt 0.080438 0.826562
vt 0.080438 0.878198
vt 0.091297 0.878336
vt 0.091332 0.826816
vt 0.062546 0.826865
vt 0.062504 0.878507
vt 0.080438 0.929604
vt 0.091350 0.930165
vt 0.062513 0.929932
vt 0.064858 0.754219
vt 0.060932 0.702713
vt 0.052639 0.702713
vt 0.052544 0.754576
vt 0.044119 0.702713
vt 0.040651 0.754244
vt 0.063101 0.775162
vt 0.077978 0.775446
vt 0.076609 0.771872
vt 0.063123 0.771464
vt 0.027179 0.702713
vt 0.026759 0.754154
vt 0.064895 0.761565
vt 0.052519 0.761565
vt 0.040121 0.761565
vt 0.091550 0.775458
vt 0.233014 0.698035
vt 0.248516 0.697363
vt 0.235537 0.681898
vt 0.077604 0.767129
vt 0.091646 0.767129
vt 0.037328 0.754800
vt 0.036616 0.761565
vt 0.067808 0.754757
vt 0.068354 0.761565
vt 0.236622 0.713796
vt 0.230475 0.713889
vt 0.229367 0.682000
vt 0.217454 0.697565
vt 0.115533 0.754133
vt 0.111395 0.702713
vt 0.103450 0.702713
vt 0.102620 0.754592
vt 0.095532 0.702713
vt 0.092872 0.754216
vt 0.115187 0.761565
vt 0.102468 0.761565
vt 0.092010 0.761565
vt 0.133765 0.775654
vt 0.147423 0.775521
vt 0.213317 0.725792
vt 0.229591 0.726524
vt 0.216522 0.709649
vt 0.133742 0.767129
vt 0.147410 0.767129
vt 0.087731 0.754759
vt 0.086963 0.761565
vt 0.118223 0.754650
vt 0.118648 0.761565
vt 0.216473 0.741645
vt 0.210113 0.741635
vt 0.210162 0.709638
vt 0.197705 0.725003
vt 0.102714 0.775624
vt 0.103970 0.772087
vt 0.132603 0.772117
vt 0.165809 0.753670
vt 0.162812 0.702713
vt 0.154426 0.702713
vt 0.153497 0.754233
vt 0.146035 0.702713
vt 0.142332 0.753910
vt 0.165679 0.761565
vt 0.153281 0.761565
vt 0.142083 0.761565
vt 0.189996 0.775659
vt 0.203236 0.775531
vt 0.233123 0.751790
vt 0.248516 0.752273
vt 0.236223 0.735622
vt 0.189136 0.767129
vt 0.203258 0.767129
vt 0.138527 0.754481
vt 0.137591 0.761565
vt 0.168740 0.754183
vt 0.168799 0.761565
vt 0.236182 0.767816
vt 0.230019 0.767695
vt 0.230073 0.735487
vt 0.217448 0.751393
vt 0.158432 0.775647
vt 0.159855 0.772105
vt 0.188040 0.772121
vt 0.232174 0.775707
vt 0.215677 0.775710
vt 0.232174 0.772074
vt 0.217072 0.772160
vt 0.178999 0.702713
vt 0.179643 0.753384
vt 0.216146 0.767129
vt 0.159279 0.767129
vt 0.103376 0.767129
vt 0.212862 0.929554
vt 0.232174 0.929824
vt 0.232174 0.878512
vt 0.212862 0.878179
vt 0.232174 0.827030
vt 0.212862 0.826605
vt 0.192920 0.826564
vt 0.192920 0.878182
vt 0.203062 0.878322
vt 0.203111 0.826849
vt 0.192920 0.929580
vt 0.203126 0.930124
vt 0.156810 0.878191
vt 0.156810 0.929592
vt 0.156810 0.826565
vt 0.135524 0.826566
vt 0.135524 0.878191
vt 0.147535 0.878330
vt 0.147505 0.826843
vt 0.135524 0.929591
vt 0.147546 0.930149
vt 0.100963 0.878196
vt 0.100963 0.929597
vt 0.100963 0.826567
vt 0.080438 0.826562
vt 0.080438 0.878198
vt 0.091297 0.878336
vt 0.091332 0.826816
vt 0.062546 0.826865
vt 0.062504 0.878507
vt 0.080438 0.929604
vt 0.091350 0.930165
vt 0.062513 0.929932
vt 0.064858 0.754219
vt 0.060932 0.702713
vt 0.052639 0.702713
vt 0.052544 0.754576
vt 0.044119 0.702713
vt 0.040651 0.754244
vt 0.063101 0.775162
vt 0.077978 0.775446
vt 0.076609 0.771872
vt 0.063123 0.771464
vt 0.027179 0.702713
vt 0.026759 0.754154
vt 0.064895 0.761565
vt 0.052519 0.761565
vt 0.040121 0.761565
vt 0.091550 0.775458
vt 0.233014 0.698035
vt 0.248516 0.697363
vt 0.235537 0.681898
vt 0.077604 0.767129
vt 0.091646 0.767129
vt 0.037328 0.754800
vt 0.036616 0.761565
vt 0.067808 0.754757
vt 0.068354 0.761565
vt 0.236622 0.713796
vt 0.230475 0.713889
vt 0.229367 0.682000
vt 0.217454 0.697565
vt 0.115533 0.754133
vt 0.111395 0.702713
vt 0.103450 0.702713
vt 0.102620 0.754592
vt 0.095532 0.702713
vt 0.092872 0.754216
vt 0.115187 0.761565
vt 0.102468 0.761565
vt 0.092010 0.761565
vt 0.133765 0.775654
vt 0.147423 0.775521
vt 0.213317 0.725792
vt 0.229591 0.726524
vt 0.216522 0.709649
vt 0.133742 0.767129
vt 0.147410 0.767129
vt 0.087731 0.754759
vt 0.086963 0.761565
vt 0.118223 0.754650
vt 0.118648 0.761565
vt 0.216473 0.741645
vt 0.210113 0.741635
vt 0.210162 0.709638
vt 0.197705 0.725003
vt 0.102714 0.775624
vt 0.103970 0.772087
vt 0.132603 0.772117
vt 0.165809 0.753670
vt 0.162812 0.702713
vt 0.154426 0.702713
vt 0.153497 0.754233
vt 0.146035 0.702713
vt 0.142332 0.753910
vt 0.165679 0.761565
vt 0.153281 0.761565
vt 0.142083 0.761565
vt 0.189996 0.775659
vt 0.203236 0.775531
vt 0.233123 0.751790
vt 0.248516 0.752273
vt 0.236223 0.735622
vt 0.189136 0.767129
vt 0.203258 0.767129
vt 0.138527 0.754481
vt 0.137591 0.761565
vt 0.168740 0.754183
vt 0.168799 0.761565
vt 0.236182 0.767816
vt 0.230019 0.767695
vt 0.230073 0.735487
vt 0.217448 0.751393
vt 0.158432 0.775647
vt 0.159855 0.772105
vt 0.188040 0.772121
vt 0.232174 0.775707
vt 0.215677 0.775710
vt 0.232174 0.772074
vt 0.217072 0.772160
vt 0.178999 0.702713
vt 0.179643 0.753384
vt 0.216146 0.767129
vt 0.159279 0.767129
vt 0.103376 0.767129
vt 0.006708 0.981995
vt 0.001196 0.981995
vt 0.001229 0.966017
vt 0.003914 0.878640
vt 0.000456 0.878640
vt 0.000456 0.826952
vt 0.003914 0.826952
vt 0.003914 0.930306
vt 0.001301 0.930284
vt 0.212862 0.929554
vt 0.232174 0.929824
vt 0.232174 0.878512
vt 0.212862 0.878179
vt 0.232174 0.827030
vt 0.212862 0.826605
vt 0.192920 0.826564
vt 0.192920 0.878182
vt 0.203062 0.878322
vt 0.203111 0.826849
vt 0.192920 0.929580
vt 0.203126 0.930124
vt 0.156810 0.878191
vt 0.156810 0.929592
vt 0.156810 0.826565
vt 0.135524 0.826566
vt 0.135524 0.878191
vt 0.147535 0.878330
vt 0.147505 0.826843
vt 0.135524 0.929591
vt 0.147546 0.930149
vt 0.100963 0.878196
vt 0.100963 0.929597
vt 0.100963 0.826567
vt 0.080438 0.826562
vt 0.080438 0.878198
vt 0.091297 0.878336
vt 0.091332 0.826816
vt 0.062546 0.826865
vt 0.062504 0.878507
vt 0.080438 0.929604
vt 0.091350 0.930165
vt 0.062513 0.929932
vt 0.064858 0.754219
vt 0.060932 0.702713
vt 0.052639 0.702713
vt 0.052544 0.754576
vt 0.044119 0.702713
vt 0.040651 0.754244
vt 0.063101 0.775162
vt 0.077978 0.775446
vt 0.076609 0.771872
vt 0.063123 0.771464
vt 0.026889 0.738260
vt 0.026759 0.754154
vt 0.064895 0.761565
vt 0.052519 0.761565
vt 0.040121 0.761565
vt 0.091550 0.775458
vt 0.233014 0.698035
vt 0.248516 0.697363
vt 0.235537 0.681898
vt 0.077604 0.767129
vt 0.091646 0.767129
vt 0.037328 0.754800
vt 0.036616 0.761565
vt 0.067808 0.754757
vt 0.068354 0.761565
vt 0.236622 0.713796
vt 0.230475 0.713889
vt 0.229367 0.682000
vt 0.217454 0.697565
vt 0.115533 0.754133
vt 0.111395 0.702713
vt 0.103450 0.702713
vt 0.102620 0.754592
vt 0.095532 0.702713
vt 0.092872 0.754216
vt 0.115187 0.761565
vt 0.102468 0.761565
vt 0.092010 0.761565
vt 0.133765 0.775654
vt 0.147423 0.775521
vt 0.213317 0.725792
vt 0.229591 0.726524
vt 0.216522 0.709649
vt 0.133742 0.767129
vt 0.147410 0.767129
vt 0.087731 0.754759
vt 0.086963 0.761565
vt 0.118223 0.754650
vt 0.118648 0.761565
vt 0.216473 0.741645
vt 0.210113 0.741635
vt 0.210162 0.709638
vt 0.197705 0.725003
vt 0.102714 0.775624
vt 0.103970 0.772087
vt 0.132603 0.772117
vt 0.165809 0.753670
vt 0.162812 0.702713
vt 0.154426 0.702713
vt 0.153497 0.754233
vt 0.146035 0.702713
vt 0.142332 0.753910
vt 0.165679 0.761565
vt 0.153281 0.761565
vt 0.142083 0.761565
vt 0.189996 0.775659
vt 0.203236 0.775531
vt 0.233123 0.751790
vt 0.248516 0.752273
vt 0.236223 0.735622
vt 0.189136 0.767129
vt 0.203258 0.767129
vt 0.138527 0.754481
vt 0.137591 0.761565
vt 0.168740 0.754183
vt 0.168799 0.761565
vt 0.236182 0.767816
vt 0.230019 0.767695
vt 0.230073 0.735487
vt 0.217448 0.751393
vt 0.158432 0.775647
vt 0.159855 0.772105
vt 0.188040 0.772121
vt 0.232174 0.775707
vt 0.215677 0.775710
vt 0.232174 0.772074
vt 0.217072 0.772160
vt 0.178999 0.702713
vt 0.179643 0.753384
vt 0.216146 0.767129
vt 0.159279 0.767129
vt 0.103376 0.767129
vt 0.006708 0.981995
vt 0.003914 0.930306
vt 0.001301 0.930284
vt 0.001230 0.965143
vt 0.003914 0.878640
vt 0.003914 0.826952
vt 0.000456 0.826952
vt 0.000456 0.878640
vt 0.212862 0.929554
vt 0.232174 0.929824
vt 0.232174 0.878512
vt 0.212862 0.878179
vt 0.232174 0.827030
vt 0.212862 0.826605
vt 0.192920 0.826564
vt 0.192920 0.878182
vt 0.203062 0.878322
vt 0.203111 0.826849
vt 0.192920 0.929580
vt 0.203126 0.930124
vt 0.156810 0.878191
vt 0.156810 0.929592
vt 0.156810 0.826565
vt 0.135524 0.826566
vt 0.135524 0.878191
vt 0.147535 0.878330
vt 0.147505 0.826843
vt 0.135524 0.929591
vt 0.147546 0.930149
vt 0.100963 0.878196
vt 0.100963 0.929597
vt 0.100963 0.826567
vt 0.080438 0.826562
vt 0.080438 0.878198
vt 0.091297 0.878336
vt 0.091332 0.826816
vt 0.062546 0.826865
vt 0.062504 0.878507
vt 0.080438 0.929604
vt 0.091350 0.930165
vt 0.062513 0.929932
vt 0.064858 0.754219
vt 0.060932 0.702713
vt 0.052639 0.702713
vt 0.052544 0.754576
vt 0.044119 0.702713
vt 0.040651 0.754244
vt 0.063101 0.775162
vt 0.077978 0.775446
vt 0.076609 0.771872
vt 0.063123 0.771464
vt 0.027179 0.702713
vt 0.026759 0.754154
vt 0.064895 0.761565
vt 0.052519 0.761565
vt 0.040121 0.761565
vt 0.091550 0.775458
vt 0.233014 0.698035
vt 0.248516 0.697363
vt 0.235537 0.681898
vt 0.077604 0.767129
vt 0.091646 0.767129
vt 0.037328 0.754800
vt 0.036616 0.761565
vt 0.067808 0.754757
vt 0.068354 0.761565
vt 0.236622 0.713796
vt 0.230475 0.713889
vt 0.229367 0.682000
vt 0.217454 0.697565
vt 0.115533 0.754133
vt 0.111395 0.702713
vt 0.103450 0.702713
vt 0.102620 0.754592
vt 0.095532 0.702713
vt 0.092872 0.754216
vt 0.115187 0.761565
vt 0.102468 0.761565
vt 0.092010 0.761565
vt 0.133765 0.775654
vt 0.147423 0.775521
vt 0.213317 0.725792
vt 0.229591 0.726524
vt 0.216522 0.709649
vt 0.133742 0.767129
vt 0.147410 0.767129
vt 0.087731 0.754759
vt 0.086963 0.761565
vt 0.118223 0.754650
vt 0.118648 0.761565
vt 0.216473 0.741645
vt 0.210113 0.741635
vt 0.210162 0.709638
vt 0.197705 0.725003
vt 0.102714 0.775624
vt 0.103970 0.772087
vt 0.132603 0.772117
vt 0.165809 0.753670
vt 0.162812 0.702713
vt 0.154426 0.702713
vt 0.153497 0.754233
vt 0.146035 0.702713
vt 0.142332 0.753910
vt 0.165679 0.761565
vt 0.153281 0.761565
vt 0.142083 0.761565
vt 0.189996 0.775659
vt 0.203236 0.775531
vt 0.233123 0.751790
vt 0.248516 0.752273
vt 0.236223 0.735622
vt 0.189136 0.767129
vt 0.203258 0.767129
vt 0.138527 0.754481
vt 0.137591 0.761565
vt 0.168740 0.754183
vt 0.168799 0.761565
vt 0.236182 0.767816
vt 0.230019 0.767695
vt 0.230073 0.735487
vt 0.217448 0.751393
vt 0.158432 0.775647
vt 0.159855 0.772105
vt 0.188040 0.772121
vt 0.232174 0.775707
vt 0.215677 0.775710
vt 0.232174 0.772074
vt 0.217072 0.772160
vt 0.216146 0.767129
vt 0.159279 0.767129
vt 0.103376 0.767129
vt 0.179434 0.736871
vt 0.179643 0.753384
vt 0.001196 0.981995
vt 0.830564 0.151841
vt 0.830993 0.155967
vt 0.625626 0.155807
vt 0.625303 0.151542
vt 0.833077 0.232921
vt 0.632412 0.232669
vt 0.632573 0.162092
vt 0.833097 0.162082
vt 0.638183 0.151805
vt 0.837558 0.151779
vt 0.837632 0.135563
vt 0.630888 0.135874
vt 0.634132 0.135637
vt 0.837632 0.135563
vt 0.837757 0.118342
vt 0.634288 0.118272
vt 0.625301 0.151105
vt 0.628230 0.135349
vt 0.833603 0.135445
vt 0.830514 0.151149
vt 0.625337 0.151031
vt 0.628182 0.135419
vt 0.833367 0.135514
vt 0.830280 0.151058
vt 0.628170 0.134911
vt 0.627952 0.131295
vt 0.833059 0.131307
vt 0.833327 0.134814
vt 0.964973 0.135486
vt 0.871174 0.140026
vt 0.868132 0.123931
vt 0.960981 0.118468
vt 0.711842 0.151431
vt 0.711839 0.157458
vt 0.626339 0.157458
vt 0.626337 0.151431
vt 0.728073 0.135486
vt 0.623271 0.135856
vt 0.754064 0.118356
vt 0.754011 0.135420
vt 0.782201 0.135446
vt 0.848421 0.135454
vt 0.845290 0.151150
vt 0.848168 0.135528
vt 0.845071 0.151052
vt 0.634757 0.156810
vt 0.837970 0.156928
vt 0.837558 0.151779
vt 0.634700 0.151974
vt 0.728073 0.135486
vt 0.724082 0.118468
vt 0.631233 0.123931
vt 0.634274 0.140026
vt 0.711842 0.151431
vt 0.626337 0.151431
vt 0.626339 0.157458
vt 0.711839 0.157458
vt 0.728073 0.135486
vt 0.623271 0.135856
vt 0.515797 0.118312
vt 0.545302 0.135446
vt 0.517111 0.135420
vt 0.804617 0.135447
vt 0.804614 0.151520
vt 0.545300 0.151520
vt 0.837428 0.118276
vt 0.833603 0.135445
vt 0.830514 0.151149
vt 0.845290 0.151150
vt 0.848421 0.135454
vt 0.833367 0.135514
vt 0.830280 0.151058
vt 0.845071 0.151052
vt 0.848168 0.135528
vt 0.547153 0.766239
vt 0.570850 0.770517
vt 0.713083 0.770517
vt 0.737351 0.766186
vt 0.678669 0.779312
vt 0.605264 0.779312
vt 0.639107 0.790715
vt 0.644826 0.790715
vt 0.580124 0.758157
vt 0.704357 0.758157
vt 0.625515 0.135316
vt 0.830517 0.134739
vt 0.830207 0.131384
vt 0.625170 0.130892
vt 0.634343 0.135814
vt 0.634538 0.118103
vt 0.837757 0.118342
vt 0.837632 0.135563
vt 0.634783 0.151870
vt 0.634343 0.135814
vt 0.837632 0.135563
vt 0.837558 0.151779
vt 0.634773 0.156905
vt 0.634783 0.151870
vt 0.837558 0.151779
vt 0.837970 0.156928
vt 0.833036 0.232911
vt 0.833035 0.162097
vt 0.632573 0.162092
vt 0.632412 0.232669
vt 0.830564 0.151841
vt 0.625344 0.151146
vt 0.625691 0.156201
vt 0.830993 0.155967
vt 0.628295 0.135318
vt 0.625343 0.151137
vt 0.628292 0.135319
vt 0.625340 0.151136
vt 0.627947 0.130898
vt 0.628292 0.135310
vt 0.833327 0.134814
vt 0.833059 0.131307
vt 0.006708 0.981995
vt 0.001196 0.981995
vt 0.001229 0.966017
vt 0.003914 0.878640
vt 0.000456 0.878640
vt 0.000456 0.826952
vt 0.003914 0.826952
vt 0.003914 0.930306
vt 0.001301 0.930284
vt 0.156810 0.878191
vt 0.156810 0.929592
vt 0.192920 0.929580
vt 0.192920 0.878182
vt 0.156810 0.826565
vt 0.192920 0.826564
vt 0.135524 0.826566
vt 0.135524 0.878191
vt 0.147535 0.878330
vt 0.147505 0.826843
vt 0.135524 0.929591
vt 0.147546 0.930149
vt 0.100963 0.878196
vt 0.100963 0.929597
vt 0.100963 0.826567
vt 0.080438 0.826562
vt 0.080438 0.878198
vt 0.091297 0.878336
vt 0.091332 0.826816
vt 0.062546 0.826865
vt 0.062504 0.878507
vt 0.080438 0.929604
vt 0.091350 0.930165
vt 0.062513 0.929932
vt 0.064858 0.754219
vt 0.060932 0.702713
vt 0.052639 0.702713
vt 0.052544 0.754576
vt 0.044119 0.702713
vt 0.040651 0.754244
vt 0.063101 0.775162
vt 0.077978 0.775446
vt 0.076609 0.771872
vt 0.063123 0.771464
vt 0.026889 0.738260
vt 0.026759 0.754154
vt 0.064895 0.761565
vt 0.052519 0.761565
vt 0.040121 0.761565
vt 0.091550 0.775458
vt 0.233014 0.698035
vt 0.248516 0.697363
vt 0.235537 0.681898
vt 0.077604 0.767129
vt 0.091646 0.767129
vt 0.037328 0.754800
vt 0.036616 0.761565
vt 0.067808 0.754757
vt 0.068354 0.761565
vt 0.236622 0.713796
vt 0.230475 0.713889
vt 0.229367 0.682000
vt 0.217454 0.697565
vt 0.115533 0.754133
vt 0.111395 0.702713
vt 0.103450 0.702713
vt 0.102620 0.754592
vt 0.095532 0.702713
vt 0.092872 0.754216
vt 0.115187 0.761565
vt 0.102468 0.761565
vt 0.092010 0.761565
vt 0.133765 0.775654
vt 0.147423 0.775521
vt 0.213317 0.725792
vt 0.229591 0.726524
vt 0.216522 0.709649
vt 0.133742 0.767129
vt 0.147410 0.767129
vt 0.087731 0.754759
vt 0.086963 0.761565
vt 0.118223 0.754650
vt 0.118648 0.761565
vt 0.216473 0.741645
vt 0.210113 0.741635
vt 0.210162 0.709638
vt 0.197705 0.725003
vt 0.102714 0.775624
vt 0.103970 0.772087
vt 0.132603 0.772117
vt 0.158432 0.775647
vt 0.189996 0.775659
vt 0.159855 0.772105
vt 0.188040 0.772121
vt 0.146035 0.702713
vt 0.142332 0.753910
vt 0.159279 0.767129
vt 0.103376 0.767129
vt 0.006708 0.981995
vt 0.003914 0.930306
vt 0.001301 0.930284
vt 0.001230 0.965143
vt 0.003914 0.878640
vt 0.003914 0.826952
vt 0.000456 0.826952
vt 0.000456 0.878640
vt 0.212862 0.929554
vt 0.232174 0.929824
vt 0.232174 0.878512
vt 0.212862 0.878179
vt 0.232174 0.827030
vt 0.212862 0.826605
vt 0.192920 0.826564
vt 0.192920 0.878182
vt 0.203062 0.878322
vt 0.203111 0.826849
vt 0.192920 0.929580
vt 0.203126 0.930124
vt 0.156810 0.878191
vt 0.156810 0.929592
vt 0.156810 0.826565
vt 0.135524 0.826566
vt 0.135524 0.878191
vt 0.147535 0.878330
vt 0.147505 0.826843
vt 0.135524 0.929591
vt 0.147546 0.930149
vt 0.100963 0.878196
vt 0.100963 0.929597
vt 0.100963 0.826567
vt 0.115533 0.754133
vt 0.111395 0.702713
vt 0.103450 0.702713
vt 0.102620 0.754592
vt 0.095532 0.702713
vt 0.092872 0.754216
vt 0.115187 0.761565
vt 0.102468 0.761565
vt 0.092010 0.761565
vt 0.133765 0.775654
vt 0.147423 0.775521
vt 0.213317 0.725792
vt 0.229591 0.726524
vt 0.216522 0.709649
vt 0.133742 0.767129
vt 0.147410 0.767129
vt 0.087731 0.754759
vt 0.086963 0.761565
vt 0.118223 0.754650
vt 0.118648 0.761565
vt 0.216473 0.741645
vt 0.210113 0.741635
vt 0.210162 0.709638
vt 0.197705 0.725003
vt 0.102714 0.775624
vt 0.103970 0.772087
vt 0.132603 0.772117
vt 0.060932 0.702713
vt 0.064858 0.754219
vt 0.165809 0.753670
vt 0.162812 0.702713
vt 0.154426 0.702713
vt 0.153497 0.754233
vt 0.146035 0.702713
vt 0.142332 0.753910
vt 0.165679 0.761565
vt 0.153281 0.761565
vt 0.142083 0.761565
vt 0.189996 0.775659
vt 0.203236 0.775531
vt 0.233123 0.751790
vt 0.248516 0.752273
vt 0.236223 0.735622
vt 0.189136 0.767129
vt 0.203258 0.767129
vt 0.138527 0.754481
vt 0.137591 0.761565
vt 0.168740 0.754183
vt 0.168799 0.761565
vt 0.236182 0.767816
vt 0.230019 0.767695
vt 0.230073 0.735487
vt 0.217448 0.751393
vt 0.158432 0.775647
vt 0.159855 0.772105
vt 0.188040 0.772121
vt 0.232174 0.775707
vt 0.215677 0.775710
vt 0.232174 0.772074
vt 0.217072 0.772160
vt 0.216146 0.767129
vt 0.159279 0.767129
vt 0.179434 0.736871
vt 0.179643 0.753384
vt 0.001196 0.981995
vt 0.830564 0.151841
vt 0.830993 0.155967
vt 0.625934 0.155616
vt 0.625623 0.151733
vt 0.832764 0.232926
vt 0.632412 0.232669
vt 0.632573 0.162092
vt 0.832795 0.162076
vt 0.640220 0.151775
vt 0.837558 0.151779
vt 0.837632 0.135563
vt 0.629562 0.135905
vt 0.634432 0.135550
vt 0.837632 0.135563
vt 0.837757 0.118342
vt 0.634569 0.118360
vt 0.625621 0.151088
vt 0.628539 0.135365
vt 0.833603 0.135445
vt 0.830514 0.151149
vt 0.625677 0.150979
vt 0.628469 0.135470
vt 0.833367 0.135514
vt 0.830280 0.151058
vt 0.628454 0.134721
vt 0.628296 0.131486
vt 0.833059 0.131307
vt 0.833327 0.134814
vt 0.964973 0.135486
vt 0.871174 0.140026
vt 0.868132 0.123931
vt 0.960981 0.118468
vt 0.711842 0.151431
vt 0.711839 0.157458
vt 0.626339 0.157458
vt 0.626337 0.151431
vt 0.728073 0.135486
vt 0.623271 0.135856
vt 0.754064 0.118356
vt 0.754011 0.135420
vt 0.782201 0.135446
vt 0.848421 0.135454
vt 0.845290 0.151150
vt 0.848168 0.135528
vt 0.845071 0.151052
vt 0.635086 0.156761
vt 0.837970 0.156928
vt 0.837558 0.151779
vt 0.634993 0.152022
vt 0.830564 0.151841
vt 0.625623 0.151733
vt 0.625934 0.155616
vt 0.830993 0.155967
vt 0.832764 0.232926
vt 0.832795 0.162076
vt 0.632573 0.162092
vt 0.632412 0.232669
vt 0.640221 0.151776
vt 0.629562 0.135904
vt 0.837632 0.135563
vt 0.837558 0.151779
vt 0.634464 0.135486
vt 0.634536 0.118425
vt 0.837757 0.118342
vt 0.837632 0.135563
vt 0.625621 0.151088
vt 0.830514 0.151149
vt 0.833603 0.135445
vt 0.628539 0.135365
vt 0.625663 0.150942
vt 0.830280 0.151058
vt 0.833367 0.135514
vt 0.628484 0.135509
vt 0.628444 0.134695
vt 0.833327 0.134814
vt 0.833059 0.131307
vt 0.628308 0.131512
vt 0.728073 0.135486
vt 0.724082 0.118468
vt 0.631233 0.123931
vt 0.634274 0.140026
vt 0.711842 0.151431
vt 0.626337 0.151431
vt 0.626339 0.157458
vt 0.711839 0.157458
vt 0.728073 0.135486
vt 0.623271 0.135856
vt 0.515797 0.118312
vt 0.545302 0.135446
vt 0.517111 0.135420
vt 0.804617 0.135447
vt 0.804614 0.151520
vt 0.545300 0.151520
vt 0.837428 0.118276
vt 0.845290 0.151150
vt 0.848421 0.135454
vt 0.845071 0.151052
vt 0.848168 0.135528
vt 0.635086 0.156761
vt 0.634993 0.152022
vt 0.837558 0.151779
vt 0.837970 0.156928
vt 0.547153 0.766239
vt 0.570850 0.770517
vt 0.713083 0.770517
vt 0.737351 0.766186
vt 0.678669 0.779312
vt 0.605264 0.779312
vt 0.639107 0.790715
vt 0.644826 0.790715
vt 0.580124 0.758157
vt 0.704357 0.758157
vt 0.625515 0.135316
vt 0.830517 0.134739
vt 0.830207 0.131384
vt 0.625170 0.130892
vt 0.859318 0.152233
vt 0.859646 0.155663
vt 0.524871 0.155299
vt 0.524625 0.151750
vt 0.931500 0.233056
vt 0.604383 0.232575
vt 0.604511 0.162095
vt 0.931491 0.162266
vt 0.539039 0.151924
vt 0.861648 0.151675
vt 0.857792 0.135597
vt 0.535641 0.136110
vt 0.540933 0.135742
vt 0.850245 0.135555
vt 0.850396 0.118309
vt 0.541126 0.118465
vt 0.524637 0.151057
vt 0.527524 0.135386
vt 0.862293 0.135495
vt 0.859213 0.151102
vt 0.524887 0.150979
vt 0.527688 0.135574
vt 0.862015 0.135567
vt 0.858901 0.150975
vt 0.527729 0.134598
vt 0.527522 0.131700
vt 0.861685 0.131646
vt 0.861948 0.134446
vt 0.535016 0.156283
vt 0.866327 0.156390
vt 0.866031 0.152414
vt 0.535036 0.152208
vt 0.858994 0.151929
vt 0.524902 0.151414
vt 0.525204 0.155636
vt 0.859368 0.155982
vt 0.931193 0.233067
vt 0.931201 0.162254
vt 0.604801 0.162033
vt 0.604678 0.232590
vt 0.539180 0.151980
vt 0.536089 0.136053
vt 0.856705 0.135538
vt 0.862227 0.151686
vt 0.541218 0.135838
vt 0.541408 0.118368
vt 0.850165 0.118196
vt 0.850011 0.135594
vt 0.524921 0.151094
vt 0.858910 0.151136
vt 0.861984 0.135448
vt 0.527529 0.135368
vt 0.524880 0.151023
vt 0.858578 0.151031
vt 0.861679 0.135470
vt 0.527694 0.135536
vt 0.527737 0.134730
vt 0.861617 0.134750
vt 0.861323 0.131332
vt 0.527515 0.131569
vt 0.535337 0.156540
vt 0.535319 0.151952
vt 0.865760 0.152132
vt 0.866051 0.156744
vt 0.902429 0.151025
vt 0.905559 0.135468
vt 0.905485 0.134727
vt 0.905187 0.131327
vt 0.154978 0.644031
vt 0.152053 0.644029
vt 0.152053 0.656953
vt 0.154978 0.656980
vt 0.154978 0.631193
vt 0.152053 0.631234
vt 0.154978 0.617518
vt 0.152053 0.618083
vt 0.152053 0.682559
vt 0.152053 0.699559
vt 0.154978 0.698994
vt 0.154978 0.682603
vt 0.154978 0.670184
vt 0.152053 0.670159
vt 0.223791 0.633613
vt 0.223791 0.652983
vt 0.207475 0.643134
vt 0.240025 0.643315
vt 0.194533 0.644035
vt 0.194509 0.656947
vt 0.194610 0.670175
vt 0.194740 0.682733
vt 0.194769 0.698849
vt 0.194769 0.617373
vt 0.194669 0.631153
vt 0.223791 0.616101
vt 0.207785 0.625267
vt 0.239679 0.625006
vt 0.149373 0.642275
vt 0.152269 0.642281
vt 0.152269 0.629709
vt 0.149373 0.629694
vt 0.149373 0.654623
vt 0.152269 0.654649
vt 0.149373 0.668518
vt 0.152269 0.668530
vt 0.149373 0.681227
vt 0.152269 0.681127
vt 0.149373 0.697066
vt 0.152269 0.697675
vt 0.149373 0.615590
vt 0.152269 0.616198
vt 0.006071 0.642380
vt 0.075720 0.642333
vt 0.075720 0.629784
vt 0.006071 0.629839
vt 0.006071 0.615661
vt 0.075720 0.615752
vt 0.006071 0.681063
vt 0.006071 0.697137
vt 0.075720 0.697228
vt 0.075720 0.681117
vt 0.075720 0.668479
vt 0.006071 0.668370
vt 0.006071 0.654603
vt 0.075720 0.654646
vt 0.078722 0.642329
vt 0.081584 0.642317
vt 0.081584 0.629743
vt 0.078722 0.629795
vt 0.078722 0.616315
vt 0.081584 0.615650
vt 0.078722 0.681068
vt 0.078722 0.697791
vt 0.081584 0.697126
vt 0.081584 0.681179
vt 0.081584 0.668508
vt 0.078722 0.668484
vt 0.078722 0.654646
vt 0.081584 0.654650
vt 0.003313 0.642427
vt 0.003313 0.629963
vt 0.003313 0.616377
vt 0.003313 0.697854
vt 0.003313 0.680864
vt 0.003313 0.668285
vt 0.003313 0.654586
vt 0.149373 0.642275
vt 0.152269 0.642281
vt 0.152269 0.629709
vt 0.149373 0.629694
vt 0.149373 0.654623
vt 0.152269 0.654649
vt 0.149373 0.668518
vt 0.152269 0.668530
vt 0.149373 0.681227
vt 0.152269 0.681127
vt 0.149373 0.697066
vt 0.152269 0.697675
vt 0.149373 0.615590
vt 0.152269 0.616198
vt 0.006071 0.642380
vt 0.075720 0.642333
vt 0.075720 0.629784
vt 0.006071 0.629839
vt 0.006071 0.615661
vt 0.075720 0.615752
vt 0.006071 0.681063
vt 0.006071 0.697137
vt 0.075720 0.697228
vt 0.075720 0.681117
vt 0.075720 0.668479
vt 0.006071 0.668370
vt 0.006071 0.654603
vt 0.075720 0.654646
vt 0.078722 0.642329
vt 0.081584 0.642317
vt 0.081584 0.629743
vt 0.078722 0.629795
vt 0.078722 0.616315
vt 0.081584 0.615650
vt 0.078722 0.681068
vt 0.078722 0.697791
vt 0.081584 0.697126
vt 0.081584 0.681179
vt 0.081584 0.668508
vt 0.078722 0.668484
vt 0.078722 0.654646
vt 0.081584 0.654650
vt 0.003313 0.642427
vt 0.003313 0.629963
vt 0.003313 0.616377
vt 0.003313 0.697854
vt 0.003313 0.680864
vt 0.003313 0.668285
vt 0.003313 0.654586
vt 0.149373 0.642275
vt 0.152269 0.642281
vt 0.152269 0.629709
vt 0.149373 0.629694
vt 0.149373 0.654623
vt 0.152269 0.654649
vt 0.149373 0.668518
vt 0.152269 0.668530
vt 0.149373 0.681227
vt 0.152269 0.681127
vt 0.149373 0.697066
vt 0.152269 0.697675
vt 0.149373 0.615590
vt 0.152269 0.616198
vt 0.006071 0.642380
vt 0.075720 0.642333
vt 0.075720 0.629784
vt 0.006071 0.629839
vt 0.006071 0.615661
vt 0.075720 0.615752
vt 0.006071 0.681063
vt 0.006071 0.697137
vt 0.075720 0.697228
vt 0.075720 0.681117
vt 0.075720 0.668479
vt 0.006071 0.668370
vt 0.006071 0.654603
vt 0.075720 0.654646
vt 0.078722 0.642329
vt 0.081584 0.642317
vt 0.081584 0.629743
vt 0.078722 0.629795
vt 0.078722 0.616315
vt 0.081584 0.615650
vt 0.078722 0.681068
vt 0.078722 0.697791
vt 0.081584 0.697126
vt 0.081584 0.681179
vt 0.081584 0.668508
vt 0.078722 0.668484
vt 0.078722 0.654646
vt 0.081584 0.654650
vt 0.003313 0.642427
vt 0.003313 0.629963
vt 0.003313 0.616377
vt 0.003313 0.697854
vt 0.003313 0.680864
vt 0.003313 0.668285
vt 0.003313 0.654586
vt 0.154978 0.644031
vt 0.152053 0.644029
vt 0.152053 0.656953
vt 0.154978 0.656980
vt 0.154978 0.631193
vt 0.152053 0.631234
vt 0.154978 0.617518
vt 0.152053 0.618083
vt 0.152053 0.682559
vt 0.152053 0.699559
vt 0.154978 0.698994
vt 0.154978 0.682603
vt 0.154978 0.670184
vt 0.152053 0.670159
vt 0.223791 0.633613
vt 0.223791 0.652983
vt 0.207475 0.643134
vt 0.240025 0.643315
vt 0.194533 0.644035
vt 0.194509 0.656947
vt 0.194610 0.670175
vt 0.194740 0.682733
vt 0.194769 0.698849
vt 0.194769 0.617373
vt 0.194669 0.631153
vt 0.223791 0.616101
vt 0.207785 0.625267
vt 0.239679 0.625006
vt 0.002515 0.386780
vt 0.002515 0.609366
vt 0.222627 0.609366
vt 0.222627 0.386780
vt 0.002515 0.386780
vt 0.002515 0.609366
vt 0.222627 0.609366
vt 0.222627 0.386780
vt 0.002515 0.386780
vt 0.002515 0.609366
vt 0.222627 0.609366
vt 0.222627 0.386780
vt 0.002515 0.386780
vt 0.002515 0.609366
vt 0.222627 0.609366
vt 0.222627 0.386780
vt 0.002515 0.386780
vt 0.002515 0.609366
vt 0.222627 0.609366
vt 0.222627 0.386780
vt 0.002515 0.386780
vt 0.002515 0.609366
vt 0.222627 0.609366
vt 0.222627 0.386780
vt 1.176321 0.007440
vt 1.596707 0.007440
vt 1.596707 0.015367
vt 1.176321 0.015367
vt 0.213116 0.015367
vt -0.305490 0.015367
vt -0.305490 0.007530
vt 0.213116 0.007530
vt -1.004995 0.007440
vt -1.004995 0.015367
vt 1.596707 0.015367
vt 1.596707 0.027833
vt 1.176321 0.027833
vt -1.004995 0.015367
vt -0.305490 0.027833
vt -1.004995 0.027833
vt 0.213116 0.027833
vt 0.213116 0.015367
vt 0.213116 0.000891
vt -0.305490 0.000891
vt -0.305490 0.015367
vt -1.004995 0.000891
vt -1.004995 0.015367
vt 1.596707 0.000891
vt 1.176321 0.000891
vt 1.176321 0.015367
vt 1.596707 0.015367
vt -1.004995 0.015367
vt -1.004995 0.027833
vt 1.596707 0.015367
vt 1.596707 0.027833
vt 1.596707 0.000891
vt -1.004995 0.000891
vt 0.578854 0.345372
vt 0.578854 0.622143
vt 0.470760 0.622143
vt 0.470760 0.345372
vt 0.488803 0.293759
vt 0.494617 0.293759
vt 0.494617 0.328168
vt 0.488803 0.328168
vt 0.500430 0.293759
vt 0.500430 0.328168
vt 0.512058 0.293759
vt 0.512058 0.328168
vt 0.551737 0.315881
vt 0.547640 0.307357
vt 0.551737 0.298833
vt 0.564028 0.307357
vt 0.564028 0.306958
vt 0.551737 0.315482
vt 0.547640 0.306958
vt 0.551737 0.298434
vt 0.488803 0.293759
vt 0.494617 0.293759
vt 0.494617 0.328168
vt 0.488803 0.328168
vt 0.500430 0.293759
vt 0.500430 0.328168
vt 0.512058 0.293759
vt 0.512058 0.328168
vt 0.551737 0.315881
vt 0.547640 0.307357
vt 0.551737 0.298833
vt 0.564028 0.307357
vt 0.564028 0.306958
vt 0.551737 0.315482
vt 0.547640 0.306958
vt 0.551737 0.298434
vt 0.528689 0.305290
vt 0.528689 0.317926
vt 0.525028 0.317926
vt 0.525028 0.305290
vt 0.528689 0.292653
vt 0.525028 0.292653
vt 0.532363 0.317926
vt 0.532363 0.305290
vt 0.532363 0.292653
vt 0.528689 0.317926
vt 0.528689 0.305290
vt 0.528689 0.292653
vt 0.525043 0.317851
vt 0.528894 0.323081
vt 0.528894 0.317851
vt 0.532194 0.317851
vt 0.489111 0.321972
vt 0.477708 0.323221
vt 0.477157 0.319050
vt 0.489112 0.316960
vt 0.501589 0.321925
vt 0.501520 0.316791
vt 0.513675 0.321812
vt 0.513587 0.316369
vt 0.525218 0.321706
vt 0.525160 0.315950
vt 0.536395 0.321662
vt 0.536389 0.315772
vt 0.547557 0.321706
vt 0.547637 0.315947
vt 0.559113 0.321812
vt 0.559201 0.316379
vt 0.570330 0.322723
vt 0.570977 0.318251
vt 0.476640 0.311887
vt 0.489108 0.311981
vt 0.501475 0.312006
vt 0.513521 0.312064
vt 0.525120 0.312116
vt 0.536397 0.312049
vt 0.547666 0.312265
vt 0.559263 0.312233
vt 0.571601 0.311980
vt 0.477105 0.299879
vt 0.489105 0.304000
vt 0.501522 0.304269
vt 0.513578 0.304911
vt 0.525149 0.305563
vt 0.536389 0.305918
vt 0.547632 0.305414
vt 0.559217 0.304763
vt 0.571054 0.301118
vt 0.477773 0.296257
vt 0.489112 0.296718
vt 0.501579 0.296731
vt 0.513663 0.296762
vt 0.525214 0.296796
vt 0.536444 0.296879
vt 0.547626 0.296691
vt 0.559082 0.296659
vt 0.570253 0.296603
vt 0.578854 0.345372
vt 0.470760 0.345372
vt 0.470760 0.622143
vt 0.578854 0.622143
vt 0.528689 0.305290
vt 0.528689 0.317926
vt 0.525028 0.317926
vt 0.525028 0.305290
vt 0.528689 0.292653
vt 0.525028 0.292653
vt 0.532363 0.317926
vt 0.532363 0.305290
vt 0.532363 0.292653
vt 0.528689 0.317926
vt 0.528689 0.305290
vt 0.528689 0.292653
vt 0.525043 0.317851
vt 0.528894 0.323081
vt 0.528894 0.317851
vt 0.532194 0.317851
vt 1.176321 0.007440
vt 1.596707 0.007440
vt 1.596707 0.015367
vt 1.176321 0.015367
vt 0.213116 0.015367
vt -0.305490 0.015367
vt -0.305490 0.007530
vt 0.213116 0.007530
vt -1.004995 0.007440
vt -1.004995 0.015367
vt 1.596707 0.015367
vt 1.596707 0.027833
vt 1.176321 0.027833
vt -1.004995 0.015367
vt -0.305490 0.027833
vt -1.004995 0.027833
vt 0.213116 0.027833
vt 0.213116 0.015367
vt 0.213116 0.000891
vt -0.305490 0.000891
vt -0.305490 0.015367
vt -1.004995 0.000891
vt -1.004995 0.015367
vt 1.596707 0.000891
vt 1.176321 0.000891
vt 1.176321 0.015367
vt 1.596707 0.015367
vt -1.004995 0.015367
vt -1.004995 0.027833
vt 1.596707 0.015367
vt 1.596707 0.027833
vt 1.596707 0.000891
vt -1.004995 0.000891
vt 0.578854 0.345372
vt 0.578854 0.622143
vt 0.470760 0.622143
vt 0.470760 0.345372
vt 0.488803 0.293759
vt 0.494617 0.293759
vt 0.494617 0.328168
vt 0.488803 0.328168
vt 0.500430 0.293759
vt 0.500430 0.328168
vt 0.512058 0.293759
vt 0.512058 0.328168
vt 0.551737 0.315881
vt 0.547640 0.307357
vt 0.551737 0.298833
vt 0.564028 0.307357
vt 0.564028 0.306958
vt 0.551737 0.315482
vt 0.547640 0.306958
vt 0.551737 0.298434
vt 0.488803 0.293759
vt 0.494617 0.293759
vt 0.494617 0.328168
vt 0.488803 0.328168
vt 0.500430 0.293759
vt 0.500430 0.328168
vt 0.512058 0.293759
vt 0.512058 0.328168
vt 0.551737 0.315881
vt 0.547640 0.307357
vt 0.551737 0.298833
vt 0.564028 0.307357
vt 0.564028 0.306958
vt 0.551737 0.315482
vt 0.547640 0.306958
vt 0.551737 0.298434
vt 0.528689 0.305290
vt 0.528689 0.317926
vt 0.525028 0.317926
vt 0.525028 0.305290
vt 0.528689 0.292653
vt 0.525028 0.292653
vt 0.532363 0.317926
vt 0.532363 0.305290
vt 0.532363 0.292653
vt 0.528689 0.317926
vt 0.528689 0.305290
vt 0.528689 0.292653
vt 0.525043 0.317851
vt 0.528894 0.323081
vt 0.528894 0.317851
vt 0.532194 0.317851
vt 0.489111 0.321972
vt 0.477708 0.323221
vt 0.477157 0.319050
vt 0.489112 0.316960
vt 0.501589 0.321925
vt 0.501520 0.316791
vt 0.513675 0.321812
vt 0.513587 0.316369
vt 0.525218 0.321706
vt 0.525160 0.315950
vt 0.536395 0.321662
vt 0.536389 0.315772
vt 0.547557 0.321706
vt 0.547637 0.315947
vt 0.559113 0.321812
vt 0.559201 0.316379
vt 0.570330 0.322723
vt 0.570977 0.318251
vt 0.476640 0.311887
vt 0.489108 0.311981
vt 0.501475 0.312006
vt 0.513521 0.312064
vt 0.525120 0.312116
vt 0.536397 0.312049
vt 0.547666 0.312265
vt 0.559263 0.312233
vt 0.571601 0.311980
vt 0.477105 0.299879
vt 0.489105 0.304000
vt 0.501522 0.304269
vt 0.513578 0.304911
vt 0.525149 0.305563
vt 0.536389 0.305918
vt 0.547632 0.305414
vt 0.559217 0.304763
vt 0.571054 0.301118
vt 0.477773 0.296257
vt 0.489112 0.296718
vt 0.501579 0.296731
vt 0.513663 0.296762
vt 0.525214 0.296796
vt 0.536444 0.296879
vt 0.547626 0.296691
vt 0.559082 0.296659
vt 0.570253 0.296603
vt 0.578854 0.345372
vt 0.470760 0.345372
vt 0.470760 0.622143
vt 0.578854 0.622143
vt 0.528689 0.305290
vt 0.528689 0.317926
vt 0.525028 0.317926
vt 0.525028 0.305290
vt 0.528689 0.292653
vt 0.525028 0.292653
vt 0.532363 0.317926
vt 0.532363 0.305290
vt 0.532363 0.292653
vt 0.528689 0.317926
vt 0.528689 0.305290
vt 0.528689 0.292653
vt 0.525043 0.317851
vt 0.528894 0.323081
vt 0.528894 0.317851
vt 0.532194 0.317851
vt 1.176321 0.007440
vt 1.596707 0.007440
vt 1.596707 0.015367
vt 1.176321 0.015367
vt 0.213116 0.015367
vt -0.305490 0.015367
vt -0.305490 0.007530
vt 0.213116 0.007530
vt -1.004995 0.007440
vt -1.004995 0.015367
vt 1.596707 0.015367
vt 1.596707 0.027833
vt 1.176321 0.027833
vt -1.004995 0.015367
vt -0.305490 0.027833
vt -1.004995 0.027833
vt 0.213116 0.027833
vt 0.213116 0.015367
vt 0.213116 0.000891
vt -0.305490 0.000891
vt -0.305490 0.015367
vt -1.004995 0.000891
vt -1.004995 0.015367
vt 1.596707 0.000891
vt 1.176321 0.000891
vt 1.176321 0.015367
vt 1.596707 0.015367
vt -1.004995 0.015367
vt -1.004995 0.027833
vt 1.596707 0.015367
vt 1.596707 0.027833
vt 1.596707 0.000891
vt -1.004995 0.000891
vt 0.578854 0.345372
vt 0.578854 0.622143
vt 0.470760 0.622143
vt 0.470760 0.345372
vt 0.488803 0.293759
vt 0.494617 0.293759
vt 0.494617 0.328168
vt 0.488803 0.328168
vt 0.500430 0.293759
vt 0.500430 0.328168
vt 0.512058 0.293759
vt 0.512058 0.328168
vt 0.551737 0.315881
vt 0.547640 0.307357
vt 0.551737 0.298833
vt 0.564028 0.307357
vt 0.564028 0.306958
vt 0.551737 0.315482
vt 0.547640 0.306958
vt 0.551737 0.298434
vt 0.488803 0.293759
vt 0.494617 0.293759
vt 0.494617 0.328168
vt 0.488803 0.328168
vt 0.500430 0.293759
vt 0.500430 0.328168
vt 0.512058 0.293759
vt 0.512058 0.328168
vt 0.551737 0.315881
vt 0.547640 0.307357
vt 0.551737 0.298833
vt 0.564028 0.307357
vt 0.564028 0.306958
vt 0.551737 0.315482
vt 0.547640 0.306958
vt 0.551737 0.298434
vt 0.528689 0.305290
vt 0.528689 0.317926
vt 0.525028 0.317926
vt 0.525028 0.305290
vt 0.528689 0.292653
vt 0.525028 0.292653
vt 0.532363 0.317926
vt 0.532363 0.305290
vt 0.532363 0.292653
vt 0.528689 0.317926
vt 0.528689 0.305290
vt 0.528689 0.292653
vt 0.525043 0.317851
vt 0.528894 0.323081
vt 0.528894 0.317851
vt 0.532194 0.317851
vt 0.489111 0.321972
vt 0.477708 0.323221
vt 0.477157 0.319050
vt 0.489112 0.316960
vt 0.501589 0.321925
vt 0.501520 0.316791
vt 0.513675 0.321812
vt 0.513587 0.316369
vt 0.525218 0.321706
vt 0.525160 0.315950
vt 0.536395 0.321662
vt 0.536389 0.315772
vt 0.547557 0.321706
vt 0.547637 0.315947
vt 0.559113 0.321812
vt 0.559201 0.316379
vt 0.570330 0.322723
vt 0.570977 0.318251
vt 0.476640 0.311887
vt 0.489108 0.311981
vt 0.501475 0.312006
vt 0.513521 0.312064
vt 0.525120 0.312116
vt 0.536397 0.312049
vt 0.547666 0.312265
vt 0.559263 0.312233
vt 0.571601 0.311980
vt 0.477105 0.299879
vt 0.489105 0.304000
vt 0.501522 0.304269
vt 0.513578 0.304911
vt 0.525149 0.305563
vt 0.536389 0.305918
vt 0.547632 0.305414
vt 0.559217 0.304763
vt 0.571054 0.301118
vt 0.477773 0.296257
vt 0.489112 0.296718
vt 0.501579 0.296731
vt 0.513663 0.296762
vt 0.525214 0.296796
vt 0.536444 0.296879
vt 0.547626 0.296691
vt 0.559082 0.296659
vt 0.570253 0.296603
vt 0.578854 0.345372
vt 0.470760 0.345372
vt 0.470760 0.622143
vt 0.578854 0.622143
vt 0.528689 0.305290
vt 0.528689 0.317926
vt 0.525028 0.317926
vt 0.525028 0.305290
vt 0.528689 0.292653
vt 0.525028 0.292653
vt 0.532363 0.317926
vt 0.532363 0.305290
vt 0.532363 0.292653
vt 0.528689 0.317926
vt 0.528689 0.305290
vt 0.528689 0.292653
vt 0.525043 0.317851
vt 0.528894 0.323081
vt 0.528894 0.317851
vt 0.532194 0.317851
vt 0.578854 0.345372
vt 0.578854 0.622143
vt 0.470760 0.622143
vt 0.470760 0.345372
vt 1.176321 0.007440
vt 1.596707 0.007440
vt 1.596707 0.015367
vt 1.176321 0.015367
vt 0.213116 0.015367
vt -0.305490 0.015367
vt -0.305490 0.007530
vt 0.213116 0.007530
vt -1.004995 0.007440
vt -1.004995 0.015367
vt 1.596707 0.015367
vt 1.596707 0.027833
vt 1.176321 0.027833
vt -1.004995 0.015367
vt -0.305490 0.027833
vt -1.004995 0.027833
vt 0.213116 0.027833
vt 0.213116 0.015367
vt 0.213116 0.000891
vt -0.305490 0.000891
vt -0.305490 0.015367
vt -1.004995 0.000891
vt -1.004995 0.015367
vt 1.596707 0.000891
vt 1.176321 0.000891
vt 1.176321 0.015367
vt 1.596707 0.015367
vt -1.004995 0.015367
vt -1.004995 0.027833
vt 1.596707 0.015367
vt 1.596707 0.027833
vt 1.596707 0.000891
vt -1.004995 0.000891
vt 1.176321 0.007440
vt 1.596707 0.007440
vt 1.596707 0.015367
vt 1.176321 0.015367
vt 0.213116 0.015367
vt -0.305490 0.015367
vt -0.305490 0.007530
vt 0.213116 0.007530
vt -1.004995 0.007440
vt -1.004995 0.015367
vt 1.596707 0.015367
vt 1.596707 0.027833
vt 1.176321 0.027833
vt -1.004995 0.015367
vt -0.305490 0.027833
vt -1.004995 0.027833
vt 0.213116 0.027833
vt 0.213116 0.015367
vt 0.213116 0.000891
vt -0.305490 0.000891
vt -0.305490 0.015367
vt -1.004995 0.000891
vt -1.004995 0.015367
vt 1.596707 0.000891
vt 1.176321 0.000891
vt 1.176321 0.015367
vt 1.596707 0.015367
vt -1.004995 0.015367
vt -1.004995 0.027833
vt 1.596707 0.015367
vt 1.596707 0.027833
vt 1.596707 0.000891
vt -1.004995 0.000891
vt 0.578854 0.345372
vt 0.578854 0.622143
vt 0.470760 0.622143
vt 0.470760 0.345372
vt 0.528689 0.305290
vt 0.528689 0.317926
vt 0.525028 0.317926
vt 0.525028 0.305290
vt 0.528689 0.292653
vt 0.525028 0.292653
vt 0.532363 0.317926
vt 0.532363 0.305290
vt 0.532363 0.292653
vt 0.528689 0.317926
vt 0.528689 0.305290
vt 0.528689 0.292653
vt 0.525043 0.317851
vt 0.528894 0.323081
vt 0.528894 0.317851
vt 0.532194 0.317851
vt 0.488803 0.293759
vt 0.494617 0.293759
vt 0.494617 0.328168
vt 0.488803 0.328168
vt 0.500430 0.293759
vt 0.500430 0.328168
vt 0.512058 0.293759
vt 0.512058 0.328168
vt 0.551737 0.315881
vt 0.547640 0.307357
vt 0.551737 0.298833
vt 0.564028 0.307357
vt 0.564028 0.306958
vt 0.551737 0.315482
vt 0.547640 0.306958
vt 0.551737 0.298434
vt 0.488803 0.293759
vt 0.494617 0.293759
vt 0.494617 0.328168
vt 0.488803 0.328168
vt 0.500430 0.293759
vt 0.500430 0.328168
vt 0.512058 0.293759
vt 0.512058 0.328168
vt 0.551737 0.315881
vt 0.547640 0.307357
vt 0.551737 0.298833
vt 0.564028 0.307357
vt 0.564028 0.306958
vt 0.551737 0.315482
vt 0.547640 0.306958
vt 0.551737 0.298434
vt 0.488803 0.293759
vt 0.494617 0.293759
vt 0.494617 0.328168
vt 0.488803 0.328168
vt 0.500430 0.293759
vt 0.500430 0.328168
vt 0.512058 0.293759
vt 0.512058 0.328168
vt 0.551737 0.315881
vt 0.547640 0.307357
vt 0.551737 0.298833
vt 0.564028 0.307357
vt 0.564028 0.306958
vt 0.551737 0.315482
vt 0.547640 0.306958
vt 0.551737 0.298434
vt 0.488803 0.293759
vt 0.494617 0.293759
vt 0.494617 0.328168
vt 0.488803 0.328168
vt 0.500430 0.293759
vt 0.500430 0.328168
vt 0.512058 0.293759
vt 0.512058 0.328168
vt 0.551737 0.315881
vt 0.547640 0.307357
vt 0.551737 0.298833
vt 0.564028 0.307357
vt 0.564028 0.306958
vt 0.551737 0.315482
vt 0.547640 0.306958
vt 0.551737 0.298434
vt 0.528689 0.305290
vt 0.528689 0.317926
vt 0.525028 0.317926
vt 0.525028 0.305290
vt 0.528689 0.292653
vt 0.525028 0.292653
vt 0.532363 0.317926
vt 0.532363 0.305290
vt 0.532363 0.292653
vt 0.528689 0.317926
vt 0.528689 0.305290
vt 0.528689 0.292653
vt 0.525043 0.317851
vt 0.528894 0.323081
vt 0.528894 0.317851
vt 0.532194 0.317851
vt 0.489111 0.321972
vt 0.477708 0.323221
vt 0.477157 0.319050
vt 0.489112 0.316960
vt 0.501589 0.321925
vt 0.501520 0.316791
vt 0.513675 0.321812
vt 0.513587 0.316369
vt 0.525218 0.321706
vt 0.525160 0.315950
vt 0.536395 0.321662
vt 0.536389 0.315772
vt 0.547557 0.321706
vt 0.547637 0.315947
vt 0.559113 0.321812
vt 0.559201 0.316379
vt 0.570330 0.322723
vt 0.570977 0.318251
vt 0.476640 0.311887
vt 0.489108 0.311981
vt 0.501475 0.312006
vt 0.513521 0.312064
vt 0.525120 0.312116
vt 0.536397 0.312049
vt 0.547666 0.312265
vt 0.559263 0.312233
vt 0.571601 0.311980
vt 0.477105 0.299879
vt 0.489105 0.304000
vt 0.501522 0.304269
vt 0.513578 0.304911
vt 0.525149 0.305563
vt 0.536389 0.305918
vt 0.547632 0.305414
vt 0.559217 0.304763
vt 0.571054 0.301118
vt 0.477773 0.296257
vt 0.489112 0.296718
vt 0.501579 0.296731
vt 0.513663 0.296762
vt 0.525214 0.296796
vt 0.536444 0.296879
vt 0.547626 0.296691
vt 0.559082 0.296659
vt 0.570253 0.296603
vt 0.578854 0.345372
vt 0.578854 0.622143
vt 0.470760 0.622143
vt 0.470760 0.345372
vt 0.578854 0.345372
vt 0.578854 0.622143
vt 0.470760 0.622143
vt 0.470760 0.345372
vt 0.528689 0.305290
vt 0.528689 0.317926
vt 0.525028 0.317926
vt 0.525028 0.305290
vt 0.528689 0.292653
vt 0.525028 0.292653
vt 0.532363 0.317926
vt 0.532363 0.305290
vt 0.532363 0.292653
vt 0.528689 0.317926
vt 0.528689 0.305290
vt 0.528689 0.292653
vt 0.525043 0.317851
vt 0.528894 0.323081
vt 0.528894 0.317851
vt 0.532194 0.317851
vt 0.528689 0.305290
vt 0.528689 0.317926
vt 0.525028 0.317926
vt 0.525028 0.305290
vt 0.528689 0.292653
vt 0.525028 0.292653
vt 0.532363 0.317926
vt 0.532363 0.305290
vt 0.532363 0.292653
vt 0.528689 0.317926
vt 0.528689 0.305290
vt 0.528689 0.292653
vt 0.525043 0.317851
vt 0.528894 0.323081
vt 0.528894 0.317851
vt 0.532194 0.317851
vt 0.489111 0.321972
vt 0.477708 0.323221
vt 0.477157 0.319050
vt 0.489112 0.316960
vt 0.501589 0.321925
vt 0.501520 0.316791
vt 0.513675 0.321812
vt 0.513587 0.316369
vt 0.525218 0.321706
vt 0.525160 0.315950
vt 0.536395 0.321662
vt 0.536389 0.315772
vt 0.547557 0.321706
vt 0.547637 0.315947
vt 0.559113 0.321812
vt 0.559201 0.316379
vt 0.570330 0.322723
vt 0.570977 0.318251
vt 0.476640 0.311887
vt 0.489108 0.311981
vt 0.501475 0.312006
vt 0.513521 0.312064
vt 0.525120 0.312116
vt 0.536397 0.312049
vt 0.547666 0.312265
vt 0.559263 0.312233
vt 0.571601 0.311980
vt 0.477105 0.299879
vt 0.489105 0.304000
vt 0.501522 0.304269
vt 0.513578 0.304911
vt 0.525149 0.305563
vt 0.536389 0.305918
vt 0.547632 0.305414
vt 0.559217 0.304763
vt 0.571054 0.301118
vt 0.477773 0.296257
vt 0.489112 0.296718
vt 0.501579 0.296731
vt 0.513663 0.296762
vt 0.525214 0.296796
vt 0.536444 0.296879
vt 0.547626 0.296691
vt 0.559082 0.296659
vt 0.570253 0.296603
vt 0.578854 0.345372
vt 0.578854 0.622143
vt 0.470760 0.622143
vt 0.470760 0.345372
vt 1.176321 0.007440
vt 1.596707 0.007440
vt 1.596707 0.015367
vt 1.176321 0.015367
vt 0.213116 0.015367
vt -0.305490 0.015367
vt -0.305490 0.007530
vt 0.213116 0.007530
vt -1.004995 0.007440
vt -1.004995 0.015367
vt 1.596707 0.015367
vt 1.596707 0.027833
vt 1.176321 0.027833
vt -1.004995 0.015367
vt -0.305490 0.027833
vt -1.004995 0.027833
vt 0.213116 0.027833
vt 0.213116 0.015367
vt 0.213116 0.000891
vt -0.305490 0.000891
vt -0.305490 0.015367
vt -1.004995 0.000891
vt -1.004995 0.015367
vt 1.596707 0.000891
vt 1.176321 0.000891
vt 1.176321 0.015367
vt 1.596707 0.015367
vt -1.004995 0.015367
vt -1.004995 0.027833
vt 1.596707 0.015367
vt 1.596707 0.027833
vt 1.596707 0.000891
vt -1.004995 0.000891
vt 0.528689 0.305290
vt 0.528689 0.317926
vt 0.525028 0.317926
vt 0.525028 0.305290
vt 0.528689 0.292653
vt 0.525028 0.292653
vt 0.532363 0.317926
vt 0.532363 0.305290
vt 0.532363 0.292653
vt 0.528689 0.317926
vt 0.528689 0.305290
vt 0.528689 0.292653
vt 0.525043 0.317851
vt 0.528894 0.323081
vt 0.528894 0.317851
vt 0.532194 0.317851
vt 0.488803 0.293759
vt 0.494617 0.293759
vt 0.494617 0.328168
vt 0.488803 0.328168
vt 0.500430 0.293759
vt 0.500430 0.328168
vt 0.512058 0.293759
vt 0.512058 0.328168
vt 0.551737 0.315881
vt 0.547640 0.307357
vt 0.551737 0.298833
vt 0.564028 0.307357
vt 0.564028 0.306958
vt 0.551737 0.315482
vt 0.547640 0.306958
vt 0.551737 0.298434
vt 0.488803 0.293759
vt 0.494617 0.293759
vt 0.494617 0.328168
vt 0.488803 0.328168
vt 0.500430 0.293759
vt 0.500430 0.328168
vt 0.512058 0.293759
vt 0.512058 0.328168
vt 0.551737 0.315881
vt 0.547640 0.307357
vt 0.551737 0.298833
vt 0.564028 0.307357
vt 0.564028 0.306958
vt 0.551737 0.315482
vt 0.547640 0.306958
vt 0.551737 0.298434
vt 0.578854 0.345372
vt 0.470760 0.345372
vt 0.470760 0.622143
vt 0.578854 0.622143
vt 0.528689 0.305290
vt 0.528689 0.317926
vt 0.525028 0.317926
vt 0.525028 0.305290
vt 0.528689 0.292653
vt 0.525028 0.292653
vt 0.532363 0.317926
vt 0.532363 0.305290
vt 0.532363 0.292653
vt 0.528689 0.317926
vt 0.528689 0.305290
vt 0.528689 0.292653
vt 0.525043 0.317851
vt 0.528894 0.323081
vt 0.528894 0.317851
vt 0.532194 0.317851
vt 0.489111 0.321972
vt 0.477708 0.323221
vt 0.477157 0.319050
vt 0.489112 0.316960
vt 0.501589 0.321925
vt 0.501520 0.316791
vt 0.513675 0.321812
vt 0.513587 0.316369
vt 0.525218 0.321706
vt 0.525160 0.315950
vt 0.536395 0.321662
vt 0.536389 0.315772
vt 0.547557 0.321706
vt 0.547637 0.315947
vt 0.559113 0.321812
vt 0.559201 0.316379
vt 0.570330 0.322723
vt 0.570977 0.318251
vt 0.476640 0.311887
vt 0.489108 0.311981
vt 0.501475 0.312006
vt 0.513521 0.312064
vt 0.525120 0.312116
vt 0.536397 0.312049
vt 0.547666 0.312265
vt 0.559263 0.312233
vt 0.571601 0.311980
vt 0.477105 0.299879
vt 0.489105 0.304000
vt 0.501522 0.304269
vt 0.513578 0.304911
vt 0.525149 0.305563
vt 0.536389 0.305918
vt 0.547632 0.305414
vt 0.559217 0.304763
vt 0.571054 0.301118
vt 0.477773 0.296257
vt 0.489112 0.296718
vt 0.501579 0.296731
vt 0.513663 0.296762
vt 0.525214 0.296796
vt 0.536444 0.296879
vt 0.547626 0.296691
vt 0.559082 0.296659
vt 0.570253 0.296603
vt 0.578854 0.345372
vt 0.578854 0.622143
vt 0.470760 0.622143
vt 0.470760 0.345372
vt 1.176321 0.007440
vt 1.596707 0.007440
vt 1.596707 0.015367
vt 1.176321 0.015367
vt 0.213116 0.015367
vt -0.305490 0.015367
vt -0.305490 0.007530
vt 0.213116 0.007530
vt -1.004995 0.007440
vt -1.004995 0.015367
vt 1.596707 0.015367
vt 1.596707 0.027833
vt 1.176321 0.027833
vt -1.004995 0.015367
vt -0.305490 0.027833
vt -1.004995 0.027833
vt 0.213116 0.027833
vt 0.213116 0.015367
vt 0.213116 0.000891
vt -0.305490 0.000891
vt -0.305490 0.015367
vt -1.004995 0.000891
vt -1.004995 0.015367
vt 1.596707 0.000891
vt 1.176321 0.000891
vt 1.176321 0.015367
vt 1.596707 0.015367
vt -1.004995 0.015367
vt -1.004995 0.027833
vt 1.596707 0.015367
vt 1.596707 0.027833
vt 1.596707 0.000891
vt -1.004995 0.000891
vt 0.528689 0.305290
vt 0.528689 0.317926
vt 0.525028 0.317926
vt 0.525028 0.305290
vt 0.528689 0.292653
vt 0.525028 0.292653
vt 0.532363 0.317926
vt 0.532363 0.305290
vt 0.532363 0.292653
vt 0.528689 0.317926
vt 0.528689 0.305290
vt 0.528689 0.292653
vt 0.525043 0.317851
vt 0.528894 0.323081
vt 0.528894 0.317851
vt 0.532194 0.317851
vt 0.488803 0.293759
vt 0.494617 0.293759
vt 0.494617 0.328168
vt 0.488803 0.328168
vt 0.500430 0.293759
vt 0.500430 0.328168
vt 0.512058 0.293759
vt 0.512058 0.328168
vt 0.551737 0.315881
vt 0.547640 0.307357
vt 0.551737 0.298833
vt 0.564028 0.307357
vt 0.564028 0.306958
vt 0.551737 0.315482
vt 0.547640 0.306958
vt 0.551737 0.298434
vt 0.488803 0.293759
vt 0.494617 0.293759
vt 0.494617 0.328168
vt 0.488803 0.328168
vt 0.500430 0.293759
vt 0.500430 0.328168
vt 0.512058 0.293759
vt 0.512058 0.328168
vt 0.551737 0.315881
vt 0.547640 0.307357
vt 0.551737 0.298833
vt 0.564028 0.307357
vt 0.564028 0.306958
vt 0.551737 0.315482
vt 0.547640 0.306958
vt 0.551737 0.298434
vt 0.578854 0.345372
vt 0.470760 0.345372
vt 0.470760 0.622143
vt 0.578854 0.622143
vt 0.528689 0.305290
vt 0.528689 0.317926
vt 0.525028 0.317926
vt 0.525028 0.305290
vt 0.528689 0.292653
vt 0.525028 0.292653
vt 0.532363 0.317926
vt 0.532363 0.305290
vt 0.532363 0.292653
vt 0.528689 0.317926
vt 0.528689 0.305290
vt 0.528689 0.292653
vt 0.525043 0.317851
vt 0.528894 0.323081
vt 0.528894 0.317851
vt 0.532194 0.317851
vt 0.489111 0.321972
vt 0.477708 0.323221
vt 0.477157 0.319050
vt 0.489112 0.316960
vt 0.501589 0.321925
vt 0.501520 0.316791
vt 0.513675 0.321812
vt 0.513587 0.316369
vt 0.525218 0.321706
vt 0.525160 0.315950
vt 0.536395 0.321662
vt 0.536389 0.315772
vt 0.547557 0.321706
vt 0.547637 0.315947
vt 0.559113 0.321812
vt 0.559201 0.316379
vt 0.570330 0.322723
vt 0.570977 0.318251
vt 0.476640 0.311887
vt 0.489108 0.311981
vt 0.501475 0.312006
vt 0.513521 0.312064
vt 0.525120 0.312116
vt 0.536397 0.312049
vt 0.547666 0.312265
vt 0.559263 0.312233
vt 0.571601 0.311980
vt 0.477105 0.299879
vt 0.489105 0.304000
vt 0.501522 0.304269
vt 0.513578 0.304911
vt 0.525149 0.305563
vt 0.536389 0.305918
vt 0.547632 0.305414
vt 0.559217 0.304763
vt 0.571054 0.301118
vt 0.477773 0.296257
vt 0.489112 0.296718
vt 0.501579 0.296731
vt 0.513663 0.296762
vt 0.525214 0.296796
vt 0.536444 0.296879
vt 0.547626 0.296691
vt 0.559082 0.296659
vt 0.570253 0.296603
vt 0.578854 0.345372
vt 0.578854 0.622143
vt 0.470760 0.622143
vt 0.470760 0.345372
vt 1.176321 0.007440
vt 1.596707 0.007440
vt 1.596707 0.015367
vt 1.176321 0.015367
vt 0.213116 0.015367
vt -0.305490 0.015367
vt -0.305490 0.007530
vt 0.213116 0.007530
vt -1.004995 0.007440
vt -1.004995 0.015367
vt 1.596707 0.015367
vt 1.596707 0.027833
vt 1.176321 0.027833
vt -1.004995 0.015367
vt -0.305490 0.027833
vt -1.004995 0.027833
vt 0.213116 0.027833
vt 0.213116 0.015367
vt 0.213116 0.000891
vt -0.305490 0.000891
vt -0.305490 0.015367
vt -1.004995 0.000891
vt -1.004995 0.015367
vt 1.596707 0.000891
vt 1.176321 0.000891
vt 1.176321 0.015367
vt 1.596707 0.015367
vt -1.004995 0.015367
vt -1.004995 0.027833
vt 1.596707 0.015367
vt 1.596707 0.027833
vt 1.596707 0.000891
vt -1.004995 0.000891
vt 0.528689 0.305290
vt 0.528689 0.317926
vt 0.525028 0.317926
vt 0.525028 0.305290
vt 0.528689 0.292653
vt 0.525028 0.292653
vt 0.532363 0.317926
vt 0.532363 0.305290
vt 0.532363 0.292653
vt 0.528689 0.317926
vt 0.528689 0.305290
vt 0.528689 0.292653
vt 0.525043 0.317851
vt 0.528894 0.323081
vt 0.528894 0.317851
vt 0.532194 0.317851
vt 0.488803 0.293759
vt 0.494617 0.293759
vt 0.494617 0.328168
vt 0.488803 0.328168
vt 0.500430 0.293759
vt 0.500430 0.328168
vt 0.512058 0.293759
vt 0.512058 0.328168
vt 0.551737 0.315881
vt 0.547640 0.307357
vt 0.551737 0.298833
vt 0.564028 0.307357
vt 0.564028 0.306958
vt 0.551737 0.315482
vt 0.547640 0.306958
vt 0.551737 0.298434
vt 0.488803 0.293759
vt 0.494617 0.293759
vt 0.494617 0.328168
vt 0.488803 0.328168
vt 0.500430 0.293759
vt 0.500430 0.328168
vt 0.512058 0.293759
vt 0.512058 0.328168
vt 0.551737 0.315881
vt 0.547640 0.307357
vt 0.551737 0.298833
vt 0.564028 0.307357
vt 0.564028 0.306958
vt 0.551737 0.315482
vt 0.547640 0.306958
vt 0.551737 0.298434
vt 0.578854 0.345372
vt 0.470760 0.345372
vt 0.470760 0.622143
vt 0.578854 0.622143
vt 0.528689 0.305290
vt 0.528689 0.317926
vt 0.525028 0.317926
vt 0.525028 0.305290
vt 0.528689 0.292653
vt 0.525028 0.292653
vt 0.532363 0.317926
vt 0.532363 0.305290
vt 0.532363 0.292653
vt 0.528689 0.317926
vt 0.528689 0.305290
vt 0.528689 0.292653
vt 0.525043 0.317851
vt 0.528894 0.323081
vt 0.528894 0.317851
vt 0.532194 0.317851
vt 0.489111 0.321972
vt 0.477708 0.323221
vt 0.477157 0.319050
vt 0.489112 0.316960
vt 0.501589 0.321925
vt 0.501520 0.316791
vt 0.513675 0.321812
vt 0.513587 0.316369
vt 0.525218 0.321706
vt 0.525160 0.315950
vt 0.536395 0.321662
vt 0.536389 0.315772
vt 0.547557 0.321706
vt 0.547637 0.315947
vt 0.559113 0.321812
vt 0.559201 0.316379
vt 0.570330 0.322723
vt 0.570977 0.318251
vt 0.476640 0.311887
vt 0.489108 0.311981
vt 0.501475 0.312006
vt 0.513521 0.312064
vt 0.525120 0.312116
vt 0.536397 0.312049
vt 0.547666 0.312265
vt 0.559263 0.312233
vt 0.571601 0.311980
vt 0.477105 0.299879
vt 0.489105 0.304000
vt 0.501522 0.304269
vt 0.513578 0.304911
vt 0.525149 0.305563
vt 0.536389 0.305918
vt 0.547632 0.305414
vt 0.559217 0.304763
vt 0.571054 0.301118
vt 0.477773 0.296257
vt 0.489112 0.296718
vt 0.501579 0.296731
vt 0.513663 0.296762
vt 0.525214 0.296796
vt 0.536444 0.296879
vt 0.547626 0.296691
vt 0.559082 0.296659
vt 0.570253 0.296603
vn -0.000000 -1.000000 -0.000000
vn -0.000000 -1.000000 -0.000000
vn -0.000000 -1.000000 -0.000000
vn -0.000000 -1.000000 -0.000000
vn -0.000001 1.000000 -0.000000
vn -0.000001 1.000000 -0.000000
vn -0.000001 1.000000 -0.000000
vn -0.000001 1.000000 -0.000000
vn -0.000307 0.002008 0.999998
vn -0.000307 0.002008 0.999998
vn -0.000307 0.002008 0.999998
vn -0.000307 0.002008 0.999998
vn 0.000335 -0.006374 -0.999980
vn 0.000335 -0.006374 -0.999980
vn 0.000335 -0.006374 -0.999980
vn 0.000335 -0.006374 -0.999980
vn 0.000000 -1.000000 -0.000000
vn 0.000000 -1.000000 -0.000000
vn 0.000000 -1.000000 -0.000000
vn 0.000000 -1.000000 -0.000000
vn 0.000000 1.000000 -0.000000
vn 0.000000 1.000000 -0.000000
vn 0.000000 1.000000 -0.000000
vn 0.000000 1.000000 -0.000000
vn -0.000325 0.002058 0.999998
vn -0.000325 0.002058 0.999998
vn -0.000325 0.002058 0.999998
vn -0.000325 0.002058 0.999998
vn 0.000322 -0.006123 -0.999981
vn 0.000322 -0.006123 -0.999981
vn 0.000322 -0.006123 -0.999981
vn 0.000322 -0.006123 -0.999981
vn 0.000000 -1.000000 -0.000000
vn 0.000000 -1.000000 -0.000000
vn 0.000000 -1.000000 -0.000000
vn 0.000000 -1.000000 -0.000000
vn 0.000000 1.000000 -0.000000
vn 0.000000 1.000000 -0.000000
vn 0.000000 1.000000 -0.000000
vn 0.000000 1.000000 -0.000000
vn -0.000322 0.002108 0.999998
vn -0.000322 0.002108 0.999998
vn -0.000322 0.002108 0.999998
vn -0.000322 0.002108 0.999998
vn 0.000325 -0.006073 -0.999982
vn 0.000325 -0.006073 -0.999982
vn 0.000325 -0.006073 -0.999982
vn 0.000325 -0.006073 -0.999982
vn 0.000000 -1.000000 -0.000000
vn 0.000000 -1.000000 -0.000000
vn 0.000000 -1.000000 -0.000000
vn 0.000000 -1.000000 -0.000000
vn 0.000000 1.000000 -0.000000
vn 0.000000 1.000000 -0.000000
vn 0.000000 1.000000 -0.000000
vn 0.000000 1.000000 -0.000000
vn -0.000328 0.002108 0.999998
vn -0.000328 0.002108 0.999998
vn -0.000328 0.002108 0.999998
vn -0.000328 0.002108 0.999998
vn 0.000325 -0.006073 -0.999982
vn 0.000325 -0.006073 -0.999982
vn 0.000325 -0.006073 -0.999982
vn 0.000325 -0.006073 -0.999982
vn 0.000000 -1.000000 -0.000000
vn 0.000000 -1.000000 -0.000000
vn 0.000000 -1.000000 -0.000000
vn 0.000000 -1.000000 -0.000000
vn 0.000000 1.000000 -0.000000
vn 0.000000 1.000000 -0.000000
vn 0.000000 1.000000 -0.000000
vn 0.000000 1.000000 -0.000000
vn -0.000322 0.002108 0.999998
vn -0.000322 0.002108 0.999998
vn -0.000322 0.002108 0.999998
vn -0.000322 0.002108 0.999998
vn 0.000322 -0.006123 -0.999981
vn 0.000322 -0.006123 -0.999981
vn 0.000322 -0.006123 -0.999981
vn 0.000322 -0.006123 -0.999981
vn -0.000000 -1.000000 -0.000000
vn -0.000000 -1.000000 -0.000000
vn -0.000000 -1.000000 -0.000000
vn -0.000000 -1.000000 -0.000000
vn 0.999998 0.001955 0.000074
vn 0.999998 0.001955 0.000074
vn 0.999998 0.001955 0.000074
vn 0.999998 0.001955 0.000074
vn -0.000001 1.000000 0.000000
vn -0.000001 1.000000 0.000000
vn -0.000001 1.000000 0.000000
vn -0.000001 1.000000 0.000000
vn 0.007967 0.001559 0.999967
vn 0.007967 0.001559 0.999967
vn 0.007967 0.001559 0.999967
vn 0.007967 0.001559 0.999967
vn -0.000000 -1.000000 -0.000000
vn -0.000000 -1.000000 -0.000000
vn -0.000000 -1.000000 -0.000000
vn -0.000000 -1.000000 -0.000000
vn -0.000000 1.000000 -0.000000
vn -0.000000 1.000000 -0.000000
vn -0.000000 1.000000 -0.000000
vn -0.000000 1.000000 -0.000000
vn 0.999999 0.001714 0.000182
vn 0.999999 0.001714 0.000182
vn 0.999999 0.001714 0.000182
vn 0.999999 0.001714 0.000182
vn -0.999990 -0.004566 -0.000495
vn -0.999990 -0.004566 -0.000495
vn -0.999990 -0.004566 -0.000495
vn -0.999990 -0.004566 -0.000495
vn -0.000000 -1.000000 0.000000
vn -0.000000 -1.000000 0.000000
vn -0.000000 -1.000000 0.000000
vn -0.000000 -1.000000 0.000000
vn 0.000120 0.002108 -0.999998
vn 0.000120 0.002108 -0.999998
vn 0.000120 0.002108 -0.999998
vn 0.000120 0.002108 -0.999998
vn -0.000000 1.000000 0.000001
vn -0.000000 1.000000 0.000001
vn -0.000000 1.000000 0.000001
vn -0.000000 1.000000 0.000001
vn 0.999975 0.001686 -0.006882
vn 0.999975 0.001686 -0.006882
vn 0.999975 0.001686 -0.006882
vn 0.999975 0.001686 -0.006882
vn -0.000000 -1.000000 0.000000
vn -0.000000 -1.000000 0.000000
vn -0.000000 -1.000000 0.000000
vn -0.000000 -1.000000 0.000000
vn -0.000000 1.000000 0.000000
vn -0.000000 1.000000 0.000000
vn -0.000000 1.000000 0.000000
vn -0.000000 1.000000 0.000000
vn 0.000322 0.002108 -0.999998
vn 0.000322 0.002108 -0.999998
vn 0.000322 0.002108 -0.999998
vn 0.000322 0.002108 -0.999998
vn -0.000364 -0.005521 0.999985
vn -0.000364 -0.005521 0.999985
vn -0.000364 -0.005521 0.999985
vn -0.000364 -0.005521 0.999985
vn -0.000000 -1.000000 0.000000
vn -0.000000 -1.000000 0.000000
vn -0.000000 -1.000000 0.000000
vn -0.000000 -1.000000 0.000000
vn -0.000000 1.000000 0.000000
vn -0.000000 1.000000 0.000000
vn -0.000000 1.000000 0.000000
vn -0.000000 1.000000 0.000000
vn 0.000322 0.002108 -0.999998
vn 0.000322 0.002108 -0.999998
vn 0.000322 0.002108 -0.999998
vn 0.000322 0.002108 -0.999998
vn -0.000325 -0.006173 0.999981
vn -0.000325 -0.006173 0.999981
vn -0.000325 -0.006173 0.999981
vn -0.000325 -0.006173 0.999981
vn -0.000000 -1.000000 0.000000
vn -0.000000 -1.000000 0.000000
vn -0.000000 -1.000000 0.000000
vn -0.000000 -1.000000 0.000000
vn -0.000000 1.000000 0.000000
vn -0.000000 1.000000 0.000000
vn -0.000000 1.000000 0.000000
vn -0.000000 1.000000 0.000000
vn 0.000325 0.002058 -0.999998
vn 0.000325 0.002058 -0.999998
vn 0.000325 0.002058 -0.999998
vn 0.000325 0.002058 -0.999998
vn -0.000322 -0.006224 0.999981
vn -0.000322 -0.006224 0.999981
vn -0.000322 -0.006224 0.999981
vn -0.000322 -0.006224 0.999981
vn -0.000000 -1.000000 0.000000
vn -0.000000 -1.000000 0.000000
vn -0.000000 -1.000000 0.000000
vn -0.000000 -1.000000 0.000000
vn -0.000000 1.000000 0.000000
vn -0.000000 1.000000 0.000000
vn -0.000000 1.000000 0.000000
vn -0.000000 1.000000 0.000000
vn 0.000322 0.002008 -0.999998
vn 0.000322 0.002008 -0.999998
vn 0.000322 0.002008 -0.999998
vn 0.000322 0.002008 -0.999998
vn -0.000325 -0.006173 0.999981
vn -0.000325 -0.006173 0.999981
vn -0.000325 -0.006173 0.999981
vn -0.000325 -0.006173 0.999981
vn -0.000000 -1.000000 0.000000
vn -0.000000 -1.000000 0.000000
vn -0.000000 -1.000000 0.000000
vn -0.000000 -1.000000 0.000000
vn -0.000000 1.000000 0.000000
vn -0.000000 1.000000 0.000000
vn -0.000000 1.000000 0.000000
vn -0.000000 1.000000 0.000000
vn 0.000314 0.001855 -0.999998
vn 0.000314 0.001855 -0.999998
vn 0.000314 0.001855 -0.999998
vn 0.000314 0.001855 -0.999998
vn -0.001302 -0.004163 0.999991
vn -0.001302 -0.004163 0.999991
vn -0.001302 -0.004163 0.999991
vn -0.001302 -0.004163 0.999991
vn 0.000000 -1.000000 0.000000
vn 0.000000 -1.000000 0.000000
vn 0.000000 -1.000000 0.000000
vn 0.000000 -1.000000 0.000000
vn 0.000000 -1.000000 0.000000
vn 0.000000 -1.000000 0.000000
vn 0.000000 -1.000000 0.000000
vn 0.000000 -1.000000 0.000000
vn -0.999998 0.001955 -0.000074
vn -0.999998 0.001955 -0.000074
vn -0.999998 0.001955 -0.000074
vn -0.999998 0.001955 -0.000074
vn 0.000001 1.000000 0.000000
vn 0.000001 1.000000 0.000000
vn 0.000001 1.000000 0.000000
vn 0.000001 1.000000 0.000000
vn 0.000000 1.000000 0.000000
vn 0.000000 1.000000 0.000000
vn 0.000000 1.000000 0.000000
vn 0.000000 1.000000 0.000000
vn -0.999999 0.001714 -0.000195
vn -0.999999 0.001714 -0.000195
vn -0.999999 0.001714 -0.000195
vn -0.999999 0.001714 -0.000195
vn -0.007977 0.001507 -0.999967
vn -0.007977 0.001507 -0.999967
vn -0.007977 0.001507 -0.999967
vn -0.007977 0.001507 -0.999967
vn 0.999991 -0.004285 0.000248
vn 0.999991 -0.004285 0.000248
vn 0.999991 -0.004285 0.000248
vn 0.999991 -0.004285 0.000248
vn -0.000001 -1.000000 -0.000000
vn -0.000001 -1.000000 -0.000000
vn -0.000001 -1.000000 -0.000000
vn -0.000001 -1.000000 -0.000000
vn -0.000059 0.002008 0.999998
vn -0.000059 0.002008 0.999998
vn -0.000059 0.002008 0.999998
vn -0.000059 0.002008 0.999998
vn -0.000004 1.000000 -0.000000
vn -0.000004 1.000000 -0.000000
vn -0.000004 1.000000 -0.000000
vn -0.000004 1.000000 -0.000000
vn -0.999975 0.001203 0.006952
vn -0.999975 0.001203 0.006952
vn -0.999975 0.001203 0.006952
vn -0.999975 0.001203 0.006952
vn 0.000000 0.000000 1.000000
vn 0.000000 0.000000 1.000000
vn 0.000000 0.000000 1.000000
vn 0.000000 0.000000 1.000000
vn 0.000000 0.000000 -1.000000
vn 0.000000 0.000000 -1.000000
vn 0.000000 0.000000 -1.000000
vn 0.000000 0.000000 -1.000000
vn 1.000000 0.000000 0.000000
vn 1.000000 0.000000 0.000000
vn 1.000000 0.000000 0.000000
vn 1.000000 0.000000 0.000000
vn -1.000000 0.000000 0.000000
vn -1.000000 0.000000 0.000000
vn -1.000000 0.000000 0.000000
vn -1.000000 0.000000 0.000000
vn 0.000000 0.000000 1.000000
vn 0.000000 0.000000 1.000000
vn 0.000000 0.000000 1.000000
vn 0.000000 0.000000 1.000000
vn 0.000000 0.000000 -1.000000
vn 0.000000 0.000000 -1.000000
vn 0.000000 0.000000 -1.000000
vn 0.000000 0.000000 -1.000000
vn 1.000000 0.000214 0.000000
vn 1.000000 0.000214 0.000000
vn 1.000000 0.000214 0.000000
vn 1.000000 0.000214 0.000000
vn -1.000000 -0.000205 0.000000
vn -1.000000 -0.000205 0.000000
vn -1.000000 -0.000205 0.000000
vn -1.000000 -0.000205 0.000000
vn 0.000000 0.000000 1.000000
vn 0.000000 0.000000 1.000000
vn 0.000000 0.000000 1.000000
vn 0.000000 0.000000 1.000000
vn 0.000000 0.000000 -1.000000
vn 0.000000 0.000000 -1.000000
vn 0.000000 0.000000 -1.000000
vn 0.000000 0.000000 -1.000000
vn 1.000000 0.000180 0.000000
vn 1.000000 0.000180 0.000000
vn 1.000000 0.000180 0.000000
vn 1.000000 0.000180 0.000000
vn -1.000000 -0.000188 0.000000
vn -1.000000 -0.000188 0.000000
vn -1.000000 -0.000188 0.000000
vn -1.000000 -0.000188 0.000000
vn 0.000000 0.000000 -1.000000
vn 0.000000 0.000000 -1.000000
vn 0.000000 0.000000 -1.000000
vn 0.000000 0.000000 -1.000000
vn 0.000000 0.000000 1.000000
vn 0.000000 0.000000 1.000000
vn 0.000000 0.000000 1.000000
vn 0.000000 0.000000 1.000000
vn -1.000000 0.000000 0.000000
vn -1.000000 0.000000 0.000000
vn -1.000000 0.000000 0.000000
vn -1.000000 0.000000 0.000000
vn 1.000000 0.000000 0.000000
vn 1.000000 0.000000 0.000000
vn 1.000000 0.000000 0.000000
vn 1.000000 0.000000 0.000000
vn 0.000000 0.000000 -1.000000
vn 0.000000 0.000000 -1.000000
vn 0.000000 0.000000 -1.000000
vn 0.000000 0.000000 -1.000000
vn 0.000000 0.000000 1.000000
vn 0.000000 0.000000 1.000000
vn 0.000000 0.000000 1.000000
vn 0.000000 0.000000 1.000000
vn -1.000000 0.000188 0.000000
vn -1.000000 0.000188 0.000000
vn -1.000000 0.000188 0.000000
vn -1.000000 0.000188 0.000000
vn 1.000000 -0.000180 0.000000
vn 1.000000 -0.000180 0.000000
vn 1.000000 -0.000180 0.000000
vn 1.000000 -0.000180 0.000000
vn 0.000000 0.000000 -1.000000
vn 0.000000 0.000000 -1.000000
vn 0.000000 0.000000 -1.000000
vn 0.000000 0.000000 -1.000000
vn 0.000000 0.000000 1.000000
vn 0.000000 0.000000 1.000000
vn 0.000000 0.000000 1.000000
vn 0.000000 0.000000 1.000000
vn -1.000000 0.000214 0.000000
vn -1.000000 0.000214 0.000000
vn -1.000000 0.000214 0.000000
vn -1.000000 0.000214 0.000000
vn 1.000000 -0.000214 0.000000
vn 1.000000 -0.000214 0.000000
vn 1.000000 -0.000214 0.000000
vn 1.000000 -0.000214 0.000000
vn 0.000000 0.000000 1.000000
vn 0.000000 0.000000 1.000000
vn 0.000000 0.000000 1.000000
vn 0.000000 0.000000 1.000000
vn 0.000000 0.000000 -1.000000
vn 0.000000 0.000000 -1.000000
vn 0.000000 0.000000 -1.000000
vn 0.000000 0.000000 -1.000000
vn 1.000000 0.000180 0.000000
vn 1.000000 0.000180 0.000000
vn 1.000000 0.000180 0.000000
vn 1.000000 0.000180 0.000000
vn -1.000000 -0.000188 0.000000
vn -1.000000 -0.000188 0.000000
vn -1.000000 -0.000188 0.000000
vn -1.000000 -0.000188 0.000000
vn 0.000000 0.000000 1.000000
vn 0.000000 0.000000 1.000000
vn 0.000000 0.000000 1.000000
vn 0.000000 0.000000 1.000000
vn 0.000000 0.000000 -1.000000
vn 0.000000 0.000000 -1.000000
vn 0.000000 0.000000 -1.000000
vn 0.000000 0.000000 -1.000000
vn 1.000000 0.000214 0.000000
vn 1.000000 0.000214 0.000000
vn 1.000000 0.000214 0.000000
vn 1.000000 0.000214 0.000000
vn -1.000000 -0.000214 0.000000
vn -1.000000 -0.000214 0.000000
vn -1.000000 -0.000214 0.000000
vn -1.000000 -0.000214 0.000000
vn 0.000000 0.000000 -1.000000
vn 0.000000 0.000000 -1.000000
vn 0.000000 0.000000 -1.000000
vn 0.000000 0.000000 -1.000000
vn 0.000000 0.000000 1.000000
vn 0.000000 0.000000 1.000000
vn 0.000000 0.000000 1.000000
vn 0.000000 0.000000 1.000000
vn -1.000000 0.000214 0.000000
vn -1.000000 0.000214 0.000000
vn -1.000000 0.000214 0.000000
vn -1.000000 0.000214 0.000000
vn 1.000000 -0.000214 0.000000
vn 1.000000 -0.000214 0.000000
vn 1.000000 -0.000214 0.000000
vn 1.000000 -0.000214 0.000000
vn 0.000000 0.000000 -1.000000
vn 0.000000 0.000000 -1.000000
vn 0.000000 0.000000 -1.000000
vn 0.000000 0.000000 -1.000000
vn 0.000000 0.000000 1.000000
vn 0.000000 0.000000 1.000000
vn 0.000000 0.000000 1.000000
vn 0.000000 0.000000 1.000000
vn -1.000000 0.000180 0.000000
vn -1.000000 0.000180 0.000000
vn -1.000000 0.000180 0.000000
vn -1.000000 0.000180 0.000000
vn 1.000000 -0.000188 0.000000
vn 1.000000 -0.000188 0.000000
vn 1.000000 -0.000188 0.000000
vn 1.000000 -0.000188 0.000000
vn 0.000000 0.000000 1.000000
vn 0.000000 0.000000 1.000000
vn 0.000000 0.000000 1.000000
vn 0.000000 0.000000 1.000000
vn 0.000000 0.000000 -1.000000
vn 0.000000 0.000000 -1.000000
vn 0.000000 0.000000 -1.000000
vn 0.000000 0.000000 -1.000000
vn 1.000000 0.000000 0.000000
vn 1.000000 0.000000 0.000000
vn 1.000000 0.000000 0.000000
vn 1.000000 0.000000 0.000000
vn -1.000000 0.000000 0.000000
vn -1.000000 0.000000 0.000000
vn -1.000000 0.000000 0.000000
vn -1.000000 0.000000 0.000000
vn 0.000000 0.000000 -1.000000
vn 0.000000 0.000000 -1.000000
vn 0.000000 0.000000 -1.000000
vn 0.000000 0.000000 -1.000000
vn 0.000000 0.000000 1.000000
vn 0.000000 0.000000 1.000000
vn 0.000000 0.000000 1.000000
vn 0.000000 0.000000 1.000000
vn -1.000000 0.000000 0.000000
vn -1.000000 0.000000 0.000000
vn -1.000000 0.000000 0.000000
vn -1.000000 0.000000 0.000000
vn 1.000000 0.000000 0.000000
vn 1.000000 0.000000 0.000000
vn 1.000000 0.000000 0.000000
vn 1.000000 0.000000 0.000000
vn 0.000000 0.000000 1.000000
vn 0.000000 0.000000 1.000000
vn 0.000000 0.000000 1.000000
vn 0.000000 0.000000 1.000000
vn 0.000000 0.000000 -1.000000
vn 0.000000 0.000000 -1.000000
vn 0.000000 0.000000 -1.000000
vn 0.000000 0.000000 -1.000000
vn 0.000000 0.000000 -1.000000
vn 0.000000 0.000000 -1.000000
vn 0.000000 0.000000 -1.000000
vn 0.000000 0.000000 -1.000000
vn 0.000000 0.000000 1.000000
vn 0.000000 0.000000 1.000000
vn 0.000000 0.000000 1.000000
vn 0.000000 0.000000 1.000000
vn 0.000000 0.000000 -1.000000
vn 0.000000 0.000000 -1.000000
vn 0.000000 0.000000 -1.000000
vn 0.000000 0.000000 -1.000000
vn 0.000000 0.000000 1.000000
vn 0.000000 0.000000 1.000000
vn 0.000000 0.000000 1.000000
vn 0.000000 0.000000 1.000000
vn 0.190706 0.146711 0.970622
vn -0.122000 0.145231 0.981847
vn -0.122000 0.145231 0.981847
vn 0.190706 0.146711 0.970622
vn -0.122142 -0.152392 0.980744
vn -0.122142 -0.152392 0.980744
vn 0.190892 -0.153929 0.969467
vn 0.190892 -0.153929 0.969467
vn 0.191166 -0.154190 -0.969371
vn 0.191166 -0.154190 -0.969371
vn -0.122379 -0.152642 -0.980675
vn -0.122379 -0.152642 -0.980675
vn -0.122239 0.145480 -0.981781
vn -0.122239 0.145480 -0.981781
vn 0.190976 0.146959 -0.970531
vn 0.190976 0.146959 -0.970531
vn -0.000036 -1.000000 0.000062
vn -0.000036 -1.000000 0.000062
vn -0.000036 -1.000000 0.000062
vn -0.000036 -1.000000 0.000062
vn -1.000000 0.000051 -0.000000
vn -1.000000 0.000051 -0.000000
vn -1.000000 0.000051 -0.000000
vn -1.000000 0.000051 -0.000000
vn -0.000035 1.000000 0.000054
vn -0.000035 1.000000 0.000054
vn -0.000035 1.000000 0.000054
vn -0.000035 1.000000 0.000054
vn 1.000000 0.000051 -0.000000
vn 1.000000 0.000051 -0.000000
vn 1.000000 0.000051 -0.000000
vn 1.000000 0.000051 -0.000000
vn 0.000000 0.000000 1.000000
vn 0.000000 0.000000 1.000000
vn 0.000000 0.000000 1.000000
vn 0.000000 0.000000 1.000000
vn 0.000000 0.000000 1.000000
vn 0.000000 0.000000 1.000000
vn 0.000000 0.000000 1.000000
vn 0.000000 0.000000 1.000000
vn 0.000000 0.000000 -1.000000
vn 0.000000 0.000000 -1.000000
vn 0.000000 0.000000 -1.000000
vn 0.000000 0.000000 -1.000000
vn 0.000000 0.000000 -1.000000
vn 0.000000 0.000000 -1.000000
vn 0.000000 0.000000 -1.000000
vn 0.000000 0.000000 -1.000000
vn 0.000000 0.000000 -1.000000
vn 0.000000 0.000000 -1.000000
vn 0.000000 0.000000 -1.000000
vn 0.000000 0.000000 -1.000000
vn 0.000000 0.000000 1.000000
vn 0.000000 0.000000 1.000000
vn 0.000000 0.000000 1.000000
vn 0.000000 0.000000 1.000000
vn 0.000000 0.000000 1.000000
vn 0.000000 0.000000 1.000000
vn 0.000000 0.000000 1.000000
vn 0.000000 0.000000 1.000000
vn 0.000000 0.000000 -1.000000
vn 0.000000 0.000000 -1.000000
vn 0.000000 0.000000 -1.000000
vn 0.000000 0.000000 -1.000000
vn -0.000000 0.000000 1.000000
vn -0.000000 0.000000 1.000000
vn -0.000000 0.000000 1.000000
vn -0.000000 0.000000 1.000000
vn -0.000000 0.000000 -1.000000
vn -0.000000 0.000000 -1.000000
vn -0.000000 0.000000 -1.000000
vn -0.000000 0.000000 -1.000000
vn -0.190731 0.146711 -0.970617
vn 0.122000 0.145235 -0.981847
vn 0.122000 0.145235 -0.981847
vn -0.190731 0.146711 -0.970617
vn 0.122141 -0.152413 -0.980740
vn 0.122141 -0.152413 -0.980740
vn -0.190919 -0.153954 -0.969458
vn -0.190919 -0.153954 -0.969458
vn -0.191195 -0.154212 0.969362
vn -0.191195 -0.154212 0.969362
vn 0.122378 -0.152667 0.980671
vn 0.122378 -0.152667 0.980671
vn 0.122236 0.145480 0.981781
vn 0.122236 0.145480 0.981781
vn -0.191006 0.146964 0.970525
vn -0.191006 0.146964 0.970525
vn 0.000036 -1.000000 -0.000062
vn 0.000036 -1.000000 -0.000062
vn 0.000036 -1.000000 -0.000062
vn 0.000036 -1.000000 -0.000062
vn 1.000000 0.000034 0.000000
vn 1.000000 0.000034 0.000000
vn 1.000000 0.000034 0.000000
vn 1.000000 0.000034 0.000000
vn 0.000035 1.000000 -0.000054
vn 0.000035 1.000000 -0.000054
vn 0.000035 1.000000 -0.000054
vn 0.000035 1.000000 -0.000054
vn -1.000000 0.000017 0.000000
vn -1.000000 0.000017 0.000000
vn -1.000000 0.000017 0.000000
vn -1.000000 0.000017 0.000000
vn -0.000000 0.000000 -1.000000
vn -0.000000 0.000000 -1.000000
vn -0.000000 0.000000 -1.000000
vn -0.000000 0.000000 -1.000000
vn 0.000000 0.000000 -1.000000
vn 0.000000 0.000000 -1.000000
vn 0.000000 0.000000 -1.000000
vn 0.000000 0.000000 -1.000000
vn 0.000000 0.000000 1.000000
vn 0.000000 0.000000 1.000000
vn 0.000000 0.000000 1.000000
vn 0.000000 0.000000 1.000000
vn 0.000000 0.000000 1.000000
vn 0.000000 0.000000 1.000000
vn 0.000000 0.000000 1.000000
vn 0.000000 0.000000 1.000000
vn 0.000000 0.000000 1.000000
vn 0.000000 0.000000 1.000000
vn 0.000000 0.000000 1.000000
vn 0.000000 0.000000 1.000000
vn 0.000000 0.000000 -1.000000
vn 0.000000 0.000000 -1.000000
vn 0.000000 0.000000 -1.000000
vn 0.000000 0.000000 -1.000000
vn 0.000000 0.000000 -1.000000
vn 0.000000 0.000000 -1.000000
vn 0.000000 0.000000 -1.000000
vn 0.000000 0.000000 -1.000000
vn 0.000000 0.000000 1.000000
vn 0.000000 0.000000 1.000000
vn 0.000000 0.000000 1.000000
vn 0.000000 0.000000 1.000000
vn 0.000000 0.000000 -1.000000
vn 0.000000 0.000000 -1.000000
vn 0.000000 0.000000 -1.000000
vn 0.000000 0.000000 -1.000000
vn 0.000000 0.000000 1.000000
vn 0.000000 0.000000 1.000000
vn 0.000000 0.000000 1.000000
vn 0.000000 0.000000 1.000000
vn 0.190536 0.146705 0.970656
vn -0.122000 0.145234 0.981847
vn -0.122000 0.145234 0.981847
vn 0.190536 0.146705 0.970656
vn -0.122142 -0.152389 0.980744
vn -0.122142 -0.152389 0.980744
vn 0.190722 -0.153924 0.969501
vn 0.190722 -0.153924 0.969501
vn 0.190995 -0.154185 -0.969406
vn 0.190995 -0.154185 -0.969406
vn -0.122379 -0.152641 -0.980675
vn -0.122379 -0.152641 -0.980675
vn -0.122239 0.145479 -0.981781
vn -0.122239 0.145479 -0.981781
vn 0.190806 0.146953 -0.970566
vn 0.190806 0.146953 -0.970566
vn -0.000036 -1.000000 0.000062
vn -0.000036 -1.000000 0.000062
vn -0.000036 -1.000000 0.000062
vn -0.000036 -1.000000 0.000062
vn -1.000000 0.000034 -0.000000
vn -1.000000 0.000034 -0.000000
vn -1.000000 0.000034 -0.000000
vn -1.000000 0.000034 -0.000000
vn -0.000035 1.000000 0.000055
vn -0.000035 1.000000 0.000055
vn -0.000035 1.000000 0.000055
vn -0.000035 1.000000 0.000055
vn 1.000000 0.000051 -0.000000
vn 1.000000 0.000051 -0.000000
vn 1.000000 0.000051 -0.000000
vn 1.000000 0.000051 -0.000000
vn 0.000000 0.000000 -1.000000
vn 0.000000 0.000000 -1.000000
vn 0.000000 0.000000 -1.000000
vn 0.000000 0.000000 -1.000000
vn 0.000000 0.000000 1.000000
vn 0.000000 0.000000 1.000000
vn 0.000000 0.000000 1.000000
vn 0.000000 0.000000 1.000000
vn 0.000000 0.000000 1.000000
vn 0.000000 0.000000 1.000000
vn 0.000000 0.000000 1.000000
vn 0.000000 0.000000 1.000000
vn 0.000000 0.000000 -1.000000
vn 0.000000 0.000000 -1.000000
vn 0.000000 0.000000 -1.000000
vn 0.000000 0.000000 -1.000000
vn -0.000000 0.000000 1.000000
vn -0.000000 0.000000 1.000000
vn -0.000000 0.000000 1.000000
vn -0.000000 0.000000 1.000000
vn -0.000000 0.000000 -1.000000
vn -0.000000 0.000000 -1.000000
vn -0.000000 0.000000 -1.000000
vn -0.000000 0.000000 -1.000000
vn -0.190561 0.146705 -0.970651
vn 0.122000 0.145234 -0.981847
vn 0.122000 0.145234 -0.981847
vn -0.190561 0.146705 -0.970651
vn 0.122141 -0.152413 -0.980740
vn 0.122141 -0.152413 -0.980740
vn -0.190749 -0.153950 -0.969492
vn -0.190749 -0.153950 -0.969492
vn -0.191024 -0.154210 0.969396
vn -0.191024 -0.154210 0.969396
vn 0.122378 -0.152667 0.980671
vn 0.122378 -0.152667 0.980671
vn 0.122236 0.145479 0.981781
vn 0.122236 0.145479 0.981781
vn -0.190836 0.146956 0.970560
vn -0.190836 0.146956 0.970560
vn 0.000036 -1.000000 -0.000062
vn 0.000036 -1.000000 -0.000062
vn 0.000036 -1.000000 -0.000062
vn 0.000036 -1.000000 -0.000062
vn 1.000000 0.000051 0.000000
vn 1.000000 0.000051 0.000000
vn 1.000000 0.000051 0.000000
vn 1.000000 0.000051 0.000000
vn 0.000035 1.000000 -0.000055
vn 0.000035 1.000000 -0.000055
vn 0.000035 1.000000 -0.000055
vn 0.000035 1.000000 -0.000055
vn -1.000000 0.000051 0.000000
vn -1.000000 0.000051 0.000000
vn -1.000000 0.000051 0.000000
vn -1.000000 0.000051 0.000000
vn 0.000000 1.000000 0.000000
vn 0.000000 1.000000 0.000000
vn 0.000000 1.000000 0.000000
vn 0.000000 1.000000 0.000000
vn 0.000000 0.000000 -1.000000
vn 0.000000 0.000000 -1.000000
vn 0.000000 0.000000 -1.000000
vn 0.000000 0.000000 -1.000000
vn 0.000000 -1.000000 0.000000
vn 0.000000 -1.000000 0.000000
vn 0.000000 -1.000000 0.000000
vn 0.000000 -1.000000 0.000000
vn -0.000000 0.000000 1.000000
vn -0.000000 0.000000 1.000000
vn -0.000000 0.000000 1.000000
vn -0.000000 0.000000 1.000000
vn 0.000000 1.000000 0.000000
vn 0.000000 1.000000 0.000000
vn 0.000000 1.000000 0.000000
vn 0.000000 1.000000 0.000000
vn 0.000000 0.000000 -1.000000
vn 0.000000 0.000000 -1.000000
vn 0.000000 0.000000 -1.000000
vn 0.000000 0.000000 -1.000000
vn 0.000000 -1.000000 0.000000
vn 0.000000 -1.000000 0.000000
vn 0.000000 -1.000000 0.000000
vn 0.000000 -1.000000 0.000000
vn 0.000000 0.000000 1.000000
vn 0.000000 0.000000 1.000000
vn 0.000000 0.000000 1.000000
vn 0.000000 0.000000 1.000000
vn 0.000000 1.000000 0.000000
vn 0.000000 1.000000 0.000000
vn 0.000000 1.000000 0.000000
vn 0.000000 1.000000 0.000000
vn 0.000000 0.000000 -1.000000
vn 0.000000 0.000000 -1.000000
vn 0.000000 0.000000 -1.000000
vn 0.000000 0.000000 -1.000000
vn 0.000000 -1.000000 0.000000
vn 0.000000 -1.000000 0.000000
vn 0.000000 -1.000000 0.000000
vn 0.000000 -1.000000 0.000000
vn 0.000000 0.000000 1.000000
vn 0.000000 0.000000 1.000000
vn 0.000000 0.000000 1.000000
vn 0.000000 0.000000 1.000000
vn 0.000000 1.000000 0.000000
vn 0.000000 1.000000 0.000000
vn 0.000000 1.000000 0.000000
vn 0.000000 1.000000 0.000000
vn -0.000000 0.000000 -1.000000
vn -0.000000 0.000000 -1.000000
vn -0.000000 0.000000 -1.000000
vn -0.000000 0.000000 -1.000000
vn 0.000000 -1.000000 0.000000
vn 0.000000 -1.000000 0.000000
vn 0.000000 -1.000000 0.000000
vn 0.000000 -1.000000 0.000000
vn -0.000000 0.000000 1.000000
vn -0.000000 0.000000 1.000000
vn -0.000000 0.000000 1.000000
vn -0.000000 0.000000 1.000000
vn -0.000066 0.000000 1.000000
vn -0.000066 0.000000 1.000000
vn -0.000066 0.000000 1.000000
vn -0.000066 0.000000 1.000000
vn -0.000002 1.000000 0.000002
vn -0.000002 1.000000 0.000002
vn -0.000002 1.000000 0.000002
vn -0.000002 1.000000 0.000002
vn 1.000000 0.000000 0.000000
vn 1.000000 0.000000 0.000000
vn 1.000000 0.000000 0.000000
vn 1.000000 0.000000 0.000000
vn -1.000000 0.000000 0.000000
vn -1.000000 0.000000 0.000000
vn -1.000000 0.000000 0.000000
vn -1.000000 0.000000 0.000000
vn -0.000002 1.000000 0.000002
vn -0.000002 1.000000 0.000002
vn -0.000002 1.000000 0.000002
vn -0.000002 1.000000 0.000002
vn -0.000099 0.000000 1.000000
vn -0.000099 0.000000 1.000000
vn -0.000099 0.000000 1.000000
vn -0.000099 0.000000 1.000000
vn -0.367734 0.876213 0.311484
vn -0.007287 0.941472 0.337012
vn -0.009325 0.955948 0.293389
vn -0.373946 0.886932 0.271138
vn -0.012013 0.980633 0.195487
vn -0.368342 0.912889 0.175949
vn 0.381877 0.907646 0.174209
vn 0.388648 0.881274 0.268904
vn 0.020573 0.956549 0.290844
vn 0.020619 0.983479 0.179842
vn 0.383379 0.870464 0.308728
vn 0.020524 0.943041 0.332044
vn -0.367217 0.889652 0.271425
vn -0.361946 0.878586 0.311580
vn -0.360241 0.916013 0.176485
vn 0.384657 0.906535 0.173879
vn 0.391380 0.880166 0.268570
vn 0.026120 0.956429 0.290795
vn 0.026319 0.983356 0.179774
vn 0.386122 0.869384 0.308354
vn 0.026065 0.942922 0.331993
vn -0.377420 0.885734 0.270241
vn -0.372139 0.874794 0.310240
vn -0.370642 0.912066 0.175384
vn 0.698124 0.704332 0.128609
vn 0.708811 0.674895 0.205195
vn 0.007004 0.956735 0.290878
vn 0.006688 0.983680 0.179805
vn 0.700877 0.672799 0.236882
vn 0.007001 0.943224 0.332084
vn -0.644005 -0.750302 -0.149345
vn -0.290360 -0.943263 -0.161076
vn -0.020342 -0.980413 -0.195899
vn -0.022250 -0.980707 -0.194214
vn 0.521252 -0.837109 -0.165968
vn 0.787257 -0.599835 -0.142914
vn -0.903735 -0.413581 -0.110515
vn -0.024296 -0.981015 -0.192406
vn 0.892499 -0.434194 -0.122155
vn 0.838678 0.543861 0.028881
vn 0.005271 0.995201 0.097709
vn 0.000397 -0.122560 0.992461
vn 0.000589 -0.032978 0.999456
vn -0.075016 -0.080161 0.993955
vn 0.904561 0.426339 -0.002049
vn 0.004216 0.996614 0.082116
vn -0.834812 0.549373 0.035756
vn -0.903143 0.429273 0.007587
vn 0.076434 -0.079904 0.993868
vn 0.077562 -0.168730 0.982606
vn -0.076949 -0.164376 0.983392
vn -0.000230 -0.206352 0.978478
vn -0.640696 -0.753108 -0.149459
vn -0.287044 -0.944271 -0.161116
vn -0.016648 -0.980486 -0.195883
vn -0.017544 -0.981057 -0.192924
vn 0.271047 -0.948974 -0.161189
vn 0.624725 -0.766192 -0.150560
vn -0.902038 -0.417234 -0.110650
vn -0.018505 -0.981659 -0.189747
vn 0.893915 -0.433905 -0.112435
vn 0.846216 0.531819 0.032966
vn 0.026375 0.994725 0.099130
vn 0.000654 -0.122561 0.992461
vn 0.001209 -0.033044 0.999453
vn -0.074740 -0.078674 0.994095
vn 0.909558 0.415535 0.005892
vn 0.026362 0.996039 0.084915
vn -0.826084 0.562241 0.038337
vn -0.898319 0.439240 0.009566
vn 0.076729 -0.081512 0.993715
vn 0.077645 -0.168146 0.982699
vn -0.076888 -0.164899 0.983309
vn -0.000045 -0.206237 0.978502
vn -0.000002 0.989966 0.141309
vn -0.000002 0.989966 0.141309
vn -0.000008 -0.139833 0.990175
vn -0.000008 -0.139833 0.990175
vn -0.000008 -0.139833 0.990175
vn -0.000008 -0.139833 0.990175
vn -0.642034 -0.751108 -0.153715
vn -0.300409 -0.938775 -0.168687
vn -0.005154 -0.980620 -0.195852
vn -0.005462 -0.981187 -0.192982
vn 0.276380 -0.947442 -0.161144
vn 0.630142 -0.761779 -0.150378
vn -0.899275 -0.422895 -0.111648
vn -0.005792 -0.981786 -0.189901
vn 0.896762 -0.428056 -0.112187
vn 0.843801 0.535617 0.033388
vn 0.020468 0.994867 0.099095
vn 0.000741 -0.122536 0.992464
vn 0.001057 -0.032980 0.999455
vn -0.074833 -0.079014 0.994061
vn 0.908095 0.418722 0.005968
vn 0.020377 0.996192 0.084771
vn -0.828201 0.559172 0.037549
vn -0.899443 0.436949 0.008858
vn 0.076692 -0.081083 0.993752
vn 0.077878 -0.167273 0.982830
vn -0.076716 -0.165758 0.983178
vn 0.000347 -0.206248 0.978500
vn 0.000000 0.989966 0.141308
vn 0.000000 0.989966 0.141308
vn 0.000000 -0.139766 0.990185
vn 0.000000 -0.139766 0.990185
vn 0.000000 -0.139766 0.990185
vn 0.000000 -0.139766 0.990185
vn -0.012647 0.989895 0.141238
vn -0.012647 0.989895 0.141238
vn -0.017519 -0.139877 0.990014
vn -0.017519 -0.139877 0.990014
vn -0.017519 -0.139877 0.990014
vn -0.017519 -0.139877 0.990014
vn -0.039962 -0.986249 -0.160361
vn -0.039962 -0.986249 -0.160361
vn -0.381847 0.907660 -0.174200
vn -0.388625 0.881287 -0.268894
vn -0.021215 0.956546 -0.290810
vn -0.021106 0.983464 -0.179870
vn -0.383345 0.870483 -0.308717
vn -0.021139 0.943042 -0.332001
vn 0.367222 0.889650 -0.271425
vn 0.361950 0.878582 -0.311585
vn 0.360245 0.916012 -0.176483
vn -0.384640 0.906543 -0.173872
vn -0.391376 0.880168 -0.268567
vn -0.026110 0.956431 -0.290790
vn -0.026297 0.983358 -0.179766
vn -0.386126 0.869380 -0.308359
vn -0.026066 0.942922 -0.331993
vn 0.377406 0.885742 -0.270235
vn 0.372143 0.874790 -0.310245
vn 0.370607 0.912080 -0.175385
vn -0.379408 0.908573 -0.174773
vn -0.385000 0.882589 -0.269837
vn -0.003328 0.956753 -0.290884
vn -0.003235 0.983684 -0.179876
vn -0.012511 0.980632 -0.195458
vn -0.009769 0.955941 -0.293397
vn -0.378778 0.872011 -0.310038
vn -0.003325 0.943235 -0.332111
vn -0.007667 0.941459 -0.337040
vn 0.644063 -0.750288 0.149171
vn 0.290404 -0.943247 0.161091
vn 0.023269 -0.980357 0.195856
vn 0.024439 -0.980902 0.192961
vn -0.287827 -0.942695 0.168765
vn -0.629152 -0.761738 0.154668
vn -0.018365 -0.139970 -0.989985
vn -0.018365 -0.139970 -0.989985
vn -0.018365 -0.139970 -0.989985
vn -0.018365 -0.139970 -0.989985
vn -0.041266 -0.986178 0.160470
vn -0.041266 -0.986178 0.160470
vn 0.903784 -0.413567 0.110170
vn 0.025695 -0.981477 0.189851
vn -0.892427 -0.436757 0.113215
vn -0.837134 0.545860 -0.035261
vn -0.002994 0.995063 -0.099201
vn -0.000368 -0.122603 -0.992456
vn -0.000566 -0.032973 -0.999456
vn 0.075014 -0.080252 -0.993948
vn -0.013133 0.989895 -0.141191
vn -0.013133 0.989895 -0.141191
vn -0.904428 0.426564 -0.007303
vn -0.002857 0.996383 -0.084928
vn 0.834774 0.549415 -0.035997
vn 0.903121 0.429312 -0.007932
vn -0.076372 -0.080053 -0.993861
vn -0.077541 -0.168803 -0.982595
vn 0.076993 -0.164435 -0.983379
vn 0.000259 -0.206242 -0.978501
vn 0.640761 -0.753049 0.149476
vn 0.287041 -0.944272 0.161116
vn 0.016645 -0.980486 0.195885
vn 0.017535 -0.981057 0.192926
vn -0.271047 -0.948974 0.161190
vn -0.624762 -0.766160 0.150571
vn 0.902139 -0.417011 0.110665
vn 0.018491 -0.981659 0.189749
vn -0.893972 -0.433787 0.112444
vn -0.846179 0.531878 -0.032966
vn -0.026410 0.994724 -0.099126
vn -0.000653 -0.122599 -0.992456
vn -0.001207 -0.033033 -0.999454
vn 0.074708 -0.078782 -0.994089
vn -0.909521 0.415616 -0.005896
vn -0.026454 0.996037 -0.084914
vn 0.825976 0.562401 -0.038331
vn 0.898182 0.439520 -0.009561
vn -0.076696 -0.081583 -0.993711
vn -0.077654 -0.168249 -0.982681
vn 0.076897 -0.164919 -0.983305
vn 0.000047 -0.206172 -0.978516
vn 0.000002 0.989966 -0.141309
vn 0.000002 0.989966 -0.141309
vn 0.000012 -0.139999 -0.990152
vn 0.000012 -0.139999 -0.990152
vn 0.000012 -0.139999 -0.990152
vn 0.000012 -0.139999 -0.990152
vn 0.798184 -0.587101 0.134964
vn 0.538988 -0.825957 0.165189
vn 0.004676 -0.980632 0.195803
vn 0.005142 -0.981211 0.192868
vn -0.276387 -0.947439 0.161147
vn -0.630117 -0.761801 0.150375
vn 0.899292 -0.423041 0.110952
vn 0.005642 -0.981823 0.189715
vn -0.896707 -0.428171 0.112188
vn -0.843835 0.535563 -0.033387
vn -0.020645 0.994851 -0.099220
vn -0.000741 -0.122601 -0.992456
vn -0.001055 -0.032964 -0.999456
vn 0.074802 -0.079138 -0.994053
vn -0.908165 0.418571 -0.005968
vn -0.020422 0.996175 -0.084956
vn 0.828033 0.559386 -0.038067
vn 0.899424 0.436972 -0.009558
vn -0.076659 -0.081132 -0.993751
vn -0.077888 -0.167349 -0.982816
vn 0.076724 -0.165891 -0.983155
vn -0.000348 -0.206270 -0.978495
vn 0.000000 0.989966 -0.141308
vn 0.000000 0.989966 -0.141308
vn -0.000000 -0.139903 -0.990165
vn -0.000000 -0.139903 -0.990165
vn -0.000000 -0.139903 -0.990165
vn -0.000000 -0.139903 -0.990165
vn 0.685774 0.696344 -0.211703
vn 0.677638 0.693653 -0.244236
vn 0.675316 0.725368 -0.133379
vn -0.367697 0.876231 0.311477
vn -0.007285 0.941467 0.337026
vn -0.009323 0.955944 0.293402
vn -0.373927 0.886940 0.271138
vn -0.012012 0.980632 0.195491
vn -0.368342 0.912889 0.175951
vn 0.381740 0.907702 0.174219
vn 0.388505 0.881331 0.268921
vn 0.020438 0.956555 0.290833
vn 0.020470 0.983482 0.179844
vn 0.383248 0.870514 0.308751
vn 0.020419 0.943049 0.332027
vn -0.367115 0.889687 0.271449
vn -0.361826 0.878628 0.311600
vn -0.360184 0.916033 0.176497
vn 0.384652 0.906535 0.173891
vn 0.391368 0.880172 0.268567
vn 0.026216 0.956423 0.290805
vn 0.026375 0.983350 0.179798
vn 0.386122 0.869384 0.308352
vn 0.026195 0.942916 0.332000
vn -0.377419 0.885733 0.270243
vn -0.372176 0.874773 0.310254
vn -0.370655 0.912058 0.175398
vn 0.379293 0.908617 0.174788
vn 0.384832 0.882660 0.269842
vn 0.003127 0.956756 0.290877
vn 0.003056 0.983680 0.179900
vn 0.012516 0.980632 0.195459
vn 0.009780 0.955941 0.293397
vn 0.378578 0.872099 0.310036
vn 0.003067 0.943242 0.332093
vn 0.007678 0.941455 0.337051
vn -0.644111 -0.750213 -0.149338
vn -0.290451 -0.943236 -0.161074
vn -0.023348 -0.980359 -0.195836
vn -0.024525 -0.980892 -0.193003
vn 0.287798 -0.942703 -0.168769
vn 0.629159 -0.761732 -0.154676
vn 0.018370 -0.139877 0.989999
vn 0.018370 -0.139877 0.989999
vn 0.018370 -0.139877 0.989999
vn 0.018370 -0.139877 0.989999
vn 0.041267 -0.986176 -0.160481
vn 0.041267 -0.986176 -0.160481
vn -0.903794 -0.413455 -0.110503
vn -0.025787 -0.981453 -0.189960
vn 0.892457 -0.436695 -0.113219
vn 0.837085 0.545935 0.035272
vn 0.002877 0.995066 0.099170
vn 0.000369 -0.122559 0.992461
vn 0.000567 -0.032990 0.999456
vn -0.075046 -0.080182 0.993951
vn 0.013133 0.989893 0.141204
vn 0.013133 0.989893 0.141204
vn 0.904413 0.426595 0.007304
vn 0.002831 0.996391 0.084834
vn -0.834840 0.549329 0.035777
vn -0.903143 0.429274 0.007587
vn 0.076407 -0.079949 0.993866
vn 0.077533 -0.168695 0.982614
vn -0.076984 -0.164398 0.983385
vn -0.000260 -0.206286 0.978492
vn -0.640642 -0.753128 -0.149584
vn -0.287031 -0.944275 -0.161112
vn -0.016649 -0.980493 -0.195850
vn -0.017454 -0.981053 -0.192953
vn 0.271033 -0.948982 -0.161165
vn 0.624774 -0.766146 -0.150594
vn -0.901981 -0.417291 -0.110896
vn -0.018317 -0.981644 -0.189842
vn 0.893967 -0.433778 -0.112518
vn 0.846220 0.531813 0.032984
vn 0.026394 0.994728 0.099089
vn 0.000683 -0.122545 0.992463
vn 0.001230 -0.033039 0.999453
vn -0.074711 -0.078718 0.994093
vn 0.909555 0.415541 0.005891
vn 0.026351 0.996049 0.084809
vn -0.826074 0.562271 0.038107
vn -0.898318 0.439249 0.009217
vn 0.076758 -0.081462 0.993716
vn 0.077677 -0.168159 0.982695
vn -0.076856 -0.164843 0.983321
vn -0.000018 -0.206195 0.978511
vn -0.000002 0.989966 0.141309
vn -0.000002 0.989966 0.141309
vn -0.000008 -0.139841 0.990174
vn -0.000008 -0.139841 0.990174
vn -0.000008 -0.139841 0.990174
vn -0.000008 -0.139841 0.990174
vn -0.641966 -0.751206 -0.153525
vn -0.300333 -0.938798 -0.168695
vn -0.005060 -0.980624 -0.195835
vn -0.005410 -0.981196 -0.192940
vn 0.276392 -0.947441 -0.161129
vn 0.630177 -0.761751 -0.150376
vn -0.899217 -0.423112 -0.111289
vn -0.005785 -0.981800 -0.189831
vn 0.896792 -0.427990 -0.112197
vn 0.843745 0.535705 0.033398
vn 0.020379 0.994864 0.099145
vn 0.000726 -0.122551 0.992462
vn 0.001043 -0.032954 0.999456
vn -0.074865 -0.079025 0.994058
vn 0.908086 0.418742 0.005967
vn 0.020327 0.996185 0.084862
vn -0.828304 0.559005 0.037771
vn -0.899578 0.436664 0.009194
vn 0.076692 -0.081099 0.993751
vn 0.077879 -0.167322 0.982822
vn -0.076748 -0.165781 0.983172
vn 0.000335 -0.206267 0.978496
vn 0.000000 0.989966 0.141308
vn 0.000000 0.989966 0.141308
vn 0.000000 -0.139775 0.990183
vn 0.000000 -0.139775 0.990183
vn 0.000000 -0.139775 0.990183
vn 0.000000 -0.139775 0.990183
vn -0.012646 0.989895 0.141234
vn -0.012646 0.989895 0.141234
vn -0.017520 -0.139859 0.990016
vn -0.017520 -0.139859 0.990016
vn -0.017520 -0.139859 0.990016
vn -0.017520 -0.139859 0.990016
vn -0.039965 -0.986248 -0.160366
vn -0.039965 -0.986248 -0.160366
vn 0.367856 0.876166 -0.311473
vn 0.007278 0.941465 -0.337032
vn 0.009317 0.955945 -0.293399
vn 0.374050 0.886895 -0.271118
vn 0.012010 0.980633 -0.195487
vn 0.368385 0.912875 -0.175932
vn -0.381764 0.907693 -0.174208
vn -0.388485 0.881343 -0.268913
vn -0.020280 0.956565 -0.290812
vn -0.020451 0.983488 -0.179816
vn -0.383213 0.870533 -0.308740
vn -0.020209 0.943056 -0.332019
vn 0.367102 0.889693 -0.271445
vn 0.361830 0.878625 -0.311605
vn 0.360169 0.916040 -0.176491
vn -0.384650 0.906536 -0.173885
vn -0.391366 0.880175 -0.268562
vn -0.026229 0.956427 -0.290791
vn -0.026390 0.983352 -0.179786
vn -0.386126 0.869382 -0.308353
vn -0.026195 0.942916 -0.332000
vn 0.377444 0.885722 -0.270246
vn 0.372180 0.874771 -0.310255
vn 0.370644 0.912066 -0.175381
vn -0.379448 0.908554 -0.174784
vn -0.385023 0.882580 -0.269832
vn -0.003277 0.956747 -0.290902
vn -0.003194 0.983682 -0.179888
vn -0.012601 0.980630 -0.195464
vn -0.009841 0.955939 -0.293401
vn -0.378805 0.872000 -0.310036
vn -0.003285 0.943225 -0.332137
vn -0.007725 0.941458 -0.337043
vn 0.644036 -0.750288 0.149281
vn 0.290491 -0.943224 0.161073
vn 0.023366 -0.980355 0.195855
vn 0.024508 -0.980891 0.193006
vn -0.287965 -0.942653 0.168766
vn -0.629175 -0.761715 0.154690
vn -0.018510 -0.139962 -0.989984
vn -0.018510 -0.139962 -0.989984
vn -0.018510 -0.139962 -0.989984
vn -0.018510 -0.139962 -0.989984
vn -0.041568 -0.986165 0.160471
vn -0.041568 -0.986165 0.160471
vn 0.903671 -0.413747 0.110420
vn 0.025733 -0.981457 0.189947
vn -0.892375 -0.436848 0.113272
vn -0.837180 0.545788 -0.035280
vn -0.002977 0.995068 -0.099151
vn -0.000397 -0.122594 -0.992457
vn -0.000588 -0.032978 -0.999456
vn 0.074987 -0.080253 -0.993950
vn -0.013228 0.989893 -0.141197
vn -0.013228 0.989893 -0.141197
vn -0.904479 0.426456 -0.007302
vn -0.002843 0.996392 -0.084819
vn 0.834878 0.549273 -0.035757
vn 0.903231 0.429087 -0.007584
vn -0.076404 -0.080003 -0.993862
vn -0.077575 -0.168795 -0.982594
vn 0.076962 -0.164412 -0.983385
vn 0.000230 -0.206266 -0.978496
vn 0.640641 -0.753129 0.149586
vn 0.286992 -0.944289 0.161103
vn 0.016567 -0.980493 0.195854
vn 0.017439 -0.981051 0.192962
vn -0.271073 -0.948969 0.161177
vn -0.624861 -0.766070 0.150617
vn 0.901997 -0.417254 0.110905
vn 0.018374 -0.981640 0.189855
vn -0.894077 -0.433548 0.112531
vn -0.846145 0.531931 -0.032984
vn -0.026393 0.994728 -0.099098
vn -0.000682 -0.122600 -0.992456
vn -0.001229 -0.033033 -0.999454
vn 0.074681 -0.078772 -0.994091
vn -0.909456 0.415758 -0.005895
vn -0.026344 0.996048 -0.084824
vn 0.826091 0.562247 -0.038110
vn 0.898337 0.439210 -0.009221
vn -0.076725 -0.081594 -0.993708
vn -0.077685 -0.168230 -0.982682
vn 0.076865 -0.164940 -0.983304
vn 0.000017 -0.206174 -0.978515
vn 0.000002 0.989966 -0.141307
vn 0.000002 0.989966 -0.141307
vn 0.000012 -0.139996 -0.990152
vn 0.000012 -0.139996 -0.990152
vn 0.000012 -0.139996 -0.990152
vn 0.000012 -0.139996 -0.990152
vn 0.641993 -0.751181 0.153532
vn 0.300380 -0.938781 0.168705
vn 0.005129 -0.980623 0.195837
vn 0.005450 -0.981194 0.192947
vn -0.276373 -0.947447 0.161126
vn -0.630083 -0.761832 0.150356
vn 0.899222 -0.423100 0.111294
vn 0.005795 -0.981797 0.189844
vn -0.896663 -0.428265 0.112184
vn -0.843880 0.535489 -0.033439
vn -0.020450 0.994864 -0.099136
vn -0.000726 -0.122611 -0.992455
vn -0.001042 -0.032970 -0.999456
vn 0.074833 -0.079116 -0.994053
vn -0.908231 0.418426 -0.006046
vn -0.020407 0.996184 -0.084865
vn 0.828285 0.559037 -0.037722
vn 0.899556 0.436712 -0.009119
vn -0.076660 -0.081187 -0.993747
vn -0.077887 -0.167403 -0.982807
vn 0.076756 -0.165861 -0.983158
vn -0.000334 -0.206267 -0.978496
vn 0.000000 0.989966 -0.141308
vn 0.000000 0.989966 -0.141308
vn -0.000000 -0.139903 -0.990165
vn -0.000000 -0.139903 -0.990165
vn -0.000000 -0.139903 -0.990165
vn -0.000000 -0.139903 -0.990165
vn 0.012647 0.989895 -0.141236
vn 0.012647 0.989895 -0.141236
vn 0.017518 -0.139949 -0.990004
vn 0.017518 -0.139949 -0.990004
vn 0.017518 -0.139949 -0.990004
vn 0.017518 -0.139949 -0.990004
vn 0.039966 -0.986247 0.160375
vn 0.039966 -0.986247 0.160375
vn -0.999980 0.002074 0.005916
vn -0.999980 0.002074 0.005916
vn -0.999980 0.002074 0.005916
vn -0.996204 -0.082519 0.027719
vn -0.996204 -0.082519 0.027719
vn -0.993530 -0.106872 0.038436
vn -0.993530 -0.106872 0.038436
vn -0.999381 -0.033446 0.010893
vn -0.999381 -0.033446 0.010893
vn 0.370049 0.875343 -0.311189
vn 0.007402 0.941463 -0.337036
vn 0.009472 0.955944 -0.293398
vn 0.376258 0.886038 -0.270862
vn 0.012208 0.980631 -0.195482
vn 0.370636 0.911993 -0.175779
vn -0.383961 0.906796 -0.174052
vn -0.390677 0.880450 -0.268662
vn -0.020355 0.956555 -0.290841
vn -0.020505 0.983486 -0.179820
vn -0.385426 0.869654 -0.308463
vn -0.020308 0.943041 -0.332055
vn 0.369323 0.888856 -0.271177
vn 0.364030 0.877825 -0.311295
vn 0.362370 0.915203 -0.176329
vn -0.386848 0.905632 -0.173722
vn -0.393534 0.879290 -0.268293
vn -0.026197 0.956435 -0.290769
vn -0.026412 0.983356 -0.179759
vn -0.388285 0.868528 -0.308048
vn -0.026175 0.942934 -0.331948
vn 0.379653 0.884855 -0.269992
vn 0.374388 0.873929 -0.309970
vn 0.372881 0.911183 -0.175229
vn -0.380977 0.907906 -0.174821
vn -0.385603 0.882310 -0.269887
vn -0.003270 0.956751 -0.290889
vn -0.003149 0.983686 -0.179867
vn -0.011172 0.980588 -0.195759
vn -0.006339 0.955888 -0.293663
vn -0.378904 0.871960 -0.310029
vn -0.003277 0.943234 -0.332112
vn -0.003196 0.941467 -0.337091
vn 0.646030 -0.748657 0.148853
vn 0.292539 -0.942617 0.160919
vn 0.023410 -0.980357 0.195836
vn 0.024524 -0.980892 0.193003
vn -0.276053 -0.946913 0.164777
vn -0.625925 -0.764838 0.152453
vn -0.018148 -0.139981 -0.989988
vn -0.018148 -0.139981 -0.989988
vn -0.018148 -0.139981 -0.989988
vn -0.018148 -0.139981 -0.989988
vn -0.012510 -0.988342 0.151735
vn -0.012510 -0.988342 0.151735
vn 0.904668 -0.411724 0.109811
vn 0.025720 -0.981455 0.189958
vn -0.893372 -0.434998 0.112526
vn -0.838984 0.543017 -0.035190
vn -0.002905 0.995069 -0.099143
vn -0.000391 -0.122614 -0.992454
vn -0.000585 -0.032981 -0.999456
vn 0.075700 -0.080276 -0.993894
vn -0.012841 0.989883 -0.141302
vn -0.012841 0.989883 -0.141302
vn -0.905513 0.424254 -0.007414
vn -0.002781 0.996393 -0.084811
vn 0.836701 0.546497 -0.035669
vn 0.904236 0.426964 -0.007687
vn -0.077111 -0.080007 -0.993807
vn -0.078291 -0.168799 -0.982536
vn 0.077694 -0.164448 -0.983321
vn 0.000243 -0.206288 -0.978491
vn 0.642809 -0.751392 0.149017
vn 0.289114 -0.943664 0.160972
vn 0.016721 -0.980491 0.195850
vn 0.017585 -0.981057 0.192917
vn -0.273058 -0.948423 0.161038
vn -0.626850 -0.764541 0.150124
vn 0.903180 -0.414933 0.109983
vn 0.018514 -0.981655 0.189765
vn -0.895118 -0.431590 0.111771
vn -0.847919 0.529104 -0.032884
vn -0.026555 0.994720 -0.099129
vn -0.000666 -0.122602 -0.992456
vn -0.001225 -0.033048 -0.999453
vn 0.075419 -0.078759 -0.994037
vn -0.910459 0.413556 -0.005992
vn -0.026579 0.996034 -0.084906
vn 0.827774 0.559757 -0.038239
vn 0.899197 0.437437 -0.009670
vn -0.077439 -0.081562 -0.993655
vn -0.078404 -0.168239 -0.982623
vn 0.077628 -0.164905 -0.983250
vn 0.000042 -0.206215 -0.978507
vn 0.000002 0.989966 -0.141307
vn 0.000002 0.989966 -0.141307
vn 0.000012 -0.140003 -0.990151
vn 0.000012 -0.140003 -0.990151
vn 0.000012 -0.140003 -0.990151
vn 0.000012 -0.140003 -0.990151
vn 0.644164 -0.749379 0.153241
vn 0.302752 -0.938050 0.168536
vn 0.005111 -0.980624 0.195834
vn 0.005483 -0.981178 0.193026
vn -0.278462 -0.946857 0.160998
vn -0.632071 -0.760238 0.150082
vn 0.900331 -0.420824 0.110960
vn 0.005883 -0.981765 0.190009
vn -0.897630 -0.426324 0.111842
vn -0.845633 0.532736 -0.033126
vn -0.020480 0.994873 -0.099039
vn -0.000737 -0.122602 -0.992456
vn -0.001056 -0.032976 -0.999456
vn 0.075514 -0.079156 -0.993998
vn -0.909198 0.416325 -0.005809
vn -0.020411 0.996201 -0.084659
vn 0.830007 0.556497 -0.037420
vn 0.900444 0.434881 -0.008887
vn -0.077368 -0.081151 -0.993695
vn -0.078608 -0.167336 -0.982761
vn 0.077456 -0.165878 -0.983100
vn -0.000340 -0.206228 -0.978504
vn 0.000000 0.989966 -0.141307
vn 0.000000 0.989966 -0.141307
vn -0.000000 -0.139903 -0.990165
vn -0.000000 -0.139903 -0.990165
vn -0.000000 -0.139903 -0.990165
vn -0.000000 -0.139903 -0.990165
vn 0.012857 0.989893 -0.141234
vn 0.012857 0.989893 -0.141234
vn 0.017821 -0.139949 -0.989998
vn 0.017821 -0.139949 -0.989998
vn 0.017821 -0.139949 -0.989998
vn 0.017821 -0.139949 -0.989998
vn 0.040631 -0.986221 0.160366
vn 0.040631 -0.986221 0.160366
vn -0.999950 -0.008764 0.004797
vn -0.999950 -0.008764 0.004797
vn -0.999685 -0.025082 0.001082
vn -0.999819 0.016757 0.009040
vn -0.999819 0.016757 0.009040
vn -0.999685 -0.025082 0.001082
vn -0.996202 0.082546 0.027719
vn -0.993573 0.106468 0.038437
vn -0.993573 0.106468 0.038437
vn -0.996202 0.082546 0.027719
vn -0.368017 0.876094 0.311484
vn -0.003038 0.941467 0.337090
vn -0.006027 0.955891 0.293660
vn -0.374675 0.886607 0.271194
vn -0.010682 0.980588 0.195787
vn -0.369947 0.912232 0.175987
vn 0.383930 0.906807 0.174063
vn 0.390651 0.880464 0.268655
vn 0.020312 0.956557 0.290838
vn 0.020453 0.983486 0.179823
vn 0.385383 0.869679 0.308446
vn 0.020266 0.943052 0.332028
vn -0.369317 0.888857 0.271179
vn -0.364062 0.877807 0.311309
vn -0.362397 0.915191 0.176334
vn 0.386833 0.905638 0.173725
vn 0.393550 0.879280 0.268300
vn 0.026221 0.956430 0.290783
vn 0.026364 0.983356 0.179766
vn 0.388281 0.868532 0.308043
vn 0.026137 0.942926 0.331975
vn -0.379628 0.884867 0.269986
vn -0.374384 0.873933 0.309965
vn -0.372824 0.911206 0.175232
vn 0.381582 0.907691 0.174620
vn 0.387117 0.881742 0.269577
vn 0.003173 0.956749 0.290896
vn 0.003138 0.983685 0.179875
vn 0.012631 0.980631 0.195456
vn 0.009868 0.955940 0.293397
vn 0.380876 0.871202 0.309742
vn 0.003139 0.943232 0.332120
vn 0.007745 0.941458 0.337042
vn -0.646063 -0.748670 -0.148648
vn -0.292536 -0.942613 -0.160944
vn -0.023474 -0.980353 -0.195849
vn -0.024594 -0.980907 -0.192915
vn 0.289950 -0.942070 -0.168622
vn 0.631215 -0.760149 -0.154083
vn 0.018550 -0.139885 0.989994
vn 0.018550 -0.139885 0.989994
vn 0.018550 -0.139885 0.989994
vn 0.018550 -0.139885 0.989994
vn 0.041655 -0.986162 -0.160466
vn 0.041655 -0.986162 -0.160466
vn -0.904716 -0.411729 -0.109395
vn -0.025797 -0.981491 -0.189762
vn 0.893538 -0.434723 -0.112280
vn 0.838877 0.543169 0.035403
vn 0.002960 0.995058 0.099255
vn 0.000380 -0.122564 0.992461
vn 0.000578 -0.032977 0.999456
vn -0.075759 -0.080204 0.993895
vn 0.013255 0.989894 0.141189
vn 0.013255 0.989894 0.141189
vn 0.905397 0.424496 0.007749
vn 0.002860 0.996375 0.085021
vn -0.836670 0.546529 0.035911
vn -0.904237 0.426955 0.008036
vn 0.077146 -0.079908 0.993813
vn 0.078282 -0.168676 0.982558
vn -0.077711 -0.164426 0.983324
vn -0.000252 -0.206308 0.978487
vn -0.642824 -0.751355 -0.149141
vn -0.289161 -0.943652 -0.160956
vn -0.016794 -0.980489 -0.195855
vn -0.017645 -0.981046 -0.192969
vn 0.273033 -0.948427 -0.161054
vn 0.626739 -0.764625 -0.150158
vn -0.903162 -0.414905 -0.110239
vn -0.018558 -0.981635 -0.189865
vn 0.894968 -0.431883 -0.111843
vn 0.847947 0.529059 0.032890
vn 0.026346 0.994730 0.099089
vn 0.000680 -0.122550 0.992462
vn 0.001234 -0.033030 0.999454
vn -0.075422 -0.078657 0.994045
vn 0.910536 0.413385 0.006001
vn 0.026338 0.996048 0.084818
vn -0.827859 0.559646 0.038021
vn -0.899241 0.437355 0.009329
vn 0.077469 -0.081483 0.993659
vn 0.078396 -0.168162 0.982637
vn -0.077586 -0.164846 0.983263
vn -0.000026 -0.206239 0.978502
vn -0.000002 0.989966 0.141303
vn -0.000002 0.989966 0.141303
vn -0.000008 -0.139832 0.990175
vn -0.000008 -0.139832 0.990175
vn -0.000008 -0.139832 0.990175
vn -0.000008 -0.139832 0.990175
vn -0.638694 -0.754468 -0.151154
vn -0.287902 -0.943452 -0.164351
vn -0.005182 -0.980625 -0.195826
vn -0.005493 -0.981195 -0.192939
vn 0.278382 -0.946880 -0.161001
vn 0.632060 -0.760282 -0.149903
vn -0.900250 -0.421085 -0.110622
vn -0.005827 -0.981799 -0.189836
vn 0.897662 -0.426347 -0.111492
vn 0.845625 0.532737 0.033308
vn 0.020454 0.994864 0.099131
vn 0.000726 -0.122556 0.992461
vn 0.001049 -0.032972 0.999456
vn -0.075574 -0.079030 0.994003
vn 0.909218 0.416276 0.006065
vn 0.020417 0.996185 0.084849
vn -0.830090 0.556354 0.037683
vn -0.900558 0.434636 0.009309
vn 0.077404 -0.081052 0.993700
vn 0.078600 -0.167278 0.982772
vn -0.077475 -0.165803 0.983111
vn 0.000331 -0.206313 0.978486
vn 0.000000 0.989966 0.141308
vn 0.000000 0.989966 0.141308
vn 0.000000 -0.139773 0.990184
vn 0.000000 -0.139773 0.990184
vn 0.000000 -0.139773 0.990184
vn 0.000000 -0.139773 0.990184
vn -0.012327 0.989881 0.141365
vn -0.012327 0.989881 0.141365
vn -0.017671 -0.139812 0.990020
vn -0.017671 -0.139812 0.990020
vn -0.017671 -0.139812 0.990020
vn -0.017671 -0.139812 0.990020
vn -0.009526 -0.988505 -0.150886
vn -0.009526 -0.988505 -0.150886
vn -0.999998 0.001047 -0.001730
vn -0.999998 0.001047 -0.001730
vn -0.999998 0.001047 -0.001730
vn 0.000013 -0.016868 -0.999858
vn 0.000013 -0.016868 -0.999858
vn 0.000013 -0.016868 -0.999858
vn 0.000013 -0.016868 -0.999858
vn 0.000447 -0.976895 -0.213721
vn 0.000447 -0.976895 -0.213721
vn 0.000447 -0.976895 -0.213721
vn 0.000447 -0.976895 -0.213721
vn 0.000287 -0.942097 -0.335340
vn 0.000287 -0.942097 -0.335340
vn 0.000287 -0.942097 -0.335340
vn 0.000287 -0.942097 -0.335340
vn -0.000192 -0.006506 -0.999979
vn -0.000192 -0.006506 -0.999979
vn -0.000192 -0.006506 -0.999979
vn -0.000192 -0.006506 -0.999979
vn -0.000060 -0.999999 -0.001456
vn -0.000060 -0.999999 -0.001456
vn -0.000079 -0.999999 -0.001444
vn -0.000079 -0.999999 -0.001444
vn -0.000092 -1.000000 -0.000694
vn -0.000092 -1.000000 -0.000694
vn -0.000228 -1.000000 -0.000199
vn -0.000228 -1.000000 -0.000199
vn -0.000752 -0.083486 0.996509
vn -0.000752 -0.083486 0.996509
vn -0.000752 -0.083486 0.996509
vn -0.000752 -0.083486 0.996509
vn -0.999976 -0.006142 -0.003128
vn -0.999976 -0.006142 -0.003128
vn -0.999976 -0.006142 -0.003128
vn -0.999976 -0.006142 -0.003128
vn 0.997727 0.065199 0.017027
vn 0.997727 0.065199 0.017027
vn 0.997727 0.065199 0.017027
vn 0.997727 0.065199 0.017027
vn -0.054367 -0.974494 -0.217731
vn -0.054367 -0.974494 -0.217731
vn -0.054367 -0.974494 -0.217731
vn -0.054367 -0.974494 -0.217731
vn -0.999957 -0.009230 -0.001209
vn -0.999957 -0.009230 -0.001209
vn -0.999957 -0.009230 -0.001209
vn -0.000097 -0.999999 -0.001433
vn -0.000097 -0.999999 -0.001433
vn -0.000364 -1.000000 0.000296
vn -0.000364 -1.000000 0.000296
vn 0.000594 -0.013630 0.999907
vn 0.000594 -0.013630 0.999907
vn 0.000594 -0.013630 0.999907
vn 0.000594 -0.013630 0.999907
vn -0.999939 -0.010500 0.003502
vn -0.999939 -0.010500 0.003502
vn -0.999939 -0.010500 0.003502
vn -0.999939 -0.010500 0.003502
vn 0.997742 0.064967 -0.017027
vn 0.997742 0.064967 -0.017027
vn 0.997742 0.064967 -0.017027
vn 0.997742 0.064967 -0.017027
vn -0.054370 -0.974498 0.217712
vn -0.054370 -0.974498 0.217712
vn -0.054370 -0.974498 0.217712
vn -0.054370 -0.974498 0.217712
vn -0.999966 -0.008279 0.000038
vn -0.999966 -0.008279 0.000038
vn -0.999960 -0.008887 0.000008
vn -0.001194 -0.999999 -0.000080
vn -0.001194 -0.999999 -0.000080
vn -0.001194 -0.999999 -0.000080
vn -0.001194 -0.999999 -0.000080
vn -0.999971 -0.007672 0.000068
vn -0.999971 -0.007672 0.000068
vn -0.000082 -0.999999 0.001443
vn -0.000082 -0.999999 0.001443
vn -0.000097 -0.999999 0.001432
vn -0.000097 -0.999999 0.001432
vn -0.000495 -0.999998 0.001683
vn -0.000495 -0.999998 0.001683
vn -0.000949 -0.999999 0.001352
vn -0.000949 -0.999999 0.001352
vn -0.999954 -0.009585 -0.000961
vn -0.999954 -0.009585 -0.000961
vn -0.999954 -0.009585 -0.000961
vn -0.999954 -0.009585 -0.000961
vn -0.999993 0.000000 -0.003831
vn -0.999993 0.000000 -0.003831
vn -0.999993 0.000000 -0.003831
vn -0.999993 0.000000 -0.003831
vn -0.999903 0.000108 -0.013939
vn -0.999903 0.000108 -0.013939
vn -0.999903 0.000108 -0.013939
vn -0.999903 0.000108 -0.013939
vn -0.999984 0.005744 -0.000145
vn -0.999984 0.005744 -0.000145
vn -0.999984 0.005744 -0.000145
vn -0.999984 0.005744 -0.000145
vn 0.997889 -0.064941 -0.000340
vn 0.997889 -0.064941 -0.000340
vn 0.997889 -0.064941 -0.000340
vn 0.997889 -0.064941 -0.000340
vn -0.000302 -0.004246 0.999991
vn -0.000302 -0.004246 0.999991
vn -0.000302 -0.004246 0.999991
vn -0.000302 -0.004246 0.999991
vn 0.000317 -0.942024 0.335546
vn 0.000317 -0.942024 0.335546
vn 0.000317 -0.942024 0.335546
vn 0.000317 -0.942024 0.335546
vn 0.000651 -0.013505 -0.999909
vn 0.000651 -0.013505 -0.999909
vn 0.000651 -0.013505 -0.999909
vn 0.000651 -0.013505 -0.999909
vn 0.000493 -0.976882 0.213777
vn 0.000493 -0.976882 0.213777
vn 0.000493 -0.976882 0.213777
vn 0.000493 -0.976882 0.213777
vn 0.000015 -0.017229 0.999852
vn 0.000015 -0.017229 0.999852
vn 0.000015 -0.017229 0.999852
vn 0.000015 -0.017229 0.999852
vn -0.000066 -0.999999 0.001454
vn -0.000066 -0.999999 0.001454
vn -0.000040 -0.999998 0.002014
vn -0.000040 -0.999998 0.002014
vn -0.000509 -0.078403 -0.996922
vn -0.000509 -0.078403 -0.996922
vn -0.000509 -0.078403 -0.996922
vn -0.000509 -0.078403 -0.996922
vn 0.999983 0.001037 -0.005689
vn 0.999983 0.001037 -0.005689
vn 0.999983 0.001037 -0.005689
vn 0.996354 -0.080853 -0.027221
vn 0.996354 -0.080853 -0.027221
vn 0.993806 -0.104526 -0.037747
vn 0.993806 -0.104526 -0.037747
vn 0.999427 -0.032133 -0.010687
vn 0.999427 -0.032133 -0.010687
vn -0.369204 0.888900 0.271192
vn -0.363934 0.877857 0.311318
vn -0.000054 0.941926 0.335821
vn -0.000047 0.956264 0.292507
vn -0.362322 0.915220 0.176337
vn -0.000033 0.980756 0.195237
vn 0.386857 0.905625 0.173740
vn 0.393582 0.879264 0.268307
vn 0.026400 0.956422 0.290794
vn 0.026487 0.983349 0.179786
vn 0.388324 0.868507 0.308058
vn 0.026348 0.942918 0.331983
vn -0.379614 0.884877 0.269975
vn -0.374351 0.873953 0.309949
vn -0.372827 0.911207 0.175217
vn 0.380994 0.907899 0.174823
vn 0.385650 0.882286 0.269900
vn 0.003362 0.956749 0.290894
vn 0.003224 0.983688 0.179857
vn 0.011174 0.980590 0.195751
vn 0.006340 0.955890 0.293656
vn 0.378942 0.871937 0.310047
vn 0.003358 0.943234 0.332112
vn 0.003196 0.941465 0.337096
vn -0.646093 -0.748632 -0.148708
vn -0.292513 -0.942621 -0.160940
vn -0.023344 -0.980350 -0.195878
vn -0.024494 -0.980899 -0.192972
vn 0.276091 -0.946900 -0.164784
vn 0.625972 -0.764797 -0.152462
vn 0.018162 -0.139942 0.989993
vn 0.018162 -0.139942 0.989993
vn 0.018162 -0.139942 0.989993
vn 0.018162 -0.139942 0.989993
vn 0.012511 -0.988344 -0.151725
vn 0.012511 -0.988344 -0.151725
vn -0.904789 -0.411543 -0.109495
vn -0.025730 -0.981476 -0.189848
vn 0.893430 -0.434881 -0.112527
vn 0.838910 0.543133 0.035186
vn 0.002919 0.995065 0.099187
vn 0.000364 -0.122621 0.992454
vn 0.000564 -0.032971 0.999456
vn -0.075682 -0.080276 0.993895
vn 0.012844 0.989883 0.141306
vn 0.012844 0.989883 0.141306
vn 0.905431 0.424429 0.007412
vn 0.002764 0.996384 0.084916
vn -0.836586 0.546659 0.035891
vn -0.904129 0.427183 0.008037
vn 0.077036 -0.080052 0.993809
vn 0.078228 -0.168815 0.982538
vn -0.077689 -0.164463 0.983319
vn -0.000264 -0.206265 0.978496
vn -0.642705 -0.751458 -0.149133
vn -0.289116 -0.943662 -0.160980
vn -0.016760 -0.980490 -0.195854
vn -0.017618 -0.981050 -0.192951
vn 0.273029 -0.948431 -0.161037
vn 0.626805 -0.764569 -0.150165
vn -0.903031 -0.415196 -0.110217
vn -0.018538 -0.981642 -0.189831
vn 0.895083 -0.431642 -0.111852
vn 0.847865 0.529191 0.032908
vn 0.026427 0.994727 0.099097
vn 0.000679 -0.122601 0.992456
vn 0.001233 -0.033030 0.999454
vn -0.075345 -0.078793 0.994040
vn 0.910416 0.413650 0.006003
vn 0.026403 0.996047 0.084812
vn -0.827899 0.559587 0.038020
vn -0.899332 0.437167 0.009327
vn 0.077392 -0.081567 0.993659
vn 0.078375 -0.168223 0.982628
vn -0.077566 -0.164937 0.983249
vn -0.000028 -0.206174 0.978515
vn -0.000002 0.989966 0.141304
vn -0.000002 0.989966 0.141304
vn -0.000008 -0.139968 0.990156
vn -0.000008 -0.139968 0.990156
vn -0.000008 -0.139968 0.990156
vn -0.000008 -0.139968 0.990156
vn -0.000025 0.989966 0.141306
vn -0.000025 0.989966 0.141306
vn -0.000203 -0.139907 0.990165
vn -0.000203 -0.139907 0.990165
vn -0.000203 -0.139907 0.990165
vn -0.000203 -0.139907 0.990165
vn 0.000021 -0.989576 -0.144009
vn 0.000021 -0.989576 -0.144009
vn 0.999964 -0.007121 -0.004691
vn 0.999964 -0.007121 -0.004691
vn 0.999698 -0.024537 -0.001118
vn 0.999819 0.016709 -0.009058
vn 0.999819 0.016709 -0.009058
vn 0.999698 -0.024537 -0.001118
vn 0.996216 0.082373 -0.027719
vn 0.993541 0.106762 -0.038436
vn 0.993541 0.106762 -0.038436
vn 0.996216 0.082373 -0.027719
vn 0.368017 0.876094 -0.311484
vn 0.003038 0.941467 -0.337090
vn 0.006027 0.955891 -0.293660
vn 0.374675 0.886607 -0.271194
vn 0.010682 0.980587 -0.195793
vn 0.369980 0.912217 -0.175997
vn -0.383925 0.906810 -0.174061
vn -0.390643 0.880468 -0.268653
vn -0.020303 0.956558 -0.290834
vn -0.020412 0.983486 -0.179830
vn -0.385383 0.869679 -0.308446
vn -0.020266 0.943052 -0.332028
vn 0.369214 0.888892 -0.271205
vn 0.363940 0.877850 -0.311331
vn 0.362323 0.915218 -0.176344
vn -0.386810 0.905646 -0.173736
vn -0.393518 0.879296 -0.268297
vn -0.026320 0.956424 -0.290794
vn -0.026436 0.983351 -0.179785
vn -0.388256 0.868542 -0.308044
vn -0.026268 0.942920 -0.331982
vn 0.000047 0.956266 -0.292498
vn 0.000053 0.941930 -0.335811
vn 0.000034 0.980757 -0.195233
vn 0.642805 -0.751368 0.149154
vn 0.289130 -0.943658 0.160978
vn 0.016751 -0.980489 0.195861
vn 0.017636 -0.981048 0.192962
vn -0.273056 -0.948423 0.161039
vn -0.626835 -0.764544 0.150170
vn 0.903158 -0.414914 0.110237
vn 0.018586 -0.981638 0.189847
vn -0.895111 -0.431583 0.111856
vn -0.847826 0.529253 -0.032903
vn -0.026378 0.994728 -0.099097
vn -0.000679 -0.122552 -0.992462
vn -0.001233 -0.033030 -0.999454
vn 0.075421 -0.078673 -0.994043
vn -0.910379 0.413733 -0.005999
vn -0.026327 0.996049 -0.084817
vn 0.827831 0.559687 -0.038017
vn 0.899241 0.437355 -0.009329
vn -0.077467 -0.081494 -0.993659
vn -0.078396 -0.168141 -0.982641
vn 0.077587 -0.164873 -0.983259
vn 0.000026 -0.206218 -0.978506
vn 0.000026 0.989966 -0.141305
vn 0.000026 0.989966 -0.141305
vn 0.000202 -0.139898 -0.990166
vn 0.000202 -0.139898 -0.990166
vn 0.000202 -0.139898 -0.990166
vn 0.000202 -0.139898 -0.990166
vn -0.000027 -0.989577 0.144006
vn -0.000027 -0.989577 0.144006
vn 0.638695 -0.754433 0.151329
vn 0.287907 -0.943449 0.164356
vn 0.005126 -0.980626 0.195821
vn 0.005476 -0.981188 0.192980
vn -0.278442 -0.946864 0.160991
vn -0.632124 -0.760229 0.149903
vn 0.900235 -0.421032 0.110947
vn 0.005853 -0.981781 0.189926
vn -0.897714 -0.426236 0.111499
vn -0.845597 0.532782 -0.033308
vn -0.020379 0.994869 -0.099096
vn -0.000753 -0.122531 -0.992464
vn -0.001070 -0.032967 -0.999456
vn 0.075546 -0.079009 -0.994007
vn -0.909178 0.416364 -0.006066
vn -0.020331 0.996194 -0.084763
vn 0.830160 0.556265 -0.037464
vn 0.900601 0.434555 -0.008969
vn -0.077434 -0.081040 -0.993698
vn -0.078632 -0.167267 -0.982771
vn 0.077447 -0.165744 -0.983123
vn -0.000355 -0.206270 -0.978495
vn 0.000000 0.989966 -0.141308
vn 0.000000 0.989966 -0.141308
vn -0.000000 -0.139773 -0.990184
vn -0.000000 -0.139773 -0.990184
vn -0.000000 -0.139773 -0.990184
vn -0.000000 -0.139773 -0.990184
vn 0.012329 0.989879 -0.141378
vn 0.012329 0.989879 -0.141378
vn 0.017671 -0.139830 -0.990018
vn 0.017671 -0.139830 -0.990018
vn 0.017671 -0.139830 -0.990018
vn 0.017671 -0.139830 -0.990018
vn 0.009527 -0.988504 0.150893
vn 0.009527 -0.988504 0.150893
vn 0.999998 0.000370 0.001730
vn 0.999998 0.000370 0.001730
vn 0.999998 0.000370 0.001730
vn -0.002794 -0.020009 0.999796
vn -0.002794 -0.020009 0.999796
vn -0.002794 -0.020009 0.999796
vn -0.002794 -0.020009 0.999796
vn -0.001470 -0.976771 0.214279
vn -0.001470 -0.976771 0.214279
vn -0.001470 -0.976771 0.214279
vn -0.001470 -0.976771 0.214279
vn -0.001465 -0.941250 0.337708
vn -0.001465 -0.941250 0.337708
vn -0.001465 -0.941250 0.337708
vn -0.001465 -0.941250 0.337708
vn -0.002383 -0.006345 0.999977
vn -0.002383 -0.006345 0.999977
vn -0.002383 -0.006345 0.999977
vn -0.002383 -0.006345 0.999977
vn 0.000114 -0.999999 0.001457
vn 0.000114 -0.999999 0.001457
vn 0.000106 -0.999999 0.001445
vn 0.000106 -0.999999 0.001445
vn 0.000178 -0.999999 0.001336
vn 0.000178 -0.999999 0.001336
vn 0.000271 -1.000000 0.000520
vn 0.000271 -1.000000 0.000520
vn 0.003846 -0.088739 -0.996048
vn 0.003846 -0.088739 -0.996048
vn 0.003846 -0.088739 -0.996048
vn 0.003846 -0.088739 -0.996048
vn 0.999974 -0.006427 0.003149
vn 0.999974 -0.006427 0.003149
vn 0.999974 -0.006427 0.003149
vn 0.999974 -0.006427 0.003149
vn -0.997625 0.066641 -0.017428
vn -0.997625 0.066641 -0.017428
vn -0.997625 0.066641 -0.017428
vn -0.997625 0.066641 -0.017428
vn 0.054356 -0.974499 0.217711
vn 0.054356 -0.974499 0.217711
vn 0.054356 -0.974499 0.217711
vn 0.054356 -0.974499 0.217711
vn 0.999952 -0.009650 0.001410
vn 0.999952 -0.009650 0.001410
vn 0.999952 -0.009650 0.001410
vn 0.000097 -0.999999 0.001432
vn 0.000097 -0.999999 0.001432
vn 0.000364 -1.000000 -0.000296
vn 0.000364 -1.000000 -0.000296
vn 0.001604 -0.013585 -0.999906
vn 0.001604 -0.013585 -0.999906
vn 0.001604 -0.013585 -0.999906
vn 0.001604 -0.013585 -0.999906
vn 0.002737 -0.020105 -0.999794
vn 0.002737 -0.020105 -0.999794
vn 0.002737 -0.020105 -0.999794
vn 0.002737 -0.020105 -0.999794
vn -0.000285 -0.976772 -0.214279
vn -0.000285 -0.976772 -0.214279
vn -0.000285 -0.976772 -0.214279
vn -0.000285 -0.976772 -0.214279
vn 0.000337 -0.941587 -0.336771
vn 0.000337 -0.941587 -0.336771
vn 0.000337 -0.941587 -0.336771
vn 0.000337 -0.941587 -0.336771
vn 0.002895 -0.004123 -0.999987
vn 0.002895 -0.004123 -0.999987
vn 0.002895 -0.004123 -0.999987
vn 0.002895 -0.004123 -0.999987
vn 0.000122 -0.999999 -0.001457
vn 0.000110 -0.999999 -0.001445
vn 0.000110 -0.999999 -0.001445
vn 0.000122 -0.999999 -0.001457
vn 0.000127 -0.999997 -0.002576
vn 0.000538 -0.999998 -0.001963
vn 0.000538 -0.999998 -0.001963
vn 0.000127 -0.999997 -0.002576
vn -0.001935 -0.082858 0.996559
vn -0.001935 -0.082858 0.996559
vn -0.001935 -0.082858 0.996559
vn -0.001935 -0.082858 0.996559
vn 0.999939 -0.010500 -0.003502
vn 0.999939 -0.010500 -0.003502
vn 0.999939 -0.010500 -0.003502
vn 0.999939 -0.010500 -0.003502
vn -0.997610 0.066859 0.017427
vn -0.997610 0.066859 0.017427
vn -0.997610 0.066859 0.017427
vn -0.997610 0.066859 0.017427
vn 0.054365 -0.974495 -0.217724
vn 0.054365 -0.974495 -0.217724
vn 0.054365 -0.974495 -0.217724
vn 0.054365 -0.974495 -0.217724
vn 0.999961 -0.008782 -0.000139
vn 0.999961 -0.008782 -0.000139
vn 0.999952 -0.009822 -0.000210
vn 0.001194 -0.999999 0.000080
vn 0.001194 -0.999999 0.000080
vn 0.001194 -0.999999 0.000080
vn 0.001194 -0.999999 0.000080
vn 0.999970 -0.007743 -0.000068
vn 0.999970 -0.007743 -0.000068
vn 0.000097 -0.999999 -0.001432
vn 0.000097 -0.999999 -0.001432
vn 0.000949 -0.999999 -0.001351
vn 0.000949 -0.999999 -0.001351
vn -0.003930 -0.013334 0.999903
vn -0.003930 -0.013334 0.999903
vn -0.003930 -0.013334 0.999903
vn -0.003930 -0.013334 0.999903
vn 0.999954 -0.009585 0.000961
vn 0.999954 -0.009585 0.000961
vn 0.999954 -0.009585 0.000961
vn 0.999954 -0.009585 0.000961
vn 0.999993 -0.000110 0.003842
vn 0.999993 -0.000110 0.003842
vn 0.999993 -0.000110 0.003842
vn 0.999993 -0.000110 0.003842
vn 0.999903 -0.000108 0.013939
vn 0.999903 -0.000108 0.013939
vn 0.999903 -0.000108 0.013939
vn 0.999903 -0.000108 0.013939
vn 0.999983 0.005908 0.000137
vn 0.999983 0.005908 0.000137
vn 0.999983 0.005908 0.000137
vn 0.999983 0.005908 0.000137
vn -0.997792 -0.066411 0.000352
vn -0.997792 -0.066411 0.000352
vn -0.997792 -0.066411 0.000352
vn -0.997792 -0.066411 0.000352
vn 0.002229 -0.023137 -0.999730
vn 0.002229 -0.023137 -0.999730
vn 0.002229 -0.023137 -0.999730
vn 0.002229 -0.023137 -0.999730
vn 0.000828 -0.976649 -0.214839
vn 0.000828 -0.976649 -0.214839
vn 0.000828 -0.976649 -0.214839
vn 0.000828 -0.976649 -0.214839
vn 0.000984 -0.940895 -0.338697
vn 0.000984 -0.940895 -0.338697
vn 0.000984 -0.940895 -0.338697
vn 0.000984 -0.940895 -0.338697
vn 0.002209 -0.009723 -0.999950
vn 0.002209 -0.009723 -0.999950
vn 0.002209 -0.009723 -0.999950
vn 0.002209 -0.009723 -0.999950
vn -0.000044 -0.999999 -0.001458
vn -0.000044 -0.999999 -0.001458
vn -0.000044 -0.999999 -0.001458
vn -0.000044 -0.999999 -0.001458
vn -0.000068 -0.999998 -0.001972
vn -0.000068 -0.999998 -0.001972
vn -0.000068 -0.999998 -0.001972
vn -0.000068 -0.999998 -0.001972
vn -0.002486 -0.110940 0.993824
vn -0.002486 -0.110940 0.993824
vn -0.002486 -0.110940 0.993824
vn -0.002486 -0.110940 0.993824
vn -0.001751 -0.013396 0.999909
vn -0.001751 -0.013396 0.999909
vn -0.001751 -0.013396 0.999909
vn -0.001751 -0.013396 0.999909
vn -0.002207 -0.023517 0.999721
vn -0.002207 -0.023517 0.999721
vn -0.002207 -0.023517 0.999721
vn -0.002207 -0.023517 0.999721
vn -0.000161 -0.976637 0.214895
vn -0.000161 -0.976637 0.214895
vn -0.000161 -0.976637 0.214895
vn -0.000161 -0.976637 0.214895
vn -0.000544 -0.940831 0.338876
vn -0.000544 -0.940831 0.338876
vn -0.000544 -0.940831 0.338876
vn -0.000544 -0.940831 0.338876
vn -0.002230 -0.009678 0.999951
vn -0.002230 -0.009678 0.999951
vn -0.002230 -0.009678 0.999951
vn -0.002230 -0.009678 0.999951
vn -0.000046 -0.999999 0.001461
vn -0.000046 -0.999999 0.001461
vn -0.000046 -0.999999 0.001461
vn -0.000046 -0.999999 0.001461
vn -0.000069 -0.999998 0.002045
vn -0.000069 -0.999998 0.002045
vn -0.000069 -0.999998 0.002045
vn -0.000069 -0.999998 0.002045
vn 0.001947 -0.111878 -0.993720
vn 0.001947 -0.111878 -0.993720
vn 0.001947 -0.111878 -0.993720
vn 0.001947 -0.111878 -0.993720
vn 0.002637 -0.013184 -0.999910
vn 0.002637 -0.013184 -0.999910
vn 0.002637 -0.013184 -0.999910
vn 0.002637 -0.013184 -0.999910
vn -0.000471 -1.000000 0.000769
vn -0.000471 -1.000000 0.000769
vn -0.000471 -1.000000 0.000769
vn -0.000471 -1.000000 0.000769
vn -0.001850 -0.103322 -0.994646
vn -0.001850 -0.103322 -0.994646
vn -0.001850 -0.103322 -0.994646
vn -0.001850 -0.103322 -0.994646
vn 0.704166 0.710036 -0.000423
vn 0.704166 0.710036 -0.000423
vn 0.672657 0.344923 -0.654646
vn 0.672657 0.344923 -0.654646
vn 0.660853 0.351759 0.662977
vn 0.660853 0.351759 0.662977
vn 0.611857 -0.405062 0.679380
vn 0.611857 -0.405062 0.679380
vn 0.602187 -0.798351 -0.002766
vn 0.602187 -0.798351 -0.002766
vn 0.620536 -0.401245 -0.673749
vn 0.620536 -0.401245 -0.673749
vn -1.000000 -0.000022 -0.000172
vn -1.000000 0.000000 -0.000170
vn -1.000000 -0.000065 0.000000
vn -1.000000 0.000000 -0.000342
vn 0.000002 0.999996 -0.002990
vn 0.000002 0.999996 -0.002990
vn 0.000001 0.481712 -0.876330
vn 0.000001 0.481712 -0.876330
vn 0.000001 -0.506666 -0.862142
vn 0.000001 -0.506666 -0.862142
vn 0.000002 -0.999989 -0.004644
vn 0.000002 -0.999989 -0.004644
vn 0.000001 -0.511335 0.859382
vn 0.000001 -0.511335 0.859382
vn 0.000001 0.483648 0.875263
vn 0.000001 0.483648 0.875263
vn -1.000000 0.000000 -0.000174
vn -1.000000 -0.000065 0.000000
vn -1.000000 0.000000 -0.000346
vn 0.625065 0.780562 -0.004080
vn 0.625065 0.780562 -0.004080
vn 0.620690 0.387954 -0.681348
vn 0.620690 0.387954 -0.681348
vn 0.621323 0.395043 0.676682
vn 0.621323 0.395043 0.676682
vn 0.615535 -0.389953 0.684875
vn 0.615535 -0.389953 0.684875
vn 0.615166 -0.788386 0.004203
vn 0.615166 -0.788386 0.004203
vn 0.616339 -0.396969 -0.680104
vn 0.616339 -0.396969 -0.680104
vn -0.000000 0.999989 -0.004700
vn -0.000000 0.999989 -0.004700
vn 0.000000 0.496455 -0.868062
vn 0.000000 0.496455 -0.868062
vn -0.000000 -0.504094 -0.863649
vn -0.000000 -0.504094 -0.863649
vn -0.000003 -0.999988 0.004895
vn -0.000003 -0.999988 0.004895
vn -0.000006 -0.494149 0.869377
vn -0.000006 -0.494149 0.869377
vn -0.000004 0.506216 0.862407
vn -0.000004 0.506216 0.862407
vn -0.644274 0.764784 -0.003994
vn -0.644274 0.764784 -0.003994
vn -0.642345 0.380000 -0.665577
vn -0.642345 0.380000 -0.665577
vn -0.642914 -0.385271 -0.661988
vn -0.642914 -0.385271 -0.661988
vn -0.644452 -0.764634 0.004091
vn -0.644452 -0.764634 0.004091
vn -0.642538 -0.378317 0.666349
vn -0.642538 -0.378317 0.666349
vn -0.643230 0.386764 0.660810
vn -0.643230 0.386764 0.660810
vn 0.659887 0.372521 -0.652515
vn 0.661856 0.749621 -0.003896
vn 0.661856 0.749621 -0.003896
vn 0.659887 0.372521 -0.652515
vn 0.660404 -0.377751 -0.648976
vn 0.660404 -0.377751 -0.648976
vn 0.661635 -0.749814 0.004208
vn 0.661635 -0.749814 0.004208
vn 0.659493 -0.370993 0.653784
vn 0.659493 -0.370993 0.653784
vn 0.660435 0.379117 0.648148
vn 0.660435 0.379117 0.648148
vn 0.000000 0.496453 -0.868064
vn 0.000000 0.999989 -0.004705
vn 0.000000 0.999989 -0.004705
vn 0.000000 0.496453 -0.868064
vn -0.000000 -0.504098 -0.863647
vn -0.000000 -0.504098 -0.863647
vn 0.000001 -0.999988 0.004901
vn 0.000001 -0.999988 0.004901
vn 0.000006 -0.494148 0.869378
vn 0.000006 -0.494148 0.869378
vn 0.000004 0.506218 0.862405
vn 0.000004 0.506218 0.862405
vn -0.744256 0.667891 -0.002035
vn -0.744256 0.667891 -0.002035
vn -0.683777 0.332275 -0.649648
vn -0.683777 0.332275 -0.649648
vn -0.611308 -0.399172 -0.683348
vn -0.611308 -0.399172 -0.683348
vn -0.587208 -0.809399 0.007732
vn -0.587208 -0.809399 0.007732
vn -0.593647 -0.409182 0.692931
vn -0.593647 -0.409182 0.692931
vn -0.683309 0.339833 0.646221
vn -0.683309 0.339833 0.646221
vn 0.625066 0.780562 -0.003928
vn 0.625066 0.780562 -0.003928
vn 0.620635 0.388082 -0.681326
vn 0.620635 0.388082 -0.681326
vn 0.621388 0.394888 0.676713
vn 0.621388 0.394888 0.676713
vn 0.615535 -0.389953 0.684875
vn 0.615535 -0.389953 0.684875
vn 0.615037 -0.788486 0.004281
vn 0.615037 -0.788486 0.004281
vn 0.616266 -0.397151 -0.680064
vn 0.616266 -0.397151 -0.680064
vn -0.000000 0.999989 -0.004696
vn -0.000000 0.999989 -0.004696
vn 0.000000 0.496457 -0.868062
vn 0.000000 0.496457 -0.868062
vn -0.000000 -0.504094 -0.863649
vn -0.000000 -0.504094 -0.863649
vn -0.000003 -0.999988 0.004899
vn -0.000003 -0.999988 0.004899
vn -0.000006 -0.494146 0.869379
vn -0.000006 -0.494146 0.869379
vn -0.000004 0.506214 0.862408
vn -0.000004 0.506214 0.862408
vn -0.644536 0.764564 -0.003994
vn -0.644536 0.764564 -0.003994
vn -0.642410 0.379839 -0.665606
vn -0.642410 0.379839 -0.665606
vn -0.642848 -0.385433 -0.661958
vn -0.642848 -0.385433 -0.661958
vn -0.644450 -0.764635 0.004241
vn -0.644450 -0.764635 0.004241
vn -0.642611 -0.378127 0.666387
vn -0.642611 -0.378127 0.666387
vn -0.643288 0.386630 0.660831
vn -0.643288 0.386630 0.660831
vn 0.659921 0.372429 -0.652534
vn 0.661770 0.749696 -0.003998
vn 0.661770 0.749696 -0.003998
vn 0.659921 0.372429 -0.652534
vn 0.660396 -0.377780 -0.648968
vn 0.660396 -0.377780 -0.648968
vn 0.661534 -0.749903 0.004151
vn 0.661534 -0.749903 0.004151
vn 0.659443 -0.371120 0.653762
vn 0.659443 -0.371120 0.653762
vn 0.660366 0.379287 0.648119
vn 0.660366 0.379287 0.648119
vn 0.000000 0.496453 -0.868064
vn 0.000000 0.999989 -0.004705
vn 0.000000 0.999989 -0.004705
vn 0.000000 0.496453 -0.868064
vn -0.000000 -0.504094 -0.863649
vn -0.000000 -0.504094 -0.863649
vn 0.000001 -0.999988 0.004896
vn 0.000001 -0.999988 0.004896
vn 0.000006 -0.494149 0.869377
vn 0.000006 -0.494149 0.869377
vn 0.000004 0.506218 0.862405
vn 0.000004 0.506218 0.862405
vn -0.658505 0.752566 -0.003974
vn -0.658505 0.752566 -0.003974
vn -0.654241 0.374017 -0.657328
vn -0.654241 0.374017 -0.657328
vn -0.649892 -0.383218 -0.656341
vn -0.649892 -0.383218 -0.656341
vn -0.648812 -0.760937 0.004177
vn -0.648812 -0.760937 0.004177
vn -0.649180 -0.376338 0.661010
vn -0.649180 -0.376338 0.661010
vn -0.654828 0.380847 0.652806
vn -0.654828 0.380847 0.652806
vn 0.649588 0.760263 -0.005909
vn 0.649588 0.760263 -0.005909
vn 0.601934 0.383120 -0.700639
vn 0.601934 0.383120 -0.700639
vn 0.613951 0.377491 0.693228
vn 0.613951 0.377491 0.693228
vn 0.593070 -0.391145 0.703757
vn 0.593070 -0.391145 0.703757
vn 0.624372 -0.781118 0.003942
vn 0.624372 -0.781118 0.003942
vn 0.597043 -0.392970 -0.699367
vn 0.597043 -0.392970 -0.699367
vn -0.000000 0.999989 -0.004696
vn -0.000000 0.999989 -0.004696
vn 0.000000 0.496456 -0.868062
vn 0.000000 0.496456 -0.868062
vn -0.000000 -0.504094 -0.863649
vn -0.000000 -0.504094 -0.863649
vn -0.000003 -0.999988 0.004895
vn -0.000003 -0.999988 0.004895
vn -0.000006 -0.494150 0.869377
vn -0.000006 -0.494150 0.869377
vn -0.000004 0.506214 0.862408
vn -0.000004 0.506214 0.862408
vn -0.644274 0.764784 -0.003994
vn -0.644274 0.764784 -0.003994
vn -0.642353 0.379972 -0.665585
vn -0.642353 0.379972 -0.665585
vn -0.642906 -0.385299 -0.661979
vn -0.642906 -0.385299 -0.661979
vn -0.644322 -0.764743 0.004149
vn -0.644322 -0.764743 0.004149
vn -0.642249 -0.378372 0.666597
vn -0.642249 -0.378372 0.666597
vn -0.643042 0.386830 0.660953
vn -0.643042 0.386830 0.660953
vn 0.659871 0.372564 -0.652508
vn 0.661686 0.749771 -0.003952
vn 0.661686 0.749771 -0.003952
vn 0.659871 0.372564 -0.652508
vn 0.660404 -0.377751 -0.648976
vn 0.660404 -0.377751 -0.648976
vn 0.661853 -0.749622 0.004191
vn 0.661853 -0.749622 0.004191
vn 0.659851 -0.370766 0.653551
vn 0.659851 -0.370766 0.653551
vn 0.660543 0.379276 0.647945
vn 0.660543 0.379276 0.647945
vn 0.000000 0.496453 -0.868064
vn 0.000000 0.999989 -0.004705
vn 0.000000 0.999989 -0.004705
vn 0.000000 0.496453 -0.868064
vn -0.000000 -0.504098 -0.863646
vn -0.000000 -0.504098 -0.863646
vn 0.000001 -0.999988 0.004904
vn 0.000001 -0.999988 0.004904
vn 0.000006 -0.494146 0.869379
vn 0.000006 -0.494146 0.869379
vn 0.000004 0.506218 0.862405
vn 0.000004 0.506218 0.862405
vn -0.658640 0.752447 -0.004050
vn -0.658640 0.752447 -0.004050
vn -0.654294 0.373901 -0.657341
vn -0.654294 0.373901 -0.657341
vn -0.649908 -0.383163 -0.656357
vn -0.649908 -0.383163 -0.656357
vn -0.648949 -0.760820 0.004256
vn -0.648949 -0.760820 0.004256
vn -0.649252 -0.376152 0.661046
vn -0.649252 -0.376152 0.661046
vn -0.654823 0.380863 0.652801
vn -0.654823 0.380863 0.652801
vn -0.700985 0.713173 0.001811
vn -0.700985 0.713173 0.001811
vn -0.662096 0.349925 0.662707
vn -0.662096 0.349925 0.662707
vn -0.654130 0.351955 -0.669508
vn -0.654130 0.351955 -0.669508
vn -0.604396 -0.403788 -0.686776
vn -0.604396 -0.403788 -0.686776
vn -0.598490 -0.801121 0.003835
vn -0.598490 -0.801121 0.003835
vn -0.609122 -0.403643 0.682674
vn -0.609122 -0.403643 0.682674
vn 1.000000 0.000029 0.000172
vn 1.000000 0.000000 0.000170
vn 1.000000 -0.000017 0.000000
vn 1.000000 0.000105 0.000342
vn -0.000002 0.999996 0.002989
vn -0.000002 0.999996 0.002989
vn -0.000001 0.481712 0.876330
vn -0.000001 0.481712 0.876330
vn -0.000001 -0.506665 0.862143
vn -0.000001 -0.506665 0.862143
vn -0.000002 -0.999989 0.004652
vn -0.000002 -0.999989 0.004652
vn -0.000001 -0.511341 -0.859378
vn -0.000001 -0.511341 -0.859378
vn -0.000001 0.483646 -0.875264
vn -0.000001 0.483646 -0.875264
vn 1.000000 0.000000 0.000174
vn 1.000000 -0.000017 0.000000
vn 1.000000 0.000105 0.000346
vn -0.000128 -1.000000 0.000001
vn -0.000128 -1.000000 0.000001
vn -0.000128 -1.000000 0.000001
vn -0.000128 -1.000000 0.000001
vn -0.000090 -1.000000 -0.000002
vn -0.000090 -1.000000 -0.000002
vn -0.000090 -1.000000 -0.000002
vn -0.000090 -1.000000 -0.000002
vn 0.000102 -1.000000 -0.000016
vn 0.000102 -1.000000 -0.000016
vn 0.000102 -1.000000 -0.000016
vn 0.000102 -1.000000 -0.000016
vn -0.000128 -1.000000 0.000001
vn -0.000128 -1.000000 0.000001
vn -0.000128 -1.000000 0.000001
vn -0.000128 -1.000000 0.000001
vn -0.000090 -1.000000 -0.000002
vn -0.000090 -1.000000 -0.000002
vn -0.000090 -1.000000 -0.000002
vn -0.000090 -1.000000 -0.000002
vn 0.000102 -1.000000 -0.000016
vn 0.000102 -1.000000 -0.000016
vn 0.000102 -1.000000 -0.000016
vn 0.000102 -1.000000 -0.000016
vn 0.022483 -0.999663 0.012981
vn 0.022483 -0.999663 0.012981
vn -0.425991 -0.870656 -0.245947
vn -0.425991 -0.870656 -0.245947
vn -0.425982 0.870661 -0.245944
vn -0.425982 0.870661 -0.245944
vn 0.022495 0.999663 0.012989
vn 0.022495 0.999663 0.012989
vn -0.477116 0.000000 0.878841
vn -0.477116 0.000000 0.878841
vn -0.877488 0.000000 0.479599
vn -0.877488 0.000000 0.479599
vn 0.522411 0.000000 -0.852694
vn 0.522411 0.000000 -0.852694
vn -0.023152 0.000000 -0.999732
vn -0.023152 0.000000 -0.999732
vn -0.853724 -0.026506 -0.520051
vn -0.877292 -0.026507 -0.479224
vn -0.877292 -0.026507 -0.479224
vn -0.853724 -0.026506 -0.520051
vn -0.877291 0.026578 -0.479223
vn -0.877291 0.026578 -0.479223
vn -0.853722 0.026578 -0.520050
vn -0.853722 0.026578 -0.520050
vn 0.876347 0.024338 0.481064
vn 0.876347 0.024338 0.481064
vn 0.854816 0.024338 0.518360
vn 0.854816 0.024338 0.518360
vn 0.854815 -0.024362 0.518360
vn 0.854815 -0.024362 0.518360
vn 0.876347 -0.024362 0.481065
vn 0.876347 -0.024362 0.481065
vn -0.000292 -1.000000 -0.000167
vn -0.000292 -1.000000 -0.000167
vn -0.000292 -1.000000 -0.000167
vn -0.000292 -1.000000 -0.000167
vn 0.498785 0.000000 -0.866726
vn 0.498785 0.000000 -0.866726
vn 0.498785 0.000000 -0.866726
vn 0.498785 0.000000 -0.866726
vn -0.000296 1.000000 -0.000172
vn -0.000296 1.000000 -0.000172
vn -0.000296 1.000000 -0.000172
vn -0.000296 1.000000 -0.000172
vn -0.500659 0.000000 0.865645
vn -0.500659 0.000000 0.865645
vn -0.500659 0.000000 0.865645
vn -0.500659 0.000000 0.865645
vn 0.464564 0.843941 0.268222
vn 0.464564 0.843941 0.268222
vn 0.901189 0.000000 -0.433425
vn 0.901189 0.000000 -0.433425
vn 0.464554 -0.843951 0.268212
vn 0.464554 -0.843951 0.268212
vn 0.075787 0.000000 0.997124
vn 0.075787 0.000000 0.997124
vn -0.866040 -0.000017 -0.499976
vn -0.866040 -0.000017 -0.499976
vn -0.866040 -0.000017 -0.499976
vn -0.866040 -0.000017 -0.499976
vn 0.242430 0.000000 -0.970169
vn -0.865436 0.000000 -0.501020
vn -0.865436 0.000000 -0.501020
vn 0.242430 0.000000 -0.970169
vn -0.719654 0.000000 0.694333
vn -0.719654 0.000000 0.694333
vn 0.866127 0.000000 0.499825
vn 0.866127 0.000000 0.499825
vn 0.000762 -1.000000 0.000491
vn 0.000762 -1.000000 0.000491
vn 0.000762 -1.000000 0.000491
vn 0.000762 -1.000000 0.000491
vn 0.000818 1.000000 0.000434
vn 0.000818 1.000000 0.000434
vn 0.000818 1.000000 0.000434
vn 0.000818 1.000000 0.000434
vn 0.242125 0.000193 -0.970245
vn -0.865356 0.000031 -0.501158
vn -0.865356 0.000031 -0.501158
vn 0.242125 0.000193 -0.970245
vn -0.719655 0.000000 0.694332
vn -0.719655 0.000000 0.694332
vn 0.866363 0.000232 0.499416
vn 0.866363 0.000232 0.499416
vn 0.000727 -1.000000 0.000533
vn 0.000727 -1.000000 0.000533
vn 0.000727 -1.000000 0.000533
vn 0.000727 -1.000000 0.000533
vn 0.000854 1.000000 0.000420
vn 0.000854 1.000000 0.000420
vn 0.000854 1.000000 0.000420
vn 0.000854 1.000000 0.000420
vn -0.508631 -0.775845 -0.373309
vn -0.774990 0.308606 -0.551501
vn 0.758609 0.511834 -0.403161
vn 0.718836 0.304087 -0.625144
vn -0.235004 -0.951934 -0.196457
vn 0.647352 0.345625 -0.679322
vn -0.019500 0.541347 0.840573
vn -0.223189 0.240898 0.944539
vn -0.269141 0.277683 0.922202
vn 0.028084 0.998403 -0.049010
vn 0.186702 -0.694537 -0.694810
vn 0.325374 0.023933 -0.945283
vn -0.891643 -0.000665 -0.452738
vn -0.883477 0.036923 -0.467017
vn -0.169752 -0.982457 -0.077218
vn -0.864457 0.052316 -0.499978
vn -0.507936 -0.694572 0.509481
vn -0.845827 0.037226 -0.532157
vn -0.652016 -0.017605 0.758001
vn -0.838244 0.000858 -0.545294
vn -0.511160 0.698147 0.501304
vn -0.846336 -0.037115 -0.531355
vn -0.162802 0.979247 -0.120710
vn -0.865293 -0.054103 -0.498338
vn 0.171378 0.696155 -0.697135
vn -0.884034 -0.038636 -0.465823
vn -0.611434 -0.017583 0.791100
vn -0.458294 0.700709 0.546784
vn -0.097260 0.992339 -0.076178
vn 0.246635 0.701012 -0.669144
vn 0.390050 0.017118 -0.920635
vn 0.232959 -0.700591 -0.674465
vn -0.143374 -0.987652 -0.063153
vn -0.483391 -0.697650 0.528790
vn 0.861906 0.006517 0.507026
vn 0.866000 -0.001048 0.500043
vn 0.865662 -0.002575 0.500622
vn 0.864987 -0.002477 0.501789
vn 0.865239 -0.000640 0.501360
vn 0.871026 -0.001059 0.491236
vn 0.869568 -0.010034 0.493711
vn 0.859819 -0.001827 0.510596
vn 0.866021 0.000004 0.500008
vn 0.866021 0.000004 0.500008
vn 0.866021 0.000004 0.500008
vn 0.866021 0.000004 0.500008
vn 0.505734 -0.776151 0.376592
vn 0.793725 0.263313 0.548332
vn -0.779944 0.459508 0.424899
vn -0.732641 0.295823 0.612965
vn 0.231724 -0.949937 0.209579
vn -0.652253 0.359926 0.667097
vn 0.044003 0.501280 -0.864165
vn 0.256681 0.249688 -0.933687
vn 0.315194 0.262852 -0.911900
vn 0.004534 0.998463 0.055241
vn -0.022530 -0.999662 0.013000
vn -0.022530 -0.999662 0.013000
vn 0.426368 -0.870413 -0.246152
vn 0.426368 -0.870413 -0.246152
vn 0.426358 0.870419 -0.246148
vn 0.426358 0.870419 -0.246148
vn -0.022542 0.999661 0.013008
vn -0.022542 0.999661 0.013008
vn -0.522986 0.000000 -0.852341
vn -0.522986 0.000000 -0.852341
vn 0.023685 0.000000 -0.999720
vn 0.023685 0.000000 -0.999720
vn 0.476998 0.000000 0.878904
vn 0.476998 0.000000 0.878904
vn 0.877362 0.000000 0.479829
vn 0.877362 0.000000 0.479829
vn 0.877418 -0.027154 -0.478957
vn 0.853575 -0.027154 -0.520261
vn 0.853575 -0.027154 -0.520261
vn 0.877418 -0.027154 -0.478957
vn 0.853577 0.027082 -0.520262
vn 0.853577 0.027082 -0.520262
vn 0.877420 0.027082 -0.478958
vn 0.877420 0.027082 -0.478958
vn -0.855012 0.024145 0.518046
vn -0.855012 0.024145 0.518046
vn -0.876400 0.024145 0.480979
vn -0.876400 0.024145 0.480979
vn -0.876398 -0.024218 0.480979
vn -0.876398 -0.024218 0.480979
vn -0.855010 -0.024217 0.518046
vn -0.855010 -0.024217 0.518046
vn 0.000292 -1.000000 -0.000168
vn 0.000292 -1.000000 -0.000168
vn 0.000292 -1.000000 -0.000168
vn 0.000292 -1.000000 -0.000168
vn 0.500883 0.000000 0.865515
vn 0.500883 0.000000 0.865515
vn 0.500883 0.000000 0.865515
vn 0.500883 0.000000 0.865515
vn 0.000296 1.000000 -0.000171
vn 0.000296 1.000000 -0.000171
vn 0.000296 1.000000 -0.000171
vn 0.000296 1.000000 -0.000171
vn -0.499272 0.000000 -0.866445
vn -0.499272 0.000000 -0.866445
vn -0.499272 0.000000 -0.866445
vn -0.499272 0.000000 -0.866445
vn -0.465009 0.843623 0.268452
vn -0.465009 0.843623 0.268452
vn -0.075791 0.000000 0.997124
vn -0.075791 0.000000 0.997124
vn -0.464998 -0.843632 0.268443
vn -0.464998 -0.843632 0.268443
vn -0.902004 0.000000 -0.431729
vn -0.902004 0.000000 -0.431729
vn 0.866025 0.000000 -0.500000
vn 0.866025 0.000000 -0.500000
vn 0.866025 0.000000 -0.500000
vn 0.866025 0.000000 -0.500000
vn 0.719459 0.000000 0.694535
vn 0.866046 0.000000 -0.499964
vn 0.866046 0.000000 -0.499964
vn 0.719459 0.000000 0.694535
vn -0.242061 0.000000 -0.970261
vn -0.242061 0.000000 -0.970261
vn -0.865847 0.000000 0.500309
vn -0.865847 0.000000 0.500309
vn -0.000804 -1.000000 0.000419
vn -0.000804 -1.000000 0.000419
vn -0.000804 -1.000000 0.000419
vn -0.000804 -1.000000 0.000419
vn -0.000782 1.000000 0.000491
vn -0.000782 1.000000 0.000491
vn -0.000782 1.000000 0.000491
vn -0.000782 1.000000 0.000491
vn 0.719457 0.000243 0.694537
vn 0.866209 0.000121 -0.499682
vn 0.866209 0.000121 -0.499682
vn 0.719457 0.000243 0.694537
vn -0.242060 0.000000 -0.970261
vn -0.242060 0.000000 -0.970261
vn -0.865686 0.000141 0.500587
vn -0.865686 0.000141 0.500587
vn -0.000822 -1.000000 0.000365
vn -0.000822 -1.000000 0.000365
vn -0.000822 -1.000000 0.000365
vn -0.000822 -1.000000 0.000365
vn -0.000782 1.000000 0.000530
vn -0.000782 1.000000 0.000530
vn -0.000782 1.000000 0.000530
vn -0.000782 1.000000 0.000530
vn 0.577664 -0.775934 -0.253436
vn 0.865245 0.307747 -0.395781
vn -0.030232 0.511801 0.858572
vn 0.182409 0.304407 0.934913
vn 0.287958 -0.951886 -0.104847
vn 0.264964 0.345825 0.900111
vn -0.718036 0.540864 -0.438053
vn -0.706192 0.241169 -0.665680
vn -0.664629 0.277180 -0.693858
vn 0.028463 0.998437 0.048088
vn 0.508050 -0.694645 0.509268
vn 0.655898 0.024427 0.754454
vn 0.837922 -0.000621 -0.545789
vn 0.846201 0.036865 -0.531586
vn 0.151397 -0.982548 -0.108069
vn 0.865189 0.052342 -0.498707
vn -0.187330 -0.694698 -0.694479
vn 0.883662 0.037555 -0.466616
vn -0.331106 -0.017343 -0.943434
vn 0.891233 0.000945 -0.453546
vn -0.179463 0.698181 -0.693063
vn 0.883273 -0.037019 -0.467396
vn 0.185698 0.979294 -0.080627
vn 0.864247 -0.054095 -0.500150
vn 0.518069 0.696189 0.496916
vn 0.845464 -0.038866 -0.532617
vn -0.379763 -0.017738 -0.924914
vn -0.244479 0.700892 -0.670060
vn 0.114107 0.992409 -0.045881
vn 0.455697 0.701308 0.548186
vn 0.601999 0.017245 0.798310
vn 0.467114 -0.700541 0.539488
vn 0.126327 -0.987675 -0.092414
vn -0.216225 -0.697776 -0.682902
vn -0.870010 0.006818 0.492986
vn -0.865969 -0.000925 0.500097
vn -0.866295 -0.002715 0.499525
vn -0.866965 -0.002677 0.498361
vn -0.866746 -0.000342 0.498750
vn -0.860957 -0.000893 0.508677
vn -0.862377 -0.010173 0.506165
vn -0.872090 -0.001576 0.489343
vn -0.866030 -0.000002 0.499992
vn -0.866030 -0.000002 0.499992
vn -0.866030 -0.000002 0.499992
vn -0.866030 -0.000002 0.499992
vn -0.578842 -0.776375 0.249367
vn -0.871560 0.263621 0.413385
vn 0.022299 0.459309 -0.887996
vn -0.164639 0.295928 -0.940915
vn -0.297511 -0.949922 0.095577
vn -0.251385 0.360097 -0.898407
vn 0.727012 0.500506 0.470050
vn 0.680508 0.249274 0.689036
vn 0.632495 0.262615 0.728686
vn -0.049521 0.998497 -0.023504
vn -0.022434 -0.999664 -0.012959
vn -0.022434 -0.999664 -0.012959
vn 0.426149 -0.870556 0.246028
vn 0.426149 -0.870556 0.246028
vn 0.426140 0.870561 0.246023
vn 0.426140 0.870561 0.246023
vn -0.022446 0.999664 -0.012968
vn -0.022446 0.999664 -0.012968
vn 0.477545 0.000000 -0.878607
vn 0.477545 0.000000 -0.878607
vn 0.877960 0.000000 -0.478734
vn 0.877960 0.000000 -0.478734
vn -0.522412 0.000000 0.852693
vn -0.522412 0.000000 0.852693
vn 0.023151 0.000000 0.999732
vn 0.023151 0.000000 0.999732
vn 0.853726 -0.026675 0.520040
vn 0.877388 -0.026675 0.479040
vn 0.877388 -0.026675 0.479040
vn 0.853726 -0.026675 0.520040
vn 0.877387 0.026698 0.479040
vn 0.877387 0.026698 0.479040
vn 0.853725 0.026698 0.520040
vn 0.853725 0.026698 0.520040
vn -0.876343 0.024531 -0.481062
vn -0.876343 0.024531 -0.481062
vn -0.854812 0.024531 -0.518358
vn -0.854812 0.024531 -0.518358
vn -0.854811 -0.024543 -0.518358
vn -0.854811 -0.024543 -0.518358
vn -0.876343 -0.024543 -0.481062
vn -0.876343 -0.024543 -0.481062
vn 0.000292 -1.000000 0.000167
vn 0.000292 -1.000000 0.000167
vn 0.000292 -1.000000 0.000167
vn 0.000292 -1.000000 0.000167
vn -0.498787 0.000000 0.866725
vn -0.498787 0.000000 0.866725
vn -0.498787 0.000000 0.866725
vn -0.498787 0.000000 0.866725
vn 0.000296 1.000000 0.000172
vn 0.000296 1.000000 0.000172
vn 0.000296 1.000000 0.000172
vn 0.000296 1.000000 0.000172
vn 0.500657 0.000000 -0.865646
vn 0.500657 0.000000 -0.865646
vn 0.500657 0.000000 -0.865646
vn 0.500657 0.000000 -0.865646
vn -0.464635 0.843889 -0.268263
vn -0.464635 0.843889 -0.268263
vn -0.901190 0.000000 0.433424
vn -0.901190 0.000000 0.433424
vn -0.464624 -0.843899 -0.268252
vn -0.464624 -0.843899 -0.268252
vn -0.075794 0.000000 -0.997123
vn -0.075794 0.000000 -0.997123
vn 0.866029 0.000000 0.499994
vn 0.866029 0.000000 0.499994
vn 0.866029 0.000000 0.499994
vn 0.866029 0.000000 0.499994
vn -0.242428 0.000000 0.970169
vn 0.865437 0.000000 0.501019
vn 0.865437 0.000000 0.501019
vn -0.242428 0.000000 0.970169
vn 0.719655 0.000000 -0.694332
vn 0.719655 0.000000 -0.694332
vn -0.866126 0.000000 -0.499825
vn -0.866126 0.000000 -0.499825
vn -0.000763 -1.000000 -0.000491
vn -0.000763 -1.000000 -0.000491
vn -0.000763 -1.000000 -0.000491
vn -0.000763 -1.000000 -0.000491
vn -0.000818 1.000000 -0.000434
vn -0.000818 1.000000 -0.000434
vn -0.000818 1.000000 -0.000434
vn -0.000818 1.000000 -0.000434
vn -0.242127 0.000096 0.970245
vn 0.865355 0.000015 0.501160
vn 0.865355 0.000015 0.501160
vn -0.242127 0.000096 0.970245
vn 0.719655 0.000000 -0.694332
vn 0.719655 0.000000 -0.694332
vn -0.866363 0.000116 -0.499415
vn -0.866363 0.000116 -0.499415
vn -0.000728 -1.000000 -0.000533
vn -0.000728 -1.000000 -0.000533
vn -0.000728 -1.000000 -0.000533
vn -0.000728 -1.000000 -0.000533
vn -0.000853 1.000000 -0.000419
vn -0.000853 1.000000 -0.000419
vn -0.000853 1.000000 -0.000419
vn -0.000853 1.000000 -0.000419
vn 0.508525 -0.775913 0.373311
vn 0.775025 0.308387 0.551574
vn -0.759046 0.511064 0.403314
vn -0.718684 0.304391 0.625172
vn 0.235099 -0.951894 0.196536
vn -0.647427 0.345680 0.679223
vn 0.019382 0.540280 -0.841262
vn 0.223215 0.240911 -0.944530
vn 0.269017 0.277705 -0.922231
vn -0.028356 0.998401 0.048907
vn -0.186738 -0.694614 0.694724
vn -0.325289 0.024250 0.945304
vn 0.891725 -0.000727 0.452577
vn 0.883558 0.036997 0.466858
vn 0.169686 -0.982487 0.076981
vn 0.864543 0.052670 0.499791
vn 0.507985 -0.694653 -0.509321
vn 0.845849 0.037743 0.532085
vn 0.651903 -0.017767 -0.758094
vn 0.838367 0.000746 0.545105
vn 0.510695 0.697974 -0.502019
vn 0.846456 -0.037164 0.531160
vn 0.162391 0.979357 0.120374
vn 0.865346 -0.053924 0.498266
vn -0.171500 0.695949 0.697311
vn 0.884119 -0.038840 0.465645
vn 0.611168 -0.017734 -0.791302
vn 0.458117 0.700821 -0.546790
vn 0.096591 0.992433 0.075803
vn -0.246945 0.701246 0.668784
vn -0.389885 0.017090 0.920705
vn -0.233491 -0.700531 0.674343
vn 0.143090 -0.987698 0.063066
vn 0.483361 -0.697510 -0.529000
vn -0.861922 0.006767 -0.506996
vn -0.866044 -0.000921 -0.499967
vn -0.865714 -0.002820 -0.500530
vn -0.865099 -0.002812 -0.501594
vn -0.865326 -0.000694 -0.501209
vn -0.871031 -0.001043 -0.491227
vn -0.869617 -0.010173 -0.493622
vn -0.859867 -0.001833 -0.510515
vn -0.866021 -0.000003 -0.500008
vn -0.866021 -0.000003 -0.500008
vn -0.866021 -0.000003 -0.500008
vn -0.866021 -0.000003 -0.500008
vn -0.505686 -0.776247 -0.376460
vn -0.793766 0.263136 -0.548357
vn 0.779729 0.459814 -0.424964
vn 0.732461 0.296215 -0.612991
vn -0.231851 -0.949922 -0.209508
vn 0.652352 0.359943 -0.666992
vn -0.043995 0.501243 0.864187
vn -0.256491 0.249656 0.933747
vn -0.314792 0.262871 0.912033
vn -0.004536 0.998463 -0.055242
vn 0.000019 -0.000008 1.000000
vn 0.000019 -0.000008 1.000000
vn 0.000019 -0.000008 1.000000
vn 0.000019 -0.000008 1.000000
vn -0.000001 -0.999659 -0.026105
vn -0.000001 -0.999659 -0.026105
vn -0.000001 -0.870673 0.491862
vn -0.000001 -0.870673 0.491862
vn 0.000000 0.870681 0.491849
vn 0.000000 0.870681 0.491849
vn 0.000000 0.999659 -0.026113
vn 0.000000 0.999659 -0.026113
vn 0.999652 0.000000 -0.026398
vn 0.999652 0.000000 -0.026398
vn 0.854327 0.000000 0.519736
vn 0.854327 0.000000 0.519736
vn -0.999652 0.000000 -0.026397
vn -0.999652 0.000000 -0.026397
vn -0.854327 0.000000 0.519737
vn -0.854327 0.000000 0.519737
vn -0.023689 -0.026786 0.999361
vn 0.023669 -0.026786 0.999361
vn 0.023669 -0.026786 0.999361
vn -0.023689 -0.026786 0.999361
vn 0.023669 0.026785 0.999361
vn 0.023669 0.026785 0.999361
vn -0.023689 0.026785 0.999361
vn -0.023689 0.026785 0.999361
vn -0.021382 0.024211 -0.999478
vn -0.021382 0.024211 -0.999478
vn 0.021363 0.024211 -0.999479
vn 0.021363 0.024211 -0.999479
vn 0.021363 -0.024211 -0.999479
vn 0.021363 -0.024211 -0.999479
vn -0.021382 -0.024211 -0.999478
vn -0.021382 -0.024211 -0.999478
vn 0.000000 -1.000000 0.000350
vn 0.000000 -1.000000 0.000350
vn 0.000000 -1.000000 0.000350
vn 0.000000 -1.000000 0.000350
vn -0.999999 0.000000 0.001201
vn -0.999999 0.000000 0.001201
vn -0.999999 0.000000 0.001201
vn -0.999999 0.000000 0.001201
vn 0.000000 1.000000 0.000345
vn 0.000000 1.000000 0.000345
vn 0.000000 1.000000 0.000345
vn 0.000000 1.000000 0.000345
vn 0.999999 0.000000 0.001201
vn 0.999999 0.000000 0.001201
vn 0.999999 0.000000 0.001201
vn 0.999999 0.000000 0.001201
vn 0.000000 0.843815 -0.536635
vn 0.000000 0.843815 -0.536635
vn -0.825706 0.000000 -0.564100
vn -0.825706 0.000000 -0.564100
vn -0.000000 -0.843815 -0.536634
vn -0.000000 -0.843815 -0.536634
vn 0.825706 0.000000 -0.564100
vn 0.825706 0.000000 -0.564100
vn -0.000001 -0.999659 -0.026105
vn -0.000001 -0.999659 -0.026105
vn -0.000001 -0.870673 0.491862
vn -0.000001 -0.870673 0.491862
vn 0.000000 0.870681 0.491849
vn 0.000000 0.870681 0.491849
vn 0.000000 0.999659 -0.026113
vn 0.000000 0.999659 -0.026113
vn 0.999652 0.000000 -0.026398
vn 0.999652 0.000000 -0.026398
vn 0.854327 0.000000 0.519736
vn 0.854327 0.000000 0.519736
vn -0.999652 0.000000 -0.026397
vn -0.999652 0.000000 -0.026397
vn -0.854327 0.000000 0.519737
vn -0.854327 0.000000 0.519737
vn -0.023668 -0.026785 0.999361
vn 0.023690 -0.026785 0.999361
vn 0.023690 -0.026785 0.999361
vn -0.023668 -0.026785 0.999361
vn 0.023690 0.026785 0.999361
vn 0.023690 0.026785 0.999361
vn -0.023668 0.026785 0.999361
vn -0.023668 0.026785 0.999361
vn -0.021382 0.024210 -0.999478
vn -0.021382 0.024210 -0.999478
vn 0.021382 0.024210 -0.999478
vn 0.021382 0.024210 -0.999478
vn 0.021382 -0.024211 -0.999478
vn 0.021382 -0.024211 -0.999478
vn -0.021382 -0.024211 -0.999478
vn -0.021382 -0.024211 -0.999478
vn 0.000000 -1.000000 0.000349
vn 0.000000 -1.000000 0.000349
vn 0.000000 -1.000000 0.000349
vn 0.000000 -1.000000 0.000349
vn -0.999999 0.000000 0.001201
vn -0.999999 0.000000 0.001201
vn -0.999999 0.000000 0.001201
vn -0.999999 0.000000 0.001201
vn 0.000000 1.000000 0.000345
vn 0.000000 1.000000 0.000345
vn 0.000000 1.000000 0.000345
vn 0.000000 1.000000 0.000345
vn 1.000000 0.000000 0.000000
vn 1.000000 0.000000 0.000000
vn 1.000000 0.000000 0.000000
vn 1.000000 0.000000 0.000000
vn 0.000000 0.843815 -0.536635
vn 0.000000 0.843815 -0.536635
vn -0.825706 0.000000 -0.564100
vn -0.825706 0.000000 -0.564100
vn -0.000000 -0.843815 -0.536634
vn -0.000000 -0.843815 -0.536634
vn 0.825706 0.000000 -0.564100
vn 0.825706 0.000000 -0.564100
vn 0.000019 -0.000008 1.000000
vn 0.000019 -0.000008 1.000000
vn 0.000019 -0.000008 1.000000
vn 0.000019 -0.000008 1.000000
vn -0.451557 -0.635343 0.626447
vn 0.064024 0.267219 0.961507
vn -0.426482 0.776648 -0.463607
vn -0.628608 0.705150 -0.328048
vn -0.531795 -0.789780 0.305683
vn -0.602568 0.763683 -0.231734
vn 0.917902 0.047183 -0.393993
vn 0.936101 -0.252628 -0.244732
vn 0.951713 -0.246063 -0.183561
vn 0.460373 0.887179 0.031134
vn -0.961349 0.000191 0.275334
vn -0.000971 0.000029 1.000000
vn -0.000971 0.000029 1.000000
vn -0.961349 0.000191 0.275334
vn 0.961344 0.000000 0.275351
vn 0.961344 0.000000 0.275351
vn -0.000953 0.000232 -1.000000
vn -0.000953 0.000232 -1.000000
vn 0.000097 -1.000000 -0.000898
vn 0.000097 -1.000000 -0.000898
vn 0.000097 -1.000000 -0.000898
vn 0.000097 -1.000000 -0.000898
vn -0.000083 1.000000 -0.000954
vn -0.000083 1.000000 -0.000954
vn -0.000083 1.000000 -0.000954
vn -0.000083 1.000000 -0.000954
vn -0.961346 0.000000 0.275344
vn -0.000648 0.000000 1.000000
vn -0.000648 0.000000 1.000000
vn -0.961346 0.000000 0.275344
vn 0.961342 0.000000 0.275357
vn 0.961342 0.000000 0.275357
vn -0.000635 0.000000 -1.000000
vn -0.000635 0.000000 -1.000000
vn 0.000041 -1.000000 -0.000900
vn 0.000041 -1.000000 -0.000900
vn 0.000041 -1.000000 -0.000900
vn 0.000041 -1.000000 -0.000900
vn -0.000030 1.000000 -0.000933
vn -0.000030 1.000000 -0.000933
vn -0.000030 1.000000 -0.000933
vn -0.000030 1.000000 -0.000933
vn -0.961346 0.000000 0.275344
vn -0.000648 0.000000 1.000000
vn -0.000648 0.000000 1.000000
vn -0.961346 0.000000 0.275344
vn 0.961342 0.000000 0.275357
vn 0.961342 0.000000 0.275357
vn -0.000635 0.000000 -1.000000
vn -0.000635 0.000000 -1.000000
vn 0.000041 -1.000000 -0.000900
vn 0.000041 -1.000000 -0.000900
vn 0.000041 -1.000000 -0.000900
vn 0.000041 -1.000000 -0.000900
vn -0.000030 1.000000 -0.000934
vn -0.000030 1.000000 -0.000934
vn -0.000030 1.000000 -0.000934
vn -0.000030 1.000000 -0.000934
vn -0.961348 0.000148 0.275336
vn -0.000971 0.000058 1.000000
vn -0.000971 0.000058 1.000000
vn -0.961348 0.000148 0.275336
vn 0.961343 0.000000 0.275354
vn 0.961343 0.000000 0.275354
vn -0.000953 0.000116 -1.000000
vn -0.000953 0.000116 -1.000000
vn 0.000098 -1.000000 -0.000899
vn 0.000098 -1.000000 -0.000899
vn 0.000098 -1.000000 -0.000899
vn 0.000098 -1.000000 -0.000899
vn -0.000083 1.000000 -0.000954
vn -0.000083 1.000000 -0.000954
vn -0.000083 1.000000 -0.000954
vn -0.000083 1.000000 -0.000954
vn 0.327934 -0.706530 0.627116
vn -0.231936 0.221205 0.947245
vn -0.886743 0.078486 -0.455551
vn -0.932189 -0.187126 -0.309851
vn 0.430185 -0.850872 0.301593
vn -0.962687 -0.156638 -0.220675
vn 0.368831 0.837903 -0.402346
vn 0.684261 0.673938 -0.278556
vn 0.669482 0.706814 -0.228490
vn -0.548168 0.836368 0.001097
vn -0.694993 -0.694716 0.185349
vn -0.981301 0.024239 0.190945
vn 0.053421 -0.000751 0.998572
vn 0.037028 0.036665 0.998641
vn 0.018168 -0.982490 0.185425
vn -0.000633 0.052085 0.998643
vn 0.694820 -0.694809 0.185651
vn -0.037829 0.037310 0.998587
vn 0.982412 -0.017992 0.185858
vn -0.053069 0.000743 0.998591
vn 0.689865 0.698111 0.191645
vn -0.037008 -0.037098 0.998626
vn -0.023264 0.979287 0.201136
vn 0.001009 -0.053899 0.998546
vn -0.689355 0.696175 0.200324
vn 0.038556 -0.038727 0.998506
vn 0.990815 -0.017754 0.134051
vn 0.702268 0.701020 0.124058
vn -0.017327 0.992338 0.122332
vn -0.702523 0.701373 0.120572
vn -0.992367 0.017345 0.122090
vn -0.700842 -0.700454 0.134850
vn 0.016916 -0.987662 0.155683
vn 0.699448 -0.697817 0.154349
vn 0.008011 0.006782 -0.999945
vn -0.000021 -0.000611 -1.000000
vn 0.000742 -0.002588 -0.999996
vn 0.002504 -0.003100 -0.999992
vn 0.002064 -0.000655 -0.999998
vn -0.009978 -0.000732 -0.999950
vn -0.007375 -0.010023 -0.999923
vn 0.012040 -0.001728 -0.999926
vn -0.000019 -0.000008 -1.000000
vn -0.000019 -0.000008 -1.000000
vn -0.000019 -0.000008 -1.000000
vn -0.000019 -0.000008 -1.000000
vn -0.000019 -0.000008 -1.000000
vn -0.000019 -0.000008 -1.000000
vn -0.000019 -0.000008 -1.000000
vn -0.000019 -0.000008 -1.000000
vn 0.451810 -0.635512 -0.626093
vn -0.063636 0.267670 -0.961407
vn 0.426490 0.776497 0.463853
vn 0.628522 0.705039 0.328450
vn 0.531690 -0.789788 -0.305846
vn 0.602564 0.763643 0.231873
vn -0.917822 0.047566 0.394134
vn -0.936019 -0.252834 0.244833
vn -0.951632 -0.246246 0.183736
vn -0.459940 0.887409 -0.030989
vn -0.328287 -0.706215 -0.627286
vn 0.231963 0.221988 -0.947056
vn 0.886573 0.079160 0.455765
vn 0.932166 -0.187119 0.309924
vn -0.430894 -0.850478 -0.301692
vn 0.962639 -0.156701 0.220843
vn -0.368913 0.837801 0.402482
vn -0.684158 0.674269 0.278010
vn -0.669153 0.707524 0.227252
vn 0.547684 0.836685 -0.000439
vn 0.694999 -0.694551 -0.185944
vn 0.981231 0.024366 -0.191290
vn -0.053877 -0.000399 -0.998548
vn -0.037468 0.036928 -0.998615
vn -0.017996 -0.982474 -0.185529
vn 0.000628 0.052241 -0.998634
vn -0.694985 -0.694717 -0.185375
vn 0.037828 0.037413 -0.998584
vn -0.982464 -0.017830 -0.185596
vn 0.052957 0.000686 -0.998597
vn -0.689990 0.697976 -0.191686
vn 0.037008 -0.037292 -0.998619
vn 0.023114 0.979293 -0.201123
vn -0.000882 -0.053918 -0.998545
vn 0.689252 0.696303 -0.200237
vn -0.038552 -0.038456 -0.998516
vn -0.990882 -0.017442 -0.133598
vn -0.702482 0.700914 -0.123445
vn 0.017325 0.992345 -0.122277
vn 0.702491 0.701345 -0.120920
vn 0.992338 0.017344 -0.122332
vn 0.700759 -0.700558 -0.134742
vn -0.016653 -0.987670 -0.155664
vn -0.699572 -0.697673 -0.154440
vn -0.007721 0.006802 0.999947
vn 0.000410 -0.000936 1.000000
vn -0.000554 -0.002618 0.999996
vn -0.002065 -0.002521 0.999995
vn -0.001863 -0.000407 0.999998
vn 0.009888 -0.000860 0.999951
vn 0.007344 -0.010022 0.999923
vn -0.012134 -0.001599 0.999925
vn 0.499998 -0.000017 -0.866027
vn 0.499998 -0.000017 -0.866027
vn 0.499998 -0.000017 -0.866027
vn 0.499998 -0.000017 -0.866027
vn -0.013153 -0.999654 0.022780
vn -0.013153 -0.999654 0.022780
vn 0.245857 -0.870759 -0.425833
vn 0.245857 -0.870759 -0.425833
vn 0.245852 0.870764 -0.425825
vn 0.245852 0.870764 -0.425825
vn -0.013160 0.999654 0.022793
vn -0.013160 0.999654 0.022793
vn -0.879164 0.000000 -0.476519
vn -0.879164 0.000000 -0.476519
vn -0.480697 0.000000 -0.876887
vn -0.480697 0.000000 -0.876887
vn 0.852518 0.000000 0.522698
vn 0.852518 0.000000 0.522698
vn 0.999726 0.000000 -0.023421
vn 0.999726 0.000000 -0.023421
vn 0.520255 -0.026854 -0.853589
vn 0.479209 -0.026854 -0.877290
vn 0.479209 -0.026854 -0.877290
vn 0.520255 -0.026854 -0.853589
vn 0.479209 0.026889 -0.877289
vn 0.479209 0.026889 -0.877289
vn 0.520254 0.026889 -0.853588
vn 0.520254 0.026889 -0.853588
vn -0.481306 0.024145 0.876220
vn -0.481306 0.024145 0.876220
vn -0.518273 0.024145 0.854874
vn -0.518273 0.024145 0.854874
vn -0.518273 -0.024133 0.854875
vn -0.518273 -0.024133 0.854875
vn -0.481306 -0.024133 0.876220
vn -0.481306 -0.024133 0.876220
vn 0.000169 -1.000000 -0.000293
vn 0.000169 -1.000000 -0.000293
vn 0.000169 -1.000000 -0.000293
vn 0.000169 -1.000000 -0.000293
vn 0.866556 0.000000 0.499080
vn 0.866556 0.000000 0.499080
vn 0.866556 0.000000 0.499080
vn 0.866556 0.000000 0.499080
vn 0.000171 1.000000 -0.000296
vn 0.000171 1.000000 -0.000296
vn 0.000171 1.000000 -0.000296
vn 0.000171 1.000000 -0.000296
vn -0.865532 0.000000 -0.500853
vn -0.865532 0.000000 -0.500853
vn -0.865532 0.000000 -0.500853
vn -0.865532 0.000000 -0.500853
vn -0.268421 0.843685 0.464915
vn -0.268421 0.843685 0.464915
vn 0.432576 0.000000 0.901598
vn 0.432576 0.000000 0.901598
vn -0.268414 -0.843694 0.464901
vn -0.268414 -0.843694 0.464901
vn -0.997116 0.000000 0.075892
vn -0.997116 0.000000 0.075892
vn 0.377173 -0.776127 -0.505338
vn 0.548894 0.263705 -0.793206
vn 0.424531 0.459766 0.779992
vn 0.612929 0.296588 0.732362
vn 0.210288 -0.949861 -0.231394
vn 0.666957 0.360314 0.652183
vn -0.864226 0.501178 -0.043975
vn -0.933903 0.249113 -0.256453
vn -0.912268 0.262276 -0.314610
vn 0.055263 0.998465 -0.003761
vn 0.970309 0.000263 0.241867
vn 0.500468 0.000120 -0.865755
vn 0.500468 0.000120 -0.865755
vn 0.970309 0.000263 0.241867
vn -0.695130 0.000000 -0.718884
vn -0.695130 0.000000 -0.718884
vn -0.498915 0.000174 0.866651
vn -0.498915 0.000174 0.866651
vn -0.000528 -1.000000 0.000730
vn -0.000528 -1.000000 0.000730
vn -0.000528 -1.000000 0.000730
vn -0.000528 -1.000000 0.000730
vn -0.000410 1.000000 0.000855
vn -0.000410 1.000000 0.000855
vn -0.000410 1.000000 0.000855
vn -0.000410 1.000000 0.000855
vn 0.970295 0.000000 0.241926
vn 0.500175 0.000000 -0.865924
vn 0.500175 0.000000 -0.865924
vn 0.970295 0.000000 0.241926
vn -0.695130 0.000000 -0.718884
vn -0.695130 0.000000 -0.718884
vn -0.499261 0.000000 0.866452
vn -0.499261 0.000000 0.866452
vn -0.000487 -1.000000 0.000762
vn -0.000487 -1.000000 0.000762
vn -0.000487 -1.000000 0.000762
vn -0.000487 -1.000000 0.000762
vn -0.000431 1.000000 0.000816
vn -0.000431 1.000000 0.000816
vn -0.000431 1.000000 0.000816
vn -0.000431 1.000000 0.000816
vn -0.499992 0.000019 0.866030
vn -0.499992 0.000019 0.866030
vn -0.499992 0.000019 0.866030
vn -0.499992 0.000019 0.866030
vn -0.373437 -0.775819 0.508576
vn -0.551258 0.308061 0.775379
vn -0.403168 0.512030 -0.758473
vn -0.625162 0.304094 -0.718818
vn -0.196449 -0.952022 0.234653
vn -0.679136 0.345529 -0.647599
vn 0.840712 0.541105 0.020208
vn 0.944485 0.241055 0.223252
vn 0.922351 0.277483 0.268833
vn -0.048938 0.998429 -0.027280
vn -0.694815 -0.694583 -0.186514
vn -0.945357 0.024487 -0.325116
vn -0.452617 -0.000342 0.891705
vn -0.466847 0.037188 0.883556
vn -0.076885 -0.982512 0.169585
vn -0.499819 0.052536 0.864535
vn 0.509483 -0.694785 0.507643
vn -0.532219 0.037674 0.845768
vn 0.758314 -0.017832 0.651646
vn -0.545187 0.000855 0.838314
vn 0.501953 0.698080 0.510614
vn -0.531219 -0.037143 0.846420
vn -0.120463 0.979360 0.162304
vn -0.498450 -0.053876 0.865243
vn -0.696996 0.696306 -0.171333
vn -0.465782 -0.038562 0.884059
vn 0.791335 -0.017702 0.611126
vn 0.546611 0.700941 0.458147
vn -0.075973 0.992408 0.096721
vn -0.668597 0.701337 -0.247191
vn -0.920483 0.017482 -0.390390
vn -0.674251 -0.700555 -0.233685
vn -0.063033 -0.987733 0.142864
vn 0.528911 -0.697713 0.483166
vn 0.506821 0.006543 -0.862027
vn 0.499871 -0.000995 -0.866099
vn 0.500514 -0.002578 -0.865724
vn 0.501641 -0.002590 -0.865072
vn 0.501305 -0.000472 -0.865270
vn 0.491282 -0.000896 -0.871000
vn 0.493661 -0.009879 -0.869598
vn 0.510459 -0.001578 -0.859901
vn -0.707119 -0.000026 -0.707094
vn -0.707119 -0.000026 -0.707094
vn -0.707119 -0.000026 -0.707094
vn -0.707119 -0.000026 -0.707094
vn 0.018226 -0.999668 0.018218
vn 0.018226 -0.999668 0.018218
vn -0.347947 -0.870547 -0.347966
vn -0.347947 -0.870547 -0.347966
vn -0.347941 0.870553 -0.347958
vn -0.347941 0.870553 -0.347958
vn 0.018236 0.999668 0.018227
vn 0.018236 0.999668 0.018227
vn -0.688344 0.000000 0.725385
vn -0.688344 0.000000 0.725385
vn -0.971633 0.000000 0.236494
vn -0.971633 0.000000 0.236494
vn 0.725454 0.000000 -0.688270
vn 0.725454 0.000000 -0.688270
vn 0.236231 0.000000 -0.971697
vn 0.236231 0.000000 -0.971697
vn -0.689864 -0.026853 -0.723441
vn -0.723314 -0.026853 -0.689997
vn -0.723314 -0.026853 -0.689997
vn -0.689864 -0.026853 -0.723441
vn -0.723316 0.026769 -0.689999
vn -0.723316 0.026769 -0.689999
vn -0.689866 0.026769 -0.723442
vn -0.689866 0.026769 -0.723442
vn 0.721830 0.024048 0.691653
vn 0.721830 0.024048 0.691653
vn 0.691734 0.024048 0.721752
vn 0.691734 0.024048 0.721752
vn 0.691734 -0.024060 0.721752
vn 0.691734 -0.024060 0.721752
vn 0.721829 -0.024060 0.691653
vn 0.721829 -0.024060 0.691653
vn -0.000239 -1.000000 -0.000239
vn -0.000239 -1.000000 -0.000239
vn -0.000239 -1.000000 -0.000239
vn -0.000239 -1.000000 -0.000239
vn 0.706656 0.000000 -0.707557
vn 0.706656 0.000000 -0.707557
vn 0.706656 0.000000 -0.707557
vn 0.706656 0.000000 -0.707557
vn -0.000242 1.000000 -0.000242
vn -0.000242 1.000000 -0.000242
vn -0.000242 1.000000 -0.000242
vn -0.000242 1.000000 -0.000242
vn -0.708007 0.000000 0.706205
vn -0.708007 0.000000 0.706205
vn -0.708007 0.000000 0.706205
vn -0.708007 0.000000 0.706205
vn 0.379218 0.844029 0.379220
vn 0.379218 0.844029 0.379220
vn 0.982772 0.000000 -0.184825
vn 0.982772 0.000000 -0.184825
vn 0.379208 -0.844037 0.379213
vn 0.379208 -0.844037 0.379213
vn -0.185289 0.000000 0.982684
vn -0.185289 0.000000 0.982684
vn -0.390732 -0.776126 -0.494931
vn -0.624390 0.263397 -0.735364
vn 0.863357 0.459785 -0.207874
vn 0.866360 0.296239 -0.402072
vn -0.169517 -0.949853 -0.262760
vn 0.803085 0.359940 -0.474866
vn -0.266751 0.500472 0.823633
vn -0.489280 0.248970 0.835834
vn -0.539550 0.262278 0.800060
vn 0.009558 0.998482 -0.054253
vn 0.485401 0.000208 -0.874292
vn -0.706619 0.000043 -0.707594
vn -0.706619 0.000043 -0.707594
vn 0.485401 0.000208 -0.874292
vn -0.874354 0.000000 0.485289
vn -0.874354 0.000000 0.485289
vn 0.707504 0.000232 0.706710
vn 0.707504 0.000232 0.706710
vn 0.000565 -1.000000 0.000700
vn 0.000565 -1.000000 0.000700
vn 0.000565 -1.000000 0.000700
vn 0.000565 -1.000000 0.000700
vn 0.000717 1.000000 0.000610
vn 0.000717 1.000000 0.000610
vn 0.000717 1.000000 0.000610
vn 0.000717 1.000000 0.000610
vn 0.485508 0.000000 -0.874232
vn -0.706832 0.000000 -0.707381
vn -0.706832 0.000000 -0.707381
vn 0.485508 0.000000 -0.874232
vn -0.874354 0.000000 0.485289
vn -0.874354 0.000000 0.485289
vn 0.707204 0.000000 0.707009
vn 0.707204 0.000000 0.707009
vn 0.000609 -1.000000 0.000669
vn 0.000609 -1.000000 0.000669
vn 0.000609 -1.000000 0.000669
vn 0.000609 -1.000000 0.000669
vn 0.000678 1.000000 0.000631
vn 0.000678 1.000000 0.000631
vn 0.000678 1.000000 0.000631
vn 0.000678 1.000000 0.000631
vn 0.707113 0.000025 0.707101
vn 0.707113 0.000025 0.707101
vn 0.707113 0.000025 0.707101
vn 0.707113 0.000025 0.707101
vn 0.394119 -0.775843 0.492685
vn 0.605449 0.308119 0.733822
vn -0.837397 0.511376 0.193032
vn -0.855848 0.304671 0.417971
vn 0.175591 -0.951901 0.251103
vn -0.800917 0.346034 0.488663
vn 0.236847 0.541024 -0.806967
vn 0.460308 0.240949 -0.854436
vn 0.498366 0.277349 -0.821407
vn -0.039960 0.998380 0.040504
vn -0.360221 -0.694713 0.622587
vn -0.559032 0.024364 0.828788
vn 0.744155 -0.000380 0.668007
vn 0.732623 0.037060 0.679625
vn 0.143727 -0.982524 0.118275
vn 0.705646 0.052162 0.706642
vn 0.622239 -0.694821 -0.360614
vn 0.679308 0.037295 0.732905
vn 0.825848 -0.017801 -0.563612
vn 0.668729 0.000745 0.743506
vn 0.623236 0.698152 -0.352366
vn 0.679992 -0.037309 0.732270
vn 0.125635 0.979343 0.158439
vn 0.706795 -0.054020 0.705353
vn -0.346041 0.696315 0.628809
vn 0.733403 -0.038552 0.678700
vn 0.795200 -0.017652 -0.606090
vn 0.583971 0.700949 -0.409449
vn 0.074060 0.992361 0.098666
vn -0.411395 0.701249 0.582240
vn -0.615135 0.017255 0.788233
vn -0.400217 -0.700643 0.590700
vn 0.121671 -0.987746 0.097749
vn 0.603741 -0.697660 -0.385703
vn -0.701181 0.006510 -0.712954
vn -0.707154 -0.000907 -0.707059
vn -0.706701 -0.002412 -0.707509
vn -0.705662 -0.002598 -0.708544
vn -0.705999 -0.000548 -0.708212
vn -0.714157 -0.000768 -0.699985
vn -0.712223 -0.009918 -0.701883
vn -0.698353 -0.001779 -0.715751
vn -0.707107 -0.000017 0.707107
vn -0.707107 -0.000017 0.707107
vn -0.707107 -0.000017 0.707107
vn -0.707107 -0.000017 0.707107
vn 0.018258 -0.999667 -0.018251
vn 0.018258 -0.999667 -0.018251
vn -0.348026 -0.870495 0.348018
vn -0.348026 -0.870495 0.348018
vn -0.348019 0.870501 0.348011
vn -0.348019 0.870501 0.348011
vn 0.018268 0.999666 -0.018260
vn 0.018268 0.999666 -0.018260
vn 0.725658 0.000000 0.688056
vn 0.725658 0.000000 0.688056
vn 0.237020 0.000000 0.971505
vn 0.237020 0.000000 0.971505
vn -0.688157 0.000000 -0.725562
vn -0.688157 0.000000 -0.725562
vn -0.971648 0.000000 -0.236431
vn -0.971648 0.000000 -0.236431
vn -0.723543 -0.026998 0.689751
vn -0.689878 -0.026998 0.723422
vn -0.689878 -0.026998 0.723422
vn -0.723543 -0.026998 0.689751
vn -0.689876 0.027045 0.723422
vn -0.689876 0.027045 0.723422
vn -0.723542 0.027045 0.689751
vn -0.723542 0.027045 0.689751
vn 0.691765 0.024241 -0.721715
vn 0.691765 0.024241 -0.721715
vn 0.722023 0.024241 -0.691444
vn 0.722023 0.024241 -0.691444
vn 0.722024 -0.024217 -0.691444
vn 0.722024 -0.024217 -0.691444
vn 0.691766 -0.024217 -0.721715
vn 0.691766 -0.024217 -0.721715
vn -0.000239 -1.000000 0.000238
vn -0.000239 -1.000000 0.000238
vn -0.000239 -1.000000 0.000238
vn -0.000239 -1.000000 0.000238
vn -0.707257 0.000000 -0.706957
vn -0.707257 0.000000 -0.706957
vn -0.707257 0.000000 -0.706957
vn -0.707257 0.000000 -0.706957
vn -0.000242 1.000000 0.000242
vn -0.000242 1.000000 0.000242
vn -0.000242 1.000000 0.000242
vn -0.000242 1.000000 0.000242
vn 0.705905 0.000000 0.708306
vn 0.705905 0.000000 0.708306
vn 0.705905 0.000000 0.708306
vn 0.705905 0.000000 0.708306
vn 0.379349 0.843923 -0.379327
vn 0.379349 0.843923 -0.379327
vn -0.184719 0.000000 -0.982791
vn -0.184719 0.000000 -0.982791
vn 0.379339 -0.843931 -0.379318
vn 0.379339 -0.843931 -0.379318
vn 0.982731 0.000000 0.185041
vn 0.982731 0.000000 0.185041
vn -0.494475 -0.776374 0.390818
vn -0.735246 0.263520 0.624476
vn -0.208639 0.458816 -0.863688
vn -0.402581 0.295894 -0.866242
vn -0.262589 -0.949897 0.169537
vn -0.475310 0.360044 -0.802776
vn 0.823649 0.501124 0.265476
vn 0.835584 0.249408 0.489484
vn 0.799577 0.262644 0.540088
vn -0.054589 0.998450 -0.010810
vn -0.874858 0.000150 -0.484379
vn -0.707306 0.000044 0.706908
vn -0.707306 0.000044 0.706908
vn -0.874858 0.000150 -0.484379
vn 0.484927 0.000000 0.874555
vn 0.484927 0.000000 0.874555
vn 0.706465 0.000145 -0.707748
vn 0.706465 0.000145 -0.707748
vn 0.000699 -1.000000 -0.000562
vn 0.000699 -1.000000 -0.000562
vn 0.000699 -1.000000 -0.000562
vn 0.000699 -1.000000 -0.000562
vn 0.000616 1.000000 -0.000716
vn 0.000616 1.000000 -0.000716
vn 0.000616 1.000000 -0.000716
vn 0.000616 1.000000 -0.000716
vn -0.874797 0.000000 -0.484489
vn -0.707175 0.000000 0.707038
vn -0.707175 0.000000 0.707038
vn -0.874797 0.000000 -0.484489
vn 0.484926 0.000000 0.874555
vn 0.484926 0.000000 0.874555
vn 0.706685 0.000000 -0.707528
vn 0.706685 0.000000 -0.707528
vn 0.000668 -1.000000 -0.000612
vn 0.000668 -1.000000 -0.000612
vn 0.000668 -1.000000 -0.000612
vn 0.000668 -1.000000 -0.000612
vn 0.000628 1.000000 -0.000676
vn 0.000628 1.000000 -0.000676
vn 0.000628 1.000000 -0.000676
vn 0.000628 1.000000 -0.000676
vn 0.707056 0.000009 -0.707157
vn 0.707056 0.000009 -0.707157
vn 0.707056 0.000009 -0.707157
vn 0.707056 0.000009 -0.707157
vn 0.492357 -0.775923 -0.394370
vn 0.733828 0.307178 -0.605920
vn 0.193872 0.510976 0.837447
vn 0.417732 0.303866 0.856251
vn 0.250705 -0.951948 -0.175906
vn 0.488485 0.345595 0.801216
vn -0.806858 0.541237 -0.236734
vn -0.854579 0.240805 -0.460117
vn -0.821301 0.277484 -0.498466
vn 0.041378 0.998361 0.039543
vn 0.622721 -0.694749 0.359920
vn 0.828817 0.024500 0.558983
vn 0.668070 -0.000290 -0.744098
vn 0.679579 0.037174 -0.732660
vn 0.117948 -0.982566 -0.143708
vn 0.706519 0.052292 -0.705760
vn -0.360742 -0.695096 -0.621858
vn 0.732789 0.037027 -0.679448
vn -0.563628 -0.017915 -0.825834
vn 0.743308 0.000711 -0.668949
vn -0.352152 0.698174 -0.623332
vn 0.732122 -0.036986 -0.680168
vn 0.158555 0.979300 -0.125828
vn 0.705361 -0.053898 -0.706797
vn 0.628692 0.696335 0.346214
vn 0.678779 -0.038432 -0.733336
vn -0.605873 -0.017590 -0.795367
vn -0.409510 0.700899 -0.583988
vn 0.098283 0.992424 -0.073718
vn 0.582029 0.701360 0.411505
vn 0.788406 0.017263 0.614913
vn 0.590995 -0.700671 0.399731
vn 0.098067 -0.987665 -0.122073
vn -0.385521 -0.697566 -0.603966
vn -0.713063 0.006611 0.701069
vn -0.707137 -0.001142 0.707075
vn -0.707536 -0.002679 0.706672
vn -0.708527 -0.002736 0.705678
vn -0.708300 -0.000623 0.705912
vn -0.700118 -0.000774 0.714027
vn -0.701980 -0.010135 0.712124
vn -0.715882 -0.001850 0.698219
s off
g polySurface27524
f 8/1/1 1/2/2 2/3/3 7/4/4
f 5/5/5 6/6/6 4/7/7 3/8/8
f 3/8/9 1/9/10 8/10/11 5/5/12
f 4/11/13 6/12/14 7/13/15 2/14/16
f 12/15/17 8/16/18 7/17/19 11/18/20
f 9/19/21 10/20/22 6/21/23 5/22/24
f 5/22/25 8/23/26 12/24/27 9/19/28
f 6/25/29 10/26/30 11/27/31 7/28/32
f 16/29/33 12/30/34 11/31/35 15/32/36
f 13/33/37 14/34/38 10/35/39 9/36/40
f 9/36/41 12/37/42 16/38/43 13/33/44
f 10/39/45 14/40/46 15/41/47 11/42/48
f 20/43/49 16/44/50 15/45/51 19/46/52
f 17/47/53 18/48/54 14/49/55 13/50/56
f 13/50/57 16/51/58 20/52/59 17/47/60
f 14/53/61 18/54/62 19/55/63 15/56/64
f 24/57/65 20/58/66 19/59/67 23/60/68
f 21/61/69 22/62/70 18/63/71 17/64/72
f 17/64/73 20/65/74 24/66/75 21/61/76
f 18/67/77 22/68/78 23/69/79 19/70/80
f 27/71/81 30/72/82 29/73/83 28/74/84
f 31/75/85 29/76/86 30/77/87 32/78/88
f 26/79/89 25/80/90 31/81/91 32/82/92
f 25/83/93 28/84/94 29/85/95 31/86/96
f 40/87/97 36/88/98 35/89/99 39/90/100
f 37/91/101 38/92/102 34/93/103 33/94/104
f 33/94/105 36/95/106 40/96/107 37/91/108
f 34/97/109 38/98/110 39/99/111 35/100/112
f 39/101/113 42/102/114 41/103/115 40/104/116
f 43/105/117 41/106/118 42/107/119 44/108/120
f 38/109/121 37/110/122 43/111/123 44/112/124
f 37/113/125 40/114/126 41/115/127 43/116/128
f 52/117/129 48/118/130 47/119/131 51/120/132
f 49/121/133 50/122/134 46/123/135 45/124/136
f 45/124/137 48/125/138 52/126/139 49/121/140
f 46/127/141 50/128/142 51/129/143 47/130/144
f 56/131/145 52/132/146 51/133/147 55/134/148
f 53/135/149 54/136/150 50/137/151 49/138/152
f 49/138/153 52/139/154 56/140/155 53/135/156
f 50/141/157 54/142/158 55/143/159 51/144/160
f 60/145/161 56/146/162 55/147/163 59/148/164
f 57/149/165 58/150/166 54/151/167 53/152/168
f 53/152/169 56/153/170 60/154/171 57/149/172
f 54/155/173 58/156/174 59/157/175 55/158/176
f 64/159/177 60/160/178 59/161/179 63/162/180
f 61/163/181 62/164/182 58/165/183 57/166/184
f 57/166/185 60/167/186 64/168/187 61/163/188
f 58/169/189 62/170/190 63/171/191 59/172/192
f 68/173/193 64/174/194 63/175/195 67/176/196
f 65/177/197 66/178/198 62/179/199 61/180/200
f 61/180/201 64/181/202 68/182/203 65/177/204
f 62/183/205 66/184/206 67/185/207 63/186/208
f 67/187/209 70/188/210 69/189/211 68/190/212
f 76/191/213 70/192/214 67/193/215 75/194/216
f 71/195/217 69/196/218 70/197/219 72/198/220
f 66/199/221 65/200/222 71/201/223 72/202/224
f 73/203/225 74/204/226 66/205/227 72/206/228
f 72/206/229 70/207/230 76/208/231 73/203/232
f 65/209/233 68/210/234 69/211/235 71/212/236
f 66/213/237 74/214/238 75/215/239 67/216/240
f 2/217/241 1/218/242 79/219/243 78/220/244
f 80/221/245 79/222/246 1/223/247 3/224/248
f 4/225/249 77/226/250 80/227/251 3/228/252
f 77/229/253 78/230/254 79/231/255 80/232/256
f 81/233/257 82/234/258 84/235/259 83/236/260
f 85/237/261 86/238/262 88/239/263 87/240/264
f 82/234/265 88/241/266 86/242/267 84/235/268
f 87/240/269 81/243/270 83/244/271 85/237/272
f 89/245/273 90/246/274 92/247/275 91/248/276
f 93/249/277 94/250/278 96/251/279 95/252/280
f 90/246/281 96/253/282 94/254/283 92/247/284
f 95/255/285 89/256/286 91/257/287 93/258/288
f 97/259/289 98/260/290 100/261/291 99/262/292
f 101/263/293 102/264/294 104/265/295 103/266/296
f 98/260/297 104/267/298 102/268/299 100/261/300
f 103/269/301 97/270/302 99/271/303 101/272/304
f 105/273/305 106/274/306 108/275/307 107/276/308
f 109/277/309 110/278/310 112/279/311 111/280/312
f 106/274/313 112/281/314 110/282/315 108/275/316
f 111/280/317 105/283/318 107/284/319 109/277/320
f 113/285/321 114/286/322 116/287/323 115/288/324
f 117/289/325 118/290/326 120/291/327 119/292/328
f 114/286/329 120/293/330 118/294/331 116/287/332
f 119/295/333 113/296/334 115/297/335 117/298/336
f 121/299/337 122/300/338 124/301/339 123/302/340
f 125/303/341 126/304/342 128/305/343 127/306/344
f 122/300/345 128/307/346 126/308/347 124/301/348
f 127/309/349 121/310/350 123/311/351 125/312/352
f 129/313/353 130/314/354 132/315/355 131/316/356
f 133/317/357 134/318/358 136/319/359 135/320/360
f 130/314/361 136/321/362 134/322/363 132/315/364
f 135/323/365 129/324/366 131/325/367 133/326/368
f 137/327/369 138/328/370 140/329/371 139/330/372
f 141/331/373 142/332/374 144/333/375 143/334/376
f 138/328/377 144/335/378 142/336/379 140/329/380
f 143/337/381 137/338/382 139/339/383 141/340/384
f 145/341/385 146/342/386 148/343/387 147/344/388
f 149/345/389 150/346/390 152/347/391 151/348/392
f 146/342/393 152/349/394 150/350/395 148/343/396
f 151/351/397 145/352/398 147/353/399 149/354/400
f 153/355/401 154/356/402 156/357/403 155/358/404
f 157/359/405 158/360/406 160/361/407 159/362/408
f 154/356/409 160/363/410 158/364/411 156/357/412
f 159/365/413 153/366/414 155/367/415 157/368/416
f 161/369/417 162/370/418 164/371/419 163/372/420
f 165/373/421 166/374/422 168/375/423 167/376/424
f 162/370/425 168/377/426 166/378/427 164/371/428
f 167/376/429 161/379/430 163/380/431 165/373/432
f 169/381/433 170/382/434 172/383/435 171/384/436
f 173/385/437 174/386/438 176/387/439 175/388/440
f 170/382/441 176/389/442 174/390/443 172/383/444
f 175/388/445 169/391/446 171/392/447 173/385/448
f 177/393/449 180/394/450 179/395/451 178/396/452
f 181/397/453 182/398/454 184/399/455 183/400/456
f 185/401/457 186/402/458 187/403/459 188/404/460
f 192/405/461 191/406/462 189/407/463 190/408/464
f 195/409/465 196/410/466 194/411/467 193/412/468
f 199/413/469 200/414/470 198/415/471 197/416/472
s 113
f 206/417/473 203/418/474 210/419/475 209/420/476
f 203/421/474 204/422/477 211/423/478 210/424/475
f 204/422/477 207/425/479 212/426/480 211/423/478
f 212/426/480 207/425/479 206/417/473 209/420/476
s 114
f 213/427/481 208/428/482 201/429/483 214/430/484
f 201/429/483 202/431/485 215/432/486 214/430/484
f 202/433/485 205/434/487 216/435/488 215/436/486
f 205/434/487 208/428/482 213/427/481 216/435/488
s off
f 213/427/489 214/430/490 211/423/491 212/426/492
f 214/430/493 215/437/494 210/438/495 211/423/496
f 215/439/497 216/435/498 209/420/499 210/440/500
f 216/435/501 213/427/502 212/426/503 209/420/504
f 219/441/505 220/442/506 218/443/507 217/444/508
f 221/445/509 224/446/510 223/447/511 222/448/512
f 225/449/513 226/450/514 227/451/515 228/452/516
f 229/453/517 230/454/518 232/455/519 231/456/520
f 233/457/521 236/458/522 235/459/523 234/460/524
f 237/461/525 238/462/526 240/463/527 239/464/528
f 241/465/529 242/466/530 243/467/531 244/468/532
f 248/469/533 247/470/534 245/471/535 246/472/536
f 251/473/537 252/474/538 250/475/539 249/476/540
f 255/477/541 256/478/542 254/479/543 253/480/544
s 119
f 262/481/545 259/482/546 266/483/547 265/484/548
f 259/485/546 260/486/549 267/487/550 266/488/547
f 260/486/549 263/489/551 268/490/552 267/487/550
f 268/490/552 263/489/551 262/481/545 265/484/548
s 120
f 269/491/553 264/492/554 257/493/555 270/494/556
f 257/493/555 258/495/557 271/496/558 270/494/556
f 258/497/557 261/498/559 272/499/560 271/500/558
f 261/498/559 264/492/554 269/491/553 272/499/560
s off
f 269/491/561 270/494/562 267/487/563 268/490/564
f 270/494/565 271/501/566 266/502/567 267/487/568
f 271/503/569 272/499/570 265/484/571 266/504/572
f 272/499/573 269/491/574 268/490/575 265/484/576
f 275/505/577 276/506/578 274/507/579 273/508/580
f 277/509/581 280/510/582 279/511/583 278/512/584
f 281/513/585 282/514/586 283/515/587 284/516/588
f 285/517/589 286/518/590 288/519/591 287/520/592
f 289/521/593 292/522/594 291/523/595 290/524/596
f 293/525/597 294/526/598 296/527/599 295/528/600
f 297/529/601 298/530/602 299/531/603 300/532/604
f 304/533/605 303/534/606 301/535/607 302/536/608
f 307/537/609 308/538/610 306/539/611 305/540/612
f 311/541/613 312/542/614 310/543/615 309/544/616
s 125
f 318/545/617 315/546/618 322/547/619 321/548/620
f 315/549/618 316/550/621 323/551/622 322/552/619
f 316/550/621 319/553/623 324/554/624 323/551/622
f 324/554/624 319/553/623 318/545/617 321/548/620
s 126
f 325/555/625 320/556/626 313/557/627 326/558/628
f 313/557/627 314/559/629 327/560/630 326/558/628
f 314/561/629 317/562/631 328/563/632 327/564/630
f 317/562/631 320/556/626 325/555/625 328/563/632
s off
f 325/555/633 326/558/634 323/551/635 324/554/636
f 326/558/637 327/565/638 322/566/639 323/551/640
f 327/567/641 328/563/642 321/548/643 322/568/644
f 328/563/645 325/555/646 324/554/647 321/548/648
f 329/569/649 332/570/650 331/571/651 330/572/652
f 333/573/653 334/574/654 336/575/655 335/576/656
f 337/577/657 338/578/658 339/579/659 340/580/660
f 344/581/661 343/582/662 341/583/663 342/584/664
f 347/585/665 348/586/666 346/587/667 345/588/668
f 351/589/669 352/590/670 350/591/671 349/592/672
s 131
f 358/593/673 355/594/674 362/595/675 361/596/676
f 355/597/674 356/598/677 363/599/678 362/600/675
f 356/598/677 359/601/679 364/602/680 363/599/678
f 364/602/680 359/601/679 358/593/673 361/596/676
s 132
f 365/603/681 360/604/682 353/605/683 366/606/684
f 353/605/683 354/607/685 367/608/686 366/606/684
f 354/609/685 357/610/687 368/611/688 367/612/686
f 357/610/687 360/604/682 365/603/681 368/611/688
s off
f 365/603/689 366/606/690 363/599/691 364/602/692
f 366/606/693 367/613/694 362/614/695 363/599/696
f 367/615/697 368/611/698 361/596/699 362/616/700
f 368/611/701 365/603/702 364/602/703 361/596/704
f 375/617/705 373/618/706 372/619/707 371/620/708
f 369/621/709 371/622/710 372/623/711 370/624/712
f 376/625/713 369/626/714 370/627/715 374/628/716
f 375/617/717 376/629/718 374/630/719 373/618/720
f 373/631/721 379/632/722 378/633/723 372/634/724
f 370/635/725 372/636/726 378/637/727 377/638/728
f 374/639/729 370/640/730 377/641/731 380/642/732
f 373/631/733 374/643/734 380/644/735 379/632/736
f 387/645/737 385/646/738 384/647/739 383/648/740
f 381/649/741 383/650/742 384/651/743 382/652/744
f 388/653/745 381/654/746 382/655/747 386/656/748
f 387/645/749 388/657/750 386/658/751 385/646/752
f 385/659/753 391/660/754 390/661/755 384/662/756
f 382/663/757 384/664/758 390/665/759 389/666/760
f 386/667/761 382/668/762 389/669/763 392/670/764
f 385/659/765 386/671/766 392/672/767 391/660/768
f 395/673/769 393/674/770 394/675/771 396/676/772
f 398/677/773 397/678/774 394/679/775 393/680/776
f 395/681/777 399/682/778 398/683/779 393/684/780
f 403/685/781 402/686/782 401/687/783 400/688/784
f 397/689/785 403/690/786 400/691/787 394/692/788
f 396/693/789 394/694/790 400/695/791 401/696/792
s 159
f 410/697/793 405/698/794 406/699/795 411/700/796
f 411/700/796 406/699/795 407/701/797 412/702/798
f 413/703/799 414/704/800 415/705/801 416/706/802
f 415/705/801 414/704/800 417/707/803 418/708/804
f 420/709/805 419/710/806 417/707/803 414/704/800
f 421/711/807 420/709/805 414/704/800 413/703/799
f 422/712/808 423/713/809 424/714/810 425/715/811
f 424/714/810 423/713/809 426/716/812 427/717/813
f 429/718/814 428/719/815 426/716/812 423/713/809
f 430/720/816 429/718/814 423/713/809 422/712/808
f 431/721/817 432/722/818 433/723/819 434/724/820
f 433/723/819 432/722/818 435/725/821 436/726/822
f 437/727/823 438/728/824 439/729/825 440/730/826
f 440/730/826 439/729/825 441/731/827 442/732/828
f 444/733/829 437/727/823 440/730/826 445/734/830
f 445/734/830 440/730/826 442/732/828 446/735/831
f 443/736/832 431/721/817 434/724/820 447/737/833
s 160
f 448/738/834 449/739/835 450/740/836
s 159
f 451/741/837 443/736/832 447/737/833 449/742/838
f 446/735/831 442/732/828 443/743/832 451/744/837
f 452/745/839 437/727/823 444/733/829 450/746/840
s 160
f 451/747/841 448/738/834 446/748/842
f 450/740/836 444/749/843 448/738/834
f 448/738/834 444/749/843 445/750/844
s 159
f 453/751/845 454/752/846 455/753/847 456/754/848
f 456/754/848 455/753/847 457/755/849 458/756/850
f 459/757/851 453/751/845 456/754/848 460/758/852
f 460/758/852 456/754/848 458/756/850 461/759/853
f 462/760/854 422/712/808 425/715/811 463/761/855
s 161
f 464/762/856 465/763/857 466/764/858
s 159
f 467/765/859 462/760/854 463/761/855 465/766/860
f 461/759/853 458/756/850 462/767/854 467/768/859
f 468/769/861 453/751/845 459/757/851 466/770/862
s 161
f 467/771/863 464/762/856 461/772/864
f 466/764/858 459/773/865 464/762/856
f 464/762/856 459/773/865 460/774/866
s 159
f 452/775/867 430/720/816 422/712/808 462/760/868
s off
f 437/776/869 452/775/870 462/760/871 458/777/872
s 159
f 457/755/849 438/728/824 437/727/823 458/756/850
f 469/778/873 470/779/874 471/780/875 472/781/876
f 472/781/876 471/780/875 473/782/877 474/783/878
f 475/784/879 469/778/873 472/781/876 476/785/880
f 476/785/880 472/781/876 474/783/878 477/786/881
f 478/787/882 413/703/799 416/706/802 479/788/883
s 163
f 480/789/884 481/790/885 482/791/886
s 159
f 483/792/887 478/787/882 479/788/883 481/793/888
f 477/786/881 474/783/878 478/794/882 483/795/887
f 484/796/889 469/778/873 475/784/879 482/797/890
s 163
f 483/798/891 480/789/884 477/799/892
f 482/791/886 475/800/893 480/789/884
f 480/789/884 475/800/893 476/801/894
s 159
f 468/802/895 421/711/807 413/703/799 478/787/896
s off
f 453/803/897 468/802/898 478/787/899 474/804/900
s 159
f 473/782/877 454/752/846 453/751/845 474/783/878
f 407/701/797 408/805/901 484/806/902 412/702/798
s off
f 484/806/903 408/805/904 409/807/905 469/808/906
s 159
f 404/809/907 470/779/874 469/778/873 409/810/908
f 411/700/796 415/705/801 418/708/804 410/697/793
f 412/702/798 416/706/802 415/705/801 411/700/796
f 484/806/889 479/788/883 416/706/802 412/702/798
f 482/811/890 481/793/888 479/788/883 484/806/889
f 420/709/805 424/714/810 427/717/813 419/710/806
f 421/711/807 425/715/811 424/714/810 420/709/805
f 468/802/861 463/761/855 425/715/811 421/711/807
f 466/812/862 465/766/860 463/761/855 468/802/861
f 429/718/814 433/723/819 436/726/822 428/719/815
f 430/720/816 434/724/820 433/723/819 429/718/814
f 452/775/839 447/737/833 434/724/820 430/720/816
f 450/813/840 449/742/838 447/737/833 452/775/839
s 163
f 480/789/884 476/801/894 477/799/892
f 480/789/884 483/798/891 481/790/885
s 161
f 464/762/856 460/774/866 461/772/864
f 464/762/856 467/771/863 465/763/857
s 160
f 448/738/834 445/750/844 446/748/842
f 448/738/834 451/747/841 449/739/835
s 166
f 494/814/909 495/815/910 496/816/911 497/817/912
f 496/816/911 495/815/910 498/818/913 499/819/914
f 501/820/915 500/821/916 498/818/913 495/815/910
f 502/822/917 501/820/915 495/815/910 494/814/909
f 503/823/918 504/824/919 505/825/920 506/826/921
f 505/825/920 504/824/919 507/827/922 508/828/923
f 510/829/924 509/830/925 507/827/922 504/824/919
f 511/831/926 510/829/924 504/824/919 503/823/918
f 512/832/927 513/833/928 514/834/929 515/835/930
f 488/836/931 487/837/932 513/833/928 512/832/927
f 514/834/929 513/833/928 516/838/933 517/839/934
f 487/837/932 486/840/935 516/838/933 513/833/928
f 518/841/936 519/842/937 520/843/938 521/844/939
f 521/844/939 520/843/938 522/845/940 523/846/941
s off
f 489/847/942 524/848/943 523/849/944 490/850/945
s 166
f 522/845/940 485/851/946 490/852/947 523/846/941
f 525/853/948 518/841/936 521/844/939 526/854/949
f 526/854/949 521/844/939 523/846/941 527/855/950
f 524/848/951 512/832/927 515/835/930 528/856/952
s 168
f 529/857/953 530/858/954 531/859/955
s 166
f 512/832/927 524/848/956 489/847/957 488/836/931
f 532/860/958 524/848/951 528/856/952 530/861/959
f 527/855/950 523/846/941 524/862/951 532/863/958
f 533/864/960 518/841/936 525/853/948 531/865/961
s 168
f 532/866/962 529/857/953 527/867/963
f 531/859/955 525/868/964 529/857/953
f 529/857/953 525/868/964 526/869/965
s 166
f 534/870/966 535/871/967 536/872/968 537/873/969
f 537/873/969 536/872/968 538/874/970 539/875/971
f 540/876/972 534/870/966 537/873/969 541/877/973
f 541/877/973 537/873/969 539/875/971 542/878/974
f 543/879/975 503/823/918 506/826/921 544/880/976
s 169
f 545/881/977 546/882/978 547/883/979
s 166
f 548/884/980 543/879/975 544/880/976 546/885/981
f 542/878/974 539/875/971 543/886/975 548/887/980
f 549/888/982 534/870/966 540/876/972 547/889/983
s 169
f 548/890/984 545/881/977 542/891/985
f 547/883/979 540/892/986 545/881/977
f 545/881/977 540/892/986 541/893/987
s 166
f 533/894/988 511/831/926 503/823/918 543/879/989
s off
f 518/895/990 533/894/991 543/879/992 539/896/993
s 166
f 538/874/970 519/842/937 518/841/936 539/875/971
f 550/897/994 551/898/995 552/899/996 553/900/997
f 553/900/997 552/899/996 554/901/998 555/902/999
f 556/903/1000 550/897/994 553/900/997 557/904/1001
f 557/904/1001 553/900/997 555/902/999 558/905/1002
f 559/906/1003 494/814/909 497/817/912 560/907/1004
s 171
f 561/908/1005 562/909/1006 563/910/1007
s 166
f 564/911/1008 559/906/1003 560/907/1004 562/912/1009
f 558/905/1002 555/902/999 559/913/1003 564/914/1008
f 565/915/1010 550/897/994 556/903/1000 563/916/1011
s 171
f 564/917/1012 561/908/1005 558/918/1013
f 563/910/1007 556/919/1014 561/908/1005
f 561/908/1005 556/919/1014 557/920/1015
s 166
f 549/921/1016 502/822/917 494/814/909 559/906/1017
s off
f 534/922/1018 549/921/1019 559/906/1020 555/923/1021
s 166
f 554/901/998 535/871/967 534/870/966 555/902/999
f 492/924/1022 496/816/911 499/819/914 491/925/1023
f 493/926/1024 497/817/912 496/816/911 492/924/1022
f 565/927/1010 560/907/1004 497/817/912 493/926/1024
f 563/928/1011 562/912/1009 560/907/1004 565/927/1010
f 501/820/915 505/825/920 508/828/923 500/821/916
f 502/822/917 506/826/921 505/825/920 501/820/915
f 549/921/982 544/880/976 506/826/921 502/822/917
f 547/929/983 546/885/981 544/880/976 549/921/982
f 510/829/924 514/834/929 517/839/934 509/830/925
f 511/831/926 515/835/930 514/834/929 510/829/924
f 533/894/960 528/856/952 515/835/930 511/831/926
f 531/930/961 530/861/959 528/856/952 533/894/960
s 171
f 561/908/1005 557/920/1015 558/918/1013
f 561/908/1005 564/917/1012 562/909/1006
s 169
f 545/881/977 541/893/987 542/891/985
f 545/881/977 548/890/984 546/882/978
s 168
f 529/857/953 526/869/965 527/867/963
f 529/857/953 532/866/962 530/858/954
s 173
f 572/931/1025 567/932/1026 568/933/1027 573/934/1028
f 573/934/1028 568/933/1027 569/935/1029 574/936/1030
f 575/937/1031 576/938/1032 577/939/1033 578/940/1034
f 577/939/1033 576/938/1032 579/941/1035 580/942/1036
f 582/943/1037 581/944/1038 579/941/1035 576/938/1032
f 583/945/1039 582/943/1037 576/938/1032 575/937/1031
f 584/946/1040 585/947/1041 586/948/1042 587/949/1043
f 586/948/1042 585/947/1041 588/950/1044 589/951/1045
f 591/952/1046 590/953/1047 588/950/1044 585/947/1041
f 592/954/1048 591/952/1046 585/947/1041 584/946/1040
f 593/955/1049 594/956/1050 595/957/1051 596/958/1052
f 407/959/1053 406/960/1054 594/956/1050 593/955/1049
f 595/957/1051 594/956/1050 597/961/1055 598/962/1056
f 406/960/1054 405/963/1057 597/961/1055 594/956/1050
f 599/964/1058 600/965/1059 601/966/1060 602/967/1061
f 602/967/1061 601/966/1060 603/968/1062 604/969/1063
s off
f 408/970/1064 605/971/1065 604/972/1066 409/973/1067
s 173
f 603/968/1062 404/974/1068 409/975/1069 604/969/1063
f 606/976/1070 599/964/1058 602/967/1061 607/977/1071
f 607/977/1071 602/967/1061 604/969/1063 608/978/1072
f 605/971/1073 593/955/1049 596/958/1052 609/979/1074
s 175
f 610/980/1075 611/981/1076 612/982/1077
s 173
f 593/955/1049 605/971/1078 408/970/1079 407/959/1053
f 613/983/1080 605/971/1073 609/979/1074 611/984/1081
f 608/978/1072 604/969/1063 605/985/1073 613/986/1080
f 614/987/1082 599/964/1058 606/976/1070 612/988/1083
s 175
f 613/989/1084 610/980/1075 608/990/1085
f 612/982/1077 606/991/1086 610/980/1075
f 610/980/1075 606/991/1086 607/992/1087
s 173
f 615/993/1088 616/994/1089 617/995/1090 618/996/1091
f 618/996/1091 617/995/1090 619/997/1092 620/998/1093
f 621/999/1094 615/993/1088 618/996/1091 622/1000/1095
f 622/1000/1095 618/996/1091 620/998/1093 623/1001/1096
f 624/1002/1097 584/946/1040 587/949/1043 625/1003/1098
s 176
f 626/1004/1099 627/1005/1100 628/1006/1101
s 173
f 629/1007/1102 624/1002/1097 625/1003/1098 627/1008/1103
f 623/1001/1096 620/998/1093 624/1009/1097 629/1010/1102
f 630/1011/1104 615/993/1088 621/999/1094 628/1012/1105
s 176
f 629/1013/1106 626/1004/1099 623/1014/1107
f 628/1006/1101 621/1015/1108 626/1004/1099
f 626/1004/1099 621/1015/1108 622/1016/1109
s 173
f 614/1017/1110 592/954/1048 584/946/1040 624/1002/1111
s off
f 599/1018/1112 614/1017/1113 624/1002/1114 620/1019/1115
s 173
f 619/997/1092 600/965/1059 599/964/1058 620/998/1093
f 631/1020/1116 632/1021/1117 633/1022/1118 634/1023/1119
f 634/1023/1119 633/1022/1118 635/1024/1120 636/1025/1121
f 637/1026/1122 631/1020/1116 634/1023/1119 638/1027/1123
f 638/1027/1123 634/1023/1119 636/1025/1121 639/1028/1124
f 640/1029/1125 575/937/1031 578/940/1034 641/1030/1126
s 178
f 642/1031/1127 643/1032/1128 644/1033/1129
s 173
f 645/1034/1130 640/1029/1125 641/1030/1126 643/1035/1131
f 639/1028/1124 636/1025/1121 640/1036/1125 645/1037/1130
f 646/1038/1132 631/1020/1116 637/1026/1122 644/1039/1133
s 178
f 645/1040/1134 642/1031/1127 639/1041/1135
f 644/1033/1129 637/1042/1136 642/1031/1127
f 642/1031/1127 637/1042/1136 638/1043/1137
s 173
f 630/1044/1138 583/945/1039 575/937/1031 640/1029/1139
s off
f 615/1045/1140 630/1044/1141 640/1029/1142 636/1046/1143
s 173
f 635/1024/1120 616/994/1089 615/993/1088 636/1025/1121
f 569/935/1029 570/1047/1144 646/1048/1145 574/936/1030
s off
f 646/1048/1146 570/1047/1147 571/1049/1148 631/1050/1149
s 173
f 566/1051/1150 632/1021/1117 631/1020/1116 571/1052/1151
f 573/934/1028 577/939/1033 580/942/1036 572/931/1025
f 574/936/1030 578/940/1034 577/939/1033 573/934/1028
f 646/1048/1132 641/1030/1126 578/940/1034 574/936/1030
f 644/1053/1133 643/1035/1131 641/1030/1126 646/1048/1132
f 582/943/1037 586/948/1042 589/951/1045 581/944/1038
f 583/945/1039 587/949/1043 586/948/1042 582/943/1037
f 630/1044/1104 625/1003/1098 587/949/1043 583/945/1039
f 628/1054/1105 627/1008/1103 625/1003/1098 630/1044/1104
f 591/952/1046 595/957/1051 598/962/1056 590/953/1047
f 592/954/1048 596/958/1052 595/957/1051 591/952/1046
f 614/1017/1082 609/979/1074 596/958/1052 592/954/1048
f 612/1055/1083 611/984/1081 609/979/1074 614/1017/1082
s 178
f 642/1031/1127 638/1043/1137 639/1041/1135
f 642/1031/1127 645/1040/1134 643/1032/1128
s 176
f 626/1004/1099 622/1016/1109 623/1014/1107
f 626/1004/1099 629/1013/1106 627/1005/1100
s 175
f 610/980/1075 607/992/1087 608/990/1085
f 610/980/1075 613/989/1084 611/981/1076
s 181
f 653/1056/1152 486/1057/1153 487/1058/1154 654/1059/1155
f 654/1059/1155 487/1058/1154 488/1060/1156 655/1061/1157
f 656/1062/1158 657/1063/1159 658/1064/1160 659/1065/1161
f 658/1064/1160 657/1063/1159 660/1066/1162 661/1067/1163
f 663/1068/1164 662/1069/1165 660/1066/1162 657/1063/1159
f 664/1070/1166 663/1068/1164 657/1063/1159 656/1062/1158
f 665/1071/1167 666/1072/1168 667/1073/1169 668/1074/1170
f 667/1073/1169 666/1072/1168 669/1075/1171 670/1076/1172
f 672/1077/1173 671/1078/1174 669/1075/1171 666/1072/1168
f 673/1079/1175 672/1077/1173 666/1072/1168 665/1071/1167
f 674/1080/1176 675/1081/1177 676/1082/1178 677/1083/1179
f 650/1084/1180 649/1085/1181 675/1081/1177 674/1080/1176
f 676/1082/1178 675/1081/1177 678/1086/1182 679/1087/1183
f 649/1085/1181 648/1088/1184 678/1086/1182 675/1081/1177
f 680/1089/1185 681/1090/1186 682/1091/1187 683/1092/1188
f 683/1092/1188 682/1091/1187 684/1093/1189 685/1094/1190
s off
f 651/1095/1191 686/1096/1192 685/1097/1193 652/1098/1194
s 181
f 684/1093/1189 647/1099/1195 652/1100/1196 685/1094/1190
f 687/1101/1197 680/1089/1185 683/1092/1188 688/1102/1198
f 688/1102/1198 683/1092/1188 685/1094/1190 689/1103/1199
f 686/1096/1200 674/1080/1176 677/1083/1179 690/1104/1201
s 183
f 691/1105/1202 692/1106/1203 693/1107/1204
s 181
f 674/1080/1176 686/1096/1205 651/1095/1206 650/1084/1180
f 694/1108/1207 686/1096/1200 690/1104/1201 692/1109/1208
f 689/1103/1199 685/1094/1190 686/1110/1200 694/1111/1207
f 695/1112/1209 680/1089/1185 687/1101/1197 693/1113/1210
s 183
f 694/1114/1211 691/1105/1202 689/1115/1212
f 693/1107/1204 687/1116/1213 691/1105/1202
f 691/1105/1202 687/1116/1213 688/1117/1214
s 181
f 696/1118/1215 697/1119/1216 698/1120/1217 699/1121/1218
f 699/1121/1218 698/1120/1217 700/1122/1219 701/1123/1220
f 702/1124/1221 696/1118/1215 699/1121/1218 703/1125/1222
f 703/1125/1222 699/1121/1218 701/1123/1220 704/1126/1223
f 705/1127/1224 665/1071/1167 668/1074/1170 706/1128/1225
s 184
f 707/1129/1226 708/1130/1227 709/1131/1228
s 181
f 710/1132/1229 705/1127/1224 706/1128/1225 708/1133/1230
f 704/1126/1223 701/1123/1220 705/1134/1224 710/1135/1229
f 711/1136/1231 696/1118/1215 702/1124/1221 709/1137/1232
s 184
f 710/1138/1233 707/1129/1226 704/1139/1234
f 709/1131/1228 702/1140/1235 707/1129/1226
f 707/1129/1226 702/1140/1235 703/1141/1236
s 181
f 695/1142/1237 673/1079/1175 665/1071/1167 705/1127/1238
s off
f 680/1143/1239 695/1142/1240 705/1127/1241 701/1144/1242
s 181
f 700/1122/1219 681/1090/1186 680/1089/1185 701/1123/1220
f 712/1145/1243 713/1146/1244 714/1147/1245 715/1148/1246
f 715/1148/1246 714/1147/1245 716/1149/1247 717/1150/1248
f 718/1151/1249 712/1145/1243 715/1148/1246 719/1152/1250
f 719/1152/1250 715/1148/1246 717/1150/1248 720/1153/1251
f 721/1154/1252 656/1062/1158 659/1065/1161 722/1155/1253
s 186
f 723/1156/1254 724/1157/1255 725/1158/1256
s 181
f 726/1159/1257 721/1154/1252 722/1155/1253 724/1160/1258
f 720/1153/1251 717/1150/1248 721/1161/1252 726/1162/1257
f 727/1163/1259 712/1145/1243 718/1151/1249 725/1164/1260
s 186
f 726/1165/1261 723/1156/1254 720/1166/1262
f 725/1158/1256 718/1167/1263 723/1156/1254
f 723/1156/1254 718/1167/1263 719/1168/1264
s 181
f 711/1169/1265 664/1070/1166 656/1062/1158 721/1154/1266
s off
f 696/1170/1267 711/1169/1268 721/1154/1269 717/1171/1270
s 181
f 716/1149/1247 697/1119/1216 696/1118/1215 717/1150/1248
f 488/1060/1156 489/1172/1271 727/1173/1272 655/1061/1157
s off
f 727/1173/1273 489/1172/1274 490/1174/1275 712/1175/1276
s 181
f 485/1176/1277 713/1146/1244 712/1145/1243 490/1177/1278
f 654/1059/1155 658/1064/1160 661/1067/1163 653/1056/1152
f 655/1061/1157 659/1065/1161 658/1064/1160 654/1059/1155
f 727/1173/1259 722/1155/1253 659/1065/1161 655/1061/1157
f 725/1178/1260 724/1160/1258 722/1155/1253 727/1173/1259
f 663/1068/1164 667/1073/1169 670/1076/1172 662/1069/1165
f 664/1070/1166 668/1074/1170 667/1073/1169 663/1068/1164
f 711/1169/1231 706/1128/1225 668/1074/1170 664/1070/1166
f 709/1179/1232 708/1133/1230 706/1128/1225 711/1169/1231
f 672/1077/1173 676/1082/1178 679/1087/1183 671/1078/1174
f 673/1079/1175 677/1083/1179 676/1082/1178 672/1077/1173
f 695/1142/1209 690/1104/1201 677/1083/1179 673/1079/1175
f 693/1180/1210 692/1109/1208 690/1104/1201 695/1142/1209
s 186
f 723/1156/1254 719/1168/1264 720/1166/1262
f 723/1156/1254 726/1165/1261 724/1157/1255
s 184
f 707/1129/1226 703/1141/1236 704/1139/1234
f 707/1129/1226 710/1138/1233 708/1130/1227
s 183
f 691/1105/1202 688/1117/1214 689/1115/1212
f 691/1105/1202 694/1114/1211 692/1106/1203
s off
f 734/1181/1279 735/1182/1280 811/1183/1281
s 190
f 732/1184/1282 729/1185/1283 730/1186/1284 731/1187/1285
f 732/1184/1282 733/1188/1286 728/1189/1287 729/1185/1283
s 191
f 736/1190/1288 648/1191/1289 649/1192/1290 737/1193/1291
f 737/1193/1291 649/1192/1290 650/1194/1292 738/1195/1293
f 739/1196/1294 740/1197/1295 741/1198/1296 742/1199/1297
f 741/1198/1296 740/1197/1295 743/1200/1298 744/1201/1299
f 746/1202/1300 745/1203/1301 743/1200/1298 740/1197/1295
f 747/1204/1302 746/1202/1300 740/1197/1295 739/1196/1294
f 748/1205/1303 749/1206/1304 750/1207/1305 751/1208/1306
f 750/1207/1305 749/1206/1304 752/1209/1307 753/1210/1308
f 755/1211/1309 754/1212/1310 752/1209/1307 749/1206/1304
f 756/1213/1311 755/1211/1309 749/1206/1304 748/1205/1303
f 757/1214/1312 758/1215/1313 759/1216/1314 760/1217/1315
f 733/1218/1316 732/1219/1317 758/1215/1313 757/1214/1312
f 759/1216/1314 758/1215/1313 761/1220/1318 762/1221/1319
f 732/1219/1317 731/1222/1320 761/1220/1318 758/1215/1313
f 763/1223/1321 764/1224/1322 765/1225/1323 766/1226/1324
f 766/1226/1324 765/1225/1323 767/1227/1325 768/1228/1326
s off
f 734/1229/1327 769/1230/1328 768/1231/1329 735/1232/1330
s 191
f 767/1227/1325 811/1233/1331 735/1234/1332 768/1228/1326
f 770/1235/1333 763/1223/1321 766/1226/1324 771/1236/1334
f 771/1236/1334 766/1226/1324 768/1228/1326 772/1237/1335
f 769/1230/1336 757/1214/1312 760/1217/1315 773/1238/1337
s 193
f 774/1239/1338 775/1240/1339 776/1241/1340
s 191
f 757/1214/1312 769/1230/1341 734/1229/1342 733/1218/1316
f 777/1242/1343 769/1230/1336 773/1238/1337 775/1243/1344
f 772/1237/1335 768/1228/1326 769/1244/1336 777/1245/1343
f 778/1246/1345 763/1223/1321 770/1235/1333 776/1247/1346
s 193
f 777/1248/1347 774/1239/1338 772/1249/1348
f 776/1241/1340 770/1250/1349 774/1239/1338
f 774/1239/1338 770/1250/1349 771/1251/1350
s 191
f 779/1252/1351 780/1253/1352 781/1254/1353 782/1255/1354
f 782/1255/1354 781/1254/1353 783/1256/1355 784/1257/1356
f 785/1258/1357 779/1252/1351 782/1255/1354 786/1259/1358
f 786/1259/1358 782/1255/1354 784/1257/1356 787/1260/1359
f 788/1261/1360 748/1205/1303 751/1208/1306 789/1262/1361
s 194
f 790/1263/1362 791/1264/1363 792/1265/1364
s 191
f 793/1266/1365 788/1261/1360 789/1262/1361 791/1267/1366
f 787/1260/1359 784/1257/1356 788/1268/1360 793/1269/1365
f 794/1270/1367 779/1252/1351 785/1258/1357 792/1271/1368
s 194
f 793/1272/1369 790/1263/1362 787/1273/1370
f 792/1265/1364 785/1274/1371 790/1263/1362
f 790/1263/1362 785/1274/1371 786/1275/1372
s 191
f 778/1276/1373 756/1213/1311 748/1205/1303 788/1261/1374
s off
f 763/1277/1375 778/1276/1376 788/1261/1377 784/1278/1378
s 191
f 783/1256/1355 764/1224/1322 763/1223/1321 784/1257/1356
f 795/1279/1379 796/1280/1380 797/1281/1381 798/1282/1382
f 798/1282/1382 797/1281/1381 799/1283/1383 800/1284/1384
f 801/1285/1385 795/1279/1379 798/1282/1382 802/1286/1386
f 802/1286/1386 798/1282/1382 800/1284/1384 803/1287/1387
f 804/1288/1388 739/1196/1294 742/1199/1297 805/1289/1389
s 196
f 806/1290/1390 807/1291/1391 808/1292/1392
s 191
f 809/1293/1393 804/1288/1388 805/1289/1389 807/1294/1394
f 803/1287/1387 800/1284/1384 804/1295/1388 809/1296/1393
f 810/1297/1395 795/1279/1379 801/1285/1385 808/1298/1396
s 196
f 809/1299/1397 806/1290/1390 803/1300/1398
f 808/1292/1392 801/1301/1399 806/1290/1390
f 806/1290/1390 801/1301/1399 802/1302/1400
s 191
f 794/1303/1401 747/1204/1302 739/1196/1294 804/1288/1402
s off
f 779/1304/1403 794/1303/1404 804/1288/1405 800/1305/1406
s 191
f 799/1283/1383 780/1253/1352 779/1252/1351 800/1284/1384
f 650/1194/1292 651/1306/1407 810/1307/1408 738/1195/1293
s off
f 810/1307/1409 651/1306/1410 652/1308/1411 795/1309/1412
s 191
f 647/1310/1413 796/1280/1380 795/1279/1379 652/1311/1414
f 737/1193/1291 741/1198/1296 744/1201/1299 736/1190/1288
f 738/1195/1293 742/1199/1297 741/1198/1296 737/1193/1291
f 810/1307/1395 805/1289/1389 742/1199/1297 738/1195/1293
f 808/1312/1396 807/1294/1394 805/1289/1389 810/1307/1395
f 746/1202/1300 750/1207/1305 753/1210/1308 745/1203/1301
f 747/1204/1302 751/1208/1306 750/1207/1305 746/1202/1300
f 794/1303/1367 789/1262/1361 751/1208/1306 747/1204/1302
f 792/1313/1368 791/1267/1366 789/1262/1361 794/1303/1367
f 755/1211/1309 759/1216/1314 762/1221/1319 754/1212/1310
f 756/1213/1311 760/1217/1315 759/1216/1314 755/1211/1309
f 778/1276/1345 773/1238/1337 760/1217/1315 756/1213/1311
f 776/1314/1346 775/1243/1344 773/1238/1337 778/1276/1345
s 196
f 806/1290/1390 802/1302/1400 803/1300/1398
f 806/1290/1390 809/1299/1397 807/1291/1391
s 194
f 790/1263/1362 786/1275/1372 787/1273/1370
f 790/1263/1362 793/1272/1369 791/1264/1363
s 193
f 774/1239/1338 771/1251/1350 772/1249/1348
f 774/1239/1338 777/1248/1347 775/1240/1339
s 190
f 734/1181/1415 811/1183/1416 728/1189/1287 733/1188/1286
s 199
f 818/1315/1417 817/1316/1418 812/1317/1419 895/1318/1420
f 816/1319/1421 815/1320/1422 814/1321/1423 813/1322/1424
f 816/1319/1421 813/1322/1424 812/1317/1419 817/1316/1418
s 200
f 820/1323/1425 815/1324/1426 816/1325/1427 821/1326/1428
f 821/1326/1428 816/1325/1427 817/1327/1429 822/1328/1430
f 823/1329/1431 824/1330/1432 825/1331/1433 826/1332/1434
f 825/1331/1433 824/1330/1432 827/1333/1435 828/1334/1436
f 830/1335/1437 829/1336/1438 827/1333/1435 824/1330/1432
f 831/1337/1439 830/1335/1437 824/1330/1432 823/1329/1431
f 832/1338/1440 833/1339/1441 834/1340/1442 835/1341/1443
f 834/1340/1442 833/1339/1441 836/1342/1444 837/1343/1445
f 839/1344/1446 838/1345/1447 836/1342/1444 833/1339/1441
f 840/1346/1448 839/1344/1446 833/1339/1441 832/1338/1440
f 841/1347/1449 842/1348/1450 843/1349/1451 844/1350/1452
f 569/1351/1453 568/1352/1454 842/1348/1450 841/1347/1449
f 843/1349/1451 842/1348/1450 845/1353/1455 846/1354/1456
f 568/1352/1454 567/1355/1457 845/1353/1455 842/1348/1450
f 847/1356/1458 848/1357/1459 849/1358/1460 850/1359/1461
f 850/1359/1461 849/1358/1460 851/1360/1462 852/1361/1463
s off
f 570/1362/1464 853/1363/1465 852/1364/1466 571/1365/1467
s 200
f 851/1360/1462 566/1366/1468 571/1367/1469 852/1361/1463
f 854/1368/1470 847/1356/1458 850/1359/1461 855/1369/1471
f 855/1369/1471 850/1359/1461 852/1361/1463 856/1370/1472
f 853/1363/1473 841/1347/1449 844/1350/1452 857/1371/1474
s 202
f 858/1372/1475 859/1373/1476 860/1374/1477
s 200
f 841/1347/1449 853/1363/1478 570/1362/1479 569/1351/1453
f 861/1375/1480 853/1363/1473 857/1371/1474 859/1376/1481
f 856/1370/1472 852/1361/1463 853/1377/1473 861/1378/1480
f 862/1379/1482 847/1356/1458 854/1368/1470 860/1380/1483
s 202
f 861/1381/1484 858/1372/1475 856/1382/1485
f 860/1374/1477 854/1383/1486 858/1372/1475
f 858/1372/1475 854/1383/1486 855/1384/1487
s 200
f 863/1385/1488 864/1386/1489 865/1387/1490 866/1388/1491
f 866/1388/1491 865/1387/1490 867/1389/1492 868/1390/1493
f 869/1391/1494 863/1385/1488 866/1388/1491 870/1392/1495
f 870/1392/1495 866/1388/1491 868/1390/1493 871/1393/1496
f 872/1394/1497 832/1338/1440 835/1341/1443 873/1395/1498
s 203
f 874/1396/1499 875/1397/1500 876/1398/1501
s 200
f 877/1399/1502 872/1394/1497 873/1395/1498 875/1400/1503
f 871/1393/1496 868/1390/1493 872/1401/1497 877/1402/1502
f 878/1403/1504 863/1385/1488 869/1391/1494 876/1404/1505
s 203
f 877/1405/1506 874/1396/1499 871/1406/1507
f 876/1398/1501 869/1407/1508 874/1396/1499
f 874/1396/1499 869/1407/1508 870/1408/1509
s 200
f 862/1409/1510 840/1346/1448 832/1338/1440 872/1394/1511
s off
f 847/1410/1512 862/1409/1513 872/1394/1514 868/1411/1515
s 200
f 867/1389/1492 848/1357/1459 847/1356/1458 868/1390/1493
f 879/1412/1516 880/1413/1517 881/1414/1518 882/1415/1519
f 882/1415/1519 881/1414/1518 883/1416/1520 884/1417/1521
f 885/1418/1522 879/1412/1516 882/1415/1519 886/1419/1523
f 886/1419/1523 882/1415/1519 884/1417/1521 887/1420/1524
f 888/1421/1525 823/1329/1431 826/1332/1434 889/1422/1526
s 205
f 890/1423/1527 891/1424/1528 892/1425/1529
s 200
f 893/1426/1530 888/1421/1525 889/1422/1526 891/1427/1531
f 887/1420/1524 884/1417/1521 888/1428/1525 893/1429/1530
f 894/1430/1532 879/1412/1516 885/1418/1522 892/1431/1533
s 205
f 893/1432/1534 890/1423/1527 887/1433/1535
f 892/1425/1529 885/1434/1536 890/1423/1527
f 890/1423/1527 885/1434/1536 886/1435/1537
s 200
f 878/1436/1538 831/1337/1439 823/1329/1431 888/1421/1539
s off
f 863/1437/1540 878/1436/1541 888/1421/1542 884/1438/1543
s 200
f 883/1416/1520 864/1386/1489 863/1385/1488 884/1417/1521
f 817/1327/1429 818/1439/1544 894/1440/1545 822/1328/1430
s off
f 894/1440/1546 818/1439/1547 819/1441/1548 879/1442/1549
s 200
f 821/1326/1428 825/1331/1433 828/1334/1436 820/1323/1425
f 822/1328/1430 826/1332/1434 825/1331/1433 821/1326/1428
f 894/1440/1532 889/1422/1526 826/1332/1434 822/1328/1430
f 892/1443/1533 891/1427/1531 889/1422/1526 894/1440/1532
f 830/1335/1437 834/1340/1442 837/1343/1445 829/1336/1438
f 831/1337/1439 835/1341/1443 834/1340/1442 830/1335/1437
f 878/1436/1504 873/1395/1498 835/1341/1443 831/1337/1439
f 876/1444/1505 875/1400/1503 873/1395/1498 878/1436/1504
f 839/1344/1446 843/1349/1451 846/1354/1456 838/1345/1447
f 840/1346/1448 844/1350/1452 843/1349/1451 839/1344/1446
f 862/1409/1482 857/1371/1474 844/1350/1452 840/1346/1448
f 860/1445/1483 859/1376/1481 857/1371/1474 862/1409/1482
s 205
f 890/1423/1527 886/1435/1537 887/1433/1535
f 890/1423/1527 893/1432/1534 891/1424/1528
s 203
f 874/1396/1499 870/1408/1509 871/1406/1507
f 874/1396/1499 877/1405/1506 875/1397/1500
s 202
f 858/1372/1475 855/1384/1487 856/1382/1485
f 858/1372/1475 861/1381/1484 859/1373/1476
s 200
f 895/1446/1550 880/1413/1517 879/1412/1516 819/1447/1551
s off
f 818/1315/1552 895/1318/1553 819/1448/1554
f 913/1449/1555 912/1450/1556 898/1451/1557 897/1452/1558
f 898/1453/1559 912/1454/1560 899/1455/1561 900/1456/1562
f 902/1457/1563 901/1458/1564 903/1459/1565 904/1460/1566
f 904/1461/1567 903/1462/1568 811/1463/1569 905/1464/1570
s 213
f 897/1465/1571 907/1466/1572 914/1467/1573 913/1468/1574
s 214
f 907/1469/1575 909/1470/1576 915/1471/1577 914/1472/1578
s off
f 909/1473/1579 910/1474/1580 916/1475/1581 915/1476/1582
f 903/1477/1583 896/1478/1584 911/1479/1585 811/1480/1586
f 901/1481/1587 899/1482/1588 912/1483/1589 913/1484/1590
f 903/1485/1591 901/1481/1592 913/1484/1593 896/1486/1594
f 911/1487/1595 896/1488/1596 908/1489/1597
s 213
f 914/1467/1573 906/1490/1598 896/1491/1599 913/1468/1574
s 214
f 915/1471/1577 908/1492/1600 906/1493/1601 914/1472/1578
s off
f 900/1494/1602 899/1495/1603 901/1496/1604 902/1497/1605
f 920/1498/1606 895/1499/1607 923/1500/1608 917/1501/1609
f 919/1502/1610 925/1503/1611 924/1504/1612 918/1505/1613
f 920/1506/1614 917/1507/1615 925/1503/1616 919/1502/1617
s 224
f 923/1508/1618 922/1509/1619 917/1510/1620
s off
f 908/1511/1621 915/1512/1622 926/1513/1623 922/1509/1624
s 224
f 923/1508/1618 911/1514/1625 908/1511/1626 922/1509/1619
s 226
f 927/1515/1627 925/1516/1628 917/1517/1629 921/1518/1630
s 227
f 926/1519/1631 927/1520/1632 921/1521/1633 922/1522/1634
s off
f 895/1523/1635 812/1524/1636 728/1525/1637 811/1526/1638
f 729/1527/1639 728/1525/1640 812/1524/1641 813/1528/1642
f 813/1528/1643 814/1529/1644 730/1530/1645 729/1527/1646
f 923/1531/1647 895/1523/1648 811/1526/1649 911/1532/1650
f 926/1533/1651 915/1534/1652 916/1535/1653 928/1536/1654
f 930/1537/1655 929/1538/1656 895/1539/1657 920/1540/1658
f 931/1541/1659 930/1542/1660 920/1543/1661 919/1544/1662
f 932/1545/1663 931/1546/1664 919/1547/1665 918/1548/1666
f 933/1549/1667 932/1550/1668 918/1551/1669 924/1552/1670
f 925/1553/1671 934/1554/1672 933/1555/1673 924/1556/1674
s 226
f 935/1557/1675 934/1558/1676 925/1516/1628 927/1515/1627
s 227
f 936/1559/1677 935/1560/1678 927/1520/1632 926/1519/1631
s off
f 937/1561/1679 936/1562/1680 926/1563/1681 928/1564/1682
f 944/1565/1683 945/1566/1684 996/1567/1685
s 240
f 942/1568/1686 939/1569/1687 940/1570/1688 941/1571/1689
f 942/1568/1686 943/1572/1690 938/1573/1691 939/1569/1687
s 241
f 947/1574/1692 946/1575/1693 435/1576/1694 432/1577/1695
f 948/1578/1696 947/1574/1692 432/1577/1695 431/1579/1697
f 949/1580/1698 950/1581/1699 951/1582/1700 952/1583/1701
f 951/1582/1700 950/1581/1699 953/1584/1702 954/1585/1703
f 956/1586/1704 955/1587/1705 953/1584/1702 950/1581/1699
f 957/1588/1706 956/1586/1704 950/1581/1699 949/1580/1698
f 958/1589/1707 959/1590/1708 960/1591/1709 961/1592/1710
f 943/1593/1711 942/1594/1712 959/1590/1708 958/1589/1707
f 960/1591/1709 959/1590/1708 962/1595/1713 963/1596/1714
f 942/1594/1712 941/1597/1715 962/1595/1713 959/1590/1708
f 964/1598/1716 965/1599/1717 966/1600/1718 967/1601/1719
f 967/1601/1719 966/1600/1718 968/1602/1720 969/1603/1721
s off
f 944/1604/1722 970/1605/1723 969/1606/1724 945/1607/1725
s 241
f 968/1602/1720 996/1608/1726 945/1609/1727 969/1603/1721
f 971/1610/1728 964/1598/1716 967/1601/1719 972/1611/1729
f 972/1611/1729 967/1601/1719 969/1603/1721 973/1612/1730
f 970/1605/1731 958/1589/1707 961/1592/1710 974/1613/1732
s 243
f 975/1614/1733 976/1615/1734 977/1616/1735
s 241
f 958/1589/1707 970/1605/1736 944/1604/1737 943/1593/1711
f 978/1617/1738 970/1605/1731 974/1613/1732 976/1618/1739
f 973/1612/1730 969/1603/1721 970/1619/1731 978/1620/1738
f 979/1621/1740 964/1598/1716 971/1610/1728 977/1622/1741
s 243
f 978/1623/1742 975/1614/1733 973/1624/1743
f 977/1616/1735 971/1625/1744 975/1614/1733
f 975/1614/1733 971/1625/1744 972/1626/1745
s 241
f 980/1627/1746 981/1628/1747 982/1629/1748 983/1630/1749
f 983/1630/1749 982/1629/1748 984/1631/1750 985/1632/1751
f 986/1633/1752 980/1627/1746 983/1630/1749 987/1634/1753
f 987/1634/1753 983/1630/1749 985/1632/1751 988/1635/1754
f 989/1636/1755 949/1580/1698 952/1583/1701 990/1637/1756
s 244
f 991/1638/1757 992/1639/1758 993/1640/1759
s 241
f 994/1641/1760 989/1636/1755 990/1637/1756 992/1642/1761
f 988/1635/1754 985/1632/1751 989/1643/1755 994/1644/1760
f 995/1645/1762 980/1627/1746 986/1633/1752 993/1646/1763
s 244
f 994/1647/1764 991/1638/1757 988/1648/1765
f 993/1640/1759 986/1649/1766 991/1638/1757
f 991/1638/1757 986/1649/1766 987/1650/1767
s 241
f 979/1651/1768 957/1588/1706 949/1580/1698 989/1636/1769
s off
f 964/1652/1770 979/1651/1771 989/1636/1772 985/1653/1773
s 241
f 984/1631/1750 965/1599/1717 964/1598/1716 985/1632/1751
f 995/1654/1774 948/1578/1696 431/1579/1697 443/1655/1775
s off
f 980/1656/1776 995/1654/1777 443/1655/1778 442/1657/1779
s 241
f 441/1658/1780 981/1628/1747 980/1627/1746 442/1659/1781
f 947/1574/1692 951/1582/1700 954/1585/1703 946/1575/1693
f 948/1578/1696 952/1583/1701 951/1582/1700 947/1574/1692
f 995/1654/1762 990/1637/1756 952/1583/1701 948/1578/1696
f 993/1660/1763 992/1642/1761 990/1637/1756 995/1654/1762
f 956/1586/1704 960/1591/1709 963/1596/1714 955/1587/1705
f 957/1588/1706 961/1592/1710 960/1591/1709 956/1586/1704
f 979/1651/1740 974/1613/1732 961/1592/1710 957/1588/1706
f 977/1661/1741 976/1618/1739 974/1613/1732 979/1651/1740
s 244
f 991/1638/1757 987/1650/1767 988/1648/1765
f 991/1638/1757 994/1647/1764 992/1639/1758
s 243
f 975/1614/1733 972/1626/1745 973/1624/1743
f 975/1614/1733 978/1623/1742 976/1615/1734
s 240
f 944/1565/1782 996/1567/1783 938/1573/1691 943/1572/1690
s 247
f 1003/1662/1784 1002/1663/1785 997/1664/1786 1055/1665/1787
f 1001/1666/1788 1000/1667/1789 999/1668/1790 998/1669/1791
f 1001/1666/1788 998/1669/1791 997/1664/1786 1002/1663/1785
s 248
f 1005/1670/1792 1000/1671/1793 1001/1672/1794 1006/1673/1795
f 1006/1673/1795 1001/1672/1794 1002/1674/1796 1007/1675/1797
f 1008/1676/1798 1009/1677/1799 1010/1678/1800 1011/1679/1801
f 1010/1678/1800 1009/1677/1799 1012/1680/1802 1013/1681/1803
f 1015/1682/1804 1014/1683/1805 1012/1680/1802 1009/1677/1799
f 1016/1684/1806 1015/1682/1804 1009/1677/1799 1008/1676/1798
f 1017/1685/1807 1018/1686/1808 1019/1687/1809 1020/1688/1810
f 1019/1687/1809 1018/1686/1808 1021/1689/1811 1022/1690/1812
f 492/1691/1813 491/1692/1814 1021/1689/1811 1018/1686/1808
f 493/1693/1815 492/1691/1813 1018/1686/1808 1017/1685/1807
f 1023/1694/1816 1024/1695/1817 1025/1696/1818 1026/1697/1819
f 1026/1697/1819 1025/1696/1818 1027/1698/1820 1028/1699/1821
f 1029/1700/1822 1023/1694/1816 1026/1697/1819 1030/1701/1823
f 1030/1701/1823 1026/1697/1819 1028/1699/1821 1031/1702/1824
f 1032/1703/1825 1017/1685/1807 1020/1688/1810 1033/1704/1826
s 249
f 1034/1705/1827 1035/1706/1828 1036/1707/1829
s 248
f 1037/1708/1830 1032/1703/1825 1033/1704/1826 1035/1709/1831
f 1031/1702/1824 1028/1699/1821 1032/1710/1825 1037/1711/1830
f 1038/1712/1832 1023/1694/1816 1029/1700/1822 1036/1713/1833
s 249
f 1037/1714/1834 1034/1705/1827 1031/1715/1835
f 1036/1707/1829 1029/1716/1836 1034/1705/1827
f 1034/1705/1827 1029/1716/1836 1030/1717/1837
s 248
f 565/1718/1838 493/1693/1815 1017/1685/1807 1032/1703/1839
s off
f 550/1719/1840 565/1718/1841 1032/1703/1842 1028/1720/1843
s 248
f 1027/1698/1820 551/1721/1844 550/1722/1845 1028/1699/1821
f 1039/1723/1846 1040/1724/1847 1041/1725/1848 1042/1726/1849
f 1042/1726/1849 1041/1725/1848 1043/1727/1850 1044/1728/1851
f 1045/1729/1852 1039/1723/1846 1042/1726/1849 1046/1730/1853
f 1046/1730/1853 1042/1726/1849 1044/1728/1851 1047/1731/1854
f 1048/1732/1855 1008/1676/1798 1011/1679/1801 1049/1733/1856
s 251
f 1050/1734/1857 1051/1735/1858 1052/1736/1859
s 248
f 1053/1737/1860 1048/1732/1855 1049/1733/1856 1051/1738/1861
f 1047/1731/1854 1044/1728/1851 1048/1739/1855 1053/1740/1860
f 1054/1741/1862 1039/1723/1846 1045/1729/1852 1052/1742/1863
s 251
f 1053/1743/1864 1050/1734/1857 1047/1744/1865
f 1052/1736/1859 1045/1745/1866 1050/1734/1857
f 1050/1734/1857 1045/1745/1866 1046/1746/1867
s 248
f 1038/1747/1868 1016/1684/1806 1008/1676/1798 1048/1732/1869
s off
f 1023/1748/1870 1038/1747/1871 1048/1732/1872 1044/1749/1873
s 248
f 1043/1727/1850 1024/1695/1817 1023/1694/1816 1044/1728/1851
f 1002/1674/1796 1003/1750/1874 1054/1751/1875 1007/1675/1797
s off
f 1054/1751/1876 1003/1750/1877 1004/1752/1878 1039/1753/1879
s 248
f 1006/1673/1795 1010/1678/1800 1013/1681/1803 1005/1670/1792
f 1007/1675/1797 1011/1679/1801 1010/1678/1800 1006/1673/1795
f 1054/1751/1862 1049/1733/1856 1011/1679/1801 1007/1675/1797
f 1052/1754/1863 1051/1738/1861 1049/1733/1856 1054/1751/1862
f 1015/1682/1804 1019/1687/1809 1022/1690/1812 1014/1683/1805
f 1016/1684/1806 1020/1688/1810 1019/1687/1809 1015/1682/1804
f 1038/1747/1832 1033/1704/1826 1020/1688/1810 1016/1684/1806
f 1036/1755/1833 1035/1709/1831 1033/1704/1826 1038/1747/1832
s 251
f 1050/1734/1857 1046/1746/1867 1047/1744/1865
f 1050/1734/1857 1053/1743/1864 1051/1735/1858
s 249
f 1034/1705/1827 1030/1717/1837 1031/1715/1835
f 1034/1705/1827 1037/1714/1834 1035/1706/1828
s 248
f 1055/1756/1880 1040/1724/1847 1039/1723/1846 1004/1757/1881
s off
f 1003/1662/1882 1055/1665/1883 1004/1758/1884
f 1073/1759/1885 1072/1760/1886 1058/1761/1887 1057/1762/1888
f 1058/1763/1889 1072/1764/1890 1059/1765/1891 1060/1766/1892
f 1062/1767/1893 1061/1768/1894 1063/1769/1895 1064/1770/1896
f 1064/1771/1897 1063/1772/1898 996/1773/1899 1065/1774/1900
s 259
f 1057/1775/1901 1067/1776/1902 1074/1777/1903 1073/1778/1904
s 260
f 1067/1779/1905 1069/1780/1906 1075/1781/1907 1074/1782/1908
s off
f 1069/1783/1909 1070/1784/1910 1076/1785/1911 1075/1786/1912
f 1063/1787/1913 1056/1788/1914 1071/1789/1915 996/1790/1916
f 1061/1791/1917 1059/1792/1918 1072/1793/1919 1073/1794/1920
f 1063/1795/1921 1061/1791/1922 1073/1794/1923 1056/1796/1924
f 1071/1797/1925 1056/1798/1926 1068/1799/1927
s 259
f 1074/1777/1903 1066/1800/1928 1056/1801/1929 1073/1778/1904
s 260
f 1075/1781/1907 1068/1802/1930 1066/1803/1931 1074/1782/1908
s off
f 1060/1804/1932 1059/1805/1933 1061/1806/1934 1062/1807/1935
f 1094/1808/1936 1078/1809/1937 1079/1810/1938 1093/1811/1939
f 1079/1812/1940 1081/1813/1941 1080/1814/1942 1093/1815/1943
f 1083/1816/1944 1085/1817/1945 1084/1818/1946 1082/1819/1947
f 1085/1820/1948 1086/1821/1949 1055/1822/1950 1084/1823/1951
s 271
f 1078/1824/1952 1094/1825/1953 1096/1826/1954 1088/1827/1955
s 272
f 1088/1828/1956 1096/1829/1957 1095/1830/1958 1090/1831/1959
s off
f 1090/1832/1960 1095/1833/1961 1097/1834/1962 1091/1835/1963
f 1084/1836/1964 1055/1837/1965 1092/1838/1966 1077/1839/1967
f 1082/1840/1968 1094/1841/1969 1093/1842/1970 1080/1843/1971
f 1084/1844/1972 1077/1845/1973 1094/1841/1974 1082/1840/1975
s 277
f 1092/1846/1976 1089/1847/1977 1077/1848/1978
s off
f 1068/1849/1979 1075/1850/1980 1095/1851/1981 1089/1847/1982
s 277
f 1092/1846/1976 1071/1852/1983 1068/1849/1984 1089/1847/1977
s 271
f 1096/1826/1954 1094/1825/1953 1077/1853/1985 1087/1854/1986
s 272
f 1095/1830/1958 1096/1829/1957 1087/1855/1987 1089/1856/1988
s off
f 1081/1857/1989 1083/1858/1990 1082/1859/1991 1080/1860/1992
f 1055/1861/1993 997/1862/1994 938/1863/1995 996/1864/1996
f 939/1865/1997 938/1863/1998 997/1862/1999 998/1866/2000
f 998/1866/2001 999/1867/2002 940/1868/2003 939/1865/2004
f 1092/1869/2005 1055/1861/2006 996/1864/2007 1071/1870/2008
f 1095/1871/2009 1075/1872/2010 1076/1873/2011 1097/1874/2012
f 897/1875/2013 898/1876/2014 1079/1877/2015 1078/1878/2016
f 1079/1879/2017 898/1880/2018 900/1881/2019 1081/1882/2020
f 1083/1883/2021 902/1884/2022 904/1885/2023 1085/1886/2024
f 1085/1887/2025 904/1888/2026 905/1889/2027 1086/1890/2028
f 1078/1891/2029 1088/1892/2030 907/1893/2031 897/1894/2032
f 1088/1895/2033 1090/1896/2034 909/1897/2035 907/1898/2036
f 1090/1899/2037 1091/1900/2038 910/1901/2039 909/1902/2040
f 1081/1903/2041 900/1904/2042 902/1905/2043 1083/1906/2044
f 934/1907/2045 1057/1908/2046 1058/1909/2047 933/1910/2048
f 1058/1911/2049 1060/1912/2050 932/1913/2051 933/1914/2052
f 1062/1915/2053 1064/1916/2054 930/1917/2055 931/1918/2056
f 1064/1919/2057 1065/1920/2058 929/1921/2059 930/1922/2060
f 1057/1923/2061 934/1924/2062 935/1925/2063 1067/1926/2064
f 1067/1927/2065 935/1928/2066 936/1929/2067 1069/1930/2068
f 1069/1931/2069 936/1932/2070 937/1933/2071 1070/1934/2072
f 1060/1935/2073 1062/1936/2074 931/1937/2075 932/1938/2076
f 936/1929/2077 935/1928/2078 1099/1939/2079 1098/1940/2080
f 937/1933/2081 936/1932/2082 1098/1941/2083 1100/1942/2084
s 303
f 1101/1943/2085 1102/1944/2086 1103/1945/2087 1104/1946/2088
f 1101/1943/2085 1105/1947/2089 1106/1948/2090 1102/1944/2086
f 1105/1947/2089 1107/1949/2091 1108/1950/2092 1106/1948/2090
f 1109/1951/2093 1108/1952/2092 1107/1953/2091 1110/1954/2094
f 1110/1954/2094 1111/1955/2095 1112/1956/2096 1109/1951/2093
f 1111/1955/2095 1104/1946/2088 1103/1945/2087 1112/1956/2096
s 304
f 1113/1957/2097 1114/1958/2098 1115/1959/2099
f 1113/1957/2097 1116/1960/2100 1114/1958/2098
s 305
f 1114/1961/2101 1101/1943/2102 1104/1946/2103 1115/1962/2104
f 1115/1962/2104 1104/1946/2103 1111/1955/2105 1117/1963/2106
f 1118/1964/2107 1117/1963/2106 1111/1955/2105 1110/1954/2108
f 1107/1953/2109 1119/1965/2110 1118/1964/2107 1110/1954/2108
f 1119/1966/2110 1107/1949/2109 1105/1947/2111 1116/1967/2112
f 1114/1961/2101 1116/1967/2112 1105/1947/2111 1101/1943/2102
s 304
f 1118/1968/2113 1113/1957/2097 1117/1969/2114
f 1118/1968/2113 1119/1970/2115 1113/1957/2097
f 1113/1957/2097 1119/1970/2115 1116/1960/2100
f 1117/1969/2114 1113/1957/2097 1115/1959/2099
s 306
f 1120/1971/2116 1121/1972/2117 1122/1973/2118 1123/1974/2119
f 1120/1971/2116 1124/1975/2120 1125/1976/2121 1121/1972/2117
f 1124/1975/2120 1126/1977/2122 1127/1978/2123 1125/1976/2121
f 1128/1979/2124 1129/1980/2125 1127/1978/2123 1126/1977/2122
f 1128/1979/2124 1130/1981/2126 1131/1982/2127 1129/1980/2125
f 1130/1983/2126 1123/1974/2119 1122/1973/2118 1131/1984/2127
s 307
f 1132/1985/2128 1133/1986/2129 1134/1987/2130 1135/1988/2131
f 1136/1989/2132 1135/1988/2131 1134/1987/2130 1137/1990/2133
f 1138/1991/2134 1136/1992/2132 1137/1993/2133 1139/1994/2135
f 1138/1991/2134 1139/1994/2135 1140/1995/2136 1141/1996/2137
f 1142/1997/2138 1141/1996/2137 1140/1995/2136 1143/1998/2139
f 1132/1985/2128 1142/1997/2138 1143/1998/2139 1133/1986/2129
s 308
f 1144/1999/2140 1145/2000/2141 1146/2001/2142 1147/2002/2143
f 1148/2003/2144 1147/2002/2143 1146/2001/2142 1149/2004/2145
f 1150/2005/2146 1148/2006/2144 1149/2007/2145 1151/2008/2147
f 1150/2005/2146 1151/2008/2147 1152/2009/2148 1153/2010/2149
f 1154/2011/2150 1153/2010/2149 1152/2009/2148 1155/2012/2151
f 1144/1999/2140 1154/2011/2150 1155/2012/2151 1145/2000/2141
s 309
f 1134/1987/2152 1133/1986/2153 1144/1999/2154 1147/2002/2155
f 1137/1990/2156 1134/1987/2152 1147/2002/2155 1148/2003/2157
f 1139/1994/2158 1137/1993/2156 1148/2006/2157 1150/2005/2159
f 1140/1995/2160 1139/1994/2158 1150/2005/2159 1153/2010/2161
f 1143/1998/2162 1140/1995/2160 1153/2010/2161 1154/2011/2163
f 1133/1986/2153 1143/1998/2162 1154/2011/2163 1144/1999/2154
s 310
f 1146/2001/2164 1145/2000/2165 1120/1971/2166 1123/1974/2167
f 1149/2004/2168 1146/2001/2164 1123/1974/2167 1130/1983/2169
f 1151/2008/2170 1149/2007/2168 1130/1981/2169 1128/1979/2171
f 1152/2009/2172 1151/2008/2170 1128/1979/2171 1126/1977/2173
f 1155/2012/2174 1152/2009/2172 1126/1977/2173 1124/1975/2175
f 1145/2000/2165 1155/2012/2174 1124/1975/2175 1120/1971/2166
s 311
f 1102/2013/2176 1132/1985/2177 1135/1988/2178 1103/2014/2179
f 1103/2014/2179 1135/1988/2178 1136/1989/2180 1112/2015/2181
f 1112/2016/2181 1136/1992/2180 1138/1991/2182 1109/2017/2183
f 1109/2017/2183 1138/1991/2182 1141/1996/2184 1108/2018/2185
f 1108/2018/2185 1141/1996/2184 1142/1997/2186 1106/2019/2187
f 1106/2019/2187 1142/1997/2186 1132/1985/2177 1102/2013/2176
s 312
f 1156/2020/2188 1157/2021/2189 1158/2022/2190 1159/2023/2191
f 1156/2020/2188 1160/2024/2192 1161/2025/2193 1157/2021/2189
f 1160/2024/2192 1162/2026/2194 1163/2027/2195 1161/2025/2193
f 1164/2028/2196 1165/2029/2197 1163/2027/2195 1162/2026/2194
f 1164/2028/2196 1166/2030/2198 1167/2031/2199 1165/2029/2197
f 1166/2032/2198 1159/2023/2191 1158/2022/2190 1167/2033/2199
s 313
f 1168/2034/2200 1169/2035/2201 1170/2036/2202 1171/2037/2203
f 1172/2038/2204 1171/2037/2203 1170/2036/2202 1173/2039/2205
f 1174/2040/2206 1172/2041/2204 1173/2042/2205 1175/2043/2207
f 1174/2040/2206 1175/2043/2207 1176/2044/2208 1177/2045/2209
f 1178/2046/2210 1177/2045/2209 1176/2044/2208 1179/2047/2211
f 1168/2034/2200 1178/2046/2210 1179/2047/2211 1169/2035/2201
s 314
f 1180/2048/2212 1181/2049/2213 1182/2050/2214 1183/2051/2215
f 1184/2052/2216 1183/2051/2215 1182/2050/2214 1185/2053/2217
f 1186/2054/2218 1184/2055/2216 1185/2056/2217 1187/2057/2219
f 1186/2054/2218 1187/2057/2219 1188/2058/2220 1189/2059/2221
f 1190/2060/2222 1189/2059/2221 1188/2058/2220 1191/2061/2223
f 1180/2048/2212 1190/2060/2222 1191/2061/2223 1181/2049/2213
s 315
f 1170/2036/2224 1169/2035/2225 1180/2048/2226 1183/2051/2227
f 1173/2039/2228 1170/2036/2224 1183/2051/2227 1184/2052/2229
f 1175/2043/2230 1173/2042/2228 1184/2055/2229 1186/2054/2231
f 1176/2044/2232 1175/2043/2230 1186/2054/2231 1189/2059/2233
f 1179/2047/2234 1176/2044/2232 1189/2059/2233 1190/2060/2235
f 1169/2035/2225 1179/2047/2234 1190/2060/2235 1180/2048/2226
s 316
f 1182/2050/2236 1181/2049/2237 1156/2020/2238 1159/2023/2239
f 1185/2053/2240 1182/2050/2236 1159/2023/2239 1166/2032/2241
f 1187/2057/2242 1185/2056/2240 1166/2030/2241 1164/2028/2243
f 1188/2058/2244 1187/2057/2242 1164/2028/2243 1162/2026/2245
f 1191/2061/2246 1188/2058/2244 1162/2026/2245 1160/2024/2247
f 1181/2049/2237 1191/2061/2246 1160/2024/2247 1156/2020/2238
s 317
f 1121/2062/2248 1168/2034/2249 1171/2037/2250 1122/2063/2251
f 1122/2063/2251 1171/2037/2250 1172/2038/2252 1131/2064/2253
f 1131/2065/2253 1172/2041/2252 1174/2040/2254 1129/2066/2255
f 1129/2066/2255 1174/2040/2254 1177/2045/2256 1127/2067/2257
f 1127/2067/2257 1177/2045/2256 1178/2046/2258 1125/2068/2259
f 1125/2068/2259 1178/2046/2258 1168/2034/2249 1121/2062/2248
s 318
f 1198/2069/2260 1196/2070/2261 1192/2071/2262 1199/2072/2263
f 1198/2069/2260 1200/2073/2264 1194/2074/2265 1196/2070/2261
f 1200/2073/2264 1201/2075/2266 1195/2076/2267 1194/2074/2265
f 1202/2077/2268 1197/2078/2269 1195/2076/2267 1201/2075/2266
f 1202/2077/2268 1203/2079/2270 1193/2080/2271 1197/2078/2269
f 1203/2081/2270 1199/2072/2263 1192/2071/2262 1193/2082/2271
s 319
f 1204/2083/2272 1205/2084/2273 1206/2085/2274 1207/2086/2275
f 1208/2087/2276 1207/2086/2275 1206/2085/2274 1209/2088/2277
f 1210/2089/2278 1208/2090/2276 1209/2091/2277 1211/2092/2279
f 1210/2089/2278 1211/2092/2279 1212/2093/2280 1213/2094/2281
f 1214/2095/2282 1213/2094/2281 1212/2093/2280 1215/2096/2283
f 1204/2083/2272 1214/2095/2282 1215/2096/2283 1205/2084/2273
s 320
f 1216/2097/2284 1217/2098/2285 1218/2099/2286 1219/2100/2287
f 1220/2101/2288 1219/2100/2287 1218/2099/2286 1221/2102/2289
f 1222/2103/2290 1220/2104/2288 1221/2105/2289 1223/2106/2291
f 1222/2103/2290 1223/2106/2291 1224/2107/2292 1225/2108/2293
f 1226/2109/2294 1225/2108/2293 1224/2107/2292 1227/2110/2295
f 1216/2097/2284 1226/2109/2294 1227/2110/2295 1217/2098/2285
s 321
f 1206/2085/2296 1205/2084/2297 1216/2097/2298 1219/2100/2299
f 1209/2088/2300 1206/2085/2296 1219/2100/2299 1220/2101/2301
f 1211/2092/2302 1209/2091/2300 1220/2104/2301 1222/2103/2303
f 1212/2093/2304 1211/2092/2302 1222/2103/2303 1225/2108/2305
f 1215/2096/2306 1212/2093/2304 1225/2108/2305 1226/2109/2307
f 1205/2084/2297 1215/2096/2306 1226/2109/2307 1216/2097/2298
s 322
f 1218/2099/2308 1217/2098/2309 1198/2069/2310 1199/2072/2311
f 1221/2102/2312 1218/2099/2308 1199/2072/2311 1203/2081/2313
f 1223/2106/2314 1221/2105/2312 1203/2079/2313 1202/2077/2315
f 1224/2107/2316 1223/2106/2314 1202/2077/2315 1201/2075/2317
f 1227/2110/2318 1224/2107/2316 1201/2075/2317 1200/2073/2319
f 1217/2098/2309 1227/2110/2318 1200/2073/2319 1198/2069/2310
s 323
f 1157/2111/2320 1204/2083/2321 1207/2086/2322 1158/2112/2323
f 1158/2112/2323 1207/2086/2322 1208/2087/2324 1167/2113/2325
f 1167/2114/2325 1208/2090/2324 1210/2089/2326 1165/2115/2327
f 1165/2115/2327 1210/2089/2326 1213/2094/2328 1163/2116/2329
f 1163/2116/2329 1213/2094/2328 1214/2095/2330 1161/2117/2331
f 1161/2117/2331 1214/2095/2330 1204/2083/2321 1157/2111/2320
s 324
f 1228/2118/2332 1196/2119/2333 1194/2120/2334 1229/2121/2335
f 1228/2118/2332 1230/2122/2336 1192/2123/2337 1196/2119/2333
f 1230/2122/2336 1231/2124/2338 1193/2125/2339 1192/2123/2337
f 1197/2126/2340 1193/2127/2339 1231/2128/2338 1232/2129/2341
f 1232/2129/2341 1233/2130/2342 1195/2131/2343 1197/2126/2340
f 1233/2130/2342 1229/2121/2335 1194/2120/2334 1195/2131/2343
s 325
f 1234/2132/2344 1235/2133/2345 1236/2134/2346
f 1234/2132/2344 1237/2135/2347 1235/2133/2345
s 326
f 1235/2136/2348 1228/2118/2349 1229/2121/2350 1236/2137/2351
f 1236/2137/2351 1229/2121/2350 1233/2130/2352 1238/2138/2353
f 1239/2139/2354 1238/2138/2353 1233/2130/2352 1232/2129/2355
f 1231/2128/2356 1240/2140/2357 1239/2139/2354 1232/2129/2355
f 1240/2141/2357 1231/2124/2356 1230/2122/2358 1237/2142/2359
f 1235/2136/2348 1237/2142/2359 1230/2122/2358 1228/2118/2349
s 325
f 1239/2143/2360 1234/2132/2344 1238/2144/2361
f 1239/2143/2360 1240/2145/2362 1234/2132/2344
f 1234/2132/2344 1240/2145/2362 1237/2135/2347
f 1238/2144/2361 1234/2132/2344 1236/2134/2346
s off
f 1242/2146/2363 1243/2147/2364 1244/2148/2365 1241/2149/2366
f 1245/2150/2367 1246/2151/2368 1243/2152/2369 1242/2153/2370
f 1247/2154/2371 1248/2155/2372 1246/2156/2373 1245/2157/2374
f 1250/2158/2375 1251/2159/2376 1252/2160/2377 1249/2161/2378
f 1253/2162/2379 1254/2163/2380 1251/2164/2381 1250/2165/2382
f 1255/2166/2383 1256/2167/2384 1254/2168/2385 1253/2169/2386
s 333
f 1275/2170/2387 1276/2171/2388 1260/2172/2389 1259/2173/2390
s 334
f 1261/2174/2391 1262/2175/2392 1273/2176/2393 1274/2177/2394
s 335
f 1276/2178/2395 1273/2176/2396 1262/2175/2397 1260/2179/2398
s 336
f 1274/2177/2399 1275/2170/2400 1259/2173/2401 1261/2174/2402
s 337
f 1259/2173/2403 1260/2180/2404 1266/2181/2405 1265/2182/2406
f 1260/2183/2404 1262/2175/2407 1267/2184/2408 1266/2185/2405
f 1262/2175/2407 1261/2174/2409 1268/2186/2410 1267/2184/2408
f 1268/2186/2410 1261/2174/2409 1259/2173/2403 1265/2182/2406
s 338
f 1269/2187/2411 1263/2188/2412 1264/2189/2413 1270/2190/2414
f 1264/2189/2413 1258/2191/2415 1271/2192/2416 1270/2190/2414
f 1258/2193/2415 1257/2194/2417 1272/2195/2418 1271/2196/2416
f 1257/2194/2417 1263/2188/2412 1269/2187/2411 1272/2195/2418
s off
f 1269/2187/2419 1270/2190/2420 1267/2184/2421 1268/2186/2422
f 1270/2190/2423 1271/2197/2424 1266/2198/2425 1267/2184/2426
f 1271/2199/2427 1272/2195/2428 1265/2182/2429 1266/2200/2430
f 1272/2195/2431 1269/2187/2432 1268/2186/2433 1265/2182/2434
s 334
f 1274/2177/2394 1273/2176/2393 1264/2189/2435 1263/2188/2436
s 336
f 1263/2188/2437 1257/2194/2438 1275/2170/2400 1274/2177/2399
s 333
f 1257/2194/2439 1258/2201/2440 1276/2171/2388 1275/2170/2387
s 335
f 1258/2202/2441 1264/2189/2442 1273/2176/2396 1276/2178/2395
s off
f 1280/2203/2443 1279/2204/2444 1278/2205/2445 1277/2206/2446
s 343
f 1281/2207/2447 1282/2208/2448 1286/2209/2449 1285/2210/2450
f 1282/2208/2448 1283/2211/2451 1287/2212/2452 1286/2209/2449
f 1287/2212/2452 1283/2211/2451 1284/2213/2453 1288/2214/2454
f 1288/2214/2454 1284/2213/2453 1281/2207/2447 1285/2210/2450
s off
f 1283/2215/2455 1282/2216/2456 1281/2217/2457 1284/2218/2458
f 1288/2219/2459 1285/2220/2460 1286/2221/2461 1287/2222/2462
s 346
f 1289/2223/2463 1290/2224/2464 1294/2225/2465 1293/2226/2466
f 1290/2224/2464 1291/2227/2467 1295/2228/2468 1294/2225/2465
f 1295/2228/2468 1291/2227/2467 1292/2229/2469 1296/2230/2470
f 1296/2230/2470 1292/2229/2469 1289/2223/2463 1293/2226/2466
s off
f 1291/2231/2471 1290/2232/2472 1289/2233/2473 1292/2234/2474
f 1296/2235/2475 1293/2236/2476 1294/2237/2477 1295/2238/2478
s 349
f 1298/2239/2479 1297/2240/2480 1300/2241/2481 1301/2242/2482
f 1299/2243/2483 1298/2239/2479 1301/2242/2482 1302/2244/2484
f 1301/2242/2482 1300/2241/2481 1303/2245/2485 1304/2246/2486
f 1305/2247/2487 1302/2244/2484 1301/2242/2482 1304/2246/2486
f 1304/2246/2486 1303/2245/2485 1297/2248/2480 1298/2249/2479
f 1305/2247/2487 1304/2246/2486 1298/2249/2479 1299/2250/2483
f 1303/2251/2485 1306/2252/2488 1297/2253/2480
f 1306/2252/2488 1303/2251/2485 1300/2254/2481
f 1297/2253/2480 1306/2252/2488 1300/2254/2481
s 350
f 1308/2255/2489 1307/2256/2490 1315/2257/2491 1316/2258/2492
f 1309/2259/2493 1308/2255/2489 1316/2258/2492 1317/2260/2494
f 1310/2261/2495 1309/2259/2493 1317/2260/2494 1318/2262/2496
f 1311/2263/2497 1310/2261/2495 1318/2262/2496 1319/2264/2498
f 1312/2265/2499 1311/2263/2497 1319/2264/2498 1320/2266/2500
f 1313/2267/2501 1312/2265/2499 1320/2266/2500 1321/2268/2502
f 1314/2269/2503 1313/2267/2501 1321/2268/2502 1322/2270/2504
f 1307/2271/2490 1314/2269/2503 1322/2270/2504 1315/2272/2491
f 1316/2258/2492 1315/2257/2491 1323/2273/2505 1324/2274/2506
f 1317/2260/2494 1316/2258/2492 1324/2274/2506 1325/2275/2507
f 1318/2262/2496 1317/2260/2494 1325/2275/2507 1326/2276/2508
f 1319/2264/2498 1318/2262/2496 1326/2276/2508 1327/2277/2509
f 1320/2266/2500 1319/2264/2498 1327/2277/2509 1328/2278/2510
f 1321/2268/2502 1320/2266/2500 1328/2278/2510 1329/2279/2511
f 1322/2270/2504 1321/2268/2502 1329/2279/2511 1330/2280/2512
f 1315/2272/2491 1322/2270/2504 1330/2280/2512 1323/2281/2505
f 1324/2274/2506 1323/2273/2505 1331/2282/2513 1332/2283/2514
f 1325/2275/2507 1324/2274/2506 1332/2283/2514 1333/2284/2515
f 1326/2276/2508 1325/2275/2507 1333/2284/2515 1334/2285/2516
f 1327/2277/2509 1326/2276/2508 1334/2285/2516 1335/2286/2517
f 1328/2278/2510 1327/2277/2509 1335/2286/2517 1336/2287/2518
f 1329/2279/2511 1328/2278/2510 1336/2287/2518 1337/2288/2519
f 1330/2280/2512 1329/2279/2511 1337/2288/2519 1338/2289/2520
f 1323/2281/2505 1330/2280/2512 1338/2289/2520 1331/2290/2513
f 1332/2283/2514 1331/2282/2513 1307/2291/2490 1308/2292/2489
f 1333/2284/2515 1332/2283/2514 1308/2292/2489 1309/2293/2493
f 1334/2285/2516 1333/2284/2515 1309/2293/2493 1310/2294/2495
f 1335/2286/2517 1334/2285/2516 1310/2294/2495 1311/2295/2497
f 1336/2287/2518 1335/2286/2517 1311/2295/2497 1312/2296/2499
f 1337/2288/2519 1336/2287/2518 1312/2296/2499 1313/2297/2501
f 1338/2289/2520 1337/2288/2519 1313/2297/2501 1314/2298/2503
f 1331/2290/2513 1338/2289/2520 1314/2298/2503 1307/2299/2490
s off
f 1342/2300/2521 1339/2301/2522 1340/2302/2523 1341/2303/2524
s 351
f 1344/2304/2525 1343/2305/2526 1346/2306/2527 1347/2307/2528
f 1345/2308/2529 1344/2304/2525 1347/2307/2528 1348/2309/2530
f 1347/2307/2528 1346/2306/2527 1349/2310/2531 1350/2311/2532
f 1351/2312/2533 1348/2309/2530 1347/2307/2528 1350/2311/2532
f 1350/2311/2532 1349/2310/2531 1343/2313/2526 1344/2314/2525
f 1351/2312/2533 1350/2311/2532 1344/2314/2525 1345/2315/2529
f 1349/2316/2531 1352/2317/2534 1343/2318/2526
f 1352/2317/2534 1349/2316/2531 1346/2319/2527
f 1343/2318/2526 1352/2317/2534 1346/2319/2527
s 352
f 1371/2320/2535 1372/2321/2536 1356/2322/2537 1355/2323/2538
s 353
f 1357/2324/2539 1358/2325/2540 1369/2326/2541 1370/2327/2542
s 354
f 1372/2328/2543 1369/2326/2544 1358/2325/2545 1356/2329/2546
s 355
f 1370/2327/2547 1371/2320/2548 1355/2323/2549 1357/2324/2550
s 356
f 1355/2323/2551 1356/2330/2552 1362/2331/2553 1361/2332/2554
f 1356/2333/2552 1358/2325/2555 1363/2334/2556 1362/2335/2553
f 1358/2325/2555 1357/2324/2557 1364/2336/2558 1363/2334/2556
f 1364/2336/2558 1357/2324/2557 1355/2323/2551 1361/2332/2554
s 357
f 1365/2337/2559 1359/2338/2560 1360/2339/2561 1366/2340/2562
f 1360/2339/2561 1354/2341/2563 1367/2342/2564 1366/2340/2562
f 1354/2343/2563 1353/2344/2565 1368/2345/2566 1367/2346/2564
f 1353/2344/2565 1359/2338/2560 1365/2337/2559 1368/2345/2566
s off
f 1365/2337/2567 1366/2340/2568 1363/2334/2569 1364/2336/2570
f 1366/2340/2571 1367/2347/2572 1362/2348/2573 1363/2334/2574
f 1367/2349/2575 1368/2345/2576 1361/2332/2577 1362/2350/2578
f 1368/2345/2579 1365/2337/2580 1364/2336/2581 1361/2332/2582
s 353
f 1370/2327/2542 1369/2326/2541 1360/2339/2583 1359/2338/2584
s 355
f 1359/2338/2585 1353/2344/2586 1371/2320/2548 1370/2327/2547
s 352
f 1353/2344/2587 1354/2351/2588 1372/2321/2536 1371/2320/2535
s 354
f 1354/2352/2589 1360/2339/2590 1369/2326/2544 1372/2328/2543
s off
f 1376/2353/2591 1375/2354/2592 1374/2355/2593 1373/2356/2594
s 362
f 1377/2357/2595 1378/2358/2596 1382/2359/2597 1381/2360/2598
f 1378/2358/2596 1379/2361/2599 1383/2362/2600 1382/2359/2597
f 1383/2362/2600 1379/2361/2599 1380/2363/2601 1384/2364/2602
f 1384/2364/2602 1380/2363/2601 1377/2357/2595 1381/2360/2598
s off
f 1379/2365/2603 1378/2366/2604 1377/2367/2605 1380/2368/2606
f 1384/2369/2607 1381/2370/2608 1382/2371/2609 1383/2372/2610
s 365
f 1385/2373/2611 1386/2374/2612 1390/2375/2613 1389/2376/2614
f 1386/2374/2612 1387/2377/2615 1391/2378/2616 1390/2375/2613
f 1391/2378/2616 1387/2377/2615 1388/2379/2617 1392/2380/2618
f 1392/2380/2618 1388/2379/2617 1385/2373/2611 1389/2376/2614
s off
f 1387/2381/2619 1386/2382/2620 1385/2383/2621 1388/2384/2622
f 1392/2385/2623 1389/2386/2624 1390/2387/2625 1391/2388/2626
s 368
f 1394/2389/2627 1393/2390/2628 1396/2391/2629 1397/2392/2630
f 1395/2393/2631 1394/2389/2627 1397/2392/2630 1398/2394/2632
f 1397/2392/2630 1396/2391/2629 1399/2395/2633 1400/2396/2634
f 1401/2397/2635 1398/2394/2632 1397/2392/2630 1400/2396/2634
f 1400/2396/2634 1399/2395/2633 1393/2398/2628 1394/2399/2627
f 1401/2397/2635 1400/2396/2634 1394/2399/2627 1395/2400/2631
f 1399/2401/2633 1402/2402/2636 1393/2403/2628
f 1402/2402/2636 1399/2401/2633 1396/2404/2629
f 1393/2403/2628 1402/2402/2636 1396/2404/2629
s 369
f 1404/2405/2637 1403/2406/2638 1411/2407/2639 1412/2408/2640
f 1405/2409/2641 1404/2405/2637 1412/2408/2640 1413/2410/2642
f 1406/2411/2643 1405/2409/2641 1413/2410/2642 1414/2412/2644
f 1407/2413/2645 1406/2411/2643 1414/2412/2644 1415/2414/2646
f 1408/2415/2647 1407/2413/2645 1415/2414/2646 1416/2416/2648
f 1409/2417/2649 1408/2415/2647 1416/2416/2648 1417/2418/2650
f 1410/2419/2651 1409/2417/2649 1417/2418/2650 1418/2420/2652
f 1403/2421/2638 1410/2419/2651 1418/2420/2652 1411/2422/2639
f 1412/2408/2640 1411/2407/2639 1419/2423/2653 1420/2424/2654
f 1413/2410/2642 1412/2408/2640 1420/2424/2654 1421/2425/2655
f 1414/2412/2644 1413/2410/2642 1421/2425/2655 1422/2426/2656
f 1415/2414/2646 1414/2412/2644 1422/2426/2656 1423/2427/2657
f 1416/2416/2648 1415/2414/2646 1423/2427/2657 1424/2428/2658
f 1417/2418/2650 1416/2416/2648 1424/2428/2658 1425/2429/2659
f 1418/2420/2652 1417/2418/2650 1425/2429/2659 1426/2430/2660
f 1411/2422/2639 1418/2420/2652 1426/2430/2660 1419/2431/2653
f 1420/2424/2654 1419/2423/2653 1427/2432/2661 1428/2433/2662
f 1421/2425/2655 1420/2424/2654 1428/2433/2662 1429/2434/2663
f 1422/2426/2656 1421/2425/2655 1429/2434/2663 1430/2435/2664
f 1423/2427/2657 1422/2426/2656 1430/2435/2664 1431/2436/2665
f 1424/2428/2658 1423/2427/2657 1431/2436/2665 1432/2437/2666
f 1425/2429/2659 1424/2428/2658 1432/2437/2666 1433/2438/2667
f 1426/2430/2660 1425/2429/2659 1433/2438/2667 1434/2439/2668
f 1419/2431/2653 1426/2430/2660 1434/2439/2668 1427/2440/2661
f 1428/2433/2662 1427/2432/2661 1403/2441/2638 1404/2442/2637
f 1429/2434/2663 1428/2433/2662 1404/2442/2637 1405/2443/2641
f 1430/2435/2664 1429/2434/2663 1405/2443/2641 1406/2444/2643
f 1431/2436/2665 1430/2435/2664 1406/2444/2643 1407/2445/2645
f 1432/2437/2666 1431/2436/2665 1407/2445/2645 1408/2446/2647
f 1433/2438/2667 1432/2437/2666 1408/2446/2647 1409/2447/2649
f 1434/2439/2668 1433/2438/2667 1409/2447/2649 1410/2448/2651
f 1427/2440/2661 1434/2439/2668 1410/2448/2651 1403/2449/2638
s off
f 1438/2450/2669 1435/2451/2670 1436/2452/2671 1437/2453/2672
s 370
f 1440/2454/2673 1439/2455/2674 1442/2456/2675 1443/2457/2676
f 1441/2458/2677 1440/2454/2673 1443/2457/2676 1444/2459/2678
f 1443/2457/2676 1442/2456/2675 1445/2460/2679 1446/2461/2680
f 1447/2462/2681 1444/2459/2678 1443/2457/2676 1446/2461/2680
f 1446/2461/2680 1445/2460/2679 1439/2463/2674 1440/2464/2673
f 1447/2462/2681 1446/2461/2680 1440/2464/2673 1441/2465/2677
f 1445/2466/2679 1448/2467/2682 1439/2468/2674
f 1448/2467/2682 1445/2466/2679 1442/2469/2675
f 1439/2468/2674 1448/2467/2682 1442/2469/2675
s 371
f 1467/2470/2683 1468/2471/2684 1452/2472/2685 1451/2473/2686
s 372
f 1453/2474/2687 1454/2475/2688 1465/2476/2689 1466/2477/2690
s 373
f 1468/2478/2691 1465/2476/2692 1454/2475/2693 1452/2479/2694
s 374
f 1466/2477/2695 1467/2470/2696 1451/2473/2697 1453/2474/2698
s 375
f 1451/2473/2699 1452/2480/2700 1458/2481/2701 1457/2482/2702
f 1452/2483/2700 1454/2475/2703 1459/2484/2704 1458/2485/2701
f 1454/2475/2703 1453/2474/2705 1460/2486/2706 1459/2484/2704
f 1460/2486/2706 1453/2474/2705 1451/2473/2699 1457/2482/2702
s 376
f 1461/2487/2707 1455/2488/2708 1456/2489/2709 1462/2490/2710
f 1456/2489/2709 1450/2491/2711 1463/2492/2712 1462/2490/2710
f 1450/2493/2711 1449/2494/2713 1464/2495/2714 1463/2496/2712
f 1449/2494/2713 1455/2488/2708 1461/2487/2707 1464/2495/2714
s off
f 1461/2487/2715 1462/2490/2716 1459/2484/2717 1460/2486/2718
f 1462/2490/2719 1463/2497/2720 1458/2498/2721 1459/2484/2722
f 1463/2499/2723 1464/2495/2724 1457/2482/2725 1458/2500/2726
f 1464/2495/2727 1461/2487/2728 1460/2486/2729 1457/2482/2730
s 372
f 1466/2477/2690 1465/2476/2689 1456/2489/2731 1455/2488/2732
s 374
f 1455/2488/2733 1449/2494/2734 1467/2470/2696 1466/2477/2695
s 371
f 1449/2494/2735 1450/2501/2736 1468/2471/2684 1467/2470/2683
s 373
f 1450/2502/2737 1456/2489/2738 1465/2476/2692 1468/2478/2691
s off
f 1472/2503/2739 1471/2504/2740 1470/2505/2741 1469/2506/2742
s 381
f 1473/2507/2743 1474/2508/2744 1478/2509/2745 1477/2510/2746
f 1474/2508/2744 1475/2511/2747 1479/2512/2748 1478/2509/2745
f 1479/2512/2748 1475/2511/2747 1476/2513/2749 1480/2514/2750
f 1480/2514/2750 1476/2513/2749 1473/2507/2743 1477/2510/2746
s off
f 1475/2515/2751 1474/2516/2752 1473/2517/2753 1476/2518/2754
f 1480/2519/2755 1477/2520/2756 1478/2521/2757 1479/2522/2758
s 384
f 1481/2523/2759 1482/2524/2760 1486/2525/2761 1485/2526/2762
f 1482/2524/2760 1483/2527/2763 1487/2528/2764 1486/2525/2761
f 1487/2528/2764 1483/2527/2763 1484/2529/2765 1488/2530/2766
f 1488/2530/2766 1484/2529/2765 1481/2523/2759 1485/2526/2762
s off
f 1483/2531/2767 1482/2532/2768 1481/2533/2769 1484/2534/2770
f 1488/2535/2771 1485/2536/2772 1486/2537/2773 1487/2538/2774
s 387
f 1490/2539/2775 1489/2540/2776 1492/2541/2777 1493/2542/2778
f 1491/2543/2779 1490/2539/2775 1493/2542/2778 1494/2544/2780
f 1493/2542/2778 1492/2541/2777 1495/2545/2781 1496/2546/2782
f 1497/2547/2783 1494/2544/2780 1493/2542/2778 1496/2546/2782
f 1496/2546/2782 1495/2545/2781 1489/2548/2776 1490/2549/2775
f 1497/2547/2783 1496/2546/2782 1490/2549/2775 1491/2550/2779
f 1495/2551/2781 1498/2552/2784 1489/2553/2776
f 1498/2552/2784 1495/2551/2781 1492/2554/2777
f 1489/2553/2776 1498/2552/2784 1492/2554/2777
s 388
f 1500/2555/2785 1499/2556/2786 1507/2557/2787 1508/2558/2788
f 1501/2559/2789 1500/2555/2785 1508/2558/2788 1509/2560/2790
f 1502/2561/2791 1501/2559/2789 1509/2560/2790 1510/2562/2792
f 1503/2563/2793 1502/2561/2791 1510/2562/2792 1511/2564/2794
f 1504/2565/2795 1503/2563/2793 1511/2564/2794 1512/2566/2796
f 1505/2567/2797 1504/2565/2795 1512/2566/2796 1513/2568/2798
f 1506/2569/2799 1505/2567/2797 1513/2568/2798 1514/2570/2800
f 1499/2571/2786 1506/2569/2799 1514/2570/2800 1507/2572/2787
f 1508/2558/2788 1507/2557/2787 1515/2573/2801 1516/2574/2802
f 1509/2560/2790 1508/2558/2788 1516/2574/2802 1517/2575/2803
f 1510/2562/2792 1509/2560/2790 1517/2575/2803 1518/2576/2804
f 1511/2564/2794 1510/2562/2792 1518/2576/2804 1519/2577/2805
f 1512/2566/2796 1511/2564/2794 1519/2577/2805 1520/2578/2806
f 1513/2568/2798 1512/2566/2796 1520/2578/2806 1521/2579/2807
f 1514/2570/2800 1513/2568/2798 1521/2579/2807 1522/2580/2808
f 1507/2572/2787 1514/2570/2800 1522/2580/2808 1515/2581/2801
f 1516/2574/2802 1515/2573/2801 1523/2582/2809 1524/2583/2810
f 1517/2575/2803 1516/2574/2802 1524/2583/2810 1525/2584/2811
f 1518/2576/2804 1517/2575/2803 1525/2584/2811 1526/2585/2812
f 1519/2577/2805 1518/2576/2804 1526/2585/2812 1527/2586/2813
f 1520/2578/2806 1519/2577/2805 1527/2586/2813 1528/2587/2814
f 1521/2579/2807 1520/2578/2806 1528/2587/2814 1529/2588/2815
f 1522/2580/2808 1521/2579/2807 1529/2588/2815 1530/2589/2816
f 1515/2581/2801 1522/2580/2808 1530/2589/2816 1523/2590/2809
f 1524/2583/2810 1523/2582/2809 1499/2591/2786 1500/2592/2785
f 1525/2584/2811 1524/2583/2810 1500/2592/2785 1501/2593/2789
f 1526/2585/2812 1525/2584/2811 1501/2593/2789 1502/2594/2791
f 1527/2586/2813 1526/2585/2812 1502/2594/2791 1503/2595/2793
f 1528/2587/2814 1527/2586/2813 1503/2595/2793 1504/2596/2795
f 1529/2588/2815 1528/2587/2814 1504/2596/2795 1505/2597/2797
f 1530/2589/2816 1529/2588/2815 1505/2597/2797 1506/2598/2799
f 1523/2590/2809 1530/2589/2816 1506/2598/2799 1499/2599/2786
s off
f 1534/2600/2817 1531/2601/2818 1532/2602/2819 1533/2603/2820
s 389
f 1536/2604/2821 1535/2605/2822 1538/2606/2823 1539/2607/2824
f 1537/2608/2825 1536/2604/2821 1539/2607/2824 1540/2609/2826
f 1539/2607/2824 1538/2606/2823 1541/2610/2827 1542/2611/2828
f 1543/2612/2829 1540/2609/2826 1539/2607/2824 1542/2611/2828
f 1542/2611/2828 1541/2610/2827 1535/2613/2822 1536/2614/2821
f 1543/2612/2829 1542/2611/2828 1536/2614/2821 1537/2615/2825
f 1541/2616/2827 1544/2617/2830 1535/2618/2822
f 1544/2617/2830 1541/2616/2827 1538/2619/2823
f 1535/2618/2822 1544/2617/2830 1538/2619/2823
s off
f 1548/2620/2831 1547/2621/2832 1546/2622/2833 1545/2623/2834
s 390
f 1567/2624/2835 1568/2625/2836 1552/2626/2837 1551/2627/2838
s 391
f 1553/2628/2839 1554/2629/2840 1565/2630/2841 1566/2631/2842
s 392
f 1568/2632/2843 1565/2630/2844 1554/2629/2845 1552/2633/2846
s 393
f 1566/2631/2847 1567/2624/2848 1551/2627/2849 1553/2628/2850
s 394
f 1551/2627/2851 1552/2634/2852 1558/2635/2853 1557/2636/2854
f 1552/2637/2852 1554/2629/2855 1559/2638/2856 1558/2639/2853
f 1554/2629/2855 1553/2628/2857 1560/2640/2858 1559/2638/2856
f 1560/2640/2858 1553/2628/2857 1551/2627/2851 1557/2636/2854
s 395
f 1561/2641/2859 1555/2642/2860 1556/2643/2861 1562/2644/2862
f 1556/2643/2861 1550/2645/2863 1563/2646/2864 1562/2644/2862
f 1550/2647/2863 1549/2648/2865 1564/2649/2866 1563/2650/2864
f 1549/2648/2865 1555/2642/2860 1561/2641/2859 1564/2649/2866
s off
f 1561/2641/2867 1562/2644/2868 1559/2638/2869 1560/2640/2870
f 1562/2644/2871 1563/2651/2872 1558/2652/2873 1559/2638/2874
f 1563/2653/2875 1564/2649/2876 1557/2636/2877 1558/2654/2878
f 1564/2649/2879 1561/2641/2880 1560/2640/2881 1557/2636/2882
s 391
f 1566/2631/2842 1565/2630/2841 1556/2643/2883 1555/2642/2884
s 393
f 1555/2642/2885 1549/2648/2886 1567/2624/2848 1566/2631/2847
s 390
f 1549/2648/2887 1550/2655/2888 1568/2625/2836 1567/2624/2835
s 392
f 1550/2656/2889 1556/2643/2890 1565/2630/2844 1568/2632/2843
s 400
f 1587/2657/2891 1588/2658/2892 1572/2659/2893 1571/2660/2894
s 401
f 1573/2661/2895 1574/2662/2896 1585/2663/2897 1586/2664/2898
s 402
f 1588/2665/2899 1585/2663/2900 1574/2662/2901 1572/2666/2902
s 403
f 1586/2664/2903 1587/2657/2904 1571/2660/2905 1573/2661/2906
s 404
f 1571/2660/2907 1572/2667/2908 1578/2668/2909 1577/2669/2910
f 1572/2670/2908 1574/2662/2911 1579/2671/2912 1578/2672/2909
f 1574/2662/2911 1573/2661/2913 1580/2673/2914 1579/2671/2912
f 1580/2673/2914 1573/2661/2913 1571/2660/2907 1577/2669/2910
s 405
f 1581/2674/2915 1575/2675/2916 1576/2676/2917 1582/2677/2918
f 1576/2676/2917 1570/2678/2919 1583/2679/2920 1582/2677/2918
f 1570/2680/2919 1569/2681/2921 1584/2682/2922 1583/2683/2920
f 1569/2681/2921 1575/2675/2916 1581/2674/2915 1584/2682/2922
s off
f 1581/2674/2923 1582/2677/2924 1579/2671/2925 1580/2673/2926
f 1582/2677/2927 1583/2684/2928 1578/2685/2929 1579/2671/2930
f 1583/2686/2931 1584/2682/2932 1577/2669/2933 1578/2687/2934
f 1584/2682/2935 1581/2674/2936 1580/2673/2937 1577/2669/2938
s 401
f 1586/2664/2898 1585/2663/2897 1576/2676/2939 1575/2675/2940
s 403
f 1575/2675/2941 1569/2681/2942 1587/2657/2904 1586/2664/2903
s 400
f 1569/2681/2943 1570/2688/2944 1588/2658/2892 1587/2657/2891
s 402
f 1570/2689/2945 1576/2676/2946 1585/2663/2900 1588/2665/2899
s off
f 1592/2690/2947 1591/2691/2948 1590/2692/2949 1589/2693/2950
s 410
f 1594/2694/2951 1593/2695/2952 1596/2696/2953 1597/2697/2954
f 1595/2698/2955 1594/2694/2951 1597/2697/2954 1598/2699/2956
f 1597/2697/2954 1596/2696/2953 1599/2700/2957 1600/2701/2958
f 1601/2702/2959 1598/2699/2956 1597/2697/2954 1600/2701/2958
f 1600/2701/2958 1599/2700/2957 1593/2703/2952 1594/2704/2951
f 1601/2702/2959 1600/2701/2958 1594/2704/2951 1595/2705/2955
f 1599/2706/2957 1602/2707/2960 1593/2708/2952
f 1602/2707/2960 1599/2706/2957 1596/2709/2953
f 1593/2708/2952 1602/2707/2960 1596/2709/2953
s 411
f 1603/2710/2961 1604/2711/2962 1608/2712/2963 1607/2713/2964
f 1604/2711/2962 1605/2714/2965 1609/2715/2966 1608/2712/2963
f 1609/2715/2966 1605/2714/2965 1606/2716/2967 1610/2717/2968
f 1610/2717/2968 1606/2716/2967 1603/2710/2961 1607/2713/2964
s off
f 1605/2718/2969 1604/2719/2970 1603/2720/2971 1606/2721/2972
f 1610/2722/2973 1607/2723/2974 1608/2724/2975 1609/2725/2976
s 414
f 1611/2726/2977 1612/2727/2978 1616/2728/2979 1615/2729/2980
f 1612/2727/2978 1613/2730/2981 1617/2731/2982 1616/2728/2979
f 1617/2731/2982 1613/2730/2981 1614/2732/2983 1618/2733/2984
f 1618/2733/2984 1614/2732/2983 1611/2726/2977 1615/2729/2980
s off
f 1613/2734/2985 1612/2735/2986 1611/2736/2987 1614/2737/2988
f 1618/2738/2989 1615/2739/2990 1616/2740/2991 1617/2741/2992
s 417
f 1619/2742/2993 1620/2743/2994 1624/2744/2995 1623/2745/2996
f 1620/2743/2994 1621/2746/2997 1625/2747/2998 1624/2744/2995
f 1625/2747/2998 1621/2746/2997 1622/2748/2999 1626/2749/3000
f 1626/2749/3000 1622/2748/2999 1619/2742/2993 1623/2745/2996
s off
f 1621/2750/3001 1620/2751/3002 1619/2752/3003 1622/2753/3004
f 1626/2754/3005 1623/2755/3006 1624/2756/3007 1625/2757/3008
s 420
f 1627/2758/3009 1628/2759/3010 1632/2760/3011 1631/2761/3012
f 1628/2759/3010 1629/2762/3013 1633/2763/3014 1632/2760/3011
f 1633/2763/3014 1629/2762/3013 1630/2764/3015 1634/2765/3016
f 1634/2765/3016 1630/2764/3015 1627/2758/3009 1631/2761/3012
s off
f 1629/2766/3017 1628/2767/3018 1627/2768/3019 1630/2769/3020
f 1634/2770/3021 1631/2771/3022 1632/2772/3023 1633/2773/3024
s 423
f 1636/2774/3025 1635/2775/3026 1638/2776/3027 1639/2777/3028
f 1637/2778/3029 1636/2774/3025 1639/2777/3028 1640/2779/3030
f 1639/2777/3028 1638/2776/3027 1641/2780/3031 1642/2781/3032
f 1643/2782/3033 1640/2779/3030 1639/2777/3028 1642/2781/3032
f 1642/2781/3032 1641/2780/3031 1635/2783/3026 1636/2784/3025
f 1643/2782/3033 1642/2781/3032 1636/2784/3025 1637/2785/3029
f 1641/2786/3031 1644/2787/3034 1635/2788/3026
f 1644/2787/3034 1641/2786/3031 1638/2789/3027
f 1635/2788/3026 1644/2787/3034 1638/2789/3027
s 424
f 1646/2790/3035 1645/2791/3036 1653/2792/3037 1654/2793/3038
f 1647/2794/3039 1646/2790/3035 1654/2793/3038 1655/2795/3040
f 1648/2796/3041 1647/2794/3039 1655/2795/3040 1656/2797/3042
f 1649/2798/3043 1648/2796/3041 1656/2797/3042 1657/2799/3044
f 1650/2800/3045 1649/2798/3043 1657/2799/3044 1658/2801/3046
f 1651/2802/3047 1650/2800/3045 1658/2801/3046 1659/2803/3048
f 1652/2804/3049 1651/2802/3047 1659/2803/3048 1660/2805/3050
f 1645/2806/3036 1652/2804/3049 1660/2805/3050 1653/2807/3037
f 1654/2793/3038 1653/2792/3037 1661/2808/3051 1662/2809/3052
f 1655/2795/3040 1654/2793/3038 1662/2809/3052 1663/2810/3053
f 1656/2797/3042 1655/2795/3040 1663/2810/3053 1664/2811/3054
f 1657/2799/3044 1656/2797/3042 1664/2811/3054 1665/2812/3055
f 1658/2801/3046 1657/2799/3044 1665/2812/3055 1666/2813/3056
f 1659/2803/3048 1658/2801/3046 1666/2813/3056 1667/2814/3057
f 1660/2805/3050 1659/2803/3048 1667/2814/3057 1668/2815/3058
f 1653/2807/3037 1660/2805/3050 1668/2815/3058 1661/2816/3051
f 1662/2809/3052 1661/2808/3051 1669/2817/3059 1670/2818/3060
f 1663/2810/3053 1662/2809/3052 1670/2818/3060 1671/2819/3061
f 1664/2811/3054 1663/2810/3053 1671/2819/3061 1672/2820/3062
f 1665/2812/3055 1664/2811/3054 1672/2820/3062 1673/2821/3063
f 1666/2813/3056 1665/2812/3055 1673/2821/3063 1674/2822/3064
f 1667/2814/3057 1666/2813/3056 1674/2822/3064 1675/2823/3065
f 1668/2815/3058 1667/2814/3057 1675/2823/3065 1676/2824/3066
f 1661/2816/3051 1668/2815/3058 1676/2824/3066 1669/2825/3059
f 1670/2818/3060 1669/2817/3059 1645/2826/3036 1646/2827/3035
f 1671/2819/3061 1670/2818/3060 1646/2827/3035 1647/2828/3039
f 1672/2820/3062 1671/2819/3061 1647/2828/3039 1648/2829/3041
f 1673/2821/3063 1672/2820/3062 1648/2829/3041 1649/2830/3043
f 1674/2822/3064 1673/2821/3063 1649/2830/3043 1650/2831/3045
f 1675/2823/3065 1674/2822/3064 1650/2831/3045 1651/2832/3047
f 1676/2824/3066 1675/2823/3065 1651/2832/3047 1652/2833/3049
f 1669/2825/3059 1676/2824/3066 1652/2833/3049 1645/2834/3036
s off
f 1680/2835/3067 1679/2836/3068 1678/2837/3069 1677/2838/3070
f 1684/2839/3071 1683/2840/3072 1682/2841/3073 1681/2842/3074
s 425
f 1686/2843/3075 1685/2844/3076 1688/2845/3077 1689/2846/3078
f 1687/2847/3079 1686/2843/3075 1689/2846/3078 1690/2848/3080
f 1689/2846/3078 1688/2845/3077 1691/2849/3081 1692/2850/3082
f 1693/2851/3083 1690/2848/3080 1689/2846/3078 1692/2850/3082
f 1692/2850/3082 1691/2849/3081 1685/2852/3076 1686/2853/3075
f 1693/2851/3083 1692/2850/3082 1686/2853/3075 1687/2854/3079
f 1691/2855/3081 1694/2856/3084 1685/2857/3076
f 1694/2856/3084 1691/2855/3081 1688/2858/3077
f 1685/2857/3076 1694/2856/3084 1688/2858/3077
s 426
f 1696/2859/3085 1695/2860/3086 1698/2861/3087 1699/2862/3088
f 1697/2863/3089 1696/2859/3085 1699/2862/3088 1700/2864/3090
f 1699/2862/3088 1698/2861/3087 1701/2865/3091 1702/2866/3092
f 1703/2867/3093 1700/2864/3090 1699/2862/3088 1702/2866/3092
f 1702/2866/3092 1701/2865/3091 1695/2868/3086 1696/2869/3085
f 1703/2867/3093 1702/2866/3092 1696/2869/3085 1697/2870/3089
f 1701/2871/3091 1704/2872/3094 1695/2873/3086
f 1704/2872/3094 1701/2871/3091 1698/2874/3087
f 1695/2873/3086 1704/2872/3094 1698/2874/3087
s 427
f 1706/2875/3095 1705/2876/3096 1713/2877/3097 1714/2878/3098
f 1707/2879/3099 1706/2875/3095 1714/2878/3098 1715/2880/3100
f 1708/2881/3101 1707/2879/3099 1715/2880/3100 1716/2882/3102
f 1709/2883/3103 1708/2881/3101 1716/2882/3102 1717/2884/3104
f 1710/2885/3105 1709/2883/3103 1717/2884/3104 1718/2886/3106
f 1711/2887/3107 1710/2885/3105 1718/2886/3106 1719/2888/3108
f 1712/2889/3109 1711/2887/3107 1719/2888/3108 1720/2890/3110
f 1705/2891/3096 1712/2889/3109 1720/2890/3110 1713/2892/3097
f 1714/2878/3098 1713/2877/3097 1721/2893/3111 1722/2894/3112
f 1715/2880/3100 1714/2878/3098 1722/2894/3112 1723/2895/3113
f 1716/2882/3102 1715/2880/3100 1723/2895/3113 1724/2896/3114
f 1717/2884/3104 1716/2882/3102 1724/2896/3114 1725/2897/3115
f 1718/2886/3106 1717/2884/3104 1725/2897/3115 1726/2898/3116
f 1719/2888/3108 1718/2886/3106 1726/2898/3116 1727/2899/3117
f 1720/2890/3110 1719/2888/3108 1727/2899/3117 1728/2900/3118
f 1713/2892/3097 1720/2890/3110 1728/2900/3118 1721/2901/3111
f 1722/2894/3112 1721/2893/3111 1729/2902/3119 1730/2903/3120
f 1723/2895/3113 1722/2894/3112 1730/2903/3120 1731/2904/3121
f 1724/2896/3114 1723/2895/3113 1731/2904/3121 1732/2905/3122
f 1725/2897/3115 1724/2896/3114 1732/2905/3122 1733/2906/3123
f 1726/2898/3116 1725/2897/3115 1733/2906/3123 1734/2907/3124
f 1727/2899/3117 1726/2898/3116 1734/2907/3124 1735/2908/3125
f 1728/2900/3118 1727/2899/3117 1735/2908/3125 1736/2909/3126
f 1721/2901/3111 1728/2900/3118 1736/2909/3126 1729/2910/3119
f 1730/2903/3120 1729/2902/3119 1705/2911/3096 1706/2912/3095
f 1731/2904/3121 1730/2903/3120 1706/2912/3095 1707/2913/3099
f 1732/2905/3122 1731/2904/3121 1707/2913/3099 1708/2914/3101
f 1733/2906/3123 1732/2905/3122 1708/2914/3101 1709/2915/3103
f 1734/2907/3124 1733/2906/3123 1709/2915/3103 1710/2916/3105
f 1735/2908/3125 1734/2907/3124 1710/2916/3105 1711/2917/3107
f 1736/2909/3126 1735/2908/3125 1711/2917/3107 1712/2918/3109
f 1729/2910/3119 1736/2909/3126 1712/2918/3109 1705/2919/3096
s off
f 1740/2920/3127 1739/2921/3128 1738/2922/3129 1737/2923/3130
s 428
f 1759/2924/3131 1760/2925/3132 1744/2926/3133 1743/2927/3134
s 429
f 1745/2928/3135 1746/2929/3136 1757/2930/3137 1758/2931/3138
s 430
f 1760/2932/3139 1757/2930/3140 1746/2929/3141 1744/2933/3142
s 431
f 1758/2931/3143 1759/2924/3144 1743/2927/3145 1745/2928/3146
s 432
f 1743/2927/3147 1744/2934/3148 1750/2935/3149 1749/2936/3150
f 1744/2937/3148 1746/2929/3151 1751/2938/3152 1750/2939/3149
f 1746/2929/3151 1745/2928/3153 1752/2940/3154 1751/2938/3152
f 1752/2940/3154 1745/2928/3153 1743/2927/3147 1749/2936/3150
s 433
f 1753/2941/3155 1747/2942/3156 1748/2943/3157 1754/2944/3158
f 1748/2943/3157 1742/2945/3159 1755/2946/3160 1754/2944/3158
f 1742/2947/3159 1741/2948/3161 1756/2949/3162 1755/2950/3160
f 1741/2948/3161 1747/2942/3156 1753/2941/3155 1756/2949/3162
s off
f 1753/2941/3163 1754/2944/3164 1751/2938/3165 1752/2940/3166
f 1754/2944/3167 1755/2951/3168 1750/2952/3169 1751/2938/3170
f 1755/2953/3171 1756/2949/3172 1749/2936/3173 1750/2954/3174
f 1756/2949/3175 1753/2941/3176 1752/2940/3177 1749/2936/3178
s 429
f 1758/2931/3138 1757/2930/3137 1748/2943/3179 1747/2942/3180
s 431
f 1747/2942/3181 1741/2948/3182 1759/2924/3144 1758/2931/3143
s 428
f 1741/2948/3183 1742/2955/3184 1760/2925/3132 1759/2924/3131
s 430
f 1742/2956/3185 1748/2943/3186 1757/2930/3140 1760/2932/3139
s 438
f 1762/2957/3187 1761/2958/3188 1764/2959/3189 1765/2960/3190
f 1763/2961/3191 1762/2957/3187 1765/2960/3190 1766/2962/3192
f 1765/2960/3190 1764/2959/3189 1767/2963/3193 1768/2964/3194
f 1769/2965/3195 1766/2962/3192 1765/2960/3190 1768/2964/3194
f 1768/2964/3194 1767/2963/3193 1761/2966/3188 1762/2967/3187
f 1769/2965/3195 1768/2964/3194 1762/2967/3187 1763/2968/3191
f 1767/2969/3193 1770/2970/3196 1761/2971/3188
f 1770/2970/3196 1767/2969/3193 1764/2972/3189
f 1761/2971/3188 1770/2970/3196 1764/2972/3189
s 439
f 1771/2973/3197 1772/2974/3198 1776/2975/3199 1775/2976/3200
f 1772/2974/3198 1773/2977/3201 1777/2978/3202 1776/2975/3199
f 1777/2978/3202 1773/2977/3201 1774/2979/3203 1778/2980/3204
f 1778/2980/3204 1774/2979/3203 1771/2973/3197 1775/2976/3200
s off
f 1773/2981/3205 1772/2982/3206 1771/2983/3207 1774/2984/3208
f 1778/2985/3209 1775/2986/3210 1776/2987/3211 1777/2988/3212
s 442
f 1779/2989/3213 1780/2990/3214 1784/2991/3215 1783/2992/3216
f 1780/2990/3214 1781/2993/3217 1785/2994/3218 1784/2991/3215
f 1785/2994/3218 1781/2993/3217 1782/2995/3219 1786/2996/3220
f 1786/2996/3220 1782/2995/3219 1779/2989/3213 1783/2992/3216
s off
f 1781/2997/3221 1780/2998/3222 1779/2999/3223 1782/3000/3224
f 1786/3001/3225 1783/3002/3226 1784/3003/3227 1785/3004/3228
f 1790/3005/3229 1787/3006/3230 1788/3007/3231 1789/3008/3232
s 445
f 1792/3009/3233 1791/3010/3234 1794/3011/3235 1795/3012/3236
f 1793/3013/3237 1792/3009/3233 1795/3012/3236 1796/3014/3238
f 1795/3012/3236 1794/3011/3235 1797/3015/3239 1798/3016/3240
f 1799/3017/3241 1796/3014/3238 1795/3012/3236 1798/3016/3240
f 1798/3016/3240 1797/3015/3239 1791/3018/3234 1792/3019/3233
f 1799/3017/3241 1798/3016/3240 1792/3019/3233 1793/3020/3237
f 1797/3021/3239 1800/3022/3242 1791/3023/3234
f 1800/3022/3242 1797/3021/3239 1794/3024/3235
f 1791/3023/3234 1800/3022/3242 1794/3024/3235
s 446
f 1802/3025/3243 1801/3026/3244 1809/3027/3245 1810/3028/3246
f 1803/3029/3247 1802/3025/3243 1810/3028/3246 1811/3030/3248
f 1804/3031/3249 1803/3029/3247 1811/3030/3248 1812/3032/3250
f 1805/3033/3251 1804/3031/3249 1812/3032/3250 1813/3034/3252
f 1806/3035/3253 1805/3033/3251 1813/3034/3252 1814/3036/3254
f 1807/3037/3255 1806/3035/3253 1814/3036/3254 1815/3038/3256
f 1808/3039/3257 1807/3037/3255 1815/3038/3256 1816/3040/3258
f 1801/3041/3244 1808/3039/3257 1816/3040/3258 1809/3042/3245
f 1810/3028/3246 1809/3027/3245 1817/3043/3259 1818/3044/3260
f 1811/3030/3248 1810/3028/3246 1818/3044/3260 1819/3045/3261
f 1812/3032/3250 1811/3030/3248 1819/3045/3261 1820/3046/3262
f 1813/3034/3252 1812/3032/3250 1820/3046/3262 1821/3047/3263
f 1814/3036/3254 1813/3034/3252 1821/3047/3263 1822/3048/3264
f 1815/3038/3256 1814/3036/3254 1822/3048/3264 1823/3049/3265
f 1816/3040/3258 1815/3038/3256 1823/3049/3265 1824/3050/3266
f 1809/3042/3245 1816/3040/3258 1824/3050/3266 1817/3051/3259
f 1818/3044/3260 1817/3043/3259 1825/3052/3267 1826/3053/3268
f 1819/3045/3261 1818/3044/3260 1826/3053/3268 1827/3054/3269
f 1820/3046/3262 1819/3045/3261 1827/3054/3269 1828/3055/3270
f 1821/3047/3263 1820/3046/3262 1828/3055/3270 1829/3056/3271
f 1822/3048/3264 1821/3047/3263 1829/3056/3271 1830/3057/3272
f 1823/3049/3265 1822/3048/3264 1830/3057/3272 1831/3058/3273
f 1824/3050/3266 1823/3049/3265 1831/3058/3273 1832/3059/3274
f 1817/3051/3259 1824/3050/3266 1832/3059/3274 1825/3060/3267
f 1826/3053/3268 1825/3052/3267 1801/3061/3244 1802/3062/3243
f 1827/3054/3269 1826/3053/3268 1802/3062/3243 1803/3063/3247
f 1828/3055/3270 1827/3054/3269 1803/3063/3247 1804/3064/3249
f 1829/3056/3271 1828/3055/3270 1804/3064/3249 1805/3065/3251
f 1830/3057/3272 1829/3056/3271 1805/3065/3251 1806/3066/3253
f 1831/3058/3273 1830/3057/3272 1806/3066/3253 1807/3067/3255
f 1832/3059/3274 1831/3058/3273 1807/3067/3255 1808/3068/3257
f 1825/3060/3267 1832/3059/3274 1808/3068/3257 1801/3069/3244
s off
f 1836/3070/3275 1835/3071/3276 1834/3072/3277 1833/3073/3278
s 447
f 1855/3074/3279 1856/3075/3280 1840/3076/3281 1839/3077/3282
s 448
f 1841/3078/3283 1842/3079/3284 1853/3080/3285 1854/3081/3286
s 449
f 1856/3082/3287 1853/3080/3288 1842/3079/3289 1840/3083/3290
s 450
f 1854/3081/3291 1855/3074/3292 1839/3077/3293 1841/3078/3294
s 451
f 1839/3077/3295 1840/3084/3296 1846/3085/3297 1845/3086/3298
f 1840/3087/3296 1842/3079/3299 1847/3088/3300 1846/3089/3297
f 1842/3079/3299 1841/3078/3301 1848/3090/3302 1847/3088/3300
f 1848/3090/3302 1841/3078/3301 1839/3077/3295 1845/3086/3298
s 452
f 1849/3091/3303 1843/3092/3304 1844/3093/3305 1850/3094/3306
f 1844/3093/3305 1838/3095/3307 1851/3096/3308 1850/3094/3306
f 1838/3097/3307 1837/3098/3309 1852/3099/3310 1851/3100/3308
f 1837/3098/3309 1843/3092/3304 1849/3091/3303 1852/3099/3310
s off
f 1849/3091/3311 1850/3094/3312 1847/3088/3313 1848/3090/3314
f 1850/3094/3315 1851/3101/3316 1846/3102/3317 1847/3088/3318
f 1851/3103/3319 1852/3099/3320 1845/3086/3321 1846/3104/3322
f 1852/3099/3323 1849/3091/3324 1848/3090/3325 1845/3086/3326
s 448
f 1854/3081/3286 1853/3080/3285 1844/3093/3327 1843/3092/3328
s 450
f 1843/3092/3329 1837/3098/3330 1855/3074/3292 1854/3081/3291
s 447
f 1837/3098/3331 1838/3105/3332 1856/3075/3280 1855/3074/3279
s 449
f 1838/3106/3333 1844/3093/3334 1853/3080/3288 1856/3082/3287
s 457
f 1858/3107/3335 1857/3108/3336 1860/3109/3337 1861/3110/3338
f 1859/3111/3339 1858/3107/3335 1861/3110/3338 1862/3112/3340
f 1861/3110/3338 1860/3109/3337 1863/3113/3341 1864/3114/3342
f 1865/3115/3343 1862/3112/3340 1861/3110/3338 1864/3114/3342
f 1864/3114/3342 1863/3113/3341 1857/3116/3336 1858/3117/3335
f 1865/3115/3343 1864/3114/3342 1858/3117/3335 1859/3118/3339
f 1863/3119/3341 1866/3120/3344 1857/3121/3336
f 1866/3120/3344 1863/3119/3341 1860/3122/3337
f 1857/3121/3336 1866/3120/3344 1860/3122/3337
s 458
f 1867/3123/3345 1868/3124/3346 1872/3125/3347 1871/3126/3348
f 1868/3124/3346 1869/3127/3349 1873/3128/3350 1872/3125/3347
f 1873/3128/3350 1869/3127/3349 1870/3129/3351 1874/3130/3352
f 1874/3130/3352 1870/3129/3351 1867/3123/3345 1871/3126/3348
s off
f 1869/3131/3353 1868/3132/3354 1867/3133/3355 1870/3134/3356
f 1874/3135/3357 1871/3136/3358 1872/3137/3359 1873/3138/3360
s 461
f 1875/3139/3361 1876/3140/3362 1880/3141/3363 1879/3142/3364
f 1876/3140/3362 1877/3143/3365 1881/3144/3366 1880/3141/3363
f 1881/3144/3366 1877/3143/3365 1878/3145/3367 1882/3146/3368
f 1882/3146/3368 1878/3145/3367 1875/3139/3361 1879/3142/3364
s off
f 1877/3147/3369 1876/3148/3370 1875/3149/3371 1878/3150/3372
f 1882/3151/3373 1879/3152/3374 1880/3153/3375 1881/3154/3376
f 1886/3155/3377 1883/3156/3378 1884/3157/3379 1885/3158/3380
s 464
f 1888/3159/3381 1887/3160/3382 1890/3161/3383 1891/3162/3384
f 1889/3163/3385 1888/3159/3381 1891/3162/3384 1892/3164/3386
f 1891/3162/3384 1890/3161/3383 1893/3165/3387 1894/3166/3388
f 1895/3167/3389 1892/3164/3386 1891/3162/3384 1894/3166/3388
f 1894/3166/3388 1893/3165/3387 1887/3168/3382 1888/3169/3381
f 1895/3167/3389 1894/3166/3388 1888/3169/3381 1889/3170/3385
f 1893/3171/3387 1896/3172/3390 1887/3173/3382
f 1896/3172/3390 1893/3171/3387 1890/3174/3383
f 1887/3173/3382 1896/3172/3390 1890/3174/3383
s 465
f 1898/3175/3391 1897/3176/3392 1905/3177/3393 1906/3178/3394
f 1899/3179/3395 1898/3175/3391 1906/3178/3394 1907/3180/3396
f 1900/3181/3397 1899/3179/3395 1907/3180/3396 1908/3182/3398
f 1901/3183/3399 1900/3181/3397 1908/3182/3398 1909/3184/3400
f 1902/3185/3401 1901/3183/3399 1909/3184/3400 1910/3186/3402
f 1903/3187/3403 1902/3185/3401 1910/3186/3402 1911/3188/3404
f 1904/3189/3405 1903/3187/3403 1911/3188/3404 1912/3190/3406
f 1897/3191/3392 1904/3189/3405 1912/3190/3406 1905/3192/3393
f 1906/3178/3394 1905/3177/3393 1913/3193/3407 1914/3194/3408
f 1907/3180/3396 1906/3178/3394 1914/3194/3408 1915/3195/3409
f 1908/3182/3398 1907/3180/3396 1915/3195/3409 1916/3196/3410
f 1909/3184/3400 1908/3182/3398 1916/3196/3410 1917/3197/3411
f 1910/3186/3402 1909/3184/3400 1917/3197/3411 1918/3198/3412
f 1911/3188/3404 1910/3186/3402 1918/3198/3412 1919/3199/3413
f 1912/3190/3406 1911/3188/3404 1919/3199/3413 1920/3200/3414
f 1905/3192/3393 1912/3190/3406 1920/3200/3414 1913/3201/3407
f 1914/3194/3408 1913/3193/3407 1921/3202/3415 1922/3203/3416
f 1915/3195/3409 1914/3194/3408 1922/3203/3416 1923/3204/3417
f 1916/3196/3410 1915/3195/3409 1923/3204/3417 1924/3205/3418
f 1917/3197/3411 1916/3196/3410 1924/3205/3418 1925/3206/3419
f 1918/3198/3412 1917/3197/3411 1925/3206/3419 1926/3207/3420
f 1919/3199/3413 1918/3198/3412 1926/3207/3420 1927/3208/3421
f 1920/3200/3414 1919/3199/3413 1927/3208/3421 1928/3209/3422
f 1913/3201/3407 1920/3200/3414 1928/3209/3422 1921/3210/3415
f 1922/3203/3416 1921/3202/3415 1897/3211/3392 1898/3212/3391
f 1923/3204/3417 1922/3203/3416 1898/3212/3391 1899/3213/3395
f 1924/3205/3418 1923/3204/3417 1899/3213/3395 1900/3214/3397
f 1925/3206/3419 1924/3205/3418 1900/3214/3397 1901/3215/3399
f 1926/3207/3420 1925/3206/3419 1901/3215/3399 1902/3216/3401
f 1927/3208/3421 1926/3207/3420 1902/3216/3401 1903/3217/3403
f 1928/3209/3422 1927/3208/3421 1903/3217/3403 1904/3218/3405
f 1921/3210/3415 1928/3209/3422 1904/3218/3405 1897/3219/3392
s off
f 1932/3220/3423 1931/3221/3424 1930/3222/3425 1929/3223/3426
s 466
f 1951/3224/3427 1952/3225/3428 1936/3226/3429 1935/3227/3430
s 467
f 1937/3228/3431 1938/3229/3432 1949/3230/3433 1950/3231/3434
s 468
f 1952/3232/3435 1949/3230/3436 1938/3229/3437 1936/3233/3438
s 469
f 1950/3231/3439 1951/3224/3440 1935/3227/3441 1937/3228/3442
s 470
f 1935/3227/3443 1936/3234/3444 1942/3235/3445 1941/3236/3446
f 1936/3237/3444 1938/3229/3447 1943/3238/3448 1942/3239/3445
f 1938/3229/3447 1937/3228/3449 1944/3240/3450 1943/3238/3448
f 1944/3240/3450 1937/3228/3449 1935/3227/3443 1941/3236/3446
s 471
f 1945/3241/3451 1939/3242/3452 1940/3243/3453 1946/3244/3454
f 1940/3243/3453 1934/3245/3455 1947/3246/3456 1946/3244/3454
f 1934/3247/3455 1933/3248/3457 1948/3249/3458 1947/3250/3456
f 1933/3248/3457 1939/3242/3452 1945/3241/3451 1948/3249/3458
s off
f 1945/3241/3459 1946/3244/3460 1943/3238/3461 1944/3240/3462
f 1946/3244/3463 1947/3251/3464 1942/3252/3465 1943/3238/3466
f 1947/3253/3467 1948/3249/3468 1941/3236/3469 1942/3254/3470
f 1948/3249/3471 1945/3241/3472 1944/3240/3473 1941/3236/3474
s 467
f 1950/3231/3434 1949/3230/3433 1940/3243/3475 1939/3242/3476
s 469
f 1939/3242/3477 1933/3248/3478 1951/3224/3440 1950/3231/3439
s 466
f 1933/3248/3479 1934/3255/3480 1952/3225/3428 1951/3224/3427
s 468
f 1934/3256/3481 1940/3243/3482 1949/3230/3436 1952/3232/3435
s 476
f 1954/3257/3483 1953/3258/3484 1956/3259/3485 1957/3260/3486
f 1955/3261/3487 1954/3257/3483 1957/3260/3486 1958/3262/3488
f 1957/3260/3486 1956/3259/3485 1959/3263/3489 1960/3264/3490
f 1961/3265/3491 1958/3262/3488 1957/3260/3486 1960/3264/3490
f 1960/3264/3490 1959/3263/3489 1953/3266/3484 1954/3267/3483
f 1961/3265/3491 1960/3264/3490 1954/3267/3483 1955/3268/3487
f 1959/3269/3489 1962/3270/3492 1953/3271/3484
f 1962/3270/3492 1959/3269/3489 1956/3272/3485
f 1953/3271/3484 1962/3270/3492 1956/3272/3485
s 477
f 1963/3273/3493 1964/3274/3494 1968/3275/3495 1967/3276/3496
f 1964/3274/3494 1965/3277/3497 1969/3278/3498 1968/3275/3495
f 1969/3278/3498 1965/3277/3497 1966/3279/3499 1970/3280/3500
f 1970/3280/3500 1966/3279/3499 1963/3273/3493 1967/3276/3496
s off
f 1965/3281/3501 1964/3282/3502 1963/3283/3503 1966/3284/3504
f 1970/3285/3505 1967/3286/3506 1968/3287/3507 1969/3288/3508
s 480
f 1971/3289/3509 1972/3290/3510 1976/3291/3511 1975/3292/3512
f 1972/3290/3510 1973/3293/3513 1977/3294/3514 1976/3291/3511
f 1977/3294/3514 1973/3293/3513 1974/3295/3515 1978/3296/3516
f 1978/3296/3516 1974/3295/3515 1971/3289/3509 1975/3292/3512
s off
f 1973/3297/3517 1972/3298/3518 1971/3299/3519 1974/3300/3520
f 1978/3301/3521 1975/3302/3522 1976/3303/3523 1977/3304/3524
f 1982/3305/3525 1979/3306/3526 1980/3307/3527 1981/3308/3528
s 483
f 1984/3309/3529 1983/3310/3530 1986/3311/3531 1987/3312/3532
f 1985/3313/3533 1984/3309/3529 1987/3312/3532 1988/3314/3534
f 1987/3312/3532 1986/3311/3531 1989/3315/3535 1990/3316/3536
f 1991/3317/3537 1988/3314/3534 1987/3312/3532 1990/3316/3536
f 1990/3316/3536 1989/3315/3535 1983/3318/3530 1984/3319/3529
f 1991/3317/3537 1990/3316/3536 1984/3319/3529 1985/3320/3533
f 1989/3321/3535 1992/3322/3538 1983/3323/3530
f 1992/3322/3538 1989/3321/3535 1986/3324/3531
f 1983/3323/3530 1992/3322/3538 1986/3324/3531
s 484
f 1994/3325/3539 1993/3326/3540 2001/3327/3541 2002/3328/3542
f 1995/3329/3543 1994/3325/3539 2002/3328/3542 2003/3330/3544
f 1996/3331/3545 1995/3329/3543 2003/3330/3544 2004/3332/3546
f 1997/3333/3547 1996/3331/3545 2004/3332/3546 2005/3334/3548
f 1998/3335/3549 1997/3333/3547 2005/3334/3548 2006/3336/3550
f 1999/3337/3551 1998/3335/3549 2006/3336/3550 2007/3338/3552
f 2000/3339/3553 1999/3337/3551 2007/3338/3552 2008/3340/3554
f 1993/3341/3540 2000/3339/3553 2008/3340/3554 2001/3342/3541
f 2002/3328/3542 2001/3327/3541 2009/3343/3555 2010/3344/3556
f 2003/3330/3544 2002/3328/3542 2010/3344/3556 2011/3345/3557
f 2004/3332/3546 2003/3330/3544 2011/3345/3557 2012/3346/3558
f 2005/3334/3548 2004/3332/3546 2012/3346/3558 2013/3347/3559
f 2006/3336/3550 2005/3334/3548 2013/3347/3559 2014/3348/3560
f 2007/3338/3552 2006/3336/3550 2014/3348/3560 2015/3349/3561
f 2008/3340/3554 2007/3338/3552 2015/3349/3561 2016/3350/3562
f 2001/3342/3541 2008/3340/3554 2016/3350/3562 2009/3351/3555
f 2010/3344/3556 2009/3343/3555 2017/3352/3563 2018/3353/3564
f 2011/3345/3557 2010/3344/3556 2018/3353/3564 2019/3354/3565
f 2012/3346/3558 2011/3345/3557 2019/3354/3565 2020/3355/3566
f 2013/3347/3559 2012/3346/3558 2020/3355/3566 2021/3356/3567
f 2014/3348/3560 2013/3347/3559 2021/3356/3567 2022/3357/3568
f 2015/3349/3561 2014/3348/3560 2022/3357/3568 2023/3358/3569
f 2016/3350/3562 2015/3349/3561 2023/3358/3569 2024/3359/3570
f 2009/3351/3555 2016/3350/3562 2024/3359/3570 2017/3360/3563
f 2018/3353/3564 2017/3352/3563 1993/3361/3540 1994/3362/3539
f 2019/3354/3565 2018/3353/3564 1994/3362/3539 1995/3363/3543
f 2020/3355/3566 2019/3354/3565 1995/3363/3543 1996/3364/3545
f 2021/3356/3567 2020/3355/3566 1996/3364/3545 1997/3365/3547
f 2022/3357/3568 2021/3356/3567 1997/3365/3547 1998/3366/3549
f 2023/3358/3569 2022/3357/3568 1998/3366/3549 1999/3367/3551
f 2024/3359/3570 2023/3358/3569 1999/3367/3551 2000/3368/3553
f 2017/3360/3563 2024/3359/3570 2000/3368/3553 1993/3369/3540
