# This file uses centimeters as units for non-parametric coordinates.

g default
v -31.604921 0.792948 3.578008
v -31.604921 0.792918 3.955434
v -29.799036 0.792917 3.577840
v -29.799036 0.792928 3.954461
v -31.604918 1.528495 3.579484
v -31.604918 1.528495 3.953538
v -29.799036 1.528495 3.953538
v -29.799036 1.528495 3.579484
v -31.614992 -0.048367 4.015214
v -31.547705 -0.048367 4.015214
v -31.615316 1.582851 3.959226
v -31.548025 1.582851 3.959226
v -31.615316 1.582851 3.858769
v -31.548025 1.582851 3.858769
v -31.614992 -0.048367 3.905999
v -31.547705 -0.048367 3.905999
v -31.615149 0.753515 3.959226
v -31.547861 0.753515 3.959226
v -31.615149 0.753515 3.858769
v -31.547865 0.753515 3.858769
v -31.614992 -0.048367 3.624200
v -31.547705 -0.048367 3.624200
v -31.615316 1.582851 3.672448
v -31.548025 1.582851 3.672448
v -31.615316 1.582851 3.571988
v -31.548025 1.582851 3.571988
v -31.614992 -0.048367 3.516000
v -31.547705 -0.048367 3.516000
v -31.615149 0.753515 3.672448
v -31.547861 0.753515 3.672448
v -31.615149 0.753515 3.571984
v -31.547865 0.753515 3.571984
v -29.855307 -0.048367 4.015214
v -29.788019 -0.048367 4.015214
v -29.855627 1.582851 3.959226
v -29.788340 1.582851 3.959226
v -29.855627 1.582851 3.858769
v -29.788340 1.582851 3.858769
v -29.855307 -0.048367 3.905999
v -29.788019 -0.048367 3.905999
v -29.855467 0.753515 3.959226
v -29.788176 0.753515 3.959226
v -29.855467 0.753515 3.858769
v -29.788179 0.753515 3.858769
v -29.855307 -0.048367 3.624200
v -29.788019 -0.048367 3.624200
v -29.855627 1.582851 3.672448
v -29.788340 1.582851 3.672448
v -29.855627 1.582851 3.571988
v -29.788340 1.582851 3.571988
v -29.855307 -0.048367 3.516000
v -29.788019 -0.048367 3.516000
v -29.855467 0.753515 3.672448
v -29.788176 0.753515 3.672448
v -29.855467 0.753515 3.571984
v -29.788179 0.753515 3.571984
v -29.839113 0.757563 3.600617
v -31.564844 0.757563 3.600617
v -29.839113 -0.048243 3.536347
v -31.564844 -0.048243 3.536347
v -31.564840 0.757563 3.929658
v -29.839113 0.757563 3.929658
v -31.564840 -0.048243 3.993623
v -29.839113 -0.048243 3.993623
v -29.813334 0.792948 3.578008
v -29.813334 0.792918 3.955434
v -28.071783 0.792917 3.577840
v -28.071783 0.792928 3.954461
v -29.813334 1.528495 3.579484
v -29.813334 1.528495 3.953538
v -28.071779 1.528495 3.953538
v -28.071779 1.528495 3.579484
v -28.098074 0.757563 3.600617
v -29.799547 0.757563 3.600617
v -28.098074 -0.048243 3.536347
v -29.799547 -0.048243 3.536347
v -29.799547 0.757563 3.929658
v -28.098070 0.757563 3.929658
v -29.799547 -0.048243 3.993623
v -28.098070 -0.048243 3.993623
v -28.061861 0.792948 3.578008
v -28.061861 0.792918 3.955434
v -26.320307 0.792917 3.577840
v -26.320307 0.792928 3.954461
v -28.061861 1.528495 3.579484
v -28.061861 1.528495 3.953538
v -26.320307 1.528495 3.953538
v -26.320307 1.528495 3.579484
v -26.320307 1.614273 3.764646
v -28.112894 -0.048367 4.015214
v -28.045603 -0.048367 4.015214
v -28.113214 1.582851 3.959226
v -28.045923 1.582851 3.959226
v -28.113214 1.582851 3.858769
v -28.045923 1.582851 3.858769
v -28.112894 -0.048367 3.905999
v -28.045603 -0.048367 3.905999
v -28.113054 0.753515 3.959226
v -28.045763 0.753515 3.959226
v -28.113054 0.753515 3.858769
v -28.045763 0.753515 3.858769
v -28.112894 -0.048367 3.624200
v -28.045603 -0.048367 3.624200
v -28.113214 1.582851 3.672448
v -28.045923 1.582851 3.672448
v -28.113214 1.582851 3.571988
v -28.045923 1.582851 3.571988
v -28.112894 -0.048367 3.516000
v -28.045603 -0.048367 3.516000
v -28.113054 0.753515 3.672448
v -28.045763 0.753515 3.672448
v -28.113054 0.753515 3.571984
v -28.045763 0.753515 3.571984
v -26.349020 0.757563 3.600617
v -28.050493 0.757563 3.600617
v -26.349020 -0.048243 3.536347
v -28.050493 -0.048243 3.536347
v -28.050493 0.757563 3.929658
v -26.349016 0.757563 3.929658
v -28.050493 -0.048243 3.993623
v -26.349016 -0.048243 3.993623
v -26.384012 -0.048367 4.015214
v -26.316725 -0.048367 4.015214
v -26.384336 1.582851 3.959226
v -26.317045 1.582851 3.959226
v -26.384336 1.582851 3.858769
v -26.317045 1.582851 3.858769
v -26.384012 -0.048367 3.905999
v -26.316725 -0.048367 3.905999
v -26.384169 0.753515 3.959226
v -26.316881 0.753515 3.959226
v -26.384169 0.753515 3.858769
v -26.316885 0.753515 3.858769
v -26.384012 -0.048367 3.624200
v -26.316725 -0.048367 3.624200
v -26.384336 1.582851 3.672448
v -26.317045 1.582851 3.672448
v -26.384336 1.582851 3.571988
v -26.317045 1.582851 3.571988
v -26.384012 -0.048367 3.516000
v -26.316725 -0.048367 3.516000
v -26.384169 0.753515 3.672448
v -26.316881 0.753515 3.672448
v -26.384169 0.753515 3.571984
v -26.316885 0.753515 3.571984
v -26.324312 0.757563 3.871221
v -26.324312 -0.048243 3.924829
v -26.324312 0.757563 3.664571
v -26.324312 -0.048243 3.612287
v -26.312370 1.692741 3.789231
v -26.310976 1.557580 4.105195
v -26.310976 1.537214 4.096532
v -27.203011 1.692726 3.788949
v -27.202660 1.557597 4.105145
v -27.202660 1.537230 4.096478
v -27.203011 1.683471 3.784043
v -27.090298 1.692989 3.791528
v -27.005789 1.692989 3.791532
v -27.046324 1.730231 3.809281
v -26.784698 1.692990 3.791535
v -26.700212 1.692987 3.791524
v -26.740248 1.730233 3.809285
v -26.504629 1.692989 3.791532
v -26.420130 1.692991 3.791532
v -26.462105 1.730235 3.809285
v -26.520168 1.537813 4.098561
v -26.504633 1.673174 3.783956
v -26.464495 1.658364 3.774545
v -26.465435 1.497124 4.081735
v -26.420130 1.673210 3.783883
v -26.404591 1.537813 4.098557
v -26.404591 1.558181 4.107224
v -26.522957 1.516989 4.145963
v -26.465609 1.474316 4.128865
v -26.401812 1.516986 4.145963
v -26.462042 1.601220 4.124681
v -26.461802 1.525932 4.155057
v -26.462042 1.583748 4.172624
v -26.522961 1.538726 4.154901
v -26.401812 1.538723 4.154904
v -26.520168 1.558181 4.107224
v -26.800251 1.537815 4.098565
v -26.784702 1.673178 3.783952
v -26.743952 1.658370 3.774549
v -26.744644 1.497126 4.081738
v -26.700209 1.673180 3.783944
v -26.684666 1.537813 4.098561
v -26.803034 1.516989 4.145963
v -26.744780 1.474314 4.128881
v -26.681896 1.516988 4.145959
v -26.684666 1.558180 4.107221
v -26.739359 1.601220 4.124677
v -26.741886 1.525932 4.155057
v -26.739202 1.583748 4.172620
v -26.803038 1.538723 4.154901
v -26.681896 1.538723 4.154901
v -26.800251 1.558181 4.107228
v -27.105846 1.537814 4.098557
v -27.090298 1.673178 3.783948
v -27.048500 1.658367 3.774549
v -27.048746 1.497125 4.081735
v -27.005793 1.673176 3.783956
v -26.990265 1.537815 4.098561
v -27.108629 1.516986 4.145963
v -27.048782 1.474312 4.128884
v -26.987467 1.516988 4.145963
v -26.990265 1.558181 4.107221
v -27.045654 1.601218 4.124677
v -27.047478 1.525931 4.155068
v -27.045540 1.583749 4.172616
v -27.108629 1.538723 4.154901
v -26.987471 1.538725 4.154897
v -27.105846 1.558179 4.107228
v -28.008556 1.692988 3.791532
v -27.923973 1.692988 3.791532
v -27.964533 1.730231 3.809289
v -27.702677 1.692988 3.791532
v -27.618111 1.692985 3.791535
v -27.658178 1.730229 3.809289
v -27.396801 1.692987 3.791535
v -27.312223 1.692989 3.791532
v -27.354235 1.730231 3.809285
v -27.412352 1.537816 4.098569
v -27.396801 1.673179 3.783952
v -27.356621 1.658369 3.774549
v -27.357571 1.497129 4.081738
v -27.312220 1.673212 3.783891
v -27.296673 1.537816 4.098565
v -27.296673 1.558179 4.107228
v -27.415144 1.516988 4.145959
v -27.357738 1.474318 4.128865
v -27.293882 1.516990 4.145963
v -27.354172 1.601216 4.124681
v -27.353937 1.525932 4.155065
v -27.354172 1.583745 4.172624
v -27.415144 1.538725 4.154897
v -27.293886 1.538723 4.154901
v -27.412352 1.558180 4.107224
v -27.718233 1.537817 4.098573
v -27.702667 1.673181 3.783956
v -27.661880 1.658375 3.774552
v -27.662579 1.497130 4.081742
v -27.618107 1.673186 3.783940
v -27.602539 1.537817 4.098561
v -27.721027 1.516989 4.145963
v -27.662712 1.474313 4.128888
v -27.599762 1.516987 4.145967
v -27.602545 1.558180 4.107228
v -27.657288 1.601219 4.124677
v -27.659821 1.525932 4.155065
v -27.657135 1.583749 4.172620
v -27.721031 1.538726 4.154897
v -27.599766 1.538727 4.154893
v -27.718235 1.558181 4.107224
v -28.024113 1.537814 4.098569
v -28.008543 1.673178 3.783956
v -27.966707 1.658368 3.774552
v -27.966955 1.497125 4.081735
v -27.923969 1.673177 3.783952
v -27.908426 1.537813 4.098569
v -28.026905 1.516987 4.145959
v -27.967010 1.474313 4.128877
v -27.905626 1.516987 4.145963
v -27.908432 1.558179 4.107228
v -27.963869 1.601214 4.124684
v -27.965687 1.525931 4.155068
v -27.963747 1.583746 4.172624
v -28.026903 1.538725 4.154897
v -27.905626 1.538723 4.154901
v -28.024117 1.558177 4.107228
v -26.312370 1.683492 3.784318
v -28.122837 1.692741 3.789227
v -28.121449 1.557581 4.105195
v -28.121445 1.537214 4.096536
v -28.122837 1.683491 3.784314
v -27.205458 1.692723 3.744317
v -27.205812 1.557596 3.428121
v -27.205816 1.537229 3.436788
v -27.205462 1.683467 3.749219
v -27.318300 1.692988 3.741735
v -27.402897 1.692985 3.741738
v -27.362320 1.730229 3.723985
v -27.624231 1.692987 3.741742
v -27.708822 1.692989 3.741735
v -27.668747 1.730232 3.723981
v -27.930166 1.692986 3.741742
v -28.014765 1.692991 3.741742
v -27.972740 1.730234 3.723992
v -27.914612 1.537813 3.434709
v -27.930166 1.673175 3.749322
v -27.970356 1.658366 3.758721
v -27.969406 1.497125 3.451531
v -28.014761 1.673211 3.749383
v -28.030312 1.537815 3.434716
v -28.030312 1.558181 3.426049
v -27.911814 1.516986 3.387307
v -27.969229 1.474314 3.404405
v -28.033102 1.516988 3.387311
v -27.972803 1.601218 3.408593
v -27.973040 1.525931 3.378213
v -27.972803 1.583747 3.360650
v -27.911814 1.538722 3.378369
v -28.033102 1.538725 3.378373
v -27.914612 1.558178 3.426045
v -27.608669 1.537815 3.434709
v -27.624235 1.673176 3.749314
v -27.665035 1.658368 3.758721
v -27.664333 1.497128 3.451535
v -27.708818 1.673182 3.749333
v -27.724384 1.537814 3.434709
v -27.605879 1.516989 3.387311
v -27.664200 1.474316 3.404393
v -27.727163 1.516988 3.387307
v -27.724388 1.558180 3.426042
v -27.669630 1.601219 3.408593
v -27.667101 1.525931 3.378213
v -27.669785 1.583747 3.360650
v -27.605879 1.538722 3.378366
v -27.727167 1.538722 3.378369
v -27.608665 1.558179 3.426045
v -27.302734 1.537814 3.434705
v -27.318300 1.673173 3.749318
v -27.360146 1.658365 3.758718
v -27.359901 1.497125 3.451528
v -27.402905 1.673177 3.749314
v -27.418438 1.537815 3.434709
v -27.299942 1.516987 3.387303
v -27.359858 1.474313 3.404389
v -27.421244 1.516989 3.387311
v -27.418434 1.558179 3.426045
v -27.362989 1.601216 3.408589
v -27.361166 1.525931 3.378201
v -27.363100 1.583748 3.360646
v -27.299942 1.538723 3.378366
v -27.421240 1.538724 3.378373
v -27.302731 1.558179 3.426038
v -26.310974 1.692740 3.744035
v -26.312370 1.557581 3.428075
v -26.312374 1.537213 3.436730
v -26.424555 1.692988 3.741738
v -26.509237 1.692985 3.741735
v -26.468626 1.730229 3.723981
v -26.705233 1.692989 3.741738
v -26.789892 1.692988 3.741742
v -26.749781 1.730232 3.723985
v -27.011448 1.692989 3.741742
v -27.096127 1.692988 3.741738
v -27.054062 1.730232 3.723985
v -26.995882 1.537815 3.434697
v -27.011456 1.673178 3.749318
v -27.051682 1.658366 3.758721
v -27.050732 1.497127 3.451531
v -27.096127 1.673207 3.749379
v -27.111700 1.537814 3.434709
v -27.111696 1.558180 3.426045
v -26.993088 1.516990 3.387303
v -27.050558 1.474318 3.404405
v -27.114491 1.516988 3.387307
v -27.054132 1.601219 3.408589
v -27.054365 1.525932 3.378201
v -27.054132 1.583748 3.360646
v -26.993088 1.538725 3.378369
v -27.114487 1.538725 3.378369
v -26.995878 1.558181 3.426045
v -26.689655 1.537813 3.434701
v -26.705229 1.673175 3.749318
v -26.746069 1.658368 3.758721
v -26.745373 1.497126 3.451531
v -26.789896 1.673181 3.749330
v -26.805477 1.537814 3.434705
v -26.686867 1.516987 3.387303
v -26.745241 1.474315 3.404389
v -26.808256 1.516987 3.387303
v -26.805477 1.558179 3.426045
v -26.750675 1.601219 3.408593
v -26.748142 1.525932 3.378205
v -26.750830 1.583748 3.360654
v -26.686863 1.538723 3.378369
v -26.808260 1.538725 3.378373
v -26.689655 1.558179 3.426045
v -26.408985 1.537814 3.434697
v -26.424562 1.673176 3.749314
v -26.466450 1.658369 3.758718
v -26.466202 1.497126 3.451528
v -26.509237 1.673177 3.749314
v -26.524794 1.537812 3.434701
v -26.406191 1.516988 3.387303
v -26.466150 1.474313 3.404389
v -26.527596 1.516987 3.387311
v -26.524794 1.558178 3.426042
v -26.469292 1.601215 3.408586
v -26.467466 1.525930 3.378201
v -26.469410 1.583747 3.360646
v -26.406191 1.538725 3.378373
v -26.527603 1.538724 3.378369
v -26.408981 1.558178 3.426042
v -28.124868 1.537214 3.436734
v -28.124868 1.557580 3.428075
v -28.123474 1.692739 3.744035
v -26.310974 1.683490 3.748956
v -28.123474 1.683491 3.748956
v -29.039824 1.692724 3.788949
v -29.039474 1.557595 4.105145
v -29.039474 1.537229 4.096478
v -29.039824 1.683469 3.784047
v -28.927107 1.692988 3.791532
v -28.842606 1.692988 3.791532
v -28.883139 1.730231 3.809285
v -28.621515 1.692988 3.791532
v -28.537022 1.692988 3.791532
v -28.577059 1.730231 3.809285
v -28.315924 1.692988 3.791532
v -28.231424 1.692988 3.791532
v -28.273401 1.730231 3.809285
v -28.331469 1.537815 4.098561
v -28.315924 1.673177 3.783952
v -28.275782 1.658368 3.774549
v -28.276731 1.497126 4.081738
v -28.231424 1.673210 3.783887
v -28.215891 1.537815 4.098557
v -28.215891 1.558180 4.107224
v -28.334253 1.516987 4.145963
v -28.276905 1.474315 4.128865
v -28.213106 1.516987 4.145963
v -28.273342 1.601217 4.124681
v -28.273098 1.525931 4.155057
v -28.273342 1.583748 4.172620
v -28.334253 1.538724 4.154901
v -28.213106 1.538724 4.154901
v -28.331469 1.558180 4.107224
v -28.637064 1.537815 4.098561
v -28.621515 1.673177 3.783952
v -28.580765 1.658370 3.774549
v -28.581457 1.497126 4.081738
v -28.537022 1.673182 3.783940
v -28.521479 1.537814 4.098561
v -28.639851 1.516987 4.145963
v -28.581593 1.474313 4.128881
v -28.518702 1.516987 4.145963
v -28.521479 1.558180 4.107224
v -28.576168 1.601219 4.124677
v -28.578697 1.525931 4.155057
v -28.576015 1.583748 4.172620
v -28.639851 1.538723 4.154901
v -28.518702 1.538723 4.154901
v -28.637064 1.558180 4.107224
v -28.942656 1.537815 4.098561
v -28.927107 1.673176 3.783952
v -28.885309 1.658368 3.774549
v -28.885553 1.497126 4.081738
v -28.842606 1.673177 3.783952
v -28.827078 1.537815 4.098561
v -28.945442 1.516987 4.145963
v -28.885597 1.474313 4.128881
v -28.824278 1.516987 4.145963
v -28.827078 1.558180 4.107224
v -28.882469 1.601217 4.124681
v -28.884291 1.525930 4.155068
v -28.882353 1.583748 4.172620
v -28.945442 1.538723 4.154901
v -28.824278 1.538723 4.154901
v -28.942656 1.558178 4.107228
v -29.957657 1.683491 3.784314
v -29.957657 1.692740 3.789231
v -29.956264 1.557581 4.105195
v -29.956264 1.537214 4.096536
v -29.845364 1.692988 3.791532
v -29.760782 1.692988 3.791532
v -29.801346 1.730231 3.809285
v -29.539486 1.692988 3.791532
v -29.454920 1.692988 3.791532
v -29.494987 1.730231 3.809285
v -29.233614 1.692988 3.791532
v -29.149036 1.692988 3.791532
v -29.191048 1.730231 3.809285
v -29.249165 1.537814 4.098569
v -29.233614 1.673177 3.783952
v -29.193430 1.658368 3.774549
v -29.194384 1.497126 4.081738
v -29.149036 1.673210 3.783891
v -29.133482 1.537815 4.098561
v -29.133482 1.558180 4.107224
v -29.251957 1.516987 4.145963
v -29.194550 1.474315 4.128865
v -29.130692 1.516987 4.145963
v -29.190981 1.601217 4.124681
v -29.190750 1.525931 4.155065
v -29.190981 1.583748 4.172620
v -29.251957 1.538725 4.154897
v -29.130692 1.538725 4.154897
v -29.249165 1.558180 4.107224
v -29.555046 1.537815 4.098569
v -29.539486 1.673177 3.783952
v -29.498699 1.658370 3.774549
v -29.499395 1.497126 4.081738
v -29.454920 1.673182 3.783940
v -29.439356 1.537815 4.098561
v -29.557835 1.516987 4.145963
v -29.499529 1.474313 4.128881
v -29.436577 1.516986 4.145963
v -29.439356 1.558180 4.107224
v -29.494097 1.601219 4.124677
v -29.496632 1.525931 4.155065
v -29.493944 1.583748 4.172620
v -29.557835 1.538725 4.154897
v -29.436577 1.538725 4.154897
v -29.555046 1.558180 4.107224
v -29.860920 1.537814 4.098569
v -29.845360 1.673177 3.783952
v -29.803524 1.658368 3.774549
v -29.803768 1.497126 4.081738
v -29.760782 1.673177 3.783952
v -29.745243 1.537814 4.098569
v -29.863716 1.516987 4.145963
v -29.803818 1.474313 4.128881
v -29.742437 1.516987 4.145963
v -29.745243 1.558180 4.107224
v -29.800676 1.601216 4.124681
v -29.802504 1.525930 4.155068
v -29.800564 1.583748 4.172620
v -29.863716 1.538725 4.154897
v -29.742437 1.538725 4.154897
v -29.860924 1.558178 4.107228
v -29.960346 1.683491 3.748956
v -29.960346 1.692740 3.744035
v -29.961740 1.557581 3.428075
v -29.961740 1.537215 3.436738
v -29.044329 1.692724 3.744321
v -29.044682 1.557595 3.428124
v -29.044682 1.537229 3.436791
v -29.044329 1.683469 3.749223
v -29.157169 1.692988 3.741738
v -29.241766 1.692988 3.741738
v -29.201191 1.730231 3.723985
v -29.463100 1.692988 3.741738
v -29.547689 1.692988 3.741738
v -29.507614 1.730231 3.723985
v -29.769035 1.692988 3.741738
v -29.853632 1.692988 3.741738
v -29.811605 1.730231 3.723985
v -29.753477 1.537815 3.434709
v -29.769035 1.673177 3.749318
v -29.809225 1.658368 3.758721
v -29.808271 1.497126 3.451531
v -29.853632 1.673210 3.749383
v -29.869181 1.537815 3.434712
v -29.869181 1.558180 3.426045
v -29.750685 1.516987 3.387307
v -29.808098 1.474315 3.404405
v -29.871971 1.516987 3.387307
v -29.811672 1.601217 3.408589
v -29.811909 1.525931 3.378213
v -29.811672 1.583748 3.360650
v -29.750685 1.538724 3.378369
v -29.871971 1.538724 3.378369
v -29.753477 1.558180 3.426045
v -29.447535 1.537815 3.434709
v -29.463100 1.673177 3.749318
v -29.503897 1.658370 3.758721
v -29.503204 1.497126 3.451531
v -29.547689 1.673182 3.749330
v -29.563250 1.537814 3.434709
v -29.444750 1.516987 3.387307
v -29.503071 1.474313 3.404389
v -29.566032 1.516987 3.387307
v -29.563250 1.558180 3.426045
v -29.508499 1.601219 3.408593
v -29.505966 1.525931 3.378213
v -29.508650 1.583748 3.360650
v -29.444750 1.538723 3.378369
v -29.566032 1.538723 3.378369
v -29.447535 1.558180 3.426045
v -29.141602 1.537815 3.434709
v -29.157169 1.673176 3.749318
v -29.199015 1.658368 3.758721
v -29.198771 1.497126 3.451531
v -29.241766 1.673177 3.749318
v -29.257309 1.537815 3.434709
v -29.138811 1.516987 3.387307
v -29.198723 1.474313 3.404389
v -29.260115 1.516987 3.387307
v -29.257309 1.558180 3.426045
v -29.201860 1.601217 3.408589
v -29.200035 1.525930 3.378201
v -29.201971 1.583748 3.360650
v -29.138811 1.538723 3.378369
v -29.260115 1.538723 3.378369
v -29.141602 1.558178 3.426042
v -28.237881 1.692988 3.741738
v -28.322563 1.692988 3.741738
v -28.281948 1.730231 3.723985
v -28.544104 1.692988 3.741738
v -28.628767 1.692988 3.741738
v -28.588655 1.730231 3.723985
v -28.850321 1.692988 3.741738
v -28.934992 1.692988 3.741738
v -28.892931 1.730231 3.723985
v -28.834747 1.537814 3.434701
v -28.850321 1.673177 3.749318
v -28.890547 1.658368 3.758721
v -28.889593 1.497126 3.451531
v -28.934992 1.673210 3.749379
v -28.950565 1.537815 3.434709
v -28.950565 1.558180 3.426045
v -28.831955 1.516987 3.387307
v -28.889423 1.474315 3.404405
v -28.953356 1.516987 3.387307
v -28.893002 1.601217 3.408589
v -28.893234 1.525931 3.378205
v -28.893002 1.583748 3.360650
v -28.831955 1.538725 3.378373
v -28.953356 1.538725 3.378373
v -28.834747 1.558180 3.426045
v -28.528526 1.537815 3.434701
v -28.544104 1.673177 3.749318
v -28.584940 1.658370 3.758721
v -28.584242 1.497126 3.451531
v -28.628767 1.673182 3.749330
v -28.644348 1.537815 3.434709
v -28.525732 1.516987 3.387307
v -28.584108 1.474313 3.404389
v -28.647125 1.516986 3.387307
v -28.644348 1.558180 3.426045
v -28.589542 1.601219 3.408593
v -28.587008 1.525931 3.378205
v -28.589695 1.583748 3.360650
v -28.525732 1.538725 3.378373
v -28.647125 1.538725 3.378373
v -28.528526 1.558180 3.426045
v -28.222307 1.537814 3.434701
v -28.237885 1.673177 3.749318
v -28.279774 1.658368 3.758721
v -28.279526 1.497126 3.451531
v -28.322563 1.673177 3.749318
v -28.338118 1.537814 3.434701
v -28.219515 1.516987 3.387307
v -28.279478 1.474313 3.404389
v -28.340923 1.516987 3.387307
v -28.338118 1.558180 3.426045
v -28.282618 1.601216 3.408589
v -28.280790 1.525930 3.378201
v -28.282732 1.583748 3.360650
v -28.219515 1.538725 3.378373
v -28.340923 1.538725 3.378373
v -28.222303 1.558178 3.426042
v -30.872252 1.692724 3.788949
v -30.871902 1.557595 4.105145
v -30.871902 1.537229 4.096478
v -30.872252 1.683469 3.784047
v -30.759535 1.692988 3.791532
v -30.675035 1.692988 3.791532
v -30.715565 1.730231 3.809285
v -30.453943 1.692988 3.791532
v -30.369452 1.692988 3.791532
v -30.409485 1.730231 3.809285
v -30.148355 1.692988 3.791532
v -30.063860 1.692988 3.791532
v -30.105831 1.730231 3.809285
v -30.163897 1.537815 4.098561
v -30.148355 1.673177 3.783952
v -30.108215 1.658368 3.774549
v -30.109158 1.497126 4.081738
v -30.063860 1.673210 3.783887
v -30.048317 1.537815 4.098557
v -30.048317 1.558180 4.107224
v -30.166681 1.516987 4.145963
v -30.109337 1.474315 4.128865
v -30.045536 1.516987 4.145963
v -30.105772 1.601217 4.124681
v -30.105530 1.525931 4.155057
v -30.105772 1.583748 4.172620
v -30.166681 1.538724 4.154901
v -30.045536 1.538724 4.154901
v -30.163897 1.558180 4.107224
v -30.469496 1.537815 4.098561
v -30.453943 1.673177 3.783952
v -30.413193 1.658370 3.774549
v -30.413889 1.497126 4.081738
v -30.369452 1.673182 3.783940
v -30.353905 1.537814 4.098561
v -30.472282 1.516987 4.145963
v -30.414022 1.474313 4.128881
v -30.351131 1.516987 4.145963
v -30.353905 1.558180 4.107224
v -30.408596 1.601219 4.124677
v -30.411127 1.525931 4.155057
v -30.408451 1.583748 4.172620
v -30.472282 1.538723 4.154901
v -30.351131 1.538723 4.154901
v -30.469496 1.558180 4.107224
v -30.775084 1.537815 4.098561
v -30.759535 1.673176 3.783952
v -30.717739 1.658368 3.774549
v -30.717983 1.497126 4.081738
v -30.675035 1.673177 3.783952
v -30.659512 1.537815 4.098561
v -30.777870 1.516987 4.145963
v -30.718029 1.474313 4.128881
v -30.656713 1.516987 4.145963
v -30.659512 1.558180 4.107224
v -30.714895 1.601217 4.124681
v -30.716719 1.525930 4.155068
v -30.714781 1.583748 4.172620
v -30.777870 1.538723 4.154901
v -30.656713 1.538723 4.154901
v -30.775084 1.558178 4.107228
v -31.797672 1.692988 3.791532
v -31.371918 1.692988 3.791532
v -31.287350 1.692988 3.791532
v -31.327415 1.730231 3.809285
v -31.066042 1.692988 3.791532
v -30.981464 1.692988 3.791532
v -31.023476 1.730231 3.809285
v -31.081598 1.537814 4.098569
v -31.066042 1.673177 3.783952
v -31.025862 1.658368 3.774549
v -31.026810 1.497126 4.081738
v -30.981464 1.673210 3.783891
v -30.965914 1.537815 4.098561
v -30.965914 1.558180 4.107224
v -31.084387 1.516987 4.145963
v -31.026983 1.474315 4.128865
v -30.963123 1.516987 4.145963
v -31.023413 1.601217 4.124681
v -31.023180 1.525931 4.155065
v -31.023413 1.583748 4.172620
v -31.084387 1.538725 4.154897
v -30.963123 1.538725 4.154897
v -31.081598 1.558180 4.107224
v -31.387478 1.537815 4.098569
v -31.371918 1.673177 3.783952
v -31.331131 1.658370 3.774549
v -31.331825 1.497126 4.081738
v -31.287350 1.673182 3.783940
v -31.271786 1.537815 4.098561
v -31.390268 1.516987 4.145963
v -31.331959 1.474313 4.128881
v -31.269007 1.516986 4.145963
v -31.271786 1.558180 4.107224
v -31.326527 1.601219 4.124677
v -31.329062 1.525931 4.155065
v -31.326370 1.583748 4.172620
v -31.390268 1.538725 4.154897
v -31.269007 1.538725 4.154897
v -31.387478 1.558180 4.107224
v -31.797672 1.673177 3.783952
v -31.782133 1.537814 4.098569
v -31.782133 1.558180 4.107224
v -30.878811 1.692724 3.744321
v -30.879162 1.557595 3.428124
v -30.879162 1.537229 3.436791
v -30.878811 1.683469 3.749223
v -30.991650 1.692988 3.741738
v -31.076250 1.692988 3.741738
v -31.035675 1.730231 3.723985
v -31.297585 1.692988 3.741738
v -31.382174 1.692988 3.741738
v -31.342098 1.730231 3.723985
v -31.807976 1.692988 3.741738
v -31.792421 1.537815 3.434709
v -31.807976 1.673177 3.749318
v -31.792421 1.558180 3.426045
v -31.282015 1.537815 3.434709
v -31.297585 1.673177 3.749318
v -31.338381 1.658370 3.758721
v -31.337685 1.497126 3.451531
v -31.382174 1.673182 3.749330
v -31.397734 1.537814 3.434709
v -31.279230 1.516987 3.387307
v -31.337549 1.474313 3.404389
v -31.400513 1.516987 3.387307
v -31.397734 1.558180 3.426045
v -31.342983 1.601219 3.408593
v -31.340450 1.525931 3.378213
v -31.343130 1.583748 3.360650
v -31.279230 1.538723 3.378369
v -31.400513 1.538723 3.378369
v -31.282015 1.558180 3.426045
v -30.976086 1.537815 3.434709
v -30.991650 1.673176 3.749318
v -31.033495 1.658368 3.758721
v -31.033251 1.497126 3.451531
v -31.076250 1.673177 3.749318
v -31.091787 1.537815 3.434709
v -30.973295 1.516987 3.387307
v -31.033203 1.474313 3.404389
v -31.094593 1.516987 3.387307
v -31.091787 1.558180 3.426045
v -31.036345 1.601217 3.408589
v -31.034515 1.525930 3.378201
v -31.036455 1.583748 3.360650
v -30.973295 1.538723 3.378369
v -31.094593 1.538723 3.378369
v -30.976086 1.558178 3.426042
v -30.072365 1.692988 3.741738
v -30.157043 1.692988 3.741738
v -30.116428 1.730231 3.723985
v -30.378584 1.692988 3.741738
v -30.463251 1.692988 3.741738
v -30.423136 1.730231 3.723985
v -30.684805 1.692988 3.741738
v -30.769476 1.692988 3.741738
v -30.727415 1.730231 3.723985
v -30.669228 1.537814 3.434701
v -30.684805 1.673177 3.749318
v -30.725027 1.658368 3.758721
v -30.724077 1.497126 3.451531
v -30.769476 1.673210 3.749379
v -30.785046 1.537815 3.434709
v -30.785046 1.558180 3.426045
v -30.666435 1.516987 3.387307
v -30.723904 1.474315 3.404405
v -30.787836 1.516987 3.387307
v -30.727482 1.601217 3.408589
v -30.727715 1.525931 3.378205
v -30.727482 1.583748 3.360650
v -30.666435 1.538725 3.378373
v -30.787836 1.538725 3.378373
v -30.669228 1.558180 3.426045
v -30.363007 1.537815 3.434701
v -30.378584 1.673177 3.749318
v -30.419420 1.658370 3.758721
v -30.418726 1.497126 3.451531
v -30.463251 1.673182 3.749330
v -30.478832 1.537815 3.434709
v -30.360212 1.516987 3.387307
v -30.418592 1.474313 3.404389
v -30.481609 1.516986 3.387307
v -30.478832 1.558180 3.426045
v -30.424026 1.601219 3.408593
v -30.421492 1.525931 3.378205
v -30.424179 1.583748 3.360650
v -30.360212 1.538725 3.378373
v -30.481609 1.538725 3.378373
v -30.363007 1.558180 3.426045
v -30.056791 1.537814 3.434701
v -30.072369 1.673177 3.749318
v -30.114258 1.658368 3.758721
v -30.114010 1.497126 3.451531
v -30.157043 1.673177 3.749318
v -30.172602 1.537814 3.434701
v -30.053997 1.516987 3.387307
v -30.113962 1.474313 3.404389
v -30.175404 1.516987 3.387307
v -30.172602 1.558180 3.426045
v -30.117098 1.601216 3.408589
v -30.115274 1.525930 3.378201
v -30.117212 1.583748 3.360650
v -30.053997 1.538725 3.378373
v -30.175404 1.538725 3.378373
v -30.056787 1.558178 3.426042
v -27.918404 1.789331 3.766633
v -27.904768 1.777402 3.766728
v -27.904768 1.740390 3.704782
v -27.918404 1.748223 3.695935
v -27.918404 1.749408 3.836801
v -27.904768 1.741455 3.828195
v -27.918404 1.666410 3.837472
v -27.904768 1.670610 3.828168
v -27.918404 1.624997 3.766633
v -27.904768 1.634734 3.766728
v -27.918404 1.665160 3.696359
v -27.904768 1.670449 3.705361
v -28.357143 1.778188 3.766610
v -28.343863 1.789331 3.766633
v -28.343863 1.748223 3.695935
v -28.357143 1.742178 3.705270
v -28.357143 1.671239 3.705647
v -28.343863 1.665160 3.696359
v -28.357143 1.636071 3.766610
v -28.343863 1.624997 3.766633
v -28.343863 1.666410 3.837476
v -28.357126 1.672143 3.827989
v -28.357143 1.742807 3.827672
v -28.343863 1.749408 3.836801
v -27.009026 1.789331 3.766633
v -26.995386 1.778294 3.766633
v -26.995386 1.742638 3.705312
v -27.009026 1.748223 3.695935
v -27.009026 1.749408 3.836801
v -26.995386 1.743665 3.827497
v -27.009026 1.666410 3.837472
v -26.995386 1.671675 3.828080
v -27.009026 1.624997 3.766633
v -26.995386 1.635755 3.766633
v -27.009026 1.665160 3.696359
v -26.995386 1.670592 3.705682
v -27.892460 1.789332 3.766633
v -27.460268 1.789332 3.766633
v -27.460268 1.748224 3.695935
v -27.892460 1.748224 3.695935
v -27.892460 1.665161 3.696359
v -27.460268 1.665161 3.696359
v -27.892460 1.624997 3.766633
v -27.460268 1.624997 3.766633
v -27.460268 1.666410 3.837476
v -27.892460 1.666410 3.837472
v -27.892460 1.749408 3.836801
v -27.460268 1.749408 3.836801
v -27.447672 1.778108 3.766633
v -27.434484 1.789331 3.766633
v -27.434484 1.748223 3.695935
v -27.447672 1.742615 3.705590
v -27.447672 1.670898 3.705956
v -27.434484 1.665160 3.696359
v -27.447672 1.636221 3.766633
v -27.434484 1.624997 3.766633
v -27.434484 1.666410 3.837476
v -27.447664 1.671977 3.827802
v -27.447672 1.743638 3.827218
v -27.434484 1.749408 3.836801
v -26.982889 1.789332 3.766633
v -26.576197 1.789332 3.766633
v -26.576197 1.748224 3.695935
v -26.982889 1.748224 3.695935
v -26.982889 1.665161 3.696359
v -26.576197 1.665161 3.696359
v -26.982889 1.624997 3.766633
v -26.576197 1.624997 3.766633
v -26.576197 1.666410 3.837476
v -26.982889 1.666410 3.837472
v -26.982889 1.749408 3.836801
v -26.576197 1.749408 3.836801
v -26.562710 1.778267 3.766587
v -26.562710 1.741741 3.704949
v -26.562710 1.671579 3.705338
v -26.562710 1.635920 3.766587
v -26.562702 1.672309 3.828172
v -26.562710 1.741977 3.828126
v -26.548943 1.791219 3.766633
v -26.548943 1.747263 3.838578
v -26.548943 1.748068 3.695046
v -26.548943 1.666350 3.696576
v -26.548943 1.626608 3.766633
v -26.548943 1.667517 3.837213
v -26.309351 1.704769 3.766633
v -26.309351 1.791219 3.766633
v -26.309351 1.747263 3.838578
v -26.309343 1.748068 3.695046
v -26.309351 1.667516 3.837213
v -26.309351 1.626607 3.766633
v -26.309343 1.666350 3.696576
v -30.647112 1.789331 3.766633
v -30.633823 1.777402 3.766728
v -30.633823 1.740390 3.704782
v -30.647112 1.748223 3.695935
v -30.647112 1.749408 3.836801
v -30.633823 1.741455 3.828195
v -30.647112 1.666410 3.837472
v -30.633823 1.670610 3.828168
v -30.647112 1.624997 3.766633
v -30.633823 1.634734 3.766728
v -30.647112 1.665160 3.696359
v -30.633823 1.670449 3.705361
v -31.530546 1.789332 3.766633
v -31.098347 1.789332 3.766633
v -31.098347 1.748224 3.695935
v -31.530546 1.748224 3.695935
v -31.530546 1.665161 3.696359
v -31.098347 1.665161 3.696359
v -31.530546 1.624997 3.766633
v -31.098347 1.624997 3.766633
v -31.098347 1.666410 3.837476
v -31.530546 1.666410 3.837472
v -31.530546 1.749408 3.836801
v -31.098347 1.749408 3.836801
v -31.085752 1.778108 3.766633
v -31.072569 1.789331 3.766633
v -31.072569 1.748223 3.695935
v -31.085752 1.742615 3.705590
v -31.085752 1.670898 3.705956
v -31.072569 1.665160 3.696359
v -31.085752 1.636221 3.766633
v -31.072569 1.624997 3.766633
v -31.072569 1.666410 3.837476
v -31.085741 1.671977 3.827802
v -31.085752 1.743638 3.827218
v -31.072569 1.749408 3.836801
v -29.738443 1.789331 3.766633
v -29.724800 1.777402 3.766728
v -29.724800 1.740390 3.704782
v -29.738443 1.748223 3.695935
v -29.738443 1.749408 3.836801
v -29.724800 1.741455 3.828195
v -29.738443 1.666410 3.837472
v -29.724800 1.670610 3.828168
v -29.738443 1.624997 3.766633
v -29.724800 1.634734 3.766728
v -29.738443 1.665160 3.696359
v -29.724800 1.670449 3.705361
v -30.621876 1.789332 3.766633
v -30.189686 1.789332 3.766633
v -30.189686 1.748224 3.695935
v -30.621876 1.748224 3.695935
v -30.621876 1.665161 3.696359
v -30.189686 1.665161 3.696359
v -30.621876 1.624997 3.766633
v -30.189686 1.624997 3.766633
v -30.189686 1.666410 3.837476
v -30.621876 1.666410 3.837472
v -30.621876 1.749408 3.836801
v -30.189686 1.749408 3.836801
v -30.177090 1.778108 3.766633
v -30.163900 1.789331 3.766633
v -30.163900 1.748223 3.695935
v -30.177090 1.742615 3.705590
v -30.177090 1.670898 3.705956
v -30.163900 1.665160 3.696359
v -30.177090 1.636221 3.766633
v -30.163900 1.624997 3.766633
v -30.163900 1.666410 3.837476
v -30.177074 1.671977 3.827802
v -30.177090 1.743638 3.827218
v -30.163900 1.749408 3.836801
v -28.829065 1.789331 3.766633
v -28.815424 1.778294 3.766633
v -28.815424 1.742638 3.705312
v -28.829065 1.748223 3.695935
v -28.829065 1.749408 3.836801
v -28.815424 1.743665 3.827497
v -28.829065 1.666410 3.837472
v -28.815424 1.671675 3.828080
v -28.829065 1.624997 3.766633
v -28.815424 1.635755 3.766633
v -28.829065 1.665160 3.696359
v -28.815424 1.670592 3.705682
v -29.712500 1.789332 3.766633
v -29.280300 1.789332 3.766633
v -29.280300 1.748224 3.695935
v -29.712500 1.748224 3.695935
v -29.712500 1.665161 3.696359
v -29.280300 1.665161 3.696359
v -29.712500 1.624997 3.766633
v -29.280300 1.624997 3.766633
v -29.280300 1.666410 3.837476
v -29.712500 1.666410 3.837472
v -29.712500 1.749408 3.836801
v -29.280300 1.749408 3.836801
v -29.267710 1.778108 3.766633
v -29.254519 1.789331 3.766633
v -29.254519 1.748223 3.695935
v -29.267710 1.742615 3.705590
v -29.267710 1.670898 3.705956
v -29.254519 1.665160 3.696359
v -29.267710 1.636221 3.766633
v -29.254519 1.624997 3.766633
v -29.254519 1.666410 3.837476
v -29.267698 1.671977 3.827802
v -29.267710 1.743638 3.827218
v -29.254519 1.749408 3.836801
v -28.802931 1.789332 3.766633
v -28.370718 1.789332 3.766633
v -28.370718 1.748224 3.695935
v -28.802931 1.748224 3.695935
v -28.802931 1.665161 3.696359
v -28.370718 1.665161 3.696359
v -28.802931 1.624997 3.766633
v -28.370718 1.624997 3.766633
v -28.370718 1.666410 3.837476
v -28.802931 1.666410 3.837472
v -28.802931 1.749408 3.836801
v -28.370718 1.749408 3.836801
v -27.795610 -0.103874 3.510118
v -27.795954 -0.036021 3.510308
v -26.625662 -0.036021 3.510289
v -26.624952 -0.103874 3.510118
v -26.309698 -0.103874 3.514272
v -26.309824 -0.036020 3.514398
v -26.309813 -0.036020 3.850671
v -26.625681 -0.036021 3.851159
v -27.795862 -0.036021 3.850232
v -27.795580 -0.103874 3.850209
v -26.625082 -0.103874 3.851155
v -26.309687 -0.103874 3.850671
v -27.795607 -0.103874 4.033978
v -27.795946 -0.036021 4.033792
v -26.625654 -0.036021 4.035970
v -26.624952 -0.103874 4.036141
v -26.309694 -0.103874 4.031987
v -26.309820 -0.036020 4.031861
v -28.966269 -0.103874 3.507955
v -28.966604 -0.036021 3.508142
v -28.966520 -0.036021 3.848069
v -28.966234 -0.103874 3.848046
v -28.966261 -0.103874 4.031816
v -28.966604 -0.036021 4.031625
v -30.136927 -0.103874 3.505792
v -30.137262 -0.036021 3.505982
v -30.137175 -0.036021 3.845906
v -30.136892 -0.103874 3.845883
v -30.136919 -0.103874 4.029653
v -30.137259 -0.036021 4.029466
v -31.307581 -0.103874 3.505792
v -31.307554 -0.036021 3.505998
v -31.618193 -0.103874 3.507390
v -31.618116 -0.036022 3.507592
v -31.307356 -0.036021 3.844979
v -31.618670 -0.036022 3.844815
v -31.618746 -0.103873 3.844743
v -31.307394 -0.103874 3.844937
v -31.307577 -0.103874 4.027490
v -31.307550 -0.036021 4.027284
v -31.618185 -0.103874 4.025887
v -31.618116 -0.036022 4.025689
v -26.313860 1.577360 3.519525
v -26.378515 1.541825 3.612660
v -26.314341 1.511125 3.551545
v -27.273016 1.579288 3.519876
v -27.273016 1.511920 3.551667
v -27.272375 1.542451 3.610517
v -27.271914 1.578681 4.025048
v -27.271914 1.511490 3.992814
v -27.271898 1.537224 3.935613
v -26.314371 1.576470 4.028356
v -26.378916 1.535481 3.937917
v -26.314520 1.509335 3.996041
v -26.314112 1.692218 3.768754
v -26.314428 1.611153 3.769094
v -26.378717 1.611314 3.770783
v -29.036844 1.542074 3.609719
v -29.037466 1.511602 3.550992
v -29.037470 1.578933 3.519105
v -29.036364 1.579017 4.024293
v -29.036367 1.511788 3.992154
v -29.036333 1.537574 3.934838
v -30.801313 1.541698 3.608926
v -30.801916 1.511284 3.550317
v -30.801920 1.578577 3.518334
v -30.800814 1.579353 4.023538
v -30.800817 1.512087 3.991494
v -30.800768 1.537924 3.934060
v -31.703527 1.574393 3.513196
v -31.639071 1.539298 3.607308
v -31.703245 1.508602 3.546193
v -31.703623 1.579283 4.022130
v -31.638674 1.537841 3.932683
v -31.703074 1.511695 3.990808
v -28.075098 0.753115 3.963464
v -28.075098 0.820342 3.963464
v -28.075098 0.753115 3.858510
v -28.075098 0.820342 3.858510
v -28.075098 0.820377 3.567990
v -28.075098 0.753150 3.567990
v -28.075098 0.753150 3.673142
v -28.075098 0.820377 3.673142
v -26.313051 0.753155 3.963464
v -26.313051 0.820382 3.963464
v -26.418505 0.753155 3.858510
v -26.418505 0.820382 3.858510
v -26.313051 0.820417 3.567990
v -26.313051 0.753190 3.567990
v -26.418505 0.753190 3.673142
v -26.418505 0.820417 3.673142
v -31.513502 0.752995 3.858510
v -31.513502 0.820222 3.858510
v -31.618681 0.752995 3.963464
v -31.618681 0.820222 3.963464
v -31.513502 0.820257 3.673142
v -31.513502 0.753030 3.673142
v -31.618681 0.753030 3.567990
v -31.618681 0.820257 3.567990
v -29.820383 0.753075 3.963464
v -29.820383 0.820302 3.963464
v -29.820379 0.753075 3.858510
v -29.820379 0.820302 3.858510
v -29.820383 0.820337 3.567990
v -29.820383 0.753110 3.567990
v -29.820379 0.753110 3.673142
v -29.820379 0.820337 3.673142
v -25.733713 2.172323 3.799527
v -25.733713 2.184013 3.805737
v -25.732153 2.013184 4.205091
v -25.732153 1.987443 4.194142
v -25.854830 2.184326 3.808644
v -25.854830 2.159329 3.798985
v -25.837366 1.988201 4.196698
v -25.837366 2.013941 4.207654
v -26.420218 2.172323 3.799527
v -26.420218 2.184013 3.805745
v -26.418650 2.013184 4.205091
v -26.418650 1.987441 4.194150
v -26.292707 2.184326 3.808644
v -26.197641 2.184326 3.808644
v -26.243235 2.231398 3.831082
v -25.948931 2.184326 3.808644
v -25.853888 2.184326 3.808644
v -25.898916 2.231398 3.831082
v -25.966421 1.988201 4.196713
v -25.948931 2.159287 3.799069
v -25.903090 2.140571 3.787183
v -25.903872 1.936774 4.175443
v -25.853888 2.159293 3.799054
v -25.836393 1.988201 4.196706
v -25.969553 1.961877 4.256619
v -25.904024 1.907941 4.235028
v -25.833273 1.961876 4.256619
v -25.836393 2.013941 4.207654
v -25.897917 2.068338 4.229711
v -25.900763 1.973181 4.268117
v -25.897745 2.046256 4.290311
v -25.969553 1.989351 4.267911
v -25.833273 1.989351 4.267911
v -25.966421 2.013941 4.207654
v -26.310186 1.988200 4.196713
v -26.292700 2.159286 3.799069
v -26.245680 2.140569 3.787183
v -26.245955 1.936774 4.175443
v -26.197641 2.159287 3.799069
v -26.180182 1.988199 4.196713
v -26.313330 1.961877 4.256619
v -26.246008 1.907941 4.235028
v -26.177031 1.961877 4.256619
v -26.180182 2.013941 4.207654
v -26.242483 2.068334 4.229718
v -26.244535 1.973180 4.268125
v -26.242357 2.046256 4.290311
v -26.313330 1.989351 4.267911
v -26.177031 1.989351 4.267911
v -26.310190 2.013938 4.207662
v -26.418650 2.172323 3.754834
v -26.418650 2.184013 3.748616
v -26.420218 2.013184 3.349271
v -26.420218 1.987443 3.360219
v -25.859121 2.184326 3.745709
v -25.954077 2.184326 3.745709
v -25.909090 2.231398 3.723271
v -26.202570 2.184326 3.745709
v -26.297541 2.184326 3.745709
v -26.250364 2.231398 3.723271
v -26.185106 1.988201 3.357656
v -26.202570 2.159287 3.755292
v -26.247686 2.140569 3.767179
v -26.246618 1.936774 3.378919
v -26.297541 2.159329 3.755376
v -26.314993 1.988201 3.357656
v -26.314993 2.013941 3.346707
v -26.181971 1.961877 3.297742
v -26.246424 1.907943 3.319356
v -26.318129 1.961877 3.297742
v -26.250433 2.068336 3.324643
v -26.250700 1.973181 3.286252
v -26.250433 2.046256 3.264050
v -26.181971 1.989350 3.286443
v -26.318129 1.989350 3.286443
v -26.185106 2.013941 3.346707
v -25.841646 1.988201 3.357656
v -25.859121 2.159287 3.755292
v -25.904921 2.140571 3.767179
v -25.904139 1.936774 3.378919
v -25.954077 2.159293 3.755307
v -25.971552 1.988199 3.357656
v -25.838514 1.961877 3.297742
v -25.903990 1.907941 3.319333
v -25.974672 1.961877 3.297742
v -25.971552 2.013941 3.346707
v -25.910086 2.068338 3.324643
v -25.907244 1.973181 3.286252
v -25.910254 2.046256 3.264050
v -25.838514 1.989348 3.286443
v -25.974672 1.989348 3.286443
v -25.841646 2.013941 3.346707
v -25.732153 2.172323 3.754834
v -25.732153 2.184013 3.748616
v -25.733713 2.013184 3.349271
v -25.733717 1.987441 3.360211
v -25.859659 2.184326 3.745709
v -25.842180 1.988200 3.357648
v -25.859667 2.159286 3.755292
v -25.842173 2.013938 3.346700
v -25.747553 2.038182 3.464856
v -25.844637 1.993270 3.582570
v -25.748114 1.954467 3.505322
v -26.403387 2.036857 3.460591
v -26.403223 1.952730 3.501592
v -26.306295 1.991387 3.577321
v -26.402811 2.040000 4.101468
v -26.305819 1.987622 3.988408
v -26.402498 1.954802 4.061360
v -25.748140 2.037058 4.107968
v -25.845057 1.985251 3.993665
v -25.748308 1.952204 4.067128
v -25.747847 2.183353 3.779859
v -25.748209 2.080893 3.780286
v -25.844843 2.081098 3.782422
v -26.306112 2.081139 3.775723
v -26.402811 2.078946 3.773549
v -26.403292 2.180447 3.771871
v -26.096998 2.305891 3.777181
v -26.077108 2.291001 3.777272
v -26.077108 2.243671 3.698773
v -26.096998 2.250335 3.686254
v -26.096998 2.251353 3.867658
v -26.077108 2.244517 3.855390
v -26.096998 2.148068 3.865727
v -26.077101 2.156442 3.855008
v -26.077108 2.110802 3.777272
v -26.096998 2.097838 3.777181
v -26.096998 2.149543 3.687978
v -26.077108 2.156463 3.699521
v -26.466372 2.196626 3.777181
v -26.466372 2.305892 3.777181
v -26.466372 2.250335 3.686254
v -26.466387 2.251353 3.867658
v -26.466372 2.149542 3.687978
v -26.466372 2.097837 3.777181
v -26.466387 2.148068 3.865727
v -26.055510 2.308481 3.777181
v -26.055510 2.252924 3.868108
v -26.055510 2.253943 3.686696
v -26.055510 2.150658 3.688634
v -26.055510 2.100428 3.777181
v -26.055510 2.152132 3.866384
v -25.686136 2.199216 3.777181
v -25.686136 2.308482 3.777181
v -25.686136 2.252924 3.868108
v -25.686121 2.253943 3.686696
v -25.686136 2.152132 3.866384
v -25.686136 2.100427 3.777181
v -25.686121 2.150658 3.688634
v -25.775305 -0.103874 3.448220
v -25.775518 -0.036020 3.448350
v -26.380699 -0.103874 3.447812
v -26.380573 -0.036022 3.448022
v -25.775496 -0.036020 3.917241
v -26.381519 -0.036022 3.917897
v -26.381649 -0.103873 3.917821
v -25.775286 -0.103874 3.917241
v -25.775297 -0.103874 4.104390
v -25.775507 -0.036020 4.104260
v -26.380688 -0.103874 4.104791
v -26.380562 -0.036022 4.104589
v -25.846869 -0.036021 3.917665
v -25.846891 -0.036021 4.105329
v -25.846754 -0.103874 4.105500
v -25.846754 -0.103874 3.917638
v -25.846766 -0.103874 3.447110
v -25.846903 -0.036021 3.447282
v -26.346304 -0.046009 3.481965
v -26.308310 0.772058 3.535298
v -25.806271 -0.046009 3.481755
v -25.844244 0.772058 3.535134
v -25.806141 -0.046009 4.074365
v -25.844137 0.772058 4.021035
v -26.346014 -0.046009 4.074586
v -26.308069 0.772058 4.021207
v -25.823488 0.753190 3.520867
v -25.823488 0.820417 3.520867
v -25.823488 0.820382 4.038140
v -25.823488 0.753155 4.038140
v -25.928936 0.753190 3.626016
v -25.928936 0.753155 3.933190
v -25.928936 0.820382 3.933190
v -25.928936 0.820417 3.626016
v -26.218122 0.752995 3.933187
v -26.218122 0.820222 3.933187
v -26.323301 0.752995 4.038140
v -26.323301 0.820222 4.038140
v -26.218122 0.820257 3.626016
v -26.218122 0.753030 3.626016
v -26.323301 0.753030 3.520864
v -26.323301 0.820257 3.520864
v -25.861408 -0.048367 4.089890
v -25.791872 -0.048367 4.089890
v -25.900858 2.038930 4.033902
v -25.833570 2.038930 4.033902
v -25.900858 2.038930 3.933446
v -25.833570 2.038930 3.933446
v -25.861408 -0.048367 3.980676
v -25.791872 -0.048367 3.980676
v -25.900698 0.753515 4.033902
v -25.833406 0.753515 4.033902
v -25.900698 0.753515 3.933446
v -25.833410 0.753515 3.933446
v -25.861408 -0.048367 3.577073
v -25.791872 -0.048367 3.577073
v -25.900858 2.038930 3.625321
v -25.833570 2.038930 3.625321
v -25.900858 2.038930 3.524861
v -25.833570 2.038930 3.524861
v -25.861408 -0.048367 3.468873
v -25.791872 -0.048367 3.468873
v -25.900698 0.753515 3.625321
v -25.833406 0.753515 3.625321
v -25.900698 0.753515 3.524858
v -25.833410 0.753515 3.524858
v -26.360991 -0.048367 4.089890
v -26.291454 -0.048367 4.089890
v -26.319937 2.038930 4.033902
v -26.252645 2.038930 4.033902
v -26.319937 2.038930 3.933446
v -26.252645 2.038930 3.933446
v -26.360991 -0.048367 3.980676
v -26.291454 -0.048367 3.980676
v -26.319769 0.753515 4.033902
v -26.252481 0.753515 4.033902
v -26.319769 0.753515 3.933446
v -26.252485 0.753515 3.933446
v -26.360991 -0.048367 3.577073
v -26.291454 -0.048367 3.577073
v -26.319937 2.038930 3.625321
v -26.252645 2.038930 3.625321
v -26.319937 2.038930 3.524861
v -26.252645 2.038930 3.524861
v -26.360991 -0.048367 3.468873
v -26.291454 -0.048367 3.468873
v -26.319769 0.753515 3.625321
v -26.252481 0.753515 3.625321
v -26.319769 0.753515 3.524858
v -26.252485 0.753515 3.524858
v -25.842499 2.085027 3.791757
v -25.842323 1.999249 4.028214
v -25.842327 0.792928 4.029138
v -25.842327 0.792917 3.530713
v -25.842323 1.999249 3.532357
v -26.308224 0.792948 3.530881
v -26.308224 0.792918 4.030110
v -26.308222 1.999249 3.532357
v -26.308222 1.999249 4.028214
v -26.308222 2.085027 3.791757
v -31.964962 0.792948 3.600804
v -31.587536 0.792918 3.600804
v -31.965130 0.792917 1.794919
v -31.588509 0.792928 1.794919
v -31.963486 1.528495 3.600801
v -31.589432 1.528495 3.600801
v -31.589432 1.528495 1.794919
v -31.963486 1.528495 1.794919
v -31.527756 -0.048367 3.610875
v -31.527756 -0.048367 3.543588
v -31.583744 1.582851 3.611199
v -31.583744 1.582851 3.543908
v -31.684200 1.582851 3.611199
v -31.684200 1.582851 3.543908
v -31.636971 -0.048367 3.610875
v -31.636971 -0.048367 3.543588
v -31.583744 0.753515 3.611032
v -31.583744 0.753515 3.543744
v -31.684200 0.753515 3.611032
v -31.684200 0.753515 3.543748
v -31.918770 -0.048367 3.610875
v -31.918770 -0.048367 3.543588
v -31.870522 1.582851 3.611199
v -31.870522 1.582851 3.543908
v -31.970982 1.582851 3.611199
v -31.970982 1.582851 3.543908
v -32.026970 -0.048367 3.610875
v -32.026970 -0.048367 3.543588
v -31.870522 0.753515 3.611032
v -31.870522 0.753515 3.543744
v -31.970985 0.753515 3.611032
v -31.970985 0.753515 3.543748
v -31.527756 -0.048367 1.851190
v -31.527756 -0.048367 1.783902
v -31.583744 1.582851 1.851510
v -31.583744 1.582851 1.784223
v -31.684200 1.582851 1.851510
v -31.684200 1.582851 1.784223
v -31.636971 -0.048367 1.851190
v -31.636971 -0.048367 1.783902
v -31.583744 0.753515 1.851350
v -31.583744 0.753515 1.784059
v -31.684200 0.753515 1.851350
v -31.684200 0.753515 1.784062
v -31.918770 -0.048367 1.851190
v -31.918770 -0.048367 1.783902
v -31.870522 1.582851 1.851510
v -31.870522 1.582851 1.784223
v -31.970982 1.582851 1.851510
v -31.970982 1.582851 1.784223
v -32.026970 -0.048367 1.851190
v -32.026970 -0.048367 1.783902
v -31.870522 0.753515 1.851350
v -31.870522 0.753515 1.784059
v -31.970985 0.753515 1.851350
v -31.970985 0.753515 1.784062
v -31.942352 0.757563 1.834996
v -31.942352 0.757563 3.560727
v -32.006622 -0.048243 1.834996
v -32.006622 -0.048243 3.560727
v -31.613312 0.757563 3.560723
v -31.613312 0.757563 1.834996
v -31.549347 -0.048243 3.560723
v -31.549347 -0.048243 1.834996
v -31.964962 0.792948 1.809216
v -31.587536 0.792918 1.809216
v -31.965130 0.792917 0.067666
v -31.588509 0.792928 0.067666
v -31.963486 1.528495 1.809216
v -31.589432 1.528495 1.809216
v -31.589432 1.528495 0.067662
v -31.963486 1.528495 0.067662
v -31.942352 0.757563 0.093957
v -31.942352 0.757563 1.795430
v -32.006622 -0.048243 0.093957
v -32.006622 -0.048243 1.795430
v -31.613312 0.757563 1.795430
v -31.613312 0.757563 0.093953
v -31.549347 -0.048243 1.795430
v -31.549347 -0.048243 0.093953
v -31.964962 0.792948 0.057744
v -31.587536 0.792918 0.057744
v -31.965130 0.792917 -1.683810
v -31.588509 0.792928 -1.683810
v -31.963486 1.528495 0.057744
v -31.589432 1.528495 0.057744
v -31.589432 1.528495 -1.683810
v -31.963486 1.528495 -1.683810
v -31.778324 1.614273 -1.683810
v -31.527756 -0.048367 0.108777
v -31.527756 -0.048367 0.041486
v -31.583744 1.582851 0.109097
v -31.583744 1.582851 0.041806
v -31.684200 1.582851 0.109097
v -31.684200 1.582851 0.041806
v -31.636971 -0.048367 0.108777
v -31.636971 -0.048367 0.041486
v -31.583744 0.753515 0.108937
v -31.583744 0.753515 0.041646
v -31.684200 0.753515 0.108937
v -31.684200 0.753515 0.041646
v -31.918770 -0.048367 0.108777
v -31.918770 -0.048367 0.041486
v -31.870522 1.582851 0.109097
v -31.870522 1.582851 0.041806
v -31.970982 1.582851 0.109097
v -31.970982 1.582851 0.041806
v -32.026970 -0.048367 0.108777
v -32.026970 -0.048367 0.041486
v -31.870522 0.753515 0.108937
v -31.870522 0.753515 0.041646
v -31.970985 0.753515 0.108937
v -31.970985 0.753515 0.041646
v -31.942352 0.757563 -1.655097
v -31.942352 0.757563 0.046376
v -32.006622 -0.048243 -1.655097
v -32.006622 -0.048243 0.046376
v -31.613312 0.757563 0.046376
v -31.613312 0.757563 -1.655101
v -31.549347 -0.048243 0.046376
v -31.549347 -0.048243 -1.655101
v -31.527756 -0.048367 -1.620105
v -31.527756 -0.048367 -1.687392
v -31.583744 1.582851 -1.619781
v -31.583744 1.582851 -1.687072
v -31.684200 1.582851 -1.619781
v -31.684200 1.582851 -1.687072
v -31.636971 -0.048367 -1.620105
v -31.636971 -0.048367 -1.687392
v -31.583744 0.753515 -1.619948
v -31.583744 0.753515 -1.687236
v -31.684200 0.753515 -1.619948
v -31.684200 0.753515 -1.687232
v -31.918770 -0.048367 -1.620105
v -31.918770 -0.048367 -1.687392
v -31.870522 1.582851 -1.619781
v -31.870522 1.582851 -1.687072
v -31.970982 1.582851 -1.619781
v -31.970982 1.582851 -1.687072
v -32.026970 -0.048367 -1.620105
v -32.026970 -0.048367 -1.687392
v -31.870522 0.753515 -1.619948
v -31.870522 0.753515 -1.687236
v -31.970985 0.753515 -1.619948
v -31.970985 0.753515 -1.687232
v -31.671749 0.757563 -1.679805
v -31.618141 -0.048243 -1.679805
v -31.878399 0.757563 -1.679805
v -31.930683 -0.048243 -1.679805
v -31.753738 1.692741 -1.691749
v -31.437775 1.557580 -1.693141
v -31.446438 1.537214 -1.693141
v -31.754021 1.692726 -0.801791
v -31.437824 1.557597 -0.802142
v -31.446491 1.537230 -0.802142
v -31.758926 1.683471 -0.801791
v -31.751442 1.692989 -0.914416
v -31.751438 1.692989 -0.998862
v -31.733688 1.730231 -0.958358
v -31.751434 1.692990 -1.219783
v -31.751446 1.692987 -1.304204
v -31.733685 1.730233 -1.264199
v -31.751438 1.692989 -1.499639
v -31.751438 1.692991 -1.584071
v -31.733685 1.730235 -1.542129
v -31.444408 1.537813 -1.484111
v -31.759014 1.673174 -1.499635
v -31.768425 1.658364 -1.539741
v -31.461235 1.497124 -1.538800
v -31.759087 1.673210 -1.584071
v -31.444412 1.537813 -1.599599
v -31.435745 1.558181 -1.599599
v -31.397007 1.516989 -1.481326
v -31.414104 1.474316 -1.538629
v -31.397007 1.516986 -1.602376
v -31.418289 1.601220 -1.542192
v -31.387913 1.525932 -1.542432
v -31.370346 1.583748 -1.542192
v -31.388069 1.538726 -1.481322
v -31.388065 1.538723 -1.602376
v -31.435745 1.558181 -1.484111
v -31.444405 1.537815 -1.204244
v -31.759018 1.673178 -1.219779
v -31.768421 1.658370 -1.260499
v -31.461231 1.497126 -1.259807
v -31.759026 1.673180 -1.304208
v -31.444408 1.537813 -1.319739
v -31.397007 1.516989 -1.201463
v -31.414089 1.474314 -1.259673
v -31.397011 1.516988 -1.322509
v -31.435749 1.558180 -1.319739
v -31.418293 1.601220 -1.265088
v -31.387913 1.525932 -1.262565
v -31.370350 1.583748 -1.265243
v -31.388069 1.538723 -1.201459
v -31.388069 1.538723 -1.322509
v -31.435741 1.558181 -1.204244
v -31.444412 1.537814 -0.898881
v -31.759022 1.673178 -0.914416
v -31.768421 1.658367 -0.956183
v -31.461235 1.497125 -0.955939
v -31.759014 1.673176 -0.998858
v -31.444408 1.537815 -1.014375
v -31.397007 1.516986 -0.896100
v -31.414085 1.474312 -0.955899
v -31.397007 1.516988 -1.017171
v -31.435749 1.558181 -1.014375
v -31.418293 1.601218 -0.959027
v -31.387901 1.525931 -0.957206
v -31.370354 1.583749 -0.959142
v -31.388069 1.538723 -0.896100
v -31.388073 1.538725 -1.017167
v -31.435741 1.558179 -0.898881
v -31.751438 1.692988 0.003135
v -31.751438 1.692988 -0.081384
v -31.733681 1.730231 -0.040853
v -31.751438 1.692988 -0.302510
v -31.751434 1.692985 -0.387010
v -31.733681 1.730229 -0.346974
v -31.751434 1.692987 -0.608151
v -31.751438 1.692989 -0.692662
v -31.733685 1.730231 -0.650683
v -31.444401 1.537816 -0.592610
v -31.759018 1.673179 -0.608151
v -31.768421 1.658369 -0.648301
v -31.461231 1.497129 -0.647353
v -31.759079 1.673212 -0.692666
v -31.444405 1.537816 -0.708201
v -31.435741 1.558179 -0.708201
v -31.397011 1.516988 -0.589822
v -31.414104 1.474318 -0.647183
v -31.397007 1.516990 -0.710990
v -31.418289 1.601216 -0.650746
v -31.387905 1.525932 -0.650983
v -31.370346 1.583745 -0.650746
v -31.388073 1.538725 -0.589822
v -31.388069 1.538723 -0.710986
v -31.435745 1.558180 -0.592610
v -31.444397 1.537817 -0.286965
v -31.759014 1.673181 -0.302518
v -31.768417 1.658375 -0.343272
v -31.461227 1.497130 -0.342576
v -31.759029 1.673186 -0.387013
v -31.444408 1.537817 -0.402570
v -31.397007 1.516989 -0.284173
v -31.414082 1.474313 -0.342443
v -31.397003 1.516987 -0.405345
v -31.435741 1.558180 -0.402566
v -31.418293 1.601219 -0.347863
v -31.387905 1.525932 -0.345334
v -31.370350 1.583749 -0.348016
v -31.388073 1.538726 -0.284169
v -31.388077 1.538727 -0.405341
v -31.435745 1.558181 -0.286962
v -31.444401 1.537814 0.018680
v -31.759014 1.673178 0.003123
v -31.768417 1.658368 -0.038682
v -31.461235 1.497125 -0.038434
v -31.759018 1.673177 -0.081388
v -31.444401 1.537813 -0.096915
v -31.397011 1.516987 0.021472
v -31.414093 1.474313 -0.038379
v -31.397007 1.516987 -0.099717
v -31.435741 1.558179 -0.096911
v -31.418285 1.601214 -0.041518
v -31.387901 1.525931 -0.039701
v -31.370346 1.583746 -0.041640
v -31.388073 1.538725 0.021468
v -31.388069 1.538723 -0.099717
v -31.435741 1.558177 0.018683
v -31.758652 1.683492 -1.691749
v -31.753742 1.692741 0.117330
v -31.437775 1.557581 0.115941
v -31.446434 1.537214 0.115937
v -31.758656 1.683491 0.117330
v -31.798653 1.692723 -0.800347
v -32.114849 1.557596 -0.799994
v -32.106182 1.537229 -0.799991
v -31.793751 1.683467 -0.800344
v -31.801235 1.692988 -0.687718
v -31.801231 1.692985 -0.603282
v -31.818985 1.730229 -0.643781
v -31.801228 1.692987 -0.382365
v -31.801235 1.692989 -0.297931
v -31.818989 1.730232 -0.337932
v -31.801228 1.692986 -0.077006
v -31.801228 1.692991 0.007434
v -31.818977 1.730234 -0.034513
v -32.108261 1.537813 -0.092530
v -31.793648 1.673175 -0.077006
v -31.784248 1.658366 -0.036893
v -32.091438 1.497125 -0.037841
v -31.793587 1.673211 0.007430
v -32.108253 1.537815 0.022950
v -32.116920 1.558181 0.022950
v -32.155663 1.516986 -0.095323
v -32.138565 1.474314 -0.038018
v -32.155659 1.516988 0.025735
v -32.134377 1.601218 -0.034450
v -32.164757 1.525931 -0.034213
v -32.182320 1.583747 -0.034450
v -32.164600 1.538722 -0.095323
v -32.164597 1.538725 0.025735
v -32.116924 1.558178 -0.092530
v -32.108261 1.537815 -0.397897
v -31.793655 1.673176 -0.382361
v -31.784248 1.658368 -0.341638
v -32.091434 1.497128 -0.342338
v -31.793636 1.673182 -0.297936
v -32.108261 1.537814 -0.282399
v -32.155659 1.516989 -0.400681
v -32.138577 1.474316 -0.342471
v -32.155663 1.516988 -0.279626
v -32.116928 1.558180 -0.282395
v -32.134377 1.601219 -0.337050
v -32.164757 1.525931 -0.339576
v -32.182320 1.583747 -0.336898
v -32.164604 1.538722 -0.400681
v -32.164600 1.538722 -0.279622
v -32.116924 1.558179 -0.397901
v -32.108265 1.537814 -0.703254
v -31.793652 1.673173 -0.687718
v -31.784252 1.658365 -0.645953
v -32.091442 1.497125 -0.646195
v -31.793655 1.673177 -0.603274
v -32.108261 1.537815 -0.587770
v -32.155666 1.516987 -0.706042
v -32.138580 1.474313 -0.646239
v -32.155659 1.516989 -0.584970
v -32.116924 1.558179 -0.587773
v -32.134380 1.601216 -0.643113
v -32.164768 1.525931 -0.644933
v -32.182323 1.583748 -0.643003
v -32.164604 1.538723 -0.706042
v -32.164597 1.538724 -0.584973
v -32.116932 1.558179 -0.703258
v -31.798935 1.692740 -1.693145
v -32.114895 1.557581 -1.691752
v -32.106239 1.537213 -1.691749
v -31.801231 1.692988 -1.579780
v -31.801235 1.692985 -1.495257
v -31.818989 1.730229 -1.535792
v -31.801231 1.692989 -1.299630
v -31.801228 1.692988 -1.215131
v -31.818985 1.730232 -1.255166
v -31.801228 1.692989 -0.993993
v -31.801231 1.692988 -0.909472
v -31.818985 1.730232 -0.951459
v -32.108273 1.537815 -1.009528
v -31.793652 1.673178 -0.993985
v -31.784248 1.658366 -0.953835
v -32.091438 1.497127 -0.954783
v -31.793591 1.673207 -0.909472
v -32.108261 1.537814 -0.893929
v -32.116924 1.558180 -0.893933
v -32.155666 1.516990 -1.012317
v -32.138565 1.474318 -0.954957
v -32.155663 1.516988 -0.891145
v -32.134380 1.601219 -0.951388
v -32.164768 1.525932 -0.951158
v -32.182323 1.583748 -0.951388
v -32.164600 1.538725 -1.012317
v -32.164600 1.538725 -0.891149
v -32.116924 1.558181 -1.009532
v -32.108269 1.537813 -1.315177
v -31.793652 1.673175 -1.299634
v -31.784248 1.658368 -1.258870
v -32.091438 1.497126 -1.259566
v -31.793640 1.673181 -1.215127
v -32.108265 1.537814 -1.199574
v -32.155666 1.516987 -1.317962
v -32.138580 1.474315 -1.259696
v -32.155666 1.516987 -1.196801
v -32.116924 1.558179 -1.199574
v -32.134377 1.601219 -1.254273
v -32.164764 1.525932 -1.256803
v -32.182316 1.583748 -1.254119
v -32.164600 1.538723 -1.317966
v -32.164597 1.538725 -1.196797
v -32.116924 1.558179 -1.315177
v -32.108273 1.537814 -1.595321
v -31.793655 1.673176 -1.579772
v -31.784252 1.658369 -1.537963
v -32.091442 1.497126 -1.538211
v -31.793655 1.673177 -1.495257
v -32.108269 1.537812 -1.479730
v -32.155666 1.516988 -1.598109
v -32.138580 1.474313 -1.538262
v -32.155659 1.516987 -1.476932
v -32.116928 1.558178 -1.479730
v -32.134384 1.601215 -1.535127
v -32.164768 1.525930 -1.536948
v -32.182323 1.583747 -1.535008
v -32.164597 1.538725 -1.598109
v -32.164600 1.538724 -1.476924
v -32.116928 1.558178 -1.595325
v -32.106236 1.537214 0.117330
v -32.114895 1.557580 0.117330
v -31.798935 1.692739 0.115937
v -31.794014 1.683490 -1.693145
v -31.794014 1.683491 0.115937
v -31.754021 1.692724 1.033612
v -31.437824 1.557595 1.033263
v -31.446491 1.537229 1.033263
v -31.758923 1.683469 1.033612
v -31.751438 1.692988 0.920983
v -31.751438 1.692988 0.836545
v -31.733685 1.730231 0.877046
v -31.751438 1.692988 0.615624
v -31.751438 1.692988 0.531196
v -31.733685 1.730231 0.571200
v -31.751438 1.692988 0.310267
v -31.751438 1.692988 0.225835
v -31.733685 1.730231 0.267777
v -31.444408 1.537815 0.325799
v -31.759018 1.673177 0.310267
v -31.768421 1.658368 0.270156
v -31.461231 1.497126 0.271104
v -31.759083 1.673210 0.225835
v -31.444412 1.537815 0.210309
v -31.435745 1.558180 0.210309
v -31.397007 1.516987 0.328584
v -31.414104 1.474315 0.271277
v -31.397007 1.516987 0.207530
v -31.418289 1.601217 0.267718
v -31.387913 1.525931 0.267474
v -31.370350 1.583748 0.267718
v -31.388069 1.538724 0.328584
v -31.388069 1.538724 0.207530
v -31.435745 1.558180 0.325799
v -31.444408 1.537815 0.631162
v -31.759018 1.673177 0.615624
v -31.768421 1.658370 0.574904
v -31.461231 1.497126 0.575597
v -31.759029 1.673182 0.531196
v -31.444408 1.537814 0.515664
v -31.397007 1.516987 0.633946
v -31.414089 1.474313 0.575730
v -31.397007 1.516987 0.512891
v -31.435745 1.558180 0.515664
v -31.418293 1.601219 0.570312
v -31.387913 1.525931 0.572841
v -31.370350 1.583748 0.570161
v -31.388069 1.538723 0.633946
v -31.388069 1.538723 0.512891
v -31.435745 1.558180 0.631162
v -31.444408 1.537815 0.936519
v -31.759018 1.673176 0.920983
v -31.768421 1.658368 0.879216
v -31.461231 1.497126 0.879460
v -31.759018 1.673177 0.836545
v -31.444408 1.537815 0.821029
v -31.397007 1.516987 0.939303
v -31.414089 1.474313 0.879504
v -31.397007 1.516987 0.818233
v -31.435745 1.558180 0.821029
v -31.418289 1.601217 0.876376
v -31.387901 1.525930 0.878198
v -31.370350 1.583748 0.876264
v -31.388069 1.538723 0.939303
v -31.388069 1.538723 0.818233
v -31.435741 1.558178 0.936519
v -31.758656 1.683491 1.950740
v -31.753738 1.692740 1.950740
v -31.437775 1.557581 1.949347
v -31.446434 1.537214 1.949347
v -31.751438 1.692988 1.838534
v -31.751438 1.692988 1.754016
v -31.733685 1.730231 1.794551
v -31.751438 1.692988 1.532889
v -31.751438 1.692988 1.448390
v -31.733685 1.730231 1.488425
v -31.751438 1.692988 1.227254
v -31.751438 1.692988 1.142741
v -31.733685 1.730231 1.184720
v -31.444401 1.537814 1.242793
v -31.759018 1.673177 1.227254
v -31.768421 1.658368 1.187100
v -31.461231 1.497126 1.188052
v -31.759079 1.673210 1.142741
v -31.444408 1.537815 1.127198
v -31.435745 1.558180 1.127198
v -31.397007 1.516987 1.245582
v -31.414104 1.474315 1.188220
v -31.397007 1.516987 1.124410
v -31.418289 1.601217 1.184653
v -31.387905 1.525931 1.184421
v -31.370350 1.583748 1.184653
v -31.388073 1.538725 1.245582
v -31.388073 1.538725 1.124410
v -31.435745 1.558180 1.242793
v -31.444401 1.537815 1.548438
v -31.759018 1.673177 1.532889
v -31.768421 1.658370 1.492135
v -31.461231 1.497126 1.492831
v -31.759029 1.673182 1.448390
v -31.444408 1.537815 1.432839
v -31.397007 1.516987 1.551227
v -31.414089 1.474313 1.492965
v -31.397007 1.516986 1.430062
v -31.435745 1.558180 1.432839
v -31.418293 1.601219 1.487536
v -31.387905 1.525931 1.490069
v -31.370350 1.583748 1.487384
v -31.388073 1.538725 1.551227
v -31.388073 1.538725 1.430062
v -31.435745 1.558180 1.548438
v -31.444401 1.537814 1.854079
v -31.759018 1.673177 1.838531
v -31.768421 1.658368 1.796725
v -31.461231 1.497126 1.796969
v -31.759018 1.673177 1.754016
v -31.444401 1.537814 1.738492
v -31.397007 1.516987 1.856872
v -31.414089 1.474313 1.797021
v -31.397007 1.516987 1.735688
v -31.435745 1.558180 1.738492
v -31.418289 1.601216 1.793881
v -31.387901 1.525930 1.795707
v -31.370350 1.583748 1.793769
v -31.388073 1.538725 1.856872
v -31.388073 1.538725 1.735688
v -31.435741 1.558178 1.854083
v -31.794014 1.683491 1.949347
v -31.798935 1.692740 1.949347
v -32.114895 1.557581 1.950740
v -32.106232 1.537215 1.950740
v -31.798649 1.692724 1.035056
v -32.114845 1.557595 1.035409
v -32.106178 1.537229 1.035409
v -31.793747 1.683469 1.035056
v -31.801231 1.692988 1.147685
v -31.801231 1.692988 1.232121
v -31.818985 1.730231 1.191623
v -31.801231 1.692988 1.453040
v -31.801231 1.692988 1.537469
v -31.818985 1.730231 1.497468
v -31.801231 1.692988 1.758397
v -31.801231 1.692988 1.842834
v -31.818985 1.730231 1.800887
v -32.108261 1.537815 1.742869
v -31.793652 1.673177 1.758397
v -31.784248 1.658368 1.798512
v -32.091438 1.497126 1.797561
v -31.793587 1.673210 1.842834
v -32.108257 1.537815 1.858354
v -32.116924 1.558180 1.858354
v -32.155663 1.516987 1.740081
v -32.138565 1.474315 1.797387
v -32.155663 1.516987 1.861138
v -32.134380 1.601217 1.800954
v -32.164757 1.525931 1.801190
v -32.182320 1.583748 1.800954
v -32.164600 1.538724 1.740081
v -32.164600 1.538724 1.861138
v -32.116924 1.558180 1.742869
v -32.108261 1.537815 1.437503
v -31.793652 1.673177 1.453040
v -31.784248 1.658370 1.493760
v -32.091438 1.497126 1.493068
v -31.793640 1.673182 1.537469
v -32.108261 1.537814 1.553000
v -32.155663 1.516987 1.434722
v -32.138580 1.474313 1.492934
v -32.155663 1.516987 1.555778
v -32.116924 1.558180 1.553000
v -32.134377 1.601219 1.498353
v -32.164757 1.525931 1.495824
v -32.182320 1.583748 1.498504
v -32.164600 1.538723 1.434722
v -32.164600 1.538723 1.555778
v -32.116924 1.558180 1.437503
v -32.108261 1.537815 1.132146
v -31.793652 1.673176 1.147685
v -31.784248 1.658368 1.189452
v -32.091438 1.497126 1.189208
v -31.793652 1.673177 1.232121
v -32.108261 1.537815 1.247634
v -32.155663 1.516987 1.129361
v -32.138580 1.474313 1.189160
v -32.155663 1.516987 1.250436
v -32.116924 1.558180 1.247634
v -32.134380 1.601217 1.192292
v -32.164768 1.525930 1.190471
v -32.182320 1.583748 1.192401
v -32.164600 1.538723 1.129361
v -32.164600 1.538723 1.250436
v -32.116928 1.558178 1.132146
v -31.801231 1.692988 0.230128
v -31.801231 1.692988 0.314652
v -31.818985 1.730231 0.274114
v -31.801231 1.692988 0.535773
v -31.801231 1.692988 0.620278
v -31.818985 1.730231 0.580243
v -31.801231 1.692988 0.841414
v -31.801231 1.692988 0.925927
v -31.818985 1.730231 0.883945
v -32.108269 1.537814 0.825871
v -31.793652 1.673177 0.841414
v -31.784248 1.658368 0.881564
v -32.091438 1.497126 0.880612
v -31.793591 1.673210 0.925927
v -32.108261 1.537815 0.941470
v -32.116924 1.558180 0.941470
v -32.155663 1.516987 0.823083
v -32.138565 1.474315 0.880445
v -32.155663 1.516987 0.944255
v -32.134380 1.601217 0.884015
v -32.164764 1.525931 0.884248
v -32.182320 1.583748 0.884015
v -32.164597 1.538725 0.823083
v -32.164597 1.538725 0.944255
v -32.116924 1.558180 0.825871
v -32.108269 1.537815 0.520226
v -31.793652 1.673177 0.535773
v -31.784248 1.658370 0.576533
v -32.091438 1.497126 0.575837
v -31.793640 1.673182 0.620278
v -32.108261 1.537815 0.635829
v -32.155663 1.516987 0.517438
v -32.138580 1.474313 0.575704
v -32.155663 1.516986 0.638602
v -32.116924 1.558180 0.635829
v -32.134377 1.601219 0.581128
v -32.164764 1.525931 0.578599
v -32.182320 1.583748 0.581281
v -32.164597 1.538725 0.517438
v -32.164597 1.538725 0.638602
v -32.116924 1.558180 0.520226
v -32.108269 1.537814 0.214585
v -31.793652 1.673177 0.230132
v -31.784248 1.658368 0.271943
v -32.091438 1.497126 0.271695
v -31.793652 1.673177 0.314652
v -32.108269 1.537814 0.330176
v -32.155663 1.516987 0.211797
v -32.138580 1.474313 0.271647
v -32.155663 1.516987 0.332976
v -32.116924 1.558180 0.330176
v -32.134380 1.601216 0.274781
v -32.164768 1.525930 0.272958
v -32.182320 1.583748 0.274896
v -32.164597 1.538725 0.211797
v -32.164597 1.538725 0.332976
v -32.116928 1.558178 0.214581
v -31.754021 1.692724 2.864635
v -31.437824 1.557595 2.864285
v -31.446491 1.537229 2.864285
v -31.758923 1.683469 2.864635
v -31.751438 1.692988 2.752006
v -31.751438 1.692988 2.667569
v -31.733685 1.730231 2.708068
v -31.751438 1.692988 2.446647
v -31.751438 1.692988 2.362218
v -31.733685 1.730231 2.402223
v -31.751438 1.692988 2.141294
v -31.751438 1.692988 2.056861
v -31.733685 1.730231 2.098800
v -31.444408 1.537815 2.156821
v -31.759018 1.673177 2.141294
v -31.768421 1.658368 2.101184
v -31.461231 1.497126 2.102126
v -31.759083 1.673210 2.056861
v -31.444412 1.537815 2.041333
v -31.435745 1.558180 2.041333
v -31.397007 1.516987 2.159606
v -31.414104 1.474315 2.102304
v -31.397007 1.516987 2.038552
v -31.418289 1.601217 2.098741
v -31.387913 1.525931 2.098500
v -31.370350 1.583748 2.098741
v -31.388069 1.538724 2.159606
v -31.388069 1.538724 2.038552
v -31.435745 1.558180 2.156821
v -31.444408 1.537815 2.462188
v -31.759018 1.673177 2.446647
v -31.768421 1.658370 2.405927
v -31.461231 1.497126 2.406623
v -31.759029 1.673182 2.362218
v -31.444408 1.537814 2.346686
v -31.397007 1.516987 2.464972
v -31.414089 1.474313 2.406756
v -31.397007 1.516987 2.343913
v -31.435745 1.558180 2.346686
v -31.418293 1.601219 2.401334
v -31.387913 1.525931 2.403863
v -31.370350 1.583748 2.401189
v -31.388069 1.538723 2.464972
v -31.388069 1.538723 2.343913
v -31.435745 1.558180 2.462188
v -31.444408 1.537815 2.767541
v -31.759018 1.673176 2.752006
v -31.768421 1.658368 2.710238
v -31.461231 1.497126 2.710483
v -31.759018 1.673177 2.667569
v -31.444408 1.537815 2.652057
v -31.397007 1.516987 2.770326
v -31.414089 1.474313 2.710530
v -31.397007 1.516987 2.649259
v -31.435745 1.558180 2.652057
v -31.418289 1.601217 2.707398
v -31.387901 1.525930 2.709220
v -31.370350 1.583748 2.707286
v -31.388069 1.538723 2.770326
v -31.388069 1.538723 2.649259
v -31.435741 1.558178 2.767541
v -31.751438 1.692988 3.784680
v -31.751438 1.692988 3.363917
v -31.751438 1.692988 3.279412
v -31.733685 1.730231 3.319448
v -31.751438 1.692988 3.058276
v -31.751438 1.692988 2.973763
v -31.733685 1.730231 3.015742
v -31.444401 1.537814 3.073819
v -31.759018 1.673177 3.058276
v -31.768421 1.658368 3.018126
v -31.461231 1.497126 3.019074
v -31.759079 1.673210 2.973763
v -31.444408 1.537815 2.958224
v -31.435745 1.558180 2.958224
v -31.397007 1.516987 3.076608
v -31.414104 1.474315 3.019246
v -31.397007 1.516987 2.955436
v -31.418289 1.601217 3.015679
v -31.387905 1.525931 3.015447
v -31.370350 1.583748 3.015679
v -31.388073 1.538725 3.076608
v -31.388073 1.538725 2.955436
v -31.435745 1.558180 3.073819
v -31.444401 1.537815 3.379464
v -31.759018 1.673177 3.363917
v -31.768421 1.658370 3.323161
v -31.461231 1.497126 3.323853
v -31.759029 1.673182 3.279412
v -31.444408 1.537815 3.263862
v -31.397007 1.516987 3.382253
v -31.414089 1.474313 3.323987
v -31.397007 1.516986 3.261085
v -31.435745 1.558180 3.263862
v -31.418293 1.601219 3.318559
v -31.387905 1.525931 3.321092
v -31.370350 1.583748 3.318406
v -31.388073 1.538725 3.382253
v -31.388073 1.538725 3.261085
v -31.435745 1.558180 3.379464
v -31.759018 1.673177 3.784680
v -31.444401 1.537814 3.769153
v -31.435745 1.558180 3.769153
v -31.798649 1.692724 2.866082
v -32.114845 1.557595 2.866433
v -32.106178 1.537229 2.866433
v -31.793747 1.683469 2.866082
v -31.801231 1.692988 2.978707
v -31.801231 1.692988 3.063149
v -31.818985 1.730231 3.022649
v -31.801231 1.692988 3.284066
v -31.801231 1.692988 3.368495
v -31.818985 1.730231 3.328494
v -31.801231 1.692988 3.789058
v -32.108261 1.537815 3.773534
v -31.793652 1.673177 3.789058
v -32.116924 1.558180 3.773534
v -32.108261 1.537815 3.268525
v -31.793652 1.673177 3.284066
v -31.784248 1.658370 3.324786
v -32.091438 1.497126 3.324090
v -31.793640 1.673182 3.368495
v -32.108261 1.537814 3.384027
v -32.155663 1.516987 3.265746
v -32.138580 1.474313 3.323956
v -32.155663 1.516987 3.386800
v -32.116924 1.558180 3.384027
v -32.134377 1.601219 3.329379
v -32.164757 1.525931 3.326850
v -32.182320 1.583748 3.329526
v -32.164600 1.538723 3.265746
v -32.164600 1.538723 3.386800
v -32.116924 1.558180 3.268525
v -32.108261 1.537815 2.963172
v -31.793652 1.673176 2.978707
v -31.784248 1.658368 3.020474
v -32.091438 1.497126 3.020230
v -31.793652 1.673177 3.063149
v -32.108261 1.537815 3.078658
v -32.155663 1.516987 2.960387
v -32.138580 1.474313 3.020183
v -32.155663 1.516987 3.081458
v -32.116924 1.558180 3.078658
v -32.134380 1.601217 3.023318
v -32.164768 1.525930 3.021493
v -32.182320 1.583748 3.023427
v -32.164600 1.538723 2.960387
v -32.164600 1.538723 3.081458
v -32.116928 1.558178 2.963172
v -31.801231 1.692988 2.061156
v -31.801231 1.692988 2.145675
v -31.818985 1.730231 2.105136
v -31.801231 1.692988 2.366797
v -31.801231 1.692988 2.451304
v -31.818985 1.730231 2.411265
v -31.801231 1.692988 2.672442
v -31.801231 1.692988 2.756953
v -31.818985 1.730231 2.714971
v -32.108269 1.537814 2.656894
v -31.793652 1.673177 2.672442
v -31.784248 1.658368 2.712586
v -32.091438 1.497126 2.711638
v -31.793591 1.673210 2.756953
v -32.108261 1.537815 2.772492
v -32.116924 1.558180 2.772492
v -32.155663 1.516987 2.654105
v -32.138565 1.474315 2.711467
v -32.155663 1.516987 2.775277
v -32.134380 1.601217 2.715037
v -32.164764 1.525931 2.715270
v -32.182320 1.583748 2.715037
v -32.164597 1.538725 2.654105
v -32.164597 1.538725 2.775277
v -32.116924 1.558180 2.656894
v -32.108269 1.537815 2.351249
v -31.793652 1.673177 2.366797
v -31.784248 1.658370 2.407556
v -32.091438 1.497126 2.406863
v -31.793640 1.673182 2.451304
v -32.108261 1.537815 2.466855
v -32.155663 1.516987 2.348460
v -32.138580 1.474313 2.406730
v -32.155663 1.516986 2.469628
v -32.116924 1.558180 2.466855
v -32.134377 1.601219 2.412154
v -32.164764 1.525931 2.409625
v -32.182320 1.583748 2.412307
v -32.164597 1.538725 2.348460
v -32.164597 1.538725 2.469628
v -32.116924 1.558180 2.351249
v -32.108269 1.537814 2.045611
v -31.793652 1.673177 2.061160
v -31.784248 1.658368 2.102969
v -32.091438 1.497126 2.102721
v -31.793652 1.673177 2.145675
v -32.108269 1.537814 2.161202
v -32.155663 1.516987 2.042823
v -32.138580 1.474313 2.102674
v -32.155663 1.516987 2.163999
v -32.116924 1.558180 2.161202
v -32.134380 1.601216 2.105805
v -32.164768 1.525930 2.103984
v -32.182320 1.583748 2.105918
v -32.164597 1.538725 2.042823
v -32.164597 1.538725 2.163999
v -32.116928 1.558178 2.045608
v -31.776337 1.789331 -0.086949
v -31.776241 1.777402 -0.100574
v -31.838188 1.740390 -0.100574
v -31.847034 1.748223 -0.086949
v -31.706169 1.749408 -0.086949
v -31.714775 1.741455 -0.100574
v -31.705498 1.666410 -0.086949
v -31.714802 1.670610 -0.100574
v -31.776337 1.624997 -0.086949
v -31.776241 1.634734 -0.100574
v -31.846611 1.665160 -0.086949
v -31.837608 1.670449 -0.100574
v -31.776360 1.778188 0.351455
v -31.776337 1.789331 0.338185
v -31.847034 1.748223 0.338185
v -31.837700 1.742178 0.351455
v -31.837322 1.671239 0.351455
v -31.846611 1.665160 0.338185
v -31.776360 1.636071 0.351455
v -31.776337 1.624997 0.338185
v -31.705494 1.666410 0.338185
v -31.714981 1.672143 0.351439
v -31.715298 1.742807 0.351455
v -31.706169 1.749408 0.338185
v -31.776337 1.789331 -0.995629
v -31.776337 1.778294 -1.009257
v -31.837658 1.742638 -1.009257
v -31.847034 1.748223 -0.995629
v -31.706169 1.749408 -0.995629
v -31.715473 1.743665 -1.009257
v -31.705498 1.666410 -0.995629
v -31.714890 1.671675 -1.009257
v -31.776337 1.624997 -0.995629
v -31.776337 1.635755 -1.009257
v -31.846611 1.665160 -0.995629
v -31.837288 1.670592 -1.009257
v -31.776337 1.789332 -0.112872
v -31.776337 1.789332 -0.544732
v -31.847034 1.748224 -0.544732
v -31.847034 1.748224 -0.112872
v -31.846611 1.665161 -0.112872
v -31.846611 1.665161 -0.544732
v -31.776337 1.624997 -0.112872
v -31.776337 1.624997 -0.544732
v -31.705494 1.666410 -0.544732
v -31.705498 1.666410 -0.112872
v -31.706169 1.749408 -0.112872
v -31.706169 1.749408 -0.544732
v -31.776337 1.778108 -0.557319
v -31.776337 1.789331 -0.570495
v -31.847034 1.748223 -0.570495
v -31.837379 1.742615 -0.557319
v -31.837013 1.670898 -0.557319
v -31.846611 1.665160 -0.570495
v -31.776337 1.636221 -0.557319
v -31.776337 1.624997 -0.570495
v -31.705494 1.666410 -0.570495
v -31.715168 1.671977 -0.557326
v -31.715752 1.743638 -0.557319
v -31.706169 1.749408 -0.570495
v -31.776337 1.789332 -1.021745
v -31.776337 1.789332 -1.428126
v -31.847034 1.748224 -1.428126
v -31.847034 1.748224 -1.021745
v -31.846611 1.665161 -1.021745
v -31.846611 1.665161 -1.428126
v -31.776337 1.624997 -1.021745
v -31.776337 1.624997 -1.428126
v -31.705494 1.666410 -1.428126
v -31.705498 1.666410 -1.021745
v -31.706169 1.749408 -1.021745
v -31.706169 1.749408 -1.428126
v -31.776382 1.778267 -1.441602
v -31.838020 1.741741 -1.441602
v -31.837631 1.671579 -1.441602
v -31.776382 1.635920 -1.441602
v -31.714798 1.672309 -1.441609
v -31.714844 1.741977 -1.441602
v -31.776337 1.791219 -1.455359
v -31.704391 1.747263 -1.455359
v -31.847923 1.748068 -1.455359
v -31.846394 1.666350 -1.455359
v -31.776337 1.626608 -1.455359
v -31.705757 1.667517 -1.455359
v -31.776337 1.704769 -1.694766
v -31.776337 1.791219 -1.694766
v -31.704391 1.747263 -1.694766
v -31.847923 1.748068 -1.694774
v -31.705757 1.667516 -1.694766
v -31.776337 1.626607 -1.694766
v -31.846394 1.666350 -1.694774
v -31.776337 1.789331 2.639667
v -31.776241 1.777402 2.626388
v -31.838188 1.740390 2.626388
v -31.847034 1.748223 2.639667
v -31.706169 1.749408 2.639667
v -31.714775 1.741455 2.626388
v -31.705498 1.666410 2.639667
v -31.714802 1.670610 2.626388
v -31.776337 1.624997 2.639667
v -31.776241 1.634734 2.626388
v -31.846611 1.665160 2.639667
v -31.837608 1.670449 2.626388
v -31.776337 1.789332 3.522422
v -31.776337 1.789332 3.090554
v -31.847034 1.748224 3.090554
v -31.847034 1.748224 3.522422
v -31.846611 1.665161 3.522422
v -31.846611 1.665161 3.090554
v -31.776337 1.624997 3.522422
v -31.776337 1.624997 3.090554
v -31.705494 1.666410 3.090554
v -31.705498 1.666410 3.522422
v -31.706169 1.749408 3.522422
v -31.706169 1.749408 3.090554
v -31.776337 1.778108 3.077973
v -31.776337 1.789331 3.064797
v -31.847034 1.748223 3.064797
v -31.837379 1.742615 3.077973
v -31.837013 1.670898 3.077973
v -31.846611 1.665160 3.064797
v -31.776337 1.636221 3.077973
v -31.776337 1.624997 3.064797
v -31.705494 1.666410 3.064797
v -31.715168 1.671977 3.077962
v -31.715752 1.743638 3.077973
v -31.706169 1.749408 3.064797
v -31.776337 1.789331 1.731696
v -31.776241 1.777402 1.718062
v -31.838188 1.740390 1.718062
v -31.847034 1.748223 1.731696
v -31.706169 1.749408 1.731696
v -31.714775 1.741455 1.718062
v -31.705498 1.666410 1.731696
v -31.714802 1.670610 1.718062
v -31.776337 1.624997 1.731696
v -31.776241 1.634734 1.718062
v -31.846611 1.665160 1.731696
v -31.837608 1.670449 1.718062
v -31.776337 1.789332 2.614451
v -31.776337 1.789332 2.182591
v -31.847034 1.748224 2.182591
v -31.847034 1.748224 2.614451
v -31.846611 1.665161 2.614451
v -31.846611 1.665161 2.182591
v -31.776337 1.624997 2.614451
v -31.776337 1.624997 2.182591
v -31.705494 1.666410 2.182591
v -31.705498 1.666410 2.614451
v -31.706169 1.749408 2.614451
v -31.706169 1.749408 2.182591
v -31.776337 1.778108 2.170005
v -31.776337 1.789331 2.156825
v -31.847034 1.748223 2.156825
v -31.837379 1.742615 2.170005
v -31.837013 1.670898 2.170005
v -31.846611 1.665160 2.156825
v -31.776337 1.636221 2.170005
v -31.776337 1.624997 2.156825
v -31.705494 1.666410 2.156825
v -31.715168 1.671977 2.169990
v -31.715752 1.743638 2.170005
v -31.706169 1.749408 2.156825
v -31.776337 1.789331 0.823016
v -31.776337 1.778294 0.809384
v -31.837658 1.742638 0.809384
v -31.847034 1.748223 0.823016
v -31.706169 1.749408 0.823016
v -31.715473 1.743665 0.809384
v -31.705498 1.666410 0.823016
v -31.714890 1.671675 0.809384
v -31.776337 1.624997 0.823016
v -31.776337 1.635755 0.809384
v -31.846611 1.665160 0.823016
v -31.837288 1.670592 0.809384
v -31.776337 1.789332 1.705771
v -31.776337 1.789332 1.273904
v -31.847034 1.748224 1.273904
v -31.847034 1.748224 1.705771
v -31.846611 1.665161 1.705771
v -31.846611 1.665161 1.273904
v -31.776337 1.624997 1.705771
v -31.776337 1.624997 1.273904
v -31.705494 1.666410 1.273904
v -31.705498 1.666410 1.705771
v -31.706169 1.749408 1.705771
v -31.706169 1.749408 1.273904
v -31.776337 1.778108 1.261323
v -31.776337 1.789331 1.248141
v -31.847034 1.748223 1.248141
v -31.837379 1.742615 1.261323
v -31.837013 1.670898 1.261323
v -31.846611 1.665160 1.248141
v -31.776337 1.636221 1.261323
v -31.776337 1.624997 1.248141
v -31.705494 1.666410 1.248141
v -31.715168 1.671977 1.261310
v -31.715752 1.743638 1.261323
v -31.706169 1.749408 1.248141
v -31.776337 1.789332 0.796899
v -31.776337 1.789332 0.365020
v -31.847034 1.748224 0.365020
v -31.847034 1.748224 0.796899
v -31.846611 1.665161 0.796899
v -31.846611 1.665161 0.365020
v -31.776337 1.624997 0.796899
v -31.776337 1.624997 0.365020
v -31.705494 1.666410 0.365020
v -31.705498 1.666410 0.796899
v -31.706169 1.749408 0.796899
v -31.706169 1.749408 0.365020
v -32.032852 -0.103874 -0.208507
v -32.032661 -0.036021 -0.208163
v -32.032681 -0.036021 -1.378455
v -32.032852 -0.103874 -1.379165
v -32.028698 -0.103874 -1.694419
v -32.028572 -0.036020 -1.694293
v -31.692299 -0.036020 -1.694304
v -31.691811 -0.036021 -1.378436
v -31.692738 -0.036021 -0.208255
v -31.692760 -0.103874 -0.208537
v -31.691814 -0.103874 -1.379035
v -31.692299 -0.103874 -1.694430
v -31.508991 -0.103874 -0.208510
v -31.509178 -0.036021 -0.208171
v -31.507000 -0.036021 -1.378463
v -31.506828 -0.103874 -1.379165
v -31.510983 -0.103874 -1.694423
v -31.511108 -0.036020 -1.694297
v -32.035015 -0.103874 0.962152
v -32.034828 -0.036021 0.962487
v -31.694901 -0.036021 0.962403
v -31.694923 -0.103874 0.962117
v -31.511154 -0.103874 0.962144
v -31.511345 -0.036021 0.962487
v -32.037178 -0.103874 2.132810
v -32.036987 -0.036021 2.133145
v -31.697063 -0.036021 2.133058
v -31.697086 -0.103874 2.132775
v -31.513317 -0.103874 2.132802
v -31.513504 -0.036021 2.133142
v -32.037178 -0.103874 3.303464
v -32.036972 -0.036021 3.303437
v -32.035580 -0.103874 3.614076
v -32.035378 -0.036022 3.613999
v -31.697990 -0.036021 3.303239
v -31.698154 -0.036022 3.614552
v -31.698227 -0.103873 3.614629
v -31.698032 -0.103874 3.303277
v -31.515480 -0.103874 3.303460
v -31.515686 -0.036021 3.303433
v -31.517082 -0.103874 3.614068
v -31.517281 -0.036022 3.613999
v -32.023445 1.577360 -1.690257
v -31.930309 1.541825 -1.625602
v -31.991425 1.511125 -1.689776
v -32.023094 1.579288 -0.731101
v -31.991302 1.511920 -0.731101
v -31.932453 1.542451 -0.731742
v -31.517921 1.578681 -0.732203
v -31.550156 1.511490 -0.732203
v -31.607357 1.537224 -0.732219
v -31.514614 1.576470 -1.689746
v -31.605053 1.535481 -1.625201
v -31.546928 1.509335 -1.689597
v -31.774216 1.692218 -1.690005
v -31.773876 1.611153 -1.689689
v -31.772186 1.611314 -1.625400
v -31.933250 1.542074 1.032727
v -31.991978 1.511602 1.033349
v -32.023865 1.578933 1.033353
v -31.518677 1.579017 1.032247
v -31.550816 1.511788 1.032250
v -31.608131 1.537574 1.032216
v -31.934044 1.541698 2.797196
v -31.992653 1.511284 2.797799
v -32.024635 1.578577 2.797803
v -31.519432 1.579353 2.796697
v -31.551476 1.512087 2.796700
v -31.608910 1.537924 2.796651
v -32.029774 1.574393 3.689988
v -31.935661 1.539298 3.625531
v -31.996777 1.508602 3.689706
v -31.520840 1.579283 3.690084
v -31.610287 1.537841 3.625134
v -31.552162 1.511695 3.689534
v -31.579506 0.753115 0.070981
v -31.579506 0.820342 0.070981
v -31.684460 0.753115 0.070981
v -31.684460 0.820342 0.070981
v -31.974979 0.820377 0.070981
v -31.974979 0.753150 0.070981
v -31.869827 0.753150 0.070981
v -31.869827 0.820377 0.070981
v -31.579506 0.753155 -1.691066
v -31.579506 0.820382 -1.691066
v -31.684460 0.753155 -1.585612
v -31.684460 0.820382 -1.585612
v -31.974979 0.820417 -1.691066
v -31.974979 0.753190 -1.691066
v -31.869827 0.753190 -1.585612
v -31.869827 0.820417 -1.585612
v -31.684460 0.752995 3.515059
v -31.684460 0.820222 3.515059
v -31.579506 0.752995 3.620238
v -31.579506 0.820222 3.620238
v -31.869827 0.820257 3.515059
v -31.869827 0.753030 3.515059
v -31.974979 0.753030 3.620238
v -31.974979 0.820257 3.620238
v -31.579506 0.753075 1.816266
v -31.579506 0.820302 1.816266
v -31.684460 0.753075 1.816262
v -31.684460 0.820302 1.816262
v -31.974979 0.820337 1.816266
v -31.974979 0.753110 1.816266
v -31.869827 0.753110 1.816262
v -31.869827 0.820337 1.816262
v -31.765541 2.172323 -2.270345
v -31.759331 2.184013 -2.270345
v -31.359978 2.013184 -2.271905
v -31.370926 1.987443 -2.271905
v -31.756424 2.184326 -2.149228
v -31.766083 2.159329 -2.149228
v -31.368370 1.988201 -2.166692
v -31.357414 2.013941 -2.166692
v -31.765541 2.172323 -1.583840
v -31.759323 2.184013 -1.583840
v -31.359978 2.013184 -1.585408
v -31.370918 1.987441 -1.585408
v -31.756424 2.184326 -1.711350
v -31.756424 2.184326 -1.806417
v -31.733986 2.231398 -1.760823
v -31.756424 2.184326 -2.055127
v -31.756424 2.184326 -2.150170
v -31.733986 2.231398 -2.105142
v -31.368355 1.988201 -2.037637
v -31.765999 2.159287 -2.055127
v -31.777885 2.140571 -2.100968
v -31.389626 1.936774 -2.100186
v -31.766014 2.159293 -2.150170
v -31.368362 1.988201 -2.167665
v -31.308449 1.961877 -2.034505
v -31.330040 1.907941 -2.100034
v -31.308449 1.961876 -2.170785
v -31.357414 2.013941 -2.167665
v -31.335358 2.068338 -2.106141
v -31.296951 1.973181 -2.103295
v -31.274757 2.046256 -2.106313
v -31.297157 1.989351 -2.034505
v -31.297157 1.989351 -2.170785
v -31.357414 2.013941 -2.037637
v -31.368355 1.988200 -1.693871
v -31.765999 2.159286 -1.711358
v -31.777885 2.140569 -1.758378
v -31.389626 1.936774 -1.758103
v -31.765999 2.159287 -1.806417
v -31.368355 1.988199 -1.823876
v -31.308449 1.961877 -1.690728
v -31.330040 1.907941 -1.758050
v -31.308449 1.961877 -1.827027
v -31.357414 2.013941 -1.823876
v -31.335350 2.068334 -1.761575
v -31.296944 1.973180 -1.759522
v -31.274757 2.046256 -1.761701
v -31.297157 1.989351 -1.690728
v -31.297157 1.989351 -1.827027
v -31.357407 2.013938 -1.693868
v -31.810234 2.172323 -1.585408
v -31.816452 2.184013 -1.585408
v -32.215797 2.013184 -1.583840
v -32.204849 1.987443 -1.583840
v -31.819359 2.184326 -2.144937
v -31.819359 2.184326 -2.049981
v -31.841797 2.231398 -2.094968
v -31.819359 2.184326 -1.801488
v -31.819359 2.184326 -1.706517
v -31.841797 2.231398 -1.753694
v -32.207413 1.988201 -1.818952
v -31.809776 2.159287 -1.801488
v -31.797890 2.140569 -1.756371
v -32.186150 1.936774 -1.757440
v -31.809692 2.159329 -1.706517
v -32.207413 1.988201 -1.689065
v -32.218361 2.013941 -1.689065
v -32.267326 1.961877 -1.822087
v -32.245712 1.907943 -1.757634
v -32.267326 1.961877 -1.685929
v -32.240425 2.068336 -1.753625
v -32.278816 1.973181 -1.753358
v -32.301018 2.046256 -1.753625
v -32.278625 1.989350 -1.822087
v -32.278625 1.989350 -1.685929
v -32.218361 2.013941 -1.818952
v -32.207413 1.988201 -2.162412
v -31.809776 2.159287 -2.144937
v -31.797890 2.140571 -2.099137
v -32.186150 1.936774 -2.099919
v -31.809761 2.159293 -2.049981
v -32.207413 1.988199 -2.032506
v -32.267326 1.961877 -2.165544
v -32.245735 1.907941 -2.100068
v -32.267326 1.961877 -2.029386
v -32.218361 2.013941 -2.032506
v -32.240425 2.068338 -2.093972
v -32.278816 1.973181 -2.096814
v -32.301018 2.046256 -2.093804
v -32.278625 1.989348 -2.165544
v -32.278625 1.989348 -2.029386
v -32.218361 2.013941 -2.162412
v -31.810234 2.172323 -2.271905
v -31.816452 2.184013 -2.271905
v -32.215797 2.013184 -2.270345
v -32.204857 1.987441 -2.270341
v -31.819359 2.184326 -2.144399
v -32.207420 1.988200 -2.161878
v -31.809776 2.159286 -2.144391
v -32.218369 2.013938 -2.161885
v -32.100212 2.038182 -2.256505
v -31.982498 1.993270 -2.159421
v -32.059746 1.954467 -2.255944
v -32.104477 2.036857 -1.600671
v -32.063477 1.952730 -1.600835
v -31.987747 1.991387 -1.697762
v -31.463600 2.040000 -1.601247
v -31.576660 1.987622 -1.698239
v -31.503708 1.954802 -1.601560
v -31.457100 2.037058 -2.255918
v -31.571404 1.985251 -2.159001
v -31.497940 1.952204 -2.255750
v -31.785210 2.183353 -2.256211
v -31.784782 2.080893 -2.255849
v -31.782646 2.081098 -2.159215
v -31.789345 2.081139 -1.697946
v -31.791519 2.078946 -1.601247
v -31.793198 2.180447 -1.600766
v -31.787888 2.305891 -1.907060
v -31.787796 2.291001 -1.926950
v -31.866295 2.243671 -1.926950
v -31.878815 2.250335 -1.907060
v -31.697411 2.251353 -1.907060
v -31.709679 2.244517 -1.926950
v -31.699341 2.148068 -1.907060
v -31.710060 2.156442 -1.926957
v -31.787796 2.110802 -1.926950
v -31.787888 2.097838 -1.907060
v -31.877090 2.149543 -1.907060
v -31.865547 2.156463 -1.926950
v -31.787888 2.196626 -1.537686
v -31.787888 2.305892 -1.537686
v -31.878815 2.250335 -1.537686
v -31.697411 2.251353 -1.537671
v -31.877090 2.149542 -1.537686
v -31.787888 2.097837 -1.537686
v -31.699341 2.148068 -1.537671
v -31.787888 2.308481 -1.948548
v -31.696960 2.252924 -1.948548
v -31.878372 2.253943 -1.948548
v -31.876434 2.150658 -1.948548
v -31.787888 2.100428 -1.948548
v -31.698685 2.152132 -1.948548
v -31.787888 2.199216 -2.317922
v -31.787888 2.308482 -2.317922
v -31.696960 2.252924 -2.317922
v -31.878372 2.253943 -2.317937
v -31.698685 2.152132 -2.317922
v -31.787888 2.100427 -2.317922
v -31.876434 2.150658 -2.317937
v -32.116848 -0.103874 -2.228753
v -32.116718 -0.036020 -2.228539
v -32.117256 -0.103874 -1.623359
v -32.117046 -0.036022 -1.623485
v -31.647827 -0.036020 -2.228562
v -31.647171 -0.036022 -1.622539
v -31.647247 -0.103873 -1.622409
v -31.647827 -0.103874 -2.228772
v -31.460678 -0.103874 -2.228761
v -31.460808 -0.036020 -2.228551
v -31.460278 -0.103874 -1.623370
v -31.460480 -0.036022 -1.623496
v -31.647404 -0.036021 -2.157189
v -31.459740 -0.036021 -2.157166
v -31.459568 -0.103874 -2.157304
v -31.647430 -0.103874 -2.157304
v -32.117958 -0.103874 -2.157292
v -32.117786 -0.036021 -2.157155
v -32.083103 -0.046009 -1.657754
v -32.029770 0.772058 -1.695748
v -32.083313 -0.046009 -2.197787
v -32.029934 0.772058 -2.159814
v -31.490704 -0.046009 -2.197917
v -31.544033 0.772058 -2.159921
v -31.490482 -0.046009 -1.658044
v -31.543861 0.772058 -1.695989
v -32.044201 0.753190 -2.180570
v -32.044201 0.820417 -2.180570
v -31.526928 0.820382 -2.180570
v -31.526928 0.753155 -2.180570
v -31.939053 0.753190 -2.075122
v -31.631878 0.753155 -2.075122
v -31.631878 0.820382 -2.075122
v -31.939053 0.820417 -2.075122
v -31.631882 0.752995 -1.785935
v -31.631882 0.820222 -1.785935
v -31.526928 0.752995 -1.680757
v -31.526928 0.820222 -1.680757
v -31.939053 0.820257 -1.785935
v -31.939053 0.753030 -1.785935
v -32.044205 0.753030 -1.680757
v -32.044205 0.820257 -1.680757
v -31.475178 -0.048367 -2.142650
v -31.475178 -0.048367 -2.212186
v -31.531166 2.038930 -2.103200
v -31.531166 2.038930 -2.170487
v -31.631622 2.038930 -2.103200
v -31.631622 2.038930 -2.170487
v -31.584393 -0.048367 -2.142650
v -31.584393 -0.048367 -2.212186
v -31.531166 0.753515 -2.103360
v -31.531166 0.753515 -2.170651
v -31.631622 0.753515 -2.103360
v -31.631622 0.753515 -2.170648
v -31.987995 -0.048367 -2.142650
v -31.987995 -0.048367 -2.212186
v -31.939747 2.038930 -2.103200
v -31.939747 2.038930 -2.170487
v -32.040207 2.038930 -2.103200
v -32.040207 2.038930 -2.170487
v -32.096195 -0.048367 -2.142650
v -32.096195 -0.048367 -2.212186
v -31.939747 0.753515 -2.103360
v -31.939747 0.753515 -2.170651
v -32.040211 0.753515 -2.103360
v -32.040211 0.753515 -2.170648
v -31.475178 -0.048367 -1.643067
v -31.475178 -0.048367 -1.712604
v -31.531166 2.038930 -1.684121
v -31.531166 2.038930 -1.751412
v -31.631622 2.038930 -1.684121
v -31.631622 2.038930 -1.751412
v -31.584393 -0.048367 -1.643067
v -31.584393 -0.048367 -1.712604
v -31.531166 0.753515 -1.684289
v -31.531166 0.753515 -1.751576
v -31.631622 0.753515 -1.684289
v -31.631622 0.753515 -1.751573
v -31.987995 -0.048367 -1.643067
v -31.987995 -0.048367 -1.712604
v -31.939747 2.038930 -1.684121
v -31.939747 2.038930 -1.751412
v -32.040207 2.038930 -1.684121
v -32.040207 2.038930 -1.751412
v -32.096195 -0.048367 -1.643067
v -32.096195 -0.048367 -1.712604
v -31.939747 0.753515 -1.684289
v -31.939747 0.753515 -1.751576
v -32.040211 0.753515 -1.684289
v -32.040211 0.753515 -1.751573
v -31.773312 2.085027 -2.161559
v -31.536854 1.999249 -2.161735
v -31.535931 0.792928 -2.161731
v -32.034355 0.792917 -2.161731
v -32.032711 1.999249 -2.161735
v -32.034187 0.792948 -1.695834
v -31.534958 0.792918 -1.695834
v -32.032711 1.999249 -1.695836
v -31.536854 1.999249 -1.695836
v -31.773312 2.085027 -1.695836
v -31.553782 2.172323 4.030057
v -31.558172 2.184013 4.034451
v -31.839457 2.013184 4.317937
v -31.831713 1.987443 4.310193
v -31.645870 2.184326 3.950864
v -31.639038 2.159329 3.944032
v -31.907917 1.988201 4.237607
v -31.915665 2.013941 4.245355
v -32.039215 2.172323 3.544629
v -32.043610 2.184013 3.549024
v -32.324883 2.013184 3.832513
v -32.317146 1.987441 3.824777
v -31.955498 2.184326 3.641236
v -31.888275 2.184326 3.708459
v -31.936380 2.231398 3.692082
v -31.712410 2.184326 3.884324
v -31.645205 2.184326 3.951528
v -31.692909 2.231398 3.935555
v -31.999184 1.988201 4.146363
v -31.705639 2.159287 3.877553
v -31.664822 2.140571 3.901563
v -31.939915 1.936774 4.175550
v -31.638422 2.159293 3.944745
v -31.907232 1.988201 4.238301
v -32.043758 1.961877 4.186505
v -31.982155 1.907941 4.217576
v -31.947393 1.961876 4.282872
v -31.914976 2.013941 4.246045
v -31.974075 2.068338 4.218133
v -32.003246 1.973181 4.243276
v -32.016804 2.046256 4.261106
v -32.051743 1.989351 4.194489
v -31.955378 1.989351 4.290853
v -32.006920 2.013941 4.154099
v -32.242264 1.988200 3.903283
v -31.948721 2.159286 3.634473
v -31.907070 2.140569 3.659314
v -32.181805 1.936774 3.933660
v -31.881504 2.159287 3.701688
v -32.150337 1.988199 3.995214
v -32.286846 1.961877 3.943418
v -32.223976 1.907941 3.975759
v -32.190468 1.961877 4.039800
v -32.158073 2.013941 4.002950
v -32.217728 2.068334 3.974496
v -32.246338 1.973180 4.000203
v -32.260483 2.046256 4.017426
v -32.294830 1.989351 3.951406
v -32.198452 1.989351 4.047780
v -32.250008 2.013938 3.911023
v -32.006500 2.172323 3.514131
v -32.002106 2.184013 3.509736
v -31.720835 2.013184 3.226247
v -31.728575 1.987443 3.233991
v -31.604404 2.184326 3.903325
v -31.671547 2.184326 3.836183
v -31.623871 2.231398 3.852128
v -31.847260 2.184326 3.660470
v -31.914413 2.184326 3.593316
v -31.865189 2.231398 3.610810
v -31.560514 1.988201 3.398427
v -31.854034 2.159287 3.667245
v -31.894342 2.140569 3.643750
v -31.619043 1.936774 3.369962
v -31.921249 2.159329 3.600152
v -31.652359 1.988201 3.306581
v -31.644615 2.013941 3.298837
v -31.515930 1.961877 3.358277
v -31.576792 1.907943 3.327985
v -31.612209 1.961877 3.261998
v -31.583366 2.068336 3.328889
v -31.556404 1.973181 3.301553
v -31.540520 2.046256 3.286042
v -31.507942 1.989350 3.350289
v -31.604221 1.989350 3.254010
v -31.552771 2.013941 3.390683
v -31.317652 1.988201 3.641286
v -31.611179 2.159287 3.910100
v -31.651970 2.140571 3.886125
v -31.376873 1.936774 3.612134
v -31.678333 2.159293 3.842969
v -31.409508 1.988199 3.549432
v -31.273071 1.961877 3.601136
v -31.334637 1.907941 3.570104
v -31.369350 1.961877 3.504857
v -31.401764 2.013941 3.541688
v -31.342705 2.068338 3.569551
v -31.313545 1.973181 3.544412
v -31.299976 2.046256 3.526586
v -31.265083 1.989348 3.593148
v -31.361362 1.989348 3.496869
v -31.309908 2.013941 3.633542
v -31.521074 2.172323 3.999555
v -31.516680 2.184013 3.995160
v -31.235403 2.013184 3.711682
v -31.243143 1.987441 3.719411
v -31.604784 2.184326 3.902944
v -31.318022 1.988200 3.640904
v -31.611565 2.159286 3.909715
v -31.310276 2.013938 3.633168
v -31.326920 2.038182 3.783624
v -31.478806 1.993270 3.798211
v -31.355930 1.954467 3.811841
v -31.787647 2.036857 3.316861
v -31.816523 1.952730 3.345967
v -31.801535 1.991387 3.468060
v -32.240410 2.040000 3.770440
v -32.091881 1.987622 3.759080
v -32.211826 1.954802 3.742299
v -31.782085 2.037058 4.237958
v -31.769789 1.985251 4.088605
v -31.753323 1.952204 4.208959
v -31.549868 2.183353 4.006154
v -31.550425 2.080893 4.006200
v -31.620266 2.081098 3.939382
v -31.941700 2.081139 3.608479
v -32.008533 2.078946 3.538564
v -32.007687 2.180447 3.537038
v -31.794863 2.305891 3.757375
v -31.780863 2.291001 3.771504
v -31.725355 2.243671 3.716001
v -31.730566 2.250335 3.693082
v -31.858839 2.251353 3.821355
v -31.836100 2.244517 3.826741
v -31.857473 2.148068 3.819989
v -31.835823 2.156442 3.826478
v -31.780863 2.110802 3.771504
v -31.794863 2.097838 3.757375
v -31.731787 2.149543 3.694303
v -31.725882 2.156463 3.716527
v -32.056049 2.196626 3.496190
v -32.056049 2.305892 3.496190
v -31.991753 2.250335 3.431893
v -32.120037 2.251353 3.560155
v -31.992973 2.149542 3.433114
v -32.056049 2.097837 3.496190
v -32.118671 2.148068 3.558789
v -31.765526 2.308481 3.786714
v -31.829819 2.252924 3.851007
v -31.701542 2.253943 3.722730
v -31.702911 2.150658 3.724099
v -31.765526 2.100428 3.786714
v -31.828602 2.152132 3.849790
v -31.504339 2.199216 4.047902
v -31.504339 2.308482 4.047902
v -31.568632 2.252924 4.112195
v -31.440344 2.253943 3.983930
v -31.567415 2.152132 4.110974
v -31.504339 2.100427 4.047902
v -31.441713 2.150658 3.985295
v -31.334778 -0.103874 3.752236
v -31.335020 -0.036020 3.752179
v -31.762569 -0.103874 3.323873
v -31.762630 -0.036022 3.324109
v -31.666563 -0.036020 4.083753
v -32.095547 -0.036022 3.655690
v -32.095589 -0.103873 3.655545
v -31.666414 -0.103874 4.083898
v -31.798754 -0.103874 4.216222
v -31.798811 -0.036020 4.215985
v -32.227116 -0.103874 3.788434
v -32.226883 -0.036022 3.788377
v -31.717329 -0.036021 4.033582
v -31.850044 -0.036021 4.166261
v -31.850067 -0.103874 4.166482
v -31.717228 -0.103874 4.033643
v -31.384525 -0.103874 3.700925
v -31.384743 -0.036021 3.700944
v -31.762398 -0.046009 3.372338
v -31.773243 0.772058 3.436917
v -31.380386 -0.046009 3.754052
v -31.444984 0.772058 3.764947
v -31.799335 -0.046009 4.173184
v -31.788490 0.772058 4.108605
v -32.181240 -0.046009 3.791593
v -32.116661 0.772058 3.780679
v -31.420218 0.753190 3.769536
v -31.420218 0.820417 3.769536
v -31.785986 0.820382 4.135304
v -31.785986 0.753155 4.135304
v -31.569134 0.753190 3.769322
v -31.786339 0.753155 3.986527
v -31.786339 0.820382 3.986527
v -31.569134 0.820417 3.769322
v -31.990820 0.752995 3.782041
v -31.990820 0.820222 3.782041
v -32.139408 0.752995 3.781880
v -32.139408 0.820222 3.781880
v -31.773619 0.820257 3.564839
v -31.773619 0.753030 3.564839
v -31.773640 0.753030 3.416112
v -31.773640 0.820257 3.416112
v -31.849394 -0.048367 4.145085
v -31.800224 -0.048367 4.194253
v -31.837700 2.038930 4.077600
v -31.790121 2.038930 4.125180
v -31.766666 2.038930 4.006566
v -31.719088 2.038930 4.054143
v -31.772165 -0.048367 4.067853
v -31.722996 -0.048367 4.117024
v -31.837587 0.753515 4.077710
v -31.790005 0.753515 4.125295
v -31.766554 0.753515 4.006680
v -31.718975 0.753515 4.054257
v -31.486776 -0.048367 3.782468
v -31.437607 -0.048367 3.831635
v -31.548786 2.038930 3.788686
v -31.501207 2.038930 3.836263
v -31.477753 2.038930 3.717652
v -31.430174 2.038930 3.765233
v -31.410269 -0.048367 3.705960
v -31.361099 -0.048367 3.755128
v -31.548674 0.753515 3.788800
v -31.501091 0.753515 3.836381
v -31.477636 0.753515 3.717763
v -31.430058 0.753515 3.765340
v -32.202652 -0.048367 3.791825
v -32.153484 -0.048367 3.840993
v -32.134033 2.038930 3.781266
v -32.086452 2.038930 3.828847
v -32.063000 2.038930 3.710233
v -32.015419 2.038930 3.757813
v -32.125423 -0.048367 3.714597
v -32.076256 -0.048367 3.763768
v -32.133915 0.753515 3.781384
v -32.086338 0.753515 3.828961
v -32.062881 0.753515 3.710351
v -32.015305 0.753515 3.757928
v -31.840034 -0.048367 3.429208
v -31.790865 -0.048367 3.478375
v -31.845119 2.038930 3.492352
v -31.797539 2.038930 3.539933
v -31.774086 2.038930 3.421319
v -31.726505 2.038930 3.468900
v -31.763527 -0.048367 3.352700
v -31.714357 -0.048367 3.401868
v -31.845001 0.753515 3.492471
v -31.797422 0.753515 3.540051
v -31.773964 0.753515 3.421433
v -31.726387 0.753515 3.469010
v -31.625208 2.085027 3.947637
v -31.792286 1.999249 4.114964
v -31.792942 0.792928 4.115613
v -31.440502 0.792917 3.763173
v -31.441662 1.999249 3.764340
v -31.770061 0.792948 3.433858
v -32.123070 0.792918 3.786866
v -31.771103 1.999249 3.434899
v -32.121727 1.999249 3.785523
v -31.954525 2.085027 3.618321
vt 0.530088 0.928427
vt 0.690677 0.928427
vt 0.690677 0.996736
vt 0.530088 0.996736
vt 0.690677 0.928427
vt 0.530088 0.928427
vt 0.530088 0.996736
vt 0.690677 0.996736
vt 0.005869 0.088435
vt 0.005869 0.067333
vt 0.196231 0.067333
vt 0.196231 0.088435
vt 0.393110 0.067333
vt 0.393110 0.088435
vt 0.196231 0.088435
vt 0.196231 0.067333
vt 0.005869 0.030469
vt 0.196231 0.030469
vt 0.005869 0.067333
vt 0.005869 0.030469
vt 0.196231 0.030469
vt 0.196231 0.067333
vt 0.393110 0.088435
vt 0.393110 0.067333
vt 0.393110 0.030469
vt 0.393110 0.067333
vt 0.393110 0.030469
vt 0.005869 0.088435
vt 0.005869 0.067333
vt 0.005869 0.088435
vt 0.005869 0.067333
vt 0.196231 0.067333
vt 0.196231 0.088435
vt 0.393110 0.067333
vt 0.393110 0.088435
vt 0.196231 0.088435
vt 0.196231 0.067333
vt 0.005869 0.030469
vt 0.196231 0.030469
vt 0.005869 0.067333
vt 0.005869 0.030469
vt 0.196231 0.030469
vt 0.196231 0.067333
vt 0.393110 0.088435
vt 0.393110 0.067333
vt 0.393110 0.030469
vt 0.393110 0.067333
vt 0.393110 0.030469
vt 0.005869 0.088435
vt 0.005869 0.067333
vt 0.005869 0.088435
vt 0.005869 0.067333
vt 0.196231 0.067333
vt 0.196231 0.088435
vt 0.393110 0.067333
vt 0.393110 0.088435
vt 0.196231 0.088435
vt 0.196231 0.067333
vt 0.005869 0.030469
vt 0.196231 0.030469
vt 0.005869 0.067333
vt 0.005869 0.030469
vt 0.196231 0.030469
vt 0.196231 0.067333
vt 0.393110 0.088435
vt 0.393110 0.067333
vt 0.393110 0.030469
vt 0.393110 0.067333
vt 0.393110 0.030469
vt 0.005869 0.088435
vt 0.005869 0.067333
vt 0.005869 0.088435
vt 0.005869 0.067333
vt 0.196231 0.067333
vt 0.196231 0.088435
vt 0.393110 0.067333
vt 0.393110 0.088435
vt 0.196231 0.088435
vt 0.196231 0.067333
vt 0.005869 0.030469
vt 0.196231 0.030469
vt 0.005869 0.067333
vt 0.005869 0.030469
vt 0.196231 0.030469
vt 0.196231 0.067333
vt 0.393110 0.088435
vt 0.393110 0.067333
vt 0.393110 0.030469
vt 0.393110 0.067333
vt 0.393110 0.030469
vt 0.005869 0.088435
vt 0.005869 0.067333
vt 0.225894 0.144889
vt 0.501337 0.144889
vt 0.501337 0.278387
vt 0.225894 0.278387
vt 0.225894 0.144889
vt 0.501337 0.144889
vt 0.501337 0.278387
vt 0.225894 0.278387
vt 0.530088 0.928432
vt 0.690677 0.928427
vt 0.690677 0.996736
vt 0.530088 0.996730
vt 0.690677 0.928427
vt 0.530088 0.928433
vt 0.530088 0.996729
vt 0.690677 0.996736
vt 0.225894 0.144889
vt 0.501337 0.144889
vt 0.501337 0.278387
vt 0.225894 0.278387
vt 0.225894 0.144889
vt 0.501337 0.144889
vt 0.501337 0.278387
vt 0.225894 0.278387
vt 0.530088 0.928432
vt 0.690677 0.928427
vt 0.690677 0.996736
vt 0.530088 0.996730
vt 0.721869 0.931746
vt 0.702468 0.918614
vt 0.740888 0.918614
vt 0.690677 0.928427
vt 0.530088 0.928433
vt 0.530088 0.996729
vt 0.690677 0.996736
vt 0.702468 0.834775
vt 0.740888 0.834775
vt 0.005869 0.088435
vt 0.005869 0.067333
vt 0.196231 0.067333
vt 0.196231 0.088435
vt 0.393110 0.067333
vt 0.393110 0.088435
vt 0.196231 0.088435
vt 0.196231 0.067333
vt 0.005869 0.030469
vt 0.196231 0.030469
vt 0.005869 0.067333
vt 0.005869 0.030469
vt 0.196231 0.030469
vt 0.196231 0.067333
vt 0.393110 0.088435
vt 0.393110 0.067333
vt 0.393110 0.030469
vt 0.393110 0.067333
vt 0.393110 0.030469
vt 0.005869 0.088435
vt 0.005869 0.067333
vt 0.005869 0.088435
vt 0.005869 0.067333
vt 0.196231 0.067333
vt 0.196231 0.088435
vt 0.393110 0.067333
vt 0.393110 0.088435
vt 0.196231 0.088435
vt 0.196231 0.067333
vt 0.005869 0.030469
vt 0.196231 0.030469
vt 0.005869 0.067333
vt 0.005869 0.030469
vt 0.196231 0.030469
vt 0.196231 0.067333
vt 0.393110 0.088435
vt 0.393110 0.067333
vt 0.393110 0.030469
vt 0.393110 0.067333
vt 0.393110 0.030469
vt 0.005869 0.088435
vt 0.005869 0.067333
vt 0.225894 0.144889
vt 0.501337 0.144889
vt 0.501337 0.278387
vt 0.225894 0.278387
vt 0.225894 0.144889
vt 0.501337 0.144889
vt 0.501337 0.278387
vt 0.225894 0.278387
vt 0.005869 0.088435
vt 0.005869 0.067333
vt 0.196231 0.067333
vt 0.196231 0.088435
vt 0.393110 0.067333
vt 0.393110 0.088435
vt 0.196231 0.088435
vt 0.196231 0.067333
vt 0.005869 0.030469
vt 0.196231 0.030469
vt 0.005869 0.067333
vt 0.005869 0.030469
vt 0.196231 0.030469
vt 0.196231 0.067333
vt 0.393110 0.088435
vt 0.393110 0.067333
vt 0.393110 0.030469
vt 0.393110 0.067333
vt 0.393110 0.030469
vt 0.005869 0.088435
vt 0.005869 0.067333
vt 0.005869 0.088435
vt 0.005869 0.067333
vt 0.196231 0.067333
vt 0.196231 0.088435
vt 0.393110 0.067333
vt 0.393110 0.088435
vt 0.196231 0.088435
vt 0.196231 0.067333
vt 0.005869 0.030469
vt 0.196231 0.030469
vt 0.005869 0.067333
vt 0.005869 0.030469
vt 0.196231 0.030469
vt 0.196231 0.067333
vt 0.393110 0.088435
vt 0.393110 0.067333
vt 0.393110 0.030469
vt 0.393110 0.067333
vt 0.393110 0.030469
vt 0.005869 0.088435
vt 0.005869 0.067333
vt 0.004426 0.144889
vt 0.004426 0.278387
vt 0.038765 0.278387
vt 0.038765 0.144889
vt 0.006708 0.981995
vt 0.001196 0.981995
vt 0.001301 0.930284
vt 0.003914 0.930306
vt 0.064858 0.754219
vt 0.060932 0.702713
vt 0.052639 0.702713
vt 0.052544 0.754576
vt 0.044119 0.702713
vt 0.040651 0.754244
vt 0.063101 0.775162
vt 0.077978 0.775446
vt 0.076609 0.771872
vt 0.063123 0.771464
vt 0.064895 0.761565
vt 0.052519 0.761565
vt 0.040121 0.761565
vt 0.080438 0.826562
vt 0.091332 0.826816
vt 0.091550 0.775458
vt 0.233014 0.698035
vt 0.248516 0.697363
vt 0.235537 0.681898
vt 0.062546 0.826865
vt 0.077604 0.767129
vt 0.091646 0.767129
vt 0.037328 0.754800
vt 0.036616 0.761565
vt 0.067808 0.754757
vt 0.068354 0.761565
vt 0.236622 0.713796
vt 0.230475 0.713889
vt 0.229367 0.682000
vt 0.217454 0.697565
vt 0.115533 0.754133
vt 0.111395 0.702713
vt 0.103450 0.702713
vt 0.102620 0.754592
vt 0.095532 0.702713
vt 0.092872 0.754216
vt 0.115187 0.761565
vt 0.102468 0.761565
vt 0.092010 0.761565
vt 0.133765 0.775654
vt 0.135524 0.826566
vt 0.147505 0.826843
vt 0.147423 0.775521
vt 0.213317 0.725792
vt 0.229591 0.726524
vt 0.216522 0.709649
vt 0.133742 0.767129
vt 0.147410 0.767129
vt 0.087731 0.754759
vt 0.086963 0.761565
vt 0.118223 0.754650
vt 0.118648 0.761565
vt 0.216473 0.741645
vt 0.210113 0.741635
vt 0.210162 0.709638
vt 0.197705 0.725003
vt 0.102714 0.775624
vt 0.100963 0.826567
vt 0.103970 0.772087
vt 0.132603 0.772117
vt 0.165809 0.753670
vt 0.162812 0.702713
vt 0.154426 0.702713
vt 0.153497 0.754233
vt 0.146035 0.702713
vt 0.142332 0.753910
vt 0.165679 0.761565
vt 0.153281 0.761565
vt 0.142083 0.761565
vt 0.189996 0.775659
vt 0.192920 0.826564
vt 0.203111 0.826849
vt 0.203236 0.775531
vt 0.233123 0.751790
vt 0.248516 0.752273
vt 0.236223 0.735622
vt 0.189136 0.767129
vt 0.203258 0.767129
vt 0.138527 0.754481
vt 0.137591 0.761565
vt 0.168740 0.754183
vt 0.168799 0.761565
vt 0.236182 0.767816
vt 0.230019 0.767695
vt 0.230073 0.735487
vt 0.217448 0.751393
vt 0.158432 0.775647
vt 0.156810 0.826565
vt 0.159855 0.772105
vt 0.188040 0.772121
vt 0.232174 0.827030
vt 0.232174 0.775707
vt 0.215677 0.775710
vt 0.212862 0.826605
vt 0.232174 0.772074
vt 0.217072 0.772160
vt 0.178999 0.702713
vt 0.179643 0.753384
vt 0.216146 0.767129
vt 0.159279 0.767129
vt 0.103376 0.767129
vt 0.064858 0.754219
vt 0.060932 0.702713
vt 0.052639 0.702713
vt 0.052544 0.754576
vt 0.044119 0.702713
vt 0.040651 0.754244
vt 0.063101 0.775162
vt 0.077978 0.775446
vt 0.076609 0.771872
vt 0.063123 0.771464
vt 0.027179 0.702713
vt 0.026759 0.754154
vt 0.064895 0.761565
vt 0.052519 0.761565
vt 0.040121 0.761565
vt 0.080438 0.826562
vt 0.091332 0.826816
vt 0.091550 0.775458
vt 0.233014 0.698035
vt 0.248516 0.697363
vt 0.235537 0.681898
vt 0.062546 0.826865
vt 0.077604 0.767129
vt 0.091646 0.767129
vt 0.037328 0.754800
vt 0.036616 0.761565
vt 0.067808 0.754757
vt 0.068354 0.761565
vt 0.236622 0.713796
vt 0.230475 0.713889
vt 0.229367 0.682000
vt 0.217454 0.697565
vt 0.115533 0.754133
vt 0.111395 0.702713
vt 0.103450 0.702713
vt 0.102620 0.754592
vt 0.095532 0.702713
vt 0.092872 0.754216
vt 0.115187 0.761565
vt 0.102468 0.761565
vt 0.092010 0.761565
vt 0.133765 0.775654
vt 0.135524 0.826566
vt 0.147505 0.826843
vt 0.147423 0.775521
vt 0.213317 0.725792
vt 0.229591 0.726524
vt 0.216522 0.709649
vt 0.133742 0.767129
vt 0.147410 0.767129
vt 0.087731 0.754759
vt 0.086963 0.761565
vt 0.118223 0.754650
vt 0.118648 0.761565
vt 0.216473 0.741645
vt 0.210113 0.741635
vt 0.210162 0.709638
vt 0.197705 0.725003
vt 0.102714 0.775624
vt 0.100963 0.826567
vt 0.103970 0.772087
vt 0.132603 0.772117
vt 0.165809 0.753670
vt 0.162812 0.702713
vt 0.154426 0.702713
vt 0.153497 0.754233
vt 0.146035 0.702713
vt 0.142332 0.753910
vt 0.165679 0.761565
vt 0.153281 0.761565
vt 0.142083 0.761565
vt 0.189996 0.775659
vt 0.192920 0.826564
vt 0.203111 0.826849
vt 0.203236 0.775531
vt 0.233123 0.751790
vt 0.248516 0.752273
vt 0.236223 0.735622
vt 0.189136 0.767129
vt 0.203258 0.767129
vt 0.138527 0.754481
vt 0.137591 0.761565
vt 0.168740 0.754183
vt 0.168799 0.761565
vt 0.236182 0.767816
vt 0.230019 0.767695
vt 0.230073 0.735487
vt 0.217448 0.751393
vt 0.158432 0.775647
vt 0.156810 0.826565
vt 0.159855 0.772105
vt 0.188040 0.772121
vt 0.232174 0.827030
vt 0.232174 0.775707
vt 0.215677 0.775710
vt 0.212862 0.826605
vt 0.232174 0.772074
vt 0.217072 0.772160
vt 0.216146 0.767129
vt 0.159279 0.767129
vt 0.103376 0.767129
vt 0.044119 0.702713
vt 0.027691 0.702432
vt 0.026759 0.754154
vt 0.040651 0.754244
vt 0.179127 0.702230
vt 0.162812 0.702713
vt 0.165809 0.753670
vt 0.179643 0.753384
vt 0.064858 0.754219
vt 0.060932 0.702713
vt 0.052639 0.702713
vt 0.052544 0.754576
vt 0.044119 0.702713
vt 0.040651 0.754244
vt 0.063101 0.775162
vt 0.077978 0.775446
vt 0.076609 0.771872
vt 0.063123 0.771464
vt 0.064895 0.761565
vt 0.052519 0.761565
vt 0.040121 0.761565
vt 0.080438 0.826562
vt 0.091332 0.826816
vt 0.091550 0.775458
vt 0.233014 0.698035
vt 0.248516 0.697363
vt 0.235537 0.681898
vt 0.062546 0.826865
vt 0.077604 0.767129
vt 0.091646 0.767129
vt 0.037328 0.754800
vt 0.036616 0.761565
vt 0.067808 0.754757
vt 0.068354 0.761565
vt 0.236622 0.713796
vt 0.230475 0.713889
vt 0.229367 0.682000
vt 0.217454 0.697565
vt 0.115533 0.754133
vt 0.111395 0.702713
vt 0.103450 0.702713
vt 0.102620 0.754592
vt 0.095532 0.702713
vt 0.092872 0.754216
vt 0.115187 0.761565
vt 0.102468 0.761565
vt 0.092010 0.761565
vt 0.133765 0.775654
vt 0.135524 0.826566
vt 0.147505 0.826843
vt 0.147423 0.775521
vt 0.213317 0.725792
vt 0.229591 0.726524
vt 0.216522 0.709649
vt 0.133742 0.767129
vt 0.147410 0.767129
vt 0.087731 0.754759
vt 0.086963 0.761565
vt 0.118223 0.754650
vt 0.118648 0.761565
vt 0.216473 0.741645
vt 0.210113 0.741635
vt 0.210162 0.709638
vt 0.197705 0.725003
vt 0.102714 0.775624
vt 0.100963 0.826567
vt 0.103970 0.772087
vt 0.132603 0.772117
vt 0.165809 0.753670
vt 0.162812 0.702713
vt 0.154426 0.702713
vt 0.153497 0.754233
vt 0.146035 0.702713
vt 0.142332 0.753910
vt 0.165679 0.761565
vt 0.153281 0.761565
vt 0.142083 0.761565
vt 0.189996 0.775659
vt 0.192920 0.826564
vt 0.203111 0.826849
vt 0.203236 0.775531
vt 0.233123 0.751790
vt 0.248516 0.752273
vt 0.236223 0.735622
vt 0.189136 0.767129
vt 0.203258 0.767129
vt 0.138527 0.754481
vt 0.137591 0.761565
vt 0.168740 0.754183
vt 0.168799 0.761565
vt 0.236182 0.767816
vt 0.230019 0.767695
vt 0.230073 0.735487
vt 0.217448 0.751393
vt 0.158432 0.775647
vt 0.156810 0.826565
vt 0.159855 0.772105
vt 0.188040 0.772121
vt 0.232174 0.827030
vt 0.232174 0.775707
vt 0.215677 0.775710
vt 0.212862 0.826605
vt 0.232174 0.772074
vt 0.217072 0.772160
vt 0.178999 0.702713
vt 0.179643 0.753384
vt 0.216146 0.767129
vt 0.159279 0.767129
vt 0.103376 0.767129
vt 0.006708 0.981995
vt 0.003914 0.930306
vt 0.001301 0.930284
vt 0.001196 0.981995
vt 0.064858 0.754219
vt 0.060932 0.702713
vt 0.052639 0.702713
vt 0.052544 0.754576
vt 0.044119 0.702713
vt 0.040651 0.754244
vt 0.063101 0.775162
vt 0.077978 0.775446
vt 0.076609 0.771872
vt 0.063123 0.771464
vt 0.027179 0.702713
vt 0.026759 0.754154
vt 0.064895 0.761565
vt 0.052519 0.761565
vt 0.040121 0.761565
vt 0.080438 0.826562
vt 0.091332 0.826816
vt 0.091550 0.775458
vt 0.233014 0.698035
vt 0.248516 0.697363
vt 0.235537 0.681898
vt 0.062546 0.826865
vt 0.077604 0.767129
vt 0.091646 0.767129
vt 0.037328 0.754800
vt 0.036616 0.761565
vt 0.067808 0.754757
vt 0.068354 0.761565
vt 0.236622 0.713796
vt 0.230475 0.713889
vt 0.229367 0.682000
vt 0.217454 0.697565
vt 0.115533 0.754133
vt 0.111395 0.702713
vt 0.103450 0.702713
vt 0.102620 0.754592
vt 0.095532 0.702713
vt 0.092872 0.754216
vt 0.115187 0.761565
vt 0.102468 0.761565
vt 0.092010 0.761565
vt 0.133765 0.775654
vt 0.135524 0.826566
vt 0.147505 0.826843
vt 0.147423 0.775521
vt 0.213317 0.725792
vt 0.229591 0.726524
vt 0.216522 0.709649
vt 0.133742 0.767129
vt 0.147410 0.767129
vt 0.087731 0.754759
vt 0.086963 0.761565
vt 0.118223 0.754650
vt 0.118648 0.761565
vt 0.216473 0.741645
vt 0.210113 0.741635
vt 0.210162 0.709638
vt 0.197705 0.725003
vt 0.102714 0.775624
vt 0.100963 0.826567
vt 0.103970 0.772087
vt 0.132603 0.772117
vt 0.165809 0.753670
vt 0.162812 0.702713
vt 0.154426 0.702713
vt 0.153497 0.754233
vt 0.146035 0.702713
vt 0.142332 0.753910
vt 0.165679 0.761565
vt 0.153281 0.761565
vt 0.142083 0.761565
vt 0.189996 0.775659
vt 0.192920 0.826564
vt 0.203111 0.826849
vt 0.203236 0.775531
vt 0.233123 0.751790
vt 0.248516 0.752273
vt 0.236223 0.735622
vt 0.189136 0.767129
vt 0.203258 0.767129
vt 0.138527 0.754481
vt 0.137591 0.761565
vt 0.168740 0.754183
vt 0.168799 0.761565
vt 0.236182 0.767816
vt 0.230019 0.767695
vt 0.230073 0.735487
vt 0.217448 0.751393
vt 0.158432 0.775647
vt 0.156810 0.826565
vt 0.159855 0.772105
vt 0.188040 0.772121
vt 0.232174 0.827030
vt 0.232174 0.775707
vt 0.215677 0.775710
vt 0.212862 0.826605
vt 0.232174 0.772074
vt 0.217072 0.772160
vt 0.216146 0.767129
vt 0.159279 0.767129
vt 0.103376 0.767129
vt 0.044119 0.702713
vt 0.027691 0.702432
vt 0.026759 0.754154
vt 0.040651 0.754244
vt 0.179127 0.702230
vt 0.162812 0.702713
vt 0.165809 0.753670
vt 0.179643 0.753384
vt 0.064858 0.754219
vt 0.060932 0.702713
vt 0.052639 0.702713
vt 0.052544 0.754576
vt 0.044119 0.702713
vt 0.040651 0.754244
vt 0.063101 0.775162
vt 0.077978 0.775446
vt 0.076609 0.771872
vt 0.063123 0.771464
vt 0.064895 0.761565
vt 0.052519 0.761565
vt 0.040121 0.761565
vt 0.080438 0.826562
vt 0.091332 0.826816
vt 0.091550 0.775458
vt 0.233014 0.698035
vt 0.248516 0.697363
vt 0.235537 0.681898
vt 0.062546 0.826865
vt 0.077604 0.767129
vt 0.091646 0.767129
vt 0.037328 0.754800
vt 0.036616 0.761565
vt 0.067808 0.754757
vt 0.068354 0.761565
vt 0.236622 0.713796
vt 0.230475 0.713889
vt 0.229367 0.682000
vt 0.217454 0.697565
vt 0.115533 0.754133
vt 0.111395 0.702713
vt 0.103450 0.702713
vt 0.102620 0.754592
vt 0.095532 0.702713
vt 0.092872 0.754216
vt 0.115187 0.761565
vt 0.102468 0.761565
vt 0.092010 0.761565
vt 0.133765 0.775654
vt 0.135524 0.826566
vt 0.147505 0.826843
vt 0.147423 0.775521
vt 0.213317 0.725792
vt 0.229591 0.726524
vt 0.216522 0.709649
vt 0.133742 0.767129
vt 0.147410 0.767129
vt 0.087731 0.754759
vt 0.086963 0.761565
vt 0.118223 0.754650
vt 0.118648 0.761565
vt 0.216473 0.741645
vt 0.210113 0.741635
vt 0.210162 0.709638
vt 0.197705 0.725003
vt 0.102714 0.775624
vt 0.100963 0.826567
vt 0.103970 0.772087
vt 0.132603 0.772117
vt 0.165809 0.753670
vt 0.162812 0.702713
vt 0.154426 0.702713
vt 0.153497 0.754233
vt 0.146035 0.702713
vt 0.142332 0.753910
vt 0.165679 0.761565
vt 0.153281 0.761565
vt 0.142083 0.761565
vt 0.189996 0.775659
vt 0.192920 0.826564
vt 0.203111 0.826849
vt 0.203236 0.775531
vt 0.233123 0.751790
vt 0.248516 0.752273
vt 0.236223 0.735622
vt 0.189136 0.767129
vt 0.203258 0.767129
vt 0.138527 0.754481
vt 0.137591 0.761565
vt 0.168740 0.754183
vt 0.168799 0.761565
vt 0.236182 0.767816
vt 0.230019 0.767695
vt 0.230073 0.735487
vt 0.217448 0.751393
vt 0.158432 0.775647
vt 0.156810 0.826565
vt 0.159855 0.772105
vt 0.188040 0.772121
vt 0.232174 0.827030
vt 0.232174 0.775707
vt 0.215677 0.775710
vt 0.212862 0.826605
vt 0.232174 0.772074
vt 0.217072 0.772160
vt 0.178999 0.702713
vt 0.179643 0.753384
vt 0.216146 0.767129
vt 0.159279 0.767129
vt 0.103376 0.767129
vt 0.064858 0.754219
vt 0.060932 0.702713
vt 0.052639 0.702713
vt 0.052544 0.754576
vt 0.044119 0.702713
vt 0.040651 0.754244
vt 0.063101 0.775162
vt 0.077978 0.775446
vt 0.076609 0.771872
vt 0.063123 0.771464
vt 0.027179 0.702713
vt 0.026759 0.754154
vt 0.064895 0.761565
vt 0.052519 0.761565
vt 0.040121 0.761565
vt 0.080438 0.826562
vt 0.091332 0.826816
vt 0.091550 0.775458
vt 0.233014 0.698035
vt 0.248516 0.697363
vt 0.235537 0.681898
vt 0.062546 0.826865
vt 0.077604 0.767129
vt 0.091646 0.767129
vt 0.037328 0.754800
vt 0.036616 0.761565
vt 0.067808 0.754757
vt 0.068354 0.761565
vt 0.236622 0.713796
vt 0.230475 0.713889
vt 0.229367 0.682000
vt 0.217454 0.697565
vt 0.115533 0.754133
vt 0.111395 0.702713
vt 0.103450 0.702713
vt 0.102620 0.754592
vt 0.095532 0.702713
vt 0.092872 0.754216
vt 0.115187 0.761565
vt 0.102468 0.761565
vt 0.092010 0.761565
vt 0.133765 0.775654
vt 0.135524 0.826566
vt 0.147505 0.826843
vt 0.147423 0.775521
vt 0.213317 0.725792
vt 0.229591 0.726524
vt 0.216522 0.709649
vt 0.133742 0.767129
vt 0.147410 0.767129
vt 0.087731 0.754759
vt 0.086963 0.761565
vt 0.118223 0.754650
vt 0.118648 0.761565
vt 0.216473 0.741645
vt 0.210113 0.741635
vt 0.210162 0.709638
vt 0.197705 0.725003
vt 0.102714 0.775624
vt 0.100963 0.826567
vt 0.103970 0.772087
vt 0.132603 0.772117
vt 0.165809 0.753670
vt 0.162812 0.702713
vt 0.154426 0.702713
vt 0.153497 0.754233
vt 0.146035 0.702713
vt 0.142332 0.753910
vt 0.165679 0.761565
vt 0.153281 0.761565
vt 0.142083 0.761565
vt 0.189996 0.775659
vt 0.192920 0.826564
vt 0.203111 0.826849
vt 0.203236 0.775531
vt 0.233123 0.751790
vt 0.248516 0.752273
vt 0.236223 0.735622
vt 0.189136 0.767129
vt 0.203258 0.767129
vt 0.138527 0.754481
vt 0.137591 0.761565
vt 0.168740 0.754183
vt 0.168799 0.761565
vt 0.236182 0.767816
vt 0.230019 0.767695
vt 0.230073 0.735487
vt 0.217448 0.751393
vt 0.158432 0.775647
vt 0.156810 0.826565
vt 0.159855 0.772105
vt 0.188040 0.772121
vt 0.232174 0.827030
vt 0.232174 0.775707
vt 0.215677 0.775710
vt 0.212862 0.826605
vt 0.232174 0.772074
vt 0.217072 0.772160
vt 0.216146 0.767129
vt 0.159279 0.767129
vt 0.103376 0.767129
vt 0.044119 0.702713
vt 0.027691 0.702432
vt 0.026759 0.754154
vt 0.040651 0.754244
vt 0.179127 0.702230
vt 0.162812 0.702713
vt 0.165809 0.753670
vt 0.179643 0.753384
vt 0.064858 0.754219
vt 0.060932 0.702713
vt 0.052639 0.702713
vt 0.052544 0.754576
vt 0.044119 0.702713
vt 0.040651 0.754244
vt 0.063101 0.775162
vt 0.077978 0.775446
vt 0.076609 0.771872
vt 0.063123 0.771464
vt 0.064895 0.761565
vt 0.052519 0.761565
vt 0.040121 0.761565
vt 0.080438 0.826562
vt 0.091332 0.826816
vt 0.091550 0.775458
vt 0.233014 0.698035
vt 0.248516 0.697363
vt 0.235537 0.681898
vt 0.062546 0.826865
vt 0.077604 0.767129
vt 0.091646 0.767129
vt 0.037328 0.754800
vt 0.036616 0.761565
vt 0.067808 0.754757
vt 0.068354 0.761565
vt 0.236622 0.713796
vt 0.230475 0.713889
vt 0.229367 0.682000
vt 0.217454 0.697565
vt 0.115533 0.754133
vt 0.111395 0.702713
vt 0.103450 0.702713
vt 0.102620 0.754592
vt 0.095532 0.702713
vt 0.092872 0.754216
vt 0.115187 0.761565
vt 0.102468 0.761565
vt 0.092010 0.761565
vt 0.133765 0.775654
vt 0.135524 0.826566
vt 0.147505 0.826843
vt 0.147423 0.775521
vt 0.213317 0.725792
vt 0.229591 0.726524
vt 0.216522 0.709649
vt 0.133742 0.767129
vt 0.147410 0.767129
vt 0.087731 0.754759
vt 0.086963 0.761565
vt 0.118223 0.754650
vt 0.118648 0.761565
vt 0.216473 0.741645
vt 0.210113 0.741635
vt 0.210162 0.709638
vt 0.197705 0.725003
vt 0.102714 0.775624
vt 0.100963 0.826567
vt 0.103970 0.772087
vt 0.132603 0.772117
vt 0.165809 0.753670
vt 0.162812 0.702713
vt 0.154426 0.702713
vt 0.153497 0.754233
vt 0.146035 0.702713
vt 0.142332 0.753910
vt 0.165679 0.761565
vt 0.153281 0.761565
vt 0.142083 0.761565
vt 0.189996 0.775659
vt 0.192920 0.826564
vt 0.203111 0.826849
vt 0.203236 0.775531
vt 0.233123 0.751790
vt 0.248516 0.752273
vt 0.236223 0.735622
vt 0.189136 0.767129
vt 0.203258 0.767129
vt 0.138527 0.754481
vt 0.137591 0.761565
vt 0.168740 0.754183
vt 0.168799 0.761565
vt 0.236182 0.767816
vt 0.230019 0.767695
vt 0.230073 0.735487
vt 0.217448 0.751393
vt 0.158432 0.775647
vt 0.156810 0.826565
vt 0.159855 0.772105
vt 0.188040 0.772121
vt 0.232174 0.827030
vt 0.232174 0.775707
vt 0.215677 0.775710
vt 0.212862 0.826605
vt 0.232174 0.772074
vt 0.217072 0.772160
vt 0.178999 0.702713
vt 0.179643 0.753384
vt 0.216146 0.767129
vt 0.159279 0.767129
vt 0.103376 0.767129
vt 0.064858 0.754219
vt 0.060932 0.702713
vt 0.052639 0.702713
vt 0.052544 0.754576
vt 0.044119 0.702713
vt 0.040651 0.754244
vt 0.063101 0.775162
vt 0.077978 0.775446
vt 0.076609 0.771872
vt 0.063123 0.771464
vt 0.027179 0.702713
vt 0.026759 0.754154
vt 0.064895 0.761565
vt 0.052519 0.761565
vt 0.040121 0.761565
vt 0.080438 0.826562
vt 0.091332 0.826816
vt 0.091550 0.775458
vt 0.233014 0.698035
vt 0.248516 0.697363
vt 0.235537 0.681898
vt 0.062546 0.826865
vt 0.077604 0.767129
vt 0.091646 0.767129
vt 0.037328 0.754800
vt 0.036616 0.761565
vt 0.067808 0.754757
vt 0.068354 0.761565
vt 0.236622 0.713796
vt 0.230475 0.713889
vt 0.229367 0.682000
vt 0.217454 0.697565
vt 0.115533 0.754133
vt 0.111395 0.702713
vt 0.103450 0.702713
vt 0.102620 0.754592
vt 0.095532 0.702713
vt 0.092872 0.754216
vt 0.115187 0.761565
vt 0.102468 0.761565
vt 0.092010 0.761565
vt 0.133765 0.775654
vt 0.135524 0.826566
vt 0.147505 0.826843
vt 0.147423 0.775521
vt 0.213317 0.725792
vt 0.229591 0.726524
vt 0.216522 0.709649
vt 0.133742 0.767129
vt 0.147410 0.767129
vt 0.087731 0.754759
vt 0.086963 0.761565
vt 0.118223 0.754650
vt 0.118648 0.761565
vt 0.216473 0.741645
vt 0.210113 0.741635
vt 0.210162 0.709638
vt 0.197705 0.725003
vt 0.102714 0.775624
vt 0.100963 0.826567
vt 0.103970 0.772087
vt 0.132603 0.772117
vt 0.165809 0.753670
vt 0.162812 0.702713
vt 0.154426 0.702713
vt 0.153497 0.754233
vt 0.146035 0.702713
vt 0.142332 0.753910
vt 0.165679 0.761565
vt 0.153281 0.761565
vt 0.142083 0.761565
vt 0.189996 0.775659
vt 0.192920 0.826564
vt 0.203111 0.826849
vt 0.203236 0.775531
vt 0.233123 0.751790
vt 0.248516 0.752273
vt 0.236223 0.735622
vt 0.189136 0.767129
vt 0.203258 0.767129
vt 0.138527 0.754481
vt 0.137591 0.761565
vt 0.168740 0.754183
vt 0.168799 0.761565
vt 0.236182 0.767816
vt 0.230019 0.767695
vt 0.230073 0.735487
vt 0.217448 0.751393
vt 0.158432 0.775647
vt 0.156810 0.826565
vt 0.159855 0.772105
vt 0.188040 0.772121
vt 0.232174 0.827030
vt 0.232174 0.775707
vt 0.215677 0.775710
vt 0.212862 0.826605
vt 0.232174 0.772074
vt 0.217072 0.772160
vt 0.216146 0.767129
vt 0.159279 0.767129
vt 0.103376 0.767129
vt 0.044119 0.702713
vt 0.027691 0.702432
vt 0.026759 0.754154
vt 0.040651 0.754244
vt 0.179127 0.702230
vt 0.162812 0.702713
vt 0.165809 0.753670
vt 0.179643 0.753384
vt 0.064858 0.754219
vt 0.060932 0.702713
vt 0.052639 0.702713
vt 0.052544 0.754576
vt 0.044119 0.702713
vt 0.040651 0.754244
vt 0.063101 0.775162
vt 0.077978 0.775446
vt 0.076609 0.771872
vt 0.063123 0.771464
vt 0.064895 0.761565
vt 0.052519 0.761565
vt 0.040121 0.761565
vt 0.080438 0.826562
vt 0.091332 0.826816
vt 0.091550 0.775458
vt 0.233014 0.698035
vt 0.248516 0.697363
vt 0.235537 0.681898
vt 0.062546 0.826865
vt 0.077604 0.767129
vt 0.091646 0.767129
vt 0.037328 0.754800
vt 0.036616 0.761565
vt 0.067808 0.754757
vt 0.068354 0.761565
vt 0.236622 0.713796
vt 0.230475 0.713889
vt 0.229367 0.682000
vt 0.217454 0.697565
vt 0.115533 0.754133
vt 0.111395 0.702713
vt 0.103450 0.702713
vt 0.102620 0.754592
vt 0.095532 0.702713
vt 0.092872 0.754216
vt 0.115187 0.761565
vt 0.102468 0.761565
vt 0.092010 0.761565
vt 0.133765 0.775654
vt 0.135524 0.826566
vt 0.147505 0.826843
vt 0.147423 0.775521
vt 0.213317 0.725792
vt 0.229591 0.726524
vt 0.216522 0.709649
vt 0.133742 0.767129
vt 0.147410 0.767129
vt 0.087731 0.754759
vt 0.086963 0.761565
vt 0.118223 0.754650
vt 0.118648 0.761565
vt 0.216473 0.741645
vt 0.210113 0.741635
vt 0.210162 0.709638
vt 0.197705 0.725003
vt 0.102714 0.775624
vt 0.100963 0.826567
vt 0.103970 0.772087
vt 0.132603 0.772117
vt 0.165809 0.753670
vt 0.162812 0.702713
vt 0.154426 0.702713
vt 0.153497 0.754233
vt 0.146035 0.702713
vt 0.142332 0.753910
vt 0.165679 0.761565
vt 0.153281 0.761565
vt 0.142083 0.761565
vt 0.189996 0.775659
vt 0.192920 0.826564
vt 0.203111 0.826849
vt 0.203236 0.775531
vt 0.233123 0.751790
vt 0.248516 0.752273
vt 0.236223 0.735622
vt 0.189136 0.767129
vt 0.203258 0.767129
vt 0.138527 0.754481
vt 0.137591 0.761565
vt 0.168740 0.754183
vt 0.168799 0.761565
vt 0.236182 0.767816
vt 0.230019 0.767695
vt 0.230073 0.735487
vt 0.217448 0.751393
vt 0.158432 0.775647
vt 0.156810 0.826565
vt 0.159855 0.772105
vt 0.188040 0.772121
vt 0.232174 0.827030
vt 0.232174 0.775707
vt 0.215677 0.775710
vt 0.212862 0.826605
vt 0.232174 0.772074
vt 0.217072 0.772160
vt 0.178999 0.702713
vt 0.179643 0.753384
vt 0.216146 0.767129
vt 0.159279 0.767129
vt 0.103376 0.767129
vt 0.064858 0.754219
vt 0.060932 0.702713
vt 0.052639 0.702713
vt 0.052544 0.754576
vt 0.044119 0.702713
vt 0.040651 0.754244
vt 0.063101 0.775162
vt 0.077978 0.775446
vt 0.076609 0.771872
vt 0.063123 0.771464
vt 0.027179 0.702713
vt 0.026759 0.754154
vt 0.064895 0.761565
vt 0.052519 0.761565
vt 0.040121 0.761565
vt 0.080438 0.826562
vt 0.091332 0.826816
vt 0.091550 0.775458
vt 0.233014 0.698035
vt 0.248516 0.697363
vt 0.235537 0.681898
vt 0.062546 0.826865
vt 0.077604 0.767129
vt 0.091646 0.767129
vt 0.037328 0.754800
vt 0.036616 0.761565
vt 0.067808 0.754757
vt 0.068354 0.761565
vt 0.236622 0.713796
vt 0.230475 0.713889
vt 0.229367 0.682000
vt 0.217454 0.697565
vt 0.115533 0.754133
vt 0.111395 0.702713
vt 0.103450 0.702713
vt 0.102620 0.754592
vt 0.095532 0.702713
vt 0.092872 0.754216
vt 0.115187 0.761565
vt 0.102468 0.761565
vt 0.092010 0.761565
vt 0.133765 0.775654
vt 0.135524 0.826566
vt 0.147505 0.826843
vt 0.147423 0.775521
vt 0.213317 0.725792
vt 0.229591 0.726524
vt 0.216522 0.709649
vt 0.133742 0.767129
vt 0.147410 0.767129
vt 0.087731 0.754759
vt 0.086963 0.761565
vt 0.118223 0.754650
vt 0.118648 0.761565
vt 0.216473 0.741645
vt 0.210113 0.741635
vt 0.210162 0.709638
vt 0.197705 0.725003
vt 0.102714 0.775624
vt 0.100963 0.826567
vt 0.103970 0.772087
vt 0.132603 0.772117
vt 0.146035 0.702713
vt 0.142332 0.753910
vt 0.189996 0.775659
vt 0.192920 0.826564
vt 0.158432 0.775647
vt 0.156810 0.826565
vt 0.159855 0.772105
vt 0.188040 0.772121
vt 0.159279 0.767129
vt 0.103376 0.767129
vt 0.044119 0.702713
vt 0.027691 0.702432
vt 0.026759 0.754154
vt 0.040651 0.754244
vt 0.064858 0.754219
vt 0.060932 0.702713
vt 0.115533 0.754133
vt 0.111395 0.702713
vt 0.103450 0.702713
vt 0.102620 0.754592
vt 0.095532 0.702713
vt 0.092872 0.754216
vt 0.115187 0.761565
vt 0.102468 0.761565
vt 0.092010 0.761565
vt 0.133765 0.775654
vt 0.135524 0.826566
vt 0.147505 0.826843
vt 0.147423 0.775521
vt 0.213317 0.725792
vt 0.229591 0.726524
vt 0.216522 0.709649
vt 0.133742 0.767129
vt 0.147410 0.767129
vt 0.087731 0.754759
vt 0.086963 0.761565
vt 0.118223 0.754650
vt 0.118648 0.761565
vt 0.216473 0.741645
vt 0.210113 0.741635
vt 0.210162 0.709638
vt 0.197705 0.725003
vt 0.102714 0.775624
vt 0.100963 0.826567
vt 0.103970 0.772087
vt 0.132603 0.772117
vt 0.165809 0.753670
vt 0.162812 0.702713
vt 0.154426 0.702713
vt 0.153497 0.754233
vt 0.146035 0.702713
vt 0.142332 0.753910
vt 0.165679 0.761565
vt 0.153281 0.761565
vt 0.142083 0.761565
vt 0.189996 0.775659
vt 0.192920 0.826564
vt 0.203111 0.826849
vt 0.203236 0.775531
vt 0.233123 0.751790
vt 0.248516 0.752273
vt 0.236223 0.735622
vt 0.189136 0.767129
vt 0.203258 0.767129
vt 0.138527 0.754481
vt 0.137591 0.761565
vt 0.168740 0.754183
vt 0.168799 0.761565
vt 0.236182 0.767816
vt 0.230019 0.767695
vt 0.230073 0.735487
vt 0.217448 0.751393
vt 0.158432 0.775647
vt 0.156810 0.826565
vt 0.159855 0.772105
vt 0.188040 0.772121
vt 0.232174 0.827030
vt 0.232174 0.775707
vt 0.215677 0.775710
vt 0.212862 0.826605
vt 0.232174 0.772074
vt 0.217072 0.772160
vt 0.178999 0.702713
vt 0.179643 0.753384
vt 0.216146 0.767129
vt 0.159279 0.767129
vt 0.064858 0.754219
vt 0.060932 0.702713
vt 0.052639 0.702713
vt 0.052544 0.754576
vt 0.044119 0.702713
vt 0.040651 0.754244
vt 0.063101 0.775162
vt 0.077978 0.775446
vt 0.076609 0.771872
vt 0.063123 0.771464
vt 0.027179 0.702713
vt 0.026759 0.754154
vt 0.064895 0.761565
vt 0.052519 0.761565
vt 0.040121 0.761565
vt 0.080438 0.826562
vt 0.091332 0.826816
vt 0.091550 0.775458
vt 0.233014 0.698035
vt 0.248516 0.697363
vt 0.235537 0.681898
vt 0.062546 0.826865
vt 0.077604 0.767129
vt 0.091646 0.767129
vt 0.037328 0.754800
vt 0.036616 0.761565
vt 0.067808 0.754757
vt 0.068354 0.761565
vt 0.236622 0.713796
vt 0.230475 0.713889
vt 0.229367 0.682000
vt 0.217454 0.697565
vt 0.115533 0.754133
vt 0.111395 0.702713
vt 0.103450 0.702713
vt 0.102620 0.754592
vt 0.095532 0.702713
vt 0.092872 0.754216
vt 0.115187 0.761565
vt 0.102468 0.761565
vt 0.092010 0.761565
vt 0.133765 0.775654
vt 0.135524 0.826566
vt 0.147505 0.826843
vt 0.147423 0.775521
vt 0.213317 0.725792
vt 0.229591 0.726524
vt 0.216522 0.709649
vt 0.133742 0.767129
vt 0.147410 0.767129
vt 0.087731 0.754759
vt 0.086963 0.761565
vt 0.118223 0.754650
vt 0.118648 0.761565
vt 0.216473 0.741645
vt 0.210113 0.741635
vt 0.210162 0.709638
vt 0.197705 0.725003
vt 0.102714 0.775624
vt 0.100963 0.826567
vt 0.103970 0.772087
vt 0.132603 0.772117
vt 0.165809 0.753670
vt 0.162812 0.702713
vt 0.154426 0.702713
vt 0.153497 0.754233
vt 0.146035 0.702713
vt 0.142332 0.753910
vt 0.165679 0.761565
vt 0.153281 0.761565
vt 0.142083 0.761565
vt 0.189996 0.775659
vt 0.192920 0.826564
vt 0.203111 0.826849
vt 0.203236 0.775531
vt 0.233123 0.751790
vt 0.248516 0.752273
vt 0.236223 0.735622
vt 0.189136 0.767129
vt 0.203258 0.767129
vt 0.138527 0.754481
vt 0.137591 0.761565
vt 0.168740 0.754183
vt 0.168799 0.761565
vt 0.236182 0.767816
vt 0.230019 0.767695
vt 0.230073 0.735487
vt 0.217448 0.751393
vt 0.158432 0.775647
vt 0.156810 0.826565
vt 0.159855 0.772105
vt 0.188040 0.772121
vt 0.232174 0.827030
vt 0.232174 0.775707
vt 0.215677 0.775710
vt 0.212862 0.826605
vt 0.232174 0.772074
vt 0.217072 0.772160
vt 0.216146 0.767129
vt 0.159279 0.767129
vt 0.103376 0.767129
vt 0.179127 0.702230
vt 0.162812 0.702713
vt 0.165809 0.753670
vt 0.179643 0.753384
vt 0.149373 0.642275
vt 0.152269 0.642281
vt 0.152269 0.629709
vt 0.149373 0.629694
vt 0.149373 0.654623
vt 0.152269 0.654649
vt 0.149373 0.668518
vt 0.152269 0.668530
vt 0.149373 0.681227
vt 0.152269 0.681127
vt 0.149373 0.697066
vt 0.152269 0.697675
vt 0.149373 0.615590
vt 0.152269 0.616198
vt 0.078722 0.642329
vt 0.081584 0.642317
vt 0.081584 0.629743
vt 0.078722 0.629795
vt 0.078722 0.616315
vt 0.081584 0.615650
vt 0.078722 0.681068
vt 0.078722 0.697791
vt 0.081584 0.697126
vt 0.081584 0.681179
vt 0.081584 0.668508
vt 0.078722 0.668484
vt 0.078722 0.654646
vt 0.081584 0.654650
vt 0.149373 0.642275
vt 0.152269 0.642281
vt 0.152269 0.629709
vt 0.149373 0.629694
vt 0.149373 0.654623
vt 0.152269 0.654649
vt 0.149373 0.668518
vt 0.152269 0.668530
vt 0.149373 0.681227
vt 0.152269 0.681127
vt 0.149373 0.697066
vt 0.152269 0.697675
vt 0.149373 0.615590
vt 0.152269 0.616198
vt 0.006071 0.642380
vt 0.075720 0.642333
vt 0.075720 0.629784
vt 0.006071 0.629839
vt 0.006071 0.615661
vt 0.075720 0.615752
vt 0.006071 0.681063
vt 0.006071 0.697137
vt 0.075720 0.697228
vt 0.075720 0.681117
vt 0.075720 0.668479
vt 0.006071 0.668370
vt 0.006071 0.654603
vt 0.075720 0.654646
vt 0.078722 0.642329
vt 0.081584 0.642317
vt 0.081584 0.629743
vt 0.078722 0.629795
vt 0.078722 0.616315
vt 0.081584 0.615650
vt 0.078722 0.681068
vt 0.078722 0.697791
vt 0.081584 0.697126
vt 0.081584 0.681179
vt 0.081584 0.668508
vt 0.078722 0.668484
vt 0.078722 0.654646
vt 0.081584 0.654650
vt 0.003313 0.642427
vt 0.003313 0.629963
vt 0.003313 0.616377
vt 0.003313 0.697854
vt 0.003313 0.680864
vt 0.003313 0.668285
vt 0.003313 0.654586
vt 0.006071 0.642380
vt 0.075720 0.642333
vt 0.075720 0.629784
vt 0.006071 0.629839
vt 0.006071 0.615661
vt 0.075720 0.615752
vt 0.006071 0.681063
vt 0.006071 0.697137
vt 0.075720 0.697228
vt 0.075720 0.681117
vt 0.075720 0.668479
vt 0.006071 0.668370
vt 0.006071 0.654603
vt 0.075720 0.654646
vt 0.078722 0.642329
vt 0.078722 0.629795
vt 0.078722 0.616315
vt 0.078722 0.697791
vt 0.078722 0.681068
vt 0.078722 0.668484
vt 0.078722 0.654646
vt 0.003313 0.642427
vt 0.003313 0.629963
vt 0.003313 0.616377
vt 0.003313 0.697854
vt 0.003313 0.680864
vt 0.003313 0.668285
vt 0.003313 0.654586
vt 0.154978 0.644031
vt 0.152053 0.644029
vt 0.152053 0.656953
vt 0.154978 0.656980
vt 0.154978 0.631193
vt 0.152053 0.631234
vt 0.154978 0.617518
vt 0.152053 0.618083
vt 0.152053 0.682559
vt 0.152053 0.699559
vt 0.154978 0.698994
vt 0.154978 0.682603
vt 0.154978 0.670184
vt 0.152053 0.670159
vt 0.223791 0.633613
vt 0.223791 0.652983
vt 0.207475 0.643134
vt 0.240025 0.643315
vt 0.194533 0.644035
vt 0.194509 0.656947
vt 0.194610 0.670175
vt 0.194740 0.682733
vt 0.194769 0.698849
vt 0.194769 0.617373
vt 0.194669 0.631153
vt 0.223791 0.616101
vt 0.207785 0.625267
vt 0.239679 0.625006
vt 0.149373 0.642275
vt 0.152269 0.642281
vt 0.152269 0.629709
vt 0.149373 0.629694
vt 0.149373 0.654623
vt 0.152269 0.654649
vt 0.149373 0.668518
vt 0.152269 0.668530
vt 0.149373 0.681227
vt 0.152269 0.681127
vt 0.149373 0.697066
vt 0.152269 0.697675
vt 0.149373 0.615590
vt 0.152269 0.616198
vt 0.006071 0.642380
vt 0.075720 0.642333
vt 0.075720 0.629784
vt 0.006071 0.629839
vt 0.006071 0.615661
vt 0.075720 0.615752
vt 0.006071 0.681063
vt 0.006071 0.697137
vt 0.075720 0.697228
vt 0.075720 0.681117
vt 0.075720 0.668479
vt 0.006071 0.668370
vt 0.006071 0.654603
vt 0.075720 0.654646
vt 0.078722 0.642329
vt 0.081584 0.642317
vt 0.081584 0.629743
vt 0.078722 0.629795
vt 0.078722 0.616315
vt 0.081584 0.615650
vt 0.078722 0.681068
vt 0.078722 0.697791
vt 0.081584 0.697126
vt 0.081584 0.681179
vt 0.081584 0.668508
vt 0.078722 0.668484
vt 0.078722 0.654646
vt 0.081584 0.654650
vt 0.149373 0.642275
vt 0.152269 0.642281
vt 0.152269 0.629709
vt 0.149373 0.629694
vt 0.149373 0.654623
vt 0.152269 0.654649
vt 0.149373 0.668518
vt 0.152269 0.668530
vt 0.149373 0.681227
vt 0.152269 0.681127
vt 0.149373 0.697066
vt 0.152269 0.697675
vt 0.149373 0.615590
vt 0.152269 0.616198
vt 0.006071 0.642380
vt 0.075720 0.642333
vt 0.075720 0.629784
vt 0.006071 0.629839
vt 0.006071 0.615661
vt 0.075720 0.615752
vt 0.006071 0.681063
vt 0.006071 0.697137
vt 0.075720 0.697228
vt 0.075720 0.681117
vt 0.075720 0.668479
vt 0.006071 0.668370
vt 0.006071 0.654603
vt 0.075720 0.654646
vt 0.078722 0.642329
vt 0.081584 0.642317
vt 0.081584 0.629743
vt 0.078722 0.629795
vt 0.078722 0.616315
vt 0.081584 0.615650
vt 0.078722 0.681068
vt 0.078722 0.697791
vt 0.081584 0.697126
vt 0.081584 0.681179
vt 0.081584 0.668508
vt 0.078722 0.668484
vt 0.078722 0.654646
vt 0.081584 0.654650
vt 0.003313 0.642427
vt 0.003313 0.629963
vt 0.003313 0.616377
vt 0.003313 0.697854
vt 0.003313 0.680864
vt 0.003313 0.668285
vt 0.003313 0.654586
vt 0.149373 0.642275
vt 0.152269 0.642281
vt 0.152269 0.629709
vt 0.149373 0.629694
vt 0.149373 0.654623
vt 0.152269 0.654649
vt 0.149373 0.668518
vt 0.152269 0.668530
vt 0.149373 0.681227
vt 0.152269 0.681127
vt 0.149373 0.697066
vt 0.152269 0.697675
vt 0.149373 0.615590
vt 0.152269 0.616198
vt 0.006071 0.642380
vt 0.075720 0.642333
vt 0.075720 0.629784
vt 0.006071 0.629839
vt 0.006071 0.615661
vt 0.075720 0.615752
vt 0.006071 0.681063
vt 0.006071 0.697137
vt 0.075720 0.697228
vt 0.075720 0.681117
vt 0.075720 0.668479
vt 0.006071 0.668370
vt 0.006071 0.654603
vt 0.075720 0.654646
vt 0.078722 0.642329
vt 0.081584 0.642317
vt 0.081584 0.629743
vt 0.078722 0.629795
vt 0.078722 0.616315
vt 0.081584 0.615650
vt 0.078722 0.681068
vt 0.078722 0.697791
vt 0.081584 0.697126
vt 0.081584 0.681179
vt 0.081584 0.668508
vt 0.078722 0.668484
vt 0.078722 0.654646
vt 0.081584 0.654650
vt 0.003313 0.642427
vt 0.003313 0.629963
vt 0.003313 0.616377
vt 0.003313 0.697854
vt 0.003313 0.680864
vt 0.003313 0.668285
vt 0.003313 0.654586
vt 0.006071 0.642380
vt 0.075720 0.642333
vt 0.075720 0.629784
vt 0.006071 0.629839
vt 0.006071 0.615661
vt 0.075720 0.615752
vt 0.006071 0.681063
vt 0.006071 0.697137
vt 0.075720 0.697228
vt 0.075720 0.681117
vt 0.075720 0.668479
vt 0.006071 0.668370
vt 0.006071 0.654603
vt 0.075720 0.654646
vt 0.078722 0.642329
vt 0.078722 0.629795
vt 0.078722 0.616315
vt 0.078722 0.697791
vt 0.078722 0.681068
vt 0.078722 0.668484
vt 0.078722 0.654646
vt 0.003313 0.642427
vt 0.003313 0.629963
vt 0.003313 0.616377
vt 0.003313 0.697854
vt 0.003313 0.680864
vt 0.003313 0.668285
vt 0.003313 0.654586
vt 0.432239 0.622142
vt 0.397609 0.622142
vt 0.397621 0.367697
vt 0.432239 0.367697
vt 0.432239 0.622142
vt 0.432239 0.367697
vt 0.397621 0.367697
vt 0.397668 0.622142
vt 0.442097 0.622142
vt 0.442097 0.367697
vt 0.374526 0.342997
vt 0.374526 0.304090
vt 0.432239 0.304090
vt 0.432239 0.342997
vt 0.432239 0.304090
vt 0.432239 0.342997
vt 0.442097 0.342997
vt 0.442097 0.304090
vt 0.432239 0.342997
vt 0.432239 0.304090
vt 0.374526 0.304090
vt 0.374526 0.342997
vt 0.374526 0.304090
vt 0.432239 0.304090
vt 0.432239 0.293076
vt 0.374526 0.293076
vt 0.432239 0.622142
vt 0.432239 0.367697
vt 0.413580 0.367697
vt 0.413574 0.622142
vt 0.432239 0.622142
vt 0.413606 0.622142
vt 0.413580 0.367697
vt 0.432239 0.367697
vt 0.442097 0.367697
vt 0.442097 0.622142
vt 0.374526 0.325060
vt 0.432239 0.325060
vt 0.432239 0.304090
vt 0.374526 0.304090
vt 0.432239 0.304090
vt 0.442097 0.304090
vt 0.442097 0.325060
vt 0.432239 0.325060
vt 0.432239 0.325060
vt 0.374526 0.325060
vt 0.374526 0.304090
vt 0.432239 0.304090
vt 0.374526 0.304090
vt 0.374526 0.293076
vt 0.432239 0.293076
vt 0.432239 0.304090
vt 0.432239 0.622142
vt 0.397609 0.622142
vt 0.397621 0.367697
vt 0.432239 0.367697
vt 0.432239 0.622142
vt 0.432239 0.367697
vt 0.397621 0.367697
vt 0.397668 0.622142
vt 0.442097 0.622142
vt 0.442097 0.367697
vt 0.432239 0.622142
vt 0.432239 0.367697
vt 0.413580 0.367697
vt 0.413574 0.622142
vt 0.432239 0.622142
vt 0.413606 0.622142
vt 0.413580 0.367697
vt 0.432239 0.367697
vt 0.442097 0.367697
vt 0.442097 0.622142
vt 0.432239 0.622142
vt 0.397609 0.622142
vt 0.397621 0.367697
vt 0.432239 0.367697
vt 0.432239 0.622142
vt 0.432239 0.367697
vt 0.397621 0.367697
vt 0.397668 0.622142
vt 0.442097 0.622142
vt 0.442097 0.367697
vt 0.432239 0.622142
vt 0.432239 0.367697
vt 0.413580 0.367697
vt 0.413574 0.622142
vt 0.432239 0.622142
vt 0.413606 0.622142
vt 0.413580 0.367697
vt 0.432239 0.367697
vt 0.442097 0.367697
vt 0.442097 0.622142
vt 0.432239 0.622142
vt 0.397609 0.622142
vt 0.397621 0.367697
vt 0.432239 0.367697
vt 0.432239 0.622142
vt 0.432239 0.367697
vt 0.397621 0.367697
vt 0.397668 0.622142
vt 0.442097 0.622142
vt 0.442097 0.367697
vt 0.396937 0.367697
vt 0.396937 0.304090
vt 0.432239 0.304090
vt 0.432239 0.367697
vt 0.432239 0.304090
vt 0.432239 0.367697
vt 0.442097 0.367697
vt 0.442097 0.304090
vt 0.396937 0.367697
vt 0.432239 0.367697
vt 0.432239 0.304090
vt 0.396937 0.304090
vt 0.396937 0.304090
vt 0.432239 0.304090
vt 0.432239 0.293076
vt 0.396937 0.293076
vt 0.432239 0.622142
vt 0.432239 0.367697
vt 0.413580 0.367697
vt 0.413574 0.622142
vt 0.432239 0.622142
vt 0.413606 0.622142
vt 0.413580 0.367697
vt 0.432239 0.367697
vt 0.442097 0.367697
vt 0.442097 0.622142
vt 0.413212 0.367697
vt 0.432239 0.367697
vt 0.432239 0.304090
vt 0.413212 0.304090
vt 0.432239 0.304090
vt 0.442097 0.304090
vt 0.442097 0.367697
vt 0.432239 0.367697
vt 0.413212 0.367697
vt 0.413212 0.304090
vt 0.432239 0.304090
vt 0.432239 0.367697
vt 0.413212 0.304090
vt 0.413212 0.293076
vt 0.432239 0.293076
vt 0.432239 0.304090
vt 0.634343 0.135814
vt 0.634538 0.118103
vt 0.837757 0.118342
vt 0.837632 0.135563
vt 0.634783 0.151870
vt 0.634343 0.135814
vt 0.837632 0.135563
vt 0.837558 0.151779
vt 0.640220 0.151775
vt 0.837558 0.151779
vt 0.837632 0.135563
vt 0.629562 0.135905
vt 0.634432 0.135550
vt 0.837632 0.135563
vt 0.837757 0.118342
vt 0.634569 0.118360
vt 0.910572 0.138044
vt 0.857178 0.140555
vt 0.853559 0.124866
vt 0.906769 0.121697
vt 0.667679 0.135783
vt 0.668690 0.151431
vt 0.626337 0.151431
vt 0.608401 0.136074
vt 0.964973 0.135486
vt 0.960981 0.118468
vt 0.728073 0.135486
vt 0.711842 0.151431
vt 0.606231 0.151980
vt 0.606231 0.136053
vt 0.920923 0.135538
vt 0.920923 0.151686
vt 0.606231 0.135838
vt 0.606231 0.118368
vt 0.920923 0.118196
vt 0.920923 0.135594
vt 0.606231 0.151980
vt 0.606231 0.136053
vt 0.920923 0.135538
vt 0.920923 0.151686
vt 0.606231 0.135838
vt 0.606231 0.118368
vt 0.920923 0.118196
vt 0.920923 0.135594
vt 0.606231 0.151980
vt 0.606231 0.136053
vt 0.920923 0.135538
vt 0.920923 0.151686
vt 0.606231 0.135838
vt 0.606231 0.118368
vt 0.920923 0.118196
vt 0.920923 0.135594
vt 0.606231 0.151980
vt 0.606231 0.136053
vt 0.920923 0.135538
vt 0.920923 0.151686
vt 0.606231 0.135838
vt 0.606231 0.118368
vt 0.920923 0.118196
vt 0.920923 0.135594
vt 0.668801 0.151456
vt 0.837558 0.151779
vt 0.837632 0.135563
vt 0.656373 0.136364
vt 0.661177 0.135206
vt 0.837632 0.135563
vt 0.837757 0.118342
vt 0.661254 0.118792
vt 0.661109 0.135223
vt 0.661159 0.118683
vt 0.837757 0.118342
vt 0.837632 0.135563
vt 0.667534 0.151528
vt 0.657149 0.136123
vt 0.837632 0.135563
vt 0.837558 0.151779
vt 0.403867 0.088435
vt 0.403867 0.067333
vt 0.497617 0.067333
vt 0.497617 0.088435
vt 0.428836 0.067166
vt 0.403867 0.030469
vt 0.497617 0.030469
vt 0.472754 0.067097
vt 0.472750 0.067668
vt 0.472749 0.088089
vt 0.428836 0.088212
vt 0.428836 0.067567
vt 0.428836 0.030637
vt 0.472754 0.030706
vt 0.460353 0.088135
vt 0.460355 0.067396
vt 0.064994 0.067407
vt 0.064989 0.087779
vt 0.065026 0.067838
vt 0.065026 0.087927
vt 0.485238 0.088204
vt 0.485238 0.067560
vt 0.485236 0.030646
vt 0.065003 0.030832
vt 0.485235 0.067176
vt 0.460354 0.030679
vt 0.065012 0.030952
vt 0.065007 0.067010
vt 0.485238 0.088208
vt 0.485240 0.067372
vt 0.065013 0.067427
vt 0.065023 0.087939
vt 0.064990 0.067971
vt 0.064990 0.087788
vt 0.460352 0.088098
vt 0.460352 0.067677
vt 0.460354 0.030679
vt 0.065011 0.030937
vt 0.460354 0.067123
vt 0.485235 0.030627
vt 0.065007 0.030793
vt 0.065012 0.066849
vt 0.047949 0.087699
vt 0.047954 0.067472
vt 0.448616 0.067370
vt 0.448613 0.088212
vt 0.473379 0.067333
vt 0.473379 0.088435
vt 0.047933 0.088012
vt 0.047933 0.067754
vt 0.047906 0.030986
vt 0.473379 0.030469
vt 0.047915 0.066954
vt 0.047974 0.030858
vt 0.448613 0.030637
vt 0.473379 0.067333
vt 0.047927 0.087835
vt 0.047914 0.067361
vt 0.473379 0.067333
vt 0.473379 0.088435
vt 0.448613 0.067556
vt 0.448613 0.088200
vt 0.047950 0.087809
vt 0.047950 0.067963
vt 0.047973 0.031042
vt 0.448613 0.030637
vt 0.047974 0.066943
vt 0.047915 0.030849
vt 0.473379 0.030469
vt 0.448613 0.067166
vt 0.472816 0.087604
vt 0.472812 0.067474
vt 0.064994 0.067407
vt 0.064989 0.087779
vt 0.065026 0.067838
vt 0.065026 0.087927
vt 0.472748 0.087670
vt 0.472748 0.068096
vt 0.472777 0.031019
vt 0.065003 0.030832
vt 0.472767 0.066777
vt 0.472793 0.031095
vt 0.065012 0.030952
vt 0.065007 0.067010
vt 0.472755 0.087686
vt 0.472765 0.067443
vt 0.065013 0.067427
vt 0.065023 0.087939
vt 0.064990 0.067971
vt 0.064990 0.087788
vt 0.472818 0.087548
vt 0.472818 0.068226
vt 0.472791 0.031072
vt 0.065011 0.030937
vt 0.472793 0.066706
vt 0.472767 0.031027
vt 0.065007 0.030793
vt 0.065012 0.066849
vt 0.006708 0.981995
vt 0.001196 0.981995
vt 0.001301 0.930284
vt 0.003914 0.930306
vt 0.063101 0.775162
vt 0.077978 0.775446
vt 0.076609 0.771872
vt 0.063123 0.771464
vt 0.080438 0.826562
vt 0.062546 0.826865
vt 0.006708 0.981995
vt 0.003914 0.930306
vt 0.001301 0.930284
vt 0.001196 0.981995
vt 0.115533 0.754133
vt 0.111395 0.702713
vt 0.103450 0.702713
vt 0.102620 0.754592
vt 0.095532 0.702713
vt 0.092872 0.754216
vt 0.115187 0.761565
vt 0.102468 0.761565
vt 0.092010 0.761565
vt 0.133765 0.775654
vt 0.135524 0.826566
vt 0.147505 0.826843
vt 0.147423 0.775521
vt 0.213317 0.725792
vt 0.229591 0.726524
vt 0.216522 0.709649
vt 0.133742 0.767129
vt 0.147410 0.767129
vt 0.087731 0.754759
vt 0.086963 0.761565
vt 0.118223 0.754650
vt 0.118648 0.761565
vt 0.216473 0.741645
vt 0.210113 0.741635
vt 0.210162 0.709638
vt 0.197705 0.725003
vt 0.165809 0.753670
vt 0.162812 0.702713
vt 0.154426 0.702713
vt 0.153497 0.754233
vt 0.146035 0.702713
vt 0.142332 0.753910
vt 0.165679 0.761565
vt 0.153281 0.761565
vt 0.142083 0.761565
vt 0.189996 0.775659
vt 0.192920 0.826564
vt 0.203111 0.826849
vt 0.203236 0.775531
vt 0.233123 0.751790
vt 0.248516 0.752273
vt 0.236223 0.735622
vt 0.189136 0.767129
vt 0.203258 0.767129
vt 0.138527 0.754481
vt 0.137591 0.761565
vt 0.168740 0.754183
vt 0.168799 0.761565
vt 0.236182 0.767816
vt 0.230019 0.767695
vt 0.230073 0.735487
vt 0.217448 0.751393
vt 0.158432 0.775647
vt 0.156810 0.826565
vt 0.159855 0.772105
vt 0.188040 0.772121
vt 0.232174 0.827030
vt 0.232174 0.775707
vt 0.215677 0.775710
vt 0.212862 0.826605
vt 0.232174 0.772074
vt 0.217072 0.772160
vt 0.216146 0.767129
vt 0.159279 0.767129
vt 0.044119 0.702713
vt 0.027691 0.702432
vt 0.026759 0.754154
vt 0.040651 0.754244
vt 0.179127 0.702230
vt 0.162812 0.702713
vt 0.165809 0.753670
vt 0.179643 0.753384
vt 0.006708 0.981995
vt 0.001196 0.981995
vt 0.001301 0.930284
vt 0.003914 0.930306
vt 0.064858 0.754219
vt 0.060932 0.702713
vt 0.052639 0.702713
vt 0.052544 0.754576
vt 0.044119 0.702713
vt 0.040651 0.754244
vt 0.063101 0.775162
vt 0.077978 0.775446
vt 0.076609 0.771872
vt 0.063123 0.771464
vt 0.064895 0.761565
vt 0.052519 0.761565
vt 0.040121 0.761565
vt 0.080438 0.826562
vt 0.091332 0.826816
vt 0.091550 0.775458
vt 0.233014 0.698035
vt 0.248516 0.697363
vt 0.235537 0.681898
vt 0.062546 0.826865
vt 0.077604 0.767129
vt 0.091646 0.767129
vt 0.037328 0.754800
vt 0.036616 0.761565
vt 0.067808 0.754757
vt 0.068354 0.761565
vt 0.236622 0.713796
vt 0.230475 0.713889
vt 0.229367 0.682000
vt 0.217454 0.697565
vt 0.115533 0.754133
vt 0.111395 0.702713
vt 0.103450 0.702713
vt 0.102620 0.754592
vt 0.095532 0.702713
vt 0.092872 0.754216
vt 0.115187 0.761565
vt 0.102468 0.761565
vt 0.092010 0.761565
vt 0.133765 0.775654
vt 0.135524 0.826566
vt 0.147505 0.826843
vt 0.147423 0.775521
vt 0.213317 0.725792
vt 0.229591 0.726524
vt 0.216522 0.709649
vt 0.133742 0.767129
vt 0.147410 0.767129
vt 0.087731 0.754759
vt 0.086963 0.761565
vt 0.118223 0.754650
vt 0.118648 0.761565
vt 0.216473 0.741645
vt 0.210113 0.741635
vt 0.210162 0.709638
vt 0.197705 0.725003
vt 0.102714 0.775624
vt 0.100963 0.826567
vt 0.103970 0.772087
vt 0.132603 0.772117
vt 0.158432 0.775647
vt 0.156810 0.826565
vt 0.159279 0.767129
vt 0.103376 0.767129
vt 0.006708 0.981995
vt 0.003914 0.930306
vt 0.001301 0.930284
vt 0.001196 0.981995
vt 0.232174 0.827030
vt 0.232174 0.775707
vt 0.215677 0.775710
vt 0.212862 0.826605
vt 0.232174 0.772074
vt 0.217072 0.772160
vt 0.044119 0.702713
vt 0.027691 0.702432
vt 0.026759 0.754154
vt 0.040651 0.754244
vt 0.179127 0.702230
vt 0.162812 0.702713
vt 0.165809 0.753670
vt 0.179643 0.753384
vt 0.741013 0.135331
vt 0.741045 0.118459
vt 0.837757 0.118342
vt 0.837632 0.135563
vt 0.751160 0.151120
vt 0.738753 0.136068
vt 0.837632 0.135563
vt 0.837558 0.151779
vt 0.673673 0.138044
vt 0.669869 0.121697
vt 0.616659 0.124866
vt 0.620279 0.140554
vt 0.667679 0.135783
vt 0.608402 0.136075
vt 0.626337 0.151431
vt 0.668690 0.151431
vt 0.752126 0.151999
vt 0.837558 0.151779
vt 0.837632 0.135563
vt 0.739049 0.136696
vt 0.741168 0.135294
vt 0.837632 0.135563
vt 0.837757 0.118342
vt 0.741261 0.118637
vt 0.910572 0.138044
vt 0.857178 0.140555
vt 0.853559 0.124866
vt 0.906769 0.121697
vt 0.667679 0.135783
vt 0.668690 0.151431
vt 0.626337 0.151431
vt 0.608401 0.136074
vt 0.964973 0.135486
vt 0.960981 0.118468
vt 0.728073 0.135486
vt 0.711842 0.151431
vt 0.728073 0.135486
vt 0.711842 0.151431
vt 0.728073 0.135486
vt 0.724082 0.118468
vt 0.154978 0.644031
vt 0.152053 0.644029
vt 0.152053 0.656953
vt 0.154978 0.656980
vt 0.154978 0.631193
vt 0.152053 0.631234
vt 0.154978 0.617518
vt 0.152053 0.618083
vt 0.152053 0.682559
vt 0.152053 0.699559
vt 0.154978 0.698994
vt 0.154978 0.682603
vt 0.154978 0.670184
vt 0.152053 0.670159
vt 0.223791 0.633613
vt 0.223791 0.652983
vt 0.207475 0.643134
vt 0.240025 0.643315
vt 0.194533 0.644035
vt 0.194509 0.656947
vt 0.194610 0.670175
vt 0.194740 0.682733
vt 0.194769 0.698849
vt 0.194769 0.617373
vt 0.194669 0.631153
vt 0.223791 0.616101
vt 0.207785 0.625267
vt 0.239679 0.625006
vt 0.154978 0.644031
vt 0.152053 0.644029
vt 0.152053 0.656953
vt 0.154978 0.656980
vt 0.154978 0.631193
vt 0.152053 0.631234
vt 0.154978 0.617518
vt 0.152053 0.618083
vt 0.152053 0.682559
vt 0.152053 0.699559
vt 0.154978 0.698994
vt 0.154978 0.682603
vt 0.154978 0.670184
vt 0.152053 0.670159
vt 0.223791 0.633613
vt 0.223791 0.652983
vt 0.207475 0.643134
vt 0.240025 0.643315
vt 0.194533 0.644035
vt 0.194509 0.656947
vt 0.194610 0.670175
vt 0.194740 0.682733
vt 0.194769 0.698849
vt 0.194769 0.617373
vt 0.194669 0.631153
vt 0.223791 0.616101
vt 0.207785 0.625267
vt 0.239679 0.625006
vt 0.424995 0.342997
vt 0.424995 0.304090
vt 0.432239 0.304090
vt 0.432239 0.342997
vt 0.432239 0.304090
vt 0.432239 0.342997
vt 0.442097 0.342997
vt 0.442097 0.304090
vt 0.432239 0.342997
vt 0.432239 0.304090
vt 0.424995 0.304090
vt 0.424995 0.342997
vt 0.424995 0.304090
vt 0.432239 0.304090
vt 0.432239 0.293076
vt 0.424995 0.293076
vt 0.396937 0.304090
vt 0.432239 0.304090
vt 0.432239 0.293076
vt 0.396937 0.293076
vt 0.424995 0.325060
vt 0.432239 0.325060
vt 0.432239 0.304090
vt 0.424995 0.304090
vt 0.432239 0.304090
vt 0.442097 0.304090
vt 0.442097 0.325060
vt 0.432239 0.325060
vt 0.432239 0.325060
vt 0.424995 0.325060
vt 0.424995 0.304090
vt 0.432239 0.304090
vt 0.424995 0.304090
vt 0.424995 0.293076
vt 0.432239 0.293076
vt 0.432239 0.304090
vt 0.413212 0.304090
vt 0.413212 0.293076
vt 0.432239 0.293076
vt 0.432239 0.304090
vt 0.413212 0.353266
vt 0.413212 0.304090
vt 0.432239 0.304090
vt 0.432239 0.353266
vt 0.432239 0.304090
vt 0.442097 0.304090
vt 0.442097 0.353266
vt 0.432239 0.353266
vt 0.413212 0.353266
vt 0.432239 0.353266
vt 0.432239 0.304090
vt 0.413212 0.304090
vt 0.432239 0.353266
vt 0.396937 0.353266
vt 0.396937 0.304090
vt 0.432239 0.304090
vt 0.432239 0.304090
vt 0.432239 0.353266
vt 0.442097 0.353266
vt 0.442097 0.304090
vt 0.396937 0.353266
vt 0.432239 0.353266
vt 0.432239 0.304090
vt 0.396937 0.304090
vt 0.873168 0.628497
vt 0.999170 0.628497
vt 0.999170 0.745670
vt 0.873168 0.745670
vt 0.873168 0.628497
vt 0.999257 0.628497
vt 0.999257 0.745670
vt 0.873168 0.745670
vt 0.751538 0.745670
vt 0.751538 0.628497
vt 0.751538 0.745670
vt 0.751538 0.628497
vt 0.403867 0.088435
vt 0.403867 0.067333
vt 0.497617 0.067333
vt 0.497617 0.088435
vt 0.428836 0.067166
vt 0.403867 0.030469
vt 0.497617 0.030469
vt 0.472754 0.067097
vt 0.472750 0.067668
vt 0.472749 0.088089
vt 0.428836 0.088212
vt 0.428836 0.067567
vt 0.428836 0.030637
vt 0.472754 0.030706
vt 0.428836 0.088200
vt 0.428829 0.067359
vt 0.472754 0.067393
vt 0.472750 0.088113
vt 0.403867 0.067333
vt 0.428836 0.030637
vt 0.472754 0.030706
vt 0.497617 0.067333
vt 0.497617 0.067333
vt 0.497617 0.088435
vt 0.403867 0.088435
vt 0.403867 0.067333
vt 0.403867 0.030469
vt 0.497617 0.030469
vt 0.432198 0.087915
vt 0.432195 0.067355
vt 0.472854 0.067370
vt 0.472851 0.088212
vt 0.497617 0.067333
vt 0.497617 0.088435
vt 0.407268 0.088133
vt 0.407268 0.067712
vt 0.407277 0.030690
vt 0.497617 0.030469
vt 0.407276 0.067110
vt 0.432185 0.030845
vt 0.472851 0.030637
vt 0.497617 0.067333
vt 0.407268 0.088083
vt 0.407273 0.067353
vt 0.497617 0.067333
vt 0.497617 0.088435
vt 0.472851 0.067556
vt 0.472851 0.088200
vt 0.432197 0.087966
vt 0.432197 0.067878
vt 0.432186 0.030808
vt 0.472851 0.030637
vt 0.432185 0.066956
vt 0.407276 0.030693
vt 0.497617 0.030469
vt 0.472851 0.067166
vt 0.005869 0.088435
vt 0.005869 0.067333
vt 0.196231 0.067333
vt 0.196231 0.088435
vt 0.501350 0.067588
vt 0.501350 0.088234
vt 0.196231 0.088435
vt 0.196231 0.067333
vt 0.005869 0.030469
vt 0.196231 0.030469
vt 0.005869 0.067333
vt 0.005869 0.030469
vt 0.196231 0.030469
vt 0.196231 0.067333
vt 0.501350 0.088179
vt 0.501365 0.067330
vt 0.501350 0.030650
vt 0.501350 0.067152
vt 0.501350 0.030650
vt 0.005869 0.088435
vt 0.005869 0.067333
vt 0.005869 0.088435
vt 0.005869 0.067333
vt 0.196231 0.067333
vt 0.196231 0.088435
vt 0.501350 0.067588
vt 0.501350 0.088234
vt 0.196231 0.088435
vt 0.196231 0.067333
vt 0.005869 0.030469
vt 0.196231 0.030469
vt 0.005869 0.067333
vt 0.005869 0.030469
vt 0.196231 0.030469
vt 0.196231 0.067333
vt 0.501350 0.088179
vt 0.501365 0.067330
vt 0.501350 0.030650
vt 0.501350 0.067152
vt 0.501350 0.030651
vt 0.005869 0.088435
vt 0.005869 0.067333
vt 0.005869 0.088435
vt 0.005869 0.067333
vt 0.196231 0.067333
vt 0.196231 0.088435
vt 0.501350 0.067588
vt 0.501350 0.088235
vt 0.196231 0.088435
vt 0.196231 0.067333
vt 0.005869 0.030469
vt 0.196231 0.030469
vt 0.005869 0.067333
vt 0.005869 0.030469
vt 0.196231 0.030469
vt 0.196231 0.067333
vt 0.501350 0.088179
vt 0.501365 0.067329
vt 0.501350 0.030650
vt 0.501350 0.067152
vt 0.501350 0.030650
vt 0.005869 0.088435
vt 0.005869 0.067333
vt 0.005869 0.088435
vt 0.005869 0.067333
vt 0.196231 0.067333
vt 0.196231 0.088435
vt 0.501350 0.067588
vt 0.501350 0.088235
vt 0.196231 0.088435
vt 0.196231 0.067333
vt 0.005869 0.030469
vt 0.196231 0.030469
vt 0.005869 0.067333
vt 0.005869 0.030469
vt 0.196231 0.030469
vt 0.196231 0.067333
vt 0.501350 0.088179
vt 0.501365 0.067329
vt 0.501350 0.030650
vt 0.501350 0.067152
vt 0.501350 0.030651
vt 0.005869 0.088435
vt 0.005869 0.067333
vt 0.721869 0.933115
vt 0.702468 0.918320
vt 0.740888 0.918320
vt 0.702468 0.801488
vt 0.740888 0.801487
vt 0.721869 0.933115
vt 0.740888 0.918320
vt 0.702468 0.918320
vt 0.654474 0.801261
vt 0.692395 0.801276
vt 0.692386 0.918157
vt 0.654483 0.918157
vt 0.692394 0.801272
vt 0.654474 0.801261
vt 0.654483 0.918160
vt 0.692386 0.918160
vt 0.740888 0.801480
vt 0.702468 0.801480
vt 0.530088 0.928427
vt 0.690677 0.928427
vt 0.690677 0.996736
vt 0.530088 0.996736
vt 0.690677 0.928427
vt 0.530088 0.928427
vt 0.530088 0.996736
vt 0.690677 0.996736
vt 0.005869 0.088435
vt 0.005869 0.067333
vt 0.196231 0.067333
vt 0.196231 0.088435
vt 0.393110 0.067333
vt 0.393110 0.088435
vt 0.196231 0.088435
vt 0.196231 0.067333
vt 0.005869 0.030469
vt 0.196231 0.030469
vt 0.005869 0.067333
vt 0.005869 0.030469
vt 0.196231 0.030469
vt 0.196231 0.067333
vt 0.393110 0.088435
vt 0.393110 0.067333
vt 0.393110 0.030469
vt 0.393110 0.067333
vt 0.393110 0.030469
vt 0.005869 0.088435
vt 0.005869 0.067333
vt 0.005869 0.088435
vt 0.005869 0.067333
vt 0.196231 0.067333
vt 0.196231 0.088435
vt 0.393110 0.067333
vt 0.393110 0.088435
vt 0.196231 0.088435
vt 0.196231 0.067333
vt 0.005869 0.030469
vt 0.196231 0.030469
vt 0.005869 0.067333
vt 0.005869 0.030469
vt 0.196231 0.030469
vt 0.196231 0.067333
vt 0.393110 0.088435
vt 0.393110 0.067333
vt 0.393110 0.030469
vt 0.393110 0.067333
vt 0.393110 0.030469
vt 0.005869 0.088435
vt 0.005869 0.067333
vt 0.005869 0.088435
vt 0.005869 0.067333
vt 0.196231 0.067333
vt 0.196231 0.088435
vt 0.393110 0.067333
vt 0.393110 0.088435
vt 0.196231 0.088435
vt 0.196231 0.067333
vt 0.005869 0.030469
vt 0.196231 0.030469
vt 0.005869 0.067333
vt 0.005869 0.030469
vt 0.196231 0.030469
vt 0.196231 0.067333
vt 0.393110 0.088435
vt 0.393110 0.067333
vt 0.393110 0.030469
vt 0.393110 0.067333
vt 0.393110 0.030469
vt 0.005869 0.088435
vt 0.005869 0.067333
vt 0.005869 0.088435
vt 0.005869 0.067333
vt 0.196231 0.067333
vt 0.196231 0.088435
vt 0.393110 0.067333
vt 0.393110 0.088435
vt 0.196231 0.088435
vt 0.196231 0.067333
vt 0.005869 0.030469
vt 0.196231 0.030469
vt 0.005869 0.067333
vt 0.005869 0.030469
vt 0.196231 0.030469
vt 0.196231 0.067333
vt 0.393110 0.088435
vt 0.393110 0.067333
vt 0.393110 0.030469
vt 0.393110 0.067333
vt 0.393110 0.030469
vt 0.005869 0.088435
vt 0.005869 0.067333
vt 0.225894 0.144889
vt 0.501337 0.144889
vt 0.501337 0.278387
vt 0.225894 0.278387
vt 0.225894 0.144889
vt 0.501337 0.144889
vt 0.501337 0.278387
vt 0.225894 0.278387
vt 0.530088 0.928432
vt 0.690677 0.928427
vt 0.690677 0.996736
vt 0.530088 0.996730
vt 0.690677 0.928427
vt 0.530088 0.928433
vt 0.530088 0.996729
vt 0.690677 0.996736
vt 0.225894 0.144889
vt 0.501337 0.144889
vt 0.501337 0.278387
vt 0.225894 0.278387
vt 0.225894 0.144889
vt 0.501337 0.144889
vt 0.501337 0.278387
vt 0.225894 0.278387
vt 0.530088 0.928432
vt 0.690677 0.928427
vt 0.690677 0.996736
vt 0.530088 0.996730
vt 0.721869 0.931746
vt 0.702468 0.918614
vt 0.740888 0.918614
vt 0.690677 0.928427
vt 0.530088 0.928433
vt 0.530088 0.996729
vt 0.690677 0.996736
vt 0.702468 0.834775
vt 0.740888 0.834775
vt 0.005869 0.088435
vt 0.005869 0.067333
vt 0.196231 0.067333
vt 0.196231 0.088435
vt 0.393110 0.067333
vt 0.393110 0.088435
vt 0.196231 0.088435
vt 0.196231 0.067333
vt 0.005869 0.030469
vt 0.196231 0.030469
vt 0.005869 0.067333
vt 0.005869 0.030469
vt 0.196231 0.030469
vt 0.196231 0.067333
vt 0.393110 0.088435
vt 0.393110 0.067333
vt 0.393110 0.030469
vt 0.393110 0.067333
vt 0.393110 0.030469
vt 0.005869 0.088435
vt 0.005869 0.067333
vt 0.005869 0.088435
vt 0.005869 0.067333
vt 0.196231 0.067333
vt 0.196231 0.088435
vt 0.393110 0.067333
vt 0.393110 0.088435
vt 0.196231 0.088435
vt 0.196231 0.067333
vt 0.005869 0.030469
vt 0.196231 0.030469
vt 0.005869 0.067333
vt 0.005869 0.030469
vt 0.196231 0.030469
vt 0.196231 0.067333
vt 0.393110 0.088435
vt 0.393110 0.067333
vt 0.393110 0.030469
vt 0.393110 0.067333
vt 0.393110 0.030469
vt 0.005869 0.088435
vt 0.005869 0.067333
vt 0.225894 0.144889
vt 0.501337 0.144889
vt 0.501337 0.278387
vt 0.225894 0.278387
vt 0.225894 0.144889
vt 0.501337 0.144889
vt 0.501337 0.278387
vt 0.225894 0.278387
vt 0.005869 0.088435
vt 0.005869 0.067333
vt 0.196231 0.067333
vt 0.196231 0.088435
vt 0.393110 0.067333
vt 0.393110 0.088435
vt 0.196231 0.088435
vt 0.196231 0.067333
vt 0.005869 0.030469
vt 0.196231 0.030469
vt 0.005869 0.067333
vt 0.005869 0.030469
vt 0.196231 0.030469
vt 0.196231 0.067333
vt 0.393110 0.088435
vt 0.393110 0.067333
vt 0.393110 0.030469
vt 0.393110 0.067333
vt 0.393110 0.030469
vt 0.005869 0.088435
vt 0.005869 0.067333
vt 0.005869 0.088435
vt 0.005869 0.067333
vt 0.196231 0.067333
vt 0.196231 0.088435
vt 0.393110 0.067333
vt 0.393110 0.088435
vt 0.196231 0.088435
vt 0.196231 0.067333
vt 0.005869 0.030469
vt 0.196231 0.030469
vt 0.005869 0.067333
vt 0.005869 0.030469
vt 0.196231 0.030469
vt 0.196231 0.067333
vt 0.393110 0.088435
vt 0.393110 0.067333
vt 0.393110 0.030469
vt 0.393110 0.067333
vt 0.393110 0.030469
vt 0.005869 0.088435
vt 0.005869 0.067333
vt 0.004426 0.144889
vt 0.004426 0.278387
vt 0.038765 0.278387
vt 0.038765 0.144889
vt 0.006708 0.981995
vt 0.001196 0.981995
vt 0.001301 0.930284
vt 0.003914 0.930306
vt 0.064858 0.754219
vt 0.060932 0.702713
vt 0.052639 0.702713
vt 0.052544 0.754576
vt 0.044119 0.702713
vt 0.040651 0.754244
vt 0.063101 0.775162
vt 0.077978 0.775446
vt 0.076609 0.771872
vt 0.063123 0.771464
vt 0.064895 0.761565
vt 0.052519 0.761565
vt 0.040121 0.761565
vt 0.080438 0.826562
vt 0.091332 0.826816
vt 0.091550 0.775458
vt 0.233014 0.698035
vt 0.248516 0.697363
vt 0.235537 0.681898
vt 0.062546 0.826865
vt 0.077604 0.767129
vt 0.091646 0.767129
vt 0.037328 0.754800
vt 0.036616 0.761565
vt 0.067808 0.754757
vt 0.068354 0.761565
vt 0.236622 0.713796
vt 0.230475 0.713889
vt 0.229367 0.682000
vt 0.217454 0.697565
vt 0.115533 0.754133
vt 0.111395 0.702713
vt 0.103450 0.702713
vt 0.102620 0.754592
vt 0.095532 0.702713
vt 0.092872 0.754216
vt 0.115187 0.761565
vt 0.102468 0.761565
vt 0.092010 0.761565
vt 0.133765 0.775654
vt 0.135524 0.826566
vt 0.147505 0.826843
vt 0.147423 0.775521
vt 0.213317 0.725792
vt 0.229591 0.726524
vt 0.216522 0.709649
vt 0.133742 0.767129
vt 0.147410 0.767129
vt 0.087731 0.754759
vt 0.086963 0.761565
vt 0.118223 0.754650
vt 0.118648 0.761565
vt 0.216473 0.741645
vt 0.210113 0.741635
vt 0.210162 0.709638
vt 0.197705 0.725003
vt 0.102714 0.775624
vt 0.100963 0.826567
vt 0.103970 0.772087
vt 0.132603 0.772117
vt 0.165809 0.753670
vt 0.162812 0.702713
vt 0.154426 0.702713
vt 0.153497 0.754233
vt 0.146035 0.702713
vt 0.142332 0.753910
vt 0.165679 0.761565
vt 0.153281 0.761565
vt 0.142083 0.761565
vt 0.189996 0.775659
vt 0.192920 0.826564
vt 0.203111 0.826849
vt 0.203236 0.775531
vt 0.233123 0.751790
vt 0.248516 0.752273
vt 0.236223 0.735622
vt 0.189136 0.767129
vt 0.203258 0.767129
vt 0.138527 0.754481
vt 0.137591 0.761565
vt 0.168740 0.754183
vt 0.168799 0.761565
vt 0.236182 0.767816
vt 0.230019 0.767695
vt 0.230073 0.735487
vt 0.217448 0.751393
vt 0.158432 0.775647
vt 0.156810 0.826565
vt 0.159855 0.772105
vt 0.188040 0.772121
vt 0.232174 0.827030
vt 0.232174 0.775707
vt 0.215677 0.775710
vt 0.212862 0.826605
vt 0.232174 0.772074
vt 0.217072 0.772160
vt 0.178999 0.702713
vt 0.179643 0.753384
vt 0.216146 0.767129
vt 0.159279 0.767129
vt 0.103376 0.767129
vt 0.064858 0.754219
vt 0.060932 0.702713
vt 0.052639 0.702713
vt 0.052544 0.754576
vt 0.044119 0.702713
vt 0.040651 0.754244
vt 0.063101 0.775162
vt 0.077978 0.775446
vt 0.076609 0.771872
vt 0.063123 0.771464
vt 0.027179 0.702713
vt 0.026759 0.754154
vt 0.064895 0.761565
vt 0.052519 0.761565
vt 0.040121 0.761565
vt 0.080438 0.826562
vt 0.091332 0.826816
vt 0.091550 0.775458
vt 0.233014 0.698035
vt 0.248516 0.697363
vt 0.235537 0.681898
vt 0.062546 0.826865
vt 0.077604 0.767129
vt 0.091646 0.767129
vt 0.037328 0.754800
vt 0.036616 0.761565
vt 0.067808 0.754757
vt 0.068354 0.761565
vt 0.236622 0.713796
vt 0.230475 0.713889
vt 0.229367 0.682000
vt 0.217454 0.697565
vt 0.115533 0.754133
vt 0.111395 0.702713
vt 0.103450 0.702713
vt 0.102620 0.754592
vt 0.095532 0.702713
vt 0.092872 0.754216
vt 0.115187 0.761565
vt 0.102468 0.761565
vt 0.092010 0.761565
vt 0.133765 0.775654
vt 0.135524 0.826566
vt 0.147505 0.826843
vt 0.147423 0.775521
vt 0.213317 0.725792
vt 0.229591 0.726524
vt 0.216522 0.709649
vt 0.133742 0.767129
vt 0.147410 0.767129
vt 0.087731 0.754759
vt 0.086963 0.761565
vt 0.118223 0.754650
vt 0.118648 0.761565
vt 0.216473 0.741645
vt 0.210113 0.741635
vt 0.210162 0.709638
vt 0.197705 0.725003
vt 0.102714 0.775624
vt 0.100963 0.826567
vt 0.103970 0.772087
vt 0.132603 0.772117
vt 0.165809 0.753670
vt 0.162812 0.702713
vt 0.154426 0.702713
vt 0.153497 0.754233
vt 0.146035 0.702713
vt 0.142332 0.753910
vt 0.165679 0.761565
vt 0.153281 0.761565
vt 0.142083 0.761565
vt 0.189996 0.775659
vt 0.192920 0.826564
vt 0.203111 0.826849
vt 0.203236 0.775531
vt 0.233123 0.751790
vt 0.248516 0.752273
vt 0.236223 0.735622
vt 0.189136 0.767129
vt 0.203258 0.767129
vt 0.138527 0.754481
vt 0.137591 0.761565
vt 0.168740 0.754183
vt 0.168799 0.761565
vt 0.236182 0.767816
vt 0.230019 0.767695
vt 0.230073 0.735487
vt 0.217448 0.751393
vt 0.158432 0.775647
vt 0.156810 0.826565
vt 0.159855 0.772105
vt 0.188040 0.772121
vt 0.232174 0.827030
vt 0.232174 0.775707
vt 0.215677 0.775710
vt 0.212862 0.826605
vt 0.232174 0.772074
vt 0.217072 0.772160
vt 0.216146 0.767129
vt 0.159279 0.767129
vt 0.103376 0.767129
vt 0.044119 0.702713
vt 0.027691 0.702432
vt 0.026759 0.754154
vt 0.040651 0.754244
vt 0.179127 0.702230
vt 0.162812 0.702713
vt 0.165809 0.753670
vt 0.179643 0.753384
vt 0.064858 0.754219
vt 0.060932 0.702713
vt 0.052639 0.702713
vt 0.052544 0.754576
vt 0.044119 0.702713
vt 0.040651 0.754244
vt 0.063101 0.775162
vt 0.077978 0.775446
vt 0.076609 0.771872
vt 0.063123 0.771464
vt 0.064895 0.761565
vt 0.052519 0.761565
vt 0.040121 0.761565
vt 0.080438 0.826562
vt 0.091332 0.826816
vt 0.091550 0.775458
vt 0.233014 0.698035
vt 0.248516 0.697363
vt 0.235537 0.681898
vt 0.062546 0.826865
vt 0.077604 0.767129
vt 0.091646 0.767129
vt 0.037328 0.754800
vt 0.036616 0.761565
vt 0.067808 0.754757
vt 0.068354 0.761565
vt 0.236622 0.713796
vt 0.230475 0.713889
vt 0.229367 0.682000
vt 0.217454 0.697565
vt 0.115533 0.754133
vt 0.111395 0.702713
vt 0.103450 0.702713
vt 0.102620 0.754592
vt 0.095532 0.702713
vt 0.092872 0.754216
vt 0.115187 0.761565
vt 0.102468 0.761565
vt 0.092010 0.761565
vt 0.133765 0.775654
vt 0.135524 0.826566
vt 0.147505 0.826843
vt 0.147423 0.775521
vt 0.213317 0.725792
vt 0.229591 0.726524
vt 0.216522 0.709649
vt 0.133742 0.767129
vt 0.147410 0.767129
vt 0.087731 0.754759
vt 0.086963 0.761565
vt 0.118223 0.754650
vt 0.118648 0.761565
vt 0.216473 0.741645
vt 0.210113 0.741635
vt 0.210162 0.709638
vt 0.197705 0.725003
vt 0.102714 0.775624
vt 0.100963 0.826567
vt 0.103970 0.772087
vt 0.132603 0.772117
vt 0.165809 0.753670
vt 0.162812 0.702713
vt 0.154426 0.702713
vt 0.153497 0.754233
vt 0.146035 0.702713
vt 0.142332 0.753910
vt 0.165679 0.761565
vt 0.153281 0.761565
vt 0.142083 0.761565
vt 0.189996 0.775659
vt 0.192920 0.826564
vt 0.203111 0.826849
vt 0.203236 0.775531
vt 0.233123 0.751790
vt 0.248516 0.752273
vt 0.236223 0.735622
vt 0.189136 0.767129
vt 0.203258 0.767129
vt 0.138527 0.754481
vt 0.137591 0.761565
vt 0.168740 0.754183
vt 0.168799 0.761565
vt 0.236182 0.767816
vt 0.230019 0.767695
vt 0.230073 0.735487
vt 0.217448 0.751393
vt 0.158432 0.775647
vt 0.156810 0.826565
vt 0.159855 0.772105
vt 0.188040 0.772121
vt 0.232174 0.827030
vt 0.232174 0.775707
vt 0.215677 0.775710
vt 0.212862 0.826605
vt 0.232174 0.772074
vt 0.217072 0.772160
vt 0.178999 0.702713
vt 0.179643 0.753384
vt 0.216146 0.767129
vt 0.159279 0.767129
vt 0.103376 0.767129
vt 0.006708 0.981995
vt 0.003914 0.930306
vt 0.001301 0.930284
vt 0.001196 0.981995
vt 0.064858 0.754219
vt 0.060932 0.702713
vt 0.052639 0.702713
vt 0.052544 0.754576
vt 0.044119 0.702713
vt 0.040651 0.754244
vt 0.063101 0.775162
vt 0.077978 0.775446
vt 0.076609 0.771872
vt 0.063123 0.771464
vt 0.027179 0.702713
vt 0.026759 0.754154
vt 0.064895 0.761565
vt 0.052519 0.761565
vt 0.040121 0.761565
vt 0.080438 0.826562
vt 0.091332 0.826816
vt 0.091550 0.775458
vt 0.233014 0.698035
vt 0.248516 0.697363
vt 0.235537 0.681898
vt 0.062546 0.826865
vt 0.077604 0.767129
vt 0.091646 0.767129
vt 0.037328 0.754800
vt 0.036616 0.761565
vt 0.067808 0.754757
vt 0.068354 0.761565
vt 0.236622 0.713796
vt 0.230475 0.713889
vt 0.229367 0.682000
vt 0.217454 0.697565
vt 0.115533 0.754133
vt 0.111395 0.702713
vt 0.103450 0.702713
vt 0.102620 0.754592
vt 0.095532 0.702713
vt 0.092872 0.754216
vt 0.115187 0.761565
vt 0.102468 0.761565
vt 0.092010 0.761565
vt 0.133765 0.775654
vt 0.135524 0.826566
vt 0.147505 0.826843
vt 0.147423 0.775521
vt 0.213317 0.725792
vt 0.229591 0.726524
vt 0.216522 0.709649
vt 0.133742 0.767129
vt 0.147410 0.767129
vt 0.087731 0.754759
vt 0.086963 0.761565
vt 0.118223 0.754650
vt 0.118648 0.761565
vt 0.216473 0.741645
vt 0.210113 0.741635
vt 0.210162 0.709638
vt 0.197705 0.725003
vt 0.102714 0.775624
vt 0.100963 0.826567
vt 0.103970 0.772087
vt 0.132603 0.772117
vt 0.165809 0.753670
vt 0.162812 0.702713
vt 0.154426 0.702713
vt 0.153497 0.754233
vt 0.146035 0.702713
vt 0.142332 0.753910
vt 0.165679 0.761565
vt 0.153281 0.761565
vt 0.142083 0.761565
vt 0.189996 0.775659
vt 0.192920 0.826564
vt 0.203111 0.826849
vt 0.203236 0.775531
vt 0.233123 0.751790
vt 0.248516 0.752273
vt 0.236223 0.735622
vt 0.189136 0.767129
vt 0.203258 0.767129
vt 0.138527 0.754481
vt 0.137591 0.761565
vt 0.168740 0.754183
vt 0.168799 0.761565
vt 0.236182 0.767816
vt 0.230019 0.767695
vt 0.230073 0.735487
vt 0.217448 0.751393
vt 0.158432 0.775647
vt 0.156810 0.826565
vt 0.159855 0.772105
vt 0.188040 0.772121
vt 0.232174 0.827030
vt 0.232174 0.775707
vt 0.215677 0.775710
vt 0.212862 0.826605
vt 0.232174 0.772074
vt 0.217072 0.772160
vt 0.216146 0.767129
vt 0.159279 0.767129
vt 0.103376 0.767129
vt 0.044119 0.702713
vt 0.027691 0.702432
vt 0.026759 0.754154
vt 0.040651 0.754244
vt 0.179127 0.702230
vt 0.162812 0.702713
vt 0.165809 0.753670
vt 0.179643 0.753384
vt 0.064858 0.754219
vt 0.060932 0.702713
vt 0.052639 0.702713
vt 0.052544 0.754576
vt 0.044119 0.702713
vt 0.040651 0.754244
vt 0.063101 0.775162
vt 0.077978 0.775446
vt 0.076609 0.771872
vt 0.063123 0.771464
vt 0.064895 0.761565
vt 0.052519 0.761565
vt 0.040121 0.761565
vt 0.080438 0.826562
vt 0.091332 0.826816
vt 0.091550 0.775458
vt 0.233014 0.698035
vt 0.248516 0.697363
vt 0.235537 0.681898
vt 0.062546 0.826865
vt 0.077604 0.767129
vt 0.091646 0.767129
vt 0.037328 0.754800
vt 0.036616 0.761565
vt 0.067808 0.754757
vt 0.068354 0.761565
vt 0.236622 0.713796
vt 0.230475 0.713889
vt 0.229367 0.682000
vt 0.217454 0.697565
vt 0.115533 0.754133
vt 0.111395 0.702713
vt 0.103450 0.702713
vt 0.102620 0.754592
vt 0.095532 0.702713
vt 0.092872 0.754216
vt 0.115187 0.761565
vt 0.102468 0.761565
vt 0.092010 0.761565
vt 0.133765 0.775654
vt 0.135524 0.826566
vt 0.147505 0.826843
vt 0.147423 0.775521
vt 0.213317 0.725792
vt 0.229591 0.726524
vt 0.216522 0.709649
vt 0.133742 0.767129
vt 0.147410 0.767129
vt 0.087731 0.754759
vt 0.086963 0.761565
vt 0.118223 0.754650
vt 0.118648 0.761565
vt 0.216473 0.741645
vt 0.210113 0.741635
vt 0.210162 0.709638
vt 0.197705 0.725003
vt 0.102714 0.775624
vt 0.100963 0.826567
vt 0.103970 0.772087
vt 0.132603 0.772117
vt 0.165809 0.753670
vt 0.162812 0.702713
vt 0.154426 0.702713
vt 0.153497 0.754233
vt 0.146035 0.702713
vt 0.142332 0.753910
vt 0.165679 0.761565
vt 0.153281 0.761565
vt 0.142083 0.761565
vt 0.189996 0.775659
vt 0.192920 0.826564
vt 0.203111 0.826849
vt 0.203236 0.775531
vt 0.233123 0.751790
vt 0.248516 0.752273
vt 0.236223 0.735622
vt 0.189136 0.767129
vt 0.203258 0.767129
vt 0.138527 0.754481
vt 0.137591 0.761565
vt 0.168740 0.754183
vt 0.168799 0.761565
vt 0.236182 0.767816
vt 0.230019 0.767695
vt 0.230073 0.735487
vt 0.217448 0.751393
vt 0.158432 0.775647
vt 0.156810 0.826565
vt 0.159855 0.772105
vt 0.188040 0.772121
vt 0.232174 0.827030
vt 0.232174 0.775707
vt 0.215677 0.775710
vt 0.212862 0.826605
vt 0.232174 0.772074
vt 0.217072 0.772160
vt 0.178999 0.702713
vt 0.179643 0.753384
vt 0.216146 0.767129
vt 0.159279 0.767129
vt 0.103376 0.767129
vt 0.064858 0.754219
vt 0.060932 0.702713
vt 0.052639 0.702713
vt 0.052544 0.754576
vt 0.044119 0.702713
vt 0.040651 0.754244
vt 0.063101 0.775162
vt 0.077978 0.775446
vt 0.076609 0.771872
vt 0.063123 0.771464
vt 0.027179 0.702713
vt 0.026759 0.754154
vt 0.064895 0.761565
vt 0.052519 0.761565
vt 0.040121 0.761565
vt 0.080438 0.826562
vt 0.091332 0.826816
vt 0.091550 0.775458
vt 0.233014 0.698035
vt 0.248516 0.697363
vt 0.235537 0.681898
vt 0.062546 0.826865
vt 0.077604 0.767129
vt 0.091646 0.767129
vt 0.037328 0.754800
vt 0.036616 0.761565
vt 0.067808 0.754757
vt 0.068354 0.761565
vt 0.236622 0.713796
vt 0.230475 0.713889
vt 0.229367 0.682000
vt 0.217454 0.697565
vt 0.115533 0.754133
vt 0.111395 0.702713
vt 0.103450 0.702713
vt 0.102620 0.754592
vt 0.095532 0.702713
vt 0.092872 0.754216
vt 0.115187 0.761565
vt 0.102468 0.761565
vt 0.092010 0.761565
vt 0.133765 0.775654
vt 0.135524 0.826566
vt 0.147505 0.826843
vt 0.147423 0.775521
vt 0.213317 0.725792
vt 0.229591 0.726524
vt 0.216522 0.709649
vt 0.133742 0.767129
vt 0.147410 0.767129
vt 0.087731 0.754759
vt 0.086963 0.761565
vt 0.118223 0.754650
vt 0.118648 0.761565
vt 0.216473 0.741645
vt 0.210113 0.741635
vt 0.210162 0.709638
vt 0.197705 0.725003
vt 0.102714 0.775624
vt 0.100963 0.826567
vt 0.103970 0.772087
vt 0.132603 0.772117
vt 0.165809 0.753670
vt 0.162812 0.702713
vt 0.154426 0.702713
vt 0.153497 0.754233
vt 0.146035 0.702713
vt 0.142332 0.753910
vt 0.165679 0.761565
vt 0.153281 0.761565
vt 0.142083 0.761565
vt 0.189996 0.775659
vt 0.192920 0.826564
vt 0.203111 0.826849
vt 0.203236 0.775531
vt 0.233123 0.751790
vt 0.248516 0.752273
vt 0.236223 0.735622
vt 0.189136 0.767129
vt 0.203258 0.767129
vt 0.138527 0.754481
vt 0.137591 0.761565
vt 0.168740 0.754183
vt 0.168799 0.761565
vt 0.236182 0.767816
vt 0.230019 0.767695
vt 0.230073 0.735487
vt 0.217448 0.751393
vt 0.158432 0.775647
vt 0.156810 0.826565
vt 0.159855 0.772105
vt 0.188040 0.772121
vt 0.232174 0.827030
vt 0.232174 0.775707
vt 0.215677 0.775710
vt 0.212862 0.826605
vt 0.232174 0.772074
vt 0.217072 0.772160
vt 0.216146 0.767129
vt 0.159279 0.767129
vt 0.103376 0.767129
vt 0.044119 0.702713
vt 0.027691 0.702432
vt 0.026759 0.754154
vt 0.040651 0.754244
vt 0.179127 0.702230
vt 0.162812 0.702713
vt 0.165809 0.753670
vt 0.179643 0.753384
vt 0.064858 0.754219
vt 0.060932 0.702713
vt 0.052639 0.702713
vt 0.052544 0.754576
vt 0.044119 0.702713
vt 0.040651 0.754244
vt 0.063101 0.775162
vt 0.077978 0.775446
vt 0.076609 0.771872
vt 0.063123 0.771464
vt 0.064895 0.761565
vt 0.052519 0.761565
vt 0.040121 0.761565
vt 0.080438 0.826562
vt 0.091332 0.826816
vt 0.091550 0.775458
vt 0.233014 0.698035
vt 0.248516 0.697363
vt 0.235537 0.681898
vt 0.062546 0.826865
vt 0.077604 0.767129
vt 0.091646 0.767129
vt 0.037328 0.754800
vt 0.036616 0.761565
vt 0.067808 0.754757
vt 0.068354 0.761565
vt 0.236622 0.713796
vt 0.230475 0.713889
vt 0.229367 0.682000
vt 0.217454 0.697565
vt 0.115533 0.754133
vt 0.111395 0.702713
vt 0.103450 0.702713
vt 0.102620 0.754592
vt 0.095532 0.702713
vt 0.092872 0.754216
vt 0.115187 0.761565
vt 0.102468 0.761565
vt 0.092010 0.761565
vt 0.133765 0.775654
vt 0.135524 0.826566
vt 0.147505 0.826843
vt 0.147423 0.775521
vt 0.213317 0.725792
vt 0.229591 0.726524
vt 0.216522 0.709649
vt 0.133742 0.767129
vt 0.147410 0.767129
vt 0.087731 0.754759
vt 0.086963 0.761565
vt 0.118223 0.754650
vt 0.118648 0.761565
vt 0.216473 0.741645
vt 0.210113 0.741635
vt 0.210162 0.709638
vt 0.197705 0.725003
vt 0.102714 0.775624
vt 0.100963 0.826567
vt 0.103970 0.772087
vt 0.132603 0.772117
vt 0.165809 0.753670
vt 0.162812 0.702713
vt 0.154426 0.702713
vt 0.153497 0.754233
vt 0.146035 0.702713
vt 0.142332 0.753910
vt 0.165679 0.761565
vt 0.153281 0.761565
vt 0.142083 0.761565
vt 0.189996 0.775659
vt 0.192920 0.826564
vt 0.203111 0.826849
vt 0.203236 0.775531
vt 0.233123 0.751790
vt 0.248516 0.752273
vt 0.236223 0.735622
vt 0.189136 0.767129
vt 0.203258 0.767129
vt 0.138527 0.754481
vt 0.137591 0.761565
vt 0.168740 0.754183
vt 0.168799 0.761565
vt 0.236182 0.767816
vt 0.230019 0.767695
vt 0.230073 0.735487
vt 0.217448 0.751393
vt 0.158432 0.775647
vt 0.156810 0.826565
vt 0.159855 0.772105
vt 0.188040 0.772121
vt 0.232174 0.827030
vt 0.232174 0.775707
vt 0.215677 0.775710
vt 0.212862 0.826605
vt 0.232174 0.772074
vt 0.217072 0.772160
vt 0.178999 0.702713
vt 0.179643 0.753384
vt 0.216146 0.767129
vt 0.159279 0.767129
vt 0.103376 0.767129
vt 0.064858 0.754219
vt 0.060932 0.702713
vt 0.052639 0.702713
vt 0.052544 0.754576
vt 0.044119 0.702713
vt 0.040651 0.754244
vt 0.063101 0.775162
vt 0.077978 0.775446
vt 0.076609 0.771872
vt 0.063123 0.771464
vt 0.027179 0.702713
vt 0.026759 0.754154
vt 0.064895 0.761565
vt 0.052519 0.761565
vt 0.040121 0.761565
vt 0.080438 0.826562
vt 0.091332 0.826816
vt 0.091550 0.775458
vt 0.233014 0.698035
vt 0.248516 0.697363
vt 0.235537 0.681898
vt 0.062546 0.826865
vt 0.077604 0.767129
vt 0.091646 0.767129
vt 0.037328 0.754800
vt 0.036616 0.761565
vt 0.067808 0.754757
vt 0.068354 0.761565
vt 0.236622 0.713796
vt 0.230475 0.713889
vt 0.229367 0.682000
vt 0.217454 0.697565
vt 0.115533 0.754133
vt 0.111395 0.702713
vt 0.103450 0.702713
vt 0.102620 0.754592
vt 0.095532 0.702713
vt 0.092872 0.754216
vt 0.115187 0.761565
vt 0.102468 0.761565
vt 0.092010 0.761565
vt 0.133765 0.775654
vt 0.135524 0.826566
vt 0.147505 0.826843
vt 0.147423 0.775521
vt 0.213317 0.725792
vt 0.229591 0.726524
vt 0.216522 0.709649
vt 0.133742 0.767129
vt 0.147410 0.767129
vt 0.087731 0.754759
vt 0.086963 0.761565
vt 0.118223 0.754650
vt 0.118648 0.761565
vt 0.216473 0.741645
vt 0.210113 0.741635
vt 0.210162 0.709638
vt 0.197705 0.725003
vt 0.102714 0.775624
vt 0.100963 0.826567
vt 0.103970 0.772087
vt 0.132603 0.772117
vt 0.165809 0.753670
vt 0.162812 0.702713
vt 0.154426 0.702713
vt 0.153497 0.754233
vt 0.146035 0.702713
vt 0.142332 0.753910
vt 0.165679 0.761565
vt 0.153281 0.761565
vt 0.142083 0.761565
vt 0.189996 0.775659
vt 0.192920 0.826564
vt 0.203111 0.826849
vt 0.203236 0.775531
vt 0.233123 0.751790
vt 0.248516 0.752273
vt 0.236223 0.735622
vt 0.189136 0.767129
vt 0.203258 0.767129
vt 0.138527 0.754481
vt 0.137591 0.761565
vt 0.168740 0.754183
vt 0.168799 0.761565
vt 0.236182 0.767816
vt 0.230019 0.767695
vt 0.230073 0.735487
vt 0.217448 0.751393
vt 0.158432 0.775647
vt 0.156810 0.826565
vt 0.159855 0.772105
vt 0.188040 0.772121
vt 0.232174 0.827030
vt 0.232174 0.775707
vt 0.215677 0.775710
vt 0.212862 0.826605
vt 0.232174 0.772074
vt 0.217072 0.772160
vt 0.216146 0.767129
vt 0.159279 0.767129
vt 0.103376 0.767129
vt 0.044119 0.702713
vt 0.027691 0.702432
vt 0.026759 0.754154
vt 0.040651 0.754244
vt 0.179127 0.702230
vt 0.162812 0.702713
vt 0.165809 0.753670
vt 0.179643 0.753384
vt 0.064858 0.754219
vt 0.060932 0.702713
vt 0.052639 0.702713
vt 0.052544 0.754576
vt 0.044119 0.702713
vt 0.040651 0.754244
vt 0.063101 0.775162
vt 0.077978 0.775446
vt 0.076609 0.771872
vt 0.063123 0.771464
vt 0.064895 0.761565
vt 0.052519 0.761565
vt 0.040121 0.761565
vt 0.080438 0.826562
vt 0.091332 0.826816
vt 0.091550 0.775458
vt 0.233014 0.698035
vt 0.248516 0.697363
vt 0.235537 0.681898
vt 0.062546 0.826865
vt 0.077604 0.767129
vt 0.091646 0.767129
vt 0.037328 0.754800
vt 0.036616 0.761565
vt 0.067808 0.754757
vt 0.068354 0.761565
vt 0.236622 0.713796
vt 0.230475 0.713889
vt 0.229367 0.682000
vt 0.217454 0.697565
vt 0.115533 0.754133
vt 0.111395 0.702713
vt 0.103450 0.702713
vt 0.102620 0.754592
vt 0.095532 0.702713
vt 0.092872 0.754216
vt 0.115187 0.761565
vt 0.102468 0.761565
vt 0.092010 0.761565
vt 0.133765 0.775654
vt 0.135524 0.826566
vt 0.147505 0.826843
vt 0.147423 0.775521
vt 0.213317 0.725792
vt 0.229591 0.726524
vt 0.216522 0.709649
vt 0.133742 0.767129
vt 0.147410 0.767129
vt 0.087731 0.754759
vt 0.086963 0.761565
vt 0.118223 0.754650
vt 0.118648 0.761565
vt 0.216473 0.741645
vt 0.210113 0.741635
vt 0.210162 0.709638
vt 0.197705 0.725003
vt 0.102714 0.775624
vt 0.100963 0.826567
vt 0.103970 0.772087
vt 0.132603 0.772117
vt 0.165809 0.753670
vt 0.162812 0.702713
vt 0.154426 0.702713
vt 0.153497 0.754233
vt 0.146035 0.702713
vt 0.142332 0.753910
vt 0.165679 0.761565
vt 0.153281 0.761565
vt 0.142083 0.761565
vt 0.189996 0.775659
vt 0.192920 0.826564
vt 0.203111 0.826849
vt 0.203236 0.775531
vt 0.233123 0.751790
vt 0.248516 0.752273
vt 0.236223 0.735622
vt 0.189136 0.767129
vt 0.203258 0.767129
vt 0.138527 0.754481
vt 0.137591 0.761565
vt 0.168740 0.754183
vt 0.168799 0.761565
vt 0.236182 0.767816
vt 0.230019 0.767695
vt 0.230073 0.735487
vt 0.217448 0.751393
vt 0.158432 0.775647
vt 0.156810 0.826565
vt 0.159855 0.772105
vt 0.188040 0.772121
vt 0.232174 0.827030
vt 0.232174 0.775707
vt 0.215677 0.775710
vt 0.212862 0.826605
vt 0.232174 0.772074
vt 0.217072 0.772160
vt 0.178999 0.702713
vt 0.179643 0.753384
vt 0.216146 0.767129
vt 0.159279 0.767129
vt 0.103376 0.767129
vt 0.064858 0.754219
vt 0.060932 0.702713
vt 0.052639 0.702713
vt 0.052544 0.754576
vt 0.044119 0.702713
vt 0.040651 0.754244
vt 0.063101 0.775162
vt 0.077978 0.775446
vt 0.076609 0.771872
vt 0.063123 0.771464
vt 0.027179 0.702713
vt 0.026759 0.754154
vt 0.064895 0.761565
vt 0.052519 0.761565
vt 0.040121 0.761565
vt 0.080438 0.826562
vt 0.091332 0.826816
vt 0.091550 0.775458
vt 0.233014 0.698035
vt 0.248516 0.697363
vt 0.235537 0.681898
vt 0.062546 0.826865
vt 0.077604 0.767129
vt 0.091646 0.767129
vt 0.037328 0.754800
vt 0.036616 0.761565
vt 0.067808 0.754757
vt 0.068354 0.761565
vt 0.236622 0.713796
vt 0.230475 0.713889
vt 0.229367 0.682000
vt 0.217454 0.697565
vt 0.115533 0.754133
vt 0.111395 0.702713
vt 0.103450 0.702713
vt 0.102620 0.754592
vt 0.095532 0.702713
vt 0.092872 0.754216
vt 0.115187 0.761565
vt 0.102468 0.761565
vt 0.092010 0.761565
vt 0.133765 0.775654
vt 0.135524 0.826566
vt 0.147505 0.826843
vt 0.147423 0.775521
vt 0.213317 0.725792
vt 0.229591 0.726524
vt 0.216522 0.709649
vt 0.133742 0.767129
vt 0.147410 0.767129
vt 0.087731 0.754759
vt 0.086963 0.761565
vt 0.118223 0.754650
vt 0.118648 0.761565
vt 0.216473 0.741645
vt 0.210113 0.741635
vt 0.210162 0.709638
vt 0.197705 0.725003
vt 0.102714 0.775624
vt 0.100963 0.826567
vt 0.103970 0.772087
vt 0.132603 0.772117
vt 0.158432 0.775647
vt 0.156810 0.826565
vt 0.192920 0.826564
vt 0.189996 0.775659
vt 0.159855 0.772105
vt 0.188040 0.772121
vt 0.146035 0.702713
vt 0.142332 0.753910
vt 0.159279 0.767129
vt 0.103376 0.767129
vt 0.044119 0.702713
vt 0.027691 0.702432
vt 0.026759 0.754154
vt 0.040651 0.754244
vt 0.115533 0.754133
vt 0.111395 0.702713
vt 0.103450 0.702713
vt 0.102620 0.754592
vt 0.095532 0.702713
vt 0.092872 0.754216
vt 0.115187 0.761565
vt 0.102468 0.761565
vt 0.092010 0.761565
vt 0.133765 0.775654
vt 0.135524 0.826566
vt 0.147505 0.826843
vt 0.147423 0.775521
vt 0.213317 0.725792
vt 0.229591 0.726524
vt 0.216522 0.709649
vt 0.133742 0.767129
vt 0.147410 0.767129
vt 0.087731 0.754759
vt 0.086963 0.761565
vt 0.118223 0.754650
vt 0.118648 0.761565
vt 0.216473 0.741645
vt 0.210113 0.741635
vt 0.210162 0.709638
vt 0.197705 0.725003
vt 0.102714 0.775624
vt 0.100963 0.826567
vt 0.103970 0.772087
vt 0.132603 0.772117
vt 0.060932 0.702713
vt 0.064858 0.754219
vt 0.165809 0.753670
vt 0.162812 0.702713
vt 0.154426 0.702713
vt 0.153497 0.754233
vt 0.146035 0.702713
vt 0.142332 0.753910
vt 0.165679 0.761565
vt 0.153281 0.761565
vt 0.142083 0.761565
vt 0.189996 0.775659
vt 0.192920 0.826564
vt 0.203111 0.826849
vt 0.203236 0.775531
vt 0.233123 0.751790
vt 0.248516 0.752273
vt 0.236223 0.735622
vt 0.189136 0.767129
vt 0.203258 0.767129
vt 0.138527 0.754481
vt 0.137591 0.761565
vt 0.168740 0.754183
vt 0.168799 0.761565
vt 0.236182 0.767816
vt 0.230019 0.767695
vt 0.230073 0.735487
vt 0.217448 0.751393
vt 0.158432 0.775647
vt 0.156810 0.826565
vt 0.159855 0.772105
vt 0.188040 0.772121
vt 0.232174 0.827030
vt 0.232174 0.775707
vt 0.215677 0.775710
vt 0.212862 0.826605
vt 0.232174 0.772074
vt 0.217072 0.772160
vt 0.178999 0.702713
vt 0.179643 0.753384
vt 0.216146 0.767129
vt 0.159279 0.767129
vt 0.064858 0.754219
vt 0.060932 0.702713
vt 0.052639 0.702713
vt 0.052544 0.754576
vt 0.044119 0.702713
vt 0.040651 0.754244
vt 0.063101 0.775162
vt 0.077978 0.775446
vt 0.076609 0.771872
vt 0.063123 0.771464
vt 0.027179 0.702713
vt 0.026759 0.754154
vt 0.064895 0.761565
vt 0.052519 0.761565
vt 0.040121 0.761565
vt 0.080438 0.826562
vt 0.091332 0.826816
vt 0.091550 0.775458
vt 0.233014 0.698035
vt 0.248516 0.697363
vt 0.235537 0.681898
vt 0.062546 0.826865
vt 0.077604 0.767129
vt 0.091646 0.767129
vt 0.037328 0.754800
vt 0.036616 0.761565
vt 0.067808 0.754757
vt 0.068354 0.761565
vt 0.236622 0.713796
vt 0.230475 0.713889
vt 0.229367 0.682000
vt 0.217454 0.697565
vt 0.115533 0.754133
vt 0.111395 0.702713
vt 0.103450 0.702713
vt 0.102620 0.754592
vt 0.095532 0.702713
vt 0.092872 0.754216
vt 0.115187 0.761565
vt 0.102468 0.761565
vt 0.092010 0.761565
vt 0.133765 0.775654
vt 0.135524 0.826566
vt 0.147505 0.826843
vt 0.147423 0.775521
vt 0.213317 0.725792
vt 0.229591 0.726524
vt 0.216522 0.709649
vt 0.133742 0.767129
vt 0.147410 0.767129
vt 0.087731 0.754759
vt 0.086963 0.761565
vt 0.118223 0.754650
vt 0.118648 0.761565
vt 0.216473 0.741645
vt 0.210113 0.741635
vt 0.210162 0.709638
vt 0.197705 0.725003
vt 0.102714 0.775624
vt 0.100963 0.826567
vt 0.103970 0.772087
vt 0.132603 0.772117
vt 0.165809 0.753670
vt 0.162812 0.702713
vt 0.154426 0.702713
vt 0.153497 0.754233
vt 0.146035 0.702713
vt 0.142332 0.753910
vt 0.165679 0.761565
vt 0.153281 0.761565
vt 0.142083 0.761565
vt 0.189996 0.775659
vt 0.192920 0.826564
vt 0.203111 0.826849
vt 0.203236 0.775531
vt 0.233123 0.751790
vt 0.248516 0.752273
vt 0.236223 0.735622
vt 0.189136 0.767129
vt 0.203258 0.767129
vt 0.138527 0.754481
vt 0.137591 0.761565
vt 0.168740 0.754183
vt 0.168799 0.761565
vt 0.236182 0.767816
vt 0.230019 0.767695
vt 0.230073 0.735487
vt 0.217448 0.751393
vt 0.158432 0.775647
vt 0.156810 0.826565
vt 0.159855 0.772105
vt 0.188040 0.772121
vt 0.232174 0.827030
vt 0.232174 0.775707
vt 0.215677 0.775710
vt 0.212862 0.826605
vt 0.232174 0.772074
vt 0.217072 0.772160
vt 0.216146 0.767129
vt 0.159279 0.767129
vt 0.103376 0.767129
vt 0.179127 0.702230
vt 0.162812 0.702713
vt 0.165809 0.753670
vt 0.179643 0.753384
vt 0.149373 0.642275
vt 0.152269 0.642281
vt 0.152269 0.629709
vt 0.149373 0.629694
vt 0.149373 0.654623
vt 0.152269 0.654649
vt 0.149373 0.668518
vt 0.152269 0.668530
vt 0.149373 0.681227
vt 0.152269 0.681127
vt 0.149373 0.697066
vt 0.152269 0.697675
vt 0.149373 0.615590
vt 0.152269 0.616198
vt 0.078722 0.642329
vt 0.081584 0.642317
vt 0.081584 0.629743
vt 0.078722 0.629795
vt 0.078722 0.616315
vt 0.081584 0.615650
vt 0.078722 0.681068
vt 0.078722 0.697791
vt 0.081584 0.697126
vt 0.081584 0.681179
vt 0.081584 0.668508
vt 0.078722 0.668484
vt 0.078722 0.654646
vt 0.081584 0.654650
vt 0.149373 0.642275
vt 0.152269 0.642281
vt 0.152269 0.629709
vt 0.149373 0.629694
vt 0.149373 0.654623
vt 0.152269 0.654649
vt 0.149373 0.668518
vt 0.152269 0.668530
vt 0.149373 0.681227
vt 0.152269 0.681127
vt 0.149373 0.697066
vt 0.152269 0.697675
vt 0.149373 0.615590
vt 0.152269 0.616198
vt 0.006071 0.642380
vt 0.075720 0.642333
vt 0.075720 0.629784
vt 0.006071 0.629839
vt 0.006071 0.615661
vt 0.075720 0.615752
vt 0.006071 0.681063
vt 0.006071 0.697137
vt 0.075720 0.697228
vt 0.075720 0.681117
vt 0.075720 0.668479
vt 0.006071 0.668370
vt 0.006071 0.654603
vt 0.075720 0.654646
vt 0.078722 0.642329
vt 0.081584 0.642317
vt 0.081584 0.629743
vt 0.078722 0.629795
vt 0.078722 0.616315
vt 0.081584 0.615650
vt 0.078722 0.681068
vt 0.078722 0.697791
vt 0.081584 0.697126
vt 0.081584 0.681179
vt 0.081584 0.668508
vt 0.078722 0.668484
vt 0.078722 0.654646
vt 0.081584 0.654650
vt 0.003313 0.642427
vt 0.003313 0.629963
vt 0.003313 0.616377
vt 0.003313 0.697854
vt 0.003313 0.680864
vt 0.003313 0.668285
vt 0.003313 0.654586
vt 0.006071 0.642380
vt 0.075720 0.642333
vt 0.075720 0.629784
vt 0.006071 0.629839
vt 0.006071 0.615661
vt 0.075720 0.615752
vt 0.006071 0.681063
vt 0.006071 0.697137
vt 0.075720 0.697228
vt 0.075720 0.681117
vt 0.075720 0.668479
vt 0.006071 0.668370
vt 0.006071 0.654603
vt 0.075720 0.654646
vt 0.078722 0.642329
vt 0.078722 0.629795
vt 0.078722 0.616315
vt 0.078722 0.697791
vt 0.078722 0.681068
vt 0.078722 0.668484
vt 0.078722 0.654646
vt 0.003313 0.642427
vt 0.003313 0.629963
vt 0.003313 0.616377
vt 0.003313 0.697854
vt 0.003313 0.680864
vt 0.003313 0.668285
vt 0.003313 0.654586
vt 0.154978 0.644031
vt 0.152053 0.644029
vt 0.152053 0.656953
vt 0.154978 0.656980
vt 0.154978 0.631193
vt 0.152053 0.631234
vt 0.154978 0.617518
vt 0.152053 0.618083
vt 0.152053 0.682559
vt 0.152053 0.699559
vt 0.154978 0.698994
vt 0.154978 0.682603
vt 0.154978 0.670184
vt 0.152053 0.670159
vt 0.223791 0.633613
vt 0.223791 0.652983
vt 0.207475 0.643134
vt 0.240025 0.643315
vt 0.194533 0.644035
vt 0.194509 0.656947
vt 0.194610 0.670175
vt 0.194740 0.682733
vt 0.194769 0.698849
vt 0.194769 0.617373
vt 0.194669 0.631153
vt 0.223791 0.616101
vt 0.207785 0.625267
vt 0.239679 0.625006
vt 0.149373 0.642275
vt 0.152269 0.642281
vt 0.152269 0.629709
vt 0.149373 0.629694
vt 0.149373 0.654623
vt 0.152269 0.654649
vt 0.149373 0.668518
vt 0.152269 0.668530
vt 0.149373 0.681227
vt 0.152269 0.681127
vt 0.149373 0.697066
vt 0.152269 0.697675
vt 0.149373 0.615590
vt 0.152269 0.616198
vt 0.006071 0.642380
vt 0.075720 0.642333
vt 0.075720 0.629784
vt 0.006071 0.629839
vt 0.006071 0.615661
vt 0.075720 0.615752
vt 0.006071 0.681063
vt 0.006071 0.697137
vt 0.075720 0.697228
vt 0.075720 0.681117
vt 0.075720 0.668479
vt 0.006071 0.668370
vt 0.006071 0.654603
vt 0.075720 0.654646
vt 0.078722 0.642329
vt 0.081584 0.642317
vt 0.081584 0.629743
vt 0.078722 0.629795
vt 0.078722 0.616315
vt 0.081584 0.615650
vt 0.078722 0.681068
vt 0.078722 0.697791
vt 0.081584 0.697126
vt 0.081584 0.681179
vt 0.081584 0.668508
vt 0.078722 0.668484
vt 0.078722 0.654646
vt 0.081584 0.654650
vt 0.149373 0.642275
vt 0.152269 0.642281
vt 0.152269 0.629709
vt 0.149373 0.629694
vt 0.149373 0.654623
vt 0.152269 0.654649
vt 0.149373 0.668518
vt 0.152269 0.668530
vt 0.149373 0.681227
vt 0.152269 0.681127
vt 0.149373 0.697066
vt 0.152269 0.697675
vt 0.149373 0.615590
vt 0.152269 0.616198
vt 0.006071 0.642380
vt 0.075720 0.642333
vt 0.075720 0.629784
vt 0.006071 0.629839
vt 0.006071 0.615661
vt 0.075720 0.615752
vt 0.006071 0.681063
vt 0.006071 0.697137
vt 0.075720 0.697228
vt 0.075720 0.681117
vt 0.075720 0.668479
vt 0.006071 0.668370
vt 0.006071 0.654603
vt 0.075720 0.654646
vt 0.078722 0.642329
vt 0.081584 0.642317
vt 0.081584 0.629743
vt 0.078722 0.629795
vt 0.078722 0.616315
vt 0.081584 0.615650
vt 0.078722 0.681068
vt 0.078722 0.697791
vt 0.081584 0.697126
vt 0.081584 0.681179
vt 0.081584 0.668508
vt 0.078722 0.668484
vt 0.078722 0.654646
vt 0.081584 0.654650
vt 0.003313 0.642427
vt 0.003313 0.629963
vt 0.003313 0.616377
vt 0.003313 0.697854
vt 0.003313 0.680864
vt 0.003313 0.668285
vt 0.003313 0.654586
vt 0.149373 0.642275
vt 0.152269 0.642281
vt 0.152269 0.629709
vt 0.149373 0.629694
vt 0.149373 0.654623
vt 0.152269 0.654649
vt 0.149373 0.668518
vt 0.152269 0.668530
vt 0.149373 0.681227
vt 0.152269 0.681127
vt 0.149373 0.697066
vt 0.152269 0.697675
vt 0.149373 0.615590
vt 0.152269 0.616198
vt 0.006071 0.642380
vt 0.075720 0.642333
vt 0.075720 0.629784
vt 0.006071 0.629839
vt 0.006071 0.615661
vt 0.075720 0.615752
vt 0.006071 0.681063
vt 0.006071 0.697137
vt 0.075720 0.697228
vt 0.075720 0.681117
vt 0.075720 0.668479
vt 0.006071 0.668370
vt 0.006071 0.654603
vt 0.075720 0.654646
vt 0.078722 0.642329
vt 0.081584 0.642317
vt 0.081584 0.629743
vt 0.078722 0.629795
vt 0.078722 0.616315
vt 0.081584 0.615650
vt 0.078722 0.681068
vt 0.078722 0.697791
vt 0.081584 0.697126
vt 0.081584 0.681179
vt 0.081584 0.668508
vt 0.078722 0.668484
vt 0.078722 0.654646
vt 0.081584 0.654650
vt 0.003313 0.642427
vt 0.003313 0.629963
vt 0.003313 0.616377
vt 0.003313 0.697854
vt 0.003313 0.680864
vt 0.003313 0.668285
vt 0.003313 0.654586
vt 0.006071 0.642380
vt 0.075720 0.642333
vt 0.075720 0.629784
vt 0.006071 0.629839
vt 0.006071 0.615661
vt 0.075720 0.615752
vt 0.006071 0.681063
vt 0.006071 0.697137
vt 0.075720 0.697228
vt 0.075720 0.681117
vt 0.075720 0.668479
vt 0.006071 0.668370
vt 0.006071 0.654603
vt 0.075720 0.654646
vt 0.078722 0.642329
vt 0.078722 0.629795
vt 0.078722 0.616315
vt 0.078722 0.697791
vt 0.078722 0.681068
vt 0.078722 0.668484
vt 0.078722 0.654646
vt 0.003313 0.642427
vt 0.003313 0.629963
vt 0.003313 0.616377
vt 0.003313 0.697854
vt 0.003313 0.680864
vt 0.003313 0.668285
vt 0.003313 0.654586
vt 0.432239 0.622142
vt 0.397609 0.622142
vt 0.397621 0.367697
vt 0.432239 0.367697
vt 0.432239 0.622142
vt 0.432239 0.367697
vt 0.397621 0.367697
vt 0.397668 0.622142
vt 0.442097 0.622142
vt 0.442097 0.367697
vt 0.374526 0.342997
vt 0.374526 0.304090
vt 0.432239 0.304090
vt 0.432239 0.342997
vt 0.432239 0.304090
vt 0.432239 0.342997
vt 0.442097 0.342997
vt 0.442097 0.304090
vt 0.432239 0.342997
vt 0.432239 0.304090
vt 0.374526 0.304090
vt 0.374526 0.342997
vt 0.374526 0.304090
vt 0.432239 0.304090
vt 0.432239 0.293076
vt 0.374526 0.293076
vt 0.432239 0.622142
vt 0.432239 0.367697
vt 0.413580 0.367697
vt 0.413574 0.622142
vt 0.432239 0.622142
vt 0.413606 0.622142
vt 0.413580 0.367697
vt 0.432239 0.367697
vt 0.442097 0.367697
vt 0.442097 0.622142
vt 0.374526 0.325060
vt 0.432239 0.325060
vt 0.432239 0.304090
vt 0.374526 0.304090
vt 0.432239 0.304090
vt 0.442097 0.304090
vt 0.442097 0.325060
vt 0.432239 0.325060
vt 0.432239 0.325060
vt 0.374526 0.325060
vt 0.374526 0.304090
vt 0.432239 0.304090
vt 0.374526 0.304090
vt 0.374526 0.293076
vt 0.432239 0.293076
vt 0.432239 0.304090
vt 0.432239 0.622142
vt 0.397609 0.622142
vt 0.397621 0.367697
vt 0.432239 0.367697
vt 0.432239 0.622142
vt 0.432239 0.367697
vt 0.397621 0.367697
vt 0.397668 0.622142
vt 0.442097 0.622142
vt 0.442097 0.367697
vt 0.432239 0.622142
vt 0.432239 0.367697
vt 0.413580 0.367697
vt 0.413574 0.622142
vt 0.432239 0.622142
vt 0.413606 0.622142
vt 0.413580 0.367697
vt 0.432239 0.367697
vt 0.442097 0.367697
vt 0.442097 0.622142
vt 0.432239 0.622142
vt 0.397609 0.622142
vt 0.397621 0.367697
vt 0.432239 0.367697
vt 0.432239 0.622142
vt 0.432239 0.367697
vt 0.397621 0.367697
vt 0.397668 0.622142
vt 0.442097 0.622142
vt 0.442097 0.367697
vt 0.432239 0.622142
vt 0.432239 0.367697
vt 0.413580 0.367697
vt 0.413574 0.622142
vt 0.432239 0.622142
vt 0.413606 0.622142
vt 0.413580 0.367697
vt 0.432239 0.367697
vt 0.442097 0.367697
vt 0.442097 0.622142
vt 0.432239 0.622142
vt 0.397609 0.622142
vt 0.397621 0.367697
vt 0.432239 0.367697
vt 0.432239 0.622142
vt 0.432239 0.367697
vt 0.397621 0.367697
vt 0.397668 0.622142
vt 0.442097 0.622142
vt 0.442097 0.367697
vt 0.396937 0.367697
vt 0.396937 0.304090
vt 0.432239 0.304090
vt 0.432239 0.367697
vt 0.432239 0.304090
vt 0.432239 0.367697
vt 0.442097 0.367697
vt 0.442097 0.304090
vt 0.396937 0.367697
vt 0.432239 0.367697
vt 0.432239 0.304090
vt 0.396937 0.304090
vt 0.396937 0.304090
vt 0.432239 0.304090
vt 0.432239 0.293076
vt 0.396937 0.293076
vt 0.432239 0.622142
vt 0.432239 0.367697
vt 0.413580 0.367697
vt 0.413574 0.622142
vt 0.432239 0.622142
vt 0.413606 0.622142
vt 0.413580 0.367697
vt 0.432239 0.367697
vt 0.442097 0.367697
vt 0.442097 0.622142
vt 0.413212 0.367697
vt 0.432239 0.367697
vt 0.432239 0.304090
vt 0.413212 0.304090
vt 0.432239 0.304090
vt 0.442097 0.304090
vt 0.442097 0.367697
vt 0.432239 0.367697
vt 0.413212 0.367697
vt 0.413212 0.304090
vt 0.432239 0.304090
vt 0.432239 0.367697
vt 0.413212 0.304090
vt 0.413212 0.293076
vt 0.432239 0.293076
vt 0.432239 0.304090
vt 0.634343 0.135814
vt 0.634538 0.118103
vt 0.837757 0.118342
vt 0.837632 0.135563
vt 0.634783 0.151870
vt 0.634343 0.135814
vt 0.837632 0.135563
vt 0.837558 0.151779
vt 0.640220 0.151775
vt 0.837558 0.151779
vt 0.837632 0.135563
vt 0.629562 0.135905
vt 0.634432 0.135550
vt 0.837632 0.135563
vt 0.837757 0.118342
vt 0.634569 0.118360
vt 0.910572 0.138044
vt 0.857178 0.140555
vt 0.853559 0.124866
vt 0.906769 0.121697
vt 0.667679 0.135783
vt 0.668690 0.151431
vt 0.626337 0.151431
vt 0.608401 0.136074
vt 0.964973 0.135486
vt 0.960981 0.118468
vt 0.728073 0.135486
vt 0.711842 0.151431
vt 0.606231 0.151980
vt 0.606231 0.136053
vt 0.920923 0.135538
vt 0.920923 0.151686
vt 0.606231 0.135838
vt 0.606231 0.118368
vt 0.920923 0.118196
vt 0.920923 0.135594
vt 0.606231 0.151980
vt 0.606231 0.136053
vt 0.920923 0.135538
vt 0.920923 0.151686
vt 0.606231 0.135838
vt 0.606231 0.118368
vt 0.920923 0.118196
vt 0.920923 0.135594
vt 0.606231 0.151980
vt 0.606231 0.136053
vt 0.920923 0.135538
vt 0.920923 0.151686
vt 0.606231 0.135838
vt 0.606231 0.118368
vt 0.920923 0.118196
vt 0.920923 0.135594
vt 0.606231 0.151980
vt 0.606231 0.136053
vt 0.920923 0.135538
vt 0.920923 0.151686
vt 0.606231 0.135838
vt 0.606231 0.118368
vt 0.920923 0.118196
vt 0.920923 0.135594
vt 0.668801 0.151456
vt 0.837558 0.151779
vt 0.837632 0.135563
vt 0.656373 0.136364
vt 0.661177 0.135206
vt 0.837632 0.135563
vt 0.837757 0.118342
vt 0.661254 0.118792
vt 0.661109 0.135223
vt 0.661159 0.118683
vt 0.837757 0.118342
vt 0.837632 0.135563
vt 0.667534 0.151528
vt 0.657149 0.136123
vt 0.837632 0.135563
vt 0.837558 0.151779
vt 0.403867 0.088435
vt 0.403867 0.067333
vt 0.497617 0.067333
vt 0.497617 0.088435
vt 0.428836 0.067166
vt 0.403867 0.030469
vt 0.497617 0.030469
vt 0.472754 0.067097
vt 0.472750 0.067668
vt 0.472749 0.088089
vt 0.428836 0.088212
vt 0.428836 0.067567
vt 0.428836 0.030637
vt 0.472754 0.030706
vt 0.460353 0.088135
vt 0.460355 0.067396
vt 0.064994 0.067407
vt 0.064989 0.087779
vt 0.065026 0.067838
vt 0.065026 0.087927
vt 0.485238 0.088204
vt 0.485238 0.067560
vt 0.485236 0.030646
vt 0.065003 0.030832
vt 0.485235 0.067176
vt 0.460354 0.030679
vt 0.065012 0.030952
vt 0.065007 0.067010
vt 0.485238 0.088208
vt 0.485240 0.067372
vt 0.065013 0.067427
vt 0.065023 0.087939
vt 0.064990 0.067971
vt 0.064990 0.087788
vt 0.460352 0.088098
vt 0.460352 0.067677
vt 0.460354 0.030679
vt 0.065011 0.030937
vt 0.460354 0.067123
vt 0.485235 0.030627
vt 0.065007 0.030793
vt 0.065012 0.066849
vt 0.047949 0.087699
vt 0.047954 0.067472
vt 0.448616 0.067370
vt 0.448613 0.088212
vt 0.473379 0.067333
vt 0.473379 0.088435
vt 0.047933 0.088012
vt 0.047933 0.067754
vt 0.047906 0.030986
vt 0.473379 0.030469
vt 0.047915 0.066954
vt 0.047974 0.030858
vt 0.448613 0.030637
vt 0.473379 0.067333
vt 0.047927 0.087835
vt 0.047914 0.067361
vt 0.473379 0.067333
vt 0.473379 0.088435
vt 0.448613 0.067556
vt 0.448613 0.088200
vt 0.047950 0.087809
vt 0.047950 0.067963
vt 0.047973 0.031042
vt 0.448613 0.030637
vt 0.047974 0.066943
vt 0.047915 0.030849
vt 0.473379 0.030469
vt 0.448613 0.067166
vt 0.472816 0.087604
vt 0.472812 0.067474
vt 0.064994 0.067407
vt 0.064989 0.087779
vt 0.065026 0.067838
vt 0.065026 0.087927
vt 0.472748 0.087670
vt 0.472748 0.068096
vt 0.472777 0.031019
vt 0.065003 0.030832
vt 0.472767 0.066777
vt 0.472793 0.031095
vt 0.065012 0.030952
vt 0.065007 0.067010
vt 0.472755 0.087686
vt 0.472765 0.067443
vt 0.065013 0.067427
vt 0.065023 0.087939
vt 0.064990 0.067971
vt 0.064990 0.087788
vt 0.472818 0.087548
vt 0.472818 0.068226
vt 0.472791 0.031072
vt 0.065011 0.030937
vt 0.472793 0.066706
vt 0.472767 0.031027
vt 0.065007 0.030793
vt 0.065012 0.066849
vt 0.006708 0.981995
vt 0.001196 0.981995
vt 0.001301 0.930284
vt 0.003914 0.930306
vt 0.063101 0.775162
vt 0.077978 0.775446
vt 0.076609 0.771872
vt 0.063123 0.771464
vt 0.080438 0.826562
vt 0.062546 0.826865
vt 0.006708 0.981995
vt 0.003914 0.930306
vt 0.001301 0.930284
vt 0.001196 0.981995
vt 0.115533 0.754133
vt 0.111395 0.702713
vt 0.103450 0.702713
vt 0.102620 0.754592
vt 0.095532 0.702713
vt 0.092872 0.754216
vt 0.115187 0.761565
vt 0.102468 0.761565
vt 0.092010 0.761565
vt 0.133765 0.775654
vt 0.135524 0.826566
vt 0.147505 0.826843
vt 0.147423 0.775521
vt 0.213317 0.725792
vt 0.229591 0.726524
vt 0.216522 0.709649
vt 0.133742 0.767129
vt 0.147410 0.767129
vt 0.087731 0.754759
vt 0.086963 0.761565
vt 0.118223 0.754650
vt 0.118648 0.761565
vt 0.216473 0.741645
vt 0.210113 0.741635
vt 0.210162 0.709638
vt 0.197705 0.725003
vt 0.165809 0.753670
vt 0.162812 0.702713
vt 0.154426 0.702713
vt 0.153497 0.754233
vt 0.146035 0.702713
vt 0.142332 0.753910
vt 0.165679 0.761565
vt 0.153281 0.761565
vt 0.142083 0.761565
vt 0.189996 0.775659
vt 0.192920 0.826564
vt 0.203111 0.826849
vt 0.203236 0.775531
vt 0.233123 0.751790
vt 0.248516 0.752273
vt 0.236223 0.735622
vt 0.189136 0.767129
vt 0.203258 0.767129
vt 0.138527 0.754481
vt 0.137591 0.761565
vt 0.168740 0.754183
vt 0.168799 0.761565
vt 0.236182 0.767816
vt 0.230019 0.767695
vt 0.230073 0.735487
vt 0.217448 0.751393
vt 0.158432 0.775647
vt 0.156810 0.826565
vt 0.159855 0.772105
vt 0.188040 0.772121
vt 0.232174 0.827030
vt 0.232174 0.775707
vt 0.215677 0.775710
vt 0.212862 0.826605
vt 0.232174 0.772074
vt 0.217072 0.772160
vt 0.216146 0.767129
vt 0.159279 0.767129
vt 0.044119 0.702713
vt 0.027691 0.702432
vt 0.026759 0.754154
vt 0.040651 0.754244
vt 0.179127 0.702230
vt 0.162812 0.702713
vt 0.165809 0.753670
vt 0.179643 0.753384
vt 0.006708 0.981995
vt 0.001196 0.981995
vt 0.001301 0.930284
vt 0.003914 0.930306
vt 0.064858 0.754219
vt 0.060932 0.702713
vt 0.052639 0.702713
vt 0.052544 0.754576
vt 0.044119 0.702713
vt 0.040651 0.754244
vt 0.063101 0.775162
vt 0.077978 0.775446
vt 0.076609 0.771872
vt 0.063123 0.771464
vt 0.064895 0.761565
vt 0.052519 0.761565
vt 0.040121 0.761565
vt 0.080438 0.826562
vt 0.091332 0.826816
vt 0.091550 0.775458
vt 0.233014 0.698035
vt 0.248516 0.697363
vt 0.235537 0.681898
vt 0.062546 0.826865
vt 0.077604 0.767129
vt 0.091646 0.767129
vt 0.037328 0.754800
vt 0.036616 0.761565
vt 0.067808 0.754757
vt 0.068354 0.761565
vt 0.236622 0.713796
vt 0.230475 0.713889
vt 0.229367 0.682000
vt 0.217454 0.697565
vt 0.115533 0.754133
vt 0.111395 0.702713
vt 0.103450 0.702713
vt 0.102620 0.754592
vt 0.095532 0.702713
vt 0.092872 0.754216
vt 0.115187 0.761565
vt 0.102468 0.761565
vt 0.092010 0.761565
vt 0.133765 0.775654
vt 0.135524 0.826566
vt 0.147505 0.826843
vt 0.147423 0.775521
vt 0.213317 0.725792
vt 0.229591 0.726524
vt 0.216522 0.709649
vt 0.133742 0.767129
vt 0.147410 0.767129
vt 0.087731 0.754759
vt 0.086963 0.761565
vt 0.118223 0.754650
vt 0.118648 0.761565
vt 0.216473 0.741645
vt 0.210113 0.741635
vt 0.210162 0.709638
vt 0.197705 0.725003
vt 0.102714 0.775624
vt 0.100963 0.826567
vt 0.103970 0.772087
vt 0.132603 0.772117
vt 0.158432 0.775647
vt 0.156810 0.826565
vt 0.159279 0.767129
vt 0.103376 0.767129
vt 0.006708 0.981995
vt 0.003914 0.930306
vt 0.001301 0.930284
vt 0.001196 0.981995
vt 0.232174 0.827030
vt 0.232174 0.775707
vt 0.215677 0.775710
vt 0.212862 0.826605
vt 0.232174 0.772074
vt 0.217072 0.772160
vt 0.044119 0.702713
vt 0.027691 0.702432
vt 0.026759 0.754154
vt 0.040651 0.754244
vt 0.179127 0.702230
vt 0.162812 0.702713
vt 0.165809 0.753670
vt 0.179643 0.753384
vt 0.741013 0.135331
vt 0.741045 0.118459
vt 0.837757 0.118342
vt 0.837632 0.135563
vt 0.751160 0.151120
vt 0.738753 0.136068
vt 0.837632 0.135563
vt 0.837558 0.151779
vt 0.673673 0.138044
vt 0.669869 0.121697
vt 0.616659 0.124866
vt 0.620279 0.140554
vt 0.667679 0.135783
vt 0.608402 0.136075
vt 0.626337 0.151431
vt 0.668690 0.151431
vt 0.752126 0.151999
vt 0.837558 0.151779
vt 0.837632 0.135563
vt 0.739049 0.136696
vt 0.741168 0.135294
vt 0.837632 0.135563
vt 0.837757 0.118342
vt 0.741261 0.118637
vt 0.910572 0.138044
vt 0.857178 0.140555
vt 0.853559 0.124866
vt 0.906769 0.121697
vt 0.667679 0.135783
vt 0.668690 0.151431
vt 0.626337 0.151431
vt 0.608401 0.136074
vt 0.964973 0.135486
vt 0.960981 0.118468
vt 0.728073 0.135486
vt 0.711842 0.151431
vt 0.728073 0.135486
vt 0.711842 0.151431
vt 0.728073 0.135486
vt 0.724082 0.118468
vt 0.154978 0.644031
vt 0.152053 0.644029
vt 0.152053 0.656953
vt 0.154978 0.656980
vt 0.154978 0.631193
vt 0.152053 0.631234
vt 0.154978 0.617518
vt 0.152053 0.618083
vt 0.152053 0.682559
vt 0.152053 0.699559
vt 0.154978 0.698994
vt 0.154978 0.682603
vt 0.154978 0.670184
vt 0.152053 0.670159
vt 0.223791 0.633613
vt 0.223791 0.652983
vt 0.207475 0.643134
vt 0.240025 0.643315
vt 0.194533 0.644035
vt 0.194509 0.656947
vt 0.194610 0.670175
vt 0.194740 0.682733
vt 0.194769 0.698849
vt 0.194769 0.617373
vt 0.194669 0.631153
vt 0.223791 0.616101
vt 0.207785 0.625267
vt 0.239679 0.625006
vt 0.154978 0.644031
vt 0.152053 0.644029
vt 0.152053 0.656953
vt 0.154978 0.656980
vt 0.154978 0.631193
vt 0.152053 0.631234
vt 0.154978 0.617518
vt 0.152053 0.618083
vt 0.152053 0.682559
vt 0.152053 0.699559
vt 0.154978 0.698994
vt 0.154978 0.682603
vt 0.154978 0.670184
vt 0.152053 0.670159
vt 0.223791 0.633613
vt 0.223791 0.652983
vt 0.207475 0.643134
vt 0.240025 0.643315
vt 0.194533 0.644035
vt 0.194509 0.656947
vt 0.194610 0.670175
vt 0.194740 0.682733
vt 0.194769 0.698849
vt 0.194769 0.617373
vt 0.194669 0.631153
vt 0.223791 0.616101
vt 0.207785 0.625267
vt 0.239679 0.625006
vt 0.424995 0.342997
vt 0.424995 0.304090
vt 0.432239 0.304090
vt 0.432239 0.342997
vt 0.432239 0.304090
vt 0.432239 0.342997
vt 0.442097 0.342997
vt 0.442097 0.304090
vt 0.432239 0.342997
vt 0.432239 0.304090
vt 0.424995 0.304090
vt 0.424995 0.342997
vt 0.424995 0.304090
vt 0.432239 0.304090
vt 0.432239 0.293076
vt 0.424995 0.293076
vt 0.396937 0.304090
vt 0.432239 0.304090
vt 0.432239 0.293076
vt 0.396937 0.293076
vt 0.424995 0.325060
vt 0.432239 0.325060
vt 0.432239 0.304090
vt 0.424995 0.304090
vt 0.432239 0.304090
vt 0.442097 0.304090
vt 0.442097 0.325060
vt 0.432239 0.325060
vt 0.432239 0.325060
vt 0.424995 0.325060
vt 0.424995 0.304090
vt 0.432239 0.304090
vt 0.424995 0.304090
vt 0.424995 0.293076
vt 0.432239 0.293076
vt 0.432239 0.304090
vt 0.413212 0.304090
vt 0.413212 0.293076
vt 0.432239 0.293076
vt 0.432239 0.304090
vt 0.413212 0.353266
vt 0.413212 0.304090
vt 0.432239 0.304090
vt 0.432239 0.353266
vt 0.432239 0.304090
vt 0.442097 0.304090
vt 0.442097 0.353266
vt 0.432239 0.353266
vt 0.413212 0.353266
vt 0.432239 0.353266
vt 0.432239 0.304090
vt 0.413212 0.304090
vt 0.432239 0.353266
vt 0.396937 0.353266
vt 0.396937 0.304090
vt 0.432239 0.304090
vt 0.432239 0.304090
vt 0.432239 0.353266
vt 0.442097 0.353266
vt 0.442097 0.304090
vt 0.396937 0.353266
vt 0.432239 0.353266
vt 0.432239 0.304090
vt 0.396937 0.304090
vt 0.873168 0.628497
vt 0.999170 0.628497
vt 0.999170 0.745670
vt 0.873168 0.745670
vt 0.873168 0.628497
vt 0.999257 0.628497
vt 0.999257 0.745670
vt 0.873168 0.745670
vt 0.751538 0.745670
vt 0.751538 0.628497
vt 0.751538 0.745670
vt 0.751538 0.628497
vt 0.403867 0.088435
vt 0.403867 0.067333
vt 0.497617 0.067333
vt 0.497617 0.088435
vt 0.428836 0.067166
vt 0.403867 0.030469
vt 0.497617 0.030469
vt 0.472754 0.067097
vt 0.472750 0.067668
vt 0.472749 0.088089
vt 0.428836 0.088212
vt 0.428836 0.067567
vt 0.428836 0.030637
vt 0.472754 0.030706
vt 0.428836 0.088200
vt 0.428829 0.067359
vt 0.472754 0.067393
vt 0.472750 0.088113
vt 0.403867 0.067333
vt 0.428836 0.030637
vt 0.472754 0.030706
vt 0.497617 0.067333
vt 0.497617 0.067333
vt 0.497617 0.088435
vt 0.403867 0.088435
vt 0.403867 0.067333
vt 0.403867 0.030469
vt 0.497617 0.030469
vt 0.432198 0.087915
vt 0.432195 0.067355
vt 0.472854 0.067370
vt 0.472851 0.088212
vt 0.497617 0.067333
vt 0.497617 0.088435
vt 0.407268 0.088133
vt 0.407268 0.067712
vt 0.407277 0.030690
vt 0.497617 0.030469
vt 0.407276 0.067110
vt 0.432185 0.030845
vt 0.472851 0.030637
vt 0.497617 0.067333
vt 0.407268 0.088083
vt 0.407273 0.067353
vt 0.497617 0.067333
vt 0.497617 0.088435
vt 0.472851 0.067556
vt 0.472851 0.088200
vt 0.432197 0.087966
vt 0.432197 0.067878
vt 0.432186 0.030808
vt 0.472851 0.030637
vt 0.432185 0.066956
vt 0.407276 0.030693
vt 0.497617 0.030469
vt 0.472851 0.067166
vt 0.005869 0.088435
vt 0.005869 0.067333
vt 0.196231 0.067333
vt 0.196231 0.088435
vt 0.501350 0.067588
vt 0.501350 0.088234
vt 0.196231 0.088435
vt 0.196231 0.067333
vt 0.005869 0.030469
vt 0.196231 0.030469
vt 0.005869 0.067333
vt 0.005869 0.030469
vt 0.196231 0.030469
vt 0.196231 0.067333
vt 0.501350 0.088179
vt 0.501365 0.067330
vt 0.501350 0.030650
vt 0.501350 0.067152
vt 0.501350 0.030650
vt 0.005869 0.088435
vt 0.005869 0.067333
vt 0.005869 0.088435
vt 0.005869 0.067333
vt 0.196231 0.067333
vt 0.196231 0.088435
vt 0.501350 0.067588
vt 0.501350 0.088234
vt 0.196231 0.088435
vt 0.196231 0.067333
vt 0.005869 0.030469
vt 0.196231 0.030469
vt 0.005869 0.067333
vt 0.005869 0.030469
vt 0.196231 0.030469
vt 0.196231 0.067333
vt 0.501350 0.088179
vt 0.501365 0.067330
vt 0.501350 0.030650
vt 0.501350 0.067152
vt 0.501350 0.030651
vt 0.005869 0.088435
vt 0.005869 0.067333
vt 0.005869 0.088435
vt 0.005869 0.067333
vt 0.196231 0.067333
vt 0.196231 0.088435
vt 0.501350 0.067588
vt 0.501350 0.088235
vt 0.196231 0.088435
vt 0.196231 0.067333
vt 0.005869 0.030469
vt 0.196231 0.030469
vt 0.005869 0.067333
vt 0.005869 0.030469
vt 0.196231 0.030469
vt 0.196231 0.067333
vt 0.501350 0.088179
vt 0.501365 0.067329
vt 0.501350 0.030650
vt 0.501350 0.067152
vt 0.501350 0.030650
vt 0.005869 0.088435
vt 0.005869 0.067333
vt 0.005869 0.088435
vt 0.005869 0.067333
vt 0.196231 0.067333
vt 0.196231 0.088435
vt 0.501350 0.067588
vt 0.501350 0.088235
vt 0.196231 0.088435
vt 0.196231 0.067333
vt 0.005869 0.030469
vt 0.196231 0.030469
vt 0.005869 0.067333
vt 0.005869 0.030469
vt 0.196231 0.030469
vt 0.196231 0.067333
vt 0.501350 0.088179
vt 0.501365 0.067329
vt 0.501350 0.030650
vt 0.501350 0.067152
vt 0.501350 0.030651
vt 0.005869 0.088435
vt 0.005869 0.067333
vt 0.721869 0.933115
vt 0.702468 0.918320
vt 0.740888 0.918320
vt 0.702468 0.801488
vt 0.740888 0.801487
vt 0.721869 0.933115
vt 0.740888 0.918320
vt 0.702468 0.918320
vt 0.654474 0.801261
vt 0.692395 0.801276
vt 0.692386 0.918157
vt 0.654483 0.918157
vt 0.692394 0.801272
vt 0.654474 0.801261
vt 0.654483 0.918160
vt 0.692386 0.918160
vt 0.740888 0.801480
vt 0.702468 0.801480
vt 0.006708 0.981995
vt 0.001196 0.981995
vt 0.001301 0.930284
vt 0.003914 0.930306
vt 0.063101 0.775162
vt 0.077978 0.775446
vt 0.076609 0.771872
vt 0.063123 0.771464
vt 0.080438 0.826562
vt 0.062546 0.826865
vt 0.006708 0.981995
vt 0.003914 0.930306
vt 0.001301 0.930284
vt 0.001196 0.981995
vt 0.115533 0.754133
vt 0.111395 0.702713
vt 0.103450 0.702713
vt 0.102620 0.754592
vt 0.095532 0.702713
vt 0.092872 0.754216
vt 0.115187 0.761565
vt 0.102468 0.761565
vt 0.092010 0.761565
vt 0.133765 0.775654
vt 0.135524 0.826566
vt 0.147505 0.826843
vt 0.147423 0.775521
vt 0.213317 0.725792
vt 0.229591 0.726524
vt 0.216522 0.709649
vt 0.133742 0.767129
vt 0.147410 0.767129
vt 0.087731 0.754759
vt 0.086963 0.761565
vt 0.118223 0.754650
vt 0.118648 0.761565
vt 0.216473 0.741645
vt 0.210113 0.741635
vt 0.210162 0.709638
vt 0.197705 0.725003
vt 0.165809 0.753670
vt 0.162812 0.702713
vt 0.154426 0.702713
vt 0.153497 0.754233
vt 0.146035 0.702713
vt 0.142332 0.753910
vt 0.165679 0.761565
vt 0.153281 0.761565
vt 0.142083 0.761565
vt 0.189996 0.775659
vt 0.192920 0.826564
vt 0.203111 0.826849
vt 0.203236 0.775531
vt 0.233123 0.751790
vt 0.248516 0.752273
vt 0.236223 0.735622
vt 0.189136 0.767129
vt 0.203258 0.767129
vt 0.138527 0.754481
vt 0.137591 0.761565
vt 0.168740 0.754183
vt 0.168799 0.761565
vt 0.236182 0.767816
vt 0.230019 0.767695
vt 0.230073 0.735487
vt 0.217448 0.751393
vt 0.158432 0.775647
vt 0.156810 0.826565
vt 0.159855 0.772105
vt 0.188040 0.772121
vt 0.232174 0.827030
vt 0.232174 0.775707
vt 0.215677 0.775710
vt 0.212862 0.826605
vt 0.232174 0.772074
vt 0.217072 0.772160
vt 0.216146 0.767129
vt 0.159279 0.767129
vt 0.044119 0.702713
vt 0.027691 0.702432
vt 0.026759 0.754154
vt 0.040651 0.754244
vt 0.179127 0.702230
vt 0.162812 0.702713
vt 0.165809 0.753670
vt 0.179643 0.753384
vt 0.006708 0.981995
vt 0.001196 0.981995
vt 0.001301 0.930284
vt 0.003914 0.930306
vt 0.064858 0.754219
vt 0.060932 0.702713
vt 0.052639 0.702713
vt 0.052544 0.754576
vt 0.044119 0.702713
vt 0.040651 0.754244
vt 0.063101 0.775162
vt 0.077978 0.775446
vt 0.076609 0.771872
vt 0.063123 0.771464
vt 0.064895 0.761565
vt 0.052519 0.761565
vt 0.040121 0.761565
vt 0.080438 0.826562
vt 0.091332 0.826816
vt 0.091550 0.775458
vt 0.233014 0.698035
vt 0.248516 0.697363
vt 0.235537 0.681898
vt 0.062546 0.826865
vt 0.077604 0.767129
vt 0.091646 0.767129
vt 0.037328 0.754800
vt 0.036616 0.761565
vt 0.067808 0.754757
vt 0.068354 0.761565
vt 0.236622 0.713796
vt 0.230475 0.713889
vt 0.229367 0.682000
vt 0.217454 0.697565
vt 0.115533 0.754133
vt 0.111395 0.702713
vt 0.103450 0.702713
vt 0.102620 0.754592
vt 0.095532 0.702713
vt 0.092872 0.754216
vt 0.115187 0.761565
vt 0.102468 0.761565
vt 0.092010 0.761565
vt 0.133765 0.775654
vt 0.135524 0.826566
vt 0.147505 0.826843
vt 0.147423 0.775521
vt 0.213317 0.725792
vt 0.229591 0.726524
vt 0.216522 0.709649
vt 0.133742 0.767129
vt 0.147410 0.767129
vt 0.087731 0.754759
vt 0.086963 0.761565
vt 0.118223 0.754650
vt 0.118648 0.761565
vt 0.216473 0.741645
vt 0.210113 0.741635
vt 0.210162 0.709638
vt 0.197705 0.725003
vt 0.102714 0.775624
vt 0.100963 0.826567
vt 0.103970 0.772087
vt 0.132603 0.772117
vt 0.158432 0.775647
vt 0.156810 0.826565
vt 0.159279 0.767129
vt 0.103376 0.767129
vt 0.006708 0.981995
vt 0.003914 0.930306
vt 0.001301 0.930284
vt 0.001196 0.981995
vt 0.232174 0.827030
vt 0.232174 0.775707
vt 0.215677 0.775710
vt 0.212862 0.826605
vt 0.232174 0.772074
vt 0.217072 0.772160
vt 0.044119 0.702713
vt 0.027691 0.702432
vt 0.026759 0.754154
vt 0.040651 0.754244
vt 0.179127 0.702230
vt 0.162812 0.702713
vt 0.165809 0.753670
vt 0.179643 0.753384
vt 0.741013 0.135331
vt 0.741045 0.118459
vt 0.837757 0.118342
vt 0.837632 0.135563
vt 0.751160 0.151120
vt 0.738753 0.136068
vt 0.837632 0.135563
vt 0.837558 0.151779
vt 0.673673 0.138044
vt 0.669869 0.121697
vt 0.616659 0.124866
vt 0.620279 0.140554
vt 0.667679 0.135783
vt 0.608402 0.136075
vt 0.626337 0.151431
vt 0.668690 0.151431
vt 0.752126 0.151999
vt 0.837558 0.151779
vt 0.837632 0.135563
vt 0.739049 0.136696
vt 0.741168 0.135294
vt 0.837632 0.135563
vt 0.837757 0.118342
vt 0.741261 0.118637
vt 0.910572 0.138044
vt 0.857178 0.140555
vt 0.853559 0.124866
vt 0.906769 0.121697
vt 0.667679 0.135783
vt 0.668690 0.151431
vt 0.626337 0.151431
vt 0.608401 0.136074
vt 0.964973 0.135486
vt 0.960981 0.118468
vt 0.728073 0.135486
vt 0.711842 0.151431
vt 0.728073 0.135486
vt 0.711842 0.151431
vt 0.728073 0.135486
vt 0.724082 0.118468
vt 0.154978 0.644031
vt 0.152053 0.644029
vt 0.152053 0.656953
vt 0.154978 0.656980
vt 0.154978 0.631193
vt 0.152053 0.631234
vt 0.154978 0.617518
vt 0.152053 0.618083
vt 0.152053 0.682559
vt 0.152053 0.699559
vt 0.154978 0.698994
vt 0.154978 0.682603
vt 0.154978 0.670184
vt 0.152053 0.670159
vt 0.223791 0.633613
vt 0.223791 0.652983
vt 0.207475 0.643134
vt 0.240025 0.643315
vt 0.194533 0.644035
vt 0.194509 0.656947
vt 0.194610 0.670175
vt 0.194740 0.682733
vt 0.194769 0.698849
vt 0.194769 0.617373
vt 0.194669 0.631153
vt 0.223791 0.616101
vt 0.207785 0.625267
vt 0.239679 0.625006
vt 0.154978 0.644031
vt 0.152053 0.644029
vt 0.152053 0.656953
vt 0.154978 0.656980
vt 0.154978 0.631193
vt 0.152053 0.631234
vt 0.154978 0.617518
vt 0.152053 0.618083
vt 0.152053 0.682559
vt 0.152053 0.699559
vt 0.154978 0.698994
vt 0.154978 0.682603
vt 0.154978 0.670184
vt 0.152053 0.670159
vt 0.223791 0.633613
vt 0.223791 0.652983
vt 0.207475 0.643134
vt 0.240025 0.643315
vt 0.194533 0.644035
vt 0.194509 0.656947
vt 0.194610 0.670175
vt 0.194740 0.682733
vt 0.194769 0.698849
vt 0.194769 0.617373
vt 0.194669 0.631153
vt 0.223791 0.616101
vt 0.207785 0.625267
vt 0.239679 0.625006
vt 0.424995 0.342997
vt 0.424995 0.304090
vt 0.432239 0.304090
vt 0.432239 0.342997
vt 0.432239 0.304090
vt 0.432239 0.342997
vt 0.442097 0.342997
vt 0.442097 0.304090
vt 0.432239 0.342997
vt 0.432239 0.304090
vt 0.424995 0.304090
vt 0.424995 0.342997
vt 0.424995 0.304090
vt 0.432239 0.304090
vt 0.432239 0.293076
vt 0.424995 0.293076
vt 0.396937 0.304090
vt 0.432239 0.304090
vt 0.432239 0.293076
vt 0.396937 0.293076
vt 0.424995 0.325060
vt 0.432239 0.325060
vt 0.432239 0.304090
vt 0.424995 0.304090
vt 0.432239 0.304090
vt 0.442097 0.304090
vt 0.442097 0.325060
vt 0.432239 0.325060
vt 0.432239 0.325060
vt 0.424995 0.325060
vt 0.424995 0.304090
vt 0.432239 0.304090
vt 0.424995 0.304090
vt 0.424995 0.293076
vt 0.432239 0.293076
vt 0.432239 0.304090
vt 0.413212 0.304090
vt 0.413212 0.293076
vt 0.432239 0.293076
vt 0.432239 0.304090
vt 0.413212 0.353266
vt 0.413212 0.304090
vt 0.432239 0.304090
vt 0.432239 0.353266
vt 0.432239 0.304090
vt 0.442097 0.304090
vt 0.442097 0.353266
vt 0.432239 0.353266
vt 0.413212 0.353266
vt 0.432239 0.353266
vt 0.432239 0.304090
vt 0.413212 0.304090
vt 0.432239 0.353266
vt 0.396937 0.353266
vt 0.396937 0.304090
vt 0.432239 0.304090
vt 0.432239 0.304090
vt 0.432239 0.353266
vt 0.442097 0.353266
vt 0.442097 0.304090
vt 0.396937 0.353266
vt 0.432239 0.353266
vt 0.432239 0.304090
vt 0.396937 0.304090
vt 0.873168 0.628497
vt 0.999170 0.628497
vt 0.999170 0.745670
vt 0.873168 0.745670
vt 0.873168 0.628497
vt 0.999257 0.628497
vt 0.999257 0.745670
vt 0.873168 0.745670
vt 0.751538 0.745670
vt 0.751538 0.628497
vt 0.751538 0.745670
vt 0.751538 0.628497
vt 0.403867 0.088435
vt 0.403867 0.067333
vt 0.497617 0.067333
vt 0.497617 0.088435
vt 0.428836 0.067166
vt 0.403867 0.030469
vt 0.497617 0.030469
vt 0.472754 0.067097
vt 0.472750 0.067668
vt 0.472749 0.088089
vt 0.428836 0.088212
vt 0.428836 0.067567
vt 0.428836 0.030637
vt 0.472754 0.030706
vt 0.428836 0.088200
vt 0.428829 0.067359
vt 0.472754 0.067393
vt 0.472750 0.088113
vt 0.403867 0.067333
vt 0.428836 0.030637
vt 0.472754 0.030706
vt 0.497617 0.067333
vt 0.497617 0.067333
vt 0.497617 0.088435
vt 0.403867 0.088435
vt 0.403867 0.067333
vt 0.403867 0.030469
vt 0.497617 0.030469
vt 0.432198 0.087915
vt 0.432195 0.067355
vt 0.472854 0.067370
vt 0.472851 0.088212
vt 0.497617 0.067333
vt 0.497617 0.088435
vt 0.407268 0.088133
vt 0.407268 0.067712
vt 0.407277 0.030690
vt 0.497617 0.030469
vt 0.407276 0.067110
vt 0.432185 0.030845
vt 0.472851 0.030637
vt 0.497617 0.067333
vt 0.407268 0.088083
vt 0.407273 0.067353
vt 0.497617 0.067333
vt 0.497617 0.088435
vt 0.472851 0.067556
vt 0.472851 0.088200
vt 0.432197 0.087966
vt 0.432197 0.067878
vt 0.432186 0.030808
vt 0.472851 0.030637
vt 0.432185 0.066956
vt 0.407276 0.030693
vt 0.497617 0.030469
vt 0.472851 0.067166
vt 0.005869 0.088435
vt 0.005869 0.067333
vt 0.196231 0.067333
vt 0.196231 0.088435
vt 0.501350 0.067588
vt 0.501350 0.088234
vt 0.196231 0.088435
vt 0.196231 0.067333
vt 0.005869 0.030469
vt 0.196231 0.030469
vt 0.005869 0.067333
vt 0.005869 0.030469
vt 0.196231 0.030469
vt 0.196231 0.067333
vt 0.501350 0.088179
vt 0.501365 0.067330
vt 0.501350 0.030650
vt 0.501350 0.067152
vt 0.501350 0.030650
vt 0.005869 0.088435
vt 0.005869 0.067333
vt 0.005869 0.088435
vt 0.005869 0.067333
vt 0.196231 0.067333
vt 0.196231 0.088435
vt 0.501350 0.067588
vt 0.501350 0.088234
vt 0.196231 0.088435
vt 0.196231 0.067333
vt 0.005869 0.030469
vt 0.196231 0.030469
vt 0.005869 0.067333
vt 0.005869 0.030469
vt 0.196231 0.030469
vt 0.196231 0.067333
vt 0.501350 0.088179
vt 0.501365 0.067330
vt 0.501350 0.030650
vt 0.501350 0.067152
vt 0.501350 0.030651
vt 0.005869 0.088435
vt 0.005869 0.067333
vt 0.005869 0.088435
vt 0.005869 0.067333
vt 0.196231 0.067333
vt 0.196231 0.088435
vt 0.501350 0.067588
vt 0.501350 0.088235
vt 0.196231 0.088435
vt 0.196231 0.067333
vt 0.005869 0.030469
vt 0.196231 0.030469
vt 0.005869 0.067333
vt 0.005869 0.030469
vt 0.196231 0.030469
vt 0.196231 0.067333
vt 0.501350 0.088179
vt 0.501365 0.067329
vt 0.501350 0.030650
vt 0.501350 0.067152
vt 0.501350 0.030650
vt 0.005869 0.088435
vt 0.005869 0.067333
vt 0.005869 0.088435
vt 0.005869 0.067333
vt 0.196231 0.067333
vt 0.196231 0.088435
vt 0.501350 0.067588
vt 0.501350 0.088235
vt 0.196231 0.088435
vt 0.196231 0.067333
vt 0.005869 0.030469
vt 0.196231 0.030469
vt 0.005869 0.067333
vt 0.005869 0.030469
vt 0.196231 0.030469
vt 0.196231 0.067333
vt 0.501350 0.088179
vt 0.501365 0.067329
vt 0.501350 0.030650
vt 0.501350 0.067152
vt 0.501350 0.030651
vt 0.005869 0.088435
vt 0.005869 0.067333
vt 0.721869 0.933115
vt 0.702468 0.918320
vt 0.740888 0.918320
vt 0.702468 0.801488
vt 0.740888 0.801487
vt 0.721869 0.933115
vt 0.740888 0.918320
vt 0.702468 0.918320
vt 0.654474 0.801261
vt 0.692395 0.801276
vt 0.692386 0.918157
vt 0.654483 0.918157
vt 0.692394 0.801272
vt 0.654474 0.801261
vt 0.654483 0.918160
vt 0.692386 0.918160
vt 0.740888 0.801480
vt 0.702468 0.801480
vn 0.000269 0.001916 0.999998
vn 0.000269 0.001916 0.999998
vn 0.000269 0.001916 0.999998
vn 0.000269 0.001916 0.999998
vn -0.000046 0.002121 -0.999998
vn -0.000046 0.002121 -0.999998
vn -0.000046 0.002121 -0.999998
vn -0.000046 0.002121 -0.999998
vn 0.000000 0.069650 0.997571
vn 0.000000 0.069650 0.997571
vn 0.000000 0.034846 0.999393
vn 0.000000 0.034846 0.999393
vn 0.000000 0.000000 -1.000000
vn 0.000000 0.000000 -1.000000
vn 0.000000 -0.029411 -0.999567
vn 0.000000 -0.029411 -0.999567
vn 1.000000 0.000193 -0.000018
vn 1.000000 0.000193 -0.000018
vn 1.000000 0.000194 -0.000019
vn 1.000000 0.000194 -0.000019
vn -1.000000 -0.000193 0.000000
vn -1.000000 -0.000193 0.000000
vn -1.000000 -0.000198 0.000000
vn -1.000000 -0.000198 0.000000
vn 0.000000 0.000000 1.000000
vn 0.000000 0.000000 1.000000
vn 1.000000 0.000195 -0.000019
vn 1.000000 0.000195 -0.000019
vn -1.000000 -0.000203 0.000000
vn -1.000000 -0.000203 0.000000
vn 0.000000 -0.058797 -0.998270
vn 0.000000 -0.058797 -0.998270
vn 0.000000 -0.060061 0.998195
vn 0.000000 -0.060061 0.998195
vn 0.000000 -0.030044 0.999549
vn 0.000000 -0.030044 0.999549
vn 0.000000 0.000005 -1.000000
vn 0.000000 0.000005 -1.000000
vn 0.000000 0.034847 -0.999393
vn 0.000000 0.034847 -0.999393
vn 1.000000 0.000197 -0.000018
vn 1.000000 0.000197 -0.000018
vn 1.000000 0.000197 -0.000019
vn 1.000000 0.000197 -0.000019
vn -1.000000 -0.000198 0.000000
vn -1.000000 -0.000198 0.000000
vn -1.000000 -0.000201 0.000000
vn -1.000000 -0.000201 0.000000
vn 0.000000 0.000000 1.000000
vn 0.000000 0.000000 1.000000
vn 1.000000 0.000197 -0.000019
vn 1.000000 0.000197 -0.000019
vn -1.000000 -0.000203 0.000000
vn -1.000000 -0.000203 0.000000
vn 0.000000 0.069648 -0.997572
vn 0.000000 0.069648 -0.997572
vn 0.000000 0.069651 0.997571
vn 0.000000 0.069651 0.997571
vn 0.000000 0.034847 0.999393
vn 0.000000 0.034847 0.999393
vn 0.000000 0.000000 -1.000000
vn 0.000000 0.000000 -1.000000
vn 0.000000 -0.029410 -0.999568
vn 0.000000 -0.029410 -0.999568
vn 1.000000 0.000194 -0.000018
vn 1.000000 0.000194 -0.000018
vn 1.000000 0.000194 -0.000019
vn 1.000000 0.000194 -0.000019
vn -1.000000 -0.000200 0.000000
vn -1.000000 -0.000200 0.000000
vn -1.000000 -0.000196 0.000000
vn -1.000000 -0.000196 0.000000
vn 0.000000 0.000000 1.000000
vn 0.000000 0.000000 1.000000
vn 1.000000 0.000195 -0.000019
vn 1.000000 0.000195 -0.000019
vn -1.000000 -0.000192 0.000000
vn -1.000000 -0.000192 0.000000
vn 0.000000 -0.058795 -0.998270
vn 0.000000 -0.058795 -0.998270
vn 0.000000 -0.060061 0.998195
vn 0.000000 -0.060061 0.998195
vn 0.000000 -0.030044 0.999549
vn 0.000000 -0.030044 0.999549
vn 0.000000 0.000005 -1.000000
vn 0.000000 0.000005 -1.000000
vn 0.000000 0.034846 -0.999393
vn 0.000000 0.034846 -0.999393
vn 1.000000 0.000199 -0.000018
vn 1.000000 0.000199 -0.000018
vn 1.000000 0.000198 -0.000019
vn 1.000000 0.000198 -0.000019
vn -1.000000 -0.000198 0.000000
vn -1.000000 -0.000198 0.000000
vn -1.000000 -0.000196 0.000000
vn -1.000000 -0.000196 0.000000
vn 0.000000 0.000000 1.000000
vn 0.000000 0.000000 1.000000
vn 1.000000 0.000197 -0.000019
vn 1.000000 0.000197 -0.000019
vn -1.000000 -0.000195 0.000000
vn -1.000000 -0.000195 0.000000
vn 0.000000 0.069646 -0.997572
vn 0.000000 0.069646 -0.997572
vn 0.000000 0.079506 -0.996834
vn 0.000000 0.079506 -0.996834
vn 0.000000 0.079506 -0.996834
vn 0.000000 0.079506 -0.996834
vn 0.000000 0.079131 0.996864
vn 0.000000 0.079131 0.996864
vn 0.000000 0.079131 0.996864
vn 0.000000 0.079131 0.996864
vn 0.000279 0.001916 0.999998
vn 0.000279 0.001916 0.999998
vn 0.000279 0.001916 0.999998
vn 0.000279 0.001916 0.999998
vn -0.000048 0.002121 -0.999998
vn -0.000048 0.002121 -0.999998
vn -0.000048 0.002121 -0.999998
vn -0.000048 0.002121 -0.999998
vn 0.000000 0.079506 -0.996834
vn 0.000000 0.079506 -0.996834
vn 0.000000 0.079506 -0.996834
vn 0.000000 0.079506 -0.996834
vn 0.000000 0.079131 0.996864
vn 0.000000 0.079131 0.996864
vn 0.000000 0.079131 0.996864
vn 0.000000 0.079131 0.996864
vn 0.000279 0.001916 0.999998
vn 0.000279 0.001916 0.999998
vn 0.000279 0.001916 0.999998
vn 0.000279 0.001916 0.999998
vn 1.000000 0.000000 0.000000
vn 1.000000 0.000000 0.000000
vn 1.000000 0.000000 0.000000
vn -0.000048 0.002121 -0.999998
vn -0.000048 0.002121 -0.999998
vn -0.000048 0.002121 -0.999998
vn -0.000048 0.002121 -0.999998
vn 1.000000 0.000000 0.000000
vn 1.000000 0.000000 0.000000
vn 1.000000 0.000000 0.000000
vn 1.000000 0.000000 0.000000
vn 0.000000 0.069651 0.997571
vn 0.000000 0.069651 0.997571
vn 0.000000 0.034847 0.999393
vn 0.000000 0.034847 0.999393
vn 0.000000 0.000000 -1.000000
vn 0.000000 0.000000 -1.000000
vn 0.000000 -0.029411 -0.999568
vn 0.000000 -0.029411 -0.999568
vn 1.000000 0.000199 0.000000
vn 1.000000 0.000199 0.000000
vn 1.000000 0.000195 0.000000
vn 1.000000 0.000195 0.000000
vn -1.000000 -0.000200 0.000000
vn -1.000000 -0.000200 0.000000
vn -1.000000 -0.000196 0.000000
vn -1.000000 -0.000196 0.000000
vn 0.000000 0.000000 1.000000
vn 0.000000 0.000000 1.000000
vn 1.000000 0.000192 0.000000
vn 1.000000 0.000192 0.000000
vn -1.000000 -0.000192 0.000000
vn -1.000000 -0.000192 0.000000
vn 0.000000 -0.058796 -0.998270
vn 0.000000 -0.058796 -0.998270
vn 0.000000 -0.060060 0.998195
vn 0.000000 -0.060060 0.998195
vn 0.000000 -0.030043 0.999549
vn 0.000000 -0.030043 0.999549
vn 0.000000 0.000005 -1.000000
vn 0.000000 0.000005 -1.000000
vn 0.000000 0.034847 -0.999393
vn 0.000000 0.034847 -0.999393
vn 1.000000 0.000197 0.000000
vn 1.000000 0.000197 0.000000
vn 1.000000 0.000196 0.000000
vn 1.000000 0.000196 0.000000
vn -1.000000 -0.000199 0.000000
vn -1.000000 -0.000199 0.000000
vn -1.000000 -0.000197 0.000000
vn -1.000000 -0.000197 0.000000
vn 0.000000 0.000000 1.000000
vn 0.000000 0.000000 1.000000
vn 1.000000 0.000195 0.000000
vn 1.000000 0.000195 0.000000
vn -1.000000 -0.000195 0.000000
vn -1.000000 -0.000195 0.000000
vn 0.000000 0.069647 -0.997572
vn 0.000000 0.069647 -0.997572
vn 0.000000 0.079506 -0.996834
vn 0.000000 0.079506 -0.996834
vn 0.000000 0.079506 -0.996834
vn 0.000000 0.079506 -0.996834
vn 0.000000 0.079131 0.996864
vn 0.000000 0.079131 0.996864
vn 0.000000 0.079131 0.996864
vn 0.000000 0.079131 0.996864
vn 0.000000 0.069650 0.997571
vn 0.000000 0.069650 0.997571
vn 0.000000 0.034846 0.999393
vn 0.000000 0.034846 0.999393
vn 0.000000 0.000000 -1.000000
vn 0.000000 0.000000 -1.000000
vn 0.000000 -0.029411 -0.999567
vn 0.000000 -0.029411 -0.999567
vn 1.000000 0.000194 -0.000018
vn 1.000000 0.000194 -0.000018
vn 1.000000 0.000194 -0.000019
vn 1.000000 0.000194 -0.000019
vn -1.000000 -0.000194 0.000000
vn -1.000000 -0.000194 0.000000
vn -1.000000 -0.000199 0.000000
vn -1.000000 -0.000199 0.000000
vn 0.000000 0.000000 1.000000
vn 0.000000 0.000000 1.000000
vn 1.000000 0.000195 -0.000019
vn 1.000000 0.000195 -0.000019
vn -1.000000 -0.000203 0.000000
vn -1.000000 -0.000203 0.000000
vn 0.000000 -0.058797 -0.998270
vn 0.000000 -0.058797 -0.998270
vn 0.000000 -0.060059 0.998195
vn 0.000000 -0.060059 0.998195
vn 0.000000 -0.030043 0.999549
vn 0.000000 -0.030043 0.999549
vn 0.000000 0.000005 -1.000000
vn 0.000000 0.000005 -1.000000
vn 0.000000 0.034846 -0.999393
vn 0.000000 0.034846 -0.999393
vn 1.000000 0.000199 -0.000018
vn 1.000000 0.000199 -0.000018
vn 1.000000 0.000197 -0.000019
vn 1.000000 0.000197 -0.000019
vn -1.000000 -0.000192 0.000000
vn -1.000000 -0.000192 0.000000
vn -1.000000 -0.000198 0.000000
vn -1.000000 -0.000198 0.000000
vn 0.000000 0.000000 1.000000
vn 0.000000 0.000000 1.000000
vn 1.000000 0.000195 -0.000019
vn 1.000000 0.000195 -0.000019
vn -1.000000 -0.000203 0.000000
vn -1.000000 -0.000203 0.000000
vn 0.000000 0.069646 -0.997572
vn 0.000000 0.069646 -0.997572
vn 1.000000 0.000000 0.000000
vn 1.000000 0.000000 0.000000
vn 1.000000 0.000000 0.000000
vn 1.000000 0.000000 0.000000
vn 0.999992 0.001701 -0.003683
vn 0.999992 0.001701 -0.003683
vn 0.999992 0.001701 -0.003683
vn 0.999992 0.001701 -0.003683
vn -0.637023 -0.691120 -0.341401
vn -0.283281 -0.871304 -0.400725
vn -0.023049 -0.896266 -0.442919
vn -0.024237 -0.897561 -0.440224
vn 0.503916 -0.774940 -0.381493
vn 0.779153 -0.554246 -0.292801
vn 0.017419 -0.391440 0.920039
vn 0.017419 -0.391440 0.920039
vn 0.017419 -0.391440 0.920039
vn 0.017419 -0.391440 0.920039
vn -0.900180 -0.377121 -0.217846
vn -0.025509 -0.898937 -0.437335
vn 0.888867 -0.398456 -0.226162
vn 0.830850 0.527193 0.178201
vn 0.661093 0.697924 0.275424
vn 0.003022 0.930110 0.367268
vn 0.002921 0.935484 0.353358
vn 0.000351 -0.375466 0.926836
vn 0.000526 -0.290711 0.956811
vn -0.072505 -0.335103 0.939388
vn 0.012329 0.919586 0.392695
vn 0.012329 0.919586 0.392695
vn 0.012329 0.919586 0.392695
vn 0.012329 0.919586 0.392695
vn 0.900899 0.417346 0.119176
vn 0.002823 0.940465 0.339878
vn -0.828585 0.530332 0.179431
vn -0.899682 0.419750 0.119923
vn 0.073800 -0.334878 0.939367
vn 0.075001 -0.417625 0.905519
vn -0.074465 -0.413585 0.907415
vn -0.000246 -0.452475 0.891777
vn -0.633683 -0.693714 -0.342354
vn -0.279869 -0.872273 -0.401016
vn -0.016417 -0.896391 -0.442960
vn -0.017311 -0.897710 -0.440247
vn 0.264059 -0.876642 -0.402208
vn 0.617839 -0.705792 -0.346602
vn -0.898519 -0.380337 -0.219105
vn -0.018266 -0.899112 -0.437338
vn 0.890423 -0.395686 -0.224899
vn 0.840079 0.514394 0.172240
vn 0.678958 0.683494 0.268052
vn 0.026295 0.929820 0.367075
vn 0.026257 0.935175 0.353212
vn 0.000663 -0.375406 0.926860
vn 0.001180 -0.290710 0.956811
vn -0.072199 -0.333657 0.939926
vn 0.906065 0.407274 0.114780
vn 0.026215 0.940140 0.339778
vn -0.819682 0.542094 0.185085
vn -0.894727 0.428995 0.124207
vn 0.074167 -0.336337 0.938817
vn 0.075190 -0.417065 0.905761
vn -0.074378 -0.413966 0.907249
vn 0.000002 -0.452285 0.891873
vn -0.000017 0.919663 0.392708
vn -0.000017 0.919663 0.392708
vn -0.000017 0.919663 0.392708
vn -0.000017 0.919663 0.392708
vn -0.000008 -0.391344 0.920244
vn -0.000008 -0.391344 0.920244
vn -0.000008 -0.391344 0.920244
vn -0.000008 -0.391344 0.920244
vn -0.634851 -0.690922 -0.345819
vn -0.292586 -0.865294 -0.407013
vn -0.005097 -0.896516 -0.442983
vn -0.005424 -0.897837 -0.440295
vn 0.269334 -0.875223 -0.401800
vn 0.623138 -0.701735 -0.345350
vn -0.895706 -0.385742 -0.221166
vn -0.005773 -0.899241 -0.437415
vn 0.893153 -0.390421 -0.223270
vn 0.837633 0.517907 0.173616
vn 0.674299 0.687322 0.270019
vn 0.020365 0.929932 0.367167
vn 0.020288 0.935312 0.353242
vn 0.000730 -0.375300 0.926903
vn 0.001049 -0.290446 0.956891
vn -0.072420 -0.333880 0.939830
vn 0.904657 0.410150 0.115638
vn 0.020210 0.940299 0.339748
vn -0.821887 0.539212 0.183718
vn -0.895945 0.426739 0.123192
vn 0.074257 -0.335679 0.939045
vn 0.075486 -0.416114 0.906174
vn -0.074349 -0.414849 0.906848
vn 0.000336 -0.452386 0.891822
vn -0.000013 0.919659 0.392718
vn -0.000013 0.919659 0.392718
vn -0.000013 0.919659 0.392718
vn -0.000013 0.919659 0.392718
vn -0.000027 -0.391355 0.920240
vn -0.000027 -0.391355 0.920240
vn -0.000027 -0.391355 0.920240
vn -0.000027 -0.391355 0.920240
vn -0.012440 0.919643 0.392559
vn -0.012440 0.919643 0.392559
vn -0.012440 0.919643 0.392559
vn -0.012440 0.919643 0.392559
vn -0.017414 -0.391597 0.919972
vn -0.017414 -0.391597 0.919972
vn -0.017414 -0.391597 0.919972
vn -0.017414 -0.391597 0.919972
vn -0.038342 -0.911211 -0.410152
vn -0.038342 -0.911211 -0.410152
vn -0.643669 0.711364 0.282227
vn -0.639421 0.714536 0.283863
vn -0.656545 0.701518 0.277166
vn -0.636841 -0.691229 -0.341520
vn -0.283074 -0.871352 -0.400768
vn -0.023027 -0.896262 -0.442927
vn -0.024211 -0.897532 -0.440284
vn 0.279860 -0.869018 -0.408028
vn 0.621840 -0.700812 -0.349538
vn 0.017966 -0.391461 0.920019
vn 0.017966 -0.391461 0.920019
vn 0.017966 -0.391461 0.920019
vn 0.017966 -0.391461 0.920019
vn 0.039467 -0.911145 -0.410191
vn 0.039467 -0.911145 -0.410191
vn -0.900110 -0.377201 -0.217994
vn -0.025479 -0.898881 -0.437451
vn 0.888808 -0.398445 -0.226410
vn 0.830636 0.527523 0.178225
vn 0.660769 0.698184 0.275542
vn 0.003066 0.930106 0.367277
vn 0.002938 0.935483 0.353361
vn 0.000337 -0.375459 0.926839
vn 0.000523 -0.290612 0.956841
vn -0.072599 -0.335039 0.939403
vn 0.012835 0.919646 0.392538
vn 0.012835 0.919646 0.392538
vn 0.012835 0.919646 0.392538
vn 0.012835 0.919646 0.392538
vn 0.900744 0.417692 0.119141
vn 0.002814 0.940467 0.339873
vn -0.828363 0.530646 0.179525
vn -0.899543 0.420031 0.119988
vn 0.073877 -0.334779 0.939396
vn 0.075049 -0.417653 0.905502
vn -0.074550 -0.413626 0.907390
vn -0.000269 -0.452605 0.891711
vn -0.633463 -0.693838 -0.342510
vn -0.279672 -0.872320 -0.401050
vn -0.016438 -0.896385 -0.442972
vn -0.017324 -0.897687 -0.440293
vn 0.263852 -0.876694 -0.402231
vn 0.617646 -0.705899 -0.346729
vn -0.898385 -0.380506 -0.219361
vn -0.018272 -0.899071 -0.437421
vn 0.890342 -0.395761 -0.225088
vn 0.839854 0.514744 0.172290
vn 0.678598 0.683810 0.268157
vn 0.026286 0.929823 0.367068
vn 0.026235 0.935193 0.353165
vn 0.000641 -0.375234 0.926930
vn 0.001208 -0.290590 0.956847
vn -0.072286 -0.333509 0.939971
vn 0.905910 0.407616 0.114790
vn 0.026181 0.940172 0.339692
vn -0.819505 0.542367 0.185069
vn -0.894634 0.429219 0.124101
vn 0.074257 -0.335968 0.938942
vn 0.075168 -0.416747 0.905909
vn -0.074448 -0.413890 0.907277
vn -0.000066 -0.452275 0.891879
vn -0.000003 0.919663 0.392708
vn -0.000003 0.919663 0.392708
vn -0.000003 0.919663 0.392708
vn -0.000003 0.919663 0.392708
vn -0.000008 -0.391400 0.920221
vn -0.000008 -0.391400 0.920221
vn -0.000008 -0.391400 0.920221
vn -0.000008 -0.391400 0.920221
vn -0.791592 -0.539374 -0.287156
vn -0.526964 -0.761794 -0.376802
vn -0.005069 -0.896509 -0.442997
vn -0.005422 -0.897811 -0.440348
vn 0.269182 -0.875259 -0.401825
vn 0.622940 -0.701879 -0.345414
vn -0.895601 -0.385828 -0.221441
vn -0.005799 -0.899195 -0.437510
vn 0.893017 -0.390672 -0.223376
vn 0.837505 0.518111 0.173629
vn 0.674026 0.687554 0.270109
vn 0.020440 0.929936 0.367153
vn 0.020335 0.935325 0.353205
vn 0.000682 -0.375409 0.926859
vn 0.000983 -0.290576 0.956851
vn -0.072423 -0.333923 0.939814
vn 0.904595 0.410301 0.115593
vn 0.020230 0.940321 0.339686
vn -0.821692 0.539494 0.183762
vn -0.895844 0.426953 0.123185
vn 0.074150 -0.335847 0.938993
vn 0.075388 -0.416277 0.906107
vn -0.074329 -0.414886 0.906833
vn 0.000302 -0.452501 0.891764
vn -0.000003 0.919659 0.392717
vn -0.000003 0.919659 0.392717
vn -0.000003 0.919659 0.392717
vn -0.000003 0.919659 0.392717
vn 0.000008 -0.391158 0.920324
vn 0.000008 -0.391158 0.920324
vn 0.000008 -0.391158 0.920324
vn 0.000008 -0.391158 0.920324
vn -0.011713 0.919567 0.392758
vn -0.011713 0.919567 0.392758
vn -0.011713 0.919567 0.392758
vn -0.011713 0.919567 0.392758
vn -0.016815 -0.391245 0.920133
vn -0.016815 -0.391245 0.920133
vn -0.016815 -0.391245 0.920133
vn -0.016815 -0.391245 0.920133
vn -0.643271 0.711682 0.282331
vn -0.639059 0.714814 0.283980
vn -0.656153 0.701834 0.277293
vn 0.040565 -0.910997 -0.410413
vn 0.040565 -0.910997 -0.410413
vn 0.040565 -0.910997 -0.410413
vn 0.040565 -0.910997 -0.410413
vn -0.038572 -0.911153 -0.410258
vn -0.038572 -0.911153 -0.410258
vn -0.038572 -0.911153 -0.410258
vn -0.038572 -0.911153 -0.410258
vn 0.636773 -0.691267 0.341571
vn 0.283008 -0.871370 0.400776
vn 0.022985 -0.896263 0.442927
vn 0.024182 -0.897540 0.440270
vn -0.503529 -0.775150 0.381576
vn -0.778932 -0.554444 0.293013
vn -0.017183 -0.391379 -0.920069
vn -0.017183 -0.391379 -0.920069
vn -0.017183 -0.391379 -0.920069
vn -0.017183 -0.391379 -0.920069
vn 0.900070 -0.377246 0.218079
vn 0.025462 -0.898896 0.437423
vn -0.888740 -0.398595 0.226416
vn -0.830630 0.527532 -0.178222
vn -0.660690 0.698246 -0.275576
vn -0.003022 0.930100 -0.367295
vn -0.002918 0.935489 -0.353344
vn -0.000408 -0.375429 -0.926851
vn -0.000600 -0.290652 -0.956829
vn 0.072401 -0.335056 -0.939413
vn -0.012203 0.919588 -0.392694
vn -0.012203 0.919588 -0.392694
vn -0.012203 0.919588 -0.392694
vn -0.012203 0.919588 -0.392694
vn -0.900766 0.417653 -0.119109
vn -0.002817 0.940485 -0.339823
vn 0.828342 0.530688 -0.179497
vn 0.899522 0.420091 -0.119932
vn -0.073822 -0.334796 -0.939395
vn -0.074989 -0.417566 -0.905547
vn 0.074355 -0.413593 -0.907421
vn 0.000199 -0.452491 -0.891769
vn 0.633459 -0.693861 0.342472
vn 0.279635 -0.872328 0.401058
vn 0.016419 -0.896393 0.442956
vn 0.017325 -0.897705 0.440257
vn -0.263819 -0.876707 0.402225
vn -0.617566 -0.705960 0.346747
vn 0.898413 -0.380498 0.219263
vn 0.018294 -0.899098 0.437365
vn -0.890252 -0.395924 0.225155
vn -0.839859 0.514737 -0.172285
vn -0.678487 0.683904 -0.268200
vn -0.026284 0.929827 -0.367056
vn -0.026240 0.935181 -0.353197
vn -0.000645 -0.375463 -0.926837
vn -0.001203 -0.290697 -0.956814
vn 0.072085 -0.333819 -0.939877
vn -0.905956 0.407525 -0.114748
vn -0.026192 0.940145 -0.339766
vn 0.819431 0.542446 -0.185163
vn 0.894582 0.429287 -0.124239
vn -0.074059 -0.336289 -0.938842
vn -0.075054 -0.417060 -0.905775
vn 0.074319 -0.414155 -0.907167
vn 0.000058 -0.452346 -0.891843
vn -0.000021 0.919660 -0.392717
vn -0.000021 0.919660 -0.392717
vn -0.000021 0.919660 -0.392717
vn -0.000021 0.919660 -0.392717
vn -0.000004 -0.391514 -0.920172
vn -0.000004 -0.391514 -0.920172
vn -0.000004 -0.391514 -0.920172
vn -0.000004 -0.391514 -0.920172
vn 0.634585 -0.691088 0.345976
vn 0.292294 -0.865385 0.407030
vn 0.005055 -0.896529 0.442956
vn 0.005400 -0.897823 0.440324
vn -0.269098 -0.875283 0.401829
vn -0.622897 -0.701889 0.345472
vn 0.895568 -0.385912 0.221428
vn 0.005769 -0.899198 0.437504
vn -0.893018 -0.390619 0.223462
vn -0.837453 0.518183 -0.173662
vn -0.673957 0.687607 -0.270146
vn -0.020427 0.929934 -0.367160
vn -0.020325 0.935323 -0.353210
vn -0.000771 -0.375399 -0.926863
vn -0.001075 -0.290573 -0.956852
vn 0.072294 -0.333953 -0.939813
vn -0.904554 0.410382 -0.115624
vn -0.020223 0.940320 -0.339691
vn 0.821667 0.539539 -0.183743
vn 0.895830 0.426993 -0.123147
vn -0.074200 -0.335830 -0.938995
vn -0.075445 -0.416242 -0.906119
vn 0.074210 -0.414898 -0.906837
vn -0.000391 -0.452464 -0.891783
vn -0.000001 0.919662 -0.392712
vn -0.000001 0.919662 -0.392712
vn -0.000001 0.919662 -0.392712
vn -0.000001 0.919662 -0.392712
vn 0.000000 -0.391462 -0.920195
vn 0.000000 -0.391462 -0.920195
vn 0.000000 -0.391462 -0.920195
vn 0.000000 -0.391462 -0.920195
vn 0.012449 0.919644 -0.392556
vn 0.012449 0.919644 -0.392556
vn 0.012449 0.919644 -0.392556
vn 0.012449 0.919644 -0.392556
vn 0.017416 -0.391522 -0.920004
vn 0.017416 -0.391522 -0.920004
vn 0.017416 -0.391522 -0.920004
vn 0.017416 -0.391522 -0.920004
vn 0.038302 -0.911217 0.410143
vn 0.038302 -0.911217 0.410143
vn 0.643220 0.711724 -0.282343
vn 0.638946 0.714911 -0.283991
vn 0.656140 0.701838 -0.277315
vn 0.999992 -0.001887 -0.003645
vn 0.999992 -0.001887 -0.003645
vn 0.999992 -0.001887 -0.003645
vn 0.999992 -0.001887 -0.003645
vn 0.636581 -0.691430 0.341598
vn 0.282815 -0.871425 0.400791
vn 0.023018 -0.896267 0.442918
vn 0.024213 -0.897547 0.440253
vn -0.279617 -0.869078 0.408065
vn -0.621595 -0.700995 0.349607
vn -0.017873 -0.391427 -0.920035
vn -0.017873 -0.391427 -0.920035
vn -0.017873 -0.391427 -0.920035
vn -0.017873 -0.391427 -0.920035
vn -0.039468 -0.911141 0.410202
vn -0.039468 -0.911141 0.410202
vn 0.899969 -0.377472 0.218109
vn 0.025492 -0.898907 0.437398
vn -0.888679 -0.398688 0.226488
vn -0.830412 0.527845 -0.178317
vn -0.660311 0.698576 -0.275648
vn -0.003042 0.930115 -0.367256
vn -0.002938 0.935486 -0.353353
vn -0.000379 -0.375424 -0.926853
vn -0.000562 -0.290537 -0.956864
vn 0.072494 -0.334949 -0.939443
vn -0.012817 0.919645 -0.392541
vn -0.012817 0.919645 -0.392541
vn -0.012817 0.919645 -0.392541
vn -0.012817 0.919645 -0.392541
vn -0.900625 0.417928 -0.119208
vn -0.002836 0.940466 -0.339877
vn 0.828158 0.530925 -0.179646
vn 0.899440 0.420227 -0.120074
vn -0.073847 -0.334715 -0.939421
vn -0.075005 -0.417639 -0.905512
vn 0.074421 -0.413613 -0.907406
vn 0.000220 -0.452653 -0.891687
vn 0.633259 -0.694012 0.342537
vn 0.279430 -0.872385 0.401077
vn 0.016395 -0.896393 0.442956
vn 0.017303 -0.897711 0.440244
vn -0.263643 -0.876750 0.402246
vn -0.617392 -0.706080 0.346812
vn 0.898312 -0.380685 0.219351
vn 0.018274 -0.899112 0.437338
vn -0.890166 -0.396069 0.225244
vn -0.839704 0.514969 -0.172348
vn -0.678231 0.684120 -0.268297
vn -0.026321 0.929819 -0.367076
vn -0.026254 0.935185 -0.353187
vn -0.000663 -0.375292 -0.926907
vn -0.001210 -0.290538 -0.956863
vn 0.072132 -0.333501 -0.939986
vn -0.905854 0.407742 -0.114781
vn -0.026184 0.940160 -0.339726
vn 0.819260 0.542679 -0.185236
vn 0.894486 0.429478 -0.124271
vn -0.074131 -0.336039 -0.938926
vn -0.075064 -0.416899 -0.905848
vn 0.074281 -0.413967 -0.907256
vn 0.000028 -0.452389 -0.891821
vn 0.000006 0.919661 -0.392714
vn 0.000006 0.919661 -0.392714
vn 0.000006 0.919661 -0.392714
vn 0.000006 0.919661 -0.392714
vn 0.000015 -0.391147 -0.920328
vn 0.000015 -0.391147 -0.920328
vn 0.000015 -0.391147 -0.920328
vn 0.000015 -0.391147 -0.920328
vn 0.791344 -0.539664 0.287292
vn 0.526520 -0.762044 0.376915
vn 0.005066 -0.896512 0.442990
vn 0.005430 -0.897813 0.440342
vn -0.268919 -0.875324 0.401858
vn -0.622667 -0.702056 0.345547
vn 0.895458 -0.386089 0.221565
vn 0.005821 -0.899196 0.437506
vn -0.892857 -0.390915 0.223587
vn -0.837307 0.518406 -0.173700
vn -0.673608 0.687902 -0.270265
vn -0.020429 0.929934 -0.367159
vn -0.020316 0.935325 -0.353205
vn -0.000718 -0.375363 -0.926878
vn -0.000977 -0.290567 -0.956854
vn 0.072329 -0.333782 -0.939871
vn -0.904496 0.410517 -0.115599
vn -0.020203 0.940324 -0.339681
vn 0.821501 0.539760 -0.183834
vn 0.895755 0.427133 -0.123209
vn -0.074084 -0.335900 -0.938980
vn -0.075355 -0.416295 -0.906102
vn 0.074183 -0.414747 -0.906908
vn -0.000384 -0.452457 -0.891786
vn 0.000001 0.919661 -0.392713
vn 0.000001 0.919661 -0.392713
vn 0.000001 0.919661 -0.392713
vn 0.000001 0.919661 -0.392713
vn -0.000012 -0.391211 -0.920301
vn -0.000012 -0.391211 -0.920301
vn -0.000012 -0.391211 -0.920301
vn -0.000012 -0.391211 -0.920301
vn 0.011789 0.919567 -0.392757
vn 0.011789 0.919567 -0.392757
vn 0.011789 0.919567 -0.392757
vn 0.011789 0.919567 -0.392757
vn 0.016938 -0.391085 -0.920199
vn 0.016938 -0.391085 -0.920199
vn 0.016938 -0.391085 -0.920199
vn 0.016938 -0.391085 -0.920199
vn 0.642854 0.712011 -0.282452
vn 0.638620 0.715154 -0.284111
vn 0.655729 0.702173 -0.277438
vn -0.040164 -0.911010 0.410425
vn -0.040164 -0.911010 0.410425
vn -0.040164 -0.911010 0.410425
vn -0.040164 -0.911010 0.410425
vn 0.038831 -0.911146 0.410250
vn 0.038831 -0.911146 0.410250
vn 0.038831 -0.911146 0.410250
vn 0.038831 -0.911146 0.410250
vn -0.637023 -0.691121 -0.341400
vn -0.283245 -0.871308 -0.400742
vn -0.023018 -0.896268 -0.442915
vn -0.024215 -0.897548 -0.440252
vn 0.503908 -0.774959 -0.381465
vn 0.779163 -0.554201 -0.292857
vn 0.017253 -0.391373 0.920070
vn 0.017253 -0.391373 0.920070
vn 0.017253 -0.391373 0.920070
vn 0.017253 -0.391373 0.920070
vn -0.900208 -0.377077 -0.217805
vn -0.025496 -0.898907 -0.437397
vn 0.888881 -0.398369 -0.226258
vn 0.830813 0.527268 0.178153
vn 0.661059 0.697953 0.275430
vn 0.003002 0.930111 0.367267
vn 0.002891 0.935484 0.353357
vn 0.000371 -0.375428 0.926852
vn 0.000558 -0.290651 0.956829
vn -0.072493 -0.335050 0.939408
vn 0.012212 0.919586 0.392700
vn 0.012212 0.919586 0.392700
vn 0.012212 0.919586 0.392700
vn 0.012212 0.919586 0.392700
vn 0.900862 0.417448 0.119100
vn 0.002784 0.940466 0.339878
vn -0.828565 0.530343 0.179489
vn -0.899659 0.419775 0.120013
vn 0.073836 -0.334785 0.939397
vn 0.075017 -0.417568 0.905544
vn -0.074452 -0.413585 0.907416
vn -0.000233 -0.452501 0.891764
vn -0.633685 -0.693705 -0.342370
vn -0.279865 -0.872272 -0.401020
vn -0.016413 -0.896391 -0.442960
vn -0.017306 -0.897703 -0.440260
vn 0.264060 -0.876643 -0.402206
vn 0.617840 -0.705763 -0.346658
vn -0.898529 -0.380302 -0.219125
vn -0.018261 -0.899098 -0.437367
vn 0.890427 -0.395618 -0.225002
vn 0.840052 0.514454 0.172190
vn 0.678931 0.683517 0.268064
vn 0.026297 0.929820 0.367075
vn 0.026258 0.935183 0.353191
vn 0.000644 -0.375371 0.926875
vn 0.001175 -0.290702 0.956813
vn -0.072193 -0.333648 0.939929
vn 0.906039 0.407355 0.114697
vn 0.026215 0.940155 0.339736
vn -0.819653 0.542142 0.185070
vn -0.894700 0.429058 0.124181
vn 0.074138 -0.336248 0.938851
vn 0.075137 -0.416967 0.905811
vn -0.074376 -0.413970 0.907247
vn -0.000031 -0.452277 0.891877
vn 0.000000 0.919662 0.392711
vn 0.000000 0.919662 0.392711
vn 0.000000 0.919662 0.392711
vn 0.000000 0.919662 0.392711
vn 0.000001 -0.391437 0.920205
vn 0.000001 -0.391437 0.920205
vn 0.000001 -0.391437 0.920205
vn 0.000001 -0.391437 0.920205
vn -0.634827 -0.690924 -0.345859
vn -0.292565 -0.865303 -0.407010
vn -0.005064 -0.896513 -0.442989
vn -0.005411 -0.897819 -0.440331
vn 0.269352 -0.875213 -0.401811
vn 0.623112 -0.701751 -0.345366
vn -0.895680 -0.385753 -0.221253
vn -0.005782 -0.899209 -0.437482
vn 0.893098 -0.390520 -0.223315
vn 0.837670 0.517862 0.173575
vn 0.674316 0.687308 0.270011
vn 0.020354 0.929937 0.367156
vn 0.020269 0.935322 0.353218
vn 0.000707 -0.375382 0.926870
vn 0.001013 -0.290514 0.956870
vn -0.072433 -0.333925 0.939813
vn 0.904699 0.410077 0.115573
vn 0.020182 0.940314 0.339710
vn -0.821919 0.539177 0.183678
vn -0.895974 0.426692 0.123143
vn 0.074209 -0.335811 0.939002
vn 0.075459 -0.416248 0.906114
vn -0.074355 -0.414889 0.906829
vn 0.000330 -0.452453 0.891788
vn 0.000000 0.919661 0.392713
vn 0.000000 0.919661 0.392713
vn 0.000000 0.919661 0.392713
vn 0.000000 0.919661 0.392713
vn 0.000000 -0.391443 0.920202
vn 0.000000 -0.391443 0.920202
vn 0.000000 -0.391443 0.920202
vn 0.000000 -0.391443 0.920202
vn -0.012458 0.919638 0.392569
vn -0.012458 0.919638 0.392569
vn -0.012458 0.919638 0.392569
vn -0.012458 0.919638 0.392569
vn -0.017427 -0.391543 0.919995
vn -0.017427 -0.391543 0.919995
vn -0.017427 -0.391543 0.919995
vn -0.017427 -0.391543 0.919995
vn -0.038323 -0.911211 -0.410154
vn -0.038323 -0.911211 -0.410154
vn -0.643703 0.711343 0.282202
vn -0.639391 0.714561 0.283870
vn -0.656543 0.701518 0.277170
vn -0.636832 -0.691244 -0.341508
vn -0.283051 -0.871363 -0.400760
vn -0.023009 -0.896272 -0.442908
vn -0.024209 -0.897541 -0.440267
vn 0.279865 -0.869015 -0.408030
vn 0.621804 -0.700842 -0.349544
vn 0.017927 -0.391449 0.920025
vn 0.017927 -0.391449 0.920025
vn 0.017927 -0.391449 0.920025
vn 0.017927 -0.391449 0.920025
vn 0.039483 -0.911138 -0.410206
vn 0.039483 -0.911138 -0.410206
vn -0.900112 -0.377208 -0.217975
vn -0.025492 -0.898888 -0.437436
vn 0.888750 -0.398556 -0.226444
vn 0.830666 0.527488 0.178189
vn 0.660749 0.698213 0.275514
vn 0.003060 0.930116 0.367254
vn 0.002932 0.935490 0.353342
vn 0.000364 -0.375388 0.926868
vn 0.000555 -0.290564 0.956856
vn -0.072579 -0.334942 0.939439
vn 0.012845 0.919640 0.392553
vn 0.012845 0.919640 0.392553
vn 0.012845 0.919640 0.392553
vn 0.012845 0.919640 0.392553
vn 0.900789 0.417606 0.119095
vn 0.002808 0.940473 0.339858
vn -0.828358 0.530652 0.179531
vn -0.899540 0.420035 0.119995
vn 0.073909 -0.334670 0.939433
vn 0.075053 -0.417552 0.905548
vn -0.074507 -0.413565 0.907421
vn -0.000243 -0.452595 0.891716
vn -0.633508 -0.693835 -0.342435
vn -0.279697 -0.872317 -0.401039
vn -0.016433 -0.896385 -0.442971
vn -0.017345 -0.897696 -0.440274
vn 0.263875 -0.876685 -0.402236
vn 0.617631 -0.705905 -0.346743
vn -0.898426 -0.380489 -0.219224
vn -0.018321 -0.899088 -0.437384
vn 0.890302 -0.395828 -0.225127
vn 0.839886 0.514701 0.172263
vn 0.678600 0.683807 0.268159
vn 0.026296 0.929824 0.367064
vn 0.026246 0.935187 0.353180
vn 0.000638 -0.375322 0.926894
vn 0.001174 -0.290597 0.956845
vn -0.072289 -0.333499 0.939975
vn 0.905949 0.407541 0.114744
vn 0.026193 0.940161 0.339724
vn -0.819494 0.542359 0.185142
vn -0.894626 0.429203 0.124217
vn 0.074224 -0.336136 0.938884
vn 0.075179 -0.416971 0.905806
vn -0.074434 -0.413920 0.907265
vn -0.000037 -0.452381 0.891825
vn 0.000000 0.919659 0.392718
vn 0.000000 0.919659 0.392718
vn 0.000000 0.919659 0.392718
vn 0.000000 0.919659 0.392718
vn -0.000020 -0.391291 0.920267
vn -0.000020 -0.391291 0.920267
vn -0.000020 -0.391291 0.920267
vn -0.000020 -0.391291 0.920267
vn -0.791560 -0.539414 -0.287169
vn -0.526955 -0.761812 -0.376776
vn -0.005065 -0.896520 -0.442975
vn -0.005413 -0.897810 -0.440349
vn 0.269170 -0.875264 -0.401822
vn 0.622929 -0.701866 -0.345460
vn -0.895565 -0.385889 -0.221480
vn -0.005786 -0.899182 -0.437537
vn 0.893005 -0.390647 -0.223468
vn 0.837518 0.518094 0.173615
vn 0.674064 0.687512 0.270120
vn 0.020455 0.929929 0.367170
vn 0.020338 0.935325 0.353203
vn 0.000708 -0.375329 0.926891
vn 0.001013 -0.290516 0.956870
vn -0.072414 -0.333824 0.939850
vn 0.904598 0.410300 0.115566
vn 0.020221 0.940328 0.339668
vn -0.821719 0.539474 0.183699
vn -0.895872 0.426923 0.123088
vn 0.074191 -0.335740 0.939029
vn 0.075407 -0.416179 0.906151
vn -0.074299 -0.414807 0.906871
vn 0.000332 -0.452466 0.891781
vn 0.000000 0.919662 0.392710
vn 0.000000 0.919662 0.392710
vn 0.000000 0.919662 0.392710
vn 0.000000 0.919662 0.392710
vn 0.000002 -0.391143 0.920330
vn 0.000002 -0.391143 0.920330
vn 0.000002 -0.391143 0.920330
vn 0.000002 -0.391143 0.920330
vn -0.011940 0.919568 0.392749
vn -0.011940 0.919568 0.392749
vn -0.011940 0.919568 0.392749
vn -0.011940 0.919568 0.392749
vn -0.017163 -0.391240 0.920129
vn -0.017163 -0.391240 0.920129
vn -0.017163 -0.391240 0.920129
vn -0.017163 -0.391240 0.920129
vn -0.643288 0.711668 0.282327
vn -0.639047 0.714827 0.283976
vn -0.656143 0.701843 0.277295
vn 0.040210 -0.911012 -0.410414
vn 0.040210 -0.911012 -0.410414
vn 0.040210 -0.911012 -0.410414
vn 0.040210 -0.911012 -0.410414
vn -0.039322 -0.911120 -0.410260
vn -0.039322 -0.911120 -0.410260
vn -0.039322 -0.911120 -0.410260
vn -0.039322 -0.911120 -0.410260
vn 0.636787 -0.691273 0.341532
vn 0.283005 -0.871371 0.400775
vn 0.022992 -0.896260 0.442934
vn 0.024194 -0.897538 0.440273
vn -0.503519 -0.775147 0.381596
vn -0.778933 -0.554432 0.293033
vn -0.017622 -0.391436 -0.920037
vn -0.017622 -0.391436 -0.920037
vn -0.017622 -0.391436 -0.920037
vn -0.017622 -0.391436 -0.920037
vn 0.900090 -0.377245 0.218001
vn 0.025479 -0.898896 0.437420
vn -0.888744 -0.398576 0.226433
vn -0.830624 0.527544 -0.178217
vn -0.660665 0.698277 -0.275556
vn -0.003046 0.930115 -0.367257
vn -0.002940 0.935490 -0.353341
vn -0.000370 -0.375433 -0.926850
vn -0.000557 -0.290673 -0.956822
vn 0.072412 -0.335074 -0.939405
vn -0.012433 0.919585 -0.392694
vn -0.012433 0.919585 -0.392694
vn -0.012433 0.919585 -0.392694
vn -0.012433 0.919585 -0.392694
vn -0.900766 0.417652 -0.119112
vn -0.002838 0.940474 -0.339854
vn 0.828318 0.530710 -0.179546
vn 0.899513 0.420087 -0.120010
vn -0.073756 -0.334789 -0.939402
vn -0.074936 -0.417562 -0.905553
vn 0.074373 -0.413590 -0.907420
vn 0.000238 -0.452493 -0.891768
vn 0.633450 -0.693889 0.342433
vn 0.279618 -0.872337 0.401051
vn 0.016401 -0.896394 0.442956
vn 0.017299 -0.897707 0.440254
vn -0.263822 -0.876701 0.402234
vn -0.617585 -0.705933 0.346767
vn 0.898417 -0.380529 0.219191
vn 0.018259 -0.899102 0.437359
vn -0.890275 -0.395863 0.225175
vn -0.839865 0.514734 -0.172268
vn -0.678539 0.683855 -0.268195
vn -0.026310 0.929817 -0.367080
vn -0.026255 0.935181 -0.353195
vn -0.000639 -0.375383 -0.926870
vn -0.001170 -0.290721 -0.956807
vn 0.072121 -0.333665 -0.939929
vn -0.905944 0.407556 -0.114728
vn -0.026196 0.940155 -0.339738
vn 0.819432 0.542434 -0.185196
vn 0.894579 0.429282 -0.124279
vn -0.074054 -0.336269 -0.938850
vn -0.075046 -0.416993 -0.905806
vn 0.074296 -0.413967 -0.907255
vn 0.000034 -0.452281 -0.891876
vn 0.000000 0.919660 -0.392716
vn 0.000000 0.919660 -0.392716
vn 0.000000 0.919660 -0.392716
vn 0.000000 0.919660 -0.392716
vn -0.000001 -0.391440 -0.920204
vn -0.000001 -0.391440 -0.920204
vn -0.000001 -0.391440 -0.920204
vn -0.000001 -0.391440 -0.920204
vn 0.634595 -0.691074 0.345985
vn 0.292293 -0.865378 0.407045
vn 0.005054 -0.896521 0.442973
vn 0.005399 -0.897822 0.440325
vn -0.269108 -0.875278 0.401832
vn -0.622869 -0.701915 0.345471
vn 0.895586 -0.385875 0.221421
vn 0.005769 -0.899206 0.437487
vn -0.892971 -0.390718 0.223476
vn -0.837472 0.518155 -0.173654
vn -0.673945 0.687620 -0.270143
vn -0.020412 0.929938 -0.367151
vn -0.020305 0.935324 -0.353209
vn -0.000707 -0.375374 -0.926873
vn -0.001013 -0.290497 -0.956875
vn 0.072348 -0.333917 -0.939822
vn -0.904584 0.410321 -0.115609
vn -0.020197 0.940318 -0.339697
vn 0.821651 0.539561 -0.183746
vn 0.895807 0.427039 -0.123161
vn -0.074127 -0.335795 -0.939014
vn -0.075377 -0.416249 -0.906121
vn 0.074272 -0.414890 -0.906835
vn -0.000327 -0.452459 -0.891785
vn 0.000000 0.919660 -0.392715
vn 0.000000 0.919660 -0.392715
vn 0.000000 0.919660 -0.392715
vn 0.000000 0.919660 -0.392715
vn 0.000000 -0.391442 -0.920203
vn 0.000000 -0.391442 -0.920203
vn 0.000000 -0.391442 -0.920203
vn 0.000000 -0.391442 -0.920203
vn 0.012444 0.919641 -0.392562
vn 0.012444 0.919641 -0.392562
vn 0.012444 0.919641 -0.392562
vn 0.012444 0.919641 -0.392562
vn 0.017409 -0.391541 -0.919996
vn 0.017409 -0.391541 -0.919996
vn 0.017409 -0.391541 -0.919996
vn 0.017409 -0.391541 -0.919996
vn 0.038282 -0.911212 0.410155
vn 0.038282 -0.911212 0.410155
vn 0.643230 0.711718 -0.282333
vn 0.638959 0.714890 -0.284013
vn 0.656080 0.701899 -0.277305
vn 0.636572 -0.691445 0.341585
vn 0.282803 -0.871428 0.400795
vn 0.023005 -0.896273 0.442905
vn 0.024214 -0.897544 0.440260
vn -0.279598 -0.869087 0.408060
vn -0.621550 -0.701031 0.349615
vn -0.017910 -0.391443 -0.920028
vn -0.017910 -0.391443 -0.920028
vn -0.017910 -0.391443 -0.920028
vn -0.017910 -0.391443 -0.920028
vn -0.039437 -0.911143 0.410199
vn -0.039437 -0.911143 0.410199
vn 0.899960 -0.377507 0.218083
vn 0.025508 -0.898894 0.437424
vn -0.888619 -0.398798 0.226532
vn -0.830462 0.527768 -0.178309
vn -0.660348 0.698536 -0.275659
vn -0.003084 0.930115 -0.367255
vn -0.002961 0.935487 -0.353348
vn -0.000368 -0.375384 -0.926869
vn -0.000557 -0.290540 -0.956863
vn 0.072493 -0.334916 -0.939455
vn -0.012830 0.919647 -0.392536
vn -0.012830 0.919647 -0.392536
vn -0.012830 0.919647 -0.392536
vn -0.012830 0.919647 -0.392536
vn -0.900679 0.417820 -0.119184
vn -0.002841 0.940468 -0.339870
vn 0.828159 0.530922 -0.179653
vn 0.899451 0.420197 -0.120090
vn -0.073832 -0.334677 -0.939436
vn -0.074976 -0.417566 -0.905548
vn 0.074418 -0.413568 -0.907427
vn 0.000237 -0.452606 -0.891710
vn 0.633250 -0.694008 0.342560
vn 0.279440 -0.872383 0.401075
vn 0.016410 -0.896388 0.442966
vn 0.017317 -0.897698 0.440272
vn -0.263638 -0.876744 0.402262
vn -0.617405 -0.706073 0.346803
vn 0.898289 -0.380706 0.219408
vn 0.018288 -0.899089 0.437385
vn -0.890193 -0.396034 0.225195
vn -0.839669 0.515008 -0.172402
vn -0.678181 0.684166 -0.268305
vn -0.026289 0.929824 -0.367065
vn -0.026233 0.935186 -0.353185
vn -0.000644 -0.375322 -0.926894
vn -0.001176 -0.290604 -0.956843
vn 0.072202 -0.333519 -0.939975
vn -0.905828 0.407778 -0.114862
vn -0.026174 0.940158 -0.339733
vn 0.819281 0.542657 -0.185209
vn 0.894513 0.429434 -0.124231
vn -0.074147 -0.336126 -0.938894
vn -0.075100 -0.416959 -0.905817
vn 0.074339 -0.413931 -0.907268
vn 0.000030 -0.452377 -0.891827
vn 0.000000 0.919658 -0.392721
vn 0.000000 0.919658 -0.392721
vn 0.000000 0.919658 -0.392721
vn 0.000000 0.919658 -0.392721
vn 0.000019 -0.391291 -0.920267
vn 0.000019 -0.391291 -0.920267
vn 0.000019 -0.391291 -0.920267
vn 0.000019 -0.391291 -0.920267
vn 0.791326 -0.539709 0.287258
vn 0.526475 -0.762087 0.376892
vn 0.005042 -0.896530 0.442954
vn 0.005392 -0.897824 0.440322
vn -0.268920 -0.875330 0.401845
vn -0.622699 -0.702031 0.345541
vn 0.895452 -0.386127 0.221524
vn 0.005767 -0.899199 0.437502
vn -0.892899 -0.390827 0.223574
vn -0.837290 0.518421 -0.173739
vn -0.673601 0.687906 -0.270271
vn -0.020424 0.929933 -0.367162
vn -0.020320 0.935318 -0.353225
vn -0.000706 -0.375328 -0.926892
vn -0.001012 -0.290504 -0.956873
vn 0.072338 -0.333844 -0.939849
vn -0.904476 0.410544 -0.115658
vn -0.020216 0.940310 -0.339717
vn 0.821500 0.539758 -0.183846
vn 0.895754 0.427131 -0.123227
vn -0.074115 -0.335730 -0.939038
vn -0.075330 -0.416172 -0.906160
vn 0.074229 -0.414828 -0.906867
vn -0.000326 -0.452459 -0.891785
vn 0.000000 0.919661 -0.392713
vn 0.000000 0.919661 -0.392713
vn 0.000000 0.919661 -0.392713
vn 0.000000 0.919661 -0.392713
vn -0.000001 -0.391146 -0.920329
vn -0.000001 -0.391146 -0.920329
vn -0.000001 -0.391146 -0.920329
vn -0.000001 -0.391146 -0.920329
vn 0.011703 0.919567 -0.392758
vn 0.011703 0.919567 -0.392758
vn 0.011703 0.919567 -0.392758
vn 0.011703 0.919567 -0.392758
vn 0.016794 -0.391245 -0.920134
vn 0.016794 -0.391245 -0.920134
vn 0.016794 -0.391245 -0.920134
vn 0.016794 -0.391245 -0.920134
vn 0.642855 0.712010 -0.282453
vn 0.638618 0.715158 -0.284105
vn 0.655703 0.702205 -0.277421
vn -0.040963 -0.910975 0.410421
vn -0.040963 -0.910975 0.410421
vn -0.040963 -0.910975 0.410421
vn -0.040963 -0.910975 0.410421
vn 0.038540 -0.911153 0.410263
vn 0.038540 -0.911153 0.410263
vn 0.038540 -0.911153 0.410263
vn 0.038540 -0.911153 0.410263
vn -0.637000 -0.691145 -0.341393
vn -0.283235 -0.871316 -0.400732
vn -0.023005 -0.896273 -0.442906
vn -0.024199 -0.897554 -0.440240
vn 0.503913 -0.774952 -0.381473
vn 0.779170 -0.554211 -0.292821
vn 0.017694 -0.391361 0.920067
vn 0.017694 -0.391361 0.920067
vn 0.017694 -0.391361 0.920067
vn 0.017694 -0.391361 0.920067
vn -0.900183 -0.377132 -0.217811
vn -0.025476 -0.898915 -0.437383
vn 0.888888 -0.398387 -0.226199
vn 0.830819 0.527248 0.178186
vn 0.661096 0.697918 0.275432
vn 0.003039 0.930110 0.367268
vn 0.002894 0.935480 0.353368
vn 0.000367 -0.375432 0.926850
vn 0.000555 -0.290651 0.956829
vn -0.072498 -0.335040 0.939411
vn 0.012504 0.919583 0.392696
vn 0.012504 0.919583 0.392696
vn 0.012504 0.919583 0.392696
vn 0.012504 0.919583 0.392696
vn 0.900858 0.417441 0.119151
vn 0.002753 0.940459 0.339897
vn -0.828584 0.530313 0.179492
vn -0.899689 0.419710 0.120018
vn 0.073833 -0.334809 0.939389
vn 0.075014 -0.417595 0.905531
vn -0.074457 -0.413571 0.907422
vn -0.000237 -0.452500 0.891764
vn -0.633680 -0.693711 -0.342366
vn -0.279854 -0.872279 -0.401013
vn -0.016404 -0.896392 -0.442958
vn -0.017306 -0.897706 -0.440256
vn 0.264058 -0.876640 -0.402213
vn 0.617837 -0.705774 -0.346642
vn -0.898530 -0.380303 -0.219122
vn -0.018270 -0.899101 -0.437359
vn 0.890426 -0.395642 -0.224964
vn 0.840051 0.514440 0.172241
vn 0.678940 0.683509 0.268060
vn 0.026316 0.929821 0.367071
vn 0.026267 0.935181 0.353194
vn 0.000644 -0.375385 0.926869
vn 0.001174 -0.290708 0.956811
vn -0.072191 -0.333642 0.939932
vn 0.906036 0.407339 0.114778
vn 0.026213 0.940152 0.339745
vn -0.819642 0.542164 0.185052
vn -0.894694 0.429080 0.124153
vn 0.074136 -0.336282 0.938839
vn 0.075135 -0.417009 0.905791
vn -0.074374 -0.413964 0.907250
vn -0.000030 -0.452292 0.891870
vn 0.000000 0.919661 0.392713
vn 0.000000 0.919661 0.392713
vn 0.000000 0.919661 0.392713
vn 0.000000 0.919661 0.392713
vn 0.000001 -0.391437 0.920205
vn 0.000001 -0.391437 0.920205
vn 0.000001 -0.391437 0.920205
vn 0.000001 -0.391437 0.920205
vn -0.634839 -0.690914 -0.345857
vn -0.292577 -0.865302 -0.407002
vn -0.005076 -0.896515 -0.442985
vn -0.005419 -0.897822 -0.440326
vn 0.269353 -0.875217 -0.401802
vn 0.623136 -0.701736 -0.345352
vn -0.895686 -0.385735 -0.221257
vn -0.005786 -0.899211 -0.437477
vn 0.893132 -0.390459 -0.223285
vn 0.837681 0.517842 0.173581
vn 0.674376 0.687251 0.270005
vn 0.020409 0.929933 0.367162
vn 0.020327 0.935319 0.353222
vn 0.000711 -0.375369 0.926875
vn 0.001017 -0.290515 0.956870
vn -0.072434 -0.333895 0.939823
vn 0.904690 0.410090 0.115592
vn 0.020243 0.940311 0.339713
vn -0.821907 0.539197 0.183674
vn -0.895966 0.426711 0.123134
vn 0.074219 -0.335793 0.939007
vn 0.075470 -0.416222 0.906125
vn -0.074356 -0.414878 0.906834
vn 0.000333 -0.452462 0.891784
vn 0.000000 0.919662 0.392712
vn 0.000000 0.919662 0.392712
vn 0.000000 0.919662 0.392712
vn 0.000000 0.919662 0.392712
vn 0.000000 -0.391443 0.920202
vn 0.000000 -0.391443 0.920202
vn 0.000000 -0.391443 0.920202
vn 0.000000 -0.391443 0.920202
vn -0.012457 0.919645 0.392552
vn -0.012457 0.919645 0.392552
vn -0.012457 0.919645 0.392552
vn -0.012457 0.919645 0.392552
vn -0.017427 -0.391531 0.920000
vn -0.017427 -0.391531 0.920000
vn -0.017427 -0.391531 0.920000
vn -0.017427 -0.391531 0.920000
vn -0.038321 -0.911220 -0.410134
vn -0.038321 -0.911220 -0.410134
vn -0.643682 0.711361 0.282203
vn -0.639370 0.714579 0.283872
vn -0.656523 0.701539 0.277165
vn -0.636806 -0.691279 -0.341485
vn -0.283046 -0.871363 -0.400763
vn -0.022983 -0.896262 -0.442930
vn -0.024186 -0.897537 -0.440275
vn 0.279884 -0.869004 -0.408041
vn 0.621822 -0.700828 -0.349539
vn 0.017926 -0.391460 0.920021
vn 0.017926 -0.391460 0.920021
vn 0.017926 -0.391460 0.920021
vn 0.017926 -0.391460 0.920021
vn 0.039482 -0.911140 -0.410202
vn 0.039482 -0.911140 -0.410202
vn -0.900079 -0.377305 -0.217944
vn -0.025474 -0.898892 -0.437430
vn 0.888761 -0.398543 -0.226422
vn 0.830669 0.527480 0.178195
vn 0.660764 0.698195 0.275527
vn 0.003069 0.930112 0.367264
vn 0.002947 0.935485 0.353353
vn 0.000364 -0.375388 0.926868
vn 0.000556 -0.290551 0.956860
vn -0.072580 -0.334928 0.939444
vn 0.012844 0.919646 0.392538
vn 0.012844 0.919646 0.392538
vn 0.012844 0.919646 0.392538
vn 0.012844 0.919646 0.392538
vn 0.900788 0.417608 0.119097
vn 0.002828 0.940468 0.339871
vn -0.828383 0.530601 0.179567
vn -0.899574 0.419947 0.120047
vn 0.073911 -0.334684 0.939427
vn 0.075054 -0.417573 0.905538
vn -0.074508 -0.413555 0.907425
vn -0.000242 -0.452594 0.891717
vn -0.633516 -0.693814 -0.342460
vn -0.279694 -0.872318 -0.401039
vn -0.016441 -0.896389 -0.442962
vn -0.017346 -0.897691 -0.440283
vn 0.263863 -0.876691 -0.402230
vn 0.617619 -0.705918 -0.346737
vn -0.898440 -0.380431 -0.219264
vn -0.018314 -0.899075 -0.437412
vn 0.890291 -0.395853 -0.225127
vn 0.839911 0.514661 0.172260
vn 0.678631 0.683773 0.268168
vn 0.026342 0.929822 0.367066
vn 0.026282 0.935186 0.353181
vn 0.000642 -0.375321 0.926895
vn 0.001177 -0.290587 0.956848
vn -0.072284 -0.333481 0.939982
vn 0.905970 0.407498 0.114733
vn 0.026218 0.940159 0.339725
vn -0.819463 0.542406 0.185135
vn -0.894601 0.429257 0.124209
vn 0.074225 -0.336120 0.938890
vn 0.075180 -0.416939 0.905820
vn -0.074428 -0.413957 0.907249
vn -0.000033 -0.452410 0.891810
vn 0.000000 0.919659 0.392717
vn 0.000000 0.919659 0.392717
vn 0.000000 0.919659 0.392717
vn 0.000000 0.919659 0.392717
vn -0.000020 -0.391292 0.920267
vn -0.000020 -0.391292 0.920267
vn -0.000020 -0.391292 0.920267
vn -0.000020 -0.391292 0.920267
vn 0.000000 0.919659 0.392717
vn 0.000000 0.919659 0.392717
vn 0.000000 0.919659 0.392717
vn 0.000000 0.919659 0.392717
vn 0.000001 -0.391143 0.920330
vn 0.000001 -0.391143 0.920330
vn 0.000001 -0.391143 0.920330
vn 0.000001 -0.391143 0.920330
vn 0.000001 -0.918587 -0.395219
vn 0.000001 -0.918587 -0.395219
vn -0.639007 0.714864 0.283972
vn -0.656144 0.701844 0.277292
vn 0.041177 -0.910962 -0.410429
vn 0.041177 -0.910962 -0.410429
vn 0.041177 -0.910962 -0.410429
vn 0.041177 -0.910962 -0.410429
vn 0.633441 -0.693897 0.342431
vn 0.279614 -0.872338 0.401052
vn 0.016406 -0.896394 0.442954
vn 0.017321 -0.897712 0.440242
vn -0.263814 -0.876704 0.402235
vn -0.617584 -0.705944 0.346745
vn 0.898403 -0.380560 0.219194
vn 0.018301 -0.899112 0.437337
vn -0.890290 -0.395858 0.225124
vn -0.839842 0.514760 -0.172302
vn -0.678537 0.683856 -0.268194
vn -0.026335 0.929822 -0.367065
vn -0.026262 0.935181 -0.353195
vn -0.000643 -0.375380 -0.926871
vn -0.001173 -0.290703 -0.956813
vn 0.072117 -0.333659 -0.939931
vn -0.905917 0.407603 -0.114784
vn -0.026186 0.940150 -0.339753
vn 0.819439 0.542424 -0.185193
vn 0.894601 0.429237 -0.124276
vn -0.074058 -0.336267 -0.938850
vn -0.075050 -0.416979 -0.905812
vn 0.074291 -0.413990 -0.907245
vn 0.000031 -0.452280 -0.891876
vn 0.000000 0.919659 -0.392717
vn 0.000000 0.919659 -0.392717
vn 0.000000 0.919659 -0.392717
vn 0.000000 0.919659 -0.392717
vn -0.000001 -0.391437 -0.920205
vn -0.000001 -0.391437 -0.920205
vn -0.000001 -0.391437 -0.920205
vn -0.000001 -0.391437 -0.920205
vn -0.000001 -0.918584 0.395227
vn -0.000001 -0.918584 0.395227
vn 0.634587 -0.691089 0.345970
vn 0.292303 -0.865375 0.407045
vn 0.005061 -0.896519 0.442977
vn 0.005412 -0.897818 0.440333
vn -0.269110 -0.875276 0.401836
vn -0.622887 -0.701894 0.345479
vn 0.895559 -0.385942 0.221409
vn 0.005788 -0.899200 0.437500
vn -0.892995 -0.390663 0.223478
vn -0.837473 0.518156 -0.173645
vn -0.673960 0.687608 -0.270137
vn -0.020411 0.929931 -0.367168
vn -0.020327 0.935321 -0.353217
vn -0.000706 -0.375385 -0.926869
vn -0.001013 -0.290508 -0.956872
vn 0.072352 -0.333936 -0.939815
vn -0.904578 0.410335 -0.115601
vn -0.020242 0.940318 -0.339696
vn 0.821686 0.539505 -0.183759
vn 0.895846 0.426955 -0.123163
vn -0.074129 -0.335805 -0.939010
vn -0.075378 -0.416259 -0.906116
vn 0.074276 -0.414901 -0.906830
vn -0.000325 -0.452463 -0.891783
vn 0.000000 0.919657 -0.392722
vn 0.000000 0.919657 -0.392722
vn 0.000000 0.919657 -0.392722
vn 0.000000 0.919657 -0.392722
vn 0.000000 -0.391448 -0.920200
vn 0.000000 -0.391448 -0.920200
vn 0.000000 -0.391448 -0.920200
vn 0.000000 -0.391448 -0.920200
vn 0.012444 0.919643 -0.392558
vn 0.012444 0.919643 -0.392558
vn 0.012444 0.919643 -0.392558
vn 0.012444 0.919643 -0.392558
vn 0.017409 -0.391541 -0.919996
vn 0.017409 -0.391541 -0.919996
vn 0.017409 -0.391541 -0.919996
vn 0.017409 -0.391541 -0.919996
vn 0.038282 -0.911211 0.410157
vn 0.038282 -0.911211 0.410157
vn 0.643246 0.711695 -0.282354
vn 0.638921 0.714928 -0.284003
vn 0.636573 -0.691439 0.341596
vn 0.282804 -0.871426 0.400797
vn 0.022992 -0.896266 0.442920
vn 0.024189 -0.897543 0.440262
vn -0.279612 -0.869076 0.408074
vn -0.621565 -0.701017 0.349618
vn -0.017910 -0.391443 -0.920028
vn -0.017910 -0.391443 -0.920028
vn -0.017910 -0.391443 -0.920028
vn -0.017910 -0.391443 -0.920028
vn -0.039438 -0.911140 0.410206
vn -0.039438 -0.911140 0.410206
vn 0.899967 -0.377482 0.218096
vn 0.025470 -0.898900 0.437414
vn -0.888629 -0.398780 0.226522
vn -0.830454 0.527780 -0.178309
vn -0.660341 0.698542 -0.275663
vn -0.003053 0.930109 -0.367271
vn -0.002943 0.935485 -0.353355
vn -0.000369 -0.375387 -0.926868
vn -0.000558 -0.290553 -0.956859
vn 0.072493 -0.334932 -0.939449
vn -0.012830 0.919645 -0.392541
vn -0.012830 0.919645 -0.392541
vn -0.012830 0.919645 -0.392541
vn -0.012830 0.919645 -0.392541
vn -0.900671 0.417836 -0.119182
vn -0.002836 0.940469 -0.339867
vn 0.828153 0.530931 -0.179652
vn 0.899430 0.420244 -0.120088
vn -0.073832 -0.334677 -0.939436
vn -0.074976 -0.417559 -0.905551
vn 0.074418 -0.413571 -0.907425
vn 0.000237 -0.452600 -0.891714
vn 0.633244 -0.694011 0.342564
vn 0.279440 -0.872381 0.401079
vn 0.016429 -0.896390 0.442962
vn 0.017321 -0.897699 0.440269
vn -0.263619 -0.876752 0.402257
vn -0.617389 -0.706090 0.346797
vn 0.898283 -0.380716 0.219413
vn 0.018276 -0.899090 0.437383
vn -0.890182 -0.396060 0.225192
vn -0.839677 0.514994 -0.172406
vn -0.678157 0.684190 -0.268304
vn -0.026274 0.929823 -0.367067
vn -0.026239 0.935182 -0.353193
vn -0.000647 -0.375316 -0.926897
vn -0.001178 -0.290579 -0.956850
vn 0.072198 -0.333503 -0.939980
vn -0.905845 0.407739 -0.114867
vn -0.026199 0.940152 -0.339747
vn 0.819276 0.542661 -0.185219
vn 0.894509 0.429441 -0.124238
vn -0.074147 -0.336111 -0.938899
vn -0.075100 -0.416952 -0.905821
vn 0.074334 -0.413942 -0.907263
vn 0.000027 -0.452386 -0.891822
vn 0.000000 0.919661 -0.392713
vn 0.000000 0.919661 -0.392713
vn 0.000000 0.919661 -0.392713
vn 0.000000 0.919661 -0.392713
vn 0.000019 -0.391288 -0.920268
vn 0.000019 -0.391288 -0.920268
vn 0.000019 -0.391288 -0.920268
vn 0.000019 -0.391288 -0.920268
vn 0.791326 -0.539698 0.287279
vn 0.526495 -0.762066 0.376906
vn 0.005042 -0.896522 0.442971
vn 0.005386 -0.897821 0.440328
vn -0.268932 -0.875326 0.401846
vn -0.622704 -0.702042 0.345511
vn 0.895446 -0.386126 0.221549
vn 0.005754 -0.899202 0.437496
vn -0.892896 -0.390864 0.223520
vn -0.837281 0.518425 -0.173771
vn -0.673573 0.687935 -0.270268
vn -0.020390 0.929938 -0.367151
vn -0.020280 0.935321 -0.353219
vn -0.000709 -0.375321 -0.926895
vn -0.001014 -0.290505 -0.956873
vn 0.072337 -0.333841 -0.939850
vn -0.904477 0.410529 -0.115706
vn -0.020169 0.940311 -0.339717
vn 0.821515 0.539742 -0.183825
vn 0.895764 0.427116 -0.123201
vn -0.074120 -0.335711 -0.939044
vn -0.075336 -0.416152 -0.906169
vn 0.074227 -0.414825 -0.906869
vn -0.000328 -0.452458 -0.891786
vn 0.000000 0.919661 -0.392714
vn 0.000000 0.919661 -0.392714
vn 0.000000 0.919661 -0.392714
vn 0.000000 0.919661 -0.392714
vn -0.000001 -0.391147 -0.920328
vn -0.000001 -0.391147 -0.920328
vn -0.000001 -0.391147 -0.920328
vn -0.000001 -0.391147 -0.920328
vn 0.011965 0.919560 -0.392768
vn 0.011965 0.919560 -0.392768
vn 0.011965 0.919560 -0.392768
vn 0.011965 0.919560 -0.392768
vn 0.017237 -0.391322 -0.920092
vn 0.017237 -0.391322 -0.920092
vn 0.017237 -0.391322 -0.920092
vn 0.017237 -0.391322 -0.920092
vn 0.642877 0.711994 -0.282441
vn 0.638615 0.715156 -0.284118
vn 0.655742 0.702164 -0.277431
vn 0.039427 -0.911113 0.410266
vn 0.039427 -0.911113 0.410266
vn 0.039427 -0.911113 0.410266
vn 0.039427 -0.911113 0.410266
vn 0.674375 0.738382 -0.003125
vn 0.674375 0.738382 -0.003125
vn 0.639065 0.366939 -0.675982
vn 0.639065 0.366939 -0.675982
vn 0.639065 0.374369 0.671896
vn 0.639065 0.374369 0.671896
vn 0.590716 -0.404347 0.698254
vn 0.590716 -0.404347 0.698254
vn 0.587308 -0.809343 0.005803
vn 0.587308 -0.809343 0.005803
vn 0.598986 -0.403801 -0.691491
vn 0.598986 -0.403801 -0.691491
vn -0.651486 0.758647 -0.004492
vn -0.651486 0.758647 -0.004492
vn -0.638364 0.378321 -0.670347
vn -0.638364 0.378321 -0.670347
vn -0.637571 -0.384807 -0.667403
vn -0.637571 -0.384807 -0.667403
vn -0.645231 -0.763976 0.004133
vn -0.645231 -0.763976 0.004133
vn -0.636307 -0.379016 0.671908
vn -0.636307 -0.379016 0.671908
vn -0.641975 0.381867 0.664865
vn -0.641975 0.381867 0.664865
vn 0.000001 0.496454 -0.868063
vn 0.000001 0.999989 -0.004692
vn 0.000001 0.999989 -0.004692
vn 0.000001 0.496454 -0.868063
vn -0.000000 -0.504100 -0.863645
vn -0.000000 -0.504100 -0.863645
vn 0.000001 -0.999988 0.004897
vn 0.000001 -0.999988 0.004897
vn 0.000003 -0.494134 0.869386
vn 0.000003 -0.494134 0.869386
vn 0.000002 0.506228 0.862399
vn 0.000002 0.506228 0.862399
vn 0.629001 0.777394 -0.004051
vn 0.629001 0.777394 -0.004051
vn 0.624728 0.386371 -0.678552
vn 0.624728 0.386371 -0.678552
vn 0.625329 0.393443 0.673919
vn 0.625329 0.393443 0.673919
vn 0.619648 -0.388246 0.682130
vn 0.619648 -0.388246 0.682130
vn 0.619308 -0.785137 0.004277
vn 0.619308 -0.785137 0.004277
vn 0.620381 -0.395414 -0.677329
vn 0.620381 -0.395414 -0.677329
vn -0.000000 0.999989 -0.004689
vn -0.000000 0.999989 -0.004689
vn 0.000000 0.496455 -0.868062
vn 0.000000 0.496455 -0.868062
vn -0.000000 -0.504097 -0.863647
vn -0.000000 -0.504097 -0.863647
vn -0.000002 -0.999988 0.004895
vn -0.000002 -0.999988 0.004895
vn -0.000004 -0.494132 0.869387
vn -0.000004 -0.494132 0.869387
vn -0.000003 0.506227 0.862400
vn -0.000003 0.506227 0.862400
vn -0.648065 0.761575 -0.003996
vn -0.648065 0.761575 -0.003996
vn -0.646187 0.378366 -0.662783
vn -0.646187 0.378366 -0.662783
vn -0.646718 -0.383683 -0.659199
vn -0.646718 -0.383683 -0.659199
vn -0.648191 -0.761466 0.004163
vn -0.648191 -0.761466 0.004163
vn -0.646159 -0.376701 0.663759
vn -0.646159 -0.376701 0.663759
vn -0.646870 0.385218 0.658153
vn -0.646870 0.385218 0.658153
vn 0.663352 0.370950 -0.649893
vn 0.665277 0.746587 -0.003924
vn 0.665277 0.746587 -0.003924
vn 0.663352 0.370950 -0.649893
vn 0.663853 -0.376172 -0.646370
vn 0.663853 -0.376172 -0.646370
vn 0.665173 -0.746678 0.004126
vn 0.665173 -0.746678 0.004126
vn 0.663113 -0.369423 0.651005
vn 0.663113 -0.369423 0.651005
vn 0.663934 0.377635 0.645433
vn 0.663934 0.377635 0.645433
vn 0.000001 0.496454 -0.868063
vn 0.000001 0.999989 -0.004692
vn 0.000001 0.999989 -0.004692
vn 0.000001 0.496454 -0.868063
vn -0.000000 -0.504100 -0.863645
vn -0.000000 -0.504100 -0.863645
vn 0.000001 -0.999988 0.004897
vn 0.000001 -0.999988 0.004897
vn 0.000003 -0.494134 0.869386
vn 0.000003 -0.494134 0.869386
vn 0.000002 0.506228 0.862399
vn 0.000002 0.506228 0.862399
vn -0.711277 0.702905 -0.002930
vn -0.711277 0.702905 -0.002930
vn -0.677106 0.349370 -0.647663
vn -0.677106 0.349370 -0.647663
vn -0.638079 -0.388381 -0.664843
vn -0.638079 -0.388381 -0.664843
vn -0.626563 -0.779347 0.006073
vn -0.626563 -0.779347 0.006073
vn -0.629898 -0.389811 0.671771
vn -0.629898 -0.389811 0.671771
vn -0.677093 0.356608 0.643720
vn -0.677093 0.356608 0.643720
vn -0.000000 0.999989 -0.004688
vn -0.000000 0.999989 -0.004688
vn 0.000001 0.496455 -0.868062
vn 0.000001 0.496455 -0.868062
vn -0.000000 -0.504097 -0.863647
vn -0.000000 -0.504097 -0.863647
vn -0.000002 -0.999988 0.004895
vn -0.000002 -0.999988 0.004895
vn -0.000004 -0.494132 0.869387
vn -0.000004 -0.494132 0.869387
vn -0.000003 0.506226 0.862401
vn -0.000003 0.506226 0.862401
vn 0.627195 0.379590 -0.680101
vn 0.651632 0.758518 -0.005020
vn 0.651632 0.758518 -0.005020
vn 0.627195 0.379590 -0.680101
vn 0.625040 -0.387248 -0.677764
vn 0.625040 -0.387248 -0.677764
vn 0.638863 -0.769310 0.004110
vn 0.638863 -0.769310 0.004110
vn 0.622592 -0.382868 0.682489
vn 0.622592 -0.382868 0.682489
vn 0.633390 0.380112 0.674042
vn 0.633390 0.380112 0.674042
vn -0.661964 0.749526 -0.003918
vn -0.661964 0.749526 -0.003918
vn -0.657755 0.372574 -0.654635
vn -0.657755 0.372574 -0.654635
vn -0.653463 -0.381663 -0.653697
vn -0.653463 -0.381663 -0.653697
vn -0.652367 -0.757892 0.004173
vn -0.652367 -0.757892 0.004173
vn -0.652745 -0.374815 0.658360
vn -0.652745 -0.374815 0.658360
vn -0.658349 0.379282 0.650171
vn -0.658349 0.379282 0.650171
vn -0.670163 0.742208 0.003042
vn -0.670163 0.742208 0.003042
vn -0.646444 0.367584 0.668575
vn -0.646444 0.367584 0.668575
vn -0.643980 0.363311 -0.673272
vn -0.643980 0.363311 -0.673272
vn -0.596779 -0.411935 -0.688596
vn -0.596779 -0.411935 -0.688596
vn -0.577648 -0.816277 0.003960
vn -0.577648 -0.816277 0.003960
vn -0.602969 -0.408857 0.685029
vn -0.602969 -0.408857 0.685029
vn 1.000000 0.000000 0.000054
vn 1.000000 0.000000 0.000053
vn 1.000000 -0.000020 0.000000
vn 1.000000 0.000021 0.000107
vn -0.000001 0.999996 0.002993
vn -0.000001 0.999996 0.002993
vn -0.000001 0.481719 0.876326
vn -0.000001 0.481719 0.876326
vn -0.000001 -0.506665 0.862143
vn -0.000001 -0.506665 0.862143
vn -0.000002 -0.999989 0.004639
vn -0.000002 -0.999989 0.004639
vn -0.000001 -0.511344 -0.859376
vn -0.000001 -0.511344 -0.859376
vn -0.000000 0.483643 -0.875266
vn -0.000000 0.483643 -0.875266
vn 1.000000 0.000000 0.000054
vn 1.000000 -0.000020 0.000000
vn 1.000000 0.000021 0.000108
vn 0.683769 0.729692 -0.003069
vn 0.683769 0.729692 -0.003069
vn 0.648725 0.362665 -0.669051
vn 0.648725 0.362665 -0.669051
vn 0.648736 0.370022 0.665000
vn 0.648736 0.370022 0.665000
vn 0.600638 -0.400773 0.691820
vn 0.600638 -0.400773 0.691820
vn 0.597236 -0.802044 0.005914
vn 0.597236 -0.802044 0.005914
vn 0.608869 -0.400076 -0.684994
vn 0.608869 -0.400076 -0.684994
vn -0.000000 0.999989 -0.004689
vn -0.000000 0.999989 -0.004689
vn 0.000000 0.496455 -0.868062
vn 0.000000 0.496455 -0.868062
vn -0.000000 -0.504097 -0.863647
vn -0.000000 -0.504097 -0.863647
vn -0.000002 -0.999988 0.004895
vn -0.000002 -0.999988 0.004895
vn -0.000004 -0.494132 0.869387
vn -0.000004 -0.494132 0.869387
vn -0.000003 0.506227 0.862400
vn -0.000003 0.506227 0.862400
vn -0.648194 0.761465 -0.003981
vn -0.648194 0.761465 -0.003981
vn -0.646295 0.378323 -0.662703
vn -0.646295 0.378323 -0.662703
vn -0.646839 -0.383608 -0.659124
vn -0.646839 -0.383608 -0.659124
vn -0.648346 -0.761334 0.004141
vn -0.648346 -0.761334 0.004141
vn -0.646317 -0.376633 0.663642
vn -0.646317 -0.376633 0.663642
vn -0.647018 0.385141 0.658053
vn -0.647018 0.385141 0.658053
vn 0.663394 0.370963 -0.649842
vn 0.665256 0.746605 -0.003942
vn 0.665256 0.746605 -0.003942
vn 0.663394 0.370963 -0.649842
vn 0.663911 -0.376137 -0.646330
vn 0.663911 -0.376137 -0.646330
vn 0.665207 -0.746648 0.004136
vn 0.665207 -0.746648 0.004136
vn 0.663119 -0.369417 0.651002
vn 0.663119 -0.369417 0.651002
vn 0.663934 0.377681 0.645406
vn 0.663934 0.377681 0.645406
vn 0.000001 0.496455 -0.868063
vn 0.000001 0.999989 -0.004691
vn 0.000001 0.999989 -0.004691
vn 0.000001 0.496455 -0.868063
vn -0.000000 -0.504100 -0.863645
vn -0.000000 -0.504100 -0.863645
vn 0.000001 -0.999988 0.004898
vn 0.000001 -0.999988 0.004898
vn 0.000003 -0.494133 0.869386
vn 0.000003 -0.494133 0.869386
vn 0.000002 0.506228 0.862400
vn 0.000002 0.506228 0.862400
vn 0.674181 0.738559 -0.003126
vn 0.674181 0.738559 -0.003126
vn 0.638860 0.367014 -0.676135
vn 0.638860 0.367014 -0.676135
vn 0.638856 0.374459 0.672044
vn 0.638856 0.374459 0.672044
vn 0.590505 -0.404411 0.698395
vn 0.590505 -0.404411 0.698395
vn 0.587078 -0.809510 0.005818
vn 0.587078 -0.809510 0.005818
vn 0.598758 -0.403916 -0.691622
vn 0.598758 -0.403916 -0.691622
vn -0.000000 0.999989 -0.004689
vn -0.000000 0.999989 -0.004689
vn 0.000000 0.496457 -0.868062
vn 0.000000 0.496457 -0.868062
vn -0.000000 -0.504097 -0.863647
vn -0.000000 -0.504097 -0.863647
vn -0.000002 -0.999988 0.004895
vn -0.000002 -0.999988 0.004895
vn -0.000004 -0.494132 0.869387
vn -0.000004 -0.494132 0.869387
vn -0.000003 0.506228 0.862400
vn -0.000003 0.506228 0.862400
vn -0.648065 0.761575 -0.003967
vn -0.648065 0.761575 -0.003967
vn -0.646133 0.378388 -0.662823
vn -0.646133 0.378388 -0.662823
vn -0.646665 -0.383705 -0.659239
vn -0.646665 -0.383705 -0.659239
vn -0.648216 -0.761445 0.004166
vn -0.648216 -0.761445 0.004166
vn -0.646219 -0.376641 0.663733
vn -0.646219 -0.376641 0.663733
vn -0.646897 0.385172 0.658154
vn -0.646897 0.385172 0.658154
vn 0.663352 0.370950 -0.649893
vn 0.665277 0.746587 -0.003924
vn 0.665277 0.746587 -0.003924
vn 0.663352 0.370950 -0.649893
vn 0.663866 -0.376139 -0.646375
vn 0.663866 -0.376139 -0.646375
vn 0.665160 -0.746689 0.004134
vn 0.665160 -0.746689 0.004134
vn 0.663015 -0.369458 0.651086
vn 0.663015 -0.369458 0.651086
vn 0.663878 0.377639 0.645488
vn 0.663878 0.377639 0.645488
vn 0.000001 0.496455 -0.868063
vn 0.000001 0.999989 -0.004692
vn 0.000001 0.999989 -0.004692
vn 0.000001 0.496455 -0.868063
vn -0.000000 -0.504100 -0.863645
vn -0.000000 -0.504100 -0.863645
vn 0.000001 -0.999988 0.004897
vn 0.000001 -0.999988 0.004897
vn 0.000003 -0.494134 0.869386
vn 0.000003 -0.494134 0.869386
vn 0.000002 0.506230 0.862399
vn 0.000002 0.506230 0.862399
vn -0.721679 0.692222 -0.002841
vn -0.721679 0.692222 -0.002841
vn -0.687881 0.344118 -0.639064
vn -0.687881 0.344118 -0.639064
vn -0.649271 -0.383697 -0.656677
vn -0.649271 -0.383697 -0.656677
vn -0.637839 -0.770145 0.006187
vn -0.637839 -0.770145 0.006187
vn -0.641164 -0.385314 0.663658
vn -0.641164 -0.385314 0.663658
vn -0.687911 0.351185 0.635176
vn -0.687911 0.351185 0.635176
vn 0.628976 0.777414 -0.004037
vn 0.628976 0.777414 -0.004037
vn 0.624675 0.386391 -0.678589
vn 0.624675 0.386391 -0.678589
vn 0.625290 0.393432 0.673961
vn 0.625290 0.393432 0.673961
vn 0.619571 -0.388327 0.682154
vn 0.619571 -0.388327 0.682154
vn 0.619182 -0.785236 0.004262
vn 0.619182 -0.785236 0.004262
vn 0.620316 -0.395465 -0.677359
vn 0.620316 -0.395465 -0.677359
vn -0.000000 0.999989 -0.004689
vn -0.000000 0.999989 -0.004689
vn 0.000000 0.496455 -0.868062
vn 0.000000 0.496455 -0.868062
vn -0.000000 -0.504097 -0.863647
vn -0.000000 -0.504097 -0.863647
vn -0.000002 -0.999988 0.004895
vn -0.000002 -0.999988 0.004895
vn -0.000004 -0.494132 0.869387
vn -0.000004 -0.494132 0.869387
vn -0.000003 0.506227 0.862400
vn -0.000003 0.506227 0.862400
vn -0.647987 0.761641 -0.003982
vn -0.647987 0.761641 -0.003982
vn -0.646083 0.378398 -0.662867
vn -0.646083 0.378398 -0.662867
vn -0.646621 -0.383705 -0.659281
vn -0.646621 -0.383705 -0.659281
vn -0.648139 -0.761511 0.004143
vn -0.648139 -0.761511 0.004143
vn -0.646105 -0.376708 0.663807
vn -0.646105 -0.376708 0.663807
vn -0.646800 0.385239 0.658211
vn -0.646800 0.385239 0.658211
vn 0.663522 0.370871 -0.649764
vn 0.665471 0.746414 -0.003913
vn 0.665471 0.746414 -0.003913
vn 0.663522 0.370871 -0.649764
vn 0.664033 -0.376069 -0.646245
vn 0.664033 -0.376069 -0.646245
vn 0.665341 -0.746529 0.004121
vn 0.665341 -0.746529 0.004121
vn 0.663231 -0.369371 0.650915
vn 0.663231 -0.369371 0.650915
vn 0.664085 0.377533 0.645337
vn 0.664085 0.377533 0.645337
vn 0.000001 0.496455 -0.868062
vn 0.000001 0.999989 -0.004692
vn 0.000001 0.999989 -0.004692
vn 0.000001 0.496455 -0.868062
vn -0.000000 -0.504101 -0.863645
vn -0.000000 -0.504101 -0.863645
vn 0.000001 -0.999988 0.004898
vn 0.000001 -0.999988 0.004898
vn 0.000003 -0.494134 0.869386
vn 0.000003 -0.494134 0.869386
vn 0.000002 0.506230 0.862399
vn 0.000002 0.506230 0.862399
vn -0.711406 0.702775 -0.002916
vn -0.711406 0.702775 -0.002916
vn -0.677304 0.349331 -0.647478
vn -0.677304 0.349331 -0.647478
vn -0.638322 -0.388265 -0.664677
vn -0.638322 -0.388265 -0.664677
vn -0.626870 -0.779100 0.006092
vn -0.626870 -0.779100 0.006092
vn -0.630158 -0.389655 0.671617
vn -0.630158 -0.389655 0.671617
vn -0.677301 0.356543 0.643537
vn -0.677301 0.356543 0.643537
vn -0.000000 0.999989 -0.004688
vn -0.000000 0.999989 -0.004688
vn 0.000000 0.496456 -0.868062
vn 0.000000 0.496456 -0.868062
vn -0.000000 -0.504096 -0.863648
vn -0.000000 -0.504096 -0.863648
vn -0.000002 -0.999988 0.004895
vn -0.000002 -0.999988 0.004895
vn -0.000004 -0.494131 0.869388
vn -0.000004 -0.494131 0.869388
vn -0.000003 0.506227 0.862400
vn -0.000003 0.506227 0.862400
vn 0.630107 0.381697 -0.676220
vn 0.643295 0.765605 -0.004542
vn 0.643295 0.765605 -0.004542
vn 0.630107 0.381697 -0.676220
vn 0.629279 -0.388277 -0.673238
vn 0.629279 -0.388277 -0.673238
vn 0.636702 -0.771099 0.004180
vn 0.636702 -0.771099 0.004180
vn 0.627552 -0.382609 0.678077
vn 0.627552 -0.382609 0.678077
vn 0.633445 0.385516 0.670914
vn 0.633445 0.385516 0.670914
vn -0.662072 0.749430 -0.003917
vn -0.662072 0.749430 -0.003917
vn -0.657870 0.372520 -0.654550
vn -0.657870 0.372520 -0.654550
vn -0.653573 -0.381624 -0.653610
vn -0.653573 -0.381624 -0.653610
vn -0.652502 -0.757775 0.004187
vn -0.652502 -0.757775 0.004187
vn -0.652872 -0.374734 0.658280
vn -0.652872 -0.374734 0.658280
vn -0.658460 0.379237 0.650084
vn -0.658460 0.379237 0.650084
vn -0.000000 -1.000000 0.000000
vn -0.000000 -1.000000 -0.000000
vn -0.000000 -1.000000 -0.000000
vn -0.000000 -1.000000 0.000000
vn -0.000000 1.000000 0.000000
vn -0.000000 1.000000 0.000000
vn -0.000000 1.000000 -0.000000
vn -0.000000 1.000000 -0.000000
vn -0.000008 0.002670 -0.999996
vn 0.006542 0.002472 -0.999976
vn 0.006542 0.002472 -0.999976
vn -0.000008 0.002670 -0.999996
vn -0.000000 -1.000000 0.000000
vn -0.000000 -1.000000 -0.000000
vn 0.999998 0.001834 -0.000034
vn 0.999998 0.001848 0.000004
vn 0.999998 0.001848 0.000004
vn 0.999998 0.001834 -0.000034
vn -0.000001 1.000000 0.000000
vn -0.000001 1.000000 -0.000000
vn 0.013091 0.002273 -0.999912
vn 0.013091 0.002273 -0.999912
vn -0.000000 -1.000000 -0.000000
vn -0.000000 -1.000000 -0.000000
vn -0.000000 1.000000 -0.000000
vn -0.000000 1.000000 -0.000000
vn -0.001854 0.002628 0.999995
vn -0.001854 0.002628 0.999995
vn 0.005618 0.002450 0.999981
vn 0.005618 0.002450 0.999981
vn -0.000000 -1.000000 -0.000000
vn 0.999998 0.001861 0.000042
vn 0.999998 0.001861 0.000042
vn -0.000001 1.000000 0.000000
vn 0.013090 0.002272 0.999912
vn 0.013090 0.002272 0.999912
vn -0.000000 -1.000000 0.000000
vn 0.000000 -1.000000 -0.000000
vn 0.000000 -1.000000 -0.000000
vn -0.000000 -1.000000 0.000000
vn -0.000000 1.000000 0.000000
vn -0.000000 1.000000 0.000000
vn 0.000000 1.000000 -0.000000
vn 0.000000 1.000000 -0.000000
vn 0.001849 0.002792 -0.999994
vn 0.001849 0.002792 -0.999994
vn 0.001849 0.002792 -0.999994
vn 0.001849 0.002792 -0.999994
vn 0.000000 -1.000000 -0.000000
vn 0.000000 -1.000000 -0.000000
vn 0.000000 1.000000 -0.000000
vn 0.000000 1.000000 -0.000000
vn -0.001849 0.002774 0.999994
vn -0.001849 0.002774 0.999994
vn -0.001849 0.002774 0.999994
vn -0.001849 0.002774 0.999994
vn -0.000000 -1.000000 0.000000
vn 0.000000 -1.000000 -0.000000
vn 0.000000 -1.000000 -0.000000
vn -0.000000 -1.000000 0.000000
vn -0.000000 1.000000 0.000000
vn -0.000000 1.000000 0.000000
vn 0.000000 1.000000 -0.000000
vn 0.000000 1.000000 -0.000000
vn 0.001846 0.002792 -0.999994
vn 0.001846 0.002792 -0.999994
vn 0.001846 0.002792 -0.999994
vn 0.001846 0.002792 -0.999994
vn 0.000000 -1.000000 -0.000000
vn 0.000000 -1.000000 -0.000000
vn 0.000000 1.000000 -0.000000
vn 0.000000 1.000000 -0.000000
vn -0.001846 0.002774 0.999995
vn -0.001846 0.002774 0.999995
vn -0.001846 0.002774 0.999995
vn -0.001846 0.002774 0.999995
vn -0.000000 -1.000000 0.000000
vn -0.000000 -1.000000 -0.000000
vn -0.000001 -1.000000 -0.000000
vn -0.000001 -1.000000 0.000000
vn -0.000000 1.000000 0.000000
vn -0.000002 1.000000 0.000000
vn -0.000002 1.000000 -0.000000
vn -0.000000 1.000000 -0.000000
vn -0.002574 0.002968 -0.999992
vn -0.000007 0.002923 -0.999996
vn -0.000007 0.002923 -0.999996
vn -0.002574 0.002968 -0.999992
vn -0.000001 -1.000000 -0.000000
vn -0.000001 -1.000000 0.000000
vn -0.005140 0.003012 -0.999982
vn -0.005140 0.003012 -0.999982
vn -0.000005 1.000000 0.000000
vn -0.000005 1.000000 -0.000000
vn -0.999999 0.001107 0.000718
vn -0.999998 0.001126 -0.001640
vn -0.999998 0.001126 -0.001640
vn -0.999999 0.001107 0.000718
vn -0.000000 -1.000000 -0.000000
vn -0.000001 -1.000000 -0.000000
vn -0.000000 1.000000 -0.000000
vn -0.000002 1.000000 -0.000000
vn -0.003501 0.002937 0.999990
vn -0.003501 0.002937 0.999990
vn -0.001856 0.002891 0.999994
vn -0.001856 0.002891 0.999994
vn -0.000001 -1.000000 -0.000000
vn -0.005146 0.002983 0.999982
vn -0.005146 0.002983 0.999982
vn -0.000005 1.000000 -0.000000
vn -0.999995 0.001087 0.003077
vn -0.999995 0.001087 0.003077
vn -0.000835 -0.430986 -0.902358
vn -0.000835 -0.430986 -0.902358
vn -0.000835 -0.430986 -0.902358
vn -0.000835 -0.430986 -0.902358
vn -0.001179 -0.890940 0.454119
vn -0.001179 -0.890940 0.454119
vn -0.001179 -0.890940 0.454119
vn -0.001179 -0.890940 0.454119
vn -0.000696 -0.912118 -0.409927
vn -0.000696 -0.912118 -0.409927
vn -0.000696 -0.912118 -0.409927
vn -0.000696 -0.912118 -0.409927
vn -0.004063 -0.433116 0.901329
vn -0.004063 -0.433116 0.901329
vn -0.004063 -0.433116 0.901329
vn -0.004063 -0.433116 0.901329
vn 0.999985 -0.004742 0.002923
vn 0.999985 -0.004742 0.002923
vn 0.999985 -0.004742 0.002923
vn 0.999985 -0.004742 0.002923
vn -0.017899 -0.911361 0.411219
vn -0.017899 -0.911361 0.411219
vn -0.017899 -0.911361 0.411219
vn -0.017899 -0.911361 0.411219
vn 0.999995 -0.003000 -0.000623
vn 0.999995 -0.003000 -0.000623
vn 0.999995 -0.003000 -0.000623
vn 0.999995 -0.003000 -0.000623
vn -0.006140 -0.911628 -0.410971
vn -0.006140 -0.911628 -0.410971
vn -0.006140 -0.911628 -0.410971
vn -0.006140 -0.911628 -0.410971
vn -0.000017 -0.887641 0.460536
vn -0.000017 -0.887641 0.460536
vn -0.000017 -0.887641 0.460536
vn -0.000017 -0.887641 0.460536
vn 0.000452 -0.427396 -0.904065
vn 0.000452 -0.427396 -0.904065
vn 0.000452 -0.427396 -0.904065
vn 0.000452 -0.427396 -0.904065
vn -0.000001 -0.911963 -0.410273
vn -0.000001 -0.911963 -0.410273
vn -0.000001 -0.911963 -0.410273
vn -0.000001 -0.911963 -0.410273
vn -0.000439 -0.431922 0.901911
vn -0.000439 -0.431922 0.901911
vn -0.000439 -0.431922 0.901911
vn -0.000439 -0.431922 0.901911
vn -0.000017 -0.887619 0.460579
vn -0.000017 -0.887619 0.460579
vn -0.000017 -0.887619 0.460579
vn -0.000017 -0.887619 0.460579
vn 0.000452 -0.428640 -0.903475
vn 0.000452 -0.428640 -0.903475
vn 0.000452 -0.428640 -0.903475
vn 0.000452 -0.428640 -0.903475
vn -0.000000 -0.911963 -0.410273
vn -0.000000 -0.911963 -0.410273
vn -0.000000 -0.911963 -0.410273
vn -0.000000 -0.911963 -0.410273
vn -0.000439 -0.430680 0.902504
vn -0.000439 -0.430680 0.902504
vn -0.000439 -0.430680 0.902504
vn -0.000439 -0.430680 0.902504
vn 0.001104 -0.890929 0.454142
vn 0.001104 -0.890929 0.454142
vn 0.001104 -0.890929 0.454142
vn 0.001104 -0.890929 0.454142
vn 0.006287 -0.438736 -0.898594
vn 0.006287 -0.438736 -0.898594
vn 0.006287 -0.438736 -0.898594
vn 0.006287 -0.438736 -0.898594
vn -0.000941 -0.425276 0.905063
vn -0.000941 -0.425276 0.905063
vn -0.000941 -0.425276 0.905063
vn -0.000941 -0.425276 0.905063
vn 0.000735 -0.912127 -0.409906
vn 0.000735 -0.912127 -0.409906
vn 0.000735 -0.912127 -0.409906
vn 0.000735 -0.912127 -0.409906
vn 1.000000 0.000000 0.000000
vn 1.000000 0.000000 0.000000
vn 1.000000 0.000000 0.000000
vn 1.000000 0.000000 0.000000
vn -0.000000 -1.000000 -0.000121
vn -0.000000 -1.000000 -0.000121
vn -0.000000 -1.000000 -0.000121
vn -0.000000 -1.000000 -0.000121
vn -1.000000 0.000000 0.000000
vn -1.000000 0.000000 0.000000
vn -1.000000 0.000000 0.000000
vn -1.000000 0.000000 0.000000
vn 0.000000 1.000000 0.000121
vn 0.000000 1.000000 0.000121
vn 0.000000 1.000000 0.000121
vn 0.000000 1.000000 0.000121
vn -0.000000 0.000000 1.000000
vn -0.000000 0.000000 1.000000
vn -0.000000 0.000000 1.000000
vn -0.000000 0.000000 1.000000
vn 0.000000 0.000000 -1.000000
vn 0.000000 0.000000 -1.000000
vn 0.000000 0.000000 -1.000000
vn 0.000000 0.000000 -1.000000
vn -0.000023 1.000000 -0.000012
vn -0.000023 1.000000 -0.000012
vn -0.000023 1.000000 -0.000012
vn -0.000023 1.000000 -0.000012
vn 0.000023 -1.000000 0.000011
vn 0.000023 -1.000000 0.000011
vn 0.000023 -1.000000 0.000011
vn 0.000023 -1.000000 0.000011
vn 0.000000 0.000000 1.000000
vn 0.000000 0.000000 1.000000
vn 0.000000 0.000000 1.000000
vn 0.000000 0.000000 1.000000
vn -0.000000 0.000000 -1.000000
vn -0.000000 0.000000 -1.000000
vn -0.000000 0.000000 -1.000000
vn -0.000000 0.000000 -1.000000
vn -0.000023 1.000000 0.000011
vn -0.000023 1.000000 0.000011
vn -0.000023 1.000000 0.000011
vn -0.000023 1.000000 0.000011
vn 0.000023 -1.000000 -0.000012
vn 0.000023 -1.000000 -0.000012
vn 0.000023 -1.000000 -0.000012
vn 0.000023 -1.000000 -0.000012
vn -0.000000 0.000000 1.000000
vn -0.000000 0.000000 1.000000
vn -0.000000 0.000000 1.000000
vn -0.000000 0.000000 1.000000
vn 0.000000 0.000000 -1.000000
vn 0.000000 0.000000 -1.000000
vn 0.000000 0.000000 -1.000000
vn 0.000000 0.000000 -1.000000
vn -0.000046 1.000000 0.000023
vn -0.000046 1.000000 0.000023
vn -0.000046 1.000000 0.000023
vn -0.000046 1.000000 0.000023
vn 0.000046 -1.000000 -0.000023
vn 0.000046 -1.000000 -0.000023
vn 0.000046 -1.000000 -0.000023
vn 0.000046 -1.000000 -0.000023
vn 0.000000 0.000000 1.000000
vn 0.000000 0.000000 1.000000
vn 0.000000 0.000000 1.000000
vn 0.000000 0.000000 1.000000
vn 0.000000 0.000000 -1.000000
vn 0.000000 0.000000 -1.000000
vn 0.000000 0.000000 -1.000000
vn 0.000000 0.000000 -1.000000
vn -0.000046 1.000000 -0.000023
vn -0.000046 1.000000 -0.000023
vn -0.000046 1.000000 -0.000023
vn -0.000046 1.000000 -0.000023
vn 0.000046 -1.000000 0.000023
vn 0.000046 -1.000000 0.000023
vn 0.000046 -1.000000 0.000023
vn 0.000046 -1.000000 0.000023
vn -0.000000 0.000000 1.000000
vn -0.000000 0.000000 1.000000
vn -0.000000 0.000000 1.000000
vn -0.000000 0.000000 1.000000
vn 0.000000 0.000000 -1.000000
vn 0.000000 0.000000 -1.000000
vn 0.000000 0.000000 -1.000000
vn 0.000000 0.000000 -1.000000
vn -0.000023 1.000000 0.000001
vn -0.000023 1.000000 0.000001
vn -0.000023 1.000000 0.000001
vn -0.000023 1.000000 0.000001
vn 0.000023 -1.000000 0.000000
vn 0.000023 -1.000000 0.000000
vn 0.000023 -1.000000 0.000000
vn 0.000023 -1.000000 0.000000
vn 0.000000 0.000000 1.000000
vn 0.000000 0.000000 1.000000
vn 0.000000 0.000000 1.000000
vn 0.000000 0.000000 1.000000
vn -0.000000 0.000000 -1.000000
vn -0.000000 0.000000 -1.000000
vn -0.000000 0.000000 -1.000000
vn -0.000000 0.000000 -1.000000
vn -0.000023 1.000000 0.000000
vn -0.000023 1.000000 0.000000
vn -0.000023 1.000000 0.000000
vn -0.000023 1.000000 0.000000
vn 0.000023 -1.000000 0.000000
vn 0.000023 -1.000000 0.000000
vn 0.000023 -1.000000 0.000000
vn 0.000023 -1.000000 0.000000
vn 0.999994 0.001491 -0.003260
vn 0.999994 0.001491 -0.003260
vn 0.999994 0.001491 -0.003260
vn 0.999994 0.001491 -0.003260
vn 0.019565 -0.391436 0.919997
vn 0.019565 -0.391436 0.919997
vn 0.019565 -0.391436 0.919997
vn 0.019565 -0.391436 0.919997
vn 0.013839 0.919571 0.392680
vn 0.013839 0.919571 0.392680
vn 0.013839 0.919571 0.392680
vn 0.013839 0.919571 0.392680
vn -0.999994 -0.001517 0.003276
vn -0.999994 -0.001517 0.003276
vn -0.999994 -0.001517 0.003276
vn -0.999994 -0.001517 0.003276
vn -0.658693 -0.675470 -0.331457
vn -0.305705 -0.865279 -0.397286
vn -0.017218 -0.896382 -0.442949
vn -0.017965 -0.897689 -0.440263
vn 0.553627 -0.746994 -0.368099
vn 0.805490 -0.524493 -0.275849
vn -0.910925 -0.358399 -0.204364
vn -0.018774 -0.899095 -0.437352
vn 0.903061 -0.374349 -0.210577
vn 0.861312 0.481459 0.162292
vn 0.720507 0.645580 0.253172
vn 0.026547 0.929815 0.367068
vn 0.026633 0.935187 0.353151
vn 0.000724 -0.375318 0.926896
vn 0.001322 -0.290660 0.956825
vn -0.081152 -0.333300 0.939322
vn 0.918070 0.381104 0.109124
vn 0.026709 0.940143 0.339732
vn -0.841990 0.510175 0.175425
vn -0.907198 0.403580 0.118810
vn 0.083336 -0.335905 0.938202
vn 0.084412 -0.416626 0.905150
vn -0.083559 -0.413601 0.906616
vn -0.000034 -0.452322 0.891855
vn -0.815017 -0.512118 -0.271077
vn -0.571961 -0.735268 -0.363650
vn -0.005304 -0.896516 -0.442980
vn -0.005591 -0.897806 -0.440357
vn 0.294794 -0.868593 -0.398299
vn 0.648051 -0.684074 -0.334774
vn -0.908159 -0.364019 -0.206728
vn -0.005902 -0.899192 -0.437514
vn 0.905682 -0.368988 -0.208775
vn 0.859090 0.484944 0.163691
vn 0.716166 0.649594 0.255212
vn 0.020599 0.929925 0.367172
vn 0.020608 0.935332 0.353171
vn 0.000798 -0.375313 0.926898
vn 0.001140 -0.290536 0.956863
vn -0.081336 -0.333601 0.939199
vn 0.916802 0.383893 0.110003
vn 0.020613 0.940318 0.339672
vn -0.844140 0.507124 0.173933
vn -0.908422 0.401165 0.117630
vn 0.083341 -0.335471 0.938357
vn 0.084703 -0.415833 0.905488
vn -0.083454 -0.414490 0.906219
vn 0.000370 -0.452428 0.891801
vn 0.000000 0.919661 0.392714
vn 0.000000 0.919661 0.392714
vn 0.000000 0.919661 0.392714
vn 0.000000 0.919661 0.392714
vn 0.000001 -0.391166 0.920320
vn 0.000001 -0.391166 0.920320
vn 0.000001 -0.391166 0.920320
vn 0.000001 -0.391166 0.920320
vn -0.013266 0.919549 0.392751
vn -0.013266 0.919549 0.392751
vn -0.013266 0.919549 0.392751
vn -0.013266 0.919549 0.392751
vn -0.019047 -0.391209 0.920105
vn -0.019047 -0.391209 0.920105
vn -0.019047 -0.391209 0.920105
vn -0.019047 -0.391209 0.920105
vn -0.686812 0.675610 0.268031
vn -0.682686 0.679089 0.269774
vn 0.045589 -0.910797 -0.410329
vn 0.045589 -0.910797 -0.410329
vn 0.045589 -0.910797 -0.410329
vn 0.045589 -0.910797 -0.410329
vn -0.043731 -0.910957 -0.410176
vn -0.043731 -0.910957 -0.410176
vn -0.043731 -0.910957 -0.410176
vn -0.043731 -0.910957 -0.410176
vn -0.999994 0.001491 0.003276
vn -0.999994 0.001491 0.003276
vn -0.999994 0.001491 0.003276
vn -0.999994 0.001491 0.003276
vn 0.662205 -0.672577 0.330339
vn 0.309402 -0.864138 0.396909
vn 0.024114 -0.896245 0.442903
vn 0.025082 -0.897513 0.440274
vn -0.548596 -0.750124 0.369265
vn -0.802875 -0.527731 0.277294
vn -0.019596 -0.391322 -0.920045
vn -0.019596 -0.391322 -0.920045
vn -0.019596 -0.391322 -0.920045
vn -0.019596 -0.391322 -0.920045
vn 0.912597 -0.354935 0.202947
vn 0.026129 -0.898876 0.437424
vn -0.901663 -0.376985 0.211864
vn -0.852798 0.494409 -0.168210
vn -0.703881 0.660722 -0.260763
vn -0.003085 0.930106 -0.367279
vn -0.002970 0.935505 -0.353301
vn -0.000414 -0.375461 -0.926838
vn -0.000625 -0.290703 -0.956813
vn 0.081385 -0.334870 -0.938743
vn -0.013840 0.919565 -0.392695
vn -0.013840 0.919565 -0.392695
vn -0.013840 0.919565 -0.392695
vn -0.013840 0.919565 -0.392695
vn -0.913241 0.391303 -0.113463
vn -0.002859 0.940485 -0.339824
vn 0.850645 0.497635 -0.169593
vn 0.912082 0.393719 -0.114421
vn -0.082887 -0.334602 -0.938707
vn -0.084226 -0.417298 -0.904858
vn 0.083599 -0.413313 -0.906744
vn 0.000266 -0.452487 -0.891771
vn 0.820333 -0.505127 0.268142
vn 0.582306 -0.728428 0.360988
vn 0.017208 -0.896381 0.442951
vn 0.017950 -0.897689 0.440264
vn -0.289462 -0.870160 0.398789
vn -0.642884 -0.688256 0.336160
vn 0.911003 -0.358262 0.204259
vn 0.018752 -0.899095 0.437352
vn -0.903160 -0.374163 0.210487
vn -0.861476 0.481195 -0.162206
vn -0.720831 0.645266 -0.253050
vn -0.026537 0.929814 -0.367071
vn -0.026617 0.935187 -0.353154
vn -0.000724 -0.375398 -0.926863
vn -0.001318 -0.290743 -0.956800
vn 0.081049 -0.333471 -0.939270
vn -0.918162 0.380898 -0.109069
vn -0.026689 0.940142 -0.339736
vn 0.842183 0.509890 -0.175327
vn 0.907313 0.403342 -0.118736
vn -0.083230 -0.336064 -0.938154
vn -0.084371 -0.416694 -0.905123
vn 0.083513 -0.413693 -0.906578
vn 0.000030 -0.452245 -0.891894
vn 0.000000 0.919658 -0.392719
vn 0.000000 0.919658 -0.392719
vn 0.000000 0.919658 -0.392719
vn 0.000000 0.919658 -0.392719
vn -0.000002 -0.391399 -0.920221
vn -0.000002 -0.391399 -0.920221
vn -0.000002 -0.391399 -0.920221
vn -0.000002 -0.391399 -0.920221
vn 0.683043 0.678777 -0.269655
vn 0.699486 0.664651 -0.262600
vn 0.999994 -0.001617 -0.003227
vn 0.999994 -0.001617 -0.003227
vn 0.999994 -0.001617 -0.003227
vn 0.999994 -0.001617 -0.003227
vn 0.013280 0.919550 -0.392749
vn 0.013280 0.919550 -0.392749
vn 0.013280 0.919550 -0.392749
vn 0.013280 0.919550 -0.392749
vn 0.019050 -0.391209 -0.920105
vn 0.019050 -0.391209 -0.920105
vn 0.019050 -0.391209 -0.920105
vn 0.019050 -0.391209 -0.920105
vn -0.045574 -0.910799 0.410328
vn -0.045574 -0.910799 0.410328
vn -0.045574 -0.910799 0.410328
vn -0.045574 -0.910799 0.410328
vn 0.043733 -0.910956 0.410178
vn 0.043733 -0.910956 0.410178
vn 0.043733 -0.910956 0.410178
vn 0.043733 -0.910956 0.410178
vn 0.006506 -0.436664 -0.899601
vn 0.006506 -0.436664 -0.899601
vn 0.006506 -0.436664 -0.899601
vn 0.006506 -0.436664 -0.899601
vn -0.000741 -0.892150 0.451738
vn -0.000741 -0.892150 0.451738
vn -0.000741 -0.892150 0.451738
vn -0.000741 -0.892150 0.451738
vn -0.999993 -0.002946 0.002238
vn -0.999993 -0.002946 0.002238
vn -0.999993 -0.002946 0.002238
vn -0.999993 -0.002946 0.002238
vn 0.023847 -0.908537 0.417122
vn 0.023847 -0.908537 0.417122
vn 0.023847 -0.908537 0.417122
vn 0.023847 -0.908537 0.417122
vn -0.000007 -0.911971 -0.410254
vn -0.000007 -0.911971 -0.410254
vn -0.000007 -0.911971 -0.410254
vn -0.000007 -0.911971 -0.410254
vn -0.010282 -0.429793 0.902869
vn -0.010282 -0.429793 0.902869
vn -0.010282 -0.429793 0.902869
vn -0.010282 -0.429793 0.902869
vn 0.999987 -0.004381 0.002672
vn 0.999987 -0.004381 0.002672
vn 0.999987 -0.004381 0.002672
vn 0.999987 -0.004381 0.002672
vn -0.015039 -0.911399 0.411248
vn -0.015039 -0.911399 0.411248
vn -0.015039 -0.911399 0.411248
vn -0.015039 -0.911399 0.411248
vn 0.999996 -0.002688 -0.000572
vn 0.999996 -0.002688 -0.000572
vn 0.999996 -0.002688 -0.000572
vn 0.999996 -0.002688 -0.000572
vn -0.005171 -0.911634 -0.410971
vn -0.005171 -0.911634 -0.410971
vn -0.005171 -0.911634 -0.410971
vn -0.005171 -0.911634 -0.410971
vn 0.020054 -0.916843 -0.398745
vn 0.020054 -0.916843 -0.398745
vn 0.020054 -0.916843 -0.398745
vn 0.020054 -0.916843 -0.398745
vn -0.999991 -0.004151 -0.000493
vn -0.999991 -0.004151 -0.000493
vn -0.999991 -0.004151 -0.000493
vn -0.999991 -0.004151 -0.000493
vn 0.590614 0.806952 -0.002205
vn 0.590614 0.806952 -0.002205
vn 0.578783 0.393146 -0.714455
vn 0.578783 0.393146 -0.714455
vn 0.570129 0.396361 0.719618
vn 0.570129 0.396361 0.719618
vn 0.560516 -0.416817 0.715601
vn 0.560516 -0.416817 0.715601
vn 0.562543 -0.826758 -0.004038
vn 0.562543 -0.826758 -0.004038
vn 0.562392 -0.418836 -0.712945
vn 0.562392 -0.418836 -0.712945
vn -1.000000 -0.000002 -0.000085
vn -1.000000 0.000000 -0.000084
vn -1.000000 -0.000005 0.000000
vn -1.000000 0.000000 -0.000170
vn 0.000002 0.999996 -0.003001
vn 0.000002 0.999996 -0.003001
vn 0.000001 0.481714 -0.876328
vn 0.000001 0.481714 -0.876328
vn 0.000001 -0.506652 -0.862151
vn 0.000001 -0.506652 -0.862151
vn 0.000002 -0.999989 -0.004647
vn 0.000002 -0.999989 -0.004647
vn 0.000001 -0.511332 0.859383
vn 0.000001 -0.511332 0.859383
vn 0.000001 0.483650 0.875261
vn 0.000001 0.483650 0.875261
vn -1.000000 0.000000 -0.000086
vn -1.000000 -0.000005 0.000000
vn -1.000000 0.000000 -0.000171
vn -0.621772 0.783190 0.003713
vn -0.621772 0.783190 0.003713
vn -0.574382 0.388566 0.720487
vn -0.574382 0.388566 0.720487
vn -0.575126 0.382122 -0.723335
vn -0.575126 0.382122 -0.723335
vn -0.491095 -0.447687 -0.747263
vn -0.491095 -0.447687 -0.747263
vn -0.451986 -0.892013 0.004673
vn -0.451986 -0.892013 0.004673
vn -0.490253 -0.449380 0.746800
vn -0.490253 -0.449380 0.746800
vn 1.000000 -0.000001 0.000085
vn 1.000000 0.000000 0.000084
vn 1.000000 -0.000004 0.000000
vn 1.000000 0.000000 0.000170
vn -0.000001 0.999996 0.003020
vn -0.000001 0.999996 0.003020
vn -0.000001 0.481715 0.876328
vn -0.000001 0.481715 0.876328
vn -0.000001 -0.506652 0.862151
vn -0.000001 -0.506652 0.862151
vn -0.000002 -0.999989 0.004648
vn -0.000002 -0.999989 0.004648
vn -0.000001 -0.511365 -0.859364
vn -0.000001 -0.511365 -0.859364
vn -0.000001 0.483634 -0.875270
vn -0.000001 0.483634 -0.875270
vn 1.000000 0.000000 0.000086
vn 1.000000 -0.000004 0.000000
vn 1.000000 0.000000 0.000171
vn -0.000001 -1.000000 -0.000000
vn -0.000001 -1.000000 0.000000
vn -0.000001 -1.000000 0.000000
vn -0.000001 -1.000000 0.000000
vn 0.999995 0.003131 -0.000045
vn 0.999995 0.003124 0.000008
vn 0.999995 0.003124 0.000008
vn 0.999995 0.003131 -0.000045
vn -0.000004 1.000000 -0.000000
vn -0.000004 1.000000 0.000000
vn -0.000003 1.000000 0.000000
vn -0.000003 1.000000 -0.000000
vn 0.006947 0.002536 -0.999973
vn 0.015243 0.002260 -0.999881
vn 0.015243 0.002260 -0.999881
vn 0.006947 0.002536 -0.999973
vn -0.999997 0.001894 0.001559
vn -0.999996 0.001870 -0.002017
vn -0.999996 0.001870 -0.002017
vn -0.999997 0.001894 0.001559
vn -0.000001 -1.000000 0.000000
vn -0.000001 -1.000000 -0.000000
vn 0.999995 0.003118 0.000061
vn 0.999995 0.003118 0.000061
vn -0.000003 1.000000 -0.000000
vn -0.000004 1.000000 -0.000000
vn 0.006947 0.002507 0.999973
vn 0.006947 0.002507 0.999973
vn 0.015252 0.002259 0.999881
vn 0.015252 0.002259 0.999881
vn -0.999985 0.001918 0.005135
vn -0.999985 0.001918 0.005135
vn -0.000003 1.000000 -0.000000
vn -0.000003 1.000000 -0.000000
vn -0.001358 0.002755 0.999995
vn -0.001358 0.002755 0.999995
vn -0.000001 -1.000000 -0.000000
vn -0.000001 -1.000000 -0.000000
vn -0.000001 -1.000000 0.000000
vn -0.001350 0.002811 -0.999995
vn -0.001350 0.002811 -0.999995
vn -0.000003 1.000000 0.000000
vn -0.000372 0.065084 -0.997880
vn -0.000372 0.065084 -0.997880
vn -0.000372 0.065084 -0.997880
vn -0.000372 0.065084 -0.997880
vn 0.000391 0.065082 0.997880
vn 0.000391 0.065082 0.997880
vn 0.000391 0.065082 0.997880
vn 0.000391 0.065082 0.997880
vn -0.998924 0.046365 0.000491
vn -0.998924 0.046365 0.000491
vn -0.998924 0.046365 0.000491
vn -0.998924 0.046365 0.000491
vn 0.998924 0.046382 -0.000219
vn 0.998924 0.046382 -0.000219
vn 0.998924 0.046382 -0.000219
vn 0.998924 0.046382 -0.000219
vn 1.000000 0.000000 0.000000
vn 1.000000 0.000000 0.000000
vn 1.000000 0.000000 0.000000
vn 1.000000 0.000000 0.000000
vn -0.000000 -1.000000 -0.000086
vn -0.000000 -1.000000 -0.000086
vn -0.000000 -1.000000 -0.000086
vn -0.000000 -1.000000 -0.000086
vn -1.000000 0.000000 0.000000
vn -1.000000 0.000000 0.000000
vn -1.000000 0.000000 0.000000
vn -1.000000 0.000000 0.000000
vn 0.000000 1.000000 0.000086
vn 0.000000 1.000000 0.000086
vn 0.000000 1.000000 0.000086
vn 0.000000 1.000000 0.000086
vn 1.000000 0.000000 0.000000
vn 1.000000 0.000000 0.000000
vn 1.000000 0.000000 0.000000
vn 1.000000 0.000000 0.000000
vn 0.000000 -1.000000 -0.000086
vn 0.000000 -1.000000 -0.000086
vn 0.000000 -1.000000 -0.000086
vn 0.000000 -1.000000 -0.000086
vn -1.000000 0.000000 0.000000
vn -1.000000 0.000000 0.000000
vn -1.000000 0.000000 0.000000
vn -1.000000 0.000000 0.000000
vn -0.000000 1.000000 0.000086
vn -0.000000 1.000000 0.000086
vn -0.000000 1.000000 0.000086
vn -0.000000 1.000000 0.000086
vn 0.000000 0.000000 1.000000
vn 0.000000 0.000000 1.000000
vn 0.000000 0.000000 1.000000
vn 0.000000 0.000000 1.000000
vn 0.000007 0.000000 -1.000000
vn 0.000007 0.000000 -1.000000
vn 0.000007 0.000000 -1.000000
vn 0.000007 0.000000 -1.000000
vn -0.000407 1.000000 -0.000000
vn -0.000407 1.000000 -0.000000
vn -0.000407 1.000000 -0.000000
vn -0.000407 1.000000 -0.000000
vn 0.000407 -1.000000 0.000001
vn 0.000407 -1.000000 0.000001
vn 0.000407 -1.000000 0.000001
vn 0.000407 -1.000000 0.000001
vn -0.000000 0.000000 1.000000
vn -0.000000 0.000000 1.000000
vn -0.000000 0.000000 1.000000
vn -0.000000 0.000000 1.000000
vn 0.000013 0.000000 -1.000000
vn 0.000013 0.000000 -1.000000
vn 0.000013 0.000000 -1.000000
vn 0.000013 0.000000 -1.000000
vn -0.000407 1.000000 0.000001
vn -0.000407 1.000000 0.000001
vn -0.000407 1.000000 0.000001
vn -0.000407 1.000000 0.000001
vn 0.000407 -1.000000 0.000000
vn 0.000407 -1.000000 0.000000
vn 0.000407 -1.000000 0.000000
vn 0.000407 -1.000000 0.000000
vn 0.000000 0.069653 0.997571
vn 0.000000 0.069653 0.997571
vn 0.000000 0.034848 0.999393
vn 0.000000 0.034848 0.999393
vn 0.000000 0.000000 -1.000000
vn 0.000000 0.000000 -1.000000
vn 0.000000 -0.029412 -0.999567
vn 0.000000 -0.029412 -0.999567
vn 0.998661 0.051728 -0.000018
vn 0.998661 0.051728 -0.000018
vn 0.999664 0.025935 -0.000019
vn 0.999664 0.025935 -0.000019
vn -0.998802 -0.048938 0.000000
vn -0.998802 -0.048938 0.000000
vn -0.999699 -0.024538 0.000000
vn -0.999699 -0.024538 0.000000
vn 0.000000 0.000000 1.000000
vn 0.000000 0.000000 1.000000
vn 1.000000 0.000126 -0.000019
vn 1.000000 0.000126 -0.000019
vn -1.000000 -0.000124 0.000000
vn -1.000000 -0.000124 0.000000
vn 0.000000 -0.058798 -0.998270
vn 0.000000 -0.058798 -0.998270
vn 0.000000 -0.060061 0.998195
vn 0.000000 -0.060061 0.998195
vn 0.000000 -0.030044 0.999549
vn 0.000000 -0.030044 0.999549
vn 0.000000 0.000003 -1.000000
vn 0.000000 0.000003 -1.000000
vn 0.000000 0.034847 -0.999393
vn 0.000000 0.034847 -0.999393
vn 0.998661 0.051728 -0.000018
vn 0.998661 0.051728 -0.000018
vn 0.999664 0.025936 -0.000019
vn 0.999664 0.025936 -0.000019
vn -0.998802 -0.048939 0.000000
vn -0.998802 -0.048939 0.000000
vn -0.999699 -0.024539 0.000000
vn -0.999699 -0.024539 0.000000
vn 0.000000 0.000000 1.000000
vn 0.000000 0.000000 1.000000
vn 1.000000 0.000126 -0.000019
vn 1.000000 0.000126 -0.000019
vn -1.000000 -0.000124 0.000000
vn -1.000000 -0.000124 0.000000
vn 0.000000 0.069648 -0.997572
vn 0.000000 0.069648 -0.997572
vn 0.000000 0.069650 0.997571
vn 0.000000 0.069650 0.997571
vn 0.000000 0.034846 0.999393
vn 0.000000 0.034846 0.999393
vn 0.000000 0.000000 -1.000000
vn 0.000000 0.000000 -1.000000
vn 0.000000 -0.029412 -0.999567
vn 0.000000 -0.029412 -0.999567
vn 0.998821 -0.048539 -0.000018
vn 0.998821 -0.048539 -0.000018
vn 0.999707 -0.024213 -0.000019
vn 0.999707 -0.024213 -0.000019
vn -0.998681 0.051339 0.000000
vn -0.998681 0.051339 0.000000
vn -0.999672 0.025614 0.000000
vn -0.999672 0.025614 0.000000
vn 0.000000 0.000000 1.000000
vn 0.000000 0.000000 1.000000
vn 1.000000 0.000127 -0.000019
vn 1.000000 0.000127 -0.000019
vn -1.000000 -0.000129 0.000000
vn -1.000000 -0.000129 0.000000
vn 0.000000 -0.058798 -0.998270
vn 0.000000 -0.058798 -0.998270
vn 0.000000 -0.060059 0.998195
vn 0.000000 -0.060059 0.998195
vn 0.000000 -0.030043 0.999549
vn 0.000000 -0.030043 0.999549
vn 0.000000 0.000003 -1.000000
vn 0.000000 0.000003 -1.000000
vn 0.000000 0.034847 -0.999393
vn 0.000000 0.034847 -0.999393
vn 0.998821 -0.048544 -0.000018
vn 0.998821 -0.048544 -0.000018
vn 0.999707 -0.024216 -0.000019
vn 0.999707 -0.024216 -0.000019
vn -0.998681 0.051338 0.000000
vn -0.998681 0.051338 0.000000
vn -0.999672 0.025612 0.000000
vn -0.999672 0.025612 0.000000
vn 0.000000 0.000000 1.000000
vn 0.000000 0.000000 1.000000
vn 1.000000 0.000127 -0.000019
vn 1.000000 0.000127 -0.000019
vn -1.000000 -0.000131 0.000000
vn -1.000000 -0.000131 0.000000
vn 0.000000 0.069648 -0.997572
vn 0.000000 0.069648 -0.997572
vn 0.999998 0.002063 0.000000
vn 0.999998 0.002063 0.000000
vn 0.999998 0.002063 0.000000
vn 1.000000 -0.000003 0.000000
vn 1.000000 -0.000003 0.000000
vn 1.000000 -0.000003 0.000000
vn 1.000000 -0.000003 0.000000
vn -1.000000 -0.000022 0.000000
vn -1.000000 -0.000022 0.000000
vn -1.000000 -0.000022 0.000000
vn 0.001044 0.001168 0.999999
vn 0.001044 0.001168 0.999999
vn 0.001044 0.001168 0.999999
vn 0.001044 0.001168 0.999999
vn -0.000180 0.001293 -0.999999
vn -0.000180 0.001293 -0.999999
vn -0.000180 0.001293 -0.999999
vn -0.000180 0.001293 -0.999999
vn -1.000000 0.000002 0.000000
vn -1.000000 0.000002 0.000000
vn -1.000000 0.000002 0.000000
vn -1.000000 0.000002 0.000000
vn 0.999998 0.001917 -0.000269
vn 0.999998 0.001917 -0.000269
vn 0.999998 0.001917 -0.000269
vn 0.999998 0.001917 -0.000269
vn -0.999998 0.002122 0.000046
vn -0.999998 0.002122 0.000046
vn -0.999998 0.002122 0.000046
vn -0.999998 0.002122 0.000046
vn 0.997571 0.069657 0.000000
vn 0.997571 0.069657 0.000000
vn 0.999393 0.034850 0.000000
vn 0.999393 0.034850 0.000000
vn -1.000000 -0.000001 0.000000
vn -1.000000 -0.000001 0.000000
vn -0.999567 -0.029413 0.000000
vn -0.999567 -0.029413 0.000000
vn -0.000017 0.000196 -1.000000
vn -0.000017 0.000196 -1.000000
vn -0.000019 0.000196 -1.000000
vn -0.000019 0.000196 -1.000000
vn 0.000000 -0.000195 1.000000
vn 0.000000 -0.000195 1.000000
vn 0.000000 -0.000199 1.000000
vn 0.000000 -0.000199 1.000000
vn 1.000000 0.000000 0.000000
vn 1.000000 0.000000 0.000000
vn -0.000020 0.000195 -1.000000
vn -0.000020 0.000195 -1.000000
vn 0.000000 -0.000202 1.000000
vn 0.000000 -0.000202 1.000000
vn -0.998270 -0.058800 0.000000
vn -0.998270 -0.058800 0.000000
vn 0.998195 -0.060061 0.000000
vn 0.998195 -0.060061 0.000000
vn 0.999549 -0.030044 0.000000
vn 0.999549 -0.030044 0.000000
vn -1.000000 0.000007 0.000000
vn -1.000000 0.000007 0.000000
vn -0.999393 0.034849 0.000000
vn -0.999393 0.034849 0.000000
vn -0.000017 0.000199 -1.000000
vn -0.000017 0.000199 -1.000000
vn -0.000019 0.000197 -1.000000
vn -0.000019 0.000197 -1.000000
vn 0.000000 -0.000195 1.000000
vn 0.000000 -0.000195 1.000000
vn 0.000000 -0.000199 1.000000
vn 0.000000 -0.000199 1.000000
vn 1.000000 0.000000 0.000000
vn 1.000000 0.000000 0.000000
vn -0.000020 0.000195 -1.000000
vn -0.000020 0.000195 -1.000000
vn 0.000000 -0.000202 1.000000
vn 0.000000 -0.000202 1.000000
vn -0.997572 0.069649 0.000000
vn -0.997572 0.069649 0.000000
vn 0.997571 0.069655 0.000000
vn 0.997571 0.069655 0.000000
vn 0.999393 0.034851 0.000000
vn 0.999393 0.034851 0.000000
vn -1.000000 -0.000001 0.000000
vn -1.000000 -0.000001 0.000000
vn -0.999567 -0.029413 0.000000
vn -0.999567 -0.029413 0.000000
vn -0.000018 0.000196 -1.000000
vn -0.000018 0.000196 -1.000000
vn -0.000019 0.000196 -1.000000
vn -0.000019 0.000196 -1.000000
vn 0.000000 -0.000200 1.000000
vn 0.000000 -0.000200 1.000000
vn 0.000000 -0.000196 1.000000
vn 0.000000 -0.000196 1.000000
vn 1.000000 0.000004 0.000000
vn 1.000000 0.000004 0.000000
vn -0.000019 0.000195 -1.000000
vn -0.000019 0.000195 -1.000000
vn 0.000000 -0.000193 1.000000
vn 0.000000 -0.000193 1.000000
vn -0.998270 -0.058800 0.000000
vn -0.998270 -0.058800 0.000000
vn 0.998195 -0.060060 0.000000
vn 0.998195 -0.060060 0.000000
vn 0.999549 -0.030044 0.000000
vn 0.999549 -0.030044 0.000000
vn -1.000000 0.000006 0.000000
vn -1.000000 0.000006 0.000000
vn -0.999393 0.034850 0.000000
vn -0.999393 0.034850 0.000000
vn -0.000019 0.000199 -1.000000
vn -0.000019 0.000199 -1.000000
vn -0.000019 0.000197 -1.000000
vn -0.000019 0.000197 -1.000000
vn 0.000000 -0.000200 1.000000
vn 0.000000 -0.000200 1.000000
vn 0.000000 -0.000196 1.000000
vn 0.000000 -0.000196 1.000000
vn 1.000000 0.000000 0.000000
vn 1.000000 0.000000 0.000000
vn -0.000019 0.000195 -1.000000
vn -0.000019 0.000195 -1.000000
vn 0.000000 -0.000193 1.000000
vn 0.000000 -0.000193 1.000000
vn -0.997571 0.069652 0.000000
vn -0.997571 0.069652 0.000000
vn -0.996834 0.079506 0.000000
vn -0.996834 0.079506 0.000000
vn -0.996834 0.079506 0.000000
vn -0.996834 0.079506 0.000000
vn 0.996864 0.079128 0.000000
vn 0.996864 0.079128 0.000000
vn 0.996864 0.079128 0.000000
vn 0.996864 0.079128 0.000000
vn 0.999998 0.001915 -0.000279
vn 0.999998 0.001915 -0.000279
vn 0.999998 0.001915 -0.000279
vn 0.999998 0.001915 -0.000279
vn -0.999998 0.002120 0.000048
vn -0.999998 0.002120 0.000048
vn -0.999998 0.002120 0.000048
vn -0.999998 0.002120 0.000048
vn -0.996834 0.079508 0.000000
vn -0.996834 0.079508 0.000000
vn -0.996834 0.079508 0.000000
vn -0.996834 0.079508 0.000000
vn 0.996864 0.079133 0.000000
vn 0.996864 0.079133 0.000000
vn 0.996864 0.079133 0.000000
vn 0.996864 0.079133 0.000000
vn 0.999998 0.001918 -0.000279
vn 0.999998 0.001918 -0.000279
vn 0.999998 0.001918 -0.000279
vn 0.999998 0.001918 -0.000279
vn 0.000000 0.000000 -1.000000
vn 0.000000 0.000000 -1.000000
vn 0.000000 0.000000 -1.000000
vn -0.999998 0.002120 0.000048
vn -0.999998 0.002120 0.000048
vn -0.999998 0.002120 0.000048
vn -0.999998 0.002120 0.000048
vn 0.000000 0.000000 -1.000000
vn 0.000000 0.000000 -1.000000
vn 0.000000 0.000000 -1.000000
vn 0.000000 0.000000 -1.000000
vn 0.997572 0.069649 0.000000
vn 0.997572 0.069649 0.000000
vn 0.999393 0.034846 0.000000
vn 0.999393 0.034846 0.000000
vn -1.000000 -0.000001 0.000000
vn -1.000000 -0.000001 0.000000
vn -0.999567 -0.029411 0.000000
vn -0.999567 -0.029411 0.000000
vn 0.000000 0.000200 -1.000000
vn 0.000000 0.000200 -1.000000
vn 0.000000 0.000196 -1.000000
vn 0.000000 0.000196 -1.000000
vn 0.000000 -0.000200 1.000000
vn 0.000000 -0.000200 1.000000
vn 0.000000 -0.000196 1.000000
vn 0.000000 -0.000196 1.000000
vn 1.000000 0.000000 0.000000
vn 1.000000 0.000000 0.000000
vn 0.000000 0.000193 -1.000000
vn 0.000000 0.000193 -1.000000
vn 0.000000 -0.000193 1.000000
vn 0.000000 -0.000193 1.000000
vn -0.998270 -0.058797 0.000000
vn -0.998270 -0.058797 0.000000
vn 0.998195 -0.060063 0.000000
vn 0.998195 -0.060063 0.000000
vn 0.999549 -0.030045 0.000000
vn 0.999549 -0.030045 0.000000
vn -1.000000 0.000006 0.000000
vn -1.000000 0.000006 0.000000
vn -0.999393 0.034848 0.000000
vn -0.999393 0.034848 0.000000
vn 0.000000 0.000200 -1.000000
vn 0.000000 0.000200 -1.000000
vn 0.000000 0.000196 -1.000000
vn 0.000000 0.000196 -1.000000
vn 0.000000 -0.000200 1.000000
vn 0.000000 -0.000200 1.000000
vn 0.000000 -0.000196 1.000000
vn 0.000000 -0.000196 1.000000
vn 1.000000 0.000000 0.000000
vn 1.000000 0.000000 0.000000
vn 0.000000 0.000193 -1.000000
vn 0.000000 0.000193 -1.000000
vn 0.000000 -0.000193 1.000000
vn 0.000000 -0.000193 1.000000
vn -0.997572 0.069648 0.000000
vn -0.997572 0.069648 0.000000
vn -0.996834 0.079508 0.000000
vn -0.996834 0.079508 0.000000
vn -0.996834 0.079508 0.000000
vn -0.996834 0.079508 0.000000
vn 0.996864 0.079133 0.000000
vn 0.996864 0.079133 0.000000
vn 0.996864 0.079133 0.000000
vn 0.996864 0.079133 0.000000
vn 0.997571 0.069657 0.000000
vn 0.997571 0.069657 0.000000
vn 0.999393 0.034850 0.000000
vn 0.999393 0.034850 0.000000
vn -1.000000 -0.000001 0.000000
vn -1.000000 -0.000001 0.000000
vn -0.999567 -0.029413 0.000000
vn -0.999567 -0.029413 0.000000
vn -0.000018 0.000196 -1.000000
vn -0.000018 0.000196 -1.000000
vn -0.000019 0.000196 -1.000000
vn -0.000019 0.000196 -1.000000
vn 0.000000 -0.000195 1.000000
vn 0.000000 -0.000195 1.000000
vn 0.000000 -0.000199 1.000000
vn 0.000000 -0.000199 1.000000
vn 1.000000 0.000000 0.000000
vn 1.000000 0.000000 0.000000
vn -0.000019 0.000195 -1.000000
vn -0.000019 0.000195 -1.000000
vn 0.000000 -0.000202 1.000000
vn 0.000000 -0.000202 1.000000
vn -0.998270 -0.058800 0.000000
vn -0.998270 -0.058800 0.000000
vn 0.998195 -0.060060 0.000000
vn 0.998195 -0.060060 0.000000
vn 0.999549 -0.030044 0.000000
vn 0.999549 -0.030044 0.000000
vn -1.000000 0.000007 0.000000
vn -1.000000 0.000007 0.000000
vn -0.999393 0.034849 0.000000
vn -0.999393 0.034849 0.000000
vn -0.000019 0.000199 -1.000000
vn -0.000019 0.000199 -1.000000
vn -0.000019 0.000197 -1.000000
vn -0.000019 0.000197 -1.000000
vn 0.000000 -0.000195 1.000000
vn 0.000000 -0.000195 1.000000
vn 0.000000 -0.000199 1.000000
vn 0.000000 -0.000199 1.000000
vn 1.000000 0.000000 0.000000
vn 1.000000 0.000000 0.000000
vn -0.000019 0.000195 -1.000000
vn -0.000019 0.000195 -1.000000
vn 0.000000 -0.000202 1.000000
vn 0.000000 -0.000202 1.000000
vn -0.997572 0.069649 0.000000
vn -0.997572 0.069649 0.000000
vn 0.000000 0.000000 -1.000000
vn 0.000000 0.000000 -1.000000
vn 0.000000 0.000000 -1.000000
vn 0.000000 0.000000 -1.000000
vn -0.003676 0.001686 -0.999992
vn -0.003676 0.001686 -0.999992
vn -0.003676 0.001686 -0.999992
vn -0.003676 0.001686 -0.999992
vn -0.341316 -0.690999 0.637200
vn -0.400703 -0.871256 0.283461
vn -0.442919 -0.896265 0.023071
vn -0.440224 -0.897561 0.024251
vn -0.381415 -0.774794 -0.504200
vn -0.292709 -0.554063 -0.779317
vn 0.920028 -0.391465 -0.017432
vn 0.920028 -0.391465 -0.017432
vn 0.920028 -0.391465 -0.017432
vn 0.920028 -0.391465 -0.017432
vn -0.217718 -0.376972 0.900273
vn -0.437334 -0.898937 0.025514
vn -0.226081 -0.398289 -0.888962
vn 0.178132 0.527004 -0.830985
vn 0.275329 0.697693 -0.661376
vn 0.367265 0.930112 -0.003017
vn 0.353352 0.935486 -0.002909
vn 0.926821 -0.375503 -0.000350
vn 0.956801 -0.290744 -0.000526
vn 0.939355 -0.335184 0.072556
vn 0.392703 0.919583 -0.012337
vn 0.392703 0.919583 -0.012337
vn 0.392703 0.919583 -0.012337
vn 0.392703 0.919583 -0.012337
vn 0.119134 0.417213 -0.900966
vn 0.339870 0.940468 -0.002804
vn 0.179377 0.530120 0.828732
vn 0.119906 0.419585 0.899762
vn 0.939357 -0.334894 -0.073852
vn 0.905519 -0.417614 -0.075052
vn 0.907373 -0.413668 0.074517
vn 0.891772 -0.452485 0.000248
vn -0.342283 -0.693599 0.633848
vn -0.400996 -0.872227 0.280040
vn -0.442958 -0.896392 0.016431
vn -0.440248 -0.897709 0.017322
vn -0.402182 -0.876606 -0.264218
vn -0.346550 -0.705678 -0.617998
vn -0.219005 -0.380204 0.898600
vn -0.437344 -0.899108 0.018276
vn -0.224836 -0.395536 -0.890505
vn 0.172164 0.514195 -0.840216
vn 0.267955 0.683261 -0.679231
vn 0.367065 0.929823 -0.026299
vn 0.353196 0.935181 -0.026260
vn 0.926849 -0.375435 -0.000662
vn 0.956810 -0.290713 -0.001180
vn 0.939909 -0.333693 0.072250
vn 0.114727 0.407123 -0.906139
vn 0.339757 0.940148 -0.026218
vn 0.185011 0.541896 0.819829
vn 0.124157 0.428835 0.894810
vn 0.938793 -0.336393 -0.074218
vn 0.905740 -0.417101 -0.075246
vn 0.907224 -0.414009 0.074437
vn 0.891877 -0.452279 -0.000000
vn 0.392711 0.919662 0.000018
vn 0.392711 0.919662 0.000018
vn 0.392711 0.919662 0.000018
vn 0.392711 0.919662 0.000018
vn 0.920229 -0.391380 0.000010
vn 0.920229 -0.391380 0.000010
vn 0.920229 -0.391380 0.000010
vn 0.920229 -0.391380 0.000010
vn -0.345753 -0.690812 0.635007
vn -0.406985 -0.865251 0.292753
vn -0.442984 -0.896515 0.005080
vn -0.440300 -0.897834 0.005418
vn -0.401785 -0.875177 -0.269505
vn -0.345274 -0.701637 -0.623291
vn -0.221084 -0.385614 0.895781
vn -0.437424 -0.899237 0.005779
vn -0.223163 -0.390338 -0.893216
vn 0.173558 0.517661 -0.837798
vn 0.269932 0.687070 -0.674590
vn 0.367163 0.929933 -0.020392
vn 0.353233 0.935315 -0.020312
vn 0.926899 -0.375311 -0.000730
vn 0.956895 -0.290433 -0.001050
vn 0.939821 -0.333894 0.072473
vn 0.115604 0.409932 -0.904761
vn 0.339734 0.940304 -0.020230
vn 0.183652 0.539017 0.822029
vn 0.123153 0.426570 0.896031
vn 0.939030 -0.335711 -0.074309
vn 0.906156 -0.416143 -0.075541
vn 0.906838 -0.414859 0.074404
vn 0.891830 -0.452371 -0.000338
vn 0.392722 0.919657 0.000012
vn 0.392722 0.919657 0.000012
vn 0.392722 0.919657 0.000012
vn 0.392722 0.919657 0.000012
vn 0.920230 -0.391379 0.000028
vn 0.920230 -0.391379 0.000028
vn 0.920230 -0.391379 0.000028
vn 0.920230 -0.391379 0.000028
vn 0.392563 0.919641 0.012450
vn 0.392563 0.919641 0.012450
vn 0.392563 0.919641 0.012450
vn 0.392563 0.919641 0.012450
vn 0.919986 -0.391563 0.017430
vn 0.919986 -0.391563 0.017430
vn 0.919986 -0.391563 0.017430
vn 0.919986 -0.391563 0.017430
vn -0.410153 -0.911209 0.038371
vn -0.410153 -0.911209 0.038371
vn 0.282130 0.711168 0.643928
vn 0.283767 0.714323 0.639703
vn 0.277070 0.701281 0.656839
vn -0.341433 -0.691144 0.636980
vn -0.400736 -0.871320 0.283218
vn -0.442915 -0.896269 0.022995
vn -0.440272 -0.897538 0.024197
vn -0.408010 -0.868965 -0.280050
vn -0.349458 -0.700714 -0.621996
vn 0.919985 -0.391542 -0.017983
vn 0.919985 -0.391542 -0.017983
vn 0.919985 -0.391542 -0.017983
vn 0.919985 -0.391542 -0.017983
vn -0.410198 -0.911141 -0.039500
vn -0.410198 -0.911141 -0.039500
vn -0.217880 -0.377115 0.900173
vn -0.437439 -0.898887 0.025483
vn -0.226301 -0.398374 -0.888868
vn 0.178159 0.527296 -0.830794
vn 0.275442 0.697971 -0.661036
vn 0.367269 0.930110 -0.003048
vn 0.353353 0.935486 -0.002930
vn 0.926837 -0.375463 -0.000340
vn 0.956836 -0.290627 -0.000524
vn 0.939391 -0.335059 0.072658
vn 0.392543 0.919644 -0.012844
vn 0.392543 0.919644 -0.012844
vn 0.392543 0.919644 -0.012844
vn 0.392543 0.919644 -0.012844
vn 0.119104 0.417479 -0.900847
vn 0.339866 0.940470 -0.002816
vn 0.179479 0.530407 0.828526
vn 0.119977 0.419819 0.899643
vn 0.939388 -0.334790 -0.073936
vn 0.905513 -0.417617 -0.075112
vn 0.907371 -0.413656 0.074606
vn 0.891722 -0.452584 0.000261
vn -0.342435 -0.693727 0.633625
vn -0.401022 -0.872280 0.279837
vn -0.442965 -0.896388 0.016444
vn -0.440289 -0.897689 0.017336
vn -0.402214 -0.876654 -0.264011
vn -0.346663 -0.705794 -0.617802
vn -0.219264 -0.380376 0.898464
vn -0.437421 -0.899071 0.018289
vn -0.224992 -0.395640 -0.890420
vn 0.172232 0.514518 -0.840004
vn 0.268064 0.683563 -0.678884
vn 0.367061 0.929825 -0.026302
vn 0.353167 0.935192 -0.026250
vn 0.926924 -0.375249 -0.000643
vn 0.956848 -0.290586 -0.001212
vn 0.939966 -0.333514 0.072341
vn 0.114763 0.407429 -0.905997
vn 0.339702 0.940168 -0.026196
vn 0.185007 0.542161 0.819655
vn 0.124070 0.429042 0.894723
vn 0.938922 -0.336008 -0.074320
vn 0.905881 -0.416799 -0.075224
vn 0.907275 -0.413886 0.074502
vn 0.891879 -0.452275 0.000067
vn 0.392710 0.919662 0.000002
vn 0.392710 0.919662 0.000002
vn 0.392710 0.919662 0.000002
vn 0.392710 0.919662 0.000002
vn 0.920178 -0.391500 0.000010
vn 0.920178 -0.391500 0.000010
vn 0.920178 -0.391500 0.000010
vn 0.920178 -0.391500 0.000010
vn -0.287056 -0.539215 0.791736
vn -0.376720 -0.761641 0.527243
vn -0.442991 -0.896512 0.005060
vn -0.440349 -0.897811 0.005409
vn -0.401802 -0.875218 -0.269348
vn -0.345377 -0.701744 -0.623113
vn -0.221350 -0.385703 0.895677
vn -0.437518 -0.899191 0.005783
vn -0.223335 -0.390473 -0.893114
vn 0.173536 0.517920 -0.837642
vn 0.270021 0.687303 -0.674317
vn 0.367163 0.929932 -0.020439
vn 0.353205 0.935325 -0.020348
vn 0.926862 -0.375402 -0.000681
vn 0.956853 -0.290571 -0.000984
vn 0.939808 -0.333928 0.072479
vn 0.115512 0.410177 -0.904661
vn 0.339678 0.940324 -0.020255
vn 0.183698 0.539289 0.821841
vn 0.123148 0.426801 0.895922
vn 0.938998 -0.335822 -0.074204
vn 0.906102 -0.416279 -0.075439
vn 0.906838 -0.414864 0.074382
vn 0.891766 -0.452497 -0.000304
vn 0.392716 0.919660 0.000002
vn 0.392716 0.919660 0.000002
vn 0.392716 0.919660 0.000002
vn 0.392716 0.919660 0.000002
vn 0.920355 -0.391083 -0.000006
vn 0.920355 -0.391083 -0.000006
vn 0.920355 -0.391083 -0.000006
vn 0.920355 -0.391083 -0.000006
vn 0.392758 0.919567 0.011722
vn 0.392758 0.919567 0.011722
vn 0.392758 0.919567 0.011722
vn 0.392758 0.919567 0.011722
vn 0.920153 -0.391197 0.016832
vn 0.920153 -0.391197 0.016832
vn 0.920153 -0.391197 0.016832
vn 0.920153 -0.391197 0.016832
vn 0.282243 0.711444 0.643574
vn 0.283883 0.714607 0.639334
vn 0.277199 0.701595 0.656449
vn -0.410422 -0.910991 -0.040596
vn -0.410422 -0.910991 -0.040596
vn -0.410422 -0.910991 -0.040596
vn -0.410422 -0.910991 -0.040596
vn -0.410258 -0.911152 0.038603
vn -0.410258 -0.911152 0.038603
vn -0.410258 -0.911152 0.038603
vn -0.410258 -0.911152 0.038603
vn 0.341389 -0.690983 -0.637179
vn 0.400708 -0.871270 -0.283411
vn 0.442916 -0.896268 -0.022997
vn 0.440274 -0.897537 -0.024203
vn 0.381399 -0.774779 0.504235
vn 0.292768 -0.554026 0.779322
vn -0.920128 -0.391240 0.017218
vn -0.920128 -0.391240 0.017218
vn -0.920128 -0.391240 0.017218
vn -0.920128 -0.391240 0.017218
vn 0.217835 -0.376895 -0.900277
vn 0.437442 -0.898885 -0.025494
vn 0.226182 -0.398247 0.888955
vn -0.178069 0.527028 0.830983
vn -0.275343 0.697696 0.661367
vn -0.367274 0.930108 0.003021
vn -0.353328 0.935495 0.002925
vn -0.926836 -0.375467 0.000409
vn -0.956826 -0.290659 0.000598
vn -0.939369 -0.335150 -0.072534
vn -0.392707 0.919582 0.012226
vn -0.392707 0.919582 0.012226
vn -0.392707 0.919582 0.012226
vn -0.392707 0.919582 0.012226
vn -0.119030 0.417245 0.900965
vn -0.339814 0.940488 0.002831
vn -0.179343 0.530175 -0.828704
vn -0.119850 0.419666 -0.899731
vn -0.939399 -0.334753 0.073959
vn -0.905520 -0.417598 0.075136
vn -0.907379 -0.413659 -0.074498
vn -0.891740 -0.452548 -0.000204
vn 0.342288 -0.693596 -0.633849
vn 0.400998 -0.872225 -0.280043
vn 0.442960 -0.896391 -0.016426
vn 0.440260 -0.897703 -0.017328
vn 0.402180 -0.876607 0.264221
vn 0.346582 -0.705691 0.617966
vn 0.219013 -0.380199 -0.898600
vn 0.437366 -0.899098 -0.018294
vn 0.224920 -0.395599 0.890456
vn -0.172138 0.514207 0.840214
vn -0.267978 0.683289 0.679193
vn -0.367072 0.929821 0.026302
vn -0.353191 0.935183 0.026247
vn -0.926828 -0.375486 0.000644
vn -0.956805 -0.290728 0.001206
vn -0.939882 -0.333775 -0.072219
vn -0.114669 0.407113 0.906151
vn -0.339741 0.940155 0.026188
vn -0.185014 0.541924 -0.819810
vn -0.124153 0.428856 -0.894801
vn -0.938823 -0.336313 0.074194
vn -0.905739 -0.417113 0.075190
vn -0.907165 -0.414134 -0.074459
vn -0.891802 -0.452427 -0.000060
vn -0.392712 0.919662 0.000021
vn -0.392712 0.919662 0.000021
vn -0.392712 0.919662 0.000021
vn -0.392712 0.919662 0.000021
vn -0.920142 -0.391585 0.000006
vn -0.920142 -0.391585 0.000006
vn -0.920142 -0.391585 0.000006
vn -0.920142 -0.391585 0.000006
vn 0.345808 -0.690800 -0.634990
vn 0.406976 -0.865257 -0.292748
vn 0.442972 -0.896521 -0.005069
vn 0.440334 -0.897818 -0.005402
vn 0.401780 -0.875180 0.269506
vn 0.345310 -0.701599 0.623313
vn 0.221206 -0.385600 -0.895757
vn 0.437507 -0.899197 -0.005758
vn 0.223225 -0.390241 0.893243
vn -0.173504 0.517678 0.837798
vn -0.269906 0.687021 0.674650
vn -0.367154 0.929936 0.020433
vn -0.353202 0.935326 0.020335
vn -0.926868 -0.375386 0.000775
vn -0.956849 -0.290584 0.001077
vn -0.939790 -0.333991 -0.072427
vn -0.115541 0.409995 0.904740
vn -0.339681 0.940323 0.020237
vn -0.183582 0.539020 -0.822043
vn -0.123047 0.426568 -0.896047
vn -0.939012 -0.335753 0.074343
vn -0.906156 -0.416133 0.075590
vn -0.906802 -0.414949 -0.074346
vn -0.891786 -0.452457 0.000391
vn -0.392710 0.919662 0.000001
vn -0.392710 0.919662 0.000001
vn -0.392710 0.919662 0.000001
vn -0.392710 0.919662 0.000001
vn -0.920219 -0.391405 0.000000
vn -0.920219 -0.391405 0.000000
vn -0.920219 -0.391405 0.000000
vn -0.920219 -0.391405 0.000000
vn -0.392560 0.919642 -0.012473
vn -0.392560 0.919642 -0.012473
vn -0.392560 0.919642 -0.012473
vn -0.392560 0.919642 -0.012473
vn -0.919994 -0.391543 -0.017446
vn -0.919994 -0.391543 -0.017446
vn -0.919994 -0.391543 -0.017446
vn -0.919994 -0.391543 -0.017446
vn 0.410145 -0.911213 -0.038374
vn 0.410145 -0.911213 -0.038374
vn -0.282123 0.711170 -0.643928
vn -0.283780 0.714357 -0.639658
vn -0.277079 0.701292 -0.656823
vn -0.003634 -0.001795 -0.999992
vn -0.003634 -0.001795 -0.999992
vn -0.003634 -0.001795 -0.999992
vn -0.003634 -0.001795 -0.999992
vn 0.341413 -0.691158 -0.636976
vn 0.400731 -0.871320 -0.283225
vn 0.442917 -0.896267 -0.023032
vn 0.440243 -0.897552 -0.024236
vn 0.408010 -0.868965 0.280048
vn 0.349430 -0.700733 0.621991
vn -0.920087 -0.391303 0.017910
vn -0.920087 -0.391303 0.017910
vn -0.920087 -0.391303 0.017910
vn -0.920087 -0.391303 0.017910
vn 0.410193 -0.911141 0.039541
vn 0.410193 -0.911141 0.039541
vn 0.217855 -0.377162 -0.900160
vn 0.437377 -0.898916 -0.025523
vn 0.226242 -0.398395 0.888874
vn -0.178170 0.527307 0.830784
vn -0.275435 0.697976 0.661034
vn -0.367266 0.930111 0.003061
vn -0.353354 0.935485 0.002946
vn -0.926858 -0.375412 0.000376
vn -0.956872 -0.290511 0.000556
vn -0.939435 -0.334940 -0.072641
vn -0.392538 0.919646 0.012842
vn -0.392538 0.919646 0.012842
vn -0.392538 0.919646 0.012842
vn -0.392538 0.919646 0.012842
vn -0.119127 0.417499 0.900835
vn -0.339871 0.940468 0.002835
vn -0.179498 0.530391 -0.828532
vn -0.119997 0.419779 -0.899659
vn -0.939426 -0.334670 0.073989
vn -0.905511 -0.417614 0.075150
vn -0.907392 -0.413618 -0.074569
vn -0.891682 -0.452662 -0.000224
vn 0.342361 -0.693744 -0.633646
vn 0.401017 -0.872283 -0.279836
vn 0.442952 -0.896395 -0.016401
vn 0.440238 -0.897714 -0.017308
vn 0.402200 -0.876650 0.264046
vn 0.346648 -0.705808 0.617795
vn 0.219119 -0.380381 -0.898497
vn 0.437329 -0.899116 -0.018279
vn 0.225006 -0.395730 0.890377
vn -0.172195 0.514441 0.840059
vn -0.268056 0.683541 0.678909
vn -0.367068 0.929822 0.026316
vn -0.353179 0.935187 0.026274
vn -0.926937 -0.375218 0.000663
vn -0.956866 -0.290529 0.001214
vn -0.940015 -0.333391 -0.072268
vn -0.114704 0.407311 0.906058
vn -0.339719 0.940161 0.026227
vn -0.185073 0.542163 -0.819639
vn -0.124169 0.429056 -0.894703
vn -0.938952 -0.335936 0.074269
vn -0.905873 -0.416820 0.075205
vn -0.907308 -0.413829 -0.074425
vn -0.891829 -0.452372 -0.000028
vn -0.392711 0.919662 -0.000007
vn -0.392711 0.919662 -0.000007
vn -0.392711 0.919662 -0.000007
vn -0.392711 0.919662 -0.000007
vn -0.920315 -0.391177 -0.000015
vn -0.920315 -0.391177 -0.000015
vn -0.920315 -0.391177 -0.000015
vn -0.920315 -0.391177 -0.000015
vn 0.287031 -0.539256 -0.791718
vn 0.376709 -0.761664 -0.527217
vn 0.442978 -0.896518 -0.005058
vn 0.440342 -0.897814 -0.005410
vn 0.401804 -0.875226 0.269322
vn 0.345391 -0.701775 0.623070
vn 0.221320 -0.385756 -0.895661
vn 0.437518 -0.899191 -0.005786
vn 0.223378 -0.390569 0.893061
vn -0.173532 0.517877 0.837669
vn -0.270028 0.687325 0.674291
vn -0.367161 0.929933 0.020418
vn -0.353205 0.935325 0.020312
vn -0.926876 -0.375368 0.000715
vn -0.956837 -0.290623 0.000979
vn -0.939860 -0.333784 -0.072467
vn -0.115496 0.410081 0.904707
vn -0.339680 0.940324 0.020207
vn -0.183689 0.539247 -0.821870
vn -0.123134 0.426732 -0.895956
vn -0.938954 -0.335941 0.074220
vn -0.906059 -0.416362 0.075492
vn -0.906949 -0.414632 -0.074330
vn -0.891803 -0.452423 0.000379
vn -0.392712 0.919661 -0.000001
vn -0.392712 0.919661 -0.000001
vn -0.392712 0.919661 -0.000001
vn -0.392712 0.919661 -0.000001
vn -0.920283 -0.391254 0.000012
vn -0.920283 -0.391254 0.000012
vn -0.920283 -0.391254 0.000012
vn -0.920283 -0.391254 0.000012
vn -0.392755 0.919567 -0.011812
vn -0.392755 0.919567 -0.011812
vn -0.392755 0.919567 -0.011812
vn -0.392755 0.919567 -0.011812
vn -0.920155 -0.391186 -0.016972
vn -0.920155 -0.391186 -0.016972
vn -0.920155 -0.391186 -0.016972
vn -0.920155 -0.391186 -0.016972
vn -0.282239 0.711439 -0.643580
vn -0.283891 0.714600 -0.639338
vn -0.277210 0.701611 -0.656428
vn 0.410418 -0.911009 0.040241
vn 0.410418 -0.911009 0.040241
vn 0.410418 -0.911009 0.040241
vn 0.410418 -0.911009 0.040241
vn 0.410252 -0.911142 -0.038905
vn 0.410252 -0.911142 -0.038905
vn 0.410252 -0.911142 -0.038905
vn 0.410252 -0.911142 -0.038905
vn -0.341338 -0.691012 0.637174
vn -0.400716 -0.871267 0.283409
vn -0.442923 -0.896265 0.023010
vn -0.440255 -0.897547 0.024200
vn -0.381405 -0.774787 -0.504217
vn -0.292730 -0.554045 -0.779322
vn 0.920076 -0.391360 -0.017262
vn 0.920076 -0.391360 -0.017262
vn 0.920076 -0.391360 -0.017262
vn 0.920076 -0.391360 -0.017262
vn -0.217731 -0.376956 0.900276
vn -0.437395 -0.898909 0.025473
vn -0.226118 -0.398268 -0.888962
vn 0.178123 0.527025 -0.830973
vn 0.275340 0.697705 -0.661358
vn 0.367263 0.930112 -0.003020
vn 0.353356 0.935485 -0.002899
vn 0.926840 -0.375456 -0.000373
vn 0.956826 -0.290659 -0.000561
vn 0.939394 -0.335078 0.072545
vn 0.392698 0.919586 -0.012220
vn 0.392698 0.919586 -0.012220
vn 0.392698 0.919586 -0.012220
vn 0.392698 0.919586 -0.012220
vn 0.119114 0.417237 -0.900958
vn 0.339878 0.940466 -0.002783
vn 0.179407 0.530139 0.828713
vn 0.119952 0.419605 0.899746
vn 0.939373 -0.334840 -0.073895
vn 0.905516 -0.417618 -0.075076
vn 0.907402 -0.413607 0.074508
vn 0.891764 -0.452502 0.000233
vn -0.342297 -0.693598 0.633841
vn -0.400998 -0.872229 0.280030
vn -0.442960 -0.896391 0.016414
vn -0.440259 -0.897704 0.017299
vn -0.402185 -0.876603 -0.264224
vn -0.346578 -0.705663 -0.618000
vn -0.219024 -0.380183 0.898604
vn -0.437365 -0.899099 0.018245
vn -0.224888 -0.395511 -0.890503
vn 0.172144 0.514221 -0.840204
vn 0.267965 0.683275 -0.679213
vn 0.367069 0.929822 -0.026309
vn 0.353186 0.935185 -0.026262
vn 0.926868 -0.375387 -0.000646
vn 0.956805 -0.290727 -0.001177
vn 0.939913 -0.333683 0.072247
vn 0.114690 0.407152 -0.906131
vn 0.339733 0.940157 -0.026210
vn 0.185004 0.541939 0.819802
vn 0.124140 0.428888 0.894787
vn 0.938848 -0.336244 -0.074198
vn 0.905799 -0.416981 -0.075196
vn 0.907240 -0.413975 0.074430
vn 0.891870 -0.452292 0.000029
vn 0.392713 0.919661 0.000000
vn 0.392713 0.919661 0.000000
vn 0.392713 0.919661 0.000000
vn 0.392713 0.919661 0.000000
vn 0.920183 -0.391488 -0.000001
vn 0.920183 -0.391488 -0.000001
vn 0.920183 -0.391488 -0.000001
vn 0.920183 -0.391488 -0.000001
vn -0.345793 -0.690800 0.634998
vn -0.406984 -0.865256 0.292740
vn -0.442980 -0.896517 0.005073
vn -0.440322 -0.897824 0.005410
vn -0.401783 -0.875179 -0.269505
vn -0.345290 -0.701637 -0.623282
vn -0.221160 -0.385584 0.895775
vn -0.437473 -0.899213 0.005772
vn -0.223201 -0.390352 -0.893200
vn 0.173532 0.517651 -0.837809
vn 0.269915 0.687052 -0.674615
vn 0.367157 0.929936 -0.020384
vn 0.353223 0.935319 -0.020287
vn 0.926870 -0.375382 -0.000708
vn 0.956869 -0.290517 -0.001012
vn 0.939805 -0.333934 0.072487
vn 0.115573 0.409924 -0.904768
vn 0.339720 0.940310 -0.020189
vn 0.183609 0.539003 0.822049
vn 0.123095 0.426568 0.896040
vn 0.938998 -0.335810 -0.074266
vn 0.906120 -0.416225 -0.075520
vn 0.906815 -0.414908 0.074411
vn 0.891792 -0.452445 -0.000330
vn 0.392719 0.919659 0.000000
vn 0.392719 0.919659 0.000000
vn 0.392719 0.919659 0.000000
vn 0.392719 0.919659 0.000000
vn 0.920181 -0.391493 0.000000
vn 0.920181 -0.391493 0.000000
vn 0.920181 -0.391493 0.000000
vn 0.920181 -0.391493 0.000000
vn 0.392561 0.919641 0.012466
vn 0.392561 0.919641 0.012466
vn 0.392561 0.919641 0.012466
vn 0.392561 0.919641 0.012466
vn 0.919990 -0.391553 0.017442
vn 0.919990 -0.391553 0.017442
vn 0.919990 -0.391553 0.017442
vn 0.919990 -0.391553 0.017442
vn -0.410150 -0.911211 0.038352
vn -0.410150 -0.911211 0.038352
vn 0.282117 0.711138 0.643966
vn 0.283780 0.714349 0.639667
vn 0.277071 0.701302 0.656816
vn -0.341423 -0.691145 0.636984
vn -0.400738 -0.871320 0.283215
vn -0.442918 -0.896267 0.023002
vn -0.440275 -0.897537 0.024205
vn -0.408012 -0.868964 -0.280050
vn -0.349481 -0.700713 -0.621984
vn 0.920025 -0.391450 -0.017943
vn 0.920025 -0.391450 -0.017943
vn 0.920025 -0.391450 -0.017943
vn 0.920025 -0.391450 -0.017943
vn -0.410201 -0.911139 -0.039515
vn -0.410201 -0.911139 -0.039515
vn -0.217858 -0.377115 0.900179
vn -0.437442 -0.898885 0.025492
vn -0.226353 -0.398390 -0.888848
vn 0.178126 0.527281 -0.830810
vn 0.275428 0.697963 -0.661050
vn 0.367264 0.930112 -0.003069
vn 0.353347 0.935488 -0.002941
vn 0.926865 -0.375394 -0.000366
vn 0.956855 -0.290566 -0.000556
vn 0.939433 -0.334947 0.072633
vn 0.392541 0.919645 -0.012855
vn 0.392541 0.919645 -0.012855
vn 0.392541 0.919645 -0.012855
vn 0.392541 0.919645 -0.012855
vn 0.119058 0.417457 -0.900863
vn 0.339860 0.940472 -0.002818
vn 0.179486 0.530414 0.828521
vn 0.119983 0.419821 0.899641
vn 0.939421 -0.334691 -0.073967
vn 0.905543 -0.417552 -0.075112
vn 0.907412 -0.413576 0.074561
vn 0.891722 -0.452584 0.000241
vn -0.342387 -0.693697 0.633684
vn -0.401017 -0.872273 0.279868
vn -0.442958 -0.896391 0.016445
vn -0.440274 -0.897696 0.017352
vn -0.402205 -0.876651 -0.264033
vn -0.346669 -0.705799 -0.617794
vn -0.219163 -0.380294 0.898523
vn -0.437397 -0.899082 0.018323
vn -0.225030 -0.395690 -0.890388
vn 0.172198 0.514467 -0.840043
vn 0.268065 0.683542 -0.678904
vn 0.367068 0.929822 -0.026311
vn 0.353180 0.935187 -0.026261
vn 0.926897 -0.375315 -0.000640
vn 0.956852 -0.290574 -0.001176
vn 0.939990 -0.333444 0.072344
vn 0.114706 0.407354 -0.906038
vn 0.339721 0.940161 -0.026207
vn 0.185059 0.542175 0.819634
vn 0.124154 0.429080 0.894693
vn 0.938878 -0.336141 -0.074283
vn 0.905792 -0.416991 -0.075237
vn 0.907270 -0.413899 0.074488
vn 0.891812 -0.452406 0.000036
vn 0.392716 0.919660 0.000000
vn 0.392716 0.919660 0.000000
vn 0.392716 0.919660 0.000000
vn 0.392716 0.919660 0.000000
vn 0.920277 -0.391268 0.000019
vn 0.920277 -0.391268 0.000019
vn 0.920277 -0.391268 0.000019
vn 0.920277 -0.391268 0.000019
vn -0.287060 -0.539236 0.791720
vn -0.376703 -0.761653 0.527237
vn -0.442975 -0.896520 0.005056
vn -0.440349 -0.897810 0.005402
vn -0.401799 -0.875223 -0.269338
vn -0.345390 -0.701747 -0.623103
vn -0.221369 -0.385735 0.895659
vn -0.437536 -0.899182 0.005773
vn -0.223367 -0.390489 -0.893099
vn 0.173550 0.517888 -0.837659
vn 0.270020 0.687303 -0.674317
vn 0.367162 0.929933 -0.020433
vn 0.353207 0.935324 -0.020338
vn 0.926896 -0.375319 -0.000710
vn 0.956864 -0.290535 -0.001016
vn 0.939836 -0.333850 0.072468
vn 0.115531 0.410121 -0.904684
vn 0.339683 0.940322 -0.020243
vn 0.183653 0.539269 0.821864
vn 0.123079 0.426768 0.895947
vn 0.939030 -0.335722 -0.074253
vn 0.906163 -0.416141 -0.075471
vn 0.906873 -0.414792 0.074359
vn 0.891802 -0.452425 -0.000330
vn 0.392716 0.919660 0.000000
vn 0.392716 0.919660 0.000000
vn 0.392716 0.919660 0.000000
vn 0.392716 0.919660 0.000000
vn 0.920323 -0.391159 -0.000001
vn 0.920323 -0.391159 -0.000001
vn 0.920323 -0.391159 -0.000001
vn 0.920323 -0.391159 -0.000001
vn 0.392754 0.919566 0.011949
vn 0.392754 0.919566 0.011949
vn 0.392754 0.919566 0.011949
vn 0.392754 0.919566 0.011949
vn 0.920134 -0.391227 0.017179
vn 0.920134 -0.391227 0.017179
vn 0.920134 -0.391227 0.017179
vn 0.920134 -0.391227 0.017179
vn 0.282240 0.711437 0.643583
vn 0.283883 0.714600 0.639341
vn 0.277206 0.701608 0.656432
vn -0.410417 -0.911010 -0.040239
vn -0.410417 -0.911010 -0.040239
vn -0.410417 -0.911010 -0.040239
vn -0.410417 -0.911010 -0.040239
vn -0.410257 -0.911121 0.039353
vn -0.410257 -0.911121 0.039353
vn -0.410257 -0.911121 0.039353
vn -0.410257 -0.911121 0.039353
vn 0.341362 -0.691000 -0.637174
vn 0.400716 -0.871267 -0.283409
vn 0.442922 -0.896265 -0.023003
vn 0.440263 -0.897542 -0.024210
vn 0.381401 -0.774782 0.504228
vn 0.292773 -0.554035 0.779314
vn -0.920101 -0.391283 0.017653
vn -0.920101 -0.391283 0.017653
vn -0.920101 -0.391283 0.017653
vn -0.920101 -0.391283 0.017653
vn 0.217778 -0.376933 -0.900275
vn 0.437412 -0.898900 -0.025501
vn 0.226187 -0.398257 0.888949
vn -0.178062 0.527033 0.830982
vn -0.275329 0.697693 0.661376
vn -0.367267 0.930111 0.003042
vn -0.353334 0.935493 0.002933
vn -0.926825 -0.375493 0.000371
vn -0.956827 -0.290658 0.000561
vn -0.939369 -0.335146 -0.072542
vn -0.392697 0.919584 0.012456
vn -0.392697 0.919584 0.012456
vn -0.392697 0.919584 0.012456
vn -0.392697 0.919584 0.012456
vn -0.119028 0.417256 0.900960
vn -0.339832 0.940482 0.002828
vn -0.179384 0.530170 -0.828699
vn -0.119908 0.419646 -0.899733
vn -0.939350 -0.334905 0.073889
vn -0.905481 -0.417694 0.075068
vn -0.907387 -0.413640 -0.074506
vn -0.891774 -0.452482 -0.000237
vn 0.342272 -0.693605 -0.633847
vn 0.400998 -0.872230 -0.280029
vn 0.442961 -0.896391 -0.016414
vn 0.440263 -0.897702 -0.017307
vn 0.402184 -0.876604 0.264224
vn 0.346607 -0.705652 0.617996
vn 0.218974 -0.380193 -0.898612
vn 0.437371 -0.899096 -0.018262
vn 0.224944 -0.395493 0.890498
vn -0.172109 0.514238 0.840201
vn -0.267964 0.683259 0.679229
vn -0.367071 0.929820 0.026326
vn -0.353174 0.935189 0.026271
vn -0.926851 -0.375428 0.000643
vn -0.956805 -0.290727 0.001173
vn -0.939881 -0.333774 -0.072249
vn -0.114637 0.407188 0.906122
vn -0.339706 0.940166 0.026212
vn -0.185030 0.541943 -0.819794
vn -0.124179 0.428890 -0.894781
vn -0.938829 -0.336298 0.074191
vn -0.905789 -0.417003 0.075190
vn -0.907195 -0.414074 -0.074431
vn -0.891879 -0.452273 -0.000031
vn -0.392719 0.919659 0.000000
vn -0.392719 0.919659 0.000000
vn -0.392719 0.919659 0.000000
vn -0.392719 0.919659 0.000000
vn -0.920227 -0.391385 0.000001
vn -0.920227 -0.391385 0.000001
vn -0.920227 -0.391385 0.000001
vn -0.920227 -0.391385 0.000001
vn 0.345802 -0.690801 -0.634992
vn 0.406985 -0.865258 -0.292732
vn 0.442980 -0.896517 -0.005047
vn 0.440334 -0.897818 -0.005391
vn 0.401780 -0.875175 0.269522
vn 0.345319 -0.701614 0.623292
vn 0.221177 -0.385583 -0.895772
vn 0.437499 -0.899201 -0.005760
vn 0.223263 -0.390317 0.893200
vn -0.173487 0.517650 0.837819
vn -0.269907 0.687027 0.674643
vn -0.367154 0.929936 0.020415
vn -0.353208 0.935324 0.020319
vn -0.926875 -0.375371 0.000710
vn -0.956845 -0.290598 0.001013
vn -0.939816 -0.333904 -0.072485
vn -0.115510 0.409940 0.904769
vn -0.339692 0.940319 0.020222
vn -0.183600 0.539024 -0.822037
vn -0.123080 0.426591 -0.896031
vn -0.939014 -0.335764 0.074267
vn -0.906141 -0.416179 0.075522
vn -0.906845 -0.414844 -0.074410
vn -0.891772 -0.452485 0.000331
vn -0.392716 0.919660 0.000000
vn -0.392716 0.919660 0.000000
vn -0.392716 0.919660 0.000000
vn -0.392716 0.919660 0.000000
vn -0.920224 -0.391393 0.000000
vn -0.920224 -0.391393 0.000000
vn -0.920224 -0.391393 0.000000
vn -0.920224 -0.391393 0.000000
vn -0.392563 0.919641 -0.012467
vn -0.392563 0.919641 -0.012467
vn -0.392563 0.919641 -0.012467
vn -0.392563 0.919641 -0.012467
vn -0.920020 -0.391484 -0.017444
vn -0.920020 -0.391484 -0.017444
vn -0.920020 -0.391484 -0.017444
vn -0.920020 -0.391484 -0.017444
vn 0.410150 -0.911211 -0.038354
vn 0.410150 -0.911211 -0.038354
vn -0.282118 0.711153 -0.643950
vn -0.283783 0.714357 -0.639658
vn -0.277086 0.701310 -0.656801
vn 0.341423 -0.691142 -0.636987
vn 0.400737 -0.871318 -0.283222
vn 0.442922 -0.896265 -0.023021
vn 0.440260 -0.897543 -0.024229
vn 0.408016 -0.868966 0.280038
vn 0.349455 -0.700742 0.621966
vn -0.920030 -0.391436 0.017942
vn -0.920030 -0.391436 0.017942
vn -0.920030 -0.391436 0.017942
vn -0.920030 -0.391436 0.017942
vn 0.410200 -0.911139 0.039514
vn 0.410200 -0.911139 0.039514
vn 0.217859 -0.377115 -0.900179
vn 0.437407 -0.898901 -0.025522
vn 0.226297 -0.398443 0.888838
vn -0.178157 0.527269 0.830812
vn -0.275431 0.697973 0.661039
vn -0.367265 0.930111 0.003059
vn -0.353353 0.935485 0.002950
vn -0.926876 -0.375367 0.000371
vn -0.956862 -0.290542 0.000560
vn -0.939440 -0.334929 -0.072629
vn -0.392543 0.919644 0.012855
vn -0.392543 0.919644 0.012855
vn -0.392543 0.919644 0.012855
vn -0.392543 0.919644 0.012855
vn -0.119104 0.417432 0.900869
vn -0.339872 0.940468 0.002845
vn -0.179488 0.530423 -0.828514
vn -0.119987 0.419838 -0.899633
vn -0.939448 -0.334612 0.073975
vn -0.905566 -0.417501 0.075118
vn -0.907414 -0.413571 -0.074557
vn -0.891715 -0.452598 -0.000238
vn 0.342390 -0.693714 -0.633665
vn 0.401016 -0.872280 -0.279846
vn 0.442958 -0.896392 -0.016421
vn 0.440268 -0.897699 -0.017324
vn 0.402207 -0.876650 0.264035
vn 0.346645 -0.705804 0.617801
vn 0.219165 -0.380312 -0.898515
vn 0.437385 -0.899088 -0.018291
vn 0.224982 -0.395699 0.890396
vn -0.172234 0.514466 0.840036
vn -0.268075 0.683551 0.678891
vn -0.367072 0.929820 0.026314
vn -0.353182 0.935186 0.026264
vn -0.926888 -0.375337 0.000645
vn -0.956843 -0.290604 0.001179
vn -0.939961 -0.333529 -0.072337
vn -0.114756 0.407348 0.906034
vn -0.339721 0.940161 0.026210
vn -0.185059 0.542193 -0.819622
vn -0.124151 0.429097 -0.894686
vn -0.938871 -0.336158 0.074287
vn -0.905793 -0.416985 0.075242
vn -0.907252 -0.413940 -0.074482
vn -0.891829 -0.452373 -0.000032
vn -0.392717 0.919659 0.000000
vn -0.392717 0.919659 0.000000
vn -0.392717 0.919659 0.000000
vn -0.392717 0.919659 0.000000
vn -0.920274 -0.391275 -0.000019
vn -0.920274 -0.391275 -0.000019
vn -0.920274 -0.391275 -0.000019
vn -0.920274 -0.391275 -0.000019
vn 0.287026 -0.539257 -0.791719
vn 0.376709 -0.761665 -0.527216
vn 0.442974 -0.896520 -0.005052
vn 0.440339 -0.897816 -0.005403
vn 0.401798 -0.875225 0.269331
vn 0.345372 -0.701757 0.623102
vn 0.221312 -0.385757 -0.895663
vn 0.437515 -0.899193 -0.005779
vn 0.223332 -0.390501 0.893103
vn -0.173585 0.517903 0.837643
vn -0.270037 0.687329 0.674284
vn -0.367164 0.929932 0.020414
vn -0.353219 0.935320 0.020312
vn -0.926913 -0.375275 0.000709
vn -0.956841 -0.290609 0.001014
vn -0.939870 -0.333753 -0.072476
vn -0.115575 0.410128 0.904676
vn -0.339704 0.940315 0.020210
vn -0.183685 0.539250 -0.821870
vn -0.123128 0.426736 -0.895955
vn -0.939069 -0.335611 0.074257
vn -0.906214 -0.416028 0.075476
vn -0.906911 -0.414707 -0.074367
vn -0.891766 -0.452498 0.000329
vn -0.392714 0.919661 0.000000
vn -0.392714 0.919661 0.000000
vn -0.392714 0.919661 0.000000
vn -0.392714 0.919661 0.000000
vn -0.920320 -0.391165 0.000001
vn -0.920320 -0.391165 0.000001
vn -0.920320 -0.391165 0.000001
vn -0.920320 -0.391165 0.000001
vn -0.392755 0.919568 -0.011726
vn -0.392755 0.919568 -0.011726
vn -0.392755 0.919568 -0.011726
vn -0.392755 0.919568 -0.011726
vn -0.920111 -0.391297 -0.016826
vn -0.920111 -0.391297 -0.016826
vn -0.920111 -0.391297 -0.016826
vn -0.920111 -0.391297 -0.016826
vn -0.282238 0.711441 -0.643579
vn -0.283889 0.714614 -0.639323
vn -0.277208 0.701604 -0.656435
vn 0.410420 -0.910973 0.041038
vn 0.410420 -0.910973 0.041038
vn 0.410420 -0.910973 0.041038
vn 0.410420 -0.910973 0.041038
vn 0.410252 -0.911154 -0.038613
vn 0.410252 -0.911154 -0.038613
vn 0.410252 -0.911154 -0.038613
vn 0.410252 -0.911154 -0.038613
vn -0.341341 -0.691006 0.637179
vn -0.400712 -0.871267 0.283414
vn -0.442922 -0.896265 0.023014
vn -0.440253 -0.897547 0.024213
vn -0.381411 -0.774783 -0.504218
vn -0.292736 -0.554051 -0.779315
vn 0.920080 -0.391329 -0.017709
vn 0.920080 -0.391329 -0.017709
vn 0.920080 -0.391329 -0.017709
vn 0.920080 -0.391329 -0.017709
vn -0.217742 -0.376944 0.900279
vn -0.437391 -0.898910 0.025495
vn -0.226125 -0.398280 -0.888955
vn 0.178104 0.527024 -0.830978
vn 0.275330 0.697690 -0.661379
vn 0.367264 0.930112 -0.003042
vn 0.353352 0.935486 -0.002911
vn 0.926850 -0.375431 -0.000370
vn 0.956819 -0.290686 -0.000558
vn 0.939388 -0.335094 0.072549
vn 0.392690 0.919586 -0.012513
vn 0.392690 0.919586 -0.012513
vn 0.392690 0.919586 -0.012513
vn 0.392690 0.919586 -0.012513
vn 0.119090 0.417245 -0.900958
vn 0.339871 0.940468 -0.002784
vn 0.179410 0.530143 0.828710
vn 0.119951 0.419605 0.899746
vn 0.939396 -0.334776 -0.073894
vn 0.905558 -0.417526 -0.075075
vn 0.907404 -0.413601 0.074512
vn 0.891777 -0.452475 0.000238
vn -0.342299 -0.693597 0.633841
vn -0.401001 -0.872228 0.280030
vn -0.442963 -0.896390 0.016423
vn -0.440259 -0.897704 0.017312
vn -0.402184 -0.876606 -0.264216
vn -0.346580 -0.705673 -0.617988
vn -0.219024 -0.380183 0.898604
vn -0.437360 -0.899101 0.018264
vn -0.224893 -0.395528 -0.890495
vn 0.172159 0.514218 -0.840203
vn 0.267964 0.683275 -0.679213
vn 0.367067 0.929822 -0.026318
vn 0.353188 0.935184 -0.026266
vn 0.926872 -0.375377 -0.000648
vn 0.956815 -0.290695 -0.001178
vn 0.939918 -0.333668 0.072244
vn 0.114713 0.407149 -0.906130
vn 0.339739 0.940155 -0.026211
vn 0.184993 0.541951 0.819797
vn 0.124123 0.428900 0.894784
vn 0.938857 -0.336217 -0.074198
vn 0.905800 -0.416979 -0.075196
vn 0.907239 -0.413979 0.074426
vn 0.891864 -0.452304 0.000027
vn 0.392716 0.919660 0.000000
vn 0.392716 0.919660 0.000000
vn 0.392716 0.919660 0.000000
vn 0.392716 0.919660 0.000000
vn 0.920183 -0.391488 -0.000001
vn 0.920183 -0.391488 -0.000001
vn 0.920183 -0.391488 -0.000001
vn 0.920183 -0.391488 -0.000001
vn -0.345797 -0.690795 0.635001
vn -0.406984 -0.865256 0.292740
vn -0.442978 -0.896518 0.005057
vn -0.440324 -0.897823 0.005400
vn -0.401779 -0.875176 -0.269520
vn -0.345290 -0.701626 -0.623294
vn -0.221168 -0.385573 0.895778
vn -0.437480 -0.899210 0.005767
vn -0.223209 -0.390338 -0.893204
vn 0.173510 0.517627 -0.837828
vn 0.269907 0.687027 -0.674643
vn 0.367157 0.929935 -0.020404
vn 0.353224 0.935318 -0.020313
vn 0.926870 -0.375381 -0.000710
vn 0.956876 -0.290495 -0.001014
vn 0.939805 -0.333935 0.072487
vn 0.115546 0.409904 -0.904781
vn 0.339721 0.940309 -0.020222
vn 0.183610 0.539003 0.822048
vn 0.123097 0.426568 0.896040
vn 0.939001 -0.335798 -0.074271
vn 0.906111 -0.416244 -0.075524
vn 0.906816 -0.414906 0.074412
vn 0.891789 -0.452451 -0.000331
vn 0.392717 0.919659 0.000000
vn 0.392717 0.919659 0.000000
vn 0.392717 0.919659 0.000000
vn 0.392717 0.919659 0.000000
vn 0.920224 -0.391393 0.000000
vn 0.920224 -0.391393 0.000000
vn 0.920224 -0.391393 0.000000
vn 0.920224 -0.391393 0.000000
vn 0.392561 0.919641 0.012466
vn 0.392561 0.919641 0.012466
vn 0.392561 0.919641 0.012466
vn 0.392561 0.919641 0.012466
vn 0.919991 -0.391552 0.017442
vn 0.919991 -0.391552 0.017442
vn 0.919991 -0.391552 0.017442
vn 0.919991 -0.391552 0.017442
vn -0.410150 -0.911211 0.038352
vn -0.410150 -0.911211 0.038352
vn 0.282117 0.711138 0.643966
vn 0.283781 0.714360 0.639654
vn 0.277080 0.701311 0.656803
vn -0.341429 -0.691148 0.636978
vn -0.400739 -0.871319 0.283215
vn -0.442922 -0.896265 0.022999
vn -0.440273 -0.897538 0.024196
vn -0.408013 -0.868963 -0.280052
vn -0.349473 -0.700715 -0.621987
vn 0.920030 -0.391436 -0.017942
vn 0.920030 -0.391436 -0.017942
vn 0.920030 -0.391436 -0.017942
vn 0.920030 -0.391436 -0.017942
vn -0.410200 -0.911139 -0.039514
vn -0.410200 -0.911139 -0.039514
vn -0.217868 -0.377122 0.900173
vn -0.437433 -0.898890 0.025476
vn -0.226335 -0.398394 -0.888850
vn 0.178131 0.527280 -0.830810
vn 0.275436 0.697962 -0.661048
vn 0.367266 0.930111 -0.003067
vn 0.353347 0.935488 -0.002940
vn 0.926865 -0.375394 -0.000366
vn 0.956855 -0.290567 -0.000556
vn 0.939433 -0.334948 0.072633
vn 0.392542 0.919644 -0.012855
vn 0.392542 0.919644 -0.012855
vn 0.392542 0.919644 -0.012855
vn 0.392542 0.919644 -0.012855
vn 0.119061 0.417457 -0.900863
vn 0.339859 0.940472 -0.002818
vn 0.179484 0.530414 0.828521
vn 0.119983 0.419821 0.899641
vn 0.939420 -0.334693 -0.073968
vn 0.905543 -0.417554 -0.075112
vn 0.907411 -0.413576 0.074561
vn 0.891722 -0.452583 0.000241
vn -0.342384 -0.693712 0.633669
vn -0.401014 -0.872279 0.279853
vn -0.442956 -0.896393 0.016437
vn -0.440270 -0.897698 0.017339
vn -0.402208 -0.876652 -0.264027
vn -0.346671 -0.705800 -0.617791
vn -0.219160 -0.380313 0.898516
vn -0.437391 -0.899085 0.018304
vn -0.225029 -0.395690 -0.890388
vn 0.172197 0.514467 -0.840043
vn 0.268065 0.683543 -0.678904
vn 0.367068 0.929821 -0.026335
vn 0.353181 0.935186 -0.026278
vn 0.926891 -0.375330 -0.000643
vn 0.956854 -0.290566 -0.001178
vn 0.939972 -0.333498 0.072337
vn 0.114706 0.407355 -0.906038
vn 0.339723 0.940160 -0.026217
vn 0.185072 0.542192 0.819619
vn 0.124166 0.429087 0.894688
vn 0.938877 -0.336142 -0.074283
vn 0.905791 -0.416992 -0.075237
vn 0.907248 -0.413949 0.074482
vn 0.891817 -0.452397 0.000035
vn 0.392715 0.919660 0.000000
vn 0.392715 0.919660 0.000000
vn 0.392715 0.919660 0.000000
vn 0.392715 0.919660 0.000000
vn 0.920233 -0.391371 0.000019
vn 0.920233 -0.391371 0.000019
vn 0.920233 -0.391371 0.000019
vn 0.920233 -0.391371 0.000019
vn 0.392716 0.919660 0.000000
vn 0.392716 0.919660 0.000000
vn 0.392716 0.919660 0.000000
vn 0.392716 0.919660 0.000000
vn 0.920322 -0.391163 -0.000000
vn 0.920322 -0.391163 -0.000000
vn 0.920322 -0.391163 -0.000000
vn 0.920322 -0.391163 -0.000000
vn -0.395219 -0.918587 -0.000001
vn -0.395219 -0.918587 -0.000001
vn 0.283895 0.714628 0.639305
vn 0.277202 0.701609 0.656433
vn -0.410421 -0.910965 -0.041206
vn -0.410421 -0.910965 -0.041206
vn -0.410421 -0.910965 -0.041206
vn -0.410421 -0.910965 -0.041206
vn 0.342257 -0.693611 -0.633849
vn 0.401000 -0.872229 -0.280029
vn 0.442962 -0.896390 -0.016422
vn 0.440251 -0.897708 -0.017319
vn 0.402184 -0.876606 0.264215
vn 0.346579 -0.705673 0.617987
vn 0.218944 -0.380206 -0.898614
vn 0.437344 -0.899108 -0.018280
vn 0.224892 -0.395528 0.890495
vn -0.172154 0.514219 0.840204
vn -0.267963 0.683259 0.679229
vn -0.367070 0.929820 0.026335
vn -0.353194 0.935181 0.026270
vn -0.926864 -0.375396 0.000644
vn -0.956818 -0.290685 0.001175
vn -0.939919 -0.333665 -0.072250
vn -0.114706 0.407160 0.906126
vn -0.339748 0.940152 0.026202
vn -0.185047 0.541931 -0.819797
vn -0.124202 0.428864 -0.894790
vn -0.938828 -0.336300 0.074196
vn -0.905780 -0.417023 0.075194
vn -0.907229 -0.414000 -0.074432
vn -0.891875 -0.452283 -0.000030
vn -0.392716 0.919660 0.000000
vn -0.392716 0.919660 0.000000
vn -0.392716 0.919660 0.000000
vn -0.392716 0.919660 0.000000
vn -0.920216 -0.391410 0.000000
vn -0.920216 -0.391410 0.000000
vn -0.920216 -0.391410 0.000000
vn -0.920216 -0.391410 0.000000
vn 0.395225 -0.918585 0.000001
vn 0.395225 -0.918585 0.000001
vn 0.345800 -0.690791 -0.635004
vn 0.406984 -0.865255 -0.292740
vn 0.442978 -0.896518 -0.005072
vn 0.440326 -0.897822 -0.005421
vn 0.401780 -0.875179 0.269506
vn 0.345306 -0.701633 0.623278
vn 0.221172 -0.385565 -0.895780
vn 0.437485 -0.899207 -0.005795
vn 0.223236 -0.390345 0.893195
vn -0.173502 0.517639 0.837823
vn -0.269911 0.687027 0.674643
vn -0.367159 0.929934 0.020423
vn -0.353213 0.935322 0.020328
vn -0.926876 -0.375367 0.000708
vn -0.956855 -0.290563 0.001012
vn -0.939820 -0.333892 -0.072489
vn -0.115530 0.409923 0.904774
vn -0.339699 0.940317 0.020232
vn -0.183603 0.539028 -0.822033
vn -0.123081 0.426590 -0.896031
vn -0.939018 -0.335753 0.074268
vn -0.906140 -0.416181 0.075522
vn -0.906835 -0.414866 -0.074414
vn -0.891766 -0.452496 0.000329
vn -0.392715 0.919660 0.000000
vn -0.392715 0.919660 0.000000
vn -0.392715 0.919660 0.000000
vn -0.392715 0.919660 0.000000
vn -0.920181 -0.391493 0.000000
vn -0.920181 -0.391493 0.000000
vn -0.920181 -0.391493 0.000000
vn -0.920181 -0.391493 0.000000
vn -0.392562 0.919641 -0.012467
vn -0.392562 0.919641 -0.012467
vn -0.392562 0.919641 -0.012467
vn -0.392562 0.919641 -0.012467
vn -0.920022 -0.391478 -0.017444
vn -0.920022 -0.391478 -0.017444
vn -0.920022 -0.391478 -0.017444
vn -0.920022 -0.391478 -0.017444
vn 0.410150 -0.911211 -0.038354
vn 0.410150 -0.911211 -0.038354
vn -0.282126 0.711162 -0.643936
vn -0.283785 0.714368 -0.639644
vn 0.341430 -0.691143 -0.636983
vn 0.400738 -0.871316 -0.283227
vn 0.442922 -0.896264 -0.023027
vn 0.440265 -0.897541 -0.024217
vn 0.408014 -0.868967 0.280037
vn 0.349449 -0.700737 0.621975
vn -0.920034 -0.391429 0.017942
vn -0.920034 -0.391429 0.017942
vn -0.920034 -0.391429 0.017942
vn -0.920034 -0.391429 0.017942
vn 0.410198 -0.911140 0.039513
vn 0.410198 -0.911140 0.039513
vn 0.217873 -0.377122 -0.900173
vn 0.437417 -0.898898 -0.025489
vn 0.226286 -0.398428 0.888847
vn -0.178163 0.527268 0.830811
vn -0.275438 0.697971 0.661037
vn -0.367263 0.930112 0.003053
vn -0.353353 0.935485 0.002947
vn -0.926876 -0.375367 0.000371
vn -0.956862 -0.290543 0.000560
vn -0.939440 -0.334929 -0.072629
vn -0.392541 0.919645 0.012854
vn -0.392541 0.919645 0.012854
vn -0.392541 0.919645 0.012854
vn -0.392541 0.919645 0.012854
vn -0.119109 0.417432 0.900868
vn -0.339873 0.940467 0.002844
vn -0.179484 0.530422 -0.828516
vn -0.119986 0.419838 -0.899633
vn -0.939448 -0.334613 0.073975
vn -0.905566 -0.417502 0.075119
vn -0.907415 -0.413569 -0.074556
vn -0.891715 -0.452597 -0.000238
vn 0.342392 -0.693723 -0.633654
vn 0.401017 -0.872281 -0.279842
vn 0.442957 -0.896392 -0.016427
vn 0.440265 -0.897701 -0.017318
vn 0.402208 -0.876653 0.264025
vn 0.346645 -0.705807 0.617797
vn 0.219171 -0.380331 -0.898506
vn 0.437381 -0.899091 -0.018271
vn 0.224979 -0.395699 0.890397
vn -0.172238 0.514472 0.840032
vn -0.268077 0.683564 0.678877
vn -0.367071 0.929821 0.026309
vn -0.353180 0.935187 0.026271
vn -0.926888 -0.375337 0.000648
vn -0.956845 -0.290596 0.001181
vn -0.939968 -0.333510 -0.072333
vn -0.114760 0.407348 0.906034
vn -0.339718 0.940162 0.026228
vn -0.185061 0.542206 -0.819613
vn -0.124152 0.429114 -0.894678
vn -0.938871 -0.336159 0.074287
vn -0.905793 -0.416986 0.075242
vn -0.907249 -0.413947 -0.074477
vn -0.891821 -0.452389 -0.000029
vn -0.392716 0.919660 0.000000
vn -0.392716 0.919660 0.000000
vn -0.392716 0.919660 0.000000
vn -0.392716 0.919660 0.000000
vn -0.920271 -0.391282 -0.000019
vn -0.920271 -0.391282 -0.000019
vn -0.920271 -0.391282 -0.000019
vn -0.920271 -0.391282 -0.000019
vn 0.287024 -0.539255 -0.791721
vn 0.376709 -0.761659 -0.527225
vn 0.442976 -0.896520 -0.005050
vn 0.440332 -0.897819 -0.005400
vn 0.401797 -0.875224 0.269337
vn 0.345343 -0.701765 0.623108
vn 0.221309 -0.385757 -0.895664
vn 0.437499 -0.899200 -0.005775
vn 0.223279 -0.390519 0.893108
vn -0.173623 0.517888 0.837644
vn -0.270034 0.687337 0.674277
vn -0.367162 0.929933 0.020388
vn -0.353231 0.935316 0.020293
vn -0.926915 -0.375270 0.000710
vn -0.956853 -0.290571 0.001014
vn -0.939879 -0.333727 -0.072477
vn -0.115634 0.410101 0.904680
vn -0.339730 0.940306 0.020196
vn -0.183678 0.539228 -0.821885
vn -0.123122 0.426720 -0.895964
vn -0.939069 -0.335611 0.074261
vn -0.906204 -0.416050 0.075480
vn -0.906910 -0.414708 -0.074367
vn -0.891760 -0.452510 0.000331
vn -0.392715 0.919660 0.000000
vn -0.392715 0.919660 0.000000
vn -0.392715 0.919660 0.000000
vn -0.392715 0.919660 0.000000
vn -0.920318 -0.391172 0.000001
vn -0.920318 -0.391172 0.000001
vn -0.920318 -0.391172 0.000001
vn -0.920318 -0.391172 0.000001
vn -0.392753 0.919566 -0.011988
vn -0.392753 0.919566 -0.011988
vn -0.392753 0.919566 -0.011988
vn -0.392753 0.919566 -0.011988
vn -0.920078 -0.391354 -0.017271
vn -0.920078 -0.391354 -0.017271
vn -0.920078 -0.391354 -0.017271
vn -0.920078 -0.391354 -0.017271
vn -0.282230 0.711416 -0.643609
vn -0.283893 0.714619 -0.639316
vn -0.277196 0.701602 -0.656443
vn 0.410258 -0.911114 -0.039499
vn 0.410258 -0.911114 -0.039499
vn 0.410258 -0.911114 -0.039499
vn 0.410258 -0.911114 -0.039499
vn -0.003116 0.738097 -0.674688
vn -0.003116 0.738097 -0.674688
vn -0.675760 0.366802 -0.639379
vn -0.675760 0.366802 -0.639379
vn 0.671678 0.374223 -0.639379
vn 0.671678 0.374223 -0.639379
vn 0.698058 -0.404208 -0.591043
vn 0.698058 -0.404208 -0.591043
vn 0.005810 -0.809090 -0.587656
vn 0.005810 -0.809090 -0.587656
vn -0.691285 -0.403669 -0.599313
vn -0.691285 -0.403669 -0.599313
vn -0.004505 0.758350 0.651833
vn -0.004505 0.758350 0.651833
vn -0.670108 0.378161 0.638709
vn -0.670108 0.378161 0.638709
vn -0.667166 -0.384667 0.637904
vn -0.667166 -0.384667 0.637904
vn 0.004135 -0.763718 0.645537
vn 0.004135 -0.763718 0.645537
vn 0.671697 -0.378882 0.636610
vn 0.671697 -0.378882 0.636610
vn 0.664644 0.381745 0.642276
vn 0.664644 0.381745 0.642276
vn -0.868065 0.496451 -0.000000
vn -0.004694 0.999989 -0.000000
vn -0.004694 0.999989 -0.000000
vn -0.868065 0.496451 -0.000000
vn -0.863644 -0.504102 0.000000
vn -0.863644 -0.504102 0.000000
vn 0.004895 -0.999988 -0.000001
vn 0.004895 -0.999988 -0.000001
vn 0.869385 -0.494135 -0.000003
vn 0.869385 -0.494135 -0.000003
vn 0.862399 0.506229 -0.000003
vn 0.862399 0.506229 -0.000003
vn -0.004044 0.777107 -0.629355
vn -0.004044 0.777107 -0.629355
vn -0.678336 0.386230 -0.625049
vn -0.678336 0.386230 -0.625049
vn 0.673705 0.393284 -0.625659
vn 0.673705 0.393284 -0.625659
vn 0.681905 -0.388141 -0.619961
vn 0.681905 -0.388141 -0.619961
vn 0.004263 -0.784903 -0.619604
vn 0.004263 -0.784903 -0.619604
vn -0.677111 -0.395297 -0.620693
vn -0.677111 -0.395297 -0.620693
vn -0.004695 0.999989 -0.000000
vn -0.004695 0.999989 -0.000000
vn -0.868059 0.496461 -0.000000
vn -0.868059 0.496461 -0.000000
vn -0.863652 -0.504089 0.000000
vn -0.863652 -0.504089 0.000000
vn 0.004892 -0.999988 0.000002
vn 0.004892 -0.999988 0.000002
vn 0.869386 -0.494134 0.000004
vn 0.869386 -0.494134 0.000004
vn 0.862398 0.506231 0.000003
vn 0.862398 0.506231 0.000003
vn -0.003987 0.761276 0.648415
vn -0.003987 0.761276 0.648415
vn -0.662546 0.378221 0.646515
vn -0.662546 0.378221 0.646515
vn -0.658959 -0.383545 0.647045
vn -0.658959 -0.383545 0.647045
vn 0.004156 -0.761203 0.648501
vn 0.004156 -0.761203 0.648501
vn 0.663517 -0.376570 0.646483
vn 0.663517 -0.376570 0.646483
vn 0.657911 0.385066 0.647207
vn 0.657911 0.385066 0.647207
vn -0.649671 0.370836 -0.663633
vn -0.003936 0.746362 -0.665528
vn -0.003936 0.746362 -0.665528
vn -0.649671 0.370836 -0.663633
vn -0.646159 -0.376019 -0.664145
vn -0.646159 -0.376019 -0.664145
vn 0.004117 -0.746417 -0.665465
vn 0.004117 -0.746417 -0.665465
vn 0.650783 -0.369310 -0.663394
vn 0.650783 -0.369310 -0.663394
vn 0.645213 0.377535 -0.664205
vn 0.645213 0.377535 -0.664205
vn -0.868065 0.496451 -0.000000
vn -0.004694 0.999989 -0.000000
vn -0.004694 0.999989 -0.000000
vn -0.868065 0.496451 -0.000000
vn -0.863644 -0.504102 0.000000
vn -0.863644 -0.504102 0.000000
vn 0.004895 -0.999988 -0.000001
vn 0.004895 -0.999988 -0.000001
vn 0.869385 -0.494135 -0.000003
vn 0.869385 -0.494135 -0.000003
vn 0.862399 0.506229 -0.000003
vn 0.862399 0.506229 -0.000003
vn -0.002915 0.702628 0.711551
vn -0.002915 0.702628 0.711551
vn -0.647441 0.349252 0.677379
vn -0.647441 0.349252 0.677379
vn -0.664628 -0.388283 0.638362
vn -0.664628 -0.388283 0.638362
vn 0.006094 -0.779121 0.626844
vn 0.006094 -0.779121 0.626844
vn 0.671566 -0.389693 0.630189
vn 0.671566 -0.389693 0.630189
vn 0.643505 0.356449 0.677382
vn 0.643505 0.356449 0.677382
vn -0.004687 0.999989 -0.000000
vn -0.004687 0.999989 -0.000000
vn -0.868058 0.496462 -0.000001
vn -0.868058 0.496462 -0.000001
vn -0.863648 -0.504095 0.000001
vn -0.863648 -0.504095 0.000001
vn 0.004898 -0.999988 0.000002
vn 0.004898 -0.999988 0.000002
vn 0.869387 -0.494132 0.000004
vn 0.869387 -0.494132 0.000004
vn 0.862400 0.506228 0.000003
vn 0.862400 0.506228 0.000003
vn -0.679879 0.379439 -0.627528
vn -0.005019 0.758228 -0.651971
vn -0.005019 0.758228 -0.651971
vn -0.679879 0.379439 -0.627528
vn -0.677537 -0.387135 -0.625356
vn -0.677537 -0.387135 -0.625356
vn 0.004131 -0.769035 -0.639193
vn 0.004131 -0.769035 -0.639193
vn 0.682277 -0.382698 -0.622929
vn 0.682277 -0.382698 -0.622929
vn 0.673816 0.379974 -0.633713
vn 0.673816 0.379974 -0.633713
vn -0.003931 0.749245 0.662281
vn -0.003931 0.749245 0.662281
vn -0.654428 0.372409 0.658054
vn -0.654428 0.372409 0.658054
vn -0.653492 -0.381529 0.653745
vn -0.653492 -0.381529 0.653745
vn 0.004163 -0.757629 0.652672
vn 0.004163 -0.757629 0.652672
vn 0.658145 -0.374682 0.653038
vn 0.658145 -0.374682 0.653038
vn 0.649955 0.379153 0.658637
vn 0.649955 0.379153 0.658637
vn 0.003068 0.742010 0.670382
vn 0.003068 0.742010 0.670382
vn 0.668393 0.367454 0.646707
vn 0.668393 0.367454 0.646707
vn -0.673074 0.363245 0.644224
vn -0.673074 0.363245 0.644224
vn -0.688420 -0.411837 0.597050
vn -0.688420 -0.411837 0.597050
vn 0.003963 -0.816083 0.577921
vn 0.003963 -0.816083 0.577921
vn 0.684853 -0.408770 0.603227
vn 0.684853 -0.408770 0.603227
vn 0.000053 0.000000 -1.000000
vn 0.000051 0.000000 -1.000000
vn 0.000000 0.000000 -1.000000
vn 0.000105 0.000001 -1.000000
vn 0.002991 0.999996 0.000002
vn 0.002991 0.999996 0.000002
vn 0.876327 0.481716 0.000001
vn 0.876327 0.481716 0.000001
vn 0.862140 -0.506670 0.000001
vn 0.862140 -0.506670 0.000001
vn 0.004637 -0.999989 0.000002
vn 0.004637 -0.999989 0.000002
vn -0.859377 -0.511342 0.000001
vn -0.859377 -0.511342 0.000001
vn -0.875266 0.483642 0.000001
vn -0.875266 0.483642 0.000001
vn 0.000054 0.000000 -1.000000
vn 0.000000 0.000000 -1.000000
vn 0.000109 0.000001 -1.000000
vn -0.003071 0.729408 -0.684072
vn -0.003071 0.729408 -0.684072
vn -0.668866 0.362502 -0.649007
vn -0.668866 0.362502 -0.649007
vn 0.664811 0.369876 -0.649014
vn 0.664811 0.369876 -0.649014
vn 0.691634 -0.400700 -0.600901
vn 0.691634 -0.400700 -0.600901
vn 0.005881 -0.801830 -0.597524
vn 0.005881 -0.801830 -0.597524
vn -0.684816 -0.399943 -0.609158
vn -0.684816 -0.399943 -0.609158
vn -0.004688 0.999989 -0.000000
vn -0.004688 0.999989 -0.000000
vn -0.868064 0.496452 -0.000000
vn -0.868064 0.496452 -0.000000
vn -0.863647 -0.504097 0.000000
vn -0.863647 -0.504097 0.000000
vn 0.004892 -0.999988 0.000002
vn 0.004892 -0.999988 0.000002
vn 0.869388 -0.494131 0.000004
vn 0.869388 -0.494131 0.000004
vn 0.862400 0.506227 0.000003
vn 0.862400 0.506227 0.000003
vn -0.003985 0.761276 0.648415
vn -0.003985 0.761276 0.648415
vn -0.662545 0.378222 0.646515
vn -0.662545 0.378222 0.646515
vn -0.658961 -0.383544 0.647042
vn -0.658961 -0.383544 0.647042
vn 0.004148 -0.761178 0.648529
vn 0.004148 -0.761178 0.648529
vn 0.663478 -0.376554 0.646532
vn 0.663478 -0.376554 0.646532
vn 0.657889 0.385054 0.647237
vn 0.657889 0.385054 0.647237
vn -0.649543 0.370755 -0.663804
vn -0.003931 0.746213 -0.665695
vn -0.003931 0.746213 -0.665695
vn -0.649543 0.370755 -0.663804
vn -0.646027 -0.375952 -0.664311
vn -0.646027 -0.375952 -0.664311
vn 0.004124 -0.746286 -0.665612
vn 0.004124 -0.746286 -0.665612
vn 0.650700 -0.369246 -0.663511
vn 0.650700 -0.369246 -0.663511
vn 0.645111 0.377470 -0.664340
vn 0.645111 0.377470 -0.664340
vn -0.868064 0.496453 -0.000000
vn -0.004694 0.999989 -0.000000
vn -0.004694 0.999989 -0.000000
vn -0.868064 0.496453 -0.000000
vn -0.863643 -0.504103 0.000000
vn -0.863643 -0.504103 0.000000
vn 0.004895 -0.999988 -0.000001
vn 0.004895 -0.999988 -0.000001
vn 0.869384 -0.494137 -0.000003
vn 0.869384 -0.494137 -0.000003
vn 0.862398 0.506231 -0.000003
vn 0.862398 0.506231 -0.000003
vn -0.003117 0.738336 -0.674426
vn -0.003117 0.738336 -0.674426
vn -0.675945 0.366926 -0.639112
vn -0.675945 0.366926 -0.639112
vn 0.671865 0.374329 -0.639121
vn 0.671865 0.374329 -0.639121
vn 0.698228 -0.404306 -0.590774
vn 0.698228 -0.404306 -0.590774
vn 0.005818 -0.809284 -0.587388
vn 0.005818 -0.809284 -0.587388
vn -0.691458 -0.403776 -0.599042
vn -0.691458 -0.403776 -0.599042
vn -0.004695 0.999989 -0.000000
vn -0.004695 0.999989 -0.000000
vn -0.868059 0.496461 -0.000000
vn -0.868059 0.496461 -0.000000
vn -0.863652 -0.504089 0.000000
vn -0.863652 -0.504089 0.000000
vn 0.004892 -0.999988 0.000002
vn 0.004892 -0.999988 0.000002
vn 0.869386 -0.494134 0.000004
vn 0.869386 -0.494134 0.000004
vn 0.862398 0.506231 0.000003
vn 0.862398 0.506231 0.000003
vn -0.003985 0.761370 0.648305
vn -0.003985 0.761370 0.648305
vn -0.662626 0.378272 0.646403
vn -0.662626 0.378272 0.646403
vn -0.659040 -0.383595 0.646932
vn -0.659040 -0.383595 0.646932
vn 0.004150 -0.761247 0.648448
vn 0.004150 -0.761247 0.648448
vn 0.663527 -0.376568 0.646474
vn 0.663527 -0.376568 0.646474
vn 0.657946 0.385095 0.647154
vn 0.657946 0.385095 0.647154
vn -0.649672 0.370836 -0.663632
vn -0.003933 0.746363 -0.665528
vn -0.003933 0.746363 -0.665528
vn -0.649672 0.370836 -0.663632
vn -0.646160 -0.376019 -0.664144
vn -0.646160 -0.376019 -0.664144
vn 0.004127 -0.746471 -0.665406
vn 0.004127 -0.746471 -0.665406
vn 0.650861 -0.369359 -0.663290
vn 0.650861 -0.369359 -0.663290
vn 0.645267 0.377548 -0.664145
vn 0.645267 0.377548 -0.664145
vn -0.868063 0.496454 -0.000000
vn -0.004687 0.999989 -0.000000
vn -0.004687 0.999989 -0.000000
vn -0.868063 0.496454 -0.000000
vn -0.863643 -0.504104 0.000000
vn -0.863643 -0.504104 0.000000
vn 0.004902 -0.999988 -0.000001
vn 0.004902 -0.999988 -0.000001
vn 0.869387 -0.494132 -0.000003
vn 0.869387 -0.494132 -0.000003
vn 0.862401 0.506226 -0.000003
vn 0.862401 0.506226 -0.000003
vn -0.002856 0.691912 0.721976
vn -0.002856 0.691912 0.721976
vn -0.638787 0.343943 0.688225
vn -0.638787 0.343943 0.688225
vn -0.656412 -0.383539 0.649632
vn -0.656412 -0.383539 0.649632
vn 0.006178 -0.769853 0.638192
vn 0.006178 -0.769853 0.638192
vn 0.663391 -0.385190 0.641514
vn 0.663391 -0.385190 0.641514
vn 0.634890 0.351057 0.688239
vn 0.634890 0.351057 0.688239
vn -0.004048 0.777194 -0.629248
vn -0.004048 0.777194 -0.629248
vn -0.678413 0.386260 -0.624947
vn -0.678413 0.386260 -0.624947
vn 0.673778 0.393331 -0.625551
vn 0.673778 0.393331 -0.625551
vn 0.681976 -0.388188 -0.619853
vn 0.681976 -0.388188 -0.619853
vn 0.004257 -0.784983 -0.619503
vn 0.004257 -0.784983 -0.619503
vn -0.677182 -0.395340 -0.620589
vn -0.677182 -0.395340 -0.620589
vn -0.004688 0.999989 -0.000000
vn -0.004688 0.999989 -0.000000
vn -0.868064 0.496452 -0.000000
vn -0.868064 0.496452 -0.000000
vn -0.863647 -0.504097 0.000000
vn -0.863647 -0.504097 0.000000
vn 0.004892 -0.999988 0.000002
vn 0.004892 -0.999988 0.000002
vn 0.869388 -0.494131 0.000004
vn 0.869388 -0.494131 0.000004
vn 0.862400 0.506227 0.000003
vn 0.862400 0.506227 0.000003
vn -0.003984 0.761414 0.648253
vn -0.003984 0.761414 0.648253
vn -0.662666 0.378293 0.646350
vn -0.662666 0.378293 0.646350
vn -0.659078 -0.383617 0.646880
vn -0.659078 -0.383617 0.646880
vn 0.004151 -0.761306 0.648379
vn 0.004151 -0.761306 0.648379
vn 0.663581 -0.376608 0.646395
vn 0.663581 -0.376608 0.646395
vn 0.657998 0.385117 0.647088
vn 0.657998 0.385117 0.647088
vn -0.649544 0.370754 -0.663802
vn -0.003931 0.746213 -0.665695
vn -0.003931 0.746213 -0.665695
vn -0.649544 0.370754 -0.663802
vn -0.646027 -0.375952 -0.664311
vn -0.646027 -0.375952 -0.664311
vn 0.004123 -0.746304 -0.665592
vn 0.004123 -0.746304 -0.665592
vn 0.650717 -0.369257 -0.663489
vn 0.650717 -0.369257 -0.663489
vn 0.645120 0.377481 -0.664325
vn 0.645120 0.377481 -0.664325
vn -0.868062 0.496456 -0.000000
vn -0.004687 0.999989 -0.000000
vn -0.004687 0.999989 -0.000000
vn -0.868062 0.496456 -0.000000
vn -0.863642 -0.504106 0.000000
vn -0.863642 -0.504106 0.000000
vn 0.004902 -0.999988 -0.000001
vn 0.004902 -0.999988 -0.000001
vn 0.869386 -0.494134 -0.000003
vn 0.869386 -0.494134 -0.000003
vn 0.862400 0.506227 -0.000003
vn 0.862400 0.506227 -0.000003
vn -0.002912 0.702406 0.711770
vn -0.002912 0.702406 0.711770
vn -0.647259 0.349154 0.677604
vn -0.647259 0.349154 0.677604
vn -0.664461 -0.388182 0.638597
vn -0.664461 -0.388182 0.638597
vn 0.006098 -0.778935 0.627075
vn 0.006098 -0.778935 0.627075
vn 0.671398 -0.389600 0.630426
vn 0.671398 -0.389600 0.630426
vn 0.643327 0.356338 0.677609
vn 0.643327 0.356338 0.677609
vn -0.004688 0.999989 -0.000000
vn -0.004688 0.999989 -0.000000
vn -0.868057 0.496464 -0.000000
vn -0.868057 0.496464 -0.000000
vn -0.863650 -0.504092 0.000000
vn -0.863650 -0.504092 0.000000
vn 0.004899 -0.999988 0.000002
vn 0.004899 -0.999988 0.000002
vn 0.869387 -0.494132 0.000004
vn 0.869387 -0.494132 0.000004
vn 0.862400 0.506228 0.000003
vn 0.862400 0.506228 0.000003
vn -0.676025 0.381603 -0.630372
vn -0.004507 0.765379 -0.643564
vn -0.004507 0.765379 -0.643564
vn -0.676025 0.381603 -0.630372
vn -0.673046 -0.388174 -0.629547
vn -0.673046 -0.388174 -0.629547
vn 0.004175 -0.770856 -0.636996
vn 0.004175 -0.770856 -0.636996
vn 0.677876 -0.382478 -0.627849
vn 0.677876 -0.382478 -0.627849
vn 0.670726 0.385372 -0.633731
vn 0.670726 0.385372 -0.633731
vn -0.003938 0.749197 0.662335
vn -0.003938 0.749197 0.662335
vn -0.654388 0.372377 0.658112
vn -0.654388 0.372377 0.658112
vn -0.653453 -0.381498 0.653803
vn -0.653453 -0.381498 0.653803
vn 0.004155 -0.757582 0.652727
vn 0.004155 -0.757582 0.652727
vn 0.658100 -0.374668 0.653092
vn 0.658100 -0.374668 0.653092
vn 0.649910 0.379137 0.658690
vn 0.649910 0.379137 0.658690
vn 0.000000 -1.000000 0.000000
vn -0.000000 -1.000000 0.000000
vn -0.000000 -1.000000 0.000000
vn 0.000000 -1.000000 0.000000
vn 0.000000 1.000000 0.000000
vn 0.000000 1.000000 0.000000
vn -0.000000 1.000000 0.000000
vn -0.000000 1.000000 0.000000
vn -0.999996 0.002735 0.000008
vn -0.999975 0.002534 -0.006542
vn -0.999975 0.002534 -0.006542
vn -0.999996 0.002735 0.000008
vn -0.000000 -1.000000 0.000000
vn 0.000000 -1.000000 0.000000
vn -0.000034 0.001855 -0.999998
vn 0.000004 0.001855 -0.999998
vn 0.000004 0.001855 -0.999998
vn -0.000034 0.001855 -0.999998
vn 0.000000 1.000000 0.000001
vn -0.000000 1.000000 0.000001
vn -0.999912 0.002333 -0.013091
vn -0.999912 0.002333 -0.013091
vn -0.000000 -1.000000 0.000000
vn -0.000000 -1.000000 0.000000
vn -0.000000 1.000000 0.000000
vn -0.000000 1.000000 0.000000
vn 0.999995 0.002642 0.001854
vn 0.999995 0.002642 0.001854
vn 0.999981 0.002457 -0.005619
vn 0.999981 0.002457 -0.005619
vn 0.000000 -1.000000 0.000000
vn 0.000042 0.001855 -0.999998
vn 0.000042 0.001855 -0.999998
vn 0.000000 1.000000 0.000001
vn 0.999912 0.002271 -0.013091
vn 0.999912 0.002271 -0.013091
vn 0.000000 -1.000000 0.000000
vn -0.000000 -1.000000 0.000000
vn -0.000000 -1.000000 0.000000
vn 0.000000 -1.000000 0.000000
vn 0.000000 1.000000 0.000000
vn 0.000000 1.000000 0.000000
vn -0.000000 1.000000 0.000000
vn -0.000000 1.000000 0.000000
vn -0.999994 0.002789 -0.001849
vn -0.999994 0.002789 -0.001849
vn -0.999994 0.002789 -0.001849
vn -0.999994 0.002789 -0.001849
vn -0.000000 -1.000000 0.000000
vn -0.000000 -1.000000 0.000000
vn -0.000000 1.000000 0.000000
vn -0.000000 1.000000 0.000000
vn 0.999995 0.002785 0.001849
vn 0.999995 0.002785 0.001849
vn 0.999995 0.002785 0.001849
vn 0.999995 0.002785 0.001849
vn 0.000000 -1.000000 0.000000
vn -0.000000 -1.000000 0.000000
vn -0.000000 -1.000000 0.000000
vn 0.000000 -1.000000 0.000000
vn 0.000000 1.000000 0.000000
vn 0.000000 1.000000 0.000000
vn -0.000000 1.000000 -0.000000
vn -0.000000 1.000000 -0.000000
vn -0.999994 0.002798 -0.001846
vn -0.999994 0.002798 -0.001846
vn -0.999994 0.002798 -0.001846
vn -0.999994 0.002798 -0.001846
vn -0.000000 -1.000000 0.000000
vn -0.000000 -1.000000 0.000000
vn -0.000000 1.000000 -0.000000
vn -0.000000 1.000000 -0.000000
vn 0.999995 0.002785 0.001846
vn 0.999995 0.002785 0.001846
vn 0.999995 0.002785 0.001846
vn 0.999995 0.002785 0.001846
vn 0.000000 -1.000000 0.000000
vn -0.000000 -1.000000 0.000000
vn -0.000000 -1.000000 0.000001
vn 0.000000 -1.000000 0.000001
vn 0.000000 1.000000 0.000000
vn 0.000000 1.000000 0.000002
vn -0.000000 1.000000 0.000002
vn -0.000000 1.000000 0.000000
vn -0.999992 0.002956 0.002573
vn -0.999996 0.002917 0.000007
vn -0.999996 0.002917 0.000007
vn -0.999992 0.002956 0.002573
vn -0.000000 -1.000000 0.000001
vn 0.000000 -1.000000 0.000001
vn -0.999982 0.002994 0.005140
vn -0.999982 0.002994 0.005140
vn 0.000000 1.000000 0.000005
vn -0.000000 1.000000 0.000005
vn 0.000718 0.001099 0.999999
vn -0.001640 0.001128 0.999998
vn -0.001640 0.001128 0.999998
vn 0.000718 0.001099 0.999999
vn -0.000000 -1.000000 0.000000
vn -0.000000 -1.000000 0.000001
vn -0.000000 1.000000 0.000000
vn -0.000000 1.000000 0.000002
vn 0.999990 0.002958 0.003501
vn 0.999990 0.002958 0.003501
vn 0.999994 0.002930 0.001856
vn 0.999994 0.002930 0.001856
vn -0.000000 -1.000000 0.000001
vn 0.999982 0.002987 0.005146
vn 0.999982 0.002987 0.005146
vn -0.000000 1.000000 0.000005
vn 0.003077 0.001071 0.999995
vn 0.003077 0.001071 0.999995
vn -0.902355 -0.430993 0.000835
vn -0.902355 -0.430993 0.000835
vn -0.902355 -0.430993 0.000835
vn -0.902355 -0.430993 0.000835
vn 0.454109 -0.890945 0.001179
vn 0.454109 -0.890945 0.001179
vn 0.454109 -0.890945 0.001179
vn 0.454109 -0.890945 0.001179
vn -0.409928 -0.912118 0.000696
vn -0.409928 -0.912118 0.000696
vn -0.409928 -0.912118 0.000696
vn -0.409928 -0.912118 0.000696
vn 0.901331 -0.433112 0.004063
vn 0.901331 -0.433112 0.004063
vn 0.901331 -0.433112 0.004063
vn 0.901331 -0.433112 0.004063
vn 0.002923 -0.004770 -0.999984
vn 0.002923 -0.004770 -0.999984
vn 0.002923 -0.004770 -0.999984
vn 0.002923 -0.004770 -0.999984
vn 0.411219 -0.911361 0.017901
vn 0.411219 -0.911361 0.017901
vn 0.411219 -0.911361 0.017901
vn 0.411219 -0.911361 0.017901
vn -0.000623 -0.003006 -0.999995
vn -0.000623 -0.003006 -0.999995
vn -0.000623 -0.003006 -0.999995
vn -0.000623 -0.003006 -0.999995
vn -0.410969 -0.911629 0.006142
vn -0.410969 -0.911629 0.006142
vn -0.410969 -0.911629 0.006142
vn -0.410969 -0.911629 0.006142
vn 0.460535 -0.887642 0.000017
vn 0.460535 -0.887642 0.000017
vn 0.460535 -0.887642 0.000017
vn 0.460535 -0.887642 0.000017
vn -0.904064 -0.427397 -0.000452
vn -0.904064 -0.427397 -0.000452
vn -0.904064 -0.427397 -0.000452
vn -0.904064 -0.427397 -0.000452
vn -0.410264 -0.911967 0.000001
vn -0.410264 -0.911967 0.000001
vn -0.410264 -0.911967 0.000001
vn -0.410264 -0.911967 0.000001
vn 0.901917 -0.431909 0.000439
vn 0.901917 -0.431909 0.000439
vn 0.901917 -0.431909 0.000439
vn 0.901917 -0.431909 0.000439
vn 0.460571 -0.887623 0.000017
vn 0.460571 -0.887623 0.000017
vn 0.460571 -0.887623 0.000017
vn 0.460571 -0.887623 0.000017
vn -0.903477 -0.428637 -0.000452
vn -0.903477 -0.428637 -0.000452
vn -0.903477 -0.428637 -0.000452
vn -0.903477 -0.428637 -0.000452
vn -0.410262 -0.911968 0.000000
vn -0.410262 -0.911968 0.000000
vn -0.410262 -0.911968 0.000000
vn -0.410262 -0.911968 0.000000
vn 0.902498 -0.430694 0.000439
vn 0.902498 -0.430694 0.000439
vn 0.902498 -0.430694 0.000439
vn 0.902498 -0.430694 0.000439
vn 0.454122 -0.890939 -0.001116
vn 0.454122 -0.890939 -0.001116
vn 0.454122 -0.890939 -0.001116
vn 0.454122 -0.890939 -0.001116
vn -0.898591 -0.438742 -0.006354
vn -0.898591 -0.438742 -0.006354
vn -0.898591 -0.438742 -0.006354
vn -0.898591 -0.438742 -0.006354
vn 0.905048 -0.425309 0.000951
vn 0.905048 -0.425309 0.000951
vn 0.905048 -0.425309 0.000951
vn 0.905048 -0.425309 0.000951
vn -0.409905 -0.912128 -0.000743
vn -0.409905 -0.912128 -0.000743
vn -0.409905 -0.912128 -0.000743
vn -0.409905 -0.912128 -0.000743
vn -0.000000 0.000000 -1.000000
vn -0.000000 0.000000 -1.000000
vn -0.000000 0.000000 -1.000000
vn -0.000000 0.000000 -1.000000
vn -0.000121 -1.000000 0.000000
vn -0.000121 -1.000000 0.000000
vn -0.000121 -1.000000 0.000000
vn -0.000121 -1.000000 0.000000
vn -0.000000 0.000000 1.000000
vn -0.000000 0.000000 1.000000
vn -0.000000 0.000000 1.000000
vn -0.000000 0.000000 1.000000
vn 0.000121 1.000000 -0.000001
vn 0.000121 1.000000 -0.000001
vn 0.000121 1.000000 -0.000001
vn 0.000121 1.000000 -0.000001
vn 1.000000 0.000000 0.000000
vn 1.000000 0.000000 0.000000
vn 1.000000 0.000000 0.000000
vn 1.000000 0.000000 0.000000
vn -1.000000 0.000000 0.000000
vn -1.000000 0.000000 0.000000
vn -1.000000 0.000000 0.000000
vn -1.000000 0.000000 0.000000
vn -0.000012 1.000000 0.000023
vn -0.000012 1.000000 0.000023
vn -0.000012 1.000000 0.000023
vn -0.000012 1.000000 0.000023
vn 0.000012 -1.000000 -0.000023
vn 0.000012 -1.000000 -0.000023
vn 0.000012 -1.000000 -0.000023
vn 0.000012 -1.000000 -0.000023
vn 1.000000 0.000000 0.000000
vn 1.000000 0.000000 0.000000
vn 1.000000 0.000000 0.000000
vn 1.000000 0.000000 0.000000
vn -1.000000 0.000000 0.000000
vn -1.000000 0.000000 0.000000
vn -1.000000 0.000000 0.000000
vn -1.000000 0.000000 0.000000
vn 0.000012 1.000000 0.000023
vn 0.000012 1.000000 0.000023
vn 0.000012 1.000000 0.000023
vn 0.000012 1.000000 0.000023
vn -0.000012 -1.000000 -0.000023
vn -0.000012 -1.000000 -0.000023
vn -0.000012 -1.000000 -0.000023
vn -0.000012 -1.000000 -0.000023
vn 1.000000 0.000000 0.000000
vn 1.000000 0.000000 0.000000
vn 1.000000 0.000000 0.000000
vn 1.000000 0.000000 0.000000
vn -1.000000 0.000000 0.000000
vn -1.000000 0.000000 0.000000
vn -1.000000 0.000000 0.000000
vn -1.000000 0.000000 0.000000
vn 0.000023 1.000000 0.000046
vn 0.000023 1.000000 0.000046
vn 0.000023 1.000000 0.000046
vn 0.000023 1.000000 0.000046
vn -0.000023 -1.000000 -0.000046
vn -0.000023 -1.000000 -0.000046
vn -0.000023 -1.000000 -0.000046
vn -0.000023 -1.000000 -0.000046
vn 1.000000 0.000000 0.000000
vn 1.000000 0.000000 0.000000
vn 1.000000 0.000000 0.000000
vn 1.000000 0.000000 0.000000
vn -1.000000 0.000000 0.000000
vn -1.000000 0.000000 0.000000
vn -1.000000 0.000000 0.000000
vn -1.000000 0.000000 0.000000
vn -0.000023 1.000000 0.000046
vn -0.000023 1.000000 0.000046
vn -0.000023 1.000000 0.000046
vn -0.000023 1.000000 0.000046
vn 0.000023 -1.000000 -0.000046
vn 0.000023 -1.000000 -0.000046
vn 0.000023 -1.000000 -0.000046
vn 0.000023 -1.000000 -0.000046
vn 1.000000 0.000000 0.000000
vn 1.000000 0.000000 0.000000
vn 1.000000 0.000000 0.000000
vn 1.000000 0.000000 0.000000
vn -1.000000 0.000000 0.000000
vn -1.000000 0.000000 0.000000
vn -1.000000 0.000000 0.000000
vn -1.000000 0.000000 0.000000
vn 0.000000 1.000000 0.000023
vn 0.000000 1.000000 0.000023
vn 0.000000 1.000000 0.000023
vn 0.000000 1.000000 0.000023
vn -0.000000 -1.000000 -0.000023
vn -0.000000 -1.000000 -0.000023
vn -0.000000 -1.000000 -0.000023
vn -0.000000 -1.000000 -0.000023
vn 1.000000 0.000000 0.000000
vn 1.000000 0.000000 0.000000
vn 1.000000 0.000000 0.000000
vn 1.000000 0.000000 0.000000
vn -1.000000 0.000000 0.000000
vn -1.000000 0.000000 0.000000
vn -1.000000 0.000000 0.000000
vn -1.000000 0.000000 0.000000
vn -0.000000 1.000000 0.000023
vn -0.000000 1.000000 0.000023
vn -0.000000 1.000000 0.000023
vn -0.000000 1.000000 0.000023
vn 0.000000 -1.000000 -0.000023
vn 0.000000 -1.000000 -0.000023
vn 0.000000 -1.000000 -0.000023
vn 0.000000 -1.000000 -0.000023
vn -0.003261 0.001495 -0.999994
vn -0.003261 0.001495 -0.999994
vn -0.003261 0.001495 -0.999994
vn -0.003261 0.001495 -0.999994
vn 0.919997 -0.391437 -0.019564
vn 0.919997 -0.391437 -0.019564
vn 0.919997 -0.391437 -0.019564
vn 0.919997 -0.391437 -0.019564
vn 0.392687 0.919568 -0.013841
vn 0.392687 0.919568 -0.013841
vn 0.392687 0.919568 -0.013841
vn 0.392687 0.919568 -0.013841
vn 0.003279 -0.001502 0.999994
vn 0.003279 -0.001502 0.999994
vn 0.003279 -0.001502 0.999994
vn 0.003279 -0.001502 0.999994
vn -0.331455 -0.675476 0.658688
vn -0.397290 -0.865276 0.305709
vn -0.442953 -0.896379 0.017222
vn -0.440267 -0.897687 0.017966
vn -0.368098 -0.746994 -0.553628
vn -0.275847 -0.524498 -0.805487
vn -0.204362 -0.358427 0.910915
vn -0.437356 -0.899093 0.018772
vn -0.210577 -0.374360 -0.903057
vn 0.162291 0.481456 -0.861314
vn 0.253173 0.645578 -0.720508
vn 0.367068 0.929815 -0.026549
vn 0.353149 0.935188 -0.026628
vn 0.926898 -0.375314 -0.000723
vn 0.956823 -0.290669 -0.001321
vn 0.939328 -0.333282 0.081155
vn 0.109121 0.381099 -0.918072
vn 0.339729 0.940145 -0.026698
vn 0.175428 0.510157 0.842001
vn 0.118813 0.403548 0.907211
vn 0.938200 -0.335911 -0.083338
vn 0.905177 -0.416569 -0.084412
vn 0.906600 -0.413636 0.083561
vn 0.891855 -0.452320 0.000035
vn -0.271080 -0.512108 0.815022
vn -0.363652 -0.735266 0.571962
vn -0.442975 -0.896518 0.005311
vn -0.440353 -0.897807 0.005604
vn -0.398294 -0.868598 -0.294788
vn -0.334773 -0.684072 -0.648052
vn -0.206730 -0.364006 0.908164
vn -0.437512 -0.899193 0.005922
vn -0.208774 -0.368968 -0.905691
vn 0.163689 0.484966 -0.859078
vn 0.255210 0.649599 -0.716162
vn 0.367168 0.929927 -0.020600
vn 0.353169 0.935332 -0.020605
vn 0.926901 -0.375305 -0.000797
vn 0.956852 -0.290574 -0.001138
vn 0.939198 -0.333604 0.081336
vn 0.110002 0.383927 -0.916788
vn 0.339673 0.940318 -0.020606
vn 0.173932 0.507125 0.844140
vn 0.117629 0.401164 0.908422
vn 0.938365 -0.335449 -0.083336
vn 0.905511 -0.415783 -0.084704
vn 0.906223 -0.414482 0.083456
vn 0.891804 -0.452422 -0.000371
vn 0.392714 0.919661 0.000000
vn 0.392714 0.919661 0.000000
vn 0.392714 0.919661 0.000000
vn 0.392714 0.919661 0.000000
vn 0.920335 -0.391131 -0.000001
vn 0.920335 -0.391131 -0.000001
vn 0.920335 -0.391131 -0.000001
vn 0.920335 -0.391131 -0.000001
vn 0.392747 0.919551 0.013268
vn 0.392747 0.919551 0.013268
vn 0.392747 0.919551 0.013268
vn 0.392747 0.919551 0.013268
vn 0.920093 -0.391238 0.019049
vn 0.920093 -0.391238 0.019049
vn 0.920093 -0.391238 0.019049
vn 0.920093 -0.391238 0.019049
vn 0.268031 0.675616 0.686806
vn 0.269774 0.679090 0.682685
vn -0.410331 -0.910796 -0.045589
vn -0.410331 -0.910796 -0.045589
vn -0.410331 -0.910796 -0.045589
vn -0.410331 -0.910796 -0.045589
vn -0.410176 -0.910957 0.043731
vn -0.410176 -0.910957 0.043731
vn -0.410176 -0.910957 0.043731
vn -0.410176 -0.910957 0.043731
vn 0.003274 0.001502 0.999994
vn 0.003274 0.001502 0.999994
vn 0.003274 0.001502 0.999994
vn 0.003274 0.001502 0.999994
vn 0.330342 -0.672568 -0.662213
vn 0.396910 -0.864136 -0.309406
vn 0.442901 -0.896246 -0.024124
vn 0.440272 -0.897514 -0.025091
vn 0.369258 -0.750134 0.548587
vn 0.277292 -0.527738 0.802871
vn -0.920041 -0.391332 0.019598
vn -0.920041 -0.391332 0.019598
vn -0.920041 -0.391332 0.019598
vn -0.920041 -0.391332 0.019598
vn 0.202950 -0.354913 -0.912605
vn 0.437423 -0.898876 -0.026138
vn 0.211864 -0.376988 0.901662
vn -0.168208 0.494422 0.852791
vn -0.260757 0.660740 0.703867
vn -0.367272 0.930109 0.003073
vn -0.353294 0.935508 0.002963
vn -0.926836 -0.375467 0.000413
vn -0.956804 -0.290732 0.000626
vn -0.938749 -0.334852 -0.081387
vn -0.392692 0.919566 0.013841
vn -0.392692 0.919566 0.013841
vn -0.392692 0.919566 0.013841
vn -0.392692 0.919566 0.013841
vn -0.113463 0.391311 0.913237
vn -0.339818 0.940487 0.002857
vn -0.169590 0.497648 -0.850638
vn -0.114417 0.393742 -0.912072
vn -0.938701 -0.334618 0.082888
vn -0.904851 -0.417313 0.084227
vn -0.906755 -0.413287 -0.083603
vn -0.891761 -0.452506 -0.000266
vn 0.268143 -0.505130 -0.820331
vn 0.360993 -0.728421 -0.582311
vn 0.442956 -0.896378 -0.017211
vn 0.440264 -0.897689 -0.017943
vn 0.398787 -0.870161 0.289463
vn 0.336161 -0.688254 0.642885
vn 0.204258 -0.358270 -0.911000
vn 0.437346 -0.899098 -0.018734
vn 0.210490 -0.374159 0.903160
vn -0.162206 0.481188 0.861480
vn -0.253052 0.645256 0.720839
vn -0.367071 0.929814 0.026549
vn -0.353156 0.935186 0.026621
vn -0.926869 -0.375385 0.000723
vn -0.956806 -0.290724 0.001319
vn -0.939288 -0.333422 -0.081049
vn -0.109068 0.380892 0.918164
vn -0.339741 0.940140 0.026685
vn -0.175326 0.509893 -0.842182
vn -0.118736 0.403341 -0.907314
vn -0.938155 -0.336062 0.083231
vn -0.905098 -0.416749 0.084370
vn -0.906613 -0.413616 -0.083518
vn -0.891888 -0.452256 -0.000033
vn -0.392721 0.919658 0.000000
vn -0.392721 0.919658 0.000000
vn -0.392721 0.919658 0.000000
vn -0.392721 0.919658 0.000000
vn -0.920228 -0.391383 0.000001
vn -0.920228 -0.391383 0.000001
vn -0.920228 -0.391383 0.000001
vn -0.920228 -0.391383 0.000001
vn -0.269651 0.678787 -0.683035
vn -0.262600 0.664649 -0.699488
vn -0.003225 -0.001581 -0.999994
vn -0.003225 -0.001581 -0.999994
vn -0.003225 -0.001581 -0.999994
vn -0.003225 -0.001581 -0.999994
vn -0.392748 0.919550 -0.013280
vn -0.392748 0.919550 -0.013280
vn -0.392748 0.919550 -0.013280
vn -0.392748 0.919550 -0.013280
vn -0.920075 -0.391279 -0.019049
vn -0.920075 -0.391279 -0.019049
vn -0.920075 -0.391279 -0.019049
vn -0.920075 -0.391279 -0.019049
vn 0.410328 -0.910798 0.045574
vn 0.410328 -0.910798 0.045574
vn 0.410328 -0.910798 0.045574
vn 0.410328 -0.910798 0.045574
vn 0.410174 -0.910958 -0.043731
vn 0.410174 -0.910958 -0.043731
vn 0.410174 -0.910958 -0.043731
vn 0.410174 -0.910958 -0.043731
vn -0.899598 -0.436671 -0.006507
vn -0.899598 -0.436671 -0.006507
vn -0.899598 -0.436671 -0.006507
vn -0.899598 -0.436671 -0.006507
vn 0.451736 -0.892151 0.000741
vn 0.451736 -0.892151 0.000741
vn 0.451736 -0.892151 0.000741
vn 0.451736 -0.892151 0.000741
vn 0.002239 -0.002958 0.999993
vn 0.002239 -0.002958 0.999993
vn 0.002239 -0.002958 0.999993
vn 0.002239 -0.002958 0.999993
vn 0.417133 -0.908533 -0.023848
vn 0.417133 -0.908533 -0.023848
vn 0.417133 -0.908533 -0.023848
vn 0.417133 -0.908533 -0.023848
vn -0.410255 -0.911971 0.000007
vn -0.410255 -0.911971 0.000007
vn -0.410255 -0.911971 0.000007
vn -0.410255 -0.911971 0.000007
vn 0.902868 -0.429795 0.010282
vn 0.902868 -0.429795 0.010282
vn 0.902868 -0.429795 0.010282
vn 0.902868 -0.429795 0.010282
vn 0.002672 -0.004372 -0.999987
vn 0.002672 -0.004372 -0.999987
vn 0.002672 -0.004372 -0.999987
vn 0.002672 -0.004372 -0.999987
vn 0.411247 -0.911400 0.015037
vn 0.411247 -0.911400 0.015037
vn 0.411247 -0.911400 0.015037
vn 0.411247 -0.911400 0.015037
vn -0.000572 -0.002707 -0.999996
vn -0.000572 -0.002707 -0.999996
vn -0.000572 -0.002707 -0.999996
vn -0.000572 -0.002707 -0.999996
vn -0.410966 -0.911636 0.005169
vn -0.410966 -0.911636 0.005169
vn -0.410966 -0.911636 0.005169
vn -0.410966 -0.911636 0.005169
vn -0.398752 -0.916840 -0.020055
vn -0.398752 -0.916840 -0.020055
vn -0.398752 -0.916840 -0.020055
vn -0.398752 -0.916840 -0.020055
vn -0.000492 -0.004148 0.999991
vn -0.000492 -0.004148 0.999991
vn -0.000492 -0.004148 0.999991
vn -0.000492 -0.004148 0.999991
vn -0.002187 0.806929 -0.590645
vn -0.002187 0.806929 -0.590645
vn -0.714453 0.393145 -0.578786
vn -0.714453 0.393145 -0.578786
vn 0.719623 0.396324 -0.570149
vn 0.719623 0.396324 -0.570149
vn 0.715590 -0.416848 -0.560507
vn 0.715590 -0.416848 -0.560507
vn -0.004043 -0.826785 -0.562504
vn -0.004043 -0.826785 -0.562504
vn -0.712936 -0.418854 -0.562391
vn -0.712936 -0.418854 -0.562391
vn -0.000085 0.000001 1.000000
vn -0.000084 0.000000 1.000000
vn 0.000002 0.000000 1.000000
vn -0.000169 0.000002 1.000000
vn -0.002999 0.999996 -0.000001
vn -0.002999 0.999996 -0.000001
vn -0.876328 0.481715 -0.000001
vn -0.876328 0.481715 -0.000001
vn -0.862149 -0.506655 -0.000001
vn -0.862149 -0.506655 -0.000001
vn -0.004644 -0.999989 -0.000001
vn -0.004644 -0.999989 -0.000001
vn 0.859381 -0.511335 -0.000001
vn 0.859381 -0.511335 -0.000001
vn 0.875263 0.483648 -0.000001
vn 0.875263 0.483648 -0.000001
vn -0.000087 0.000000 1.000000
vn 0.000002 0.000000 1.000000
vn -0.000172 0.000002 1.000000
vn 0.003689 0.783208 0.621749
vn 0.003689 0.783208 0.621749
vn 0.720481 0.388599 0.574368
vn 0.720481 0.388599 0.574368
vn -0.723335 0.382113 0.575132
vn -0.723335 0.382113 0.575132
vn -0.747262 -0.447685 0.491098
vn -0.747262 -0.447685 0.491098
vn 0.004654 -0.892022 0.451968
vn 0.004654 -0.892022 0.451968
vn 0.746789 -0.449409 0.490242
vn 0.746789 -0.449409 0.490242
vn 0.000085 0.000001 -1.000000
vn 0.000082 0.000000 -1.000000
vn 0.000001 0.000000 -1.000000
vn 0.000167 0.000002 -1.000000
vn 0.003031 0.999995 0.000001
vn 0.003031 0.999995 0.000001
vn 0.876331 0.481710 0.000001
vn 0.876331 0.481710 0.000001
vn 0.862152 -0.506650 0.000001
vn 0.862152 -0.506650 0.000001
vn 0.004657 -0.999989 0.000002
vn 0.004657 -0.999989 0.000002
vn -0.859359 -0.511373 0.000001
vn -0.859359 -0.511373 0.000001
vn -0.875269 0.483637 0.000001
vn -0.875269 0.483637 0.000001
vn 0.000086 0.000000 -1.000000
vn -0.000001 0.000000 -1.000000
vn 0.000172 0.000002 -1.000000
vn -0.000000 -1.000000 0.000001
vn 0.000000 -1.000000 0.000001
vn 0.000000 -1.000000 0.000001
vn -0.000000 -1.000000 0.000001
vn -0.000045 0.003120 -0.999995
vn 0.000008 0.003106 -0.999995
vn 0.000008 0.003106 -0.999995
vn -0.000045 0.003120 -0.999995
vn -0.000000 1.000000 0.000004
vn 0.000000 1.000000 0.000004
vn 0.000000 1.000000 0.000003
vn -0.000000 1.000000 0.000003
vn -0.999973 0.002507 -0.006948
vn -0.999881 0.002208 -0.015247
vn -0.999881 0.002208 -0.015247
vn -0.999973 0.002507 -0.006948
vn 0.001559 0.001888 0.999997
vn -0.002017 0.001888 0.999996
vn -0.002017 0.001888 0.999996
vn 0.001559 0.001888 0.999997
vn -0.000000 -1.000000 0.000001
vn -0.000000 -1.000000 0.000001
vn 0.000061 0.003092 -0.999995
vn 0.000061 0.003092 -0.999995
vn -0.000000 1.000000 0.000003
vn -0.000000 1.000000 0.000004
vn 0.999973 0.002501 -0.006945
vn 0.999973 0.002501 -0.006945
vn 0.999881 0.002263 -0.015247
vn 0.999881 0.002263 -0.015247
vn 0.005135 0.001888 0.999985
vn 0.005135 0.001888 0.999985
vn -0.000000 1.000000 0.000003
vn -0.000000 1.000000 0.000003
vn 0.999995 0.002738 0.001358
vn 0.999995 0.002738 0.001358
vn -0.000000 -1.000000 0.000001
vn -0.000000 -1.000000 0.000001
vn 0.000000 -1.000000 0.000001
vn -0.999995 0.002805 0.001351
vn -0.999995 0.002805 0.001351
vn 0.000000 1.000000 0.000003
vn -0.997880 0.065078 0.000372
vn -0.997880 0.065078 0.000372
vn -0.997880 0.065078 0.000372
vn -0.997880 0.065078 0.000372
vn 0.997880 0.065081 -0.000391
vn 0.997880 0.065081 -0.000391
vn 0.997880 0.065081 -0.000391
vn 0.997880 0.065081 -0.000391
vn 0.000491 0.046364 0.998924
vn 0.000491 0.046364 0.998924
vn 0.000491 0.046364 0.998924
vn 0.000491 0.046364 0.998924
vn -0.000219 0.046383 -0.998924
vn -0.000219 0.046383 -0.998924
vn -0.000219 0.046383 -0.998924
vn -0.000219 0.046383 -0.998924
vn -0.000000 0.000000 -1.000000
vn -0.000000 0.000000 -1.000000
vn -0.000000 0.000000 -1.000000
vn -0.000000 0.000000 -1.000000
vn -0.000086 -1.000000 0.000000
vn -0.000086 -1.000000 0.000000
vn -0.000086 -1.000000 0.000000
vn -0.000086 -1.000000 0.000000
vn 0.000000 0.000000 1.000000
vn 0.000000 0.000000 1.000000
vn 0.000000 0.000000 1.000000
vn 0.000000 0.000000 1.000000
vn 0.000086 1.000000 0.000000
vn 0.000086 1.000000 0.000000
vn 0.000086 1.000000 0.000000
vn 0.000086 1.000000 0.000000
vn 0.000000 0.000000 -1.000000
vn 0.000000 0.000000 -1.000000
vn 0.000000 0.000000 -1.000000
vn 0.000000 0.000000 -1.000000
vn -0.000086 -1.000000 0.000000
vn -0.000086 -1.000000 0.000000
vn -0.000086 -1.000000 0.000000
vn -0.000086 -1.000000 0.000000
vn -0.000000 0.000000 1.000000
vn -0.000000 0.000000 1.000000
vn -0.000000 0.000000 1.000000
vn -0.000000 0.000000 1.000000
vn 0.000086 1.000000 0.000000
vn 0.000086 1.000000 0.000000
vn 0.000086 1.000000 0.000000
vn 0.000086 1.000000 0.000000
vn 1.000000 0.000000 0.000000
vn 1.000000 0.000000 0.000000
vn 1.000000 0.000000 0.000000
vn 1.000000 0.000000 0.000000
vn -1.000000 0.000000 -0.000008
vn -1.000000 0.000000 -0.000008
vn -1.000000 0.000000 -0.000008
vn -1.000000 0.000000 -0.000008
vn -0.000001 1.000000 0.000407
vn -0.000001 1.000000 0.000407
vn -0.000001 1.000000 0.000407
vn -0.000001 1.000000 0.000407
vn 0.000001 -1.000000 -0.000407
vn 0.000001 -1.000000 -0.000407
vn 0.000001 -1.000000 -0.000407
vn 0.000001 -1.000000 -0.000407
vn 1.000000 0.000000 0.000000
vn 1.000000 0.000000 0.000000
vn 1.000000 0.000000 0.000000
vn 1.000000 0.000000 0.000000
vn -1.000000 0.000000 -0.000013
vn -1.000000 0.000000 -0.000013
vn -1.000000 0.000000 -0.000013
vn -1.000000 0.000000 -0.000013
vn 0.000001 1.000000 0.000407
vn 0.000001 1.000000 0.000407
vn 0.000001 1.000000 0.000407
vn 0.000001 1.000000 0.000407
vn -0.000001 -1.000000 -0.000407
vn -0.000001 -1.000000 -0.000407
vn -0.000001 -1.000000 -0.000407
vn -0.000001 -1.000000 -0.000407
vn 0.997571 0.069653 0.000000
vn 0.997571 0.069653 0.000000
vn 0.999393 0.034848 0.000000
vn 0.999393 0.034848 0.000000
vn -1.000000 0.000001 0.000000
vn -1.000000 0.000001 0.000000
vn -0.999568 -0.029408 0.000000
vn -0.999568 -0.029408 0.000000
vn -0.000017 0.051728 -0.998661
vn -0.000017 0.051728 -0.998661
vn -0.000018 0.025936 -0.999664
vn -0.000018 0.025936 -0.999664
vn 0.000000 -0.048939 0.998802
vn 0.000000 -0.048939 0.998802
vn 0.000000 -0.024539 0.999699
vn 0.000000 -0.024539 0.999699
vn 1.000000 0.000000 0.000000
vn 1.000000 0.000000 0.000000
vn -0.000018 0.000126 -1.000000
vn -0.000018 0.000126 -1.000000
vn 0.000000 -0.000125 1.000000
vn 0.000000 -0.000125 1.000000
vn -0.998270 -0.058792 0.000000
vn -0.998270 -0.058792 0.000000
vn 0.998195 -0.060061 0.000000
vn 0.998195 -0.060061 0.000000
vn 0.999549 -0.030044 0.000000
vn 0.999549 -0.030044 0.000000
vn -1.000000 0.000003 0.000000
vn -1.000000 0.000003 0.000000
vn -0.999393 0.034849 0.000000
vn -0.999393 0.034849 0.000000
vn -0.000017 0.051730 -0.998661
vn -0.000017 0.051730 -0.998661
vn -0.000018 0.025937 -0.999664
vn -0.000018 0.025937 -0.999664
vn 0.000000 -0.048939 0.998802
vn 0.000000 -0.048939 0.998802
vn 0.000000 -0.024539 0.999699
vn 0.000000 -0.024539 0.999699
vn 1.000000 0.000000 0.000000
vn 1.000000 0.000000 0.000000
vn -0.000018 0.000126 -1.000000
vn -0.000018 0.000126 -1.000000
vn 0.000000 -0.000125 1.000000
vn 0.000000 -0.000125 1.000000
vn -0.997571 0.069652 0.000000
vn -0.997571 0.069652 0.000000
vn 0.997571 0.069657 0.000000
vn 0.997571 0.069657 0.000000
vn 0.999393 0.034848 0.000000
vn 0.999393 0.034848 0.000000
vn -1.000000 0.000002 0.000000
vn -1.000000 0.000002 0.000000
vn -0.999568 -0.029410 0.000000
vn -0.999568 -0.029410 0.000000
vn -0.000018 -0.048543 -0.998821
vn -0.000018 -0.048543 -0.998821
vn -0.000018 -0.024216 -0.999707
vn -0.000018 -0.024216 -0.999707
vn 0.000000 0.051338 0.998681
vn 0.000000 0.051338 0.998681
vn 0.000000 0.025612 0.999672
vn 0.000000 0.025612 0.999672
vn 1.000000 -0.000003 0.000000
vn 1.000000 -0.000003 0.000000
vn -0.000018 0.000126 -1.000000
vn -0.000018 0.000126 -1.000000
vn 0.000000 -0.000131 1.000000
vn 0.000000 -0.000131 1.000000
vn -0.998270 -0.058796 0.000000
vn -0.998270 -0.058796 0.000000
vn 0.998195 -0.060061 0.000000
vn 0.998195 -0.060061 0.000000
vn 0.999549 -0.030044 0.000000
vn 0.999549 -0.030044 0.000000
vn -1.000000 0.000004 0.000000
vn -1.000000 0.000004 0.000000
vn -0.999393 0.034846 0.000000
vn -0.999393 0.034846 0.000000
vn -0.000019 -0.048542 -0.998821
vn -0.000019 -0.048542 -0.998821
vn -0.000018 -0.024215 -0.999707
vn -0.000018 -0.024215 -0.999707
vn 0.000000 0.051338 0.998681
vn 0.000000 0.051338 0.998681
vn 0.000000 0.025612 0.999672
vn 0.000000 0.025612 0.999672
vn 1.000000 0.000000 0.000000
vn 1.000000 0.000000 0.000000
vn -0.000018 0.000126 -1.000000
vn -0.000018 0.000126 -1.000000
vn 0.000000 -0.000131 1.000000
vn 0.000000 -0.000131 1.000000
vn -0.997572 0.069646 0.000000
vn -0.997572 0.069646 0.000000
vn 0.000000 0.002046 -0.999998
vn 0.000000 0.002046 -0.999998
vn 0.000000 0.002046 -0.999998
vn 0.000000 -0.000003 -1.000000
vn 0.000000 -0.000003 -1.000000
vn 0.000000 -0.000003 -1.000000
vn 0.000000 -0.000003 -1.000000
vn 0.000000 0.000000 1.000000
vn 0.000000 0.000000 1.000000
vn 0.000000 0.000000 1.000000
vn 0.999999 0.001168 -0.001044
vn 0.999999 0.001168 -0.001044
vn 0.999999 0.001168 -0.001044
vn 0.999999 0.001168 -0.001044
vn -0.999999 0.001293 0.000180
vn -0.999999 0.001293 0.000180
vn -0.999999 0.001293 0.000180
vn -0.999999 0.001293 0.000180
vn 0.000000 0.000002 1.000000
vn 0.000000 0.000002 1.000000
vn 0.000000 0.000002 1.000000
vn 0.000000 0.000002 1.000000
vn 0.709425 0.001491 0.704780
vn 0.709425 0.001491 0.704780
vn 0.709425 0.001491 0.704780
vn 0.709425 0.001491 0.704780
vn -0.636688 -0.391458 0.664371
vn -0.636688 -0.391458 0.664371
vn -0.636688 -0.391458 0.664371
vn -0.636688 -0.391458 0.664371
vn -0.267887 0.919567 0.287460
vn -0.267887 0.919567 0.287460
vn -0.267887 0.919567 0.287460
vn -0.267887 0.919567 0.287460
vn -0.709420 -0.001484 -0.704784
vn -0.709420 -0.001484 -0.704784
vn -0.709420 -0.001484 -0.704784
vn -0.709420 -0.001484 -0.704784
vn -0.231383 -0.675475 -0.700140
vn 0.064748 -0.865273 -0.497103
vn 0.301031 -0.896373 -0.325415
vn 0.298596 -0.897685 -0.324040
vn 0.651760 -0.746997 0.131167
vn 0.764603 -0.524513 0.374523
vn -0.499584 -0.358446 -0.788627
vn 0.295958 -0.899095 -0.322548
vn 0.787432 -0.374375 0.489688
vn 0.494252 0.481458 0.723818
vn 0.330453 0.645583 0.688493
vn -0.240782 0.929816 0.278327
vn -0.230891 0.935184 0.268552
vn -0.654908 -0.375306 0.655927
vn -0.675647 -0.290619 0.677527
vn -0.721574 -0.333318 0.606820
vn 0.571969 0.381102 0.726369
vn -0.221358 0.940136 0.259123
vn -0.719430 0.510145 -0.471352
vn -0.725506 0.403524 -0.557503
vn -0.604486 -0.335902 0.722334
vn -0.580381 -0.416583 0.699726
vn -0.700141 -0.413647 0.581978
vn -0.630688 -0.452272 0.630621
vn -0.384638 -0.512092 -0.767994
vn -0.147305 -0.735269 -0.661574
vn 0.309480 -0.896516 -0.316988
vn 0.307421 -0.897808 -0.315331
vn 0.490087 -0.868595 -0.073192
vn 0.694959 -0.684075 0.221524
vn -0.496005 -0.363971 -0.788355
vn 0.305191 -0.899197 -0.313535
vn 0.788036 -0.368981 0.492801
vn 0.491694 0.484967 0.723218
vn 0.325928 0.649622 0.686849
vn -0.245070 0.929928 0.274178
vn -0.235174 0.935330 0.264294
vn -0.654855 -0.375295 0.655987
vn -0.675798 -0.290475 0.677437
vn -0.721654 -0.333559 0.606592
vn 0.570460 0.383914 0.726076
vn -0.225635 0.940311 0.254762
vn -0.719874 0.507156 -0.473893
vn -0.725515 0.401220 -0.559152
vn -0.604568 -0.335406 0.722496
vn -0.580362 -0.415814 0.700198
vn -0.699827 -0.414512 0.581741
vn -0.630330 -0.452476 0.630833
vn -0.277690 0.919660 0.277693
vn -0.277690 0.919660 0.277693
vn -0.277690 0.919660 0.277693
vn -0.277690 0.919660 0.277693
vn -0.650766 -0.391130 0.650785
vn -0.650766 -0.391130 0.650785
vn -0.650766 -0.391130 0.650785
vn -0.650766 -0.391130 0.650785
vn -0.287092 0.919552 0.268331
vn -0.287092 0.919552 0.268331
vn -0.287092 0.919552 0.268331
vn -0.287092 0.919552 0.268331
vn -0.664065 -0.391255 0.637132
vn -0.664065 -0.391255 0.637132
vn -0.664065 -0.391255 0.637132
vn -0.664065 -0.391255 0.637132
vn -0.675175 0.675611 -0.296120
vn -0.673487 0.679094 -0.291971
vn 0.322377 -0.910800 -0.257906
vn 0.322377 -0.910800 -0.257906
vn 0.322377 -0.910800 -0.257906
vn 0.322377 -0.910800 -0.257906
vn 0.259117 -0.910954 -0.320969
vn 0.259117 -0.910954 -0.320969
vn 0.259117 -0.910954 -0.320969
vn 0.259117 -0.910954 -0.320969
vn -0.709438 0.001597 -0.704766
vn -0.709438 0.001597 -0.704766
vn -0.709438 0.001597 -0.704766
vn -0.709438 0.001597 -0.704766
vn 0.234659 -0.672568 0.701846
vn -0.061880 -0.864131 0.499448
vn -0.296109 -0.896246 0.330246
vn -0.293581 -0.897513 0.329061
vn -0.648992 -0.750155 -0.126795
vn -0.763782 -0.527750 -0.371642
vn 0.636664 -0.391435 -0.664408
vn 0.636664 -0.391435 -0.664408
vn 0.636664 -0.391435 -0.664408
vn 0.636664 -0.391435 -0.664408
vn 0.501795 -0.354918 0.788819
vn -0.290843 -0.898874 0.327774
vn -0.787377 -0.376992 -0.487765
vn -0.484068 0.494412 -0.721966
vn -0.313318 0.660746 -0.682090
vn 0.257528 0.930108 -0.261875
vn 0.247721 0.935504 -0.251924
vn 0.655084 -0.375453 -0.655667
vn 0.676135 -0.290665 -0.677020
vn 0.721372 -0.334836 -0.606224
vn 0.267887 0.919563 -0.287471
vn 0.267887 0.919563 -0.287471
vn 0.267887 0.919563 -0.287471
vn 0.267887 0.919563 -0.287471
vn -0.565520 0.391292 -0.726001
vn 0.238267 0.940482 -0.242329
vn 0.721408 0.497661 0.481563
vn 0.725837 0.393758 0.564017
vn 0.605135 -0.334574 -0.722407
vn 0.580259 -0.417310 -0.699394
vn 0.700291 -0.413313 -0.582036
vn 0.630755 -0.452522 -0.630374
vn 0.390465 -0.505104 0.769680
vn 0.156524 -0.728396 0.667038
vn -0.301022 -0.896380 0.325405
vn -0.298615 -0.897687 0.324016
vn -0.486658 -0.870165 0.077308
vn -0.692292 -0.688259 -0.216867
vn 0.499743 -0.358246 0.788617
vn -0.296006 -0.899093 0.322510
vn -0.787486 -0.374169 -0.489759
vn -0.494477 0.481190 -0.723843
vn -0.330779 0.645257 -0.688643
vn 0.240786 0.929814 -0.278331
vn 0.230891 0.935188 -0.268537
vn 0.654887 -0.375374 -0.655910
vn 0.675633 -0.290717 -0.677498
vn 0.721504 -0.333450 -0.606830
vn -0.572140 0.380893 -0.726345
vn 0.221356 0.940146 -0.259091
vn 0.719476 0.509910 0.471535
vn 0.725512 0.403371 0.557606
vn 0.604509 -0.336008 -0.722266
vn 0.580354 -0.416663 -0.699701
vn 0.700121 -0.413675 -0.581982
vn 0.630687 -0.452245 -0.630641
vn 0.277691 0.919660 -0.277693
vn 0.277691 0.919660 -0.277693
vn 0.277691 0.919660 -0.277693
vn 0.277691 0.919660 -0.277693
vn 0.650653 -0.391518 -0.650664
vn 0.650653 -0.391518 -0.650664
vn 0.650653 -0.391518 -0.650664
vn 0.650653 -0.391518 -0.650664
vn 0.673654 0.678784 0.292304
vn 0.680295 0.664656 0.308918
vn 0.709354 -0.001604 0.704850
vn 0.709354 -0.001604 0.704850
vn 0.709354 -0.001604 0.704850
vn 0.709354 -0.001604 0.704850
vn 0.287114 0.919548 -0.268323
vn 0.287114 0.919548 -0.268323
vn 0.287114 0.919548 -0.268323
vn 0.287114 0.919548 -0.268323
vn 0.664104 -0.391195 -0.637128
vn 0.664104 -0.391195 -0.637128
vn 0.664104 -0.391195 -0.637128
vn 0.664104 -0.391195 -0.637128
vn -0.322377 -0.910798 0.257916
vn -0.322377 -0.910798 0.257916
vn -0.322377 -0.910798 0.257916
vn -0.322377 -0.910798 0.257916
vn -0.259117 -0.910956 0.320962
vn -0.259117 -0.910956 0.320962
vn -0.259117 -0.910956 0.320962
vn -0.259117 -0.910956 0.320962
vn 0.640720 -0.436658 -0.631512
vn 0.640720 -0.436658 -0.631512
vn 0.640720 -0.436658 -0.631512
vn 0.640720 -0.436658 -0.631512
vn -0.319938 -0.892160 0.318890
vn -0.319938 -0.892160 0.318890
vn -0.319938 -0.892160 0.318890
vn -0.319938 -0.892160 0.318890
vn -0.708687 -0.002946 -0.705517
vn -0.708687 -0.002946 -0.705517
vn -0.708687 -0.002946 -0.705517
vn -0.708687 -0.002946 -0.705517
vn -0.278105 -0.908537 0.311799
vn -0.278105 -0.908537 0.311799
vn -0.278105 -0.908537 0.311799
vn -0.278105 -0.908537 0.311799
vn 0.290105 -0.911961 -0.290115
vn 0.290105 -0.911961 -0.290115
vn 0.290105 -0.911961 -0.290115
vn 0.290105 -0.911961 -0.290115
vn -0.645687 -0.429817 0.631146
vn -0.645687 -0.429817 0.631146
vn -0.645687 -0.429817 0.631146
vn -0.645687 -0.429817 0.631146
vn 0.705206 -0.004387 0.708989
vn 0.705206 -0.004387 0.708989
vn 0.705206 -0.004387 0.708989
vn 0.705206 -0.004387 0.708989
vn -0.301434 -0.911394 0.280176
vn -0.301434 -0.911394 0.280176
vn -0.301434 -0.911394 0.280176
vn -0.301434 -0.911394 0.280176
vn 0.707507 -0.002697 0.706701
vn 0.707507 -0.002697 0.706701
vn 0.707507 -0.002697 0.706701
vn 0.707507 -0.002697 0.706701
vn 0.286943 -0.911630 -0.294268
vn 0.286943 -0.911630 -0.294268
vn 0.286943 -0.911630 -0.294268
vn 0.286943 -0.911630 -0.294268
vn 0.296158 -0.916837 -0.267770
vn 0.296158 -0.916837 -0.267770
vn 0.296158 -0.916837 -0.267770
vn 0.296158 -0.916837 -0.267770
vn -0.706752 -0.004121 -0.707449
vn -0.706752 -0.004121 -0.707449
vn -0.706752 -0.004121 -0.707449
vn -0.706752 -0.004121 -0.707449
vn 0.419216 0.806909 0.416119
vn 0.419216 0.806909 0.416119
vn 0.914451 0.393156 -0.095959
vn 0.914451 0.393156 -0.095959
vn -0.105615 0.396306 0.912024
vn -0.105615 0.396306 0.912024
vn -0.109598 -0.416846 0.902346
vn -0.109598 -0.416846 0.902346
vn 0.400591 -0.826803 0.394871
vn 0.400591 -0.826803 0.394871
vn 0.901780 -0.418866 -0.106505
vn 0.901780 -0.418866 -0.106505
vn -0.707042 -0.000001 -0.707171
vn -0.707041 0.000000 -0.707172
vn -0.707106 -0.000002 -0.707107
vn -0.706978 0.000000 -0.707235
vn 0.002115 0.999996 -0.002113
vn 0.002115 0.999996 -0.002113
vn 0.619659 0.481715 -0.619655
vn 0.619659 0.481715 -0.619655
vn 0.609633 -0.506657 -0.609628
vn 0.609633 -0.506657 -0.609628
vn 0.003281 -0.999989 -0.003279
vn 0.003281 -0.999989 -0.003279
vn -0.607678 -0.511329 0.607676
vn -0.607678 -0.511329 0.607676
vn -0.618907 0.483643 0.618905
vn -0.618907 0.483643 0.618905
vn -0.707043 0.000000 -0.707171
vn -0.707108 -0.000002 -0.707106
vn -0.706978 0.000000 -0.707235
vn -0.442237 0.783227 -0.437015
vn -0.442237 0.783227 -0.437015
vn -0.915582 0.388632 0.103317
vn -0.915582 0.388632 0.103317
vn 0.104726 0.382128 -0.918156
vn 0.104726 0.382128 -0.918156
vn 0.181064 -0.447656 -0.875683
vn 0.181064 -0.447656 -0.875683
vn -0.322889 -0.892009 -0.316328
vn -0.322889 -0.892009 -0.316328
vn -0.874725 -0.449398 0.181377
vn -0.874725 -0.449398 0.181377
vn 0.707043 -0.000002 0.707171
vn 0.707043 0.000000 0.707171
vn 0.707103 -0.000007 0.707111
vn 0.706984 0.000000 0.707230
vn -0.002147 0.999995 0.002146
vn -0.002147 0.999995 0.002146
vn -0.619658 0.481716 0.619656
vn -0.619658 0.481716 0.619656
vn -0.609639 -0.506637 0.609639
vn -0.609639 -0.506637 0.609639
vn -0.003302 -0.999989 0.003301
vn -0.003302 -0.999989 0.003301
vn 0.607661 -0.511366 -0.607662
vn 0.607661 -0.511366 -0.607662
vn 0.618903 0.483653 -0.618902
vn 0.618903 0.483653 -0.618902
vn 0.707041 0.000000 0.707172
vn 0.707090 -0.000007 0.707123
vn 0.706995 0.000000 0.707219
vn -0.000001 -1.000000 -0.000001
vn -0.000001 -1.000000 -0.000001
vn -0.000001 -1.000000 -0.000001
vn -0.000001 -1.000000 -0.000001
vn 0.707133 0.003084 0.707074
vn 0.707098 0.003063 0.707109
vn 0.707098 0.003063 0.707109
vn 0.707133 0.003084 0.707074
vn -0.000003 1.000000 -0.000003
vn -0.000003 1.000000 -0.000003
vn -0.000002 1.000000 -0.000002
vn -0.000002 1.000000 -0.000002
vn 0.711993 0.002523 -0.702182
vn 0.717790 0.002251 -0.696256
vn 0.717790 0.002251 -0.696256
vn 0.711993 0.002523 -0.702182
vn -0.708206 0.001890 -0.706003
vn -0.705677 0.001900 -0.708531
vn -0.705677 0.001900 -0.708531
vn -0.708206 0.001890 -0.706003
vn -0.000001 -1.000000 -0.000001
vn -0.000001 -1.000000 -0.000001
vn 0.707062 0.003043 0.707145
vn 0.707062 0.003043 0.707145
vn -0.000002 1.000000 -0.000002
vn -0.000003 1.000000 -0.000003
vn -0.702172 0.002489 0.712003
vn -0.702172 0.002489 0.712003
vn -0.696234 0.002214 0.717812
vn -0.696234 0.002214 0.717812
vn -0.710726 0.001881 -0.703467
vn -0.710726 0.001881 -0.703467
vn -0.000002 1.000000 -0.000002
vn -0.000002 1.000000 -0.000002
vn -0.708061 0.002765 0.706146
vn -0.708061 0.002765 0.706146
vn -0.000000 -1.000000 -0.000000
vn -0.000000 -1.000000 -0.000000
vn -0.000000 -1.000000 -0.000000
vn 0.706146 0.002794 -0.708060
vn 0.706146 0.002794 -0.708060
vn -0.000002 1.000000 -0.000002
vn 0.705346 0.065086 -0.705869
vn 0.705346 0.065086 -0.705869
vn 0.705346 0.065086 -0.705869
vn 0.705346 0.065086 -0.705869
vn -0.705330 0.065087 0.705884
vn -0.705330 0.065087 0.705884
vn -0.705330 0.065087 0.705884
vn -0.705330 0.065087 0.705884
vn -0.706696 0.046366 -0.705996
vn -0.706696 0.046366 -0.705996
vn -0.706696 0.046366 -0.705996
vn -0.706696 0.046366 -0.705996
vn 0.706501 0.046385 0.706190
vn 0.706501 0.046385 0.706190
vn 0.706501 0.046385 0.706190
vn 0.706501 0.046385 0.706190
vn 0.707106 0.000000 0.707107
vn 0.707106 0.000000 0.707107
vn 0.707106 0.000000 0.707107
vn 0.707106 0.000000 0.707107
vn 0.000060 -1.000000 -0.000060
vn 0.000060 -1.000000 -0.000060
vn 0.000060 -1.000000 -0.000060
vn 0.000060 -1.000000 -0.000060
vn -0.707106 0.000000 -0.707107
vn -0.707106 0.000000 -0.707107
vn -0.707106 0.000000 -0.707107
vn -0.707106 0.000000 -0.707107
vn -0.000060 1.000000 0.000060
vn -0.000060 1.000000 0.000060
vn -0.000060 1.000000 0.000060
vn -0.000060 1.000000 0.000060
vn 0.707107 0.000000 0.707106
vn 0.707107 0.000000 0.707106
vn 0.707107 0.000000 0.707106
vn 0.707107 0.000000 0.707106
vn 0.000061 -1.000000 -0.000060
vn 0.000061 -1.000000 -0.000060
vn 0.000061 -1.000000 -0.000060
vn 0.000061 -1.000000 -0.000060
vn -0.707106 0.000000 -0.707107
vn -0.707106 0.000000 -0.707107
vn -0.707106 0.000000 -0.707107
vn -0.707106 0.000000 -0.707107
vn -0.000061 1.000000 0.000060
vn -0.000061 1.000000 0.000060
vn -0.000061 1.000000 0.000060
vn -0.000061 1.000000 0.000060
vn -0.707103 0.000000 0.707110
vn -0.707103 0.000000 0.707110
vn -0.707103 0.000000 0.707110
vn -0.707103 0.000000 0.707110
vn 0.707109 0.000000 -0.707105
vn 0.707109 0.000000 -0.707105
vn 0.707109 0.000000 -0.707105
vn 0.707109 0.000000 -0.707105
vn -0.000287 1.000000 -0.000288
vn -0.000287 1.000000 -0.000288
vn -0.000287 1.000000 -0.000288
vn -0.000287 1.000000 -0.000288
vn 0.000287 -1.000000 0.000288
vn 0.000287 -1.000000 0.000288
vn 0.000287 -1.000000 0.000288
vn 0.000287 -1.000000 0.000288
vn -0.707109 0.000000 0.707105
vn -0.707109 0.000000 0.707105
vn -0.707109 0.000000 0.707105
vn -0.707109 0.000000 0.707105
vn 0.707116 0.000000 -0.707097
vn 0.707116 0.000000 -0.707097
vn 0.707116 0.000000 -0.707097
vn 0.707116 0.000000 -0.707097
vn -0.000288 1.000000 -0.000286
vn -0.000288 1.000000 -0.000286
vn -0.000288 1.000000 -0.000286
vn -0.000288 1.000000 -0.000286
vn 0.000288 -1.000000 0.000288
vn 0.000288 -1.000000 0.000288
vn 0.000288 -1.000000 0.000288
vn 0.000288 -1.000000 0.000288
vn -0.705389 0.069652 0.705390
vn -0.705389 0.069652 0.705390
vn -0.706684 0.034847 0.706670
vn -0.706684 0.034847 0.706670
vn 0.707094 0.000000 -0.707120
vn 0.707094 0.000000 -0.707120
vn 0.706794 -0.029407 -0.706808
vn 0.706794 -0.029407 -0.706808
vn 0.706178 0.051731 0.706142
vn 0.706178 0.051731 0.706142
vn 0.706892 0.025937 0.706846
vn 0.706892 0.025937 0.706846
vn -0.706259 -0.048940 -0.706260
vn -0.706259 -0.048940 -0.706260
vn -0.706889 -0.024539 -0.706899
vn -0.706889 -0.024539 -0.706899
vn -0.707121 0.000000 0.707092
vn -0.707121 0.000000 0.707092
vn 0.707135 0.000126 0.707078
vn 0.707135 0.000126 0.707078
vn -0.707098 -0.000124 -0.707115
vn -0.707098 -0.000124 -0.707115
vn 0.705882 -0.058788 -0.705885
vn 0.705882 -0.058788 -0.705885
vn -0.705815 -0.060057 0.705846
vn -0.705815 -0.060057 0.705846
vn -0.706773 -0.030041 0.706802
vn -0.706773 -0.030041 0.706802
vn 0.707105 0.000004 -0.707109
vn 0.707105 0.000004 -0.707109
vn 0.706669 0.034843 -0.706686
vn 0.706669 0.034843 -0.706686
vn 0.706178 0.051730 0.706142
vn 0.706178 0.051730 0.706142
vn 0.706883 0.025937 0.706855
vn 0.706883 0.025937 0.706855
vn -0.706260 -0.048940 -0.706259
vn -0.706260 -0.048940 -0.706259
vn -0.706893 -0.024538 -0.706894
vn -0.706893 -0.024538 -0.706894
vn -0.707094 0.000001 0.707120
vn -0.707094 0.000001 0.707120
vn 0.707117 0.000127 0.707097
vn 0.707117 0.000127 0.707097
vn -0.707105 -0.000122 -0.707108
vn -0.707105 -0.000122 -0.707108
vn 0.705375 0.069641 -0.705405
vn 0.705375 0.069641 -0.705405
vn -0.705389 0.069651 0.705390
vn -0.705389 0.069651 0.705390
vn -0.706676 0.034846 0.706679
vn -0.706676 0.034846 0.706679
vn 0.707108 -0.000001 -0.707106
vn 0.707108 -0.000001 -0.707106
vn 0.706809 -0.029410 -0.706793
vn 0.706809 -0.029410 -0.706793
vn 0.706264 -0.048538 0.706283
vn 0.706264 -0.048538 0.706283
vn 0.706894 -0.024214 0.706905
vn 0.706894 -0.024214 0.706905
vn -0.706175 0.051343 -0.706174
vn -0.706175 0.051343 -0.706174
vn -0.706875 0.025615 -0.706874
vn -0.706875 0.025615 -0.706874
vn -0.707105 -0.000001 0.707109
vn -0.707105 -0.000001 0.707109
vn 0.707106 0.000126 0.707108
vn 0.707106 0.000126 0.707108
vn -0.707107 -0.000131 -0.707106
vn -0.707107 -0.000131 -0.707106
vn 0.705898 -0.058794 -0.705869
vn 0.705898 -0.058794 -0.705869
vn -0.705831 -0.060063 0.705830
vn -0.705831 -0.060063 0.705830
vn -0.706792 -0.030044 0.706783
vn -0.706792 -0.030044 0.706783
vn 0.707108 0.000004 -0.707106
vn 0.707108 0.000004 -0.707106
vn 0.706675 0.034847 -0.706680
vn 0.706675 0.034847 -0.706680
vn 0.706287 -0.048542 0.706260
vn 0.706287 -0.048542 0.706260
vn 0.706913 -0.024215 0.706886
vn 0.706913 -0.024215 0.706886
vn -0.706175 0.051335 -0.706174
vn -0.706175 0.051335 -0.706174
vn -0.706875 0.025611 -0.706874
vn -0.706875 0.025611 -0.706874
vn -0.707114 0.000001 0.707099
vn -0.707114 0.000001 0.707099
vn 0.707121 0.000127 0.707092
vn 0.707121 0.000127 0.707092
vn -0.707107 -0.000129 -0.707106
vn -0.707107 -0.000129 -0.707106
vn 0.705384 0.069648 -0.705395
vn 0.705384 0.069648 -0.705395
vn 0.707105 0.002085 0.707105
vn 0.707105 0.002085 0.707105
vn 0.707105 0.002085 0.707105
vn 0.707107 -0.000005 0.707106
vn 0.707107 -0.000005 0.707106
vn 0.707107 -0.000005 0.707106
vn 0.707107 -0.000005 0.707106
vn -0.707107 0.000022 -0.707106
vn -0.707107 0.000022 -0.707106
vn -0.707107 0.000022 -0.707106
vn -0.706365 0.001170 0.707847
vn -0.706365 0.001170 0.707847
vn -0.706365 0.001170 0.707847
vn -0.706365 0.001170 0.707847
vn 0.706975 0.001292 -0.707238
vn 0.706975 0.001292 -0.707238
vn 0.706975 0.001292 -0.707238
vn 0.706975 0.001292 -0.707238
vn -0.707107 0.000002 -0.707107
vn -0.707107 0.000002 -0.707107
vn -0.707107 0.000002 -0.707107
vn -0.707107 0.000002 -0.707107
s off
g polySurface26584
f 2/1/1 4/2/2 7/3/3 6/4/4
f 3/5/5 1/6/6 5/7/7 8/8/8
s 1
f 9/9/9 10/10/10 18/11/11 17/12/12
s 2
f 13/13/13 14/14/14 20/15/15 19/16/16
s 3
f 10/10/17 16/17/18 20/18/19 18/11/20
s 4
f 15/19/21 9/20/22 17/21/23 19/22/24
s 1
f 11/23/25 17/12/12 18/11/11 12/24/26
s 3
f 12/24/27 18/11/20 20/18/19 14/25/28
s 4
f 13/26/29 19/22/24 17/21/23 11/27/30
s 2
f 19/16/16 20/15/15 16/28/31 15/29/32
s 5
f 21/30/33 22/31/34 30/32/35 29/33/36
s 6
f 25/34/37 26/35/38 32/36/39 31/37/40
s 7
f 22/31/41 28/38/42 32/39/43 30/32/44
s 8
f 27/40/45 21/41/46 29/42/47 31/43/48
s 5
f 23/44/49 29/33/36 30/32/35 24/45/50
s 7
f 24/45/51 30/32/44 32/39/43 26/46/52
s 8
f 25/47/53 31/43/48 29/42/47 23/48/54
s 6
f 31/37/40 32/36/39 28/49/55 27/50/56
s 9
f 33/51/57 34/52/58 42/53/59 41/54/60
s 10
f 37/55/61 38/56/62 44/57/63 43/58/64
s 11
f 34/52/65 40/59/66 44/60/67 42/53/68
s 12
f 39/61/69 33/62/70 41/63/71 43/64/72
s 9
f 35/65/73 41/54/60 42/53/59 36/66/74
s 11
f 36/66/75 42/53/68 44/60/67 38/67/76
s 12
f 37/68/77 43/64/72 41/63/71 35/69/78
s 10
f 43/58/64 44/57/63 40/70/79 39/71/80
s 13
f 45/72/81 46/73/82 54/74/83 53/75/84
s 14
f 49/76/85 50/77/86 56/78/87 55/79/88
s 15
f 46/73/89 52/80/90 56/81/91 54/74/92
s 16
f 51/82/93 45/83/94 53/84/95 55/85/96
s 13
f 47/86/97 53/75/84 54/74/83 48/87/98
s 15
f 48/87/99 54/74/92 56/81/91 50/88/100
s 16
f 49/89/101 55/85/96 53/84/95 47/90/102
s 14
f 55/79/88 56/78/87 52/91/103 51/92/104
s off
f 59/93/105 60/94/106 58/95/107 57/96/108
f 63/97/109 64/98/110 62/99/111 61/100/112
f 66/101/113 68/102/114 71/103/115 70/104/116
f 67/105/117 65/106/118 69/107/119 72/108/120
f 75/109/121 76/110/122 74/111/123 73/112/124
f 79/113/125 80/114/126 78/115/127 77/116/128
f 82/117/129 84/118/130 87/119/131 86/120/132
f 89/121/133 87/122/134 88/123/135
f 83/124/136 81/125/137 85/126/138 88/127/139
f 87/122/140 84/128/141 83/129/142 88/123/143
s 21
f 90/130/144 91/131/145 99/132/146 98/133/147
s 22
f 94/134/148 95/135/149 101/136/150 100/137/151
s 23
f 91/131/152 97/138/153 101/139/154 99/132/155
s 24
f 96/140/156 90/141/157 98/142/158 100/143/159
s 21
f 92/144/160 98/133/147 99/132/146 93/145/161
s 23
f 93/145/162 99/132/155 101/139/154 95/146/163
s 24
f 94/147/164 100/143/159 98/142/158 92/148/165
s 22
f 100/137/151 101/136/150 97/149/166 96/150/167
s 25
f 102/151/168 103/152/169 111/153/170 110/154/171
s 26
f 106/155/172 107/156/173 113/157/174 112/158/175
s 27
f 103/152/176 109/159/177 113/160/178 111/153/179
s 28
f 108/161/180 102/162/181 110/163/182 112/164/183
s 25
f 104/165/184 110/154/171 111/153/170 105/166/185
s 27
f 105/166/186 111/153/179 113/160/178 107/167/187
s 28
f 106/168/188 112/164/183 110/163/182 104/169/189
s 26
f 112/158/175 113/157/174 109/170/190 108/171/191
s off
f 116/172/192 117/173/193 115/174/194 114/175/195
f 120/176/196 121/177/197 119/178/198 118/179/199
s 29
f 122/180/200 123/181/201 131/182/202 130/183/203
s 30
f 126/184/204 127/185/205 133/186/206 132/187/207
s 31
f 123/181/208 129/188/209 133/189/210 131/182/211
s 32
f 128/190/212 122/191/213 130/192/214 132/193/215
s 29
f 124/194/216 130/183/203 131/182/202 125/195/217
s 31
f 125/195/218 131/182/211 133/189/210 127/196/219
s 32
f 126/197/220 132/193/215 130/192/214 124/198/221
s 30
f 132/187/207 133/186/206 129/199/222 128/200/223
s 33
f 134/201/224 135/202/225 143/203/226 142/204/227
s 34
f 138/205/228 139/206/229 145/207/230 144/208/231
s 35
f 135/202/232 141/209/233 145/210/234 143/203/235
s 36
f 140/211/236 134/212/237 142/213/238 144/214/239
s 33
f 136/215/240 142/204/227 143/203/226 137/216/241
s 35
f 137/216/242 143/203/235 145/210/234 139/217/243
s 36
f 138/218/244 144/214/239 142/213/238 136/219/245
s 34
f 144/208/231 145/207/230 141/220/246 140/221/247
s off
f 149/222/248 148/223/249 146/224/250 147/225/251
f 151/226/252 152/227/253 271/228/254 150/229/255
s 38
f 166/230/256 167/231/257 168/232/258 169/233/259
f 169/233/259 168/232/258 170/234/260 171/235/261
s off
f 151/236/262 172/237/263 171/238/264 152/239/265
s 38
f 173/240/266 166/230/256 169/233/259 174/241/267
f 174/241/267 169/233/259 171/235/261 175/242/268
f 172/237/269 164/243/270 165/244/271 176/245/272
s 40
f 177/246/273 178/247/274 179/248/275
s off
f 164/243/276 172/237/277 151/236/278 150/249/279
s 38
f 180/250/280 172/237/269 176/245/272 178/251/281
f 175/242/268 171/235/261 172/252/269 180/253/280
f 181/254/282 166/230/256 173/240/266 179/255/283
s 40
f 180/256/284 177/246/273 175/257/285
f 179/248/275 173/258/286 177/246/273
f 177/246/273 173/258/286 174/259/287
s 38
f 182/260/288 183/261/289 184/262/290 185/263/291
f 185/263/291 184/262/290 186/264/292 187/265/293
f 188/266/294 182/260/288 185/263/291 189/267/295
f 189/267/295 185/263/291 187/265/293 190/268/296
f 191/269/297 161/270/298 162/271/299 192/272/300
s 42
f 193/273/301 194/274/302 195/275/303
s 38
f 196/276/304 191/269/297 192/272/300 194/277/305
f 190/268/296 187/265/293 191/278/297 196/279/304
f 197/280/306 182/260/288 188/266/294 195/281/307
s 42
f 196/282/308 193/273/301 190/283/309
f 195/275/303 188/284/310 193/273/301
f 193/273/301 188/284/310 189/285/311
s off
f 181/286/312 163/287/313 161/270/314 191/269/315
f 166/288/316 181/286/317 191/269/318 187/289/319
s 38
f 186/264/292 167/231/257 166/230/256 187/265/293
f 198/290/320 199/291/321 200/292/322 201/293/323
f 201/293/323 200/292/322 202/294/324 203/295/325
f 204/296/326 198/290/320 201/293/323 205/297/327
f 205/297/327 201/293/323 203/295/325 206/298/328
f 207/299/329 158/300/330 159/301/331 208/302/332
s 45
f 209/303/333 210/304/334 211/305/335
s 38
f 212/306/336 207/299/329 208/302/332 210/307/337
f 206/298/328 203/295/325 207/308/329 212/309/336
f 213/310/338 198/290/320 204/296/326 211/311/339
s 45
f 212/312/340 209/303/333 206/313/341
f 211/305/335 204/314/342 209/303/333
f 209/303/333 204/314/342 205/315/343
s off
f 197/316/344 160/317/345 158/300/346 207/299/347
f 182/318/348 197/316/349 207/299/350 203/319/351
s 38
f 202/294/324 183/261/289 182/260/288 203/295/325
s off
f 153/320/352 154/321/353 213/322/354 157/323/355
f 213/322/356 154/321/357 155/324/358 198/325/359
s 38
f 156/326/360 199/291/321 198/290/320 155/327/361
f 213/322/338 208/302/332 159/301/331 157/323/362
f 211/328/339 210/307/337 208/302/332 213/322/338
f 197/316/306 192/272/300 162/271/299 160/317/363
f 195/329/307 194/277/305 192/272/300 197/316/306
f 181/286/282 176/245/272 165/244/271 163/287/364
f 179/330/283 178/251/281 176/245/272 181/286/282
s 45
f 209/303/333 205/315/343 206/313/341
f 209/303/333 212/312/340 210/304/334
s 42
f 193/273/301 189/285/311 190/283/309
f 193/273/301 196/282/308 194/274/302
s 40
f 177/246/273 174/259/287 175/257/285
f 177/246/273 180/256/284 178/247/274
s 50
f 223/331/365 224/332/366 225/333/367 226/334/368
f 226/334/368 225/333/367 227/335/369 228/336/370
s off
f 154/337/371 229/338/372 228/339/373 155/340/374
s 50
f 227/335/369 156/341/375 155/342/376 228/336/370
f 230/343/377 223/331/365 226/334/368 231/344/378
f 231/344/378 226/334/368 228/336/370 232/345/379
f 229/338/380 221/346/381 222/347/382 233/348/383
s 52
f 234/349/384 235/350/385 236/351/386
s off
f 221/346/387 229/338/388 154/337/389 153/352/390
s 50
f 237/353/391 229/338/380 233/348/383 235/354/392
f 232/345/379 228/336/370 229/355/380 237/356/391
f 238/357/393 223/331/365 230/343/377 236/358/394
s 52
f 237/359/395 234/349/384 232/360/396
f 236/351/386 230/361/397 234/349/384
f 234/349/384 230/361/397 231/362/398
s 50
f 239/363/399 240/364/400 241/365/401 242/366/402
f 242/366/402 241/365/401 243/367/403 244/368/404
f 245/369/405 239/363/399 242/366/402 246/370/406
f 246/370/406 242/366/402 244/368/404 247/371/407
f 248/372/408 218/373/409 219/374/410 249/375/411
s 54
f 250/376/412 251/377/413 252/378/414
s 50
f 253/379/415 248/372/408 249/375/411 251/380/416
f 247/371/407 244/368/404 248/381/408 253/382/415
f 254/383/417 239/363/399 245/369/405 252/384/418
s 54
f 253/385/419 250/376/412 247/386/420
f 252/378/414 245/387/421 250/376/412
f 250/376/412 245/387/421 246/388/422
s off
f 238/389/423 220/390/424 218/373/425 248/372/426
f 223/391/427 238/389/428 248/372/429 244/392/430
s 50
f 243/367/403 224/332/366 223/331/365 244/368/404
f 255/393/431 256/394/432 257/395/433 258/396/434
f 258/396/434 257/395/433 259/397/435 260/398/436
f 261/399/437 255/393/431 258/396/434 262/400/438
f 262/400/438 258/396/434 260/398/436 263/401/439
f 264/402/440 215/403/441 216/404/442 265/405/443
s 57
f 266/406/444 267/407/445 268/408/446
s 50
f 269/409/447 264/402/440 265/405/443 267/410/448
f 263/401/439 260/398/436 264/411/440 269/412/447
f 270/413/449 255/393/431 261/399/437 268/414/450
s 57
f 269/415/451 266/406/444 263/416/452
f 268/408/446 261/417/453 266/406/444
f 266/406/444 261/417/453 262/418/454
s off
f 254/419/455 217/420/456 215/403/457 264/402/458
f 239/421/459 254/419/460 264/402/461 260/422/462
s 50
f 259/397/435 240/364/400 239/363/399 260/398/436
s off
f 272/423/463 273/424/464 270/425/465 214/426/466
f 270/425/467 273/424/468 274/427/469 255/428/470
s 50
f 270/425/449 265/405/443 216/404/442 214/426/471
f 268/429/450 267/410/448 265/405/443 270/425/449
f 254/419/417 249/375/411 219/374/410 217/420/472
f 252/430/418 251/380/416 249/375/411 254/419/417
f 238/389/393 233/348/383 222/347/382 220/390/473
f 236/431/394 235/354/392 233/348/383 238/389/393
s 57
f 266/406/444 262/418/454 263/416/452
f 266/406/444 269/415/451 267/407/445
s 54
f 250/376/412 246/388/422 247/386/420
f 250/376/412 253/385/419 251/377/413
s 52
f 234/349/384 231/362/398 232/360/396
f 234/349/384 237/359/395 235/350/385
s off
f 170/432/474 271/433/475 152/434/476 171/435/477
f 275/436/478 256/437/479 255/438/480 274/439/481
s 64
f 289/440/482 290/441/483 291/442/484 292/443/485
f 292/443/485 291/442/484 293/444/486 294/445/487
s off
f 398/446/488 295/447/489 294/448/490 397/449/491
s 64
f 296/450/492 289/440/482 292/443/485 297/451/493
f 297/451/493 292/443/485 294/445/487 298/452/494
f 295/447/495 287/453/496 288/454/497 299/455/498
s 66
f 300/456/499 301/457/500 302/458/501
s off
f 287/453/502 295/447/503 398/446/504 399/459/505
s 64
f 303/460/506 295/447/495 299/455/498 301/461/507
f 298/452/494 294/445/487 295/462/495 303/463/506
f 304/464/508 289/440/482 296/450/492 302/465/509
s 66
f 303/466/510 300/456/499 298/467/511
f 302/458/501 296/468/512 300/456/499
f 300/456/499 296/468/512 297/469/513
s 64
f 305/470/514 306/471/515 307/472/516 308/473/517
f 308/473/517 307/472/516 309/474/518 310/475/519
f 311/476/520 305/470/514 308/473/517 312/477/521
f 312/477/521 308/473/517 310/475/519 313/478/522
f 314/479/523 284/480/524 285/481/525 315/482/526
s 68
f 316/483/527 317/484/528 318/485/529
s 64
f 319/486/530 314/479/523 315/482/526 317/487/531
f 313/478/522 310/475/519 314/488/523 319/489/530
f 320/490/532 305/470/514 311/476/520 318/491/533
s 68
f 319/492/534 316/483/527 313/493/535
f 318/485/529 311/494/536 316/483/527
f 316/483/527 311/494/536 312/495/537
s off
f 304/496/538 286/497/539 284/480/540 314/479/541
f 289/498/542 304/496/543 314/479/544 310/499/545
s 64
f 309/474/518 290/441/483 289/440/482 310/475/519
f 321/500/546 322/501/547 323/502/548 324/503/549
f 324/503/549 323/502/548 325/504/550 326/505/551
f 327/506/552 321/500/546 324/503/549 328/507/553
f 328/507/553 324/503/549 326/505/551 329/508/554
f 330/509/555 281/510/556 282/511/557 331/512/558
s 71
f 332/513/559 333/514/560 334/515/561
s 64
f 335/516/562 330/509/555 331/512/558 333/517/563
f 329/508/554 326/505/551 330/518/555 335/519/562
f 336/520/564 321/500/546 327/506/552 334/521/565
s 71
f 335/522/566 332/513/559 329/523/567
f 334/515/561 327/524/568 332/513/559
f 332/513/559 327/524/568 328/525/569
s off
f 320/526/570 283/527/571 281/510/572 330/509/573
f 305/528/574 320/526/575 330/509/576 326/529/577
s 64
f 325/504/550 306/471/515 305/470/514 326/505/551
s off
f 276/530/578 277/531/579 336/532/580 280/533/581
f 336/532/582 277/531/583 278/534/584 321/535/585
s 64
f 279/536/586 322/501/547 321/500/546 278/537/587
f 336/532/564 331/512/558 282/511/557 280/533/588
f 334/538/565 333/517/563 331/512/558 336/532/564
f 320/526/532 315/482/526 285/481/525 283/527/589
f 318/539/533 317/487/531 315/482/526 320/526/532
f 304/496/508 299/455/498 288/454/497 286/497/590
f 302/540/509 301/461/507 299/455/498 304/496/508
s 71
f 332/513/559 328/525/569 329/523/567
f 332/513/559 335/522/566 333/514/560
s 68
f 316/483/527 312/495/537 313/493/535
f 316/483/527 319/492/534 317/484/528
s 66
f 300/456/499 297/469/513 298/467/511
f 300/456/499 303/466/510 301/457/500
s off
f 338/541/591 337/542/592 400/543/593 339/544/594
s 77
f 349/545/595 350/546/596 351/547/597 352/548/598
f 352/548/598 351/547/597 353/549/599 354/550/600
s off
f 277/551/601 355/552/602 354/553/603 278/554/604
s 77
f 353/549/599 279/555/605 278/556/606 354/550/600
f 356/557/607 349/545/595 352/548/598 357/558/608
f 357/558/608 352/548/598 354/550/600 358/559/609
f 355/552/610 347/560/611 348/561/612 359/562/613
s 79
f 360/563/614 361/564/615 362/565/616
s off
f 347/560/617 355/552/618 277/551/619 276/566/620
s 77
f 363/567/621 355/552/610 359/562/613 361/568/622
f 358/559/609 354/550/600 355/569/610 363/570/621
f 364/571/623 349/545/595 356/557/607 362/572/624
s 79
f 363/573/625 360/563/614 358/574/626
f 362/565/616 356/575/627 360/563/614
f 360/563/614 356/575/627 357/576/628
s 77
f 365/577/629 366/578/630 367/579/631 368/580/632
f 368/580/632 367/579/631 369/581/633 370/582/634
f 371/583/635 365/577/629 368/580/632 372/584/636
f 372/584/636 368/580/632 370/582/634 373/585/637
f 374/586/638 344/587/639 345/588/640 375/589/641
s 81
f 376/590/642 377/591/643 378/592/644
s 77
f 379/593/645 374/586/638 375/589/641 377/594/646
f 373/585/637 370/582/634 374/595/638 379/596/645
f 380/597/647 365/577/629 371/583/635 378/598/648
s 81
f 379/599/649 376/590/642 373/600/650
f 378/592/644 371/601/651 376/590/642
f 376/590/642 371/601/651 372/602/652
s off
f 364/603/653 346/604/654 344/587/655 374/586/656
f 349/605/657 364/603/658 374/586/659 370/606/660
s 77
f 369/581/633 350/546/596 349/545/595 370/582/634
f 381/607/661 382/608/662 383/609/663 384/610/664
f 384/610/664 383/609/663 385/611/665 386/612/666
f 387/613/667 381/607/661 384/610/664 388/614/668
f 388/614/668 384/610/664 386/612/666 389/615/669
f 390/616/670 341/617/671 342/618/672 391/619/673
s 84
f 392/620/674 393/621/675 394/622/676
s 77
f 395/623/677 390/616/670 391/619/673 393/624/678
f 389/615/669 386/612/666 390/625/670 395/626/677
f 396/627/679 381/607/661 387/613/667 394/628/680
s 84
f 395/629/681 392/620/674 389/630/682
f 394/622/676 387/631/683 392/620/674
f 392/620/674 387/631/683 388/632/684
s off
f 380/633/685 343/634/686 341/617/687 390/616/688
f 365/635/689 380/633/690 390/616/691 386/636/692
s 77
f 385/611/665 366/578/630 365/577/629 386/612/666
s off
f 337/637/693 338/638/694 396/639/695 340/640/696
f 396/639/697 338/638/698 339/641/699 381/642/700
s 77
f 396/639/679 391/619/673 342/618/672 340/640/701
f 394/643/680 393/624/678 391/619/673 396/639/679
f 380/633/647 375/589/641 345/588/640 343/634/702
f 378/644/648 377/594/646 375/589/641 380/633/647
f 364/603/623 359/562/613 348/561/612 346/604/703
f 362/645/624 361/568/622 359/562/613 364/603/623
s 84
f 392/620/674 388/632/684 389/630/682
f 392/620/674 395/629/681 393/621/675
s 81
f 376/590/642 372/602/652 373/600/650
f 376/590/642 379/599/649 377/591/643
s 79
f 360/563/614 357/576/628 358/574/626
f 360/563/614 363/573/625 361/564/615
s off
f 293/646/704 401/647/705 397/648/706 294/649/707
f 400/650/708 382/651/709 381/652/710 339/653/711
s 91
f 415/654/712 416/655/713 417/656/714 418/657/715
f 418/657/715 417/656/714 419/658/716 420/659/717
s off
f 273/660/718 421/661/719 420/662/720 274/663/721
s 91
f 422/664/722 415/654/712 418/657/715 423/665/723
f 423/665/723 418/657/715 420/659/717 424/666/724
f 421/661/725 413/667/726 414/668/727 425/669/728
s 93
f 426/670/729 427/671/730 428/672/731
s off
f 413/667/732 421/661/733 273/660/734 272/673/735
s 91
f 429/674/736 421/661/725 425/669/728 427/675/737
f 424/666/724 420/659/717 421/676/725 429/677/736
f 430/678/738 415/654/712 422/664/722 428/679/739
s 93
f 429/680/740 426/670/729 424/681/741
f 428/672/731 422/682/742 426/670/729
f 426/670/729 422/682/742 423/683/743
s 91
f 431/684/744 432/685/745 433/686/746 434/687/747
f 434/687/747 433/686/746 435/688/748 436/689/749
f 437/690/750 431/684/744 434/687/747 438/691/751
f 438/691/751 434/687/747 436/689/749 439/692/752
f 440/693/753 410/694/754 411/695/755 441/696/756
s 95
f 442/697/757 443/698/758 444/699/759
s 91
f 445/700/760 440/693/753 441/696/756 443/701/761
f 439/692/752 436/689/749 440/702/753 445/703/760
f 446/704/762 431/684/744 437/690/750 444/705/763
s 95
f 445/706/764 442/697/757 439/707/765
f 444/699/759 437/708/766 442/697/757
f 442/697/757 437/708/766 438/709/767
s off
f 430/710/768 412/711/769 410/694/770 440/693/771
f 415/712/772 430/710/773 440/693/774 436/713/775
s 91
f 435/688/748 416/655/713 415/654/712 436/689/749
f 447/714/776 448/715/777 449/716/778 450/717/779
f 450/717/779 449/716/778 451/718/780 452/719/781
f 453/720/782 447/714/776 450/717/779 454/721/783
f 454/721/783 450/717/779 452/719/781 455/722/784
f 456/723/785 407/724/786 408/725/787 457/726/788
s 98
f 458/727/789 459/728/790 460/729/791
s 91
f 461/730/792 456/723/785 457/726/788 459/731/793
f 455/722/784 452/719/781 456/732/785 461/733/792
f 462/734/794 447/714/776 453/720/782 460/735/795
s 98
f 461/736/796 458/727/789 455/737/797
f 460/729/791 453/738/798 458/727/789
f 458/727/789 453/738/798 454/739/799
s off
f 446/740/800 409/741/801 407/724/802 456/723/803
f 431/742/804 446/740/805 456/723/806 452/743/807
s 91
f 451/718/780 432/685/745 431/684/744 452/719/781
s off
f 402/744/808 403/745/809 462/746/810 406/747/811
f 462/746/812 403/745/813 404/748/814 447/749/815
s 91
f 405/750/816 448/715/777 447/714/776 404/751/817
f 462/746/794 457/726/788 408/725/787 406/747/818
f 460/752/795 459/731/793 457/726/788 462/746/794
f 446/740/762 441/696/756 411/695/755 409/741/819
f 444/753/763 443/701/761 441/696/756 446/740/762
f 430/710/738 425/669/728 414/668/727 412/711/820
f 428/754/739 427/675/737 425/669/728 430/710/738
s 98
f 458/727/789 454/739/799 455/737/797
f 458/727/789 461/736/796 459/728/790
s 95
f 442/697/757 438/709/767 439/707/765
f 442/697/757 445/706/764 443/698/758
s 93
f 426/670/729 423/683/743 424/681/741
f 426/670/729 429/680/740 427/671/730
s 103
f 476/755/821 477/756/822 478/757/823 479/758/824
f 479/758/824 478/757/823 480/759/825 481/760/826
s off
f 403/761/827 482/762/828 481/763/829 404/764/830
s 103
f 480/759/825 405/765/831 404/766/832 481/760/826
f 483/767/833 476/755/821 479/758/824 484/768/834
f 484/768/834 479/758/824 481/760/826 485/769/835
f 482/762/836 474/770/837 475/771/838 486/772/839
s 105
f 487/773/840 488/774/841 489/775/842
s off
f 474/770/843 482/762/844 403/761/845 402/776/846
s 103
f 490/777/847 482/762/836 486/772/839 488/778/848
f 485/769/835 481/760/826 482/779/836 490/780/847
f 491/781/849 476/755/821 483/767/833 489/782/850
s 105
f 490/783/851 487/773/840 485/784/852
f 489/775/842 483/785/853 487/773/840
f 487/773/840 483/785/853 484/786/854
s 103
f 492/787/855 493/788/856 494/789/857 495/790/858
f 495/790/858 494/789/857 496/791/859 497/792/860
f 498/793/861 492/787/855 495/790/858 499/794/862
f 499/794/862 495/790/858 497/792/860 500/795/863
f 501/796/864 471/797/865 472/798/866 502/799/867
s 107
f 503/800/868 504/801/869 505/802/870
s 103
f 506/803/871 501/796/864 502/799/867 504/804/872
f 500/795/863 497/792/860 501/805/864 506/806/871
f 507/807/873 492/787/855 498/793/861 505/808/874
s 107
f 506/809/875 503/800/868 500/810/876
f 505/802/870 498/811/877 503/800/868
f 503/800/868 498/811/877 499/812/878
s off
f 491/813/879 473/814/880 471/797/881 501/796/882
f 476/815/883 491/813/884 501/796/885 497/816/886
s 103
f 496/791/859 477/756/822 476/755/821 497/792/860
f 508/817/887 509/818/888 510/819/889 511/820/890
f 511/820/890 510/819/889 512/821/891 513/822/892
f 514/823/893 508/817/887 511/820/890 515/824/894
f 515/824/894 511/820/890 513/822/892 516/825/895
f 517/826/896 468/827/897 469/828/898 518/829/899
s 110
f 519/830/900 520/831/901 521/832/902
s 103
f 522/833/903 517/826/896 518/829/899 520/834/904
f 516/825/895 513/822/892 517/835/896 522/836/903
f 523/837/905 508/817/887 514/823/893 521/838/906
s 110
f 522/839/907 519/830/900 516/840/908
f 521/832/902 514/841/909 519/830/900
f 519/830/900 514/841/909 515/842/910
s off
f 507/843/911 470/844/912 468/827/913 517/826/914
f 492/845/915 507/843/916 517/826/917 513/846/918
s 103
f 512/821/891 493/788/856 492/787/855 513/822/892
s off
f 464/847/919 465/848/920 523/849/921 467/850/922
f 523/849/923 465/848/924 466/851/925 508/852/926
s 103
f 523/849/905 518/829/899 469/828/898 467/850/927
f 521/853/906 520/834/904 518/829/899 523/849/905
f 507/843/873 502/799/867 472/798/866 470/844/928
f 505/854/874 504/804/872 502/799/867 507/843/873
f 491/813/849 486/772/839 475/771/838 473/814/929
f 489/855/850 488/778/848 486/772/839 491/813/849
s 110
f 519/830/900 515/842/910 516/840/908
f 519/830/900 522/839/907 520/831/901
s 107
f 503/800/868 499/812/878 500/810/876
f 503/800/868 506/809/875 504/801/869
s 105
f 487/773/840 484/786/854 485/784/852
f 487/773/840 490/783/851 488/774/841
s off
f 419/856/930 275/857/931 274/858/932 420/859/933
f 463/860/934 509/861/935 508/862/936 466/863/937
s 117
f 541/864/938 542/865/939 543/866/940 544/867/941
f 544/867/941 543/866/940 545/868/942 546/869/943
s off
f 526/870/944 547/871/945 546/872/946 527/873/947
s 117
f 548/874/948 541/864/938 544/867/941 549/875/949
f 549/875/949 544/867/941 546/869/943 550/876/950
f 547/871/951 539/877/952 540/878/953 551/879/954
s 119
f 552/880/955 553/881/956 554/882/957
s off
f 539/877/958 547/871/959 526/870/960 525/883/961
s 117
f 555/884/962 547/871/951 551/879/954 553/885/963
f 550/876/950 546/869/943 547/886/951 555/887/962
f 556/888/964 541/864/938 548/874/948 554/889/965
s 119
f 555/890/966 552/880/955 550/891/967
f 554/882/957 548/892/968 552/880/955
f 552/880/955 548/892/968 549/893/969
s 117
f 557/894/970 558/895/971 559/896/972 560/897/973
f 560/897/973 559/896/972 561/898/974 562/899/975
f 563/900/976 557/894/970 560/897/973 564/901/977
f 564/901/977 560/897/973 562/899/975 565/902/978
f 566/903/979 536/904/980 537/905/981 567/906/982
s 121
f 568/907/983 569/908/984 570/909/985
s 117
f 571/910/986 566/903/979 567/906/982 569/911/987
f 565/902/978 562/899/975 566/912/979 571/913/986
f 572/914/988 557/894/970 563/900/976 570/915/989
s 121
f 571/916/990 568/907/983 565/917/991
f 570/909/985 563/918/992 568/907/983
f 568/907/983 563/918/992 564/919/993
s off
f 556/920/994 538/921/995 536/904/996 566/903/997
f 541/922/998 556/920/999 566/903/1000 562/923/1001
s 117
f 561/898/974 542/865/939 541/864/938 562/899/975
f 573/924/1002 574/925/1003 575/926/1004 576/927/1005
f 576/927/1005 575/926/1004 577/928/1006 578/929/1007
f 579/930/1008 573/924/1002 576/927/1005 580/931/1009
f 580/931/1009 576/927/1005 578/929/1007 581/932/1010
f 582/933/1011 533/934/1012 534/935/1013 583/936/1014
s 124
f 584/937/1015 585/938/1016 586/939/1017
s 117
f 587/940/1018 582/933/1011 583/936/1014 585/941/1019
f 581/932/1010 578/929/1007 582/942/1011 587/943/1018
f 588/944/1020 573/924/1002 579/930/1008 586/945/1021
s 124
f 587/946/1022 584/937/1015 581/947/1023
f 586/939/1017 579/948/1024 584/937/1015
f 584/937/1015 579/948/1024 580/949/1025
s off
f 572/950/1026 535/951/1027 533/934/1028 582/933/1029
f 557/952/1030 572/950/1031 582/933/1032 578/953/1033
s 117
f 577/928/1006 558/895/971 557/894/970 578/929/1007
s off
f 528/954/1034 529/955/1035 588/956/1036 532/957/1037
f 588/956/1038 529/955/1039 530/958/1040 573/959/1041
s 117
f 531/960/1042 574/925/1003 573/924/1002 530/961/1043
f 588/956/1020 583/936/1014 534/935/1013 532/957/1044
f 586/962/1021 585/941/1019 583/936/1014 588/956/1020
f 572/950/988 567/906/982 537/905/981 535/951/1045
f 570/963/989 569/911/987 567/906/982 572/950/988
f 556/920/964 551/879/954 540/878/953 538/921/1046
f 554/964/965 553/885/963 551/879/954 556/920/964
s 124
f 584/937/1015 580/949/1025 581/947/1023
f 584/937/1015 587/946/1022 585/938/1016
s 121
f 568/907/983 564/919/993 565/917/991
f 568/907/983 571/916/990 569/908/984
s 119
f 552/880/955 549/893/969 550/891/967
f 552/880/955 555/890/966 553/881/956
s 129
f 598/965/1047 599/966/1048 600/967/1049 601/968/1050
f 601/968/1050 600/967/1049 602/969/1051 603/970/1052
s off
f 529/971/1053 604/972/1054 603/973/1055 530/974/1056
s 129
f 602/969/1051 531/975/1057 530/976/1058 603/970/1052
f 605/977/1059 598/965/1047 601/968/1050 606/978/1060
f 606/978/1060 601/968/1050 603/970/1052 607/979/1061
f 604/972/1062 596/980/1063 597/981/1064 608/982/1065
s 131
f 609/983/1066 610/984/1067 611/985/1068
s off
f 596/980/1069 604/972/1070 529/971/1071 528/986/1072
s 129
f 612/987/1073 604/972/1062 608/982/1065 610/988/1074
f 607/979/1061 603/970/1052 604/989/1062 612/990/1073
f 613/991/1075 598/965/1047 605/977/1059 611/992/1076
s 131
f 612/993/1077 609/983/1066 607/994/1078
f 611/985/1068 605/995/1079 609/983/1066
f 609/983/1066 605/995/1079 606/996/1080
s 129
f 614/997/1081 615/998/1082 616/999/1083 617/1000/1084
f 617/1000/1084 616/999/1083 618/1001/1085 619/1002/1086
f 620/1003/1087 614/997/1081 617/1000/1084 621/1004/1088
f 621/1004/1088 617/1000/1084 619/1002/1086 622/1005/1089
f 623/1006/1090 593/1007/1091 594/1008/1092 624/1009/1093
s 133
f 625/1010/1094 626/1011/1095 627/1012/1096
s 129
f 628/1013/1097 623/1006/1090 624/1009/1093 626/1014/1098
f 622/1005/1089 619/1002/1086 623/1015/1090 628/1016/1097
f 629/1017/1099 614/997/1081 620/1003/1087 627/1018/1100
s 133
f 628/1019/1101 625/1010/1094 622/1020/1102
f 627/1012/1096 620/1021/1103 625/1010/1094
f 625/1010/1094 620/1021/1103 621/1022/1104
s off
f 613/1023/1105 595/1024/1106 593/1007/1107 623/1006/1108
f 598/1025/1109 613/1023/1110 623/1006/1111 619/1026/1112
s 129
f 618/1001/1085 599/966/1048 598/965/1047 619/1002/1086
f 630/1027/1113 631/1028/1114 632/1029/1115 633/1030/1116
f 633/1030/1116 632/1029/1115 634/1031/1117 635/1032/1118
f 636/1033/1119 630/1027/1113 633/1030/1116 637/1034/1120
f 637/1034/1120 633/1030/1116 635/1032/1118 638/1035/1121
f 639/1036/1122 590/1037/1123 591/1038/1124 640/1039/1125
s 136
f 641/1040/1126 642/1041/1127 643/1042/1128
s 129
f 644/1043/1129 639/1036/1122 640/1039/1125 642/1044/1130
f 638/1035/1121 635/1032/1118 639/1045/1122 644/1046/1129
f 645/1047/1131 630/1027/1113 636/1033/1119 643/1048/1132
s 136
f 644/1049/1133 641/1040/1126 638/1050/1134
f 643/1042/1128 636/1051/1135 641/1040/1126
f 641/1040/1126 636/1051/1135 637/1052/1136
s off
f 629/1053/1137 592/1054/1138 590/1037/1139 639/1036/1140
f 614/1055/1141 629/1053/1142 639/1036/1143 635/1056/1144
s 129
f 634/1031/1117 615/998/1082 614/997/1081 635/1032/1118
s off
f 399/1057/1145 398/1058/1146 645/1059/1147 589/1060/1148
f 645/1059/1149 398/1058/1150 397/1061/1151 630/1062/1152
s 129
f 645/1059/1131 640/1039/1125 591/1038/1124 589/1060/1153
f 643/1063/1132 642/1044/1130 640/1039/1125 645/1059/1131
f 629/1053/1099 624/1009/1093 594/1008/1092 592/1054/1154
f 627/1064/1100 626/1014/1098 624/1009/1093 629/1053/1099
f 613/1023/1075 608/982/1065 597/981/1064 595/1024/1155
f 611/1065/1076 610/988/1074 608/982/1065 613/1023/1075
s 136
f 641/1040/1126 637/1052/1136 638/1050/1134
f 641/1040/1126 644/1049/1133 642/1041/1127
s 133
f 625/1010/1094 621/1022/1104 622/1020/1102
f 625/1010/1094 628/1019/1101 626/1011/1095
s 131
f 609/983/1066 606/996/1080 607/994/1078
f 609/983/1066 612/993/1077 610/984/1067
s off
f 545/1066/1156 524/1067/1157 527/1068/1158 546/1069/1159
f 401/1070/1160 631/1071/1161 630/1072/1162 397/1073/1163
s 143
f 659/1074/1164 660/1075/1165 661/1076/1166 662/1077/1167
f 662/1077/1167 661/1076/1166 663/1078/1168 664/1079/1169
s off
f 465/1080/1170 665/1081/1171 664/1082/1172 466/1083/1173
s 143
f 666/1084/1174 659/1074/1164 662/1077/1167 667/1085/1175
f 667/1085/1175 662/1077/1167 664/1079/1169 668/1086/1176
f 665/1081/1177 657/1087/1178 658/1088/1179 669/1089/1180
s 145
f 670/1090/1181 671/1091/1182 672/1092/1183
s off
f 657/1087/1184 665/1081/1185 465/1080/1186 464/1093/1187
s 143
f 673/1094/1188 665/1081/1177 669/1089/1180 671/1095/1189
f 668/1086/1176 664/1079/1169 665/1096/1177 673/1097/1188
f 674/1098/1190 659/1074/1164 666/1084/1174 672/1099/1191
s 145
f 673/1100/1192 670/1090/1181 668/1101/1193
f 672/1092/1183 666/1102/1194 670/1090/1181
f 670/1090/1181 666/1102/1194 667/1103/1195
s 143
f 675/1104/1196 676/1105/1197 677/1106/1198 678/1107/1199
f 678/1107/1199 677/1106/1198 679/1108/1200 680/1109/1201
f 681/1110/1202 675/1104/1196 678/1107/1199 682/1111/1203
f 682/1111/1203 678/1107/1199 680/1109/1201 683/1112/1204
f 684/1113/1205 654/1114/1206 655/1115/1207 685/1116/1208
s 147
f 686/1117/1209 687/1118/1210 688/1119/1211
s 143
f 689/1120/1212 684/1113/1205 685/1116/1208 687/1121/1213
f 683/1112/1204 680/1109/1201 684/1122/1205 689/1123/1212
f 690/1124/1214 675/1104/1196 681/1110/1202 688/1125/1215
s 147
f 689/1126/1216 686/1117/1209 683/1127/1217
f 688/1119/1211 681/1128/1218 686/1117/1209
f 686/1117/1209 681/1128/1218 682/1129/1219
s off
f 674/1130/1220 656/1131/1221 654/1114/1222 684/1113/1223
f 659/1132/1224 674/1130/1225 684/1113/1226 680/1133/1227
s 143
f 679/1108/1200 660/1075/1165 659/1074/1164 680/1109/1201
f 691/1134/1228 692/1135/1229 693/1136/1230 694/1137/1231
f 694/1137/1231 693/1136/1230 695/1138/1232 696/1139/1233
f 697/1140/1234 691/1134/1228 694/1137/1231 698/1141/1235
f 698/1141/1235 694/1137/1231 696/1139/1233 699/1142/1236
f 700/1143/1237 651/1144/1238 652/1145/1239 701/1146/1240
s 150
f 702/1147/1241 703/1148/1242 704/1149/1243
s 143
f 705/1150/1244 700/1143/1237 701/1146/1240 703/1151/1245
f 699/1142/1236 696/1139/1233 700/1152/1237 705/1153/1244
f 706/1154/1246 691/1134/1228 697/1140/1234 704/1155/1247
s 150
f 705/1156/1248 702/1147/1241 699/1157/1249
f 704/1149/1243 697/1158/1250 702/1147/1241
f 702/1147/1241 697/1158/1250 698/1159/1251
s off
f 690/1160/1252 653/1161/1253 651/1144/1254 700/1143/1255
f 675/1162/1256 690/1160/1257 700/1143/1258 696/1163/1259
s 143
f 695/1138/1232 676/1105/1197 675/1104/1196 696/1139/1233
s off
f 646/1164/1260 647/1165/1261 706/1166/1262 650/1167/1263
f 706/1166/1264 647/1165/1265 648/1168/1266 691/1169/1267
s 143
f 649/1170/1268 692/1135/1229 691/1134/1228 648/1171/1269
f 706/1166/1246 701/1146/1240 652/1145/1239 650/1167/1270
f 704/1172/1247 703/1151/1245 701/1146/1240 706/1166/1246
f 690/1160/1214 685/1116/1208 655/1115/1207 653/1161/1271
f 688/1173/1215 687/1121/1213 685/1116/1208 690/1160/1214
f 674/1130/1190 669/1089/1180 658/1088/1179 656/1131/1272
f 672/1174/1191 671/1095/1189 669/1089/1180 674/1130/1190
s 150
f 702/1147/1241 698/1159/1251 699/1157/1249
f 702/1147/1241 705/1156/1248 703/1148/1242
s 147
f 686/1117/1209 682/1129/1219 683/1127/1217
f 686/1117/1209 689/1126/1216 687/1118/1210
s 145
f 670/1090/1181 667/1103/1195 668/1101/1193
f 670/1090/1181 673/1100/1192 671/1091/1182
s 155
f 714/1175/1273 715/1176/1274 716/1177/1275 717/1178/1276
f 717/1178/1276 716/1177/1275 718/1179/1277 719/1180/1278
s off
f 647/1181/1279 720/1182/1280 719/1183/1281 648/1184/1282
s 155
f 718/1179/1277 649/1185/1283 648/1186/1284 719/1180/1278
f 721/1187/1285 714/1175/1273 717/1178/1276 722/1188/1286
f 722/1188/1286 717/1178/1276 719/1180/1278 723/1189/1287
f 720/1182/1288 712/1190/1289 713/1191/1290 724/1192/1291
s 157
f 725/1193/1292 726/1194/1293 727/1195/1294
s off
f 712/1190/1295 720/1182/1296 647/1181/1297 646/1196/1298
s 155
f 728/1197/1299 720/1182/1288 724/1192/1291 726/1198/1300
f 723/1189/1287 719/1180/1278 720/1199/1288 728/1200/1299
f 729/1201/1301 714/1175/1273 721/1187/1285 727/1202/1302
s 157
f 728/1203/1303 725/1193/1292 723/1204/1304
f 727/1195/1294 721/1205/1305 725/1193/1292
f 725/1193/1292 721/1205/1305 722/1206/1306
s 155
f 730/1207/1307 731/1208/1308 732/1209/1309 733/1210/1310
f 733/1210/1310 732/1209/1309 734/1211/1311 735/1212/1312
f 736/1213/1313 730/1207/1307 733/1210/1310 737/1214/1314
f 737/1214/1314 733/1210/1310 735/1212/1312 738/1215/1315
f 739/1216/1316 709/1217/1317 710/1218/1318 740/1219/1319
s 159
f 741/1220/1320 742/1221/1321 743/1222/1322
s 155
f 744/1223/1323 739/1216/1316 740/1219/1319 742/1224/1324
f 738/1215/1315 735/1212/1312 739/1225/1316 744/1226/1323
f 745/1227/1325 730/1207/1307 736/1213/1313 743/1228/1326
s 159
f 744/1229/1327 741/1220/1320 738/1230/1328
f 743/1222/1322 736/1231/1329 741/1220/1320
f 741/1220/1320 736/1231/1329 737/1232/1330
s off
f 729/1233/1331 711/1234/1332 709/1217/1333 739/1216/1334
f 714/1235/1335 729/1233/1336 739/1216/1337 735/1236/1338
s 155
f 734/1211/1311 715/1176/1274 714/1175/1273 735/1212/1312
s off
f 745/1241/1339 708/1242/1340 707/1240/1341 748/1239/1342
f 730/1243/1343 745/1241/1344 748/1239/1345 747/1244/1346
s 155
f 746/1237/1347 731/1208/1308 730/1207/1307 747/1238/1348
f 745/1241/1325 740/1219/1319 710/1218/1318 708/1242/1349
f 743/1245/1326 742/1224/1324 740/1219/1319 745/1241/1325
f 729/1233/1301 724/1192/1291 713/1191/1290 711/1234/1350
f 727/1246/1302 726/1198/1300 724/1192/1291 729/1233/1301
s 159
f 741/1220/1320 737/1232/1330 738/1230/1328
f 741/1220/1320 744/1229/1327 742/1221/1321
s 157
f 725/1193/1292 722/1206/1306 723/1204/1304
f 725/1193/1292 728/1203/1303 726/1194/1293
s off
f 663/1247/1351 463/1248/1352 466/1249/1353 664/1250/1354
s 165
f 763/1253/1355 764/1254/1356 765/1255/1357 766/1256/1358
f 766/1256/1358 765/1255/1357 767/1257/1359 768/1258/1360
f 769/1259/1361 763/1253/1355 766/1256/1358 770/1260/1362
f 770/1260/1362 766/1256/1358 768/1258/1360 771/1261/1363
f 772/1262/1364 757/1263/1365 758/1264/1366 773/1265/1367
s 166
f 774/1266/1368 775/1267/1369 776/1268/1370
s 165
f 777/1269/1371 772/1262/1364 773/1265/1367 775/1270/1372
f 771/1261/1363 768/1258/1360 772/1271/1364 777/1272/1371
f 778/1273/1373 763/1253/1355 769/1259/1361 776/1274/1374
s 166
f 777/1275/1375 774/1266/1368 771/1276/1376
f 776/1268/1370 769/1277/1377 774/1266/1368
f 774/1266/1368 769/1277/1377 770/1278/1378
s off
f 762/1279/1379 759/1280/1380 757/1263/1381 772/1262/1382
f 760/1281/1383 762/1279/1384 772/1262/1385 768/1282/1386
s 165
f 767/1257/1359 761/1252/1387 760/1251/1388 768/1258/1360
f 779/1283/1389 780/1284/1390 781/1285/1391 782/1286/1392
f 782/1286/1392 781/1285/1391 783/1287/1393 784/1288/1394
f 785/1289/1395 779/1283/1389 782/1286/1392 786/1290/1396
f 786/1290/1396 782/1286/1392 784/1288/1394 787/1291/1397
f 788/1292/1398 754/1293/1399 755/1294/1400 789/1295/1401
s 169
f 790/1296/1402 791/1297/1403 792/1298/1404
s 165
f 793/1299/1405 788/1292/1398 789/1295/1401 791/1300/1406
f 787/1291/1397 784/1288/1394 788/1301/1398 793/1302/1405
f 794/1303/1407 779/1283/1389 785/1289/1395 792/1304/1408
s 169
f 793/1305/1409 790/1296/1402 787/1306/1410
f 792/1298/1404 785/1307/1411 790/1296/1402
f 790/1296/1402 785/1307/1411 786/1308/1412
s off
f 778/1309/1413 756/1310/1414 754/1293/1415 788/1292/1416
f 763/1311/1417 778/1309/1418 788/1292/1419 784/1312/1420
s 165
f 783/1287/1393 764/1254/1356 763/1253/1355 784/1288/1394
s off
f 749/1313/1421 750/1314/1422 794/1315/1423 753/1316/1424
f 794/1315/1425 750/1314/1426 751/1317/1427 779/1318/1428
s 165
f 752/1319/1429 780/1284/1390 779/1283/1389 751/1320/1430
f 794/1315/1407 789/1295/1401 755/1294/1400 753/1316/1431
f 792/1321/1408 791/1300/1406 789/1295/1401 794/1315/1407
f 778/1309/1373 773/1265/1367 758/1264/1366 756/1310/1432
f 776/1322/1374 775/1270/1372 773/1265/1367 778/1309/1373
s 169
f 790/1296/1402 786/1308/1412 787/1306/1410
f 790/1296/1402 793/1305/1409 791/1297/1403
s 166
f 774/1266/1368 770/1278/1378 771/1276/1376
f 774/1266/1368 777/1275/1375 775/1267/1369
s 174
f 804/1323/1433 805/1324/1434 806/1325/1435 807/1326/1436
f 807/1326/1436 806/1325/1435 808/1327/1437 809/1328/1438
s off
f 750/1329/1439 810/1330/1440 809/1331/1441 751/1332/1442
s 174
f 808/1327/1437 752/1333/1443 751/1334/1444 809/1328/1438
f 811/1335/1445 804/1323/1433 807/1326/1436 812/1336/1446
f 812/1336/1446 807/1326/1436 809/1328/1438 813/1337/1447
f 810/1330/1448 802/1338/1449 803/1339/1450 814/1340/1451
s 176
f 815/1341/1452 816/1342/1453 817/1343/1454
s off
f 802/1338/1455 810/1330/1456 750/1329/1457 749/1344/1458
s 174
f 818/1345/1459 810/1330/1448 814/1340/1451 816/1346/1460
f 813/1337/1447 809/1328/1438 810/1347/1448 818/1348/1459
f 819/1349/1461 804/1323/1433 811/1335/1445 817/1350/1462
s 176
f 818/1351/1463 815/1341/1452 813/1352/1464
f 817/1343/1454 811/1353/1465 815/1341/1452
f 815/1341/1452 811/1353/1465 812/1354/1466
s 174
f 820/1355/1467 821/1356/1468 822/1357/1469 823/1358/1470
f 823/1358/1470 822/1357/1469 824/1359/1471 825/1360/1472
f 826/1361/1473 820/1355/1467 823/1358/1470 827/1362/1474
f 827/1362/1474 823/1358/1470 825/1360/1472 828/1363/1475
f 829/1364/1476 799/1365/1477 800/1366/1478 830/1367/1479
s 178
f 831/1368/1480 832/1369/1481 833/1370/1482
s 174
f 834/1371/1483 829/1364/1476 830/1367/1479 832/1372/1484
f 828/1363/1475 825/1360/1472 829/1373/1476 834/1374/1483
f 835/1375/1485 820/1355/1467 826/1361/1473 833/1376/1486
s 178
f 834/1377/1487 831/1368/1480 828/1378/1488
f 833/1370/1482 826/1379/1489 831/1368/1480
f 831/1368/1480 826/1379/1489 827/1380/1490
s off
f 819/1381/1491 801/1382/1492 799/1365/1493 829/1364/1494
f 804/1383/1495 819/1381/1496 829/1364/1497 825/1384/1498
s 174
f 824/1359/1471 805/1324/1434 804/1323/1433 825/1360/1472
f 836/1385/1499 837/1386/1500 838/1387/1501 839/1388/1502
f 839/1388/1502 838/1387/1501 840/1389/1503 841/1390/1504
f 842/1391/1505 836/1385/1499 839/1388/1502 843/1392/1506
f 843/1392/1506 839/1388/1502 841/1390/1504 844/1393/1507
f 845/1394/1508 796/1395/1509 797/1396/1510 846/1397/1511
s 181
f 847/1398/1512 848/1399/1513 849/1400/1514
s 174
f 850/1401/1515 845/1394/1508 846/1397/1511 848/1402/1516
f 844/1393/1507 841/1390/1504 845/1403/1508 850/1404/1515
f 851/1405/1517 836/1385/1499 842/1391/1505 849/1406/1518
s 181
f 850/1407/1519 847/1398/1512 844/1408/1520
f 849/1400/1514 842/1409/1521 847/1398/1512
f 847/1398/1512 842/1409/1521 843/1410/1522
s off
f 835/1411/1523 798/1412/1524 796/1395/1525 845/1394/1526
f 820/1413/1527 835/1411/1528 845/1394/1529 841/1414/1530
s 174
f 840/1389/1503 821/1356/1468 820/1355/1467 841/1390/1504
s off
f 525/1415/1531 526/1416/1532 851/1417/1533 795/1418/1534
f 851/1417/1535 526/1416/1536 527/1419/1537 836/1420/1538
s 174
f 851/1417/1517 846/1397/1511 797/1396/1510 795/1418/1539
f 849/1421/1518 848/1402/1516 846/1397/1511 851/1417/1517
f 835/1411/1485 830/1367/1479 800/1366/1478 798/1412/1540
f 833/1422/1486 832/1372/1484 830/1367/1479 835/1411/1485
f 819/1381/1461 814/1340/1451 803/1339/1450 801/1382/1541
f 817/1423/1462 816/1346/1460 814/1340/1451 819/1381/1461
s 181
f 847/1398/1512 843/1410/1522 844/1408/1520
f 847/1398/1512 850/1407/1519 848/1399/1513
s 178
f 831/1368/1480 827/1380/1490 828/1378/1488
f 831/1368/1480 834/1377/1487 832/1369/1481
s 176
f 815/1341/1452 812/1354/1466 813/1352/1464
f 815/1341/1452 818/1351/1463 816/1342/1453
s off
f 524/1424/1542 837/1425/1543 836/1426/1544 527/1427/1545
s 187
f 852/1428/1546 853/1429/1547 854/1430/1548 855/1431/1549
f 852/1428/1546 856/1432/1550 857/1433/1551 853/1429/1547
f 856/1432/1550 858/1434/1552 859/1435/1553 857/1433/1551
f 860/1436/1554 861/1437/1555 859/1435/1553 858/1434/1552
f 860/1436/1554 862/1438/1556 863/1439/1557 861/1437/1555
f 862/1440/1556 855/1431/1549 854/1430/1548 863/1441/1557
s 188
f 864/1442/1558 865/1443/1559 866/1444/1560 867/1445/1561
f 868/1446/1562 867/1445/1561 866/1444/1560 869/1447/1563
f 870/1448/1564 868/1449/1562 869/1450/1563 871/1451/1565
f 870/1448/1564 871/1451/1565 872/1452/1566 873/1453/1567
f 874/1454/1568 873/1453/1567 872/1452/1566 875/1455/1569
f 864/1442/1558 874/1454/1568 875/1455/1569 865/1443/1559
s 189
f 866/1444/1570 865/1443/1571 852/1428/1572 855/1431/1573
f 869/1447/1574 866/1444/1570 855/1431/1573 862/1440/1575
f 871/1451/1576 869/1450/1574 862/1438/1575 860/1436/1577
f 872/1452/1578 871/1451/1576 860/1436/1577 858/1434/1579
f 875/1455/1580 872/1452/1578 858/1434/1579 856/1432/1581
f 865/1443/1571 875/1455/1580 856/1432/1581 852/1428/1572
s 190
f 876/1456/1582 877/1457/1583 878/1458/1584 879/1459/1585
f 876/1456/1582 880/1460/1586 881/1461/1587 877/1457/1583
f 880/1460/1586 882/1462/1588 883/1463/1589 881/1461/1587
f 884/1464/1590 885/1465/1591 883/1463/1589 882/1462/1588
f 884/1464/1590 886/1466/1592 887/1467/1593 885/1465/1591
f 886/1468/1592 879/1459/1585 878/1458/1584 887/1469/1593
s 191
f 888/1470/1594 889/1471/1595 890/1472/1596 891/1473/1597
f 892/1474/1598 891/1473/1597 890/1472/1596 893/1475/1599
f 894/1476/1600 892/1477/1598 893/1478/1599 895/1479/1601
f 894/1476/1600 895/1479/1601 896/1480/1602 897/1481/1603
f 898/1482/1604 897/1481/1603 896/1480/1602 899/1483/1605
f 888/1470/1594 898/1482/1604 899/1483/1605 889/1471/1595
s 192
f 900/1484/1606 901/1485/1607 902/1486/1608 903/1487/1609
f 904/1488/1610 903/1487/1609 902/1486/1608 905/1489/1611
f 906/1490/1612 904/1491/1610 905/1492/1611 907/1493/1613
f 906/1490/1612 907/1493/1613 908/1494/1614 909/1495/1615
f 910/1496/1616 909/1495/1615 908/1494/1614 911/1497/1617
f 900/1484/1606 910/1496/1616 911/1497/1617 901/1485/1607
s 193
f 890/1472/1618 889/1471/1619 900/1484/1620 903/1487/1621
f 893/1475/1622 890/1472/1618 903/1487/1621 904/1488/1623
f 895/1479/1624 893/1478/1622 904/1491/1623 906/1490/1625
f 896/1480/1626 895/1479/1624 906/1490/1625 909/1495/1627
f 899/1483/1628 896/1480/1626 909/1495/1627 910/1496/1629
f 889/1471/1619 899/1483/1628 910/1496/1629 900/1484/1620
s 194
f 902/1486/1630 901/1485/1631 876/1456/1632 879/1459/1633
f 905/1489/1634 902/1486/1630 879/1459/1633 886/1468/1635
f 907/1493/1636 905/1492/1634 886/1466/1635 884/1464/1637
f 908/1494/1638 907/1493/1636 884/1464/1637 882/1462/1639
f 911/1497/1640 908/1494/1638 882/1462/1639 880/1460/1641
f 901/1485/1631 911/1497/1640 880/1460/1641 876/1456/1632
s 195
f 853/1498/1642 888/1470/1643 891/1473/1644 854/1499/1645
f 854/1499/1645 891/1473/1644 892/1474/1646 863/1500/1647
f 863/1501/1647 892/1477/1646 894/1476/1648 861/1502/1649
f 861/1502/1649 894/1476/1648 897/1481/1650 859/1503/1651
f 859/1503/1651 897/1481/1650 898/1482/1652 857/1504/1653
f 857/1504/1653 898/1482/1652 888/1470/1643 853/1498/1642
s 196
f 912/1505/1654 913/1506/1655 914/1507/1656 915/1508/1657
f 916/1509/1658 915/1508/1657 914/1507/1656 917/1510/1659
f 918/1511/1660 916/1512/1658 917/1513/1659 919/1514/1661
f 918/1511/1660 919/1514/1661 920/1515/1662 921/1516/1663
f 922/1517/1664 921/1516/1663 920/1515/1662 923/1518/1665
f 912/1505/1654 922/1517/1664 923/1518/1665 913/1506/1655
s 197
f 914/1507/1666 913/1506/1667 924/1519/1668 925/1520/1669
f 917/1510/1670 914/1507/1666 925/1520/1669 926/1521/1671
f 919/1514/1672 917/1513/1670 926/1522/1671 927/1523/1673
f 920/1515/1674 919/1514/1672 927/1523/1673 928/1524/1675
f 923/1518/1676 920/1515/1674 928/1524/1675 929/1525/1677
f 913/1506/1667 923/1518/1676 929/1525/1677 924/1519/1668
s 198
f 877/1526/1678 912/1505/1679 915/1508/1680 878/1527/1681
f 878/1527/1681 915/1508/1680 916/1509/1682 887/1528/1683
f 887/1529/1683 916/1512/1682 918/1511/1684 885/1530/1685
f 885/1530/1685 918/1511/1684 921/1516/1686 883/1531/1687
f 883/1531/1687 921/1516/1686 922/1517/1688 881/1532/1689
f 881/1532/1689 922/1517/1688 912/1505/1679 877/1526/1678
s 199
f 930/1533/1690 924/1534/1691 929/1535/1692 931/1536/1693
f 930/1533/1690 932/1537/1694 925/1538/1695 924/1534/1691
f 932/1537/1694 933/1539/1696 926/1540/1697 925/1538/1695
f 927/1541/1698 926/1542/1697 933/1543/1696 934/1544/1699
f 934/1544/1699 935/1545/1700 928/1546/1701 927/1541/1698
f 935/1545/1700 931/1536/1693 929/1535/1692 928/1546/1701
s 200
f 936/1547/1702 937/1548/1703 938/1549/1704
f 936/1547/1702 939/1550/1705 937/1548/1703
s 201
f 937/1551/1706 930/1533/1707 931/1536/1708 938/1552/1709
f 938/1552/1709 931/1536/1708 935/1545/1710 940/1553/1711
f 941/1554/1712 940/1553/1711 935/1545/1710 934/1544/1713
f 933/1543/1714 942/1555/1715 941/1554/1712 934/1544/1713
f 942/1556/1715 933/1539/1714 932/1537/1716 939/1557/1717
f 937/1551/1706 939/1557/1717 932/1537/1716 930/1533/1707
s 200
f 941/1558/1718 936/1547/1702 940/1559/1719
f 941/1558/1718 942/1560/1720 936/1547/1702
f 936/1547/1702 942/1560/1720 939/1550/1705
f 940/1559/1719 936/1547/1702 938/1549/1704
s 202
f 943/1561/1721 944/1562/1722 945/1563/1723 946/1564/1724
f 943/1561/1721 947/1565/1725 948/1566/1726 944/1562/1722
f 947/1565/1725 949/1567/1727 950/1568/1728 948/1566/1726
f 951/1569/1729 952/1570/1730 950/1568/1728 949/1567/1727
f 951/1569/1729 953/1571/1731 954/1572/1732 952/1570/1730
f 953/1573/1731 946/1564/1724 945/1563/1723 954/1574/1732
s 203
f 955/1575/1733 956/1576/1734 957/1577/1735 958/1578/1736
f 959/1579/1737 958/1578/1736 957/1577/1735 960/1580/1738
f 961/1581/1739 959/1582/1737 960/1583/1738 962/1584/1740
f 961/1581/1739 962/1584/1740 963/1585/1741 964/1586/1742
f 965/1587/1743 964/1586/1742 963/1585/1741 966/1588/1744
f 955/1575/1733 965/1587/1743 966/1588/1744 956/1576/1734
s 204
f 967/1589/1745 968/1590/1746 969/1591/1747 970/1592/1748
f 971/1593/1749 970/1592/1748 969/1591/1747 972/1594/1750
f 973/1595/1751 971/1596/1749 972/1597/1750 974/1598/1752
f 973/1595/1751 974/1598/1752 975/1599/1753 976/1600/1754
f 977/1601/1755 976/1600/1754 975/1599/1753 978/1602/1756
f 967/1589/1745 977/1601/1755 978/1602/1756 968/1590/1746
s 205
f 957/1577/1757 956/1576/1758 967/1589/1759 970/1592/1760
f 960/1580/1761 957/1577/1757 970/1592/1760 971/1593/1762
f 962/1584/1763 960/1583/1761 971/1596/1762 973/1595/1764
f 963/1585/1765 962/1584/1763 973/1595/1764 976/1600/1766
f 966/1588/1767 963/1585/1765 976/1600/1766 977/1601/1768
f 956/1576/1758 966/1588/1767 977/1601/1768 967/1589/1759
s 206
f 969/1591/1769 968/1590/1770 943/1561/1771 946/1564/1772
f 972/1594/1773 969/1591/1769 946/1564/1772 953/1573/1774
f 974/1598/1775 972/1597/1773 953/1571/1774 951/1569/1776
f 975/1599/1777 974/1598/1775 951/1569/1776 949/1567/1778
f 978/1602/1779 975/1599/1777 949/1567/1778 947/1565/1780
f 968/1590/1770 978/1602/1779 947/1565/1780 943/1561/1771
s 207
f 979/1603/1781 980/1604/1782 981/1605/1783 982/1606/1784
f 979/1603/1781 983/1607/1785 984/1608/1786 980/1604/1782
f 983/1607/1785 985/1609/1787 986/1610/1788 984/1608/1786
f 987/1611/1789 988/1612/1790 986/1610/1788 985/1609/1787
f 987/1611/1789 989/1613/1791 990/1614/1792 988/1612/1790
f 989/1615/1791 982/1606/1784 981/1605/1783 990/1616/1792
s 208
f 991/1617/1793 992/1618/1794 993/1619/1795 994/1620/1796
f 995/1621/1797 994/1620/1796 993/1619/1795 996/1622/1798
f 997/1623/1799 995/1624/1797 996/1625/1798 998/1626/1800
f 997/1623/1799 998/1626/1800 999/1627/1801 1000/1628/1802
f 1001/1629/1803 1000/1628/1802 999/1627/1801 1002/1630/1804
f 991/1617/1793 1001/1629/1803 1002/1630/1804 992/1618/1794
s 209
f 1003/1631/1805 1004/1632/1806 1005/1633/1807 1006/1634/1808
f 1007/1635/1809 1006/1634/1808 1005/1633/1807 1008/1636/1810
f 1009/1637/1811 1007/1638/1809 1008/1639/1810 1010/1640/1812
f 1009/1637/1811 1010/1640/1812 1011/1641/1813 1012/1642/1814
f 1013/1643/1815 1012/1642/1814 1011/1641/1813 1014/1644/1816
f 1003/1631/1805 1013/1643/1815 1014/1644/1816 1004/1632/1806
s 210
f 993/1619/1817 992/1618/1818 1003/1631/1819 1006/1634/1820
f 996/1622/1821 993/1619/1817 1006/1634/1820 1007/1635/1822
f 998/1626/1823 996/1625/1821 1007/1638/1822 1009/1637/1824
f 999/1627/1825 998/1626/1823 1009/1637/1824 1012/1642/1826
f 1002/1630/1827 999/1627/1825 1012/1642/1826 1013/1643/1828
f 992/1618/1818 1002/1630/1827 1013/1643/1828 1003/1631/1819
s 211
f 1005/1633/1829 1004/1632/1830 979/1603/1831 982/1606/1832
f 1008/1636/1833 1005/1633/1829 982/1606/1832 989/1615/1834
f 1010/1640/1835 1008/1639/1833 989/1613/1834 987/1611/1836
f 1011/1641/1837 1010/1640/1835 987/1611/1836 985/1609/1838
f 1014/1644/1839 1011/1641/1837 985/1609/1838 983/1607/1840
f 1004/1632/1830 1014/1644/1839 983/1607/1840 979/1603/1831
s 212
f 944/1645/1841 991/1617/1842 994/1620/1843 945/1646/1844
f 945/1646/1844 994/1620/1843 995/1621/1845 954/1647/1846
f 954/1648/1846 995/1624/1845 997/1623/1847 952/1649/1848
f 952/1649/1848 997/1623/1847 1000/1628/1849 950/1650/1850
f 950/1650/1850 1000/1628/1849 1001/1629/1851 948/1651/1852
f 948/1651/1852 1001/1629/1851 991/1617/1842 944/1645/1841
s 213
f 1015/1652/1853 1016/1653/1854 1017/1654/1855 1018/1655/1856
f 1015/1652/1853 1019/1656/1857 1020/1657/1858 1016/1653/1854
f 1019/1656/1857 1021/1658/1859 1022/1659/1860 1020/1657/1858
f 1023/1660/1861 1024/1661/1862 1022/1659/1860 1021/1658/1859
f 1023/1660/1861 1025/1662/1863 1026/1663/1864 1024/1661/1862
f 1025/1664/1863 1018/1655/1856 1017/1654/1855 1026/1665/1864
s 214
f 1027/1666/1865 1028/1667/1866 1029/1668/1867 1030/1669/1868
f 1031/1670/1869 1030/1669/1868 1029/1668/1867 1032/1671/1870
f 1033/1672/1871 1031/1673/1869 1032/1674/1870 1034/1675/1872
f 1033/1672/1871 1034/1675/1872 1035/1676/1873 1036/1677/1874
f 1037/1678/1875 1036/1677/1874 1035/1676/1873 1038/1679/1876
f 1027/1666/1865 1037/1678/1875 1038/1679/1876 1028/1667/1866
s 215
f 1039/1680/1877 1040/1681/1878 1041/1682/1879 1042/1683/1880
f 1043/1684/1881 1042/1683/1880 1041/1682/1879 1044/1685/1882
f 1045/1686/1883 1043/1687/1881 1044/1688/1882 1046/1689/1884
f 1045/1686/1883 1046/1689/1884 1047/1690/1885 1048/1691/1886
f 1049/1692/1887 1048/1691/1886 1047/1690/1885 1050/1693/1888
f 1039/1680/1877 1049/1692/1887 1050/1693/1888 1040/1681/1878
s 216
f 1029/1668/1889 1028/1667/1890 1039/1680/1891 1042/1683/1892
f 1032/1671/1893 1029/1668/1889 1042/1683/1892 1043/1684/1894
f 1034/1675/1895 1032/1674/1893 1043/1687/1894 1045/1686/1896
f 1035/1676/1897 1034/1675/1895 1045/1686/1896 1048/1691/1898
f 1038/1679/1899 1035/1676/1897 1048/1691/1898 1049/1692/1900
f 1028/1667/1890 1038/1679/1899 1049/1692/1900 1039/1680/1891
s 217
f 1041/1682/1901 1040/1681/1902 1015/1652/1903 1018/1655/1904
f 1044/1685/1905 1041/1682/1901 1018/1655/1904 1025/1664/1906
f 1046/1689/1907 1044/1688/1905 1025/1662/1906 1023/1660/1908
f 1047/1690/1909 1046/1689/1907 1023/1660/1908 1021/1658/1910
f 1050/1693/1911 1047/1690/1909 1021/1658/1910 1019/1656/1912
f 1040/1681/1902 1050/1693/1911 1019/1656/1912 1015/1652/1903
s 218
f 980/1694/1913 1027/1666/1914 1030/1669/1915 981/1695/1916
f 981/1695/1916 1030/1669/1915 1031/1670/1917 990/1696/1918
f 990/1697/1918 1031/1673/1917 1033/1672/1919 988/1698/1920
f 988/1698/1920 1033/1672/1919 1036/1677/1921 986/1699/1922
f 986/1699/1922 1036/1677/1921 1037/1678/1923 984/1700/1924
f 984/1700/1924 1037/1678/1923 1027/1666/1914 980/1694/1913
s 219
f 1051/1701/1925 1052/1702/1926 1053/1703/1927 1054/1704/1928
f 1055/1705/1929 1054/1704/1928 1053/1703/1927 1056/1706/1930
f 1057/1707/1931 1055/1708/1929 1056/1709/1930 1058/1710/1932
f 1057/1707/1931 1058/1710/1932 1059/1711/1933 1060/1712/1934
f 1061/1713/1935 1060/1712/1934 1059/1711/1933 1062/1714/1936
f 1051/1701/1925 1061/1713/1935 1062/1714/1936 1052/1702/1926
s 220
f 1053/1703/1937 1052/1702/1938 864/1715/1939 867/1716/1940
f 1056/1706/1941 1053/1703/1937 867/1716/1940 868/1717/1942
f 1058/1710/1943 1056/1709/1941 868/1718/1942 870/1719/1944
f 1059/1711/1945 1058/1710/1943 870/1719/1944 873/1720/1946
f 1062/1714/1947 1059/1711/1945 873/1720/1946 874/1721/1948
f 1052/1702/1938 1062/1714/1947 874/1721/1948 864/1715/1939
s 221
f 1016/1722/1949 1051/1701/1950 1054/1704/1951 1017/1723/1952
f 1017/1723/1952 1054/1704/1951 1055/1705/1953 1026/1724/1954
f 1026/1725/1954 1055/1708/1953 1057/1707/1955 1024/1726/1956
f 1024/1726/1956 1057/1707/1955 1060/1712/1957 1022/1727/1958
f 1022/1727/1958 1060/1712/1957 1061/1713/1959 1020/1728/1960
f 1020/1728/1960 1061/1713/1959 1051/1701/1950 1016/1722/1949
s 222
f 1066/1729/1961 1073/1730/1962 1072/1731/1963 1063/1732/1964
s 223
f 1065/1733/1965 1064/1734/1966 1071/1735/1967 1070/1736/1968
s 224
f 1064/1734/1969 1065/1733/1970 1066/1737/1971 1063/1738/1972
s 222
f 1073/1739/1962 1066/1740/1961 1067/1741/1973 1074/1742/1974
s 225
f 1068/1743/1975 1069/1744/1976 1074/1745/1977 1067/1746/1978
s 223
f 1069/1747/1979 1068/1748/1980 1065/1749/1965 1070/1750/1968
s 224
f 1065/1751/1970 1068/1752/1981 1067/1753/1982 1066/1754/1971
s 222
f 1078/1755/1983 1075/1756/1984 1072/1757/1963 1073/1758/1962
s 223
f 1077/1759/1985 1070/1760/1968 1071/1761/1967 1076/1762/1986
s 226
f 1076/1762/1987 1075/1763/1988 1078/1764/1989 1077/1759/1990
s 222
f 1073/1765/1962 1074/1766/1974 1079/1767/1991 1078/1768/1983
s 225
f 1080/1769/1992 1079/1770/1993 1074/1771/1977 1069/1772/1976
s 223
f 1069/1773/1979 1070/1774/1968 1077/1775/1985 1080/1776/1994
s 226
f 1077/1777/1990 1078/1778/1989 1079/1779/1995 1080/1780/1996
s 227
f 1063/1781/1997 1072/1782/1998 1084/1783/1999 1081/1784/2000
s 228
f 1064/1785/2001 1082/1786/2002 1083/1787/2003 1071/1788/2004
s off
f 1082/1786/2005 1064/1785/2006 1063/1789/2007 1081/1790/2008
s 227
f 1075/1791/2009 1085/1792/2010 1084/1793/1999 1072/1794/1998
s 228
f 1076/1795/2011 1071/1796/2004 1083/1797/2003 1086/1798/2012
s off
f 1086/1798/2013 1085/1799/2014 1075/1800/2015 1076/1795/2016
s 231
f 1081/1801/2017 1084/1802/2018 1090/1803/2019 1087/1804/2020
s 232
f 1082/1805/2021 1088/1806/2022 1089/1807/2023 1083/1808/2024
s off
f 1088/1806/2025 1082/1805/2026 1081/1809/2027 1087/1810/2028
s 231
f 1085/1811/2029 1091/1812/2030 1090/1813/2019 1084/1814/2018
s 232
f 1086/1815/2031 1083/1816/2024 1089/1817/2023 1092/1818/2032
s off
f 1092/1818/2033 1091/1819/2034 1085/1820/2035 1086/1815/2036
s 235
f 1087/1821/2037 1090/1822/2038 1100/1823/2039 1093/1824/2040
s 236
f 1088/1825/2041 1094/1826/2042 1097/1827/2043 1089/1828/2044
s 237
f 1094/1826/2045 1088/1825/2046 1087/1829/2047 1093/1830/2048
s 235
f 1100/1831/2039 1099/1832/2049 1095/1833/2050 1093/1834/2040
s 237
f 1096/1835/2051 1094/1836/2045 1093/1837/2048 1095/1838/2052
s 236
f 1097/1839/2043 1094/1840/2042 1096/1841/2053 1098/1842/2054
s 238
f 1098/1843/2055 1096/1844/2056 1095/1845/2057 1099/1846/2058
s 235
f 1091/1847/2059 1101/1848/2060 1100/1849/2039 1090/1850/2038
s 236
f 1092/1851/2061 1089/1852/2044 1097/1853/2043 1102/1854/2062
s 239
f 1102/1854/2063 1101/1855/2064 1091/1856/2065 1092/1851/2066
s 235
f 1100/1857/2039 1101/1858/2060 1103/1859/2067 1099/1860/2049
s 239
f 1104/1861/2068 1103/1862/2069 1101/1863/2064 1102/1864/2063
s 236
f 1097/1865/2043 1098/1866/2054 1104/1867/2070 1102/1868/2062
s 238
f 1098/1869/2055 1099/1870/2058 1103/1871/2071 1104/1872/2072
s off
f 1109/1873/2073 1108/1874/2074 1105/1875/2075 1107/1876/2076
f 1110/1877/2077 1109/1878/2078 1107/1879/2079 1106/1880/2080
f 1113/1881/2081 1115/1882/2082 1116/1883/2083 1112/1884/2084
f 1112/1885/2085 1116/1886/2086 1114/1887/2087 1111/1888/2088
f 1118/1889/2089 1107/1890/2090 1105/1891/2091 1117/1892/2092
f 1118/1893/2093 1119/1894/2094 1106/1895/2095 1107/1896/2096
f 1116/1897/2097 1118/1889/2098 1117/1892/2099 1114/1898/2100
f 1116/1899/2101 1115/1900/2102 1119/1894/2103 1118/1893/2104
f 1120/1901/2105 1121/1902/2106 1109/1903/2107 1110/1904/2108
f 1121/1905/2109 1122/1906/2110 1108/1907/2111 1109/1908/2112
f 1113/1909/2113 1112/1910/2114 1124/1911/2115 1125/1912/2116
f 1112/1913/2117 1111/1914/2118 1123/1915/2119 1124/1916/2120
f 1126/1917/2121 1127/1918/2122 1121/1919/2123 1120/1920/2124
f 1127/1921/2125 1128/1922/2126 1122/1923/2127 1121/1924/2128
f 1125/1925/2129 1124/1926/2130 1130/1927/2131 1131/1928/2132
f 1124/1929/2133 1123/1930/2134 1129/1931/2135 1130/1932/2136
f 1126/1933/2137 1133/1934/2138 1134/1935/2139 1127/1936/2140
f 1127/1937/2141 1134/1938/2142 1132/1939/2143 1128/1940/2144
f 1130/1941/2145 1129/1942/2146 1135/1943/2147 1137/1944/2148
f 1131/1945/2149 1130/1946/2150 1137/1947/2151 1136/1948/2152
f 1151/1949/2153 1150/1950/2154 1147/1951/2155 1146/1952/2156
f 1152/1953/2157 1151/1954/2158 1146/1955/2159 1148/1956/2160
f 1148/1957/2161 1149/1958/2162 1153/1959/2163 1152/1960/2164
f 1150/1950/2165 1153/1961/2166 1149/1962/2167 1147/1951/2168
f 1152/1963/2169 1153/1964/2170 1145/1965/2171 1144/1966/2172
f 1143/1967/2173 1142/1968/2174 1150/1969/2175 1151/1970/2176
f 1153/1964/2177 1150/1971/2178 1142/1972/2179 1145/1965/2180
f 1151/1973/2181 1152/1974/2182 1144/1975/2183 1143/1976/2184
f 1146/1977/2185 1147/1978/2186 1139/1979/2187 1138/1980/2188
f 1140/1981/2189 1141/1982/2190 1149/1983/2191 1148/1984/2192
f 1147/1978/2193 1149/1985/2194 1141/1986/2195 1139/1979/2196
f 1148/1987/2197 1146/1988/2198 1138/1989/2199 1140/1990/2200
f 1168/1991/2201 1169/1992/2202 1158/1993/2203 1159/1994/2204
f 1160/1995/2205 1161/1996/2206 1166/1997/2207 1167/1998/2208
f 1169/1992/2209 1166/1999/2210 1161/2000/2211 1158/1993/2212
f 1167/2001/2213 1168/2002/2214 1159/2003/2215 1160/2004/2216
f 1162/2005/2217 1163/2006/2218 1157/2007/2219 1156/2008/2220
f 1154/2009/2221 1155/2010/2222 1165/2011/2223 1164/2012/2224
f 1163/2006/2225 1165/2013/2226 1155/2014/2227 1157/2007/2228
f 1164/2015/2229 1162/2016/2230 1156/2017/2231 1154/2018/2232
f 1144/2019/2233 1145/2020/2234 1169/2021/2235 1168/2022/2236
f 1167/2023/2237 1166/2024/2238 1142/2025/2239 1143/2026/2240
f 1145/2020/2241 1142/2027/2242 1166/2028/2243 1169/2021/2244
f 1143/2029/2245 1144/2030/2246 1168/2031/2247 1167/2032/2248
f 1138/2033/2249 1139/2034/2250 1163/2035/2251 1162/2036/2252
f 1164/2037/2253 1165/2038/2254 1141/2039/2255 1140/2040/2256
f 1139/2034/2257 1141/2041/2258 1165/2042/2259 1163/2035/2260
f 1140/2043/2261 1138/2044/2262 1162/2045/2263 1164/2046/2264
f 1172/2047/2265 1173/2048/2266 1170/2049/2267 1171/2050/2268
f 1172/2051/2269 1177/2052/2270 1176/2053/2271 1173/2054/2272
f 1174/2055/2273 1177/2052/2274 1172/2051/2275 1171/2056/2276
f 1180/2057/2277 1179/2058/2278 1178/2059/2279 1181/2060/2280
s 292
f 1188/2061/2281 1189/2062/2282 1190/2063/2283 1191/2064/2284
f 1191/2064/2284 1190/2063/2283 1192/2065/2285 1193/2066/2286
f 1194/2067/2287 1188/2061/2281 1191/2064/2284 1195/2068/2288
f 1195/2068/2288 1191/2064/2284 1193/2066/2286 1196/2069/2289
f 1197/2070/2290 1186/2071/2291 1187/2072/2292 1198/2073/2293
s 293
f 1199/2074/2294 1200/2075/2295 1201/2076/2296
s 292
f 1202/2077/2297 1197/2070/2290 1198/2073/2293 1200/2078/2298
f 1196/2069/2289 1193/2066/2286 1197/2079/2290 1202/2080/2297
f 1203/2081/2299 1188/2061/2281 1194/2067/2287 1201/2082/2300
s 293
f 1202/2083/2301 1199/2074/2294 1196/2084/2302
f 1201/2076/2296 1194/2085/2303 1199/2074/2294
f 1199/2074/2294 1194/2085/2303 1195/2086/2304
s 292
f 1204/2087/2305 1205/2088/2306 1206/2089/2307 1207/2090/2308
f 1207/2090/2308 1206/2089/2307 1208/2091/2309 1209/2092/2310
f 1210/2093/2311 1204/2087/2305 1207/2090/2308 1211/2094/2312
f 1211/2094/2312 1207/2090/2308 1209/2092/2310 1212/2095/2313
f 1213/2096/2314 1183/2097/2315 1184/2098/2316 1214/2099/2317
s 294
f 1215/2100/2318 1216/2101/2319 1217/2102/2320
s 292
f 1218/2103/2321 1213/2096/2314 1214/2099/2317 1216/2104/2322
f 1212/2095/2313 1209/2092/2310 1213/2105/2314 1218/2106/2321
f 1219/2107/2323 1204/2087/2305 1210/2093/2311 1217/2108/2324
s 294
f 1218/2109/2325 1215/2100/2318 1212/2110/2326
f 1217/2102/2320 1210/2111/2327 1215/2100/2318
f 1215/2100/2318 1210/2111/2327 1211/2112/2328
s off
f 1203/2113/2329 1185/2114/2330 1183/2097/2331 1213/2096/2332
f 1188/2115/2333 1203/2113/2334 1213/2096/2335 1209/2116/2336
s 292
f 1208/2091/2309 1189/2062/2282 1188/2061/2281 1209/2092/2310
s off
f 1179/2117/2337 1180/2118/2338 1219/2119/2339 1182/2120/2340
f 1219/2119/2341 1180/2118/2342 1181/2121/2343 1204/2122/2344
s 292
f 1219/2119/2323 1214/2099/2317 1184/2098/2316 1182/2120/2345
f 1217/2123/2324 1216/2104/2322 1214/2099/2317 1219/2119/2323
f 1203/2113/2299 1198/2073/2293 1187/2072/2292 1185/2114/2346
f 1201/2124/2300 1200/2078/2298 1198/2073/2293 1203/2113/2299
s 294
f 1215/2100/2318 1211/2112/2328 1212/2110/2326
f 1215/2100/2318 1218/2109/2325 1216/2101/2319
s 293
f 1199/2074/2294 1195/2086/2304 1196/2084/2302
f 1199/2074/2294 1202/2083/2301 1200/2075/2295
s off
f 1175/2125/2347 1170/2126/2348 1173/2127/2349 1176/2128/2350
f 1178/2129/2351 1205/2130/2352 1204/2131/2353 1181/2132/2354
f 1222/2133/2355 1223/2134/2356 1220/2135/2357 1221/2136/2358
s 302
f 1230/2137/2359 1231/2138/2360 1232/2139/2361 1233/2140/2362
f 1233/2140/2362 1232/2139/2361 1234/2141/2363 1235/2142/2364
s off
f 1222/2143/2365 1236/2144/2366 1235/2145/2367 1223/2146/2368
s 302
f 1237/2147/2369 1230/2137/2359 1233/2140/2362 1238/2148/2370
f 1238/2148/2370 1233/2140/2362 1235/2142/2364 1239/2149/2371
f 1236/2144/2372 1228/2150/2373 1229/2151/2374 1240/2152/2375
s 304
f 1241/2153/2376 1242/2154/2377 1243/2155/2378
s off
f 1228/2150/2379 1236/2144/2380 1222/2143/2381 1221/2156/2382
s 302
f 1244/2157/2383 1236/2144/2372 1240/2152/2375 1242/2158/2384
f 1239/2149/2371 1235/2142/2364 1236/2159/2372 1244/2160/2383
f 1245/2161/2385 1230/2137/2359 1237/2147/2369 1243/2162/2386
s 304
f 1244/2163/2387 1241/2153/2376 1239/2164/2388
f 1243/2155/2378 1237/2165/2389 1241/2153/2376
f 1241/2153/2376 1237/2165/2389 1238/2166/2390
s 302
f 1246/2167/2391 1247/2168/2392 1248/2169/2393 1249/2170/2394
f 1249/2170/2394 1248/2169/2393 1250/2171/2395 1251/2172/2396
f 1252/2173/2397 1246/2167/2391 1249/2170/2394 1253/2174/2398
f 1253/2174/2398 1249/2170/2394 1251/2172/2396 1254/2175/2399
f 1255/2176/2400 1225/2177/2401 1226/2178/2402 1256/2179/2403
s 306
f 1257/2180/2404 1258/2181/2405 1259/2182/2406
s 302
f 1260/2183/2407 1255/2176/2400 1256/2179/2403 1258/2184/2408
f 1254/2175/2399 1251/2172/2396 1255/2185/2400 1260/2186/2407
f 1261/2187/2409 1246/2167/2391 1252/2173/2397 1259/2188/2410
s 306
f 1260/2189/2411 1257/2180/2404 1254/2190/2412
f 1259/2182/2406 1252/2191/2413 1257/2180/2404
f 1257/2180/2404 1252/2191/2413 1253/2192/2414
s off
f 1245/2193/2415 1227/2194/2416 1225/2177/2417 1255/2176/2418
f 1230/2195/2419 1245/2193/2420 1255/2176/2421 1251/2196/2422
s 302
f 1250/2171/2395 1231/2138/2360 1230/2137/2359 1251/2172/2396
f 1261/2197/2409 1256/2179/2403 1226/2178/2402 1224/2198/2423
f 1259/2199/2410 1258/2184/2408 1256/2179/2403 1261/2197/2409
f 1245/2193/2385 1240/2152/2375 1229/2151/2374 1227/2194/2424
f 1243/2200/2386 1242/2158/2384 1240/2152/2375 1245/2193/2385
s 306
f 1257/2180/2404 1253/2192/2414 1254/2190/2412
f 1257/2180/2404 1260/2189/2411 1258/2181/2405
s 304
f 1241/2153/2376 1238/2166/2390 1239/2164/2388
f 1241/2153/2376 1244/2163/2387 1242/2154/2377
s off
f 1264/2201/2425 1263/2202/2426 1262/2203/2427 1265/2204/2428
f 1263/2205/2429 1264/2206/2430 1269/2207/2431 1266/2208/2432
f 1269/2207/2433 1264/2206/2434 1265/2209/2435 1267/2210/2436
f 1234/2211/2437 1220/2212/2438 1223/2213/2439 1235/2214/2440
f 1262/2215/2441 1268/2216/2442 1267/2217/2443 1265/2218/2444
f 1274/2219/2445 1273/2220/2446 1270/2221/2447 1272/2222/2448
f 1275/2223/2449 1274/2224/2450 1272/2225/2451 1271/2226/2452
f 1286/2227/2453 1287/2228/2454 1273/2229/2455 1274/2230/2456
f 1286/2231/2457 1274/2232/2458 1275/2233/2459 1285/2234/2460
f 1277/2235/2461 1280/2236/2462 1281/2237/2463 1278/2238/2464
f 1278/2239/2465 1281/2240/2466 1279/2241/2467 1276/2242/2468
f 1283/2243/2469 1272/2244/2470 1270/2245/2471 1282/2246/2472
f 1283/2247/2473 1284/2248/2474 1271/2249/2475 1272/2250/2476
f 1281/2251/2477 1283/2243/2478 1282/2246/2479 1279/2252/2480
f 1281/2253/2481 1280/2254/2482 1284/2248/2483 1283/2247/2484
f 1278/2255/2485 1286/2231/2486 1285/2234/2487 1277/2256/2488
f 1278/2257/2489 1276/2258/2490 1287/2228/2491 1286/2227/2492
s 326
f 1288/2259/2493 1289/2260/2494 1290/2261/2495 1291/2262/2496
f 1288/2259/2493 1292/2263/2497 1293/2264/2498 1289/2260/2494
f 1292/2263/2497 1294/2265/2499 1295/2266/2500 1293/2264/2498
f 1296/2267/2501 1295/2268/2500 1294/2269/2499 1297/2270/2502
f 1297/2270/2502 1298/2271/2503 1299/2272/2504 1296/2267/2501
f 1298/2271/2503 1291/2262/2496 1290/2261/2495 1299/2272/2504
s 327
f 1300/2273/2505 1301/2274/2506 1302/2275/2507
f 1300/2273/2505 1303/2276/2508 1301/2274/2506
s 328
f 1301/2277/2509 1288/2259/2510 1291/2262/2511 1302/2278/2512
f 1302/2278/2512 1291/2262/2511 1298/2271/2513 1304/2279/2514
f 1305/2280/2515 1304/2279/2514 1298/2271/2513 1297/2270/2516
f 1294/2269/2517 1306/2281/2518 1305/2280/2515 1297/2270/2516
f 1306/2282/2518 1294/2265/2517 1292/2263/2519 1303/2283/2520
f 1301/2277/2509 1303/2283/2520 1292/2263/2519 1288/2259/2510
s 327
f 1305/2284/2521 1300/2273/2505 1304/2285/2522
f 1305/2284/2521 1306/2286/2523 1300/2273/2505
f 1300/2273/2505 1306/2286/2523 1303/2276/2508
f 1304/2285/2522 1300/2273/2505 1302/2275/2507
s 329
f 1307/2287/2524 1289/2288/2525 1293/2289/2526 1308/2290/2527
f 1307/2287/2524 1309/2291/2528 1290/2292/2529 1289/2288/2525
f 1309/2291/2528 1310/2293/2530 1299/2294/2531 1290/2292/2529
f 1296/2295/2532 1299/2296/2531 1310/2297/2530 1311/2298/2533
f 1311/2298/2533 1312/2299/2534 1295/2300/2535 1296/2295/2532
f 1312/2299/2534 1308/2290/2527 1293/2289/2526 1295/2300/2535
s 330
f 1313/2301/2536 1314/2302/2537 1315/2303/2538
f 1313/2301/2536 1316/2304/2539 1314/2302/2537
s 331
f 1314/2305/2540 1307/2287/2541 1308/2290/2542 1315/2306/2543
f 1315/2306/2543 1308/2290/2542 1312/2299/2544 1317/2307/2545
f 1318/2308/2546 1317/2307/2545 1312/2299/2544 1311/2298/2547
f 1310/2297/2548 1319/2309/2549 1318/2308/2546 1311/2298/2547
f 1319/2310/2549 1310/2293/2548 1309/2291/2550 1316/2311/2551
f 1314/2305/2540 1316/2311/2551 1309/2291/2550 1307/2287/2541
s 330
f 1318/2312/2552 1313/2301/2536 1317/2313/2553
f 1318/2312/2552 1319/2314/2554 1313/2301/2536
f 1313/2301/2536 1319/2314/2554 1316/2304/2539
f 1317/2313/2553 1313/2301/2536 1315/2303/2538
s 332
f 1335/2315/2555 1336/2316/2556 1320/2317/2557 1327/2318/2558
s 333
f 1321/2319/2559 1324/2320/2560 1327/2321/2561 1320/2322/2562
s 334
f 1324/2323/2563 1321/2324/2564 1337/2325/2565 1332/2326/2566
s 335
f 1337/2327/2567 1321/2328/2568 1320/2329/2569 1336/2330/2570
s 336
f 1325/2331/2571 1323/2332/2572 1322/2333/2573 1326/2334/2574
s 332
f 1335/2335/2555 1327/2336/2558 1328/2337/2575 1334/2338/2576
s 333
f 1329/2339/2577 1328/2340/2578 1327/2341/2561 1324/2342/2560
s 334
f 1324/2343/2563 1332/2344/2566 1333/2345/2579 1329/2346/2580
s 337
f 1333/2347/2581 1334/2348/2582 1328/2349/2583 1329/2350/2584
s 336
f 1325/2351/2571 1326/2352/2574 1330/2353/2585 1331/2354/2586
s 334
f 1332/2355/2566 1325/2356/2587 1331/2357/2588 1333/2358/2579
s 337
f 1331/2359/2589 1330/2360/2590 1334/2361/2582 1333/2362/2581
s 332
f 1335/2363/2555 1334/2364/2576 1330/2365/2591 1326/2366/2592
f 1336/2367/2556 1335/2368/2555 1326/2369/2592 1322/2370/2593
s 335
f 1323/2371/2594 1337/2372/2567 1336/2373/2570 1322/2374/2595
s 334
f 1332/2375/2566 1337/2376/2565 1323/2377/2596 1325/2378/2587
s off
f 1340/2379/2597 1338/2380/2598 1339/2381/2599 1341/2382/2600
f 1344/2383/2601 1342/2384/2602 1343/2385/2603 1345/2386/2604
f 1345/2386/2605 1339/2387/2606 1338/2388/2607 1344/2383/2608
f 1341/2382/2609 1343/2389/2610 1342/2390/2611 1340/2379/2612
f 1346/2391/2613 1347/2392/2614 1348/2393/2615 1349/2394/2616
f 1350/2395/2617 1346/2396/2618 1349/2397/2619 1351/2398/2620
f 1351/2399/2621 1352/2400/2622 1353/2401/2623 1350/2402/2624
f 1347/2392/2625 1353/2403/2626 1352/2404/2627 1348/2393/2628
f 1359/2405/2629 1358/2406/2630 1355/2407/2631 1354/2408/2632
f 1360/2409/2633 1359/2410/2634 1354/2411/2635 1356/2412/2636
f 1356/2413/2637 1357/2414/2638 1361/2415/2639 1360/2416/2640
f 1358/2406/2641 1361/2417/2642 1357/2418/2643 1355/2407/2644
f 1350/2419/2645 1353/2420/2646 1358/2421/2647 1359/2422/2648
f 1360/2423/2649 1361/2424/2650 1347/2425/2651 1346/2426/2652
f 1353/2420/2653 1347/2427/2654 1361/2428/2655 1358/2421/2656
f 1346/2429/2657 1350/2430/2658 1359/2431/2659 1360/2432/2660
f 1349/2433/2661 1348/2434/2662 1357/2435/2663 1356/2436/2664
f 1354/2437/2665 1355/2438/2666 1352/2439/2667 1351/2440/2668
f 1348/2434/2669 1352/2441/2670 1355/2442/2671 1357/2435/2672
f 1351/2443/2673 1349/2444/2674 1356/2445/2675 1354/2446/2676
s 358
f 1362/2447/2677 1363/2448/2678 1371/2449/2679 1370/2450/2680
s 359
f 1366/2451/2681 1367/2452/2682 1373/2453/2683 1372/2454/2684
s 360
f 1363/2448/2685 1369/2455/2686 1373/2456/2687 1371/2449/2688
s 361
f 1368/2457/2689 1362/2458/2690 1370/2459/2691 1372/2460/2692
s 358
f 1364/2461/2693 1370/2450/2680 1371/2449/2679 1365/2462/2694
s 360
f 1365/2462/2695 1371/2449/2688 1373/2456/2687 1367/2463/2696
s 361
f 1366/2464/2697 1372/2460/2692 1370/2459/2691 1364/2465/2698
s 359
f 1372/2454/2684 1373/2453/2683 1369/2466/2699 1368/2467/2700
s 362
f 1374/2468/2701 1375/2469/2702 1383/2470/2703 1382/2471/2704
s 363
f 1378/2472/2705 1379/2473/2706 1385/2474/2707 1384/2475/2708
s 364
f 1375/2469/2709 1381/2476/2710 1385/2477/2711 1383/2470/2712
s 365
f 1380/2478/2713 1374/2479/2714 1382/2480/2715 1384/2481/2716
s 362
f 1376/2482/2717 1382/2471/2704 1383/2470/2703 1377/2483/2718
s 364
f 1377/2483/2719 1383/2470/2712 1385/2477/2711 1379/2484/2720
s 365
f 1378/2485/2721 1384/2481/2716 1382/2480/2715 1376/2486/2722
s 363
f 1384/2475/2708 1385/2474/2707 1381/2487/2723 1380/2488/2724
s 366
f 1386/2489/2725 1387/2490/2726 1395/2491/2727 1394/2492/2728
s 367
f 1390/2493/2729 1391/2494/2730 1397/2495/2731 1396/2496/2732
s 368
f 1387/2490/2733 1393/2497/2734 1397/2498/2735 1395/2491/2736
s 369
f 1392/2499/2737 1386/2500/2738 1394/2501/2739 1396/2502/2740
s 366
f 1388/2503/2741 1394/2492/2728 1395/2491/2727 1389/2504/2742
s 368
f 1389/2504/2743 1395/2491/2736 1397/2498/2735 1391/2505/2744
s 369
f 1390/2506/2745 1396/2502/2740 1394/2501/2739 1388/2507/2746
s 367
f 1396/2496/2732 1397/2495/2731 1393/2508/2747 1392/2509/2748
s 370
f 1398/2510/2749 1399/2511/2750 1407/2512/2751 1406/2513/2752
s 371
f 1402/2514/2753 1403/2515/2754 1409/2516/2755 1408/2517/2756
s 372
f 1399/2511/2757 1405/2518/2758 1409/2519/2759 1407/2512/2760
s 373
f 1404/2520/2761 1398/2521/2762 1406/2522/2763 1408/2523/2764
s 370
f 1400/2524/2765 1406/2513/2752 1407/2512/2751 1401/2525/2766
s 372
f 1401/2525/2767 1407/2512/2760 1409/2519/2759 1403/2526/2768
s 373
f 1402/2527/2769 1408/2523/2764 1406/2522/2763 1400/2528/2770
s 371
f 1408/2517/2756 1409/2516/2755 1405/2529/2771 1404/2530/2772
s off
f 1410/2531/2773 1411/2532/2774 1414/2533/2775
f 1411/2532/2776 1412/2534/2777 1413/2535/2778 1414/2533/2779
f 1419/2536/2780 1417/2537/2781 1418/2538/2782
f 1416/2539/2783 1412/2540/2784 1411/2541/2785 1418/2542/2786
f 1413/2543/2787 1415/2544/2788 1417/2545/2789 1414/2546/2790
f 1417/2537/2791 1415/2547/2792 1416/2548/2793 1418/2538/2794
f 1421/2549/2795 1423/2550/2796 1426/2551/2797 1425/2552/2798
f 1422/2553/2799 1420/2554/2800 1424/2555/2801 1427/2556/2802
s 380
f 1428/2557/2803 1429/2558/2804 1437/2559/2805 1436/2560/2806
s 381
f 1432/2561/2807 1433/2562/2808 1439/2563/2809 1438/2564/2810
s 382
f 1429/2558/2811 1435/2565/2812 1439/2566/2813 1437/2559/2814
s 383
f 1434/2567/2815 1428/2568/2816 1436/2569/2817 1438/2570/2818
s 380
f 1430/2571/2819 1436/2560/2806 1437/2559/2805 1431/2572/2820
s 382
f 1431/2572/2821 1437/2559/2814 1439/2566/2813 1433/2573/2822
s 383
f 1432/2574/2823 1438/2570/2818 1436/2569/2817 1430/2575/2824
s 381
f 1438/2564/2810 1439/2563/2809 1435/2576/2825 1434/2577/2826
s 384
f 1440/2578/2827 1441/2579/2828 1449/2580/2829 1448/2581/2830
s 385
f 1444/2582/2831 1445/2583/2832 1451/2584/2833 1450/2585/2834
s 386
f 1441/2579/2835 1447/2586/2836 1451/2587/2837 1449/2580/2838
s 387
f 1446/2588/2839 1440/2589/2840 1448/2590/2841 1450/2591/2842
s 384
f 1442/2592/2843 1448/2581/2830 1449/2580/2829 1443/2593/2844
s 386
f 1443/2593/2845 1449/2580/2838 1451/2587/2837 1445/2594/2846
s 387
f 1444/2595/2847 1450/2591/2842 1448/2590/2841 1442/2596/2848
s 385
f 1450/2585/2834 1451/2584/2833 1447/2597/2849 1446/2598/2850
s 388
f 1452/2599/2851 1453/2600/2852 1461/2601/2853 1460/2602/2854
s 389
f 1456/2603/2855 1457/2604/2856 1463/2605/2857 1462/2606/2858
s 390
f 1453/2600/2859 1459/2607/2860 1463/2608/2861 1461/2601/2862
s 391
f 1458/2609/2863 1452/2610/2864 1460/2611/2865 1462/2612/2866
s 388
f 1454/2613/2867 1460/2602/2854 1461/2601/2853 1455/2614/2868
s 390
f 1455/2614/2869 1461/2601/2862 1463/2608/2861 1457/2615/2870
s 391
f 1456/2616/2871 1462/2612/2866 1460/2611/2865 1454/2617/2872
s 389
f 1462/2606/2858 1463/2605/2857 1459/2618/2873 1458/2619/2874
s 392
f 1464/2620/2875 1465/2621/2876 1473/2622/2877 1472/2623/2878
s 393
f 1468/2624/2879 1469/2625/2880 1475/2626/2881 1474/2627/2882
s 394
f 1465/2621/2883 1471/2628/2884 1475/2629/2885 1473/2622/2886
s 395
f 1470/2630/2887 1464/2631/2888 1472/2632/2889 1474/2633/2890
s 392
f 1466/2634/2891 1472/2623/2878 1473/2622/2877 1467/2635/2892
s 394
f 1467/2635/2893 1473/2622/2886 1475/2629/2885 1469/2636/2894
s 395
f 1468/2637/2895 1474/2633/2890 1472/2632/2889 1466/2638/2896
s 393
f 1474/2627/2882 1475/2626/2881 1471/2639/2897 1470/2640/2898
s off
f 1478/2641/2899 1479/2642/2900 1477/2643/2901 1476/2644/2902
f 1482/2645/2903 1483/2646/2904 1481/2647/2905 1480/2648/2906
f 1485/2649/2907 1487/2650/2908 1490/2651/2909 1489/2652/2910
f 1486/2653/2911 1484/2654/2912 1488/2655/2913 1491/2656/2914
f 1494/2657/2915 1495/2658/2916 1493/2659/2917 1492/2660/2918
f 1498/2661/2919 1499/2662/2920 1497/2663/2921 1496/2664/2922
f 1501/2665/2923 1503/2666/2924 1506/2667/2925 1505/2668/2926
f 1508/2669/2927 1506/2670/2928 1507/2671/2929
f 1502/2672/2930 1500/2673/2931 1504/2674/2932 1507/2675/2933
f 1506/2670/2934 1503/2676/2935 1502/2677/2936 1507/2671/2937
s 400
f 1509/2678/2938 1510/2679/2939 1518/2680/2940 1517/2681/2941
s 401
f 1513/2682/2942 1514/2683/2943 1520/2684/2944 1519/2685/2945
s 402
f 1510/2679/2946 1516/2686/2947 1520/2687/2948 1518/2680/2949
s 403
f 1515/2688/2950 1509/2689/2951 1517/2690/2952 1519/2691/2953
s 400
f 1511/2692/2954 1517/2681/2941 1518/2680/2940 1512/2693/2955
s 402
f 1512/2693/2956 1518/2680/2949 1520/2687/2948 1514/2694/2957
s 403
f 1513/2695/2958 1519/2691/2953 1517/2690/2952 1511/2696/2959
s 401
f 1519/2685/2945 1520/2684/2944 1516/2697/2960 1515/2698/2961
s 404
f 1521/2699/2962 1522/2700/2963 1530/2701/2964 1529/2702/2965
s 405
f 1525/2703/2966 1526/2704/2967 1532/2705/2968 1531/2706/2969
s 406
f 1522/2700/2970 1528/2707/2971 1532/2708/2972 1530/2701/2973
s 407
f 1527/2709/2974 1521/2710/2975 1529/2711/2976 1531/2712/2977
s 404
f 1523/2713/2978 1529/2702/2965 1530/2701/2964 1524/2714/2979
s 406
f 1524/2714/2980 1530/2701/2973 1532/2708/2972 1526/2715/2981
s 407
f 1525/2716/2982 1531/2712/2977 1529/2711/2976 1523/2717/2983
s 405
f 1531/2706/2969 1532/2705/2968 1528/2718/2984 1527/2719/2985
s off
f 1535/2720/2986 1536/2721/2987 1534/2722/2988 1533/2723/2989
f 1539/2724/2990 1540/2725/2991 1538/2726/2992 1537/2727/2993
s 408
f 1541/2728/2994 1542/2729/2995 1550/2730/2996 1549/2731/2997
s 409
f 1545/2732/2998 1546/2733/2999 1552/2734/3000 1551/2735/3001
s 410
f 1542/2729/3002 1548/2736/3003 1552/2737/3004 1550/2730/3005
s 411
f 1547/2738/3006 1541/2739/3007 1549/2740/3008 1551/2741/3009
s 408
f 1543/2742/3010 1549/2731/2997 1550/2730/2996 1544/2743/3011
s 410
f 1544/2743/3012 1550/2730/3005 1552/2737/3004 1546/2744/3013
s 411
f 1545/2745/3014 1551/2741/3009 1549/2740/3008 1543/2746/3015
s 409
f 1551/2735/3001 1552/2734/3000 1548/2747/3016 1547/2748/3017
s 412
f 1553/2749/3018 1554/2750/3019 1562/2751/3020 1561/2752/3021
s 413
f 1557/2753/3022 1558/2754/3023 1564/2755/3024 1563/2756/3025
s 414
f 1554/2750/3026 1560/2757/3027 1564/2758/3028 1562/2751/3029
s 415
f 1559/2759/3030 1553/2760/3031 1561/2761/3032 1563/2762/3033
s 412
f 1555/2763/3034 1561/2752/3021 1562/2751/3020 1556/2764/3035
s 414
f 1556/2764/3036 1562/2751/3029 1564/2758/3028 1558/2765/3037
s 415
f 1557/2766/3038 1563/2762/3033 1561/2761/3032 1555/2767/3039
s 413
f 1563/2756/3025 1564/2755/3024 1560/2768/3040 1559/2769/3041
s off
f 1568/2770/3042 1567/2771/3043 1565/2772/3044 1566/2773/3045
f 1570/2774/3046 1571/2775/3047 1690/2776/3048 1569/2777/3049
s 417
f 1585/2778/3050 1586/2779/3051 1587/2780/3052 1588/2781/3053
f 1588/2781/3053 1587/2780/3052 1589/2782/3054 1590/2783/3055
s off
f 1570/2784/3056 1591/2785/3057 1590/2786/3058 1571/2787/3059
s 417
f 1592/2788/3060 1585/2778/3050 1588/2781/3053 1593/2789/3061
f 1593/2789/3061 1588/2781/3053 1590/2783/3055 1594/2790/3062
f 1591/2785/3063 1583/2791/3064 1584/2792/3065 1595/2793/3066
s 419
f 1596/2794/3067 1597/2795/3068 1598/2796/3069
s off
f 1583/2791/3070 1591/2785/3071 1570/2784/3072 1569/2797/3073
s 417
f 1599/2798/3074 1591/2785/3063 1595/2793/3066 1597/2799/3075
f 1594/2790/3062 1590/2783/3055 1591/2800/3063 1599/2801/3074
f 1600/2802/3076 1585/2778/3050 1592/2788/3060 1598/2803/3077
s 419
f 1599/2804/3078 1596/2794/3067 1594/2805/3079
f 1598/2796/3069 1592/2806/3080 1596/2794/3067
f 1596/2794/3067 1592/2806/3080 1593/2807/3081
s 417
f 1601/2808/3082 1602/2809/3083 1603/2810/3084 1604/2811/3085
f 1604/2811/3085 1603/2810/3084 1605/2812/3086 1606/2813/3087
f 1607/2814/3088 1601/2808/3082 1604/2811/3085 1608/2815/3089
f 1608/2815/3089 1604/2811/3085 1606/2813/3087 1609/2816/3090
f 1610/2817/3091 1580/2818/3092 1581/2819/3093 1611/2820/3094
s 421
f 1612/2821/3095 1613/2822/3096 1614/2823/3097
s 417
f 1615/2824/3098 1610/2817/3091 1611/2820/3094 1613/2825/3099
f 1609/2816/3090 1606/2813/3087 1610/2826/3091 1615/2827/3098
f 1616/2828/3100 1601/2808/3082 1607/2814/3088 1614/2829/3101
s 421
f 1615/2830/3102 1612/2821/3095 1609/2831/3103
f 1614/2823/3097 1607/2832/3104 1612/2821/3095
f 1612/2821/3095 1607/2832/3104 1608/2833/3105
s off
f 1600/2834/3106 1582/2835/3107 1580/2818/3108 1610/2817/3109
f 1585/2836/3110 1600/2834/3111 1610/2817/3112 1606/2837/3113
s 417
f 1605/2812/3086 1586/2779/3051 1585/2778/3050 1606/2813/3087
f 1617/2838/3114 1618/2839/3115 1619/2840/3116 1620/2841/3117
f 1620/2841/3117 1619/2840/3116 1621/2842/3118 1622/2843/3119
f 1623/2844/3120 1617/2838/3114 1620/2841/3117 1624/2845/3121
f 1624/2845/3121 1620/2841/3117 1622/2843/3119 1625/2846/3122
f 1626/2847/3123 1577/2848/3124 1578/2849/3125 1627/2850/3126
s 424
f 1628/2851/3127 1629/2852/3128 1630/2853/3129
s 417
f 1631/2854/3130 1626/2847/3123 1627/2850/3126 1629/2855/3131
f 1625/2846/3122 1622/2843/3119 1626/2856/3123 1631/2857/3130
f 1632/2858/3132 1617/2838/3114 1623/2844/3120 1630/2859/3133
s 424
f 1631/2860/3134 1628/2851/3127 1625/2861/3135
f 1630/2853/3129 1623/2862/3136 1628/2851/3127
f 1628/2851/3127 1623/2862/3136 1624/2863/3137
s off
f 1616/2864/3138 1579/2865/3139 1577/2848/3140 1626/2847/3141
f 1601/2866/3142 1616/2864/3143 1626/2847/3144 1622/2867/3145
s 417
f 1621/2842/3118 1602/2809/3083 1601/2808/3082 1622/2843/3119
s off
f 1572/2868/3146 1573/2869/3147 1632/2870/3148 1576/2871/3149
f 1632/2870/3150 1573/2869/3151 1574/2872/3152 1617/2873/3153
s 417
f 1575/2874/3154 1618/2839/3115 1617/2838/3114 1574/2875/3155
f 1632/2870/3132 1627/2850/3126 1578/2849/3125 1576/2871/3156
f 1630/2876/3133 1629/2855/3131 1627/2850/3126 1632/2870/3132
f 1616/2864/3100 1611/2820/3094 1581/2819/3093 1579/2865/3157
f 1614/2877/3101 1613/2825/3099 1611/2820/3094 1616/2864/3100
f 1600/2834/3076 1595/2793/3066 1584/2792/3065 1582/2835/3158
f 1598/2878/3077 1597/2799/3075 1595/2793/3066 1600/2834/3076
s 424
f 1628/2851/3127 1624/2863/3137 1625/2861/3135
f 1628/2851/3127 1631/2860/3134 1629/2852/3128
s 421
f 1612/2821/3095 1608/2833/3105 1609/2831/3103
f 1612/2821/3095 1615/2830/3102 1613/2822/3096
s 419
f 1596/2794/3067 1593/2807/3081 1594/2805/3079
f 1596/2794/3067 1599/2804/3078 1597/2795/3068
s 429
f 1642/2879/3159 1643/2880/3160 1644/2881/3161 1645/2882/3162
f 1645/2882/3162 1644/2881/3161 1646/2883/3163 1647/2884/3164
s off
f 1573/2885/3165 1648/2886/3166 1647/2887/3167 1574/2888/3168
s 429
f 1646/2883/3163 1575/2889/3169 1574/2890/3170 1647/2884/3164
f 1649/2891/3171 1642/2879/3159 1645/2882/3162 1650/2892/3172
f 1650/2892/3172 1645/2882/3162 1647/2884/3164 1651/2893/3173
f 1648/2886/3174 1640/2894/3175 1641/2895/3176 1652/2896/3177
s 431
f 1653/2897/3178 1654/2898/3179 1655/2899/3180
s off
f 1640/2894/3181 1648/2886/3182 1573/2885/3183 1572/2900/3184
s 429
f 1656/2901/3185 1648/2886/3174 1652/2896/3177 1654/2902/3186
f 1651/2893/3173 1647/2884/3164 1648/2903/3174 1656/2904/3185
f 1657/2905/3187 1642/2879/3159 1649/2891/3171 1655/2906/3188
s 431
f 1656/2907/3189 1653/2897/3178 1651/2908/3190
f 1655/2899/3180 1649/2909/3191 1653/2897/3178
f 1653/2897/3178 1649/2909/3191 1650/2910/3192
s 429
f 1658/2911/3193 1659/2912/3194 1660/2913/3195 1661/2914/3196
f 1661/2914/3196 1660/2913/3195 1662/2915/3197 1663/2916/3198
f 1664/2917/3199 1658/2911/3193 1661/2914/3196 1665/2918/3200
f 1665/2918/3200 1661/2914/3196 1663/2916/3198 1666/2919/3201
f 1667/2920/3202 1637/2921/3203 1638/2922/3204 1668/2923/3205
s 433
f 1669/2924/3206 1670/2925/3207 1671/2926/3208
s 429
f 1672/2927/3209 1667/2920/3202 1668/2923/3205 1670/2928/3210
f 1666/2919/3201 1663/2916/3198 1667/2929/3202 1672/2930/3209
f 1673/2931/3211 1658/2911/3193 1664/2917/3199 1671/2932/3212
s 433
f 1672/2933/3213 1669/2924/3206 1666/2934/3214
f 1671/2926/3208 1664/2935/3215 1669/2924/3206
f 1669/2924/3206 1664/2935/3215 1665/2936/3216
s off
f 1657/2937/3217 1639/2938/3218 1637/2921/3219 1667/2920/3220
f 1642/2939/3221 1657/2937/3222 1667/2920/3223 1663/2940/3224
s 429
f 1662/2915/3197 1643/2880/3160 1642/2879/3159 1663/2916/3198
f 1674/2941/3225 1675/2942/3226 1676/2943/3227 1677/2944/3228
f 1677/2944/3228 1676/2943/3227 1678/2945/3229 1679/2946/3230
f 1680/2947/3231 1674/2941/3225 1677/2944/3228 1681/2948/3232
f 1681/2948/3232 1677/2944/3228 1679/2946/3230 1682/2949/3233
f 1683/2950/3234 1634/2951/3235 1635/2952/3236 1684/2953/3237
s 436
f 1685/2954/3238 1686/2955/3239 1687/2956/3240
s 429
f 1688/2957/3241 1683/2950/3234 1684/2953/3237 1686/2958/3242
f 1682/2949/3233 1679/2946/3230 1683/2959/3234 1688/2960/3241
f 1689/2961/3243 1674/2941/3225 1680/2947/3231 1687/2962/3244
s 436
f 1688/2963/3245 1685/2954/3238 1682/2964/3246
f 1687/2956/3240 1680/2965/3247 1685/2954/3238
f 1685/2954/3238 1680/2965/3247 1681/2966/3248
s off
f 1673/2967/3249 1636/2968/3250 1634/2951/3251 1683/2950/3252
f 1658/2969/3253 1673/2967/3254 1683/2950/3255 1679/2970/3256
s 429
f 1678/2945/3229 1659/2912/3194 1658/2911/3193 1679/2946/3230
s off
f 1691/2971/3257 1692/2972/3258 1689/2973/3259 1633/2974/3260
f 1689/2973/3261 1692/2972/3262 1693/2975/3263 1674/2976/3264
s 429
f 1689/2973/3243 1684/2953/3237 1635/2952/3236 1633/2974/3265
f 1687/2977/3244 1686/2958/3242 1684/2953/3237 1689/2973/3243
f 1673/2967/3211 1668/2923/3205 1638/2922/3204 1636/2968/3266
f 1671/2978/3212 1670/2928/3210 1668/2923/3205 1673/2967/3211
f 1657/2937/3187 1652/2896/3177 1641/2895/3176 1639/2938/3267
f 1655/2979/3188 1654/2902/3186 1652/2896/3177 1657/2937/3187
s 436
f 1685/2954/3238 1681/2966/3248 1682/2964/3246
f 1685/2954/3238 1688/2963/3245 1686/2955/3239
s 433
f 1669/2924/3206 1665/2936/3216 1666/2934/3214
f 1669/2924/3206 1672/2933/3213 1670/2925/3207
s 431
f 1653/2897/3178 1650/2910/3192 1651/2908/3190
f 1653/2897/3178 1656/2907/3189 1654/2898/3179
s off
f 1589/2980/3268 1690/2981/3269 1571/2982/3270 1590/2983/3271
f 1694/2984/3272 1675/2985/3273 1674/2986/3274 1693/2987/3275
s 443
f 1708/2988/3276 1709/2989/3277 1710/2990/3278 1711/2991/3279
f 1711/2991/3279 1710/2990/3278 1712/2992/3280 1713/2993/3281
s off
f 1817/2994/3282 1714/2995/3283 1713/2996/3284 1816/2997/3285
s 443
f 1715/2998/3286 1708/2988/3276 1711/2991/3279 1716/2999/3287
f 1716/2999/3287 1711/2991/3279 1713/2993/3281 1717/3000/3288
f 1714/2995/3289 1706/3001/3290 1707/3002/3291 1718/3003/3292
s 445
f 1719/3004/3293 1720/3005/3294 1721/3006/3295
s off
f 1706/3001/3296 1714/2995/3297 1817/2994/3298 1818/3007/3299
s 443
f 1722/3008/3300 1714/2995/3289 1718/3003/3292 1720/3009/3301
f 1717/3000/3288 1713/2993/3281 1714/3010/3289 1722/3011/3300
f 1723/3012/3302 1708/2988/3276 1715/2998/3286 1721/3013/3303
s 445
f 1722/3014/3304 1719/3004/3293 1717/3015/3305
f 1721/3006/3295 1715/3016/3306 1719/3004/3293
f 1719/3004/3293 1715/3016/3306 1716/3017/3307
s 443
f 1724/3018/3308 1725/3019/3309 1726/3020/3310 1727/3021/3311
f 1727/3021/3311 1726/3020/3310 1728/3022/3312 1729/3023/3313
f 1730/3024/3314 1724/3018/3308 1727/3021/3311 1731/3025/3315
f 1731/3025/3315 1727/3021/3311 1729/3023/3313 1732/3026/3316
f 1733/3027/3317 1703/3028/3318 1704/3029/3319 1734/3030/3320
s 447
f 1735/3031/3321 1736/3032/3322 1737/3033/3323
s 443
f 1738/3034/3324 1733/3027/3317 1734/3030/3320 1736/3035/3325
f 1732/3026/3316 1729/3023/3313 1733/3036/3317 1738/3037/3324
f 1739/3038/3326 1724/3018/3308 1730/3024/3314 1737/3039/3327
s 447
f 1738/3040/3328 1735/3031/3321 1732/3041/3329
f 1737/3033/3323 1730/3042/3330 1735/3031/3321
f 1735/3031/3321 1730/3042/3330 1731/3043/3331
s off
f 1723/3044/3332 1705/3045/3333 1703/3028/3334 1733/3027/3335
f 1708/3046/3336 1723/3044/3337 1733/3027/3338 1729/3047/3339
s 443
f 1728/3022/3312 1709/2989/3277 1708/2988/3276 1729/3023/3313
f 1740/3048/3340 1741/3049/3341 1742/3050/3342 1743/3051/3343
f 1743/3051/3343 1742/3050/3342 1744/3052/3344 1745/3053/3345
f 1746/3054/3346 1740/3048/3340 1743/3051/3343 1747/3055/3347
f 1747/3055/3347 1743/3051/3343 1745/3053/3345 1748/3056/3348
f 1749/3057/3349 1700/3058/3350 1701/3059/3351 1750/3060/3352
s 450
f 1751/3061/3353 1752/3062/3354 1753/3063/3355
s 443
f 1754/3064/3356 1749/3057/3349 1750/3060/3352 1752/3065/3357
f 1748/3056/3348 1745/3053/3345 1749/3066/3349 1754/3067/3356
f 1755/3068/3358 1740/3048/3340 1746/3054/3346 1753/3069/3359
s 450
f 1754/3070/3360 1751/3061/3353 1748/3071/3361
f 1753/3063/3355 1746/3072/3362 1751/3061/3353
f 1751/3061/3353 1746/3072/3362 1747/3073/3363
s off
f 1739/3074/3364 1702/3075/3365 1700/3058/3366 1749/3057/3367
f 1724/3076/3368 1739/3074/3369 1749/3057/3370 1745/3077/3371
s 443
f 1744/3052/3344 1725/3019/3309 1724/3018/3308 1745/3053/3345
s off
f 1695/3078/3372 1696/3079/3373 1755/3080/3374 1699/3081/3375
f 1755/3080/3376 1696/3079/3377 1697/3082/3378 1740/3083/3379
s 443
f 1698/3084/3380 1741/3049/3341 1740/3048/3340 1697/3085/3381
f 1755/3080/3358 1750/3060/3352 1701/3059/3351 1699/3081/3382
f 1753/3086/3359 1752/3065/3357 1750/3060/3352 1755/3080/3358
f 1739/3074/3326 1734/3030/3320 1704/3029/3319 1702/3075/3383
f 1737/3087/3327 1736/3035/3325 1734/3030/3320 1739/3074/3326
f 1723/3044/3302 1718/3003/3292 1707/3002/3291 1705/3045/3384
f 1721/3088/3303 1720/3009/3301 1718/3003/3292 1723/3044/3302
s 450
f 1751/3061/3353 1747/3073/3363 1748/3071/3361
f 1751/3061/3353 1754/3070/3360 1752/3062/3354
s 447
f 1735/3031/3321 1731/3043/3331 1732/3041/3329
f 1735/3031/3321 1738/3040/3328 1736/3032/3322
s 445
f 1719/3004/3293 1716/3017/3307 1717/3015/3305
f 1719/3004/3293 1722/3014/3304 1720/3005/3294
s off
f 1757/3089/3385 1756/3090/3386 1819/3091/3387 1758/3092/3388
s 456
f 1768/3093/3389 1769/3094/3390 1770/3095/3391 1771/3096/3392
f 1771/3096/3392 1770/3095/3391 1772/3097/3393 1773/3098/3394
s off
f 1696/3099/3395 1774/3100/3396 1773/3101/3397 1697/3102/3398
s 456
f 1772/3097/3393 1698/3103/3399 1697/3104/3400 1773/3098/3394
f 1775/3105/3401 1768/3093/3389 1771/3096/3392 1776/3106/3402
f 1776/3106/3402 1771/3096/3392 1773/3098/3394 1777/3107/3403
f 1774/3100/3404 1766/3108/3405 1767/3109/3406 1778/3110/3407
s 458
f 1779/3111/3408 1780/3112/3409 1781/3113/3410
s off
f 1766/3108/3411 1774/3100/3412 1696/3099/3413 1695/3114/3414
s 456
f 1782/3115/3415 1774/3100/3404 1778/3110/3407 1780/3116/3416
f 1777/3107/3403 1773/3098/3394 1774/3117/3404 1782/3118/3415
f 1783/3119/3417 1768/3093/3389 1775/3105/3401 1781/3120/3418
s 458
f 1782/3121/3419 1779/3111/3408 1777/3122/3420
f 1781/3113/3410 1775/3123/3421 1779/3111/3408
f 1779/3111/3408 1775/3123/3421 1776/3124/3422
s 456
f 1784/3125/3423 1785/3126/3424 1786/3127/3425 1787/3128/3426
f 1787/3128/3426 1786/3127/3425 1788/3129/3427 1789/3130/3428
f 1790/3131/3429 1784/3125/3423 1787/3128/3426 1791/3132/3430
f 1791/3132/3430 1787/3128/3426 1789/3130/3428 1792/3133/3431
f 1793/3134/3432 1763/3135/3433 1764/3136/3434 1794/3137/3435
s 460
f 1795/3138/3436 1796/3139/3437 1797/3140/3438
s 456
f 1798/3141/3439 1793/3134/3432 1794/3137/3435 1796/3142/3440
f 1792/3133/3431 1789/3130/3428 1793/3143/3432 1798/3144/3439
f 1799/3145/3441 1784/3125/3423 1790/3131/3429 1797/3146/3442
s 460
f 1798/3147/3443 1795/3138/3436 1792/3148/3444
f 1797/3140/3438 1790/3149/3445 1795/3138/3436
f 1795/3138/3436 1790/3149/3445 1791/3150/3446
s off
f 1783/3151/3447 1765/3152/3448 1763/3135/3449 1793/3134/3450
f 1768/3153/3451 1783/3151/3452 1793/3134/3453 1789/3154/3454
s 456
f 1788/3129/3427 1769/3094/3390 1768/3093/3389 1789/3130/3428
f 1800/3155/3455 1801/3156/3456 1802/3157/3457 1803/3158/3458
f 1803/3158/3458 1802/3157/3457 1804/3159/3459 1805/3160/3460
f 1806/3161/3461 1800/3155/3455 1803/3158/3458 1807/3162/3462
f 1807/3162/3462 1803/3158/3458 1805/3160/3460 1808/3163/3463
f 1809/3164/3464 1760/3165/3465 1761/3166/3466 1810/3167/3467
s 463
f 1811/3168/3468 1812/3169/3469 1813/3170/3470
s 456
f 1814/3171/3471 1809/3164/3464 1810/3167/3467 1812/3172/3472
f 1808/3163/3463 1805/3160/3460 1809/3173/3464 1814/3174/3471
f 1815/3175/3473 1800/3155/3455 1806/3161/3461 1813/3176/3474
s 463
f 1814/3177/3475 1811/3168/3468 1808/3178/3476
f 1813/3170/3470 1806/3179/3477 1811/3168/3468
f 1811/3168/3468 1806/3179/3477 1807/3180/3478
s off
f 1799/3181/3479 1762/3182/3480 1760/3165/3481 1809/3164/3482
f 1784/3183/3483 1799/3181/3484 1809/3164/3485 1805/3184/3486
s 456
f 1804/3159/3459 1785/3126/3424 1784/3125/3423 1805/3160/3460
s off
f 1756/3185/3487 1757/3186/3488 1815/3187/3489 1759/3188/3490
f 1815/3187/3491 1757/3186/3492 1758/3189/3493 1800/3190/3494
s 456
f 1815/3187/3473 1810/3167/3467 1761/3166/3466 1759/3188/3495
f 1813/3191/3474 1812/3172/3472 1810/3167/3467 1815/3187/3473
f 1799/3181/3441 1794/3137/3435 1764/3136/3434 1762/3182/3496
f 1797/3192/3442 1796/3142/3440 1794/3137/3435 1799/3181/3441
f 1783/3151/3417 1778/3110/3407 1767/3109/3406 1765/3152/3497
f 1781/3193/3418 1780/3116/3416 1778/3110/3407 1783/3151/3417
s 463
f 1811/3168/3468 1807/3180/3478 1808/3178/3476
f 1811/3168/3468 1814/3177/3475 1812/3169/3469
s 460
f 1795/3138/3436 1791/3150/3446 1792/3148/3444
f 1795/3138/3436 1798/3147/3443 1796/3139/3437
s 458
f 1779/3111/3408 1776/3124/3422 1777/3122/3420
f 1779/3111/3408 1782/3121/3419 1780/3112/3409
s off
f 1712/3194/3498 1820/3195/3499 1816/3196/3500 1713/3197/3501
f 1819/3198/3502 1801/3199/3503 1800/3200/3504 1758/3201/3505
s 470
f 1834/3202/3506 1835/3203/3507 1836/3204/3508 1837/3205/3509
f 1837/3205/3509 1836/3204/3508 1838/3206/3510 1839/3207/3511
s off
f 1692/3208/3512 1840/3209/3513 1839/3210/3514 1693/3211/3515
s 470
f 1841/3212/3516 1834/3202/3506 1837/3205/3509 1842/3213/3517
f 1842/3213/3517 1837/3205/3509 1839/3207/3511 1843/3214/3518
f 1840/3209/3519 1832/3215/3520 1833/3216/3521 1844/3217/3522
s 472
f 1845/3218/3523 1846/3219/3524 1847/3220/3525
s off
f 1832/3215/3526 1840/3209/3527 1692/3208/3528 1691/3221/3529
s 470
f 1848/3222/3530 1840/3209/3519 1844/3217/3522 1846/3223/3531
f 1843/3214/3518 1839/3207/3511 1840/3224/3519 1848/3225/3530
f 1849/3226/3532 1834/3202/3506 1841/3212/3516 1847/3227/3533
s 472
f 1848/3228/3534 1845/3218/3523 1843/3229/3535
f 1847/3220/3525 1841/3230/3536 1845/3218/3523
f 1845/3218/3523 1841/3230/3536 1842/3231/3537
s 470
f 1850/3232/3538 1851/3233/3539 1852/3234/3540 1853/3235/3541
f 1853/3235/3541 1852/3234/3540 1854/3236/3542 1855/3237/3543
f 1856/3238/3544 1850/3232/3538 1853/3235/3541 1857/3239/3545
f 1857/3239/3545 1853/3235/3541 1855/3237/3543 1858/3240/3546
f 1859/3241/3547 1829/3242/3548 1830/3243/3549 1860/3244/3550
s 474
f 1861/3245/3551 1862/3246/3552 1863/3247/3553
s 470
f 1864/3248/3554 1859/3241/3547 1860/3244/3550 1862/3249/3555
f 1858/3240/3546 1855/3237/3543 1859/3250/3547 1864/3251/3554
f 1865/3252/3556 1850/3232/3538 1856/3238/3544 1863/3253/3557
s 474
f 1864/3254/3558 1861/3245/3551 1858/3255/3559
f 1863/3247/3553 1856/3256/3560 1861/3245/3551
f 1861/3245/3551 1856/3256/3560 1857/3257/3561
s off
f 1849/3258/3562 1831/3259/3563 1829/3242/3564 1859/3241/3565
f 1834/3260/3566 1849/3258/3567 1859/3241/3568 1855/3261/3569
s 470
f 1854/3236/3542 1835/3203/3507 1834/3202/3506 1855/3237/3543
f 1866/3262/3570 1867/3263/3571 1868/3264/3572 1869/3265/3573
f 1869/3265/3573 1868/3264/3572 1870/3266/3574 1871/3267/3575
f 1872/3268/3576 1866/3262/3570 1869/3265/3573 1873/3269/3577
f 1873/3269/3577 1869/3265/3573 1871/3267/3575 1874/3270/3578
f 1875/3271/3579 1826/3272/3580 1827/3273/3581 1876/3274/3582
s 477
f 1877/3275/3583 1878/3276/3584 1879/3277/3585
s 470
f 1880/3278/3586 1875/3271/3579 1876/3274/3582 1878/3279/3587
f 1874/3270/3578 1871/3267/3575 1875/3280/3579 1880/3281/3586
f 1881/3282/3588 1866/3262/3570 1872/3268/3576 1879/3283/3589
s 477
f 1880/3284/3590 1877/3275/3583 1874/3285/3591
f 1879/3277/3585 1872/3286/3592 1877/3275/3583
f 1877/3275/3583 1872/3286/3592 1873/3287/3593
s off
f 1865/3288/3594 1828/3289/3595 1826/3272/3596 1875/3271/3597
f 1850/3290/3598 1865/3288/3599 1875/3271/3600 1871/3291/3601
s 470
f 1870/3266/3574 1851/3233/3539 1850/3232/3538 1871/3267/3575
s off
f 1821/3292/3602 1822/3293/3603 1881/3294/3604 1825/3295/3605
f 1881/3294/3606 1822/3293/3607 1823/3296/3608 1866/3297/3609
s 470
f 1824/3298/3610 1867/3263/3571 1866/3262/3570 1823/3299/3611
f 1881/3294/3588 1876/3274/3582 1827/3273/3581 1825/3295/3612
f 1879/3300/3589 1878/3279/3587 1876/3274/3582 1881/3294/3588
f 1865/3288/3556 1860/3244/3550 1830/3243/3549 1828/3289/3613
f 1863/3301/3557 1862/3249/3555 1860/3244/3550 1865/3288/3556
f 1849/3258/3532 1844/3217/3522 1833/3216/3521 1831/3259/3614
f 1847/3302/3533 1846/3223/3531 1844/3217/3522 1849/3258/3532
s 477
f 1877/3275/3583 1873/3287/3593 1874/3285/3591
f 1877/3275/3583 1880/3284/3590 1878/3276/3584
s 474
f 1861/3245/3551 1857/3257/3561 1858/3255/3559
f 1861/3245/3551 1864/3254/3558 1862/3246/3552
s 472
f 1845/3218/3523 1842/3231/3537 1843/3229/3535
f 1845/3218/3523 1848/3228/3534 1846/3219/3524
s 482
f 1895/3303/3615 1896/3304/3616 1897/3305/3617 1898/3306/3618
f 1898/3306/3618 1897/3305/3617 1899/3307/3619 1900/3308/3620
s off
f 1822/3309/3621 1901/3310/3622 1900/3311/3623 1823/3312/3624
s 482
f 1899/3307/3619 1824/3313/3625 1823/3314/3626 1900/3308/3620
f 1902/3315/3627 1895/3303/3615 1898/3306/3618 1903/3316/3628
f 1903/3316/3628 1898/3306/3618 1900/3308/3620 1904/3317/3629
f 1901/3310/3630 1893/3318/3631 1894/3319/3632 1905/3320/3633
s 484
f 1906/3321/3634 1907/3322/3635 1908/3323/3636
s off
f 1893/3318/3637 1901/3310/3638 1822/3309/3639 1821/3324/3640
s 482
f 1909/3325/3641 1901/3310/3630 1905/3320/3633 1907/3326/3642
f 1904/3317/3629 1900/3308/3620 1901/3327/3630 1909/3328/3641
f 1910/3329/3643 1895/3303/3615 1902/3315/3627 1908/3330/3644
s 484
f 1909/3331/3645 1906/3321/3634 1904/3332/3646
f 1908/3323/3636 1902/3333/3647 1906/3321/3634
f 1906/3321/3634 1902/3333/3647 1903/3334/3648
s 482
f 1911/3335/3649 1912/3336/3650 1913/3337/3651 1914/3338/3652
f 1914/3338/3652 1913/3337/3651 1915/3339/3653 1916/3340/3654
f 1917/3341/3655 1911/3335/3649 1914/3338/3652 1918/3342/3656
f 1918/3342/3656 1914/3338/3652 1916/3340/3654 1919/3343/3657
f 1920/3344/3658 1890/3345/3659 1891/3346/3660 1921/3347/3661
s 486
f 1922/3348/3662 1923/3349/3663 1924/3350/3664
s 482
f 1925/3351/3665 1920/3344/3658 1921/3347/3661 1923/3352/3666
f 1919/3343/3657 1916/3340/3654 1920/3353/3658 1925/3354/3665
f 1926/3355/3667 1911/3335/3649 1917/3341/3655 1924/3356/3668
s 486
f 1925/3357/3669 1922/3348/3662 1919/3358/3670
f 1924/3350/3664 1917/3359/3671 1922/3348/3662
f 1922/3348/3662 1917/3359/3671 1918/3360/3672
s off
f 1910/3361/3673 1892/3362/3674 1890/3345/3675 1920/3344/3676
f 1895/3363/3677 1910/3361/3678 1920/3344/3679 1916/3364/3680
s 482
f 1915/3339/3653 1896/3304/3616 1895/3303/3615 1916/3340/3654
f 1927/3365/3681 1928/3366/3682 1929/3367/3683 1930/3368/3684
f 1930/3368/3684 1929/3367/3683 1931/3369/3685 1932/3370/3686
f 1933/3371/3687 1927/3365/3681 1930/3368/3684 1934/3372/3688
f 1934/3372/3688 1930/3368/3684 1932/3370/3686 1935/3373/3689
f 1936/3374/3690 1887/3375/3691 1888/3376/3692 1937/3377/3693
s 489
f 1938/3378/3694 1939/3379/3695 1940/3380/3696
s 482
f 1941/3381/3697 1936/3374/3690 1937/3377/3693 1939/3382/3698
f 1935/3373/3689 1932/3370/3686 1936/3383/3690 1941/3384/3697
f 1942/3385/3699 1927/3365/3681 1933/3371/3687 1940/3386/3700
s 489
f 1941/3387/3701 1938/3378/3694 1935/3388/3702
f 1940/3380/3696 1933/3389/3703 1938/3378/3694
f 1938/3378/3694 1933/3389/3703 1934/3390/3704
s off
f 1926/3391/3705 1889/3392/3706 1887/3375/3707 1936/3374/3708
f 1911/3393/3709 1926/3391/3710 1936/3374/3711 1932/3394/3712
s 482
f 1931/3369/3685 1912/3336/3650 1911/3335/3649 1932/3370/3686
s off
f 1883/3395/3713 1884/3396/3714 1942/3397/3715 1886/3398/3716
f 1942/3397/3717 1884/3396/3718 1885/3399/3719 1927/3400/3720
s 482
f 1942/3397/3699 1937/3377/3693 1888/3376/3692 1886/3398/3721
f 1940/3401/3700 1939/3382/3698 1937/3377/3693 1942/3397/3699
f 1926/3391/3667 1921/3347/3661 1891/3346/3660 1889/3392/3722
f 1924/3402/3668 1923/3352/3666 1921/3347/3661 1926/3391/3667
f 1910/3361/3643 1905/3320/3633 1894/3319/3632 1892/3362/3723
f 1908/3403/3644 1907/3326/3642 1905/3320/3633 1910/3361/3643
s 489
f 1938/3378/3694 1934/3390/3704 1935/3388/3702
f 1938/3378/3694 1941/3387/3701 1939/3379/3695
s 486
f 1922/3348/3662 1918/3360/3672 1919/3358/3670
f 1922/3348/3662 1925/3357/3669 1923/3349/3663
s 484
f 1906/3321/3634 1903/3334/3648 1904/3332/3646
f 1906/3321/3634 1909/3331/3645 1907/3322/3635
s off
f 1838/3404/3724 1694/3405/3725 1693/3406/3726 1839/3407/3727
f 1882/3408/3728 1928/3409/3729 1927/3410/3730 1885/3411/3731
s 496
f 1960/3412/3732 1961/3413/3733 1962/3414/3734 1963/3415/3735
f 1963/3415/3735 1962/3414/3734 1964/3416/3736 1965/3417/3737
s off
f 1945/3418/3738 1966/3419/3739 1965/3420/3740 1946/3421/3741
s 496
f 1967/3422/3742 1960/3412/3732 1963/3415/3735 1968/3423/3743
f 1968/3423/3743 1963/3415/3735 1965/3417/3737 1969/3424/3744
f 1966/3419/3745 1958/3425/3746 1959/3426/3747 1970/3427/3748
s 498
f 1971/3428/3749 1972/3429/3750 1973/3430/3751
s off
f 1958/3425/3752 1966/3419/3753 1945/3418/3754 1944/3431/3755
s 496
f 1974/3432/3756 1966/3419/3745 1970/3427/3748 1972/3433/3757
f 1969/3424/3744 1965/3417/3737 1966/3434/3745 1974/3435/3756
f 1975/3436/3758 1960/3412/3732 1967/3422/3742 1973/3437/3759
s 498
f 1974/3438/3760 1971/3428/3749 1969/3439/3761
f 1973/3430/3751 1967/3440/3762 1971/3428/3749
f 1971/3428/3749 1967/3440/3762 1968/3441/3763
s 496
f 1976/3442/3764 1977/3443/3765 1978/3444/3766 1979/3445/3767
f 1979/3445/3767 1978/3444/3766 1980/3446/3768 1981/3447/3769
f 1982/3448/3770 1976/3442/3764 1979/3445/3767 1983/3449/3771
f 1983/3449/3771 1979/3445/3767 1981/3447/3769 1984/3450/3772
f 1985/3451/3773 1955/3452/3774 1956/3453/3775 1986/3454/3776
s 500
f 1987/3455/3777 1988/3456/3778 1989/3457/3779
s 496
f 1990/3458/3780 1985/3451/3773 1986/3454/3776 1988/3459/3781
f 1984/3450/3772 1981/3447/3769 1985/3460/3773 1990/3461/3780
f 1991/3462/3782 1976/3442/3764 1982/3448/3770 1989/3463/3783
s 500
f 1990/3464/3784 1987/3455/3777 1984/3465/3785
f 1989/3457/3779 1982/3466/3786 1987/3455/3777
f 1987/3455/3777 1982/3466/3786 1983/3467/3787
s off
f 1975/3468/3788 1957/3469/3789 1955/3452/3790 1985/3451/3791
f 1960/3470/3792 1975/3468/3793 1985/3451/3794 1981/3471/3795
s 496
f 1980/3446/3768 1961/3413/3733 1960/3412/3732 1981/3447/3769
f 1992/3472/3796 1993/3473/3797 1994/3474/3798 1995/3475/3799
f 1995/3475/3799 1994/3474/3798 1996/3476/3800 1997/3477/3801
f 1998/3478/3802 1992/3472/3796 1995/3475/3799 1999/3479/3803
f 1999/3479/3803 1995/3475/3799 1997/3477/3801 2000/3480/3804
f 2001/3481/3805 1952/3482/3806 1953/3483/3807 2002/3484/3808
s 503
f 2003/3485/3809 2004/3486/3810 2005/3487/3811
s 496
f 2006/3488/3812 2001/3481/3805 2002/3484/3808 2004/3489/3813
f 2000/3480/3804 1997/3477/3801 2001/3490/3805 2006/3491/3812
f 2007/3492/3814 1992/3472/3796 1998/3478/3802 2005/3493/3815
s 503
f 2006/3494/3816 2003/3485/3809 2000/3495/3817
f 2005/3487/3811 1998/3496/3818 2003/3485/3809
f 2003/3485/3809 1998/3496/3818 1999/3497/3819
s off
f 1991/3498/3820 1954/3499/3821 1952/3482/3822 2001/3481/3823
f 1976/3500/3824 1991/3498/3825 2001/3481/3826 1997/3501/3827
s 496
f 1996/3476/3800 1977/3443/3765 1976/3442/3764 1997/3477/3801
s off
f 1947/3502/3828 1948/3503/3829 2007/3504/3830 1951/3505/3831
f 2007/3504/3832 1948/3503/3833 1949/3506/3834 1992/3507/3835
s 496
f 1950/3508/3836 1993/3473/3797 1992/3472/3796 1949/3509/3837
f 2007/3504/3814 2002/3484/3808 1953/3483/3807 1951/3505/3838
f 2005/3510/3815 2004/3489/3813 2002/3484/3808 2007/3504/3814
f 1991/3498/3782 1986/3454/3776 1956/3453/3775 1954/3499/3839
f 1989/3511/3783 1988/3459/3781 1986/3454/3776 1991/3498/3782
f 1975/3468/3758 1970/3427/3748 1959/3426/3747 1957/3469/3840
f 1973/3512/3759 1972/3433/3757 1970/3427/3748 1975/3468/3758
s 503
f 2003/3485/3809 1999/3497/3819 2000/3495/3817
f 2003/3485/3809 2006/3494/3816 2004/3486/3810
s 500
f 1987/3455/3777 1983/3467/3787 1984/3465/3785
f 1987/3455/3777 1990/3464/3784 1988/3456/3778
s 498
f 1971/3428/3749 1968/3441/3763 1969/3439/3761
f 1971/3428/3749 1974/3438/3760 1972/3429/3750
s 508
f 2017/3513/3841 2018/3514/3842 2019/3515/3843 2020/3516/3844
f 2020/3516/3844 2019/3515/3843 2021/3517/3845 2022/3518/3846
s off
f 1948/3519/3847 2023/3520/3848 2022/3521/3849 1949/3522/3850
s 508
f 2021/3517/3845 1950/3523/3851 1949/3524/3852 2022/3518/3846
f 2024/3525/3853 2017/3513/3841 2020/3516/3844 2025/3526/3854
f 2025/3526/3854 2020/3516/3844 2022/3518/3846 2026/3527/3855
f 2023/3520/3856 2015/3528/3857 2016/3529/3858 2027/3530/3859
s 510
f 2028/3531/3860 2029/3532/3861 2030/3533/3862
s off
f 2015/3528/3863 2023/3520/3864 1948/3519/3865 1947/3534/3866
s 508
f 2031/3535/3867 2023/3520/3856 2027/3530/3859 2029/3536/3868
f 2026/3527/3855 2022/3518/3846 2023/3537/3856 2031/3538/3867
f 2032/3539/3869 2017/3513/3841 2024/3525/3853 2030/3540/3870
s 510
f 2031/3541/3871 2028/3531/3860 2026/3542/3872
f 2030/3533/3862 2024/3543/3873 2028/3531/3860
f 2028/3531/3860 2024/3543/3873 2025/3544/3874
s 508
f 2033/3545/3875 2034/3546/3876 2035/3547/3877 2036/3548/3878
f 2036/3548/3878 2035/3547/3877 2037/3549/3879 2038/3550/3880
f 2039/3551/3881 2033/3545/3875 2036/3548/3878 2040/3552/3882
f 2040/3552/3882 2036/3548/3878 2038/3550/3880 2041/3553/3883
f 2042/3554/3884 2012/3555/3885 2013/3556/3886 2043/3557/3887
s 512
f 2044/3558/3888 2045/3559/3889 2046/3560/3890
s 508
f 2047/3561/3891 2042/3554/3884 2043/3557/3887 2045/3562/3892
f 2041/3553/3883 2038/3550/3880 2042/3563/3884 2047/3564/3891
f 2048/3565/3893 2033/3545/3875 2039/3551/3881 2046/3566/3894
s 512
f 2047/3567/3895 2044/3558/3888 2041/3568/3896
f 2046/3560/3890 2039/3569/3897 2044/3558/3888
f 2044/3558/3888 2039/3569/3897 2040/3570/3898
s off
f 2032/3571/3899 2014/3572/3900 2012/3555/3901 2042/3554/3902
f 2017/3573/3903 2032/3571/3904 2042/3554/3905 2038/3574/3906
s 508
f 2037/3549/3879 2018/3514/3842 2017/3513/3841 2038/3550/3880
f 2049/3575/3907 2050/3576/3908 2051/3577/3909 2052/3578/3910
f 2052/3578/3910 2051/3577/3909 2053/3579/3911 2054/3580/3912
f 2055/3581/3913 2049/3575/3907 2052/3578/3910 2056/3582/3914
f 2056/3582/3914 2052/3578/3910 2054/3580/3912 2057/3583/3915
f 2058/3584/3916 2009/3585/3917 2010/3586/3918 2059/3587/3919
s 515
f 2060/3588/3920 2061/3589/3921 2062/3590/3922
s 508
f 2063/3591/3923 2058/3584/3916 2059/3587/3919 2061/3592/3924
f 2057/3583/3915 2054/3580/3912 2058/3593/3916 2063/3594/3923
f 2064/3595/3925 2049/3575/3907 2055/3581/3913 2062/3596/3926
s 515
f 2063/3597/3927 2060/3588/3920 2057/3598/3928
f 2062/3590/3922 2055/3599/3929 2060/3588/3920
f 2060/3588/3920 2055/3599/3929 2056/3600/3930
s off
f 2048/3601/3931 2011/3602/3932 2009/3585/3933 2058/3584/3934
f 2033/3603/3935 2048/3601/3936 2058/3584/3937 2054/3604/3938
s 508
f 2053/3579/3911 2034/3546/3876 2033/3545/3875 2054/3580/3912
s off
f 1818/3605/3939 1817/3606/3940 2064/3607/3941 2008/3608/3942
f 2064/3607/3943 1817/3606/3944 1816/3609/3945 2049/3610/3946
s 508
f 2064/3607/3925 2059/3587/3919 2010/3586/3918 2008/3608/3947
f 2062/3611/3926 2061/3592/3924 2059/3587/3919 2064/3607/3925
f 2048/3601/3893 2043/3557/3887 2013/3556/3886 2011/3602/3948
f 2046/3612/3894 2045/3562/3892 2043/3557/3887 2048/3601/3893
f 2032/3571/3869 2027/3530/3859 2016/3529/3858 2014/3572/3949
f 2030/3613/3870 2029/3536/3868 2027/3530/3859 2032/3571/3869
s 515
f 2060/3588/3920 2056/3600/3930 2057/3598/3928
f 2060/3588/3920 2063/3597/3927 2061/3589/3921
s 512
f 2044/3558/3888 2040/3570/3898 2041/3568/3896
f 2044/3558/3888 2047/3567/3895 2045/3559/3889
s 510
f 2028/3531/3860 2025/3544/3874 2026/3542/3872
f 2028/3531/3860 2031/3541/3871 2029/3532/3861
s off
f 1964/3614/3950 1943/3615/3951 1946/3616/3952 1965/3617/3953
f 1820/3618/3954 2050/3619/3955 2049/3620/3956 1816/3621/3957
s 522
f 2078/3622/3958 2079/3623/3959 2080/3624/3960 2081/3625/3961
f 2081/3625/3961 2080/3624/3960 2082/3626/3962 2083/3627/3963
s off
f 1884/3628/3964 2084/3629/3965 2083/3630/3966 1885/3631/3967
s 522
f 2085/3632/3968 2078/3622/3958 2081/3625/3961 2086/3633/3969
f 2086/3633/3969 2081/3625/3961 2083/3627/3963 2087/3634/3970
f 2084/3629/3971 2076/3635/3972 2077/3636/3973 2088/3637/3974
s 524
f 2089/3638/3975 2090/3639/3976 2091/3640/3977
s off
f 2076/3635/3978 2084/3629/3979 1884/3628/3980 1883/3641/3981
s 522
f 2092/3642/3982 2084/3629/3971 2088/3637/3974 2090/3643/3983
f 2087/3634/3970 2083/3627/3963 2084/3644/3971 2092/3645/3982
f 2093/3646/3984 2078/3622/3958 2085/3632/3968 2091/3647/3985
s 524
f 2092/3648/3986 2089/3638/3975 2087/3649/3987
f 2091/3640/3977 2085/3650/3988 2089/3638/3975
f 2089/3638/3975 2085/3650/3988 2086/3651/3989
s 522
f 2094/3652/3990 2095/3653/3991 2096/3654/3992 2097/3655/3993
f 2097/3655/3993 2096/3654/3992 2098/3656/3994 2099/3657/3995
f 2100/3658/3996 2094/3652/3990 2097/3655/3993 2101/3659/3997
f 2101/3659/3997 2097/3655/3993 2099/3657/3995 2102/3660/3998
f 2103/3661/3999 2073/3662/4000 2074/3663/4001 2104/3664/4002
s 526
f 2105/3665/4003 2106/3666/4004 2107/3667/4005
s 522
f 2108/3668/4006 2103/3661/3999 2104/3664/4002 2106/3669/4007
f 2102/3660/3998 2099/3657/3995 2103/3670/3999 2108/3671/4006
f 2109/3672/4008 2094/3652/3990 2100/3658/3996 2107/3673/4009
s 526
f 2108/3674/4010 2105/3665/4003 2102/3675/4011
f 2107/3667/4005 2100/3676/4012 2105/3665/4003
f 2105/3665/4003 2100/3676/4012 2101/3677/4013
s off
f 2093/3678/4014 2075/3679/4015 2073/3662/4016 2103/3661/4017
f 2078/3680/4018 2093/3678/4019 2103/3661/4020 2099/3681/4021
s 522
f 2098/3656/3994 2079/3623/3959 2078/3622/3958 2099/3657/3995
f 2110/3682/4022 2111/3683/4023 2112/3684/4024 2113/3685/4025
f 2113/3685/4025 2112/3684/4024 2114/3686/4026 2115/3687/4027
f 2116/3688/4028 2110/3682/4022 2113/3685/4025 2117/3689/4029
f 2117/3689/4029 2113/3685/4025 2115/3687/4027 2118/3690/4030
f 2119/3691/4031 2070/3692/4032 2071/3693/4033 2120/3694/4034
s 529
f 2121/3695/4035 2122/3696/4036 2123/3697/4037
s 522
f 2124/3698/4038 2119/3691/4031 2120/3694/4034 2122/3699/4039
f 2118/3690/4030 2115/3687/4027 2119/3700/4031 2124/3701/4038
f 2125/3702/4040 2110/3682/4022 2116/3688/4028 2123/3703/4041
s 529
f 2124/3704/4042 2121/3695/4035 2118/3705/4043
f 2123/3697/4037 2116/3706/4044 2121/3695/4035
f 2121/3695/4035 2116/3706/4044 2117/3707/4045
s off
f 2109/3708/4046 2072/3709/4047 2070/3692/4048 2119/3691/4049
f 2094/3710/4050 2109/3708/4051 2119/3691/4052 2115/3711/4053
s 522
f 2114/3686/4026 2095/3653/3991 2094/3652/3990 2115/3687/4027
s off
f 2065/3712/4054 2066/3713/4055 2125/3714/4056 2069/3715/4057
f 2125/3714/4058 2066/3713/4059 2067/3716/4060 2110/3717/4061
s 522
f 2068/3718/4062 2111/3683/4023 2110/3682/4022 2067/3719/4063
f 2125/3714/4040 2120/3694/4034 2071/3693/4033 2069/3715/4064
f 2123/3720/4041 2122/3699/4039 2120/3694/4034 2125/3714/4040
f 2109/3708/4008 2104/3664/4002 2074/3663/4001 2072/3709/4065
f 2107/3721/4009 2106/3669/4007 2104/3664/4002 2109/3708/4008
f 2093/3678/3984 2088/3637/3974 2077/3636/3973 2075/3679/4066
f 2091/3722/3985 2090/3643/3983 2088/3637/3974 2093/3678/3984
s 529
f 2121/3695/4035 2117/3707/4045 2118/3705/4043
f 2121/3695/4035 2124/3704/4042 2122/3696/4036
s 526
f 2105/3665/4003 2101/3677/4013 2102/3675/4011
f 2105/3665/4003 2108/3674/4010 2106/3666/4004
s 524
f 2089/3638/3975 2086/3651/3989 2087/3649/3987
f 2089/3638/3975 2092/3648/3986 2090/3639/3976
s 534
f 2133/3723/4067 2134/3724/4068 2135/3725/4069 2136/3726/4070
f 2136/3726/4070 2135/3725/4069 2137/3727/4071 2138/3728/4072
s off
f 2066/3729/4073 2139/3730/4074 2138/3731/4075 2067/3732/4076
s 534
f 2137/3727/4071 2068/3733/4077 2067/3734/4078 2138/3728/4072
f 2140/3735/4079 2133/3723/4067 2136/3726/4070 2141/3736/4080
f 2141/3736/4080 2136/3726/4070 2138/3728/4072 2142/3737/4081
f 2139/3730/4082 2131/3738/4083 2132/3739/4084 2143/3740/4085
s 536
f 2144/3741/4086 2145/3742/4087 2146/3743/4088
s off
f 2131/3738/4089 2139/3730/4090 2066/3729/4091 2065/3744/4092
s 534
f 2147/3745/4093 2139/3730/4082 2143/3740/4085 2145/3746/4094
f 2142/3737/4081 2138/3728/4072 2139/3747/4082 2147/3748/4093
f 2148/3749/4095 2133/3723/4067 2140/3735/4079 2146/3750/4096
s 536
f 2147/3751/4097 2144/3741/4086 2142/3752/4098
f 2146/3743/4088 2140/3753/4099 2144/3741/4086
f 2144/3741/4086 2140/3753/4099 2141/3754/4100
s 534
f 2149/3755/4101 2150/3756/4102 2151/3757/4103 2152/3758/4104
f 2152/3758/4104 2151/3757/4103 2153/3759/4105 2154/3760/4106
f 2155/3761/4107 2149/3755/4101 2152/3758/4104 2156/3762/4108
f 2156/3762/4108 2152/3758/4104 2154/3760/4106 2157/3763/4109
f 2158/3764/4110 2128/3765/4111 2129/3766/4112 2159/3767/4113
s 538
f 2160/3768/4114 2161/3769/4115 2162/3770/4116
s 534
f 2163/3771/4117 2158/3764/4110 2159/3767/4113 2161/3772/4118
f 2157/3763/4109 2154/3760/4106 2158/3773/4110 2163/3774/4117
f 2164/3775/4119 2149/3755/4101 2155/3761/4107 2162/3776/4120
s 538
f 2163/3777/4121 2160/3768/4114 2157/3778/4122
f 2162/3770/4116 2155/3779/4123 2160/3768/4114
f 2160/3768/4114 2155/3779/4123 2156/3780/4124
s off
f 2148/3781/4125 2130/3782/4126 2128/3765/4127 2158/3764/4128
f 2133/3783/4129 2148/3781/4130 2158/3764/4131 2154/3784/4132
s 534
f 2153/3759/4105 2134/3724/4068 2133/3723/4067 2154/3760/4106
s off
f 2164/3785/4133 2127/3786/4134 2126/3787/4135 2167/3788/4136
f 2149/3789/4137 2164/3785/4138 2167/3788/4139 2166/3790/4140
s 534
f 2165/3791/4141 2150/3756/4102 2149/3755/4101 2166/3792/4142
f 2164/3785/4119 2159/3767/4113 2129/3766/4112 2127/3786/4143
f 2162/3793/4120 2161/3772/4118 2159/3767/4113 2164/3785/4119
f 2148/3781/4095 2143/3740/4085 2132/3739/4084 2130/3782/4144
f 2146/3794/4096 2145/3746/4094 2143/3740/4085 2148/3781/4095
s 538
f 2160/3768/4114 2156/3780/4124 2157/3778/4122
f 2160/3768/4114 2163/3777/4121 2161/3769/4115
s 536
f 2144/3741/4086 2141/3754/4100 2142/3752/4098
f 2144/3741/4086 2147/3751/4097 2145/3742/4087
s off
f 2082/3795/4145 1882/3796/4146 1885/3797/4147 2083/3798/4148
s 544
f 2182/3799/4149 2183/3800/4150 2184/3801/4151 2185/3802/4152
f 2185/3802/4152 2184/3801/4151 2186/3803/4153 2187/3804/4154
f 2188/3805/4155 2182/3799/4149 2185/3802/4152 2189/3806/4156
f 2189/3806/4156 2185/3802/4152 2187/3804/4154 2190/3807/4157
f 2191/3808/4158 2176/3809/4159 2177/3810/4160 2192/3811/4161
s 545
f 2193/3812/4162 2194/3813/4163 2195/3814/4164
s 544
f 2196/3815/4165 2191/3808/4158 2192/3811/4161 2194/3816/4166
f 2190/3807/4157 2187/3804/4154 2191/3817/4158 2196/3818/4165
f 2197/3819/4167 2182/3799/4149 2188/3805/4155 2195/3820/4168
s 545
f 2196/3821/4169 2193/3812/4162 2190/3822/4170
f 2195/3814/4164 2188/3823/4171 2193/3812/4162
f 2193/3812/4162 2188/3823/4171 2189/3824/4172
s off
f 2181/3825/4173 2178/3826/4174 2176/3809/4175 2191/3808/4176
f 2179/3827/4177 2181/3825/4178 2191/3808/4179 2187/3828/4180
s 544
f 2186/3803/4153 2180/3829/4181 2179/3830/4182 2187/3804/4154
f 2198/3831/4183 2199/3832/4184 2200/3833/4185 2201/3834/4186
f 2201/3834/4186 2200/3833/4185 2202/3835/4187 2203/3836/4188
f 2204/3837/4189 2198/3831/4183 2201/3834/4186 2205/3838/4190
f 2205/3838/4190 2201/3834/4186 2203/3836/4188 2206/3839/4191
f 2207/3840/4192 2173/3841/4193 2174/3842/4194 2208/3843/4195
s 548
f 2209/3844/4196 2210/3845/4197 2211/3846/4198
s 544
f 2212/3847/4199 2207/3840/4192 2208/3843/4195 2210/3848/4200
f 2206/3839/4191 2203/3836/4188 2207/3849/4192 2212/3850/4199
f 2213/3851/4201 2198/3831/4183 2204/3837/4189 2211/3852/4202
s 548
f 2212/3853/4203 2209/3844/4196 2206/3854/4204
f 2211/3846/4198 2204/3855/4205 2209/3844/4196
f 2209/3844/4196 2204/3855/4205 2205/3856/4206
s off
f 2197/3857/4207 2175/3858/4208 2173/3841/4209 2207/3840/4210
f 2182/3859/4211 2197/3857/4212 2207/3840/4213 2203/3860/4214
s 544
f 2202/3835/4187 2183/3800/4150 2182/3799/4149 2203/3836/4188
s off
f 2168/3861/4215 2169/3862/4216 2213/3863/4217 2172/3864/4218
f 2213/3863/4219 2169/3862/4220 2170/3865/4221 2198/3866/4222
s 544
f 2171/3867/4223 2199/3832/4184 2198/3831/4183 2170/3868/4224
f 2213/3863/4201 2208/3843/4195 2174/3842/4194 2172/3864/4225
f 2211/3869/4202 2210/3848/4200 2208/3843/4195 2213/3863/4201
f 2197/3857/4167 2192/3811/4161 2177/3810/4160 2175/3858/4226
f 2195/3870/4168 2194/3816/4166 2192/3811/4161 2197/3857/4167
s 548
f 2209/3844/4196 2205/3856/4206 2206/3854/4204
f 2209/3844/4196 2212/3853/4203 2210/3845/4197
s 545
f 2193/3812/4162 2189/3824/4172 2190/3822/4170
f 2193/3812/4162 2196/3821/4169 2194/3813/4163
s 553
f 2223/3871/4227 2224/3872/4228 2225/3873/4229 2226/3874/4230
f 2226/3874/4230 2225/3873/4229 2227/3875/4231 2228/3876/4232
s off
f 2169/3877/4233 2229/3878/4234 2228/3879/4235 2170/3880/4236
s 553
f 2227/3875/4231 2171/3881/4237 2170/3882/4238 2228/3876/4232
f 2230/3883/4239 2223/3871/4227 2226/3874/4230 2231/3884/4240
f 2231/3884/4240 2226/3874/4230 2228/3876/4232 2232/3885/4241
f 2229/3878/4242 2221/3886/4243 2222/3887/4244 2233/3888/4245
s 555
f 2234/3889/4246 2235/3890/4247 2236/3891/4248
s off
f 2221/3886/4249 2229/3878/4250 2169/3877/4251 2168/3892/4252
s 553
f 2237/3893/4253 2229/3878/4242 2233/3888/4245 2235/3894/4254
f 2232/3885/4241 2228/3876/4232 2229/3895/4242 2237/3896/4253
f 2238/3897/4255 2223/3871/4227 2230/3883/4239 2236/3898/4256
s 555
f 2237/3899/4257 2234/3889/4246 2232/3900/4258
f 2236/3891/4248 2230/3901/4259 2234/3889/4246
f 2234/3889/4246 2230/3901/4259 2231/3902/4260
s 553
f 2239/3903/4261 2240/3904/4262 2241/3905/4263 2242/3906/4264
f 2242/3906/4264 2241/3905/4263 2243/3907/4265 2244/3908/4266
f 2245/3909/4267 2239/3903/4261 2242/3906/4264 2246/3910/4268
f 2246/3910/4268 2242/3906/4264 2244/3908/4266 2247/3911/4269
f 2248/3912/4270 2218/3913/4271 2219/3914/4272 2249/3915/4273
s 557
f 2250/3916/4274 2251/3917/4275 2252/3918/4276
s 553
f 2253/3919/4277 2248/3912/4270 2249/3915/4273 2251/3920/4278
f 2247/3911/4269 2244/3908/4266 2248/3921/4270 2253/3922/4277
f 2254/3923/4279 2239/3903/4261 2245/3909/4267 2252/3924/4280
s 557
f 2253/3925/4281 2250/3916/4274 2247/3926/4282
f 2252/3918/4276 2245/3927/4283 2250/3916/4274
f 2250/3916/4274 2245/3927/4283 2246/3928/4284
s off
f 2238/3929/4285 2220/3930/4286 2218/3913/4287 2248/3912/4288
f 2223/3931/4289 2238/3929/4290 2248/3912/4291 2244/3932/4292
s 553
f 2243/3907/4265 2224/3872/4228 2223/3871/4227 2244/3908/4266
f 2255/3933/4293 2256/3934/4294 2257/3935/4295 2258/3936/4296
f 2258/3936/4296 2257/3935/4295 2259/3937/4297 2260/3938/4298
f 2261/3939/4299 2255/3933/4293 2258/3936/4296 2262/3940/4300
f 2262/3940/4300 2258/3936/4296 2260/3938/4298 2263/3941/4301
f 2264/3942/4302 2215/3943/4303 2216/3944/4304 2265/3945/4305
s 560
f 2266/3946/4306 2267/3947/4307 2268/3948/4308
s 553
f 2269/3949/4309 2264/3942/4302 2265/3945/4305 2267/3950/4310
f 2263/3941/4301 2260/3938/4298 2264/3951/4302 2269/3952/4309
f 2270/3953/4311 2255/3933/4293 2261/3939/4299 2268/3954/4312
s 560
f 2269/3955/4313 2266/3946/4306 2263/3956/4314
f 2268/3948/4308 2261/3957/4315 2266/3946/4306
f 2266/3946/4306 2261/3957/4315 2262/3958/4316
s off
f 2254/3959/4317 2217/3960/4318 2215/3943/4319 2264/3942/4320
f 2239/3961/4321 2254/3959/4322 2264/3942/4323 2260/3962/4324
s 553
f 2259/3937/4297 2240/3904/4262 2239/3903/4261 2260/3938/4298
s off
f 1944/3963/4325 1945/3964/4326 2270/3965/4327 2214/3966/4328
f 2270/3965/4329 1945/3964/4330 1946/3967/4331 2255/3968/4332
s 553
f 2270/3965/4311 2265/3945/4305 2216/3944/4304 2214/3966/4333
f 2268/3969/4312 2267/3950/4310 2265/3945/4305 2270/3965/4311
f 2254/3959/4279 2249/3915/4273 2219/3914/4272 2217/3960/4334
f 2252/3970/4280 2251/3920/4278 2249/3915/4273 2254/3959/4279
f 2238/3929/4255 2233/3888/4245 2222/3887/4244 2220/3930/4335
f 2236/3971/4256 2235/3894/4254 2233/3888/4245 2238/3929/4255
s 560
f 2266/3946/4306 2262/3958/4316 2263/3956/4314
f 2266/3946/4306 2269/3955/4313 2267/3947/4307
s 557
f 2250/3916/4274 2246/3928/4284 2247/3926/4282
f 2250/3916/4274 2253/3925/4281 2251/3917/4275
s 555
f 2234/3889/4246 2231/3902/4260 2232/3900/4258
f 2234/3889/4246 2237/3899/4257 2235/3890/4247
s off
f 1943/3972/4336 2256/3973/4337 2255/3974/4338 1946/3975/4339
s 566
f 2271/3976/4340 2272/3977/4341 2273/3978/4342 2274/3979/4343
f 2271/3976/4340 2275/3980/4344 2276/3981/4345 2272/3977/4341
f 2275/3980/4344 2277/3982/4346 2278/3983/4347 2276/3981/4345
f 2279/3984/4348 2280/3985/4349 2278/3983/4347 2277/3982/4346
f 2279/3984/4348 2281/3986/4350 2282/3987/4351 2280/3985/4349
f 2281/3988/4350 2274/3979/4343 2273/3978/4342 2282/3989/4351
s 567
f 2283/3990/4352 2284/3991/4353 2285/3992/4354 2286/3993/4355
f 2287/3994/4356 2286/3993/4355 2285/3992/4354 2288/3995/4357
f 2289/3996/4358 2287/3997/4356 2288/3998/4357 2290/3999/4359
f 2289/3996/4358 2290/3999/4359 2291/4000/4360 2292/4001/4361
f 2293/4002/4362 2292/4001/4361 2291/4000/4360 2294/4003/4363
f 2283/3990/4352 2293/4002/4362 2294/4003/4363 2284/3991/4353
s 568
f 2285/3992/4364 2284/3991/4365 2271/3976/4366 2274/3979/4367
f 2288/3995/4368 2285/3992/4364 2274/3979/4367 2281/3988/4369
f 2290/3999/4370 2288/3998/4368 2281/3986/4369 2279/3984/4371
f 2291/4000/4372 2290/3999/4370 2279/3984/4371 2277/3982/4373
f 2294/4003/4374 2291/4000/4372 2277/3982/4373 2275/3980/4375
f 2284/3991/4365 2294/4003/4374 2275/3980/4375 2271/3976/4366
s 569
f 2295/4004/4376 2296/4005/4377 2297/4006/4378 2298/4007/4379
f 2295/4004/4376 2299/4008/4380 2300/4009/4381 2296/4005/4377
f 2299/4008/4380 2301/4010/4382 2302/4011/4383 2300/4009/4381
f 2303/4012/4384 2304/4013/4385 2302/4011/4383 2301/4010/4382
f 2303/4012/4384 2305/4014/4386 2306/4015/4387 2304/4013/4385
f 2305/4016/4386 2298/4007/4379 2297/4006/4378 2306/4017/4387
s 570
f 2307/4018/4388 2308/4019/4389 2309/4020/4390 2310/4021/4391
f 2311/4022/4392 2310/4021/4391 2309/4020/4390 2312/4023/4393
f 2313/4024/4394 2311/4025/4392 2312/4026/4393 2314/4027/4395
f 2313/4024/4394 2314/4027/4395 2315/4028/4396 2316/4029/4397
f 2317/4030/4398 2316/4029/4397 2315/4028/4396 2318/4031/4399
f 2307/4018/4388 2317/4030/4398 2318/4031/4399 2308/4019/4389
s 571
f 2319/4032/4400 2320/4033/4401 2321/4034/4402 2322/4035/4403
f 2323/4036/4404 2322/4035/4403 2321/4034/4402 2324/4037/4405
f 2325/4038/4406 2323/4039/4404 2324/4040/4405 2326/4041/4407
f 2325/4038/4406 2326/4041/4407 2327/4042/4408 2328/4043/4409
f 2329/4044/4410 2328/4043/4409 2327/4042/4408 2330/4045/4411
f 2319/4032/4400 2329/4044/4410 2330/4045/4411 2320/4033/4401
s 572
f 2309/4020/4412 2308/4019/4413 2319/4032/4414 2322/4035/4415
f 2312/4023/4416 2309/4020/4412 2322/4035/4415 2323/4036/4417
f 2314/4027/4418 2312/4026/4416 2323/4039/4417 2325/4038/4419
f 2315/4028/4420 2314/4027/4418 2325/4038/4419 2328/4043/4421
f 2318/4031/4422 2315/4028/4420 2328/4043/4421 2329/4044/4423
f 2308/4019/4413 2318/4031/4422 2329/4044/4423 2319/4032/4414
s 573
f 2321/4034/4424 2320/4033/4425 2295/4004/4426 2298/4007/4427
f 2324/4037/4428 2321/4034/4424 2298/4007/4427 2305/4016/4429
f 2326/4041/4430 2324/4040/4428 2305/4014/4429 2303/4012/4431
f 2327/4042/4432 2326/4041/4430 2303/4012/4431 2301/4010/4433
f 2330/4045/4434 2327/4042/4432 2301/4010/4433 2299/4008/4435
f 2320/4033/4425 2330/4045/4434 2299/4008/4435 2295/4004/4426
s 574
f 2272/4046/4436 2307/4018/4437 2310/4021/4438 2273/4047/4439
f 2273/4047/4439 2310/4021/4438 2311/4022/4440 2282/4048/4441
f 2282/4049/4441 2311/4025/4440 2313/4024/4442 2280/4050/4443
f 2280/4050/4443 2313/4024/4442 2316/4029/4444 2278/4051/4445
f 2278/4051/4445 2316/4029/4444 2317/4030/4446 2276/4052/4447
f 2276/4052/4447 2317/4030/4446 2307/4018/4437 2272/4046/4436
s 575
f 2331/4053/4448 2332/4054/4449 2333/4055/4450 2334/4056/4451
f 2335/4057/4452 2334/4056/4451 2333/4055/4450 2336/4058/4453
f 2337/4059/4454 2335/4060/4452 2336/4061/4453 2338/4062/4455
f 2337/4059/4454 2338/4062/4455 2339/4063/4456 2340/4064/4457
f 2341/4065/4458 2340/4064/4457 2339/4063/4456 2342/4066/4459
f 2331/4053/4448 2341/4065/4458 2342/4066/4459 2332/4054/4449
s 576
f 2333/4055/4460 2332/4054/4461 2343/4067/4462 2344/4068/4463
f 2336/4058/4464 2333/4055/4460 2344/4068/4463 2345/4069/4465
f 2338/4062/4466 2336/4061/4464 2345/4070/4465 2346/4071/4467
f 2339/4063/4468 2338/4062/4466 2346/4071/4467 2347/4072/4469
f 2342/4066/4470 2339/4063/4468 2347/4072/4469 2348/4073/4471
f 2332/4054/4461 2342/4066/4470 2348/4073/4471 2343/4067/4462
s 577
f 2296/4074/4472 2331/4053/4473 2334/4056/4474 2297/4075/4475
f 2297/4075/4475 2334/4056/4474 2335/4057/4476 2306/4076/4477
f 2306/4077/4477 2335/4060/4476 2337/4059/4478 2304/4078/4479
f 2304/4078/4479 2337/4059/4478 2340/4064/4480 2302/4079/4481
f 2302/4079/4481 2340/4064/4480 2341/4065/4482 2300/4080/4483
f 2300/4080/4483 2341/4065/4482 2331/4053/4473 2296/4074/4472
s 578
f 2349/4081/4484 2343/4082/4485 2348/4083/4486 2350/4084/4487
f 2349/4081/4484 2351/4085/4488 2344/4086/4489 2343/4082/4485
f 2351/4085/4488 2352/4087/4490 2345/4088/4491 2344/4086/4489
f 2346/4089/4492 2345/4090/4491 2352/4091/4490 2353/4092/4493
f 2353/4092/4493 2354/4093/4494 2347/4094/4495 2346/4089/4492
f 2354/4093/4494 2350/4084/4487 2348/4083/4486 2347/4094/4495
s 579
f 2355/4095/4496 2356/4096/4497 2357/4097/4498
f 2355/4095/4496 2358/4098/4499 2356/4096/4497
s 580
f 2356/4099/4500 2349/4081/4501 2350/4084/4502 2357/4100/4503
f 2357/4100/4503 2350/4084/4502 2354/4093/4504 2359/4101/4505
f 2360/4102/4506 2359/4101/4505 2354/4093/4504 2353/4092/4507
f 2352/4091/4508 2361/4103/4509 2360/4102/4506 2353/4092/4507
f 2361/4104/4509 2352/4087/4508 2351/4085/4510 2358/4105/4511
f 2356/4099/4500 2358/4105/4511 2351/4085/4510 2349/4081/4501
s 579
f 2360/4106/4512 2355/4095/4496 2359/4107/4513
f 2360/4106/4512 2361/4108/4514 2355/4095/4496
f 2355/4095/4496 2361/4108/4514 2358/4098/4499
f 2359/4107/4513 2355/4095/4496 2357/4097/4498
s 581
f 2362/4109/4515 2363/4110/4516 2364/4111/4517 2365/4112/4518
f 2362/4109/4515 2366/4113/4519 2367/4114/4520 2363/4110/4516
f 2366/4113/4519 2368/4115/4521 2369/4116/4522 2367/4114/4520
f 2370/4117/4523 2371/4118/4524 2369/4116/4522 2368/4115/4521
f 2370/4117/4523 2372/4119/4525 2373/4120/4526 2371/4118/4524
f 2372/4121/4525 2365/4112/4518 2364/4111/4517 2373/4122/4526
s 582
f 2374/4123/4527 2375/4124/4528 2376/4125/4529 2377/4126/4530
f 2378/4127/4531 2377/4126/4530 2376/4125/4529 2379/4128/4532
f 2380/4129/4533 2378/4130/4531 2379/4131/4532 2381/4132/4534
f 2380/4129/4533 2381/4132/4534 2382/4133/4535 2383/4134/4536
f 2384/4135/4537 2383/4134/4536 2382/4133/4535 2385/4136/4538
f 2374/4123/4527 2384/4135/4537 2385/4136/4538 2375/4124/4528
s 583
f 2386/4137/4539 2387/4138/4540 2388/4139/4541 2389/4140/4542
f 2390/4141/4543 2389/4140/4542 2388/4139/4541 2391/4142/4544
f 2392/4143/4545 2390/4144/4543 2391/4145/4544 2393/4146/4546
f 2392/4143/4545 2393/4146/4546 2394/4147/4547 2395/4148/4548
f 2396/4149/4549 2395/4148/4548 2394/4147/4547 2397/4150/4550
f 2386/4137/4539 2396/4149/4549 2397/4150/4550 2387/4138/4540
s 584
f 2376/4125/4551 2375/4124/4552 2386/4137/4553 2389/4140/4554
f 2379/4128/4555 2376/4125/4551 2389/4140/4554 2390/4141/4556
f 2381/4132/4557 2379/4131/4555 2390/4144/4556 2392/4143/4558
f 2382/4133/4559 2381/4132/4557 2392/4143/4558 2395/4148/4560
f 2385/4136/4561 2382/4133/4559 2395/4148/4560 2396/4149/4562
f 2375/4124/4552 2385/4136/4561 2396/4149/4562 2386/4137/4553
s 585
f 2388/4139/4563 2387/4138/4564 2362/4109/4565 2365/4112/4566
f 2391/4142/4567 2388/4139/4563 2365/4112/4566 2372/4121/4568
f 2393/4146/4569 2391/4145/4567 2372/4119/4568 2370/4117/4570
f 2394/4147/4571 2393/4146/4569 2370/4117/4570 2368/4115/4572
f 2397/4150/4573 2394/4147/4571 2368/4115/4572 2366/4113/4574
f 2387/4138/4564 2397/4150/4573 2366/4113/4574 2362/4109/4565
s 586
f 2398/4151/4575 2399/4152/4576 2400/4153/4577 2401/4154/4578
f 2398/4151/4575 2402/4155/4579 2403/4156/4580 2399/4152/4576
f 2402/4155/4579 2404/4157/4581 2405/4158/4582 2403/4156/4580
f 2406/4159/4583 2407/4160/4584 2405/4158/4582 2404/4157/4581
f 2406/4159/4583 2408/4161/4585 2409/4162/4586 2407/4160/4584
f 2408/4163/4585 2401/4154/4578 2400/4153/4577 2409/4164/4586
s 587
f 2410/4165/4587 2411/4166/4588 2412/4167/4589 2413/4168/4590
f 2414/4169/4591 2413/4168/4590 2412/4167/4589 2415/4170/4592
f 2416/4171/4593 2414/4172/4591 2415/4173/4592 2417/4174/4594
f 2416/4171/4593 2417/4174/4594 2418/4175/4595 2419/4176/4596
f 2420/4177/4597 2419/4176/4596 2418/4175/4595 2421/4178/4598
f 2410/4165/4587 2420/4177/4597 2421/4178/4598 2411/4166/4588
s 588
f 2422/4179/4599 2423/4180/4600 2424/4181/4601 2425/4182/4602
f 2426/4183/4603 2425/4182/4602 2424/4181/4601 2427/4184/4604
f 2428/4185/4605 2426/4186/4603 2427/4187/4604 2429/4188/4606
f 2428/4185/4605 2429/4188/4606 2430/4189/4607 2431/4190/4608
f 2432/4191/4609 2431/4190/4608 2430/4189/4607 2433/4192/4610
f 2422/4179/4599 2432/4191/4609 2433/4192/4610 2423/4180/4600
s 589
f 2412/4167/4611 2411/4166/4612 2422/4179/4613 2425/4182/4614
f 2415/4170/4615 2412/4167/4611 2425/4182/4614 2426/4183/4616
f 2417/4174/4617 2415/4173/4615 2426/4186/4616 2428/4185/4618
f 2418/4175/4619 2417/4174/4617 2428/4185/4618 2431/4190/4620
f 2421/4178/4621 2418/4175/4619 2431/4190/4620 2432/4191/4622
f 2411/4166/4612 2421/4178/4621 2432/4191/4622 2422/4179/4613
s 590
f 2424/4181/4623 2423/4180/4624 2398/4151/4625 2401/4154/4626
f 2427/4184/4627 2424/4181/4623 2401/4154/4626 2408/4163/4628
f 2429/4188/4629 2427/4187/4627 2408/4161/4628 2406/4159/4630
f 2430/4189/4631 2429/4188/4629 2406/4159/4630 2404/4157/4632
f 2433/4192/4633 2430/4189/4631 2404/4157/4632 2402/4155/4634
f 2423/4180/4624 2433/4192/4633 2402/4155/4634 2398/4151/4625
s 591
f 2363/4193/4635 2410/4165/4636 2413/4168/4637 2364/4194/4638
f 2364/4194/4638 2413/4168/4637 2414/4169/4639 2373/4195/4640
f 2373/4196/4640 2414/4172/4639 2416/4171/4641 2371/4197/4642
f 2371/4197/4642 2416/4171/4641 2419/4176/4643 2369/4198/4644
f 2369/4198/4644 2419/4176/4643 2420/4177/4645 2367/4199/4646
f 2367/4199/4646 2420/4177/4645 2410/4165/4636 2363/4193/4635
s 592
f 2434/4200/4647 2435/4201/4648 2436/4202/4649 2437/4203/4650
f 2434/4200/4647 2438/4204/4651 2439/4205/4652 2435/4201/4648
f 2438/4204/4651 2440/4206/4653 2441/4207/4654 2439/4205/4652
f 2442/4208/4655 2443/4209/4656 2441/4207/4654 2440/4206/4653
f 2442/4208/4655 2444/4210/4657 2445/4211/4658 2443/4209/4656
f 2444/4212/4657 2437/4203/4650 2436/4202/4649 2445/4213/4658
s 593
f 2446/4214/4659 2447/4215/4660 2448/4216/4661 2449/4217/4662
f 2450/4218/4663 2449/4217/4662 2448/4216/4661 2451/4219/4664
f 2452/4220/4665 2450/4221/4663 2451/4222/4664 2453/4223/4666
f 2452/4220/4665 2453/4223/4666 2454/4224/4667 2455/4225/4668
f 2456/4226/4669 2455/4225/4668 2454/4224/4667 2457/4227/4670
f 2446/4214/4659 2456/4226/4669 2457/4227/4670 2447/4215/4660
s 594
f 2458/4228/4671 2459/4229/4672 2460/4230/4673 2461/4231/4674
f 2462/4232/4675 2461/4231/4674 2460/4230/4673 2463/4233/4676
f 2464/4234/4677 2462/4235/4675 2463/4236/4676 2465/4237/4678
f 2464/4234/4677 2465/4237/4678 2466/4238/4679 2467/4239/4680
f 2468/4240/4681 2467/4239/4680 2466/4238/4679 2469/4241/4682
f 2458/4228/4671 2468/4240/4681 2469/4241/4682 2459/4229/4672
s 595
f 2448/4216/4683 2447/4215/4684 2458/4228/4685 2461/4231/4686
f 2451/4219/4687 2448/4216/4683 2461/4231/4686 2462/4232/4688
f 2453/4223/4689 2451/4222/4687 2462/4235/4688 2464/4234/4690
f 2454/4224/4691 2453/4223/4689 2464/4234/4690 2467/4239/4692
f 2457/4227/4693 2454/4224/4691 2467/4239/4692 2468/4240/4694
f 2447/4215/4684 2457/4227/4693 2468/4240/4694 2458/4228/4685
s 596
f 2460/4230/4695 2459/4229/4696 2434/4200/4697 2437/4203/4698
f 2463/4233/4699 2460/4230/4695 2437/4203/4698 2444/4212/4700
f 2465/4237/4701 2463/4236/4699 2444/4210/4700 2442/4208/4702
f 2466/4238/4703 2465/4237/4701 2442/4208/4702 2440/4206/4704
f 2469/4241/4705 2466/4238/4703 2440/4206/4704 2438/4204/4706
f 2459/4229/4696 2469/4241/4705 2438/4204/4706 2434/4200/4697
s 597
f 2399/4242/4707 2446/4214/4708 2449/4217/4709 2400/4243/4710
f 2400/4243/4710 2449/4217/4709 2450/4218/4711 2409/4244/4712
f 2409/4245/4712 2450/4221/4711 2452/4220/4713 2407/4246/4714
f 2407/4246/4714 2452/4220/4713 2455/4225/4715 2405/4247/4716
f 2405/4247/4716 2455/4225/4715 2456/4226/4717 2403/4248/4718
f 2403/4248/4718 2456/4226/4717 2446/4214/4708 2399/4242/4707
s 598
f 2470/4249/4719 2471/4250/4720 2472/4251/4721 2473/4252/4722
f 2474/4253/4723 2473/4252/4722 2472/4251/4721 2475/4254/4724
f 2476/4255/4725 2474/4256/4723 2475/4257/4724 2477/4258/4726
f 2476/4255/4725 2477/4258/4726 2478/4259/4727 2479/4260/4728
f 2480/4261/4729 2479/4260/4728 2478/4259/4727 2481/4262/4730
f 2470/4249/4719 2480/4261/4729 2481/4262/4730 2471/4250/4720
s 599
f 2472/4251/4731 2471/4250/4732 2283/4263/4733 2286/4264/4734
f 2475/4254/4735 2472/4251/4731 2286/4264/4734 2287/4265/4736
f 2477/4258/4737 2475/4257/4735 2287/4266/4736 2289/4267/4738
f 2478/4259/4739 2477/4258/4737 2289/4267/4738 2292/4268/4740
f 2481/4262/4741 2478/4259/4739 2292/4268/4740 2293/4269/4742
f 2471/4250/4732 2481/4262/4741 2293/4269/4742 2283/4263/4733
s 600
f 2435/4270/4743 2470/4249/4744 2473/4252/4745 2436/4271/4746
f 2436/4271/4746 2473/4252/4745 2474/4253/4747 2445/4272/4748
f 2445/4273/4748 2474/4256/4747 2476/4255/4749 2443/4274/4750
f 2443/4274/4750 2476/4255/4749 2479/4260/4751 2441/4275/4752
f 2441/4275/4752 2479/4260/4751 2480/4261/4753 2439/4276/4754
f 2439/4276/4754 2480/4261/4753 2470/4249/4744 2435/4270/4743
s 601
f 2485/4277/4755 2492/4278/4756 2491/4279/4757 2482/4280/4758
s 602
f 2484/4281/4759 2483/4282/4760 2490/4283/4761 2489/4284/4762
s 603
f 2483/4282/4763 2484/4281/4764 2485/4285/4765 2482/4286/4766
s 601
f 2492/4287/4756 2485/4288/4755 2486/4289/4767 2493/4290/4768
s 604
f 2487/4291/4769 2488/4292/4770 2493/4293/4771 2486/4294/4772
s 602
f 2488/4295/4773 2487/4296/4774 2484/4297/4759 2489/4298/4762
s 603
f 2484/4299/4764 2487/4300/4775 2486/4301/4776 2485/4302/4765
s 601
f 2497/4303/4777 2494/4304/4778 2491/4305/4757 2492/4306/4756
s 602
f 2496/4307/4779 2489/4308/4762 2490/4309/4761 2495/4310/4780
s 605
f 2495/4310/4781 2494/4311/4782 2497/4312/4783 2496/4307/4784
s 601
f 2492/4313/4756 2493/4314/4768 2498/4315/4785 2497/4316/4777
s 604
f 2499/4317/4786 2498/4318/4787 2493/4319/4771 2488/4320/4770
s 602
f 2488/4321/4773 2489/4322/4762 2496/4323/4779 2499/4324/4788
s 605
f 2496/4325/4784 2497/4326/4783 2498/4327/4789 2499/4328/4790
s 606
f 2482/4329/4791 2491/4330/4792 2503/4331/4793 2500/4332/4794
s 607
f 2483/4333/4795 2501/4334/4796 2502/4335/4797 2490/4336/4798
s off
f 2501/4334/4799 2483/4333/4800 2482/4337/4801 2500/4338/4802
s 606
f 2494/4339/4803 2504/4340/4804 2503/4341/4793 2491/4342/4792
s 607
f 2495/4343/4805 2490/4344/4798 2502/4345/4797 2505/4346/4806
s off
f 2505/4346/4807 2504/4347/4808 2494/4348/4809 2495/4343/4810
s 610
f 2500/4349/4811 2503/4350/4812 2509/4351/4813 2506/4352/4814
s 611
f 2501/4353/4815 2507/4354/4816 2508/4355/4817 2502/4356/4818
s off
f 2507/4354/4819 2501/4353/4820 2500/4357/4821 2506/4358/4822
s 610
f 2504/4359/4823 2510/4360/4824 2509/4361/4813 2503/4362/4812
s 611
f 2505/4363/4825 2502/4364/4818 2508/4365/4817 2511/4366/4826
s off
f 2511/4366/4827 2510/4367/4828 2504/4368/4829 2505/4363/4830
s 614
f 2506/4369/4831 2509/4370/4832 2519/4371/4833 2512/4372/4834
s 615
f 2507/4373/4835 2513/4374/4836 2516/4375/4837 2508/4376/4838
s 616
f 2513/4374/4839 2507/4373/4840 2506/4377/4841 2512/4378/4842
s 614
f 2519/4379/4833 2518/4380/4843 2514/4381/4844 2512/4382/4834
s 616
f 2515/4383/4845 2513/4384/4839 2512/4385/4842 2514/4386/4846
s 615
f 2516/4387/4837 2513/4388/4836 2515/4389/4847 2517/4390/4848
s 617
f 2517/4391/4849 2515/4392/4850 2514/4393/4851 2518/4394/4852
s 614
f 2510/4395/4853 2520/4396/4854 2519/4397/4833 2509/4398/4832
s 615
f 2511/4399/4855 2508/4400/4838 2516/4401/4837 2521/4402/4856
s 618
f 2521/4402/4857 2520/4403/4858 2510/4404/4859 2511/4399/4860
s 614
f 2519/4405/4833 2520/4406/4854 2522/4407/4861 2518/4408/4843
s 618
f 2523/4409/4862 2522/4410/4863 2520/4411/4858 2521/4412/4857
s 615
f 2516/4413/4837 2517/4414/4848 2523/4415/4864 2521/4416/4856
s 617
f 2517/4417/4849 2518/4418/4852 2522/4419/4865 2523/4420/4866
s off
f 2528/4421/4867 2527/4422/4868 2524/4423/4869 2526/4424/4870
f 2529/4425/4871 2528/4426/4872 2526/4427/4873 2525/4428/4874
f 2532/4429/4875 2534/4430/4876 2535/4431/4877 2531/4432/4878
f 2531/4433/4879 2535/4434/4880 2533/4435/4881 2530/4436/4882
f 2537/4437/4883 2526/4438/4884 2524/4439/4885 2536/4440/4886
f 2537/4441/4887 2538/4442/4888 2525/4443/4889 2526/4444/4890
f 2535/4445/4891 2537/4437/4892 2536/4440/4893 2533/4446/4894
f 2535/4447/4895 2534/4448/4896 2538/4442/4897 2537/4441/4898
f 2539/4449/4899 2540/4450/4900 2528/4451/4901 2529/4452/4902
f 2540/4453/4903 2541/4454/4904 2527/4455/4905 2528/4456/4906
f 2532/4457/4907 2531/4458/4908 2543/4459/4909 2544/4460/4910
f 2531/4461/4911 2530/4462/4912 2542/4463/4913 2543/4464/4914
f 2545/4465/4915 2546/4466/4916 2540/4467/4917 2539/4468/4918
f 2546/4469/4919 2547/4470/4920 2541/4471/4921 2540/4472/4922
f 2544/4473/4923 2543/4474/4924 2549/4475/4925 2550/4476/4926
f 2543/4477/4927 2542/4478/4928 2548/4479/4929 2549/4480/4930
f 2545/4481/4931 2552/4482/4932 2553/4483/4933 2546/4484/4934
f 2546/4485/4935 2553/4486/4936 2551/4487/4937 2547/4488/4938
f 2549/4489/4939 2548/4490/4940 2554/4491/4941 2556/4492/4942
f 2550/4493/4943 2549/4494/4944 2556/4495/4945 2555/4496/4946
f 2570/4497/4947 2569/4498/4948 2566/4499/4949 2565/4500/4950
f 2571/4501/4951 2570/4502/4952 2565/4503/4953 2567/4504/4954
f 2567/4505/4955 2568/4506/4956 2572/4507/4957 2571/4508/4958
f 2569/4498/4959 2572/4509/4960 2568/4510/4961 2566/4499/4962
f 2571/4511/4963 2572/4512/4964 2564/4513/4965 2563/4514/4966
f 2562/4515/4967 2561/4516/4968 2569/4517/4969 2570/4518/4970
f 2572/4512/4971 2569/4519/4972 2561/4520/4973 2564/4513/4974
f 2570/4521/4975 2571/4522/4976 2563/4523/4977 2562/4524/4978
f 2565/4525/4979 2566/4526/4980 2558/4527/4981 2557/4528/4982
f 2559/4529/4983 2560/4530/4984 2568/4531/4985 2567/4532/4986
f 2566/4526/4987 2568/4533/4988 2560/4534/4989 2558/4527/4990
f 2567/4535/4991 2565/4536/4992 2557/4537/4993 2559/4538/4994
f 2587/4539/4995 2588/4540/4996 2577/4541/4997 2578/4542/4998
f 2579/4543/4999 2580/4544/5000 2585/4545/5001 2586/4546/5002
f 2588/4540/5003 2585/4547/5004 2580/4548/5005 2577/4541/5006
f 2586/4549/5007 2587/4550/5008 2578/4551/5009 2579/4552/5010
f 2581/4553/5011 2582/4554/5012 2576/4555/5013 2575/4556/5014
f 2573/4557/5015 2574/4558/5016 2584/4559/5017 2583/4560/5018
f 2582/4554/5019 2584/4561/5020 2574/4562/5021 2576/4555/5022
f 2583/4563/5023 2581/4564/5024 2575/4565/5025 2573/4566/5026
f 2563/4567/5027 2564/4568/5028 2588/4569/5029 2587/4570/5030
f 2586/4571/5031 2585/4572/5032 2561/4573/5033 2562/4574/5034
f 2564/4568/5035 2561/4575/5036 2585/4576/5037 2588/4569/5038
f 2562/4577/5039 2563/4578/5040 2587/4579/5041 2586/4580/5042
f 2557/4581/5043 2558/4582/5044 2582/4583/5045 2581/4584/5046
f 2583/4585/5047 2584/4586/5048 2560/4587/5049 2559/4588/5050
f 2558/4582/5051 2560/4589/5052 2584/4590/5053 2582/4583/5054
f 2559/4591/5055 2557/4592/5056 2581/4593/5057 2583/4594/5058
f 2591/4595/5059 2592/4596/5060 2589/4597/5061 2590/4598/5062
f 2591/4599/5063 2596/4600/5064 2595/4601/5065 2592/4602/5066
f 2593/4603/5067 2596/4600/5068 2591/4599/5069 2590/4604/5070
f 2599/4605/5071 2598/4606/5072 2597/4607/5073 2600/4608/5074
s 671
f 2607/4609/5075 2608/4610/5076 2609/4611/5077 2610/4612/5078
f 2610/4612/5078 2609/4611/5077 2611/4613/5079 2612/4614/5080
f 2613/4615/5081 2607/4609/5075 2610/4612/5078 2614/4616/5082
f 2614/4616/5082 2610/4612/5078 2612/4614/5080 2615/4617/5083
f 2616/4618/5084 2605/4619/5085 2606/4620/5086 2617/4621/5087
s 672
f 2618/4622/5088 2619/4623/5089 2620/4624/5090
s 671
f 2621/4625/5091 2616/4618/5084 2617/4621/5087 2619/4626/5092
f 2615/4617/5083 2612/4614/5080 2616/4627/5084 2621/4628/5091
f 2622/4629/5093 2607/4609/5075 2613/4615/5081 2620/4630/5094
s 672
f 2621/4631/5095 2618/4622/5088 2615/4632/5096
f 2620/4624/5090 2613/4633/5097 2618/4622/5088
f 2618/4622/5088 2613/4633/5097 2614/4634/5098
s 671
f 2623/4635/5099 2624/4636/5100 2625/4637/5101 2626/4638/5102
f 2626/4638/5102 2625/4637/5101 2627/4639/5103 2628/4640/5104
f 2629/4641/5105 2623/4635/5099 2626/4638/5102 2630/4642/5106
f 2630/4642/5106 2626/4638/5102 2628/4640/5104 2631/4643/5107
f 2632/4644/5108 2602/4645/5109 2603/4646/5110 2633/4647/5111
s 673
f 2634/4648/5112 2635/4649/5113 2636/4650/5114
s 671
f 2637/4651/5115 2632/4644/5108 2633/4647/5111 2635/4652/5116
f 2631/4643/5107 2628/4640/5104 2632/4653/5108 2637/4654/5115
f 2638/4655/5117 2623/4635/5099 2629/4641/5105 2636/4656/5118
s 673
f 2637/4657/5119 2634/4648/5112 2631/4658/5120
f 2636/4650/5114 2629/4659/5121 2634/4648/5112
f 2634/4648/5112 2629/4659/5121 2630/4660/5122
s off
f 2622/4661/5123 2604/4662/5124 2602/4645/5125 2632/4644/5126
f 2607/4663/5127 2622/4661/5128 2632/4644/5129 2628/4664/5130
s 671
f 2627/4639/5103 2608/4610/5076 2607/4609/5075 2628/4640/5104
s off
f 2598/4665/5131 2599/4666/5132 2638/4667/5133 2601/4668/5134
f 2638/4667/5135 2599/4666/5136 2600/4669/5137 2623/4670/5138
s 671
f 2638/4667/5117 2633/4647/5111 2603/4646/5110 2601/4668/5139
f 2636/4671/5118 2635/4652/5116 2633/4647/5111 2638/4667/5117
f 2622/4661/5093 2617/4621/5087 2606/4620/5086 2604/4662/5140
f 2620/4672/5094 2619/4626/5092 2617/4621/5087 2622/4661/5093
s 673
f 2634/4648/5112 2630/4660/5122 2631/4658/5120
f 2634/4648/5112 2637/4657/5119 2635/4649/5113
s 672
f 2618/4622/5088 2614/4634/5098 2615/4632/5096
f 2618/4622/5088 2621/4631/5095 2619/4623/5089
s off
f 2594/4673/5141 2589/4674/5142 2592/4675/5143 2595/4676/5144
f 2597/4677/5145 2624/4678/5146 2623/4679/5147 2600/4680/5148
f 2641/4681/5149 2642/4682/5150 2639/4683/5151 2640/4684/5152
s 681
f 2649/4685/5153 2650/4686/5154 2651/4687/5155 2652/4688/5156
f 2652/4688/5156 2651/4687/5155 2653/4689/5157 2654/4690/5158
s off
f 2641/4691/5159 2655/4692/5160 2654/4693/5161 2642/4694/5162
s 681
f 2656/4695/5163 2649/4685/5153 2652/4688/5156 2657/4696/5164
f 2657/4696/5164 2652/4688/5156 2654/4690/5158 2658/4697/5165
f 2655/4692/5166 2647/4698/5167 2648/4699/5168 2659/4700/5169
s 683
f 2660/4701/5170 2661/4702/5171 2662/4703/5172
s off
f 2647/4698/5173 2655/4692/5174 2641/4691/5175 2640/4704/5176
s 681
f 2663/4705/5177 2655/4692/5166 2659/4700/5169 2661/4706/5178
f 2658/4697/5165 2654/4690/5158 2655/4707/5166 2663/4708/5177
f 2664/4709/5179 2649/4685/5153 2656/4695/5163 2662/4710/5180
s 683
f 2663/4711/5181 2660/4701/5170 2658/4712/5182
f 2662/4703/5172 2656/4713/5183 2660/4701/5170
f 2660/4701/5170 2656/4713/5183 2657/4714/5184
s 681
f 2665/4715/5185 2666/4716/5186 2667/4717/5187 2668/4718/5188
f 2668/4718/5188 2667/4717/5187 2669/4719/5189 2670/4720/5190
f 2671/4721/5191 2665/4715/5185 2668/4718/5188 2672/4722/5192
f 2672/4722/5192 2668/4718/5188 2670/4720/5190 2673/4723/5193
f 2674/4724/5194 2644/4725/5195 2645/4726/5196 2675/4727/5197
s 685
f 2676/4728/5198 2677/4729/5199 2678/4730/5200
s 681
f 2679/4731/5201 2674/4724/5194 2675/4727/5197 2677/4732/5202
f 2673/4723/5193 2670/4720/5190 2674/4733/5194 2679/4734/5201
f 2680/4735/5203 2665/4715/5185 2671/4721/5191 2678/4736/5204
s 685
f 2679/4737/5205 2676/4728/5198 2673/4738/5206
f 2678/4730/5200 2671/4739/5207 2676/4728/5198
f 2676/4728/5198 2671/4739/5207 2672/4740/5208
s off
f 2664/4741/5209 2646/4742/5210 2644/4725/5211 2674/4724/5212
f 2649/4743/5213 2664/4741/5214 2674/4724/5215 2670/4744/5216
s 681
f 2669/4719/5189 2650/4686/5154 2649/4685/5153 2670/4720/5190
f 2680/4745/5203 2675/4727/5197 2645/4726/5196 2643/4746/5217
f 2678/4747/5204 2677/4732/5202 2675/4727/5197 2680/4745/5203
f 2664/4741/5179 2659/4700/5169 2648/4699/5168 2646/4742/5218
f 2662/4748/5180 2661/4706/5178 2659/4700/5169 2664/4741/5179
s 685
f 2676/4728/5198 2672/4740/5208 2673/4738/5206
f 2676/4728/5198 2679/4737/5205 2677/4729/5199
s 683
f 2660/4701/5170 2657/4714/5184 2658/4712/5182
f 2660/4701/5170 2663/4711/5181 2661/4702/5171
s off
f 2683/4749/5219 2682/4750/5220 2681/4751/5221 2684/4752/5222
f 2682/4753/5223 2683/4754/5224 2688/4755/5225 2685/4756/5226
f 2688/4755/5227 2683/4754/5228 2684/4757/5229 2686/4758/5230
f 2653/4759/5231 2639/4760/5232 2642/4761/5233 2654/4762/5234
f 2681/4763/5235 2687/4764/5236 2686/4765/5237 2684/4766/5238
f 2693/4767/5239 2692/4768/5240 2689/4769/5241 2691/4770/5242
f 2694/4771/5243 2693/4772/5244 2691/4773/5245 2690/4774/5246
f 2705/4775/5247 2706/4776/5248 2692/4777/5249 2693/4778/5250
f 2705/4779/5251 2693/4780/5252 2694/4781/5253 2704/4782/5254
f 2696/4783/5255 2699/4784/5256 2700/4785/5257 2697/4786/5258
f 2697/4787/5259 2700/4788/5260 2698/4789/5261 2695/4790/5262
f 2702/4791/5263 2691/4792/5264 2689/4793/5265 2701/4794/5266
f 2702/4795/5267 2703/4796/5268 2690/4797/5269 2691/4798/5270
f 2700/4799/5271 2702/4791/5272 2701/4794/5273 2698/4800/5274
f 2700/4801/5275 2699/4802/5276 2703/4796/5277 2702/4795/5278
f 2697/4803/5279 2705/4779/5280 2704/4782/5281 2696/4804/5282
f 2697/4805/5283 2695/4806/5284 2706/4776/5285 2705/4775/5286
s 705
f 2707/4807/5287 2708/4808/5288 2709/4809/5289 2710/4810/5290
f 2707/4807/5287 2711/4811/5291 2712/4812/5292 2708/4808/5288
f 2711/4811/5291 2713/4813/5293 2714/4814/5294 2712/4812/5292
f 2715/4815/5295 2714/4816/5294 2713/4817/5293 2716/4818/5296
f 2716/4818/5296 2717/4819/5297 2718/4820/5298 2715/4815/5295
f 2717/4819/5297 2710/4810/5290 2709/4809/5289 2718/4820/5298
s 706
f 2719/4821/5299 2720/4822/5300 2721/4823/5301
f 2719/4821/5299 2722/4824/5302 2720/4822/5300
s 707
f 2720/4825/5303 2707/4807/5304 2710/4810/5305 2721/4826/5306
f 2721/4826/5306 2710/4810/5305 2717/4819/5307 2723/4827/5308
f 2724/4828/5309 2723/4827/5308 2717/4819/5307 2716/4818/5310
f 2713/4817/5311 2725/4829/5312 2724/4828/5309 2716/4818/5310
f 2725/4830/5312 2713/4813/5311 2711/4811/5313 2722/4831/5314
f 2720/4825/5303 2722/4831/5314 2711/4811/5313 2707/4807/5304
s 706
f 2724/4832/5315 2719/4821/5299 2723/4833/5316
f 2724/4832/5315 2725/4834/5317 2719/4821/5299
f 2719/4821/5299 2725/4834/5317 2722/4824/5302
f 2723/4833/5316 2719/4821/5299 2721/4823/5301
s 708
f 2726/4835/5318 2708/4836/5319 2712/4837/5320 2727/4838/5321
f 2726/4835/5318 2728/4839/5322 2709/4840/5323 2708/4836/5319
f 2728/4839/5322 2729/4841/5324 2718/4842/5325 2709/4840/5323
f 2715/4843/5326 2718/4844/5325 2729/4845/5324 2730/4846/5327
f 2730/4846/5327 2731/4847/5328 2714/4848/5329 2715/4843/5326
f 2731/4847/5328 2727/4838/5321 2712/4837/5320 2714/4848/5329
s 709
f 2732/4849/5330 2733/4850/5331 2734/4851/5332
f 2732/4849/5330 2735/4852/5333 2733/4850/5331
s 710
f 2733/4853/5334 2726/4835/5335 2727/4838/5336 2734/4854/5337
f 2734/4854/5337 2727/4838/5336 2731/4847/5338 2736/4855/5339
f 2737/4856/5340 2736/4855/5339 2731/4847/5338 2730/4846/5341
f 2729/4845/5342 2738/4857/5343 2737/4856/5340 2730/4846/5341
f 2738/4858/5343 2729/4841/5342 2728/4839/5344 2735/4859/5345
f 2733/4853/5334 2735/4859/5345 2728/4839/5344 2726/4835/5335
s 709
f 2737/4860/5346 2732/4849/5330 2736/4861/5347
f 2737/4860/5346 2738/4862/5348 2732/4849/5330
f 2732/4849/5330 2738/4862/5348 2735/4852/5333
f 2736/4861/5347 2732/4849/5330 2734/4851/5332
s 711
f 2754/4863/5349 2755/4864/5350 2739/4865/5351 2746/4866/5352
s 712
f 2740/4867/5353 2743/4868/5354 2746/4869/5355 2739/4870/5356
s 713
f 2743/4871/5357 2740/4872/5358 2756/4873/5359 2751/4874/5360
s 714
f 2756/4875/5361 2740/4876/5362 2739/4877/5363 2755/4878/5364
s 715
f 2744/4879/5365 2742/4880/5366 2741/4881/5367 2745/4882/5368
s 711
f 2754/4883/5349 2746/4884/5352 2747/4885/5369 2753/4886/5370
s 712
f 2748/4887/5371 2747/4888/5372 2746/4889/5355 2743/4890/5354
s 713
f 2743/4891/5357 2751/4892/5360 2752/4893/5373 2748/4894/5374
s 716
f 2752/4895/5375 2753/4896/5376 2747/4897/5377 2748/4898/5378
s 715
f 2744/4899/5365 2745/4900/5368 2749/4901/5379 2750/4902/5380
s 713
f 2751/4903/5360 2744/4904/5381 2750/4905/5382 2752/4906/5373
s 716
f 2750/4907/5383 2749/4908/5384 2753/4909/5376 2752/4910/5375
s 711
f 2754/4911/5349 2753/4912/5370 2749/4913/5385 2745/4914/5386
f 2755/4915/5350 2754/4916/5349 2745/4917/5386 2741/4918/5387
s 714
f 2742/4919/5388 2756/4920/5361 2755/4921/5364 2741/4922/5389
s 713
f 2751/4923/5360 2756/4924/5359 2742/4925/5390 2744/4926/5381
s off
f 2759/4927/5391 2757/4928/5392 2758/4929/5393 2760/4930/5394
f 2763/4931/5395 2761/4932/5396 2762/4933/5397 2764/4934/5398
f 2764/4934/5399 2758/4935/5400 2757/4936/5401 2763/4931/5402
f 2760/4930/5403 2762/4937/5404 2761/4938/5405 2759/4927/5406
f 2765/4939/5407 2766/4940/5408 2767/4941/5409 2768/4942/5410
f 2769/4943/5411 2765/4944/5412 2768/4945/5413 2770/4946/5414
f 2770/4947/5415 2771/4948/5416 2772/4949/5417 2769/4950/5418
f 2766/4940/5419 2772/4951/5420 2771/4952/5421 2767/4941/5422
f 2778/4953/5423 2777/4954/5424 2774/4955/5425 2773/4956/5426
f 2779/4957/5427 2778/4958/5428 2773/4959/5429 2775/4960/5430
f 2775/4961/5431 2776/4962/5432 2780/4963/5433 2779/4964/5434
f 2777/4954/5435 2780/4965/5436 2776/4966/5437 2774/4955/5438
f 2769/4967/5439 2772/4968/5440 2777/4969/5441 2778/4970/5442
f 2779/4971/5443 2780/4972/5444 2766/4973/5445 2765/4974/5446
f 2772/4968/5447 2766/4975/5448 2780/4976/5449 2777/4969/5450
f 2765/4977/5451 2769/4978/5452 2778/4979/5453 2779/4980/5454
f 2768/4981/5455 2767/4982/5456 2776/4983/5457 2775/4984/5458
f 2773/4985/5459 2774/4986/5460 2771/4987/5461 2770/4988/5462
f 2767/4982/5463 2771/4989/5464 2774/4990/5465 2776/4983/5466
f 2770/4991/5467 2768/4992/5468 2775/4993/5469 2773/4994/5470
s 737
f 2781/4995/5471 2782/4996/5472 2790/4997/5473 2789/4998/5474
s 738
f 2785/4999/5475 2786/5000/5476 2792/5001/5477 2791/5002/5478
s 739
f 2782/4996/5479 2788/5003/5480 2792/5004/5481 2790/4997/5482
s 740
f 2787/5005/5483 2781/5006/5484 2789/5007/5485 2791/5008/5486
s 737
f 2783/5009/5487 2789/4998/5474 2790/4997/5473 2784/5010/5488
s 739
f 2784/5010/5489 2790/4997/5482 2792/5004/5481 2786/5011/5490
s 740
f 2785/5012/5491 2791/5008/5486 2789/5007/5485 2783/5013/5492
s 738
f 2791/5002/5478 2792/5001/5477 2788/5014/5493 2787/5015/5494
s 741
f 2793/5016/5495 2794/5017/5496 2802/5018/5497 2801/5019/5498
s 742
f 2797/5020/5499 2798/5021/5500 2804/5022/5501 2803/5023/5502
s 743
f 2794/5017/5503 2800/5024/5504 2804/5025/5505 2802/5018/5506
s 744
f 2799/5026/5507 2793/5027/5508 2801/5028/5509 2803/5029/5510
s 741
f 2795/5030/5511 2801/5019/5498 2802/5018/5497 2796/5031/5512
s 743
f 2796/5031/5513 2802/5018/5506 2804/5025/5505 2798/5032/5514
s 744
f 2797/5033/5515 2803/5029/5510 2801/5028/5509 2795/5034/5516
s 742
f 2803/5023/5502 2804/5022/5501 2800/5035/5517 2799/5036/5518
s 745
f 2805/5037/5519 2806/5038/5520 2814/5039/5521 2813/5040/5522
s 746
f 2809/5041/5523 2810/5042/5524 2816/5043/5525 2815/5044/5526
s 747
f 2806/5038/5527 2812/5045/5528 2816/5046/5529 2814/5039/5530
s 748
f 2811/5047/5531 2805/5048/5532 2813/5049/5533 2815/5050/5534
s 745
f 2807/5051/5535 2813/5040/5522 2814/5039/5521 2808/5052/5536
s 747
f 2808/5052/5537 2814/5039/5530 2816/5046/5529 2810/5053/5538
s 748
f 2809/5054/5539 2815/5050/5534 2813/5049/5533 2807/5055/5540
s 746
f 2815/5044/5526 2816/5043/5525 2812/5056/5541 2811/5057/5542
s 749
f 2817/5058/5543 2818/5059/5544 2826/5060/5545 2825/5061/5546
s 750
f 2821/5062/5547 2822/5063/5548 2828/5064/5549 2827/5065/5550
s 751
f 2818/5059/5551 2824/5066/5552 2828/5067/5553 2826/5060/5554
s 752
f 2823/5068/5555 2817/5069/5556 2825/5070/5557 2827/5071/5558
s 749
f 2819/5072/5559 2825/5061/5546 2826/5060/5545 2820/5073/5560
s 751
f 2820/5073/5561 2826/5060/5554 2828/5067/5553 2822/5074/5562
s 752
f 2821/5075/5563 2827/5071/5558 2825/5070/5557 2819/5076/5564
s 750
f 2827/5065/5550 2828/5064/5549 2824/5077/5565 2823/5078/5566
s off
f 2829/5079/5567 2830/5080/5568 2833/5081/5569
f 2830/5080/5570 2831/5082/5571 2832/5083/5572 2833/5081/5573
f 2838/5084/5574 2836/5085/5575 2837/5086/5576
f 2835/5087/5577 2831/5088/5578 2830/5089/5579 2837/5090/5580
f 2832/5091/5581 2834/5092/5582 2836/5093/5583 2833/5094/5584
f 2836/5085/5585 2834/5095/5586 2835/5096/5587 2837/5086/5588
f 2841/5097/5589 2842/5098/5590 2839/5099/5591 2840/5100/5592
f 2841/5101/5593 2846/5102/5594 2845/5103/5595 2842/5104/5596
f 2843/5105/5597 2846/5102/5598 2841/5101/5599 2840/5106/5600
f 2849/5107/5601 2848/5108/5602 2847/5109/5603 2850/5110/5604
s 763
f 2857/5111/5605 2858/5112/5606 2859/5113/5607 2860/5114/5608
f 2860/5114/5608 2859/5113/5607 2861/5115/5609 2862/5116/5610
f 2863/5117/5611 2857/5111/5605 2860/5114/5608 2864/5118/5612
f 2864/5118/5612 2860/5114/5608 2862/5116/5610 2865/5119/5613
f 2866/5120/5614 2855/5121/5615 2856/5122/5616 2867/5123/5617
s 764
f 2868/5124/5618 2869/5125/5619 2870/5126/5620
s 763
f 2871/5127/5621 2866/5120/5614 2867/5123/5617 2869/5128/5622
f 2865/5119/5613 2862/5116/5610 2866/5129/5614 2871/5130/5621
f 2872/5131/5623 2857/5111/5605 2863/5117/5611 2870/5132/5624
s 764
f 2871/5133/5625 2868/5124/5618 2865/5134/5626
f 2870/5126/5620 2863/5135/5627 2868/5124/5618
f 2868/5124/5618 2863/5135/5627 2864/5136/5628
s 763
f 2873/5137/5629 2874/5138/5630 2875/5139/5631 2876/5140/5632
f 2876/5140/5632 2875/5139/5631 2877/5141/5633 2878/5142/5634
f 2879/5143/5635 2873/5137/5629 2876/5140/5632 2880/5144/5636
f 2880/5144/5636 2876/5140/5632 2878/5142/5634 2881/5145/5637
f 2882/5146/5638 2852/5147/5639 2853/5148/5640 2883/5149/5641
s 765
f 2884/5150/5642 2885/5151/5643 2886/5152/5644
s 763
f 2887/5153/5645 2882/5146/5638 2883/5149/5641 2885/5154/5646
f 2881/5145/5637 2878/5142/5634 2882/5155/5638 2887/5156/5645
f 2888/5157/5647 2873/5137/5629 2879/5143/5635 2886/5158/5648
s 765
f 2887/5159/5649 2884/5150/5642 2881/5160/5650
f 2886/5152/5644 2879/5161/5651 2884/5150/5642
f 2884/5150/5642 2879/5161/5651 2880/5162/5652
s off
f 2872/5163/5653 2854/5164/5654 2852/5147/5655 2882/5146/5656
f 2857/5165/5657 2872/5163/5658 2882/5146/5659 2878/5166/5660
s 763
f 2877/5141/5633 2858/5112/5606 2857/5111/5605 2878/5142/5634
s off
f 2848/5167/5661 2849/5168/5662 2888/5169/5663 2851/5170/5664
f 2888/5169/5665 2849/5168/5666 2850/5171/5667 2873/5172/5668
s 763
f 2888/5169/5647 2883/5149/5641 2853/5148/5640 2851/5170/5669
f 2886/5173/5648 2885/5154/5646 2883/5149/5641 2888/5169/5647
f 2872/5163/5623 2867/5123/5617 2856/5122/5616 2854/5164/5670
f 2870/5174/5624 2869/5128/5622 2867/5123/5617 2872/5163/5623
s 765
f 2884/5150/5642 2880/5162/5652 2881/5160/5650
f 2884/5150/5642 2887/5159/5649 2885/5151/5643
s 764
f 2868/5124/5618 2864/5136/5628 2865/5134/5626
f 2868/5124/5618 2871/5133/5625 2869/5125/5619
s off
f 2844/5175/5671 2839/5176/5672 2842/5177/5673 2845/5178/5674
f 2847/5179/5675 2874/5180/5676 2873/5181/5677 2850/5182/5678
f 2891/5183/5679 2892/5184/5680 2889/5185/5681 2890/5186/5682
s 773
f 2899/5187/5683 2900/5188/5684 2901/5189/5685 2902/5190/5686
f 2902/5190/5686 2901/5189/5685 2903/5191/5687 2904/5192/5688
s off
f 2891/5193/5689 2905/5194/5690 2904/5195/5691 2892/5196/5692
s 773
f 2906/5197/5693 2899/5187/5683 2902/5190/5686 2907/5198/5694
f 2907/5198/5694 2902/5190/5686 2904/5192/5688 2908/5199/5695
f 2905/5194/5696 2897/5200/5697 2898/5201/5698 2909/5202/5699
s 775
f 2910/5203/5700 2911/5204/5701 2912/5205/5702
s off
f 2897/5200/5703 2905/5194/5704 2891/5193/5705 2890/5206/5706
s 773
f 2913/5207/5707 2905/5194/5696 2909/5202/5699 2911/5208/5708
f 2908/5199/5695 2904/5192/5688 2905/5209/5696 2913/5210/5707
f 2914/5211/5709 2899/5187/5683 2906/5197/5693 2912/5212/5710
s 775
f 2913/5213/5711 2910/5203/5700 2908/5214/5712
f 2912/5205/5702 2906/5215/5713 2910/5203/5700
f 2910/5203/5700 2906/5215/5713 2907/5216/5714
s 773
f 2915/5217/5715 2916/5218/5716 2917/5219/5717 2918/5220/5718
f 2918/5220/5718 2917/5219/5717 2919/5221/5719 2920/5222/5720
f 2921/5223/5721 2915/5217/5715 2918/5220/5718 2922/5224/5722
f 2922/5224/5722 2918/5220/5718 2920/5222/5720 2923/5225/5723
f 2924/5226/5724 2894/5227/5725 2895/5228/5726 2925/5229/5727
s 777
f 2926/5230/5728 2927/5231/5729 2928/5232/5730
s 773
f 2929/5233/5731 2924/5226/5724 2925/5229/5727 2927/5234/5732
f 2923/5225/5723 2920/5222/5720 2924/5235/5724 2929/5236/5731
f 2930/5237/5733 2915/5217/5715 2921/5223/5721 2928/5238/5734
s 777
f 2929/5239/5735 2926/5230/5728 2923/5240/5736
f 2928/5232/5730 2921/5241/5737 2926/5230/5728
f 2926/5230/5728 2921/5241/5737 2922/5242/5738
s off
f 2914/5243/5739 2896/5244/5740 2894/5227/5741 2924/5226/5742
f 2899/5245/5743 2914/5243/5744 2924/5226/5745 2920/5246/5746
s 773
f 2919/5221/5719 2900/5188/5684 2899/5187/5683 2920/5222/5720
f 2930/5247/5733 2925/5229/5727 2895/5228/5726 2893/5248/5747
f 2928/5249/5734 2927/5234/5732 2925/5229/5727 2930/5247/5733
f 2914/5243/5709 2909/5202/5699 2898/5201/5698 2896/5244/5748
f 2912/5250/5710 2911/5208/5708 2909/5202/5699 2914/5243/5709
s 777
f 2926/5230/5728 2922/5242/5738 2923/5240/5736
f 2926/5230/5728 2929/5239/5735 2927/5231/5729
s 775
f 2910/5203/5700 2907/5216/5714 2908/5214/5712
f 2910/5203/5700 2913/5213/5711 2911/5204/5701
s off
f 2933/5251/5749 2932/5252/5750 2931/5253/5751 2934/5254/5752
f 2932/5255/5753 2933/5256/5754 2938/5257/5755 2935/5258/5756
f 2938/5257/5757 2933/5256/5758 2934/5259/5759 2936/5260/5760
f 2903/5261/5761 2889/5262/5762 2892/5263/5763 2904/5264/5764
f 2931/5265/5765 2937/5266/5766 2936/5267/5767 2934/5268/5768
f 2943/5269/5769 2942/5270/5770 2939/5271/5771 2941/5272/5772
f 2944/5273/5773 2943/5274/5774 2941/5275/5775 2940/5276/5776
f 2955/5277/5777 2956/5278/5778 2942/5279/5779 2943/5280/5780
f 2955/5281/5781 2943/5282/5782 2944/5283/5783 2954/5284/5784
f 2946/5285/5785 2949/5286/5786 2950/5287/5787 2947/5288/5788
f 2947/5289/5789 2950/5290/5790 2948/5291/5791 2945/5292/5792
f 2952/5293/5793 2941/5294/5794 2939/5295/5795 2951/5296/5796
f 2952/5297/5797 2953/5298/5798 2940/5299/5799 2941/5300/5800
f 2950/5301/5801 2952/5293/5802 2951/5296/5803 2948/5302/5804
f 2950/5303/5805 2949/5304/5806 2953/5298/5807 2952/5297/5808
f 2947/5305/5809 2955/5281/5810 2954/5284/5811 2946/5306/5812
f 2947/5307/5813 2945/5308/5814 2956/5278/5815 2955/5277/5816
s 797
f 2957/5309/5817 2958/5310/5818 2959/5311/5819 2960/5312/5820
f 2957/5309/5817 2961/5313/5821 2962/5314/5822 2958/5310/5818
f 2961/5313/5821 2963/5315/5823 2964/5316/5824 2962/5314/5822
f 2965/5317/5825 2964/5318/5824 2963/5319/5823 2966/5320/5826
f 2966/5320/5826 2967/5321/5827 2968/5322/5828 2965/5317/5825
f 2967/5321/5827 2960/5312/5820 2959/5311/5819 2968/5322/5828
s 798
f 2969/5323/5829 2970/5324/5830 2971/5325/5831
f 2969/5323/5829 2972/5326/5832 2970/5324/5830
s 799
f 2970/5327/5833 2957/5309/5834 2960/5312/5835 2971/5328/5836
f 2971/5328/5836 2960/5312/5835 2967/5321/5837 2973/5329/5838
f 2974/5330/5839 2973/5329/5838 2967/5321/5837 2966/5320/5840
f 2963/5319/5841 2975/5331/5842 2974/5330/5839 2966/5320/5840
f 2975/5332/5842 2963/5315/5841 2961/5313/5843 2972/5333/5844
f 2970/5327/5833 2972/5333/5844 2961/5313/5843 2957/5309/5834
s 798
f 2974/5334/5845 2969/5323/5829 2973/5335/5846
f 2974/5334/5845 2975/5336/5847 2969/5323/5829
f 2969/5323/5829 2975/5336/5847 2972/5326/5832
f 2973/5335/5846 2969/5323/5829 2971/5325/5831
s 800
f 2976/5337/5848 2958/5338/5849 2962/5339/5850 2977/5340/5851
f 2976/5337/5848 2978/5341/5852 2959/5342/5853 2958/5338/5849
f 2978/5341/5852 2979/5343/5854 2968/5344/5855 2959/5342/5853
f 2965/5345/5856 2968/5346/5855 2979/5347/5854 2980/5348/5857
f 2980/5348/5857 2981/5349/5858 2964/5350/5859 2965/5345/5856
f 2981/5349/5858 2977/5340/5851 2962/5339/5850 2964/5350/5859
s 801
f 2982/5351/5860 2983/5352/5861 2984/5353/5862
f 2982/5351/5860 2985/5354/5863 2983/5352/5861
s 802
f 2983/5355/5864 2976/5337/5865 2977/5340/5866 2984/5356/5867
f 2984/5356/5867 2977/5340/5866 2981/5349/5868 2986/5357/5869
f 2987/5358/5870 2986/5357/5869 2981/5349/5868 2980/5348/5871
f 2979/5347/5872 2988/5359/5873 2987/5358/5870 2980/5348/5871
f 2988/5360/5873 2979/5343/5872 2978/5341/5874 2985/5361/5875
f 2983/5355/5864 2985/5361/5875 2978/5341/5874 2976/5337/5865
s 801
f 2987/5362/5876 2982/5351/5860 2986/5363/5877
f 2987/5362/5876 2988/5364/5878 2982/5351/5860
f 2982/5351/5860 2988/5364/5878 2985/5354/5863
f 2986/5363/5877 2982/5351/5860 2984/5353/5862
s 803
f 3004/5365/5879 3005/5366/5880 2989/5367/5881 2996/5368/5882
s 804
f 2990/5369/5883 2993/5370/5884 2996/5371/5885 2989/5372/5886
s 805
f 2993/5373/5887 2990/5374/5888 3006/5375/5889 3001/5376/5890
s 806
f 3006/5377/5891 2990/5378/5892 2989/5379/5893 3005/5380/5894
s 807
f 2994/5381/5895 2992/5382/5896 2991/5383/5897 2995/5384/5898
s 803
f 3004/5385/5879 2996/5386/5882 2997/5387/5899 3003/5388/5900
s 804
f 2998/5389/5901 2997/5390/5902 2996/5391/5885 2993/5392/5884
s 805
f 2993/5393/5887 3001/5394/5890 3002/5395/5903 2998/5396/5904
s 808
f 3002/5397/5905 3003/5398/5906 2997/5399/5907 2998/5400/5908
s 807
f 2994/5401/5895 2995/5402/5898 2999/5403/5909 3000/5404/5910
s 805
f 3001/5405/5890 2994/5406/5911 3000/5407/5912 3002/5408/5903
s 808
f 3000/5409/5913 2999/5410/5914 3003/5411/5906 3002/5412/5905
s 803
f 3004/5413/5879 3003/5414/5900 2999/5415/5915 2995/5416/5916
f 3005/5417/5880 3004/5418/5879 2995/5419/5916 2991/5420/5917
s 806
f 2992/5421/5918 3006/5422/5891 3005/5423/5894 2991/5424/5919
s 805
f 3001/5425/5890 3006/5426/5889 2992/5427/5920 2994/5428/5911
s off
f 3009/5429/5921 3007/5430/5922 3008/5431/5923 3010/5432/5924
f 3013/5433/5925 3011/5434/5926 3012/5435/5927 3014/5436/5928
f 3014/5436/5929 3008/5437/5930 3007/5438/5931 3013/5433/5932
f 3010/5432/5933 3012/5439/5934 3011/5440/5935 3009/5429/5936
f 3015/5441/5937 3016/5442/5938 3017/5443/5939 3018/5444/5940
f 3019/5445/5941 3015/5446/5942 3018/5447/5943 3020/5448/5944
f 3020/5449/5945 3021/5450/5946 3022/5451/5947 3019/5452/5948
f 3016/5442/5949 3022/5453/5950 3021/5454/5951 3017/5443/5952
f 3028/5455/5953 3027/5456/5954 3024/5457/5955 3023/5458/5956
f 3029/5459/5957 3028/5460/5958 3023/5461/5959 3025/5462/5960
f 3025/5463/5961 3026/5464/5962 3030/5465/5963 3029/5466/5964
f 3027/5456/5965 3030/5467/5966 3026/5468/5967 3024/5457/5968
f 3019/5469/5969 3022/5470/5970 3027/5471/5971 3028/5472/5972
f 3029/5473/5973 3030/5474/5974 3016/5475/5975 3015/5476/5976
f 3022/5470/5977 3016/5477/5978 3030/5478/5979 3027/5471/5980
f 3015/5479/5981 3019/5480/5982 3028/5481/5983 3029/5482/5984
f 3018/5483/5985 3017/5484/5986 3026/5485/5987 3025/5486/5988
f 3023/5487/5989 3024/5488/5990 3021/5489/5991 3020/5490/5992
f 3017/5484/5993 3021/5491/5994 3024/5492/5995 3026/5485/5996
f 3020/5493/5997 3018/5494/5998 3025/5495/5999 3023/5496/6000
s 829
f 3031/5497/6001 3032/5498/6002 3040/5499/6003 3039/5500/6004
s 830
f 3035/5501/6005 3036/5502/6006 3042/5503/6007 3041/5504/6008
s 831
f 3032/5498/6009 3038/5505/6010 3042/5506/6011 3040/5499/6012
s 832
f 3037/5507/6013 3031/5508/6014 3039/5509/6015 3041/5510/6016
s 829
f 3033/5511/6017 3039/5500/6004 3040/5499/6003 3034/5512/6018
s 831
f 3034/5512/6019 3040/5499/6012 3042/5506/6011 3036/5513/6020
s 832
f 3035/5514/6021 3041/5510/6016 3039/5509/6015 3033/5515/6022
s 830
f 3041/5504/6008 3042/5503/6007 3038/5516/6023 3037/5517/6024
s 833
f 3043/5518/6025 3044/5519/6026 3052/5520/6027 3051/5521/6028
s 834
f 3047/5522/6029 3048/5523/6030 3054/5524/6031 3053/5525/6032
s 835
f 3044/5519/6033 3050/5526/6034 3054/5527/6035 3052/5520/6036
s 836
f 3049/5528/6037 3043/5529/6038 3051/5530/6039 3053/5531/6040
s 833
f 3045/5532/6041 3051/5521/6028 3052/5520/6027 3046/5533/6042
s 835
f 3046/5533/6043 3052/5520/6036 3054/5527/6035 3048/5534/6044
s 836
f 3047/5535/6045 3053/5531/6040 3051/5530/6039 3045/5536/6046
s 834
f 3053/5525/6032 3054/5524/6031 3050/5537/6047 3049/5538/6048
s 837
f 3055/5539/6049 3056/5540/6050 3064/5541/6051 3063/5542/6052
s 838
f 3059/5543/6053 3060/5544/6054 3066/5545/6055 3065/5546/6056
s 839
f 3056/5540/6057 3062/5547/6058 3066/5548/6059 3064/5541/6060
s 840
f 3061/5549/6061 3055/5550/6062 3063/5551/6063 3065/5552/6064
s 837
f 3057/5553/6065 3063/5542/6052 3064/5541/6051 3058/5554/6066
s 839
f 3058/5554/6067 3064/5541/6060 3066/5548/6059 3060/5555/6068
s 840
f 3059/5556/6069 3065/5552/6064 3063/5551/6063 3057/5557/6070
s 838
f 3065/5546/6056 3066/5545/6055 3062/5558/6071 3061/5559/6072
s 841
f 3067/5560/6073 3068/5561/6074 3076/5562/6075 3075/5563/6076
s 842
f 3071/5564/6077 3072/5565/6078 3078/5566/6079 3077/5567/6080
s 843
f 3068/5561/6081 3074/5568/6082 3078/5569/6083 3076/5562/6084
s 844
f 3073/5570/6085 3067/5571/6086 3075/5572/6087 3077/5573/6088
s 841
f 3069/5574/6089 3075/5563/6076 3076/5562/6075 3070/5575/6090
s 843
f 3070/5575/6091 3076/5562/6084 3078/5569/6083 3072/5576/6092
s 844
f 3071/5577/6093 3077/5573/6088 3075/5572/6087 3069/5578/6094
s 842
f 3077/5567/6080 3078/5566/6079 3074/5579/6095 3073/5580/6096
s off
f 3079/5581/6097 3080/5582/6098 3083/5583/6099
f 3080/5582/6100 3081/5584/6101 3082/5585/6102 3083/5583/6103
f 3088/5586/6104 3086/5587/6105 3087/5588/6106
f 3085/5589/6107 3081/5590/6108 3080/5591/6109 3087/5592/6110
f 3082/5593/6111 3084/5594/6112 3086/5595/6113 3083/5596/6114
f 3086/5587/6115 3084/5597/6116 3085/5598/6117 3087/5588/6118
