# This file uses centimeters as units for non-parametric coordinates.

g default
v -75.978592 0.426458 -0.032081
v -75.978592 0.412394 0.001873
v -75.978592 0.426458 0.035825
v -75.978592 0.460411 0.049890
v -75.978592 0.494365 0.035825
v -75.978592 0.508429 0.001873
v -75.978592 0.494365 -0.032081
v -75.978592 0.460411 -0.046144
v -78.046852 0.426458 -0.032081
v -78.046852 0.412394 0.001873
v -78.046852 0.426458 0.035825
v -78.046852 0.460411 0.049890
v -78.046852 0.494365 0.035825
v -78.046852 0.508429 0.001873
v -78.046852 0.494365 -0.032081
v -78.046852 0.460411 -0.046144
v -78.076309 0.840508 -2.111908
v -78.076309 0.840508 -2.156054
v -78.076309 1.327951 -2.111908
v -78.076309 1.327951 -2.156054
v -78.009483 1.327951 -2.111908
v -78.009483 1.327951 -2.156054
v -78.009483 0.840508 -2.111908
v -78.009483 0.840508 -2.156054
v -78.086746 0.186343 0.041978
v -78.042908 0.186343 0.060144
v -77.999046 0.186343 0.041978
v -77.980881 0.186343 -0.001875
v -77.999046 0.186343 -0.045724
v -78.042908 0.186343 -0.063889
v -78.086746 0.186343 -0.045724
v -78.104927 0.186343 -0.001875
v -78.086746 1.771043 0.041978
v -78.042908 1.771043 0.060144
v -77.999046 1.771043 0.041978
v -77.980881 1.771043 -0.001875
v -77.999046 1.771043 -0.045724
v -78.042908 1.771043 -0.063889
v -78.086746 1.771043 -0.045724
v -78.104927 1.771043 -0.001875
v -78.042908 0.186343 -0.001875
v -77.980881 0.697970 1.432221
v -77.999046 0.697970 1.388367
v -78.042908 0.697970 1.370205
v -78.086746 0.697970 1.388367
v -78.104927 0.697970 1.432221
v -78.086746 0.697970 1.476073
v -78.042908 0.697970 1.494237
v -77.999046 0.697970 1.476073
v -77.980881 1.785822 1.432221
v -77.999046 1.785822 1.388367
v -78.042908 1.785822 1.370205
v -78.086746 1.785822 1.388367
v -78.104927 1.785822 1.432221
v -78.086746 1.785822 1.476073
v -78.042908 1.785822 1.494237
v -77.999046 1.785822 1.476073
v -77.990372 1.754573 1.432220
v -78.005768 1.754573 1.469358
v -78.042908 1.754573 1.484741
v -78.080040 1.754573 1.469359
v -78.095421 1.754573 1.432221
v -78.080040 1.754573 1.395082
v -78.042908 1.754573 1.379699
v -78.005768 1.754573 1.395082
v -77.962860 1.771043 1.432220
v -77.986298 1.771043 1.488820
v -78.042908 1.771043 1.512264
v -78.099495 1.771043 1.488820
v -78.122940 1.771043 1.432220
v -78.099495 1.771043 1.375621
v -78.042908 1.771043 1.352176
v -77.986305 1.771043 1.375621
v -77.968605 1.808982 1.432219
v -77.990364 1.808982 1.484755
v -78.042908 1.808982 1.506513
v -78.095436 1.808982 1.484753
v -78.117195 1.808982 1.432220
v -78.095436 1.808982 1.379686
v -78.042908 1.808982 1.357925
v -77.990364 1.808982 1.379686
v -77.985542 1.814472 1.432219
v -78.002335 1.814472 1.472782
v -78.042908 1.814472 1.489584
v -78.083466 1.814472 1.472782
v -78.100258 1.814472 1.432220
v -78.083466 1.814472 1.391658
v -78.042908 1.814472 1.374856
v -78.002335 1.814472 1.391658
v -77.995216 1.838628 1.432220
v -78.009178 1.838628 1.465942
v -78.042908 1.838628 1.479910
v -78.076614 1.838628 1.465940
v -78.090591 1.838628 1.432220
v -78.076614 1.838628 1.398498
v -78.042908 1.838628 1.384531
v -78.009178 1.838628 1.398499
v -78.012146 1.845216 1.432221
v -78.021149 1.845216 1.453969
v -78.042908 1.845216 1.462979
v -78.064651 1.845216 1.453970
v -78.073662 1.845216 1.432220
v -78.064651 1.845216 1.410471
v -78.042908 1.845216 1.401462
v -78.021149 1.845216 1.410471
v -77.982513 1.867897 1.432221
v -78.000198 1.867897 1.474920
v -78.042908 1.867897 1.492607
v -78.085602 1.867897 1.474918
v -78.103279 1.867897 1.432221
v -78.085602 1.867897 1.389523
v -78.042908 1.867897 1.371836
v -78.000198 1.867897 1.389521
v -77.958923 1.901935 1.432221
v -77.983521 1.901935 1.491600
v -78.042908 1.901935 1.516195
v -78.102272 1.901935 1.491600
v -78.126877 1.901935 1.432220
v -78.102280 1.901935 1.372841
v -78.042908 1.901935 1.348245
v -77.983521 1.901935 1.372840
v -78.006111 1.923895 1.432220
v -78.016884 1.923895 1.458239
v -78.042908 1.923895 1.469016
v -78.068924 1.923895 1.458237
v -78.079697 1.923895 1.432220
v -78.068924 1.923895 1.406203
v -78.042908 1.923895 1.395426
v -78.016884 1.923895 1.406201
v -78.042908 1.954638 1.432219
v -78.080040 1.754573 0.035264
v -78.095421 1.754573 -0.001875
v -78.080040 1.754573 -0.039012
v -78.042908 1.754573 -0.054394
v -78.005768 1.754573 -0.039012
v -77.990379 1.754573 -0.001875
v -78.005768 1.754573 0.035264
v -78.042908 1.754573 0.050649
v -78.099495 1.771043 0.054727
v -78.122940 1.771043 -0.001875
v -78.099495 1.771043 -0.058474
v -78.042908 1.771043 -0.081917
v -77.986298 1.771043 -0.058474
v -77.962860 1.771043 -0.001875
v -77.986298 1.771043 0.054727
v -78.042908 1.771043 0.078170
v -78.095436 1.808982 0.050661
v -78.117195 1.808982 -0.001875
v -78.095436 1.808982 -0.054409
v -78.042908 1.808982 -0.076168
v -77.990364 1.808982 -0.054409
v -77.968605 1.808982 -0.001875
v -77.990364 1.808982 0.050661
v -78.042908 1.808982 0.072422
v -78.083466 1.814472 0.038688
v -78.100258 1.814472 -0.001875
v -78.083466 1.814472 -0.042435
v -78.042908 1.814472 -0.059237
v -78.002335 1.814472 -0.042435
v -77.985535 1.814472 -0.001875
v -78.002335 1.814472 0.038688
v -78.042908 1.814472 0.055490
v -78.076622 1.838628 0.031848
v -78.090591 1.838628 -0.001875
v -78.076622 1.838628 -0.035594
v -78.042908 1.838628 -0.049562
v -78.009178 1.838628 -0.035594
v -77.995216 1.838628 -0.001875
v -78.009178 1.838628 0.031848
v -78.042908 1.838628 0.045815
v -78.064651 1.845216 0.019876
v -78.073662 1.845216 -0.001875
v -78.064651 1.845216 -0.023622
v -78.042908 1.845216 -0.032631
v -78.021149 1.845216 -0.023622
v -78.012146 1.845216 -0.001875
v -78.021149 1.845216 0.019876
v -78.042908 1.845216 0.028887
v -78.085602 1.867897 0.040826
v -78.103279 1.867897 -0.001875
v -78.085602 1.867897 -0.044573
v -78.042908 1.867897 -0.062259
v -78.000198 1.867897 -0.044573
v -77.982521 1.867897 -0.001875
v -78.000198 1.867897 0.040826
v -78.042908 1.867897 0.058514
v -78.102280 1.901935 0.057507
v -78.126877 1.901935 -0.001875
v -78.102280 1.901935 -0.061255
v -78.042908 1.901935 -0.085848
v -77.983521 1.901935 -0.061255
v -77.958923 1.901935 -0.001875
v -77.983521 1.901935 0.057507
v -78.042908 1.901935 0.082102
v -78.068924 1.923895 0.024143
v -78.079697 1.923895 -0.001875
v -78.068924 1.923895 -0.027891
v -78.042908 1.923895 -0.038670
v -78.016884 1.923895 -0.027891
v -78.006104 1.923895 -0.001875
v -78.016884 1.923895 0.024143
v -78.042908 1.923895 0.034922
v -78.042908 1.954638 -0.001875
v -78.076309 0.840508 2.111908
v -78.076309 0.840508 2.156053
v -78.076309 1.327951 2.111908
v -78.076309 1.327951 2.156053
v -78.009483 1.327951 2.111908
v -78.009483 1.327951 2.156053
v -78.009483 0.840508 2.111908
v -78.009483 0.841520 2.156053
v -78.084572 1.366588 1.419131
v -78.081528 1.371538 2.153802
v -78.002693 1.366588 1.419148
v -78.000916 1.371538 2.153802
v -78.002693 1.288320 1.419148
v -78.000916 1.288003 2.153802
v -78.084572 1.288320 1.419131
v -78.081528 1.288003 2.153802
v -78.006447 1.366565 0.000279
v -78.084465 1.366565 0.000328
v -78.084465 1.288339 0.000328
v -78.006447 1.288339 0.000279
v -78.085342 1.288327 -1.419391
v -78.084511 1.291371 -2.153615
v -78.085342 1.370216 -1.419079
v -78.084511 1.371989 -2.153615
v -78.000153 1.370216 -1.419079
v -78.000984 1.371989 -2.153615
v -78.000153 1.288327 -1.419391
v -78.000984 1.291371 -2.153615
v -78.084351 1.366468 0.000320
v -78.084351 1.288438 0.000271
v -78.001144 1.288438 0.000271
v -78.001144 1.366468 0.000320
v -78.073860 1.563569 0.000304
v -78.073860 1.563373 -1.418002
v -78.073860 1.562862 -2.153615
v -78.073860 1.622176 0.000335
v -78.073860 1.623111 -1.417800
v -78.073860 1.622751 -2.153615
v -78.011940 1.622176 0.000335
v -78.011940 1.623111 -1.417800
v -78.011940 1.622751 -2.153615
v -78.011940 1.563569 0.000304
v -78.011940 1.563373 -1.418002
v -78.011940 1.562862 -2.153615
v -78.084183 1.592872 0.000320
v -78.084183 1.593242 -1.417900
v -78.084183 1.592806 -2.153615
v -78.042908 1.631944 0.000341
v -78.042908 1.633067 -1.417768
v -78.042908 1.632732 -2.153615
v -78.001610 1.592872 0.000320
v -78.001610 1.593242 -1.417900
v -78.001610 1.592806 -2.153615
v -78.042908 1.553801 0.000298
v -78.042908 1.553417 -1.418034
v -78.042908 1.552881 -2.153615
v -78.042908 1.592806 -2.153615
v -78.073860 1.563569 0.000295
v -78.073860 1.563373 1.419208
v -78.073860 1.562862 2.153802
v -78.073860 1.622176 0.000263
v -78.073860 1.623111 1.419218
v -78.073860 1.622751 2.153802
v -78.011940 1.622176 0.000263
v -78.011940 1.623111 1.419218
v -78.011940 1.622751 2.153802
v -78.011940 1.563569 0.000295
v -78.011940 1.563373 1.419208
v -78.011940 1.562862 2.153802
v -78.084183 1.592872 0.000278
v -78.084183 1.593242 1.419213
v -78.084183 1.592806 2.153802
v -78.042908 1.631944 0.000258
v -78.042908 1.633067 1.419220
v -78.042908 1.632732 2.153802
v -78.001610 1.592872 0.000278
v -78.001610 1.593242 1.419213
v -78.001610 1.592806 2.153802
v -78.042908 1.553801 0.000301
v -78.042908 1.553417 1.419206
v -78.042908 1.552881 2.153802
v -78.042908 1.592806 2.153802
v -77.980888 0.697970 -1.431622
v -77.999046 0.697970 -1.387769
v -78.042908 0.697970 -1.369605
v -78.086746 0.697970 -1.387769
v -78.104927 0.697970 -1.431622
v -78.086746 0.697970 -1.475474
v -78.042908 0.697970 -1.493637
v -77.999046 0.697970 -1.475474
v -77.980888 1.785822 -1.431622
v -77.999046 1.785822 -1.387769
v -78.042908 1.785822 -1.369605
v -78.086746 1.785822 -1.387769
v -78.104927 1.785822 -1.431622
v -78.086746 1.785822 -1.475474
v -78.042908 1.785822 -1.493637
v -77.999046 1.785822 -1.475474
v -77.990372 1.754573 -1.431621
v -78.005768 1.754573 -1.468759
v -78.042908 1.754573 -1.484144
v -78.080040 1.754573 -1.468759
v -78.095421 1.754573 -1.431622
v -78.080040 1.754573 -1.394482
v -78.042908 1.754573 -1.379101
v -78.005768 1.754573 -1.394484
v -77.962860 1.771043 -1.431621
v -77.986298 1.771043 -1.488220
v -78.042908 1.771043 -1.511665
v -78.099495 1.771043 -1.488221
v -78.122940 1.771043 -1.431621
v -78.099495 1.771043 -1.375023
v -78.042908 1.771043 -1.351578
v -77.986298 1.771043 -1.375021
v -77.968605 1.808982 -1.431621
v -77.990364 1.808982 -1.484157
v -78.042908 1.808982 -1.505917
v -78.095436 1.808982 -1.484157
v -78.117195 1.808982 -1.431621
v -78.095436 1.808982 -1.379087
v -78.042908 1.808982 -1.357327
v -77.990364 1.808982 -1.379087
v -77.985542 1.814472 -1.431621
v -78.002335 1.814472 -1.472184
v -78.042908 1.814472 -1.488986
v -78.083466 1.814472 -1.472184
v -78.100258 1.814472 -1.431621
v -78.083466 1.814472 -1.391061
v -78.042908 1.814472 -1.374258
v -78.002335 1.814472 -1.391060
v -77.995216 1.838628 -1.431621
v -78.009178 1.838628 -1.465343
v -78.042908 1.838628 -1.479312
v -78.076614 1.838628 -1.465343
v -78.090591 1.838628 -1.431621
v -78.076614 1.838628 -1.397901
v -78.042908 1.838628 -1.383933
v -78.009178 1.838628 -1.397901
v -78.012146 1.845216 -1.431621
v -78.021149 1.845216 -1.453371
v -78.042908 1.845216 -1.462380
v -78.064651 1.845216 -1.453371
v -78.073662 1.845216 -1.431622
v -78.064651 1.845216 -1.409873
v -78.042908 1.845216 -1.400864
v -78.021149 1.845216 -1.409873
v -77.982521 1.867897 -1.431622
v -78.000198 1.867897 -1.474321
v -78.042908 1.867897 -1.492006
v -78.085602 1.867897 -1.474319
v -78.103279 1.867897 -1.431622
v -78.085602 1.867897 -1.388924
v -78.042908 1.867897 -1.371236
v -78.000198 1.867897 -1.388923
v -77.958923 1.901935 -1.431621
v -77.983521 1.901935 -1.491001
v -78.042908 1.901935 -1.515595
v -78.102272 1.901935 -1.491001
v -78.126877 1.901935 -1.431622
v -78.102280 1.901935 -1.372242
v -78.042908 1.901935 -1.347645
v -77.983521 1.901935 -1.372242
v -78.006111 1.923895 -1.431621
v -78.016884 1.923895 -1.457639
v -78.042908 1.923895 -1.468418
v -78.068924 1.923895 -1.457639
v -78.079697 1.923895 -1.431621
v -78.068924 1.923895 -1.405605
v -78.042908 1.923895 -1.394826
v -78.016884 1.923895 -1.405605
v -78.042908 1.954638 -1.431621
v -78.123466 0.773542 -2.153615
v -78.123466 0.883551 -2.153615
v -77.962326 0.883551 -2.153615
v -77.962326 0.773542 -2.153615
v -77.962326 0.773427 2.153801
v -78.123466 0.773427 2.153801
v -78.123466 0.883042 2.153801
v -77.962326 0.883042 2.153801
v -78.115753 0.546336 0.678412
v -78.115753 0.635002 1.411466
v -78.115753 0.664620 2.153802
v -78.105263 0.655288 0.660774
v -78.105263 0.745017 1.402618
v -78.105263 0.774990 2.153802
v -77.980537 0.655288 0.660774
v -77.980537 0.745017 1.402618
v -77.980537 0.774990 2.153802
v -77.970062 0.546336 0.678412
v -77.970062 0.635002 1.411466
v -77.970062 0.664620 2.153802
v -77.970062 0.405169 0.002764
v -78.115753 0.405169 0.002764
v -78.105263 0.517792 0.002764
v -77.980537 0.517792 0.002764
v -78.115753 0.546336 -0.677813
v -78.115753 0.635002 -1.410868
v -78.115753 0.664620 -2.153615
v -78.105263 0.655288 -0.660174
v -78.105263 0.745017 -1.402020
v -78.105263 0.774990 -2.153615
v -77.980537 0.655288 -0.660174
v -77.980537 0.745017 -1.402020
v -77.980537 0.774990 -2.153615
v -77.970062 0.546336 -0.677813
v -77.970062 0.635002 -1.410868
v -77.970062 0.664620 -2.153615
v -78.115753 0.698329 -1.405772
v -78.115753 0.728152 -2.153615
v -77.970062 0.728152 -2.153615
v -77.970062 0.698329 -1.405772
v -77.970062 0.609052 -0.667661
v -77.970062 0.469998 0.002764
v -77.970062 0.609052 0.668259
v -77.970062 0.698329 1.406372
v -77.970062 0.728152 2.153802
v -78.115753 0.728152 2.153802
v -78.115753 0.698329 1.406372
v -78.115753 0.609052 0.668259
v -78.115753 0.469998 0.002764
v -78.115753 0.609052 -0.667661
v -78.076309 0.628145 0.681760
v -78.076309 0.628145 0.748588
v -78.076309 1.319309 0.681760
v -78.076309 1.319309 0.748588
v -78.009483 1.319309 0.681760
v -78.009483 1.319309 0.748588
v -78.009483 0.628145 0.681760
v -78.009483 0.628145 0.748588
v -78.076309 0.628145 -0.681160
v -78.076309 0.628145 -0.747990
v -78.076309 1.319309 -0.681160
v -78.076309 1.319309 -0.747990
v -78.009483 1.319309 -0.681160
v -78.009483 1.319309 -0.747990
v -78.009483 0.628145 -0.681160
v -78.009483 0.628145 -0.747990
v -75.978592 0.796150 0.110903
v -75.978592 0.796150 -0.104382
v -75.978592 0.845475 0.112031
v -75.978592 0.845475 -0.104392
v -78.042908 0.845475 0.112031
v -78.042908 0.845475 -0.104392
v -78.042908 0.796150 0.110903
v -78.042908 0.796150 -0.104382
v -75.978592 0.796150 0.338029
v -75.978592 0.796150 0.122869
v -75.978592 0.845475 0.340359
v -75.978592 0.845475 0.124061
v -78.042908 0.845475 0.340359
v -78.042908 0.845475 0.124061
v -78.042908 0.796150 0.338029
v -78.042908 0.796150 0.122869
v -75.978592 0.796150 1.017265
v -75.978592 0.796150 0.803260
v -75.978592 0.845475 1.023183
v -75.978592 0.845475 0.808050
v -78.042908 0.845475 1.023183
v -78.042908 0.845475 0.808050
v -78.042908 0.796150 1.017265
v -78.042908 0.796150 0.803260
v -75.978592 0.796150 1.242503
v -75.978592 0.796150 1.029146
v -75.978592 0.845475 1.249615
v -75.978592 0.845475 1.035129
v -78.042908 0.845475 1.249615
v -78.042908 0.845475 1.035129
v -78.042908 0.796150 1.242503
v -78.042908 0.796150 1.029146
v -75.978592 0.796150 1.690410
v -75.978592 0.796150 1.478727
v -75.978592 0.845475 1.699889
v -75.978592 0.845475 1.487086
v -78.042908 0.845475 1.699889
v -78.042908 0.845475 1.487086
v -78.042908 0.796150 1.690410
v -78.042908 0.796150 1.478727
v -75.978592 0.796150 1.917149
v -75.978592 0.796150 1.706517
v -75.978592 0.845475 1.927826
v -75.978592 0.845475 1.716081
v -78.042908 0.845475 1.927826
v -78.042908 0.845475 1.716081
v -78.042908 0.796150 1.917149
v -78.042908 0.796150 1.706517
v -75.978592 0.796150 2.138303
v -75.978592 0.796150 1.928830
v -75.978592 0.845475 2.150147
v -75.978592 0.845475 1.939568
v -78.042908 0.845475 2.150147
v -78.042908 0.845475 1.939568
v -78.042908 0.796150 2.138303
v -78.042908 0.796150 1.928830
v -75.978592 0.796150 1.466931
v -75.978592 0.796150 1.254347
v -75.978592 0.845475 1.475227
v -75.978592 0.845475 1.261520
v -78.042908 0.845475 1.475227
v -78.042908 0.845475 1.261520
v -78.042908 0.796150 1.466931
v -78.042908 0.796150 1.254347
v -75.978592 0.796150 0.564891
v -75.978592 0.796150 0.349987
v -75.978592 0.845475 0.568418
v -75.978592 0.845475 0.352380
v -78.042908 0.845475 0.568418
v -78.042908 0.845475 0.352380
v -78.042908 0.796150 0.564891
v -78.042908 0.796150 0.349987
v -75.978592 0.796150 0.791348
v -75.978592 0.796150 0.576829
v -75.978592 0.845475 0.796074
v -75.978592 0.845475 0.580421
v -78.042908 0.845475 0.796074
v -78.042908 0.845475 0.580421
v -78.042908 0.796150 0.791348
v -78.042908 0.796150 0.576829
v -75.978592 0.796150 -1.923101
v -75.978592 0.796150 -2.138261
v -75.978592 0.845475 -1.923611
v -75.978592 0.845475 -2.139907
v -78.042908 0.845475 -1.923611
v -78.042908 0.845475 -2.139907
v -78.042908 0.796150 -1.923101
v -78.042908 0.796150 -2.138261
v -75.978592 0.796150 -1.241028
v -75.978592 0.796150 -1.455031
v -75.978592 0.845475 -1.240786
v -75.978592 0.845475 -1.455920
v -78.042908 0.845475 -1.240786
v -78.042908 0.845475 -1.455920
v -78.042908 0.796150 -1.241028
v -78.042908 0.796150 -1.455031
v -75.978592 0.796150 -1.012949
v -75.978592 0.796150 -1.229145
v -75.978592 0.845475 -1.014356
v -75.978592 0.845475 -1.228842
v -78.042908 0.845475 -1.014356
v -78.042908 0.845475 -1.228842
v -78.042908 0.796150 -1.012949
v -78.042908 0.796150 -1.229145
v -75.978592 0.796150 -0.562202
v -75.978592 0.796150 -0.776726
v -75.978592 0.845475 -0.564080
v -75.978592 0.845475 -0.776883
v -78.042908 0.845475 -0.564080
v -78.042908 0.845475 -0.776883
v -78.042908 0.796150 -0.562202
v -78.042908 0.796150 -0.776726
v -75.978592 0.796150 -0.335467
v -75.978592 0.796150 -0.546097
v -75.978592 0.845475 -0.336143
v -75.978592 0.845475 -0.547889
v -78.042908 0.845475 -0.336143
v -78.042908 0.845475 -0.547889
v -78.042908 0.796150 -0.335467
v -78.042908 0.796150 -0.546097
v -75.978592 0.796150 -0.114311
v -75.978592 0.796150 -0.323784
v -75.978592 0.845475 -0.113823
v -75.978592 0.845475 -0.324401
v -78.042908 0.845475 -0.113823
v -78.042908 0.845475 -0.324401
v -78.042908 0.796150 -0.114311
v -78.042908 0.796150 -0.323784
v -75.978592 0.796150 -0.788522
v -75.978592 0.796150 -1.001106
v -75.978592 0.845475 -0.788742
v -75.978592 0.845475 -1.002450
v -78.042908 0.845475 -0.788742
v -78.042908 0.845475 -1.002450
v -78.042908 0.796150 -0.788522
v -78.042908 0.796150 -1.001106
v -75.978592 0.796150 -1.693403
v -75.978592 0.796150 -1.911144
v -75.978592 0.845475 -1.695553
v -75.978592 0.845475 -1.911591
v -78.042908 0.845475 -1.695553
v -78.042908 0.845475 -1.911591
v -78.042908 0.796150 -1.693403
v -78.042908 0.796150 -1.911144
v -75.978592 0.796150 -1.466946
v -75.978592 0.796150 -1.681464
v -75.978592 0.845475 -1.467896
v -75.978592 0.845475 -1.683549
v -78.042908 0.845475 -1.467896
v -78.042908 0.845475 -1.683549
v -78.042908 0.796150 -1.466946
v -78.042908 0.796150 -1.681464
v -75.945175 0.840508 2.111907
v -75.945175 0.840508 2.156054
v -75.945175 1.327951 2.111907
v -75.945175 1.327951 2.156054
v -76.012009 1.327951 2.111907
v -76.012009 1.327951 2.156054
v -76.012009 0.840508 2.111907
v -76.012009 0.840508 2.156054
v -75.934738 0.186343 -0.041979
v -75.978592 0.186343 -0.060143
v -76.022446 0.186343 -0.041979
v -76.040611 0.186343 0.001873
v -76.022446 0.186343 0.045723
v -75.978592 0.186343 0.063889
v -75.934738 0.186343 0.045723
v -75.916573 0.186343 0.001873
v -75.934738 1.771043 -0.041979
v -75.978592 1.771043 -0.060143
v -76.022446 1.771043 -0.041979
v -76.040611 1.771043 0.001873
v -76.022446 1.771043 0.045723
v -75.978592 1.771043 0.063889
v -75.934738 1.771043 0.045723
v -75.916573 1.771043 0.001873
v -75.978592 0.186343 0.001873
v -76.040611 0.697970 -1.432220
v -76.022446 0.697970 -1.388368
v -75.978592 0.697970 -1.370204
v -75.934738 0.697970 -1.388368
v -75.916573 0.697970 -1.432220
v -75.934738 0.697970 -1.476071
v -75.978592 0.697970 -1.494236
v -76.022446 0.697970 -1.476071
v -76.040611 1.785822 -1.432220
v -76.022446 1.785822 -1.388368
v -75.978592 1.785822 -1.370204
v -75.934738 1.785822 -1.388368
v -75.916573 1.785822 -1.432220
v -75.934738 1.785822 -1.476071
v -75.978592 1.785822 -1.494236
v -76.022446 1.785822 -1.476071
v -76.031113 1.754573 -1.432220
v -76.015732 1.754573 -1.469359
v -75.978592 1.754573 -1.484743
v -75.941452 1.754573 -1.469359
v -75.926071 1.754573 -1.432220
v -75.941452 1.754573 -1.395082
v -75.978592 1.754573 -1.379698
v -76.015732 1.754573 -1.395081
v -76.058632 1.771043 -1.432220
v -76.035194 1.771043 -1.488820
v -75.978592 1.771043 -1.512263
v -75.921989 1.771043 -1.488819
v -75.898544 1.771043 -1.432220
v -75.921989 1.771043 -1.375620
v -75.978592 1.771043 -1.352178
v -76.035194 1.771043 -1.375622
v -76.052887 1.808982 -1.432220
v -76.031128 1.808982 -1.484754
v -75.978592 1.808982 -1.506516
v -75.926056 1.808982 -1.484756
v -75.904297 1.808982 -1.432220
v -75.926064 1.808982 -1.379684
v -75.978592 1.808982 -1.357924
v -76.031128 1.808982 -1.379686
v -76.035957 1.814472 -1.432220
v -76.019157 1.814472 -1.472782
v -75.978592 1.814472 -1.489585
v -75.938026 1.814472 -1.472783
v -75.921227 1.814472 -1.432220
v -75.938026 1.814472 -1.391657
v -75.978592 1.814472 -1.374855
v -76.019150 1.814472 -1.391657
v -76.026283 1.838628 -1.432220
v -76.012314 1.838628 -1.465942
v -75.978592 1.838628 -1.479908
v -75.944870 1.838628 -1.465941
v -75.930908 1.838628 -1.432220
v -75.944870 1.838628 -1.398499
v -75.978592 1.838628 -1.384531
v -76.012314 1.838628 -1.398499
v -76.009346 1.845216 -1.432220
v -76.000343 1.845216 -1.453968
v -75.978592 1.845216 -1.462979
v -75.956841 1.845216 -1.453970
v -75.947838 1.845216 -1.432220
v -75.956848 1.845216 -1.410470
v -75.978592 1.845216 -1.401463
v -76.000343 1.845216 -1.410470
v -76.038979 1.867897 -1.432220
v -76.021294 1.867897 -1.474918
v -75.978592 1.867897 -1.492605
v -75.935890 1.867897 -1.474920
v -75.918205 1.867897 -1.432220
v -75.935890 1.867897 -1.389520
v -75.978592 1.867897 -1.371835
v -76.021294 1.867897 -1.389522
v -76.062569 1.901935 -1.432220
v -76.037971 1.901935 -1.491601
v -75.978592 1.901935 -1.516196
v -75.919212 1.901935 -1.491600
v -75.894615 1.901935 -1.432220
v -75.919212 1.901935 -1.372842
v -75.978592 1.901935 -1.348246
v -76.037971 1.901935 -1.372841
v -76.015388 1.923895 -1.432220
v -76.004616 1.923895 -1.458238
v -75.978592 1.923895 -1.469015
v -75.952576 1.923895 -1.458238
v -75.941795 1.923895 -1.432220
v -75.952576 1.923895 -1.406202
v -75.978592 1.923895 -1.395427
v -76.004616 1.923895 -1.406204
v -75.978592 1.954638 -1.432220
v -75.941452 1.754573 -0.035264
v -75.926071 1.754573 0.001873
v -75.941452 1.754573 0.039013
v -75.978592 1.754573 0.054394
v -76.015732 1.754573 0.039013
v -76.031113 1.754573 0.001873
v -76.015732 1.754573 -0.035264
v -75.978592 1.754573 -0.050650
v -75.921997 1.771043 -0.054728
v -75.898544 1.771043 0.001873
v -75.921997 1.771043 0.058473
v -75.978592 1.771043 0.081917
v -76.035194 1.771043 0.058473
v -76.058632 1.771043 0.001873
v -76.035194 1.771043 -0.054728
v -75.978592 1.771043 -0.078170
v -75.926064 1.808982 -0.050662
v -75.904297 1.808982 0.001873
v -75.926064 1.808982 0.054408
v -75.978592 1.808982 0.076168
v -76.031128 1.808982 0.054408
v -76.052887 1.808982 0.001873
v -76.031128 1.808982 -0.050662
v -75.978592 1.808982 -0.072422
v -75.938026 1.814472 -0.038689
v -75.921227 1.814472 0.001873
v -75.938026 1.814472 0.042435
v -75.978592 1.814472 0.059236
v -76.019157 1.814472 0.042435
v -76.035957 1.814472 0.001873
v -76.019157 1.814472 -0.038689
v -75.978592 1.814472 -0.055490
v -75.944870 1.838628 -0.031847
v -75.930908 1.838628 0.001873
v -75.944870 1.838628 0.035595
v -75.978592 1.838628 0.049561
v -76.012314 1.838628 0.035595
v -76.026283 1.838628 0.001873
v -76.012314 1.838628 -0.031847
v -75.978592 1.838628 -0.045817
v -75.956848 1.845216 -0.019877
v -75.947838 1.845216 0.001873
v -75.956848 1.845216 0.023621
v -75.978592 1.845216 0.032630
v -76.000343 1.845216 0.023621
v -76.009346 1.845216 0.001873
v -76.000343 1.845216 -0.019877
v -75.978592 1.845216 -0.028885
v -75.935890 1.867897 -0.040827
v -75.918205 1.867897 0.001873
v -75.935890 1.867897 0.044572
v -75.978592 1.867897 0.062259
v -76.021294 1.867897 0.044572
v -76.038979 1.867897 0.001873
v -76.021294 1.867897 -0.040827
v -75.978592 1.867897 -0.058514
v -75.919212 1.901935 -0.057506
v -75.894615 1.901935 0.001873
v -75.919212 1.901935 0.061253
v -75.978592 1.901935 0.085849
v -76.037971 1.901935 0.061253
v -76.062569 1.901935 0.001873
v -76.037971 1.901935 -0.057506
v -75.978592 1.901935 -0.082101
v -75.952576 1.923895 -0.024144
v -75.941803 1.923895 0.001873
v -75.952576 1.923895 0.027892
v -75.978592 1.923895 0.038669
v -76.004616 1.923895 0.027892
v -76.015388 1.923895 0.001873
v -76.004616 1.923895 -0.024144
v -75.978592 1.923895 -0.034923
v -75.978592 1.954638 0.001873
v -75.945175 0.840508 -2.111908
v -75.945175 0.840508 -2.156054
v -75.945175 1.327951 -2.111908
v -75.945175 1.327951 -2.156054
v -76.012009 1.327951 -2.111908
v -76.012009 1.327951 -2.156054
v -76.012009 0.840508 -2.111908
v -76.012009 0.840508 -2.156054
v -75.936913 1.366588 -1.419133
v -75.939957 1.371538 -2.153801
v -76.018806 1.366588 -1.419150
v -76.020576 1.371538 -2.153801
v -76.018806 1.288320 -1.419150
v -76.020576 1.288003 -2.153801
v -75.936913 1.288320 -1.419133
v -75.939957 1.288003 -2.153801
v -76.015053 1.366565 -0.000278
v -75.937019 1.366565 -0.000328
v -75.937019 1.288339 -0.000328
v -76.015053 1.288339 -0.000278
v -75.936142 1.288327 1.419389
v -75.936981 1.291371 2.153614
v -75.936142 1.370216 1.419079
v -75.936981 1.371989 2.153614
v -76.021347 1.370216 1.419079
v -76.020515 1.371989 2.153614
v -76.021347 1.288327 1.419389
v -76.020515 1.291371 2.153614
v -75.937141 1.366468 -0.000321
v -75.937141 1.288438 -0.000271
v -76.020348 1.288438 -0.000271
v -76.020348 1.366468 -0.000321
v -75.947624 1.563569 -0.000304
v -75.947624 1.563373 1.417999
v -75.947624 1.562862 2.153614
v -75.947624 1.622176 -0.000336
v -75.947624 1.623111 1.417800
v -75.947624 1.622751 2.153614
v -76.009560 1.622176 -0.000336
v -76.009560 1.623111 1.417800
v -76.009560 1.622751 2.153614
v -76.009560 1.563569 -0.000304
v -76.009560 1.563373 1.417999
v -76.009560 1.562862 2.153614
v -75.937302 1.592872 -0.000319
v -75.937302 1.593242 1.417901
v -75.937302 1.592806 2.153614
v -75.978592 1.631944 -0.000340
v -75.978592 1.633067 1.417766
v -75.978592 1.632732 2.153614
v -76.019882 1.592872 -0.000319
v -76.019882 1.593242 1.417901
v -76.019882 1.592806 2.153614
v -75.978592 1.553801 -0.000298
v -75.978592 1.553417 1.418034
v -75.978592 1.552881 2.153614
v -75.978592 1.592806 2.153614
v -75.947624 1.563569 -0.000294
v -75.947624 1.563373 -1.419208
v -75.947624 1.562862 -2.153801
v -75.947624 1.622176 -0.000263
v -75.947624 1.623111 -1.419219
v -75.947624 1.622751 -2.153801
v -76.009560 1.622176 -0.000263
v -76.009560 1.623111 -1.419219
v -76.009560 1.622751 -2.153801
v -76.009560 1.563569 -0.000294
v -76.009560 1.563373 -1.419208
v -76.009560 1.562862 -2.153801
v -75.937302 1.592872 -0.000279
v -75.937302 1.593242 -1.419213
v -75.937302 1.592806 -2.153801
v -75.978592 1.631944 -0.000259
v -75.978592 1.633067 -1.419221
v -75.978592 1.632732 -2.153801
v -76.019882 1.592872 -0.000279
v -76.019882 1.593242 -1.419213
v -76.019882 1.592806 -2.153801
v -75.978592 1.553801 -0.000301
v -75.978592 1.553417 -1.419207
v -75.978592 1.552881 -2.153801
v -75.978592 1.592806 -2.153801
v -76.040611 0.697970 1.431622
v -76.022446 0.697970 1.387770
v -75.978592 0.697970 1.369605
v -75.934738 0.697970 1.387770
v -75.916573 0.697970 1.431623
v -75.934738 0.697970 1.475474
v -75.978592 0.697970 1.493639
v -76.022446 0.697970 1.475474
v -76.040611 1.785822 1.431622
v -76.022446 1.785822 1.387770
v -75.978592 1.785822 1.369605
v -75.934738 1.785822 1.387770
v -75.916573 1.785822 1.431623
v -75.934738 1.785822 1.475474
v -75.978592 1.785822 1.493639
v -76.022446 1.785822 1.475474
v -76.031113 1.754573 1.431621
v -76.015732 1.754573 1.468760
v -75.978592 1.754573 1.484143
v -75.941452 1.754573 1.468760
v -75.926064 1.754573 1.431622
v -75.941452 1.754573 1.394482
v -75.978592 1.754573 1.379100
v -76.015732 1.754573 1.394482
v -76.058632 1.771043 1.431621
v -76.035194 1.771043 1.488220
v -75.978592 1.771043 1.511665
v -75.921989 1.771043 1.488220
v -75.898544 1.771043 1.431621
v -75.921989 1.771043 1.375022
v -75.978592 1.771043 1.351577
v -76.035194 1.771043 1.375022
v -76.052887 1.808982 1.431621
v -76.031128 1.808982 1.484156
v -75.978592 1.808982 1.505916
v -75.926064 1.808982 1.484156
v -75.904297 1.808982 1.431621
v -75.926064 1.808982 1.379087
v -75.978592 1.808982 1.357326
v -76.031128 1.808982 1.379086
v -76.035957 1.814472 1.431621
v -76.019157 1.814472 1.472183
v -75.978592 1.814472 1.488984
v -75.938026 1.814472 1.472184
v -75.921227 1.814472 1.431621
v -75.938026 1.814472 1.391058
v -75.978592 1.814472 1.374257
v -76.019150 1.814472 1.391058
v -76.026283 1.838628 1.431621
v -76.012314 1.838628 1.465343
v -75.978592 1.838628 1.479312
v -75.944870 1.838628 1.465342
v -75.930908 1.838628 1.431621
v -75.944870 1.838628 1.397899
v -75.978592 1.838628 1.383932
v -76.012314 1.838628 1.397901
v -76.009346 1.845216 1.431621
v -76.000343 1.845216 1.453370
v -75.978592 1.845216 1.462380
v -75.956848 1.845216 1.453372
v -75.947838 1.845216 1.431622
v -75.956848 1.845216 1.409873
v -75.978592 1.845216 1.400863
v -76.000343 1.845216 1.409873
v -76.038979 1.867897 1.431622
v -76.021294 1.867897 1.474321
v -75.978592 1.867897 1.492008
v -75.935890 1.867897 1.474320
v -75.918205 1.867897 1.431622
v -75.935890 1.867897 1.388923
v -75.978592 1.867897 1.371235
v -76.021294 1.867897 1.388923
v -76.062569 1.901935 1.431621
v -76.037971 1.901935 1.491002
v -75.978592 1.901935 1.515597
v -75.919212 1.901935 1.491000
v -75.894615 1.901935 1.431622
v -75.919212 1.901935 1.372242
v -75.978592 1.901935 1.347646
v -76.037971 1.901935 1.372241
v -76.015388 1.923895 1.431621
v -76.004616 1.923895 1.457641
v -75.978592 1.923895 1.468415
v -75.952576 1.923895 1.457640
v -75.941795 1.923895 1.431621
v -75.952576 1.923895 1.405603
v -75.978592 1.923895 1.394826
v -76.004616 1.923895 1.405604
v -75.978592 1.954638 1.431621
v -75.898018 0.773542 2.153614
v -75.898018 0.883551 2.153614
v -76.059166 0.883551 2.153614
v -76.059166 0.773542 2.153614
v -76.059166 0.773427 -2.153801
v -75.898018 0.773427 -2.153801
v -75.898018 0.882030 -2.153801
v -76.059166 0.882030 -2.153801
v -75.905746 0.546336 -0.678413
v -75.905746 0.635002 -1.411465
v -75.905746 0.664620 -2.153801
v -75.916222 0.655288 -0.660774
v -75.916222 0.745017 -1.402617
v -75.916222 0.774990 -2.153801
v -76.040962 0.655288 -0.660774
v -76.040962 0.745017 -1.402617
v -76.040962 0.774990 -2.153801
v -76.051437 0.546336 -0.678413
v -76.051437 0.635002 -1.411465
v -76.051437 0.664620 -2.153801
v -76.051437 0.405169 -0.002763
v -75.905746 0.405169 -0.002763
v -75.916222 0.517792 -0.002763
v -76.040962 0.517792 -0.002763
v -75.905746 0.546336 0.677814
v -75.905746 0.635002 1.410866
v -75.905746 0.664620 2.153614
v -75.916222 0.655288 0.660176
v -75.916222 0.745017 1.402019
v -75.916222 0.774990 2.153614
v -76.040962 0.655288 0.660176
v -76.040962 0.745017 1.402019
v -76.040962 0.774990 2.153614
v -76.051437 0.546336 0.677814
v -76.051437 0.635002 1.410866
v -76.051437 0.664620 2.153614
v -75.905746 0.698329 1.405773
v -75.905746 0.728152 2.153614
v -76.051437 0.728152 2.153614
v -76.051437 0.698329 1.405773
v -76.051437 0.609052 0.667660
v -76.051437 0.469998 -0.002763
v -76.051437 0.609052 -0.668259
v -76.051437 0.698329 -1.406372
v -76.051437 0.728152 -2.153801
v -75.905746 0.728152 -2.153801
v -75.905746 0.698329 -1.406372
v -75.905746 0.609052 -0.668259
v -75.905746 0.469998 -0.002763
v -75.905746 0.609052 0.667660
v -75.945175 0.628145 -0.681758
v -75.945175 0.628145 -0.748589
v -75.945175 1.319309 -0.681758
v -75.945175 1.319309 -0.748589
v -76.012009 1.319309 -0.681758
v -76.012009 1.319309 -0.748589
v -76.012009 0.628145 -0.681758
v -76.012009 0.628145 -0.748589
v -75.945175 0.628145 0.681160
v -75.945175 0.628145 0.747990
v -75.945175 1.319309 0.681160
v -75.945175 1.319309 0.747990
v -76.012009 1.319309 0.681160
v -76.012009 1.319309 0.747990
v -76.012009 0.628145 0.681160
v -76.012009 0.628145 0.747990
vt -0.461411 0.666184
vt -0.461410 0.648808
vt 1.966167 0.648820
vt 1.966164 0.666194
vt -0.461411 0.631325
vt 1.966169 0.631322
vt -0.461411 0.613833
vt 1.966169 0.613830
vt -0.461411 0.596340
vt 1.966169 0.596340
vt -0.461411 0.578848
vt 1.966169 0.578851
vt -0.461411 0.561356
vt 1.966169 0.561359
vt -0.461410 0.543873
vt 1.966167 0.543861
vt -0.461411 0.526497
vt 1.966164 0.526487
vt 0.658640 0.425823
vt 0.058627 0.425823
vt 0.058627 0.457688
vt 0.658640 0.457687
vt 0.058627 0.311242
vt 0.658640 0.311242
vt 0.658640 0.253952
vt 0.058627 0.253952
vt 0.658640 0.368532
vt 0.058627 0.368532
vt 0.658640 0.340071
vt 0.058627 0.340071
vt -0.466687 0.699462
vt -0.466687 0.673769
vt 1.039430 0.673757
vt 1.039428 0.699505
vt -0.466688 0.647966
vt 1.039431 0.647958
vt -0.466688 0.622151
vt 1.039431 0.622149
vt -0.466688 0.596340
vt 1.039431 0.596340
vt -0.466688 0.570530
vt 1.039431 0.570532
vt -0.466688 0.544715
vt 1.039431 0.544723
vt -0.466687 0.518912
vt 1.039430 0.518924
vt -0.466687 0.493219
vt 1.039428 0.493176
vt 0.500000 0.462496
vt 0.468150 0.473481
vt 0.500000 0.500000
vt 0.531851 0.473481
vt 0.545044 0.500000
vt 0.531851 0.526519
vt 0.500000 0.537504
vt 0.468150 0.526519
vt 0.454956 0.500000
vt -0.168761 0.653685
vt -0.168762 0.627905
vt 0.865151 0.627905
vt 0.865151 0.653714
vt -0.168762 0.602096
vt 0.865151 0.602096
vt -0.168762 0.576288
vt 0.865151 0.576288
vt -0.168762 0.550479
vt 0.865151 0.550479
vt -0.168762 0.524670
vt 0.865151 0.524670
vt -0.168762 0.498861
vt 0.865151 0.498861
vt -0.168762 0.473052
vt 0.865151 0.473052
vt -0.168761 0.447273
vt 0.865151 0.447243
vt 0.086896 0.751121
vt 0.086896 0.772387
vt 0.015807 0.772387
vt 0.015807 0.751121
vt 0.584520 0.751121
vt 0.584520 0.772387
vt 0.513431 0.772387
vt 0.513431 0.751121
vt 0.442342 0.772387
vt 0.442342 0.751121
vt 0.371253 0.772387
vt 0.371253 0.751121
vt 0.300164 0.772387
vt 0.300164 0.751121
vt 0.229074 0.772387
vt 0.229074 0.751121
vt 0.157985 0.772387
vt 0.157985 0.751121
vt 0.086896 0.805950
vt 0.015807 0.805950
vt 0.584520 0.805950
vt 0.513431 0.805950
vt 0.442342 0.805950
vt 0.371253 0.805950
vt 0.300164 0.805950
vt 0.229074 0.805950
vt 0.157985 0.805950
vt 0.086896 0.814624
vt 0.015807 0.814624
vt 0.584520 0.814624
vt 0.513431 0.814624
vt 0.442342 0.814624
vt 0.371252 0.814624
vt 0.300164 0.814624
vt 0.229075 0.814624
vt 0.157985 0.814624
vt 0.086896 0.837379
vt 0.015807 0.837379
vt 0.584520 0.837379
vt 0.513431 0.837379
vt 0.442342 0.837379
vt 0.371252 0.837379
vt 0.300164 0.837379
vt 0.229074 0.837379
vt 0.157985 0.837379
vt 0.086896 0.847218
vt 0.015807 0.847218
vt 0.584520 0.847218
vt 0.513431 0.847218
vt 0.442342 0.847218
vt 0.371253 0.847218
vt 0.300164 0.847218
vt 0.229074 0.847218
vt 0.157985 0.847218
vt 0.086896 0.876972
vt 0.015807 0.876972
vt 0.584520 0.876972
vt 0.513431 0.876972
vt 0.442342 0.876972
vt 0.371253 0.876972
vt 0.300164 0.876972
vt 0.229074 0.876972
vt 0.157985 0.876972
vt 0.086896 0.907350
vt 0.015807 0.907350
vt 0.584520 0.907350
vt 0.513431 0.907350
vt 0.442342 0.907350
vt 0.371253 0.907350
vt 0.300164 0.907350
vt 0.229074 0.907350
vt 0.157985 0.907350
vt 0.656001 0.905093
vt 0.733623 0.862569
vt 0.794159 0.876306
vt 0.794159 0.936444
vt 0.854694 0.862569
vt 0.932317 0.905093
vt 0.879769 0.829406
vt 0.989544 0.829406
vt 0.854694 0.796243
vt 0.932317 0.753720
vt 0.794159 0.782507
vt 0.794159 0.722369
vt 0.733623 0.796243
vt 0.656001 0.753720
vt 0.708549 0.829406
vt 0.598774 0.830643
vt 0.794159 0.829406
vt 0.086896 0.751121
vt 0.086896 0.772387
vt 0.015807 0.772387
vt 0.015807 0.751121
vt 0.584520 0.751121
vt 0.584520 0.772387
vt 0.513431 0.772387
vt 0.513431 0.751121
vt 0.442342 0.772387
vt 0.442342 0.751121
vt 0.371253 0.772387
vt 0.371253 0.751121
vt 0.300164 0.772387
vt 0.300164 0.751121
vt 0.229074 0.772387
vt 0.229074 0.751121
vt 0.157985 0.772387
vt 0.157985 0.751121
vt 0.086896 0.805950
vt 0.015807 0.805950
vt 0.584520 0.805950
vt 0.513431 0.805950
vt 0.442342 0.805950
vt 0.371253 0.805950
vt 0.300164 0.805950
vt 0.229074 0.805950
vt 0.157985 0.805950
vt 0.086896 0.814624
vt 0.015807 0.814624
vt 0.584520 0.814624
vt 0.513431 0.814624
vt 0.442342 0.814624
vt 0.371252 0.814624
vt 0.300164 0.814624
vt 0.229075 0.814624
vt 0.157985 0.814624
vt 0.086896 0.837379
vt 0.015807 0.837379
vt 0.584520 0.837379
vt 0.513431 0.837379
vt 0.442342 0.837379
vt 0.371252 0.837379
vt 0.300164 0.837379
vt 0.229074 0.837379
vt 0.157985 0.837379
vt 0.086896 0.847218
vt 0.015807 0.847218
vt 0.584520 0.847218
vt 0.513431 0.847218
vt 0.442342 0.847218
vt 0.371253 0.847218
vt 0.300164 0.847218
vt 0.229074 0.847218
vt 0.157985 0.847218
vt 0.086896 0.876972
vt 0.015807 0.876972
vt 0.584520 0.876972
vt 0.513431 0.876972
vt 0.442342 0.876972
vt 0.371253 0.876972
vt 0.300164 0.876972
vt 0.229074 0.876972
vt 0.157985 0.876972
vt 0.086896 0.907350
vt 0.015807 0.907350
vt 0.584520 0.907350
vt 0.513431 0.907350
vt 0.442342 0.907350
vt 0.371253 0.907350
vt 0.300164 0.907350
vt 0.229074 0.907350
vt 0.157985 0.907350
vt 0.656001 0.905093
vt 0.733623 0.862569
vt 0.794159 0.876306
vt 0.794159 0.936444
vt 0.854694 0.862569
vt 0.932317 0.905093
vt 0.879769 0.829406
vt 0.989544 0.829406
vt 0.854694 0.796243
vt 0.932317 0.753720
vt 0.794159 0.782507
vt 0.794159 0.722369
vt 0.733623 0.796243
vt 0.656001 0.753720
vt 0.708549 0.829406
vt 0.598774 0.830643
vt 0.794159 0.829406
vt 0.658637 0.426416
vt 0.658633 0.458233
vt 0.059884 0.458191
vt 0.058630 0.426416
vt 0.058633 0.311209
vt 0.059885 0.254018
vt 0.658633 0.253985
vt 0.658633 0.311209
vt 0.058630 0.368004
vt 0.658637 0.368004
vt 0.058633 0.339583
vt 0.658633 0.339583
vt -0.330987 0.309436
vt -1.506255 0.309436
vt -1.506255 0.368957
vt -0.330986 0.368957
vt -1.506254 0.427403
vt -0.330986 0.427403
vt -1.506254 0.484741
vt -0.330986 0.484741
vt -0.330986 0.255351
vt -1.506254 0.255350
vt 1.959410 0.309436
vt 1.959409 0.255351
vt -0.330986 0.255351
vt 1.959408 0.368957
vt 1.959409 0.427403
vt -0.330986 0.484741
vt 1.959409 0.484741
vt 2.221279 0.311954
vt 2.678777 0.311954
vt 2.678777 0.367768
vt 2.221279 0.367768
vt -0.330986 0.368957
vt -0.330987 0.309436
vt 1.959410 0.309436
vt 1.959408 0.368957
vt -1.506255 0.368957
vt -1.506255 0.309436
vt -0.330986 0.427403
vt 1.959409 0.427403
vt -1.506254 0.427403
vt -0.330986 0.484741
vt 1.959409 0.484741
vt -0.330986 0.484741
vt -1.506254 0.484741
vt -0.330986 0.255351
vt 1.959409 0.255351
vt -0.330986 0.255351
vt -1.506254 0.255350
vt 2.221279 0.311954
vt 2.221279 0.367768
vt 2.678777 0.367768
vt 2.678777 0.311954
vt -0.799481 0.543165
vt 0.805580 0.543165
vt 0.805580 0.525281
vt -0.799481 0.525281
vt 0.805580 0.561049
vt -0.799481 0.561049
vt 1.608110 0.525281
vt 1.608110 0.543165
vt 1.608110 0.561049
vt -0.799481 0.578933
vt 0.805580 0.578933
vt 0.805580 0.596817
vt -0.799481 0.596817
vt 1.608110 0.578933
vt 1.608110 0.596817
vt -0.799481 0.614702
vt 0.805580 0.614702
vt 0.805580 0.632586
vt -0.799481 0.632586
vt 1.608110 0.614702
vt 1.608110 0.632586
vt -0.799481 0.650470
vt 0.805580 0.650470
vt -0.799481 0.668354
vt 0.805580 0.668354
vt 1.608110 0.650470
vt 1.608110 0.668354
vt 0.635901 0.618476
vt 0.558347 0.618476
vt 0.616513 0.587805
vt 0.616513 0.649147
vt 0.558347 0.659371
vt 0.500181 0.649147
vt 0.480792 0.618476
vt 0.500181 0.587805
vt 0.558347 0.577581
vt -0.799481 0.543165
vt -0.799481 0.525281
vt 0.805580 0.525281
vt 0.805580 0.543165
vt -0.799481 0.561049
vt 0.805580 0.561049
vt 1.608110 0.525281
vt 1.608110 0.543165
vt 1.608110 0.561049
vt -0.799481 0.578933
vt 0.805580 0.578933
vt -0.799481 0.596817
vt 0.805580 0.596817
vt 1.608110 0.578933
vt 1.608110 0.596817
vt -0.799481 0.614702
vt 0.805580 0.614702
vt -0.799481 0.632586
vt 0.805580 0.632586
vt 1.608110 0.614702
vt 1.608110 0.632586
vt -0.799481 0.650470
vt 0.805580 0.650470
vt 0.805580 0.668354
vt -0.799481 0.668354
vt 1.608110 0.650470
vt 1.608110 0.668354
vt 0.635901 0.618476
vt 0.616513 0.587805
vt 0.558347 0.618476
vt 0.616513 0.649147
vt 0.558347 0.659371
vt 0.500181 0.649147
vt 0.480792 0.618476
vt 0.500181 0.587805
vt 0.558347 0.577581
vt -0.168761 0.653685
vt 0.865151 0.653714
vt 0.865151 0.627905
vt -0.168762 0.627905
vt 0.865151 0.602096
vt -0.168762 0.602096
vt 0.865151 0.576288
vt -0.168762 0.576288
vt 0.865151 0.550479
vt -0.168762 0.550479
vt 0.865151 0.524670
vt -0.168762 0.524670
vt 0.865151 0.498861
vt -0.168762 0.498861
vt 0.865151 0.473052
vt -0.168762 0.473052
vt 0.865151 0.447243
vt -0.168761 0.447273
vt 0.086896 0.751121
vt 0.015807 0.751121
vt 0.015807 0.772387
vt 0.086896 0.772387
vt 0.584520 0.751121
vt 0.513431 0.751121
vt 0.513431 0.772387
vt 0.584520 0.772387
vt 0.442342 0.751121
vt 0.442342 0.772387
vt 0.371253 0.751121
vt 0.371253 0.772387
vt 0.300164 0.751121
vt 0.300164 0.772387
vt 0.229074 0.751121
vt 0.229074 0.772387
vt 0.157985 0.751121
vt 0.157985 0.772387
vt 0.015807 0.805950
vt 0.086896 0.805950
vt 0.513431 0.805950
vt 0.584520 0.805950
vt 0.442342 0.805950
vt 0.371253 0.805950
vt 0.300164 0.805950
vt 0.229074 0.805950
vt 0.157985 0.805950
vt 0.015807 0.814624
vt 0.086896 0.814624
vt 0.513431 0.814624
vt 0.584520 0.814624
vt 0.442342 0.814624
vt 0.371252 0.814624
vt 0.300164 0.814624
vt 0.229075 0.814624
vt 0.157985 0.814624
vt 0.015807 0.837379
vt 0.086896 0.837379
vt 0.513431 0.837379
vt 0.584520 0.837379
vt 0.442342 0.837379
vt 0.371252 0.837379
vt 0.300164 0.837379
vt 0.229074 0.837379
vt 0.157985 0.837379
vt 0.015807 0.847218
vt 0.086896 0.847218
vt 0.513431 0.847218
vt 0.584520 0.847218
vt 0.442342 0.847218
vt 0.371253 0.847218
vt 0.300164 0.847218
vt 0.229074 0.847218
vt 0.157985 0.847218
vt 0.015807 0.876972
vt 0.086896 0.876972
vt 0.513431 0.876972
vt 0.584520 0.876972
vt 0.442342 0.876972
vt 0.371253 0.876972
vt 0.300164 0.876972
vt 0.229074 0.876972
vt 0.157985 0.876972
vt 0.015807 0.907350
vt 0.086896 0.907350
vt 0.513431 0.907350
vt 0.584520 0.907350
vt 0.442342 0.907350
vt 0.371253 0.907350
vt 0.300164 0.907350
vt 0.229074 0.907350
vt 0.157985 0.907350
vt 0.656001 0.905093
vt 0.794159 0.936444
vt 0.794159 0.876306
vt 0.733623 0.862569
vt 0.932317 0.905093
vt 0.854694 0.862569
vt 0.989544 0.829406
vt 0.879769 0.829406
vt 0.932317 0.753720
vt 0.854694 0.796243
vt 0.794159 0.722369
vt 0.794159 0.782507
vt 0.656001 0.753720
vt 0.733623 0.796243
vt 0.598774 0.830643
vt 0.708549 0.829406
vt 0.794159 0.829406
vt 1.723620 0.311965
vt 1.723620 0.367757
vt 2.078758 0.367757
vt 2.078758 0.311965
vt -0.890054 0.366107
vt -0.890054 0.312066
vt 1.544726 0.312249
vt 1.544725 0.366424
vt -0.890053 0.430256
vt 1.544726 0.429908
vt -0.890053 0.484905
vt 1.544726 0.484553
vt -0.890053 0.252639
vt 1.544726 0.252639
vt 1.719272 0.310515
vt 2.079864 0.310509
vt 2.079864 0.367519
vt 1.719272 0.367513
vt 0.768244 0.324811
vt -0.055886 0.324780
vt -0.059650 0.344787
vt 0.770341 0.344772
vt -0.887725 0.314087
vt -0.891133 0.341964
vt 0.770817 0.368496
vt -0.059902 0.368501
vt -0.059847 0.427949
vt 0.770763 0.427949
vt -0.890892 0.367118
vt -0.890983 0.429401
vt 0.771190 0.451741
vt -0.060666 0.451741
vt -0.058811 0.484699
vt 0.769340 0.484699
vt -0.060829 0.451598
vt -0.890103 0.451854
vt -0.888024 0.484699
vt -0.062906 0.484698
vt 0.769652 0.253158
vt -0.059128 0.253110
vt -0.060043 0.255412
vt -0.890905 0.250890
vt 1.537269 0.314089
vt 1.539688 0.250866
vt 0.770857 0.255435
vt 1.523349 0.341922
vt 1.511127 0.429400
vt 1.511056 0.367124
vt 0.773244 0.484700
vt 1.537290 0.484698
vt 1.522547 0.451851
vt 0.771346 0.451600
vt 1.723886 0.311995
vt 2.078491 0.311995
vt 2.081150 0.344077
vt 1.721227 0.344077
vt 0.768288 0.324719
vt 0.770312 0.344867
vt -0.059659 0.344814
vt -0.055881 0.324768
vt -0.891133 0.341964
vt -0.887725 0.314087
vt 0.770788 0.368561
vt 0.770738 0.427897
vt -0.059848 0.427941
vt -0.059901 0.368502
vt -0.890983 0.429401
vt -0.890892 0.367118
vt 0.771188 0.451737
vt 0.769340 0.484699
vt -0.058811 0.484699
vt -0.060664 0.451746
vt -0.060829 0.451598
vt -0.062907 0.484698
vt -0.888024 0.484699
vt -0.890103 0.451854
vt 0.769661 0.253133
vt -0.059136 0.253136
vt -0.060043 0.255412
vt -0.890905 0.250890
vt 0.770867 0.255411
vt 1.545277 0.250891
vt 1.542874 0.314049
vt 1.528899 0.341962
vt 1.516597 0.367125
vt 1.516664 0.429386
vt 0.773257 0.484697
vt 0.771344 0.451596
vt 1.528109 0.451856
vt 1.542876 0.484701
vt 1.723886 0.311995
vt 1.721227 0.344077
vt 2.081150 0.344077
vt 2.078491 0.311995
vt 1.744527 0.367713
vt 2.057851 0.367713
vt 2.057850 0.367713
vt 1.744526 0.367713
vt -0.086210 0.368532
vt -0.086209 0.311236
vt 0.764563 0.311242
vt 0.764563 0.368532
vt 0.764563 0.425823
vt 0.764558 0.483080
vt -0.086207 0.483075
vt -0.086209 0.425829
vt -0.086207 0.253990
vt 0.764558 0.253985
vt -0.086210 0.368532
vt 0.764563 0.368532
vt 0.764563 0.311242
vt -0.086209 0.311236
vt 0.764563 0.425823
vt -0.086209 0.425829
vt -0.086207 0.483075
vt 0.764558 0.483080
vt 0.764558 0.253985
vt -0.086207 0.253990
vt 0.498523 0.130515
vt 0.498523 0.023960
vt 1.814352 0.023954
vt 1.814352 0.130527
vt 1.814352 0.148101
vt 1.814351 0.254560
vt 0.498523 0.254579
vt 0.498523 0.148116
vt 0.498523 0.006386
vt 1.814351 0.006428
vt 0.005331 0.130515
vt 0.005331 0.023960
vt 1.321159 0.023955
vt 1.321159 0.130528
vt 1.321159 0.148101
vt 1.321159 0.254560
vt 0.005331 0.254579
vt 0.005331 0.148116
vt 0.005331 0.006386
vt 1.321159 0.006428
vt 0.498523 0.130515
vt 0.498523 0.023960
vt 1.814352 0.023957
vt 1.814352 0.130530
vt 1.814352 0.148104
vt 1.814351 0.254560
vt 0.498523 0.254579
vt 0.498523 0.148116
vt 0.498523 0.006386
vt 1.814351 0.006429
vt 0.005331 0.130515
vt 0.005331 0.023960
vt 1.321159 0.023958
vt 1.321159 0.130531
vt 1.321159 0.148105
vt 1.321159 0.254561
vt 0.005331 0.254579
vt 0.005331 0.148116
vt 0.005331 0.006386
vt 1.321159 0.006429
vt 0.005331 0.130515
vt 0.005331 0.023960
vt 1.321159 0.023960
vt 1.321159 0.130533
vt 1.321159 0.148107
vt 1.321159 0.254561
vt 0.005331 0.254579
vt 0.005331 0.148116
vt 0.005331 0.006386
vt 1.321159 0.006429
vt 0.498523 0.130515
vt 0.498523 0.023960
vt 1.814352 0.023961
vt 1.814352 0.130534
vt 1.814352 0.148107
vt 1.814351 0.254561
vt 0.498523 0.254579
vt 0.498523 0.148116
vt 0.498523 0.006386
vt 1.814351 0.006428
vt 0.337799 0.254937
vt 0.337799 0.148382
vt 1.653627 0.148378
vt 1.653627 0.254919
vt 1.653627 0.024027
vt 1.653627 0.130477
vt 0.337799 0.130494
vt 0.337799 0.024031
vt 0.337799 0.130808
vt 1.653627 0.130850
vt 0.337799 0.006430
vt 1.653627 0.006471
vt -0.141881 0.254937
vt -0.141881 0.148382
vt 1.173947 0.148375
vt 1.173946 0.254919
vt 1.173947 0.024025
vt 1.173946 0.130476
vt -0.141881 0.130494
vt -0.141881 0.024031
vt -0.141881 0.130808
vt 1.173946 0.130850
vt -0.141881 0.006430
vt 1.173946 0.006472
vt -0.141881 0.254937
vt -0.141881 0.148382
vt 1.173947 0.148372
vt 1.173946 0.254918
vt 1.173947 0.024022
vt 1.173946 0.130476
vt -0.141881 0.130494
vt -0.141881 0.024031
vt -0.141881 0.130808
vt 1.173946 0.130850
vt -0.141881 0.006430
vt 1.173946 0.006472
vt 0.337799 0.254937
vt 0.337799 0.148382
vt 1.653627 0.148373
vt 1.653627 0.254919
vt 1.653627 0.024022
vt 1.653627 0.130476
vt 0.337799 0.130494
vt 0.337799 0.024031
vt 0.337799 0.130808
vt 1.653627 0.130850
vt 0.337799 0.006430
vt 1.653627 0.006472
vt 0.005331 0.130515
vt 0.005331 0.023960
vt 1.321159 0.023953
vt 1.321159 0.130524
vt 1.321159 0.146691
vt 1.321158 0.253149
vt 0.005332 0.253169
vt 0.005331 0.146706
vt 0.005332 0.006429
vt 1.321158 0.006471
vt 0.498523 0.130515
vt 0.498523 0.023960
vt 1.814351 0.023953
vt 1.814351 0.130523
vt 1.814350 0.145269
vt 1.814350 0.251724
vt 0.498525 0.251743
vt 0.498524 0.145282
vt 0.498524 0.006560
vt 1.814351 0.006601
vt 0.005331 0.130515
vt 0.005331 0.023960
vt 1.321158 0.023954
vt 1.321158 0.130520
vt 1.321158 0.143841
vt 1.321157 0.251716
vt 0.005332 0.251735
vt 0.005332 0.143853
vt 0.005332 0.006607
vt 1.321158 0.006649
vt 0.005331 0.130515
vt 0.005331 0.023960
vt 1.321158 0.023953
vt 1.321158 0.130518
vt 1.321158 0.142379
vt 1.321157 0.250260
vt 0.005333 0.250278
vt 0.005332 0.142390
vt 0.005332 0.006771
vt 1.321158 0.006812
vt 0.498523 0.130515
vt 0.498523 0.023960
vt 1.814351 0.023953
vt 1.814351 0.130519
vt 1.814350 0.142353
vt 1.814349 0.248798
vt 0.498525 0.248816
vt 0.498525 0.142363
vt 0.498525 0.006879
vt 1.814351 0.006919
vt 0.337799 0.254937
vt 0.337799 0.148382
vt 1.653627 0.148372
vt 1.653626 0.254917
vt 1.653626 0.018242
vt 1.653625 0.124681
vt 0.337801 0.124699
vt 0.337801 0.018247
vt 0.337801 0.131389
vt 1.653627 0.131430
vt 0.337799 0.006430
vt 1.653625 0.006459
vt -0.141881 0.254937
vt -0.141881 0.148382
vt 1.173946 0.148371
vt 1.173946 0.254918
vt 1.173946 0.019746
vt 1.173945 0.126193
vt -0.141879 0.126212
vt -0.141880 0.019753
vt -0.141880 0.131124
vt 1.173946 0.131165
vt -0.141881 0.006430
vt 1.173945 0.006462
vt -0.141881 0.254937
vt -0.141881 0.148382
vt 1.173947 0.148371
vt 1.173946 0.254918
vt 1.173946 0.021197
vt 1.173945 0.129064
vt -0.141880 0.129082
vt -0.141880 0.021207
vt -0.141880 0.130876
vt 1.173946 0.130917
vt -0.141881 0.006430
vt 1.173945 0.006464
vt 0.337799 0.254937
vt 0.337799 0.148382
vt 1.653627 0.148370
vt 1.653626 0.254918
vt 1.653626 0.021194
vt 1.653626 0.127646
vt 0.337801 0.127665
vt 0.337800 0.021203
vt 0.337800 0.130934
vt 1.653627 0.130974
vt 0.337799 0.006430
vt 1.653626 0.006465
vt 0.658640 0.425823
vt 0.058627 0.425823
vt 0.058627 0.457688
vt 0.658640 0.457687
vt 0.058627 0.311242
vt 0.658640 0.311242
vt 0.658640 0.253952
vt 0.058627 0.253952
vt 0.658640 0.368532
vt 0.058627 0.368532
vt 0.658640 0.340071
vt 0.058627 0.340071
vt -0.466687 0.699462
vt -0.466687 0.673769
vt 1.039430 0.673757
vt 1.039428 0.699505
vt -0.466688 0.647966
vt 1.039431 0.647958
vt -0.466688 0.622151
vt 1.039431 0.622149
vt -0.466688 0.596340
vt 1.039431 0.596340
vt -0.466688 0.570530
vt 1.039431 0.570532
vt -0.466688 0.544715
vt 1.039431 0.544723
vt -0.466687 0.518912
vt 1.039430 0.518924
vt -0.466687 0.493219
vt 1.039428 0.493176
vt 0.141735 0.255697
vt 0.180582 0.236854
vt 0.141735 0.191365
vt 0.102887 0.236854
vt 0.086796 0.191365
vt 0.102887 0.145875
vt 0.141735 0.127033
vt 0.180582 0.145875
vt 0.196674 0.191365
vt -0.168761 0.653685
vt -0.168762 0.627905
vt 0.865151 0.627905
vt 0.865151 0.653714
vt -0.168762 0.602096
vt 0.865151 0.602096
vt -0.168762 0.576288
vt 0.865151 0.576288
vt -0.168762 0.550479
vt 0.865151 0.550479
vt -0.168762 0.524670
vt 0.865151 0.524670
vt -0.168762 0.498861
vt 0.865151 0.498861
vt -0.168762 0.473052
vt 0.865151 0.473052
vt -0.168761 0.447273
vt 0.865151 0.447243
vt 0.086896 0.751121
vt 0.086896 0.772387
vt 0.015807 0.772387
vt 0.015807 0.751121
vt 0.584520 0.751121
vt 0.584520 0.772387
vt 0.513431 0.772387
vt 0.513431 0.751121
vt 0.442342 0.772387
vt 0.442342 0.751121
vt 0.371253 0.772387
vt 0.371253 0.751121
vt 0.300164 0.772387
vt 0.300164 0.751121
vt 0.229074 0.772387
vt 0.229074 0.751121
vt 0.157985 0.772387
vt 0.157985 0.751121
vt 0.086896 0.805950
vt 0.015807 0.805950
vt 0.584520 0.805950
vt 0.513431 0.805950
vt 0.442342 0.805950
vt 0.371253 0.805950
vt 0.300164 0.805950
vt 0.229074 0.805950
vt 0.157985 0.805950
vt 0.086896 0.814624
vt 0.015807 0.814624
vt 0.584520 0.814624
vt 0.513431 0.814624
vt 0.442342 0.814624
vt 0.371252 0.814624
vt 0.300164 0.814624
vt 0.229075 0.814624
vt 0.157985 0.814624
vt 0.086896 0.837379
vt 0.015807 0.837379
vt 0.584520 0.837379
vt 0.513431 0.837379
vt 0.442342 0.837379
vt 0.371252 0.837379
vt 0.300164 0.837379
vt 0.229074 0.837379
vt 0.157985 0.837379
vt 0.086896 0.847218
vt 0.015807 0.847218
vt 0.584520 0.847218
vt 0.513431 0.847218
vt 0.442342 0.847218
vt 0.371253 0.847218
vt 0.300164 0.847218
vt 0.229074 0.847218
vt 0.157985 0.847218
vt 0.086896 0.876972
vt 0.015807 0.876972
vt 0.584520 0.876972
vt 0.513431 0.876972
vt 0.442342 0.876972
vt 0.371253 0.876972
vt 0.300164 0.876972
vt 0.229074 0.876972
vt 0.157985 0.876972
vt 0.086896 0.907350
vt 0.015807 0.907350
vt 0.584520 0.907350
vt 0.513431 0.907350
vt 0.442342 0.907350
vt 0.371253 0.907350
vt 0.300164 0.907350
vt 0.229074 0.907350
vt 0.157985 0.907350
vt 0.656001 0.905093
vt 0.733623 0.862569
vt 0.794159 0.876306
vt 0.794159 0.936444
vt 0.854694 0.862569
vt 0.932317 0.905093
vt 0.879769 0.829406
vt 0.989544 0.829406
vt 0.854694 0.796243
vt 0.932317 0.753720
vt 0.794159 0.782507
vt 0.794159 0.722369
vt 0.733623 0.796243
vt 0.656001 0.753720
vt 0.708549 0.829406
vt 0.598774 0.830643
vt 0.794159 0.829406
vt 0.086896 0.751121
vt 0.086896 0.772387
vt 0.015807 0.772387
vt 0.015807 0.751121
vt 0.584520 0.751121
vt 0.584520 0.772387
vt 0.513431 0.772387
vt 0.513431 0.751121
vt 0.442342 0.772387
vt 0.442342 0.751121
vt 0.371253 0.772387
vt 0.371253 0.751121
vt 0.300164 0.772387
vt 0.300164 0.751121
vt 0.229074 0.772387
vt 0.229074 0.751121
vt 0.157985 0.772387
vt 0.157985 0.751121
vt 0.086896 0.805950
vt 0.015807 0.805950
vt 0.584520 0.805950
vt 0.513431 0.805950
vt 0.442342 0.805950
vt 0.371253 0.805950
vt 0.300164 0.805950
vt 0.229074 0.805950
vt 0.157985 0.805950
vt 0.086896 0.814624
vt 0.015807 0.814624
vt 0.584520 0.814624
vt 0.513431 0.814624
vt 0.442342 0.814624
vt 0.371252 0.814624
vt 0.300164 0.814624
vt 0.229075 0.814624
vt 0.157985 0.814624
vt 0.086896 0.837379
vt 0.015807 0.837379
vt 0.584520 0.837379
vt 0.513431 0.837379
vt 0.442342 0.837379
vt 0.371252 0.837379
vt 0.300164 0.837379
vt 0.229074 0.837379
vt 0.157985 0.837379
vt 0.086896 0.847218
vt 0.015807 0.847218
vt 0.584520 0.847218
vt 0.513431 0.847218
vt 0.442342 0.847218
vt 0.371253 0.847218
vt 0.300164 0.847218
vt 0.229074 0.847218
vt 0.157985 0.847218
vt 0.086896 0.876972
vt 0.015807 0.876972
vt 0.584520 0.876972
vt 0.513431 0.876972
vt 0.442342 0.876972
vt 0.371253 0.876972
vt 0.300164 0.876972
vt 0.229074 0.876972
vt 0.157985 0.876972
vt 0.086896 0.907350
vt 0.015807 0.907350
vt 0.584520 0.907350
vt 0.513431 0.907350
vt 0.442342 0.907350
vt 0.371253 0.907350
vt 0.300164 0.907350
vt 0.229074 0.907350
vt 0.157985 0.907350
vt 0.656001 0.905093
vt 0.733623 0.862569
vt 0.794159 0.876306
vt 0.794159 0.936444
vt 0.854694 0.862569
vt 0.932317 0.905093
vt 0.879769 0.829406
vt 0.989544 0.829406
vt 0.854694 0.796243
vt 0.932317 0.753720
vt 0.794159 0.782507
vt 0.794159 0.722369
vt 0.733623 0.796243
vt 0.656001 0.753720
vt 0.708549 0.829406
vt 0.598774 0.830643
vt 0.794159 0.829406
vt 0.658637 0.426416
vt 0.658633 0.458233
vt 0.058633 0.458233
vt 0.058630 0.426416
vt 0.058633 0.311209
vt 0.058633 0.253985
vt 0.658633 0.253985
vt 0.658633 0.311209
vt 0.058630 0.368004
vt 0.658637 0.368004
vt 0.058633 0.339583
vt 0.658633 0.339583
vt -0.330987 0.309436
vt -1.506255 0.309436
vt -1.506255 0.368957
vt -0.330986 0.368957
vt -1.506254 0.427403
vt -0.330986 0.427403
vt -1.506254 0.484741
vt -0.330986 0.484741
vt -0.330986 0.255351
vt -1.506254 0.255350
vt 1.959410 0.309436
vt 1.959409 0.255351
vt -0.330986 0.255351
vt 1.959408 0.368957
vt 1.959409 0.427403
vt -0.330986 0.484741
vt 1.959409 0.484741
vt 2.221279 0.311954
vt 2.678777 0.311954
vt 2.678777 0.367768
vt 2.221279 0.367768
vt -0.330986 0.368957
vt -0.330987 0.309436
vt 1.959410 0.309436
vt 1.959408 0.368957
vt -1.506255 0.368957
vt -1.506255 0.309436
vt -0.330986 0.427403
vt 1.959409 0.427403
vt -1.506254 0.427403
vt -0.330986 0.484741
vt 1.959409 0.484741
vt -0.330986 0.484741
vt -1.506254 0.484741
vt -0.330986 0.255351
vt 1.959409 0.255351
vt -0.330986 0.255351
vt -1.506254 0.255350
vt 2.221279 0.311954
vt 2.221279 0.367768
vt 2.678777 0.367768
vt 2.678777 0.311954
vt -0.799481 0.543165
vt 0.805580 0.543165
vt 0.805580 0.525281
vt -0.799481 0.525281
vt 0.805580 0.561049
vt -0.799481 0.561049
vt 1.608110 0.525281
vt 1.608110 0.543165
vt 1.608110 0.561049
vt -0.799481 0.578933
vt 0.805580 0.578933
vt 0.805580 0.596817
vt -0.799481 0.596817
vt 1.608110 0.578933
vt 1.608110 0.596817
vt -0.799481 0.614702
vt 0.805580 0.614702
vt 0.805580 0.632586
vt -0.799481 0.632586
vt 1.608110 0.614702
vt 1.608110 0.632586
vt -0.799481 0.650470
vt 0.805580 0.650470
vt -0.799481 0.668354
vt 0.805580 0.668354
vt 1.608110 0.650470
vt 1.608110 0.668354
vt 0.635901 0.618476
vt 0.558347 0.618476
vt 0.616513 0.587805
vt 0.616513 0.649147
vt 0.558347 0.659371
vt 0.500181 0.649147
vt 0.480792 0.618476
vt 0.500181 0.587805
vt 0.558347 0.577581
vt -0.799481 0.543165
vt -0.799481 0.525281
vt 0.805580 0.525281
vt 0.805580 0.543165
vt -0.799481 0.561049
vt 0.805580 0.561049
vt 1.608110 0.525281
vt 1.608110 0.543165
vt 1.608110 0.561049
vt -0.799481 0.578933
vt 0.805580 0.578933
vt -0.799481 0.596817
vt 0.805580 0.596817
vt 1.608110 0.578933
vt 1.608110 0.596817
vt -0.799481 0.614702
vt 0.805580 0.614702
vt -0.799481 0.632586
vt 0.805580 0.632586
vt 1.608110 0.614702
vt 1.608110 0.632586
vt -0.799481 0.650470
vt 0.805580 0.650470
vt 0.805580 0.668354
vt -0.799481 0.668354
vt 1.608110 0.650470
vt 1.608110 0.668354
vt 0.635901 0.618476
vt 0.616513 0.587805
vt 0.558347 0.618476
vt 0.616513 0.649147
vt 0.558347 0.659371
vt 0.500181 0.649147
vt 0.480792 0.618476
vt 0.500181 0.587805
vt 0.558347 0.577581
vt -0.168761 0.653685
vt 0.865151 0.653714
vt 0.865151 0.627905
vt -0.168762 0.627905
vt 0.865151 0.602096
vt -0.168762 0.602096
vt 0.865151 0.576288
vt -0.168762 0.576288
vt 0.865151 0.550479
vt -0.168762 0.550479
vt 0.865151 0.524670
vt -0.168762 0.524670
vt 0.865151 0.498861
vt -0.168762 0.498861
vt 0.865151 0.473052
vt -0.168762 0.473052
vt 0.865151 0.447243
vt -0.168761 0.447273
vt 0.086896 0.751121
vt 0.015807 0.751121
vt 0.015807 0.772387
vt 0.086896 0.772387
vt 0.584520 0.751121
vt 0.513431 0.751121
vt 0.513431 0.772387
vt 0.584520 0.772387
vt 0.442342 0.751121
vt 0.442342 0.772387
vt 0.371253 0.751121
vt 0.371253 0.772387
vt 0.300164 0.751121
vt 0.300164 0.772387
vt 0.229074 0.751121
vt 0.229074 0.772387
vt 0.157985 0.751121
vt 0.157985 0.772387
vt 0.015807 0.805950
vt 0.086896 0.805950
vt 0.513431 0.805950
vt 0.584520 0.805950
vt 0.442342 0.805950
vt 0.371253 0.805950
vt 0.300164 0.805950
vt 0.229074 0.805950
vt 0.157985 0.805950
vt 0.015807 0.814624
vt 0.086896 0.814624
vt 0.513431 0.814624
vt 0.584520 0.814624
vt 0.442342 0.814624
vt 0.371252 0.814624
vt 0.300164 0.814624
vt 0.229075 0.814624
vt 0.157985 0.814624
vt 0.015807 0.837379
vt 0.086896 0.837379
vt 0.513431 0.837379
vt 0.584520 0.837379
vt 0.442342 0.837379
vt 0.371252 0.837379
vt 0.300164 0.837379
vt 0.229074 0.837379
vt 0.157985 0.837379
vt 0.015807 0.847218
vt 0.086896 0.847218
vt 0.513431 0.847218
vt 0.584520 0.847218
vt 0.442342 0.847218
vt 0.371253 0.847218
vt 0.300164 0.847218
vt 0.229074 0.847218
vt 0.157985 0.847218
vt 0.015807 0.876972
vt 0.086896 0.876972
vt 0.513431 0.876972
vt 0.584520 0.876972
vt 0.442342 0.876972
vt 0.371253 0.876972
vt 0.300164 0.876972
vt 0.229074 0.876972
vt 0.157985 0.876972
vt 0.015807 0.907350
vt 0.086896 0.907350
vt 0.513431 0.907350
vt 0.584520 0.907350
vt 0.442342 0.907350
vt 0.371253 0.907350
vt 0.300164 0.907350
vt 0.229074 0.907350
vt 0.157985 0.907350
vt 0.656001 0.905093
vt 0.794159 0.936444
vt 0.794159 0.876306
vt 0.733623 0.862569
vt 0.932317 0.905093
vt 0.854694 0.862569
vt 0.989544 0.829406
vt 0.879769 0.829406
vt 0.932317 0.753720
vt 0.854694 0.796243
vt 0.794159 0.722369
vt 0.794159 0.782507
vt 0.656001 0.753720
vt 0.733623 0.796243
vt 0.598774 0.830643
vt 0.708549 0.829406
vt 0.794159 0.829406
vt 1.723620 0.311965
vt 1.723620 0.367757
vt 2.078758 0.367757
vt 2.078758 0.311965
vt -0.890054 0.366107
vt -0.890054 0.312066
vt 1.544726 0.312249
vt 1.544726 0.365925
vt -0.890053 0.430256
vt 1.544726 0.430432
vt -0.890053 0.484905
vt 1.544726 0.484553
vt -0.890053 0.252639
vt 1.544726 0.252639
vt 1.722522 0.310509
vt 2.079864 0.310509
vt 2.079864 0.367519
vt 1.722522 0.367519
vt 0.768244 0.324811
vt -0.055886 0.324780
vt -0.059650 0.344787
vt 0.770341 0.344772
vt -0.887725 0.314087
vt -0.891133 0.341964
vt 0.770817 0.368496
vt -0.059902 0.368501
vt -0.059847 0.427949
vt 0.770763 0.427949
vt -0.890892 0.367118
vt -0.890983 0.429401
vt 0.771190 0.451741
vt -0.060666 0.451741
vt -0.058811 0.484699
vt 0.769340 0.484699
vt -0.060829 0.451598
vt -0.890103 0.451854
vt -0.888024 0.484699
vt -0.062906 0.484698
vt 0.769652 0.253158
vt -0.059128 0.253110
vt -0.060043 0.255412
vt -0.890905 0.250890
vt 1.537269 0.314089
vt 1.539688 0.250866
vt 0.770857 0.255435
vt 1.523349 0.341922
vt 1.511127 0.429400
vt 1.511056 0.367124
vt 0.773244 0.484700
vt 1.537290 0.484698
vt 1.522547 0.451851
vt 0.771346 0.451600
vt 1.723886 0.311995
vt 2.078491 0.311995
vt 2.081150 0.344077
vt 1.721227 0.344077
vt 0.768288 0.324719
vt 0.770312 0.344867
vt -0.059659 0.344814
vt -0.055881 0.324768
vt -0.891133 0.341964
vt -0.887725 0.314087
vt 0.770788 0.368561
vt 0.770738 0.427897
vt -0.059848 0.427941
vt -0.059901 0.368502
vt -0.890983 0.429401
vt -0.890892 0.367118
vt 0.771188 0.451737
vt 0.769340 0.484699
vt -0.058811 0.484699
vt -0.060664 0.451746
vt -0.060829 0.451598
vt -0.062907 0.484698
vt -0.888024 0.484699
vt -0.890103 0.451854
vt 0.769661 0.253133
vt -0.059136 0.253136
vt -0.060043 0.255412
vt -0.890905 0.250890
vt 0.770867 0.255411
vt 1.545277 0.250891
vt 1.542874 0.314049
vt 1.528899 0.341962
vt 1.516597 0.367125
vt 1.516664 0.429386
vt 0.773257 0.484697
vt 0.771344 0.451596
vt 1.528109 0.451856
vt 1.542876 0.484701
vt 1.723886 0.311995
vt 1.721227 0.344077
vt 2.081150 0.344077
vt 2.078491 0.311995
vt 1.744527 0.367713
vt 2.057851 0.367713
vt 2.057850 0.367713
vt 1.744526 0.367713
vt -0.086210 0.368532
vt -0.086209 0.311236
vt 0.764563 0.311242
vt 0.764563 0.368532
vt 0.764563 0.425823
vt 0.764558 0.483080
vt -0.086207 0.483075
vt -0.086209 0.425829
vt -0.086207 0.253990
vt 0.764558 0.253985
vt -0.086210 0.368532
vt 0.764563 0.368532
vt 0.764563 0.311242
vt -0.086209 0.311236
vt 0.764563 0.425823
vt -0.086209 0.425829
vt -0.086207 0.483075
vt 0.764558 0.483080
vt 0.764558 0.253985
vt -0.086207 0.253990
vn 0.000000 -0.707104 -0.707109
vn 0.000000 -1.000000 0.000012
vn 0.000000 -1.000000 0.000012
vn 0.000000 -0.707104 -0.707109
vn 0.000000 -0.707109 0.707105
vn 0.000000 -0.707109 0.707105
vn 0.000000 0.000000 1.000000
vn 0.000000 0.000000 1.000000
vn 0.000000 0.707109 0.707105
vn 0.000000 0.707109 0.707105
vn 0.000000 1.000000 0.000012
vn 0.000000 1.000000 0.000012
vn 0.000000 0.707104 -0.707109
vn 0.000000 0.707104 -0.707109
vn 0.000000 0.000000 -1.000000
vn 0.000000 0.000000 -1.000000
vn 1.000000 0.000000 0.000000
vn 1.000000 0.000000 0.000000
vn 1.000000 0.000000 0.000000
vn 1.000000 0.000000 0.000000
vn 0.000000 0.000000 -1.000000
vn 0.000000 0.000000 -1.000000
vn 0.000000 0.000000 -1.000000
vn 0.000000 0.000000 -1.000000
vn 0.000000 0.000000 1.000000
vn 0.000000 0.000000 1.000000
vn 0.000000 0.000000 1.000000
vn 0.000000 0.000000 1.000000
vn -1.000000 0.000000 0.000000
vn -1.000000 0.000000 0.000000
vn -1.000000 0.000000 0.000000
vn -1.000000 0.000000 0.000000
vn -0.707049 0.000000 0.707164
vn -0.000092 0.000000 1.000000
vn -0.000092 0.000000 1.000000
vn -0.707049 0.000000 0.707164
vn 0.707089 0.000000 0.707125
vn 0.707089 0.000000 0.707125
vn 1.000000 0.000000 -0.000013
vn 1.000000 0.000000 -0.000013
vn 0.707066 0.000000 -0.707147
vn 0.707066 0.000000 -0.707147
vn -0.000092 0.000000 -1.000000
vn -0.000092 0.000000 -1.000000
vn -0.707026 0.000000 -0.707187
vn -0.707026 0.000000 -0.707187
vn -1.000000 0.000000 -0.000013
vn -1.000000 0.000000 -0.000013
vn 0.000000 -1.000000 0.000000
vn 0.000000 -1.000000 0.000000
vn 0.000000 -1.000000 0.000000
vn 0.000000 -1.000000 -0.000000
vn 0.000000 -1.000000 0.000000
vn 0.000000 -1.000000 0.000000
vn 0.000000 -1.000000 0.000000
vn 0.000000 -1.000000 0.000000
vn 0.000000 -1.000000 0.000000
vn 1.000000 0.000000 0.000004
vn 0.707063 0.000000 -0.707151
vn 0.707063 0.000000 -0.707151
vn 1.000000 0.000000 0.000004
vn -0.000092 0.000000 -1.000000
vn -0.000092 0.000000 -1.000000
vn -0.707023 0.000000 -0.707191
vn -0.707023 0.000000 -0.707191
vn -1.000000 0.000000 0.000004
vn -1.000000 0.000000 0.000004
vn -0.707034 0.000000 0.707179
vn -0.707034 0.000000 0.707179
vn -0.000092 0.000000 1.000000
vn -0.000092 0.000000 1.000000
vn 0.707074 0.000000 0.707140
vn 0.707074 0.000000 0.707140
vn 0.513597 -0.858032 -0.000021
vn 0.896439 -0.443166 -0.000037
vn 0.633876 -0.443160 0.633885
vn 0.363134 -0.858057 0.363141
vn -0.000062 -0.443181 0.896432
vn -0.000036 -0.858079 0.513517
vn -0.633897 -0.443195 0.633840
vn -0.363170 -0.858048 0.363126
vn -0.896407 -0.443232 0.000029
vn -0.513493 -0.858094 0.000042
vn -0.633873 -0.443196 -0.633863
vn -0.363074 -0.858101 -0.363099
vn -0.000053 -0.443179 -0.896433
vn -0.000040 -0.858078 -0.513520
vn 0.633854 -0.443205 -0.633875
vn 0.363128 -0.858058 -0.363145
vn 0.748347 0.663307 -0.000025
vn 0.529130 0.663348 0.529141
vn -0.000053 0.663315 0.748341
vn -0.529151 0.663328 0.529145
vn -0.748311 0.663348 -0.000016
vn -0.529162 0.663333 -0.529129
vn -0.000039 0.663318 -0.748337
vn 0.529152 0.663305 -0.529173
vn 0.672411 0.740178 -0.000006
vn 0.475449 0.740223 0.475414
vn -0.000066 0.740203 0.672383
vn -0.475446 0.740218 0.475425
vn -0.672363 0.740222 -0.000019
vn -0.475480 0.740188 -0.475437
vn -0.000059 0.740202 -0.672384
vn 0.475441 0.740225 -0.475418
vn 0.694709 0.719291 -0.000004
vn 0.491214 0.719352 0.491164
vn -0.000068 0.719358 0.694639
vn -0.491247 0.719315 0.491185
vn -0.694667 0.719331 0.000018
vn -0.491203 0.719349 -0.491179
vn -0.000050 0.719342 -0.694656
vn 0.491215 0.719338 -0.491184
vn 0.987467 0.157823 0.000001
vn 0.698244 0.157847 0.698241
vn -0.000086 0.157878 0.987459
vn -0.698308 0.157897 0.698165
vn -0.987448 0.157947 0.000032
vn -0.698254 0.157979 -0.698200
vn -0.000090 0.157867 -0.987460
vn 0.698243 0.157809 -0.698250
vn 0.722362 -0.691515 0.000001
vn 0.510760 -0.691543 0.510777
vn -0.000063 -0.691529 0.722349
vn -0.510804 -0.691534 0.510745
vn -0.722341 -0.691537 0.000008
vn -0.510813 -0.691523 -0.510750
vn -0.000066 -0.691528 -0.722350
vn 0.510758 -0.691545 -0.510775
vn 0.958752 0.284244 0.000001
vn 0.677934 0.284218 0.677957
vn -0.000086 0.284188 0.958769
vn -0.677977 0.284115 0.677957
vn -0.958802 0.284074 0.000028
vn -0.677996 0.284130 -0.677932
vn -0.000065 0.284193 -0.958767
vn 0.677927 0.284245 -0.677953
vn 0.535139 0.844764 -0.000001
vn 0.378357 0.844824 0.378310
vn -0.000054 0.844838 0.535022
vn -0.378418 0.844786 0.378335
vn -0.535108 0.844784 0.000027
vn -0.378356 0.844819 -0.378324
vn -0.000047 0.844809 -0.535069
vn 0.378352 0.844813 -0.378340
vn -0.000001 1.000000 -0.000028
vn -0.363146 -0.858066 0.363108
vn -0.633900 -0.443177 0.633849
vn -0.896431 -0.443183 0.000003
vn -0.513494 -0.858093 0.000012
vn -0.633878 -0.443179 -0.633870
vn -0.363102 -0.858083 -0.363113
vn -0.000062 -0.443171 -0.896437
vn -0.000043 -0.858070 -0.513532
vn 0.633834 -0.443255 -0.633860
vn 0.363060 -0.858109 -0.363094
vn 0.896381 -0.443284 -0.000026
vn 0.513389 -0.858156 -0.000029
vn 0.633831 -0.443264 0.633857
vn 0.363000 -0.858155 0.363045
vn -0.000062 -0.443216 0.896415
vn -0.000043 -0.858091 0.513498
vn -0.529170 0.663321 0.529135
vn -0.748310 0.663350 -0.000003
vn -0.529155 0.663327 -0.529143
vn -0.000051 0.663305 -0.748349
vn 0.529185 0.663273 -0.529180
vn 0.748414 0.663232 -0.000008
vn 0.529175 0.663299 0.529158
vn -0.000046 0.663295 0.748358
vn -0.475521 0.740153 0.475450
vn -0.672443 0.740149 0.000002
vn -0.475480 0.740187 -0.475440
vn -0.000056 0.740187 -0.672401
vn 0.475429 0.740223 -0.475434
vn 0.672394 0.740194 -0.000007
vn 0.475439 0.740218 0.475431
vn -0.000051 0.740195 0.672393
vn -0.491286 0.719278 0.491199
vn -0.694709 0.719291 0.000019
vn -0.491194 0.719372 -0.491155
vn -0.000034 0.719342 -0.694656
vn 0.491160 0.719374 -0.491186
vn 0.694623 0.719374 -0.000008
vn 0.491173 0.719381 0.491163
vn -0.000052 0.719341 0.694657
vn -0.698310 0.157873 0.698169
vn -0.987454 0.157910 0.000017
vn -0.698265 0.157951 -0.698196
vn -0.000038 0.157863 -0.987461
vn 0.698251 0.157854 -0.698232
vn 0.987462 0.157859 -0.000014
vn 0.698292 0.157856 0.698191
vn -0.000081 0.157868 0.987460
vn -0.510793 -0.691560 0.510720
vn -0.722319 -0.691560 -0.000015
vn -0.510796 -0.691536 -0.510750
vn -0.000050 -0.691514 -0.722363
vn 0.510757 -0.691562 -0.510754
vn 0.722334 -0.691545 -0.000009
vn 0.510775 -0.691556 0.510743
vn -0.000048 -0.691522 0.722355
vn -0.677987 0.284137 0.677938
vn -0.958795 0.284098 -0.000023
vn -0.677974 0.284159 -0.677942
vn -0.000061 0.284206 -0.958763
vn 0.677926 0.284181 -0.677981
vn 0.958782 0.284142 -0.000005
vn 0.677941 0.284198 0.677958
vn -0.000053 0.284205 0.958764
vn -0.378401 0.844802 0.378315
vn -0.535090 0.844795 0.000007
vn -0.378377 0.844797 -0.378351
vn -0.000049 0.844800 -0.535082
vn 0.378294 0.844835 -0.378349
vn 0.535017 0.844841 -0.000003
vn 0.378310 0.844831 0.378341
vn -0.000033 0.844835 0.535027
vn -0.000072 1.000000 -0.000020
vn 1.000000 0.000000 0.000000
vn 1.000000 0.000000 0.000000
vn 1.000000 0.000000 0.000000
vn 1.000000 0.000000 0.000000
vn 0.000000 0.000000 1.000000
vn 0.000000 0.000000 1.000000
vn 0.000000 0.000000 1.000000
vn 0.000000 0.000000 1.000000
vn 0.000000 0.000000 -1.000000
vn 0.000000 0.000000 -1.000000
vn 0.000000 0.000000 -1.000000
vn 0.000000 0.000000 -1.000000
vn -1.000000 0.000000 0.000000
vn -1.000000 0.000000 0.000000
vn -1.000000 0.000000 0.000000
vn -1.000000 0.000000 0.000000
vn 0.000000 0.999994 -0.003377
vn 0.000001 0.999977 -0.006737
vn 0.000001 0.999977 -0.006737
vn 0.000000 0.999994 -0.003377
vn 0.999997 0.000000 -0.002533
vn 0.999997 0.000000 -0.002420
vn 0.999997 0.000000 -0.002420
vn 0.999997 0.000000 -0.002533
vn 0.000000 -1.000000 -0.000222
vn 0.000000 -1.000000 -0.000431
vn 0.000000 -1.000000 -0.000431
vn 0.000000 -1.000000 -0.000222
vn -0.999998 0.000000 0.002034
vn -0.999991 0.000000 0.004143
vn -0.999991 0.000000 0.004143
vn -0.999998 0.000000 0.002034
vn -1.000000 0.000000 -0.000075
vn -1.000000 0.000000 -0.000075
vn -0.000000 1.000000 -0.000016
vn -0.000000 1.000000 -0.000016
vn 0.999997 0.000000 -0.002646
vn 0.999997 0.000000 -0.002646
vn -0.000000 -1.000000 -0.000014
vn -0.000000 -1.000000 -0.000014
vn 0.000000 0.000000 1.000000
vn 0.000000 0.000000 1.000000
vn 0.000000 0.000000 1.000000
vn 0.000000 0.000000 1.000000
vn -1.000000 0.000000 -0.000217
vn -1.000000 0.000000 -0.000217
vn -1.000000 0.000000 0.000699
vn -1.000000 0.000000 0.000699
vn -0.999999 0.000000 -0.001132
vn -0.999999 0.000000 -0.001132
vn 0.000000 0.999997 0.002527
vn 0.000000 0.999997 0.002527
vn 0.000000 0.999997 0.002640
vn 0.000000 0.999997 0.002640
vn 0.000000 0.999997 0.002414
vn 0.000000 0.999997 0.002414
vn 1.000000 -0.000032 -0.000217
vn 1.000000 -0.000032 -0.000217
vn 1.000000 0.000000 0.000699
vn 1.000000 0.000000 0.000699
vn 0.999999 -0.000064 -0.001132
vn 0.999999 -0.000064 -0.001132
vn 0.000000 -0.999998 -0.002034
vn 0.000000 -0.999998 -0.002034
vn 0.000000 -1.000000 0.000078
vn 0.000000 -1.000000 0.000078
vn 0.000000 -0.999991 -0.004146
vn 0.000000 -0.999991 -0.004146
vn 0.000000 0.000000 -1.000000
vn 0.000000 0.000000 -1.000000
vn 0.000000 0.000000 -1.000000
vn 0.000000 0.000000 -1.000000
vn -1.000000 -0.000009 0.000070
vn -1.000000 0.000006 0.000044
vn -0.698579 -0.715533 0.000297
vn -0.697402 -0.716681 0.000098
vn -0.698584 0.715528 0.000061
vn -0.697413 0.716670 0.000471
vn -0.699755 -0.714383 0.000496
vn -1.000000 0.000021 0.000018
vn -0.699754 0.714383 -0.000350
vn -0.000087 1.000000 0.000726
vn -0.000089 1.000000 0.000127
vn 0.698427 0.715681 0.000061
vn 0.697242 0.716836 0.000471
vn -0.000092 1.000000 -0.000472
vn 0.699610 0.714525 -0.000350
vn 1.000000 -0.000004 0.000070
vn 1.000000 -0.000001 0.000044
vn 0.698420 -0.715688 0.000297
vn 0.697228 -0.716849 0.000098
vn 1.000000 0.000001 0.000018
vn 0.699610 -0.714525 0.000496
vn -0.000096 -1.000000 0.000205
vn -0.000085 -1.000000 0.000458
vn -0.000073 -1.000000 0.000712
vn 0.000000 0.000000 -1.000000
vn 0.000000 0.000000 -1.000000
vn 0.000000 0.000000 -1.000000
vn 0.000000 0.000000 -1.000000
vn 0.000000 0.000000 -1.000000
vn 0.000000 0.000000 -1.000000
vn 0.000000 0.000000 -1.000000
vn 0.000000 0.000000 -1.000000
vn 0.000000 0.000000 -1.000000
vn -1.000000 -0.000004 -0.000070
vn -0.697392 -0.716690 -0.000098
vn -0.698557 -0.715554 -0.000297
vn -1.000000 -0.000003 -0.000044
vn -0.697413 0.716669 -0.000471
vn -0.698561 0.715551 -0.000060
vn -0.699720 -0.714417 -0.000497
vn -1.000000 -0.000001 -0.000018
vn -0.699707 0.714430 0.000350
vn -0.000100 1.000000 -0.000725
vn -0.000079 1.000000 -0.000126
vn 0.697283 0.716796 -0.000471
vn 0.698437 0.715671 -0.000060
vn -0.000057 1.000000 0.000473
vn 0.699589 0.714545 0.000350
vn 1.000000 -0.000085 -0.000070
vn 1.000000 -0.000028 -0.000044
vn 0.697255 -0.716823 -0.000098
vn 0.698429 -0.715680 -0.000297
vn 1.000000 0.000028 -0.000018
vn 0.699601 -0.714534 -0.000497
vn -0.000029 -1.000000 -0.000205
vn -0.000060 -1.000000 -0.000459
vn -0.000090 -1.000000 -0.000713
vn -0.000000 0.000000 1.000000
vn -0.000000 0.000000 1.000000
vn -0.000000 0.000000 1.000000
vn 0.000000 0.000000 1.000000
vn 0.000000 0.000000 1.000000
vn -0.000000 0.000000 1.000000
vn -0.000000 0.000000 1.000000
vn 0.000000 0.000000 1.000000
vn 0.000000 0.000000 1.000000
vn 1.000000 0.000000 0.000000
vn 1.000000 0.000000 0.000000
vn 0.707122 0.000000 0.707092
vn 0.707122 0.000000 0.707092
vn -0.000092 0.000000 1.000000
vn -0.000092 0.000000 1.000000
vn -0.707030 0.000000 0.707184
vn -0.707030 0.000000 0.707184
vn -1.000000 0.000000 0.000000
vn -1.000000 0.000000 0.000000
vn -0.707023 0.000000 -0.707191
vn -0.707023 0.000000 -0.707191
vn -0.000092 0.000000 -1.000000
vn -0.000092 0.000000 -1.000000
vn 0.707115 0.000000 -0.707098
vn 0.707115 0.000000 -0.707098
vn 0.513560 -0.858054 0.000013
vn 0.363093 -0.858097 -0.363089
vn 0.633865 -0.443210 -0.633861
vn 0.896441 -0.443163 0.000013
vn -0.000048 -0.858101 -0.513481
vn -0.000063 -0.443217 -0.896415
vn -0.363109 -0.858088 -0.363094
vn -0.633891 -0.443179 -0.633857
vn -0.513477 -0.858104 0.000008
vn -0.896407 -0.443233 0.000014
vn -0.363118 -0.858080 0.363104
vn -0.633879 -0.443220 0.633840
vn -0.000036 -0.858081 0.513515
vn -0.000061 -0.443190 0.896428
vn 0.363128 -0.858061 0.363139
vn 0.633863 -0.443199 0.633871
vn 0.529140 0.663341 -0.529141
vn 0.748338 0.663317 0.000007
vn -0.000046 0.663308 -0.748347
vn -0.529156 0.663340 -0.529125
vn -0.748318 0.663341 0.000002
vn -0.529168 0.663313 0.529148
vn -0.000050 0.663311 0.748344
vn 0.529152 0.663315 0.529161
vn 0.475450 0.740225 -0.475409
vn 0.672416 0.740174 0.000008
vn -0.000061 0.740207 -0.672379
vn -0.475500 0.740170 -0.475445
vn -0.672397 0.740191 -0.000003
vn -0.475457 0.740205 0.475434
vn -0.000066 0.740212 0.672374
vn 0.475438 0.740231 0.475412
vn 0.491203 0.719364 -0.491158
vn 0.694683 0.719316 0.000010
vn -0.000060 0.719357 -0.694640
vn -0.491248 0.719310 -0.491191
vn -0.694692 0.719307 0.000005
vn -0.491226 0.719322 0.491195
vn -0.000061 0.719342 0.694656
vn 0.491192 0.719358 0.491177
vn 0.698271 0.157908 -0.698199
vn 0.987451 0.157927 -0.000000
vn -0.000100 0.157890 -0.987457
vn -0.698284 0.157961 -0.698175
vn -0.987446 0.157955 -0.000004
vn -0.698290 0.157895 0.698184
vn -0.000059 0.157838 0.987465
vn 0.698244 0.157873 0.698235
vn 0.510761 -0.691565 -0.510745
vn 0.722330 -0.691548 0.000000
vn -0.000074 -0.691501 -0.722376
vn -0.510825 -0.691492 -0.510780
vn -0.722344 -0.691534 -0.000021
vn -0.510789 -0.691574 0.510706
vn -0.000039 -0.691548 0.722331
vn 0.510762 -0.691561 0.510751
vn 0.677931 0.284164 -0.677982
vn 0.958783 0.284139 0.000008
vn -0.000071 0.284207 -0.958763
vn -0.677962 0.284162 -0.677953
vn -0.958800 0.284083 -0.000039
vn -0.678006 0.284108 0.677932
vn -0.000042 0.284177 0.958772
vn 0.677936 0.284185 0.677969
vn 0.378379 0.844798 -0.378347
vn 0.535098 0.844790 0.000005
vn -0.000019 0.844814 -0.535059
vn -0.378409 0.844796 -0.378320
vn -0.535141 0.844763 -0.000007
vn -0.378421 0.844773 0.378359
vn -0.000036 0.844790 0.535098
vn 0.378360 0.844809 0.378341
vn -0.000022 1.000000 0.000032
vn 0.000000 0.000000 -1.000000
vn 0.000000 0.000000 -1.000000
vn 0.000000 0.000000 -1.000000
vn 0.000000 0.000000 -1.000000
vn -1.000000 0.000000 0.000000
vn -1.000000 0.000000 0.000000
vn -1.000000 0.000000 0.000000
vn -1.000000 0.000000 0.000000
vn 0.000000 1.000000 0.000118
vn 0.000000 1.000000 0.000118
vn 0.000000 1.000000 0.000118
vn 0.000000 1.000000 0.000118
vn 1.000000 0.000000 0.000000
vn 1.000000 0.000000 0.000000
vn 1.000000 0.000000 0.000000
vn 1.000000 0.000000 0.000000
vn 0.000000 -1.000000 -0.000027
vn 0.000000 -1.000000 -0.000027
vn 0.000000 -1.000000 -0.000027
vn 0.000000 -1.000000 -0.000027
vn 0.000000 0.000000 1.000000
vn 0.000000 0.000000 1.000000
vn 0.000000 0.000000 1.000000
vn 0.000000 0.000000 1.000000
vn -1.000000 -0.000001 0.000000
vn -1.000000 0.000033 0.000000
vn -0.993939 0.109576 -0.008800
vn -0.993937 0.108493 -0.017862
vn -1.000000 0.000040 0.000000
vn -0.993930 0.109929 -0.004387
vn 0.000000 0.986716 -0.162457
vn 0.000000 0.996792 -0.080037
vn 0.000000 0.996792 -0.080037
vn 0.000000 0.986716 -0.162457
vn 0.000000 0.999205 -0.039870
vn 0.000000 0.999205 -0.039870
vn 0.993955 0.108329 -0.017837
vn 0.993953 0.109455 -0.008787
vn 1.000000 0.000019 0.000000
vn 1.000000 -0.000001 0.000000
vn 0.993942 0.109817 -0.004381
vn 1.000000 0.000003 0.000000
vn 0.000000 -0.986717 0.162449
vn 0.000000 -0.996792 0.080037
vn 0.000000 -0.996792 0.080037
vn 0.000000 -0.986717 0.162449
vn 0.000000 -0.999205 0.039867
vn 0.000000 -0.999205 0.039867
vn 0.000000 -0.978862 0.204523
vn 0.000000 -0.978862 0.204523
vn -0.993922 0.107762 -0.022511
vn -1.000000 -0.000027 0.000000
vn 0.000000 0.978858 -0.204542
vn 0.000000 0.978858 -0.204542
vn 1.000000 -0.000037 0.000000
vn 0.993944 0.107564 -0.022480
vn 0.000000 0.000000 1.000000
vn 0.000000 0.000000 1.000000
vn 0.000000 0.000000 1.000000
vn 0.000000 0.000000 1.000000
vn -1.000000 -0.000003 0.000000
vn -0.993937 0.108504 0.017780
vn -0.993938 0.109593 0.008798
vn -1.000000 0.000000 0.000000
vn -0.993931 0.109917 0.004384
vn -1.000000 -0.000081 0.000000
vn 0.000000 0.986836 0.161726
vn 0.000000 0.986836 0.161726
vn 0.000000 0.996792 0.080029
vn 0.000000 0.996792 0.080029
vn 0.000000 0.999206 0.039849
vn 0.000000 0.999206 0.039849
vn 0.993954 0.108349 0.017755
vn 1.000000 0.000000 0.000000
vn 1.000000 0.000000 0.000000
vn 0.993954 0.109443 0.008786
vn 1.000000 0.000000 0.000000
vn 0.993944 0.109803 0.004378
vn 0.000000 -0.986834 -0.161734
vn 0.000000 -0.986834 -0.161734
vn 0.000000 -0.996793 -0.080026
vn 0.000000 -0.996793 -0.080026
vn 0.000000 -0.999206 -0.039845
vn 0.000000 -0.999206 -0.039845
vn 0.000000 -0.979157 -0.203105
vn 0.000000 -0.979157 -0.203105
vn -1.000000 -0.000087 0.000000
vn -0.993928 0.107740 0.022348
vn 0.000000 0.979161 0.203085
vn 0.000000 0.979161 0.203085
vn 0.993942 0.107613 0.022316
vn 1.000000 0.000000 0.000000
vn 0.000000 0.000000 -1.000000
vn 0.000000 0.000000 -1.000000
vn 0.000000 0.000000 -1.000000
vn 0.000000 0.000000 -1.000000
vn -0.975823 0.217861 0.017491
vn -0.975781 0.218578 0.008716
vn 0.000000 0.000000 -1.000000
vn 0.000000 0.000000 -1.000000
vn 0.975889 0.217568 0.017466
vn 0.975848 0.218276 0.008704
vn 0.975890 0.215392 0.035296
vn 0.975843 0.213923 0.044362
vn 0.975841 0.213861 -0.044687
vn 0.975892 0.215353 -0.035459
vn 0.975888 0.217573 -0.017469
vn 0.975843 0.218301 -0.008708
vn 0.000000 0.000000 1.000000
vn 0.000000 0.000000 1.000000
vn -0.975802 0.218484 -0.008721
vn -0.975837 0.217797 -0.017493
vn -0.975819 0.215676 -0.035508
vn -0.975755 0.214241 -0.044748
vn -0.975820 0.215701 0.035345
vn -0.975767 0.214257 0.044423
vn -1.000000 0.000000 0.000000
vn -1.000000 0.000000 0.000000
vn -1.000000 0.000000 0.000000
vn -1.000000 0.000000 0.000000
vn 1.000000 0.000000 0.000000
vn 1.000000 0.000000 0.000000
vn 1.000000 0.000000 0.000000
vn 1.000000 0.000000 0.000000
vn 0.000000 0.000000 1.000000
vn 0.000000 0.000000 1.000000
vn 0.000000 0.000000 1.000000
vn 0.000000 0.000000 1.000000
vn 0.000000 0.000000 -1.000000
vn 0.000000 0.000000 -1.000000
vn 0.000000 0.000000 -1.000000
vn 0.000000 0.000000 -1.000000
vn -1.000000 0.000000 0.000000
vn -1.000000 0.000000 0.000000
vn -1.000000 0.000000 0.000000
vn -1.000000 0.000000 0.000000
vn 1.000000 0.000000 0.000000
vn 1.000000 0.000000 0.000000
vn 1.000000 0.000000 0.000000
vn 1.000000 0.000000 0.000000
vn 0.000000 0.000000 -1.000000
vn 0.000000 0.000000 -1.000000
vn 0.000000 0.000000 -1.000000
vn 0.000000 0.000000 -1.000000
vn 0.000000 0.000000 1.000000
vn 0.000000 0.000000 1.000000
vn 0.000000 0.000000 1.000000
vn 0.000000 0.000000 1.000000
vn 0.000000 1.000000 0.000000
vn 0.000000 1.000000 0.000000
vn 0.000000 1.000000 0.000000
vn 0.000000 1.000000 0.000000
vn 0.000000 -1.000000 0.000000
vn 0.000000 -1.000000 0.000000
vn 0.000000 -1.000000 0.000000
vn 0.000000 -1.000000 0.000000
vn 0.000000 -0.000213 -1.000000
vn 0.000000 -0.000213 -1.000000
vn 0.000000 -0.000213 -1.000000
vn 0.000000 -0.000213 -1.000000
vn 0.000000 -0.022857 0.999739
vn 0.000000 -0.022857 0.999739
vn 0.000000 -0.022857 0.999739
vn 0.000000 -0.022857 0.999739
vn 0.000000 1.000000 0.000000
vn 0.000000 1.000000 0.000000
vn 0.000000 1.000000 0.000000
vn 0.000000 1.000000 0.000000
vn 0.000000 -1.000000 0.000000
vn 0.000000 -1.000000 0.000000
vn 0.000000 -1.000000 0.000000
vn 0.000000 -1.000000 0.000000
vn 0.000000 0.024161 -0.999708
vn 0.000000 0.024161 -0.999708
vn 0.000000 0.024161 -0.999708
vn 0.000000 0.024161 -0.999708
vn 0.000000 -0.047171 0.998887
vn 0.000000 -0.047171 0.998887
vn 0.000000 -0.047171 0.998887
vn 0.000000 -0.047171 0.998887
vn 0.000000 1.000000 0.000000
vn 0.000000 1.000000 0.000000
vn 0.000000 1.000000 0.000000
vn 0.000000 1.000000 0.000000
vn 0.000000 -1.000000 0.000000
vn 0.000000 -1.000000 0.000000
vn 0.000000 -1.000000 0.000000
vn 0.000000 -1.000000 0.000000
vn 0.000000 0.096661 -0.995317
vn 0.000000 0.096661 -0.995317
vn 0.000000 0.096661 -0.995317
vn 0.000000 0.096661 -0.995317
vn 0.000000 -0.119129 0.992879
vn 0.000000 -0.119129 0.992879
vn 0.000000 -0.119129 0.992879
vn 0.000000 -0.119129 0.992879
vn 0.000000 1.000000 0.000000
vn 0.000000 1.000000 0.000000
vn 0.000000 1.000000 0.000000
vn 0.000000 1.000000 0.000000
vn 0.000000 -1.000000 0.000000
vn 0.000000 -1.000000 0.000000
vn 0.000000 -1.000000 0.000000
vn 0.000000 -1.000000 0.000000
vn 0.000000 0.120425 -0.992723
vn 0.000000 0.120425 -0.992723
vn 0.000000 0.120425 -0.992723
vn 0.000000 0.120425 -0.992723
vn 0.000000 -0.142704 0.989765
vn 0.000000 -0.142704 0.989765
vn 0.000000 -0.142704 0.989765
vn 0.000000 -0.142704 0.989765
vn 0.000000 1.000000 0.000000
vn 0.000000 1.000000 0.000000
vn 0.000000 1.000000 0.000000
vn 0.000000 1.000000 0.000000
vn 0.000000 -1.000000 -0.000000
vn 0.000000 -1.000000 -0.000000
vn 0.000000 -1.000000 -0.000000
vn 0.000000 -1.000000 -0.000000
vn 0.000000 0.167082 -0.985943
vn 0.000000 0.167082 -0.985943
vn 0.000000 0.167082 -0.985943
vn 0.000000 0.167082 -0.985943
vn 0.000000 -0.188709 0.982033
vn 0.000000 -0.188709 0.982033
vn 0.000000 -0.188709 0.982033
vn 0.000000 -0.188709 0.982033
vn 0.000000 1.000000 0.000000
vn 0.000000 1.000000 0.000000
vn 0.000000 1.000000 0.000000
vn 0.000000 1.000000 0.000000
vn 0.000000 -1.000000 -0.000000
vn 0.000000 -1.000000 -0.000000
vn 0.000000 -1.000000 -0.000000
vn 0.000000 -1.000000 -0.000000
vn 0.000000 0.190350 -0.981716
vn 0.000000 0.190350 -0.981716
vn 0.000000 0.190350 -0.981716
vn 0.000000 0.190350 -0.981716
vn 0.000000 -0.211554 0.977366
vn 0.000000 -0.211554 0.977366
vn 0.000000 -0.211554 0.977366
vn 0.000000 -0.211554 0.977366
vn 0.000000 1.000000 0.000000
vn 0.000000 1.000000 0.000000
vn 0.000000 1.000000 0.000000
vn 0.000000 1.000000 0.000000
vn 0.000000 -1.000000 0.000000
vn 0.000000 -1.000000 0.000000
vn 0.000000 -1.000000 0.000000
vn 0.000000 -1.000000 0.000000
vn 0.000000 0.212718 -0.977114
vn 0.000000 0.212718 -0.977114
vn 0.000000 0.212718 -0.977114
vn 0.000000 0.212718 -0.977114
vn 0.000000 -0.233488 0.972360
vn 0.000000 -0.233488 0.972360
vn 0.000000 -0.233488 0.972360
vn 0.000000 -0.233488 0.972360
vn 0.000000 1.000000 0.000000
vn 0.000000 1.000000 0.000000
vn 0.000000 1.000000 0.000000
vn 0.000000 1.000000 0.000000
vn 0.000000 -1.000000 0.000000
vn 0.000000 -1.000000 0.000000
vn 0.000000 -1.000000 0.000000
vn 0.000000 -1.000000 0.000000
vn 0.000000 0.143911 -0.989591
vn 0.000000 0.143911 -0.989591
vn 0.000000 0.143911 -0.989591
vn 0.000000 0.143911 -0.989591
vn 0.000000 -0.165859 0.986150
vn 0.000000 -0.165859 0.986150
vn 0.000000 -0.165859 0.986150
vn 0.000000 -0.165859 0.986150
vn 0.000000 1.000000 0.000000
vn 0.000000 1.000000 0.000000
vn 0.000000 1.000000 0.000000
vn 0.000000 1.000000 0.000000
vn 0.000000 -1.000000 0.000000
vn 0.000000 -1.000000 0.000000
vn 0.000000 -1.000000 0.000000
vn 0.000000 -1.000000 0.000000
vn 0.000000 0.048462 -0.998825
vn 0.000000 0.048462 -0.998825
vn 0.000000 0.048462 -0.998825
vn 0.000000 0.048462 -0.998825
vn 0.000000 -0.071330 0.997453
vn 0.000000 -0.071330 0.997453
vn 0.000000 -0.071330 0.997453
vn 0.000000 -0.071330 0.997453
vn 0.000000 1.000000 0.000000
vn 0.000000 1.000000 0.000000
vn 0.000000 1.000000 0.000000
vn 0.000000 1.000000 0.000000
vn 0.000000 -1.000000 0.000000
vn 0.000000 -1.000000 0.000000
vn 0.000000 -1.000000 0.000000
vn 0.000000 -1.000000 0.000000
vn 0.000000 0.072620 -0.997360
vn 0.000000 0.072620 -0.997360
vn 0.000000 0.072620 -0.997360
vn 0.000000 0.072620 -0.997360
vn 0.000000 -0.095364 0.995443
vn 0.000000 -0.095364 0.995443
vn 0.000000 -0.095364 0.995443
vn 0.000000 -0.095364 0.995443
vn 0.000000 1.000000 0.000000
vn 0.000000 1.000000 0.000000
vn 0.000000 1.000000 0.000000
vn 0.000000 1.000000 0.000000
vn 0.000000 -1.000000 0.000000
vn 0.000000 -1.000000 0.000000
vn 0.000000 -1.000000 0.000000
vn 0.000000 -1.000000 0.000000
vn 0.000000 -0.033352 -0.999444
vn 0.000000 -0.033352 -0.999444
vn 0.000000 -0.033352 -0.999444
vn 0.000000 -0.033352 -0.999444
vn 0.000000 0.010324 0.999947
vn 0.000000 0.010324 0.999947
vn 0.000000 0.010324 0.999947
vn 0.000000 0.010324 0.999947
vn 0.000000 1.000000 0.000000
vn 0.000000 1.000000 0.000000
vn 0.000000 1.000000 0.000000
vn 0.000000 1.000000 0.000000
vn 0.000000 -1.000000 0.000000
vn 0.000000 -1.000000 0.000000
vn 0.000000 -1.000000 0.000000
vn 0.000000 -1.000000 0.000000
vn 0.000000 -0.018017 -0.999838
vn 0.000000 -0.018017 -0.999838
vn 0.000000 -0.018017 -0.999838
vn 0.000000 -0.018017 -0.999838
vn 0.000000 -0.004911 0.999988
vn 0.000000 -0.004911 0.999988
vn 0.000000 -0.004911 0.999988
vn 0.000000 -0.004911 0.999988
vn 0.000000 1.000000 0.000000
vn 0.000000 1.000000 0.000000
vn 0.000000 1.000000 0.000000
vn 0.000000 1.000000 0.000000
vn 0.000000 -1.000000 0.000000
vn 0.000000 -1.000000 0.000000
vn 0.000000 -1.000000 0.000000
vn 0.000000 -1.000000 0.000000
vn 0.000000 0.006148 -0.999981
vn 0.000000 0.006148 -0.999981
vn 0.000000 0.006148 -0.999981
vn 0.000000 0.006148 -0.999981
vn 0.000000 0.028506 0.999594
vn 0.000000 0.028506 0.999594
vn 0.000000 0.028506 0.999594
vn 0.000000 0.028506 0.999594
vn 0.000000 1.000000 0.000000
vn 0.000000 1.000000 0.000000
vn 0.000000 1.000000 0.000000
vn 0.000000 1.000000 0.000000
vn 0.000000 -1.000000 -0.000000
vn 0.000000 -1.000000 -0.000000
vn 0.000000 -1.000000 -0.000000
vn 0.000000 -1.000000 -0.000000
vn 0.000000 -0.003190 -0.999995
vn 0.000000 -0.003190 -0.999995
vn 0.000000 -0.003190 -0.999995
vn 0.000000 -0.003190 -0.999995
vn 0.000000 0.038041 0.999276
vn 0.000000 0.038041 0.999276
vn 0.000000 0.038041 0.999276
vn 0.000000 0.038041 0.999276
vn 0.000000 1.000000 0.000000
vn 0.000000 1.000000 0.000000
vn 0.000000 1.000000 0.000000
vn 0.000000 1.000000 0.000000
vn 0.000000 -1.000000 -0.000000
vn 0.000000 -1.000000 -0.000000
vn 0.000000 -1.000000 -0.000000
vn 0.000000 -1.000000 -0.000000
vn 0.000000 -0.036305 -0.999341
vn 0.000000 -0.036305 -0.999341
vn 0.000000 -0.036305 -0.999341
vn 0.000000 -0.036305 -0.999341
vn 0.000000 0.013716 0.999906
vn 0.000000 0.013716 0.999906
vn 0.000000 0.013716 0.999906
vn 0.000000 0.013716 0.999906
vn 0.000000 1.000000 0.000000
vn 0.000000 1.000000 0.000000
vn 0.000000 1.000000 0.000000
vn 0.000000 1.000000 0.000000
vn 0.000000 -1.000000 0.000000
vn 0.000000 -1.000000 0.000000
vn 0.000000 -1.000000 0.000000
vn 0.000000 -1.000000 0.000000
vn 0.000000 -0.012508 -0.999922
vn 0.000000 -0.012508 -0.999922
vn 0.000000 -0.012508 -0.999922
vn 0.000000 -0.012508 -0.999922
vn 0.000000 -0.009889 0.999951
vn 0.000000 -0.009889 0.999951
vn 0.000000 -0.009889 0.999951
vn 0.000000 -0.009889 0.999951
vn 0.000000 1.000000 0.000000
vn 0.000000 1.000000 0.000000
vn 0.000000 1.000000 0.000000
vn 0.000000 1.000000 0.000000
vn 0.000000 -1.000000 0.000000
vn 0.000000 -1.000000 0.000000
vn 0.000000 -1.000000 0.000000
vn 0.000000 -1.000000 0.000000
vn 0.000000 -0.027232 -0.999629
vn 0.000000 -0.027232 -0.999629
vn 0.000000 -0.027232 -0.999629
vn 0.000000 -0.027232 -0.999629
vn 0.000000 0.004466 0.999990
vn 0.000000 0.004466 0.999990
vn 0.000000 0.004466 0.999990
vn 0.000000 0.004466 0.999990
vn 0.000000 1.000000 0.000000
vn 0.000000 1.000000 0.000000
vn 0.000000 1.000000 0.000000
vn 0.000000 1.000000 0.000000
vn 0.000000 -1.000000 0.000000
vn 0.000000 -1.000000 0.000000
vn 0.000000 -1.000000 0.000000
vn 0.000000 -1.000000 0.000000
vn 0.000000 -0.009048 -0.999959
vn 0.000000 -0.009048 -0.999959
vn 0.000000 -0.009048 -0.999959
vn 0.000000 -0.009048 -0.999959
vn 0.000000 0.043538 0.999052
vn 0.000000 0.043538 0.999052
vn 0.000000 0.043538 0.999052
vn 0.000000 0.043538 0.999052
vn 0.000000 1.000000 0.000000
vn 0.000000 1.000000 0.000000
vn 0.000000 1.000000 0.000000
vn 0.000000 1.000000 0.000000
vn 0.000000 -1.000000 0.000000
vn 0.000000 -1.000000 0.000000
vn 0.000000 -1.000000 0.000000
vn 0.000000 -1.000000 0.000000
vn 0.000000 -0.042227 -0.999108
vn 0.000000 -0.042227 -0.999108
vn 0.000000 -0.042227 -0.999108
vn 0.000000 -0.042227 -0.999108
vn 0.000000 0.019273 0.999814
vn 0.000000 0.019273 0.999814
vn 0.000000 0.019273 0.999814
vn 0.000000 0.019273 0.999814
vn -1.000000 0.000000 0.000000
vn -1.000000 0.000000 0.000000
vn -1.000000 0.000000 0.000000
vn -1.000000 0.000000 0.000000
vn 0.000000 0.000000 1.000000
vn 0.000000 0.000000 1.000000
vn 0.000000 0.000000 1.000000
vn 0.000000 0.000000 1.000000
vn 0.000000 0.000000 -1.000000
vn 0.000000 0.000000 -1.000000
vn 0.000000 0.000000 -1.000000
vn 0.000000 0.000000 -1.000000
vn 1.000000 0.000000 0.000000
vn 1.000000 0.000000 0.000000
vn 1.000000 0.000000 0.000000
vn 1.000000 0.000000 0.000000
vn 0.707096 0.000000 -0.707117
vn 0.000000 0.000000 -1.000000
vn 0.000000 0.000000 -1.000000
vn 0.707096 0.000000 -0.707117
vn -0.707096 0.000000 -0.707117
vn -0.707096 0.000000 -0.707117
vn -1.000000 0.000000 0.000010
vn -1.000000 0.000000 0.000010
vn -0.707096 0.000000 0.707118
vn -0.707096 0.000000 0.707118
vn 0.000000 0.000000 1.000000
vn 0.000000 0.000000 1.000000
vn 0.707096 0.000000 0.707118
vn 0.707096 0.000000 0.707118
vn 1.000000 0.000000 0.000010
vn 1.000000 0.000000 0.000010
vn 0.000000 -1.000000 0.000000
vn 0.000000 -1.000000 0.000000
vn 0.000000 -1.000000 0.000000
vn 0.000000 -1.000000 0.000000
vn 0.000000 -1.000000 0.000000
vn 0.000000 -1.000000 0.000000
vn 0.000000 -1.000000 0.000000
vn 0.000000 -1.000000 0.000000
vn 0.000000 -1.000000 0.000000
vn -1.000000 0.000000 -0.000007
vn -0.707091 0.000000 0.707123
vn -0.707091 0.000000 0.707123
vn -1.000000 0.000000 -0.000007
vn 0.000000 0.000000 1.000000
vn 0.000000 0.000000 1.000000
vn 0.707091 0.000000 0.707123
vn 0.707091 0.000000 0.707123
vn 1.000000 0.000000 -0.000007
vn 1.000000 0.000000 -0.000007
vn 0.707092 0.000000 -0.707122
vn 0.707092 0.000000 -0.707122
vn 0.000000 0.000000 -1.000000
vn 0.000000 0.000000 -1.000000
vn -0.707092 0.000000 -0.707122
vn -0.707092 0.000000 -0.707122
vn -0.513600 -0.858030 -0.000001
vn -0.896415 -0.443216 0.000001
vn -0.633891 -0.443198 -0.633843
vn -0.363157 -0.858056 -0.363122
vn -0.000013 -0.443196 -0.896425
vn -0.000018 -0.858092 -0.513496
vn 0.633869 -0.443205 -0.633861
vn 0.363097 -0.858101 -0.363074
vn 0.896444 -0.443158 -0.000005
vn 0.513459 -0.858114 -0.000027
vn 0.633865 -0.443154 0.633900
vn 0.363028 -0.858143 0.363045
vn -0.000014 -0.443192 0.896426
vn -0.000014 -0.858103 0.513478
vn -0.633882 -0.443232 0.633829
vn -0.363150 -0.858066 0.363103
vn -0.748400 0.663248 -0.000001
vn -0.529193 0.663285 -0.529158
vn -0.000014 0.663330 -0.748327
vn 0.529155 0.663330 -0.529139
vn 0.748308 0.663352 0.000019
vn 0.529112 0.663369 0.529134
vn -0.000002 0.663326 0.748331
vn -0.529184 0.663284 0.529168
vn -0.672456 0.740137 0.000029
vn -0.475469 0.740179 -0.475462
vn -0.000008 0.740193 -0.672394
vn 0.475448 0.740220 -0.475419
vn 0.672365 0.740219 0.000006
vn 0.475462 0.740195 0.475445
vn -0.000005 0.740168 0.672422
vn -0.475490 0.740137 0.475506
vn -0.694673 0.719326 0.000031
vn -0.491172 0.719367 -0.491184
vn -0.000007 0.719353 -0.694645
vn 0.491192 0.719382 -0.491142
vn 0.694596 0.719400 -0.000007
vn 0.491166 0.719396 0.491146
vn -0.000007 0.719334 0.694664
vn -0.491214 0.719305 0.491232
vn -0.987454 0.157909 -0.000001
vn -0.698231 0.157920 -0.698237
vn -0.000047 0.157926 -0.987451
vn 0.698291 0.157907 -0.698180
vn 0.987461 0.157864 -0.000004
vn 0.698234 0.157877 0.698243
vn -0.000016 0.157905 0.987454
vn -0.698225 0.157931 0.698241
vn -0.722342 -0.691536 -0.000006
vn -0.510779 -0.691539 -0.510763
vn -0.000013 -0.691544 -0.722334
vn 0.510758 -0.691563 -0.510751
vn 0.722310 -0.691570 0.000007
vn 0.510737 -0.691581 0.510748
vn -0.000013 -0.691533 0.722345
vn -0.510773 -0.691533 0.510777
vn -0.958772 0.284175 -0.000006
vn -0.677969 0.284167 -0.677944
vn 0.000001 0.284156 -0.958778
vn 0.677932 0.284191 -0.677971
vn 0.958758 0.284225 0.000006
vn 0.677930 0.284209 0.677965
vn -0.000001 0.284185 0.958769
vn -0.677958 0.284180 0.677949
vn -0.535131 0.844769 0.000010
vn -0.378352 0.844825 -0.378313
vn 0.000026 0.844835 -0.535028
vn 0.378351 0.844804 -0.378362
vn 0.535059 0.844815 -0.000011
vn 0.378337 0.844795 0.378394
vn 0.000041 0.844829 0.535036
vn -0.378355 0.844834 0.378291
vn 0.000036 1.000000 0.000008
vn 0.363127 -0.858059 -0.363144
vn 0.633857 -0.443157 -0.633906
vn 0.896426 -0.443193 -0.000006
vn 0.513498 -0.858091 -0.000014
vn 0.633853 -0.443162 0.633907
vn 0.363079 -0.858093 0.363113
vn 0.000019 -0.443146 0.896449
vn 0.000009 -0.858081 0.513514
vn -0.633893 -0.443196 0.633843
vn -0.363146 -0.858067 0.363106
vn -0.896420 -0.443205 0.000023
vn -0.513533 -0.858070 0.000028
vn -0.633877 -0.443209 -0.633850
vn -0.363075 -0.858117 -0.363058
vn 0.000029 -0.443181 -0.896432
vn 0.000023 -0.858081 -0.513514
vn 0.529149 0.663297 -0.529187
vn 0.748317 0.663341 -0.000008
vn 0.529119 0.663335 0.529169
vn 0.000029 0.663362 0.748299
vn -0.529178 0.663315 0.529134
vn -0.748383 0.663267 0.000006
vn -0.529157 0.663345 -0.529119
vn 0.000030 0.663331 -0.748326
vn 0.475475 0.740176 -0.475461
vn 0.672343 0.740240 -0.000009
vn 0.475440 0.740197 0.475462
vn 0.000015 0.740135 0.672458
vn -0.475476 0.740162 0.475481
vn -0.672474 0.740121 -0.000007
vn -0.475514 0.740139 -0.475479
vn 0.000019 0.740156 -0.672435
vn 0.491148 0.719407 -0.491150
vn 0.694493 0.719499 0.000001
vn 0.491127 0.719415 0.491158
vn 0.000001 0.719288 0.694712
vn -0.491184 0.719333 0.491222
vn -0.694670 0.719328 -0.000006
vn -0.491228 0.719306 -0.491217
vn 0.000005 0.719310 -0.694689
vn 0.698225 0.157908 -0.698246
vn 0.987445 0.157963 0.000005
vn 0.698197 0.157931 0.698269
vn -0.000003 0.157919 0.987452
vn -0.698219 0.157931 0.698247
vn -0.987453 0.157916 0.000006
vn -0.698234 0.157934 -0.698231
vn -0.000017 0.157889 -0.987457
vn 0.510739 -0.691589 -0.510735
vn 0.722290 -0.691591 0.000003
vn 0.510733 -0.691592 0.510737
vn -0.000007 -0.691552 0.722327
vn -0.510770 -0.691542 0.510769
vn -0.722331 -0.691547 0.000003
vn -0.510775 -0.691538 -0.510768
vn -0.000009 -0.691552 -0.722326
vn 0.677941 0.284212 -0.677952
vn 0.958750 0.284249 0.000001
vn 0.677952 0.284194 0.677949
vn 0.000000 0.284165 0.958776
vn -0.677968 0.284173 0.677942
vn -0.958779 0.284152 0.000002
vn -0.677967 0.284162 -0.677948
vn 0.000004 0.284168 -0.958775
vn 0.378356 0.844822 -0.378315
vn 0.535065 0.844811 0.000009
vn 0.378364 0.844820 0.378312
vn 0.000031 0.844844 0.535013
vn -0.378348 0.844833 0.378298
vn -0.535117 0.844778 -0.000000
vn -0.378367 0.844816 -0.378318
vn 0.000029 0.844819 -0.535053
vn 0.000048 1.000000 -0.000007
vn -1.000000 0.000000 0.000000
vn -1.000000 0.000000 0.000000
vn -1.000000 0.000000 0.000000
vn -1.000000 0.000000 0.000000
vn 0.000000 0.000000 -1.000000
vn 0.000000 0.000000 -1.000000
vn 0.000000 0.000000 -1.000000
vn 0.000000 0.000000 -1.000000
vn 0.000000 0.000000 1.000000
vn 0.000000 0.000000 1.000000
vn 0.000000 0.000000 1.000000
vn 0.000000 0.000000 1.000000
vn 1.000000 0.000000 0.000000
vn 1.000000 0.000000 0.000000
vn 1.000000 0.000000 0.000000
vn 1.000000 0.000000 0.000000
vn -0.000000 0.999994 0.003377
vn -0.000001 0.999977 0.006737
vn -0.000001 0.999977 0.006737
vn -0.000000 0.999994 0.003377
vn -0.999997 0.000000 0.002527
vn -0.999997 0.000000 0.002409
vn -0.999997 0.000000 0.002409
vn -0.999997 0.000000 0.002527
vn -0.000000 -1.000000 0.000222
vn -0.000000 -1.000000 0.000431
vn -0.000000 -1.000000 0.000431
vn -0.000000 -1.000000 0.000222
vn 0.999998 0.000000 -0.002034
vn 0.999991 0.000000 -0.004144
vn 0.999991 0.000000 -0.004144
vn 0.999998 0.000000 -0.002034
vn 1.000000 0.000000 0.000075
vn 1.000000 0.000000 0.000075
vn 0.000000 1.000000 0.000016
vn 0.000000 1.000000 0.000016
vn -0.999996 0.000000 0.002646
vn -0.999996 0.000000 0.002646
vn 0.000000 -1.000000 0.000014
vn 0.000000 -1.000000 0.000014
vn 0.000000 0.000000 -1.000000
vn 0.000000 0.000000 -1.000000
vn 0.000000 0.000000 -1.000000
vn 0.000000 0.000000 -1.000000
vn 1.000000 -0.000034 0.000219
vn 1.000000 -0.000034 0.000219
vn 1.000000 -0.000067 -0.000704
vn 1.000000 -0.000067 -0.000704
vn 0.999999 0.000000 0.001143
vn 0.999999 0.000000 0.001143
vn 0.000000 0.999997 -0.002527
vn 0.000000 0.999997 -0.002527
vn 0.000000 0.999997 -0.002640
vn 0.000000 0.999997 -0.002640
vn 0.000000 0.999997 -0.002414
vn 0.000000 0.999997 -0.002414
vn -1.000000 0.000000 0.000214
vn -1.000000 0.000000 0.000214
vn -1.000000 0.000000 -0.000704
vn -1.000000 0.000000 -0.000704
vn -0.999999 0.000000 0.001132
vn -0.999999 0.000000 0.001132
vn 0.000000 -0.999998 0.002034
vn 0.000000 -0.999998 0.002034
vn 0.000000 -1.000000 -0.000078
vn 0.000000 -1.000000 -0.000078
vn 0.000000 -0.999991 0.004146
vn 0.000000 -0.999991 0.004146
vn 0.000000 0.000000 1.000000
vn 0.000000 0.000000 1.000000
vn 0.000000 0.000000 1.000000
vn 0.000000 0.000000 1.000000
vn 1.000000 -0.000004 -0.000070
vn 1.000000 -0.000018 -0.000044
vn 0.698530 -0.715581 -0.000297
vn 0.697411 -0.716671 -0.000098
vn 0.698545 0.715567 -0.000061
vn 0.697403 0.716679 -0.000471
vn 0.699647 -0.714488 -0.000496
vn 1.000000 -0.000031 -0.000018
vn 0.699684 0.714452 0.000350
vn 0.000018 1.000000 -0.000725
vn 0.000022 1.000000 -0.000127
vn -0.698518 0.715593 -0.000061
vn -0.697374 0.716707 -0.000471
vn 0.000026 1.000000 0.000472
vn -0.699660 0.714476 0.000350
vn -1.000000 0.000030 -0.000070
vn -1.000000 -0.000001 -0.000044
vn -0.698530 -0.715581 -0.000297
vn -0.697401 -0.716682 -0.000098
vn -1.000000 -0.000033 -0.000018
vn -0.699658 -0.714478 -0.000496
vn 0.000026 -1.000000 -0.000205
vn 0.000001 -1.000000 -0.000458
vn -0.000024 -1.000000 -0.000712
vn 0.000000 0.000000 1.000000
vn 0.000000 0.000000 1.000000
vn 0.000000 0.000000 1.000000
vn 0.000000 0.000000 1.000000
vn 0.000000 0.000000 1.000000
vn 0.000000 0.000000 1.000000
vn 0.000000 0.000000 1.000000
vn 0.000000 0.000000 1.000000
vn 0.000000 0.000000 1.000000
vn 1.000000 -0.000004 0.000070
vn 0.697344 -0.716737 0.000098
vn 0.698507 -0.715604 0.000297
vn 1.000000 -0.000003 0.000044
vn 0.697342 0.716739 0.000471
vn 0.698496 0.715614 0.000060
vn 0.699668 -0.714468 0.000497
vn 1.000000 -0.000001 0.000018
vn 0.699648 0.714487 -0.000350
vn -0.000025 1.000000 0.000725
vn -0.000025 1.000000 0.000126
vn -0.697360 0.716721 0.000471
vn -0.698514 0.715596 0.000060
vn -0.000024 1.000000 -0.000473
vn -0.699667 0.714469 -0.000350
vn -1.000000 -0.000004 0.000070
vn -1.000000 -0.000004 0.000044
vn -0.697335 -0.716746 0.000098
vn -0.698493 -0.715617 0.000297
vn -1.000000 -0.000003 0.000018
vn -0.699650 -0.714485 0.000497
vn 0.000013 -1.000000 0.000205
vn 0.000019 -1.000000 0.000459
vn 0.000024 -1.000000 0.000713
vn 0.000000 0.000000 -1.000000
vn 0.000000 0.000000 -1.000000
vn 0.000000 0.000000 -1.000000
vn 0.000000 0.000000 -1.000000
vn 0.000000 0.000000 -1.000000
vn 0.000000 0.000000 -1.000000
vn 0.000000 0.000000 -1.000000
vn 0.000000 0.000000 -1.000000
vn 0.000000 0.000000 -1.000000
vn -1.000000 0.000000 -0.000001
vn -1.000000 0.000000 -0.000001
vn -0.707094 0.000000 -0.707120
vn -0.707094 0.000000 -0.707120
vn -0.000003 0.000000 -1.000000
vn -0.000003 0.000000 -1.000000
vn 0.707095 0.000000 -0.707119
vn 0.707095 0.000000 -0.707119
vn 1.000000 0.000000 0.000008
vn 1.000000 0.000000 0.000008
vn 0.707093 0.000000 0.707120
vn 0.707093 0.000000 0.707120
vn 0.000000 0.000000 1.000000
vn 0.000000 0.000000 1.000000
vn -0.707096 0.000000 0.707118
vn -0.707096 0.000000 0.707118
vn -0.513652 -0.857999 0.000008
vn -0.363185 -0.858045 0.363119
vn -0.633908 -0.443171 0.633846
vn -0.896452 -0.443141 0.000005
vn -0.000006 -0.858093 0.513495
vn 0.000003 -0.443159 0.896443
vn 0.363083 -0.858095 0.363104
vn 0.633870 -0.443154 0.633896
vn 0.513435 -0.858128 0.000025
vn 0.896433 -0.443180 0.000019
vn 0.363012 -0.858151 -0.363043
vn 0.633855 -0.443178 -0.633893
vn -0.000014 -0.858124 -0.513442
vn -0.000003 -0.443208 -0.896419
vn -0.363160 -0.858066 -0.363094
vn -0.633902 -0.443193 -0.633837
vn -0.529175 0.663315 0.529138
vn -0.748374 0.663278 0.000001
vn 0.000020 0.663355 0.748305
vn 0.529125 0.663345 0.529150
vn 0.748294 0.663368 -0.000002
vn 0.529119 0.663358 -0.529140
vn 0.000017 0.663342 -0.748317
vn -0.529166 0.663321 -0.529140
vn -0.475480 0.740164 0.475474
vn -0.672441 0.740151 -0.000025
vn 0.000015 0.740142 0.672451
vn 0.475454 0.740190 0.475460
vn 0.672347 0.740236 -0.000004
vn 0.475457 0.740191 -0.475455
vn 0.000003 0.740176 -0.672414
vn -0.475468 0.740169 -0.475479
vn -0.491190 0.719345 0.491198
vn -0.694647 0.719351 -0.000027
vn 0.000006 0.719307 0.694692
vn 0.491150 0.719401 0.491155
vn 0.694533 0.719461 -0.000010
vn 0.491163 0.719392 -0.491155
vn -0.000009 0.719333 -0.694665
vn -0.491190 0.719334 -0.491214
vn -0.698235 0.157916 0.698234
vn -0.987456 0.157896 -0.000014
vn -0.000008 0.157896 0.987456
vn 0.698226 0.157892 0.698249
vn 0.987452 0.157921 -0.000029
vn 0.698253 0.157880 -0.698224
vn -0.000014 0.157888 -0.987457
vn -0.698233 0.157922 -0.698234
vn -0.510769 -0.691539 0.510773
vn -0.722326 -0.691552 -0.000009
vn -0.000008 -0.691542 0.722337
vn 0.510729 -0.691599 0.510731
vn 0.722287 -0.691593 -0.000005
vn 0.510752 -0.691578 -0.510737
vn -0.000007 -0.691558 -0.722321
vn -0.510779 -0.691537 -0.510765
vn -0.677954 0.284209 0.677941
vn -0.958773 0.284172 -0.000010
vn 0.000030 0.284176 0.958772
vn 0.677935 0.284152 0.677983
vn 0.958763 0.284206 -0.000001
vn 0.677946 0.284199 -0.677953
vn 0.000001 0.284176 -0.958772
vn -0.677965 0.284173 -0.677945
vn -0.378329 0.844848 0.378285
vn -0.535118 0.844777 -0.000008
vn 0.000048 0.844841 0.535018
vn 0.378333 0.844806 0.378375
vn 0.535062 0.844813 0.000000
vn 0.378349 0.844803 -0.378364
vn 0.000016 0.844806 -0.535073
vn -0.378369 0.844803 -0.378344
vn 0.000018 1.000000 -0.000041
vn 0.000000 0.000000 1.000000
vn 0.000000 0.000000 1.000000
vn 0.000000 0.000000 1.000000
vn 0.000000 0.000000 1.000000
vn 1.000000 0.000000 0.000000
vn 1.000000 0.000000 0.000000
vn 1.000000 0.000000 0.000000
vn 1.000000 0.000000 0.000000
vn 0.000000 1.000000 -0.000353
vn 0.000000 1.000000 -0.000353
vn 0.000000 1.000000 -0.000353
vn 0.000000 1.000000 -0.000353
vn -1.000000 0.000000 0.000000
vn -1.000000 0.000000 0.000000
vn -1.000000 0.000000 0.000000
vn -1.000000 0.000000 0.000000
vn 0.000000 -1.000000 0.000027
vn 0.000000 -1.000000 0.000027
vn 0.000000 -1.000000 0.000027
vn 0.000000 -1.000000 0.000027
vn 0.000000 0.000000 -1.000000
vn 0.000000 0.000000 -1.000000
vn 0.000000 0.000000 -1.000000
vn 0.000000 0.000000 -1.000000
vn 1.000000 -0.000044 0.000000
vn 1.000000 0.000030 0.000000
vn 0.993954 0.109443 0.008787
vn 0.993957 0.108308 0.017837
vn 1.000000 0.000067 0.000000
vn 0.993942 0.109823 0.004381
vn 0.000000 0.986715 0.162458
vn 0.000000 0.996792 0.080040
vn 0.000000 0.996792 0.080040
vn 0.000000 0.986715 0.162458
vn 0.000000 0.999205 0.039871
vn 0.000000 0.999205 0.039871
vn -0.993954 0.108336 0.017837
vn -0.993954 0.109442 0.008787
vn -1.000000 -0.000017 0.000000
vn -1.000000 -0.000040 0.000000
vn -0.993943 0.109809 0.004381
vn -1.000000 0.000054 0.000000
vn 0.000000 -0.986717 -0.162451
vn 0.000000 -0.996792 -0.080039
vn 0.000000 -0.996792 -0.080039
vn 0.000000 -0.986717 -0.162451
vn 0.000000 -0.999205 -0.039867
vn 0.000000 -0.999205 -0.039867
vn 0.000000 -0.978862 -0.204523
vn 0.000000 -0.978862 -0.204523
vn 0.993945 0.107554 0.022480
vn 1.000000 -0.000080 0.000000
vn 0.000000 0.978859 0.204538
vn 0.000000 0.978859 0.204538
vn -1.000000 0.000007 0.000000
vn -0.993940 0.107596 0.022480
vn 0.000000 0.000000 -1.000000
vn 0.000000 0.000000 -1.000000
vn 0.000000 0.000000 -1.000000
vn 0.000000 0.000000 -1.000000
vn 1.000000 -0.000041 0.000000
vn 0.993958 0.108320 -0.017755
vn 0.993957 0.109414 -0.008786
vn 1.000000 -0.000041 0.000000
vn 0.993944 0.109803 -0.004378
vn 1.000000 0.000000 0.000000
vn 0.000000 0.986836 -0.161722
vn 0.000000 0.986836 -0.161722
vn 0.000000 0.996793 -0.080027
vn 0.000000 0.996793 -0.080027
vn 0.000000 0.999206 -0.039849
vn 0.000000 0.999206 -0.039849
vn -0.993960 0.108295 -0.017756
vn -1.000000 0.000000 0.000000
vn -1.000000 0.000000 0.000000
vn -0.993957 0.109418 -0.008786
vn -1.000000 0.000000 0.000000
vn -0.993944 0.109803 -0.004378
vn 0.000000 -0.986834 0.161736
vn 0.000000 -0.986834 0.161736
vn 0.000000 -0.996793 0.080028
vn 0.000000 -0.996793 0.080028
vn 0.000000 -0.999206 0.039845
vn 0.000000 -0.999206 0.039845
vn 0.000000 -0.979157 0.203105
vn 0.000000 -0.979157 0.203105
vn 1.000000 0.000000 0.000000
vn 0.993942 0.107614 -0.022316
vn 0.000000 0.979162 -0.203082
vn 0.000000 0.979162 -0.203082
vn -0.993948 0.107557 -0.022317
vn -1.000000 0.000000 0.000000
vn 0.000000 0.000000 1.000000
vn 0.000000 0.000000 1.000000
vn 0.000000 0.000000 1.000000
vn 0.000000 0.000000 1.000000
vn 0.975893 0.217550 -0.017466
vn 0.975848 0.218276 -0.008704
vn 0.000000 0.000000 1.000000
vn 0.000000 0.000000 1.000000
vn -0.975900 0.217517 -0.017467
vn -0.975848 0.218276 -0.008704
vn -0.975913 0.215286 -0.035297
vn -0.975867 0.213812 -0.044363
vn -0.975837 0.213882 0.044687
vn -0.975881 0.215405 0.035459
vn -0.975886 0.217581 0.017469
vn -0.975857 0.218236 0.008708
vn 0.000000 0.000000 -1.000000
vn 0.000000 0.000000 -1.000000
vn 0.975854 0.218250 0.008708
vn 0.975896 0.217537 0.017469
vn 0.975892 0.215355 0.035459
vn 0.975837 0.213882 0.044687
vn 0.975893 0.215374 -0.035297
vn 0.975843 0.213924 -0.044362
vn 1.000000 0.000000 0.000000
vn 1.000000 0.000000 0.000000
vn 1.000000 0.000000 0.000000
vn 1.000000 0.000000 0.000000
vn -1.000000 0.000000 0.000000
vn -1.000000 0.000000 0.000000
vn -1.000000 0.000000 0.000000
vn -1.000000 0.000000 0.000000
vn 0.000000 0.000000 -1.000000
vn 0.000000 0.000000 -1.000000
vn 0.000000 0.000000 -1.000000
vn 0.000000 0.000000 -1.000000
vn 0.000000 0.000000 1.000000
vn 0.000000 0.000000 1.000000
vn 0.000000 0.000000 1.000000
vn 0.000000 0.000000 1.000000
vn 1.000000 0.000000 0.000000
vn 1.000000 0.000000 0.000000
vn 1.000000 0.000000 0.000000
vn 1.000000 0.000000 0.000000
vn -1.000000 0.000000 0.000000
vn -1.000000 0.000000 0.000000
vn -1.000000 0.000000 0.000000
vn -1.000000 0.000000 0.000000
vn 0.000000 0.000000 1.000000
vn 0.000000 0.000000 1.000000
vn 0.000000 0.000000 1.000000
vn 0.000000 0.000000 1.000000
vn 0.000000 0.000000 -1.000000
vn 0.000000 0.000000 -1.000000
vn 0.000000 0.000000 -1.000000
vn 0.000000 0.000000 -1.000000
s 1
g polySurface6412
f 1/1/1 2/2/2 10/3/3 9/4/4
f 2/2/2 3/5/5 11/6/6 10/3/3
f 3/5/5 4/7/7 12/8/8 11/6/6
f 4/7/7 5/9/9 13/10/10 12/8/8
f 5/9/9 6/11/11 14/12/12 13/10/10
f 6/11/11 7/13/13 15/14/14 14/12/12
f 7/13/13 8/15/15 16/16/16 15/14/14
f 8/15/15 1/17/1 9/18/4 16/16/16
s off
f 21/19/17 23/20/18 24/21/19 22/22/20
f 18/23/21 20/24/22 22/25/23 24/26/24
f 23/20/25 21/19/26 19/27/27 17/28/28
f 17/28/29 19/27/30 20/29/31 18/30/32
s 6
f 25/31/33 26/32/34 34/33/35 33/34/36
f 26/32/34 27/35/37 35/36/38 34/33/35
f 27/35/37 28/37/39 36/38/40 35/36/38
f 28/37/39 29/39/41 37/40/42 36/38/40
f 29/39/41 30/41/43 38/42/44 37/40/42
f 30/41/43 31/43/45 39/44/46 38/42/44
f 31/43/45 32/45/47 40/46/48 39/44/46
f 32/45/47 25/47/33 33/48/36 40/46/48
s 7
f 26/49/49 25/50/50 41/51/51
f 27/52/52 26/49/49 41/51/51
f 28/53/53 27/52/52 41/51/51
f 29/54/54 28/53/53 41/51/51
f 30/55/55 29/54/54 41/51/51
f 31/56/56 30/55/55 41/51/51
f 32/57/57 31/56/56 41/51/51
f 25/50/50 32/57/57 41/51/51
s 8
f 42/58/58 43/59/59 51/60/60 50/61/61
f 43/59/59 44/62/62 52/63/63 51/60/60
f 44/62/62 45/64/64 53/65/65 52/63/63
f 45/64/64 46/66/66 54/67/67 53/65/65
f 46/66/66 47/68/68 55/69/69 54/67/67
f 47/68/68 48/70/70 56/71/71 55/69/69
f 48/70/70 49/72/72 57/73/73 56/71/71
f 49/72/72 42/74/58 50/75/61 57/73/73
s 9
f 58/76/74 66/77/75 67/78/76 59/79/77
f 59/80/77 67/81/76 68/82/78 60/83/79
f 60/83/79 68/82/78 69/84/80 61/85/81
f 61/85/81 69/84/80 70/86/82 62/87/83
f 62/87/83 70/86/82 71/88/84 63/89/85
f 63/89/85 71/88/84 72/90/86 64/91/87
f 64/91/87 72/90/86 73/92/88 65/93/89
f 65/93/89 73/92/88 66/77/75 58/76/74
f 66/77/75 74/94/90 75/95/91 67/78/76
f 67/81/76 75/96/91 76/97/92 68/82/78
f 68/82/78 76/97/92 77/98/93 69/84/80
f 69/84/80 77/98/93 78/99/94 70/86/82
f 70/86/82 78/99/94 79/100/95 71/88/84
f 71/88/84 79/100/95 80/101/96 72/90/86
f 72/90/86 80/101/96 81/102/97 73/92/88
f 73/92/88 81/102/97 74/94/90 66/77/75
f 74/94/90 82/103/98 83/104/99 75/95/91
f 75/96/91 83/105/99 84/106/100 76/97/92
f 76/97/92 84/106/100 85/107/101 77/98/93
f 77/98/93 85/107/101 86/108/102 78/99/94
f 78/99/94 86/108/102 87/109/103 79/100/95
f 79/100/95 87/109/103 88/110/104 80/101/96
f 80/101/96 88/110/104 89/111/105 81/102/97
f 81/102/97 89/111/105 82/103/98 74/94/90
f 82/103/98 90/112/106 91/113/107 83/104/99
f 83/105/99 91/114/107 92/115/108 84/106/100
f 84/106/100 92/115/108 93/116/109 85/107/101
f 85/107/101 93/116/109 94/117/110 86/108/102
f 86/108/102 94/117/110 95/118/111 87/109/103
f 87/109/103 95/118/111 96/119/112 88/110/104
f 88/110/104 96/119/112 97/120/113 89/111/105
f 89/111/105 97/120/113 90/112/106 82/103/98
f 90/112/106 98/121/114 99/122/115 91/113/107
f 91/114/107 99/123/115 100/124/116 92/115/108
f 92/115/108 100/124/116 101/125/117 93/116/109
f 93/116/109 101/125/117 102/126/118 94/117/110
f 94/117/110 102/126/118 103/127/119 95/118/111
f 95/118/111 103/127/119 104/128/120 96/119/112
f 96/119/112 104/128/120 105/129/121 97/120/113
f 97/120/113 105/129/121 98/121/114 90/112/106
f 98/121/114 106/130/122 107/131/123 99/122/115
f 99/123/115 107/132/123 108/133/124 100/124/116
f 100/124/116 108/133/124 109/134/125 101/125/117
f 101/125/117 109/134/125 110/135/126 102/126/118
f 102/126/118 110/135/126 111/136/127 103/127/119
f 103/127/119 111/136/127 112/137/128 104/128/120
f 104/128/120 112/137/128 113/138/129 105/129/121
f 105/129/121 113/138/129 106/130/122 98/121/114
f 106/130/122 114/139/130 115/140/131 107/131/123
f 107/132/123 115/141/131 116/142/132 108/133/124
f 108/133/124 116/142/132 117/143/133 109/134/125
f 109/134/125 117/143/133 118/144/134 110/135/126
f 110/135/126 118/144/134 119/145/135 111/136/127
f 111/136/127 119/145/135 120/146/136 112/137/128
f 112/137/128 120/146/136 121/147/137 113/138/129
f 113/138/129 121/147/137 114/139/130 106/130/122
f 114/148/130 122/149/138 123/150/139 115/151/131
f 115/151/131 123/150/139 124/152/140 116/153/132
f 116/153/132 124/152/140 125/154/141 117/155/133
f 117/155/133 125/154/141 126/156/142 118/157/134
f 118/157/134 126/156/142 127/158/143 119/159/135
f 119/159/135 127/158/143 128/160/144 120/161/136
f 120/161/136 128/160/144 129/162/145 121/163/137
f 121/163/137 129/162/145 122/149/138 114/148/130
f 122/149/138 130/164/146 123/150/139
f 123/150/139 130/164/146 124/152/140
f 124/152/140 130/164/146 125/154/141
f 125/154/141 130/164/146 126/156/142
f 126/156/142 130/164/146 127/158/143
f 127/158/143 130/164/146 128/160/144
f 128/160/144 130/164/146 129/162/145
f 129/162/145 130/164/146 122/149/138
s 10
f 131/165/147 139/166/148 140/167/149 132/168/150
f 132/169/150 140/170/149 141/171/151 133/172/152
f 133/172/152 141/171/151 142/173/153 134/174/154
f 134/174/154 142/173/153 143/175/155 135/176/156
f 135/176/156 143/175/155 144/177/157 136/178/158
f 136/178/158 144/177/157 145/179/159 137/180/160
f 137/180/160 145/179/159 146/181/161 138/182/162
f 138/182/162 146/181/161 139/166/148 131/165/147
f 139/166/148 147/183/163 148/184/164 140/167/149
f 140/170/149 148/185/164 149/186/165 141/171/151
f 141/171/151 149/186/165 150/187/166 142/173/153
f 142/173/153 150/187/166 151/188/167 143/175/155
f 143/175/155 151/188/167 152/189/168 144/177/157
f 144/177/157 152/189/168 153/190/169 145/179/159
f 145/179/159 153/190/169 154/191/170 146/181/161
f 146/181/161 154/191/170 147/183/163 139/166/148
f 147/183/163 155/192/171 156/193/172 148/184/164
f 148/185/164 156/194/172 157/195/173 149/186/165
f 149/186/165 157/195/173 158/196/174 150/187/166
f 150/187/166 158/196/174 159/197/175 151/188/167
f 151/188/167 159/197/175 160/198/176 152/189/168
f 152/189/168 160/198/176 161/199/177 153/190/169
f 153/190/169 161/199/177 162/200/178 154/191/170
f 154/191/170 162/200/178 155/192/171 147/183/163
f 155/192/171 163/201/179 164/202/180 156/193/172
f 156/194/172 164/203/180 165/204/181 157/195/173
f 157/195/173 165/204/181 166/205/182 158/196/174
f 158/196/174 166/205/182 167/206/183 159/197/175
f 159/197/175 167/206/183 168/207/184 160/198/176
f 160/198/176 168/207/184 169/208/185 161/199/177
f 161/199/177 169/208/185 170/209/186 162/200/178
f 162/200/178 170/209/186 163/201/179 155/192/171
f 163/201/179 171/210/187 172/211/188 164/202/180
f 164/203/180 172/212/188 173/213/189 165/204/181
f 165/204/181 173/213/189 174/214/190 166/205/182
f 166/205/182 174/214/190 175/215/191 167/206/183
f 167/206/183 175/215/191 176/216/192 168/207/184
f 168/207/184 176/216/192 177/217/193 169/208/185
f 169/208/185 177/217/193 178/218/194 170/209/186
f 170/209/186 178/218/194 171/210/187 163/201/179
f 171/210/187 179/219/195 180/220/196 172/211/188
f 172/212/188 180/221/196 181/222/197 173/213/189
f 173/213/189 181/222/197 182/223/198 174/214/190
f 174/214/190 182/223/198 183/224/199 175/215/191
f 175/215/191 183/224/199 184/225/200 176/216/192
f 176/216/192 184/225/200 185/226/201 177/217/193
f 177/217/193 185/226/201 186/227/202 178/218/194
f 178/218/194 186/227/202 179/219/195 171/210/187
f 179/219/195 187/228/203 188/229/204 180/220/196
f 180/221/196 188/230/204 189/231/205 181/222/197
f 181/222/197 189/231/205 190/232/206 182/223/198
f 182/223/198 190/232/206 191/233/207 183/224/199
f 183/224/199 191/233/207 192/234/208 184/225/200
f 184/225/200 192/234/208 193/235/209 185/226/201
f 185/226/201 193/235/209 194/236/210 186/227/202
f 186/227/202 194/236/210 187/228/203 179/219/195
f 187/237/203 195/238/211 196/239/212 188/240/204
f 188/240/204 196/239/212 197/241/213 189/242/205
f 189/242/205 197/241/213 198/243/214 190/244/206
f 190/244/206 198/243/214 199/245/215 191/246/207
f 191/246/207 199/245/215 200/247/216 192/248/208
f 192/248/208 200/247/216 201/249/217 193/250/209
f 193/250/209 201/249/217 202/251/218 194/252/210
f 194/252/210 202/251/218 195/238/211 187/237/203
f 195/238/211 203/253/219 196/239/212
f 196/239/212 203/253/219 197/241/213
f 197/241/213 203/253/219 198/243/214
f 198/243/214 203/253/219 199/245/215
f 199/245/215 203/253/219 200/247/216
f 200/247/216 203/253/219 201/249/217
f 201/249/217 203/253/219 202/251/218
f 202/251/218 203/253/219 195/238/211
s off
f 208/254/220 209/255/221 211/256/222 210/257/223
f 205/258/224 211/259/225 209/260/226 207/261/227
f 210/257/228 204/262/229 206/263/230 208/254/231
f 204/262/232 205/264/233 207/265/234 206/263/235
s 15
f 212/266/236 213/267/237 215/268/238 214/269/239
s 16
f 214/269/240 215/268/241 217/270/242 216/271/243
s 17
f 216/271/244 217/270/245 219/272/246 218/273/247
s 18
f 218/274/248 219/275/249 213/267/250 212/266/251
f 212/266/251 221/276/252 222/277/253 218/278/248
s 15
f 214/269/239 220/279/254 221/276/255 212/266/236
s 16
f 216/271/243 223/280/256 220/279/257 214/269/240
s 17
f 218/281/247 222/282/258 223/280/259 216/271/244
s off
f 213/283/260 219/284/261 217/285/262 215/286/263
s 20
f 226/287/264 224/288/265 233/289/266 232/290/267
f 224/288/265 226/287/264 227/291/268 225/292/269
s 21
f 228/293/270 226/287/271 232/290/272 235/294/273
f 226/287/271 228/293/270 229/295/274 227/291/275
s 22
f 230/296/276 228/293/277 235/294/278 234/297/279
f 228/293/277 230/298/276 231/299/280 229/295/281
s 23
f 224/288/282 230/300/283 234/301/284 233/289/285
f 230/302/283 224/288/282 225/292/286 231/303/287
s off
f 225/304/288 227/305/289 229/306/290 231/307/291
s 25
f 248/308/292 249/309/293 237/310/294 236/311/295
f 240/312/296 249/309/293 248/308/292 239/313/297
f 238/314/298 237/310/294 249/309/293 250/315/299
f 240/312/296 241/316/300 250/315/299 249/309/293
f 251/317/301 252/318/302 240/312/296 239/313/297
f 243/319/303 252/318/302 251/317/301 242/320/304
f 240/312/296 252/318/302 253/321/305 241/316/300
f 243/319/303 244/322/306 253/321/305 252/318/302
f 254/323/307 255/324/308 243/319/303 242/320/304
f 246/325/309 255/324/308 254/323/307 245/326/310
f 243/319/303 255/324/308 256/327/311 244/322/306
f 246/325/309 247/328/312 256/327/311 255/324/308
f 257/329/313 258/330/314 246/325/309 245/326/310
f 236/331/295 237/332/294 258/330/314 257/329/313
f 246/325/309 258/330/314 259/333/315 247/328/312
f 238/334/298 259/333/315 258/330/314 237/332/294
s 26
f 250/335/316 260/336/317 238/337/318
f 241/338/319 260/336/317 250/335/316
f 253/339/320 260/336/317 241/338/319
f 244/340/321 260/336/317 253/339/320
f 256/341/322 260/336/317 244/340/321
f 247/342/323 260/336/317 256/341/322
f 259/343/324 260/336/317 247/342/323
f 238/337/318 260/336/317 259/343/324
s 27
f 273/344/325 261/345/326 262/346/327 274/347/328
f 264/348/329 273/344/325 274/347/328 265/349/330
f 263/350/331 275/351/332 274/347/328 262/346/327
f 265/349/330 274/347/328 275/351/332 266/352/333
f 276/353/334 264/348/329 265/349/330 277/354/335
f 267/355/336 276/353/334 277/354/335 268/356/337
f 265/349/330 266/352/333 278/357/338 277/354/335
f 268/356/337 277/354/335 278/357/338 269/358/339
f 279/359/340 267/355/336 268/356/337 280/360/341
f 270/361/342 279/359/340 280/360/341 271/362/343
f 268/356/337 269/358/339 281/363/344 280/360/341
f 271/362/343 280/360/341 281/363/344 272/364/345
f 282/365/346 270/361/342 271/362/343 283/366/347
f 262/367/327 261/368/326 282/365/346 283/366/347
f 271/362/343 272/364/345 284/369/348 283/366/347
f 263/370/331 262/367/327 283/366/347 284/369/348
s 28
f 275/371/349 263/372/350 285/373/351
f 266/374/352 275/371/349 285/373/351
f 278/375/353 266/374/352 285/373/351
f 269/376/354 278/375/353 285/373/351
f 281/377/355 269/376/354 285/373/351
f 272/378/356 281/377/355 285/373/351
f 284/379/357 272/378/356 285/373/351
f 263/372/350 284/379/357 285/373/351
s 29
f 286/380/358 294/381/359 295/382/360 287/383/361
f 287/383/361 295/382/360 296/384/362 288/385/363
f 288/385/363 296/384/362 297/386/364 289/387/365
f 289/387/365 297/386/364 298/388/366 290/389/367
f 290/389/367 298/388/366 299/390/368 291/391/369
f 291/391/369 299/390/368 300/392/370 292/393/371
f 292/393/371 300/392/370 301/394/372 293/395/373
f 293/395/373 301/394/372 294/396/359 286/397/358
s 30
f 302/398/374 303/399/375 311/400/376 310/401/377
f 303/402/375 304/403/378 312/404/379 311/405/376
f 304/403/378 305/406/380 313/407/381 312/404/379
f 305/406/380 306/408/382 314/409/383 313/407/381
f 306/408/382 307/410/384 315/411/385 314/409/383
f 307/410/384 308/412/386 316/413/387 315/411/385
f 308/412/386 309/414/388 317/415/389 316/413/387
f 309/414/388 302/398/374 310/401/377 317/415/389
f 310/401/377 311/400/376 319/416/390 318/417/391
f 311/405/376 312/404/379 320/418/392 319/419/390
f 312/404/379 313/407/381 321/420/393 320/418/392
f 313/407/381 314/409/383 322/421/394 321/420/393
f 314/409/383 315/411/385 323/422/395 322/421/394
f 315/411/385 316/413/387 324/423/396 323/422/395
f 316/413/387 317/415/389 325/424/397 324/423/396
f 317/415/389 310/401/377 318/417/391 325/424/397
f 318/417/391 319/416/390 327/425/398 326/426/399
f 319/419/390 320/418/392 328/427/400 327/428/398
f 320/418/392 321/420/393 329/429/401 328/427/400
f 321/420/393 322/421/394 330/430/402 329/429/401
f 322/421/394 323/422/395 331/431/403 330/430/402
f 323/422/395 324/423/396 332/432/404 331/431/403
f 324/423/396 325/424/397 333/433/405 332/432/404
f 325/424/397 318/417/391 326/426/399 333/433/405
f 326/426/399 327/425/398 335/434/406 334/435/407
f 327/428/398 328/427/400 336/436/408 335/437/406
f 328/427/400 329/429/401 337/438/409 336/436/408
f 329/429/401 330/430/402 338/439/410 337/438/409
f 330/430/402 331/431/403 339/440/411 338/439/410
f 331/431/403 332/432/404 340/441/412 339/440/411
f 332/432/404 333/433/405 341/442/413 340/441/412
f 333/433/405 326/426/399 334/435/407 341/442/413
f 334/435/407 335/434/406 343/443/414 342/444/415
f 335/437/406 336/436/408 344/445/416 343/446/414
f 336/436/408 337/438/409 345/447/417 344/445/416
f 337/438/409 338/439/410 346/448/418 345/447/417
f 338/439/410 339/440/411 347/449/419 346/448/418
f 339/440/411 340/441/412 348/450/420 347/449/419
f 340/441/412 341/442/413 349/451/421 348/450/420
f 341/442/413 334/435/407 342/444/415 349/451/421
f 342/444/415 343/443/414 351/452/422 350/453/423
f 343/446/414 344/445/416 352/454/424 351/455/422
f 344/445/416 345/447/417 353/456/425 352/454/424
f 345/447/417 346/448/418 354/457/426 353/456/425
f 346/448/418 347/449/419 355/458/427 354/457/426
f 347/449/419 348/450/420 356/459/428 355/458/427
f 348/450/420 349/451/421 357/460/429 356/459/428
f 349/451/421 342/444/415 350/453/423 357/460/429
f 350/453/423 351/452/422 359/461/430 358/462/431
f 351/455/422 352/454/424 360/463/432 359/464/430
f 352/454/424 353/456/425 361/465/433 360/463/432
f 353/456/425 354/457/426 362/466/434 361/465/433
f 354/457/426 355/458/427 363/467/435 362/466/434
f 355/458/427 356/459/428 364/468/436 363/467/435
f 356/459/428 357/460/429 365/469/437 364/468/436
f 357/460/429 350/453/423 358/462/431 365/469/437
f 358/470/431 359/471/430 367/472/438 366/473/439
f 359/471/430 360/474/432 368/475/440 367/472/438
f 360/474/432 361/476/433 369/477/441 368/475/440
f 361/476/433 362/478/434 370/479/442 369/477/441
f 362/478/434 363/480/435 371/481/443 370/479/442
f 363/480/435 364/482/436 372/483/444 371/481/443
f 364/482/436 365/484/437 373/485/445 372/483/444
f 365/484/437 358/470/431 366/473/439 373/485/445
f 366/473/439 367/472/438 374/486/446
f 367/472/438 368/475/440 374/486/446
f 368/475/440 369/477/441 374/486/446
f 369/477/441 370/479/442 374/486/446
f 370/479/442 371/481/443 374/486/446
f 371/481/443 372/483/444 374/486/446
f 372/483/444 373/485/445 374/486/446
f 373/485/445 366/473/439 374/486/446
s off
f 375/487/447 376/488/448 377/489/449 378/490/450
f 376/491/451 375/492/452 380/493/453 381/494/454
f 377/495/455 376/491/456 381/494/457 382/496/458
f 378/497/459 377/495/460 382/496/461 379/498/462
f 380/493/463 375/492/464 378/499/465 379/500/466
f 381/501/467 380/502/468 379/503/469 382/504/470
s 37
f 383/505/471 384/506/472 421/507/473 422/508/474
f 384/506/472 385/509/475 420/510/476 421/507/473
s 38
f 386/511/477 387/512/478 390/513/479 389/514/480
f 387/512/478 388/515/481 391/516/482 390/513/479
s 39
f 417/517/483 418/518/484 393/519/485 392/520/486
f 418/521/484 419/522/487 394/523/488 393/524/485
s 40
f 392/525/489 393/526/490 384/506/491 383/505/492
f 393/527/490 394/528/493 385/509/494 384/506/491
f 383/505/492 396/529/495 395/530/496 392/531/489
s 37
f 422/508/474 423/532/497 396/529/498 383/505/471
s 38
f 389/514/480 398/533/499 397/534/500 386/511/477
s 39
f 392/535/486 395/536/501 416/537/502 417/538/483
s 41
f 385/539/503 394/540/504 419/541/505 420/542/506
s 42
f 399/543/507 424/544/508 411/545/509 400/546/510
f 400/546/510 411/545/509 412/547/511 401/548/512
s 43
f 402/549/513 405/550/514 406/551/515 403/552/516
f 403/552/516 406/551/515 407/553/517 404/554/518
s 44
f 415/555/519 408/556/520 409/557/521 414/558/522
f 414/559/522 409/560/521 410/561/523 413/562/524
s 45
f 408/563/525 399/543/526 400/546/527 409/564/528
f 409/565/528 400/546/527 401/548/529 410/566/530
f 399/543/526 408/567/525 395/568/531 396/569/532
s 42
f 424/544/508 399/543/507 396/569/533 423/570/534
s 43
f 405/550/514 402/549/513 397/571/535 398/572/536
s 44
f 408/573/520 415/574/519 416/575/537 395/576/538
s 46
f 401/577/539 412/578/540 413/579/541 410/580/542
s 42
f 411/545/509 403/552/543 404/554/544 412/547/511
s 46
f 413/579/541 412/578/540 404/581/545 407/582/546
s 44
f 406/551/547 414/559/522 413/562/524 407/553/548
f 405/550/549 415/555/519 414/558/522 406/551/547
f 416/575/537 415/574/519 405/550/549 398/572/550
s 39
f 417/538/483 416/537/502 398/533/551 389/514/552
f 389/514/552 390/513/553 418/518/484 417/517/483
f 390/513/553 391/516/554 419/522/487 418/521/484
s 41
f 420/542/506 419/541/505 391/583/555 388/584/556
s 37
f 421/507/473 420/510/476 388/515/557 387/512/558
f 422/508/474 421/507/473 387/512/558 386/511/559
f 386/511/559 397/534/560 423/532/497 422/508/474
s 42
f 402/549/561 424/544/508 423/570/534 397/571/562
f 411/545/509 424/544/508 402/549/561 403/552/543
s off
f 425/585/563 426/586/564 428/587/565 427/588/566
f 429/589/567 430/590/568 432/591/569 431/592/570
f 426/586/571 432/593/572 430/594/573 428/587/574
f 431/592/575 425/585/576 427/588/577 429/589/578
f 433/595/579 435/596/580 436/597/581 434/598/582
f 437/599/583 439/600/584 440/601/585 438/602/586
f 434/598/587 436/597/588 438/603/589 440/604/590
f 439/600/591 437/599/592 435/596/593 433/595/594
f 443/605/595 444/606/596 446/607/597 445/608/598
f 447/609/599 448/610/600 442/611/601 441/612/602
f 442/613/603 448/614/604 446/607/605 444/606/606
f 447/609/607 441/612/608 443/605/609 445/608/610
f 451/615/611 452/616/612 454/617/613 453/618/614
f 455/619/615 456/620/616 450/621/617 449/622/618
f 450/623/619 456/624/620 454/617/621 452/616/622
f 455/619/623 449/622/624 451/615/625 453/618/626
f 459/625/627 460/626/628 462/627/629 461/628/630
f 463/629/631 464/630/632 458/631/633 457/632/634
f 458/633/635 464/634/636 462/627/637 460/626/638
f 463/629/639 457/632/640 459/625/641 461/628/642
f 467/635/643 468/636/644 470/637/645 469/638/646
f 471/639/647 472/640/648 466/641/649 465/642/650
f 466/643/651 472/644/652 470/637/653 468/636/654
f 471/639/655 465/642/656 467/635/657 469/638/658
f 475/645/659 476/646/660 478/647/661 477/648/662
f 479/649/663 480/650/664 474/651/665 473/652/666
f 474/653/667 480/654/668 478/647/669 476/646/670
f 479/649/671 473/652/672 475/645/673 477/648/674
f 483/655/675 484/656/676 486/657/677 485/658/678
f 487/659/679 488/660/680 482/661/681 481/662/682
f 482/663/683 488/664/684 486/657/685 484/656/686
f 487/659/687 481/662/688 483/655/689 485/658/690
f 491/665/691 492/666/692 494/667/693 493/668/694
f 495/669/695 496/670/696 490/671/697 489/672/698
f 490/673/699 496/674/700 494/667/701 492/666/702
f 495/669/703 489/672/704 491/675/705 493/676/706
f 499/677/707 500/678/708 502/679/709 501/680/710
f 503/681/711 504/682/712 498/683/713 497/684/714
f 498/685/715 504/686/716 502/679/717 500/678/718
f 503/681/719 497/684/720 499/687/721 501/688/722
f 507/689/723 508/690/724 510/691/725 509/692/726
f 511/693/727 512/694/728 506/695/729 505/696/730
f 506/697/731 512/698/732 510/691/733 508/690/734
f 511/693/735 505/696/736 507/699/737 509/700/738
f 515/701/739 516/702/740 518/703/741 517/704/742
f 519/705/743 520/706/744 514/707/745 513/708/746
f 514/709/747 520/710/748 518/703/749 516/702/750
f 519/705/751 513/708/752 515/711/753 517/712/754
f 523/713/755 524/714/756 526/715/757 525/716/758
f 527/717/759 528/718/760 522/719/761 521/720/762
f 522/721/763 528/722/764 526/715/765 524/714/766
f 527/717/767 521/720/768 523/713/769 525/716/770
f 531/723/771 532/724/772 534/725/773 533/726/774
f 535/727/775 536/728/776 530/729/777 529/730/778
f 530/731/779 536/732/780 534/725/781 532/724/782
f 535/727/783 529/730/784 531/723/785 533/726/786
f 539/733/787 540/734/788 542/735/789 541/736/790
f 543/737/791 544/738/792 538/739/793 537/740/794
f 538/741/795 544/742/796 542/735/797 540/734/798
f 543/737/799 537/740/800 539/733/801 541/736/802
f 547/743/803 548/744/804 550/745/805 549/746/806
f 551/747/807 552/748/808 546/749/809 545/750/810
f 546/751/811 552/752/812 550/745/813 548/744/814
f 551/747/815 545/750/816 547/743/817 549/746/818
f 555/753/819 556/754/820 558/755/821 557/756/822
f 559/757/823 560/758/824 554/759/825 553/760/826
f 554/761/827 560/762/828 558/755/829 556/754/830
f 559/757/831 553/760/832 555/753/833 557/756/834
f 563/763/835 564/764/836 566/765/837 565/766/838
f 567/767/839 568/768/840 562/769/841 561/770/842
f 562/771/843 568/772/844 566/765/845 564/764/846
f 567/767/847 561/770/848 563/773/849 565/774/850
f 571/775/851 572/776/852 574/777/853 573/778/854
f 575/779/855 576/780/856 570/781/857 569/782/858
f 570/783/859 576/784/860 574/777/861 572/776/862
f 575/779/863 569/782/864 571/785/865 573/786/866
f 579/787/867 580/788/868 582/789/869 581/790/870
f 583/791/871 584/792/872 578/793/873 577/794/874
f 578/795/875 584/796/876 582/789/877 580/788/878
f 583/791/879 577/794/880 579/797/881 581/798/882
f 587/799/883 588/800/884 590/801/885 589/802/886
f 591/803/887 592/804/888 586/805/889 585/806/890
f 586/807/891 592/808/892 590/801/893 588/800/894
f 591/803/895 585/806/896 587/809/897 589/810/898
f 597/811/899 599/812/900 600/813/901 598/814/902
f 594/815/903 596/816/904 598/817/905 600/818/906
f 599/812/907 597/811/908 595/819/909 593/820/910
f 593/820/911 595/819/912 596/821/913 594/822/914
s 135
f 601/823/915 602/824/916 610/825/917 609/826/918
f 602/824/916 603/827/919 611/828/920 610/825/917
f 603/827/919 604/829/921 612/830/922 611/828/920
f 604/829/921 605/831/923 613/832/924 612/830/922
f 605/831/923 606/833/925 614/834/926 613/832/924
f 606/833/925 607/835/927 615/836/928 614/834/926
f 607/835/927 608/837/929 616/838/930 615/836/928
f 608/837/929 601/839/915 609/840/918 616/838/930
s 136
f 602/841/931 601/842/932 617/843/933
f 603/844/934 602/841/931 617/843/933
f 604/845/935 603/844/934 617/843/933
f 605/846/936 604/845/935 617/843/933
f 606/847/937 605/846/936 617/843/933
f 607/848/938 606/847/937 617/843/933
f 608/849/939 607/848/938 617/843/933
f 601/842/932 608/849/939 617/843/933
s 137
f 618/850/940 619/851/941 627/852/942 626/853/943
f 619/851/941 620/854/944 628/855/945 627/852/942
f 620/854/944 621/856/946 629/857/947 628/855/945
f 621/856/946 622/858/948 630/859/949 629/857/947
f 622/858/948 623/860/950 631/861/951 630/859/949
f 623/860/950 624/862/952 632/863/953 631/861/951
f 624/862/952 625/864/954 633/865/955 632/863/953
f 625/864/954 618/866/940 626/867/943 633/865/955
s 138
f 634/868/956 642/869/957 643/870/958 635/871/959
f 635/872/959 643/873/958 644/874/960 636/875/961
f 636/875/961 644/874/960 645/876/962 637/877/963
f 637/877/963 645/876/962 646/878/964 638/879/965
f 638/879/965 646/878/964 647/880/966 639/881/967
f 639/881/967 647/880/966 648/882/968 640/883/969
f 640/883/969 648/882/968 649/884/970 641/885/971
f 641/885/971 649/884/970 642/869/957 634/868/956
f 642/869/957 650/886/972 651/887/973 643/870/958
f 643/873/958 651/888/973 652/889/974 644/874/960
f 644/874/960 652/889/974 653/890/975 645/876/962
f 645/876/962 653/890/975 654/891/976 646/878/964
f 646/878/964 654/891/976 655/892/977 647/880/966
f 647/880/966 655/892/977 656/893/978 648/882/968
f 648/882/968 656/893/978 657/894/979 649/884/970
f 649/884/970 657/894/979 650/886/972 642/869/957
f 650/886/972 658/895/980 659/896/981 651/887/973
f 651/888/973 659/897/981 660/898/982 652/889/974
f 652/889/974 660/898/982 661/899/983 653/890/975
f 653/890/975 661/899/983 662/900/984 654/891/976
f 654/891/976 662/900/984 663/901/985 655/892/977
f 655/892/977 663/901/985 664/902/986 656/893/978
f 656/893/978 664/902/986 665/903/987 657/894/979
f 657/894/979 665/903/987 658/895/980 650/886/972
f 658/895/980 666/904/988 667/905/989 659/896/981
f 659/897/981 667/906/989 668/907/990 660/898/982
f 660/898/982 668/907/990 669/908/991 661/899/983
f 661/899/983 669/908/991 670/909/992 662/900/984
f 662/900/984 670/909/992 671/910/993 663/901/985
f 663/901/985 671/910/993 672/911/994 664/902/986
f 664/902/986 672/911/994 673/912/995 665/903/987
f 665/903/987 673/912/995 666/904/988 658/895/980
f 666/904/988 674/913/996 675/914/997 667/905/989
f 667/906/989 675/915/997 676/916/998 668/907/990
f 668/907/990 676/916/998 677/917/999 669/908/991
f 669/908/991 677/917/999 678/918/1000 670/909/992
f 670/909/992 678/918/1000 679/919/1001 671/910/993
f 671/910/993 679/919/1001 680/920/1002 672/911/994
f 672/911/994 680/920/1002 681/921/1003 673/912/995
f 673/912/995 681/921/1003 674/913/996 666/904/988
f 674/913/996 682/922/1004 683/923/1005 675/914/997
f 675/915/997 683/924/1005 684/925/1006 676/916/998
f 676/916/998 684/925/1006 685/926/1007 677/917/999
f 677/917/999 685/926/1007 686/927/1008 678/918/1000
f 678/918/1000 686/927/1008 687/928/1009 679/919/1001
f 679/919/1001 687/928/1009 688/929/1010 680/920/1002
f 680/920/1002 688/929/1010 689/930/1011 681/921/1003
f 681/921/1003 689/930/1011 682/922/1004 674/913/996
f 682/922/1004 690/931/1012 691/932/1013 683/923/1005
f 683/924/1005 691/933/1013 692/934/1014 684/925/1006
f 684/925/1006 692/934/1014 693/935/1015 685/926/1007
f 685/926/1007 693/935/1015 694/936/1016 686/927/1008
f 686/927/1008 694/936/1016 695/937/1017 687/928/1009
f 687/928/1009 695/937/1017 696/938/1018 688/929/1010
f 688/929/1010 696/938/1018 697/939/1019 689/930/1011
f 689/930/1011 697/939/1019 690/931/1012 682/922/1004
f 690/940/1012 698/941/1020 699/942/1021 691/943/1013
f 691/943/1013 699/942/1021 700/944/1022 692/945/1014
f 692/945/1014 700/944/1022 701/946/1023 693/947/1015
f 693/947/1015 701/946/1023 702/948/1024 694/949/1016
f 694/949/1016 702/948/1024 703/950/1025 695/951/1017
f 695/951/1017 703/950/1025 704/952/1026 696/953/1018
f 696/953/1018 704/952/1026 705/954/1027 697/955/1019
f 697/955/1019 705/954/1027 698/941/1020 690/940/1012
f 698/941/1020 706/956/1028 699/942/1021
f 699/942/1021 706/956/1028 700/944/1022
f 700/944/1022 706/956/1028 701/946/1023
f 701/946/1023 706/956/1028 702/948/1024
f 702/948/1024 706/956/1028 703/950/1025
f 703/950/1025 706/956/1028 704/952/1026
f 704/952/1026 706/956/1028 705/954/1027
f 705/954/1027 706/956/1028 698/941/1020
s 139
f 707/957/1029 715/958/1030 716/959/1031 708/960/1032
f 708/961/1032 716/962/1031 717/963/1033 709/964/1034
f 709/964/1034 717/963/1033 718/965/1035 710/966/1036
f 710/966/1036 718/965/1035 719/967/1037 711/968/1038
f 711/968/1038 719/967/1037 720/969/1039 712/970/1040
f 712/970/1040 720/969/1039 721/971/1041 713/972/1042
f 713/972/1042 721/971/1041 722/973/1043 714/974/1044
f 714/974/1044 722/973/1043 715/958/1030 707/957/1029
f 715/958/1030 723/975/1045 724/976/1046 716/959/1031
f 716/962/1031 724/977/1046 725/978/1047 717/963/1033
f 717/963/1033 725/978/1047 726/979/1048 718/965/1035
f 718/965/1035 726/979/1048 727/980/1049 719/967/1037
f 719/967/1037 727/980/1049 728/981/1050 720/969/1039
f 720/969/1039 728/981/1050 729/982/1051 721/971/1041
f 721/971/1041 729/982/1051 730/983/1052 722/973/1043
f 722/973/1043 730/983/1052 723/975/1045 715/958/1030
f 723/975/1045 731/984/1053 732/985/1054 724/976/1046
f 724/977/1046 732/986/1054 733/987/1055 725/978/1047
f 725/978/1047 733/987/1055 734/988/1056 726/979/1048
f 726/979/1048 734/988/1056 735/989/1057 727/980/1049
f 727/980/1049 735/989/1057 736/990/1058 728/981/1050
f 728/981/1050 736/990/1058 737/991/1059 729/982/1051
f 729/982/1051 737/991/1059 738/992/1060 730/983/1052
f 730/983/1052 738/992/1060 731/984/1053 723/975/1045
f 731/984/1053 739/993/1061 740/994/1062 732/985/1054
f 732/986/1054 740/995/1062 741/996/1063 733/987/1055
f 733/987/1055 741/996/1063 742/997/1064 734/988/1056
f 734/988/1056 742/997/1064 743/998/1065 735/989/1057
f 735/989/1057 743/998/1065 744/999/1066 736/990/1058
f 736/990/1058 744/999/1066 745/1000/1067 737/991/1059
f 737/991/1059 745/1000/1067 746/1001/1068 738/992/1060
f 738/992/1060 746/1001/1068 739/993/1061 731/984/1053
f 739/993/1061 747/1002/1069 748/1003/1070 740/994/1062
f 740/995/1062 748/1004/1070 749/1005/1071 741/996/1063
f 741/996/1063 749/1005/1071 750/1006/1072 742/997/1064
f 742/997/1064 750/1006/1072 751/1007/1073 743/998/1065
f 743/998/1065 751/1007/1073 752/1008/1074 744/999/1066
f 744/999/1066 752/1008/1074 753/1009/1075 745/1000/1067
f 745/1000/1067 753/1009/1075 754/1010/1076 746/1001/1068
f 746/1001/1068 754/1010/1076 747/1002/1069 739/993/1061
f 747/1002/1069 755/1011/1077 756/1012/1078 748/1003/1070
f 748/1004/1070 756/1013/1078 757/1014/1079 749/1005/1071
f 749/1005/1071 757/1014/1079 758/1015/1080 750/1006/1072
f 750/1006/1072 758/1015/1080 759/1016/1081 751/1007/1073
f 751/1007/1073 759/1016/1081 760/1017/1082 752/1008/1074
f 752/1008/1074 760/1017/1082 761/1018/1083 753/1009/1075
f 753/1009/1075 761/1018/1083 762/1019/1084 754/1010/1076
f 754/1010/1076 762/1019/1084 755/1011/1077 747/1002/1069
f 755/1011/1077 763/1020/1085 764/1021/1086 756/1012/1078
f 756/1013/1078 764/1022/1086 765/1023/1087 757/1014/1079
f 757/1014/1079 765/1023/1087 766/1024/1088 758/1015/1080
f 758/1015/1080 766/1024/1088 767/1025/1089 759/1016/1081
f 759/1016/1081 767/1025/1089 768/1026/1090 760/1017/1082
f 760/1017/1082 768/1026/1090 769/1027/1091 761/1018/1083
f 761/1018/1083 769/1027/1091 770/1028/1092 762/1019/1084
f 762/1019/1084 770/1028/1092 763/1020/1085 755/1011/1077
f 763/1029/1085 771/1030/1093 772/1031/1094 764/1032/1086
f 764/1032/1086 772/1031/1094 773/1033/1095 765/1034/1087
f 765/1034/1087 773/1033/1095 774/1035/1096 766/1036/1088
f 766/1036/1088 774/1035/1096 775/1037/1097 767/1038/1089
f 767/1038/1089 775/1037/1097 776/1039/1098 768/1040/1090
f 768/1040/1090 776/1039/1098 777/1041/1099 769/1042/1091
f 769/1042/1091 777/1041/1099 778/1043/1100 770/1044/1092
f 770/1044/1092 778/1043/1100 771/1030/1093 763/1029/1085
f 771/1030/1093 779/1045/1101 772/1031/1094
f 772/1031/1094 779/1045/1101 773/1033/1095
f 773/1033/1095 779/1045/1101 774/1035/1096
f 774/1035/1096 779/1045/1101 775/1037/1097
f 775/1037/1097 779/1045/1101 776/1039/1098
f 776/1039/1098 779/1045/1101 777/1041/1099
f 777/1041/1099 779/1045/1101 778/1043/1100
f 778/1043/1100 779/1045/1101 771/1030/1093
s off
f 784/1046/1102 785/1047/1103 787/1048/1104 786/1049/1105
f 781/1050/1106 787/1051/1107 785/1052/1108 783/1053/1109
f 786/1049/1110 780/1054/1111 782/1055/1112 784/1046/1113
f 780/1054/1114 781/1056/1115 783/1057/1116 782/1055/1117
s 144
f 788/1058/1118 789/1059/1119 791/1060/1120 790/1061/1121
s 145
f 790/1061/1122 791/1060/1123 793/1062/1124 792/1063/1125
s 146
f 792/1063/1126 793/1062/1127 795/1064/1128 794/1065/1129
s 147
f 794/1066/1130 795/1067/1131 789/1059/1132 788/1058/1133
f 788/1058/1133 797/1068/1134 798/1069/1135 794/1070/1130
s 144
f 790/1061/1121 796/1071/1136 797/1068/1137 788/1058/1118
s 145
f 792/1063/1125 799/1072/1138 796/1071/1139 790/1061/1122
s 146
f 794/1073/1129 798/1074/1140 799/1072/1141 792/1063/1126
s off
f 789/1075/1142 795/1076/1143 793/1077/1144 791/1078/1145
s 149
f 802/1079/1146 800/1080/1147 809/1081/1148 808/1082/1149
f 800/1080/1147 802/1079/1146 803/1083/1150 801/1084/1151
s 150
f 804/1085/1152 802/1079/1153 808/1082/1154 811/1086/1155
f 802/1079/1153 804/1085/1152 805/1087/1156 803/1083/1157
s 151
f 806/1088/1158 804/1085/1159 811/1086/1160 810/1089/1161
f 804/1085/1159 806/1090/1158 807/1091/1162 805/1087/1163
s 152
f 800/1080/1164 806/1092/1165 810/1093/1166 809/1081/1167
f 806/1094/1165 800/1080/1164 801/1084/1168 807/1095/1169
s off
f 801/1096/1170 803/1097/1171 805/1098/1172 807/1099/1173
s 154
f 824/1100/1174 825/1101/1175 813/1102/1176 812/1103/1177
f 816/1104/1178 825/1101/1175 824/1100/1174 815/1105/1179
f 814/1106/1180 813/1102/1176 825/1101/1175 826/1107/1181
f 816/1104/1178 817/1108/1182 826/1107/1181 825/1101/1175
f 827/1109/1183 828/1110/1184 816/1104/1178 815/1105/1179
f 819/1111/1185 828/1110/1184 827/1109/1183 818/1112/1186
f 816/1104/1178 828/1110/1184 829/1113/1187 817/1108/1182
f 819/1111/1185 820/1114/1188 829/1113/1187 828/1110/1184
f 830/1115/1189 831/1116/1190 819/1111/1185 818/1112/1186
f 822/1117/1191 831/1116/1190 830/1115/1189 821/1118/1192
f 819/1111/1185 831/1116/1190 832/1119/1193 820/1114/1188
f 822/1117/1191 823/1120/1194 832/1119/1193 831/1116/1190
f 833/1121/1195 834/1122/1196 822/1117/1191 821/1118/1192
f 812/1123/1177 813/1124/1176 834/1122/1196 833/1121/1195
f 822/1117/1191 834/1122/1196 835/1125/1197 823/1120/1194
f 814/1126/1180 835/1125/1197 834/1122/1196 813/1124/1176
s 155
f 826/1127/1198 836/1128/1199 814/1129/1200
f 817/1130/1201 836/1128/1199 826/1127/1198
f 829/1131/1202 836/1128/1199 817/1130/1201
f 820/1132/1203 836/1128/1199 829/1131/1202
f 832/1133/1204 836/1128/1199 820/1132/1203
f 823/1134/1205 836/1128/1199 832/1133/1204
f 835/1135/1206 836/1128/1199 823/1134/1205
f 814/1129/1200 836/1128/1199 835/1135/1206
s 156
f 849/1136/1207 837/1137/1208 838/1138/1209 850/1139/1210
f 840/1140/1211 849/1136/1207 850/1139/1210 841/1141/1212
f 839/1142/1213 851/1143/1214 850/1139/1210 838/1138/1209
f 841/1141/1212 850/1139/1210 851/1143/1214 842/1144/1215
f 852/1145/1216 840/1140/1211 841/1141/1212 853/1146/1217
f 843/1147/1218 852/1145/1216 853/1146/1217 844/1148/1219
f 841/1141/1212 842/1144/1215 854/1149/1220 853/1146/1217
f 844/1148/1219 853/1146/1217 854/1149/1220 845/1150/1221
f 855/1151/1222 843/1147/1218 844/1148/1219 856/1152/1223
f 846/1153/1224 855/1151/1222 856/1152/1223 847/1154/1225
f 844/1148/1219 845/1150/1221 857/1155/1226 856/1152/1223
f 847/1154/1225 856/1152/1223 857/1155/1226 848/1156/1227
f 858/1157/1228 846/1153/1224 847/1154/1225 859/1158/1229
f 838/1159/1209 837/1160/1208 858/1157/1228 859/1158/1229
f 847/1154/1225 848/1156/1227 860/1161/1230 859/1158/1229
f 839/1162/1213 838/1159/1209 859/1158/1229 860/1161/1230
s 157
f 851/1163/1231 839/1164/1232 861/1165/1233
f 842/1166/1234 851/1163/1231 861/1165/1233
f 854/1167/1235 842/1166/1234 861/1165/1233
f 845/1168/1236 854/1167/1235 861/1165/1233
f 857/1169/1237 845/1168/1236 861/1165/1233
f 848/1170/1238 857/1169/1237 861/1165/1233
f 860/1171/1239 848/1170/1238 861/1165/1233
f 839/1164/1232 860/1171/1239 861/1165/1233
s 158
f 862/1172/1240 870/1173/1241 871/1174/1242 863/1175/1243
f 863/1175/1243 871/1174/1242 872/1176/1244 864/1177/1245
f 864/1177/1245 872/1176/1244 873/1178/1246 865/1179/1247
f 865/1179/1247 873/1178/1246 874/1180/1248 866/1181/1249
f 866/1181/1249 874/1180/1248 875/1182/1250 867/1183/1251
f 867/1183/1251 875/1182/1250 876/1184/1252 868/1185/1253
f 868/1185/1253 876/1184/1252 877/1186/1254 869/1187/1255
f 869/1187/1255 877/1186/1254 870/1188/1241 862/1189/1240
s 159
f 878/1190/1256 879/1191/1257 887/1192/1258 886/1193/1259
f 879/1194/1257 880/1195/1260 888/1196/1261 887/1197/1258
f 880/1195/1260 881/1198/1262 889/1199/1263 888/1196/1261
f 881/1198/1262 882/1200/1264 890/1201/1265 889/1199/1263
f 882/1200/1264 883/1202/1266 891/1203/1267 890/1201/1265
f 883/1202/1266 884/1204/1268 892/1205/1269 891/1203/1267
f 884/1204/1268 885/1206/1270 893/1207/1271 892/1205/1269
f 885/1206/1270 878/1190/1256 886/1193/1259 893/1207/1271
f 886/1193/1259 887/1192/1258 895/1208/1272 894/1209/1273
f 887/1197/1258 888/1196/1261 896/1210/1274 895/1211/1272
f 888/1196/1261 889/1199/1263 897/1212/1275 896/1210/1274
f 889/1199/1263 890/1201/1265 898/1213/1276 897/1212/1275
f 890/1201/1265 891/1203/1267 899/1214/1277 898/1213/1276
f 891/1203/1267 892/1205/1269 900/1215/1278 899/1214/1277
f 892/1205/1269 893/1207/1271 901/1216/1279 900/1215/1278
f 893/1207/1271 886/1193/1259 894/1209/1273 901/1216/1279
f 894/1209/1273 895/1208/1272 903/1217/1280 902/1218/1281
f 895/1211/1272 896/1210/1274 904/1219/1282 903/1220/1280
f 896/1210/1274 897/1212/1275 905/1221/1283 904/1219/1282
f 897/1212/1275 898/1213/1276 906/1222/1284 905/1221/1283
f 898/1213/1276 899/1214/1277 907/1223/1285 906/1222/1284
f 899/1214/1277 900/1215/1278 908/1224/1286 907/1223/1285
f 900/1215/1278 901/1216/1279 909/1225/1287 908/1224/1286
f 901/1216/1279 894/1209/1273 902/1218/1281 909/1225/1287
f 902/1218/1281 903/1217/1280 911/1226/1288 910/1227/1289
f 903/1220/1280 904/1219/1282 912/1228/1290 911/1229/1288
f 904/1219/1282 905/1221/1283 913/1230/1291 912/1228/1290
f 905/1221/1283 906/1222/1284 914/1231/1292 913/1230/1291
f 906/1222/1284 907/1223/1285 915/1232/1293 914/1231/1292
f 907/1223/1285 908/1224/1286 916/1233/1294 915/1232/1293
f 908/1224/1286 909/1225/1287 917/1234/1295 916/1233/1294
f 909/1225/1287 902/1218/1281 910/1227/1289 917/1234/1295
f 910/1227/1289 911/1226/1288 919/1235/1296 918/1236/1297
f 911/1229/1288 912/1228/1290 920/1237/1298 919/1238/1296
f 912/1228/1290 913/1230/1291 921/1239/1299 920/1237/1298
f 913/1230/1291 914/1231/1292 922/1240/1300 921/1239/1299
f 914/1231/1292 915/1232/1293 923/1241/1301 922/1240/1300
f 915/1232/1293 916/1233/1294 924/1242/1302 923/1241/1301
f 916/1233/1294 917/1234/1295 925/1243/1303 924/1242/1302
f 917/1234/1295 910/1227/1289 918/1236/1297 925/1243/1303
f 918/1236/1297 919/1235/1296 927/1244/1304 926/1245/1305
f 919/1238/1296 920/1237/1298 928/1246/1306 927/1247/1304
f 920/1237/1298 921/1239/1299 929/1248/1307 928/1246/1306
f 921/1239/1299 922/1240/1300 930/1249/1308 929/1248/1307
f 922/1240/1300 923/1241/1301 931/1250/1309 930/1249/1308
f 923/1241/1301 924/1242/1302 932/1251/1310 931/1250/1309
f 924/1242/1302 925/1243/1303 933/1252/1311 932/1251/1310
f 925/1243/1303 918/1236/1297 926/1245/1305 933/1252/1311
f 926/1245/1305 927/1244/1304 935/1253/1312 934/1254/1313
f 927/1247/1304 928/1246/1306 936/1255/1314 935/1256/1312
f 928/1246/1306 929/1248/1307 937/1257/1315 936/1255/1314
f 929/1248/1307 930/1249/1308 938/1258/1316 937/1257/1315
f 930/1249/1308 931/1250/1309 939/1259/1317 938/1258/1316
f 931/1250/1309 932/1251/1310 940/1260/1318 939/1259/1317
f 932/1251/1310 933/1252/1311 941/1261/1319 940/1260/1318
f 933/1252/1311 926/1245/1305 934/1254/1313 941/1261/1319
f 934/1262/1313 935/1263/1312 943/1264/1320 942/1265/1321
f 935/1263/1312 936/1266/1314 944/1267/1322 943/1264/1320
f 936/1266/1314 937/1268/1315 945/1269/1323 944/1267/1322
f 937/1268/1315 938/1270/1316 946/1271/1324 945/1269/1323
f 938/1270/1316 939/1272/1317 947/1273/1325 946/1271/1324
f 939/1272/1317 940/1274/1318 948/1275/1326 947/1273/1325
f 940/1274/1318 941/1276/1319 949/1277/1327 948/1275/1326
f 941/1276/1319 934/1262/1313 942/1265/1321 949/1277/1327
f 942/1265/1321 943/1264/1320 950/1278/1328
f 943/1264/1320 944/1267/1322 950/1278/1328
f 944/1267/1322 945/1269/1323 950/1278/1328
f 945/1269/1323 946/1271/1324 950/1278/1328
f 946/1271/1324 947/1273/1325 950/1278/1328
f 947/1273/1325 948/1275/1326 950/1278/1328
f 948/1275/1326 949/1277/1327 950/1278/1328
f 949/1277/1327 942/1265/1321 950/1278/1328
s off
f 951/1279/1329 952/1280/1330 953/1281/1331 954/1282/1332
f 952/1283/1333 951/1284/1334 956/1285/1335 957/1286/1336
f 953/1287/1337 952/1283/1338 957/1286/1339 958/1288/1340
f 954/1289/1341 953/1287/1342 958/1288/1343 955/1290/1344
f 956/1285/1345 951/1284/1346 954/1291/1347 955/1292/1348
f 957/1293/1349 956/1294/1350 955/1295/1351 958/1296/1352
s 166
f 959/1297/1353 960/1298/1354 997/1299/1355 998/1300/1356
f 960/1298/1354 961/1301/1357 996/1302/1358 997/1299/1355
s 167
f 962/1303/1359 963/1304/1360 966/1305/1361 965/1306/1362
f 963/1304/1360 964/1307/1363 967/1308/1364 966/1305/1361
s 168
f 993/1309/1365 994/1310/1366 969/1311/1367 968/1312/1368
f 994/1313/1366 995/1314/1369 970/1315/1370 969/1316/1367
s 169
f 968/1317/1371 969/1318/1372 960/1298/1373 959/1297/1374
f 969/1319/1372 970/1320/1375 961/1301/1376 960/1298/1373
f 959/1297/1374 972/1321/1377 971/1322/1378 968/1323/1371
s 166
f 998/1300/1356 999/1324/1379 972/1321/1380 959/1297/1353
s 167
f 965/1306/1362 974/1325/1381 973/1326/1382 962/1303/1359
s 168
f 968/1327/1368 971/1328/1383 992/1329/1384 993/1330/1365
s 170
f 961/1331/1385 970/1332/1386 995/1333/1387 996/1334/1388
s 171
f 975/1335/1389 1000/1336/1390 987/1337/1391 976/1338/1392
f 976/1338/1392 987/1337/1391 988/1339/1393 977/1340/1394
s 172
f 978/1341/1395 981/1342/1396 982/1343/1397 979/1344/1398
f 979/1344/1398 982/1343/1397 983/1345/1399 980/1346/1400
s 173
f 991/1347/1401 984/1348/1402 985/1349/1403 990/1350/1404
f 990/1351/1404 985/1352/1403 986/1353/1405 989/1354/1406
s 174
f 984/1355/1407 975/1335/1408 976/1338/1409 985/1356/1410
f 985/1357/1410 976/1338/1409 977/1340/1411 986/1358/1412
f 975/1335/1408 984/1359/1407 971/1360/1413 972/1361/1414
s 171
f 1000/1336/1390 975/1335/1389 972/1361/1415 999/1362/1416
s 172
f 981/1342/1396 978/1341/1395 973/1363/1417 974/1364/1418
s 173
f 984/1365/1402 991/1366/1401 992/1367/1419 971/1368/1420
s 175
f 977/1369/1421 988/1370/1422 989/1371/1423 986/1372/1424
s 171
f 987/1337/1391 979/1344/1425 980/1346/1426 988/1339/1393
s 175
f 989/1371/1423 988/1370/1422 980/1373/1427 983/1374/1428
s 173
f 982/1343/1429 990/1351/1404 989/1354/1406 983/1345/1430
f 981/1342/1431 991/1347/1401 990/1350/1404 982/1343/1429
f 992/1367/1419 991/1366/1401 981/1342/1431 974/1364/1432
s 168
f 993/1330/1365 992/1329/1384 974/1325/1433 965/1306/1434
f 965/1306/1434 966/1305/1435 994/1310/1366 993/1309/1365
f 966/1305/1435 967/1308/1436 995/1314/1369 994/1313/1366
s 170
f 996/1334/1388 995/1333/1387 967/1375/1437 964/1376/1438
s 166
f 997/1299/1355 996/1302/1358 964/1307/1439 963/1304/1440
f 998/1300/1356 997/1299/1355 963/1304/1440 962/1303/1441
f 962/1303/1441 973/1326/1442 999/1324/1379 998/1300/1356
s 171
f 978/1341/1443 1000/1336/1390 999/1362/1416 973/1363/1444
f 987/1337/1391 1000/1336/1390 978/1341/1443 979/1344/1425
s off
f 1001/1377/1445 1002/1378/1446 1004/1379/1447 1003/1380/1448
f 1005/1381/1449 1006/1382/1450 1008/1383/1451 1007/1384/1452
f 1002/1378/1453 1008/1385/1454 1006/1386/1455 1004/1379/1456
f 1007/1384/1457 1001/1377/1458 1003/1380/1459 1005/1381/1460
f 1009/1387/1461 1011/1388/1462 1012/1389/1463 1010/1390/1464
f 1013/1391/1465 1015/1392/1466 1016/1393/1467 1014/1394/1468
f 1010/1390/1469 1012/1389/1470 1014/1395/1471 1016/1396/1472
f 1015/1392/1473 1013/1391/1474 1011/1388/1475 1009/1387/1476
