# This file uses centimeters as units for non-parametric coordinates.

g default
v -76.940796 0.323881 -3.980299
v -79.616669 0.323718 -3.980299
v -82.323227 0.323362 -3.980299
v -84.981339 0.323199 -3.980299
v -76.940796 0.323881 1.296022
v -79.616669 0.323718 1.296022
v -79.616669 0.323776 -1.419502
v -76.940796 0.323901 -1.419502
v -82.323227 0.323362 1.296022
v -84.981339 0.323199 1.296022
v -84.981339 0.323257 -1.419502
v -82.323227 0.323382 -1.419502
v -84.981339 0.323257 3.980303
v -79.616669 0.323776 3.980303
v -82.323227 0.323382 3.980303
v -76.940796 0.323901 3.980303
v -84.865509 0.306928 -0.007803
v -85.028976 0.307205 -0.007055
v -84.862152 0.335969 -0.007845
v -85.186356 0.307222 -0.003103
v -84.099548 0.307258 4.058722
v -84.099747 0.306981 3.875097
v -84.866394 0.307289 3.079313
v -85.029343 0.307425 3.081911
v -84.099625 0.337430 3.871653
v -84.863190 0.336101 3.379930
v -85.030472 0.307372 4.058786
v -84.870773 0.305812 3.879221
v -84.866440 0.336345 3.874529
v -85.029617 0.308109 3.882738
v -84.871811 0.308146 4.057459
v -85.181458 0.308827 4.228434
v -84.097321 0.307575 4.233042
v -84.507645 0.307755 4.057905
v -84.506744 0.307570 4.232035
v -84.831299 0.307603 4.231806
v -85.028992 0.307784 3.525671
v -85.185211 0.307206 3.526171
v -85.184998 0.307239 3.860319
v -85.185547 0.307210 3.079088
v -84.862854 0.336059 1.696192
v -84.866104 0.307171 1.696321
v -85.029236 0.307353 1.698000
v -85.185898 0.307187 1.696531
v -84.866089 0.307168 -3.096495
v -85.029221 0.307352 -3.098427
v -84.862503 0.336013 -3.097704
v -85.186371 0.307558 -3.102036
v -84.076294 0.307258 -4.056580
v -84.076477 0.306981 -3.872675
v -84.076355 0.337430 -3.869232
v -85.030472 0.307372 -4.056641
v -84.870773 0.305812 -3.876795
v -84.866440 0.336345 -3.872107
v -85.029617 0.308108 -3.879646
v -84.872360 0.308146 -4.055252
v -85.182709 0.308845 -4.226196
v -84.071182 0.307263 -4.231262
v -84.515060 0.307755 -4.055820
v -84.509125 0.307257 -4.230139
v -84.818039 0.307290 -4.229876
v -85.028961 0.307774 -3.526396
v -85.186142 0.307554 -3.526632
v -85.185959 0.307589 -3.873114
v -84.862167 0.335970 -1.534428
v -84.865509 0.306930 -1.534470
v -85.028976 0.307205 -1.534672
v -85.186401 0.307434 -1.534508
v -77.052383 0.307108 -3.076159
v -76.889008 0.307315 -3.078106
v -77.055649 0.336035 -3.076052
v -76.734512 0.307246 -3.076883
v -77.825623 0.307420 -4.055573
v -77.825378 0.307222 -3.872080
v -80.954254 0.338697 -3.868864
v -80.954300 0.306751 -3.872261
v -80.956360 0.307104 -4.056549
v -77.825638 0.336673 -3.868601
v -76.887695 0.307372 -4.056644
v -77.047562 0.305812 -3.876799
v -77.051895 0.336345 -3.872110
v -76.888550 0.308109 -3.881287
v -77.046280 0.308146 -4.055256
v -76.738617 0.308863 -4.227503
v -77.826385 0.307610 -4.231455
v -77.412964 0.307791 -4.055603
v -77.414993 0.307605 -4.231104
v -77.088760 0.307639 -4.230873
v -76.889175 0.307756 -3.524597
v -76.734848 0.307241 -3.526962
v -76.735062 0.307274 -3.859385
v -80.960388 0.307276 -4.232218
v -79.340759 0.307487 -4.231876
v -79.336349 0.307260 -4.056065
v -79.335190 0.306984 -3.872173
v -79.335297 0.337696 -3.868736
v -82.730194 0.307241 -4.231985
v -82.726761 0.307100 -4.057020
v -82.725235 0.306746 -3.872721
v -82.725143 0.338466 -3.869318
v -77.052521 0.307048 -0.006411
v -76.889069 0.307278 -0.005693
v -77.055832 0.336013 -0.006498
v -76.733704 0.307258 -0.002581
v -77.865097 0.307420 4.057714
v -77.864853 0.307222 3.874498
v -77.051941 0.307289 3.102846
v -76.888809 0.307425 3.105444
v -80.958572 0.338697 3.871286
v -80.958618 0.306751 3.874685
v -80.960678 0.307104 4.058695
v -77.865112 0.336673 3.871019
v -77.055145 0.336101 3.102674
v -76.887695 0.307372 4.058786
v -77.047562 0.305812 3.879217
v -77.051895 0.336345 3.874529
v -76.888565 0.308109 3.883020
v -77.047302 0.308146 4.057459
v -76.737350 0.308845 4.227133
v -77.860626 0.307227 4.231539
v -77.419800 0.307789 4.057688
v -77.419205 0.307221 4.231073
v -77.110733 0.307254 4.227133
v -76.889130 0.307791 3.529757
v -76.733917 0.307589 3.527681
v -76.734100 0.307624 3.874048
v -76.733704 0.307593 3.105860
v -80.961243 0.307240 4.233149
v -77.056168 0.335970 -1.694574
v -77.052811 0.306930 -1.694529
v -76.889191 0.307205 -1.694605
v -76.734161 0.307222 -1.694086
v -77.055481 0.336059 1.528086
v -77.052231 0.307171 1.528219
v -76.888931 0.307353 1.529894
v -76.733673 0.307469 1.532839
v -79.189270 0.307204 4.232294
v -79.187332 0.307260 4.058210
v -79.186172 0.306984 3.874594
v -79.186264 0.337696 3.871153
v -82.577560 0.307453 4.233431
v -82.575439 0.307100 4.059160
v -82.573929 0.306746 3.875139
v -82.573822 0.338466 3.871737
v -84.513596 0.306318 -3.875010
v -84.511078 0.336815 -3.870863
v -84.864822 0.336209 -3.522417
v -84.868851 0.306367 -3.524685
v -77.416290 0.336487 -3.870596
v -77.413712 0.306420 -3.874763
v -77.049591 0.306360 -3.517723
v -77.053482 0.336214 -3.514973
v -77.053207 0.336246 3.526175
v -77.049332 0.306413 3.529028
v -77.421555 0.306425 3.877169
v -77.424118 0.336487 3.873003
v -84.503647 0.336815 3.873281
v -84.506165 0.306319 3.877432
v -84.868942 0.306427 3.521177
v -84.865082 0.336244 3.643705
v -85.188721 0.339499 0.000135
v -85.828537 0.494092 0.000132
v -85.829025 0.455049 0.000132
v -85.972107 0.511436 0.000132
v -85.973404 0.647468 0.000132
v -86.007462 0.967772 -5.080860
v -86.002777 1.144957 -5.076090
v -85.857605 0.884501 -4.931122
v -85.862167 0.849110 -4.936001
v -85.181442 0.337623 -4.225080
v -85.188629 0.339583 -3.527855
v -85.841370 0.647688 -3.530952
v -85.842087 0.614836 -3.531654
v -85.989578 0.681196 -3.532427
v -85.989502 0.855759 -3.529119
v -85.188522 0.339784 -3.872160
v -85.850098 0.735466 -4.193172
v -85.850693 0.702787 -4.194143
v -85.998962 0.812119 -4.271358
v -85.998016 0.978496 -4.266169
v -85.188751 0.339436 -3.103533
v -85.835190 0.590250 -3.097038
v -85.835968 0.564620 -3.097639
v -85.983215 0.629485 -3.097589
v -85.984116 0.799286 -3.094707
v -86.006287 0.967737 5.082083
v -86.001678 1.144922 5.077238
v -85.861557 0.884463 4.927034
v -85.866272 0.849072 4.931761
v -85.179108 0.337588 4.227488
v -85.981537 0.621065 3.064390
v -85.982452 0.795771 3.060743
v -85.838684 0.588128 3.064020
v -85.839447 0.556519 3.064936
v -85.187164 0.340132 3.073305
v -85.186829 0.338981 3.524855
v -85.845215 0.645726 3.526545
v -85.845856 0.612926 3.527048
v -85.988312 0.679046 3.527796
v -85.988312 0.849673 3.525064
v -85.186676 0.339188 3.844656
v -85.854126 0.733723 4.192377
v -85.854645 0.701097 4.193296
v -85.997879 0.810481 4.277311
v -85.997025 0.973003 4.272364
v -85.973145 0.687500 1.656359
v -85.971649 0.544724 1.665281
v -85.829849 0.484330 1.669279
v -85.829315 0.525308 1.666662
v -85.187836 0.340481 1.691408
v -85.188797 0.339299 -1.532511
v -85.825684 0.521474 -1.510353
v -85.826233 0.484467 -1.512384
v -85.971878 0.544434 -1.509346
v -85.973465 0.683883 -1.501760
v -80.962372 0.339605 -4.235025
v -80.962357 0.494198 -4.896965
v -80.962357 0.455155 -4.897472
v -80.962357 0.511543 -5.045507
v -80.962357 0.647574 -5.046846
v -75.915848 0.967808 -5.082079
v -75.920456 1.144992 -5.077238
v -76.060577 0.884534 -4.927034
v -76.055862 0.849143 -4.931755
v -76.743011 0.337658 -4.227489
v -77.416931 0.339690 -4.234919
v -77.413940 0.648597 -4.910234
v -77.413269 0.615746 -4.910978
v -77.412521 0.682194 -5.063576
v -77.415710 0.856759 -5.063498
v -77.084137 0.339891 -4.234819
v -76.773865 0.735996 -4.919266
v -76.772919 0.703317 -4.919889
v -76.698288 0.812692 -5.073278
v -76.703308 0.979072 -5.072309
v -77.827072 0.339543 -4.235046
v -77.833359 0.591409 -4.903852
v -77.832764 0.565779 -4.904654
v -77.832825 0.630733 -5.056995
v -77.835602 0.800536 -5.057924
v -84.057220 0.622332 -5.055260
v -84.053696 0.797040 -5.056210
v -84.056870 0.589308 -4.907465
v -84.057739 0.557699 -4.908251
v -84.065826 0.340238 -4.233418
v -84.502289 0.339087 -4.233063
v -84.503922 0.646641 -4.914215
v -84.504410 0.613841 -4.914881
v -84.505127 0.680047 -5.062265
v -84.502502 0.850675 -5.062265
v -84.811401 0.339294 -4.232906
v -85.147507 0.734255 -4.923437
v -85.148392 0.701630 -4.923967
v -85.229599 0.811051 -5.072161
v -85.224808 0.973574 -5.071274
v -82.696259 0.687606 -5.046577
v -82.704880 0.544830 -5.045019
v -82.708740 0.484437 -4.898321
v -82.706223 0.525415 -4.897776
v -82.730133 0.340588 -4.234112
v -79.345581 0.339406 -4.235096
v -79.367004 0.521580 -4.894016
v -79.365036 0.484574 -4.894583
v -79.367966 0.544541 -5.045259
v -79.375305 0.683990 -5.046904
v -76.733398 0.339570 -0.000134
v -76.093597 0.494163 -0.000134
v -76.093109 0.455120 -0.000134
v -75.950012 0.511508 -0.000134
v -75.948715 0.647539 -0.000134
v -75.914658 0.967772 5.080862
v -75.919342 1.144957 5.076090
v -76.064529 0.884501 4.931124
v -76.059967 0.849110 4.936003
v -76.740692 0.337623 4.225080
v -76.733505 0.339654 3.527853
v -76.080765 0.647758 3.530954
v -76.080048 0.614907 3.531656
v -75.932556 0.681267 3.532427
v -75.932632 0.855830 3.529119
v -76.733597 0.339856 3.872164
v -76.072037 0.735537 4.193174
v -76.071442 0.702858 4.194143
v -75.923172 0.812189 4.271360
v -75.924103 0.978567 4.266169
v -76.733383 0.339508 3.103533
v -76.086929 0.590321 3.097036
v -76.086166 0.564691 3.097639
v -75.938904 0.629556 3.097589
v -75.938019 0.799356 3.094706
v -75.940582 0.621137 -3.064390
v -75.939667 0.795842 -3.060741
v -76.083435 0.588199 -3.064022
v -76.082687 0.556590 -3.064936
v -76.734955 0.340203 -3.073299
v -76.735306 0.339052 -3.524855
v -76.076920 0.645797 -3.526545
v -76.076279 0.612997 -3.527046
v -75.933823 0.679117 -3.527794
v -75.933823 0.849745 -3.525064
v -76.735458 0.339259 -3.844650
v -76.068008 0.733794 -4.192377
v -76.067490 0.701169 -4.193296
v -75.924255 0.810552 -4.277313
v -75.925110 0.973073 -4.272362
v -75.948975 0.687571 -1.656359
v -75.950485 0.544795 -1.665283
v -76.092285 0.484401 -1.669281
v -76.092804 0.525380 -1.666664
v -76.734283 0.340553 -1.691404
v -76.733337 0.339370 1.532511
v -76.096436 0.521545 1.510351
v -76.095901 0.484539 1.512384
v -75.950256 0.544505 1.509348
v -75.948669 0.683954 1.501760
v -80.959747 0.339534 4.235025
v -80.959763 0.494127 4.896967
v -80.959763 0.455084 4.897470
v -80.959778 0.511472 5.045507
v -80.959778 0.647503 5.046846
v -84.505188 0.339618 4.234919
v -84.508194 0.648527 4.910234
v -84.508865 0.615675 4.910978
v -84.509613 0.682124 5.063578
v -84.506409 0.856688 5.063498
v -84.837982 0.339820 4.234819
v -85.148270 0.735925 4.919264
v -85.149216 0.703246 4.919889
v -85.223846 0.812621 5.073278
v -85.218826 0.979001 5.072309
v -84.095062 0.339472 4.235048
v -84.088776 0.591338 4.903852
v -84.089355 0.565708 4.904654
v -84.089310 0.630661 5.056997
v -84.086517 0.800465 5.057924
v -77.864914 0.622261 5.055262
v -77.868439 0.796969 5.056211
v -77.865265 0.589237 4.907465
v -77.864380 0.557628 4.908251
v -77.856293 0.340168 4.233416
v -77.419830 0.339016 4.233065
v -77.418198 0.646570 4.914217
v -77.417725 0.613770 4.914881
v -77.416992 0.679975 5.062265
v -77.419632 0.850604 5.062265
v -77.110733 0.339223 4.232908
v -76.774628 0.734184 4.923437
v -76.773743 0.701559 4.923967
v -76.692535 0.810979 5.072161
v -76.697311 0.973504 5.071276
v -79.225876 0.687536 5.046576
v -79.217239 0.544759 5.045019
v -79.213379 0.484365 4.898321
v -79.215912 0.525344 4.897776
v -79.192001 0.340517 4.234110
v -82.576553 0.339335 4.235098
v -82.555130 0.521510 4.894014
v -82.557098 0.484503 4.894583
v -82.554153 0.544470 5.045259
v -82.546829 0.683918 5.046904
v -86.120117 1.332252 -5.215345
v -86.106735 1.308580 -5.201532
v -86.180206 1.238778 -5.131451
v -86.204758 1.252262 -5.134903
v -86.040771 1.260246 -5.305172
v -86.037796 1.246420 -5.279281
v -86.046936 1.117889 -5.312407
v -86.042068 1.125017 -5.286003
v -86.114014 1.059926 -5.216862
v -86.129028 1.045644 -5.233585
v -86.207489 1.113490 -5.145344
v -86.182739 1.120701 -5.139661
v -86.391754 1.221960 -5.522160
v -86.381607 1.372070 -5.506804
v -86.469116 1.292380 -5.429411
v -86.304794 1.300171 -5.599314
v -86.476837 1.153971 -5.445112
v -86.400803 1.086212 -5.535904
v -86.316071 1.158190 -5.611935
v -85.129425 1.332672 -4.114429
v -85.112976 1.315331 -4.096857
v -85.177078 1.250303 -4.019691
v -85.203461 1.257666 -4.025606
v -85.043777 1.266729 -4.194033
v -85.038574 1.258169 -4.165796
v -85.030289 1.122751 -4.185795
v -85.026688 1.133315 -4.158445
v -85.104202 1.047553 -4.096525
v -85.090698 1.068082 -4.080908
v -85.190201 1.113583 -4.017029
v -85.165390 1.125356 -4.012045
v -86.092819 1.329349 -5.184929
v -85.620224 1.302865 -4.659243
v -85.698502 1.227672 -4.574903
v -86.175598 1.254357 -5.105360
v -86.179077 1.109735 -5.114496
v -85.693298 1.082950 -4.574892
v -86.100677 1.043167 -5.202036
v -85.610962 1.016483 -4.658266
v -85.532761 1.091884 -4.742992
v -86.017883 1.118376 -5.281893
v -86.014679 1.262897 -5.272461
v -85.538208 1.236502 -4.742683
v -85.605835 1.283345 -4.643890
v -85.592072 1.302993 -4.627968
v -85.670090 1.227798 -4.543352
v -85.673309 1.218442 -4.570944
v -85.668625 1.093494 -4.570721
v -85.664413 1.083093 -4.542824
v -85.597443 1.036096 -4.642626
v -85.581863 1.016644 -4.625969
v -85.503906 1.092044 -4.710968
v -85.529999 1.101216 -4.715862
v -85.534912 1.226072 -4.715828
v -85.509827 1.236647 -4.711168
v -84.158508 1.567359 -3.039602
v -84.140671 1.553944 -3.020634
v -84.198700 1.490315 -2.936977
v -84.225510 1.493938 -2.943264
v -84.066818 1.503251 -3.112772
v -84.061066 1.498391 -3.084021
v -84.039978 1.362822 -3.090284
v -84.037628 1.376655 -3.064350
v -84.106827 1.289263 -2.993446
v -84.095551 1.312862 -2.980286
v -84.198868 1.353406 -2.920406
v -84.175446 1.368485 -2.916992
v -85.101151 1.336183 -4.083075
v -84.636642 1.422165 -3.568419
v -84.706909 1.347757 -3.475563
v -85.174957 1.261201 -3.993999
v -85.161255 1.117177 -3.984962
v -84.686447 1.205090 -3.459316
v -85.075073 1.051183 -4.064247
v -84.597183 1.139845 -3.535341
v -84.527084 1.214420 -3.628687
v -85.001389 1.126354 -4.153763
v -85.015305 1.270273 -4.162458
v -84.547760 1.356983 -3.644571
v -84.620514 1.406174 -3.551294
v -84.609146 1.428946 -3.537971
v -84.679199 1.354584 -3.444904
v -84.681091 1.341970 -3.471008
v -84.663269 1.218833 -3.456818
v -84.658371 1.212018 -3.428253
v -84.586136 1.162503 -3.522400
v -84.568939 1.146830 -3.504103
v -84.499039 1.221355 -3.597654
v -84.525665 1.226894 -3.603050
v -84.543686 1.349938 -3.616957
v -84.520081 1.363817 -3.613943
v -83.253098 1.977566 -1.892071
v -83.223038 1.867630 -1.864029
v -83.113098 1.983252 -2.042923
v -83.083435 1.873302 -2.014450
v -83.199814 2.042068 -1.983303
v -83.136627 1.809505 -1.923523
v -83.218445 2.051176 -2.003059
v -83.279709 1.980938 -1.900532
v -83.122177 1.989288 -2.071293
v -83.084854 1.854071 -2.037521
v -83.146042 1.783381 -1.934601
v -83.242630 1.845596 -1.866440
v -84.130997 1.577483 -3.009224
v -83.679855 1.778755 -2.511341
v -83.743805 1.707022 -2.411720
v -84.197845 1.504130 -2.912701
v -84.170868 1.363744 -2.889484
v -83.711777 1.568722 -2.383064
v -84.078674 1.299672 -2.962372
v -83.617432 1.505100 -2.453629
v -83.553528 1.577305 -2.553631
v -84.012009 1.373158 -3.059383
v -84.039169 1.513443 -3.082233
v -83.585815 1.715483 -2.581970
v -83.662567 1.767107 -2.493034
v -83.653198 1.793201 -2.481949
v -83.716995 1.721546 -2.382164
v -83.717712 1.705208 -2.406940
v -83.689941 1.585865 -2.382069
v -83.684677 1.583403 -2.353191
v -83.608429 1.530964 -2.442944
v -83.590195 1.519859 -2.423618
v -83.526443 1.591982 -2.523788
v -83.553299 1.593281 -2.529335
v -83.581299 1.712511 -2.553951
v -83.559021 1.730001 -2.552444
v -82.300156 2.745146 -0.994144
v -82.306946 2.716825 -1.002342
v -82.218536 2.664574 -1.057446
v -82.198181 2.684958 -1.057602
v -82.356064 2.680622 -0.887081
v -82.355499 2.660807 -0.909550
v -82.310135 2.552900 -0.840862
v -82.315781 2.549919 -0.869587
v -82.207748 2.492327 -0.904224
v -82.227020 2.497324 -0.924618
v -82.151947 2.557156 -1.011635
v -82.178558 2.553614 -1.017708
v -81.450119 3.548429 -0.055901
v -81.879959 3.138170 -0.533714
v -81.775879 3.080017 -0.594921
v -81.344070 3.492403 -0.115036
v -81.288849 3.373415 -0.059490
v -81.724976 2.956522 -0.543976
v -81.339935 3.313047 0.052958
v -81.778320 2.893867 -0.433952
v -81.882858 2.952381 -0.372856
v -81.446426 3.369413 0.111956
v -81.501328 3.488327 0.056162
v -81.933441 3.075800 -0.424053
v -81.884567 3.109993 -0.539532
v -81.903549 3.114731 -0.559528
v -81.799576 3.056458 -0.620869
v -81.794739 3.059738 -0.592434
v -81.750900 2.953003 -0.548565
v -81.748932 2.932705 -0.570202
v -81.797028 2.898849 -0.453632
v -81.802429 2.869923 -0.460320
v -81.906830 2.928555 -0.399097
v -81.887238 2.949408 -0.400837
v -81.930786 3.056093 -0.444908
v -81.957153 3.052231 -0.450016
v -83.190918 2.068966 -1.972759
v -83.093399 2.005262 -2.040993
v -83.251938 2.000778 -1.871197
v -83.215820 1.865686 -1.835495
v -83.117920 1.801554 -1.903660
v -83.056961 1.870083 -2.005547
v -82.324982 2.723513 -1.021358
v -82.742188 2.384504 -1.479336
v -82.642426 2.322443 -1.545166
v -82.223129 2.663212 -1.084957
v -82.177155 2.535173 -1.039284
v -82.601059 2.190701 -1.504433
v -82.233109 2.470224 -0.932030
v -82.659424 2.123890 -1.399765
v -82.759598 2.186359 -1.334015
v -82.335373 2.530909 -0.868530
v -82.381027 2.658867 -0.914459
v -82.800644 2.318016 -1.375015
v -82.748917 2.357332 -1.487507
v -82.767471 2.365402 -1.507126
v -82.667847 2.303244 -1.573097
v -82.662827 2.303715 -1.544407
v -82.627228 2.189878 -1.509350
v -82.626755 2.171293 -1.532650
v -82.677689 2.132147 -1.419052
v -82.685257 2.104380 -1.428139
v -82.785309 2.166946 -1.362255
v -82.764130 2.186117 -1.362232
v -82.799438 2.299889 -1.397484
v -82.826080 2.298813 -1.402954
v -86.120117 1.332252 5.215342
v -86.106735 1.308580 5.201532
v -86.180206 1.238778 5.131449
v -86.204758 1.252262 5.134905
v -86.040771 1.260246 5.305170
v -86.037796 1.246420 5.279280
v -86.046936 1.117889 5.312410
v -86.042068 1.125017 5.286005
v -86.114014 1.059926 5.216864
v -86.129028 1.045644 5.233583
v -86.207489 1.113490 5.145350
v -86.182739 1.120701 5.139658
v -86.391754 1.221960 5.522165
v -86.381607 1.372070 5.506807
v -86.469116 1.292380 5.429415
v -86.304794 1.300171 5.599314
v -86.476837 1.153971 5.445116
v -86.400803 1.086212 5.535906
v -86.316071 1.158190 5.611940
v -85.129425 1.332672 4.114428
v -85.112976 1.315331 4.096865
v -85.177078 1.250303 4.019693
v -85.203461 1.257666 4.025606
v -85.043777 1.266729 4.194033
v -85.038574 1.258169 4.165796
v -85.030289 1.122751 4.185801
v -85.026688 1.133315 4.158442
v -85.104202 1.047553 4.096521
v -85.090698 1.068082 4.080912
v -85.190201 1.113583 4.017031
v -85.165390 1.125356 4.012041
v -86.092819 1.329349 5.184923
v -85.620224 1.302865 4.659243
v -85.698502 1.227672 4.574900
v -86.175598 1.254357 5.105364
v -86.179077 1.109735 5.114496
v -85.693298 1.082950 4.574892
v -86.100677 1.043167 5.202036
v -85.610962 1.016483 4.658266
v -85.532761 1.091884 4.742998
v -86.017883 1.118376 5.281893
v -86.014679 1.262897 5.272455
v -85.538208 1.236502 4.742678
v -85.605835 1.283345 4.643892
v -85.592072 1.302993 4.627970
v -85.670090 1.227798 4.543352
v -85.673309 1.218442 4.570948
v -85.668625 1.093494 4.570719
v -85.664413 1.083094 4.542826
v -85.597443 1.036096 4.642626
v -85.581863 1.016644 4.625978
v -85.503906 1.092044 4.710970
v -85.529999 1.101216 4.715868
v -85.534912 1.226072 4.715830
v -85.509827 1.236647 4.711176
v -84.158508 1.567359 3.039598
v -84.140671 1.553944 3.020639
v -84.198700 1.490315 2.936975
v -84.225510 1.493938 2.943270
v -84.066818 1.503251 3.112772
v -84.061066 1.498391 3.084017
v -84.039978 1.362822 3.090281
v -84.037628 1.376655 3.064356
v -84.106827 1.289263 2.993448
v -84.095551 1.312862 2.980288
v -84.198868 1.353406 2.920404
v -84.175446 1.368485 2.916994
v -85.101151 1.336183 4.083078
v -84.636642 1.422165 3.568422
v -84.706909 1.347757 3.475565
v -85.174957 1.261201 3.994005
v -85.161255 1.117177 3.984964
v -84.686447 1.205090 3.459314
v -85.075073 1.051183 4.064249
v -84.597183 1.139845 3.535349
v -84.527084 1.214420 3.628695
v -85.001389 1.126354 4.153765
v -85.015305 1.270273 4.162462
v -84.547760 1.356983 3.644571
v -84.620514 1.406174 3.551294
v -84.609146 1.428946 3.537973
v -84.679199 1.354584 3.444902
v -84.681091 1.341970 3.471010
v -84.663269 1.218833 3.456820
v -84.658371 1.212018 3.428255
v -84.586136 1.162503 3.522394
v -84.568939 1.146830 3.504099
v -84.499039 1.221355 3.597651
v -84.525665 1.226894 3.603052
v -84.543686 1.349938 3.616953
v -84.520081 1.363817 3.613947
v -83.253098 1.977566 1.892069
v -83.223038 1.867630 1.864031
v -83.113098 1.983252 2.042925
v -83.083435 1.873302 2.014444
v -83.199814 2.042068 1.983301
v -83.136627 1.809505 1.923525
v -83.218445 2.051176 2.003054
v -83.279709 1.980938 1.900530
v -83.122177 1.989288 2.071283
v -83.084854 1.854071 2.037516
v -83.146042 1.783381 1.934595
v -83.242630 1.845596 1.866442
v -84.130997 1.577483 3.009226
v -83.679855 1.778755 2.511347
v -83.743805 1.707022 2.411730
v -84.197845 1.504130 2.912699
v -84.170868 1.363744 2.889482
v -83.711777 1.568722 2.383066
v -84.078674 1.299672 2.962374
v -83.617432 1.505100 2.453630
v -83.553528 1.577305 2.553629
v -84.012009 1.373158 3.059389
v -84.039169 1.513443 3.082232
v -83.585815 1.715483 2.581972
v -83.662567 1.767107 2.493029
v -83.653198 1.793201 2.481951
v -83.716995 1.721546 2.382166
v -83.717712 1.705208 2.406939
v -83.689941 1.585865 2.382067
v -83.684677 1.583403 2.353189
v -83.608429 1.530964 2.442949
v -83.590195 1.519859 2.423616
v -83.526443 1.591982 2.523790
v -83.553299 1.593281 2.529337
v -83.581299 1.712511 2.553949
v -83.559021 1.730001 2.552446
v -82.300156 2.745146 0.994143
v -82.306946 2.716825 1.002344
v -82.218536 2.664574 1.057444
v -82.198181 2.684958 1.057596
v -82.356064 2.680622 0.887079
v -82.355499 2.660807 0.909540
v -82.310135 2.552900 0.840860
v -82.315781 2.549919 0.869593
v -82.207748 2.492327 0.904222
v -82.227020 2.497324 0.924616
v -82.151947 2.557156 1.011629
v -82.178558 2.553614 1.017710
v -81.450119 3.548429 0.055902
v -81.879959 3.138170 0.533716
v -81.775879 3.080017 0.594927
v -81.344070 3.492403 0.115038
v -81.288849 3.373415 0.059488
v -81.724976 2.956522 0.543978
v -81.339935 3.313047 -0.052956
v -81.778320 2.893867 0.433954
v -81.882858 2.952381 0.372858
v -81.446426 3.369413 -0.111958
v -81.501328 3.488327 -0.056168
v -81.933441 3.075800 0.424051
v -81.884567 3.109993 0.539530
v -81.903549 3.114731 0.559534
v -81.799576 3.056458 0.620867
v -81.794739 3.059738 0.592432
v -81.750900 2.953003 0.548563
v -81.748932 2.932705 0.570200
v -81.797028 2.898849 0.453630
v -81.802429 2.869923 0.460321
v -81.906830 2.928555 0.399096
v -81.887238 2.949408 0.400835
v -81.930786 3.056093 0.444902
v -81.957153 3.052231 0.450014
v -83.190918 2.068966 1.972757
v -83.093399 2.005262 2.040995
v -83.251938 2.000778 1.871195
v -83.215820 1.865686 1.835497
v -83.117920 1.801554 1.903658
v -83.056961 1.870083 2.005548
v -82.324982 2.723513 1.021357
v -82.742188 2.384504 1.479334
v -82.642426 2.322443 1.545168
v -82.223129 2.663212 1.084955
v -82.177155 2.535173 1.039286
v -82.601059 2.190701 1.504427
v -82.233109 2.470224 0.932024
v -82.659424 2.123890 1.399759
v -82.759598 2.186359 1.334017
v -82.335373 2.530909 0.868532
v -82.381027 2.658867 0.914454
v -82.800644 2.318016 1.375017
v -82.748917 2.357332 1.487505
v -82.767471 2.365402 1.507128
v -82.667847 2.303244 1.573092
v -82.662827 2.303715 1.544397
v -82.627228 2.189878 1.509356
v -82.626755 2.171293 1.532648
v -82.677689 2.132147 1.419054
v -82.685257 2.104380 1.428133
v -82.785309 2.166946 1.362253
v -82.764130 2.186117 1.362230
v -82.799438 2.299889 1.397486
v -82.826080 2.298813 1.402956
v -81.810532 3.470844 -0.001102
v -81.810532 3.703094 -0.001106
v -81.810532 3.588937 -0.186028
v -81.810532 3.591608 0.182665
v -81.810532 3.370447 -0.183704
v -81.810532 3.261648 -0.001106
v -81.810532 3.370557 0.181551
v -80.063812 3.703092 -0.001572
v -80.063797 3.590017 -0.186024
v -80.063797 3.596155 0.180826
v -80.063812 3.372123 0.181757
v -80.063812 3.261648 -0.001572
v -80.063797 3.368881 -0.183495
v -80.955994 3.703311 -0.001106
v -80.955994 3.592977 -0.184406
v -80.955994 3.370037 -0.183315
v -80.955994 3.262235 -0.001106
v -80.955994 3.373390 0.182566
v -80.955994 3.596157 0.180826
v -80.931091 3.673185 -0.001106
v -80.905014 3.703310 -0.001106
v -80.905014 3.592975 -0.184406
v -80.931091 3.577924 -0.159389
v -80.931091 3.385435 -0.158432
v -80.905014 3.370035 -0.183315
v -80.931091 3.292364 -0.001106
v -80.905014 3.262237 -0.001106
v -80.905014 3.373388 0.182566
v -80.931076 3.388330 0.157480
v -80.931091 3.580669 0.155985
v -80.905014 3.596155 0.180826
v -80.063812 3.470844 -0.002037
v -80.063812 3.584898 0.184504
v -76.237427 0.796585 0.152201
v -76.891525 0.991577 0.149561
v -77.529922 1.243351 0.149858
v -78.148407 1.550209 0.154619
v -76.869751 1.085056 0.238100
v -76.221207 0.891733 0.239954
v -76.891525 0.991577 0.329859
v -76.237427 0.796585 0.333017
v -76.237427 0.796585 0.806192
v -76.891541 0.991577 0.801653
v -77.502670 1.334677 0.239367
v -77.529922 1.243351 0.330210
v -77.529922 1.243353 0.802164
v -78.115845 1.638908 0.245394
v -78.148407 1.550209 0.335909
v -78.148407 1.550209 0.810350
v -76.869751 1.085058 0.888414
v -76.221207 0.891733 0.891474
v -76.891541 0.991577 0.981951
v -76.237427 0.796585 0.987017
v -76.238464 0.806692 1.455400
v -76.893311 0.998968 1.449373
v -77.502670 1.334677 0.890505
v -77.529922 1.243351 0.982523
v -77.532654 1.248093 1.450052
v -78.115845 1.638908 0.900484
v -78.148407 1.550209 0.991663
v -78.152222 1.552383 1.460917
v -75.574463 0.634693 1.030298
v -76.242294 0.652529 0.990763
v -76.253448 0.615036 0.910563
v -75.586472 0.535351 0.925905
v -75.567978 0.685070 1.025270
v -75.568481 0.694735 1.427538
v -75.574814 0.644337 1.433405
v -76.243027 0.662580 1.459848
v -75.467255 0.616646 1.037722
v -75.478714 0.512737 0.928537
v -75.567978 0.685070 0.777224
v -75.556000 0.792910 0.893839
v -75.453674 0.641920 0.906023
v -75.460953 0.670231 0.772043
v -75.449524 0.782639 0.894030
v -75.460953 0.670231 1.032183
v -75.467255 0.616646 0.776781
v -75.574463 0.634691 0.781549
v -75.574463 0.634693 0.372606
v -76.242142 0.652493 0.335352
v -76.253448 0.615036 0.244257
v -75.586472 0.535351 0.250536
v -75.567978 0.685070 0.369432
v -76.242142 0.652493 0.809542
v -75.467255 0.616646 0.379503
v -75.478714 0.512737 0.251581
v -75.567978 0.685070 0.121393
v -75.556000 0.792910 0.241518
v -75.453674 0.641920 0.248789
v -75.460953 0.670231 0.115862
v -75.449524 0.782639 0.241655
v -75.460953 0.670231 0.375994
v -75.467255 0.616646 0.118563
v -75.574463 0.634691 0.123857
v -76.242142 0.652493 0.154146
v -78.743500 1.900742 0.163492
v -79.311508 2.279522 0.163492
v -79.848434 2.702637 0.163492
v -78.705826 1.979568 0.256662
v -78.743500 1.900742 0.346560
v -78.743500 1.900742 0.825624
v -79.269012 2.355106 0.256662
v -79.311508 2.279522 0.346560
v -79.311508 2.279522 0.825624
v -79.801346 2.774601 0.256662
v -79.848434 2.702637 0.346560
v -79.809860 2.718874 0.844294
v -78.705826 1.979568 0.919130
v -78.743500 1.900742 1.008707
v -78.741913 1.910875 1.464334
v -79.269012 2.355106 0.919130
v -79.311508 2.279522 1.008707
v -79.314133 2.271746 1.382624
v -79.647614 2.556223 1.021669
v -80.343369 3.176289 0.146646
v -80.459427 3.321117 0.140894
v -80.315933 3.231311 0.298967
v -80.269135 3.098442 0.351824
v -76.873306 1.097649 1.534693
v -76.223557 0.908857 1.538515
v -76.895721 1.009020 1.632547
v -76.239883 0.820438 1.638559
v -76.243652 0.856405 2.117815
v -76.902054 1.035326 2.111864
v -77.507797 1.342846 1.537310
v -77.536301 1.254541 1.633219
v -77.545929 1.271414 2.112535
v -78.122833 1.642794 1.549784
v -78.157440 1.555338 1.644053
v -78.165558 1.574396 2.106005
v -76.883759 1.134489 2.197947
v -76.230499 0.958956 2.201723
v -76.904465 1.045378 2.295031
v -76.245056 0.870152 2.300974
v -76.248825 0.906120 2.780237
v -76.910797 1.071682 2.774347
v -77.522766 1.366751 2.200541
v -77.549622 1.277863 2.295702
v -77.554962 1.306263 2.757532
v -78.143326 1.654161 2.212870
v -78.176285 1.566031 2.306406
v -78.189026 1.554508 2.613169
v -76.894333 1.173061 2.861086
v -76.237442 1.011832 2.864954
v -76.913376 1.086385 2.957323
v -76.249985 0.927199 2.963655
v -76.253418 0.984589 3.436602
v -76.917419 1.137792 3.411409
v -77.537903 1.391565 2.863619
v -77.563232 1.303481 2.957834
v -77.570129 1.303750 3.272684
v -77.845657 1.441773 2.979372
v -75.578918 0.807445 3.009691
v -76.252167 0.783088 2.968515
v -76.261490 0.734483 2.883226
v -75.586563 0.689127 2.899782
v -75.575104 0.857819 3.003633
v -75.575928 0.921949 3.409983
v -75.578583 0.871456 3.416605
v -76.253311 0.840358 3.442949
v -75.470703 0.796560 3.017527
v -75.477737 0.672119 2.902643
v -75.574768 0.821501 2.752237
v -75.567917 0.946033 2.867746
v -75.458740 0.800993 2.883562
v -75.467133 0.810766 2.747263
v -75.460968 0.941046 2.867983
v -75.467270 0.850077 3.010859
v -75.471329 0.756907 2.753565
v -75.579254 0.770836 2.757975
v -75.577881 0.731508 2.346178
v -76.248535 0.725916 2.305361
v -76.258331 0.681667 2.222269
v -75.587021 0.620550 2.239359
v -75.572800 0.782089 2.340403
v -76.251617 0.761816 2.784586
v -75.470169 0.717411 2.353861
v -75.478714 0.600945 2.242258
v -75.571594 0.758118 2.089891
v -75.562866 0.878408 2.204119
v -75.456833 0.730209 2.220781
v -75.464264 0.745197 2.084917
v -75.456131 0.871063 2.204279
v -75.465393 0.771191 2.347513
v -75.469421 0.691467 2.091303
v -75.577072 0.707586 2.095690
v -75.575668 0.668259 1.683886
v -76.244202 0.676300 1.642984
v -76.254700 0.632269 1.559763
v -75.586624 0.557520 1.576929
v -75.569641 0.718706 1.678041
v -76.247330 0.712198 2.122217
v -75.468262 0.651970 1.691576
v -75.478714 0.535711 1.579851
v -75.557785 0.814686 1.540644
v -75.454498 0.664492 1.558474
v -75.461380 0.679628 1.422571
v -75.451187 0.805159 1.540751
v -75.462509 0.705624 1.685160
v -75.467529 0.626026 1.429018
v -78.714966 1.979568 1.573114
v -78.755402 1.900742 1.664248
v -78.770706 1.888275 1.992624
v -79.050079 2.111090 1.679895
v -78.453140 1.738640 2.333735
v -76.906738 1.229700 3.514948
v -76.245285 1.091953 3.519869
v -76.923248 1.142292 3.611940
v -76.254929 1.006802 3.619661
v -76.257919 1.075613 4.079859
v -76.928497 1.158437 3.959253
v -77.243347 1.253145 3.622667
v -76.262009 1.126661 4.674372
v -76.261383 1.087043 4.280809
v -76.618988 1.160103 4.291613
v -75.581207 1.000583 4.884386
v -75.586151 1.120033 4.989374
v -75.992996 1.118952 4.963007
v -76.078522 1.049802 4.870127
v -75.588455 1.185330 5.398180
v -75.588058 1.170871 4.980501
v -75.594818 1.236176 5.392229
v -75.476746 1.120863 4.997370
v -75.470215 0.995336 4.887964
v -75.466202 1.126696 4.863474
v -75.476547 1.131800 4.726908
v -75.484665 1.266578 4.839800
v -75.479538 1.174807 4.987589
v -75.585175 1.131324 4.731691
v -75.591736 1.259968 4.840029
v -75.474579 1.077895 4.736269
v -75.584000 1.080529 4.740206
v -75.581284 1.015560 4.329782
v -76.257462 0.942688 4.289804
v -76.264099 0.893058 4.202898
v -75.580566 0.895964 4.220163
v -75.581223 1.066273 4.321863
v -76.265381 1.001872 4.654024
v -75.472061 1.012461 4.337923
v -75.470093 0.886729 4.223551
v -75.579269 1.026688 4.072107
v -76.254715 1.173005 4.182688
v -75.581329 1.155775 4.186937
v -75.460999 1.017841 4.204020
v -75.470810 1.023252 4.067430
v -75.474136 1.158560 4.187273
v -75.472763 1.066294 4.329187
v -75.470932 0.969470 4.075747
v -75.580063 0.976027 4.079660
v -75.578857 0.911016 3.667681
v -76.254028 0.862540 3.626589
v -76.262070 0.813952 3.544840
v -75.582306 0.793010 3.564119
v -75.576935 0.961573 3.660700
v -76.256378 0.920542 4.106569
v -75.470032 0.904000 3.675768
v -75.472534 0.779953 3.567659
v -75.573303 1.050145 3.523325
v -75.458511 0.908913 3.541849
v -75.467789 0.914610 3.405230
v -75.466141 1.048991 3.523592
v -75.468689 0.957691 3.668077
v -75.469986 0.860984 3.412500
v -75.999603 1.168546 4.956690
v -76.109711 1.255089 4.839899
v -76.187210 1.143834 4.754930
v -76.724792 1.264801 4.179659
v -76.812912 1.166819 4.083521
v -77.345749 1.375371 3.514696
v -77.433060 1.290234 3.419596
v -77.951523 1.587833 2.868402
v -78.040070 1.515476 2.772158
v -78.551620 1.874130 2.231188
v -78.642975 1.837194 2.132570
v -79.144562 2.276257 1.574274
v -79.232437 2.229788 1.474627
v -75.974014 1.164865 5.402063
v -75.964996 1.114135 5.403246
v -80.458374 1.550209 2.639589
v -80.898285 1.550209 2.640932
v -80.898590 1.243349 3.307489
v -80.459259 1.243351 3.306131
v -80.898041 0.991575 3.995523
v -80.457642 0.991577 3.994181
v -80.896973 0.796583 4.700525
v -80.454575 0.796585 4.699167
v -80.373154 1.085056 4.017664
v -80.369858 0.891733 4.716631
v -80.285233 0.796585 4.699167
v -80.289581 0.991577 3.994181
v -80.374557 1.334677 3.335512
v -80.291840 1.243351 3.306131
v -80.372757 1.638908 2.674685
v -80.290588 1.550209 2.639582
v -79.851196 1.550209 2.639582
v -79.852783 1.243353 3.306131
v -79.849899 0.991577 3.994181
v -79.844315 0.796585 4.699167
v -79.768860 1.085058 4.017664
v -79.764236 0.891733 4.716631
v -79.675827 0.796585 4.699167
v -79.681854 0.991577 3.994181
v -79.770767 1.334677 3.335520
v -79.684998 1.243351 3.306131
v -79.768234 1.638908 2.674685
v -79.683258 1.550209 2.639582
v -79.867432 0.634691 5.413652
v -79.841431 0.652493 4.694063
v -79.750977 0.615036 4.681864
v -79.739075 0.535351 5.400743
v -79.672714 0.652529 4.693911
v -79.636047 0.634693 5.413652
v -79.871948 0.616646 5.529222
v -79.737167 0.512737 5.516878
v -79.629288 0.616646 5.529222
v -79.640015 0.685070 5.420641
v -79.761124 0.792910 5.433542
v -79.751434 0.641920 5.543848
v -79.633636 0.670231 5.535997
v -79.760849 0.782639 5.548342
v -79.870987 0.685070 5.420641
v -79.875809 0.670231 5.535997
v -80.481247 0.634691 5.413652
v -80.452972 0.652493 4.694063
v -80.362549 0.615036 4.681864
v -80.353912 0.535351 5.400743
v -80.282974 0.652493 4.694063
v -80.247818 0.634693 5.413652
v -80.484070 0.616646 5.529222
v -80.352509 0.512737 5.516878
v -80.241379 0.616646 5.529222
v -80.250732 0.685070 5.420641
v -80.366623 0.792910 5.433542
v -80.362961 0.641920 5.543848
v -80.366226 0.782639 5.548342
v -80.486740 0.670231 5.535997
v -80.244553 0.670231 5.535997
v -80.483185 0.685070 5.420641
v -80.865112 0.685070 5.421991
v -80.864334 0.634693 5.414995
v -80.896423 0.652493 4.695406
v -80.445282 2.702637 0.807337
v -80.893768 2.702637 0.808687
v -80.894043 2.279522 1.387346
v -80.445984 2.279522 1.386003
v -80.896851 1.900742 1.999559
v -80.454163 1.900742 1.998224
v -80.366592 1.979568 2.038797
v -80.284637 1.900742 1.998224
v -80.355194 2.355106 1.431826
v -80.273026 2.279522 1.386003
v -80.353088 2.774601 0.858110
v -80.272079 2.702637 0.807337
v -79.828827 2.279522 1.386003
v -79.843597 1.900742 1.998224
v -79.759628 1.979568 2.038797
v -79.675079 1.900742 1.998224
v -79.743744 2.355106 1.431826
v -79.659073 2.279522 1.386003
v -80.893768 3.167885 0.266497
v -80.453110 3.172087 0.269556
v -79.249878 1.550209 2.639597
v -79.251938 1.243351 3.306131
v -79.248215 0.991577 3.994181
v -79.240982 0.796585 4.699167
v -79.169952 1.085056 4.017664
v -79.164047 0.891733 4.716631
v -79.072495 0.796583 4.699167
v -79.080154 0.991575 3.994181
v -79.172455 1.334677 3.335520
v -79.084152 1.243349 3.306131
v -79.169174 1.638908 2.674685
v -79.081940 1.550209 2.639597
v -78.657944 1.563734 2.643328
v -78.644226 1.247402 3.304361
v -78.639740 0.997049 3.993029
v -78.631073 0.803514 4.698496
v -78.560944 1.097658 4.014528
v -78.554062 0.907633 4.714579
v -78.461227 0.821077 4.696795
v -78.469864 1.010920 3.990114
v -78.563858 1.344061 3.330965
v -78.474380 1.257668 3.299875
v -78.560043 1.645174 2.668383
v -78.471924 1.559656 2.630587
v -78.046524 1.297311 3.292757
v -78.025543 1.051908 3.982378
v -78.016251 0.874952 4.692812
v -77.946472 1.155371 4.001421
v -77.938950 0.983064 4.706469
v -77.846054 0.900175 4.691439
v -77.855835 1.070541 3.979288
v -77.949432 1.384736 3.312143
v -77.860596 1.298594 3.283075
v -78.034180 0.726001 5.412188
v -78.011200 0.730941 4.689455
v -77.918976 0.706327 4.678232
v -77.900833 0.649594 5.403254
v -77.840469 0.756153 4.688753
v -77.800247 0.769629 5.412790
v -78.037994 0.709729 5.528292
v -77.897766 0.630745 5.520350
v -77.792633 0.757002 5.529268
v -77.806503 0.819895 5.417620
v -77.934052 0.905919 5.426836
v -77.917282 0.759111 5.542551
v -77.933563 0.899116 5.542017
v -78.044479 0.763064 5.533564
v -77.799500 0.810417 5.533678
v -78.040131 0.776188 5.417757
v -78.649811 0.639181 5.413500
v -78.626572 0.659414 4.693506
v -78.531296 0.631372 4.680750
v -78.512909 0.555557 5.400621
v -78.456696 0.676949 4.692095
v -78.417465 0.668324 5.412516
v -78.653732 0.620539 5.529116
v -78.509903 0.533581 5.516878
v -78.410187 0.651957 5.528231
v -78.423111 0.718760 5.419031
v -78.550140 0.812231 5.432047
v -78.533768 0.661739 5.543154
v -78.549789 0.802505 5.546900
v -78.659912 0.674129 5.535830
v -78.416367 0.705597 5.534494
v -78.655487 0.689568 5.420427
v -79.261734 0.634691 5.413652
v -79.237259 0.652493 4.694063
v -79.147751 0.615034 4.681864
v -79.133575 0.535351 5.400743
v -79.068527 0.652493 4.694063
v -79.030350 0.634693 5.413652
v -79.265945 0.616646 5.529222
v -79.131317 0.512737 5.516878
v -79.023270 0.616646 5.529222
v -79.035416 0.685070 5.420641
v -79.160904 0.792910 5.433542
v -79.145981 0.641920 5.543848
v -79.160660 0.782639 5.548342
v -79.271027 0.670231 5.535997
v -79.028793 0.670231 5.535997
v -79.266403 0.685070 5.420641
v -79.255936 1.910875 2.004717
v -79.158142 1.979568 2.038797
v -79.071518 1.900742 1.998224
v -77.434952 1.129262 3.974459
v -77.407410 0.965199 4.687319
v -77.340103 1.222640 3.987108
v -77.331573 1.073791 4.697412
v -77.237717 0.990368 4.685488
v -77.248810 1.137059 3.967691
v -76.717209 1.165572 4.686556
v -76.624908 1.081288 4.677774
v -76.195740 1.070599 5.405848
v -76.176285 1.028081 4.765718
v -76.060654 0.992908 5.407084
v -76.198929 1.066033 5.523760
v -76.056778 0.985815 5.526545
v -75.957123 1.113228 5.521112
v -76.081512 1.116734 5.533075
v -76.105743 1.256577 5.515520
v -76.208481 1.119832 5.522539
v -75.967087 1.167065 5.519030
v -76.105835 1.251781 5.400034
v -76.204437 1.121284 5.405436
v -76.807831 0.955425 5.410799
v -76.785355 0.911917 4.682604
v -76.689941 0.886929 4.673479
v -76.668137 0.879073 5.408602
v -76.615555 0.937015 4.681116
v -76.576035 0.998992 5.409266
v -76.811020 0.946932 5.528315
v -76.664063 0.868119 5.527491
v -76.568008 0.994156 5.526873
v -76.584106 1.049600 5.410082
v -76.710754 1.136991 5.411768
v -76.692459 0.997211 5.539309
v -76.710083 1.137966 5.527361
v -76.819504 1.000611 5.529268
v -76.576920 1.047886 5.526972
v -76.815552 1.005977 5.412386
v -77.422668 0.840179 5.412897
v -77.400513 0.821051 4.686876
v -77.308075 0.796038 4.676706
v -77.288147 0.763403 5.407312
v -77.230240 0.846190 4.685862
v -77.189804 0.883776 5.412439
v -77.426071 0.827773 5.529825
v -77.284576 0.748442 5.525400
v -77.181885 0.875020 5.529581
v -77.196991 0.934225 5.415285
v -77.325867 1.020619 5.420786
v -77.306427 0.877606 5.542459
v -77.325317 1.017649 5.536280
v -77.433548 0.881295 5.532946
v -77.189758 0.928609 5.531855
v -77.429504 0.890562 5.416491
v -76.811295 1.066590 4.681955
v -81.066223 1.550209 2.640932
v -81.066376 1.243351 3.307489
v -81.066071 0.991577 3.995523
v -81.065475 0.796585 4.700525
v -80.978699 1.085056 4.019007
v -80.978012 0.891733 4.717981
v -80.979019 1.334677 3.336855
v -80.978607 1.638908 2.676020
v -81.091690 0.634693 5.414751
v -81.065170 0.652493 4.695406
v -80.977753 0.615034 4.683214
v -80.975250 0.535351 5.402086
v -81.101212 0.616646 5.530573
v -80.974823 0.512737 5.518236
v -80.858521 0.616646 5.530573
v -80.976074 0.792910 5.434893
v -80.979019 0.641920 5.545198
v -80.975754 0.782639 5.549685
v -81.101563 0.670231 5.537348
v -80.859360 0.670231 5.537348
v -81.096100 0.685070 5.421991
v -81.062210 2.702637 0.808428
v -81.061981 2.279522 1.387094
v -81.065399 1.900742 1.999559
v -80.977356 1.979568 2.040140
v -80.975052 2.355106 1.433168
v -80.974640 2.774601 0.859453
v -81.070038 3.172087 0.270647
v -80.974640 3.235862 0.321909
v -81.066376 1.243351 -3.354401
v -81.066223 1.550209 -2.687862
v -81.066071 0.991577 -4.042444
v -81.065475 0.796585 -4.747442
v -80.981934 1.085056 -4.065939
v -80.981277 0.891733 -4.764900
v -80.898041 0.991575 -4.042444
v -80.896973 0.796583 -4.747442
v -80.456497 0.796585 -4.746939
v -80.459579 0.991577 -4.041945
v -80.982239 1.334677 -3.383793
v -80.898590 1.243349 -3.354401
v -80.461197 1.243351 -3.353903
v -80.981827 1.638908 -2.722950
v -80.898285 1.550209 -2.687862
v -80.460312 1.550209 -2.687351
v -80.864334 0.634693 -5.461918
v -80.896423 0.652493 -4.742336
v -80.979645 0.615034 -4.730139
v -80.977905 0.535351 -5.449009
v -80.865112 0.685070 -5.468914
v -80.485138 0.685070 -5.468407
v -80.483185 0.634691 -5.461414
v -80.454910 0.652493 -4.741823
v -80.858521 0.616646 -5.577492
v -80.977631 0.512737 -5.565151
v -81.096100 0.685070 -5.468916
v -80.980682 0.792910 -5.481823
v -80.979019 0.641920 -5.592117
v -81.101563 0.670231 -5.584267
v -80.980621 0.782639 -5.596607
v -80.859360 0.670231 -5.584267
v -81.101212 0.616646 -5.577492
v -81.092682 0.634693 -5.461246
v -81.065170 0.652493 -4.742336
v -81.062958 2.279522 -1.433605
v -81.063217 2.702637 -0.854939
v -81.065399 1.900742 -2.046494
v -80.980606 1.979568 -2.087067
v -80.896851 1.900742 -2.046494
v -80.456131 1.900742 -2.045982
v -80.978317 2.355106 -1.480095
v -80.894043 2.279522 -1.434269
v -80.447937 2.279522 -1.433769
v -80.977905 2.774601 -0.906384
v -80.893768 2.702637 -0.855610
v -80.447250 2.702637 -0.855099
v -81.070999 3.172087 -0.317154
v -80.977905 3.235862 -0.368839
v -80.893768 3.167885 -0.313431
v -80.455048 3.172087 -0.317318
v -80.375565 1.085056 -4.065428
v -80.372253 0.891733 -4.764393
v -80.291519 0.991577 -4.041945
v -80.287140 0.796585 -4.746939
v -79.846283 0.796585 -4.746939
v -79.851822 0.991577 -4.041933
v -80.376968 1.334677 -3.383280
v -80.293777 1.243351 -3.353903
v -79.854721 1.243353 -3.353903
v -80.375137 1.638908 -2.722439
v -80.292542 1.550209 -2.687351
v -79.853104 1.550209 -2.687351
v -79.767960 1.085058 -4.065428
v -79.763336 0.891733 -4.764393
v -79.683807 0.991577 -4.041933
v -79.677780 0.796585 -4.746939
v -79.242950 0.796585 -4.746939
v -79.250122 0.991577 -4.041945
v -79.769913 1.334677 -3.383280
v -79.686935 1.243351 -3.353903
v -79.253891 1.243351 -3.353903
v -79.767365 1.638908 -2.722439
v -79.685226 1.550209 -2.687351
v -79.251831 1.550209 -2.687351
v -79.637970 0.634693 -5.461412
v -79.674667 0.652529 -4.741669
v -79.753189 0.615036 -4.729624
v -79.741440 0.535351 -5.448502
v -79.641968 0.685070 -5.468405
v -79.268311 0.685070 -5.468410
v -79.263687 0.634691 -5.461418
v -79.239227 0.652493 -4.741823
v -79.631210 0.616646 -5.576986
v -79.739532 0.512737 -5.564646
v -79.872955 0.685070 -5.468405
v -79.759064 0.792910 -5.481316
v -79.753387 0.641920 -5.591604
v -79.877777 0.670231 -5.583763
v -79.758514 0.782639 -5.596096
v -79.635590 0.670231 -5.583763
v -79.873901 0.616646 -5.576986
v -79.869385 0.634691 -5.461412
v -80.249771 0.634693 -5.461412
v -80.284882 0.652493 -4.741823
v -80.365723 0.615036 -4.729635
v -80.357574 0.535351 -5.448502
v -80.252655 0.685070 -5.468405
v -79.843369 0.652493 -4.741823
v -80.243317 0.616646 -5.576986
v -80.356277 0.512737 -5.564646
v -80.369186 0.792910 -5.481316
v -80.364914 0.641920 -5.591604
v -80.488693 0.670231 -5.583763
v -80.368835 0.782639 -5.596096
v -80.246506 0.670231 -5.583763
v -80.485977 0.616646 -5.576986
v -80.368988 1.979568 -2.086555
v -80.286591 1.900742 -2.045982
v -79.845566 1.900742 -2.045982
v -80.357635 2.355106 -1.479591
v -80.275040 2.279522 -1.433769
v -79.830811 2.279522 -1.433769
v -80.355515 2.774601 -0.905872
v -80.274033 2.702637 -0.855099
v -79.811691 2.718384 -0.897240
v -79.758743 1.979568 -2.086555
v -79.677032 1.900742 -2.045982
v -79.257889 1.910875 -2.052483
v -79.742874 2.355106 -1.479591
v -79.661057 2.279522 -1.433769
v -79.314255 2.271746 -1.432491
v -79.647614 2.556223 -1.071529
v -80.460327 3.317977 -0.187180
v -80.317337 3.231311 -0.351013
v -80.269135 3.098442 -0.401695
v -79.170181 1.085056 -4.065428
v -79.164276 0.891733 -4.764393
v -79.082092 0.991575 -4.041945
v -79.074448 0.796583 -4.746939
v -78.633026 0.803314 -4.746288
v -78.641663 0.996893 -4.040827
v -79.172668 1.334677 -3.383280
v -79.086060 1.243349 -3.353903
v -78.646194 1.247288 -3.352179
v -79.169403 1.638908 -2.722439
v -79.083893 1.550209 -2.687351
v -78.659958 1.563656 -2.691162
v -78.558731 1.097845 -4.062250
v -78.551849 0.907867 -4.762320
v -78.471848 1.010765 -4.037920
v -78.463181 0.820881 -4.744581
v -78.018204 0.874879 -4.740612
v -78.027512 1.051899 -4.030170
v -78.561661 1.344202 -3.378664
v -78.476364 1.257555 -3.347692
v -78.048523 1.297350 -3.340548
v -78.557846 1.645269 -2.716049
v -78.473877 1.559584 -2.678429
v -78.189087 1.554556 -2.663033
v -77.945145 1.155828 -4.049133
v -77.937561 0.983583 -4.754217
v -77.857819 1.070731 -4.027069
v -77.847977 0.900300 -4.739252
v -77.409363 0.965836 -4.735126
v -77.436951 1.129947 -4.022223
v -77.948105 1.385139 -3.359798
v -77.862625 1.298855 -3.330843
v -77.570297 1.304598 -3.322451
v -77.845825 1.442265 -3.029148
v -77.802170 0.769727 -5.460600
v -77.842392 0.756283 -4.736559
v -77.918839 0.706673 -4.726038
v -77.899811 0.650124 -5.451075
v -77.808441 0.819986 -5.465418
v -77.431412 0.891092 -5.464338
v -77.424545 0.840718 -5.460752
v -77.402390 0.821694 -4.734735
v -77.794556 0.757096 -5.577078
v -77.896591 0.631312 -5.568186
v -78.042084 0.776007 -5.465544
v -77.931229 0.906766 -5.474596
v -77.919174 0.759063 -5.590353
v -78.046432 0.762866 -5.581345
v -77.930466 0.900030 -5.589767
v -77.801437 0.810504 -5.581486
v -78.039948 0.709539 -5.576073
v -78.036133 0.725828 -5.459959
v -78.419418 0.668085 -5.460278
v -78.458664 0.676754 -4.739868
v -78.532959 0.631205 -4.728537
v -78.514420 0.555368 -5.448376
v -78.425079 0.718519 -5.466806
v -78.013107 0.730872 -4.737242
v -78.412140 0.651711 -5.576004
v -78.511414 0.533390 -5.564646
v -78.657440 0.689323 -5.468203
v -78.546112 0.812737 -5.479776
v -78.535721 0.661491 -5.590923
v -78.661865 0.673878 -5.583605
v -78.545486 0.803070 -5.594614
v -78.418320 0.705351 -5.582272
v -78.655685 0.620287 -5.576885
v -78.651764 0.638937 -5.461269
v -79.032303 0.634693 -5.461412
v -79.070480 0.652493 -4.741823
v -79.149811 0.615034 -4.729635
v -79.135696 0.535351 -5.448502
v -79.037354 0.685070 -5.468405
v -78.628540 0.659214 -4.741280
v -79.025223 0.616646 -5.576986
v -79.133377 0.512737 -5.564646
v -79.160385 0.792910 -5.481316
v -79.147949 0.641920 -5.591610
v -79.272964 0.670231 -5.583763
v -79.159973 0.782639 -5.596096
v -79.030746 0.670231 -5.583763
v -79.267914 0.616646 -5.576986
v -79.158401 1.979568 -2.086555
v -79.073502 1.900742 -2.045982
v -78.770798 1.888275 -2.042496
v -79.050186 2.111090 -1.729763
v -78.453232 1.738663 -2.383595
v -77.339691 1.223707 -4.034763
v -77.331100 1.074886 -4.745163
v -77.250824 1.137961 -4.015434
v -77.239624 0.991205 -4.733294
v -76.813263 1.067925 -4.729740
v -76.928619 1.160108 -4.009014
v -77.243561 1.254411 -3.672401
v -76.262070 1.129189 -4.724173
v -76.626846 1.082843 -4.725554
v -76.619156 1.162169 -4.341383
v -76.057846 0.995905 -5.454971
v -75.966919 1.116383 -5.451046
v -75.993027 1.121825 -5.012859
v -76.070480 1.051383 -4.921021
v -75.588547 1.188720 -5.447989
v -75.976059 1.167103 -5.449816
v -75.594955 1.239567 -5.441963
v -75.959045 1.115471 -5.568933
v -76.053711 0.988879 -5.574463
v -76.083450 1.118829 -5.580873
v -76.210434 1.121778 -5.570330
v -76.108276 1.258566 -5.563185
v -75.969070 1.169301 -5.566784
v -76.206390 1.123252 -5.453213
v -76.108383 1.253788 -5.447706
v -76.200867 1.067985 -5.571608
v -76.197662 1.072572 -5.453678
v -76.577850 1.000525 -5.457111
v -76.617432 0.938572 -4.728992
v -76.690674 0.888563 -4.721388
v -76.668365 0.880779 -5.456528
v -76.586044 1.051120 -5.457911
v -76.569885 0.995679 -5.574741
v -76.664230 0.869839 -5.575438
v -76.817490 1.007225 -5.460222
v -76.719315 1.167011 -4.734272
v -76.712830 1.138350 -5.459528
v -76.694351 0.998586 -5.587156
v -76.821396 1.001843 -5.577108
v -76.712219 1.139304 -5.575109
v -76.578827 1.049402 -5.574793
v -76.812881 0.948170 -5.576189
v -76.809692 0.956681 -5.458660
v -76.265305 1.004387 -4.703959
v -77.191681 0.884583 -5.460299
v -77.232132 0.847031 -4.733734
v -77.306381 0.797316 -4.724585
v -77.284866 0.765047 -5.455221
v -77.198883 0.935026 -5.463118
v -76.787186 0.913280 -4.730478
v -77.183746 0.875825 -5.577457
v -77.281036 0.750161 -5.573332
v -77.324310 1.021943 -5.468548
v -77.308304 0.878266 -5.590315
v -77.435471 0.881807 -5.580780
v -77.323547 1.019016 -5.584030
v -77.191650 0.929407 -5.579697
v -77.427948 0.828294 -5.577669
v -75.999725 1.171412 -5.006475
v -76.110291 1.257765 -4.889174
v -76.187332 1.146457 -4.804726
v -76.725082 1.266741 -4.229239
v -76.813034 1.168636 -4.133268
v -77.343155 1.375984 -3.567419
v -77.433273 1.291257 -3.469347
v -77.947845 1.586814 -2.922276
v -78.040161 1.515597 -2.822006
v -78.547256 1.888691 -2.286198
v -78.643082 1.837200 -2.182438
v -79.142776 2.275030 -1.626278
v -79.232574 2.229788 -1.524494
v -75.586258 1.174919 -5.032352
v -75.584274 1.124081 -5.041311
v -78.146439 1.550209 -0.206505
v -77.527985 1.243351 -0.201725
v -76.889587 0.991577 -0.201439
v -76.235474 0.796585 -0.204102
v -76.867783 1.085056 -0.292027
v -76.219284 0.891733 -0.293888
v -76.235474 0.796585 -0.384922
v -76.889587 0.991577 -0.381733
v -77.500702 1.334677 -0.293293
v -77.527985 1.243351 -0.382084
v -78.113892 1.638908 -0.299347
v -78.146439 1.550209 -0.387802
v -78.146439 1.550209 -0.862217
v -77.527985 1.243353 -0.854023
v -76.889587 0.991577 -0.853527
v -76.235474 0.796585 -0.858089
v -76.867783 1.085058 -0.943306
v -76.219284 0.891733 -0.946388
v -76.235474 0.796585 -1.038914
v -76.889587 0.991577 -1.033821
v -77.500702 1.334677 -0.945396
v -77.527985 1.243351 -1.034378
v -78.113892 1.638908 -0.955402
v -78.146439 1.550209 -1.043518
v -75.572510 0.634691 -0.833477
v -76.240189 0.652493 -0.861458
v -76.251511 0.615036 -0.956787
v -75.584503 0.535351 -0.969715
v -76.240341 0.652529 -1.042667
v -75.572510 0.634693 -1.082222
v -75.465302 0.616646 -0.828712
v -75.476746 0.512737 -0.971916
v -75.465302 0.616646 -1.089661
v -75.566055 0.685070 -1.077183
v -75.554062 0.792910 -0.950062
v -75.451736 0.641920 -0.957951
v -75.447571 0.782639 -0.950489
v -75.459015 0.670231 -0.823959
v -75.459015 0.670231 -1.084103
v -75.566055 0.685070 -0.829132
v -75.572510 0.634691 -0.175789
v -76.240189 0.652493 -0.206059
v -76.251511 0.615036 -0.301357
v -75.584503 0.535351 -0.309921
v -76.240189 0.652493 -0.387268
v -75.572510 0.634693 -0.424541
v -75.465302 0.616646 -0.170498
v -75.476746 0.512737 -0.311382
v -75.465302 0.616646 -0.431442
v -75.566055 0.685070 -0.421352
v -75.554062 0.792910 -0.296337
v -75.451736 0.641920 -0.300720
v -75.459015 0.670231 -0.427917
v -75.447571 0.782639 -0.296638
v -75.566055 0.685070 -0.173298
v -75.459015 0.670231 -0.167778
v -79.846481 2.702637 -0.215458
v -79.309586 2.279522 -0.215458
v -78.741547 1.900742 -0.215458
v -78.703918 1.979568 -0.310738
v -78.741547 1.900742 -0.398537
v -79.267059 2.355106 -0.310738
v -79.309586 2.279522 -0.398537
v -79.799377 2.774601 -0.310738
v -79.846481 2.702637 -0.398537
v -79.309586 2.279522 -0.877598
v -78.741547 1.900742 -0.877598
v -78.703918 1.979568 -0.974209
v -78.741547 1.900742 -1.060677
v -79.267059 2.355106 -0.974209
v -79.309586 2.279522 -1.060677
v -80.341400 3.176289 -0.198616
v -78.150406 1.552473 -1.512814
v -77.530807 1.248280 -1.501976
v -76.891449 0.999254 -1.501316
v -76.236572 0.807079 -1.507351
v -76.871475 1.098049 -1.588509
v -76.221695 0.909395 -1.592350
v -76.237976 0.820837 -1.690510
v -76.893860 1.009317 -1.684490
v -77.505981 1.343111 -1.591110
v -77.534470 1.254738 -1.685146
v -78.121124 1.642925 -1.603558
v -78.155640 1.555439 -1.695950
v -78.163773 1.574524 -2.157894
v -77.544083 1.271639 -2.164455
v -76.900146 1.035650 -2.163799
v -76.241714 0.856834 -2.169777
v -76.881958 1.135075 -2.254387
v -76.228653 0.959730 -2.258183
v -76.243149 0.870590 -2.352932
v -76.902573 1.045713 -2.346973
v -77.521057 1.367147 -2.256962
v -77.547775 1.278097 -2.347626
v -78.141663 1.654381 -2.269272
v -78.174530 1.566172 -2.358311
v -77.553116 1.306587 -2.809452
v -76.908905 1.072683 -2.826263
v -76.246872 0.907825 -2.832249
v -76.892639 1.175366 -2.916473
v -76.235611 1.015183 -2.920479
v -76.247986 0.930102 -3.015690
v -76.911560 1.088362 -3.009193
v -77.536316 1.392846 -2.918972
v -77.561523 1.304549 -3.009644
v -75.577301 0.771676 -2.809975
v -76.249527 0.763721 -2.836708
v -76.259277 0.737108 -2.933411
v -75.584183 0.692485 -2.949272
v -76.250015 0.785988 -3.020725
v -75.576675 0.811288 -3.061951
v -75.469360 0.757492 -2.805542
v -75.475281 0.675586 -2.952011
v -75.468414 0.800554 -3.069820
v -75.572922 0.861668 -3.055819
v -75.565948 0.950695 -2.924915
v -75.456467 0.804994 -2.935848
v -75.458984 0.945934 -2.925442
v -75.465195 0.811352 -2.799229
v -75.465088 0.854079 -3.063063
v -75.572861 0.822069 -2.804203
v -75.575119 0.708115 -2.147652
v -76.245407 0.712626 -2.174175
v -76.256409 0.681862 -2.271072
v -75.585068 0.620657 -2.286823
v -76.246567 0.726357 -2.357315
v -75.575974 0.732052 -2.398140
v -75.467453 0.692011 -2.143265
v -75.476746 0.601028 -2.289494
v -75.468231 0.717972 -2.405815
v -75.570892 0.782633 -2.392357
v -75.561050 0.879564 -2.262497
v -75.454926 0.730764 -2.272736
v -75.454269 0.872292 -2.262993
v -75.462341 0.745743 -2.136887
v -75.463470 0.771753 -2.399460
v -75.569687 0.758646 -2.141846
v -75.572876 0.644823 -1.485355
v -76.241089 0.662970 -1.511806
v -76.252777 0.632242 -1.606125
v -75.584656 0.557259 -1.620937
v -76.242294 0.676699 -1.694946
v -75.573715 0.668762 -1.735840
v -75.465576 0.626532 -1.480991
v -75.476746 0.535398 -1.623436
v -75.466324 0.652491 -1.743538
v -75.567749 0.719210 -1.730003
v -75.555878 0.815445 -1.595284
v -75.452560 0.665007 -1.610428
v -75.460571 0.706144 -1.737114
v -75.449295 0.805954 -1.595531
v -75.566528 0.695225 -1.479488
v -75.459442 0.680136 -1.474541
v -78.740128 1.910875 -1.516304
v -78.713303 1.979568 -1.626965
v -78.753647 1.900742 -1.716225
v -76.915634 1.139812 -3.463247
v -76.251480 0.987538 -3.488594
v -76.905121 1.231978 -3.569363
v -76.243530 1.095249 -3.574383
v -76.252991 1.009768 -3.671625
v -76.921478 1.144323 -3.663771
v -76.253006 1.176026 -4.234413
v -76.259491 1.090074 -4.332699
v -75.582077 1.084548 -4.792181
v -76.176254 1.030711 -4.815645
v -75.579102 1.005401 -4.941469
v -75.472595 1.082068 -4.788250
v -75.468094 1.000379 -4.945353
v -75.474823 1.125064 -5.049316
v -75.464325 1.130897 -4.915396
v -75.483032 1.270681 -4.890955
v -75.474655 1.135974 -4.778788
v -75.477722 1.179009 -5.039438
v -75.590088 1.263926 -4.891222
v -75.583328 1.135346 -4.783588
v -75.578003 0.979981 -4.131760
v -76.254303 0.923551 -4.158665
v -76.262024 0.896852 -4.261581
v -75.578339 0.901393 -4.281715
v -76.255432 0.945716 -4.341877
v -75.579239 1.019540 -4.381838
v -75.468842 0.973576 -4.127859
v -75.467819 0.892445 -4.285627
v -75.470032 1.016593 -4.389990
v -75.579315 1.070254 -4.373833
v -75.579590 1.159733 -4.238642
v -75.459015 1.021975 -4.256079
v -75.472351 1.162668 -4.238955
v -75.468842 1.027359 -4.119444
v -75.470795 1.070430 -4.381161
v -75.577347 1.030643 -4.124111
v -75.576416 0.875342 -3.468809
v -76.251205 0.843305 -3.495117
v -76.259933 0.816440 -3.593250
v -75.580032 0.796055 -3.611061
v -76.251892 0.865504 -3.678726
v -75.576721 0.914928 -3.719845
v -75.467789 0.865022 -3.464743
v -75.470245 0.783071 -3.614367
v -75.467880 0.908064 -3.727945
v -75.574875 0.965488 -3.712784
v -75.571487 1.054656 -3.579023
v -75.456406 0.912978 -3.594021
v -75.464310 1.053709 -3.579498
v -75.465683 0.918653 -3.457369
v -75.466599 0.961759 -3.720165
v -75.573853 0.925839 -3.462107
v -76.256058 1.078627 -4.131769
v -85.711777 0.796585 -0.249073
v -85.057648 0.991577 -0.246433
v -84.419250 1.243351 -0.246735
v -83.800797 1.550209 -0.201542
v -85.079453 1.085056 -0.285027
v -85.727997 0.891733 -0.286873
v -85.057648 0.991577 -0.376781
v -85.711777 0.796585 -0.379940
v -85.711777 0.796585 -0.853119
v -85.057648 0.991577 -0.848576
v -84.446472 1.334677 -0.286293
v -84.419250 1.243351 -0.377136
v -84.419250 1.243353 -0.849083
v -83.833328 1.638908 -0.292316
v -83.800797 1.550209 -0.382839
v -83.800797 1.550209 -0.857269
v -85.079453 1.085058 -0.935337
v -85.727951 0.891733 -0.938393
v -85.057648 0.991577 -1.028873
v -85.711777 0.796585 -1.033943
v -85.710724 0.806692 -1.502319
v -85.055893 0.998968 -1.496296
v -84.446472 1.334677 -0.937435
v -84.419250 1.243351 -1.029449
v -84.416565 1.248093 -1.496971
v -83.833328 1.638908 -0.947403
v -83.800797 1.550209 -1.038578
v -83.796921 1.552383 -1.507835
v -86.374695 0.634693 -1.077225
v -85.706879 0.652529 -1.037678
v -85.695694 0.615036 -0.957481
v -86.362732 0.535351 -0.972828
v -86.381165 0.685070 -1.072197
v -86.380722 0.694735 -1.474457
v -86.374344 0.644337 -1.480324
v -85.706146 0.662580 -1.506763
v -86.481934 0.616646 -1.084648
v -86.470490 0.512737 -0.975460
v -86.381165 0.685070 -0.824150
v -86.393173 0.792910 -0.940765
v -86.495499 0.641920 -0.952950
v -86.488220 0.670231 -0.818966
v -86.499680 0.782639 -0.940956
v -86.488220 0.670231 -1.079102
v -86.481934 0.616646 -0.823704
v -86.374695 0.634691 -0.828472
v -86.374695 0.634693 -0.419529
v -85.707031 0.652493 -0.382278
v -85.695694 0.615036 -0.291180
v -86.362732 0.535351 -0.297466
v -86.381165 0.685070 -0.416355
v -85.707031 0.652493 -0.856468
v -86.481934 0.616646 -0.426426
v -86.470490 0.512737 -0.298504
v -86.381165 0.685070 -0.218254
v -86.393173 0.792910 -0.288441
v -86.495499 0.641920 -0.295708
v -86.488220 0.670231 -0.212734
v -86.499680 0.782639 -0.288578
v -86.488220 0.670231 -0.422920
v -86.481934 0.616646 -0.215435
v -86.374695 0.634691 -0.220730
v -85.707031 0.652493 -0.251019
v -83.205704 1.900742 -0.210415
v -82.637665 2.279522 -0.210415
v -82.100754 2.702637 -0.210415
v -83.243332 1.979568 -0.303585
v -83.205704 1.900742 -0.393482
v -83.205704 1.900742 -0.872547
v -82.680161 2.355106 -0.303585
v -82.637665 2.279522 -0.393482
v -82.637665 2.279522 -0.872547
v -82.147827 2.774601 -0.303585
v -82.100754 2.702637 -0.393482
v -82.139297 2.718874 -0.891209
v -83.243332 1.979568 -0.966057
v -83.205704 1.900742 -1.055626
v -83.207260 1.910875 -1.511253
v -82.680161 2.355106 -0.966057
v -82.637665 2.279522 -1.055626
v -82.635025 2.271746 -1.429546
v -82.301559 2.556223 -1.068588
v -81.605835 3.176289 -0.193573
v -81.481354 3.322301 -0.184612
v -81.633240 3.231311 -0.345890
v -81.680038 3.098442 -0.398754
v -85.075882 1.097649 -1.581612
v -85.725632 0.908857 -1.585434
v -85.053452 1.009020 -1.679466
v -85.709259 0.820438 -1.685471
v -85.705536 0.856405 -2.164742
v -85.047150 1.035326 -2.158779
v -84.441406 1.342846 -1.584232
v -84.412872 1.254541 -1.680141
v -84.403229 1.271414 -2.159451
v -83.826340 1.642794 -1.596703
v -83.791748 1.555338 -1.690971
v -83.783615 1.574396 -2.152920
v -85.065430 1.134489 -2.244865
v -85.718704 0.958956 -2.248650
v -85.044739 1.045378 -2.341953
v -85.704117 0.870152 -2.347897
v -85.700378 0.907136 -2.827202
v -85.038391 1.072172 -2.821247
v -84.426376 1.366751 -2.247459
v -84.399582 1.277863 -2.342625
v -84.394226 1.306263 -2.804459
v -83.805817 1.654161 -2.259792
v -83.772858 1.566031 -2.353333
v -83.760178 1.554508 -2.660084
v -85.054718 1.174582 -2.907871
v -85.711731 1.014091 -2.911850
v -85.035736 1.087941 -3.004173
v -85.699280 0.929504 -3.010654
v -85.695801 0.987177 -3.483570
v -85.031616 1.139621 -3.458221
v -84.411118 1.392364 -2.910389
v -84.385834 1.304310 -3.004635
v -84.378860 1.304762 -3.319462
v -84.103394 1.442297 -3.026176
v -86.370544 0.810530 -3.056906
v -85.697266 0.785393 -3.015678
v -85.687988 0.736726 -2.930428
v -86.363022 0.692138 -2.947147
v -86.374313 0.860906 -3.050779
v -86.373459 0.925281 -3.457079
v -86.370850 0.874785 -3.463779
v -85.696106 0.842947 -3.490103
v -86.478806 0.799771 -3.064764
v -86.471939 0.675254 -2.950054
v -86.374435 0.821501 -2.799160
v -86.381332 0.949045 -2.914742
v -86.490753 0.804138 -2.930782
v -86.482040 0.810766 -2.794189
v -86.488297 0.944180 -2.914986
v -86.482132 0.853289 -3.058022
v -86.477875 0.756907 -2.800495
v -86.369919 0.770836 -2.804897
v -86.371323 0.731508 -2.393105
v -85.700668 0.725916 -2.352283
v -85.690842 0.681667 -2.269196
v -86.362152 0.620550 -2.286274
v -86.376343 0.782089 -2.387321
v -85.697693 0.763035 -2.831642
v -86.479019 0.717411 -2.400780
v -86.470490 0.600945 -2.289181
v -86.377579 0.758118 -2.136814
v -86.386322 0.878408 -2.251041
v -86.492340 0.730209 -2.267704
v -86.484955 0.745197 -2.131844
v -86.493042 0.871063 -2.251205
v -86.483795 0.771191 -2.394428
v -86.479782 0.691467 -2.138222
v -86.372147 0.707586 -2.142612
v -86.373535 0.668259 -1.730812
v -85.704987 0.676300 -1.689911
v -85.694443 0.632269 -1.606689
v -86.362579 0.557520 -1.623844
v -86.379517 0.718706 -1.724972
v -85.701874 0.712198 -2.169140
v -86.480911 0.651970 -1.738503
v -86.470490 0.535711 -1.626774
v -86.391449 0.814686 -1.587570
v -86.494705 0.664492 -1.605392
v -86.487793 0.679628 -1.469498
v -86.497971 0.805159 -1.587677
v -86.486664 0.705624 -1.732082
v -86.481689 0.626026 -1.475941
v -83.234238 1.979568 -1.620029
v -83.193771 1.900742 -1.711174
v -83.178528 1.888275 -2.039547
v -82.899109 2.111090 -1.726822
v -83.496033 1.738640 -2.380650
v -85.042206 1.231606 -3.561676
v -85.703827 1.094604 -3.566702
v -85.025787 1.144238 -3.658743
v -85.694275 1.009500 -3.666613
v -85.691269 1.078589 -4.126741
v -85.020538 1.160589 -4.006033
v -84.705643 1.254739 -3.669405
v -85.687119 1.129996 -4.721214
v -85.687759 1.090137 -4.327690
v -85.330048 1.162806 -4.338396
v -86.368240 1.004794 -4.931553
v -86.363068 1.124315 -5.036314
v -85.956177 1.122762 -5.009911
v -85.870758 1.053455 -4.917131
v -86.360657 1.189861 -5.445040
v -86.361069 1.175152 -5.027346
v -86.354187 1.240704 -5.438976
v -86.472473 1.125272 -5.044325
v -86.479248 0.999672 -4.935165
v -86.483002 1.131037 -4.910400
v -86.472656 1.136048 -4.773794
v -86.464203 1.270897 -4.886427
v -86.469604 1.179214 -5.034430
v -86.363953 1.135450 -4.778580
v -86.357193 1.264169 -4.886671
v -86.474701 1.082145 -4.783272
v -86.365234 1.084659 -4.787191
v -86.368057 1.019442 -4.376842
v -85.691910 0.945785 -4.336899
v -85.685333 0.896092 -4.250057
v -86.368988 0.899773 -4.267420
v -86.367996 1.070152 -4.368822
v -85.683960 1.005183 -4.701056
v -86.477264 1.016468 -4.384996
v -86.479477 0.890662 -4.270844
v -86.369949 1.030416 -4.119106
v -85.694321 1.176053 -4.229437
v -86.367706 1.159579 -4.233715
v -86.488297 1.021782 -4.251076
v -86.478439 1.027098 -4.114439
v -86.474915 1.162486 -4.234055
v -86.476456 1.070300 -4.376160
v -86.478424 0.973319 -4.122856
v -86.369278 0.979757 -4.126759
v -86.370544 0.914496 -3.714827
v -85.695389 0.865239 -3.673727
v -85.687393 0.816592 -3.592030
v -86.367294 0.796421 -3.611446
v -86.372406 0.965055 -3.707762
v -85.692993 0.923529 -4.153688
v -86.479355 0.907607 -3.722940
v -86.477081 0.783487 -3.615026
v -86.375870 1.053552 -3.570227
v -86.490875 0.912453 -3.588997
v -86.481567 0.918057 -3.452341
v -86.483032 1.052519 -3.570498
v -86.480667 0.961298 -3.715157
v -86.479446 0.864432 -3.459707
v -85.949463 1.172349 -5.003500
v -85.839188 1.258705 -4.886539
v -85.761871 1.147303 -4.801760
v -85.224152 1.267322 -4.226303
v -85.136124 1.169176 -4.130295
v -84.603210 1.376785 -3.561375
v -84.515915 1.291490 -3.466339
v -83.997574 1.588170 -2.915234
v -83.909088 1.515533 -2.819069
v -83.397552 1.874130 -2.278103
v -83.306168 1.837194 -2.179489
v -82.804611 2.276257 -1.621197
v -82.716736 2.229788 -1.521549
v -85.975067 1.168962 -5.448917
v -85.984207 1.118240 -5.450201
v -81.054550 0.796583 -4.746092
v -81.051834 0.991575 -4.041096
v -81.050430 1.243349 -3.353056
v -81.051224 1.550209 -2.686516
v -81.490646 1.550209 -2.686504
v -81.489532 1.243351 -3.353056
v -81.491547 0.991577 -4.041096
v -81.495468 0.796585 -4.746092
v -81.575989 1.085056 -4.064581
v -81.579315 0.891733 -4.763548
v -81.663956 0.796585 -4.746092
v -81.659592 0.991577 -4.041096
v -81.574646 1.334677 -3.382435
v -81.657333 1.243351 -3.353056
v -81.576447 1.638908 -2.721603
v -81.658585 1.550209 -2.686504
v -82.097992 1.550209 -2.686504
v -82.096436 1.243353 -3.353056
v -82.099304 0.991577 -4.041096
v -82.104858 0.796585 -4.746092
v -82.180328 1.085058 -4.064581
v -82.184952 0.891733 -4.763548
v -82.273315 0.796585 -4.746092
v -82.267349 0.991577 -4.041096
v -82.178375 1.334677 -3.382442
v -82.264221 1.243351 -3.353056
v -82.180939 1.638908 -2.721603
v -82.265930 1.550209 -2.686504
v -82.081772 0.634691 -5.460575
v -82.107742 0.652493 -4.740984
v -82.198166 0.615036 -4.728790
v -82.210098 0.535351 -5.447670
v -82.276489 0.652529 -4.740833
v -82.313156 0.634693 -5.460575
v -82.077255 0.616646 -5.576145
v -82.212036 0.512737 -5.563803
v -82.319885 0.616646 -5.576145
v -82.309189 0.685070 -5.467562
v -82.188019 0.792910 -5.480471
v -82.197769 0.641920 -5.590767
v -82.315521 0.670231 -5.582922
v -82.188324 0.782639 -5.595263
v -82.078201 0.685070 -5.467562
v -82.073334 0.670231 -5.582922
v -81.470001 0.634691 -5.460575
v -81.497482 0.652493 -4.740984
v -81.586639 0.615036 -4.728790
v -81.595291 0.535351 -5.447670
v -81.666245 0.652493 -4.740984
v -81.701385 0.634693 -5.460575
v -81.465149 0.616646 -5.576145
v -81.596664 0.512737 -5.563803
v -81.707809 0.616646 -5.576145
v -81.698441 0.685070 -5.467562
v -81.582520 0.792910 -5.480471
v -81.586212 0.641920 -5.590767
v -81.582947 0.782639 -5.595263
v -81.462418 0.670231 -5.582922
v -81.704651 0.670231 -5.582922
v -81.467484 0.685070 -5.467562
v -81.055954 0.652493 -4.740984
v -81.087769 0.685070 -5.467562
v -81.054901 1.900742 -2.045143
v -81.507217 2.702637 -0.854259
v -81.506363 2.279522 -1.432934
v -81.495941 1.900742 -2.045143
v -81.582626 1.979568 -2.085720
v -81.664536 1.900742 -2.045143
v -81.593979 2.355106 -1.478756
v -81.676117 2.279522 -1.432934
v -81.596085 2.774601 -0.905041
v -81.677124 2.702637 -0.854259
v -82.120346 2.279522 -1.432934
v -82.105576 1.900742 -2.045143
v -82.189560 1.979568 -2.085720
v -82.274124 1.900742 -2.045143
v -82.205429 2.355106 -1.478756
v -82.290100 2.279522 -1.432934
v -81.491623 3.176289 -0.320881
v -82.699295 1.550209 -2.686516
v -82.697235 1.243351 -3.353056
v -82.700974 0.991577 -4.041096
v -82.708160 0.796585 -4.746092
v -82.779251 1.085056 -4.064581
v -82.785126 0.891733 -4.763548
v -82.876709 0.796583 -4.746092
v -82.869019 0.991575 -4.041096
v -82.776733 1.334677 -3.382442
v -82.865051 1.243349 -3.353056
v -82.779999 1.638908 -2.721603
v -82.867233 1.550209 -2.686516
v -83.291229 1.563734 -2.690250
v -83.304916 1.247402 -3.351282
v -83.309433 0.997049 -4.039948
v -83.318130 0.803514 -4.745420
v -83.388214 1.097658 -4.061449
v -83.395142 0.907633 -4.761501
v -83.487976 0.821077 -4.743721
v -83.479294 1.010920 -4.037039
v -83.385300 1.344061 -3.377884
v -83.474823 1.257668 -3.346792
v -83.389130 1.645174 -2.715302
v -83.477280 1.559656 -2.677509
v -83.902588 1.297799 -3.339603
v -83.923599 1.052838 -4.029282
v -83.933029 0.876325 -4.739820
v -84.002594 1.156401 -4.048264
v -84.010269 0.984531 -4.753399
v -84.103195 0.901736 -4.738453
v -84.093277 1.071660 -4.026171
v -83.999619 1.385345 -3.358948
v -84.088501 1.299287 -3.329897
v -83.915253 0.727789 -5.459347
v -83.938202 0.732317 -4.736553
v -84.030396 0.707796 -4.725367
v -84.048706 0.651524 -5.450516
v -84.108887 0.757716 -4.735857
v -84.149170 0.771676 -5.459957
v -83.911423 0.711581 -5.575481
v -84.051773 0.632747 -5.567636
v -84.156830 0.759129 -5.576454
v -84.142853 0.821938 -5.464727
v -84.015259 0.907830 -5.473848
v -84.032181 0.761110 -5.589724
v -84.015747 0.901096 -5.589045
v -83.904938 0.764915 -5.580702
v -84.149872 0.812539 -5.580812
v -83.909286 0.777974 -5.464876
v -83.299347 0.639181 -5.460424
v -83.322647 0.659414 -4.740427
v -83.417892 0.631372 -4.727680
v -83.436279 0.555557 -5.447544
v -83.492477 0.676949 -4.739016
v -83.531708 0.668324 -5.459435
v -83.295425 0.620539 -5.576038
v -83.439255 0.533581 -5.563803
v -83.538986 0.651957 -5.575151
v -83.526062 0.718760 -5.465952
v -83.399063 0.812231 -5.478971
v -83.415405 0.661739 -5.590075
v -83.399384 0.802505 -5.593815
v -83.289291 0.674129 -5.582754
v -83.532791 0.705597 -5.581423
v -83.293716 0.689568 -5.467350
v -82.687439 0.634691 -5.460575
v -82.711914 0.652493 -4.740984
v -82.801407 0.615034 -4.728790
v -82.815613 0.535351 -5.447670
v -82.880615 0.652493 -4.740984
v -82.918808 0.634693 -5.460575
v -82.683243 0.616646 -5.576145
v -82.817871 0.512737 -5.563803
v -82.925903 0.616646 -5.576145
v -82.913773 0.685070 -5.467562
v -82.788284 0.792910 -5.480471
v -82.803207 0.641920 -5.590767
v -82.788544 0.782639 -5.595263
v -82.678177 0.670231 -5.582922
v -82.920364 0.670231 -5.582922
v -82.682800 0.685070 -5.467562
v -82.693237 1.910875 -2.051643
v -82.791000 1.979568 -2.085720
v -82.877655 1.900742 -2.045143
v -84.514160 1.130853 -4.021296
v -84.541794 0.967248 -4.734299
v -84.608902 1.224347 -4.033859
v -84.617569 1.075937 -4.744299
v -84.711548 0.992611 -4.732450
v -84.700287 1.138857 -4.014509
v -85.231857 1.168406 -4.733334
v -85.324234 1.084215 -4.724665
v -85.753494 1.074442 -5.452864
v -85.772995 1.031559 -4.812742
v -85.888794 0.996898 -5.454258
v -85.750351 1.069944 -5.570791
v -85.892700 0.989880 -5.573750
v -85.992096 1.117413 -5.568092
v -85.867691 1.120788 -5.580029
v -85.843216 1.260610 -5.562195
v -85.740723 1.123740 -5.569471
v -85.982071 1.171247 -5.565895
v -85.843109 1.255743 -5.446720
v -85.744751 1.125125 -5.452345
v -85.141525 0.958581 -5.457905
v -85.164032 0.914659 -4.729708
v -85.259491 0.889770 -4.720629
v -85.281342 0.882377 -5.455856
v -85.333801 0.939945 -4.728216
v -85.373352 1.002413 -5.456339
v -85.138351 0.950154 -5.575447
v -85.285477 0.871498 -5.574774
v -85.381348 0.997652 -5.573977
v -85.365143 1.053012 -5.457079
v -85.238342 1.140269 -5.458611
v -85.256866 1.000575 -5.586376
v -85.238983 1.141315 -5.574203
v -85.129761 1.003828 -5.576319
v -85.372345 1.051376 -5.573975
v -85.133728 1.009129 -5.459419
v -84.526749 0.842648 -5.460064
v -84.548889 0.823106 -4.734005
v -84.641327 0.798187 -4.723869
v -84.661392 0.766013 -5.454594
v -84.719131 0.848433 -4.732986
v -84.759583 0.886504 -5.459587
v -84.523361 0.830307 -5.577003
v -84.665009 0.751128 -5.572712
v -84.767563 0.877829 -5.576756
v -84.752365 0.936952 -5.462358
v -84.623337 1.023208 -5.467743
v -84.642990 0.880285 -5.589607
v -84.623917 1.020309 -5.583241
v -84.515808 0.883823 -5.580061
v -84.759598 0.931412 -5.578951
v -84.519867 0.893028 -5.463600
v -85.137878 1.069311 -4.728861
v -81.049881 0.991575 3.995020
v -81.052643 0.796583 4.700022
v -81.493515 0.796585 4.700022
v -81.489594 0.991577 3.995020
v -81.048492 1.243349 3.306986
v -81.487579 1.243351 3.306986
v -81.049271 1.550209 2.640429
v -81.488693 1.550209 2.640429
v -81.573608 1.085056 4.018511
v -81.576904 0.891733 4.717478
v -81.657654 0.991577 3.995020
v -81.662033 0.796585 4.700022
v -82.102921 0.796585 4.700022
v -82.097366 0.991577 3.995005
v -81.572235 1.334677 3.336359
v -81.655365 1.243351 3.306986
v -82.094482 1.243353 3.306986
v -81.574081 1.638908 2.675524
v -81.656631 1.550209 2.640429
v -82.096039 1.550209 2.640429
v -82.181244 1.085058 4.018511
v -82.185867 0.891733 4.717478
v -82.265381 0.991577 3.995005
v -82.271393 0.796585 4.700022
v -82.706253 0.796585 4.700022
v -82.699020 0.991577 3.995020
v -82.179276 1.334677 3.336359
v -82.262238 1.243351 3.306986
v -82.695297 1.243351 3.306986
v -82.181839 1.638908 2.675524
v -82.263977 1.550209 2.640429
v -82.697357 1.550209 2.640429
v -82.311203 0.634693 5.414492
v -82.274506 0.652529 4.694742
v -82.195953 0.615036 4.682711
v -82.207733 0.535351 5.401583
v -82.307205 0.685070 5.421480
v -82.680832 0.685070 5.421488
v -82.685455 0.634691 5.414499
v -82.709976 0.652493 4.694902
v -82.317963 0.616646 5.530069
v -82.209671 0.512737 5.517725
v -82.076248 0.685070 5.421480
v -82.190125 0.792910 5.434389
v -82.195801 0.641920 5.544680
v -82.071396 0.670231 5.536837
v -82.190628 0.782639 5.549173
v -82.313583 0.670231 5.536837
v -82.075287 0.616646 5.530069
v -82.079819 0.634691 5.414492
v -81.699432 0.634693 5.414492
v -81.664261 0.652493 4.694902
v -81.583450 0.615036 4.682711
v -81.591568 0.535351 5.401583
v -81.696518 0.685070 5.421480
v -82.105804 0.652493 4.694902
v -81.705856 0.616646 5.530069
v -81.592926 0.512737 5.517725
v -81.465576 0.685070 5.421480
v -81.579987 0.792910 5.434389
v -81.584290 0.641920 5.544680
v -81.460480 0.670231 5.536837
v -81.580338 0.782639 5.549173
v -81.702667 0.670231 5.536837
v -81.463165 0.616646 5.530069
v -81.468033 0.634691 5.414492
v -81.054047 0.652493 4.694902
v -81.085815 0.685070 5.421480
v -81.495514 0.652493 4.694902
v -81.052963 1.900742 1.999063
v -81.494003 1.900742 1.999063
v -81.504379 2.279522 1.386850
v -81.505295 2.702637 0.808176
v -81.580185 1.979568 2.039637
v -81.662552 1.900742 1.999063
v -82.103592 1.900742 1.999063
v -81.591537 2.355106 1.432673
v -81.674164 2.279522 1.386850
v -82.118393 2.279522 1.386850
v -81.593674 2.774601 0.858950
v -81.675156 2.702637 0.808176
v -82.137482 2.718384 0.850313
v -82.190430 1.979568 2.039637
v -82.272171 1.900742 1.999063
v -82.691284 1.910875 2.005556
v -82.206299 2.355106 1.432673
v -82.288147 2.279522 1.386850
v -82.634918 2.271746 1.385569
v -82.301559 2.556223 1.024614
v -81.489639 3.176289 0.274797
v -81.481354 3.322301 0.140635
v -81.631836 3.231311 0.304087
v -81.680038 3.098442 0.354769
v -82.778992 1.085056 4.018511
v -82.784927 0.891733 4.717478
v -82.867081 0.991575 3.995020
v -82.874741 0.796583 4.700022
v -83.316162 0.803314 4.699373
v -83.307480 0.996893 3.993906
v -82.776505 1.334677 3.336359
v -82.863098 1.243349 3.306986
v -83.302963 1.247288 3.305262
v -82.779770 1.638908 2.675524
v -82.865295 1.550209 2.640429
v -83.289246 1.563656 2.644243
v -83.390427 1.097845 4.015329
v -83.397354 0.907867 4.715403
v -83.477325 1.010765 3.990999
v -83.486023 0.820881 4.697664
v -83.931015 0.875831 4.693750
v -83.921677 1.052429 3.983240
v -83.387497 1.344202 3.331743
v -83.472855 1.257555 3.300776
v -83.900635 1.297484 3.293604
v -83.391327 1.645269 2.669123
v -83.475311 1.559584 2.631510
v -83.760056 1.554556 2.616114
v -84.004028 1.156278 4.002176
v -84.011658 0.984454 4.707308
v -84.091339 1.071069 3.980127
v -84.101212 0.901058 4.692369
v -84.539841 0.966102 4.688219
v -84.512253 1.129808 3.975306
v -84.001083 1.385173 3.312868
v -84.086609 1.298776 3.283937
v -84.378937 1.304184 3.275583
v -84.103378 1.441983 2.982294
v -84.147141 0.770873 5.413820
v -84.106903 0.757036 4.689722
v -84.030457 0.707504 4.679239
v -84.049606 0.651376 5.404367
v -84.140808 0.821142 5.418604
v -84.517807 0.891826 5.417467
v -84.524719 0.841443 5.413897
v -84.546829 0.821953 4.687838
v -84.154800 0.758307 5.530313
v -84.052826 0.632631 5.521502
v -83.907257 0.777427 5.418772
v -84.018036 0.908068 5.427736
v -84.030136 0.760418 5.543596
v -83.902939 0.764361 5.534594
v -84.018768 0.901399 5.542917
v -84.147888 0.811726 5.534693
v -83.909454 0.711024 5.529367
v -83.913254 0.727239 5.413225
v -83.529770 0.668085 5.413355
v -83.490494 0.676754 4.692942
v -83.416245 0.631205 4.681620
v -83.434723 0.555368 5.401453
v -83.524094 0.718519 5.419878
v -83.936172 0.731816 4.690439
v -83.537064 0.651711 5.529085
v -83.437744 0.533390 5.517725
v -83.291748 0.689323 5.421282
v -83.403030 0.812737 5.432856
v -83.413483 0.661491 5.544001
v -83.287308 0.673878 5.536684
v -83.403732 0.803070 5.547693
v -83.530884 0.705351 5.535341
v -83.293518 0.620287 5.529963
v -83.297440 0.638937 5.414347
v -82.916870 0.634693 5.414492
v -82.878708 0.652493 4.694902
v -82.799393 0.615034 4.682711
v -82.813538 0.535351 5.401583
v -82.911819 0.685070 5.421480
v -83.320648 0.659214 4.694361
v -82.923981 0.616646 5.530069
v -82.815765 0.512737 5.517725
v -82.788788 0.792910 5.434389
v -82.801224 0.641920 5.544687
v -82.676239 0.670231 5.536837
v -82.789200 0.782639 5.549173
v -82.918427 0.670231 5.536837
v -82.681290 0.616646 5.530069
v -82.790802 1.979568 2.039637
v -82.875702 1.900742 1.999063
v -83.178375 1.888275 1.995577
v -82.898987 2.111090 1.682848
v -83.495956 1.738663 2.336672
v -84.609528 1.223468 3.987871
v -84.618088 1.075069 4.698236
v -84.698364 1.137609 3.968531
v -84.709518 0.991277 4.686373
v -85.135941 1.067518 4.682825
v -85.020599 1.159389 3.962137
v -84.705704 1.253842 3.625551
v -85.687103 1.128156 4.677271
v -85.322327 1.082221 4.678629
v -85.330078 1.161305 4.294504
v -85.891296 0.995093 5.407999
v -85.982208 1.115460 5.404116
v -85.956161 1.120667 4.965944
v -85.878677 1.050258 4.874079
v -86.360672 1.187371 5.401079
v -85.973175 1.166192 5.402903
v -86.354263 1.238218 5.395090
v -85.990097 1.114612 5.521997
v -85.895370 0.988133 5.527491
v -85.865707 1.118116 5.533945
v -85.738770 1.121204 5.523409
v -85.840912 1.257866 5.516306
v -85.980148 1.168453 5.519876
v -85.742783 1.122601 5.406290
v -85.840836 1.253019 5.400835
v -85.748322 1.067403 5.524668
v -85.751495 1.071912 5.406740
v -85.371292 1.000295 5.410181
v -85.331757 0.937947 4.682039
v -85.258453 0.888015 4.674425
v -85.280762 0.880652 5.409594
v -85.363174 1.050902 5.410982
v -85.379303 0.995514 5.527803
v -85.284958 0.869782 5.528505
v -85.131683 1.007265 5.413301
v -85.229874 1.166498 4.687380
v -85.236328 1.138268 5.412600
v -85.254837 0.998568 5.540232
v -85.127808 1.001962 5.530191
v -85.236954 1.139294 5.528185
v -85.370316 1.049242 5.527864
v -85.136322 0.948279 5.529276
v -85.139511 0.956716 5.411737
v -85.683853 1.003350 4.657000
v -84.757553 0.885048 5.413416
v -84.717072 0.847097 4.686815
v -84.642838 0.797462 4.677675
v -84.664383 0.765613 5.408381
v -84.750336 0.935500 5.416224
v -85.161957 0.912846 4.683535
v -84.765472 0.876350 5.530581
v -84.668259 0.750795 5.526499
v -84.624893 1.022558 5.421633
v -84.640945 0.878941 5.543451
v -84.513824 0.882620 5.533922
v -84.625656 1.019702 5.537119
v -84.757538 0.929940 5.532808
v -84.521332 0.829095 5.530825
v -85.949463 1.170255 4.959589
v -85.838974 1.256660 4.842340
v -85.761902 1.145391 4.757837
v -85.224197 1.265927 4.182413
v -85.136185 1.167864 4.086397
v -84.606110 1.375463 3.520594
v -84.516006 1.290778 3.422487
v -84.001358 1.586582 2.875422
v -83.908997 1.515537 2.775103
v -83.401932 1.888691 2.239275
v -83.306076 1.837200 2.135515
v -82.806366 2.275030 1.579355
v -82.716599 2.229788 1.477571
v -86.362976 1.173316 4.985468
v -86.364944 1.122483 4.994379
v -83.802704 1.550209 0.159578
v -84.421204 1.243351 0.154802
v -85.059555 0.991577 0.154512
v -85.713730 0.796585 0.157175
v -85.081360 1.085056 0.245096
v -85.729904 0.891733 0.246965
v -85.713730 0.796585 0.337999
v -85.059555 0.991577 0.334810
v -84.448456 1.334677 0.246370
v -84.421204 1.243351 0.335154
v -83.835312 1.638908 0.252420
v -83.802704 1.550209 0.340876
v -83.802704 1.550209 0.815294
v -84.421204 1.243353 0.807108
v -85.059555 0.991577 0.806604
v -85.713730 0.796585 0.811167
v -85.081360 1.085058 0.896387
v -85.729904 0.891733 0.899469
v -85.713730 0.796585 0.991991
v -85.059555 0.991577 0.986895
v -84.448456 1.334677 0.898478
v -84.421204 1.243351 0.987459
v -83.835312 1.638908 0.908480
v -83.802704 1.550209 0.996592
v -86.376663 0.634691 0.786554
v -85.708954 0.652493 0.814531
v -85.697662 0.615036 0.909861
v -86.364670 0.535351 0.922792
v -85.708862 0.652529 0.995745
v -86.376663 0.634693 1.035295
v -86.483871 0.616646 0.781794
v -86.472397 0.512737 0.924990
v -86.483871 0.616646 1.042742
v -86.383118 0.685070 1.030260
v -86.395081 0.792910 0.903139
v -86.497437 0.641920 0.911028
v -86.501633 0.782639 0.903574
v -86.490173 0.670231 0.777033
v -86.490173 0.670231 1.037180
v -86.383118 0.685070 0.782213
v -86.376663 0.634691 0.128862
v -85.708954 0.652493 0.159136
v -85.697662 0.615036 0.254435
v -86.364670 0.535351 0.263002
v -85.708954 0.652493 0.340349
v -86.376663 0.634693 0.377619
v -86.483871 0.616646 0.123575
v -86.472397 0.512737 0.264460
v -86.483871 0.616646 0.384523
v -86.383118 0.685070 0.374430
v -86.395126 0.792910 0.249414
v -86.497437 0.641920 0.253801
v -86.490173 0.670231 0.380999
v -86.501633 0.782639 0.249712
v -86.383118 0.685070 0.126375
v -86.490173 0.670231 0.120859
v -82.102692 2.702637 0.168535
v -82.639587 2.279522 0.168535
v -83.207642 1.900742 0.168535
v -83.245285 1.979568 0.263819
v -83.207642 1.900742 0.351610
v -82.682144 2.355106 0.263819
v -82.639587 2.279522 0.351610
v -82.149796 2.774601 0.263819
v -82.102692 2.702637 0.351610
v -82.639587 2.279522 0.830675
v -83.207642 1.900742 0.830675
v -83.245285 1.979568 0.927286
v -83.207642 1.900742 1.013750
v -82.682144 2.355106 0.927286
v -82.639587 2.279522 1.013750
v -81.607788 3.176289 0.151690
v -83.798782 1.552473 1.465883
v -84.418396 1.248280 1.455050
v -85.057755 0.999254 1.454393
v -85.712646 0.807079 1.460428
v -85.077698 1.098049 1.541582
v -85.727448 0.909395 1.545420
v -85.711227 0.820837 1.643595
v -85.055344 1.009317 1.637568
v -84.443192 1.343111 1.544191
v -84.414703 1.254738 1.638224
v -83.828079 1.642925 1.556643
v -83.793564 1.555439 1.649027
v -83.785400 1.574524 2.110971
v -84.405090 1.271639 2.117533
v -85.049011 1.035650 2.116884
v -85.707458 0.856834 2.122850
v -85.067245 1.135075 2.207460
v -85.720505 0.959730 2.211260
v -85.706039 0.870590 2.306009
v -85.046616 1.045713 2.300051
v -84.428146 1.367147 2.210032
v -84.401413 1.278097 2.300707
v -83.807495 1.654381 2.222345
v -83.774643 1.566172 2.311388
v -84.396088 1.306528 2.762545
v -85.040268 1.072048 2.779375
v -85.702271 0.906588 2.785273
v -85.056625 1.173945 2.869677
v -85.713577 1.013028 2.873575
v -85.701111 0.928019 2.968699
v -85.037704 1.087018 2.962328
v -84.412964 1.392149 2.872187
v -84.387741 1.303936 2.962816
v -86.371857 0.771404 2.763025
v -85.699463 0.762281 2.789621
v -85.689636 0.734987 2.886217
v -86.364594 0.689615 2.901926
v -85.698990 0.783910 2.973589
v -86.372253 0.808478 3.014765
v -86.479828 0.757492 2.758615
v -86.473389 0.672596 2.904627
v -86.480469 0.797627 3.022600
v -86.376038 0.858850 3.008707
v -86.383163 0.947789 2.877924
v -86.492401 0.801972 2.888643
v -86.490112 0.942909 2.878443
v -86.483994 0.811352 2.752306
v -86.483871 0.851145 3.015917
v -86.376312 0.822069 2.757280
v -86.374084 0.708115 2.100725
v -85.703766 0.712626 2.127245
v -85.692780 0.681862 2.224154
v -86.364136 0.620657 2.239901
v -85.702576 0.726357 2.310389
v -86.373230 0.732052 2.351221
v -86.481705 0.692011 2.096346
v -86.472397 0.601028 2.242579
v -86.480942 0.717972 2.358896
v -86.378296 0.782633 2.345430
v -86.388153 0.879564 2.215570
v -86.494247 0.730764 2.225817
v -86.494919 0.872292 2.216074
v -86.486862 0.745743 2.089960
v -86.485764 0.771753 2.352541
v -86.379456 0.758646 2.094927
v -86.376297 0.644823 1.438440
v -85.708054 0.662970 1.464876
v -85.696396 0.632242 1.559206
v -86.364548 0.557259 1.574007
v -85.706879 0.676699 1.648020
v -86.375443 0.668762 1.688921
v -86.483597 0.626532 1.434061
v -86.472397 0.535398 1.576517
v -86.482849 0.652491 1.696611
v -86.381470 0.719210 1.683084
v -86.393295 0.815445 1.548357
v -86.496628 0.665007 1.563509
v -86.488571 0.706144 1.690195
v -86.499878 0.805954 1.548601
v -86.382629 0.695225 1.432566
v -86.489731 0.680136 1.427622
v -83.209045 1.910875 1.469385
v -83.235886 1.979568 1.580042
v -83.195511 1.900742 1.669306
v -85.033600 1.138748 3.416391
v -85.697693 0.985745 3.441645
v -85.044189 1.230968 3.522547
v -85.705673 1.093498 3.527521
v -85.696136 1.008087 3.624689
v -85.027725 1.143388 3.616907
v -85.696274 1.174687 4.187571
v -85.689682 1.088801 4.285799
v -86.367096 1.082797 4.745234
v -85.772919 1.029641 4.768694
v -86.369995 1.003738 4.894449
v -86.476517 1.080189 4.741289
v -86.480942 0.998593 4.898317
v -86.474365 1.123347 5.002382
v -86.484863 1.129086 4.868479
v -86.466293 1.268873 4.844164
v -86.474503 1.134090 4.731882
v -86.471481 1.177286 4.992540
v -86.359207 1.262237 4.844416
v -86.365891 1.133590 4.736681
v -86.371078 0.977824 4.084734
v -85.694763 0.922169 4.111658
v -85.687073 0.895543 4.214556
v -86.370682 0.899330 4.234606
v -85.693665 0.944447 4.294886
v -86.369843 1.017534 4.334841
v -86.480194 0.971293 4.080828
v -86.481125 0.890259 4.238497
v -86.479111 1.014473 4.342981
v -86.369843 1.068244 4.326883
v -86.369690 1.157640 4.191797
v -86.490112 1.019759 4.209085
v -86.476898 1.160454 4.192118
v -86.480301 1.025071 4.072466
v -86.478333 1.068301 4.334215
v -86.371780 1.028480 4.077143
v -86.372574 0.872780 3.421694
v -85.697845 0.841517 3.448046
v -85.689087 0.814721 3.546152
v -86.368851 0.793585 3.563845
v -85.697128 0.863828 3.631670
v -86.372314 0.912519 3.672770
v -86.481171 0.862335 3.417597
v -86.478577 0.780479 3.567125
v -86.481140 0.905539 3.680849
v -86.374207 0.963073 3.665766
v -86.377731 1.052155 3.532122
v -86.492630 0.910357 3.546930
v -86.484909 1.051087 3.532587
v -86.483337 0.915959 3.410303
v -86.482468 0.959226 3.673136
v -86.375183 0.923270 3.415056
v -85.693130 1.077229 4.084856
v -81.070541 3.455089 -0.056290
v -80.977905 3.547185 -0.056286
v -80.893768 3.455707 -0.056290
v -80.606537 3.473407 -0.023449
v -78.147644 1.550209 -0.017193
v -77.529175 1.243351 -0.017193
v -76.890778 0.991575 -0.017193
v -76.236679 0.796583 -0.017193
v -75.567230 0.685070 -0.017193
v -75.573715 0.634691 -0.017193
v -76.241394 0.652493 -0.017193
v -79.847687 2.702637 -0.017193
v -79.310760 2.279522 -0.017193
v -78.742737 1.900742 -0.017193
v -80.343506 3.175348 -0.017193
v -85.712997 0.796583 -0.017193
v -85.058823 0.991575 -0.017193
v -84.420486 1.243351 -0.017193
v -83.801971 1.550209 -0.017193
v -86.382401 0.685070 -0.017193
v -86.375916 0.634691 -0.017193
v -85.708221 0.652493 -0.017193
v -83.206879 1.900742 -0.017193
v -82.638840 2.279522 -0.017193
v -82.101944 2.702637 -0.017193
v -81.606155 3.175373 -0.017193
v -81.296005 3.480495 -0.017193
v -80.893768 3.487607 0.003130
v -81.072601 3.486858 0.003130
v -80.974640 3.577194 0.003130
v -75.781662 1.333537 -5.215221
v -75.795029 1.309857 -5.201424
v -75.721512 1.240015 -5.131386
v -75.696976 1.253502 -5.134832
v -75.860962 1.261576 -5.305088
v -75.863922 1.247736 -5.279207
v -75.854706 1.119219 -5.312418
v -75.859589 1.126332 -5.286006
v -75.787598 1.061202 -5.216906
v -75.772568 1.046928 -5.233639
v -75.694153 1.114730 -5.145355
v -75.718903 1.121938 -5.139667
v -75.509933 1.223403 -5.522123
v -75.520187 1.373511 -5.506660
v -75.432617 1.293777 -5.429327
v -75.596954 1.301658 -5.599220
v -75.424805 1.155370 -5.445124
v -75.500793 1.087656 -5.535961
v -75.585571 1.159678 -5.611940
v -76.772324 1.333369 -4.114330
v -76.788773 1.316020 -4.096766
v -76.724640 1.250949 -4.019625
v -76.698257 1.258315 -4.025537
v -76.857956 1.267467 -4.193951
v -76.863159 1.258893 -4.165718
v -76.871399 1.123484 -4.185764
v -76.875000 1.134033 -4.158413
v -76.797455 1.048238 -4.096521
v -76.810959 1.068758 -4.080896
v -76.711472 1.114225 -4.017006
v -76.736298 1.125997 -4.012018
v -75.808960 1.330618 -5.184805
v -76.281540 1.303853 -4.659134
v -76.203232 1.228613 -4.574835
v -75.726120 1.255581 -5.105288
v -75.722580 1.110958 -5.114506
v -76.208359 1.083888 -4.574888
v -75.800919 1.044435 -5.202087
v -76.290665 1.017465 -4.658295
v -76.368896 1.092911 -4.742987
v -75.883759 1.119688 -5.281900
v -75.887054 1.264210 -5.272377
v -76.363525 1.237532 -4.742603
v -76.295914 1.284325 -4.643793
v -76.309692 1.303964 -4.627861
v -76.231644 1.228723 -4.543285
v -76.228424 1.219380 -4.570879
v -76.233047 1.094431 -4.570711
v -76.237244 1.084015 -4.542820
v -76.304199 1.037069 -4.642641
v -76.319778 1.017609 -4.625996
v -76.397751 1.093054 -4.710958
v -76.371674 1.102230 -4.715849
v -76.366821 1.227089 -4.715755
v -76.391907 1.237660 -4.711090
v -77.743195 1.567484 -3.039568
v -77.761017 1.554058 -3.020603
v -77.702972 1.490385 -2.936958
v -77.676163 1.494012 -2.943245
v -77.834869 1.503414 -3.112734
v -77.840622 1.498539 -3.083984
v -77.861694 1.362972 -3.090258
v -77.864044 1.376793 -3.064325
v -77.794846 1.289362 -2.993435
v -77.806122 1.312955 -2.980270
v -77.702789 1.353467 -2.920395
v -77.726212 1.368546 -2.916981
v -76.800598 1.336863 -4.082975
v -77.265091 1.422571 -3.568338
v -77.194809 1.348114 -3.475504
v -76.726761 1.261833 -3.993931
v -76.740417 1.117804 -3.984938
v -77.215240 1.205437 -3.459282
v -76.826599 1.051850 -4.064241
v -77.304489 1.140232 -3.535316
v -77.374619 1.214858 -3.628645
v -76.900299 1.127070 -4.153728
v -76.886429 1.270995 -4.162376
v -77.353973 1.357430 -3.644497
v -77.281204 1.406570 -3.551220
v -77.292587 1.429337 -3.537891
v -77.222504 1.354924 -3.444847
v -77.220627 1.342325 -3.470951
v -77.238419 1.219179 -3.456785
v -77.243317 1.212349 -3.428221
v -77.315552 1.162884 -3.522371
v -77.332748 1.147201 -3.504078
v -77.402664 1.221777 -3.597610
v -77.376038 1.227319 -3.603006
v -77.358032 1.350369 -3.616886
v -77.381653 1.364246 -3.613871
v -78.648560 1.977566 -1.892071
v -78.678619 1.867630 -1.864029
v -78.788559 1.983252 -2.042923
v -78.818237 1.873302 -2.014450
v -78.701843 2.042068 -1.983303
v -78.765030 1.809505 -1.923523
v -78.683212 2.051176 -2.003059
v -78.621948 1.980938 -1.900532
v -78.779480 1.989288 -2.071293
v -78.816788 1.854071 -2.037521
v -78.755615 1.783381 -1.934601
v -78.659027 1.845596 -1.866440
v -77.770676 1.577591 -3.009193
v -78.221802 1.778755 -2.511341
v -78.157852 1.707022 -2.411720
v -77.703827 1.504188 -2.912685
v -77.730789 1.363788 -2.889473
v -78.189865 1.568722 -2.383064
v -77.822998 1.299756 -2.962360
v -78.284225 1.505100 -2.453629
v -78.348129 1.577305 -2.553631
v -77.889679 1.373294 -3.059361
v -77.862518 1.513590 -3.082197
v -78.315842 1.715483 -2.581970
v -78.239090 1.767107 -2.493034
v -78.248459 1.793201 -2.481949
v -78.184662 1.721546 -2.382164
v -78.183945 1.705208 -2.406940
v -78.211716 1.585865 -2.382069
v -78.216980 1.583403 -2.353191
v -78.293228 1.530964 -2.442944
v -78.311462 1.519859 -2.423618
v -78.375214 1.591982 -2.523788
v -78.348358 1.593281 -2.529335
v -78.320358 1.712511 -2.553951
v -78.342636 1.730001 -2.552444
v -79.601486 2.745146 -0.994144
v -79.594711 2.716825 -1.002342
v -79.683121 2.664574 -1.057446
v -79.703476 2.684958 -1.057602
v -79.545593 2.680622 -0.887081
v -79.546158 2.660807 -0.909550
v -79.591522 2.552900 -0.840862
v -79.585876 2.549919 -0.869587
v -79.693909 2.492327 -0.904224
v -79.674622 2.497324 -0.924618
v -79.749710 2.557156 -1.011635
v -79.723099 2.553614 -1.017708
v -80.451538 3.548429 -0.055901
v -80.021698 3.138170 -0.533714
v -80.125778 3.080017 -0.594921
v -80.557587 3.492403 -0.115036
v -80.612808 3.373415 -0.059490
v -80.176682 2.956522 -0.543976
v -80.561722 3.313047 0.052958
v -80.123337 2.893867 -0.433952
v -80.018799 2.952381 -0.372856
v -80.455231 3.369413 0.111956
v -80.400330 3.488327 0.056162
v -79.968216 3.075800 -0.424053
v -80.017090 3.109993 -0.539532
v -79.998108 3.114731 -0.559528
v -80.102081 3.056458 -0.620869
v -80.106918 3.059738 -0.592434
v -80.150757 2.953003 -0.548565
v -80.152725 2.932705 -0.570202
v -80.104630 2.898849 -0.453632
v -80.099228 2.869923 -0.460320
v -79.994827 2.928555 -0.399097
v -80.014420 2.949408 -0.400837
v -79.970871 3.056093 -0.444908
v -79.944504 3.052231 -0.450016
v -78.710739 2.068966 -1.972759
v -78.808258 2.005262 -2.040993
v -78.649719 2.000778 -1.871197
v -78.685837 1.865686 -1.835495
v -78.783737 1.801554 -1.903660
v -78.844681 1.870083 -2.005547
v -79.576675 2.723513 -1.021358
v -79.159470 2.384504 -1.479336
v -79.259232 2.322443 -1.545166
v -79.678528 2.663212 -1.084957
v -79.724487 2.535173 -1.039284
v -79.300598 2.190701 -1.504433
v -79.668549 2.470224 -0.932030
v -79.242233 2.123890 -1.399765
v -79.142059 2.186359 -1.334015
v -79.566284 2.530909 -0.868530
v -79.520630 2.658867 -0.914459
v -79.101013 2.318016 -1.375015
v -79.152740 2.357332 -1.487507
v -79.134186 2.365402 -1.507126
v -79.233810 2.303244 -1.573097
v -79.238831 2.303715 -1.544407
v -79.274429 2.189878 -1.509350
v -79.274902 2.171293 -1.532650
v -79.223969 2.132147 -1.419052
v -79.216385 2.104380 -1.428139
v -79.116348 2.166946 -1.362255
v -79.137527 2.186117 -1.362232
v -79.102219 2.299889 -1.397484
v -79.075577 2.298813 -1.402954
v -75.781662 1.333536 5.215219
v -75.795029 1.309857 5.201426
v -75.721512 1.240015 5.131388
v -75.696976 1.253502 5.134829
v -75.860962 1.261576 5.305094
v -75.863922 1.247736 5.279207
v -75.854706 1.119219 5.312418
v -75.859589 1.126332 5.286009
v -75.787598 1.061202 5.216909
v -75.772568 1.046928 5.233644
v -75.694153 1.114730 5.145357
v -75.718903 1.121938 5.139666
v -75.509933 1.223403 5.522127
v -75.520187 1.373512 5.506662
v -75.432617 1.293777 5.429323
v -75.596954 1.301658 5.599215
v -75.424805 1.155370 5.445124
v -75.500793 1.087656 5.535959
v -75.585571 1.159678 5.611940
v -76.772324 1.333369 4.114328
v -76.788773 1.316020 4.096773
v -76.724640 1.250949 4.019625
v -76.698257 1.258315 4.025537
v -76.857956 1.267467 4.193949
v -76.863159 1.258893 4.165712
v -76.871399 1.123484 4.185762
v -76.875000 1.134033 4.158411
v -76.797455 1.048238 4.096521
v -76.810959 1.068758 4.080904
v -76.711472 1.114225 4.017008
v -76.736298 1.125997 4.012018
v -75.808960 1.330618 5.184809
v -76.281540 1.303853 4.659136
v -76.203232 1.228613 4.574831
v -75.726120 1.255581 5.105288
v -75.722580 1.110958 5.114511
v -76.208359 1.083888 4.574884
v -75.800919 1.044435 5.202089
v -76.290665 1.017465 4.658297
v -76.368896 1.092911 4.742983
v -75.883759 1.119688 5.281900
v -75.887054 1.264210 5.272371
v -76.363525 1.237532 4.742601
v -76.295914 1.284325 4.643801
v -76.309692 1.303964 4.627863
v -76.231644 1.228723 4.543291
v -76.228424 1.219381 4.570879
v -76.233047 1.094431 4.570711
v -76.237244 1.084015 4.542826
v -76.304199 1.037069 4.642641
v -76.319778 1.017609 4.626001
v -76.397751 1.093054 4.710962
v -76.371674 1.102230 4.715853
v -76.366821 1.227089 4.715754
v -76.391907 1.237660 4.711092
v -77.743195 1.567484 3.039568
v -77.761017 1.554058 3.020609
v -77.702972 1.490385 2.936960
v -77.676163 1.494012 2.943254
v -77.834869 1.503414 3.112734
v -77.840622 1.498539 3.083986
v -77.861694 1.362972 3.090250
v -77.864044 1.376793 3.064325
v -77.794846 1.289362 2.993433
v -77.806122 1.312955 2.980272
v -77.702789 1.353467 2.920389
v -77.726212 1.368546 2.916979
v -76.800598 1.336864 4.082979
v -77.265091 1.422571 3.568338
v -77.194809 1.348114 3.475504
v -76.726761 1.261833 3.993929
v -76.740417 1.117804 3.984934
v -77.215240 1.205437 3.459284
v -76.826599 1.051850 4.064241
v -77.304489 1.140232 3.535318
v -77.374619 1.214858 3.628649
v -76.900299 1.127070 4.153727
v -76.886429 1.270995 4.162378
v -77.353973 1.357430 3.644495
v -77.281204 1.406570 3.551218
v -77.292587 1.429337 3.537897
v -77.222504 1.354924 3.444841
v -77.220627 1.342325 3.470957
v -77.238419 1.219179 3.456781
v -77.243317 1.212349 3.428217
v -77.315552 1.162884 3.522371
v -77.332748 1.147201 3.504076
v -77.402664 1.221777 3.597605
v -77.376038 1.227319 3.603006
v -77.358032 1.350369 3.616884
v -77.381653 1.364246 3.613871
v -78.648560 1.977566 1.892069
v -78.678619 1.867630 1.864031
v -78.788559 1.983252 2.042925
v -78.818237 1.873302 2.014444
v -78.701843 2.042068 1.983301
v -78.765030 1.809505 1.923525
v -78.683212 2.051176 2.003054
v -78.621948 1.980938 1.900530
v -78.779480 1.989288 2.071283
v -78.816788 1.854071 2.037516
v -78.755615 1.783381 1.934595
v -78.659027 1.845596 1.866442
v -77.770676 1.577591 3.009195
v -78.221802 1.778755 2.511347
v -78.157852 1.707022 2.411730
v -77.703827 1.504188 2.912683
v -77.730789 1.363788 2.889475
v -78.189865 1.568722 2.383066
v -77.822998 1.299756 2.962358
v -78.284225 1.505100 2.453630
v -78.348129 1.577305 2.553629
v -77.889679 1.373294 3.059359
v -77.862518 1.513590 3.082201
v -78.315842 1.715483 2.581972
v -78.239090 1.767107 2.493029
v -78.248459 1.793201 2.481951
v -78.184662 1.721546 2.382166
v -78.183945 1.705208 2.406939
v -78.211716 1.585865 2.382067
v -78.216980 1.583403 2.353189
v -78.293228 1.530964 2.442949
v -78.311462 1.519859 2.423616
v -78.375214 1.591982 2.523790
v -78.348358 1.593281 2.529337
v -78.320358 1.712511 2.553949
v -78.342636 1.730001 2.552446
v -79.601486 2.745146 0.994143
v -79.594711 2.716825 1.002344
v -79.683121 2.664574 1.057444
v -79.703476 2.684958 1.057596
v -79.545593 2.680622 0.887079
v -79.546158 2.660807 0.909540
v -79.591522 2.552900 0.840860
v -79.585876 2.549919 0.869593
v -79.693909 2.492327 0.904222
v -79.674622 2.497324 0.924616
v -79.749710 2.557156 1.011629
v -79.723099 2.553614 1.017710
v -80.451538 3.548429 0.055902
v -80.021698 3.138170 0.533716
v -80.125778 3.080017 0.594927
v -80.557587 3.492403 0.115038
v -80.612808 3.373415 0.059488
v -80.176682 2.956522 0.543978
v -80.561722 3.313047 -0.052956
v -80.123337 2.893867 0.433954
v -80.018799 2.952381 0.372858
v -80.455231 3.369413 -0.111958
v -80.400330 3.488327 -0.056168
v -79.968216 3.075800 0.424051
v -80.017090 3.109993 0.539530
v -79.998108 3.114731 0.559534
v -80.102081 3.056458 0.620867
v -80.106918 3.059738 0.592432
v -80.150757 2.953003 0.548563
v -80.152725 2.932705 0.570200
v -80.104630 2.898849 0.453630
v -80.099228 2.869923 0.460321
v -79.994827 2.928555 0.399096
v -80.014420 2.949408 0.400835
v -79.970871 3.056093 0.444902
v -79.944504 3.052231 0.450014
v -78.710739 2.068966 1.972757
v -78.808258 2.005262 2.040995
v -78.649719 2.000778 1.871195
v -78.685837 1.865686 1.835497
v -78.783737 1.801554 1.903658
v -78.844681 1.870083 2.005548
v -79.576675 2.723513 1.021357
v -79.159470 2.384504 1.479334
v -79.259232 2.322443 1.545168
v -79.678528 2.663212 1.084955
v -79.724487 2.535173 1.039286
v -79.300598 2.190701 1.504427
v -79.668549 2.470224 0.932024
v -79.242233 2.123890 1.399759
v -79.142059 2.186359 1.334017
v -79.566284 2.530909 0.868532
v -79.520630 2.658867 0.914454
v -79.101013 2.318016 1.375017
v -79.152740 2.357332 1.487505
v -79.134186 2.365402 1.507128
v -79.233810 2.303244 1.573092
v -79.238831 2.303715 1.544397
v -79.274429 2.189878 1.509356
v -79.274902 2.171293 1.532648
v -79.223969 2.132147 1.419054
v -79.216385 2.104380 1.428133
v -79.116348 2.166946 1.362253
v -79.137527 2.186117 1.362230
v -79.102219 2.299889 1.397486
v -79.075577 2.298813 1.402956
vt 0.002515 0.386780
vt 0.002515 0.609366
vt 0.222627 0.609366
vt 0.222627 0.386780
vt 0.002515 0.386780
vt 0.002515 0.609366
vt 0.222627 0.609366
vt 0.222627 0.386780
vt 0.002515 0.386780
vt 0.002515 0.609366
vt 0.222627 0.609366
vt 0.222627 0.386780
vt 0.002515 0.386780
vt 0.002515 0.609366
vt 0.222627 0.609366
vt 0.222627 0.386780
vt 0.002515 0.386780
vt 0.002515 0.609366
vt 0.222627 0.609366
vt 0.222627 0.386780
vt 0.002515 0.386780
vt 0.002515 0.609366
vt 0.222627 0.609366
vt 0.222627 0.386780
vt 0.002515 0.386780
vt 0.002515 0.609366
vt 0.222627 0.609366
vt 0.222627 0.386780
vt 0.002515 0.386780
vt 0.002515 0.609366
vt 0.222627 0.609366
vt 0.222627 0.386780
vt 0.002515 0.386780
vt 0.002515 0.609366
vt 0.222627 0.609366
vt 0.222627 0.386780
vt 0.869028 0.152338
vt 0.727426 0.152364
vt 0.727442 0.135257
vt 0.869060 0.135291
vt 0.727167 0.130259
vt 0.868650 0.130142
vt 0.946551 0.152327
vt 0.969355 0.152353
vt 0.968458 0.135315
vt 0.945998 0.135311
vt 0.987197 0.152373
vt 0.967489 0.152351
vt 0.968458 0.135315
vt 0.968441 0.130199
vt 0.945987 0.130181
vt 0.946096 0.135311
vt 0.946085 0.130181
vt 0.968441 0.130199
vt 0.945503 0.152326
vt 0.987197 0.152373
vt 0.567232 0.152325
vt 0.561226 0.135312
vt 0.601661 0.135305
vt 0.601655 0.152286
vt 0.642993 0.135291
vt 0.643025 0.152338
vt 0.524856 0.152373
vt 0.567232 0.152325
vt 0.564869 0.135311
vt 0.543595 0.135315
vt 0.601655 0.152286
vt 0.643025 0.152338
vt 0.642993 0.135291
vt 0.601661 0.135305
vt 0.784627 0.152364
vt 0.784611 0.135257
vt 0.579041 0.135221
vt 0.578908 0.130381
vt 0.579042 0.152392
vt 0.933011 0.152392
vt 0.933012 0.135221
vt 0.869028 0.152338
vt 0.869060 0.135291
vt 0.726377 0.135257
vt 0.726361 0.152364
vt 0.868650 0.130142
vt 0.726103 0.130260
vt 0.643025 0.152338
vt 0.642993 0.135291
vt 0.785676 0.135257
vt 0.785692 0.152364
vt 0.946559 0.152327
vt 0.946006 0.135311
vt 0.968458 0.135315
vt 0.969355 0.152353
vt 0.987197 0.152373
vt 0.968458 0.135315
vt 0.967489 0.152351
vt 0.945995 0.130181
vt 0.968441 0.130199
vt 0.946472 0.135311
vt 0.968441 0.130199
vt 0.946461 0.130181
vt 0.945873 0.152327
vt 0.987197 0.152373
vt 0.524856 0.152373
vt 0.567232 0.152325
vt 0.561105 0.135312
vt 0.543595 0.135315
vt 0.601655 0.152286
vt 0.643025 0.152338
vt 0.642993 0.135291
vt 0.601661 0.135305
vt 0.567232 0.152325
vt 0.565086 0.135311
vt 0.601661 0.135305
vt 0.601655 0.152286
vt 0.642993 0.135291
vt 0.643025 0.152338
vt 0.578908 0.130381
vt 0.579041 0.135221
vt 0.579042 0.152392
vt 0.933012 0.135221
vt 0.933011 0.152392
vt 0.807950 0.151434
vt 0.807955 0.135104
vt 0.678015 0.135133
vt 0.678462 0.151563
vt 0.807955 0.130170
vt 0.677840 0.130599
vt 0.879010 0.151137
vt 0.877158 0.135316
vt 0.718517 0.135289
vt 0.720563 0.151347
vt 0.877375 0.130892
vt 0.718657 0.130827
vt 0.946655 0.152327
vt 0.969355 0.152353
vt 0.968458 0.135315
vt 0.946101 0.135311
vt 0.987197 0.152373
vt 0.967489 0.152351
vt 0.968458 0.135315
vt 0.968441 0.130199
vt 0.946089 0.130181
vt 0.945777 0.135311
vt 0.945765 0.130181
vt 0.968441 0.130199
vt 0.945189 0.152326
vt 0.987197 0.152373
vt 0.567232 0.152325
vt 0.561204 0.135312
vt 0.601661 0.135305
vt 0.601655 0.152286
vt 0.642993 0.135291
vt 0.643025 0.152338
vt 0.524856 0.152373
vt 0.567232 0.152325
vt 0.564689 0.135311
vt 0.543595 0.135315
vt 0.601655 0.152286
vt 0.643025 0.152338
vt 0.642993 0.135291
vt 0.601661 0.135305
vt 0.704103 0.151434
vt 0.704098 0.135104
vt 0.834038 0.135133
vt 0.833591 0.151563
vt 0.633043 0.151137
vt 0.634895 0.135316
vt 0.793536 0.135289
vt 0.791490 0.151347
vt 0.961572 0.135162
vt 0.960683 0.151690
vt 0.550480 0.135162
vt 0.551370 0.151690
vt 0.550134 0.131019
vt 0.987168 0.135255
vt 0.984886 0.151603
vt 0.524885 0.135255
vt 0.527167 0.151603
vt 0.524931 0.130748
vt 0.869028 0.152338
vt 0.869060 0.135291
vt 0.726377 0.135257
vt 0.726361 0.152364
vt 0.868650 0.130142
vt 0.726103 0.130260
vt 0.643025 0.152338
vt 0.642993 0.135291
vt 0.785676 0.135257
vt 0.785692 0.152364
vt 0.869028 0.152338
vt 0.869060 0.135291
vt 0.727442 0.135257
vt 0.727426 0.152364
vt 0.807950 0.151434
vt 0.678462 0.151563
vt 0.678015 0.135133
vt 0.807955 0.135104
vt 0.677840 0.130599
vt 0.807955 0.130170
vt 0.868650 0.130142
vt 0.727167 0.130259
vt 0.879010 0.151137
vt 0.720563 0.151347
vt 0.718517 0.135289
vt 0.877158 0.135316
vt 0.718657 0.130827
vt 0.877375 0.130892
vt 0.946516 0.152327
vt 0.945963 0.135311
vt 0.968458 0.135315
vt 0.969355 0.152353
vt 0.987197 0.152373
vt 0.968458 0.135315
vt 0.967489 0.152351
vt 0.945952 0.130181
vt 0.968441 0.130199
vt 0.946630 0.135311
vt 0.968441 0.130199
vt 0.946618 0.130181
vt 0.946027 0.152327
vt 0.987197 0.152373
vt 0.524856 0.152373
vt 0.567232 0.152325
vt 0.561429 0.135312
vt 0.543595 0.135315
vt 0.601655 0.152286
vt 0.643025 0.152338
vt 0.642993 0.135291
vt 0.601661 0.135305
vt 0.567232 0.152325
vt 0.564799 0.135311
vt 0.601661 0.135305
vt 0.601655 0.152286
vt 0.642993 0.135291
vt 0.643025 0.152338
vt 0.784611 0.135257
vt 0.784627 0.152364
vt 0.704103 0.151434
vt 0.833591 0.151563
vt 0.834038 0.135133
vt 0.704098 0.135104
vt 0.633043 0.151137
vt 0.791490 0.151347
vt 0.793536 0.135289
vt 0.634895 0.135316
vt 0.578908 0.130381
vt 0.579041 0.135221
vt 0.579042 0.152392
vt 0.933012 0.135221
vt 0.933011 0.152392
vt 0.578908 0.130381
vt 0.579041 0.135221
vt 0.579042 0.152392
vt 0.933012 0.135221
vt 0.933011 0.152392
vt 0.960683 0.151690
vt 0.961572 0.135162
vt 0.551370 0.151690
vt 0.550480 0.135162
vt 0.550134 0.131019
vt 0.984915 0.151603
vt 0.987197 0.135255
vt 0.527138 0.151603
vt 0.524856 0.135255
vt 0.524902 0.130748
vt 0.524856 0.152373
vt 0.543595 0.135315
vt 0.916728 0.152294
vt 0.916626 0.135306
vt 0.916622 0.130157
vt 0.914793 0.135306
vt 0.914788 0.130156
vt 0.914725 0.152291
vt 0.524856 0.152373
vt 0.543595 0.135315
vt 0.524856 0.152373
vt 0.543595 0.135315
vt 0.524856 0.152373
vt 0.543595 0.135315
vt 0.916622 0.130157
vt 0.916626 0.135306
vt 0.916728 0.152294
vt 0.914725 0.152291
vt 0.914793 0.135306
vt 0.914788 0.130156
vt 0.914793 0.135306
vt 0.914788 0.130156
vt 0.914725 0.152291
vt 0.916728 0.152294
vt 0.916626 0.135306
vt 0.916622 0.130157
vt 0.916622 0.130157
vt 0.916626 0.135306
vt 0.916728 0.152294
vt 0.914725 0.152291
vt 0.914793 0.135306
vt 0.914788 0.130156
vt 0.903508 0.117977
vt 0.998374 0.118761
vt 0.998652 0.136157
vt 0.903493 0.135305
vt 0.980408 0.152311
vt 0.981011 0.156691
vt 0.895784 0.157478
vt 0.895773 0.152297
vt 0.989257 0.161689
vt 0.989257 0.232979
vt 0.961354 0.232903
vt 0.935286 0.161818
vt 0.524863 0.157300
vt 0.524856 0.152373
vt 0.567232 0.152325
vt 0.567234 0.157398
vt 0.601653 0.157478
vt 0.601655 0.152286
vt 0.643025 0.152338
vt 0.642937 0.157356
vt 0.862024 0.161835
vt 0.861938 0.232841
vt 0.821716 0.232845
vt 0.821986 0.162052
vt 0.830505 0.152286
vt 0.830503 0.157478
vt 0.791204 0.155046
vt 0.789514 0.151777
vt 0.830515 0.135305
vt 0.790171 0.137302
vt 0.788412 0.117977
vt 0.830530 0.117977
vt 0.938687 0.232841
vt 0.891444 0.161835
vt 0.788038 0.152365
vt 0.788057 0.157207
vt 0.680900 0.232764
vt 0.681286 0.162009
vt 0.650135 0.155641
vt 0.648801 0.151914
vt 0.649513 0.136189
vt 0.648129 0.118015
vt 0.903508 0.117977
vt 0.903493 0.135305
vt 0.998652 0.136157
vt 0.998374 0.118761
vt 0.980408 0.152311
vt 0.895773 0.152297
vt 0.895784 0.157478
vt 0.981011 0.156691
vt 0.989257 0.161689
vt 0.935286 0.161818
vt 0.961354 0.232903
vt 0.989257 0.232979
vt 0.524863 0.157300
vt 0.567234 0.157398
vt 0.567232 0.152325
vt 0.524856 0.152373
vt 0.601653 0.157478
vt 0.642937 0.157356
vt 0.643025 0.152338
vt 0.601655 0.152286
vt 0.862024 0.161835
vt 0.821986 0.162052
vt 0.821716 0.232845
vt 0.861938 0.232841
vt 0.830505 0.152286
vt 0.789514 0.151777
vt 0.791204 0.155046
vt 0.830503 0.157478
vt 0.830515 0.135305
vt 0.790171 0.137302
vt 0.788412 0.117977
vt 0.830530 0.117977
vt 0.891444 0.161835
vt 0.938687 0.232841
vt 0.704105 0.156741
vt 0.824874 0.156673
vt 0.825044 0.151555
vt 0.704103 0.151434
vt 0.776215 0.162059
vt 0.658076 0.162081
vt 0.658062 0.232855
vt 0.776187 0.232892
vt 0.791276 0.151745
vt 0.672410 0.151722
vt 0.671771 0.156781
vt 0.791275 0.156931
vt 0.791278 0.135462
vt 0.674233 0.135295
vt 0.791278 0.117406
vt 0.674234 0.118052
vt 0.542966 0.118778
vt 0.542964 0.135107
vt 0.539098 0.151697
vt 0.537745 0.156612
vt 0.525580 0.162106
vt 0.525583 0.232813
vt 0.960318 0.156596
vt 0.960683 0.151690
vt 0.933011 0.152392
vt 0.933138 0.157059
vt 0.540123 0.232684
vt 0.540626 0.161967
vt 0.509106 0.156235
vt 0.508127 0.152051
vt 0.508894 0.135077
vt 0.507884 0.118052
vt 0.903508 0.117977
vt 0.998374 0.118761
vt 0.998652 0.136157
vt 0.903493 0.135305
vt 0.980408 0.152311
vt 0.981011 0.156691
vt 0.895784 0.157478
vt 0.895773 0.152297
vt 0.989257 0.161689
vt 0.989257 0.232979
vt 0.961354 0.232903
vt 0.935286 0.161818
vt 0.524863 0.157300
vt 0.524856 0.152373
vt 0.567232 0.152325
vt 0.567234 0.157398
vt 0.601653 0.157478
vt 0.601655 0.152286
vt 0.643025 0.152338
vt 0.642937 0.157356
vt 0.862024 0.161835
vt 0.861938 0.232841
vt 0.821716 0.232845
vt 0.821986 0.162052
vt 0.830505 0.152286
vt 0.830503 0.157478
vt 0.791204 0.155046
vt 0.789514 0.151777
vt 0.830515 0.135305
vt 0.790171 0.137302
vt 0.788412 0.117977
vt 0.830530 0.117977
vt 0.938687 0.232841
vt 0.891444 0.161835
vt 0.788038 0.152365
vt 0.788057 0.157207
vt 0.680900 0.232764
vt 0.681286 0.162009
vt 0.650135 0.155641
vt 0.648801 0.151914
vt 0.649513 0.136189
vt 0.648129 0.118015
vt 0.903508 0.117977
vt 0.903493 0.135305
vt 0.998652 0.136157
vt 0.998374 0.118761
vt 0.980408 0.152311
vt 0.895773 0.152297
vt 0.895784 0.157478
vt 0.981011 0.156691
vt 0.989257 0.161689
vt 0.935286 0.161818
vt 0.961354 0.232903
vt 0.989257 0.232979
vt 0.524863 0.157300
vt 0.567234 0.157398
vt 0.567232 0.152325
vt 0.524856 0.152373
vt 0.601653 0.157478
vt 0.642937 0.157356
vt 0.643025 0.152338
vt 0.601655 0.152286
vt 0.862024 0.161835
vt 0.821986 0.162052
vt 0.821716 0.232845
vt 0.861938 0.232841
vt 0.830505 0.152286
vt 0.789514 0.151777
vt 0.791204 0.155046
vt 0.830503 0.157478
vt 0.830515 0.135305
vt 0.790171 0.137302
vt 0.788412 0.117977
vt 0.830530 0.117977
vt 0.891444 0.161835
vt 0.938687 0.232841
vt 0.704105 0.156741
vt 0.824874 0.156673
vt 0.825044 0.151555
vt 0.704103 0.151434
vt 0.776215 0.162059
vt 0.658076 0.162081
vt 0.658062 0.232855
vt 0.776187 0.232892
vt 0.791276 0.151745
vt 0.672410 0.151722
vt 0.671771 0.156781
vt 0.791275 0.156931
vt 0.791278 0.135462
vt 0.674233 0.135295
vt 0.791278 0.117406
vt 0.674234 0.118052
vt 0.542966 0.118778
vt 0.542964 0.135107
vt 0.539098 0.151697
vt 0.537745 0.156612
vt 0.525580 0.162106
vt 0.525583 0.232813
vt 0.960318 0.156596
vt 0.960683 0.151690
vt 0.933011 0.152392
vt 0.933138 0.157059
vt 0.540123 0.232684
vt 0.540626 0.161967
vt 0.509106 0.156235
vt 0.508127 0.152051
vt 0.508894 0.135077
vt 0.507884 0.118052
vt 0.903508 0.117977
vt 0.998374 0.118761
vt 0.998652 0.136157
vt 0.903493 0.135305
vt 0.980408 0.152311
vt 0.981011 0.156691
vt 0.895784 0.157478
vt 0.895773 0.152297
vt 0.989257 0.161689
vt 0.989257 0.232979
vt 0.961354 0.232903
vt 0.935286 0.161818
vt 0.524863 0.157300
vt 0.524856 0.152373
vt 0.567232 0.152325
vt 0.567234 0.157398
vt 0.601653 0.157478
vt 0.601655 0.152286
vt 0.643025 0.152338
vt 0.642937 0.157356
vt 0.862024 0.161835
vt 0.861938 0.232841
vt 0.821716 0.232845
vt 0.821986 0.162052
vt 0.830505 0.152286
vt 0.830503 0.157478
vt 0.791204 0.155046
vt 0.789514 0.151777
vt 0.830515 0.135305
vt 0.790171 0.137302
vt 0.788412 0.117977
vt 0.830530 0.117977
vt 0.938687 0.232841
vt 0.891444 0.161835
vt 0.788038 0.152365
vt 0.788057 0.157207
vt 0.680900 0.232764
vt 0.681286 0.162009
vt 0.650135 0.155641
vt 0.648801 0.151914
vt 0.649513 0.136189
vt 0.648129 0.118015
vt 0.903508 0.117977
vt 0.903493 0.135305
vt 0.998652 0.136157
vt 0.998374 0.118761
vt 0.980408 0.152311
vt 0.895773 0.152297
vt 0.895784 0.157478
vt 0.981011 0.156691
vt 0.989257 0.161689
vt 0.935286 0.161818
vt 0.961354 0.232903
vt 0.989257 0.232979
vt 0.524863 0.157300
vt 0.567234 0.157398
vt 0.567232 0.152325
vt 0.524856 0.152373
vt 0.601653 0.157478
vt 0.642937 0.157356
vt 0.643025 0.152338
vt 0.601655 0.152286
vt 0.862024 0.161835
vt 0.821986 0.162052
vt 0.821716 0.232845
vt 0.861938 0.232841
vt 0.830505 0.152286
vt 0.789514 0.151777
vt 0.791204 0.155046
vt 0.830503 0.157478
vt 0.830515 0.135305
vt 0.790171 0.137302
vt 0.788412 0.117977
vt 0.830530 0.117977
vt 0.891444 0.161835
vt 0.938687 0.232841
vt 0.704105 0.156741
vt 0.824874 0.156673
vt 0.825044 0.151555
vt 0.704103 0.151434
vt 0.776215 0.162059
vt 0.658076 0.162081
vt 0.658062 0.232855
vt 0.776187 0.232892
vt 0.791276 0.151745
vt 0.672410 0.151722
vt 0.671771 0.156781
vt 0.791275 0.156931
vt 0.791278 0.135462
vt 0.674233 0.135295
vt 0.791278 0.117406
vt 0.674234 0.118052
vt 0.542966 0.118778
vt 0.542964 0.135107
vt 0.539098 0.151697
vt 0.537745 0.156612
vt 0.525580 0.162106
vt 0.525583 0.232813
vt 0.960318 0.156596
vt 0.960683 0.151690
vt 0.933011 0.152392
vt 0.933138 0.157059
vt 0.540123 0.232684
vt 0.540626 0.161967
vt 0.509106 0.156235
vt 0.508127 0.152051
vt 0.508894 0.135077
vt 0.507884 0.118052
vt 0.903508 0.117977
vt 0.998374 0.118761
vt 0.998652 0.136157
vt 0.903493 0.135305
vt 0.980408 0.152311
vt 0.981011 0.156691
vt 0.895784 0.157478
vt 0.895773 0.152297
vt 0.989257 0.161689
vt 0.989257 0.232979
vt 0.961354 0.232903
vt 0.935286 0.161818
vt 0.524863 0.157300
vt 0.524856 0.152373
vt 0.567232 0.152325
vt 0.567234 0.157398
vt 0.601653 0.157478
vt 0.601655 0.152286
vt 0.643025 0.152338
vt 0.642937 0.157356
vt 0.862024 0.161835
vt 0.861938 0.232841
vt 0.821716 0.232845
vt 0.821986 0.162052
vt 0.830505 0.152286
vt 0.830503 0.157478
vt 0.791204 0.155046
vt 0.789514 0.151777
vt 0.830515 0.135305
vt 0.790171 0.137302
vt 0.788412 0.117977
vt 0.830530 0.117977
vt 0.938687 0.232841
vt 0.891444 0.161835
vt 0.788038 0.152365
vt 0.788057 0.157207
vt 0.680900 0.232764
vt 0.681286 0.162009
vt 0.650135 0.155641
vt 0.648801 0.151914
vt 0.649513 0.136189
vt 0.648129 0.118015
vt 0.903508 0.117977
vt 0.903493 0.135305
vt 0.998652 0.136157
vt 0.998374 0.118761
vt 0.980408 0.152311
vt 0.895773 0.152297
vt 0.895784 0.157478
vt 0.981011 0.156691
vt 0.989257 0.161689
vt 0.935286 0.161818
vt 0.961354 0.232903
vt 0.989257 0.232979
vt 0.524863 0.157300
vt 0.567234 0.157398
vt 0.567232 0.152325
vt 0.524856 0.152373
vt 0.601653 0.157478
vt 0.642937 0.157356
vt 0.643025 0.152338
vt 0.601655 0.152286
vt 0.862024 0.161835
vt 0.821986 0.162052
vt 0.821716 0.232845
vt 0.861938 0.232841
vt 0.830505 0.152286
vt 0.789514 0.151777
vt 0.791204 0.155046
vt 0.830503 0.157478
vt 0.830515 0.135305
vt 0.790171 0.137302
vt 0.788412 0.117977
vt 0.830530 0.117977
vt 0.891444 0.161835
vt 0.938687 0.232841
vt 0.704105 0.156741
vt 0.824874 0.156673
vt 0.825044 0.151555
vt 0.704103 0.151434
vt 0.776215 0.162059
vt 0.658076 0.162081
vt 0.658062 0.232855
vt 0.776187 0.232892
vt 0.791276 0.151745
vt 0.672410 0.151722
vt 0.671771 0.156781
vt 0.791275 0.156931
vt 0.791278 0.135462
vt 0.674233 0.135295
vt 0.791278 0.117406
vt 0.674234 0.118052
vt 0.542966 0.118778
vt 0.542964 0.135107
vt 0.539098 0.151697
vt 0.537745 0.156612
vt 0.525580 0.162106
vt 0.525583 0.232813
vt 0.960318 0.156596
vt 0.960683 0.151690
vt 0.933011 0.152392
vt 0.933138 0.157059
vt 0.540123 0.232684
vt 0.540626 0.161967
vt 0.509106 0.156235
vt 0.508127 0.152051
vt 0.508894 0.135077
vt 0.507884 0.118052
vt 0.154978 0.643990
vt 0.154978 0.657870
vt 0.152053 0.657241
vt 0.152053 0.643388
vt 0.152053 0.629672
vt 0.154978 0.630230
vt 0.152053 0.615576
vt 0.154978 0.615571
vt 0.152053 0.684688
vt 0.154978 0.685336
vt 0.154978 0.698504
vt 0.152053 0.698509
vt 0.152053 0.671397
vt 0.154978 0.672025
vt 0.223791 0.633613
vt 0.207475 0.643134
vt 0.223791 0.652983
vt 0.240025 0.643315
vt 0.194533 0.643995
vt 0.194509 0.657835
vt 0.194610 0.672015
vt 0.194740 0.685476
vt 0.194769 0.698349
vt 0.194769 0.615416
vt 0.194669 0.630187
vt 0.223791 0.616101
vt 0.207785 0.625267
vt 0.239679 0.625006
vt 0.149373 0.643912
vt 0.149373 0.630426
vt 0.152269 0.630441
vt 0.152269 0.643917
vt 0.152269 0.657175
vt 0.149373 0.657147
vt 0.152269 0.672054
vt 0.149373 0.672042
vt 0.149373 0.685664
vt 0.152269 0.685558
vt 0.152269 0.698893
vt 0.149373 0.698241
vt 0.149373 0.615307
vt 0.152269 0.615960
vt 0.006071 0.644024
vt 0.006071 0.630581
vt 0.075703 0.630522
vt 0.075703 0.643973
vt 0.006071 0.615383
vt 0.075703 0.615481
vt 0.006071 0.685489
vt 0.075703 0.685546
vt 0.075703 0.698414
vt 0.006071 0.698317
vt 0.006071 0.671883
vt 0.075703 0.672000
vt 0.006071 0.657126
vt 0.075703 0.657171
vt 0.078706 0.643969
vt 0.078706 0.630534
vt 0.081567 0.630478
vt 0.081567 0.643957
vt 0.078706 0.616084
vt 0.081567 0.615371
vt 0.078706 0.685494
vt 0.081567 0.685612
vt 0.081567 0.698305
vt 0.078706 0.699018
vt 0.078706 0.672005
vt 0.081567 0.672031
vt 0.078706 0.657172
vt 0.081567 0.657176
vt 0.003313 0.644074
vt 0.003313 0.630714
vt 0.003313 0.616151
vt 0.003313 0.699085
vt 0.003313 0.685276
vt 0.003313 0.671792
vt 0.003313 0.657108
vt 0.149373 0.643912
vt 0.149373 0.630426
vt 0.152269 0.630441
vt 0.152269 0.643917
vt 0.152269 0.657175
vt 0.149373 0.657147
vt 0.152269 0.672054
vt 0.149373 0.672042
vt 0.149373 0.685664
vt 0.152269 0.685558
vt 0.152269 0.698893
vt 0.149373 0.698241
vt 0.149373 0.615307
vt 0.152269 0.615960
vt 0.006071 0.644024
vt 0.006071 0.630581
vt 0.075703 0.630522
vt 0.075703 0.643973
vt 0.006071 0.615383
vt 0.075703 0.615481
vt 0.006071 0.685489
vt 0.075703 0.685546
vt 0.075703 0.698414
vt 0.006071 0.698317
vt 0.006071 0.671883
vt 0.075703 0.672000
vt 0.006071 0.657126
vt 0.075703 0.657171
vt 0.078706 0.643969
vt 0.078706 0.630534
vt 0.081567 0.630478
vt 0.081567 0.643957
vt 0.078706 0.616084
vt 0.081567 0.615371
vt 0.078706 0.685494
vt 0.081567 0.685612
vt 0.081567 0.698305
vt 0.078706 0.699018
vt 0.078706 0.672005
vt 0.081567 0.672031
vt 0.078706 0.657172
vt 0.081567 0.657176
vt 0.003313 0.644074
vt 0.003313 0.630714
vt 0.003313 0.616151
vt 0.003313 0.699085
vt 0.003313 0.685276
vt 0.003313 0.671792
vt 0.003313 0.657108
vt 0.149373 0.643912
vt 0.149373 0.630426
vt 0.152269 0.630441
vt 0.152269 0.643917
vt 0.152269 0.657175
vt 0.149373 0.657147
vt 0.152269 0.672054
vt 0.149373 0.672042
vt 0.149373 0.685664
vt 0.152269 0.685558
vt 0.152269 0.698893
vt 0.149373 0.698241
vt 0.149373 0.615307
vt 0.152269 0.615960
vt 0.006071 0.644024
vt 0.006071 0.630581
vt 0.075703 0.630522
vt 0.075703 0.643973
vt 0.006071 0.615383
vt 0.075703 0.615481
vt 0.006071 0.685489
vt 0.075703 0.685546
vt 0.075703 0.698414
vt 0.006071 0.698317
vt 0.006071 0.671883
vt 0.075703 0.672000
vt 0.006071 0.657126
vt 0.075703 0.657171
vt 0.078706 0.643969
vt 0.078706 0.630534
vt 0.081567 0.630478
vt 0.081567 0.643957
vt 0.078706 0.616084
vt 0.081567 0.615371
vt 0.078706 0.685494
vt 0.081567 0.685612
vt 0.081567 0.698305
vt 0.078706 0.699018
vt 0.078706 0.672005
vt 0.081567 0.672031
vt 0.078706 0.657172
vt 0.081567 0.657176
vt 0.003313 0.644074
vt 0.003313 0.630714
vt 0.003313 0.616151
vt 0.003313 0.699085
vt 0.003313 0.685276
vt 0.003313 0.671792
vt 0.003313 0.657108
vt 0.149373 0.643912
vt 0.149373 0.630426
vt 0.152269 0.630441
vt 0.152269 0.643917
vt 0.152269 0.657175
vt 0.149373 0.657147
vt 0.152269 0.672054
vt 0.149373 0.672042
vt 0.149373 0.685664
vt 0.152269 0.685558
vt 0.152269 0.698893
vt 0.149373 0.698241
vt 0.149373 0.615307
vt 0.152269 0.615960
vt 0.006071 0.644024
vt 0.006071 0.630581
vt 0.075703 0.630522
vt 0.075703 0.643973
vt 0.006071 0.615383
vt 0.075703 0.615481
vt 0.006071 0.685489
vt 0.075703 0.685546
vt 0.075703 0.698414
vt 0.006071 0.698317
vt 0.006071 0.671883
vt 0.075703 0.672000
vt 0.006071 0.657126
vt 0.075703 0.657171
vt 0.078706 0.643969
vt 0.078706 0.630534
vt 0.081567 0.630478
vt 0.081567 0.643957
vt 0.078706 0.616084
vt 0.081567 0.615371
vt 0.078706 0.685494
vt 0.081567 0.685612
vt 0.081567 0.698305
vt 0.078706 0.699018
vt 0.078706 0.672005
vt 0.081567 0.672031
vt 0.078706 0.657172
vt 0.081567 0.657176
vt 0.149373 0.643912
vt 0.149373 0.630426
vt 0.152269 0.630441
vt 0.152269 0.657175
vt 0.149373 0.657147
vt 0.152269 0.672054
vt 0.149373 0.672042
vt 0.149373 0.685664
vt 0.152269 0.698893
vt 0.149373 0.698241
vt 0.149373 0.615307
vt 0.152269 0.615960
vt 0.006071 0.644024
vt 0.006071 0.630581
vt 0.075703 0.630522
vt 0.075703 0.643973
vt 0.006071 0.615383
vt 0.075703 0.615481
vt 0.006071 0.685489
vt 0.075703 0.685546
vt 0.075703 0.698414
vt 0.006071 0.698317
vt 0.006071 0.671883
vt 0.075703 0.672000
vt 0.006071 0.657126
vt 0.075703 0.657171
vt 0.078706 0.643969
vt 0.078706 0.630534
vt 0.081567 0.630478
vt 0.081567 0.643957
vt 0.078706 0.616084
vt 0.081567 0.615371
vt 0.078706 0.685494
vt 0.081567 0.685612
vt 0.081567 0.698305
vt 0.078706 0.699018
vt 0.078706 0.672005
vt 0.081567 0.672031
vt 0.078706 0.657172
vt 0.081567 0.657176
vt 0.003313 0.644074
vt 0.003313 0.630714
vt 0.003313 0.616151
vt 0.003313 0.699085
vt 0.003313 0.685276
vt 0.003313 0.671792
vt 0.003313 0.657108
vt 0.154978 0.643990
vt 0.152053 0.643388
vt 0.152053 0.657241
vt 0.154978 0.657870
vt 0.154978 0.630230
vt 0.152053 0.629672
vt 0.154978 0.615571
vt 0.152053 0.615576
vt 0.152053 0.684688
vt 0.152053 0.698509
vt 0.154978 0.698504
vt 0.154978 0.685336
vt 0.154978 0.672025
vt 0.152053 0.671397
vt 0.223791 0.633613
vt 0.223791 0.652983
vt 0.207475 0.643134
vt 0.240025 0.643315
vt 0.194533 0.643995
vt 0.194509 0.657835
vt 0.194610 0.672015
vt 0.194740 0.685476
vt 0.194769 0.698349
vt 0.194769 0.615416
vt 0.194669 0.630187
vt 0.223791 0.616101
vt 0.207785 0.625267
vt 0.239679 0.625006
vt 0.149373 0.643912
vt 0.152269 0.643917
vt 0.152269 0.630441
vt 0.149373 0.630426
vt 0.149373 0.657147
vt 0.152269 0.657175
vt 0.149373 0.672042
vt 0.152269 0.672054
vt 0.149373 0.685664
vt 0.152269 0.685558
vt 0.149373 0.698241
vt 0.152269 0.698893
vt 0.149373 0.615307
vt 0.152269 0.615960
vt 0.006071 0.644024
vt 0.075703 0.643973
vt 0.075703 0.630522
vt 0.006071 0.630581
vt 0.006071 0.615383
vt 0.075703 0.615481
vt 0.006071 0.685489
vt 0.006071 0.698317
vt 0.075703 0.698414
vt 0.075703 0.685546
vt 0.075703 0.672000
vt 0.006071 0.671883
vt 0.006071 0.657126
vt 0.075703 0.657171
vt 0.078706 0.643969
vt 0.081567 0.643957
vt 0.081567 0.630478
vt 0.078706 0.630534
vt 0.078706 0.616084
vt 0.081567 0.615371
vt 0.078706 0.685494
vt 0.078706 0.699018
vt 0.081567 0.698305
vt 0.081567 0.685612
vt 0.081567 0.672031
vt 0.078706 0.672005
vt 0.078706 0.657172
vt 0.081567 0.657176
vt 0.003313 0.644074
vt 0.003313 0.630714
vt 0.003313 0.616151
vt 0.003313 0.699085
vt 0.003313 0.685276
vt 0.003313 0.671792
vt 0.003313 0.657108
vt 0.149373 0.643912
vt 0.152269 0.643917
vt 0.152269 0.630441
vt 0.149373 0.630426
vt 0.149373 0.657147
vt 0.152269 0.657175
vt 0.149373 0.672042
vt 0.152269 0.672054
vt 0.149373 0.685664
vt 0.152269 0.685558
vt 0.149373 0.698241
vt 0.152269 0.698893
vt 0.149373 0.615307
vt 0.152269 0.615960
vt 0.006071 0.644024
vt 0.075703 0.643973
vt 0.075703 0.630522
vt 0.006071 0.630581
vt 0.006071 0.615383
vt 0.075703 0.615481
vt 0.006071 0.685489
vt 0.006071 0.698317
vt 0.075703 0.698414
vt 0.075703 0.685546
vt 0.075703 0.672000
vt 0.006071 0.671883
vt 0.006071 0.657126
vt 0.075703 0.657171
vt 0.078706 0.643969
vt 0.081567 0.643957
vt 0.081567 0.630478
vt 0.078706 0.630534
vt 0.078706 0.616084
vt 0.081567 0.615371
vt 0.078706 0.685494
vt 0.078706 0.699018
vt 0.081567 0.698305
vt 0.081567 0.685612
vt 0.081567 0.672031
vt 0.078706 0.672005
vt 0.078706 0.657172
vt 0.081567 0.657176
vt 0.003313 0.644074
vt 0.003313 0.630714
vt 0.003313 0.616151
vt 0.003313 0.699085
vt 0.003313 0.685276
vt 0.003313 0.671792
vt 0.003313 0.657108
vt 0.149373 0.643912
vt 0.152269 0.643917
vt 0.152269 0.630441
vt 0.149373 0.630426
vt 0.149373 0.657147
vt 0.152269 0.657175
vt 0.149373 0.672042
vt 0.152269 0.672054
vt 0.149373 0.685664
vt 0.152269 0.685558
vt 0.149373 0.698241
vt 0.152269 0.698893
vt 0.149373 0.615307
vt 0.152269 0.615960
vt 0.006071 0.644024
vt 0.075703 0.643973
vt 0.075703 0.630522
vt 0.006071 0.630581
vt 0.006071 0.615383
vt 0.075703 0.615481
vt 0.006071 0.685489
vt 0.006071 0.698317
vt 0.075703 0.698414
vt 0.075703 0.685546
vt 0.075703 0.672000
vt 0.006071 0.671883
vt 0.006071 0.657126
vt 0.075703 0.657171
vt 0.078706 0.643969
vt 0.081567 0.643957
vt 0.081567 0.630478
vt 0.078706 0.630534
vt 0.078706 0.616084
vt 0.081567 0.615371
vt 0.078706 0.685494
vt 0.078706 0.699018
vt 0.081567 0.698305
vt 0.081567 0.685612
vt 0.081567 0.672031
vt 0.078706 0.672005
vt 0.078706 0.657172
vt 0.081567 0.657176
vt 0.003313 0.644074
vt 0.003313 0.630714
vt 0.003313 0.616151
vt 0.003313 0.699085
vt 0.003313 0.685276
vt 0.003313 0.671792
vt 0.003313 0.657108
vt 0.149373 0.643912
vt 0.152269 0.643917
vt 0.152269 0.630441
vt 0.149373 0.630426
vt 0.149373 0.657147
vt 0.152269 0.657175
vt 0.149373 0.672042
vt 0.152269 0.672054
vt 0.149373 0.685664
vt 0.152269 0.685558
vt 0.149373 0.698241
vt 0.152269 0.698893
vt 0.149373 0.615307
vt 0.152269 0.615960
vt 0.006071 0.644024
vt 0.075703 0.643973
vt 0.075703 0.630522
vt 0.006071 0.630581
vt 0.006071 0.615383
vt 0.075703 0.615481
vt 0.006071 0.685489
vt 0.006071 0.698317
vt 0.075703 0.698414
vt 0.075703 0.685546
vt 0.075703 0.672000
vt 0.006071 0.671883
vt 0.006071 0.657126
vt 0.075703 0.657171
vt 0.078706 0.643969
vt 0.081567 0.643957
vt 0.081567 0.630478
vt 0.078706 0.630534
vt 0.078706 0.616084
vt 0.081567 0.615371
vt 0.078706 0.685494
vt 0.078706 0.699018
vt 0.081567 0.698305
vt 0.081567 0.685612
vt 0.081567 0.672031
vt 0.078706 0.672005
vt 0.078706 0.657172
vt 0.081567 0.657176
vt 0.149373 0.643912
vt 0.152269 0.630441
vt 0.149373 0.630426
vt 0.149373 0.657147
vt 0.152269 0.657175
vt 0.149373 0.672042
vt 0.152269 0.672054
vt 0.149373 0.685664
vt 0.149373 0.698241
vt 0.152269 0.698893
vt 0.149373 0.615307
vt 0.152269 0.615960
vt 0.006071 0.644024
vt 0.075703 0.643973
vt 0.075703 0.630522
vt 0.006071 0.630581
vt 0.006071 0.615383
vt 0.075703 0.615481
vt 0.006071 0.685489
vt 0.006071 0.698317
vt 0.075703 0.698414
vt 0.075703 0.685546
vt 0.075703 0.672000
vt 0.006071 0.671883
vt 0.006071 0.657126
vt 0.075703 0.657171
vt 0.078706 0.643969
vt 0.081567 0.643957
vt 0.081567 0.630478
vt 0.078706 0.630534
vt 0.078706 0.616084
vt 0.081567 0.615371
vt 0.078706 0.685494
vt 0.078706 0.699018
vt 0.081567 0.698305
vt 0.081567 0.685612
vt 0.081567 0.672031
vt 0.078706 0.672005
vt 0.078706 0.657172
vt 0.081567 0.657176
vt 0.003313 0.644074
vt 0.003313 0.630714
vt 0.003313 0.616151
vt 0.003313 0.699085
vt 0.003313 0.685276
vt 0.003313 0.671792
vt 0.003313 0.657108
vt 0.223791 0.633613
vt 0.223791 0.652983
vt 0.207475 0.643134
vt 0.240025 0.643315
vt 0.223791 0.616101
vt 0.207785 0.625267
vt 0.239679 0.625006
vt 0.006071 0.642380
vt 0.075720 0.642333
vt 0.075720 0.629784
vt 0.006071 0.629839
vt 0.006071 0.615661
vt 0.075720 0.615752
vt 0.006071 0.681063
vt 0.006071 0.697137
vt 0.075720 0.697228
vt 0.075720 0.681117
vt 0.075720 0.668479
vt 0.006071 0.668370
vt 0.006071 0.654603
vt 0.075720 0.654646
vt 0.078722 0.642329
vt 0.081584 0.642317
vt 0.081584 0.629743
vt 0.078722 0.629795
vt 0.078722 0.616315
vt 0.081584 0.615650
vt 0.078722 0.681068
vt 0.078722 0.697791
vt 0.081584 0.697126
vt 0.081584 0.681179
vt 0.081584 0.668508
vt 0.078722 0.668484
vt 0.078722 0.654646
vt 0.081584 0.654650
vt 0.149373 0.642275
vt 0.149373 0.629694
vt 0.149373 0.615590
vt 0.149373 0.697066
vt 0.149373 0.681227
vt 0.149373 0.668518
vt 0.149373 0.654623
vt 0.223791 0.633613
vt 0.223791 0.652983
vt 0.207475 0.643134
vt 0.240025 0.643315
vt 0.223791 0.616101
vt 0.207785 0.625267
vt 0.239679 0.625006
vt 0.156530 0.826565
vt 0.173897 0.826565
vt 0.173695 0.878187
vt 0.156530 0.878191
vt 0.173718 0.929586
vt 0.156530 0.929592
vt 0.174081 0.981726
vt 0.156530 0.981748
vt 0.147821 0.879486
vt 0.147809 0.827759
vt 0.136159 0.878191
vt 0.136159 0.826566
vt 0.100592 0.826567
vt 0.100592 0.878196
vt 0.147824 0.930955
vt 0.136159 0.929591
vt 0.100592 0.929597
vt 0.147856 0.982107
vt 0.136159 0.981732
vt 0.100592 0.981745
vt 0.091197 0.879486
vt 0.091203 0.827757
vt 0.081128 0.878198
vt 0.081128 0.826562
vt 0.043730 0.826605
vt 0.081128 0.826562
vt 0.081128 0.878198
vt 0.043730 0.878179
vt 0.091205 0.930957
vt 0.081128 0.929604
vt 0.043730 0.878179
vt 0.081128 0.878198
vt 0.081128 0.929604
vt 0.043730 0.929554
vt 0.091409 0.982139
vt 0.081128 0.981832
vt 0.043730 0.929554
vt 0.081128 0.929604
vt 0.081128 0.981832
vt 0.043730 0.981687
vt 0.040651 0.754244
vt 0.044078 0.702816
vt 0.051749 0.702877
vt 0.051417 0.754592
vt 0.077432 0.771872
vt 0.078801 0.775446
vt 0.047339 0.775710
vt 0.048616 0.772160
vt 0.011405 0.702616
vt 0.044078 0.702816
vt 0.040651 0.754244
vt 0.014028 0.753670
vt 0.040121 0.761611
vt 0.051320 0.761611
vt 0.103947 0.775624
vt 0.091412 0.775473
vt 0.233515 0.697448
vt 0.236038 0.681310
vt 0.249017 0.697016
vt 0.237124 0.713208
vt 0.081128 0.826562
vt 0.043730 0.826605
vt 0.104252 0.767742
vt 0.091506 0.767742
vt 0.078838 0.767742
vt 0.036616 0.761611
vt 0.037328 0.754800
vt 0.066608 0.754757
vt 0.067154 0.761611
vt 0.063695 0.761611
vt 0.063319 0.754219
vt 0.230976 0.713302
vt 0.229869 0.681412
vt 0.218148 0.699167
vt 0.091000 0.754216
vt 0.094923 0.703000
vt 0.103377 0.702991
vt 0.102534 0.754588
vt 0.133939 0.772117
vt 0.135344 0.775654
vt 0.105204 0.772087
vt 0.060403 0.702915
vt 0.090395 0.761611
vt 0.102369 0.761611
vt 0.160178 0.775647
vt 0.147749 0.775537
vt 0.214033 0.726150
vt 0.217237 0.710007
vt 0.230528 0.726303
vt 0.160415 0.767742
vt 0.147741 0.767742
vt 0.135078 0.767742
vt 0.086963 0.761611
vt 0.087731 0.754759
vt 0.116783 0.754650
vt 0.117157 0.761611
vt 0.113696 0.761611
vt 0.113486 0.754133
vt 0.217189 0.742003
vt 0.210829 0.741993
vt 0.210878 0.709996
vt 0.198532 0.725555
vt 0.111395 0.702954
vt 0.128366 0.702852
vt 0.127438 0.754023
vt 0.156530 0.826565
vt 0.174081 0.826565
vt 0.174746 0.878186
vt 0.156530 0.878191
vt 0.174746 0.929586
vt 0.156530 0.929592
vt 0.174746 0.981726
vt 0.156530 0.981748
vt 0.147819 0.879692
vt 0.147814 0.827173
vt 0.136159 0.878191
vt 0.136159 0.826566
vt 0.100592 0.826567
vt 0.100592 0.878196
vt 0.147821 0.931151
vt 0.136159 0.929591
vt 0.100592 0.929597
vt 0.147853 0.982304
vt 0.136159 0.981732
vt 0.097082 0.980467
vt 0.091194 0.879692
vt 0.091218 0.827170
vt 0.081128 0.878198
vt 0.081128 0.826562
vt 0.043730 0.826605
vt 0.081128 0.826562
vt 0.081128 0.878198
vt 0.043730 0.878179
vt 0.091202 0.931153
vt 0.081128 0.929604
vt 0.043730 0.879323
vt 0.081128 0.878198
vt 0.081128 0.929604
vt 0.051499 0.929663
vt 0.051499 0.929663
vt 0.081128 0.929604
vt 0.081128 0.963717
vt 0.156530 0.826565
vt 0.174746 0.826565
vt 0.174768 0.879321
vt 0.156530 0.879323
vt 0.172421 0.910982
vt 0.156530 0.894314
vt 0.146663 0.878961
vt 0.147834 0.826003
vt 0.136159 0.870535
vt 0.136159 0.826566
vt 0.097971 0.827166
vt 0.213081 0.826605
vt 0.213081 0.878179
vt 0.203317 0.879479
vt 0.203350 0.827773
vt 0.192515 0.878182
vt 0.192515 0.826564
vt 0.156530 0.826565
vt 0.156530 0.878191
vt 0.213081 0.929554
vt 0.203335 0.930939
vt 0.192515 0.929580
vt 0.156530 0.929592
vt 0.213081 0.981687
vt 0.203596 0.982066
vt 0.192515 0.981704
vt 0.156530 0.981748
vt 0.147859 0.879486
vt 0.147847 0.827759
vt 0.136159 0.878191
vt 0.136159 0.826566
vt 0.100592 0.826567
vt 0.100592 0.878196
vt 0.147862 0.930955
vt 0.136159 0.929591
vt 0.102521 0.930730
vt 0.147893 0.982107
vt 0.136159 0.981732
vt 0.114455 0.981944
vt 0.091208 0.879486
vt 0.091214 0.827757
vt 0.081128 0.878198
vt 0.081128 0.826562
vt 0.043730 0.826605
vt 0.081128 0.826562
vt 0.081128 0.878198
vt 0.043730 0.878179
vt 0.091216 0.930957
vt 0.081128 0.929604
vt 0.043730 0.879323
vt 0.081128 0.878198
vt 0.081128 0.929604
vt 0.055671 0.929729
vt 0.055671 0.929729
vt 0.081128 0.929604
vt 0.081128 0.954590
vt 0.040651 0.754244
vt 0.044078 0.702816
vt 0.052073 0.702878
vt 0.051832 0.754592
vt 0.077432 0.771872
vt 0.078801 0.775446
vt 0.047339 0.775710
vt 0.048616 0.772160
vt 0.011405 0.702616
vt 0.044078 0.702816
vt 0.040651 0.754244
vt 0.014028 0.753670
vt 0.040121 0.761611
vt 0.051759 0.761611
vt 0.103947 0.775624
vt 0.091428 0.775473
vt 0.233515 0.697448
vt 0.236038 0.681310
vt 0.249017 0.696989
vt 0.081128 0.826562
vt 0.043730 0.826605
vt 0.104252 0.767742
vt 0.091521 0.767742
vt 0.078838 0.767742
vt 0.036616 0.761611
vt 0.037328 0.754800
vt 0.066608 0.754757
vt 0.067154 0.761611
vt 0.063695 0.761611
vt 0.063319 0.754219
vt 0.237124 0.713208
vt 0.230976 0.713302
vt 0.229869 0.681412
vt 0.218119 0.698366
vt 0.091000 0.754216
vt 0.094923 0.703000
vt 0.102853 0.702994
vt 0.101870 0.754591
vt 0.133939 0.772117
vt 0.135344 0.775654
vt 0.105204 0.772087
vt 0.060403 0.702915
vt 0.090395 0.761611
vt 0.101666 0.761611
vt 0.160178 0.775647
vt 0.147805 0.775537
vt 0.214033 0.726150
vt 0.217237 0.710007
vt 0.230528 0.726203
vt 0.217189 0.742003
vt 0.160415 0.767742
vt 0.147797 0.767742
vt 0.135078 0.767742
vt 0.086963 0.761611
vt 0.087731 0.754759
vt 0.116783 0.754650
vt 0.117157 0.761611
vt 0.113696 0.761611
vt 0.113486 0.754133
vt 0.210829 0.741993
vt 0.210878 0.709996
vt 0.198531 0.726877
vt 0.141852 0.753910
vt 0.146261 0.702743
vt 0.154025 0.702691
vt 0.152974 0.754221
vt 0.189684 0.772121
vt 0.191080 0.775659
vt 0.161397 0.772105
vt 0.111395 0.702954
vt 0.141089 0.761611
vt 0.152702 0.761611
vt 0.215795 0.775710
vt 0.203576 0.775547
vt 0.233309 0.752191
vt 0.236410 0.736023
vt 0.248702 0.752068
vt 0.236368 0.768216
vt 0.216146 0.767742
vt 0.203606 0.767742
vt 0.190816 0.767742
vt 0.137591 0.761611
vt 0.138527 0.754481
vt 0.168380 0.754183
vt 0.168799 0.761611
vt 0.165183 0.761611
vt 0.164970 0.753670
vt 0.230206 0.768096
vt 0.230260 0.735888
vt 0.217752 0.752851
vt 0.213081 0.826605
vt 0.213081 0.879323
vt 0.203314 0.879685
vt 0.203370 0.827184
vt 0.192515 0.878182
vt 0.192515 0.826564
vt 0.156530 0.827712
vt 0.168956 0.878384
vt 0.192515 0.906501
vt 0.114429 0.826790
vt 0.136159 0.826566
vt 0.136159 0.851930
vt 0.213081 0.826605
vt 0.213081 0.879323
vt 0.203220 0.879479
vt 0.203251 0.827773
vt 0.192515 0.878182
vt 0.192515 0.826564
vt 0.156530 0.827712
vt 0.167678 0.878361
vt 0.192515 0.905018
vt 0.107748 0.826674
vt 0.136159 0.826566
vt 0.136159 0.855122
vt 0.051984 0.754597
vt 0.040651 0.754244
vt 0.042709 0.723372
vt 0.052017 0.717370
vt 0.049464 0.772160
vt 0.077432 0.771872
vt 0.078801 0.775446
vt 0.048188 0.775710
vt 0.042709 0.723372
vt 0.040651 0.754244
vt 0.013472 0.753670
vt 0.040121 0.761611
vt 0.051898 0.761611
vt 0.233515 0.697448
vt 0.236038 0.681310
vt 0.249017 0.696993
vt 0.237124 0.713208
vt 0.104252 0.767742
vt 0.103947 0.775624
vt 0.091408 0.775461
vt 0.091519 0.767742
vt 0.078838 0.767742
vt 0.036616 0.761611
vt 0.037328 0.754800
vt 0.066608 0.754757
vt 0.067154 0.761611
vt 0.063695 0.761611
vt 0.063319 0.754219
vt 0.230976 0.713302
vt 0.229869 0.681412
vt 0.218109 0.698112
vt 0.091000 0.754216
vt 0.094923 0.703000
vt 0.103205 0.702992
vt 0.102316 0.754589
vt 0.133939 0.772117
vt 0.135344 0.775654
vt 0.105204 0.772087
vt 0.066954 0.702865
vt 0.090395 0.761611
vt 0.102138 0.761611
vt 0.160178 0.775647
vt 0.147598 0.827759
vt 0.147444 0.775536
vt 0.214033 0.726150
vt 0.217237 0.710007
vt 0.230527 0.726856
vt 0.217189 0.742003
vt 0.160415 0.767742
vt 0.147430 0.767742
vt 0.135078 0.767742
vt 0.086963 0.761611
vt 0.087731 0.754759
vt 0.116783 0.754650
vt 0.117157 0.761611
vt 0.113696 0.761611
vt 0.113486 0.754133
vt 0.210829 0.741993
vt 0.210878 0.709996
vt 0.198532 0.725990
vt 0.141852 0.753910
vt 0.146261 0.702743
vt 0.153940 0.702692
vt 0.152862 0.754223
vt 0.189684 0.772121
vt 0.191080 0.775659
vt 0.161397 0.772105
vt 0.111395 0.702954
vt 0.141089 0.761611
vt 0.152583 0.761611
vt 0.215795 0.775710
vt 0.203432 0.775547
vt 0.233309 0.752191
vt 0.236410 0.736023
vt 0.248702 0.752329
vt 0.236368 0.768216
vt 0.216146 0.767742
vt 0.203459 0.767742
vt 0.190816 0.767742
vt 0.137591 0.761611
vt 0.138527 0.754481
vt 0.168380 0.754183
vt 0.168799 0.761611
vt 0.165183 0.761611
vt 0.164970 0.753670
vt 0.230206 0.768096
vt 0.230260 0.735888
vt 0.217753 0.753065
vt 0.079986 0.806379
vt 0.091313 0.814776
vt 0.079986 0.806379
vt 0.101867 0.820745
vt 0.147635 0.864049
vt 0.156530 0.869745
vt 0.203296 0.914403
vt 0.213081 0.919301
vt 0.091425 0.965882
vt 0.081128 0.954590
vt 0.100592 0.970339
vt 0.147852 0.827173
vt 0.147890 0.863384
vt 0.156530 0.867891
vt 0.203410 0.918865
vt 0.213081 0.922744
vt 0.081128 0.963717
vt 0.078801 0.775446
vt 0.077432 0.771872
vt 0.042709 0.723372
vt 0.013472 0.753670
vt 0.040651 0.754244
vt 0.156530 0.981687
vt 0.192515 0.981704
vt 0.192515 0.929580
vt 0.156530 0.929554
vt 0.156530 0.929554
vt 0.192515 0.929580
vt 0.192515 0.878182
vt 0.156530 0.878179
vt 0.156530 0.878179
vt 0.192515 0.878182
vt 0.192515 0.826564
vt 0.156530 0.826605
vt 0.147644 0.879486
vt 0.147630 0.827759
vt 0.136159 0.826566
vt 0.136159 0.878191
vt 0.147646 0.930955
vt 0.136159 0.929591
vt 0.147680 0.982106
vt 0.136159 0.981732
vt 0.100592 0.981745
vt 0.100592 0.929597
vt 0.100592 0.878196
vt 0.100592 0.826567
vt 0.090990 0.879762
vt 0.091006 0.828083
vt 0.081128 0.826562
vt 0.081128 0.878198
vt 0.090993 0.931224
vt 0.081128 0.929604
vt 0.091977 0.982227
vt 0.081128 0.981832
vt 0.063319 0.754219
vt 0.060403 0.702915
vt 0.052013 0.702878
vt 0.051755 0.754592
vt 0.044078 0.702816
vt 0.040651 0.754244
vt 0.063695 0.761611
vt 0.051678 0.761611
vt 0.040121 0.761611
vt 0.078801 0.775446
vt 0.091940 0.775479
vt 0.233515 0.697448
vt 0.237124 0.713208
vt 0.249017 0.697041
vt 0.078838 0.767742
vt 0.092029 0.767742
vt 0.037328 0.754800
vt 0.036616 0.761611
vt 0.066608 0.754757
vt 0.067154 0.761611
vt 0.230976 0.713302
vt 0.236038 0.681310
vt 0.229869 0.681412
vt 0.218124 0.698514
vt 0.113486 0.754133
vt 0.111395 0.702954
vt 0.102976 0.702993
vt 0.102026 0.754590
vt 0.094923 0.703000
vt 0.091000 0.754216
vt 0.113696 0.761611
vt 0.101832 0.761611
vt 0.090395 0.761611
vt 0.135344 0.775654
vt 0.147491 0.775537
vt 0.214033 0.726150
vt 0.230527 0.726772
vt 0.217237 0.710007
vt 0.217189 0.742003
vt 0.135078 0.767742
vt 0.147477 0.767742
vt 0.087731 0.754759
vt 0.086963 0.761611
vt 0.116783 0.754650
vt 0.117157 0.761611
vt 0.210829 0.741993
vt 0.210878 0.709996
vt 0.198531 0.726565
vt 0.103947 0.775624
vt 0.105204 0.772087
vt 0.133939 0.772117
vt 0.160440 0.775710
vt 0.156530 0.826605
vt 0.192515 0.826564
vt 0.191080 0.775659
vt 0.161717 0.772160
vt 0.189684 0.772121
vt 0.146261 0.702743
vt 0.110899 0.702616
vt 0.113523 0.753670
vt 0.141852 0.753910
vt 0.156530 0.981687
vt 0.192515 0.981704
vt 0.192515 0.929580
vt 0.156530 0.929554
vt 0.156530 0.929554
vt 0.192515 0.929580
vt 0.192515 0.878182
vt 0.156530 0.878179
vt 0.156530 0.878179
vt 0.192515 0.878182
vt 0.192515 0.826564
vt 0.156530 0.826605
vt 0.147640 0.879693
vt 0.147635 0.827185
vt 0.136159 0.826566
vt 0.136159 0.878191
vt 0.147642 0.931151
vt 0.136159 0.929591
vt 0.147675 0.982304
vt 0.136159 0.981732
vt 0.097287 0.980457
vt 0.100592 0.929597
vt 0.100592 0.878196
vt 0.100592 0.826567
vt 0.090965 0.879930
vt 0.091057 0.827694
vt 0.081128 0.826562
vt 0.081128 0.878198
vt 0.090964 0.931373
vt 0.081128 0.929604
vt 0.081128 0.963717
vt 0.156530 0.878179
vt 0.192515 0.878182
vt 0.192515 0.826564
vt 0.156530 0.826605
vt 0.146517 0.878973
vt 0.147651 0.826002
vt 0.136159 0.826566
vt 0.136159 0.870535
vt 0.156530 0.894314
vt 0.156530 0.879323
vt 0.097971 0.827166
vt 0.043730 0.981687
vt 0.081128 0.981832
vt 0.081128 0.929604
vt 0.043730 0.929554
vt 0.043730 0.929554
vt 0.081128 0.929604
vt 0.081128 0.878198
vt 0.043730 0.878179
vt 0.043730 0.878179
vt 0.081128 0.878198
vt 0.081128 0.826562
vt 0.043730 0.826605
vt 0.203317 0.879479
vt 0.203350 0.827773
vt 0.192515 0.826564
vt 0.192515 0.878182
vt 0.203335 0.930939
vt 0.192515 0.929580
vt 0.203596 0.982066
vt 0.192515 0.981704
vt 0.156530 0.981748
vt 0.156530 0.929592
vt 0.156530 0.878191
vt 0.156530 0.826565
vt 0.147858 0.879486
vt 0.147847 0.827759
vt 0.136159 0.826566
vt 0.136159 0.878191
vt 0.147861 0.930955
vt 0.136159 0.929591
vt 0.147893 0.982107
vt 0.136159 0.981732
vt 0.102521 0.930730
vt 0.100592 0.878196
vt 0.100592 0.826567
vt 0.091208 0.879486
vt 0.091214 0.827757
vt 0.081128 0.826562
vt 0.081128 0.878198
vt 0.091216 0.930956
vt 0.081128 0.929604
vt 0.091423 0.965881
vt 0.081128 0.954590
vt 0.063319 0.754219
vt 0.060403 0.702915
vt 0.052065 0.702878
vt 0.051822 0.754592
vt 0.044078 0.702816
vt 0.040651 0.754244
vt 0.063695 0.761611
vt 0.051749 0.761611
vt 0.040121 0.761611
vt 0.078801 0.775446
vt 0.091428 0.775473
vt 0.233515 0.697448
vt 0.249017 0.696989
vt 0.236038 0.681310
vt 0.237124 0.713208
vt 0.078838 0.767742
vt 0.091521 0.767742
vt 0.037328 0.754800
vt 0.036616 0.761611
vt 0.066608 0.754757
vt 0.067154 0.761611
vt 0.230976 0.713302
vt 0.229869 0.681412
vt 0.218119 0.698385
vt 0.113486 0.754133
vt 0.111395 0.702954
vt 0.102684 0.702994
vt 0.101656 0.754592
vt 0.094923 0.703000
vt 0.091000 0.754216
vt 0.113696 0.761611
vt 0.101441 0.761611
vt 0.090395 0.761611
vt 0.135344 0.775654
vt 0.147805 0.775537
vt 0.214033 0.726150
vt 0.230528 0.726203
vt 0.217237 0.710007
vt 0.217189 0.742003
vt 0.135078 0.767742
vt 0.147797 0.767742
vt 0.087731 0.754759
vt 0.086963 0.761611
vt 0.116783 0.754650
vt 0.117157 0.761611
vt 0.210829 0.741993
vt 0.210878 0.709996
vt 0.198530 0.727302
vt 0.103947 0.775624
vt 0.105204 0.772087
vt 0.133939 0.772117
vt 0.164970 0.753670
vt 0.162347 0.702616
vt 0.154210 0.702689
vt 0.153214 0.754219
vt 0.146261 0.702743
vt 0.141852 0.753910
vt 0.165183 0.761611
vt 0.152957 0.761611
vt 0.141089 0.761611
vt 0.191080 0.775659
vt 0.203576 0.775547
vt 0.233309 0.752191
vt 0.248702 0.752068
vt 0.236410 0.736023
vt 0.236368 0.768216
vt 0.190816 0.767742
vt 0.203606 0.767742
vt 0.138527 0.754481
vt 0.137591 0.761611
vt 0.168380 0.754183
vt 0.168799 0.761611
vt 0.230206 0.768096
vt 0.230260 0.735888
vt 0.217750 0.752390
vt 0.160178 0.775647
vt 0.161397 0.772105
vt 0.189684 0.772121
vt 0.047339 0.775710
vt 0.043730 0.826605
vt 0.081128 0.826562
vt 0.077432 0.771872
vt 0.048616 0.772160
vt 0.044078 0.702816
vt 0.011405 0.702616
vt 0.014028 0.753670
vt 0.040651 0.754244
vt 0.043730 0.878179
vt 0.081128 0.878198
vt 0.081128 0.826562
vt 0.043730 0.826605
vt 0.203314 0.879685
vt 0.203369 0.827203
vt 0.192515 0.826564
vt 0.192515 0.878182
vt 0.203407 0.918863
vt 0.192515 0.906501
vt 0.147888 0.863383
vt 0.147852 0.827185
vt 0.136159 0.826566
vt 0.136159 0.851930
vt 0.043730 0.878179
vt 0.081128 0.878198
vt 0.081128 0.826562
vt 0.043730 0.826605
vt 0.203220 0.879479
vt 0.203251 0.827773
vt 0.192515 0.826564
vt 0.192515 0.878182
vt 0.203296 0.914403
vt 0.192515 0.905018
vt 0.147636 0.864049
vt 0.147598 0.827759
vt 0.136159 0.826566
vt 0.136159 0.855122
vt 0.063319 0.754219
vt 0.060768 0.709341
vt 0.052021 0.717367
vt 0.051970 0.754608
vt 0.040651 0.754244
vt 0.042709 0.723372
vt 0.063695 0.761611
vt 0.051898 0.761611
vt 0.040121 0.761611
vt 0.233515 0.697448
vt 0.249017 0.696993
vt 0.236038 0.681310
vt 0.237124 0.713208
vt 0.078838 0.767742
vt 0.091392 0.775450
vt 0.091519 0.767742
vt 0.037328 0.754800
vt 0.036616 0.761611
vt 0.066608 0.754757
vt 0.067154 0.761611
vt 0.230976 0.713302
vt 0.229869 0.681412
vt 0.218109 0.698112
vt 0.113486 0.754133
vt 0.111395 0.702954
vt 0.102767 0.702994
vt 0.101762 0.754591
vt 0.094923 0.703000
vt 0.091000 0.754216
vt 0.113696 0.761611
vt 0.101551 0.761611
vt 0.090395 0.761611
vt 0.135344 0.775654
vt 0.147444 0.775537
vt 0.214033 0.726150
vt 0.230527 0.726856
vt 0.217237 0.710007
vt 0.217189 0.742003
vt 0.135078 0.767742
vt 0.147430 0.767742
vt 0.087731 0.754759
vt 0.086963 0.761611
vt 0.116783 0.754650
vt 0.117157 0.761611
vt 0.210829 0.741993
vt 0.210878 0.709996
vt 0.198531 0.727093
vt 0.105204 0.772087
vt 0.103947 0.775624
vt 0.133939 0.772117
vt 0.066954 0.702865
vt 0.164970 0.753670
vt 0.162347 0.702616
vt 0.154140 0.702690
vt 0.153124 0.754220
vt 0.146261 0.702743
vt 0.141852 0.753910
vt 0.165183 0.761611
vt 0.152862 0.761611
vt 0.141089 0.761611
vt 0.191080 0.775659
vt 0.203432 0.775547
vt 0.233309 0.752191
vt 0.248702 0.752329
vt 0.236410 0.736023
vt 0.236368 0.768216
vt 0.190816 0.767742
vt 0.203459 0.767742
vt 0.138527 0.754481
vt 0.137591 0.761611
vt 0.168380 0.754183
vt 0.168799 0.761611
vt 0.230206 0.768096
vt 0.230260 0.735888
vt 0.217751 0.752563
vt 0.160178 0.775647
vt 0.156530 0.827712
vt 0.161397 0.772105
vt 0.189684 0.772121
vt 0.047339 0.775710
vt 0.043730 0.826605
vt 0.081128 0.826562
vt 0.077432 0.771872
vt 0.048616 0.772160
vt 0.044078 0.702816
vt 0.011405 0.702616
vt 0.014028 0.753670
vt 0.040651 0.754244
vt 0.079986 0.806379
vt 0.079986 0.806379
vt 0.091314 0.814776
vt 0.107748 0.826674
vt 0.167678 0.878361
vt 0.043730 0.879323
vt 0.055671 0.929729
vt 0.081128 0.929604
vt 0.081128 0.878198
vt 0.055671 0.929729
vt 0.081128 0.954590
vt 0.081128 0.929604
vt 0.114455 0.981944
vt 0.114429 0.826790
vt 0.156530 0.827712
vt 0.156530 0.867891
vt 0.168956 0.878384
vt 0.043730 0.879323
vt 0.051499 0.929663
vt 0.081128 0.929604
vt 0.081128 0.878198
vt 0.051499 0.929663
vt 0.081128 0.963717
vt 0.081128 0.929604
vt 0.203046 0.879479
vt 0.203074 0.827773
vt 0.192515 0.826564
vt 0.192515 0.878182
vt 0.203064 0.930940
vt 0.192515 0.929580
vt 0.203324 0.982066
vt 0.192515 0.981704
vt 0.164970 0.753670
vt 0.162347 0.702616
vt 0.154165 0.702690
vt 0.153157 0.754219
vt 0.146261 0.702743
vt 0.141852 0.753910
vt 0.165183 0.761611
vt 0.152897 0.761611
vt 0.141089 0.761611
vt 0.203172 0.775546
vt 0.233309 0.752191
vt 0.248702 0.752798
vt 0.236410 0.736023
vt 0.236368 0.768216
vt 0.190816 0.767742
vt 0.203194 0.767742
vt 0.138527 0.754481
vt 0.137591 0.761611
vt 0.168380 0.754183
vt 0.168799 0.761611
vt 0.230206 0.768096
vt 0.230260 0.735888
vt 0.217751 0.752499
vt 0.203042 0.879685
vt 0.203095 0.827191
vt 0.192515 0.826564
vt 0.192515 0.878182
vt 0.203059 0.931136
vt 0.192515 0.929580
vt 0.203319 0.982264
vt 0.192515 0.981704
vt 0.203034 0.879859
vt 0.203131 0.826007
vt 0.192515 0.826564
vt 0.192515 0.878182
vt 0.213081 0.826605
vt 0.213081 0.878179
vt 0.203283 0.879479
vt 0.203316 0.827773
vt 0.192515 0.878182
vt 0.192515 0.826564
vt 0.156530 0.826605
vt 0.192515 0.826564
vt 0.192515 0.878182
vt 0.156530 0.878179
vt 0.213081 0.929554
vt 0.203301 0.930939
vt 0.192515 0.929580
vt 0.156530 0.878179
vt 0.192515 0.878182
vt 0.192515 0.929580
vt 0.156530 0.929554
vt 0.213081 0.981687
vt 0.203562 0.982066
vt 0.192515 0.981704
vt 0.156530 0.929554
vt 0.192515 0.929580
vt 0.192515 0.981704
vt 0.156530 0.981687
vt 0.141852 0.753910
vt 0.146261 0.702743
vt 0.154313 0.702688
vt 0.153350 0.754217
vt 0.189684 0.772121
vt 0.191080 0.775659
vt 0.160440 0.775710
vt 0.161717 0.772160
vt 0.110899 0.702616
vt 0.146261 0.702743
vt 0.141852 0.753910
vt 0.113523 0.753670
vt 0.141089 0.761611
vt 0.153101 0.761611
vt 0.215795 0.775710
vt 0.203526 0.775547
vt 0.233309 0.752191
vt 0.236410 0.736023
vt 0.248702 0.752158
vt 0.236368 0.768216
vt 0.192515 0.826564
vt 0.156530 0.826605
vt 0.216146 0.767742
vt 0.203555 0.767742
vt 0.190816 0.767742
vt 0.137591 0.761611
vt 0.138527 0.754481
vt 0.168380 0.754183
vt 0.168799 0.761611
vt 0.165183 0.761611
vt 0.164970 0.753670
vt 0.230206 0.768096
vt 0.230260 0.735888
vt 0.217749 0.752130
vt 0.213081 0.826605
vt 0.213081 0.878179
vt 0.203280 0.879685
vt 0.203336 0.827192
vt 0.192515 0.878182
vt 0.192515 0.826564
vt 0.156530 0.826605
vt 0.192515 0.826564
vt 0.192515 0.878182
vt 0.156530 0.878179
vt 0.213081 0.929554
vt 0.203298 0.931135
vt 0.192515 0.929580
vt 0.156530 0.878179
vt 0.192515 0.878182
vt 0.192515 0.929580
vt 0.156530 0.929554
vt 0.213081 0.981687
vt 0.203559 0.982264
vt 0.192515 0.981704
vt 0.156530 0.929554
vt 0.192515 0.929580
vt 0.192515 0.981704
vt 0.156530 0.981687
vt 0.213081 0.826605
vt 0.213081 0.878179
vt 0.203276 0.879859
vt 0.203377 0.826006
vt 0.192515 0.878182
vt 0.192515 0.826564
vt 0.156530 0.826605
vt 0.192515 0.826564
vt 0.192515 0.878182
vt 0.156530 0.878179
vt 0.213081 0.907297
vt 0.203287 0.911859
vt 0.192515 0.907491
vt 0.156530 0.826565
vt 0.156530 0.878191
vt 0.147677 0.879486
vt 0.147664 0.827759
vt 0.136159 0.878191
vt 0.136159 0.826566
vt 0.100592 0.826567
vt 0.100592 0.878196
vt 0.156530 0.929592
vt 0.147680 0.930955
vt 0.136159 0.929591
vt 0.100592 0.929597
vt 0.156530 0.981748
vt 0.147713 0.982107
vt 0.136159 0.981732
vt 0.100592 0.981745
vt 0.090979 0.879486
vt 0.090982 0.827757
vt 0.081128 0.878198
vt 0.081128 0.826562
vt 0.043730 0.826605
vt 0.081128 0.826562
vt 0.081128 0.878198
vt 0.043730 0.878179
vt 0.090987 0.930957
vt 0.081128 0.929604
vt 0.043730 0.878179
vt 0.081128 0.878198
vt 0.081128 0.929604
vt 0.043730 0.929554
vt 0.091193 0.982139
vt 0.081128 0.981832
vt 0.043730 0.929554
vt 0.081128 0.929604
vt 0.081128 0.981832
vt 0.043730 0.981687
vt 0.040651 0.754244
vt 0.044078 0.702816
vt 0.052034 0.702878
vt 0.051781 0.754592
vt 0.077432 0.771872
vt 0.078801 0.775446
vt 0.047339 0.775710
vt 0.048616 0.772160
vt 0.011405 0.702616
vt 0.044078 0.702816
vt 0.040651 0.754244
vt 0.014028 0.753670
vt 0.040121 0.761611
vt 0.051706 0.761611
vt 0.103947 0.775624
vt 0.091097 0.775471
vt 0.233515 0.697448
vt 0.236038 0.681310
vt 0.249017 0.697572
vt 0.237124 0.713208
vt 0.081128 0.826562
vt 0.043730 0.826605
vt 0.104252 0.767742
vt 0.091186 0.767742
vt 0.078838 0.767742
vt 0.036616 0.761611
vt 0.037328 0.754800
vt 0.066608 0.754757
vt 0.067154 0.761611
vt 0.063695 0.761611
vt 0.063319 0.754219
vt 0.230976 0.713302
vt 0.229869 0.681412
vt 0.218122 0.698463
vt 0.091000 0.754216
vt 0.094923 0.703000
vt 0.103071 0.702993
vt 0.102147 0.754590
vt 0.133939 0.772117
vt 0.135344 0.775654
vt 0.105204 0.772087
vt 0.060403 0.702915
vt 0.090395 0.761611
vt 0.101959 0.761611
vt 0.160178 0.775647
vt 0.147539 0.775537
vt 0.214033 0.726150
vt 0.217237 0.710007
vt 0.230527 0.726684
vt 0.217189 0.742003
vt 0.160415 0.767742
vt 0.147527 0.767742
vt 0.135078 0.767742
vt 0.086963 0.761611
vt 0.087731 0.754759
vt 0.116783 0.754650
vt 0.117157 0.761611
vt 0.113696 0.761611
vt 0.113486 0.754133
vt 0.210829 0.741993
vt 0.210878 0.709996
vt 0.198531 0.726326
vt 0.156530 0.826565
vt 0.156530 0.878191
vt 0.147674 0.879692
vt 0.147668 0.827175
vt 0.136159 0.878191
vt 0.136159 0.826566
vt 0.100592 0.826567
vt 0.100592 0.878196
vt 0.156530 0.929592
vt 0.147676 0.931151
vt 0.136159 0.929591
vt 0.100592 0.929597
vt 0.156530 0.981748
vt 0.147709 0.982304
vt 0.136159 0.981732
vt 0.097016 0.980387
vt 0.090974 0.879693
vt 0.090997 0.827172
vt 0.081128 0.878198
vt 0.081128 0.826562
vt 0.043730 0.826605
vt 0.081128 0.826562
vt 0.081128 0.878198
vt 0.043730 0.878179
vt 0.090981 0.931153
vt 0.081128 0.929604
vt 0.043730 0.879323
vt 0.081128 0.878198
vt 0.081128 0.929604
vt 0.051499 0.929663
vt 0.051499 0.929663
vt 0.081128 0.929604
vt 0.081128 0.963717
vt 0.156530 0.826565
vt 0.156530 0.879323
vt 0.146576 0.878961
vt 0.147686 0.826007
vt 0.136159 0.870535
vt 0.136159 0.826566
vt 0.097971 0.827166
vt 0.213081 0.826605
vt 0.213081 0.878179
vt 0.203190 0.879479
vt 0.203220 0.827773
vt 0.192515 0.878182
vt 0.192515 0.826564
vt 0.156530 0.826565
vt 0.156530 0.878191
vt 0.213081 0.929554
vt 0.203208 0.930939
vt 0.192515 0.929580
vt 0.156530 0.929592
vt 0.213081 0.981687
vt 0.203469 0.982066
vt 0.192515 0.981704
vt 0.156530 0.981748
vt 0.147548 0.879486
vt 0.147533 0.827759
vt 0.136159 0.878191
vt 0.136159 0.826566
vt 0.100592 0.826567
vt 0.100592 0.878196
vt 0.147551 0.930955
vt 0.136159 0.929591
vt 0.102521 0.930730
vt 0.147585 0.982106
vt 0.136159 0.981732
vt 0.114455 0.981944
vt 0.090953 0.879486
vt 0.090957 0.827757
vt 0.081128 0.878198
vt 0.081128 0.826562
vt 0.043730 0.826605
vt 0.081128 0.826562
vt 0.081128 0.878198
vt 0.043730 0.878179
vt 0.090961 0.930957
vt 0.081128 0.929604
vt 0.043730 0.879323
vt 0.081128 0.878198
vt 0.081128 0.929604
vt 0.055671 0.929729
vt 0.055671 0.929729
vt 0.081128 0.929604
vt 0.081128 0.954590
vt 0.040651 0.754244
vt 0.044078 0.702816
vt 0.051906 0.702878
vt 0.051618 0.754592
vt 0.077432 0.771872
vt 0.078801 0.775446
vt 0.047339 0.775710
vt 0.048616 0.772160
vt 0.011405 0.702616
vt 0.044078 0.702816
vt 0.040651 0.754244
vt 0.014028 0.753670
vt 0.040121 0.761611
vt 0.051533 0.761611
vt 0.103947 0.775624
vt 0.091061 0.775470
vt 0.233515 0.697448
vt 0.236038 0.681310
vt 0.249017 0.697636
vt 0.237124 0.713208
vt 0.081128 0.826562
vt 0.043730 0.826605
vt 0.104252 0.767742
vt 0.091149 0.767742
vt 0.078838 0.767742
vt 0.036616 0.761611
vt 0.037328 0.754800
vt 0.066608 0.754757
vt 0.067154 0.761611
vt 0.063695 0.761611
vt 0.063319 0.754219
vt 0.230976 0.713302
vt 0.229869 0.681412
vt 0.218134 0.698779
vt 0.091000 0.754216
vt 0.094923 0.703000
vt 0.102660 0.702994
vt 0.101626 0.754592
vt 0.133939 0.772117
vt 0.135344 0.775654
vt 0.105204 0.772087
vt 0.060403 0.702915
vt 0.090395 0.761611
vt 0.101409 0.761611
vt 0.160178 0.775647
vt 0.147351 0.775536
vt 0.214033 0.726150
vt 0.217237 0.710007
vt 0.230527 0.727026
vt 0.160415 0.767742
vt 0.147334 0.767742
vt 0.135078 0.767742
vt 0.086963 0.761611
vt 0.087731 0.754759
vt 0.116783 0.754650
vt 0.117157 0.761611
vt 0.113696 0.761611
vt 0.113486 0.754133
vt 0.217189 0.742003
vt 0.210829 0.741993
vt 0.210878 0.709996
vt 0.198530 0.727362
vt 0.141852 0.753910
vt 0.146261 0.702743
vt 0.154216 0.702689
vt 0.153223 0.754218
vt 0.189684 0.772121
vt 0.191080 0.775659
vt 0.161397 0.772105
vt 0.111395 0.702954
vt 0.141089 0.761611
vt 0.152967 0.761611
vt 0.215795 0.775710
vt 0.203387 0.775547
vt 0.233309 0.752191
vt 0.236410 0.736023
vt 0.248702 0.752409
vt 0.236368 0.768216
vt 0.216146 0.767742
vt 0.203413 0.767742
vt 0.190816 0.767742
vt 0.137591 0.761611
vt 0.138527 0.754481
vt 0.168380 0.754183
vt 0.168799 0.761611
vt 0.165183 0.761611
vt 0.164970 0.753670
vt 0.230206 0.768096
vt 0.230260 0.735888
vt 0.217750 0.752372
vt 0.213081 0.826605
vt 0.213081 0.879323
vt 0.203186 0.879685
vt 0.203241 0.827192
vt 0.192515 0.878182
vt 0.192515 0.826564
vt 0.156530 0.827712
vt 0.168956 0.878384
vt 0.192515 0.906501
vt 0.114429 0.826790
vt 0.136159 0.826566
vt 0.136159 0.851930
vt 0.213081 0.826605
vt 0.213081 0.879323
vt 0.203041 0.879479
vt 0.203069 0.827773
vt 0.192515 0.878182
vt 0.192515 0.826564
vt 0.156530 0.827712
vt 0.167678 0.878361
vt 0.192515 0.905018
vt 0.107748 0.826674
vt 0.136159 0.826566
vt 0.136159 0.855122
vt 0.051660 0.754597
vt 0.040651 0.754244
vt 0.042709 0.723372
vt 0.051744 0.717643
vt 0.048888 0.772160
vt 0.077432 0.771872
vt 0.078801 0.775446
vt 0.047475 0.775710
vt 0.042709 0.723372
vt 0.040651 0.754244
vt 0.014201 0.753670
vt 0.040121 0.761611
vt 0.051554 0.761611
vt 0.233515 0.697448
vt 0.236038 0.681310
vt 0.249017 0.696930
vt 0.237124 0.713208
vt 0.104252 0.767742
vt 0.103947 0.775624
vt 0.091443 0.775461
vt 0.091555 0.767742
vt 0.078838 0.767742
vt 0.036616 0.761611
vt 0.037328 0.754800
vt 0.066608 0.754757
vt 0.067154 0.761611
vt 0.063695 0.761611
vt 0.063319 0.754219
vt 0.230976 0.713302
vt 0.229869 0.681412
vt 0.218132 0.698739
vt 0.091000 0.754216
vt 0.094923 0.703000
vt 0.102683 0.702994
vt 0.101655 0.754592
vt 0.133939 0.772117
vt 0.135344 0.775654
vt 0.105204 0.772087
vt 0.090395 0.761611
vt 0.101439 0.761611
vt 0.160178 0.775647
vt 0.147603 0.827759
vt 0.147451 0.775536
vt 0.214033 0.726150
vt 0.217237 0.710007
vt 0.230527 0.726843
vt 0.217189 0.742003
vt 0.160415 0.767742
vt 0.147438 0.767742
vt 0.135078 0.767742
vt 0.086963 0.761611
vt 0.087731 0.754759
vt 0.116783 0.754650
vt 0.117157 0.761611
vt 0.113696 0.761611
vt 0.113486 0.754133
vt 0.210829 0.741993
vt 0.210878 0.709996
vt 0.198530 0.727305
vt 0.066954 0.702865
vt 0.141852 0.753910
vt 0.146261 0.702743
vt 0.153863 0.702693
vt 0.152760 0.754224
vt 0.189684 0.772121
vt 0.191080 0.775659
vt 0.161397 0.772105
vt 0.111395 0.702954
vt 0.141089 0.761611
vt 0.152476 0.761611
vt 0.215795 0.775710
vt 0.203164 0.775546
vt 0.233309 0.752191
vt 0.236410 0.736023
vt 0.248702 0.752811
vt 0.236368 0.768216
vt 0.216146 0.767742
vt 0.203186 0.767742
vt 0.190816 0.767742
vt 0.137591 0.761611
vt 0.138527 0.754481
vt 0.168380 0.754183
vt 0.168799 0.761611
vt 0.165183 0.761611
vt 0.164970 0.753670
vt 0.230206 0.768096
vt 0.230260 0.735888
vt 0.217754 0.753260
vt 0.079986 0.806379
vt 0.091341 0.814804
vt 0.079986 0.806379
vt 0.101867 0.820745
vt 0.147641 0.864055
vt 0.156530 0.869745
vt 0.203096 0.914183
vt 0.213081 0.919301
vt 0.091143 0.965570
vt 0.081128 0.954590
vt 0.100592 0.970339
vt 0.147538 0.827175
vt 0.147534 0.862947
vt 0.156530 0.867891
vt 0.203268 0.918693
vt 0.213081 0.922744
vt 0.081128 0.963717
vt 0.156530 0.894314
vt 0.078801 0.775446
vt 0.077432 0.771872
vt 0.042709 0.723372
vt 0.014201 0.753670
vt 0.040651 0.754244
vt 0.156530 0.981748
vt 0.172653 0.981728
vt 0.172409 0.929587
vt 0.156530 0.929592
vt 0.172394 0.878187
vt 0.156530 0.878191
vt 0.172531 0.826565
vt 0.156530 0.826565
vt 0.147676 0.879486
vt 0.147663 0.827759
vt 0.136159 0.826566
vt 0.136159 0.878191
vt 0.147679 0.930955
vt 0.136159 0.929591
vt 0.147712 0.982106
vt 0.136159 0.981732
vt 0.100592 0.981745
vt 0.100592 0.929597
vt 0.100592 0.878196
vt 0.100592 0.826567
vt 0.090979 0.879485
vt 0.090982 0.827757
vt 0.081128 0.826562
vt 0.081128 0.878198
vt 0.090987 0.930957
vt 0.081128 0.929604
vt 0.091193 0.982139
vt 0.081128 0.981832
vt 0.063319 0.754219
vt 0.060403 0.702915
vt 0.052164 0.702878
vt 0.051949 0.754592
vt 0.044078 0.702816
vt 0.040651 0.754244
vt 0.063695 0.761611
vt 0.051883 0.761611
vt 0.040121 0.761611
vt 0.078801 0.775446
vt 0.091097 0.775471
vt 0.233515 0.697448
vt 0.249017 0.697572
vt 0.236038 0.681310
vt 0.237124 0.713208
vt 0.078838 0.767742
vt 0.091186 0.767742
vt 0.037328 0.754800
vt 0.036616 0.761611
vt 0.066608 0.754757
vt 0.067154 0.761611
vt 0.230976 0.713302
vt 0.229869 0.681412
vt 0.218110 0.698141
vt 0.113486 0.754133
vt 0.111395 0.702954
vt 0.102999 0.702993
vt 0.102055 0.754590
vt 0.094923 0.703000
vt 0.091000 0.754216
vt 0.113696 0.761611
vt 0.101862 0.761611
vt 0.090395 0.761611
vt 0.135344 0.775654
vt 0.147538 0.775537
vt 0.214033 0.726150
vt 0.217189 0.742003
vt 0.230527 0.726687
vt 0.135078 0.767742
vt 0.147525 0.767742
vt 0.087731 0.754759
vt 0.086963 0.761611
vt 0.116783 0.754650
vt 0.117157 0.761611
vt 0.210829 0.741993
vt 0.217237 0.710007
vt 0.210878 0.709996
vt 0.198531 0.726509
vt 0.103947 0.775624
vt 0.105204 0.772087
vt 0.133939 0.772117
vt 0.160178 0.775647
vt 0.173732 0.775653
vt 0.161397 0.772105
vt 0.173927 0.772112
vt 0.156530 0.981748
vt 0.173099 0.981728
vt 0.173099 0.929587
vt 0.156530 0.929592
vt 0.173099 0.878187
vt 0.156530 0.878191
vt 0.172653 0.826565
vt 0.156530 0.826565
vt 0.147673 0.879692
vt 0.147668 0.827185
vt 0.136159 0.826566
vt 0.136159 0.878191
vt 0.147675 0.931151
vt 0.136159 0.929591
vt 0.147708 0.982304
vt 0.136159 0.981732
vt 0.097020 0.980380
vt 0.100592 0.929597
vt 0.100592 0.878196
vt 0.100592 0.826567
vt 0.090974 0.879692
vt 0.090997 0.827183
vt 0.081128 0.826562
vt 0.081128 0.878198
vt 0.090981 0.931152
vt 0.081128 0.929604
vt 0.081128 0.963717
vt 0.156530 0.879323
vt 0.172638 0.879321
vt 0.173099 0.826565
vt 0.156530 0.826565
vt 0.146537 0.878972
vt 0.147685 0.826003
vt 0.136159 0.826566
vt 0.136159 0.870535
vt 0.156530 0.894314
vt 0.097971 0.827166
vt 0.043730 0.981687
vt 0.081128 0.981832
vt 0.081128 0.929604
vt 0.043730 0.929554
vt 0.043730 0.929554
vt 0.081128 0.929604
vt 0.081128 0.878198
vt 0.043730 0.878179
vt 0.043730 0.878179
vt 0.081128 0.878198
vt 0.081128 0.826562
vt 0.043730 0.826605
vt 0.203190 0.879479
vt 0.203221 0.827773
vt 0.192515 0.826564
vt 0.192515 0.878182
vt 0.203208 0.930939
vt 0.192515 0.929580
vt 0.203469 0.982066
vt 0.192515 0.981704
vt 0.156530 0.981748
vt 0.156530 0.929592
vt 0.156530 0.878191
vt 0.156530 0.826565
vt 0.147548 0.879486
vt 0.147533 0.827759
vt 0.136159 0.826566
vt 0.136159 0.878191
vt 0.147551 0.930955
vt 0.136159 0.929591
vt 0.147585 0.982106
vt 0.136159 0.981732
vt 0.102521 0.930730
vt 0.100592 0.878196
vt 0.100592 0.826567
vt 0.090954 0.879486
vt 0.090957 0.827757
vt 0.081128 0.826562
vt 0.081128 0.878198
vt 0.090962 0.930956
vt 0.081128 0.929604
vt 0.091142 0.965569
vt 0.081128 0.954590
vt 0.063319 0.754219
vt 0.060403 0.702915
vt 0.052222 0.702878
vt 0.052023 0.754592
vt 0.044078 0.702816
vt 0.040651 0.754244
vt 0.063695 0.761611
vt 0.051962 0.761611
vt 0.040121 0.761611
vt 0.078801 0.775446
vt 0.091061 0.775471
vt 0.233515 0.697448
vt 0.249017 0.697636
vt 0.236038 0.681310
vt 0.237124 0.713208
vt 0.078838 0.767742
vt 0.091149 0.767742
vt 0.037328 0.754800
vt 0.036616 0.761611
vt 0.066608 0.754757
vt 0.067154 0.761611
vt 0.230976 0.713302
vt 0.229869 0.681412
vt 0.218105 0.697997
vt 0.113486 0.754133
vt 0.111395 0.702954
vt 0.103082 0.702992
vt 0.102160 0.754590
vt 0.094923 0.703000
vt 0.091000 0.754216
vt 0.113696 0.761611
vt 0.101973 0.761611
vt 0.090395 0.761611
vt 0.135344 0.775654
vt 0.147350 0.775536
vt 0.214033 0.726150
vt 0.230527 0.727026
vt 0.217237 0.710007
vt 0.217189 0.742003
vt 0.135078 0.767742
vt 0.147335 0.767742
vt 0.087731 0.754759
vt 0.086963 0.761611
vt 0.116783 0.754650
vt 0.117157 0.761611
vt 0.210829 0.741993
vt 0.210878 0.709996
vt 0.198531 0.726299
vt 0.103947 0.775624
vt 0.105204 0.772087
vt 0.133939 0.772117
vt 0.164970 0.753670
vt 0.162347 0.702616
vt 0.154430 0.702687
vt 0.153502 0.754215
vt 0.146261 0.702743
vt 0.141852 0.753910
vt 0.165183 0.761611
vt 0.153263 0.761611
vt 0.141089 0.761611
vt 0.191080 0.775659
vt 0.203387 0.775547
vt 0.233309 0.752191
vt 0.236368 0.768216
vt 0.248702 0.752409
vt 0.190816 0.767742
vt 0.203413 0.767742
vt 0.138527 0.754481
vt 0.137591 0.761611
vt 0.168380 0.754183
vt 0.168799 0.761611
vt 0.230206 0.768096
vt 0.236410 0.736023
vt 0.230260 0.735888
vt 0.217748 0.751838
vt 0.160178 0.775647
vt 0.161397 0.772105
vt 0.189684 0.772121
vt 0.047339 0.775710
vt 0.043730 0.826605
vt 0.081128 0.826562
vt 0.077432 0.771872
vt 0.048616 0.772160
vt 0.044078 0.702816
vt 0.011405 0.702616
vt 0.014028 0.753670
vt 0.040651 0.754244
vt 0.043730 0.878179
vt 0.081128 0.878198
vt 0.081128 0.826562
vt 0.043730 0.826605
vt 0.203187 0.879685
vt 0.203240 0.827202
vt 0.192515 0.826564
vt 0.192515 0.878182
vt 0.203267 0.918691
vt 0.192515 0.906501
vt 0.147533 0.862947
vt 0.147538 0.827185
vt 0.136159 0.826566
vt 0.136159 0.851930
vt 0.043730 0.878179
vt 0.081128 0.878198
vt 0.081128 0.826562
vt 0.043730 0.826605
vt 0.203041 0.879479
vt 0.203069 0.827773
vt 0.192515 0.826564
vt 0.192515 0.878182
vt 0.203096 0.914183
vt 0.192515 0.905018
vt 0.147642 0.864055
vt 0.147603 0.827759
vt 0.136159 0.826566
vt 0.136159 0.855122
vt 0.063319 0.754219
vt 0.060768 0.709341
vt 0.051749 0.717640
vt 0.051646 0.754608
vt 0.040651 0.754244
vt 0.042709 0.723372
vt 0.063695 0.761611
vt 0.051554 0.761611
vt 0.040121 0.761611
vt 0.233515 0.697448
vt 0.249017 0.696930
vt 0.236038 0.681310
vt 0.237124 0.713208
vt 0.078838 0.767742
vt 0.091427 0.775450
vt 0.091555 0.767742
vt 0.037328 0.754800
vt 0.036616 0.761611
vt 0.066608 0.754757
vt 0.067154 0.761611
vt 0.230976 0.713302
vt 0.229869 0.681412
vt 0.218132 0.698739
vt 0.113486 0.754133
vt 0.111395 0.702954
vt 0.102731 0.702994
vt 0.101716 0.754592
vt 0.094923 0.703000
vt 0.091000 0.754216
vt 0.113696 0.761611
vt 0.101503 0.761611
vt 0.090395 0.761611
vt 0.135344 0.775654
vt 0.147452 0.775536
vt 0.214033 0.726150
vt 0.230527 0.726843
vt 0.217237 0.710007
vt 0.217189 0.742003
vt 0.135078 0.767742
vt 0.147438 0.767742
vt 0.087731 0.754759
vt 0.086963 0.761611
vt 0.116783 0.754650
vt 0.117157 0.761611
vt 0.210829 0.741993
vt 0.210878 0.709996
vt 0.198530 0.727184
vt 0.105204 0.772087
vt 0.103947 0.775624
vt 0.133939 0.772117
vt 0.066954 0.702865
vt 0.164970 0.753670
vt 0.162347 0.702616
vt 0.154212 0.702689
vt 0.153217 0.754219
vt 0.146261 0.702743
vt 0.141852 0.753910
vt 0.165183 0.761611
vt 0.152961 0.761611
vt 0.141089 0.761611
vt 0.191080 0.775659
vt 0.203164 0.775546
vt 0.233309 0.752191
vt 0.248702 0.752812
vt 0.236410 0.736023
vt 0.236368 0.768216
vt 0.190816 0.767742
vt 0.203186 0.767742
vt 0.138527 0.754481
vt 0.137591 0.761611
vt 0.168380 0.754183
vt 0.168799 0.761611
vt 0.230206 0.768096
vt 0.230260 0.735888
vt 0.217750 0.752383
vt 0.160178 0.775647
vt 0.156530 0.827712
vt 0.161397 0.772105
vt 0.189684 0.772121
vt 0.047339 0.775710
vt 0.043730 0.826605
vt 0.081128 0.826562
vt 0.077432 0.771872
vt 0.048616 0.772160
vt 0.044078 0.702816
vt 0.011405 0.702616
vt 0.014028 0.753670
vt 0.040651 0.754244
vt 0.079986 0.806379
vt 0.079986 0.806379
vt 0.091341 0.814804
vt 0.107748 0.826674
vt 0.167678 0.878361
vt 0.043730 0.879323
vt 0.055671 0.929729
vt 0.081128 0.929604
vt 0.081128 0.878198
vt 0.055671 0.929729
vt 0.081128 0.954590
vt 0.081128 0.929604
vt 0.114455 0.981944
vt 0.114429 0.826790
vt 0.156530 0.827712
vt 0.168956 0.878384
vt 0.043730 0.879323
vt 0.051499 0.929663
vt 0.081128 0.929604
vt 0.081128 0.878198
vt 0.051499 0.929663
vt 0.081128 0.963717
vt 0.081128 0.929604
vt 0.169844 0.909331
vt 0.101867 0.820745
vt 0.060768 0.709341
vt 0.156530 0.869745
vt 0.213081 0.879323
vt 0.213081 0.919301
vt 0.224128 0.929729
vt 0.224128 0.929729
vt 0.100592 0.970339
vt 0.156530 0.867891
vt 0.213081 0.879323
vt 0.213081 0.922744
vt 0.219956 0.929663
vt 0.219956 0.929663
vt 0.213081 0.879323
vt 0.213081 0.922744
vt 0.219956 0.929663
vt 0.219956 0.929663
vt 0.100592 0.970339
vt 0.213081 0.879323
vt 0.213081 0.919301
vt 0.224128 0.929729
vt 0.224128 0.929729
vt 0.156530 0.869745
vt 0.101867 0.820745
vt 0.060768 0.709341
vt 0.162347 0.702616
vt 0.111395 0.702954
vt 0.104252 0.767742
vt 0.213081 0.826605
vt 0.213081 0.981687
vt 0.213081 0.929554
vt 0.213081 0.878179
vt 0.213081 0.826605
vt 0.215795 0.775710
vt 0.216146 0.767742
vt 0.162347 0.702616
vt 0.160415 0.767742
vt 0.104252 0.767742
vt 0.213081 0.826605
vt 0.215795 0.775710
vt 0.216146 0.767742
vt 0.162347 0.702616
vt 0.160415 0.767742
vt 0.104252 0.767742
vt 0.104252 0.767742
vt 0.162347 0.702616
vt 0.213081 0.826605
vt 0.213081 0.981687
vt 0.213081 0.929554
vt 0.213081 0.878179
vt 0.213081 0.826605
vt 0.215795 0.775710
vt 0.216146 0.767742
vt 0.160415 0.767742
vt 0.104252 0.767742
vt 0.213081 0.826605
vt 0.215795 0.775710
vt 0.216146 0.767742
vt 0.162347 0.702616
vt 0.160415 0.767742
vt 0.104252 0.767742
vt 0.156530 0.826565
vt 0.156530 0.981748
vt 0.156530 0.929592
vt 0.156530 0.878191
vt 0.156530 0.826565
vt 0.156530 0.981748
vt 0.156530 0.929592
vt 0.156530 0.878191
vt 0.156530 0.826565
vt 0.160178 0.775647
vt 0.160415 0.767742
vt 0.213081 0.878179
vt 0.213081 0.826605
vt 0.213081 0.981687
vt 0.213081 0.929554
vt 0.213081 0.878179
vt 0.213081 0.826605
vt 0.213081 0.981687
vt 0.213081 0.929554
vt 0.213081 0.878179
vt 0.213081 0.826605
vt 0.215795 0.775710
vt 0.216146 0.767742
vt 0.160415 0.767742
vt 0.156530 0.826565
vt 0.174266 0.826565
vt 0.174154 0.878186
vt 0.156530 0.878191
vt 0.174167 0.929586
vt 0.156530 0.929592
vt 0.172232 0.981729
vt 0.156530 0.981748
vt 0.147821 0.879486
vt 0.147809 0.827759
vt 0.136159 0.878191
vt 0.136159 0.826566
vt 0.100592 0.826567
vt 0.100592 0.878196
vt 0.147824 0.930955
vt 0.136159 0.929591
vt 0.100592 0.929597
vt 0.147856 0.982107
vt 0.136159 0.981732
vt 0.100592 0.981745
vt 0.091197 0.879486
vt 0.091203 0.827757
vt 0.081128 0.878198
vt 0.081128 0.826562
vt 0.043730 0.826605
vt 0.081128 0.826562
vt 0.081128 0.878198
vt 0.043730 0.878179
vt 0.091205 0.930957
vt 0.081128 0.929604
vt 0.043730 0.878179
vt 0.081128 0.878198
vt 0.081128 0.929604
vt 0.043730 0.929554
vt 0.091409 0.982139
vt 0.081128 0.981832
vt 0.043730 0.929554
vt 0.081128 0.929604
vt 0.081128 0.981832
vt 0.043730 0.981687
vt 0.040651 0.754244
vt 0.044078 0.702816
vt 0.051749 0.702877
vt 0.051417 0.754592
vt 0.077432 0.771872
vt 0.078801 0.775446
vt 0.047339 0.775710
vt 0.048616 0.772160
vt 0.011405 0.702616
vt 0.044078 0.702816
vt 0.040651 0.754244
vt 0.014028 0.753670
vt 0.040121 0.761611
vt 0.051320 0.761611
vt 0.103947 0.775624
vt 0.091412 0.775473
vt 0.233515 0.697448
vt 0.236038 0.681310
vt 0.249017 0.697016
vt 0.237124 0.713208
vt 0.081128 0.826562
vt 0.043730 0.826605
vt 0.104252 0.767742
vt 0.091506 0.767742
vt 0.078838 0.767742
vt 0.036616 0.761611
vt 0.037328 0.754800
vt 0.066608 0.754757
vt 0.067154 0.761611
vt 0.063695 0.761611
vt 0.063319 0.754219
vt 0.230976 0.713302
vt 0.229869 0.681412
vt 0.218148 0.699167
vt 0.091000 0.754216
vt 0.094923 0.703000
vt 0.103377 0.702991
vt 0.102534 0.754588
vt 0.133939 0.772117
vt 0.135344 0.775654
vt 0.105204 0.772087
vt 0.060403 0.702915
vt 0.090395 0.761611
vt 0.102369 0.761611
vt 0.160178 0.775647
vt 0.147749 0.775537
vt 0.214033 0.726150
vt 0.217237 0.710007
vt 0.230528 0.726303
vt 0.160415 0.767742
vt 0.147741 0.767742
vt 0.135078 0.767742
vt 0.086963 0.761611
vt 0.087731 0.754759
vt 0.116783 0.754650
vt 0.117157 0.761611
vt 0.113696 0.761611
vt 0.113486 0.754133
vt 0.217189 0.742003
vt 0.210829 0.741993
vt 0.210878 0.709996
vt 0.198532 0.725555
vt 0.111395 0.702954
vt 0.128659 0.702850
vt 0.127631 0.754022
vt 0.156530 0.826565
vt 0.172232 0.826565
vt 0.172679 0.878187
vt 0.156530 0.878191
vt 0.172679 0.929587
vt 0.156530 0.929592
vt 0.172679 0.981728
vt 0.156530 0.981748
vt 0.147819 0.879692
vt 0.147814 0.827173
vt 0.136159 0.878191
vt 0.136159 0.826566
vt 0.100592 0.826567
vt 0.100592 0.878196
vt 0.147821 0.931151
vt 0.136159 0.929591
vt 0.100592 0.929597
vt 0.147853 0.982304
vt 0.136159 0.981732
vt 0.097082 0.980467
vt 0.091194 0.879692
vt 0.091218 0.827170
vt 0.081128 0.878198
vt 0.081128 0.826562
vt 0.043730 0.826605
vt 0.081128 0.826562
vt 0.081128 0.878198
vt 0.043730 0.878179
vt 0.091202 0.931153
vt 0.081128 0.929604
vt 0.043730 0.879323
vt 0.081128 0.878198
vt 0.081128 0.929604
vt 0.051499 0.929663
vt 0.051499 0.929663
vt 0.081128 0.929604
vt 0.081128 0.963717
vt 0.156530 0.826565
vt 0.172679 0.826565
vt 0.172192 0.879322
vt 0.156530 0.879323
vt 0.169779 0.909258
vt 0.156530 0.894314
vt 0.146663 0.878961
vt 0.147834 0.826003
vt 0.136159 0.870535
vt 0.136159 0.826566
vt 0.097971 0.827166
vt 0.213081 0.826605
vt 0.213081 0.878179
vt 0.203317 0.879479
vt 0.203350 0.827773
vt 0.192515 0.878182
vt 0.192515 0.826564
vt 0.156530 0.826565
vt 0.156530 0.878191
vt 0.213081 0.929554
vt 0.203335 0.930939
vt 0.192515 0.929580
vt 0.156530 0.929592
vt 0.213081 0.981687
vt 0.203596 0.982066
vt 0.192515 0.981704
vt 0.156530 0.981748
vt 0.147859 0.879486
vt 0.147847 0.827759
vt 0.136159 0.878191
vt 0.136159 0.826566
vt 0.100592 0.826567
vt 0.100592 0.878196
vt 0.147862 0.930955
vt 0.136159 0.929591
vt 0.102521 0.930730
vt 0.147893 0.982107
vt 0.136159 0.981732
vt 0.114455 0.981944
vt 0.091208 0.879486
vt 0.091214 0.827757
vt 0.081128 0.878198
vt 0.081128 0.826562
vt 0.043730 0.826605
vt 0.081128 0.826562
vt 0.081128 0.878198
vt 0.043730 0.878179
vt 0.091216 0.930957
vt 0.081128 0.929604
vt 0.043730 0.879323
vt 0.081128 0.878198
vt 0.081128 0.929604
vt 0.055671 0.929729
vt 0.055671 0.929729
vt 0.081128 0.929604
vt 0.081128 0.954590
vt 0.040651 0.754244
vt 0.044078 0.702816
vt 0.052073 0.702878
vt 0.051832 0.754592
vt 0.077432 0.771872
vt 0.078801 0.775446
vt 0.047339 0.775710
vt 0.048616 0.772160
vt 0.011405 0.702616
vt 0.044078 0.702816
vt 0.040651 0.754244
vt 0.014028 0.753670
vt 0.040121 0.761611
vt 0.051759 0.761611
vt 0.103947 0.775624
vt 0.091428 0.775473
vt 0.233515 0.697448
vt 0.236038 0.681310
vt 0.249017 0.696989
vt 0.081128 0.826562
vt 0.043730 0.826605
vt 0.104252 0.767742
vt 0.091521 0.767742
vt 0.078838 0.767742
vt 0.036616 0.761611
vt 0.037328 0.754800
vt 0.066608 0.754757
vt 0.067154 0.761611
vt 0.063695 0.761611
vt 0.063319 0.754219
vt 0.237124 0.713208
vt 0.230976 0.713302
vt 0.229869 0.681412
vt 0.218119 0.698366
vt 0.091000 0.754216
vt 0.094923 0.703000
vt 0.102853 0.702994
vt 0.101870 0.754591
vt 0.133939 0.772117
vt 0.135344 0.775654
vt 0.105204 0.772087
vt 0.060403 0.702915
vt 0.090395 0.761611
vt 0.101666 0.761611
vt 0.160178 0.775647
vt 0.147805 0.775537
vt 0.214033 0.726150
vt 0.217237 0.710007
vt 0.230528 0.726203
vt 0.217189 0.742003
vt 0.160415 0.767742
vt 0.147797 0.767742
vt 0.135078 0.767742
vt 0.086963 0.761611
vt 0.087731 0.754759
vt 0.116783 0.754650
vt 0.117157 0.761611
vt 0.113696 0.761611
vt 0.113486 0.754133
vt 0.210829 0.741993
vt 0.210878 0.709996
vt 0.198531 0.726877
vt 0.141852 0.753910
vt 0.146261 0.702743
vt 0.154025 0.702691
vt 0.152974 0.754221
vt 0.189684 0.772121
vt 0.191080 0.775659
vt 0.161397 0.772105
vt 0.111395 0.702954
vt 0.141089 0.761611
vt 0.152702 0.761611
vt 0.215795 0.775710
vt 0.203576 0.775547
vt 0.233309 0.752191
vt 0.236410 0.736023
vt 0.248702 0.752068
vt 0.236368 0.768216
vt 0.216146 0.767742
vt 0.203606 0.767742
vt 0.190816 0.767742
vt 0.137591 0.761611
vt 0.138527 0.754481
vt 0.168380 0.754183
vt 0.168799 0.761611
vt 0.165183 0.761611
vt 0.164970 0.753670
vt 0.230206 0.768096
vt 0.230260 0.735888
vt 0.217752 0.752851
vt 0.213081 0.826605
vt 0.213081 0.879323
vt 0.203314 0.879685
vt 0.203370 0.827184
vt 0.192515 0.878182
vt 0.192515 0.826564
vt 0.156530 0.827712
vt 0.168956 0.878384
vt 0.192515 0.906501
vt 0.114429 0.826790
vt 0.136159 0.826566
vt 0.136159 0.851930
vt 0.213081 0.826605
vt 0.213081 0.879323
vt 0.203220 0.879479
vt 0.203251 0.827773
vt 0.192515 0.878182
vt 0.192515 0.826564
vt 0.156530 0.827712
vt 0.167678 0.878361
vt 0.192515 0.905018
vt 0.107748 0.826674
vt 0.136159 0.826566
vt 0.136159 0.855122
vt 0.051984 0.754597
vt 0.040651 0.754244
vt 0.042709 0.723372
vt 0.052017 0.717370
vt 0.049464 0.772160
vt 0.077432 0.771872
vt 0.078801 0.775446
vt 0.048188 0.775710
vt 0.042709 0.723372
vt 0.040651 0.754244
vt 0.013472 0.753670
vt 0.040121 0.761611
vt 0.051898 0.761611
vt 0.233515 0.697448
vt 0.236038 0.681310
vt 0.249017 0.696993
vt 0.237124 0.713208
vt 0.104252 0.767742
vt 0.103947 0.775624
vt 0.091408 0.775461
vt 0.091519 0.767742
vt 0.078838 0.767742
vt 0.036616 0.761611
vt 0.037328 0.754800
vt 0.066608 0.754757
vt 0.067154 0.761611
vt 0.063695 0.761611
vt 0.063319 0.754219
vt 0.230976 0.713302
vt 0.229869 0.681412
vt 0.218109 0.698112
vt 0.091000 0.754216
vt 0.094923 0.703000
vt 0.103205 0.702992
vt 0.102316 0.754589
vt 0.133939 0.772117
vt 0.135344 0.775654
vt 0.105204 0.772087
vt 0.066954 0.702865
vt 0.090395 0.761611
vt 0.102138 0.761611
vt 0.160178 0.775647
vt 0.147598 0.827759
vt 0.147444 0.775536
vt 0.214033 0.726150
vt 0.217237 0.710007
vt 0.230527 0.726856
vt 0.217189 0.742003
vt 0.160415 0.767742
vt 0.147430 0.767742
vt 0.135078 0.767742
vt 0.086963 0.761611
vt 0.087731 0.754759
vt 0.116783 0.754650
vt 0.117157 0.761611
vt 0.113696 0.761611
vt 0.113486 0.754133
vt 0.210829 0.741993
vt 0.210878 0.709996
vt 0.198532 0.725990
vt 0.141852 0.753910
vt 0.146261 0.702743
vt 0.153940 0.702692
vt 0.152862 0.754223
vt 0.189684 0.772121
vt 0.191080 0.775659
vt 0.161397 0.772105
vt 0.111395 0.702954
vt 0.141089 0.761611
vt 0.152583 0.761611
vt 0.215795 0.775710
vt 0.203432 0.775547
vt 0.233309 0.752191
vt 0.236410 0.736023
vt 0.248702 0.752329
vt 0.236368 0.768216
vt 0.216146 0.767742
vt 0.203459 0.767742
vt 0.190816 0.767742
vt 0.137591 0.761611
vt 0.138527 0.754481
vt 0.168380 0.754183
vt 0.168799 0.761611
vt 0.165183 0.761611
vt 0.164970 0.753670
vt 0.230206 0.768096
vt 0.230260 0.735888
vt 0.217753 0.753065
vt 0.079986 0.806379
vt 0.091313 0.814776
vt 0.079986 0.806379
vt 0.101867 0.820745
vt 0.147635 0.864049
vt 0.156530 0.869745
vt 0.203296 0.914403
vt 0.213081 0.919301
vt 0.091425 0.965882
vt 0.081128 0.954590
vt 0.100592 0.970339
vt 0.147852 0.827173
vt 0.147890 0.863384
vt 0.156530 0.867891
vt 0.203410 0.918865
vt 0.213081 0.922744
vt 0.081128 0.963717
vt 0.078801 0.775446
vt 0.077432 0.771872
vt 0.042709 0.723372
vt 0.013472 0.753670
vt 0.040651 0.754244
vt 0.156530 0.981748
vt 0.192515 0.981704
vt 0.192515 0.929580
vt 0.156530 0.929592
vt 0.192515 0.878182
vt 0.156530 0.878191
vt 0.192515 0.826564
vt 0.156530 0.826565
vt 0.147644 0.879486
vt 0.147630 0.827759
vt 0.136159 0.826566
vt 0.136159 0.878191
vt 0.147646 0.930955
vt 0.136159 0.929591
vt 0.147680 0.982106
vt 0.136159 0.981732
vt 0.100592 0.981745
vt 0.100592 0.929597
vt 0.100592 0.878196
vt 0.100592 0.826567
vt 0.090990 0.879762
vt 0.091006 0.828083
vt 0.081128 0.826562
vt 0.081128 0.878198
vt 0.090993 0.931224
vt 0.081128 0.929604
vt 0.091977 0.982227
vt 0.081128 0.981832
vt 0.063319 0.754219
vt 0.060403 0.702915
vt 0.052013 0.702878
vt 0.051755 0.754592
vt 0.044078 0.702816
vt 0.040651 0.754244
vt 0.063695 0.761611
vt 0.051678 0.761611
vt 0.040121 0.761611
vt 0.078801 0.775446
vt 0.091940 0.775479
vt 0.233515 0.697448
vt 0.237124 0.713208
vt 0.249017 0.697041
vt 0.078838 0.767742
vt 0.092029 0.767742
vt 0.037328 0.754800
vt 0.036616 0.761611
vt 0.066608 0.754757
vt 0.067154 0.761611
vt 0.230976 0.713302
vt 0.236038 0.681310
vt 0.229869 0.681412
vt 0.218124 0.698514
vt 0.113486 0.754133
vt 0.111395 0.702954
vt 0.102976 0.702993
vt 0.102026 0.754590
vt 0.094923 0.703000
vt 0.091000 0.754216
vt 0.113696 0.761611
vt 0.101832 0.761611
vt 0.090395 0.761611
vt 0.135344 0.775654
vt 0.147491 0.775537
vt 0.214033 0.726150
vt 0.230527 0.726772
vt 0.217237 0.710007
vt 0.217189 0.742003
vt 0.135078 0.767742
vt 0.147477 0.767742
vt 0.087731 0.754759
vt 0.086963 0.761611
vt 0.116783 0.754650
vt 0.117157 0.761611
vt 0.210829 0.741993
vt 0.210878 0.709996
vt 0.198531 0.726565
vt 0.103947 0.775624
vt 0.105204 0.772087
vt 0.133939 0.772117
vt 0.160178 0.775647
vt 0.191080 0.775659
vt 0.161397 0.772105
vt 0.189684 0.772121
vt 0.146261 0.702743
vt 0.141852 0.753910
vt 0.156530 0.981748
vt 0.192515 0.981704
vt 0.192515 0.929580
vt 0.156530 0.929592
vt 0.192515 0.878182
vt 0.156530 0.878191
vt 0.192515 0.826564
vt 0.156530 0.826565
vt 0.147640 0.879693
vt 0.147635 0.827185
vt 0.136159 0.826566
vt 0.136159 0.878191
vt 0.147642 0.931151
vt 0.136159 0.929591
vt 0.147675 0.982304
vt 0.136159 0.981732
vt 0.097287 0.980457
vt 0.100592 0.929597
vt 0.100592 0.878196
vt 0.100592 0.826567
vt 0.090965 0.879930
vt 0.091057 0.827694
vt 0.081128 0.826562
vt 0.081128 0.878198
vt 0.090964 0.931373
vt 0.081128 0.929604
vt 0.081128 0.963717
vt 0.156530 0.879323
vt 0.192515 0.879319
vt 0.192515 0.826564
vt 0.156530 0.826565
vt 0.146517 0.878973
vt 0.147651 0.826002
vt 0.136159 0.826566
vt 0.136159 0.870535
vt 0.156530 0.894314
vt 0.097971 0.827166
vt 0.043730 0.981687
vt 0.081128 0.981832
vt 0.081128 0.929604
vt 0.043730 0.929554
vt 0.043730 0.929554
vt 0.081128 0.929604
vt 0.081128 0.878198
vt 0.043730 0.878179
vt 0.043730 0.878179
vt 0.081128 0.878198
vt 0.081128 0.826562
vt 0.043730 0.826605
vt 0.203317 0.879479
vt 0.203350 0.827773
vt 0.192515 0.826564
vt 0.192515 0.878182
vt 0.203335 0.930939
vt 0.192515 0.929580
vt 0.203596 0.982066
vt 0.192515 0.981704
vt 0.156530 0.981748
vt 0.156530 0.929592
vt 0.156530 0.878191
vt 0.156530 0.826565
vt 0.147858 0.879486
vt 0.147847 0.827759
vt 0.136159 0.826566
vt 0.136159 0.878191
vt 0.147861 0.930955
vt 0.136159 0.929591
vt 0.147893 0.982107
vt 0.136159 0.981732
vt 0.102521 0.930730
vt 0.100592 0.878196
vt 0.100592 0.826567
vt 0.091208 0.879486
vt 0.091214 0.827757
vt 0.081128 0.826562
vt 0.081128 0.878198
vt 0.091216 0.930956
vt 0.081128 0.929604
vt 0.091423 0.965881
vt 0.081128 0.954590
vt 0.063319 0.754219
vt 0.060403 0.702915
vt 0.052065 0.702878
vt 0.051822 0.754592
vt 0.044078 0.702816
vt 0.040651 0.754244
vt 0.063695 0.761611
vt 0.051749 0.761611
vt 0.040121 0.761611
vt 0.078801 0.775446
vt 0.091428 0.775473
vt 0.233515 0.697448
vt 0.249017 0.696989
vt 0.236038 0.681310
vt 0.237124 0.713208
vt 0.078838 0.767742
vt 0.091521 0.767742
vt 0.037328 0.754800
vt 0.036616 0.761611
vt 0.066608 0.754757
vt 0.067154 0.761611
vt 0.230976 0.713302
vt 0.229869 0.681412
vt 0.218119 0.698385
vt 0.113486 0.754133
vt 0.111395 0.702954
vt 0.102684 0.702994
vt 0.101656 0.754592
vt 0.094923 0.703000
vt 0.091000 0.754216
vt 0.113696 0.761611
vt 0.101441 0.761611
vt 0.090395 0.761611
vt 0.135344 0.775654
vt 0.147805 0.775537
vt 0.214033 0.726150
vt 0.230528 0.726203
vt 0.217237 0.710007
vt 0.217189 0.742003
vt 0.135078 0.767742
vt 0.147797 0.767742
vt 0.087731 0.754759
vt 0.086963 0.761611
vt 0.116783 0.754650
vt 0.117157 0.761611
vt 0.210829 0.741993
vt 0.210878 0.709996
vt 0.198530 0.727302
vt 0.103947 0.775624
vt 0.105204 0.772087
vt 0.133939 0.772117
vt 0.164970 0.753670
vt 0.162347 0.702616
vt 0.154210 0.702689
vt 0.153214 0.754219
vt 0.146261 0.702743
vt 0.141852 0.753910
vt 0.165183 0.761611
vt 0.152957 0.761611
vt 0.141089 0.761611
vt 0.191080 0.775659
vt 0.203576 0.775547
vt 0.233309 0.752191
vt 0.248702 0.752068
vt 0.236410 0.736023
vt 0.236368 0.768216
vt 0.190816 0.767742
vt 0.203606 0.767742
vt 0.138527 0.754481
vt 0.137591 0.761611
vt 0.168380 0.754183
vt 0.168799 0.761611
vt 0.230206 0.768096
vt 0.230260 0.735888
vt 0.217750 0.752390
vt 0.160178 0.775647
vt 0.161397 0.772105
vt 0.189684 0.772121
vt 0.047339 0.775710
vt 0.043730 0.826605
vt 0.081128 0.826562
vt 0.077432 0.771872
vt 0.048616 0.772160
vt 0.044078 0.702816
vt 0.011405 0.702616
vt 0.014028 0.753670
vt 0.040651 0.754244
vt 0.043730 0.878179
vt 0.081128 0.878198
vt 0.081128 0.826562
vt 0.043730 0.826605
vt 0.203314 0.879685
vt 0.203369 0.827203
vt 0.192515 0.826564
vt 0.192515 0.878182
vt 0.203407 0.918863
vt 0.192515 0.906501
vt 0.147888 0.863383
vt 0.147852 0.827185
vt 0.136159 0.826566
vt 0.136159 0.851930
vt 0.043730 0.878179
vt 0.081128 0.878198
vt 0.081128 0.826562
vt 0.043730 0.826605
vt 0.203220 0.879479
vt 0.203251 0.827773
vt 0.192515 0.826564
vt 0.192515 0.878182
vt 0.203296 0.914403
vt 0.192515 0.905018
vt 0.147636 0.864049
vt 0.147598 0.827759
vt 0.136159 0.826566
vt 0.136159 0.855122
vt 0.063319 0.754219
vt 0.060768 0.709341
vt 0.052021 0.717367
vt 0.051970 0.754608
vt 0.040651 0.754244
vt 0.042709 0.723372
vt 0.063695 0.761611
vt 0.051898 0.761611
vt 0.040121 0.761611
vt 0.233515 0.697448
vt 0.249017 0.696993
vt 0.236038 0.681310
vt 0.237124 0.713208
vt 0.078838 0.767742
vt 0.091392 0.775450
vt 0.091519 0.767742
vt 0.037328 0.754800
vt 0.036616 0.761611
vt 0.066608 0.754757
vt 0.067154 0.761611
vt 0.230976 0.713302
vt 0.229869 0.681412
vt 0.218109 0.698112
vt 0.113486 0.754133
vt 0.111395 0.702954
vt 0.102767 0.702994
vt 0.101762 0.754591
vt 0.094923 0.703000
vt 0.091000 0.754216
vt 0.113696 0.761611
vt 0.101551 0.761611
vt 0.090395 0.761611
vt 0.135344 0.775654
vt 0.147444 0.775537
vt 0.214033 0.726150
vt 0.230527 0.726856
vt 0.217237 0.710007
vt 0.217189 0.742003
vt 0.135078 0.767742
vt 0.147430 0.767742
vt 0.087731 0.754759
vt 0.086963 0.761611
vt 0.116783 0.754650
vt 0.117157 0.761611
vt 0.210829 0.741993
vt 0.210878 0.709996
vt 0.198531 0.727093
vt 0.105204 0.772087
vt 0.103947 0.775624
vt 0.133939 0.772117
vt 0.066954 0.702865
vt 0.164970 0.753670
vt 0.162347 0.702616
vt 0.154140 0.702690
vt 0.153124 0.754220
vt 0.146261 0.702743
vt 0.141852 0.753910
vt 0.165183 0.761611
vt 0.152862 0.761611
vt 0.141089 0.761611
vt 0.191080 0.775659
vt 0.203432 0.775547
vt 0.233309 0.752191
vt 0.248702 0.752329
vt 0.236410 0.736023
vt 0.236368 0.768216
vt 0.190816 0.767742
vt 0.203459 0.767742
vt 0.138527 0.754481
vt 0.137591 0.761611
vt 0.168380 0.754183
vt 0.168799 0.761611
vt 0.230206 0.768096
vt 0.230260 0.735888
vt 0.217751 0.752563
vt 0.160178 0.775647
vt 0.156530 0.827712
vt 0.161397 0.772105
vt 0.189684 0.772121
vt 0.047339 0.775710
vt 0.043730 0.826605
vt 0.081128 0.826562
vt 0.077432 0.771872
vt 0.048616 0.772160
vt 0.044078 0.702816
vt 0.011405 0.702616
vt 0.014028 0.753670
vt 0.040651 0.754244
vt 0.079986 0.806379
vt 0.079986 0.806379
vt 0.091314 0.814776
vt 0.107748 0.826674
vt 0.167678 0.878361
vt 0.043730 0.879323
vt 0.055671 0.929729
vt 0.081128 0.929604
vt 0.081128 0.878198
vt 0.055671 0.929729
vt 0.081128 0.954590
vt 0.081128 0.929604
vt 0.114455 0.981944
vt 0.114429 0.826790
vt 0.156530 0.827712
vt 0.156530 0.867891
vt 0.168956 0.878384
vt 0.043730 0.879323
vt 0.051499 0.929663
vt 0.081128 0.929604
vt 0.081128 0.878198
vt 0.051499 0.929663
vt 0.081128 0.963717
vt 0.081128 0.929604
vt 0.169779 0.909258
vt 0.189894 0.907865
vt 0.156530 0.826565
vt 0.192515 0.826564
vt 0.192515 0.878182
vt 0.156530 0.878191
vt 0.192515 0.929580
vt 0.156530 0.929592
vt 0.192515 0.981704
vt 0.156530 0.981748
vt 0.147677 0.879486
vt 0.147664 0.827759
vt 0.136159 0.878191
vt 0.136159 0.826566
vt 0.100592 0.826567
vt 0.100592 0.878196
vt 0.147680 0.930955
vt 0.136159 0.929591
vt 0.100592 0.929597
vt 0.147713 0.982107
vt 0.136159 0.981732
vt 0.100592 0.981745
vt 0.090979 0.879486
vt 0.090982 0.827757
vt 0.081128 0.878198
vt 0.081128 0.826562
vt 0.043730 0.826605
vt 0.081128 0.826562
vt 0.081128 0.878198
vt 0.043730 0.878179
vt 0.090987 0.930957
vt 0.081128 0.929604
vt 0.043730 0.878179
vt 0.081128 0.878198
vt 0.081128 0.929604
vt 0.043730 0.929554
vt 0.091193 0.982139
vt 0.081128 0.981832
vt 0.043730 0.929554
vt 0.081128 0.929604
vt 0.081128 0.981832
vt 0.043730 0.981687
vt 0.040651 0.754244
vt 0.044078 0.702816
vt 0.052034 0.702878
vt 0.051781 0.754592
vt 0.077432 0.771872
vt 0.078801 0.775446
vt 0.047339 0.775710
vt 0.048616 0.772160
vt 0.011405 0.702616
vt 0.044078 0.702816
vt 0.040651 0.754244
vt 0.014028 0.753670
vt 0.040121 0.761611
vt 0.051706 0.761611
vt 0.103947 0.775624
vt 0.091097 0.775471
vt 0.233515 0.697448
vt 0.236038 0.681310
vt 0.249017 0.697572
vt 0.237124 0.713208
vt 0.081128 0.826562
vt 0.043730 0.826605
vt 0.104252 0.767742
vt 0.091186 0.767742
vt 0.078838 0.767742
vt 0.036616 0.761611
vt 0.037328 0.754800
vt 0.066608 0.754757
vt 0.067154 0.761611
vt 0.063695 0.761611
vt 0.063319 0.754219
vt 0.230976 0.713302
vt 0.229869 0.681412
vt 0.218122 0.698463
vt 0.091000 0.754216
vt 0.094923 0.703000
vt 0.103071 0.702993
vt 0.102147 0.754590
vt 0.133939 0.772117
vt 0.135344 0.775654
vt 0.105204 0.772087
vt 0.060403 0.702915
vt 0.090395 0.761611
vt 0.101959 0.761611
vt 0.160178 0.775647
vt 0.147539 0.775537
vt 0.214033 0.726150
vt 0.217237 0.710007
vt 0.230527 0.726684
vt 0.217189 0.742003
vt 0.160415 0.767742
vt 0.147527 0.767742
vt 0.135078 0.767742
vt 0.086963 0.761611
vt 0.087731 0.754759
vt 0.116783 0.754650
vt 0.117157 0.761611
vt 0.113696 0.761611
vt 0.113486 0.754133
vt 0.210829 0.741993
vt 0.210878 0.709996
vt 0.198531 0.726326
vt 0.189684 0.772121
vt 0.191080 0.775659
vt 0.161397 0.772105
vt 0.111395 0.702954
vt 0.146261 0.702743
vt 0.141852 0.753910
vt 0.156530 0.826565
vt 0.192515 0.826564
vt 0.192515 0.878182
vt 0.156530 0.878191
vt 0.192515 0.929580
vt 0.156530 0.929592
vt 0.192515 0.981704
vt 0.156530 0.981748
vt 0.147674 0.879692
vt 0.147668 0.827175
vt 0.136159 0.878191
vt 0.136159 0.826566
vt 0.100592 0.826567
vt 0.100592 0.878196
vt 0.147676 0.931151
vt 0.136159 0.929591
vt 0.100592 0.929597
vt 0.147709 0.982304
vt 0.136159 0.981732
vt 0.097016 0.980387
vt 0.090974 0.879693
vt 0.090997 0.827172
vt 0.081128 0.878198
vt 0.081128 0.826562
vt 0.043730 0.826605
vt 0.081128 0.826562
vt 0.081128 0.878198
vt 0.043730 0.878179
vt 0.090981 0.931153
vt 0.081128 0.929604
vt 0.043730 0.879323
vt 0.081128 0.878198
vt 0.081128 0.929604
vt 0.051499 0.929663
vt 0.051499 0.929663
vt 0.081128 0.929604
vt 0.081128 0.963717
vt 0.156530 0.826565
vt 0.192515 0.826564
vt 0.192515 0.879319
vt 0.156530 0.879323
vt 0.189600 0.911070
vt 0.171701 0.911425
vt 0.156530 0.894314
vt 0.146576 0.878961
vt 0.147686 0.826007
vt 0.136159 0.870535
vt 0.136159 0.826566
vt 0.097971 0.827166
vt 0.213081 0.826605
vt 0.213081 0.878179
vt 0.203190 0.879479
vt 0.203220 0.827773
vt 0.192515 0.878182
vt 0.192515 0.826564
vt 0.156530 0.826565
vt 0.156530 0.878191
vt 0.213081 0.929554
vt 0.203208 0.930939
vt 0.192515 0.929580
vt 0.156530 0.929592
vt 0.213081 0.981687
vt 0.203469 0.982066
vt 0.192515 0.981704
vt 0.156530 0.981748
vt 0.147548 0.879486
vt 0.147533 0.827759
vt 0.136159 0.878191
vt 0.136159 0.826566
vt 0.100592 0.826567
vt 0.100592 0.878196
vt 0.147551 0.930955
vt 0.136159 0.929591
vt 0.102521 0.930730
vt 0.147585 0.982106
vt 0.136159 0.981732
vt 0.114455 0.981944
vt 0.090953 0.879486
vt 0.090957 0.827757
vt 0.081128 0.878198
vt 0.081128 0.826562
vt 0.043730 0.826605
vt 0.081128 0.826562
vt 0.081128 0.878198
vt 0.043730 0.878179
vt 0.090961 0.930957
vt 0.081128 0.929604
vt 0.043730 0.879323
vt 0.081128 0.878198
vt 0.081128 0.929604
vt 0.055671 0.929729
vt 0.055671 0.929729
vt 0.081128 0.929604
vt 0.081128 0.954590
vt 0.040651 0.754244
vt 0.044078 0.702816
vt 0.051906 0.702878
vt 0.051618 0.754592
vt 0.077432 0.771872
vt 0.078801 0.775446
vt 0.047339 0.775710
vt 0.048616 0.772160
vt 0.011405 0.702616
vt 0.044078 0.702816
vt 0.040651 0.754244
vt 0.014028 0.753670
vt 0.040121 0.761611
vt 0.051533 0.761611
vt 0.103947 0.775624
vt 0.091061 0.775470
vt 0.233515 0.697448
vt 0.236038 0.681310
vt 0.249017 0.697636
vt 0.237124 0.713208
vt 0.081128 0.826562
vt 0.043730 0.826605
vt 0.104252 0.767742
vt 0.091149 0.767742
vt 0.078838 0.767742
vt 0.036616 0.761611
vt 0.037328 0.754800
vt 0.066608 0.754757
vt 0.067154 0.761611
vt 0.063695 0.761611
vt 0.063319 0.754219
vt 0.230976 0.713302
vt 0.229869 0.681412
vt 0.218134 0.698779
vt 0.091000 0.754216
vt 0.094923 0.703000
vt 0.102660 0.702994
vt 0.101626 0.754592
vt 0.133939 0.772117
vt 0.135344 0.775654
vt 0.105204 0.772087
vt 0.060403 0.702915
vt 0.090395 0.761611
vt 0.101409 0.761611
vt 0.160178 0.775647
vt 0.147351 0.775536
vt 0.214033 0.726150
vt 0.217237 0.710007
vt 0.230527 0.727026
vt 0.160415 0.767742
vt 0.147334 0.767742
vt 0.135078 0.767742
vt 0.086963 0.761611
vt 0.087731 0.754759
vt 0.116783 0.754650
vt 0.117157 0.761611
vt 0.113696 0.761611
vt 0.113486 0.754133
vt 0.217189 0.742003
vt 0.210829 0.741993
vt 0.210878 0.709996
vt 0.198530 0.727362
vt 0.141852 0.753910
vt 0.146261 0.702743
vt 0.154216 0.702689
vt 0.153223 0.754218
vt 0.189684 0.772121
vt 0.191080 0.775659
vt 0.161397 0.772105
vt 0.111395 0.702954
vt 0.141089 0.761611
vt 0.152967 0.761611
vt 0.215795 0.775710
vt 0.203387 0.775547
vt 0.233309 0.752191
vt 0.236410 0.736023
vt 0.248702 0.752409
vt 0.236368 0.768216
vt 0.216146 0.767742
vt 0.203413 0.767742
vt 0.190816 0.767742
vt 0.137591 0.761611
vt 0.138527 0.754481
vt 0.168380 0.754183
vt 0.168799 0.761611
vt 0.165183 0.761611
vt 0.164970 0.753670
vt 0.230206 0.768096
vt 0.230260 0.735888
vt 0.217750 0.752372
vt 0.213081 0.826605
vt 0.213081 0.879323
vt 0.203186 0.879685
vt 0.203241 0.827192
vt 0.192515 0.878182
vt 0.192515 0.826564
vt 0.156530 0.827712
vt 0.168956 0.878384
vt 0.192515 0.906501
vt 0.114429 0.826790
vt 0.136159 0.826566
vt 0.136159 0.851930
vt 0.213081 0.826605
vt 0.213081 0.879323
vt 0.203041 0.879479
vt 0.203069 0.827773
vt 0.192515 0.878182
vt 0.192515 0.826564
vt 0.156530 0.827712
vt 0.167678 0.878361
vt 0.192515 0.905018
vt 0.107748 0.826674
vt 0.136159 0.826566
vt 0.136159 0.855122
vt 0.051660 0.754597
vt 0.040651 0.754244
vt 0.042709 0.723372
vt 0.051744 0.717643
vt 0.048888 0.772160
vt 0.077432 0.771872
vt 0.078801 0.775446
vt 0.047475 0.775710
vt 0.042709 0.723372
vt 0.040651 0.754244
vt 0.013626 0.753670
vt 0.040121 0.761611
vt 0.051554 0.761611
vt 0.233515 0.697448
vt 0.236038 0.681310
vt 0.249017 0.696930
vt 0.237124 0.713208
vt 0.104252 0.767742
vt 0.103947 0.775624
vt 0.091443 0.775461
vt 0.091555 0.767742
vt 0.078838 0.767742
vt 0.036616 0.761611
vt 0.037328 0.754800
vt 0.066608 0.754757
vt 0.067154 0.761611
vt 0.063695 0.761611
vt 0.063319 0.754219
vt 0.230976 0.713302
vt 0.229869 0.681412
vt 0.218132 0.698739
vt 0.091000 0.754216
vt 0.094923 0.703000
vt 0.102683 0.702994
vt 0.101655 0.754592
vt 0.133939 0.772117
vt 0.135344 0.775654
vt 0.105204 0.772087
vt 0.090395 0.761611
vt 0.101439 0.761611
vt 0.160178 0.775647
vt 0.147603 0.827759
vt 0.147451 0.775536
vt 0.214033 0.726150
vt 0.217237 0.710007
vt 0.230527 0.726843
vt 0.217189 0.742003
vt 0.160415 0.767742
vt 0.147438 0.767742
vt 0.135078 0.767742
vt 0.086963 0.761611
vt 0.087731 0.754759
vt 0.116783 0.754650
vt 0.117157 0.761611
vt 0.113696 0.761611
vt 0.113486 0.754133
vt 0.210829 0.741993
vt 0.210878 0.709996
vt 0.198530 0.727305
vt 0.066954 0.702865
vt 0.141852 0.753910
vt 0.146261 0.702743
vt 0.153863 0.702693
vt 0.152760 0.754224
vt 0.189684 0.772121
vt 0.191080 0.775659
vt 0.161397 0.772105
vt 0.111395 0.702954
vt 0.141089 0.761611
vt 0.152476 0.761611
vt 0.215795 0.775710
vt 0.203164 0.775546
vt 0.233309 0.752191
vt 0.236410 0.736023
vt 0.248702 0.752811
vt 0.236368 0.768216
vt 0.216146 0.767742
vt 0.203186 0.767742
vt 0.190816 0.767742
vt 0.137591 0.761611
vt 0.138527 0.754481
vt 0.168380 0.754183
vt 0.168799 0.761611
vt 0.165183 0.761611
vt 0.164970 0.753670
vt 0.230206 0.768096
vt 0.230260 0.735888
vt 0.217754 0.753260
vt 0.079986 0.806379
vt 0.091341 0.814804
vt 0.079986 0.806379
vt 0.101867 0.820745
vt 0.147641 0.864055
vt 0.156530 0.869745
vt 0.203096 0.914183
vt 0.213081 0.919301
vt 0.091143 0.965570
vt 0.081128 0.954590
vt 0.100592 0.970339
vt 0.147538 0.827175
vt 0.147534 0.862947
vt 0.156530 0.867891
vt 0.203268 0.918693
vt 0.213081 0.922744
vt 0.081128 0.963717
vt 0.078801 0.775446
vt 0.077432 0.771872
vt 0.042709 0.723372
vt 0.014324 0.753670
vt 0.040651 0.754244
vt 0.156530 0.981748
vt 0.174587 0.981726
vt 0.174225 0.929586
vt 0.156530 0.929592
vt 0.174202 0.878186
vt 0.156530 0.878191
vt 0.174405 0.826565
vt 0.156530 0.826565
vt 0.147676 0.879486
vt 0.147663 0.827759
vt 0.136159 0.826566
vt 0.136159 0.878191
vt 0.147679 0.930955
vt 0.136159 0.929591
vt 0.147712 0.982106
vt 0.136159 0.981732
vt 0.100592 0.981745
vt 0.100592 0.929597
vt 0.100592 0.878196
vt 0.100592 0.826567
vt 0.090979 0.879485
vt 0.090982 0.827757
vt 0.081128 0.826562
vt 0.081128 0.878198
vt 0.090987 0.930957
vt 0.081128 0.929604
vt 0.091193 0.982139
vt 0.081128 0.981832
vt 0.063319 0.754219
vt 0.060403 0.702915
vt 0.052164 0.702878
vt 0.051949 0.754592
vt 0.044078 0.702816
vt 0.040651 0.754244
vt 0.063695 0.761611
vt 0.051883 0.761611
vt 0.040121 0.761611
vt 0.078801 0.775446
vt 0.091097 0.775471
vt 0.233515 0.697448
vt 0.249017 0.697572
vt 0.236038 0.681310
vt 0.237124 0.713208
vt 0.078838 0.767742
vt 0.091186 0.767742
vt 0.037328 0.754800
vt 0.036616 0.761611
vt 0.066608 0.754757
vt 0.067154 0.761611
vt 0.230976 0.713302
vt 0.229869 0.681412
vt 0.218110 0.698141
vt 0.113486 0.754133
vt 0.111395 0.702954
vt 0.102999 0.702993
vt 0.102055 0.754590
vt 0.094923 0.703000
vt 0.091000 0.754216
vt 0.113696 0.761611
vt 0.101862 0.761611
vt 0.090395 0.761611
vt 0.135344 0.775654
vt 0.147538 0.775537
vt 0.214033 0.726150
vt 0.217189 0.742003
vt 0.230527 0.726687
vt 0.135078 0.767742
vt 0.147525 0.767742
vt 0.087731 0.754759
vt 0.086963 0.761611
vt 0.116783 0.754650
vt 0.117157 0.761611
vt 0.210829 0.741993
vt 0.217237 0.710007
vt 0.210878 0.709996
vt 0.198531 0.726509
vt 0.103947 0.775624
vt 0.105204 0.772087
vt 0.133939 0.772117
vt 0.160178 0.775647
vt 0.175708 0.775653
vt 0.161397 0.772105
vt 0.175801 0.772113
vt 0.156530 0.981748
vt 0.175252 0.981725
vt 0.175252 0.929586
vt 0.156530 0.929592
vt 0.175252 0.878186
vt 0.156530 0.878191
vt 0.174587 0.826565
vt 0.156530 0.826565
vt 0.147673 0.879692
vt 0.147668 0.827185
vt 0.136159 0.826566
vt 0.136159 0.878191
vt 0.147675 0.931151
vt 0.136159 0.929591
vt 0.147708 0.982304
vt 0.136159 0.981732
vt 0.097020 0.980380
vt 0.100592 0.929597
vt 0.100592 0.878196
vt 0.100592 0.826567
vt 0.090974 0.879692
vt 0.090997 0.827183
vt 0.081128 0.826562
vt 0.081128 0.878198
vt 0.090981 0.931152
vt 0.081128 0.929604
vt 0.081128 0.963717
vt 0.156530 0.879323
vt 0.175327 0.879321
vt 0.175252 0.826565
vt 0.156530 0.826565
vt 0.146537 0.878972
vt 0.147685 0.826003
vt 0.136159 0.826566
vt 0.136159 0.870535
vt 0.156530 0.894314
vt 0.097971 0.827166
vt 0.043730 0.981687
vt 0.081128 0.981832
vt 0.081128 0.929604
vt 0.043730 0.929554
vt 0.043730 0.929554
vt 0.081128 0.929604
vt 0.081128 0.878198
vt 0.043730 0.878179
vt 0.043730 0.878179
vt 0.081128 0.878198
vt 0.081128 0.826562
vt 0.043730 0.826605
vt 0.203190 0.879479
vt 0.203221 0.827773
vt 0.192515 0.826564
vt 0.192515 0.878182
vt 0.203208 0.930939
vt 0.192515 0.929580
vt 0.203469 0.982066
vt 0.192515 0.981704
vt 0.156530 0.981748
vt 0.156530 0.929592
vt 0.156530 0.878191
vt 0.156530 0.826565
vt 0.147548 0.879486
vt 0.147533 0.827759
vt 0.136159 0.826566
vt 0.136159 0.878191
vt 0.147551 0.930955
vt 0.136159 0.929591
vt 0.147585 0.982106
vt 0.136159 0.981732
vt 0.102521 0.930730
vt 0.100592 0.878196
vt 0.100592 0.826567
vt 0.090954 0.879486
vt 0.090957 0.827757
vt 0.081128 0.826562
vt 0.081128 0.878198
vt 0.090962 0.930956
vt 0.081128 0.929604
vt 0.091142 0.965569
vt 0.081128 0.954590
vt 0.063319 0.754219
vt 0.060403 0.702915
vt 0.052222 0.702878
vt 0.052023 0.754592
vt 0.044078 0.702816
vt 0.040651 0.754244
vt 0.063695 0.761611
vt 0.051962 0.761611
vt 0.040121 0.761611
vt 0.078801 0.775446
vt 0.091061 0.775471
vt 0.233515 0.697448
vt 0.249017 0.697636
vt 0.236038 0.681310
vt 0.237124 0.713208
vt 0.078838 0.767742
vt 0.091149 0.767742
vt 0.037328 0.754800
vt 0.036616 0.761611
vt 0.066608 0.754757
vt 0.067154 0.761611
vt 0.230976 0.713302
vt 0.229869 0.681412
vt 0.218105 0.697997
vt 0.113486 0.754133
vt 0.111395 0.702954
vt 0.103082 0.702992
vt 0.102160 0.754590
vt 0.094923 0.703000
vt 0.091000 0.754216
vt 0.113696 0.761611
vt 0.101973 0.761611
vt 0.090395 0.761611
vt 0.135344 0.775654
vt 0.147350 0.775536
vt 0.214033 0.726150
vt 0.230527 0.727026
vt 0.217237 0.710007
vt 0.217189 0.742003
vt 0.135078 0.767742
vt 0.147335 0.767742
vt 0.087731 0.754759
vt 0.086963 0.761611
vt 0.116783 0.754650
vt 0.117157 0.761611
vt 0.210829 0.741993
vt 0.210878 0.709996
vt 0.198531 0.726299
vt 0.103947 0.775624
vt 0.105204 0.772087
vt 0.133939 0.772117
vt 0.164970 0.753670
vt 0.162347 0.702616
vt 0.154430 0.702687
vt 0.153502 0.754215
vt 0.146261 0.702743
vt 0.141852 0.753910
vt 0.165183 0.761611
vt 0.153263 0.761611
vt 0.141089 0.761611
vt 0.191080 0.775659
vt 0.203387 0.775547
vt 0.233309 0.752191
vt 0.236368 0.768216
vt 0.248702 0.752409
vt 0.190816 0.767742
vt 0.203413 0.767742
vt 0.138527 0.754481
vt 0.137591 0.761611
vt 0.168380 0.754183
vt 0.168799 0.761611
vt 0.230206 0.768096
vt 0.236410 0.736023
vt 0.230260 0.735888
vt 0.217748 0.751838
vt 0.160178 0.775647
vt 0.161397 0.772105
vt 0.189684 0.772121
vt 0.047339 0.775710
vt 0.043730 0.826605
vt 0.081128 0.826562
vt 0.077432 0.771872
vt 0.048616 0.772160
vt 0.044078 0.702816
vt 0.011405 0.702616
vt 0.014028 0.753670
vt 0.040651 0.754244
vt 0.043730 0.878179
vt 0.081128 0.878198
vt 0.081128 0.826562
vt 0.043730 0.826605
vt 0.203187 0.879685
vt 0.203240 0.827202
vt 0.192515 0.826564
vt 0.192515 0.878182
vt 0.203267 0.918691
vt 0.192515 0.906501
vt 0.147533 0.862947
vt 0.147538 0.827185
vt 0.136159 0.826566
vt 0.136159 0.851930
vt 0.043730 0.878179
vt 0.081128 0.878198
vt 0.081128 0.826562
vt 0.043730 0.826605
vt 0.203041 0.879479
vt 0.203069 0.827773
vt 0.192515 0.826564
vt 0.192515 0.878182
vt 0.203096 0.914183
vt 0.192515 0.905018
vt 0.147642 0.864055
vt 0.147603 0.827759
vt 0.136159 0.826566
vt 0.136159 0.855122
vt 0.063319 0.754219
vt 0.060768 0.709341
vt 0.051749 0.717640
vt 0.051646 0.754608
vt 0.040651 0.754244
vt 0.042709 0.723372
vt 0.063695 0.761611
vt 0.051554 0.761611
vt 0.040121 0.761611
vt 0.233515 0.697448
vt 0.249017 0.696930
vt 0.236038 0.681310
vt 0.237124 0.713208
vt 0.078838 0.767742
vt 0.091427 0.775450
vt 0.091555 0.767742
vt 0.037328 0.754800
vt 0.036616 0.761611
vt 0.066608 0.754757
vt 0.067154 0.761611
vt 0.230976 0.713302
vt 0.229869 0.681412
vt 0.218132 0.698739
vt 0.113486 0.754133
vt 0.111395 0.702954
vt 0.102731 0.702994
vt 0.101716 0.754592
vt 0.094923 0.703000
vt 0.091000 0.754216
vt 0.113696 0.761611
vt 0.101503 0.761611
vt 0.090395 0.761611
vt 0.135344 0.775654
vt 0.147452 0.775536
vt 0.214033 0.726150
vt 0.230527 0.726843
vt 0.217237 0.710007
vt 0.217189 0.742003
vt 0.135078 0.767742
vt 0.147438 0.767742
vt 0.087731 0.754759
vt 0.086963 0.761611
vt 0.116783 0.754650
vt 0.117157 0.761611
vt 0.210829 0.741993
vt 0.210878 0.709996
vt 0.198530 0.727184
vt 0.105204 0.772087
vt 0.103947 0.775624
vt 0.133939 0.772117
vt 0.066954 0.702865
vt 0.164970 0.753670
vt 0.162347 0.702616
vt 0.154212 0.702689
vt 0.153217 0.754219
vt 0.146261 0.702743
vt 0.141852 0.753910
vt 0.165183 0.761611
vt 0.152961 0.761611
vt 0.141089 0.761611
vt 0.191080 0.775659
vt 0.203164 0.775546
vt 0.233309 0.752191
vt 0.248702 0.752812
vt 0.236410 0.736023
vt 0.236368 0.768216
vt 0.190816 0.767742
vt 0.203186 0.767742
vt 0.138527 0.754481
vt 0.137591 0.761611
vt 0.168380 0.754183
vt 0.168799 0.761611
vt 0.230206 0.768096
vt 0.230260 0.735888
vt 0.217750 0.752383
vt 0.160178 0.775647
vt 0.156530 0.827712
vt 0.161397 0.772105
vt 0.189684 0.772121
vt 0.047339 0.775710
vt 0.043730 0.826605
vt 0.081128 0.826562
vt 0.077432 0.771872
vt 0.048616 0.772160
vt 0.044078 0.702816
vt 0.011405 0.702616
vt 0.014028 0.753670
vt 0.040651 0.754244
vt 0.079986 0.806379
vt 0.079986 0.806379
vt 0.091341 0.814804
vt 0.107748 0.826674
vt 0.167678 0.878361
vt 0.043730 0.879323
vt 0.055671 0.929729
vt 0.081128 0.929604
vt 0.081128 0.878198
vt 0.055671 0.929729
vt 0.081128 0.954590
vt 0.081128 0.929604
vt 0.114455 0.981944
vt 0.114429 0.826790
vt 0.156530 0.827712
vt 0.168956 0.878384
vt 0.043730 0.879323
vt 0.051499 0.929663
vt 0.081128 0.929604
vt 0.081128 0.878198
vt 0.051499 0.929663
vt 0.081128 0.963717
vt 0.081128 0.929604
vt 0.172819 0.911400
vt 0.101867 0.820745
vt 0.060768 0.709341
vt 0.156530 0.869745
vt 0.213081 0.879323
vt 0.213081 0.919301
vt 0.224128 0.929729
vt 0.224128 0.929729
vt 0.100592 0.970339
vt 0.156530 0.867891
vt 0.213081 0.879323
vt 0.213081 0.922744
vt 0.219956 0.929663
vt 0.219956 0.929663
vt 0.213081 0.879323
vt 0.213081 0.922744
vt 0.219956 0.929663
vt 0.219956 0.929663
vt 0.100592 0.970339
vt 0.213081 0.879323
vt 0.213081 0.919301
vt 0.224128 0.929729
vt 0.224128 0.929729
vt 0.156530 0.869745
vt 0.101867 0.820745
vt 0.060768 0.709341
vt 0.104252 0.767742
vt 0.213081 0.826605
vt 0.213081 0.981687
vt 0.213081 0.929554
vt 0.213081 0.878179
vt 0.213081 0.826605
vt 0.215795 0.775710
vt 0.216146 0.767742
vt 0.162347 0.702616
vt 0.160415 0.767742
vt 0.104252 0.767742
vt 0.213081 0.826605
vt 0.215795 0.775710
vt 0.216146 0.767742
vt 0.162347 0.702616
vt 0.160415 0.767742
vt 0.104252 0.767742
vt 0.104252 0.767742
vt 0.162347 0.702616
vt 0.213081 0.826605
vt 0.213081 0.981687
vt 0.213081 0.929554
vt 0.213081 0.878179
vt 0.213081 0.826605
vt 0.215795 0.775710
vt 0.216146 0.767742
vt 0.160415 0.767742
vt 0.104252 0.767742
vt 0.213081 0.826605
vt 0.215795 0.775710
vt 0.216146 0.767742
vt 0.162347 0.702616
vt 0.160415 0.767742
vt 0.104252 0.767742
vt 0.160415 0.767742
vt 0.160415 0.767742
vt 0.126051 0.754034
vt 0.126995 0.702860
vt 0.175503 0.772113
vt 0.175480 0.775653
vt 0.161397 0.772105
vt 0.175310 0.772113
vt 0.175171 0.775653
vt 0.161397 0.772105
vt 0.192515 0.910740
vt 0.203046 0.914944
vt 0.213081 0.910565
vt 0.127930 0.754019
vt 0.128857 0.702849
vt 0.156530 0.878179
vt 0.192515 0.878182
vt 0.192515 0.907491
vt 0.168493 0.907447
vt 0.156530 0.892802
vt 0.168469 0.910625
vt 0.192515 0.910740
vt 0.192515 0.878182
vt 0.156530 0.878179
vt 0.156530 0.893429
vt 0.154978 0.643990
vt 0.152053 0.643388
vt 0.152053 0.657241
vt 0.154978 0.657870
vt 0.154978 0.630230
vt 0.152053 0.629672
vt 0.154978 0.615571
vt 0.152053 0.615576
vt 0.152053 0.684688
vt 0.152053 0.698509
vt 0.154978 0.698504
vt 0.154978 0.685336
vt 0.154978 0.672025
vt 0.152053 0.671397
vt 0.223791 0.633613
vt 0.223791 0.652983
vt 0.207475 0.643134
vt 0.240025 0.643315
vt 0.194533 0.643995
vt 0.194509 0.657835
vt 0.194610 0.672015
vt 0.194740 0.685476
vt 0.194769 0.698349
vt 0.194769 0.615416
vt 0.194669 0.630187
vt 0.223791 0.616101
vt 0.207785 0.625267
vt 0.239679 0.625006
vt 0.149373 0.643912
vt 0.152269 0.643917
vt 0.152269 0.630441
vt 0.149373 0.630426
vt 0.149373 0.657147
vt 0.152269 0.657175
vt 0.149373 0.672042
vt 0.152269 0.672054
vt 0.149373 0.685664
vt 0.152269 0.685558
vt 0.149373 0.698241
vt 0.152269 0.698893
vt 0.149373 0.615307
vt 0.152269 0.615960
vt 0.006071 0.644024
vt 0.075703 0.643973
vt 0.075703 0.630522
vt 0.006071 0.630581
vt 0.006071 0.615383
vt 0.075703 0.615481
vt 0.006071 0.685489
vt 0.006071 0.698317
vt 0.075703 0.698414
vt 0.075703 0.685546
vt 0.075703 0.672000
vt 0.006071 0.671883
vt 0.006071 0.657126
vt 0.075703 0.657171
vt 0.078706 0.643969
vt 0.081567 0.643957
vt 0.081567 0.630478
vt 0.078706 0.630534
vt 0.078706 0.616084
vt 0.081567 0.615371
vt 0.078706 0.685494
vt 0.078706 0.699018
vt 0.081567 0.698305
vt 0.081567 0.685612
vt 0.081567 0.672031
vt 0.078706 0.672005
vt 0.078706 0.657172
vt 0.081567 0.657176
vt 0.003313 0.644074
vt 0.003313 0.630714
vt 0.003313 0.616151
vt 0.003313 0.699085
vt 0.003313 0.685276
vt 0.003313 0.671792
vt 0.003313 0.657108
vt 0.149373 0.643912
vt 0.152269 0.643917
vt 0.152269 0.630441
vt 0.149373 0.630426
vt 0.149373 0.657147
vt 0.152269 0.657175
vt 0.149373 0.672042
vt 0.152269 0.672054
vt 0.149373 0.685664
vt 0.152269 0.685558
vt 0.149373 0.698241
vt 0.152269 0.698893
vt 0.149373 0.615307
vt 0.152269 0.615960
vt 0.006071 0.644024
vt 0.075703 0.643973
vt 0.075703 0.630522
vt 0.006071 0.630581
vt 0.006071 0.615383
vt 0.075703 0.615481
vt 0.006071 0.685489
vt 0.006071 0.698317
vt 0.075703 0.698414
vt 0.075703 0.685546
vt 0.075703 0.672000
vt 0.006071 0.671883
vt 0.006071 0.657126
vt 0.075703 0.657171
vt 0.078706 0.643969
vt 0.081567 0.643957
vt 0.081567 0.630478
vt 0.078706 0.630534
vt 0.078706 0.616084
vt 0.081567 0.615371
vt 0.078706 0.685494
vt 0.078706 0.699018
vt 0.081567 0.698305
vt 0.081567 0.685612
vt 0.081567 0.672031
vt 0.078706 0.672005
vt 0.078706 0.657172
vt 0.081567 0.657176
vt 0.003313 0.644074
vt 0.003313 0.630714
vt 0.003313 0.616151
vt 0.003313 0.699085
vt 0.003313 0.685276
vt 0.003313 0.671792
vt 0.003313 0.657108
vt 0.149373 0.643912
vt 0.152269 0.643917
vt 0.152269 0.630441
vt 0.149373 0.630426
vt 0.149373 0.657147
vt 0.152269 0.657175
vt 0.149373 0.672042
vt 0.152269 0.672054
vt 0.149373 0.685664
vt 0.152269 0.685558
vt 0.149373 0.698241
vt 0.152269 0.698893
vt 0.149373 0.615307
vt 0.152269 0.615960
vt 0.006071 0.644024
vt 0.075703 0.643973
vt 0.075703 0.630522
vt 0.006071 0.630581
vt 0.006071 0.615383
vt 0.075703 0.615481
vt 0.006071 0.685489
vt 0.006071 0.698317
vt 0.075703 0.698414
vt 0.075703 0.685546
vt 0.075703 0.672000
vt 0.006071 0.671883
vt 0.006071 0.657126
vt 0.075703 0.657171
vt 0.078706 0.643969
vt 0.081567 0.643957
vt 0.081567 0.630478
vt 0.078706 0.630534
vt 0.078706 0.616084
vt 0.081567 0.615371
vt 0.078706 0.685494
vt 0.078706 0.699018
vt 0.081567 0.698305
vt 0.081567 0.685612
vt 0.081567 0.672031
vt 0.078706 0.672005
vt 0.078706 0.657172
vt 0.081567 0.657176
vt 0.003313 0.644074
vt 0.003313 0.630714
vt 0.003313 0.616151
vt 0.003313 0.699085
vt 0.003313 0.685276
vt 0.003313 0.671792
vt 0.003313 0.657108
vt 0.149373 0.643912
vt 0.152269 0.643917
vt 0.152269 0.630441
vt 0.149373 0.630426
vt 0.149373 0.657147
vt 0.152269 0.657175
vt 0.149373 0.672042
vt 0.152269 0.672054
vt 0.149373 0.685664
vt 0.152269 0.685558
vt 0.149373 0.698241
vt 0.152269 0.698893
vt 0.149373 0.615307
vt 0.152269 0.615960
vt 0.006071 0.644024
vt 0.075703 0.643973
vt 0.075703 0.630522
vt 0.006071 0.630581
vt 0.006071 0.615383
vt 0.075703 0.615481
vt 0.006071 0.685489
vt 0.006071 0.698317
vt 0.075703 0.698414
vt 0.075703 0.685546
vt 0.075703 0.672000
vt 0.006071 0.671883
vt 0.006071 0.657126
vt 0.075703 0.657171
vt 0.078706 0.643969
vt 0.081567 0.643957
vt 0.081567 0.630478
vt 0.078706 0.630534
vt 0.078706 0.616084
vt 0.081567 0.615371
vt 0.078706 0.685494
vt 0.078706 0.699018
vt 0.081567 0.698305
vt 0.081567 0.685612
vt 0.081567 0.672031
vt 0.078706 0.672005
vt 0.078706 0.657172
vt 0.081567 0.657176
vt 0.149373 0.643912
vt 0.152269 0.630441
vt 0.149373 0.630426
vt 0.149373 0.657147
vt 0.152269 0.657175
vt 0.149373 0.672042
vt 0.152269 0.672054
vt 0.149373 0.685664
vt 0.149373 0.698241
vt 0.152269 0.698893
vt 0.149373 0.615307
vt 0.152269 0.615960
vt 0.006071 0.644024
vt 0.075703 0.643973
vt 0.075703 0.630522
vt 0.006071 0.630581
vt 0.006071 0.615383
vt 0.075703 0.615481
vt 0.006071 0.685489
vt 0.006071 0.698317
vt 0.075703 0.698414
vt 0.075703 0.685546
vt 0.075703 0.672000
vt 0.006071 0.671883
vt 0.006071 0.657126
vt 0.075703 0.657171
vt 0.078706 0.643969
vt 0.081567 0.643957
vt 0.081567 0.630478
vt 0.078706 0.630534
vt 0.078706 0.616084
vt 0.081567 0.615371
vt 0.078706 0.685494
vt 0.078706 0.699018
vt 0.081567 0.698305
vt 0.081567 0.685612
vt 0.081567 0.672031
vt 0.078706 0.672005
vt 0.078706 0.657172
vt 0.081567 0.657176
vt 0.003313 0.644074
vt 0.003313 0.630714
vt 0.003313 0.616151
vt 0.003313 0.699085
vt 0.003313 0.685276
vt 0.003313 0.671792
vt 0.003313 0.657108
vt 0.154978 0.643990
vt 0.154978 0.657870
vt 0.152053 0.657241
vt 0.152053 0.643388
vt 0.152053 0.629672
vt 0.154978 0.630230
vt 0.152053 0.615576
vt 0.154978 0.615571
vt 0.152053 0.684688
vt 0.154978 0.685336
vt 0.154978 0.698504
vt 0.152053 0.698509
vt 0.152053 0.671397
vt 0.154978 0.672025
vt 0.223791 0.633613
vt 0.207475 0.643134
vt 0.223791 0.652983
vt 0.240025 0.643315
vt 0.194533 0.643995
vt 0.194509 0.657835
vt 0.194610 0.672015
vt 0.194740 0.685476
vt 0.194769 0.698349
vt 0.194769 0.615416
vt 0.194669 0.630187
vt 0.223791 0.616101
vt 0.207785 0.625267
vt 0.239679 0.625006
vt 0.149373 0.643912
vt 0.149373 0.630426
vt 0.152269 0.630441
vt 0.152269 0.643917
vt 0.152269 0.657175
vt 0.149373 0.657147
vt 0.152269 0.672054
vt 0.149373 0.672042
vt 0.149373 0.685664
vt 0.152269 0.685558
vt 0.152269 0.698893
vt 0.149373 0.698241
vt 0.149373 0.615307
vt 0.152269 0.615960
vt 0.006071 0.644024
vt 0.006071 0.630581
vt 0.075703 0.630522
vt 0.075703 0.643973
vt 0.006071 0.615383
vt 0.075703 0.615481
vt 0.006071 0.685489
vt 0.075703 0.685546
vt 0.075703 0.698414
vt 0.006071 0.698317
vt 0.006071 0.671883
vt 0.075703 0.672000
vt 0.006071 0.657126
vt 0.075703 0.657171
vt 0.078706 0.643969
vt 0.078706 0.630534
vt 0.081567 0.630478
vt 0.081567 0.643957
vt 0.078706 0.616084
vt 0.081567 0.615371
vt 0.078706 0.685494
vt 0.081567 0.685612
vt 0.081567 0.698305
vt 0.078706 0.699018
vt 0.078706 0.672005
vt 0.081567 0.672031
vt 0.078706 0.657172
vt 0.081567 0.657176
vt 0.003313 0.644074
vt 0.003313 0.630714
vt 0.003313 0.616151
vt 0.003313 0.699085
vt 0.003313 0.685276
vt 0.003313 0.671792
vt 0.003313 0.657108
vt 0.149373 0.643912
vt 0.149373 0.630426
vt 0.152269 0.630441
vt 0.152269 0.643917
vt 0.152269 0.657175
vt 0.149373 0.657147
vt 0.152269 0.672054
vt 0.149373 0.672042
vt 0.149373 0.685664
vt 0.152269 0.685558
vt 0.152269 0.698893
vt 0.149373 0.698241
vt 0.149373 0.615307
vt 0.152269 0.615960
vt 0.006071 0.644024
vt 0.006071 0.630581
vt 0.075703 0.630522
vt 0.075703 0.643973
vt 0.006071 0.615383
vt 0.075703 0.615481
vt 0.006071 0.685489
vt 0.075703 0.685546
vt 0.075703 0.698414
vt 0.006071 0.698317
vt 0.006071 0.671883
vt 0.075703 0.672000
vt 0.006071 0.657126
vt 0.075703 0.657171
vt 0.078706 0.643969
vt 0.078706 0.630534
vt 0.081567 0.630478
vt 0.081567 0.643957
vt 0.078706 0.616084
vt 0.081567 0.615371
vt 0.078706 0.685494
vt 0.081567 0.685612
vt 0.081567 0.698305
vt 0.078706 0.699018
vt 0.078706 0.672005
vt 0.081567 0.672031
vt 0.078706 0.657172
vt 0.081567 0.657176
vt 0.003313 0.644074
vt 0.003313 0.630714
vt 0.003313 0.616151
vt 0.003313 0.699085
vt 0.003313 0.685276
vt 0.003313 0.671792
vt 0.003313 0.657108
vt 0.149373 0.643912
vt 0.149373 0.630426
vt 0.152269 0.630441
vt 0.152269 0.643917
vt 0.152269 0.657175
vt 0.149373 0.657147
vt 0.152269 0.672054
vt 0.149373 0.672042
vt 0.149373 0.685664
vt 0.152269 0.685558
vt 0.152269 0.698893
vt 0.149373 0.698241
vt 0.149373 0.615307
vt 0.152269 0.615960
vt 0.006071 0.644024
vt 0.006071 0.630581
vt 0.075703 0.630522
vt 0.075703 0.643973
vt 0.006071 0.615383
vt 0.075703 0.615481
vt 0.006071 0.685489
vt 0.075703 0.685546
vt 0.075703 0.698414
vt 0.006071 0.698317
vt 0.006071 0.671883
vt 0.075703 0.672000
vt 0.006071 0.657126
vt 0.075703 0.657171
vt 0.078706 0.643969
vt 0.078706 0.630534
vt 0.081567 0.630478
vt 0.081567 0.643957
vt 0.078706 0.616084
vt 0.081567 0.615371
vt 0.078706 0.685494
vt 0.081567 0.685612
vt 0.081567 0.698305
vt 0.078706 0.699018
vt 0.078706 0.672005
vt 0.081567 0.672031
vt 0.078706 0.657172
vt 0.081567 0.657176
vt 0.003313 0.644074
vt 0.003313 0.630714
vt 0.003313 0.616151
vt 0.003313 0.699085
vt 0.003313 0.685276
vt 0.003313 0.671792
vt 0.003313 0.657108
vt 0.149373 0.643912
vt 0.149373 0.630426
vt 0.152269 0.630441
vt 0.152269 0.643917
vt 0.152269 0.657175
vt 0.149373 0.657147
vt 0.152269 0.672054
vt 0.149373 0.672042
vt 0.149373 0.685664
vt 0.152269 0.685558
vt 0.152269 0.698893
vt 0.149373 0.698241
vt 0.149373 0.615307
vt 0.152269 0.615960
vt 0.006071 0.644024
vt 0.006071 0.630581
vt 0.075703 0.630522
vt 0.075703 0.643973
vt 0.006071 0.615383
vt 0.075703 0.615481
vt 0.006071 0.685489
vt 0.075703 0.685546
vt 0.075703 0.698414
vt 0.006071 0.698317
vt 0.006071 0.671883
vt 0.075703 0.672000
vt 0.006071 0.657126
vt 0.075703 0.657171
vt 0.078706 0.643969
vt 0.078706 0.630534
vt 0.081567 0.630478
vt 0.081567 0.643957
vt 0.078706 0.616084
vt 0.081567 0.615371
vt 0.078706 0.685494
vt 0.081567 0.685612
vt 0.081567 0.698305
vt 0.078706 0.699018
vt 0.078706 0.672005
vt 0.081567 0.672031
vt 0.078706 0.657172
vt 0.081567 0.657176
vt 0.149373 0.643912
vt 0.149373 0.630426
vt 0.152269 0.630441
vt 0.152269 0.657175
vt 0.149373 0.657147
vt 0.152269 0.672054
vt 0.149373 0.672042
vt 0.149373 0.685664
vt 0.152269 0.698893
vt 0.149373 0.698241
vt 0.149373 0.615307
vt 0.152269 0.615960
vt 0.006071 0.644024
vt 0.006071 0.630581
vt 0.075703 0.630522
vt 0.075703 0.643973
vt 0.006071 0.615383
vt 0.075703 0.615481
vt 0.006071 0.685489
vt 0.075703 0.685546
vt 0.075703 0.698414
vt 0.006071 0.698317
vt 0.006071 0.671883
vt 0.075703 0.672000
vt 0.006071 0.657126
vt 0.075703 0.657171
vt 0.078706 0.643969
vt 0.078706 0.630534
vt 0.081567 0.630478
vt 0.081567 0.643957
vt 0.078706 0.616084
vt 0.081567 0.615371
vt 0.078706 0.685494
vt 0.081567 0.685612
vt 0.081567 0.698305
vt 0.078706 0.699018
vt 0.078706 0.672005
vt 0.081567 0.672031
vt 0.078706 0.657172
vt 0.081567 0.657176
vt 0.003313 0.644074
vt 0.003313 0.630714
vt 0.003313 0.616151
vt 0.003313 0.699085
vt 0.003313 0.685276
vt 0.003313 0.671792
vt 0.003313 0.657108
vn 0.000054 -1.000000 0.000000
vn 0.000054 -1.000000 0.000015
vn 0.000054 -1.000000 0.000015
vn 0.000054 -1.000000 0.000000
vn 0.000054 -1.000000 -0.000014
vn 0.000054 -1.000000 -0.000014
vn 0.000054 -1.000000 0.000000
vn 0.000054 -1.000000 0.000015
vn 0.000096 -1.000000 0.000015
vn 0.000096 -1.000000 0.000000
vn 0.000138 -1.000000 0.000015
vn 0.000138 -1.000000 0.000000
vn 0.000096 -1.000000 -0.000014
vn 0.000138 -1.000000 -0.000014
vn 0.000054 -1.000000 -0.000014
vn 0.000054 -1.000000 0.000015
vn 0.000054 -1.000000 0.000015
vn 0.000096 -1.000000 0.000015
vn 0.000096 -1.000000 0.000015
vn 0.000138 -1.000000 0.000015
vn 0.000138 -1.000000 0.000015
vn 0.000054 -1.000000 0.000015
vn 0.000054 -1.000000 0.000015
vn 0.000054 -1.000000 0.000015
vn 0.000054 -1.000000 0.000015
vn -0.000976 -1.000000 0.000068
vn -0.001190 -0.999999 0.000091
vn -0.001190 -0.999999 0.000091
vn -0.000976 -1.000000 0.000068
vn 0.993696 -0.112110 0.000209
vn 0.993632 -0.112672 0.000299
vn 0.993632 -0.112672 0.000299
vn 0.993696 -0.112110 0.000209
vn 0.000195 -0.999971 0.007609
vn 0.000178 -0.999945 0.010510
vn 0.000178 -0.999945 0.010510
vn 0.000195 -0.999971 0.007609
vn -0.014551 -0.999885 -0.004258
vn -0.014551 -0.999885 -0.004258
vn -0.014551 -0.999885 -0.004258
vn -0.003940 -0.142956 -0.989721
vn -0.003940 -0.142956 -0.989721
vn -0.004299 -0.133216 -0.991078
vn -0.004299 -0.133216 -0.991078
vn 0.988132 -0.153501 0.005638
vn 0.988132 -0.153501 0.005638
vn 0.989503 -0.144420 0.005233
vn 0.989503 -0.144420 0.005233
vn -0.008049 -0.999967 -0.000512
vn -0.008049 -0.999967 -0.000512
vn -0.011464 -0.999934 -0.000445
vn -0.011464 -0.999934 -0.000445
vn 0.004990 -0.999901 0.013120
vn 0.004990 -0.999901 0.013120
vn 0.004990 -0.999901 0.013120
vn -0.000615 -0.999998 -0.002016
vn -0.000615 -0.999998 -0.002016
vn -0.000609 -0.999999 -0.000817
vn -0.000609 -0.999999 -0.000817
vn -0.000602 -1.000000 0.000382
vn -0.000602 -1.000000 0.000382
vn -0.001158 -0.999998 0.001570
vn -0.001158 -0.999998 0.001570
vn -0.001158 -0.999998 0.001570
vn -0.001158 -0.999998 0.001570
vn 0.003572 -0.999994 0.000459
vn 0.001878 -0.999998 0.000215
vn 0.001878 -0.999998 0.000215
vn 0.003572 -0.999994 0.000459
vn 0.004609 -0.999989 0.000521
vn 0.004609 -0.999989 0.000521
vn 0.000848 -1.000000 0.000034
vn 0.000848 -1.000000 0.000034
vn 0.993568 -0.113234 0.000389
vn 0.993568 -0.113234 0.000389
vn -0.001404 -0.999999 0.000115
vn -0.001404 -0.999999 0.000115
vn 0.000476 -1.000000 0.000033
vn 0.000476 -1.000000 0.000033
vn -0.001401 -0.999999 -0.000123
vn -0.001401 -0.999999 -0.000123
vn -0.001543 -0.999999 -0.000062
vn -0.001543 -0.999999 -0.000062
vn 0.992943 -0.118590 -0.000302
vn 0.992943 -0.118590 -0.000302
vn 0.993163 -0.116734 -0.000153
vn 0.993163 -0.116734 -0.000153
vn -0.001383 -0.999999 -0.000086
vn -0.001383 -0.999999 -0.000086
vn -0.001084 -0.999999 -0.000078
vn -0.001084 -0.999999 -0.000078
vn 0.000188 -0.999971 -0.007598
vn 0.000188 -0.999971 -0.007598
vn 0.000179 -0.999945 -0.010496
vn 0.000179 -0.999945 -0.010496
vn -0.014528 -0.999886 0.004232
vn -0.014528 -0.999886 0.004232
vn -0.014528 -0.999886 0.004232
vn -0.004011 -0.142829 0.989739
vn -0.004172 -0.133113 0.991092
vn -0.004172 -0.133113 0.991092
vn -0.004011 -0.142829 0.989739
vn 0.991163 -0.132539 -0.005366
vn 0.990616 -0.136585 -0.004915
vn 0.990616 -0.136585 -0.004915
vn 0.991163 -0.132539 -0.005366
vn -0.008267 -0.999966 0.000406
vn -0.011611 -0.999933 0.000355
vn -0.011611 -0.999933 0.000355
vn -0.008267 -0.999966 0.000406
vn 0.005013 -0.999901 -0.013120
vn 0.005013 -0.999901 -0.013120
vn 0.005013 -0.999901 -0.013120
vn -0.001500 -0.999998 -0.001366
vn -0.001500 -0.999998 -0.001366
vn -0.001500 -0.999998 -0.001366
vn -0.001500 -0.999998 -0.001366
vn -0.000594 -0.999997 0.002585
vn -0.000557 -0.999999 0.001397
vn -0.000557 -0.999999 0.001397
vn -0.000594 -0.999997 0.002585
vn -0.000632 -0.999993 0.003773
vn -0.000632 -0.999993 0.003773
vn 0.002348 -0.999997 -0.000530
vn 0.002348 -0.999997 -0.000530
vn 0.001199 -0.999999 -0.000510
vn 0.001199 -0.999999 -0.000510
vn 0.000050 -1.000000 -0.000490
vn 0.000050 -1.000000 -0.000490
vn 0.993380 -0.114877 -0.000005
vn 0.993380 -0.114877 -0.000005
vn -0.001686 -0.999999 -0.000001
vn -0.001686 -0.999999 -0.000001
vn -0.000786 -1.000000 -0.000069
vn -0.000786 -1.000000 -0.000069
vn 0.000132 -0.999999 -0.001291
vn 0.000132 -0.999999 -0.001291
vn 0.000126 -0.999999 -0.001499
vn 0.000126 -0.999999 -0.001499
vn -0.000105 -0.114205 0.993457
vn -0.000105 -0.114205 0.993457
vn -0.000098 -0.111316 0.993785
vn -0.000098 -0.111316 0.993785
vn 0.000003 -0.999998 -0.001917
vn 0.000003 -0.999998 -0.001917
vn -0.000071 -0.999998 -0.001816
vn -0.000071 -0.999998 -0.001816
vn -0.000250 -0.106197 0.994345
vn -0.000250 -0.106197 0.994345
vn -0.000084 -0.107824 0.994170
vn -0.000084 -0.107824 0.994170
vn -0.000453 -0.999973 -0.007310
vn -0.000369 -0.999947 -0.010312
vn -0.000369 -0.999947 -0.010312
vn -0.000453 -0.999973 -0.007310
vn 0.014561 -0.999885 0.004274
vn 0.014561 -0.999885 0.004274
vn 0.014561 -0.999885 0.004274
vn 0.004660 -0.144078 0.989555
vn 0.004660 -0.144078 0.989555
vn 0.005080 -0.135628 0.990747
vn 0.005080 -0.135628 0.990747
vn -0.991824 -0.127509 -0.005219
vn -0.991824 -0.127509 -0.005219
vn -0.990911 -0.134430 -0.004925
vn -0.990911 -0.134430 -0.004925
vn 0.008265 -0.999966 0.000338
vn 0.008265 -0.999966 0.000338
vn 0.011570 -0.999933 0.000315
vn 0.011570 -0.999933 0.000315
vn -0.004997 -0.999902 -0.013111
vn -0.004997 -0.999902 -0.013111
vn -0.004997 -0.999902 -0.013111
vn 0.000559 -0.999998 0.001905
vn 0.000559 -0.999998 0.001905
vn 0.000502 -0.999999 0.000947
vn 0.000502 -0.999999 0.000947
vn 0.000444 -1.000000 -0.000012
vn 0.000444 -1.000000 -0.000012
vn 0.001397 -0.999998 -0.001574
vn 0.001397 -0.999998 -0.001574
vn 0.001397 -0.999998 -0.001574
vn 0.001397 -0.999998 -0.001574
vn -0.003121 -0.999995 -0.000524
vn -0.001893 -0.999998 -0.000486
vn -0.001893 -0.999998 -0.000486
vn -0.003121 -0.999995 -0.000524
vn -0.004348 -0.999990 -0.000563
vn -0.004348 -0.999990 -0.000563
vn 0.000094 -0.999999 -0.001184
vn 0.000094 -0.999999 -0.001184
vn 0.000104 -0.999999 -0.001160
vn 0.000104 -0.999999 -0.001160
vn 0.000011 -1.000000 -0.000894
vn 0.000011 -1.000000 -0.000894
vn -0.000028 -1.000000 -0.000656
vn -0.000028 -1.000000 -0.000656
vn 0.000114 -0.999999 -0.001137
vn 0.000114 -0.999999 -0.001137
vn 0.000121 -0.999999 -0.001708
vn 0.000121 -0.999999 -0.001708
vn -0.000092 -0.108427 0.994104
vn -0.000092 -0.108427 0.994104
vn -0.000067 -1.000000 -0.000418
vn -0.000067 -1.000000 -0.000418
vn -0.000146 -0.999999 -0.001714
vn -0.000146 -0.999999 -0.001714
vn 0.000081 -0.109450 0.993992
vn 0.000081 -0.109450 0.993992
vn 0.001542 -0.999999 0.000057
vn 0.001542 -0.999999 0.000057
vn 0.001507 -0.999999 -0.000024
vn 0.001507 -0.999999 -0.000024
vn -0.993452 -0.114250 0.000190
vn -0.993452 -0.114250 0.000190
vn -0.993501 -0.113822 -0.000080
vn -0.993501 -0.113822 -0.000080
vn -0.000008 -1.000000 0.000032
vn -0.000008 -1.000000 0.000032
vn -0.000087 -1.000000 -0.000008
vn -0.000087 -1.000000 -0.000008
vn 0.000975 -1.000000 0.000060
vn 0.000975 -1.000000 0.000060
vn 0.001118 -0.999999 0.000062
vn 0.001118 -0.999999 0.000062
vn 0.000151 -0.999999 0.001293
vn 0.000131 -0.999999 0.001502
vn 0.000131 -0.999999 0.001502
vn 0.000151 -0.999999 0.001293
vn -0.000120 -0.114266 -0.993450
vn -0.000103 -0.111392 -0.993777
vn -0.000103 -0.111392 -0.993777
vn -0.000120 -0.114266 -0.993450
vn -0.993784 -0.111324 0.000203
vn -0.993784 -0.111324 0.000203
vn -0.993706 -0.112018 0.000208
vn -0.993706 -0.112018 0.000208
vn 0.000003 -0.999998 0.001920
vn -0.000063 -0.999998 0.001818
vn -0.000063 -0.999998 0.001818
vn 0.000003 -0.999998 0.001920
vn -0.000270 -0.106227 -0.994342
vn -0.000100 -0.107853 -0.994167
vn -0.000100 -0.107853 -0.994167
vn -0.000270 -0.106227 -0.994342
vn -0.000431 -0.999973 0.007304
vn -0.000431 -0.999973 0.007304
vn -0.000368 -0.999947 0.010309
vn -0.000368 -0.999947 0.010309
vn 0.014544 -0.999885 -0.004266
vn 0.014544 -0.999885 -0.004266
vn 0.014544 -0.999885 -0.004266
vn 0.004595 -0.144063 -0.989558
vn 0.004837 -0.135620 -0.990749
vn 0.004837 -0.135620 -0.990749
vn 0.004595 -0.144063 -0.989558
vn -0.991901 -0.126922 0.004743
vn -0.990949 -0.134175 0.004276
vn -0.990949 -0.134175 0.004276
vn -0.991901 -0.126922 0.004743
vn 0.008104 -0.999967 -0.000526
vn 0.011517 -0.999934 -0.000441
vn 0.011517 -0.999934 -0.000441
vn 0.008104 -0.999967 -0.000526
vn -0.004957 -0.999902 0.013096
vn -0.004957 -0.999902 0.013096
vn -0.004957 -0.999902 0.013096
vn 0.001530 -0.999998 0.001328
vn 0.001530 -0.999998 0.001328
vn 0.001530 -0.999998 0.001328
vn 0.001530 -0.999998 0.001328
vn 0.000477 -0.999995 -0.003177
vn 0.000409 -0.999997 -0.002199
vn 0.000409 -0.999997 -0.002199
vn 0.000477 -0.999995 -0.003177
vn 0.000545 -0.999991 -0.004155
vn 0.000545 -0.999991 -0.004155
vn -0.002201 -0.999997 0.000505
vn -0.002201 -0.999997 0.000505
vn -0.001155 -0.999999 0.000467
vn -0.001155 -0.999999 0.000467
vn 0.000403 -1.000000 0.000245
vn 0.000403 -1.000000 0.000245
vn 0.000610 -1.000000 0.000078
vn 0.000610 -1.000000 0.000078
vn 0.000069 -1.000000 -0.000719
vn 0.000051 -1.000000 -0.000244
vn 0.000051 -1.000000 -0.000244
vn 0.000069 -1.000000 -0.000719
vn -0.000064 -0.999999 0.001402
vn -0.000078 -0.999999 0.001661
vn -0.000078 -0.999999 0.001661
vn -0.000064 -0.999999 0.001402
vn -0.993550 -0.113393 -0.000350
vn -0.993550 -0.113393 -0.000350
vn 0.001471 -0.999999 -0.000104
vn 0.001471 -0.999999 -0.000104
vn -0.000166 -1.000000 -0.000048
vn -0.000166 -1.000000 -0.000048
vn -0.993628 -0.112711 0.000214
vn -0.993628 -0.112711 0.000214
vn 0.001260 -0.999999 0.000064
vn 0.001260 -0.999999 0.000064
vn 0.000307 -1.000000 0.000093
vn 0.000307 -1.000000 0.000093
vn 0.000034 -1.000000 0.000230
vn 0.000034 -1.000000 0.000230
vn 0.000110 -0.999999 0.001711
vn 0.000110 -0.999999 0.001711
vn -0.000087 -0.108517 -0.994095
vn -0.000087 -0.108517 -0.994095
vn -0.000093 -0.999998 0.001920
vn -0.000093 -0.999998 0.001920
vn -0.000129 -0.999999 0.001717
vn -0.000129 -0.999999 0.001717
vn 0.000070 -0.109479 -0.993989
vn 0.000070 -0.109479 -0.993989
vn -0.002566 -0.999996 -0.000992
vn -0.002566 -0.999996 -0.000992
vn -0.002566 -0.999996 -0.000992
vn -0.002566 -0.999996 -0.000992
vn 0.000197 -0.999989 -0.004701
vn 0.000197 -0.999989 -0.004701
vn -0.004333 -0.123384 0.992350
vn -0.004333 -0.123384 0.992350
vn 0.991694 -0.128491 -0.005817
vn 0.991694 -0.128491 -0.005817
vn -0.004922 -0.999988 0.000457
vn -0.004922 -0.999988 0.000457
vn 0.000895 -0.999996 -0.002565
vn 0.000895 -0.999996 -0.002565
vn 0.000895 -0.999996 -0.002565
vn 0.000895 -0.999996 -0.002565
vn 0.002758 -0.999996 0.000928
vn 0.002758 -0.999996 0.000928
vn 0.002758 -0.999996 0.000928
vn 0.002758 -0.999996 0.000928
vn -0.000893 -0.999997 0.002368
vn -0.000893 -0.999997 0.002368
vn -0.000893 -0.999997 0.002368
vn -0.000893 -0.999997 0.002368
vn 0.005500 -0.127168 0.991866
vn 0.005500 -0.127168 0.991866
vn -0.000537 -0.999991 -0.004308
vn -0.000537 -0.999991 -0.004308
vn 0.004960 -0.999988 0.000361
vn 0.004960 -0.999988 0.000361
vn -0.992688 -0.120582 -0.005513
vn -0.992688 -0.120582 -0.005513
vn -0.992801 -0.119662 0.005210
vn -0.992801 -0.119662 0.005210
vn 0.004690 -0.999989 -0.000611
vn 0.004690 -0.999989 -0.000611
vn -0.000495 -0.999991 0.004299
vn -0.000495 -0.999991 0.004299
vn 0.005079 -0.127167 -0.991868
vn 0.005079 -0.127167 -0.991868
vn -0.004658 -0.123463 -0.992338
vn -0.004658 -0.123463 -0.992338
vn 0.000211 -0.999989 0.004708
vn 0.000211 -0.999989 0.004708
vn -0.004633 -0.999989 -0.000579
vn -0.004633 -0.999989 -0.000579
vn 0.986679 -0.162568 0.006043
vn 0.986679 -0.162568 0.006043
vn -0.999884 0.009371 0.011984
vn -0.999806 0.016056 0.011380
vn -0.999806 0.016056 0.011380
vn -0.999884 0.009371 0.011984
vn 0.996952 -0.073048 -0.027395
vn 0.996952 -0.073048 -0.027395
vn 0.998693 -0.046348 -0.021547
vn 0.998693 -0.046348 -0.021547
vn -0.529857 -0.833718 -0.155452
vn -0.529857 -0.833718 -0.155452
vn -0.505703 -0.850870 -0.142427
vn -0.505703 -0.850870 -0.142427
vn -0.511994 -0.851334 -0.114422
vn -0.511994 -0.851334 -0.114422
vn -0.484668 -0.869625 -0.094075
vn -0.484668 -0.869625 -0.094075
vn -0.999675 -0.020907 -0.014601
vn -0.999675 -0.020907 -0.014601
vn -0.998734 -0.049734 -0.007526
vn -0.998734 -0.049734 -0.007526
vn -0.997022 -0.077120 -0.000435
vn -0.997022 -0.077120 -0.000435
vn -0.997174 -0.075129 -0.000228
vn -0.997174 -0.075129 -0.000228
vn -0.425890 -0.902350 -0.066204
vn -0.425890 -0.902350 -0.066204
vn -0.357685 -0.933016 -0.039265
vn -0.357685 -0.933016 -0.039265
vn 0.999617 -0.022242 -0.016485
vn 0.999617 -0.022242 -0.016485
vn 0.999665 -0.022857 -0.012166
vn 0.999665 -0.022857 -0.012166
vn -0.443206 -0.888992 -0.115160
vn -0.443206 -0.888992 -0.115160
vn -0.398435 -0.914283 -0.073057
vn -0.398435 -0.914283 -0.073057
vn -0.999937 -0.005443 0.009790
vn -0.999917 0.000011 0.012888
vn -0.999917 0.000011 0.012888
vn -0.999937 -0.005443 0.009790
vn -0.997238 -0.074278 0.000005
vn -0.997238 -0.074278 0.000005
vn -0.287776 -0.957591 -0.014299
vn -0.287776 -0.957591 -0.014299
vn 0.999849 -0.017188 -0.002718
vn 0.999849 -0.017188 -0.002718
vn -0.383026 -0.923170 -0.032380
vn -0.383026 -0.923170 -0.032380
vn -0.999952 -0.009332 0.003047
vn -0.999952 -0.009332 0.003047
vn -0.999888 0.009008 -0.011967
vn -0.999888 0.009008 -0.011967
vn -0.999812 0.015699 -0.011334
vn -0.999812 0.015699 -0.011334
vn 0.996833 -0.074439 0.027979
vn 0.998705 -0.045974 0.021790
vn 0.998705 -0.045974 0.021790
vn 0.996833 -0.074439 0.027979
vn -0.537327 -0.828648 0.156916
vn -0.514667 -0.845523 0.142161
vn -0.514667 -0.845523 0.142161
vn -0.537327 -0.828648 0.156916
vn -0.507233 -0.854227 0.114067
vn -0.479260 -0.872527 0.094903
vn -0.479260 -0.872527 0.094903
vn -0.507233 -0.854227 0.114067
vn -0.999773 0.015322 0.014789
vn -0.999806 -0.018133 0.007688
vn -0.999806 -0.018133 0.007688
vn -0.999773 0.015322 0.014789
vn -0.998713 -0.050712 0.000630
vn -0.998660 -0.051753 0.000523
vn -0.998660 -0.051753 0.000523
vn -0.998713 -0.050712 0.000630
vn -0.420383 -0.905022 0.064907
vn -0.354068 -0.934477 0.037256
vn -0.354068 -0.934477 0.037256
vn -0.420383 -0.905022 0.064907
vn 0.999682 -0.019385 0.016106
vn 0.999737 -0.019457 0.012133
vn 0.999737 -0.019457 0.012133
vn 0.999682 -0.019385 0.016106
vn -0.453653 -0.883513 0.116639
vn -0.409150 -0.909312 0.075810
vn -0.409150 -0.909312 0.075810
vn -0.453653 -0.883513 0.116639
vn -0.999938 -0.005354 -0.009799
vn -0.999938 -0.005354 -0.009799
vn -0.999916 -0.000291 -0.012933
vn -0.999916 -0.000291 -0.012933
vn -0.998225 -0.059558 0.000388
vn -0.998225 -0.059558 0.000388
vn -0.287190 -0.957759 0.014802
vn -0.287190 -0.957759 0.014802
vn 0.999876 -0.015205 0.004173
vn 0.999876 -0.015205 0.004173
vn -0.391297 -0.919723 0.031548
vn -0.391297 -0.919723 0.031548
vn -0.999956 -0.008890 -0.002947
vn -0.999956 -0.008890 -0.002947
vn -0.999950 -0.009969 0.000437
vn -0.999950 -0.009969 0.000437
vn -0.379445 -0.925052 0.017317
vn -0.379445 -0.925052 0.017317
vn 0.999918 -0.012796 0.000712
vn 0.999918 -0.012796 0.000712
vn -0.256226 -0.966572 0.009277
vn -0.256226 -0.966572 0.009277
vn -0.997855 -0.065465 0.000413
vn -0.997855 -0.065465 0.000413
vn -0.997257 -0.074020 0.000039
vn -0.997257 -0.074020 0.000039
vn -0.255192 -0.966850 -0.008869
vn -0.255192 -0.966850 -0.008869
vn 0.999907 -0.013532 0.001610
vn 0.999907 -0.013532 0.001610
vn -0.373872 -0.927275 -0.019525
vn -0.373872 -0.927275 -0.019525
vn -0.999945 -0.010440 -0.000297
vn -0.999945 -0.010440 -0.000297
vn -0.012815 0.009656 -0.999871
vn -0.012167 0.016566 -0.999789
vn -0.012167 0.016566 -0.999789
vn -0.012815 0.009656 -0.999871
vn 0.029287 -0.075819 0.996691
vn 0.029287 -0.075819 0.996691
vn 0.023054 -0.048153 0.998574
vn 0.023054 -0.048153 0.998574
vn 0.161582 -0.840614 -0.516972
vn 0.161582 -0.840614 -0.516972
vn 0.147929 -0.857316 -0.493078
vn 0.147929 -0.857316 -0.493078
vn 0.118867 -0.858153 -0.499444
vn 0.118867 -0.858153 -0.499444
vn 0.097633 -0.875854 -0.472597
vn 0.097633 -0.875854 -0.472597
vn 0.015351 -0.064338 -0.997810
vn 0.015351 -0.064338 -0.997810
vn 0.007949 -0.092100 -0.995718
vn 0.007949 -0.092100 -0.995718
vn 0.000569 -0.117342 -0.993091
vn 0.000569 -0.117342 -0.993091
vn 0.000381 -0.110478 -0.993879
vn 0.000381 -0.110478 -0.993879
vn 0.068551 -0.907236 -0.414998
vn 0.068551 -0.907236 -0.414998
vn 0.040815 -0.936571 -0.348093
vn 0.040815 -0.936571 -0.348093
vn 0.017631 -0.023227 0.999575
vn 0.017631 -0.023227 0.999575
vn 0.013006 -0.023763 0.999633
vn 0.013006 -0.023763 0.999633
vn 0.119322 -0.894202 -0.431468
vn 0.119322 -0.894202 -0.431468
vn 0.076010 -0.918769 -0.387410
vn 0.076010 -0.918769 -0.387410
vn -0.010477 -0.005629 -0.999929
vn -0.013790 0.000016 -0.999905
vn -0.013790 0.000016 -0.999905
vn -0.010477 -0.005629 -0.999929
vn 0.000124 -0.099726 -0.995015
vn 0.000124 -0.099726 -0.995015
vn 0.014611 -0.960101 -0.279273
vn 0.014611 -0.960101 -0.279273
vn 0.002987 -0.017840 0.999836
vn 0.002987 -0.017840 0.999836
vn 0.033131 -0.927586 -0.372137
vn 0.033131 -0.927586 -0.372137
vn -0.003271 -0.009682 -0.999948
vn -0.003271 -0.009682 -0.999948
vn 0.012803 0.009337 -0.999874
vn 0.012803 0.009337 -0.999874
vn 0.012125 0.016311 -0.999793
vn 0.012125 0.016311 -0.999793
vn -0.029874 -0.076867 0.996594
vn -0.023276 -0.047416 0.998604
vn -0.023276 -0.047416 0.998604
vn -0.029874 -0.076867 0.996594
vn -0.163147 -0.835731 -0.524345
vn -0.147700 -0.852199 -0.501938
vn -0.147700 -0.852199 -0.501938
vn -0.163147 -0.835731 -0.524345
vn -0.118488 -0.860934 -0.494725
vn -0.098479 -0.878620 -0.467256
vn -0.098479 -0.878620 -0.467256
vn -0.118488 -0.860934 -0.494725
vn -0.015645 -0.029452 -0.999444
vn -0.008183 -0.061124 -0.998097
vn -0.008183 -0.061124 -0.998097
vn -0.015645 -0.029452 -0.999444
vn -0.001147 -0.085289 -0.996356
vn -0.001052 -0.071116 -0.997467
vn -0.001052 -0.071116 -0.997467
vn -0.001147 -0.085289 -0.996356
vn -0.067190 -0.909789 -0.409597
vn -0.038749 -0.937962 -0.344566
vn -0.038749 -0.937962 -0.344566
vn -0.067190 -0.909789 -0.409597
vn -0.017217 -0.020036 0.999651
vn -0.012978 -0.020053 0.999715
vn -0.012978 -0.020053 0.999715
vn -0.017217 -0.020036 0.999651
vn -0.120899 -0.888950 -0.441759
vn -0.078944 -0.914015 -0.397926
vn -0.078944 -0.914015 -0.397926
vn -0.120899 -0.888950 -0.441759
vn 0.010481 -0.005581 -0.999930
vn 0.010481 -0.005581 -0.999930
vn 0.013835 -0.000320 -0.999904
vn 0.013835 -0.000320 -0.999904
vn -0.000432 -0.069659 -0.997571
vn -0.000432 -0.069659 -0.997571
vn -0.015181 -0.960256 -0.278709
vn -0.015181 -0.960256 -0.278709
vn -0.004441 -0.015545 0.999869
vn -0.004441 -0.015545 0.999869
vn -0.032498 -0.924315 -0.380244
vn -0.032498 -0.924315 -0.380244
vn 0.003167 -0.009268 -0.999952
vn 0.003167 -0.009268 -0.999952
vn -0.000070 -0.010599 -0.999944
vn -0.000070 -0.010599 -0.999944
vn 0.000972 -0.930679 -0.365836
vn 0.000972 -0.930679 -0.365836
vn -0.001140 -0.013647 0.999906
vn -0.001140 -0.013647 0.999906
vn -0.000234 -0.968839 -0.247692
vn -0.000234 -0.968839 -0.247692
vn -0.000130 -0.084165 -0.996452
vn -0.000130 -0.084165 -0.996452
vn 0.999885 0.009321 -0.011985
vn 0.999807 0.016001 -0.011379
vn 0.999807 0.016001 -0.011379
vn 0.999885 0.009321 -0.011985
vn -0.996941 -0.073198 0.027388
vn -0.996941 -0.073198 0.027388
vn -0.998690 -0.046424 0.021544
vn -0.998690 -0.046424 0.021544
vn 0.529915 -0.833695 0.155378
vn 0.529915 -0.833695 0.155378
vn 0.505731 -0.850859 0.142390
vn 0.505731 -0.850859 0.142390
vn 0.512065 -0.851306 0.114315
vn 0.512065 -0.851306 0.114315
vn 0.484706 -0.869610 0.094018
vn 0.484706 -0.869610 0.094018
vn 0.998767 0.047416 0.014703
vn 0.998767 0.047416 0.014703
vn 0.999834 0.016587 0.007557
vn 0.999834 0.016587 0.007557
vn 0.999918 -0.012766 0.000401
vn 0.999918 -0.012766 0.000401
vn 0.999942 -0.010808 0.000212
vn 0.999942 -0.010808 0.000212
vn 0.425895 -0.902347 0.066204
vn 0.425895 -0.902347 0.066204
vn 0.357685 -0.933016 0.039269
vn 0.357685 -0.933016 0.039269
vn -0.999614 -0.022392 0.016460
vn -0.999614 -0.022392 0.016460
vn -0.999667 -0.022778 0.012129
vn -0.999667 -0.022778 0.012129
vn 0.443203 -0.888992 0.115167
vn 0.443203 -0.888992 0.115167
vn 0.398428 -0.914285 0.073063
vn 0.398428 -0.914285 0.073063
vn 0.999938 -0.005381 -0.009788
vn 0.999917 0.000036 -0.012883
vn 0.999917 0.000036 -0.012883
vn 0.999938 -0.005381 -0.009788
vn 0.999949 -0.010128 -0.000002
vn 0.999949 -0.010128 -0.000002
vn 0.287772 -0.957592 0.014300
vn 0.287772 -0.957592 0.014300
vn -0.999853 -0.016958 0.002707
vn -0.999853 -0.016958 0.002707
vn 0.383015 -0.923175 0.032381
vn 0.383015 -0.923175 0.032381
vn 0.999952 -0.009318 -0.003046
vn 0.999952 -0.009318 -0.003046
vn 0.999888 0.009005 0.011967
vn 0.999888 0.009005 0.011967
vn 0.999812 0.015754 0.011334
vn 0.999812 0.015754 0.011334
vn -0.996828 -0.074505 -0.027980
vn -0.998706 -0.045940 -0.021791
vn -0.998706 -0.045940 -0.021791
vn -0.996828 -0.074505 -0.027980
vn 0.537353 -0.828629 -0.156926
vn 0.514680 -0.845514 -0.142166
vn 0.514680 -0.845514 -0.142166
vn 0.537353 -0.828629 -0.156926
vn 0.507245 -0.854221 -0.114059
vn 0.479267 -0.872523 -0.094900
vn 0.479267 -0.872523 -0.094900
vn 0.507245 -0.854221 -0.114059
vn 0.996511 0.082151 -0.014742
vn 0.998824 0.047876 -0.007654
vn 0.998824 0.047876 -0.007654
vn 0.996511 0.082151 -0.014742
vn 0.999906 0.013713 -0.000668
vn 0.999937 0.011199 -0.000575
vn 0.999937 0.011199 -0.000575
vn 0.999906 0.013713 -0.000668
vn 0.420386 -0.905020 -0.064914
vn 0.354069 -0.934477 -0.037262
vn 0.354069 -0.934477 -0.037262
vn 0.420386 -0.905020 -0.064914
vn -0.999687 -0.019150 -0.016084
vn -0.999747 -0.018961 -0.012100
vn -0.999747 -0.018961 -0.012100
vn -0.999687 -0.019150 -0.016084
vn 0.453636 -0.883521 -0.116640
vn 0.409130 -0.909322 -0.075811
vn 0.409130 -0.909322 -0.075811
vn 0.453636 -0.883521 -0.116640
vn 0.999938 -0.005369 0.009784
vn 0.999938 -0.005369 0.009784
vn 0.999917 -0.000298 0.012917
vn 0.999917 -0.000298 0.012917
vn 0.999996 0.002884 -0.000384
vn 0.999996 0.002884 -0.000384
vn 0.287190 -0.957759 -0.014802
vn 0.287190 -0.957759 -0.014802
vn -0.999882 -0.014763 -0.004164
vn -0.999882 -0.014763 -0.004164
vn 0.391289 -0.919727 -0.031549
vn 0.391289 -0.919727 -0.031549
vn 0.999955 -0.008979 0.002945
vn 0.999955 -0.008979 0.002945
vn 0.999949 -0.010070 -0.000442
vn 0.999949 -0.010070 -0.000442
vn 0.379436 -0.925056 -0.017319
vn 0.379436 -0.925056 -0.017319
vn -0.999921 -0.012568 -0.000713
vn -0.999921 -0.012568 -0.000713
vn 0.256229 -0.966572 -0.009276
vn 0.256229 -0.966572 -0.009276
vn 0.999996 -0.002749 -0.000398
vn 0.999996 -0.002749 -0.000398
vn 0.999951 -0.009913 -0.000030
vn 0.999951 -0.009913 -0.000030
vn 0.255190 -0.966850 0.008869
vn 0.255190 -0.966850 0.008869
vn -0.999907 -0.013532 -0.001609
vn -0.999907 -0.013532 -0.001609
vn 0.373862 -0.927279 0.019527
vn 0.373862 -0.927279 0.019527
vn 0.999945 -0.010440 0.000307
vn 0.999945 -0.010440 0.000307
vn 0.012817 0.009664 0.999871
vn 0.012172 0.016577 0.999789
vn 0.012172 0.016577 0.999789
vn 0.012817 0.009664 0.999871
vn -0.029313 -0.075926 -0.996682
vn -0.029313 -0.075926 -0.996682
vn -0.023068 -0.048221 -0.998570
vn -0.023068 -0.048221 -0.998570
vn -0.161579 -0.840610 0.516979
vn -0.161579 -0.840610 0.516979
vn -0.147927 -0.857316 0.493079
vn -0.147927 -0.857316 0.493079
vn -0.118866 -0.858157 0.499438
vn -0.118866 -0.858157 0.499438
vn -0.097633 -0.875856 0.472594
vn -0.097633 -0.875856 0.472594
vn -0.015423 -0.034976 0.999269
vn -0.015423 -0.034976 0.999269
vn -0.007979 -0.063229 0.997967
vn -0.007979 -0.063229 0.997967
vn -0.000963 -0.083802 0.996482
vn -0.000963 -0.083802 0.996482
vn -0.000773 -0.066836 0.997764
vn -0.000773 -0.066836 0.997764
vn -0.068552 -0.907237 0.414997
vn -0.068552 -0.907237 0.414997
vn -0.040816 -0.936572 0.348092
vn -0.040816 -0.936572 0.348092
vn -0.017633 -0.023244 -0.999574
vn -0.017633 -0.023244 -0.999574
vn -0.013007 -0.023781 -0.999633
vn -0.013007 -0.023781 -0.999633
vn -0.119322 -0.894206 0.431460
vn -0.119322 -0.894206 0.431460
vn -0.076011 -0.918771 0.387403
vn -0.076011 -0.918771 0.387403
vn 0.010477 -0.005621 0.999929
vn 0.013790 0.000023 0.999905
vn 0.013790 0.000023 0.999905
vn 0.010477 -0.005621 0.999929
vn -0.000020 -0.056318 0.998413
vn -0.000020 -0.056318 0.998413
vn -0.014611 -0.960101 0.279273
vn -0.014611 -0.960101 0.279273
vn -0.002988 -0.017843 -0.999836
vn -0.002988 -0.017843 -0.999836
vn -0.033131 -0.927587 0.372135
vn -0.033131 -0.927587 0.372135
vn 0.003271 -0.009679 0.999948
vn 0.003271 -0.009679 0.999948
vn -0.012804 0.009334 0.999874
vn -0.012804 0.009334 0.999874
vn -0.012127 0.016312 0.999793
vn -0.012127 0.016312 0.999793
vn 0.029884 -0.076862 -0.996594
vn 0.023279 -0.047401 -0.998605
vn 0.023279 -0.047401 -0.998605
vn 0.029884 -0.076862 -0.996594
vn 0.163230 -0.835746 0.524294
vn 0.147743 -0.852209 0.501908
vn 0.147743 -0.852209 0.501908
vn 0.163230 -0.835746 0.524294
vn 0.118604 -0.860957 0.494657
vn 0.098539 -0.878632 0.467222
vn 0.098539 -0.878632 0.467222
vn 0.118604 -0.860957 0.494657
vn 0.010509 -0.060595 0.998107
vn 0.008574 -0.090762 0.995836
vn 0.008574 -0.090762 0.995836
vn 0.010509 -0.060595 0.998107
vn 0.003742 -0.090313 0.995906
vn 0.000693 -0.057678 0.998335
vn 0.000693 -0.057678 0.998335
vn 0.003742 -0.090313 0.995906
vn 0.067190 -0.909790 0.409595
vn 0.038747 -0.937963 0.344564
vn 0.038747 -0.937963 0.344564
vn 0.067190 -0.909790 0.409595
vn 0.017214 -0.020011 -0.999652
vn 0.012977 -0.020039 -0.999715
vn 0.012977 -0.020039 -0.999715
vn 0.017214 -0.020011 -0.999652
vn 0.120901 -0.888952 0.441754
vn 0.078944 -0.914015 0.397926
vn 0.078944 -0.914015 0.397926
vn 0.120901 -0.888952 0.441754
vn -0.010480 -0.005578 0.999930
vn -0.010480 -0.005578 0.999930
vn -0.013833 -0.000323 0.999904
vn -0.013833 -0.000323 0.999904
vn 0.000525 -0.055923 0.998435
vn 0.000525 -0.055923 0.998435
vn 0.015181 -0.960256 0.278708
vn 0.015181 -0.960256 0.278708
vn 0.004440 -0.015519 -0.999870
vn 0.004440 -0.015519 -0.999870
vn 0.032498 -0.924315 0.380244
vn 0.032498 -0.924315 0.380244
vn -0.003168 -0.009262 0.999952
vn -0.003168 -0.009262 0.999952
vn 0.000071 -0.010595 0.999944
vn 0.000071 -0.010595 0.999944
vn -0.000972 -0.930679 0.365835
vn -0.000972 -0.930679 0.365835
vn 0.001140 -0.013610 -0.999907
vn 0.001140 -0.013610 -0.999907
vn 0.000234 -0.968839 0.247692
vn 0.000234 -0.968839 0.247692
vn 0.000312 -0.055663 0.998450
vn 0.000312 -0.055663 0.998450
vn 0.539418 0.632748 0.555571
vn 0.008449 0.276888 0.960865
vn 0.008449 0.276888 0.960865
vn 0.539418 0.632748 0.555571
vn 0.954177 0.296537 0.040157
vn 0.954177 0.296537 0.040157
vn 0.909938 -0.410482 -0.059316
vn 0.909938 -0.410482 -0.059316
vn 0.411252 -0.828333 0.380442
vn 0.411252 -0.828333 0.380442
vn -0.075415 -0.455578 0.886996
vn -0.075415 -0.455578 0.886996
vn -0.716502 0.118039 -0.687526
vn -0.716489 0.118331 -0.687489
vn -0.716440 0.118772 -0.687464
vn -0.716458 0.118408 -0.687508
vn 0.050509 0.994638 0.090242
vn -0.632967 0.450282 0.629762
vn -0.632967 0.450282 0.629762
vn 0.050509 0.994638 0.090242
vn -0.673260 -0.509066 0.536258
vn -0.673260 -0.509066 0.536258
vn -0.055380 -0.994923 -0.084037
vn -0.055380 -0.994923 -0.084037
vn 0.619258 -0.480682 -0.620857
vn 0.619258 -0.480682 -0.620857
vn 0.682198 0.485943 -0.546319
vn 0.682198 0.485943 -0.546319
vn -0.716559 0.117379 -0.687579
vn -0.716595 0.117637 -0.687498
vn -0.716471 0.117710 -0.687615
vn 0.397424 0.812684 0.426145
vn -0.083872 0.425424 0.901099
vn -0.083872 0.425424 0.901099
vn 0.397424 0.812684 0.426145
vn 0.894282 0.446506 -0.029877
vn 0.894282 0.446506 -0.029877
vn 0.958038 -0.286251 -0.014970
vn 0.958038 -0.286251 -0.014970
vn 0.524290 -0.705248 0.477227
vn 0.524290 -0.705248 0.477227
vn -0.024968 -0.342840 0.939062
vn -0.024968 -0.342840 0.939062
vn 0.003237 0.998878 0.047257
vn -0.646498 0.464768 0.605005
vn -0.646498 0.464768 0.605005
vn 0.003237 0.998878 0.047257
vn -0.650679 -0.512491 0.560331
vn -0.650679 -0.512491 0.560331
vn -0.002541 -0.998897 -0.046890
vn -0.002541 -0.998897 -0.046890
vn 0.647260 -0.463337 -0.605288
vn 0.647260 -0.463337 -0.605288
vn 0.650515 0.513635 -0.559473
vn 0.650515 0.513635 -0.559473
vn -0.504869 0.729967 -0.460712
vn -0.945533 0.325525 0.000656
vn -0.945533 0.325525 0.000656
vn -0.504869 0.729967 -0.460712
vn -0.918825 -0.394557 -0.009237
vn -0.918825 -0.394557 -0.009237
vn -0.446605 -0.759401 -0.473132
vn -0.446605 -0.759401 -0.473132
vn 0.041753 -0.374561 -0.926262
vn 0.041753 -0.374561 -0.926262
vn 0.012316 0.380283 -0.924788
vn 0.012316 0.380283 -0.924788
vn -0.013785 0.363835 0.931361
vn -0.013785 0.363835 0.931361
vn 0.467214 0.734749 0.491788
vn 0.467214 0.734749 0.491788
vn 0.004698 -0.374971 0.927025
vn 0.004698 -0.374971 0.927025
vn 0.510896 -0.721950 0.466662
vn 0.510896 -0.721950 0.466662
vn 0.946910 -0.321142 0.015135
vn 0.946910 -0.321142 0.015135
vn 0.923329 0.382459 0.034485
vn 0.923329 0.382459 0.034485
vn -0.672123 0.461252 0.579222
vn -0.672123 0.461252 0.579222
vn -0.054725 0.998466 -0.008458
vn -0.054725 0.998466 -0.008458
vn -0.621132 -0.515736 0.590095
vn -0.621132 -0.515736 0.590095
vn 0.055113 -0.998444 0.008506
vn 0.055113 -0.998444 0.008506
vn 0.672687 -0.459828 -0.579699
vn 0.672687 -0.459828 -0.579699
vn 0.620736 0.516896 -0.589496
vn 0.620736 0.516896 -0.589496
vn -0.528556 0.692855 -0.490491
vn -0.940510 0.339150 -0.020466
vn -0.940510 0.339150 -0.020466
vn -0.528556 0.692855 -0.490491
vn -0.935762 -0.352569 0.006730
vn -0.935762 -0.352569 0.006730
vn -0.447349 -0.753115 -0.482386
vn -0.447349 -0.753115 -0.482386
vn 0.080920 -0.350732 -0.932973
vn 0.080920 -0.350732 -0.932973
vn -0.002486 0.391962 -0.919978
vn -0.002486 0.391962 -0.919978
vn 0.306080 0.889741 0.338639
vn -0.132437 0.503749 0.853638
vn -0.132437 0.503749 0.853638
vn 0.306080 0.889741 0.338639
vn 0.845866 0.527274 -0.080576
vn 0.845866 0.527274 -0.080576
vn 0.981914 -0.188907 0.012645
vn 0.981914 -0.188907 0.012645
vn 0.597074 -0.588137 0.545525
vn 0.597074 -0.588137 0.545525
vn 0.015182 -0.241827 0.970201
vn 0.015182 -0.241827 0.970201
vn -0.112509 0.991577 -0.064165
vn -0.697423 0.454963 0.553724
vn -0.697423 0.454963 0.553724
vn -0.112509 0.991577 -0.064165
vn -0.591414 -0.515125 0.620383
vn -0.591414 -0.515125 0.620383
vn 0.112881 -0.991535 0.064156
vn 0.112881 -0.991535 0.064156
vn 0.697916 -0.453481 -0.554317
vn 0.697916 -0.453481 -0.554317
vn 0.590883 0.516319 -0.619897
vn 0.590883 0.516319 -0.619897
vn -0.585410 0.608055 -0.536249
vn -0.975512 0.217343 -0.033740
vn -0.975512 0.217343 -0.033740
vn -0.585410 0.608055 -0.536249
vn -0.872244 -0.487976 0.032700
vn -0.872244 -0.487976 0.032700
vn -0.360589 -0.847197 -0.390170
vn -0.360589 -0.847197 -0.390170
vn 0.081301 -0.466423 -0.880818
vn 0.081301 -0.466423 -0.880818
vn -0.034932 0.269614 -0.962335
vn -0.034932 0.269614 -0.962335
vn -0.053582 0.459970 0.886316
vn -0.053582 0.459970 0.886316
vn 0.382221 0.828179 0.409910
vn 0.382221 0.828179 0.409910
vn 0.051867 -0.260909 0.963969
vn 0.051867 -0.260909 0.963969
vn 0.591746 -0.596524 0.542213
vn 0.591746 -0.596524 0.542213
vn 0.976494 -0.209863 0.049159
vn 0.976494 -0.209863 0.049159
vn 0.877348 0.479794 -0.007595
vn 0.877348 0.479794 -0.007595
vn -0.721804 0.446421 0.528874
vn -0.721804 0.446421 0.528874
vn -0.169180 0.978391 -0.118870
vn -0.169180 0.978391 -0.118870
vn -0.561753 -0.511027 0.650603
vn -0.561753 -0.511027 0.650603
vn 0.169755 -0.978263 0.119103
vn 0.169755 -0.978263 0.119103
vn 0.722338 -0.444891 -0.529433
vn 0.722338 -0.444891 -0.529433
vn 0.561237 0.512278 -0.650065
vn 0.561237 0.512278 -0.650065
vn -0.557029 0.655369 -0.510107
vn -0.964235 0.263211 -0.031145
vn -0.964235 0.263211 -0.031145
vn -0.557029 0.655369 -0.510107
vn -0.896682 -0.442671 0.002193
vn -0.896682 -0.442671 0.002193
vn -0.407583 -0.802829 -0.435135
vn -0.407583 -0.802829 -0.435135
vn 0.050686 -0.422230 -0.905071
vn 0.050686 -0.422230 -0.905071
vn -0.027613 0.316485 -0.948195
vn -0.027613 0.316485 -0.948195
vn 0.239348 0.932603 0.270117
vn -0.210761 0.550462 0.807819
vn -0.210761 0.550462 0.807819
vn 0.239348 0.932603 0.270117
vn 0.807412 0.569335 -0.154739
vn 0.807412 0.569335 -0.154739
vn 0.994137 -0.108126 0.001135
vn 0.994137 -0.108126 0.001135
vn 0.657771 -0.452278 0.602314
vn 0.657771 -0.452278 0.602314
vn 0.013879 -0.146371 0.989132
vn 0.013879 -0.146371 0.989132
vn -0.229349 0.956743 -0.179004
vn -0.747721 0.435030 0.501660
vn -0.747721 0.435030 0.501660
vn -0.229349 0.956743 -0.179004
vn -0.530176 -0.501797 0.683457
vn -0.530176 -0.501797 0.683457
vn 0.229327 -0.956813 0.178654
vn 0.229327 -0.956813 0.178654
vn 0.747841 -0.433316 -0.502963
vn 0.747841 -0.433316 -0.502963
vn 0.529205 0.503390 -0.683037
vn 0.529205 0.503390 -0.683037
vn -0.644500 0.484008 -0.591909
vn -0.991024 0.123229 -0.051838
vn -0.991024 0.123229 -0.051838
vn -0.644500 0.484008 -0.591909
vn -0.821615 -0.560951 0.101399
vn -0.821615 -0.560951 0.101399
vn -0.258336 -0.922023 -0.288335
vn -0.258336 -0.922023 -0.288335
vn 0.145087 -0.538779 -0.829860
vn 0.145087 -0.538779 -0.829860
vn -0.065103 0.168747 -0.983507
vn -0.065103 0.168747 -0.983507
vn -0.116276 0.536817 0.835648
vn -0.116276 0.536817 0.835648
vn 0.281653 0.908206 0.309571
vn 0.281653 0.908206 0.309571
vn 0.080563 -0.158502 0.984066
vn 0.080563 -0.158502 0.984066
vn 0.649291 -0.471466 0.596776
vn 0.649291 -0.471466 0.596776
vn 0.991262 -0.113923 0.066489
vn 0.991262 -0.113923 0.066489
vn 0.827114 0.557047 -0.074708
vn 0.827114 0.557047 -0.074708
vn -0.772817 0.420845 0.475018
vn -0.772817 0.420845 0.475018
vn -0.288363 0.927507 -0.237862
vn -0.288363 0.927507 -0.237862
vn -0.498629 -0.488568 0.716010
vn -0.498629 -0.488568 0.716010
vn 0.288504 -0.927490 0.237757
vn 0.288504 -0.927490 0.237757
vn 0.773122 -0.418686 -0.476429
vn 0.773122 -0.418686 -0.476429
vn 0.497176 0.490483 -0.715711
vn 0.497176 0.490483 -0.715711
vn -0.622671 0.534412 -0.571564
vn -0.985194 0.161873 -0.056479
vn -0.985194 0.161873 -0.056479
vn -0.622671 0.534412 -0.571564
vn -0.849149 -0.525765 0.050168
vn -0.849149 -0.525765 0.050168
vn -0.319254 -0.880484 -0.350463
vn -0.319254 -0.880484 -0.350463
vn 0.097184 -0.503702 -0.858394
vn 0.097184 -0.503702 -0.858394
vn -0.064197 0.210661 -0.975449
vn -0.064197 0.210661 -0.975449
vn -0.685494 0.350261 -0.638291
vn -0.055811 0.049036 -0.997237
vn -0.055811 0.049036 -0.997237
vn -0.685494 0.350261 -0.638291
vn -0.998792 0.022105 -0.043882
vn -0.998792 0.022105 -0.043882
vn -0.745580 -0.631948 0.211545
vn -0.745580 -0.631948 0.211545
vn -0.113203 -0.984215 -0.136034
vn -0.113203 -0.984215 -0.136034
vn 0.251621 -0.618880 -0.744093
vn 0.251621 -0.618880 -0.744093
vn -0.402784 0.841402 -0.360288
vn 0.439978 0.446231 -0.779292
vn 0.439978 0.446231 -0.779292
vn -0.402784 0.841402 -0.360288
vn 0.825901 -0.382842 -0.413907
vn 0.825901 -0.382842 -0.413907
vn 0.403049 -0.841003 0.360924
vn 0.403049 -0.841003 0.360924
vn -0.441568 -0.444126 0.779596
vn -0.441568 -0.444126 0.779596
vn -0.825679 0.384809 0.412525
vn -0.825679 0.384809 0.412525
vn 0.107519 0.985741 0.129440
vn 0.728455 0.655244 -0.200019
vn 0.728455 0.655244 -0.200019
vn 0.107519 0.985741 0.129440
vn 0.997609 0.032333 0.061076
vn 0.997609 0.032333 0.061076
vn 0.702493 -0.281145 0.653805
vn 0.702493 -0.281145 0.653805
vn 0.078211 0.010198 0.996885
vn 0.078211 0.010198 0.996885
vn -0.235710 0.643949 0.727853
vn -0.235710 0.643949 0.727853
vn -0.099202 -0.028816 -0.994650
vn -0.099202 -0.028816 -0.994650
vn -0.708435 0.252783 -0.658954
vn -0.708435 0.252783 -0.658954
vn 0.216596 -0.647080 -0.731009
vn 0.216596 -0.647080 -0.731009
vn -0.117773 -0.983320 -0.138607
vn -0.117773 -0.983320 -0.138607
vn -0.731225 -0.657028 0.183369
vn -0.731225 -0.657028 0.183369
vn -0.995635 -0.048798 -0.079564
vn -0.995635 -0.048798 -0.079564
vn 0.440100 0.444804 -0.780039
vn 0.440100 0.444804 -0.780039
vn -0.397689 0.845577 -0.356149
vn -0.397689 0.845577 -0.356149
vn 0.820790 -0.388033 -0.419207
vn 0.820790 -0.388033 -0.419207
vn 0.397478 -0.845595 0.356343
vn 0.397478 -0.845595 0.356343
vn -0.441947 -0.442880 0.780090
vn -0.441947 -0.442880 0.780090
vn -0.820735 0.389830 0.417645
vn -0.820735 0.389830 0.417645
vn -0.663060 0.416918 -0.621716
vn -0.018373 0.131824 -0.991103
vn -0.018373 0.131824 -0.991103
vn -0.663060 0.416918 -0.621716
vn -0.995880 0.088240 -0.020916
vn -0.995880 0.088240 -0.020916
vn -0.796298 -0.575772 0.185462
vn -0.796298 -0.575772 0.185462
vn -0.214847 -0.948486 -0.232840
vn -0.214847 -0.948486 -0.232840
vn 0.223025 -0.558327 -0.799081
vn 0.223025 -0.558327 -0.799081
vn -0.360266 0.876123 -0.320338
vn 0.460836 0.458876 -0.759647
vn 0.460836 0.458876 -0.759647
vn -0.360266 0.876123 -0.320338
vn 0.805117 -0.402563 -0.435580
vn 0.805117 -0.402563 -0.435580
vn 0.360073 -0.876124 0.320552
vn 0.360073 -0.876124 0.320552
vn -0.462609 -0.456865 0.759781
vn -0.462609 -0.456865 0.759781
vn -0.804976 0.404442 0.434098
vn -0.804976 0.404442 0.434098
vn 0.191455 0.958544 0.211042
vn 0.780354 0.607833 -0.146926
vn 0.780354 0.607833 -0.146926
vn 0.191455 0.958544 0.211042
vn 0.996905 -0.049814 0.060823
vn 0.996905 -0.049814 0.060823
vn 0.673623 -0.388227 0.628898
vn 0.673623 -0.388227 0.628898
vn 0.070660 -0.078512 0.994406
vn 0.070660 -0.078512 0.994406
vn -0.184633 0.598111 0.779855
vn -0.184633 0.598111 0.779855
vn -0.092977 0.061745 -0.993752
vn -0.092977 0.061745 -0.993752
vn -0.681730 0.361188 -0.636229
vn -0.681730 0.361188 -0.636229
vn 0.165550 -0.599431 -0.783119
vn 0.165550 -0.599431 -0.783119
vn -0.201296 -0.954543 -0.219836
vn -0.201296 -0.954543 -0.219836
vn -0.783135 -0.608069 0.130195
vn -0.783135 -0.608069 0.130195
vn -0.996135 0.034823 -0.080636
vn -0.996135 0.034823 -0.080636
vn 0.482165 0.471157 -0.738599
vn 0.482165 0.471157 -0.738599
vn -0.321390 0.903657 -0.283043
vn -0.321390 0.903657 -0.283043
vn 0.788753 -0.415912 -0.452644
vn 0.788753 -0.415912 -0.452644
vn 0.321192 -0.903665 0.283241
vn 0.321192 -0.903665 0.283241
vn -0.483846 -0.469102 0.738807
vn -0.483846 -0.469102 0.738807
vn -0.788549 0.417824 0.451236
vn -0.788549 0.417824 0.451236
vn 0.163735 0.969303 0.183417
vn 0.758439 0.632237 -0.158261
vn 0.758439 0.632237 -0.158261
vn 0.163735 0.969303 0.183417
vn 0.997620 -0.004143 0.068831
vn 0.997620 -0.004143 0.068831
vn 0.690480 -0.329960 0.643711
vn 0.690480 -0.329960 0.643711
vn 0.083066 -0.029174 0.996117
vn 0.083066 -0.029174 0.996117
vn -0.193677 0.622829 0.758006
vn -0.193677 0.622829 0.758006
vn 0.539460 0.632652 -0.555639
vn 0.539460 0.632652 -0.555639
vn 0.008321 0.276823 -0.960885
vn 0.008321 0.276823 -0.960885
vn 0.954200 0.296459 -0.040175
vn 0.954200 0.296459 -0.040175
vn 0.909884 -0.410599 0.059320
vn 0.909884 -0.410599 0.059320
vn 0.411124 -0.828422 -0.380386
vn 0.411124 -0.828422 -0.380386
vn -0.075580 -0.455632 -0.886954
vn -0.075580 -0.455632 -0.886954
vn -0.716501 0.118047 0.687526
vn -0.716438 0.118746 0.687471
vn -0.716492 0.118362 0.687481
vn -0.716444 0.118417 0.687521
vn 0.050518 0.994639 -0.090234
vn 0.050518 0.994639 -0.090234
vn -0.632967 0.450290 -0.629755
vn -0.632967 0.450290 -0.629755
vn -0.673263 -0.509059 -0.536261
vn -0.673263 -0.509059 -0.536261
vn -0.055385 -0.994923 0.084030
vn -0.055385 -0.994923 0.084030
vn 0.619265 -0.480673 0.620858
vn 0.619265 -0.480673 0.620858
vn 0.682200 0.485949 0.546312
vn 0.682200 0.485949 0.546312
vn -0.716565 0.117363 0.687576
vn -0.716595 0.117679 0.687491
vn -0.716469 0.117717 0.687616
vn 0.397503 0.812615 -0.426203
vn 0.397503 0.812615 -0.426203
vn -0.083832 0.425360 -0.901133
vn -0.083832 0.425360 -0.901133
vn 0.894298 0.446475 0.029855
vn 0.894298 0.446475 0.029855
vn 0.958030 -0.286276 0.014960
vn 0.958030 -0.286276 0.014960
vn 0.524302 -0.705237 -0.477230
vn 0.524302 -0.705237 -0.477230
vn -0.024988 -0.342833 -0.939064
vn -0.024988 -0.342833 -0.939064
vn 0.003254 0.998878 -0.047239
vn 0.003254 0.998878 -0.047239
vn -0.646498 0.464772 -0.605001
vn -0.646498 0.464772 -0.605001
vn -0.650678 -0.512496 -0.560327
vn -0.650678 -0.512496 -0.560327
vn -0.002548 -0.998897 0.046883
vn -0.002548 -0.998897 0.046883
vn 0.647260 -0.463335 0.605290
vn 0.647260 -0.463335 0.605290
vn 0.650514 0.513634 0.559474
vn 0.650514 0.513634 0.559474
vn -0.504878 0.730001 0.460648
vn -0.504878 0.730001 0.460648
vn -0.945534 0.325521 -0.000662
vn -0.945534 0.325521 -0.000662
vn -0.918849 -0.394500 0.009251
vn -0.918849 -0.394500 0.009251
vn -0.446686 -0.759326 0.473176
vn -0.446686 -0.759326 0.473176
vn 0.041703 -0.374527 0.926278
vn 0.041703 -0.374527 0.926278
vn 0.012284 0.380340 0.924765
vn 0.012284 0.380340 0.924765
vn -0.013663 0.363771 -0.931388
vn 0.467296 0.734661 -0.491841
vn 0.467296 0.734661 -0.491841
vn -0.013663 0.363771 -0.931388
vn 0.004741 -0.375031 -0.927000
vn 0.004741 -0.375031 -0.927000
vn 0.510988 -0.721900 -0.466640
vn 0.510988 -0.721900 -0.466640
vn 0.946967 -0.320975 -0.015141
vn 0.946967 -0.320975 -0.015141
vn 0.923327 0.382462 -0.034492
vn 0.923327 0.382462 -0.034492
vn -0.672127 0.461244 -0.579224
vn -0.054739 0.998465 0.008444
vn -0.054739 0.998465 0.008444
vn -0.672127 0.461244 -0.579224
vn -0.621134 -0.515733 -0.590095
vn -0.621134 -0.515733 -0.590095
vn 0.055108 -0.998444 -0.008509
vn 0.055108 -0.998444 -0.008509
vn 0.672701 -0.459796 0.579708
vn 0.672701 -0.459796 0.579708
vn 0.620719 0.516938 0.589477
vn 0.620719 0.516938 0.589477
vn -0.528484 0.692933 0.490457
vn -0.528484 0.692933 0.490457
vn -0.940497 0.339186 0.020452
vn -0.940497 0.339186 0.020452
vn -0.935750 -0.352601 -0.006752
vn -0.935750 -0.352601 -0.006752
vn -0.447287 -0.753175 0.482351
vn -0.447287 -0.753175 0.482351
vn 0.081015 -0.350754 0.932957
vn 0.081015 -0.350754 0.932957
vn -0.002352 0.392040 0.919945
vn -0.002352 0.392040 0.919945
vn 0.306076 0.889755 -0.338606
vn 0.306076 0.889755 -0.338606
vn -0.132466 0.503780 -0.853615
vn -0.132466 0.503780 -0.853615
vn 0.845830 0.527331 0.080582
vn 0.845830 0.527331 0.080582
vn 0.981916 -0.188893 -0.012645
vn 0.981916 -0.188893 -0.012645
vn 0.597056 -0.588172 -0.545507
vn 0.597056 -0.588172 -0.545507
vn 0.015164 -0.241838 -0.970198
vn 0.015164 -0.241838 -0.970198
vn -0.112514 0.991577 0.064160
vn -0.112514 0.991577 0.064160
vn -0.697423 0.454970 -0.553719
vn -0.697423 0.454970 -0.553719
vn -0.591420 -0.515116 -0.620386
vn -0.591420 -0.515116 -0.620386
vn 0.112881 -0.991535 -0.064155
vn 0.112881 -0.991535 -0.064155
vn 0.697911 -0.453491 0.554317
vn 0.697911 -0.453491 0.554317
vn 0.590886 0.516313 0.619899
vn 0.590886 0.516313 0.619899
vn -0.585475 0.607999 0.536242
vn -0.585475 0.607999 0.536242
vn -0.975522 0.217299 0.033749
vn -0.975522 0.217299 0.033749
vn -0.872261 -0.487948 -0.032690
vn -0.872261 -0.487948 -0.032690
vn -0.360599 -0.847203 0.390148
vn -0.360599 -0.847203 0.390148
vn 0.081301 -0.466452 0.880802
vn 0.081301 -0.466452 0.880802
vn -0.034990 0.269608 0.962334
vn -0.034990 0.269608 0.962334
vn -0.053576 0.460019 -0.886291
vn 0.382192 0.828216 -0.409863
vn 0.382192 0.828216 -0.409863
vn -0.053576 0.460019 -0.886291
vn 0.051838 -0.261008 -0.963944
vn 0.051838 -0.261008 -0.963944
vn 0.591636 -0.596716 -0.542122
vn 0.591636 -0.596716 -0.542122
vn 0.976474 -0.209966 -0.049131
vn 0.976474 -0.209966 -0.049131
vn 0.877353 0.479785 0.007591
vn 0.877353 0.479785 0.007591
vn -0.721798 0.446430 -0.528874
vn -0.169168 0.978393 0.118869
vn -0.169168 0.978393 0.118869
vn -0.721798 0.446430 -0.528874
vn -0.561752 -0.511035 -0.650599
vn -0.561752 -0.511035 -0.650599
vn 0.169759 -0.978263 -0.119096
vn 0.169759 -0.978263 -0.119096
vn 0.722333 -0.444908 0.529425
vn 0.722333 -0.444908 0.529425
vn 0.561246 0.512264 0.650068
vn 0.561246 0.512264 0.650068
vn -0.556998 0.655418 0.510079
vn -0.556998 0.655418 0.510079
vn -0.964230 0.263231 0.031130
vn -0.964230 0.263231 0.031130
vn -0.896675 -0.442683 -0.002205
vn -0.896675 -0.442683 -0.002205
vn -0.407600 -0.802799 0.435174
vn -0.407600 -0.802799 0.435174
vn 0.050565 -0.422195 0.905094
vn 0.050565 -0.422195 0.905094
vn -0.027701 0.316499 0.948188
vn -0.027701 0.316499 0.948188
vn 0.239375 0.932575 -0.270194
vn 0.239375 0.932575 -0.270194
vn -0.210742 0.550410 -0.807859
vn -0.210742 0.550410 -0.807859
vn 0.807404 0.569338 0.154766
vn 0.807404 0.569338 0.154766
vn 0.994140 -0.108096 -0.001125
vn 0.994140 -0.108096 -0.001125
vn 0.657800 -0.452186 -0.602351
vn 0.657800 -0.452186 -0.602351
vn 0.013914 -0.146275 -0.989146
vn 0.013914 -0.146275 -0.989146
vn -0.229351 0.956744 0.178995
vn -0.229351 0.956744 0.178995
vn -0.747722 0.435026 -0.501662
vn -0.747722 0.435026 -0.501662
vn -0.530172 -0.501798 -0.683459
vn -0.530172 -0.501798 -0.683459
vn 0.229343 -0.956810 -0.178652
vn 0.229343 -0.956810 -0.178652
vn 0.747849 -0.433299 0.502965
vn 0.747849 -0.433299 0.502965
vn 0.529205 0.503400 0.683031
vn 0.529205 0.503400 0.683031
vn -0.644549 0.483916 0.591931
vn -0.644549 0.483916 0.591931
vn -0.991024 0.123217 0.051850
vn -0.991024 0.123217 0.051850
vn -0.821619 -0.560946 -0.101402
vn -0.821619 -0.560946 -0.101402
vn -0.258313 -0.922027 0.288340
vn -0.258313 -0.922027 0.288340
vn 0.145085 -0.538767 0.829868
vn 0.145085 -0.538767 0.829868
vn -0.065209 0.168678 0.983512
vn -0.065209 0.168678 0.983512
vn -0.116564 0.536787 -0.835627
vn 0.281520 0.908254 -0.309550
vn 0.281520 0.908254 -0.309550
vn -0.116564 0.536787 -0.835627
vn 0.080416 -0.158588 -0.984065
vn 0.080416 -0.158588 -0.984065
vn 0.649245 -0.471556 -0.596754
vn 0.649245 -0.471556 -0.596754
vn 0.991252 -0.114004 -0.066495
vn 0.991252 -0.114004 -0.066495
vn 0.827106 0.557059 0.074710
vn 0.827106 0.557059 0.074710
vn -0.772819 0.420839 -0.475022
vn -0.288347 0.927512 0.237861
vn -0.288347 0.927512 0.237861
vn -0.772819 0.420839 -0.475022
vn -0.498629 -0.488557 -0.716018
vn -0.498629 -0.488557 -0.716018
vn 0.288487 -0.927487 -0.237788
vn 0.288487 -0.927487 -0.237788
vn 0.773126 -0.418677 0.476430
vn 0.773126 -0.418677 0.476430
vn 0.497179 0.490499 0.715698
vn 0.497179 0.490499 0.715698
vn -0.622741 0.534248 0.571640
vn -0.622741 0.534248 0.571640
vn -0.985213 0.161752 0.056489
vn -0.985213 0.161752 0.056489
vn -0.849137 -0.525784 -0.050166
vn -0.849137 -0.525784 -0.050166
vn -0.319229 -0.880516 0.350406
vn -0.319229 -0.880516 0.350406
vn 0.097149 -0.503717 0.858389
vn 0.097149 -0.503717 0.858389
vn -0.064207 0.210624 0.975456
vn -0.064207 0.210624 0.975456
vn -0.685453 0.350353 0.638285
vn -0.685453 0.350353 0.638285
vn -0.055658 0.049188 0.997238
vn -0.055658 0.049188 0.997238
vn -0.998793 0.022078 0.043882
vn -0.998793 0.022078 0.043882
vn -0.745578 -0.631955 -0.211534
vn -0.745578 -0.631955 -0.211534
vn -0.113182 -0.984217 0.136042
vn -0.113182 -0.984217 0.136042
vn 0.251761 -0.618829 0.744088
vn 0.251761 -0.618829 0.744088
vn -0.402788 0.841401 0.360285
vn -0.402788 0.841401 0.360285
vn 0.439986 0.446219 0.779295
vn 0.439986 0.446219 0.779295
vn 0.825904 -0.382848 0.413897
vn 0.825904 -0.382848 0.413897
vn 0.403062 -0.841000 -0.360916
vn 0.403062 -0.841000 -0.360916
vn -0.441558 -0.444152 -0.779587
vn -0.441558 -0.444152 -0.779587
vn -0.825685 0.384789 -0.412531
vn -0.825685 0.384789 -0.412531
vn 0.107511 0.985743 -0.129430
vn 0.107511 0.985743 -0.129430
vn 0.728470 0.655232 0.200008
vn 0.728470 0.655232 0.200008
vn 0.997606 0.032434 -0.061080
vn 0.997606 0.032434 -0.061080
vn 0.702518 -0.281019 -0.653832
vn 0.702518 -0.281019 -0.653832
vn 0.078179 0.010247 -0.996887
vn 0.078179 0.010247 -0.996887
vn -0.235783 0.643954 -0.727826
vn -0.235783 0.643954 -0.727826
vn -0.099353 -0.028881 0.994633
vn -0.708424 0.252926 0.658911
vn -0.708424 0.252926 0.658911
vn -0.099353 -0.028881 0.994633
vn 0.216463 -0.647108 0.731024
vn 0.216463 -0.647108 0.731024
vn -0.117787 -0.983317 0.138615
vn -0.117787 -0.983317 0.138615
vn -0.731198 -0.657052 -0.183389
vn -0.731198 -0.657052 -0.183389
vn -0.995643 -0.048648 0.079550
vn -0.995643 -0.048648 0.079550
vn 0.440109 0.444780 0.780048
vn -0.397692 0.845570 0.356164
vn -0.397692 0.845570 0.356164
vn 0.440109 0.444780 0.780048
vn 0.820785 -0.388043 0.419207
vn 0.820785 -0.388043 0.419207
vn 0.397483 -0.845593 -0.356342
vn 0.397483 -0.845593 -0.356342
vn -0.441944 -0.442877 -0.780093
vn -0.441944 -0.442877 -0.780093
vn -0.820739 0.389823 -0.417643
vn -0.820739 0.389823 -0.417643
vn -0.663091 0.416873 0.621713
vn -0.663091 0.416873 0.621713
vn -0.018456 0.131742 0.991112
vn -0.018456 0.131742 0.991112
vn -0.995886 0.088171 0.020919
vn -0.995886 0.088171 0.020919
vn -0.796310 -0.575755 -0.185463
vn -0.796310 -0.575755 -0.185463
vn -0.214901 -0.948463 0.232884
vn -0.214901 -0.948463 0.232884
vn 0.222931 -0.558361 0.799084
vn 0.222931 -0.558361 0.799084
vn -0.360266 0.876128 0.320325
vn -0.360266 0.876128 0.320325
vn 0.460837 0.458884 0.759641
vn 0.460837 0.458884 0.759641
vn 0.805107 -0.402584 0.435578
vn 0.805107 -0.402584 0.435578
vn 0.360044 -0.876136 -0.320552
vn 0.360044 -0.876136 -0.320552
vn -0.462618 -0.456867 -0.759775
vn -0.462618 -0.456867 -0.759775
vn -0.804975 0.404441 -0.434101
vn -0.804975 0.404441 -0.434101
vn 0.191475 0.958545 -0.211017
vn 0.191475 0.958545 -0.211017
vn 0.780338 0.607853 0.146927
vn 0.780338 0.607853 0.146927
vn 0.996908 -0.049725 -0.060838
vn 0.996908 -0.049725 -0.060838
vn 0.673645 -0.388195 -0.628894
vn 0.673645 -0.388195 -0.628894
vn 0.070684 -0.078517 -0.994404
vn 0.070684 -0.078517 -0.994404
vn -0.184654 0.598128 -0.779837
vn -0.184654 0.598128 -0.779837
vn -0.093033 0.061659 0.993752
vn -0.681764 0.361105 0.636240
vn -0.681764 0.361105 0.636240
vn -0.093033 0.061659 0.993752
vn 0.165628 -0.599480 0.783065
vn 0.165628 -0.599480 0.783065
vn -0.201232 -0.954577 0.219746
vn -0.201232 -0.954577 0.219746
vn -0.783158 -0.608039 -0.130202
vn -0.783158 -0.608039 -0.130202
vn -0.996134 0.034869 0.080633
vn -0.996134 0.034869 0.080633
vn 0.482166 0.471170 0.738590
vn -0.321381 0.903661 0.283040
vn -0.321381 0.903661 0.283040
vn 0.482166 0.471170 0.738590
vn 0.788752 -0.415913 0.452645
vn 0.788752 -0.415913 0.452645
vn 0.321171 -0.903676 -0.283228
vn 0.321171 -0.903676 -0.283228
vn -0.483853 -0.469113 -0.738796
vn -0.483853 -0.469113 -0.738796
vn -0.788547 0.417827 -0.451237
vn -0.788547 0.417827 -0.451237
vn 0.163733 0.969294 -0.183467
vn 0.163733 0.969294 -0.183467
vn 0.758464 0.632205 0.158273
vn 0.758464 0.632205 0.158273
vn 0.997620 -0.004157 -0.068828
vn 0.997620 -0.004157 -0.068828
vn 0.690500 -0.329880 -0.643731
vn 0.690500 -0.329880 -0.643731
vn 0.083092 -0.029146 -0.996116
vn 0.083092 -0.029146 -0.996116
vn -0.193674 0.622758 -0.758065
vn -0.193674 0.622758 -0.758065
vn -1.000000 0.000003 0.000000
vn -1.000000 0.000028 0.000000
vn -1.000000 0.000009 0.000000
vn -1.000000 0.000005 0.000000
vn -1.000000 -0.000006 0.000000
vn -1.000000 -0.000013 0.000000
vn -1.000000 -0.000006 0.000000
vn -0.002029 0.999989 -0.004325
vn -0.002029 0.999989 -0.004325
vn -0.000253 0.486240 -0.873825
vn -0.000253 0.486240 -0.873825
vn 0.000803 -0.498064 -0.867140
vn 0.000803 -0.498064 -0.867140
vn 0.000941 -0.999996 0.002576
vn 0.000941 -0.999996 0.002576
vn 0.001084 -0.491852 0.870678
vn 0.001084 -0.491852 0.870678
vn -0.000785 0.493994 0.869465
vn -0.000785 0.493994 0.869465
vn -0.756043 0.654511 -0.003671
vn -0.756043 0.654511 -0.003671
vn -0.745719 0.323727 -0.582326
vn -0.745719 0.323727 -0.582326
vn -0.746294 -0.328096 -0.579136
vn -0.746294 -0.328096 -0.579136
vn -0.756111 -0.654432 0.003822
vn -0.756111 -0.654432 0.003822
vn -0.745749 -0.322328 0.583063
vn -0.745749 -0.322328 0.583063
vn -0.746546 0.329285 0.578136
vn -0.746546 0.329285 0.578136
vn 0.760740 0.315253 -0.567353
vn 0.770666 0.637229 -0.003620
vn 0.770666 0.637229 -0.003620
vn 0.760740 0.315253 -0.567353
vn 0.761289 -0.319478 -0.564245
vn 0.761289 -0.319478 -0.564245
vn 0.770680 -0.637211 0.003780
vn 0.770680 -0.637211 0.003780
vn 0.760587 -0.313992 0.568257
vn 0.760587 -0.313992 0.568257
vn 0.761411 0.320741 0.563363
vn 0.761411 0.320741 0.563363
vn -0.000067 0.486748 -0.873542
vn 0.000712 0.999973 -0.007321
vn 0.000712 0.999973 -0.007321
vn -0.000067 0.486748 -0.873542
vn -0.001249 -0.499274 -0.866443
vn -0.001249 -0.499274 -0.866443
vn -0.000954 -0.999987 0.004924
vn -0.000954 -0.999987 0.004924
vn -0.000038 -0.488852 0.872367
vn -0.000038 -0.488852 0.872367
vn 0.000424 0.499264 0.866450
vn 0.000424 0.499264 0.866450
vn 1.000000 0.000009 0.000042
vn 1.000000 0.000019 0.000041
vn 1.000000 0.000005 0.000000
vn 1.000000 0.000019 0.000083
vn 1.000000 0.000004 0.000042
vn 1.000000 0.000005 0.000000
vn 1.000000 0.000004 0.000084
vn 0.201899 0.898023 -0.390886
vn 0.225434 0.974258 0.001265
vn 0.326584 0.945166 0.001783
vn 0.299908 0.866388 -0.399284
vn 0.406035 0.913855 0.002212
vn 0.371586 0.840445 -0.394431
vn 0.476298 0.879281 0.002543
vn 0.435331 0.814016 -0.384531
vn 0.326585 0.945125 -0.009005
vn 0.207455 0.978151 -0.013534
vn 0.300013 0.869802 0.391710
vn 0.200562 0.903438 0.378913
vn 0.202056 0.895082 -0.397495
vn 0.299476 0.864063 -0.404610
vn 0.406333 0.913715 -0.004229
vn 0.375391 0.840165 0.391415
vn 0.369788 0.839360 -0.398412
vn 0.475236 0.879858 0.000917
vn 0.442847 0.809086 0.386350
vn 0.432217 0.814478 -0.387058
vn 0.326583 0.944979 -0.018938
vn 0.207492 0.977880 -0.026412
vn 0.300166 0.874520 0.380940
vn 0.200765 0.909481 0.364057
vn 0.197610 0.881815 -0.428197
vn 0.293934 0.856152 -0.424979
vn 0.406271 0.913686 -0.011047
vn 0.376505 0.842568 0.385129
vn 0.364074 0.836178 -0.410190
vn 0.475198 0.879875 -0.002549
vn 0.447475 0.808802 0.381582
vn 0.436493 0.817821 -0.375024
vn -0.110908 -0.517940 0.848197
vn -0.082800 -0.795593 0.600147
vn -0.090108 -0.993787 0.065333
vn -0.147467 -0.986453 0.071860
vn 0.992053 -0.125756 0.004067
vn 0.992053 -0.125756 0.004067
vn 0.992053 -0.125756 0.004067
vn 0.992053 -0.125756 0.004067
vn -0.047678 -0.975740 -0.213677
vn -0.027209 -0.999376 0.022534
vn -0.027209 -0.999376 0.022534
vn -0.090785 -0.824885 -0.557963
vn -0.119906 -0.332598 0.935415
vn -0.208777 -0.974797 0.078626
vn 0.038959 0.490503 -0.870568
vn 0.111945 0.993270 -0.029734
vn 0.040926 0.573977 0.817848
vn 0.993702 -0.112048 0.001089
vn 0.994353 -0.079113 -0.070734
vn 0.999568 -0.029399 0.000725
vn 0.995199 -0.066012 0.072259
vn 0.164693 0.986097 -0.022102
vn 0.164693 0.986097 -0.022102
vn 0.006387 0.361713 -0.932268
vn 0.092476 0.995257 -0.030203
vn 0.010485 0.474140 0.880387
vn -0.119843 -0.490448 -0.863191
vn -0.104906 -0.646466 -0.755696
vn 0.986881 -0.143370 0.074234
vn 0.984167 -0.162090 -0.071713
vn 0.981780 -0.190013 0.001725
vn -0.111324 -0.570292 0.813864
vn -0.078753 -0.835052 0.544505
vn -0.089063 -0.996018 0.004011
vn -0.146482 -0.989193 0.006407
vn 0.991822 -0.127633 -0.000000
vn 0.991822 -0.127633 -0.000000
vn 0.991822 -0.127633 -0.000000
vn 0.991822 -0.127633 -0.000000
vn -0.026650 -0.999645 -0.000002
vn -0.026650 -0.999645 -0.000002
vn -0.026650 -0.999645 -0.000002
vn -0.026650 -0.999645 -0.000002
vn -0.122667 -0.385924 0.914339
vn -0.207752 -0.978141 0.008962
vn 0.039558 0.509173 -0.859755
vn 0.111915 0.993595 -0.015619
vn 0.040277 0.556907 0.829598
vn 0.993687 -0.112189 0.000552
vn 0.994555 -0.076505 -0.070760
vn 0.999568 -0.029395 0.000687
vn 0.164314 0.986408 0.000000
vn 0.164314 0.986408 0.000000
vn 0.007284 0.385894 -0.922514
vn 0.092448 0.995590 -0.015951
vn 0.009497 0.451800 0.892069
vn -0.118026 -0.446618 -0.886906
vn -0.104766 -0.605765 -0.788716
vn 0.995016 -0.068743 0.072236
vn 0.985960 -0.149963 0.073440
vn 0.985106 -0.155929 -0.072468
vn 0.981725 -0.190307 0.000169
vn -0.026655 -0.999645 -0.000128
vn -0.026651 -0.999645 -0.000156
vn -0.026651 -0.999645 -0.000156
vn -0.026655 -0.999645 -0.000128
vn 0.531369 0.847136 0.002742
vn 0.490542 0.788536 -0.370918
vn 0.587335 0.809339 0.002978
vn 0.547201 0.753982 -0.363431
vn 0.655595 0.755106 0.003339
vn 0.619044 0.720625 -0.312225
vn 0.530106 0.847907 0.006416
vn 0.493945 0.783108 0.377836
vn 0.488735 0.789195 -0.371899
vn 0.587379 0.809263 0.008930
vn 0.552839 0.749495 0.364180
vn 0.555600 0.743474 -0.372230
vn 0.651452 0.755138 0.073333
vn 0.618956 0.701405 0.353447
vn 0.632502 0.768411 -0.097397
vn 0.530104 0.847908 0.006554
vn 0.494820 0.783892 0.375055
vn 0.507554 0.812556 -0.286603
vn 0.578326 0.812564 -0.072654
vn 0.551093 0.777832 0.302115
vn 0.575324 0.817482 -0.026948
vn 0.587583 0.775135 0.232191
vn 0.725082 0.688662 -0.000842
vn 0.710531 0.665423 -0.228816
vn 0.757701 0.652581 -0.005216
vn 0.758823 0.621634 -0.194317
vn 0.723860 0.687870 -0.053502
vn 0.647305 0.675808 0.352532
vn 0.319747 0.945777 -0.057166
vn 0.200624 0.976341 -0.080671
vn 0.294005 0.891831 0.343799
vn 0.192822 0.930527 0.311349
vn 0.180024 0.874869 -0.449663
vn 0.277355 0.854676 -0.438866
vn 0.399315 0.916093 -0.036339
vn 0.373104 0.855450 0.359164
vn 0.358397 0.843174 -0.400762
vn 0.474344 0.880317 0.006291
vn 0.437318 0.818455 0.372673
vn 0.435328 0.849766 -0.297299
vn 0.300635 0.952252 -0.053236
vn 0.180756 0.980545 -0.076547
vn 0.278557 0.897299 0.342435
vn 0.173693 0.933660 0.313224
vn 0.161640 0.876342 -0.453758
vn 0.268638 0.863821 -0.426201
vn 0.387234 0.921913 -0.011218
vn 0.350538 0.864038 0.361332
vn 0.351691 0.874352 -0.334399
vn 0.462981 0.886265 0.013525
vn 0.442108 0.820105 0.363275
vn 0.440377 0.897217 -0.032716
vn 0.285937 0.957390 -0.040549
vn 0.158218 0.982994 -0.093215
vn 0.252111 0.912310 0.322693
vn 0.152807 0.948804 0.276443
vn 0.141155 0.872967 -0.466909
vn 0.246561 0.892994 -0.376524
vn 0.380837 0.924505 -0.015951
vn 0.354215 0.869605 0.343976
vn 0.336842 0.938600 -0.074622
vn 0.420809 0.839068 0.344797
vn -0.081036 -0.479537 0.873772
vn -0.039696 -0.757699 0.651396
vn -0.039944 -0.989266 0.140562
vn -0.097228 -0.984606 0.145252
vn 0.997971 -0.062800 0.010478
vn 0.997971 -0.062800 0.010478
vn 0.997971 -0.062800 0.010478
vn 0.997971 -0.062800 0.010478
vn 0.022873 -0.991227 -0.130180
vn 0.039225 -0.989897 0.136255
vn 0.039225 -0.989897 0.136255
vn -0.030432 -0.863027 -0.504240
vn -0.099394 -0.300203 0.948683
vn -0.158501 -0.975935 0.149759
vn 0.013239 0.441504 -0.897161
vn 0.061679 0.991152 -0.117529
vn 0.012420 0.638815 0.769260
vn 0.997799 -0.065629 0.009534
vn 0.997210 -0.038188 -0.064136
vn 0.999876 0.015718 -0.001276
vn 0.097587 0.985921 -0.135782
vn 0.097587 0.985921 -0.135782
vn -0.012236 0.312986 -0.949679
vn 0.042089 0.991203 -0.125482
vn -0.015051 0.533142 0.845892
vn -0.101815 -0.542063 -0.834147
vn -0.078084 -0.699995 -0.709866
vn 0.997235 -0.015295 0.072728
vn 0.991979 -0.093097 0.085501
vn 0.991360 -0.118749 -0.055720
vn 0.989540 -0.142876 0.019910
vn -0.094069 -0.490941 0.866099
vn -0.059272 -0.770042 0.635234
vn -0.063183 -0.991048 0.117609
vn -0.120604 -0.985006 0.123363
vn 0.995617 -0.092634 0.012893
vn 0.995617 -0.092634 0.012893
vn 0.995617 -0.092634 0.012893
vn 0.995617 -0.092634 0.012893
vn 0.009951 -0.996401 0.084174
vn 0.009951 -0.996401 0.084174
vn 0.009951 -0.996401 0.084174
vn 0.009951 -0.996401 0.084174
vn -0.107992 -0.309156 0.944860
vn -0.181991 -0.974789 0.129095
vn 0.023253 0.447318 -0.894073
vn 0.084663 0.991990 -0.093745
vn 0.026779 0.616802 0.786663
vn 0.996184 -0.086313 0.012949
vn 0.996499 -0.057356 -0.060831
vn 0.999976 -0.004367 0.005314
vn 0.996151 -0.037264 0.079339
vn 0.127475 0.988381 -0.082789
vn 0.127475 0.988381 -0.082789
vn -0.005231 0.317714 -0.948172
vn 0.065154 0.992931 -0.099213
vn -0.002324 0.512761 0.858528
vn -0.111942 -0.530600 -0.840198
vn -0.091996 -0.686180 -0.721592
vn 0.989441 -0.115102 0.088085
vn 0.988854 -0.138482 -0.054692
vn 0.986323 -0.163578 0.020212
vn -0.104229 -0.489197 0.865923
vn -0.075214 -0.769243 0.634514
vn -0.083553 -0.989625 0.116880
vn -0.140753 -0.982423 0.122610
vn 0.993643 -0.111611 0.014710
vn 0.993643 -0.111611 0.014710
vn 0.993643 -0.111611 0.014710
vn 0.993643 -0.111611 0.014710
vn -0.010320 -0.996407 0.084069
vn -0.010320 -0.996407 0.084069
vn -0.010320 -0.996407 0.084069
vn -0.010320 -0.996407 0.084069
vn -0.114375 -0.306798 0.944877
vn -0.201819 -0.970981 0.128319
vn 0.031860 0.443819 -0.895550
vn 0.104841 0.989648 -0.098010
vn 0.039819 0.618805 0.784535
vn 0.994430 -0.104372 0.014650
vn 0.995378 -0.075887 -0.058854
vn 0.999719 -0.022649 0.007019
vn 0.995208 -0.055055 0.080803
vn 0.147578 0.985610 -0.082425
vn 0.147578 0.985610 -0.082425
vn 0.000843 0.315106 -0.949056
vn 0.085348 0.990960 -0.103508
vn 0.008477 0.515108 0.857083
vn -0.122712 -0.528606 -0.839951
vn 0.987086 -0.132810 0.089573
vn 0.986268 -0.156488 -0.052798
vn 0.983192 -0.181264 0.021857
vn 0.538737 0.841927 0.030351
vn 0.503101 0.778309 0.375666
vn 0.514331 0.857433 -0.016513
vn 0.543017 0.753700 0.370228
vn 0.500128 0.791350 0.351622
vn 0.263649 0.963541 -0.045588
vn 0.130587 0.987915 -0.083496
vn 0.242436 0.917818 0.314382
vn 0.114073 0.955189 0.273132
vn 0.116426 0.907988 -0.402496
vn 0.218735 0.968639 -0.117869
vn 0.310672 0.894951 0.320227
vn 0.109183 0.987471 -0.113930
vn 0.102549 0.957411 0.269903
vn 0.191477 0.940003 0.282368
vn -0.046429 -0.973208 0.225188
vn -0.071188 -0.439413 0.895460
vn -0.069273 -0.707875 0.702933
vn -0.039315 -0.961644 0.271470
vn 0.996730 0.080783 -0.001850
vn 0.996730 0.080783 -0.001850
vn 0.996730 0.080783 -0.001850
vn 0.996730 0.080783 -0.001850
vn -0.007595 -0.987460 0.157687
vn -0.007595 -0.987460 0.157687
vn -0.007595 -0.987460 0.157687
vn -0.068926 -0.270109 0.960359
vn -0.054268 -0.983473 0.172731
vn 0.998802 0.048874 0.002609
vn 0.994814 0.071133 -0.072701
vn 0.991563 0.129302 -0.009196
vn 0.992454 0.102851 0.066767
vn -0.044032 0.260048 -0.964591
vn -0.033226 0.399259 -0.916236
vn -0.043698 0.987959 -0.148417
vn -0.064415 0.985743 -0.155438
vn -0.054276 0.660371 0.748976
vn -0.071098 0.555914 0.828194
vn -0.040617 -0.580426 -0.813299
vn -0.027555 -0.765919 -0.642347
vn 0.996513 0.025120 0.079567
vn 0.998007 -0.008201 -0.062567
vn 0.999516 -0.027929 0.013722
vn -0.047977 -0.472439 0.880057
vn 0.014782 -0.757910 0.652192
vn 0.030216 -0.989356 0.142344
vn -0.027434 -0.988394 0.149417
vn 0.999908 0.012060 0.006229
vn 0.999908 0.012060 0.006229
vn 0.999908 0.012060 0.006229
vn 0.999908 0.012060 0.006229
vn 0.094934 -0.982735 0.158808
vn 0.094934 -0.982735 0.158808
vn 0.094934 -0.982735 0.158808
vn 0.094934 -0.982735 0.158808
vn -0.079974 -0.286347 0.954783
vn -0.089349 -0.983634 0.156463
vn -0.009831 0.440833 -0.897535
vn 0.105924 0.991575 -0.074558
vn -0.003026 0.994374 -0.105882
vn -0.034372 0.642175 0.765787
vn 0.999931 0.010638 0.004965
vn 0.996893 0.035746 -0.070195
vn 0.995724 0.092150 -0.006566
vn 0.995623 0.062808 0.069208
vn 0.021123 0.991413 -0.129047
vn 0.021123 0.991413 -0.129047
vn -0.032534 0.283792 -0.958334
vn -0.028694 0.990876 -0.131687
vn -0.053648 0.542233 0.838514
vn -0.060899 -0.566361 -0.821904
vn -0.027153 -0.713951 -0.699669
vn 0.996537 -0.015398 0.081715
vn 0.997173 -0.044847 -0.060298
vn 0.997639 -0.066835 0.015815
vn -0.065396 -0.461511 0.884721
vn -0.014707 -0.743133 0.668983
vn -0.005812 -0.985977 0.166778
vn -0.063211 -0.982714 0.174003
vn 0.999635 -0.025681 0.008348
vn 0.999635 -0.025681 0.008348
vn 0.999635 -0.025681 0.008348
vn 0.999635 -0.025681 0.008348
vn 0.074554 -0.987826 0.136532
vn 0.074554 -0.987826 0.136532
vn 0.074554 -0.987826 0.136532
vn 0.074554 -0.987826 0.136532
vn -0.089707 -0.281703 0.955299
vn -0.124642 -0.975532 0.181115
vn -0.001573 0.423101 -0.906081
vn 0.026821 0.991095 -0.130427
vn -0.010917 0.645377 0.763786
vn 0.999596 -0.027465 0.007287
vn 0.997693 -0.002288 -0.067845
vn 0.998543 0.053768 -0.004637
vn 0.997181 0.024447 0.070939
vn 0.072129 0.985892 -0.151047
vn 0.072129 0.985892 -0.151047
vn -0.022340 0.292200 -0.956096
vn 0.007296 0.990201 -0.139456
vn -0.034509 0.541615 0.839918
vn -0.082766 -0.567902 -0.818924
vn 0.995125 -0.052177 0.083693
vn 0.994852 -0.083605 -0.057273
vn 0.994362 -0.104383 0.018686
vn 0.003481 0.987657 -0.156595
vn 0.003481 0.987657 -0.156595
vn 0.003481 0.987657 -0.156595
vn -0.022369 0.989740 -0.141120
vn -0.021048 0.821339 0.570052
vn -0.011741 0.629495 -0.776916
vn 0.189239 0.979513 -0.068873
vn 0.145449 0.860221 -0.488737
vn 0.311015 0.949278 -0.046267
vn 0.253050 0.851187 -0.459833
vn 0.427479 0.903684 -0.024846
vn 0.355413 0.830697 -0.428515
vn 0.492674 0.870169 0.008842
vn 0.431381 0.822062 -0.371651
vn 0.567640 0.822928 0.023970
vn 0.508033 0.779097 -0.367302
vn 0.006278 0.070999 0.997457
vn 0.006278 0.070999 0.997457
vn 0.006278 0.070999 0.997457
vn 0.006278 0.070999 0.997457
vn 0.185439 -0.982397 -0.022543
vn 0.185439 -0.982397 -0.022543
vn 0.185439 -0.982397 -0.022543
vn 0.001370 0.893455 0.449151
vn 0.417793 0.811801 0.407957
vn 0.422644 0.837856 0.345499
vn 0.001168 0.924483 0.381222
vn 0.423200 0.862876 0.276311
vn 0.000932 0.952237 0.305358
vn 0.411292 0.892634 0.184508
vn 0.000657 0.977697 0.210018
vn 0.002994 0.952352 0.304986
vn 0.001243 0.981246 0.192755
vn 0.401586 0.897114 0.184163
vn 0.414835 0.866935 0.276290
vn 0.006165 0.924462 0.381225
vn 0.415713 0.840850 0.346632
vn 0.010545 0.893955 0.448034
vn 0.411961 0.813446 0.410602
vn -0.410172 0.816377 0.406555
vn -0.417826 0.839853 0.346510
vn -0.421703 0.862738 0.279015
vn -0.412600 0.891408 0.187492
vn -0.017533 0.952091 0.305311
vn -0.022820 0.980913 0.193103
vn 0.391749 0.901357 0.184628
vn 0.405767 0.870999 0.276972
vn -0.011436 0.924400 0.381252
vn 0.407445 0.844314 0.348026
vn -0.006460 0.894162 0.447698
vn 0.401101 0.816408 0.415448
vn -0.783043 -0.614956 -0.093127
vn -0.534227 -0.843037 -0.062372
vn 0.044500 -0.995542 -0.083159
vn 0.049213 -0.989439 -0.136340
vn 0.607268 -0.791032 -0.074124
vn 0.848391 -0.520045 -0.098924
vn -0.881422 -0.460404 -0.105465
vn 0.054175 -0.979567 -0.193687
vn 0.933899 -0.341132 -0.107063
vn 0.837263 0.545596 0.036260
vn -0.024709 0.994268 0.104024
vn 0.001045 -0.120635 0.992696
vn 0.083597 -0.072232 0.993878
vn 0.000840 -0.031858 0.999492
vn 0.894740 0.446490 0.009388
vn -0.024836 0.995989 0.085965
vn -0.878579 0.476216 0.036309
vn -0.934886 0.354865 0.007718
vn 0.085403 -0.156625 0.983959
vn -0.081833 -0.084119 0.993090
vn -0.083126 -0.171682 0.981639
vn 0.001349 -0.204218 0.978924
vn -0.790253 -0.606588 -0.086898
vn -0.536160 -0.841659 -0.064360
vn 0.037502 -0.995845 -0.082986
vn 0.040128 -0.990111 -0.134423
vn 0.597918 -0.798290 -0.072300
vn 0.840169 -0.533390 -0.098031
vn -0.889735 -0.446511 -0.094867
vn 0.042860 -0.980860 -0.189937
vn 0.927608 -0.357952 -0.106836
vn 0.848907 0.527412 0.034554
vn 0.000120 0.994423 0.105467
vn 0.001120 -0.120669 0.992692
vn 0.001209 -0.031886 0.999491
vn -0.081653 -0.081552 0.993319
vn 0.083775 -0.074856 0.993669
vn 0.904114 0.427217 0.007926
vn -0.000616 0.996038 0.088925
vn -0.865352 0.499104 0.045399
vn -0.925524 0.378150 0.020198
vn 0.085320 -0.158760 0.983624
vn -0.083188 -0.169625 0.981992
vn 0.001211 -0.204264 0.978915
vn 0.000000 0.988265 0.152750
vn 0.000000 0.988265 0.152750
vn -0.000001 -0.137406 0.990515
vn -0.000001 -0.137406 0.990515
vn -0.000001 -0.137406 0.990515
vn -0.000001 -0.137406 0.990515
vn -0.000002 -0.999694 -0.024729
vn -0.000002 -0.999694 -0.024729
vn -0.000002 -0.999694 -0.024729
vn -0.000002 -0.999694 -0.024729
vn 0.000500 0.988265 0.152749
vn 0.000500 0.988265 0.152749
vn 0.003487 -0.137389 0.990511
vn 0.003487 -0.137389 0.990511
vn 0.003487 -0.137389 0.990511
vn 0.003487 -0.137389 0.990511
vn -0.000083 -0.999694 -0.024729
vn -0.000083 -0.999694 -0.024729
vn -0.000083 -0.999694 -0.024729
vn -0.000083 -0.999694 -0.024729
vn -0.001530 0.782327 0.622866
vn 0.401205 0.717028 0.570005
vn 0.403705 0.758370 0.511759
vn 0.001679 0.829426 0.558614
vn 0.408812 0.788506 0.459490
vn 0.001519 0.864255 0.503053
vn 0.016810 0.864402 0.502520
vn 0.403871 0.788490 0.463866
vn 0.024538 0.828638 0.559246
vn 0.391267 0.757536 0.522541
vn 0.086368 0.780360 0.619337
vn 0.383407 0.715666 0.583800
vn -0.102933 0.791964 0.601828
vn -0.401137 0.756109 0.517097
vn -0.398886 0.796071 0.455150
vn -0.002508 0.864987 0.501788
vn 0.392242 0.792769 0.466544
vn -0.085109 0.832630 0.547251
vn 0.320205 0.789976 0.522884
vn 0.252113 0.792528 0.555282
vn 0.005414 0.714372 0.699745
vn 0.382969 0.658008 0.648352
vn -0.081275 0.714855 0.694534
vn 0.384096 0.692513 0.610652
vn -0.404073 0.587880 0.700801
vn -0.481896 0.620115 0.619059
vn -0.401011 0.817407 0.413566
vn -0.424816 0.836829 0.345323
vn -0.429510 0.859025 0.278563
vn -0.421321 0.887373 0.187238
vn -0.034065 0.951637 0.305329
vn -0.040982 0.980316 0.193137
vn 0.377693 0.907136 0.185616
vn 0.393471 0.876434 0.277568
vn -0.026385 0.924133 0.381159
vn 0.394354 0.848938 0.351837
vn 0.000961 0.891562 0.452897
vn 0.393687 0.821322 0.412845
vn -0.327894 0.844362 0.423719
vn -0.419161 0.837254 0.351155
vn -0.446606 0.851387 0.275106
vn -0.446849 0.875270 0.185009
vn -0.067497 0.951349 0.300633
vn -0.090638 0.977902 0.188395
vn 0.303418 0.935719 0.179912
vn 0.338006 0.899677 0.276285
vn -0.026036 0.923650 0.382352
vn 0.362313 0.866986 0.342148
vn 0.000071 0.891269 0.453476
vn 0.371948 0.824839 0.425789
vn -0.370732 0.863012 0.343173
vn -0.468034 0.843682 0.262954
vn -0.498709 0.851082 0.164159
vn -0.057374 0.957595 0.282349
vn -0.111461 0.980337 0.162835
vn 0.274356 0.948868 0.156136
vn 0.323857 0.913196 0.247366
vn -0.030645 0.927960 0.371417
vn 0.351012 0.872327 0.340346
vn -0.037343 0.909005 0.415110
vn 0.356061 0.844013 0.401077
vn -0.707727 -0.701695 -0.082138
vn -0.411378 -0.910580 -0.040164
vn 0.168135 -0.984285 -0.053972
vn 0.172328 -0.979234 -0.106794
vn 0.690237 -0.721899 -0.049352
vn 0.891585 -0.445743 -0.079929
vn -0.832779 -0.544333 -0.100894
vn 0.176310 -0.970655 -0.163538
vn 0.957459 -0.273288 -0.092663
vn 0.777013 0.629144 0.020688
vn -0.138526 0.987635 0.073397
vn 0.014877 -0.083647 0.996384
vn -0.000340 0.003775 0.999993
vn -0.072095 -0.055753 0.995838
vn 0.087338 -0.028300 0.995777
vn 0.849843 0.527010 -0.005241
vn -0.147785 0.987471 0.055321
vn -0.915798 0.401153 0.019783
vn -0.959896 0.280325 -0.004327
vn 0.103435 -0.111560 0.988360
vn -0.058663 -0.141943 0.988135
vn 0.029204 -0.166031 0.985688
vn -0.724194 -0.682731 -0.097064
vn -0.438108 -0.896830 -0.061302
vn 0.149932 -0.985477 -0.079720
vn 0.154275 -0.979105 -0.132487
vn 0.684898 -0.725277 -0.069918
vn 0.888048 -0.450430 -0.092103
vn -0.843217 -0.525866 -0.111581
vn 0.158492 -0.969040 -0.189320
vn 0.955145 -0.278863 -0.099669
vn 0.796258 0.603834 0.036840
vn -0.108333 0.989157 0.099162
vn 0.020218 -0.113143 0.993373
vn 0.009425 -0.025528 0.999630
vn -0.065871 -0.082850 0.994383
vn 0.095724 -0.060073 0.993594
vn 0.864547 0.502471 0.008981
vn -0.114156 0.990145 0.081125
vn -0.908927 0.415851 0.030330
vn -0.955560 0.294780 0.003109
vn 0.107582 -0.142002 0.984003
vn -0.056634 -0.170300 0.983764
vn 0.030562 -0.195295 0.980268
vn -0.131104 0.981758 0.137702
vn -0.131104 0.981758 0.137702
vn 0.019649 -0.116990 0.992939
vn 0.019649 -0.116990 0.992939
vn 0.019649 -0.116990 0.992939
vn 0.019649 -0.116990 0.992939
vn 0.133487 -0.990992 -0.010818
vn 0.133487 -0.990992 -0.010818
vn 0.133487 -0.990992 -0.010818
vn 0.133487 -0.990992 -0.010818
vn -0.619417 -0.780963 -0.080117
vn -0.279266 -0.959177 -0.044608
vn 0.041834 -0.995653 -0.083220
vn 0.047396 -0.989512 -0.136451
vn 0.604832 -0.792744 -0.075737
vn 0.850940 -0.515554 -0.100522
vn -0.876395 -0.470123 -0.104481
vn 0.053285 -0.979581 -0.193860
vn 0.937331 -0.331167 -0.108346
vn 0.826775 0.561288 0.037402
vn -0.043613 0.993623 0.103974
vn 0.000876 -0.120652 0.992695
vn 0.000597 -0.031858 0.999492
vn -0.081918 -0.086492 0.992879
vn 0.083472 -0.069877 0.994057
vn 0.885780 0.463991 0.010344
vn -0.043823 0.995342 0.085873
vn -0.888331 0.457877 0.034894
vn -0.942229 0.334907 0.006490
vn 0.085260 -0.155532 0.984145
vn -0.083239 -0.172823 0.981429
vn 0.001056 -0.204248 0.978919
vn -0.013580 0.987910 0.154430
vn -0.013580 0.987910 0.154430
vn 0.002091 -0.136589 0.990626
vn 0.002091 -0.136589 0.990626
vn 0.002091 -0.136589 0.990626
vn 0.002091 -0.136589 0.990626
vn 0.013843 -0.999552 -0.026551
vn 0.013843 -0.999552 -0.026551
vn 0.013843 -0.999552 -0.026551
vn 0.013843 -0.999552 -0.026551
vn 0.000000 0.988265 0.152751
vn 0.000000 0.988265 0.152751
vn -0.000002 -0.137405 0.990515
vn -0.000002 -0.137405 0.990515
vn -0.000002 -0.137405 0.990515
vn -0.000002 -0.137405 0.990515
vn -0.000042 -0.999694 -0.024751
vn -0.000042 -0.999694 -0.024751
vn -0.321378 0.820163 0.473339
vn 0.011650 0.858958 0.511914
vn 0.387219 0.788124 0.478458
vn 0.000590 0.843454 0.537202
vn 0.379114 0.765876 0.519332
vn -0.003152 0.876744 0.480946
vn 0.365124 0.798230 0.479075
vn -0.409448 0.879374 0.243009
vn -0.501010 0.853289 0.144520
vn -0.059508 0.963680 0.260344
vn -0.098814 0.985629 0.137010
vn 0.270933 0.955104 0.119886
vn 0.317230 0.918368 0.236571
vn -0.059114 0.950849 0.303962
vn 0.326338 0.896948 0.298310
vn -0.082907 0.978252 0.190129
vn -0.089719 0.989500 0.113315
vn 0.268853 0.957146 0.107655
vn 0.283789 0.940216 0.188301
vn -0.646063 -0.762555 -0.033359
vn -0.228456 -0.973478 -0.012197
vn 0.297074 -0.953450 -0.051764
vn 0.247730 -0.967047 -0.058736
vn 0.911943 -0.403846 -0.072579
vn 0.739973 -0.668223 -0.076934
vn -0.816879 -0.575281 -0.041957
vn 0.190953 -0.979347 -0.066455
vn 0.967945 -0.242021 -0.067148
vn 0.006490 0.036602 0.999309
vn -0.008750 0.123063 0.992360
vn -0.081112 0.059358 0.994936
vn 0.079675 0.095750 0.992212
vn 0.832281 0.551423 -0.056922
vn 0.756860 0.652255 -0.041547
vn -0.165175 0.985948 -0.024968
vn -0.172869 0.983974 -0.043733
vn -0.930843 0.364917 -0.019134
vn -0.971890 0.233381 -0.031023
vn 0.096064 0.012360 0.995299
vn -0.067929 -0.025931 0.997353
vn 0.020823 -0.045891 0.998729
vn -0.689790 -0.723284 -0.032402
vn -0.394839 -0.918482 0.022198
vn 0.193833 -0.980973 0.010989
vn 0.200739 -0.978742 -0.042037
vn 0.714553 -0.699569 -0.004071
vn 0.907471 -0.416808 -0.052608
vn -0.816272 -0.574430 -0.061078
vn 0.207568 -0.973166 -0.099315
vn 0.967238 -0.242100 -0.076406
vn 0.773649 0.633211 -0.022622
vn -0.122431 0.992391 0.013047
vn 0.009666 -0.003252 0.999948
vn -0.005551 0.083892 0.996459
vn -0.078173 0.022301 0.996690
vn 0.082715 0.053669 0.995127
vn 0.842750 0.536721 -0.041270
vn -0.148483 0.988857 -0.010702
vn -0.913529 0.406772 0.001015
vn -0.966087 0.257368 -0.020946
vn 0.098728 -0.027392 0.994737
vn -0.064321 -0.066059 0.995740
vn 0.024325 -0.085832 0.996013
vn 0.011020 -0.002167 0.999937
vn 0.011020 -0.002167 0.999937
vn 0.011020 -0.002167 0.999937
vn 0.011020 -0.002167 0.999937
vn 0.186091 -0.979831 0.072808
vn 0.186091 -0.979831 0.072808
vn 0.186091 -0.979831 0.072808
vn 0.186091 -0.979831 0.072808
vn -0.512114 -0.858010 -0.039470
vn -0.128628 -0.991676 0.005776
vn 0.173216 -0.984650 -0.021449
vn 0.178485 -0.981123 -0.074438
vn 0.696347 -0.717219 -0.026410
vn 0.896994 -0.437002 -0.066563
vn -0.826854 -0.556629 -0.080479
vn 0.183611 -0.974161 -0.131519
vn 0.961298 -0.262032 -0.085124
vn 0.771532 0.636190 -0.000922
vn -0.146378 0.988392 0.040690
vn 0.012183 -0.043738 0.998969
vn -0.003128 0.043661 0.999042
vn -0.075125 -0.017331 0.997024
vn 0.084896 0.012961 0.996306
vn 0.843897 0.535992 -0.023442
vn -0.155869 0.987519 0.022599
vn -0.921109 0.389235 0.007410
vn -0.964018 0.265545 -0.012490
vn 0.101154 -0.070469 0.992372
vn -0.061641 -0.103692 0.992697
vn 0.026627 -0.126461 0.991614
vn -0.178913 0.980370 0.082857
vn -0.436651 0.891213 0.122780
vn -0.178913 0.980370 0.082857
vn 0.013795 -0.041809 0.999030
vn 0.013795 -0.041809 0.999030
vn 0.013795 -0.041809 0.999030
vn 0.013795 -0.041809 0.999030
vn 0.163970 -0.985047 0.052885
vn 0.163970 -0.985047 0.052885
vn 0.163970 -0.985047 0.052885
vn 0.163970 -0.985047 0.052885
vn -0.162508 0.980957 0.106368
vn -0.162508 0.980957 0.106368
vn 0.016553 -0.081245 0.996557
vn 0.016553 -0.081245 0.996557
vn 0.016553 -0.081245 0.996557
vn 0.016553 -0.081245 0.996557
vn 0.163460 -0.986344 0.020142
vn 0.163460 -0.986344 0.020142
vn -0.184319 0.982688 0.018713
vn -0.184319 0.982688 0.018713
vn -0.184319 0.982688 0.018713
vn 0.586393 0.809945 -0.011554
vn -0.157164 0.987557 -0.005592
vn -0.138005 0.983555 0.116505
vn -0.155242 0.987241 0.035442
vn -0.155242 0.987241 0.035442
vn -0.141494 0.965553 0.218374
vn -0.093810 0.939544 0.329328
vn -0.050463 0.901240 0.430372
vn -0.419087 0.805637 0.418707
vn -0.037900 0.867921 0.495255
vn -0.038101 0.838241 0.543967
vn 0.019791 0.952088 0.305185
vn 0.019414 0.981019 0.192938
vn 0.020596 0.924266 0.381194
vn 0.021462 0.893944 0.447665
vn -0.802539 -0.587053 -0.106301
vn -0.561503 -0.824895 -0.065287
vn 0.013942 -0.996549 -0.081833
vn 0.015265 -0.990183 -0.138938
vn 0.584355 -0.808572 -0.068847
vn 0.825663 -0.555940 -0.095978
vn -0.894970 -0.428691 -0.123502
vn 0.016646 -0.979567 -0.200428
vn 0.915375 -0.388424 -0.105901
vn 0.863561 0.503121 0.033651
vn 0.019394 0.994401 0.103874
vn 0.001065 -0.120686 0.992690
vn 0.001241 -0.031890 0.999491
vn -0.081655 -0.077905 0.993611
vn 0.083755 -0.078535 0.993387
vn 0.917475 0.397735 0.006774
vn 0.019446 0.996122 0.085805
vn -0.859138 0.510812 0.030862
vn -0.921270 0.388917 -0.002219
vn 0.085230 -0.162519 0.983018
vn -0.083295 -0.165916 0.982616
vn 0.001070 -0.204282 0.978912
vn 0.020788 0.864957 0.501416
vn 0.019013 0.829271 0.558523
vn 0.028917 0.781473 0.623269
vn 0.046041 0.707917 0.704793
vn -0.736113 0.663998 -0.131318
vn -0.752602 0.626868 -0.201560
vn 0.000683 0.952269 -0.305258
vn -0.000045 0.981197 -0.193011
vn 0.414112 0.866861 -0.277604
vn 0.402064 0.896593 -0.185647
vn 0.000243 0.977697 -0.210020
vn 0.000344 0.952238 -0.305358
vn -0.750524 0.610912 -0.251993
vn 0.001541 0.924462 -0.381271
vn 0.413500 0.841745 -0.347105
vn 0.000434 0.924483 -0.381224
vn -0.742168 0.599613 -0.299417
vn 0.002356 0.894155 -0.447752
vn 0.408525 0.815571 -0.409819
vn 0.000519 0.893456 -0.449151
vn 0.821130 -0.562533 0.096443
vn 0.575315 -0.815036 0.068761
vn 0.004315 -0.996622 0.082009
vn 0.005265 -0.990405 0.138092
vn 0.001314 -0.137481 -0.990503
vn 0.001314 -0.137481 -0.990503
vn 0.001314 -0.137481 -0.990503
vn 0.001314 -0.137481 -0.990503
vn -0.000033 -0.999694 0.024729
vn -0.000033 -0.999694 0.024729
vn -0.000033 -0.999694 0.024729
vn -0.000033 -0.999694 0.024729
vn 0.913015 -0.393758 0.106580
vn 0.006277 -0.980083 0.198487
vn -0.864556 0.501594 -0.030758
vn -0.000412 0.994582 -0.103950
vn 0.856473 0.514947 -0.035827
vn 0.000749 -0.120704 -0.992688
vn -0.081932 -0.079144 -0.993491
vn 0.000666 -0.031882 -0.999491
vn 0.083467 -0.077289 -0.993509
vn 0.000186 0.988265 -0.152752
vn 0.000186 0.988265 -0.152752
vn -0.923307 0.384063 0.000492
vn -0.000497 0.996305 -0.085889
vn 0.913414 0.406949 -0.008258
vn -0.899282 -0.420966 0.118657
vn -0.807882 -0.580229 0.103251
vn 0.085039 -0.163337 -0.982898
vn -0.083467 -0.165160 -0.982729
vn 0.000703 -0.204344 -0.978899
vn -0.728964 0.593147 -0.341743
vn 0.002120 0.865087 -0.501617
vn 0.399394 0.792124 -0.461546
vn 0.000579 0.864258 -0.503048
vn -0.392984 0.763054 -0.513141
vn 0.001334 0.829346 -0.558733
vn 0.394186 0.761815 -0.514057
vn 0.000635 0.829429 -0.558612
vn -0.380894 0.721084 -0.578754
vn 0.011831 0.781748 -0.623483
vn 0.391597 0.720285 -0.572574
vn -0.002710 0.782322 -0.622868
vn -0.346954 0.677709 -0.648331
vn 0.027282 0.723078 -0.690227
vn 0.372238 0.669820 -0.642479
vn -0.004853 0.720282 -0.693664
vn -0.324765 0.655935 -0.681379
vn 0.031878 0.691586 -0.721590
vn 0.354398 0.640803 -0.681009
vn -0.735690 0.663977 -0.133772
vn -0.752627 0.626239 -0.203412
vn 0.000211 0.952353 -0.304998
vn -0.001531 0.981244 -0.192763
vn 0.413562 0.867485 -0.276471
vn 0.400298 0.897657 -0.184319
vn -0.404609 0.894871 -0.188408
vn -0.414007 0.866121 -0.280058
vn -0.749673 0.611763 -0.252460
vn 0.003420 0.924477 -0.381222
vn 0.414453 0.841382 -0.346852
vn -0.410261 0.843032 -0.347824
vn -0.738297 0.604562 -0.299035
vn 0.007918 0.893984 -0.448029
vn 0.410739 0.813944 -0.410839
vn -0.402621 0.819360 -0.408100
vn -0.000812 0.952265 -0.305271
vn -0.005761 0.981173 -0.193043
vn 0.413290 0.867797 -0.275899
vn 0.399367 0.898205 -0.183669
vn -0.416352 0.889591 -0.187825
vn -0.424721 0.861191 -0.279218
vn 0.005160 0.924451 -0.381266
vn 0.414997 0.841168 -0.346720
vn -0.420022 0.838895 -0.346174
vn 0.010198 0.894075 -0.447801
vn 0.408777 0.813332 -0.413996
vn -0.396405 0.819196 -0.414463
vn 0.847744 -0.521084 0.099008
vn 0.605765 -0.792186 0.074098
vn 0.042846 -0.995616 0.083143
vn 0.047477 -0.989526 0.136322
vn -0.000015 -0.137482 -0.990504
vn -0.000015 -0.137482 -0.990504
vn -0.000015 -0.137482 -0.990504
vn -0.000015 -0.137482 -0.990504
vn -0.279531 -0.959100 0.044612
vn -0.000042 -0.999694 0.024751
vn -0.000042 -0.999694 0.024751
vn -0.619776 -0.780680 0.080108
vn 0.933632 -0.341822 0.107187
vn 0.052354 -0.979671 0.193661
vn -0.872574 0.486980 -0.038268
vn -0.007337 0.994550 -0.104003
vn 0.843390 0.536198 -0.034429
vn 0.001193 -0.120617 -0.992698
vn -0.081512 -0.083047 -0.993206
vn 0.001350 -0.031855 -0.999492
vn 0.083773 -0.073317 -0.993784
vn -0.000001 0.988265 -0.152753
vn -0.000001 0.988265 -0.152753
vn -0.931681 0.363164 -0.009081
vn -0.007323 0.996273 -0.085950
vn 0.898317 0.439274 -0.008118
vn -0.881732 -0.459834 0.105361
vn -0.783643 -0.614201 0.093061
vn 0.085308 -0.156713 -0.983953
vn -0.083098 -0.171547 -0.981665
vn 0.001285 -0.204155 -0.978938
vn 0.837154 -0.538058 0.098324
vn 0.591796 -0.802848 0.072205
vn 0.030585 -0.996088 0.082905
vn 0.032970 -0.990389 0.134324
vn 0.000001 -0.137478 -0.990505
vn 0.000001 -0.137478 -0.990505
vn 0.000001 -0.137478 -0.990505
vn 0.000001 -0.137478 -0.990505
vn -0.000002 -0.999694 0.024729
vn -0.000002 -0.999694 0.024729
vn -0.000002 -0.999694 0.024729
vn -0.000002 -0.999694 0.024729
vn 0.926085 -0.361742 0.107278
vn 0.035463 -0.981179 0.189815
vn -0.866351 0.497394 -0.045121
vn -0.002596 0.994414 -0.105516
vn 0.847932 0.528955 -0.034912
vn 0.001004 -0.120661 -0.992693
vn -0.081626 -0.081760 -0.993304
vn 0.001130 -0.031869 -0.999492
vn 0.083658 -0.074676 -0.993693
vn 0.000000 0.988264 -0.152754
vn 0.000000 0.988264 -0.152754
vn -0.926111 0.376720 -0.020020
vn -0.003295 0.996025 -0.089014
vn 0.903577 0.428346 -0.008216
vn -0.891175 -0.443729 0.094406
vn -0.792952 -0.603102 0.086577
vn 0.085142 -0.159234 -0.983563
vn -0.083272 -0.169146 -0.982067
vn 0.000957 -0.204214 -0.978926
vn -0.717605 0.606151 -0.342964
vn 0.014231 0.864460 -0.502501
vn 0.402664 0.788966 -0.464106
vn -0.391277 0.798834 -0.456911
vn -0.701012 0.594456 -0.393960
vn 0.021892 0.828709 -0.559251
vn 0.389322 0.757938 -0.523411
vn -0.394229 0.757722 -0.520039
vn -0.630101 0.612857 -0.476842
vn 0.081724 0.779651 -0.620859
vn 0.379424 0.715611 -0.586462
vn -0.101162 0.790496 -0.604055
vn 0.014281 0.864745 -0.502008
vn 0.399726 0.789797 -0.465231
vn -0.318435 0.820856 -0.474125
vn -0.072048 0.832201 -0.549774
vn 0.323694 0.788040 -0.523656
vn -0.040374 0.837280 -0.545282
vn 0.252105 0.791026 -0.557424
vn -0.494167 0.620723 -0.608689
vn -0.093475 0.717620 -0.690133
vn 0.378788 0.692067 -0.614461
vn -0.023977 0.951935 -0.305362
vn -0.030695 0.980688 -0.193154
vn 0.398017 0.874570 -0.276966
vn 0.382354 0.905295 -0.185058
vn -0.435976 0.880456 -0.186341
vn -0.435899 0.856429 -0.276624
vn -0.016238 0.924332 -0.381243
vn 0.398905 0.847113 -0.351104
vn -0.408645 0.841704 -0.352909
vn 0.010928 0.891490 -0.452909
vn 0.397965 0.819562 -0.412241
vn -0.328973 0.843062 -0.425468
vn -0.043146 0.952686 -0.300878
vn -0.065841 0.979857 -0.188534
vn 0.349709 0.895612 -0.274924
vn 0.315626 0.931916 -0.178640
vn -0.491089 0.855310 -0.165158
vn -0.460591 0.847457 -0.263955
vn -0.002132 0.923964 -0.382472
vn 0.373509 0.862826 -0.340622
vn -0.365303 0.865018 -0.343944
vn 0.019297 0.886737 -0.461872
vn 0.389339 0.815538 -0.428151
vn -0.052798 0.900417 -0.431812
vn -0.038825 0.958500 -0.282437
vn -0.092248 0.982311 -0.162958
vn 0.332577 0.910271 -0.246577
vn 0.283807 0.946230 -0.155253
vn -0.496070 0.856077 -0.145077
vn -0.406139 0.880815 -0.243342
vn -0.013321 0.927755 -0.372953
vn 0.357919 0.868945 -0.341802
vn -0.096718 0.938788 -0.330640
vn 0.361423 0.840068 -0.404548
vn 0.895535 -0.437798 0.079682
vn 0.699070 -0.713317 0.049802
vn 0.180224 -0.982132 0.054180
vn 0.184824 -0.976942 0.106885
vn 0.016489 -0.081071 -0.996572
vn 0.016489 -0.081071 -0.996572
vn 0.016489 -0.081071 -0.996572
vn 0.016489 -0.081071 -0.996572
vn -0.118050 -0.992990 -0.005985
vn 0.164560 -0.986164 -0.020031
vn 0.164560 -0.986164 -0.020031
vn -0.501002 -0.864540 0.039579
vn 0.959290 -0.266987 0.092094
vn 0.189208 -0.968231 0.163488
vn -0.910766 0.412363 -0.021507
vn -0.118957 0.990184 -0.073386
vn 0.786282 0.617581 -0.018800
vn 0.015177 -0.083424 -0.996399
vn -0.072123 -0.054302 -0.995917
vn 0.000088 0.004159 -0.999991
vn 0.087804 -0.029308 -0.995707
vn -0.163624 0.980762 -0.106457
vn -0.163624 0.980762 -0.106457
vn -0.957354 0.288899 0.003189
vn -0.128083 0.990222 -0.055275
vn 0.855464 0.517822 0.006484
vn -0.829080 -0.549831 0.101554
vn -0.701291 -0.708079 0.082553
vn 0.103556 -0.110537 -0.988462
vn -0.058320 -0.142682 -0.988049
vn 0.029654 -0.165807 -0.985712
vn 0.888705 -0.449145 0.092047
vn 0.686338 -0.723905 0.070011
vn 0.151690 -0.985201 0.079807
vn 0.156050 -0.978816 0.132543
vn 0.019684 -0.117271 -0.992905
vn 0.019684 -0.117271 -0.992905
vn 0.019684 -0.117271 -0.992905
vn 0.019684 -0.117271 -0.992905
vn 0.133703 -0.990961 0.010919
vn 0.133703 -0.990961 0.010919
vn 0.133703 -0.990961 0.010919
vn 0.133703 -0.990961 0.010919
vn 0.955460 -0.277825 0.099546
vn 0.160280 -0.968741 0.189344
vn -0.901823 0.430851 -0.032899
vn -0.083016 0.991601 -0.099181
vn 0.807217 0.589266 -0.034136
vn 0.020468 -0.113109 -0.993372
vn -0.065679 -0.081254 -0.994527
vn 0.010129 -0.025357 -0.999627
vn -0.131316 0.981716 -0.137802
vn -0.131316 0.981716 -0.137802
vn -0.951924 0.306296 -0.004770
vn -0.088649 0.992757 -0.081082
vn 0.871160 0.490947 -0.007165
vn -0.842777 -0.526538 0.111732
vn -0.723413 -0.683541 0.097182
vn 0.096221 -0.061592 -0.993453
vn 0.107561 -0.141910 -0.984018
vn -0.056571 -0.170460 -0.983739
vn 0.030605 -0.195271 -0.980272
vn 0.850661 -0.516001 0.100597
vn 0.604238 -0.793198 0.075719
vn 0.041186 -0.995681 0.083205
vn 0.046795 -0.989541 0.136454
vn 0.001977 -0.136695 -0.990611
vn 0.001977 -0.136695 -0.990611
vn 0.001977 -0.136695 -0.990611
vn 0.001977 -0.136695 -0.990611
vn 0.013304 -0.999558 0.026576
vn 0.013304 -0.999558 0.026576
vn 0.013304 -0.999558 0.026576
vn 0.013304 -0.999558 0.026576
vn 0.937191 -0.331524 0.108462
vn 0.052736 -0.979607 0.193881
vn -0.884561 0.465025 -0.036092
vn -0.033061 0.994027 -0.104007
vn 0.830555 0.555749 -0.036337
vn 0.000967 -0.120618 -0.992699
vn -0.081747 -0.085779 -0.992955
vn 0.000896 -0.031785 -0.999494
vn 0.083586 -0.070537 -0.994001
vn -0.013052 0.987913 -0.154458
vn -0.013052 0.987913 -0.154458
vn -0.940154 0.340673 -0.007267
vn -0.033161 0.995753 -0.085891
vn 0.888085 0.459578 -0.009620
vn -0.876706 -0.469551 0.104447
vn 0.085234 -0.155548 -0.984144
vn -0.083239 -0.172780 -0.981437
vn 0.001039 -0.204203 -0.978928
vn 0.020539 0.858016 -0.513212
vn 0.389775 0.785906 -0.480028
vn -0.040196 0.867006 -0.496674
vn 0.380196 0.763037 -0.522709
vn 0.388554 0.783354 -0.485163
vn -0.046911 0.964039 -0.261588
vn -0.085264 0.986896 -0.136988
vn 0.322162 0.916241 -0.238148
vn 0.277280 0.953338 -0.119422
vn -0.437852 0.890641 -0.122656
vn -0.143924 0.964960 -0.219406
vn 0.330201 0.894415 -0.301644
vn -0.140282 0.983119 -0.117467
vn 0.266528 0.957596 -0.109415
vn 0.280558 0.940537 -0.191515
vn 0.269424 -0.961306 0.057465
vn 0.920199 -0.385095 0.070261
vn 0.764068 -0.641257 0.070641
vn 0.320070 -0.946131 0.048908
vn 0.000722 0.071365 -0.997450
vn 0.000722 0.071365 -0.997450
vn 0.000722 0.071365 -0.997450
vn 0.000722 0.071365 -0.997450
vn 0.187545 -0.981978 0.023371
vn 0.187545 -0.981978 0.023371
vn 0.187545 -0.981978 0.023371
vn 0.970666 -0.230793 0.067402
vn 0.211434 -0.975100 0.066908
vn 0.006540 0.037813 -0.999264
vn -0.081208 0.060196 -0.994878
vn -0.008994 0.124003 -0.992241
vn 0.079397 0.097024 -0.992110
vn -0.972263 0.231830 0.030973
vn -0.931544 0.363090 0.019807
vn -0.168319 0.985430 0.024430
vn -0.175806 0.983455 0.043681
vn 0.754902 0.654588 0.040462
vn 0.830997 0.553338 0.057112
vn -0.810882 -0.583690 0.042145
vn -0.637110 -0.770033 0.033756
vn 0.095931 0.015181 -0.995272
vn -0.067415 -0.026077 -0.997384
vn 0.021346 -0.044384 -0.998787
vn 0.909862 -0.411557 0.052646
vn 0.719816 -0.694149 0.004748
vn 0.200846 -0.979564 -0.010685
vn 0.207917 -0.977235 0.042208
vn 0.010978 -0.001461 -0.999939
vn 0.010978 -0.001461 -0.999939
vn 0.010978 -0.001461 -0.999939
vn 0.010978 -0.001461 -0.999939
vn 0.968364 -0.237659 0.076092
vn 0.214903 -0.971571 0.099334
vn -0.913994 0.405727 -0.001083
vn -0.091518 0.989225 -0.114271
vn -0.123760 0.992225 -0.013182
vn 0.772713 0.634359 0.022435
vn 0.009628 -0.002472 -0.999951
vn -0.078240 0.022875 -0.996672
vn -0.005730 0.084573 -0.996401
vn 0.082509 0.054525 -0.995098
vn -0.156790 0.986983 -0.035786
vn -0.156790 0.986983 -0.035786
vn -0.966384 0.256253 0.020871
vn -0.149868 0.988650 0.010547
vn 0.841953 0.537987 0.041052
vn -0.813860 -0.577827 0.061219
vn -0.685965 -0.726913 0.032414
vn 0.098618 -0.026001 -0.994786
vn -0.064146 -0.065804 -0.995769
vn 0.024487 -0.084934 -0.996086
vn 0.187243 -0.979621 -0.072680
vn 0.187243 -0.979621 -0.072680
vn 0.187243 -0.979621 -0.072680
vn 0.187243 -0.979621 -0.072680
vn 0.903731 -0.422887 0.066611
vn 0.711802 -0.701833 0.027723
vn 0.193847 -0.980787 0.021926
vn 0.199786 -0.976984 0.074751
vn 0.013741 -0.041301 -0.999052
vn 0.013741 -0.041301 -0.999052
vn 0.013741 -0.041301 -0.999052
vn 0.013741 -0.041301 -0.999052
vn 0.165083 -0.984867 -0.052770
vn 0.165083 -0.984867 -0.052770
vn 0.165083 -0.984867 -0.052770
vn 0.165083 -0.984867 -0.052770
vn 0.964308 -0.250934 0.084515
vn 0.205569 -0.969749 0.131635
vn -0.917614 0.397385 -0.008386
vn -0.132311 0.990374 -0.040651
vn 0.778128 0.628102 0.002023
vn 0.012422 -0.043141 -0.998992
vn -0.075203 -0.016048 -0.997039
vn -0.002884 0.044296 -0.999014
vn 0.085122 0.012684 -0.996290
vn -0.180043 0.980155 -0.082952
vn -0.180043 0.980155 -0.082952
vn -0.962347 0.271563 0.011924
vn -0.141702 0.989653 -0.022517
vn 0.847915 0.529582 0.024148
vn -0.820379 -0.566012 0.081293
vn 0.101118 -0.068228 -0.992532
vn -0.061146 -0.104787 -0.992613
vn 0.027185 -0.125685 -0.991698
vn -0.186365 0.982287 -0.019497
vn -0.186365 0.982287 -0.019497
vn -0.186365 0.982287 -0.019497
vn -0.160523 0.987021 0.004571
vn 0.582883 0.812515 0.008158
vn -0.810325 0.585978 -0.001682
vn -0.252748 0.967151 -0.027179
vn -0.252748 0.967151 -0.027179
vn -0.252748 0.967151 -0.027179
vn -0.085226 0.977721 -0.191827
vn -0.526549 0.837213 -0.147720
vn -0.046970 0.950762 -0.306342
vn -0.491791 0.834630 -0.248059
vn -0.020872 0.908221 -0.417969
vn -0.459726 0.817993 -0.345747
vn 0.011953 0.867156 -0.497893
vn -0.430852 0.798302 -0.420809
vn 0.008668 0.841825 -0.539681
vn -0.415514 0.783708 -0.461681
vn -0.423013 0.594617 -0.683733
vn 0.996577 0.082619 -0.002744
vn 0.996577 0.082619 -0.002744
vn 0.996577 0.082619 -0.002744
vn 0.996577 0.082619 -0.002744
vn -0.005473 -0.987597 -0.156913
vn -0.005473 -0.987597 -0.156913
vn -0.005473 -0.987597 -0.156913
vn 0.435903 0.815064 0.381654
vn 0.372153 0.841678 0.391256
vn 0.300415 0.867856 0.395698
vn 0.202455 0.899708 0.386700
vn 0.326585 0.945165 -0.002336
vn 0.207438 0.978246 0.002102
vn 0.199881 0.901395 -0.384103
vn 0.299273 0.867703 -0.396898
vn 0.406378 0.913677 -0.007160
vn 0.374510 0.838089 -0.396673
vn 0.475311 0.879732 -0.012327
vn 0.441877 0.807067 -0.391648
vn 0.433818 0.817247 0.379354
vn 0.371189 0.842372 0.390677
vn 0.300582 0.867294 0.396802
vn 0.203065 0.898393 0.389428
vn 0.326601 0.945160 0.002195
vn 0.207481 0.978193 0.009468
vn 0.199771 0.906781 -0.371267
vn 0.299099 0.871651 -0.388284
vn 0.406404 0.913675 -0.005765
vn 0.375221 0.839626 -0.392731
vn 0.475431 0.879636 -0.014326
vn 0.446066 0.805829 -0.389442
vn -0.103807 -0.632540 0.767540
vn -0.068300 -0.855952 0.512524
vn -0.089548 -0.995346 -0.035615
vn -0.146995 -0.988291 -0.040913
vn -0.082112 -0.815891 -0.572346
vn -0.112432 -0.539255 -0.834604
vn -0.118208 -0.478869 0.869891
vn -0.208339 -0.976952 -0.046468
vn -0.122313 -0.349761 -0.928820
vn 0.038967 0.564933 -0.824216
vn 0.111945 0.993635 0.012580
vn 0.993707 -0.112011 -0.000937
vn 0.999563 -0.029524 -0.001162
vn 0.994453 -0.078057 0.070506
vn 0.995116 -0.067040 -0.072461
vn 0.009130 0.467113 -0.884151
vn 0.092470 0.995631 0.012987
vn 0.041076 0.501152 0.864384
vn 0.007807 0.369878 0.929048
vn 0.986630 -0.145355 -0.073713
vn 0.984503 -0.159876 0.072072
vn 0.981797 -0.189929 -0.000833
vn -0.105818 -0.620454 0.777071
vn -0.070740 -0.853583 0.516131
vn -0.089319 -0.995524 -0.030898
vn -0.146719 -0.988577 -0.034472
vn -0.079340 -0.819162 -0.568048
vn -0.110174 -0.552955 -0.825895
vn -0.119634 -0.458943 0.880375
vn -0.207993 -0.977385 -0.038191
vn -0.120805 -0.371647 -0.920481
vn 0.038938 0.550587 -0.833869
vn 0.111906 0.993711 0.004043
vn 0.993703 -0.112047 -0.000923
vn 0.994963 -0.069367 -0.072367
vn 0.999564 -0.029530 -0.000983
vn 0.008585 0.446912 -0.894537
vn 0.092440 0.995709 0.004310
vn 0.040963 0.516041 0.855584
vn 0.008237 0.391128 0.920299
vn 0.986272 -0.147728 -0.073783
vn 0.994619 -0.075817 0.070597
vn 0.984873 -0.157608 0.072009
vn 0.981793 -0.189951 -0.000981
vn 0.164321 0.986407 0.000000
vn 0.164321 0.986407 0.000000
vn 0.991891 -0.127093 0.000000
vn 0.991891 -0.127093 0.000000
vn 0.991891 -0.127093 0.000000
vn 0.991891 -0.127093 0.000000
vn -0.026650 -0.999645 0.000002
vn -0.026650 -0.999645 0.000002
vn -0.026650 -0.999645 0.000002
vn -0.026650 -0.999645 0.000002
vn 0.164291 0.986411 0.001146
vn 0.164310 0.986408 0.000969
vn 0.991804 -0.127552 0.007502
vn 0.991804 -0.127552 0.007502
vn 0.991810 -0.127560 0.006403
vn 0.991810 -0.127560 0.006403
vn 0.619356 0.721200 0.310271
vn 0.547755 0.754737 0.361023
vn 0.491098 0.789444 0.368241
vn 0.530099 0.847748 -0.017869
vn 0.492821 0.781195 -0.383226
vn 0.587291 0.809119 -0.020412
vn 0.550977 0.747838 -0.370354
vn 0.649686 0.755403 -0.085286
vn 0.615285 0.700440 -0.361673
vn 0.630369 0.771132 0.089385
vn 0.556345 0.746948 0.364074
vn 0.490368 0.791744 0.364254
vn 0.530140 0.847585 -0.023488
vn 0.492896 0.781029 -0.383469
vn 0.576809 0.814799 0.058253
vn 0.547869 0.777188 -0.309546
vn 0.583439 0.776381 -0.238393
vn 0.708190 0.670211 0.222000
vn 0.720042 0.692735 0.040710
vn 0.642469 0.675357 -0.362114
vn 0.754306 0.630643 0.182517
vn 0.437316 0.819474 0.370429
vn 0.364851 0.838079 0.405595
vn 0.294492 0.858140 0.420559
vn 0.198082 0.883810 0.423843
vn 0.319738 0.946342 0.046961
vn 0.200546 0.977158 0.070310
vn 0.192106 0.929034 -0.316214
vn 0.293271 0.890237 -0.348526
vn 0.399379 0.916414 0.026115
vn 0.372263 0.853836 -0.363846
vn 0.474331 0.880196 -0.016270
vn 0.436178 0.816820 -0.377563
vn 0.436833 0.848968 0.297372
vn 0.359987 0.847460 0.390155
vn 0.278734 0.859733 0.427980
vn 0.181224 0.880153 0.438735
vn 0.300692 0.953290 0.028696
vn 0.180678 0.982183 0.051683
vn 0.172398 0.930071 -0.324417
vn 0.276908 0.893530 -0.353450
vn 0.387194 0.921910 -0.012750
vn 0.348413 0.859982 -0.372879
vn 0.469110 0.882476 -0.034230
vn 0.439839 0.811699 -0.384300
vn 0.351843 0.876220 0.329312
vn 0.268550 0.866342 0.421110
vn 0.162150 0.878406 0.449566
vn 0.284762 0.958294 0.024136
vn 0.157157 0.984536 0.077396
vn 0.150450 0.946250 -0.286315
vn 0.249653 0.909505 -0.332376
vn 0.379031 0.925382 -0.001657
vn 0.349690 0.866976 -0.355063
vn 0.425105 0.905125 0.005906
vn 0.414603 0.836972 -0.357187
vn -0.078933 -0.702850 0.706946
vn -0.028117 -0.911392 0.410577
vn -0.039177 -0.989682 -0.137818
vn -0.096613 -0.985001 -0.142966
vn -0.038211 -0.764151 -0.643904
vn -0.080600 -0.485467 -0.870532
vn -0.102843 -0.545059 0.832066
vn -0.157912 -0.976305 -0.147959
vn -0.099531 -0.304529 -0.947289
vn 0.009562 0.627836 -0.778287
vn 0.060296 0.992824 0.103271
vn 0.997905 -0.064015 -0.009335
vn 0.999841 0.017742 0.002038
vn 0.997218 -0.035810 0.065377
vn 0.997220 -0.014359 -0.073112
vn -0.017086 0.524682 -0.851127
vn 0.040415 0.992898 0.111896
vn 0.013979 0.445928 0.894960
vn -0.012077 0.315446 0.948867
vn 0.992080 -0.092091 -0.085423
vn 0.991588 -0.116944 0.055469
vn 0.989754 -0.141352 -0.020163
vn -0.091444 -0.678204 0.729162
vn -0.047284 -0.891457 0.450632
vn -0.062812 -0.992836 -0.101642
vn -0.120310 -0.986984 -0.106712
vn -0.058521 -0.780951 -0.621845
vn -0.094385 -0.501851 -0.859789
vn -0.111035 -0.523780 0.844586
vn -0.181770 -0.976968 -0.111771
vn -0.108801 -0.317868 -0.941872
vn 0.024145 0.602833 -0.797502
vn 0.084488 0.994061 0.068597
vn 0.996210 -0.085998 -0.013027
vn 0.999974 -0.004210 -0.005932
vn 0.996631 -0.055370 0.060511
vn 0.996080 -0.038519 -0.079631
vn -0.004049 0.501708 -0.865028
vn 0.064953 0.995142 0.073984
vn 0.025743 0.462478 0.886257
vn -0.003597 0.329313 0.944214
vn 0.989366 -0.115980 -0.087769
vn 0.989081 -0.136826 0.054755
vn 0.986366 -0.163370 -0.019821
vn 0.128217 0.988166 0.084198
vn 0.128217 0.988166 0.084198
vn 0.995629 -0.092507 -0.012854
vn 0.995629 -0.092507 -0.012854
vn 0.995629 -0.092507 -0.012854
vn 0.995629 -0.092507 -0.012854
vn 0.009224 -0.996243 -0.086105
vn 0.009224 -0.996243 -0.086105
vn 0.009224 -0.996243 -0.086105
vn 0.009224 -0.996243 -0.086105
vn -0.090194 -0.815849 0.571187
vn -0.047929 -0.972869 0.226340
vn -0.083094 -0.992596 -0.088594
vn -0.140437 -0.985702 -0.093112
vn -0.074353 -0.788046 -0.611110
vn -0.105284 -0.508191 -0.854785
vn -0.120844 -0.516302 0.847838
vn -0.201647 -0.974581 -0.097627
vn -0.116238 -0.322044 -0.939562
vn 0.038565 0.613175 -0.789006
vn 0.104762 0.990638 0.087533
vn 0.994446 -0.104251 -0.014471
vn 0.995168 -0.055551 -0.080959
vn 0.999722 -0.022434 -0.007256
vn 0.007627 0.510638 -0.859762
vn 0.085293 0.992005 0.093016
vn 0.033103 0.450305 0.892261
vn 0.001745 0.320056 0.947397
vn 0.986820 -0.134915 -0.089352
vn 0.995452 -0.074985 0.058762
vn 0.986594 -0.154235 0.053337
vn 0.983201 -0.181306 -0.021071
vn 0.147439 0.985625 0.082497
vn 0.147439 0.985625 0.082497
vn 0.993774 -0.110452 -0.014601
vn 0.993774 -0.110452 -0.014601
vn 0.993774 -0.110452 -0.014601
vn 0.993774 -0.110452 -0.014601
vn -0.010166 -0.996403 -0.084129
vn -0.010166 -0.996403 -0.084129
vn -0.010166 -0.996403 -0.084129
vn -0.010166 -0.996403 -0.084129
vn 0.164620 0.986087 0.023087
vn 0.164620 0.986087 0.023087
vn 0.992079 -0.125546 -0.004196
vn 0.992079 -0.125546 -0.004196
vn 0.992079 -0.125546 -0.004196
vn 0.992079 -0.125546 -0.004196
vn -0.027145 -0.999355 -0.023533
vn -0.027145 -0.999355 -0.023533
vn 0.507910 0.813762 0.282523
vn 0.537508 0.842266 -0.040910
vn 0.499792 0.777273 -0.382172
vn 0.565424 0.824045 -0.035299
vn 0.537932 0.753416 -0.378144
vn 0.505464 0.862431 -0.026800
vn 0.498243 0.778656 -0.381377
vn 0.245855 0.895121 0.371906
vn 0.140495 0.876008 0.461380
vn 0.261390 0.964723 0.031379
vn 0.129126 0.989170 0.069787
vn 0.111927 0.953348 -0.280358
vn 0.238461 0.915940 -0.322784
vn 0.308015 0.950868 0.031242
vn 0.305016 0.893395 -0.329864
vn 0.186128 0.980117 0.068748
vn 0.103623 0.991783 0.075029
vn 0.099407 0.957591 -0.270439
vn 0.186742 0.940503 -0.283868
vn -0.024558 -0.771183 0.636140
vn 0.006419 -0.974015 0.226394
vn -0.038019 -0.959197 -0.280170
vn -0.045315 -0.969954 -0.239031
vn -0.072394 -0.426950 -0.901373
vn -0.072618 -0.696138 -0.714226
vn -0.039616 -0.588783 0.807320
vn -0.053361 -0.979831 -0.192570
vn -0.068963 -0.258955 -0.963424
vn 0.998701 0.050886 -0.002708
vn 0.991333 0.131044 0.009258
vn 0.994709 0.072770 0.072517
vn 0.992252 0.104962 -0.066479
vn -0.071848 0.557546 -0.827031
vn -0.056370 0.661592 -0.747742
vn -0.045520 0.987493 0.150952
vn -0.065838 0.985212 0.158185
vn -0.033062 0.396713 0.917347
vn -0.044484 0.257717 0.965196
vn 0.996433 0.028700 -0.079359
vn 0.998047 -0.007506 0.062008
vn 0.999571 -0.025656 -0.014123
vn -0.025361 -0.730752 0.682172
vn 0.039470 -0.922900 0.383010
vn 0.030737 -0.983945 -0.175807
vn -0.026760 -0.982498 -0.184342
vn 0.012288 -0.733985 -0.679055
vn -0.048706 -0.448664 -0.892372
vn -0.060268 -0.581623 0.811223
vn -0.088516 -0.977232 -0.192830
vn -0.079556 -0.267003 -0.960406
vn -0.035240 0.643046 -0.765017
vn -0.004407 0.994250 0.106996
vn 0.999907 0.012612 -0.005103
vn 0.995593 0.093532 0.006809
vn 0.996830 0.037402 0.070219
vn 0.995557 0.064248 -0.068841
vn -0.054370 0.543269 -0.837796
vn -0.030080 0.990679 0.132855
vn -0.010454 0.439538 0.898163
vn -0.032946 0.282206 0.958788
vn 0.996609 -0.010899 -0.081555
vn 0.997222 -0.044826 0.059497
vn 0.997810 -0.064026 -0.016623
vn 0.999883 0.014023 -0.006120
vn 0.999883 0.014023 -0.006120
vn 0.999883 0.014023 -0.006120
vn 0.999883 0.014023 -0.006120
vn 0.095237 -0.983186 -0.155803
vn 0.095237 -0.983186 -0.155803
vn 0.095237 -0.983186 -0.155803
vn -0.029349 -0.857621 0.513444
vn 0.023872 -0.990010 0.138965
vn -0.004093 -0.988930 -0.148330
vn -0.061627 -0.986015 -0.154843
vn -0.012253 -0.756090 -0.654352
vn -0.064589 -0.473673 -0.878329
vn -0.081349 -0.560653 0.824046
vn -0.123219 -0.979190 -0.161261
vn -0.089857 -0.290937 -0.952513
vn -0.012892 0.637657 -0.770212
vn 0.025301 0.992880 0.116404
vn 0.999637 -0.025993 -0.007092
vn 0.998446 0.055542 0.004509
vn 0.997704 0.000185 0.067724
vn 0.997171 0.025142 -0.070835
vn -0.035885 0.535781 -0.843594
vn 0.005740 0.992090 0.125399
vn -0.001169 0.430825 0.902435
vn -0.022134 0.297567 0.954444
vn 0.995148 -0.052291 -0.083347
vn 0.995058 -0.080864 0.057630
vn 0.994502 -0.103148 -0.018080
vn 0.070778 0.985970 0.151171
vn 0.115411 0.907992 0.402780
vn 0.070778 0.985970 0.151171
vn 0.999689 -0.023531 -0.008277
vn 0.999689 -0.023531 -0.008277
vn 0.999689 -0.023531 -0.008277
vn 0.999689 -0.023531 -0.008277
vn 0.075926 -0.987706 -0.136644
vn 0.075926 -0.987706 -0.136644
vn 0.075926 -0.987706 -0.136644
vn 0.075926 -0.987706 -0.136644
vn 0.096231 0.986038 0.135903
vn 0.096231 0.986038 0.135903
vn 0.998068 -0.061245 -0.010470
vn 0.998068 -0.061245 -0.010470
vn 0.998068 -0.061245 -0.010470
vn 0.998068 -0.061245 -0.010470
vn 0.040590 -0.989826 -0.136368
vn 0.040590 -0.989826 -0.136368
vn 0.001378 0.987777 0.155870
vn 0.001378 0.987777 0.155870
vn 0.001378 0.987777 0.155870
vn -0.025529 0.821930 -0.569016
vn -0.024582 0.989355 0.143433
vn 0.019497 0.991480 0.128790
vn 0.019497 0.991480 0.128790
vn 0.106869 0.987833 0.112984
vn 0.216390 0.969300 0.116757
vn 0.334338 0.939621 0.073018
vn 0.438754 0.898075 0.030918
vn 0.512788 0.858393 0.014505
vn 0.573971 0.818501 0.024765
vn 0.010294 0.975733 0.218720
vn 0.010294 0.975733 0.218720
vn 0.010294 0.975733 0.218720
vn 0.200060 -0.977220 -0.070831
vn 0.200060 -0.977220 -0.070831
vn 0.200060 -0.977220 -0.070831
vn 0.096316 -0.982583 -0.158915
vn 0.096316 -0.982583 -0.158915
vn 0.096316 -0.982583 -0.158915
vn 0.096316 -0.982583 -0.158915
vn 0.145029 0.860087 0.489098
vn 0.253233 0.854217 0.454078
vn 0.356662 0.833723 0.421544
vn 0.433867 0.815859 0.382275
vn 0.508847 0.780886 0.362342
vn -0.419177 0.782485 0.460443
vn -0.466556 0.814632 0.344531
vn -0.496240 0.832120 0.247632
vn -0.525431 0.837807 0.148331
vn -0.251089 0.967590 0.026890
vn -0.251089 0.967590 0.026890
vn -0.251089 0.967590 0.026890
vn 0.011822 0.975662 -0.218962
vn 0.011822 0.975662 -0.218962
vn 0.011822 0.975662 -0.218962
vn 0.198593 -0.977510 0.070964
vn 0.198593 -0.977510 0.070964
vn 0.198593 -0.977510 0.070964
vn 0.093790 -0.983307 0.155916
vn 0.093790 -0.983307 0.155916
vn 0.093790 -0.983307 0.155916
vn -0.568236 -0.820231 0.065799
vn -0.541404 -0.838294 0.064388
vn -0.535426 -0.842274 0.062393
vn -0.436690 -0.897519 0.061333
vn -0.400165 -0.915567 0.040057
vn -0.388626 -0.921124 -0.022367
vn -0.216926 -0.976102 0.012966
vn -0.010468 0.626866 0.779057
vn -0.071037 -0.840101 -0.537758
vn -0.068099 -0.868642 -0.490737
vn -0.047078 -0.898095 -0.437274
vn -0.027626 -0.909635 -0.414489
vn 0.036169 -0.910391 -0.412165
vn 0.000528 -0.973601 -0.228255
vn -0.808865 0.587984 0.003639
vn -0.625984 0.615759 0.478523
vn -0.699169 0.595951 0.394976
vn -0.715848 0.607707 0.343880
vn -0.736560 0.606253 0.299895
vn -0.747874 0.613638 0.253245
vn -0.750806 0.628218 0.204038
vn -0.733837 0.665929 0.134245
vn -0.338951 0.668976 0.661501
vn -0.373932 0.723324 0.580498
vn -0.385596 0.765729 0.514757
vn -0.716744 0.604303 0.347989
vn -0.729508 0.611919 0.305570
vn -0.738041 0.623771 0.257304
vn -0.740111 0.640207 0.205842
vn -0.723060 0.677534 0.134658
vn -0.182306 0.822256 0.539129
vn -0.225430 0.974259 -0.001097
vn -0.326582 0.945168 -0.001545
vn -0.271611 0.783842 0.558408
vn -0.406018 0.913863 -0.001980
vn -0.357779 0.783422 0.508178
vn -0.476278 0.879291 -0.002424
vn -0.436210 0.796557 0.418591
vn -0.320894 0.927907 0.189776
vn -0.197638 0.963553 0.180290
vn -0.300007 0.869801 -0.391715
vn -0.200564 0.903435 -0.378919
vn -0.202060 0.895079 0.397499
vn -0.299472 0.864068 0.404601
vn -0.417102 0.899611 0.129327
vn -0.375399 0.840171 -0.391394
vn -0.369799 0.839370 0.398380
vn -0.485747 0.873380 0.035465
vn -0.442862 0.809103 -0.386298
vn -0.432235 0.814492 0.387008
vn -0.326576 0.944981 0.018939
vn -0.207498 0.977878 0.026432
vn -0.300167 0.874528 -0.380922
vn -0.200769 0.909487 -0.364040
vn -0.197612 0.881815 0.428196
vn -0.293936 0.856153 0.424976
vn -0.406273 0.913685 0.011024
vn -0.376503 0.842576 -0.385112
vn -0.364066 0.836183 0.410187
vn -0.475204 0.879872 0.002528
vn -0.447479 0.808808 -0.381565
vn -0.436489 0.817818 0.375035
vn 0.110884 -0.517943 -0.848198
vn 0.082804 -0.795594 -0.600145
vn 0.090109 -0.993787 -0.065328
vn 0.147453 -0.986455 -0.071859
vn -0.992006 -0.126124 -0.003999
vn -0.992006 -0.126124 -0.003999
vn -0.992006 -0.126124 -0.003999
vn -0.992006 -0.126124 -0.003999
vn 0.047679 -0.975742 0.213669
vn 0.027209 -0.999376 -0.022534
vn 0.027209 -0.999376 -0.022534
vn 0.090748 -0.824886 0.557967
vn 0.119868 -0.332596 -0.935421
vn 0.208745 -0.974804 -0.078631
vn -0.038950 0.490490 0.870576
vn -0.111938 0.993270 0.029757
vn -0.040947 0.573995 -0.817835
vn -0.993713 -0.111957 -0.001090
vn -0.994362 -0.079007 0.070726
vn -0.999560 -0.029657 -0.000728
vn -0.995198 -0.066036 -0.072255
vn -0.164700 0.986096 0.022111
vn -0.164700 0.986096 0.022111
vn -0.006372 0.361703 0.932271
vn -0.092457 0.995258 0.030230
vn -0.010515 0.474163 -0.880374
vn 0.119831 -0.490460 0.863186
vn 0.104897 -0.646473 0.755692
vn -0.986917 -0.143154 -0.074171
vn -0.984222 -0.161782 0.071650
vn -0.981817 -0.189824 -0.001724
vn 0.111313 -0.570299 -0.813860
vn 0.078752 -0.835049 -0.544510
vn 0.092931 -0.984873 0.146251
vn 0.150440 -0.980117 0.129378
vn -0.991845 -0.127451 0.000000
vn -0.991845 -0.127451 0.000000
vn -0.991845 -0.127451 0.000000
vn -0.991845 -0.127451 0.000000
vn 0.026651 -0.999645 0.000002
vn 0.026651 -0.999645 0.000002
vn 0.026651 -0.999645 0.000002
vn 0.026651 -0.999645 0.000002
vn 0.122651 -0.385941 -0.914334
vn 0.211399 -0.971099 0.110799
vn -0.013939 0.336001 0.941758
vn -0.102797 0.982558 0.154961
vn -0.040263 0.556898 -0.829604
vn -0.993391 -0.112936 0.020478
vn -0.990431 -0.078357 0.113606
vn -0.999366 -0.030662 0.018091
vn -0.164326 0.986406 0.000000
vn -0.164326 0.986406 0.000000
vn 0.007047 0.266275 0.963871
vn -0.084857 0.986113 0.142757
vn -0.009473 0.451790 -0.892074
vn 0.097870 -0.338940 0.935703
vn 0.086276 -0.449645 0.889031
vn -0.995015 -0.068762 -0.072226
vn -0.986004 -0.149709 -0.073374
vn -0.980773 -0.156629 0.116410
vn -0.981509 -0.190393 0.019791
vn 0.026655 -0.999645 0.000147
vn 0.026652 -0.999645 0.000135
vn 0.026652 -0.999645 0.000135
vn 0.026655 -0.999645 0.000147
vn -0.531369 0.847136 -0.002721
vn -0.490644 0.788711 0.370409
vn -0.587335 0.809339 -0.002979
vn -0.547328 0.754157 0.362876
vn -0.655608 0.755094 -0.003458
vn -0.619214 0.720801 0.311480
vn -0.530099 0.847912 -0.006409
vn -0.493944 0.783131 -0.377789
vn -0.488735 0.789217 0.371852
vn -0.587378 0.809263 -0.008930
vn -0.552836 0.749506 -0.364162
vn -0.555598 0.743491 0.372199
vn -0.651458 0.755132 -0.073341
vn -0.618961 0.701403 -0.353442
vn -0.632503 0.768412 0.097379
vn -0.530099 0.847910 -0.006577
vn -0.494819 0.783896 -0.375048
vn -0.507547 0.812551 0.286632
vn -0.578322 0.812569 0.072634
vn -0.551085 0.777836 -0.302120
vn -0.575318 0.817485 0.026958
vn -0.587580 0.775135 -0.232199
vn -0.705617 0.708585 -0.003529
vn -0.694791 0.679314 0.236216
vn -0.720199 0.693760 -0.003289
vn -0.729499 0.650790 0.210483
vn -0.717440 0.694463 0.054789
vn -0.647312 0.675806 -0.352525
vn -0.319755 0.945776 0.057127
vn -0.200620 0.976345 0.080640
vn -0.294008 0.891822 -0.343821
vn -0.192820 0.930521 -0.311369
vn -0.180028 0.874865 0.449667
vn -0.277355 0.854681 0.438856
vn -0.399309 0.916097 0.036315
vn -0.373101 0.855444 -0.359182
vn -0.358398 0.843189 0.400728
vn -0.474341 0.880319 -0.006265
vn -0.437323 0.818453 -0.372671
vn -0.435344 0.849784 0.297224
vn -0.300631 0.952254 0.053237
vn -0.180761 0.980545 0.076533
vn -0.278432 0.897524 -0.341944
vn -0.173838 0.933842 -0.312600
vn -0.161337 0.874399 0.457600
vn -0.267826 0.862650 0.429074
vn -0.387223 0.921918 0.011228
vn -0.350470 0.864133 -0.361172
vn -0.351259 0.873905 0.336017
vn -0.462986 0.886263 -0.013517
vn -0.442120 0.820123 -0.363219
vn -0.440399 0.897201 0.032854
vn -0.284972 0.957548 0.043515
vn -0.157322 0.982743 0.097290
vn -0.251145 0.912772 -0.322139
vn -0.151728 0.949177 -0.275757
vn -0.140202 0.872746 0.467608
vn -0.245590 0.892995 0.377155
vn -0.380138 0.924752 0.018109
vn -0.353435 0.870071 -0.343598
vn -0.335896 0.938896 0.075159
vn -0.420140 0.839518 -0.344518
vn 0.080599 -0.478698 -0.874272
vn 0.038946 -0.757196 -0.652026
vn 0.039535 -0.988143 -0.148360
vn 0.096508 -0.983389 -0.153730
vn -0.998029 -0.061879 -0.010446
vn -0.998029 -0.061879 -0.010446
vn -0.998029 -0.061879 -0.010446
vn -0.998029 -0.061879 -0.010446
vn -0.024001 -0.991288 0.129505
vn -0.040321 -0.989772 -0.136844
vn -0.040321 -0.989772 -0.136844
vn 0.029399 -0.863533 0.503434
vn 0.099149 -0.299181 -0.949031
vn 0.157329 -0.974673 -0.158932
vn -0.012567 0.435100 0.900295
vn -0.060677 0.990538 0.123097
vn -0.011656 0.639635 -0.768590
vn -0.997895 -0.064187 -0.009286
vn -0.997162 -0.037259 0.065413
vn -0.999848 0.017288 0.002422
vn -0.096490 0.985945 0.136388
vn -0.096490 0.985945 0.136388
vn 0.012796 0.307486 0.951467
vn -0.040905 0.990450 0.131668
vn 0.015692 0.534077 -0.845290
vn 0.102483 -0.549365 0.829274
vn 0.078651 -0.708128 0.701690
vn -0.997261 -0.013361 -0.072748
vn -0.992147 -0.091290 -0.085496
vn -0.991495 -0.117808 0.055310
vn -0.989739 -0.141417 -0.020423
vn 0.094042 -0.490920 -0.866114
vn 0.059269 -0.770042 -0.635235
vn 0.063183 -0.991049 -0.117598
vn 0.120597 -0.985008 -0.123351
vn -0.995651 -0.092276 -0.012829
vn -0.995651 -0.092276 -0.012829
vn -0.995651 -0.092276 -0.012829
vn -0.995651 -0.092276 -0.012829
vn -0.009040 -0.996296 -0.085511
vn -0.009040 -0.996296 -0.085511
vn -0.009040 -0.996296 -0.085511
vn -0.009040 -0.996296 -0.085511
vn 0.107954 -0.309117 -0.944877
vn 0.181975 -0.974794 -0.129082
vn -0.023265 0.447313 0.894075
vn -0.084668 0.991988 0.093759
vn -0.026799 0.616818 -0.786650
vn -0.996184 -0.086297 -0.013032
vn -0.996508 -0.057539 0.060508
vn -0.999976 -0.004394 -0.005428
vn -0.996161 -0.037235 -0.079228
vn -0.128206 0.988192 0.083903
vn -0.128206 0.988192 0.083903
vn 0.005210 0.317713 0.948173
vn -0.065163 0.992926 0.099253
vn 0.002295 0.512804 -0.858503
vn 0.111923 -0.530565 0.840222
vn 0.091985 -0.686155 0.721616
vn -0.989475 -0.114878 -0.087987
vn -0.988845 -0.138632 0.054459
vn -0.986356 -0.163379 -0.020245
vn 0.104235 -0.489222 -0.865908
vn 0.075203 -0.769258 -0.634498
vn 0.083547 -0.989626 -0.116878
vn 0.140745 -0.982427 -0.122592
vn -0.993744 -0.110722 -0.014590
vn -0.993744 -0.110722 -0.014590
vn -0.993744 -0.110722 -0.014590
vn -0.993744 -0.110722 -0.014590
vn 0.010320 -0.996406 -0.084070
vn 0.010320 -0.996406 -0.084070
vn 0.010320 -0.996406 -0.084070
vn 0.010320 -0.996406 -0.084070
vn 0.114389 -0.306827 -0.944866
vn 0.201810 -0.970987 -0.128284
vn -0.031906 0.443820 0.895548
vn -0.104866 0.989645 0.098008
vn -0.039833 0.618794 -0.784543
vn -0.994457 -0.104115 -0.014709
vn -0.995413 -0.075295 0.059019
vn -0.999725 -0.022376 -0.006987
vn -0.995203 -0.054898 -0.080980
vn -0.147578 0.985609 0.082434
vn -0.147578 0.985609 0.082434
vn -0.000912 0.315099 0.949058
vn -0.085409 0.990952 0.103534
vn -0.008511 0.515108 -0.857083
vn 0.122640 -0.528598 0.839966
vn -0.987070 -0.132780 -0.089796
vn -0.986341 -0.156021 0.052815
vn -0.983192 -0.181241 -0.022024
vn -0.538739 0.841927 -0.030312
vn -0.503122 0.778311 -0.375632
vn -0.514344 0.857426 0.016452
vn -0.543045 0.753705 -0.370177
vn -0.500156 0.791359 -0.351562
vn -0.262611 0.963789 0.046330
vn -0.129483 0.987981 0.084421
vn -0.241449 0.918285 -0.313776
vn -0.112989 0.955524 -0.272412
vn -0.115435 0.907793 0.403220
vn -0.217679 0.968803 0.118480
vn -0.309767 0.895456 -0.319691
vn -0.108090 0.987520 0.114550
vn -0.101462 0.957738 -0.269153
vn -0.190402 0.940435 -0.281655
vn 0.045400 -0.973020 -0.226211
vn 0.070842 -0.438171 -0.896096
vn 0.068602 -0.707102 -0.703776
vn 0.038300 -0.961429 -0.272374
vn -0.996565 0.082792 0.001930
vn -0.996565 0.082792 0.001930
vn -0.996565 0.082792 0.001930
vn -0.996565 0.082792 0.001930
vn 0.006502 -0.987370 -0.158300
vn 0.006502 -0.987370 -0.158300
vn 0.006502 -0.987370 -0.158300
vn 0.068771 -0.268611 -0.960791
vn 0.053227 -0.983326 -0.173886
vn -0.998704 0.050843 -0.002498
vn -0.994683 0.072992 0.072654
vn -0.991253 0.131636 0.009430
vn -0.992253 0.104966 -0.066460
vn 0.044304 0.258294 0.965050
vn 0.033651 0.397728 0.916886
vn 0.044818 0.987724 0.149644
vn 0.065544 0.985471 0.156688
vn 0.055030 0.661276 -0.748121
vn 0.071729 0.557042 -0.827381
vn 0.039852 -0.581693 0.812432
vn 0.026609 -0.766709 0.641443
vn -0.996467 0.027095 -0.079500
vn -0.998017 -0.006625 0.062598
vn -0.999568 -0.026012 -0.013650
vn 0.047575 -0.471309 -0.880684
vn -0.015547 -0.757218 -0.652977
vn -0.031297 -0.989193 -0.143238
vn 0.026371 -0.988273 -0.150405
vn -0.999879 0.014290 -0.006107
vn -0.999879 0.014290 -0.006107
vn -0.999879 0.014290 -0.006107
vn -0.999879 0.014290 -0.006107
vn -0.096034 -0.982528 -0.159423
vn -0.096034 -0.982528 -0.159423
vn -0.096034 -0.982528 -0.159423
vn -0.096034 -0.982528 -0.159423
vn 0.079796 -0.284969 -0.955210
vn 0.088310 -0.983555 -0.157548
vn 0.010289 0.439549 0.898160
vn -0.104818 0.991617 0.075552
vn 0.004138 0.994253 0.106972
vn 0.035142 0.643094 -0.764981
vn -0.999909 0.012585 -0.004768
vn -0.996814 0.037376 0.070458
vn -0.995565 0.093831 0.006778
vn -0.995498 0.064914 -0.069058
vn -0.020025 0.991356 0.129662
vn -0.020025 0.991356 0.129662
vn 0.032824 0.282223 0.958787
vn 0.029816 0.990693 0.132811
vn 0.054320 0.543356 -0.837743
vn 0.060200 -0.567630 0.821080
vn 0.026301 -0.714814 0.698820
vn -0.996581 -0.013149 -0.081574
vn -0.997241 -0.042955 0.060534
vn -0.997779 -0.064750 -0.015639
vn 0.065035 -0.460473 -0.885288
vn 0.013971 -0.742501 -0.669700
vn 0.004737 -0.985838 -0.167632
vn 0.062160 -0.982617 -0.174927
vn -0.999682 -0.023798 -0.008299
vn -0.999682 -0.023798 -0.008299
vn -0.999682 -0.023798 -0.008299
vn -0.999682 -0.023798 -0.008299
vn -0.075653 -0.987660 -0.137127
vn -0.075653 -0.987660 -0.137127
vn -0.075653 -0.987660 -0.137127
vn -0.075653 -0.987660 -0.137127
vn 0.089568 -0.280434 -0.955685
vn 0.123622 -0.975476 -0.182110
vn 0.001996 0.421927 0.906628
vn -0.025713 0.990989 0.131455
vn 0.011703 0.646264 -0.763024
vn -0.999634 -0.026082 -0.007162
vn -0.997685 -0.001016 0.067993
vn -0.998458 0.055295 0.004911
vn -0.997167 0.025528 -0.070761
vn -0.071044 0.985877 0.151655
vn -0.071044 0.985877 0.151655
vn 0.022614 0.290817 0.956512
vn -0.006186 0.990061 0.140503
vn 0.035187 0.542685 -0.839199
vn 0.082021 -0.569059 0.818196
vn -0.995184 -0.050931 -0.083756
vn -0.994956 -0.082243 0.057437
vn -0.994548 -0.102602 -0.018640
vn -0.002384 0.987560 0.157228
vn -0.002384 0.987560 0.157228
vn -0.002384 0.987560 0.157228
vn 0.023479 0.989542 0.142324
vn 0.021990 0.821900 -0.569207
vn 0.012421 0.628389 0.777801
vn -0.188137 0.979660 0.069797
vn -0.144506 0.859981 0.489439
vn -0.310036 0.949566 0.046919
vn -0.252116 0.851129 0.460454
vn -0.426923 0.903903 0.026400
vn -0.354996 0.830122 0.429973
vn -0.492691 0.870160 -0.008828
vn -0.431411 0.822111 0.371507
vn -0.567630 0.822936 -0.023942
vn -0.508007 0.779084 0.367366
vn -0.006068 0.073078 -0.997308
vn -0.006068 0.073078 -0.997308
vn -0.006068 0.073078 -0.997308
vn -0.006068 0.073078 -0.997308
vn -0.186572 -0.982196 0.021964
vn -0.186572 -0.982196 0.021964
vn -0.186572 -0.982196 0.021964
vn 0.402389 0.819096 -0.408858
vn -0.000005 0.893457 -0.449148
vn 0.000000 0.924483 -0.381224
vn 0.409432 0.843397 -0.347918
vn 0.000004 0.952237 -0.305361
vn 0.412453 0.866991 -0.279658
vn 0.000003 0.977697 -0.210020
vn 0.402433 0.895960 -0.187891
vn -0.002572 0.952265 -0.305263
vn 0.001001 0.981193 -0.193027
vn -0.401536 0.897135 -0.184169
vn -0.414808 0.866945 -0.276297
vn -0.006921 0.924441 -0.381263
vn -0.415759 0.840826 -0.346635
vn -0.010572 0.894083 -0.447776
vn -0.412062 0.813402 -0.410588
vn 0.410221 0.816362 -0.406537
vn 0.417949 0.839799 -0.346492
vn 0.421772 0.862707 -0.279006
vn 0.412612 0.891405 -0.187480
vn 0.017646 0.952084 -0.305327
vn 0.022827 0.980915 -0.193095
vn -0.391757 0.901354 -0.184630
vn -0.405733 0.871010 -0.276987
vn 0.011701 0.924396 -0.381255
vn -0.407328 0.844363 -0.348044
vn 0.006595 0.894159 -0.447700
vn -0.401027 0.816433 -0.415469
vn 0.782940 -0.615080 0.093180
vn 0.534320 -0.842980 0.062344
vn -0.044328 -0.995551 0.083149
vn -0.049092 -0.989449 0.136314
vn -0.607082 -0.791173 0.074142
vn -0.848371 -0.520100 0.098810
vn 0.881256 -0.460700 0.105564
vn -0.054109 -0.979578 0.193648
vn -0.933930 -0.341103 0.106877
vn -0.837214 0.545663 -0.036398
vn 0.024765 0.994268 -0.104010
vn -0.001066 -0.120650 -0.992695
vn -0.083581 -0.072241 -0.993879
vn -0.000866 -0.031874 -0.999492
vn -0.894697 0.446571 -0.009601
vn 0.024889 0.995988 -0.085962
vn 0.878702 0.475997 -0.036181
vn 0.935022 0.354510 -0.007531
vn -0.085401 -0.156622 -0.983959
vn 0.081762 -0.084200 -0.993089
vn 0.083087 -0.171718 -0.981636
vn -0.001358 -0.204178 -0.978933
vn 0.791329 -0.604099 0.094141
vn 0.542012 -0.837939 0.063884
vn -0.033995 -0.995978 0.082895
vn -0.037413 -0.989989 0.136095
vn -0.597861 -0.798332 0.072302
vn -0.840142 -0.533438 0.098003
vn 0.888790 -0.445874 0.106063
vn -0.041005 -0.980254 0.193444
vn -0.927594 -0.358002 0.106791
vn -0.848881 0.527457 -0.034495
vn 0.002201 0.994586 -0.103896
vn -0.001107 -0.120693 -0.992689
vn -0.001203 -0.031905 -0.999490
vn 0.081612 -0.081635 -0.993315
vn -0.083714 -0.074880 -0.993673
vn -0.904102 0.427245 -0.007813
vn 0.002249 0.996313 -0.085768
vn 0.867692 0.495658 -0.037873
vn 0.926893 0.375219 -0.008938
vn -0.085281 -0.158764 -0.983627
vn 0.083179 -0.169676 -0.981983
vn -0.001192 -0.204233 -0.978922
vn 0.000000 0.988265 -0.152752
vn 0.000000 0.988265 -0.152752
vn 0.000001 -0.137370 -0.990520
vn 0.000001 -0.137370 -0.990520
vn 0.000001 -0.137370 -0.990520
vn 0.000001 -0.137370 -0.990520
vn 0.000002 -0.999694 0.024729
vn 0.000002 -0.999694 0.024729
vn 0.000002 -0.999694 0.024729
vn 0.000002 -0.999694 0.024729
vn 0.000002 0.988265 -0.152751
vn 0.000002 0.988265 -0.152751
vn -0.000879 -0.130820 -0.991406
vn -0.000879 -0.130820 -0.991406
vn -0.000879 -0.130820 -0.991406
vn -0.000879 -0.130820 -0.991406
vn 0.000023 -0.999695 0.024717
vn 0.000023 -0.999695 0.024717
vn 0.000023 -0.999695 0.024717
vn 0.000023 -0.999695 0.024717
vn 0.331403 0.738478 -0.587216
vn 0.384131 0.767576 -0.513098
vn -0.000203 0.864196 -0.503156
vn 0.391481 0.797827 -0.458492
vn -0.013504 0.864813 -0.501913
vn -0.403979 0.788451 -0.463839
vn -0.017160 0.829064 -0.558890
vn -0.391314 0.757527 -0.522520
vn -0.088051 0.778608 -0.621302
vn -0.383379 0.715680 -0.583800
vn 0.102931 0.791960 -0.601834
vn 0.401130 0.756106 -0.517106
vn 0.398876 0.796072 -0.455156
vn 0.002515 0.864978 -0.501803
vn -0.392224 0.792770 -0.466557
vn 0.085106 0.832621 -0.547265
vn -0.320206 0.789974 -0.522886
vn -0.252123 0.792522 -0.555286
vn 0.234192 0.699708 -0.674954
vn 0.056482 0.722611 -0.688944
vn -0.384049 0.692535 -0.610657
vn 0.186635 0.668654 -0.719771
vn 0.401018 0.817402 -0.413567
vn 0.424784 0.836841 -0.345335
vn 0.429457 0.859051 -0.278564
vn 0.421287 0.887388 -0.187243
vn 0.033995 0.951641 -0.305325
vn 0.040965 0.980315 -0.193143
vn -0.377675 0.907143 -0.185617
vn -0.393482 0.876429 -0.277570
vn 0.026352 0.924132 -0.381164
vn -0.394351 0.848942 -0.351832
vn -0.000913 0.891570 -0.452883
vn -0.393649 0.821344 -0.412836
vn 0.327900 0.844357 -0.423726
vn 0.419162 0.837252 -0.351160
vn 0.446620 0.851375 -0.275122
vn 0.446855 0.875266 -0.185017
vn 0.067551 0.951341 -0.300644
vn 0.090624 0.977903 -0.188398
vn -0.301955 0.936202 -0.179857
vn -0.337026 0.900059 -0.276239
vn 0.026141 0.923646 -0.382355
vn -0.361725 0.867250 -0.342101
vn -0.000010 0.891277 -0.453459
vn -0.371733 0.824955 -0.425751
vn 0.371426 0.862908 -0.342684
vn 0.469288 0.843133 -0.262480
vn 0.500406 0.850170 -0.163724
vn 0.058174 0.957713 -0.281783
vn 0.112268 0.980343 -0.162243
vn -0.273439 0.949228 -0.155556
vn -0.322987 0.913638 -0.246872
vn 0.031449 0.928150 -0.370875
vn -0.350253 0.872779 -0.339969
vn 0.038127 0.909211 -0.414587
vn -0.355404 0.844445 -0.400752
vn 0.707135 -0.702332 0.081791
vn 0.410441 -0.911028 0.039571
vn -0.169097 -0.984152 0.053396
vn -0.173334 -0.979115 0.106253
vn -0.690904 -0.721284 0.048991
vn -0.892075 -0.444793 0.079754
vn 0.832401 -0.544947 0.100704
vn -0.177360 -0.970549 0.163030
vn -0.957788 -0.272155 0.092594
vn -0.776318 0.630016 -0.020247
vn 0.139404 0.987558 -0.072775
vn -0.014823 -0.082666 -0.996467
vn 0.000500 0.004792 -0.999988
vn 0.072247 -0.054810 -0.995880
vn -0.087278 -0.027174 -0.995813
vn -0.849185 0.528066 0.005628
vn 0.148704 0.987369 -0.054674
vn 0.916054 0.400581 -0.019500
vn 0.960040 0.279825 0.004574
vn -0.103472 -0.110537 -0.988471
vn 0.058701 -0.141052 -0.988260
vn -0.029256 -0.165168 -0.985832
vn 0.724351 -0.682563 0.097073
vn 0.438104 -0.896830 0.061320
vn -0.149994 -0.985466 0.079735
vn -0.154303 -0.979100 0.132488
vn -0.684985 -0.725194 0.069920
vn -0.888095 -0.450352 0.092038
vn 0.843424 -0.525534 0.111580
vn -0.158484 -0.969044 0.189304
vn -0.955178 -0.278784 0.099571
vn -0.796242 0.603851 -0.036909
vn 0.108332 0.989156 -0.099171
vn -0.020211 -0.113134 -0.993374
vn -0.009402 -0.025494 -0.999631
vn 0.065856 -0.082815 -0.994387
vn -0.095688 -0.060118 -0.993594
vn -0.864507 0.502539 -0.009085
vn 0.114186 0.990141 -0.081134
vn 0.908843 0.416035 -0.030332
vn 0.955461 0.295101 -0.003119
vn -0.107573 -0.142060 -0.983995
vn 0.056623 -0.170249 -0.983773
vn -0.030562 -0.195258 -0.980276
vn 0.134783 0.981303 -0.137395
vn 0.134783 0.981303 -0.137395
vn -0.019559 -0.116628 -0.992983
vn -0.019559 -0.116628 -0.992983
vn -0.019559 -0.116628 -0.992983
vn -0.019559 -0.116628 -0.992983
vn -0.137126 -0.990497 0.010574
vn -0.137126 -0.990497 0.010574
vn -0.137126 -0.990497 0.010574
vn -0.137126 -0.990497 0.010574
vn 0.619506 -0.780897 0.080078
vn 0.279273 -0.959175 0.044602
vn -0.041898 -0.995649 0.083231
vn -0.047471 -0.989507 0.136460
vn -0.604945 -0.792655 0.075756
vn -0.850984 -0.515482 0.100523
vn 0.876534 -0.469880 0.104408
vn -0.053373 -0.979575 0.193865
vn -0.937347 -0.331125 0.108339
vn -0.826788 0.561266 -0.037433
vn 0.043622 0.993618 -0.104025
vn -0.000882 -0.120643 -0.992696
vn -0.000603 -0.031871 -0.999492
vn 0.081881 -0.086498 -0.992881
vn -0.083449 -0.069889 -0.994058
vn -0.885819 0.463915 -0.010388
vn 0.043813 0.995336 -0.085942
vn 0.888255 0.458017 -0.034968
vn 0.942143 0.335146 -0.006583
vn -0.085248 -0.155517 -0.984148
vn 0.083215 -0.172799 -0.981436
vn -0.001060 -0.204203 -0.978928
vn 0.013580 0.987910 -0.154432
vn 0.013580 0.987910 -0.154432
vn -0.002085 -0.136556 -0.990630
vn -0.002085 -0.136556 -0.990630
vn -0.002085 -0.136556 -0.990630
vn -0.002085 -0.136556 -0.990630
vn -0.013842 -0.999552 0.026550
vn -0.013842 -0.999552 0.026550
vn -0.013842 -0.999552 0.026550
vn -0.013842 -0.999552 0.026550
vn 0.000000 0.988265 -0.152751
vn 0.000000 0.988265 -0.152751
vn 0.000002 -0.137371 -0.990520
vn 0.000002 -0.137371 -0.990520
vn 0.000002 -0.137371 -0.990520
vn 0.000002 -0.137371 -0.990520
vn 0.000042 -0.999694 0.024751
vn 0.000042 -0.999694 0.024751
vn 0.321403 0.820153 -0.473337
vn -0.011534 0.858963 -0.511908
vn -0.387146 0.788154 -0.478467
vn -0.000446 0.843447 -0.537213
vn -0.379025 0.765904 -0.519355
vn 0.003168 0.876751 -0.480934
vn -0.365085 0.798263 -0.479050
vn 0.410337 0.879118 -0.242434
vn 0.501895 0.852858 -0.143997
vn 0.060433 0.963787 -0.259736
vn 0.099903 0.985603 -0.136405
vn -0.269806 0.955495 -0.119308
vn -0.316243 0.918846 -0.236034
vn 0.059904 0.950984 -0.303382
vn -0.325456 0.897435 -0.297808
vn 0.083912 0.978287 -0.189509
vn 0.090812 0.989470 -0.112702
vn -0.267791 0.957511 -0.107055
vn -0.282771 0.940643 -0.187700
vn 0.645097 -0.763398 0.032760
vn 0.227243 -0.973769 0.011594
vn -0.298388 -0.953069 0.051233
vn -0.249160 -0.966713 0.058176
vn -0.912577 -0.402417 0.072547
vn -0.740981 -0.667141 0.076615
vn 0.816163 -0.576335 0.041417
vn -0.192513 -0.979082 0.065865
vn -0.968326 -0.240457 0.067273
vn -0.006308 0.038532 -0.999238
vn 0.009011 0.124960 -0.992121
vn 0.081292 0.061096 -0.994816
vn -0.079413 0.097833 -0.992029
vn -0.831470 0.552575 0.057599
vn -0.755959 0.653259 0.042177
vn 0.166607 0.985691 0.025603
vn 0.174331 0.983684 0.044436
vn 0.931374 0.363556 0.019203
vn 0.972212 0.232042 0.030971
vn -0.095885 0.014486 -0.995287
vn 0.068035 -0.024189 -0.997390
vn -0.020719 -0.043946 -0.998819
vn 0.688781 -0.724265 0.031953
vn 0.393777 -0.918924 -0.022762
vn -0.194935 -0.980748 -0.011547
vn -0.201864 -0.978537 0.041440
vn -0.715316 -0.698791 0.003715
vn -0.908055 -0.415567 0.052353
vn 0.815382 -0.575731 0.060716
vn -0.208714 -0.972986 0.098674
vn -0.967629 -0.240593 0.076220
vn -0.772695 0.634363 0.022942
vn 0.123676 0.992245 -0.012403
vn -0.009512 -0.001619 -0.999953
vn 0.005752 0.085441 -0.996327
vn 0.078257 0.023683 -0.996652
vn -0.082444 0.055506 -0.995049
vn -0.841830 0.538146 0.041482
vn 0.149798 0.988651 0.011380
vn 0.914113 0.405458 -0.000680
vn 0.966488 0.255830 0.021247
vn -0.098496 -0.025515 -0.994810
vn 0.064346 -0.064608 -0.995834
vn -0.024219 -0.084172 -0.996157
vn -0.010873 -0.000363 -0.999941
vn -0.010873 -0.000363 -0.999941
vn -0.010873 -0.000363 -0.999941
vn -0.010873 -0.000363 -0.999941
vn -0.187200 -0.979576 -0.073392
vn -0.187200 -0.979576 -0.073392
vn -0.187200 -0.979576 -0.073392
vn -0.187200 -0.979576 -0.073392
vn 0.511108 -0.858633 0.038958
vn 0.127552 -0.991811 -0.006387
vn -0.174299 -0.984471 0.020877
vn -0.179594 -0.980960 0.073908
vn -0.697140 -0.716461 0.026050
vn -0.897476 -0.436025 0.066478
vn 0.826151 -0.557715 0.080171
vn -0.184745 -0.974013 0.131030
vn -0.961579 -0.260975 0.085193
vn -0.770737 0.637152 0.001387
vn 0.147521 0.988246 -0.040095
vn -0.012040 -0.042445 -0.999026
vn 0.003338 0.044968 -0.998983
vn 0.075287 -0.016212 -0.997030
vn -0.084710 0.014447 -0.996301
vn -0.843232 0.537019 0.023889
vn 0.157047 0.987347 -0.021978
vn 0.921539 0.388221 -0.007157
vn 0.964329 0.264401 0.012705
vn -0.101029 -0.069009 -0.992487
vn 0.061735 -0.102597 -0.992806
vn -0.026546 -0.125202 -0.991776
vn 0.180012 0.980218 -0.082269
vn 0.437643 0.890800 -0.122247
vn 0.180012 0.980218 -0.082269
vn -0.013676 -0.040363 -0.999092
vn -0.013676 -0.040363 -0.999092
vn -0.013676 -0.040363 -0.999092
vn -0.013676 -0.040363 -0.999092
vn -0.165048 -0.984835 -0.053470
vn -0.165048 -0.984835 -0.053470
vn -0.165048 -0.984835 -0.053470
vn -0.165048 -0.984835 -0.053470
vn 0.163590 0.980841 -0.105778
vn 0.163590 0.980841 -0.105778
vn -0.016428 -0.080104 -0.996651
vn -0.016428 -0.080104 -0.996651
vn -0.016428 -0.080104 -0.996651
vn -0.016428 -0.080104 -0.996651
vn -0.164521 -0.986156 -0.020724
vn -0.164521 -0.986156 -0.020724
vn 0.185442 0.982488 -0.018130
vn 0.185442 0.982488 -0.018130
vn 0.185442 0.982488 -0.018130
vn -0.585377 0.810671 0.012069
vn 0.158564 0.987329 0.006158
vn 0.139100 0.983472 -0.115910
vn 0.156345 0.987087 -0.034857
vn 0.156345 0.987087 -0.034857
vn 0.142569 0.965529 -0.217782
vn 0.094818 0.939637 -0.328774
vn 0.050557 0.901364 -0.430101
vn 0.419107 0.805615 -0.418728
vn 0.037942 0.867914 -0.495263
vn 0.038086 0.838242 -0.543967
vn 0.002849 0.692640 -0.721278
vn 0.403654 0.895439 0.187758
vn 0.000003 0.977697 0.210021
vn 0.000004 0.952236 0.305363
vn 0.413633 0.866481 0.279497
vn 0.000003 0.924483 0.381223
vn 0.410605 0.842909 0.347718
vn 0.000001 0.893458 0.449148
vn 0.403579 0.818629 0.408621
vn 0.000070 0.952271 0.305255
vn 0.003708 0.981183 0.193044
vn -0.413585 0.867477 0.276462
vn -0.400282 0.897664 0.184321
vn 0.404606 0.894872 0.188408
vn 0.414004 0.866121 0.280062
vn -0.004323 0.924458 0.381259
vn -0.414566 0.841332 0.346836
vn 0.410232 0.843043 0.347835
vn -0.007968 0.894116 0.447765
vn -0.410871 0.813891 0.410812
vn 0.402534 0.819394 0.408118
vn 0.000750 0.952265 0.305272
vn 0.005695 0.981173 0.193046
vn -0.413342 0.867774 0.275891
vn -0.399424 0.898180 0.183666
vn 0.416312 0.889609 0.187829
vn 0.424695 0.861199 0.279232
vn -0.005226 0.924447 0.381276
vn -0.415027 0.841154 0.346717
vn 0.420043 0.838887 0.346169
vn -0.010282 0.894073 0.447804
vn -0.408767 0.813337 0.413996
vn 0.396432 0.819184 0.414463
vn -0.847773 -0.521028 -0.099049
vn -0.605713 -0.792224 -0.074114
vn -0.042760 -0.995620 -0.083137
vn -0.047444 -0.989526 -0.136336
vn 0.000021 -0.137407 0.990515
vn 0.000021 -0.137407 0.990515
vn 0.000021 -0.137407 0.990515
vn 0.000021 -0.137407 0.990515
vn 0.279436 -0.959127 -0.044619
vn 0.000042 -0.999694 -0.024751
vn 0.000042 -0.999694 -0.024751
vn 0.619714 -0.780741 -0.079987
vn -0.933673 -0.341696 -0.107235
vn -0.052379 -0.979662 -0.193700
vn 0.872612 0.486926 0.038101
vn 0.007337 0.994554 0.103968
vn -0.843385 0.536202 0.034474
vn -0.001200 -0.120561 0.992705
vn 0.081501 -0.082990 0.993212
vn -0.001352 -0.031870 0.999491
vn -0.083777 -0.073241 0.993789
vn 0.000001 0.988264 0.152755
vn 0.000001 0.988264 0.152755
vn 0.931716 0.363080 0.008832
vn 0.007361 0.996278 0.085887
vn -0.898288 0.439331 0.008192
vn 0.881703 -0.459869 -0.105451
vn 0.783646 -0.614190 -0.093110
vn -0.085281 -0.156611 0.983972
vn 0.083052 -0.171471 0.981682
vn -0.001291 -0.204123 0.978944
vn -0.837138 -0.538086 -0.098304
vn -0.591736 -0.802891 -0.072219
vn -0.026994 -0.996198 -0.082830
vn -0.030215 -0.990241 -0.136049
vn 0.000001 -0.137406 0.990515
vn 0.000001 -0.137406 0.990515
vn 0.000001 -0.137406 0.990515
vn 0.000001 -0.137406 0.990515
vn 0.000002 -0.999694 -0.024729
vn 0.000002 -0.999694 -0.024729
vn 0.000002 -0.999694 -0.024729
vn 0.000002 -0.999694 -0.024729
vn -0.926086 -0.361752 -0.107239
vn -0.033615 -0.980542 -0.193409
vn 0.868452 0.494354 0.037496
vn 0.004903 0.994571 0.103944
vn -0.847922 0.528967 0.034971
vn -0.001029 -0.120594 0.992701
vn 0.081595 -0.081672 0.993314
vn -0.001143 -0.031887 0.999491
vn -0.083673 -0.074585 0.993698
vn 0.000000 0.988264 0.152755
vn 0.000000 0.988264 0.152755
vn 0.927176 0.374528 0.008594
vn 0.004921 0.996297 0.085835
vn -0.903569 0.428362 0.008305
vn 0.890581 -0.442386 -0.105642
vn 0.794333 -0.600188 -0.093856
vn -0.085125 -0.159137 0.983580
vn 0.083195 -0.169030 0.982094
vn -0.000984 -0.204195 0.978930
vn -0.000339 -0.134875 0.990862
vn -0.000339 -0.134875 0.990862
vn -0.000339 -0.134875 0.990862
vn -0.000339 -0.134875 0.990862
vn 0.000010 -0.999694 -0.024725
vn 0.000010 -0.999694 -0.024725
vn 0.000010 -0.999694 -0.024725
vn 0.000010 -0.999694 -0.024725
vn 0.000002 0.988264 0.152753
vn 0.000002 0.988264 0.152753
vn -0.000073 0.864235 0.503089
vn 0.392780 0.797371 0.458174
vn 0.385571 0.767116 0.512707
vn 0.334290 0.737514 0.586790
vn -0.010789 0.864851 0.501913
vn -0.402729 0.788937 0.464099
vn 0.391229 0.798858 0.456909
vn -0.014390 0.829108 0.558904
vn -0.389314 0.757929 0.523430
vn 0.394268 0.757717 0.520017
vn -0.083329 0.777901 0.622838
vn -0.379407 0.715621 0.586461
vn 0.101203 0.790494 0.604051
vn -0.014263 0.864758 0.501986
vn -0.399666 0.789822 0.465240
vn 0.318441 0.820848 0.474135
vn 0.072143 0.832204 0.549756
vn -0.323646 0.788052 0.523668
vn 0.040369 0.837278 0.545285
vn -0.252084 0.791029 0.557428
vn 0.236946 0.693699 0.680175
vn -0.315353 0.635802 0.704491
vn -0.012460 0.674151 0.738488
vn 0.187597 0.657366 0.729848
vn 0.067407 0.719587 0.691123
vn -0.378787 0.692082 0.614445
vn 0.023939 0.951939 0.305352
vn 0.030631 0.980691 0.193151
vn -0.398024 0.874572 0.276950
vn -0.382370 0.905289 0.185053
vn 0.435963 0.880461 0.186345
vn 0.435863 0.856443 0.276637
vn 0.016262 0.924336 0.381232
vn -0.398903 0.847116 0.351099
vn 0.408658 0.841700 0.352901
vn -0.010876 0.891486 0.452918
vn -0.397943 0.819570 0.412245
vn 0.328995 0.843052 0.425470
vn 0.043181 0.952684 0.300880
vn 0.065858 0.979855 0.188537
vn -0.349093 0.895874 0.274853
vn -0.314546 0.932297 0.178560
vn 0.491924 0.854906 0.164761
vn 0.460931 0.847384 0.263597
vn 0.002272 0.923969 0.382461
vn -0.373190 0.862976 0.340590
vn 0.365122 0.865176 0.343739
vn -0.019195 0.886739 0.461872
vn -0.389230 0.815593 0.428146
vn 0.052641 0.900478 0.431705
vn 0.038316 0.958670 0.281930
vn 0.091720 0.982454 0.162392
vn -0.333360 0.910142 0.245992
vn -0.284686 0.946069 0.154623
vn 0.495448 0.856512 0.144631
vn 0.405414 0.881267 0.242915
vn 0.012764 0.927927 0.372543
vn -0.358614 0.868860 0.341289
vn 0.095700 0.939052 0.330187
vn -0.362098 0.840009 0.404066
vn -0.895595 -0.437677 -0.079679
vn -0.698867 -0.713539 -0.049460
vn -0.179657 -0.982268 -0.053599
vn -0.184334 -0.977094 -0.106343
vn -0.016480 -0.080550 0.996614
vn -0.016480 -0.080550 0.996614
vn -0.016480 -0.080550 0.996614
vn -0.016480 -0.080550 0.996614
vn 0.119069 -0.992864 0.006598
vn -0.163511 -0.986326 0.020623
vn -0.163511 -0.986326 0.020623
vn 0.501649 -0.864198 -0.038872
vn -0.959382 -0.266594 -0.092268
vn -0.188802 -0.968394 -0.162995
vn 0.910835 0.412220 0.021337
vn 0.118536 0.990281 0.072760
vn -0.786410 0.617437 0.018190
vn -0.015133 -0.082772 0.996454
vn 0.072152 -0.053592 0.995953
vn -0.000108 0.004821 0.999988
vn -0.087785 -0.028681 0.995726
vn 0.162562 0.981000 0.105889
vn 0.162562 0.981000 0.105889
vn 0.957473 0.288503 -0.003305
vn 0.127746 0.990303 0.054595
vn -0.855384 0.517945 -0.007094
vn 0.829072 -0.549934 -0.101054
vn 0.701537 -0.707902 -0.081977
vn -0.103469 -0.109930 0.988539
vn 0.058385 -0.142002 0.988143
vn -0.029570 -0.165196 0.985817
vn -0.888692 -0.449148 -0.092154
vn -0.686346 -0.723898 -0.069998
vn -0.151653 -0.985207 -0.079809
vn -0.155961 -0.978828 -0.132562
vn -0.019593 -0.116834 0.992958
vn -0.019593 -0.116834 0.992958
vn -0.019593 -0.116834 0.992958
vn -0.019593 -0.116834 0.992958
vn -0.136418 -0.990594 -0.010638
vn -0.136418 -0.990594 -0.010638
vn -0.136418 -0.990594 -0.010638
vn -0.136418 -0.990594 -0.010638
vn -0.955443 -0.277823 -0.099715
vn -0.160133 -0.968759 -0.189378
vn 0.901882 0.430726 0.032912
vn 0.083042 0.991601 0.099152
vn -0.807172 0.589337 0.033992
vn -0.020477 -0.113096 0.993373
vn 0.065657 -0.081288 0.994526
vn -0.010174 -0.025374 0.999626
vn 0.134091 0.981388 0.137468
vn 0.134091 0.981388 0.137468
vn 0.951986 0.306103 0.004809
vn 0.088649 0.992762 0.081021
vn -0.871110 0.491038 0.006919
vn 0.842690 -0.526674 -0.111751
vn 0.723372 -0.683583 -0.097198
vn -0.096249 -0.061509 0.993455
vn -0.107539 -0.141840 0.984031
vn 0.056566 -0.170475 0.983737
vn -0.030582 -0.195281 0.980270
vn -0.850777 -0.515814 -0.100574
vn -0.604410 -0.793067 -0.075724
vn -0.041392 -0.995671 -0.083219
vn -0.046932 -0.989537 -0.136432
vn -0.001974 -0.136676 0.990614
vn -0.001974 -0.136676 0.990614
vn -0.001974 -0.136676 0.990614
vn -0.001974 -0.136676 0.990614
vn -0.013303 -0.999558 -0.026576
vn -0.013303 -0.999558 -0.026576
vn -0.013303 -0.999558 -0.026576
vn -0.013303 -0.999558 -0.026576
vn -0.937276 -0.331298 -0.108425
vn -0.052798 -0.979615 -0.193821
vn 0.884556 0.465016 0.036332
vn 0.033016 0.994022 0.104067
vn -0.830493 0.555845 0.036312
vn -0.000950 -0.120542 0.992708
vn 0.081778 -0.085688 0.992960
vn -0.000888 -0.031784 0.999494
vn -0.083590 -0.070412 0.994009
vn 0.013053 0.987913 0.154459
vn 0.013053 0.987913 0.154459
vn 0.940171 0.340618 0.007652
vn 0.033135 0.995742 0.086020
vn -0.887987 0.459768 0.009574
vn 0.876694 -0.469624 -0.104213
vn -0.085187 -0.155439 0.984166
vn 0.083235 -0.172665 0.981457
vn -0.001014 -0.204191 0.978931
vn -0.020506 0.858016 0.513214
vn -0.389754 0.785921 0.480022
vn 0.040201 0.867002 0.496680
vn -0.380186 0.763054 0.522692
vn -0.388535 0.783363 0.485164
vn 0.046317 0.964202 0.261092
vn 0.084674 0.987026 0.136420
vn -0.323046 0.916070 0.237609
vn -0.278198 0.953146 0.118819
vn 0.437114 0.891072 0.122158
vn 0.142896 0.965228 0.218894
vn -0.331028 0.894277 0.301148
vn 0.139213 0.983338 0.116899
vn -0.267392 0.957420 0.108849
vn -0.281477 0.940371 0.190982
vn -0.268653 -0.961557 -0.056863
vn -0.919868 -0.385939 -0.069962
vn -0.763712 -0.641725 -0.070232
vn -0.319292 -0.946423 -0.048331
vn -0.000819 0.070848 0.997487
vn -0.000819 0.070848 0.997487
vn -0.000819 0.070848 0.997487
vn -0.000819 0.070848 0.997487
vn -0.186446 -0.982202 -0.022755
vn -0.186446 -0.982202 -0.022755
vn -0.186446 -0.982202 -0.022755
vn -0.970422 -0.231880 -0.067181
vn -0.210668 -0.975308 -0.066282
vn -0.006605 0.037420 0.999278
vn 0.081120 0.059881 0.994904
vn 0.008868 0.123669 0.992284
vn -0.079513 0.096508 0.992151
vn 0.972189 0.232141 -0.030976
vn 0.931385 0.363487 -0.019960
vn 0.167673 0.985525 -0.025012
vn 0.175216 0.983537 -0.044200
vn -0.755576 0.653789 -0.040817
vn -0.831645 0.552334 -0.057384
vn 0.811254 -0.583208 -0.041651
vn 0.637746 -0.769531 -0.033192
vn -0.096006 0.014658 0.995273
vn 0.067422 -0.026394 0.997375
vn -0.021336 -0.044728 0.998771
vn -0.909672 -0.411997 -0.052484
vn -0.719285 -0.694702 -0.004294
vn -0.199940 -0.979743 0.011304
vn -0.207099 -0.977432 -0.041678
vn -0.011013 -0.001635 0.999938
vn -0.011013 -0.001635 0.999938
vn -0.011013 -0.001635 0.999938
vn -0.011013 -0.001635 0.999938
vn -0.968288 -0.237967 -0.076094
vn -0.214182 -0.971773 -0.098909
vn 0.913923 0.405886 0.000930
vn 0.090938 0.989344 0.113701
vn 0.123270 0.992292 0.012684
vn -0.773017 0.633979 -0.022713
vn -0.009706 -0.002478 0.999950
vn 0.078162 0.022915 0.996677
vn 0.005584 0.084587 0.996401
vn -0.082658 0.054497 0.995087
vn 0.155716 0.987175 0.035194
vn 0.155716 0.987175 0.035194
vn 0.966373 0.256294 -0.020885
vn 0.149351 0.988724 -0.010933
vn -0.842181 0.537618 -0.041208
vn 0.814089 -0.577562 -0.060683
vn 0.686453 -0.726477 -0.031850
vn -0.098696 -0.026055 0.994776
vn 0.064138 -0.065780 0.995771
vn -0.024493 -0.084962 0.996083
vn -0.186175 -0.979780 0.073285
vn -0.186175 -0.979780 0.073285
vn -0.186175 -0.979780 0.073285
vn -0.186175 -0.979780 0.073285
vn -0.903700 -0.422995 -0.066348
vn -0.711480 -0.702174 -0.027343
vn -0.193138 -0.980939 -0.021347
vn -0.199165 -0.977155 -0.074169
vn -0.013762 -0.041192 0.999057
vn -0.013762 -0.041192 0.999057
vn -0.013762 -0.041192 0.999057
vn -0.013762 -0.041192 0.999057
vn -0.164024 -0.985012 0.053366
vn -0.164024 -0.985012 0.053366
vn -0.164024 -0.985012 0.053366
vn -0.164024 -0.985012 0.053366
vn -0.964349 -0.250840 -0.084324
vn -0.205046 -0.969938 -0.131058
vn 0.917571 0.397484 0.008378
vn 0.131795 0.990463 0.040157
vn -0.778369 0.627803 -0.002316
vn -0.012451 -0.042840 0.999004
vn 0.075196 -0.015750 0.997044
vn 0.002775 0.044641 0.998999
vn -0.085249 0.013018 0.996275
vn 0.178976 0.980399 0.082377
vn 0.178976 0.980399 0.082377
vn 0.962359 0.271527 -0.011756
vn 0.141209 0.989732 0.022136
vn -0.847998 0.529442 -0.024292
vn 0.820567 -0.565836 -0.080615
vn -0.101173 -0.067930 0.992547
vn 0.061223 -0.104529 0.992636
vn -0.027137 -0.125418 0.991733
vn 0.185313 0.982498 0.018916
vn 0.185313 0.982498 0.018916
vn 0.185313 0.982498 0.018916
vn 0.159820 0.987132 -0.005217
vn -0.583544 0.812035 -0.008653
vn 0.809968 0.586473 0.001262
vn 0.251569 0.967474 0.026586
vn 0.251569 0.967474 0.026586
vn 0.251569 0.967474 0.026586
vn 0.084527 0.977884 0.191305
vn 0.525891 0.837705 0.147269
vn 0.046421 0.950943 0.305864
vn 0.491165 0.835118 0.247660
vn 0.020231 0.908405 0.417602
vn 0.459091 0.818398 0.345630
vn -0.011932 0.867141 0.497920
vn 0.430859 0.798289 0.420826
vn -0.008644 0.841829 0.539675
vn 0.415526 0.783694 0.461695
vn -0.996599 0.082357 0.002735
vn -0.996599 0.082357 0.002735
vn -0.996599 0.082357 0.002735
vn -0.996599 0.082357 0.002735
vn 0.006568 -0.987500 0.157485
vn 0.006568 -0.987500 0.157485
vn 0.006568 -0.987500 0.157485
vn -0.435991 0.815224 -0.381212
vn -0.372227 0.841838 -0.390840
vn -0.300460 0.867996 -0.395356
vn -0.202473 0.899808 -0.386459
vn -0.326579 0.945167 0.002329
vn -0.207431 0.978247 -0.002106
vn -0.199872 0.901400 0.384096
vn -0.299272 0.867709 0.396883
vn -0.406382 0.913675 0.007163
vn -0.374510 0.838086 0.396678
vn -0.475319 0.879727 0.012341
vn -0.441873 0.807048 0.391691
vn -0.433817 0.817231 -0.379389
vn -0.371191 0.842369 -0.390681
vn -0.300581 0.867300 -0.396789
vn -0.203058 0.898401 -0.389415
vn -0.326598 0.945161 -0.002177
vn -0.207473 0.978195 -0.009450
vn -0.199767 0.906783 0.371266
vn -0.299098 0.871656 0.388274
vn -0.406409 0.913673 0.005769
vn -0.375221 0.839629 0.392725
vn -0.475437 0.879633 0.014331
vn -0.446059 0.805818 0.389472
vn 0.103816 -0.632544 -0.767535
vn 0.068296 -0.855954 -0.512522
vn 0.089547 -0.995346 0.035618
vn 0.147011 -0.988288 0.040917
vn 0.082113 -0.815889 0.572348
vn 0.112458 -0.539236 0.834612
vn 0.118224 -0.478878 -0.869885
vn 0.208373 -0.976945 0.046472
vn 0.122350 -0.349731 0.928827
vn -0.038943 0.564933 0.824217
vn -0.111926 0.993637 -0.012562
vn -0.993676 -0.112279 0.000935
vn -0.999560 -0.029657 0.001162
vn -0.994443 -0.078240 -0.070443
vn -0.995099 -0.067364 0.072396
vn -0.009089 0.467114 0.884150
vn -0.092425 0.995635 -0.012962
vn -0.041064 0.501157 -0.864382
vn -0.007785 0.369871 -0.929050
vn -0.986575 -0.145755 0.073657
vn -0.984463 -0.160144 -0.072021
vn -0.981740 -0.190224 0.000830
vn 0.105809 -0.620439 -0.777084
vn 0.070739 -0.853593 -0.516115
vn 0.089316 -0.995524 0.030899
vn 0.146732 -0.988575 0.034475
vn 0.079338 -0.819172 0.568034
vn 0.110192 -0.552952 0.825894
vn 0.119620 -0.458904 -0.880397
vn 0.208023 -0.977378 0.038197
vn 0.120833 -0.371634 0.920482
vn -0.038926 0.550586 0.833871
vn -0.111904 0.993711 -0.004051
vn -0.993677 -0.112276 0.000922
vn -0.994951 -0.069601 0.072302
vn -0.999557 -0.029762 0.000982
vn -0.008565 0.446910 0.894538
vn -0.092431 0.995710 -0.004329
vn -0.040979 0.516048 -0.855579
vn -0.008260 0.391142 -0.920293
vn -0.986228 -0.148047 0.073730
vn -0.994612 -0.075970 -0.070535
vn -0.984855 -0.157744 -0.071958
vn -0.981735 -0.190250 0.000981
vn -0.164328 0.986406 0.000000
vn -0.164328 0.986406 0.000000
vn -0.991891 -0.127092 -0.000000
vn -0.991891 -0.127092 -0.000000
vn -0.991891 -0.127092 -0.000000
vn -0.991891 -0.127092 -0.000000
vn 0.026649 -0.999645 -0.000002
vn 0.026649 -0.999645 -0.000002
vn 0.026649 -0.999645 -0.000002
vn 0.026649 -0.999645 -0.000002
vn -0.164308 0.986409 -0.000755
vn -0.164327 0.986406 -0.000842
vn -0.991832 -0.127450 -0.005016
vn -0.991832 -0.127450 -0.005016
vn -0.991837 -0.127394 -0.005519
vn -0.991837 -0.127394 -0.005519
vn -0.619492 0.721344 -0.309665
vn -0.547867 0.754900 -0.360511
vn -0.491195 0.789595 -0.367787
vn -0.530102 0.847745 0.017895
vn -0.492817 0.781169 0.383283
vn -0.587281 0.809125 0.020445
vn -0.550959 0.747827 0.370404
vn -0.649682 0.755403 0.085321
vn -0.615278 0.700432 0.361703
vn -0.630366 0.771133 -0.089400
vn -0.556331 0.746937 -0.364118
vn -0.490367 0.791726 -0.364295
vn -0.530144 0.847582 0.023500
vn -0.492887 0.781009 0.383519
vn -0.576800 0.814805 -0.058267
vn -0.547852 0.777185 0.309582
vn -0.583423 0.776387 0.238415
vn -0.694070 0.680977 -0.233532
vn -0.715587 0.697280 -0.041670
vn -0.642470 0.675350 0.362126
vn -0.728048 0.653651 -0.206606
vn -0.437313 0.819478 -0.370424
vn -0.364852 0.838089 -0.405573
vn -0.294491 0.858147 -0.420547
vn -0.198082 0.883811 -0.423842
vn -0.319737 0.946341 -0.046971
vn -0.200550 0.977154 -0.070354
vn -0.192108 0.929046 0.316176
vn -0.293272 0.890247 0.348501
vn -0.399384 0.916413 -0.026076
vn -0.372266 0.853831 0.363854
vn -0.474328 0.880197 0.016307
vn -0.436171 0.816812 0.377589
vn -0.436826 0.848973 -0.297369
vn -0.359982 0.847448 -0.390185
vn -0.278729 0.859720 -0.428008
vn -0.181222 0.880151 -0.438741
vn -0.300696 0.953287 -0.028743
vn -0.180681 0.982182 -0.051705
vn -0.172219 0.929834 0.325193
vn -0.277052 0.893245 0.354056
vn -0.387188 0.921913 0.012697
vn -0.348486 0.859881 0.373045
vn -0.469112 0.882477 0.034192
vn -0.439853 0.811686 0.384312
vn -0.352273 0.876556 -0.327954
vn -0.269365 0.867289 -0.418633
vn -0.162363 0.880144 -0.446077
vn -0.285723 0.958058 -0.022093
vn -0.157964 0.984648 -0.074267
vn -0.151558 0.946148 0.286066
vn -0.250680 0.909328 0.332089
vn -0.379720 0.925096 0.003090
vn -0.350531 0.866782 0.354706
vn -0.425635 0.904882 -0.004961
vn -0.415324 0.836778 0.356802
vn 0.077872 -0.695616 -0.714181
vn 0.027791 -0.906261 -0.421804
vn 0.039576 -0.990511 0.131614
vn 0.096931 -0.985984 0.135794
vn 0.038955 -0.764227 0.643770
vn 0.080961 -0.485921 0.870245
vn 0.101398 -0.538202 -0.836694
vn 0.158287 -0.977448 0.139788
vn 0.099667 -0.305275 0.947034
vn -0.010386 0.627465 0.778575
vn -0.061235 0.993253 -0.098477
vn -0.997816 -0.065343 0.009644
vn -0.999868 0.016200 -0.000882
vn -0.997280 -0.036551 -0.064012
vn -0.997204 -0.015951 0.073002
vn 0.016364 0.524099 0.851500
vn -0.041604 0.993454 -0.106387
vn -0.014698 0.452014 -0.891890
vn 0.011331 0.320947 -0.947029
vn -0.991939 -0.093689 0.085320
vn -0.991482 -0.117784 -0.055598
vn -0.989524 -0.142998 0.019833
vn 0.091453 -0.678216 -0.729150
vn 0.047283 -0.891469 -0.450607
vn 0.062810 -0.992835 0.101652
vn 0.120346 -0.986977 0.106737
vn 0.058519 -0.780955 0.621840
vn 0.094426 -0.501805 0.859811
vn 0.111049 -0.523788 -0.844579
vn 0.181849 -0.976949 0.111810
vn 0.108862 -0.317786 0.941892
vn -0.024122 0.602859 0.797483
vn -0.084469 0.994061 -0.068608
vn -0.996174 -0.086417 0.012982
vn -0.999974 -0.004368 0.005823
vn -0.996621 -0.055729 -0.060334
vn -0.996076 -0.039178 0.079357
vn 0.004086 0.501748 0.865004
vn -0.064916 0.995144 -0.073991
vn -0.025740 0.462466 -0.886263
vn 0.003600 0.329304 -0.944217
vn -0.989290 -0.116686 0.087697
vn -0.989030 -0.137213 -0.054707
vn -0.986327 -0.163608 0.019788
vn -0.127328 0.988395 -0.082847
vn -0.127328 0.988395 -0.082847
vn -0.995667 -0.092093 0.012875
vn -0.995667 -0.092093 0.012875
vn -0.995667 -0.092093 0.012875
vn -0.995667 -0.092093 0.012875
vn -0.010101 -0.996395 0.084229
vn -0.010101 -0.996395 0.084229
vn -0.010101 -0.996395 0.084229
vn -0.010101 -0.996395 0.084229
vn 0.090220 -0.815846 -0.571188
vn 0.047927 -0.972869 -0.226338
vn 0.083089 -0.992597 0.088581
vn 0.140469 -0.985696 0.093125
vn 0.074350 -0.788065 0.611086
vn 0.105299 -0.508189 0.854784
vn 0.120895 -0.516285 -0.847841
vn 0.201719 -0.974562 0.097668
vn 0.116261 -0.322032 0.939563
vn -0.038586 0.613188 0.788994
vn -0.104773 0.990634 -0.087566
vn -0.994446 -0.104244 0.014531
vn -0.995169 -0.055176 0.081203
vn -0.999724 -0.022319 0.007362
vn -0.007655 0.510620 0.859772
vn -0.085312 0.992001 -0.093037
vn -0.033085 0.450307 -0.892260
vn -0.001715 0.320067 -0.947394
vn -0.986828 -0.134772 0.089482
vn -0.995449 -0.074933 -0.058868
vn -0.986554 -0.154468 -0.053395
vn -0.983127 -0.181705 0.021109
vn -0.147438 0.985626 -0.082479
vn -0.147438 0.985626 -0.082479
vn -0.993744 -0.110721 0.014637
vn -0.993744 -0.110721 0.014637
vn -0.993744 -0.110721 0.014637
vn -0.993744 -0.110721 0.014637
vn 0.010167 -0.996403 0.084131
vn 0.010167 -0.996403 0.084131
vn 0.010167 -0.996403 0.084131
vn 0.010167 -0.996403 0.084131
vn -0.164630 0.986085 -0.023087
vn -0.164630 0.986085 -0.023087
vn -0.992090 -0.125457 0.004211
vn -0.992090 -0.125457 0.004211
vn -0.992090 -0.125457 0.004211
vn -0.992090 -0.125457 0.004211
vn 0.027146 -0.999354 0.023531
vn 0.027146 -0.999354 0.023531
vn -0.507906 0.813765 -0.282522
vn -0.537491 0.842276 0.040921
vn -0.499785 0.777275 0.382176
vn -0.565404 0.824059 0.035300
vn -0.537940 0.753422 0.378121
vn -0.505485 0.862420 0.026769
vn -0.498278 0.778631 0.381383
vn -0.246754 0.894746 -0.372213
vn -0.141402 0.875780 -0.461536
vn -0.262406 0.964446 -0.031421
vn -0.130202 0.989036 -0.069681
vn -0.113016 0.953301 0.280078
vn -0.239488 0.915792 0.322445
vn -0.308988 0.950549 -0.031366
vn -0.305989 0.893205 0.329478
vn -0.187191 0.979912 -0.068798
vn -0.104711 0.991669 -0.075027
vn -0.100492 0.957571 0.270111
vn -0.187815 0.940393 0.283526
vn 0.025507 -0.771186 -0.636098
vn -0.005313 -0.974141 -0.225877
vn 0.039038 -0.959089 0.280401
vn 0.046380 -0.969869 0.239172
vn 0.072785 -0.427177 0.901234
vn 0.073296 -0.696102 0.714192
vn 0.040390 -0.588519 -0.807474
vn 0.054474 -0.979762 0.192610
vn 0.069183 -0.259374 0.963296
vn -0.998747 0.049969 0.002601
vn -0.991459 0.130083 -0.009343
vn -0.994757 0.071804 -0.072821
vn -0.992313 0.104341 0.066536
vn 0.071219 0.557362 0.827210
vn 0.055636 0.661557 0.747828
vn 0.044391 0.987548 -0.150925
vn 0.064685 0.985297 -0.158131
vn 0.032613 0.397125 -0.917185
vn 0.044198 0.258307 -0.965051
vn -0.996456 0.027992 0.079317
vn -0.998027 -0.008580 -0.062201
vn -0.999542 -0.026817 0.014049
vn 0.026249 -0.730661 -0.682236
vn -0.038414 -0.923093 -0.382654
vn -0.029659 -0.983953 0.175948
vn 0.027830 -0.982460 0.184383
vn -0.011537 -0.734063 0.678983
vn 0.049119 -0.449036 0.892163
vn 0.061019 -0.581220 -0.811456
vn 0.089570 -0.977149 0.192761
vn 0.079762 -0.267594 0.960225
vn 0.034534 0.642885 0.765184
vn 0.003307 0.994261 -0.106929
vn -0.999921 0.011515 0.005094
vn -0.995673 0.092689 -0.006667
vn -0.996885 0.035966 -0.070191
vn -0.995576 0.063867 0.068912
vn 0.053793 0.542941 0.838046
vn 0.028987 0.990723 -0.132773
vn 0.009977 0.439966 -0.897959
vn 0.032637 0.282870 -0.958603
vn -0.996611 -0.011607 0.081431
vn -0.997140 -0.046556 -0.059538
vn -0.997717 -0.065492 0.016495
vn -0.999899 0.012862 0.006117
vn -0.999899 0.012862 0.006117
vn -0.999899 0.012862 0.006117
vn -0.999899 0.012862 0.006117
vn -0.094133 -0.983203 0.156367
vn -0.094133 -0.983203 0.156367
vn -0.094133 -0.983203 0.156367
vn 0.030417 -0.857596 -0.513424
vn -0.022741 -0.990098 -0.138522
vn 0.005178 -0.988910 0.148426
vn 0.062712 -0.985948 0.154834
vn 0.013011 -0.756159 0.654259
vn 0.064994 -0.474083 0.878078
vn 0.082161 -0.560049 -0.824375
vn 0.124296 -0.979074 0.161139
vn 0.090049 -0.291606 0.952291
vn 0.012129 0.637389 0.770447
vn -0.026399 0.992871 -0.116231
vn -0.999603 -0.027278 0.007119
vn -0.998514 0.054305 -0.004504
vn -0.997692 -0.000933 -0.067894
vn -0.997188 0.024024 0.070986
vn 0.035236 0.535325 0.843911
vn -0.006837 0.992105 -0.125225
vn 0.000767 0.431415 -0.902153
vn 0.021892 0.298410 -0.954187
vn -0.995071 -0.053585 0.083446
vn -0.994949 -0.082174 -0.057654
vn -0.994332 -0.104754 0.018179
vn -0.071860 0.985805 -0.151739
vn -0.116377 0.907746 -0.403056
vn -0.071860 0.985805 -0.151739
vn -0.999665 -0.024517 0.008323
vn -0.999665 -0.024517 0.008323
vn -0.999665 -0.024517 0.008323
vn -0.999665 -0.024517 0.008323
vn -0.074821 -0.987710 0.137223
vn -0.074821 -0.987710 0.137223
vn -0.074821 -0.987710 0.137223
vn -0.074821 -0.987710 0.137223
vn -0.097316 0.985852 -0.136476
vn -0.097316 0.985852 -0.136476
vn -0.998019 -0.062044 0.010460
vn -0.998019 -0.062044 0.010460
vn -0.998019 -0.062044 0.010460
vn -0.998019 -0.062044 0.010460
vn -0.039489 -0.989792 0.136940
vn -0.039489 -0.989792 0.136940
vn -0.002479 0.987685 -0.156435
vn -0.002479 0.987685 -0.156435
vn -0.002479 0.987685 -0.156435
vn 0.024636 0.822053 0.568877
vn 0.023477 0.989381 -0.143434
vn -0.020600 0.991382 -0.129374
vn -0.020600 0.991382 -0.129374
vn -0.107961 0.987648 -0.113561
vn -0.217427 0.969001 -0.117316
vn -0.335239 0.939256 -0.073571
vn -0.438764 0.898076 -0.030759
vn -0.512784 0.858395 -0.014492
vn -0.573967 0.818504 -0.024762
vn -0.011381 0.975599 -0.219266
vn -0.011381 0.975599 -0.219266
vn -0.011381 0.975599 -0.219266
vn -0.198933 -0.977406 0.071432
vn -0.198933 -0.977406 0.071432
vn -0.198933 -0.977406 0.071432
vn -0.095213 -0.982599 0.159482
vn -0.095213 -0.982599 0.159482
vn -0.095213 -0.982599 0.159482
vn -0.095213 -0.982599 0.159482
vn -0.145925 0.859817 -0.489305
vn -0.254091 0.853816 -0.454353
vn -0.357041 0.834144 -0.420388
vn -0.433864 0.815868 -0.382258
vn -0.508842 0.780894 -0.362331
vn 0.419214 0.782465 -0.460442
vn 0.466908 0.814686 -0.343924
vn 0.497012 0.831828 -0.247065
vn 0.526316 0.837339 -0.147834
vn 0.252322 0.967285 -0.026334
vn 0.252322 0.967285 -0.026334
vn 0.252322 0.967285 -0.026334
vn -0.010750 0.975534 0.219585
vn -0.010750 0.975534 0.219585
vn -0.010750 0.975534 0.219585
vn -0.199733 -0.977235 -0.071549
vn -0.199733 -0.977235 -0.071549
vn -0.199733 -0.977235 -0.071549
vn -0.094896 -0.983106 -0.156519
vn -0.094896 -0.983106 -0.156519
vn -0.094896 -0.983106 -0.156519
vn 0.547369 -0.834447 -0.063919
vn 0.535517 -0.842219 -0.062366
vn 0.436768 -0.897480 -0.061347
vn 0.400962 -0.915246 -0.039417
vn 0.389626 -0.920688 0.022932
vn 0.217988 -0.975873 -0.012375
vn 0.009750 0.627007 -0.778953
vn 0.060663 -0.642459 0.763915
vn 0.068096 -0.868638 0.490745
vn 0.047081 -0.898085 0.437295
vn 0.027986 -0.915714 0.400855
vn -0.037223 -0.910666 0.411464
vn -0.001641 -0.973757 0.227586
vn 0.809794 0.586704 -0.003354
vn -0.026648 -0.999645 -0.000185
vn -0.026648 -0.999645 -0.000185
vn -0.991841 -0.127337 -0.006022
vn -0.991841 -0.127337 -0.006022
vn -0.164345 0.986403 -0.000928
vn 0.991816 -0.127568 0.005304
vn 0.991816 -0.127568 0.005304
vn 0.164329 0.986405 0.000792
vn 0.365792 0.619937 0.694171
vn 0.052043 0.662013 0.747683
vn 0.026648 -0.999645 0.000123
vn 0.026648 -0.999645 0.000123
vn -0.003607 0.682440 -0.730932
vn -0.003607 0.682440 -0.730932
vn 0.015637 0.669853 0.742329
vn 0.015637 0.669853 0.742329
vn -0.539622 0.632136 0.556069
vn -0.539622 0.632136 0.556069
vn -0.008389 0.276320 0.961029
vn -0.008389 0.276320 0.961029
vn -0.954343 0.295975 0.040359
vn -0.954343 0.295975 0.040359
vn -0.909702 -0.410951 -0.059680
vn -0.909702 -0.410951 -0.059680
vn -0.410997 -0.828743 0.379825
vn -0.410997 -0.828743 0.379825
vn 0.075501 -0.456065 0.886738
vn 0.075501 -0.456065 0.886738
vn 0.716436 0.119017 -0.687426
vn 0.716361 0.119749 -0.687377
vn 0.716415 0.119332 -0.687393
vn 0.716383 0.119374 -0.687420
vn -0.050605 0.994592 0.090693
vn -0.050605 0.994592 0.090693
vn 0.632870 0.450203 0.629915
vn 0.632870 0.450203 0.629915
vn 0.673379 -0.509078 0.536097
vn 0.673379 -0.509078 0.536097
vn 0.055460 -0.994880 -0.084486
vn 0.055460 -0.994880 -0.084486
vn -0.619178 -0.480572 -0.621023
vn -0.619178 -0.480572 -0.621023
vn -0.682310 0.485979 -0.546148
vn -0.682310 0.485979 -0.546148
vn 0.716509 0.118345 -0.687466
vn 0.716535 0.118627 -0.687390
vn 0.716411 0.118675 -0.687511
vn -0.397476 0.812444 0.426553
vn -0.397476 0.812444 0.426553
vn 0.083856 0.425084 0.901262
vn 0.083856 0.425084 0.901262
vn -0.894404 0.446275 -0.029672
vn -0.894404 0.446275 -0.029672
vn -0.957968 -0.286481 -0.015059
vn -0.957968 -0.286481 -0.015059
vn -0.524223 -0.705520 0.476898
vn -0.524223 -0.705520 0.476898
vn 0.024968 -0.343211 0.938926
vn 0.024968 -0.343211 0.938926
vn -0.003342 0.998856 0.047699
vn -0.003342 0.998856 0.047699
vn 0.646416 0.464653 0.605180
vn 0.646416 0.464653 0.605180
vn 0.650770 -0.512580 0.560142
vn 0.650770 -0.512580 0.560142
vn 0.002630 -0.998876 -0.047337
vn 0.002630 -0.998876 -0.047337
vn -0.647174 -0.463241 -0.605454
vn -0.647174 -0.463241 -0.605454
vn -0.650622 0.513693 -0.559294
vn -0.650622 0.513693 -0.559294
vn 0.504685 0.730401 -0.460225
vn 0.504685 0.730401 -0.460225
vn 0.945375 0.325983 0.000750
vn 0.945375 0.325983 0.000750
vn 0.919002 -0.394136 -0.009626
vn 0.919002 -0.394136 -0.009626
vn 0.446753 -0.759013 -0.473616
vn 0.446753 -0.759013 -0.473616
vn -0.041769 -0.374105 -0.926445
vn -0.041769 -0.374105 -0.926445
vn -0.012392 0.380755 -0.924593
vn -0.012392 0.380755 -0.924593
vn 0.013759 0.363386 0.931537
vn -0.467307 0.734385 0.492242
vn -0.467307 0.734385 0.492242
vn 0.013759 0.363386 0.931537
vn -0.004658 -0.375406 0.926849
vn -0.004658 -0.375406 0.926849
vn -0.510745 -0.722383 0.466157
vn -0.510745 -0.722383 0.466157
vn -0.946780 -0.321545 0.014688
vn -0.946780 -0.321545 0.014688
vn -0.923456 0.382142 0.034573
vn -0.923456 0.382142 0.034573
vn 0.672044 0.461162 0.579385
vn 0.054658 0.998473 -0.007990
vn 0.054658 0.998473 -0.007990
vn 0.672044 0.461162 0.579385
vn 0.621227 -0.515842 0.589902
vn 0.621227 -0.515842 0.589902
vn -0.055044 -0.998452 0.008036
vn -0.055044 -0.998452 0.008036
vn -0.672606 -0.459719 -0.579879
vn -0.672606 -0.459719 -0.579879
vn -0.620818 0.517020 -0.589301
vn -0.620818 0.517020 -0.589301
vn 0.528390 0.693253 -0.490106
vn 0.528390 0.693253 -0.490106
vn 0.940360 0.339583 -0.020188
vn 0.940360 0.339583 -0.020188
vn 0.935894 -0.352216 0.006768
vn 0.935894 -0.352216 0.006768
vn 0.447476 -0.752823 -0.482725
vn 0.447476 -0.752823 -0.482725
vn -0.080937 -0.350247 -0.933154
vn -0.080937 -0.350247 -0.933154
vn 0.002431 0.392483 -0.919756
vn 0.002431 0.392483 -0.919756
vn -0.306100 0.889591 0.339015
vn -0.306100 0.889591 0.339015
vn 0.132399 0.503636 0.853710
vn 0.132399 0.503636 0.853710
vn -0.845930 0.527224 -0.080237
vn -0.845930 0.527224 -0.080237
vn -0.981902 -0.188974 0.012555
vn -0.981902 -0.188974 0.012555
vn -0.597113 -0.588229 0.545384
vn -0.597113 -0.588229 0.545384
vn -0.015204 -0.241888 0.970185
vn -0.015204 -0.241888 0.970185
vn 0.112449 0.991614 -0.063701
vn 0.112449 0.991614 -0.063701
vn 0.697327 0.454899 0.553897
vn 0.697327 0.454899 0.553897
vn 0.591496 -0.515245 0.620205
vn 0.591496 -0.515245 0.620205
vn -0.112816 -0.991573 0.063688
vn -0.112816 -0.991573 0.063688
vn -0.697826 -0.453404 -0.554495
vn -0.697826 -0.453404 -0.554495
vn -0.590955 0.516452 -0.619718
vn -0.590955 0.516452 -0.619718
vn 0.585384 0.608308 -0.535991
vn 0.585384 0.608308 -0.535991
vn 0.975502 0.217374 -0.033828
vn 0.975502 0.217374 -0.033828
vn 0.872318 -0.487872 0.032286
vn 0.872318 -0.487872 0.032286
vn 0.360604 -0.846994 -0.390597
vn 0.360604 -0.846994 -0.390597
vn -0.081298 -0.466137 -0.880969
vn -0.081298 -0.466137 -0.880969
vn 0.034879 0.269984 -0.962233
vn 0.034879 0.269984 -0.962233
vn 0.053521 0.459748 0.886435
vn -0.382275 0.827905 0.410413
vn -0.382275 0.827905 0.410413
vn 0.053521 0.459748 0.886435
vn -0.051925 -0.261189 0.963890
vn -0.051925 -0.261189 0.963890
vn -0.591683 -0.596877 0.541894
vn -0.591683 -0.596877 0.541894
vn -0.976452 -0.210059 0.049167
vn -0.976452 -0.210059 0.049167
vn -0.877432 0.479650 -0.007018
vn -0.877432 0.479650 -0.007018
vn 0.721724 0.446354 0.529040
vn 0.169106 0.978453 -0.118459
vn 0.169106 0.978453 -0.118459
vn 0.721724 0.446354 0.529040
vn 0.561815 -0.511186 0.650425
vn 0.561815 -0.511186 0.650425
vn -0.169721 -0.978325 0.118642
vn -0.169721 -0.978325 0.118642
vn -0.722269 -0.444798 -0.529605
vn -0.722269 -0.444798 -0.529605
vn -0.561315 0.512407 -0.649895
vn -0.561315 0.512407 -0.649895
vn 0.556924 0.655682 -0.509821
vn 0.556924 0.655682 -0.509821
vn 0.964167 0.263455 -0.031218
vn 0.964167 0.263455 -0.031218
vn 0.896775 -0.442484 0.001825
vn 0.896775 -0.442484 0.001825
vn 0.407603 -0.802630 -0.435483
vn 0.407603 -0.802630 -0.435483
vn -0.050788 -0.421932 -0.905204
vn -0.050788 -0.421932 -0.905204
vn 0.027557 0.316849 -0.948076
vn 0.027557 0.316849 -0.948076
vn -0.239367 0.932575 0.270199
vn -0.239367 0.932575 0.270199
vn 0.210764 0.550420 0.807847
vn 0.210764 0.550420 0.807847
vn -0.807376 0.569311 -0.155013
vn -0.807376 0.569311 -0.155013
vn -0.994111 -0.108365 0.000704
vn -0.994111 -0.108365 0.000704
vn -0.657742 -0.452505 0.602174
vn -0.657742 -0.452505 0.602174
vn -0.013881 -0.146331 0.989138
vn -0.013881 -0.146331 0.989138
vn 0.229376 0.956771 -0.178817
vn 0.229376 0.956771 -0.178817
vn 0.747696 0.435017 0.501708
vn 0.747696 0.435017 0.501708
vn 0.530189 -0.501834 0.683419
vn 0.530189 -0.501834 0.683419
vn -0.229370 -0.956837 0.178471
vn -0.229370 -0.956837 0.178471
vn -0.747826 -0.433250 -0.503042
vn -0.747826 -0.433250 -0.503042
vn -0.529216 0.503483 -0.682961
vn -0.529216 0.503483 -0.682961
vn 0.644474 0.484079 -0.591879
vn 0.644474 0.484079 -0.591879
vn 0.991016 0.123291 -0.051833
vn 0.991016 0.123291 -0.051833
vn 0.821664 -0.560879 0.101402
vn 0.821664 -0.560879 0.101402
vn 0.258392 -0.922006 -0.288338
vn 0.258392 -0.922006 -0.288338
vn -0.145089 -0.538752 -0.829877
vn -0.145089 -0.538752 -0.829877
vn 0.065095 0.168826 -0.983494
vn 0.065095 0.168826 -0.983494
vn 0.116252 0.536762 0.835687
vn -0.281684 0.908181 0.309616
vn -0.281684 0.908181 0.309616
vn 0.116252 0.536762 0.835687
vn -0.080544 -0.158595 0.984053
vn -0.080544 -0.158595 0.984053
vn -0.649197 -0.471640 0.596740
vn -0.649197 -0.471640 0.596740
vn -0.991247 -0.114063 0.066476
vn -0.991247 -0.114063 0.066476
vn -0.827148 0.556996 -0.074711
vn -0.827148 0.556996 -0.074711
vn 0.772825 0.420827 0.475022
vn 0.288366 0.927506 -0.237860
vn 0.288366 0.927506 -0.237860
vn 0.772825 0.420827 0.475022
vn 0.498624 -0.488569 0.716013
vn 0.498624 -0.488569 0.716013
vn -0.288515 -0.927484 0.237765
vn -0.288515 -0.927484 0.237765
vn -0.773125 -0.418689 -0.476422
vn -0.773125 -0.418689 -0.476422
vn -0.497191 0.490469 -0.715710
vn -0.497191 0.490469 -0.715710
vn 0.622751 0.534350 -0.571535
vn 0.622751 0.534350 -0.571535
vn 0.985196 0.161847 -0.056525
vn 0.985196 0.161847 -0.056525
vn 0.849166 -0.525766 0.049863
vn 0.849166 -0.525766 0.049863
vn 0.319197 -0.880343 -0.350869
vn 0.319197 -0.880343 -0.350869
vn -0.097100 -0.503492 -0.858527
vn -0.097100 -0.503492 -0.858527
vn 0.064297 0.210738 -0.975426
vn 0.064297 0.210738 -0.975426
vn 0.685544 0.350063 -0.638345
vn 0.685544 0.350063 -0.638345
vn 0.055824 0.049032 -0.997236
vn 0.055824 0.049032 -0.997236
vn 0.998794 0.021926 -0.043936
vn 0.998794 0.021926 -0.043936
vn 0.745554 -0.631959 0.211605
vn 0.745554 -0.631959 0.211605
vn 0.113210 -0.984219 -0.136001
vn 0.113210 -0.984219 -0.136001
vn -0.251600 -0.618849 -0.744126
vn -0.251600 -0.618849 -0.744126
vn 0.402791 0.841397 -0.360292
vn 0.402791 0.841397 -0.360292
vn -0.439974 0.446245 -0.779287
vn -0.439974 0.446245 -0.779287
vn -0.825908 -0.382826 -0.413910
vn -0.825908 -0.382826 -0.413910
vn -0.403048 -0.841009 0.360910
vn -0.403048 -0.841009 0.360910
vn 0.441574 -0.444124 0.779594
vn 0.441574 -0.444124 0.779594
vn 0.825676 0.384817 0.412522
vn 0.825676 0.384817 0.412522
vn -0.107540 0.985734 0.129473
vn -0.107540 0.985734 0.129473
vn -0.728479 0.655217 -0.200025
vn -0.728479 0.655217 -0.200025
vn -0.997608 0.032366 0.061079
vn -0.997608 0.032366 0.061079
vn -0.702498 -0.281137 0.653803
vn -0.702498 -0.281137 0.653803
vn -0.078207 0.010155 0.996885
vn -0.078207 0.010155 0.996885
vn 0.235726 0.643905 0.727887
vn 0.235726 0.643905 0.727887
vn 0.099196 -0.028762 -0.994652
vn 0.708405 0.252904 -0.658939
vn 0.708405 0.252904 -0.658939
vn 0.099196 -0.028762 -0.994652
vn -0.216606 -0.647040 -0.731041
vn -0.216606 -0.647040 -0.731041
vn 0.117785 -0.983318 -0.138609
vn 0.117785 -0.983318 -0.138609
vn 0.731255 -0.656992 0.183379
vn 0.731255 -0.656992 0.183379
vn 0.995642 -0.048653 -0.079556
vn 0.995642 -0.048653 -0.079556
vn -0.440102 0.444795 -0.780043
vn 0.397713 0.845574 -0.356131
vn 0.397713 0.845574 -0.356131
vn -0.440102 0.444795 -0.780043
vn -0.820782 -0.388051 -0.419205
vn -0.820782 -0.388051 -0.419205
vn -0.397470 -0.845605 0.356329
vn -0.397470 -0.845605 0.356329
vn 0.441945 -0.442906 0.780076
vn 0.441945 -0.442906 0.780076
vn 0.820744 0.389792 0.417663
vn 0.820744 0.389792 0.417663
vn 0.663109 0.416784 -0.621754
vn 0.663109 0.416784 -0.621754
vn 0.018295 0.131764 -0.991112
vn 0.018295 0.131764 -0.991112
vn 0.995889 0.088134 -0.020925
vn 0.995889 0.088134 -0.020925
vn 0.796304 -0.575763 0.185463
vn 0.796304 -0.575763 0.185463
vn 0.214845 -0.948494 -0.232811
vn 0.214845 -0.948494 -0.232811
vn -0.223142 -0.558352 -0.799031
vn -0.223142 -0.558352 -0.799031
vn 0.360276 0.876121 -0.320333
vn 0.360276 0.876121 -0.320333
vn -0.460855 0.458860 -0.759645
vn -0.460855 0.458860 -0.759645
vn -0.805114 -0.402576 -0.435573
vn -0.805114 -0.402576 -0.435573
vn -0.360081 -0.876128 0.320535
vn -0.360081 -0.876128 0.320535
vn 0.462613 -0.456858 0.759783
vn 0.462613 -0.456858 0.759783
vn 0.804976 0.404446 0.434094
vn 0.804976 0.404446 0.434094
vn -0.191511 0.958548 0.210975
vn -0.191511 0.958548 0.210975
vn -0.780370 0.607811 -0.146930
vn -0.780370 0.607811 -0.146930
vn -0.996901 -0.049952 0.060770
vn -0.996901 -0.049952 0.060770
vn -0.673564 -0.388443 0.628828
vn -0.673564 -0.388443 0.628828
vn -0.070641 -0.078550 0.994404
vn -0.070641 -0.078550 0.994404
vn 0.184618 0.598177 0.779808
vn 0.184618 0.598177 0.779808
vn 0.092979 0.061735 -0.993752
vn 0.681685 0.361287 -0.636221
vn 0.681685 0.361287 -0.636221
vn 0.092979 0.061735 -0.993752
vn -0.165555 -0.599399 -0.783143
vn -0.165555 -0.599399 -0.783143
vn 0.201275 -0.954543 -0.219855
vn 0.201275 -0.954543 -0.219855
vn 0.783135 -0.608070 0.130195
vn 0.783135 -0.608070 0.130195
vn 0.996131 0.034973 -0.080625
vn 0.996131 0.034973 -0.080625
vn -0.482172 0.471155 -0.738596
vn 0.321373 0.903664 -0.283040
vn 0.321373 0.903664 -0.283040
vn -0.482172 0.471155 -0.738596
vn -0.788757 -0.415911 -0.452638
vn -0.788757 -0.415911 -0.452638
vn -0.321196 -0.903664 0.283239
vn -0.321196 -0.903664 0.283239
vn 0.483843 -0.469121 0.738797
vn 0.483843 -0.469121 0.738797
vn 0.788548 0.417821 0.451241
vn 0.788548 0.417821 0.451241
vn -0.163721 0.969302 0.183439
vn -0.163721 0.969302 0.183439
vn -0.758473 0.632162 -0.158397
vn -0.758473 0.632162 -0.158397
vn -0.997628 -0.004233 0.068702
vn -0.997628 -0.004233 0.068702
vn -0.690516 -0.329906 0.643700
vn -0.690516 -0.329906 0.643700
vn -0.083105 -0.029141 0.996115
vn -0.083105 -0.029141 0.996115
vn 0.193683 0.622811 0.758020
vn 0.193683 0.622811 0.758020
vn -0.539657 0.632109 -0.556065
vn -0.008485 0.276251 -0.961048
vn -0.008485 0.276251 -0.961048
vn -0.539657 0.632109 -0.556065
vn -0.954344 0.295973 -0.040353
vn -0.954344 0.295973 -0.040353
vn -0.909694 -0.410968 0.059673
vn -0.909694 -0.410968 0.059673
vn -0.410978 -0.828756 -0.379817
vn -0.410978 -0.828756 -0.379817
vn 0.075483 -0.456102 -0.886721
vn 0.075483 -0.456102 -0.886721
vn 0.716435 0.119010 0.687428
vn 0.716439 0.119347 0.687366
vn 0.716354 0.119775 0.687379
vn 0.716349 0.119421 0.687447
vn -0.050617 0.994593 -0.090684
vn 0.632877 0.450186 -0.629921
vn 0.632877 0.450186 -0.629921
vn -0.050617 0.994593 -0.090684
vn 0.673364 -0.509108 -0.536087
vn 0.673364 -0.509108 -0.536087
vn 0.055449 -0.994880 0.084495
vn 0.055449 -0.994880 0.084495
vn -0.619175 -0.480565 0.621031
vn -0.619175 -0.480565 0.621031
vn -0.682309 0.485974 0.546154
vn -0.682309 0.485974 0.546154
vn 0.716516 0.118264 0.687473
vn 0.716554 0.118587 0.687377
vn 0.716395 0.118669 0.687529
vn -0.397534 0.812413 -0.426558
vn 0.083814 0.425067 -0.901273
vn 0.083814 0.425067 -0.901273
vn -0.397534 0.812413 -0.426558
vn -0.894416 0.446252 0.029661
vn -0.894416 0.446252 0.029661
vn -0.957961 -0.286503 0.015046
vn -0.957961 -0.286503 0.015046
vn -0.524262 -0.705459 -0.476945
vn -0.524262 -0.705459 -0.476945
vn 0.024936 -0.343155 -0.938948
vn 0.024936 -0.343155 -0.938948
vn -0.003351 0.998857 -0.047687
vn 0.646418 0.464658 -0.605175
vn 0.646418 0.464658 -0.605175
vn -0.003351 0.998857 -0.047687
vn 0.650768 -0.512594 -0.560133
vn 0.650768 -0.512594 -0.560133
vn 0.002620 -0.998875 0.047346
vn 0.002620 -0.998875 0.047346
vn -0.647178 -0.463230 0.605457
vn -0.647178 -0.463230 0.605457
vn -0.650620 0.513697 0.559293
vn -0.650620 0.513697 0.559293
vn 0.504662 0.730422 0.460218
vn 0.945380 0.325970 -0.000769
vn 0.945380 0.325970 -0.000769
vn 0.504662 0.730422 0.460218
vn 0.919020 -0.394093 0.009630
vn 0.919020 -0.394093 0.009630
vn 0.446834 -0.758948 0.473643
vn 0.446834 -0.758948 0.473643
vn -0.041701 -0.374078 0.926459
vn -0.041701 -0.374078 0.926459
vn -0.012384 0.380778 0.924584
vn -0.012384 0.380778 0.924584
vn 0.013610 0.363366 -0.931547
vn 0.013610 0.363366 -0.931547
vn -0.467421 0.734293 -0.492272
vn -0.467421 0.734293 -0.492272
vn -0.004770 -0.375343 -0.926874
vn -0.004770 -0.375343 -0.926874
vn -0.510821 -0.722293 -0.466213
vn -0.510821 -0.722293 -0.466213
vn -0.946802 -0.321480 -0.014693
vn -0.946802 -0.321480 -0.014693
vn -0.923484 0.382074 -0.034586
vn -0.923484 0.382074 -0.034586
vn 0.672040 0.461177 -0.579377
vn 0.672040 0.461177 -0.579377
vn 0.054667 0.998473 0.007984
vn 0.054667 0.998473 0.007984
vn 0.621235 -0.515830 -0.589904
vn 0.621235 -0.515830 -0.589904
vn -0.055048 -0.998451 -0.008030
vn -0.055048 -0.998451 -0.008030
vn -0.672610 -0.459717 0.579877
vn -0.672610 -0.459717 0.579877
vn -0.620816 0.517029 0.589295
vn -0.620816 0.517029 0.589295
vn 0.528362 0.693267 0.490117
vn 0.940363 0.339573 0.020180
vn 0.940363 0.339573 0.020180
vn 0.528362 0.693267 0.490117
vn 0.935855 -0.352320 -0.006786
vn 0.935855 -0.352320 -0.006786
vn 0.447372 -0.752847 0.482784
vn 0.447372 -0.752847 0.482784
vn -0.081042 -0.350158 0.933178
vn -0.081042 -0.350158 0.933178
vn 0.002321 0.392505 0.919747
vn 0.002321 0.392505 0.919747
vn -0.306085 0.889576 -0.339068
vn 0.132462 0.503609 -0.853716
vn 0.132462 0.503609 -0.853716
vn -0.306085 0.889576 -0.339068
vn -0.845928 0.527224 0.080251
vn -0.845928 0.527224 0.080251
vn -0.981908 -0.188940 -0.012559
vn -0.981908 -0.188940 -0.012559
vn -0.597176 -0.588137 -0.545413
vn -0.597176 -0.588137 -0.545413
vn -0.015209 -0.241823 -0.970201
vn -0.015209 -0.241823 -0.970201
vn 0.112446 0.991614 0.063701
vn 0.697324 0.454902 -0.553898
vn 0.697324 0.454902 -0.553898
vn 0.112446 0.991614 0.063701
vn 0.591495 -0.515242 -0.620210
vn 0.591495 -0.515242 -0.620210
vn -0.112814 -0.991573 -0.063690
vn -0.112814 -0.991573 -0.063690
vn -0.697824 -0.453404 0.554496
vn -0.697824 -0.453404 0.554496
vn -0.590956 0.516453 0.619716
vn -0.590956 0.516453 0.619716
vn 0.585383 0.608283 0.536022
vn 0.975487 0.217440 0.033827
vn 0.975487 0.217440 0.033827
vn 0.585383 0.608283 0.536022
vn 0.872289 -0.487924 -0.032277
vn 0.872289 -0.487924 -0.032277
vn 0.360520 -0.847051 0.390552
vn 0.360520 -0.847051 0.390552
vn -0.081383 -0.466183 0.880937
vn -0.081383 -0.466183 0.880937
vn 0.034894 0.269873 0.962263
vn 0.034894 0.269873 0.962263
vn 0.053506 0.459747 -0.886437
vn 0.053506 0.459747 -0.886437
vn -0.382302 0.827880 -0.410439
vn -0.382302 0.827880 -0.410439
vn -0.051872 -0.261252 -0.963876
vn -0.051872 -0.261252 -0.963876
vn -0.591638 -0.596967 -0.541844
vn -0.591638 -0.596967 -0.541844
vn -0.976451 -0.210064 -0.049164
vn -0.976451 -0.210064 -0.049164
vn -0.877436 0.479641 0.007016
vn -0.877436 0.479641 0.007016
vn 0.721714 0.446375 -0.529035
vn 0.721714 0.446375 -0.529035
vn 0.169097 0.978454 0.118461
vn 0.169097 0.978454 0.118461
vn 0.561822 -0.511163 -0.650437
vn 0.561822 -0.511163 -0.650437
vn -0.169709 -0.978325 -0.118653
vn -0.169709 -0.978325 -0.118653
vn -0.722261 -0.444821 0.529598
vn -0.722261 -0.444821 0.529598
vn -0.561327 0.512391 0.649898
vn -0.561327 0.512391 0.649898
vn 0.556944 0.655624 0.509873
vn 0.964153 0.263507 0.031215
vn 0.964153 0.263507 0.031215
vn 0.556944 0.655624 0.509873
vn 0.896781 -0.442471 -0.001833
vn 0.896781 -0.442471 -0.001833
vn 0.407535 -0.802654 0.435502
vn 0.407535 -0.802654 0.435502
vn -0.050765 -0.421920 0.905211
vn -0.050765 -0.421920 0.905211
vn 0.027662 0.316744 0.948108
vn 0.027662 0.316744 0.948108
vn -0.239376 0.932577 -0.270185
vn 0.210738 0.550434 -0.807844
vn 0.210738 0.550434 -0.807844
vn -0.239376 0.932577 -0.270185
vn -0.807371 0.569309 0.155044
vn -0.807371 0.569309 0.155044
vn -0.994118 -0.108303 -0.000700
vn -0.994118 -0.108303 -0.000700
vn -0.657798 -0.452373 -0.602213
vn -0.657798 -0.452373 -0.602213
vn -0.013913 -0.146270 -0.989147
vn -0.013913 -0.146270 -0.989147
vn 0.229364 0.956774 0.178818
vn 0.747690 0.435026 -0.501710
vn 0.747690 0.435026 -0.501710
vn 0.229364 0.956774 0.178818
vn 0.530189 -0.501831 -0.683421
vn 0.530189 -0.501831 -0.683421
vn -0.229371 -0.956837 -0.178474
vn -0.229371 -0.956837 -0.178474
vn -0.747823 -0.433262 0.503036
vn -0.747823 -0.433262 0.503036
vn -0.529225 0.503468 0.682965
vn -0.529225 0.503468 0.682965
vn 0.644597 0.483833 0.591946
vn 0.991034 0.123135 0.051861
vn 0.991034 0.123135 0.051861
vn 0.644597 0.483833 0.591946
vn 0.821660 -0.560886 -0.101404
vn 0.821660 -0.560886 -0.101404
vn 0.258372 -0.922019 0.288313
vn 0.258372 -0.922019 0.288313
vn -0.145084 -0.538800 0.829847
vn -0.145084 -0.538800 0.829847
vn 0.065207 0.168675 0.983513
vn 0.065207 0.168675 0.983513
vn 0.116540 0.536793 -0.835627
vn 0.116540 0.536793 -0.835627
vn -0.281551 0.908247 -0.309541
vn -0.281551 0.908247 -0.309541
vn -0.080394 -0.158655 -0.984056
vn -0.080394 -0.158655 -0.984056
vn -0.649238 -0.471565 -0.596755
vn -0.649238 -0.471565 -0.596755
vn -0.991259 -0.113943 -0.066501
vn -0.991259 -0.113943 -0.066501
vn -0.827123 0.557034 0.074708
vn -0.827123 0.557034 0.074708
vn 0.772820 0.420835 -0.475024
vn 0.772820 0.420835 -0.475024
vn 0.288343 0.927511 0.237871
vn 0.288343 0.927511 0.237871
vn 0.498627 -0.488574 -0.716007
vn 0.498627 -0.488574 -0.716007
vn -0.288488 -0.927492 -0.237768
vn -0.288488 -0.927492 -0.237768
vn -0.773132 -0.418669 0.476428
vn -0.773132 -0.418669 0.476428
vn -0.497187 0.490497 0.715694
vn -0.497187 0.490497 0.715694
vn 0.622727 0.534367 0.571545
vn 0.985185 0.161920 0.056506
vn 0.985185 0.161920 0.056506
vn 0.622727 0.534367 0.571545
vn 0.849164 -0.525770 -0.049865
vn 0.849164 -0.525770 -0.049865
vn 0.319147 -0.880354 0.350889
vn 0.319147 -0.880354 0.350889
vn -0.097131 -0.503495 0.858521
vn -0.097131 -0.503495 0.858521
vn 0.064295 0.210666 0.975441
vn 0.064295 0.210666 0.975441
vn 0.685495 0.350154 0.638348
vn 0.055679 0.049103 0.997241
vn 0.055679 0.049103 0.997241
vn 0.685495 0.350154 0.638348
vn 0.998793 0.021970 0.043928
vn 0.998793 0.021970 0.043928
vn 0.745575 -0.631936 -0.211602
vn 0.745575 -0.631936 -0.211602
vn 0.113206 -0.984222 0.135982
vn 0.113206 -0.984222 0.135982
vn -0.251724 -0.618846 0.744087
vn -0.251724 -0.618846 0.744087
vn 0.402784 0.841407 0.360276
vn -0.439985 0.446234 0.779287
vn -0.439985 0.446234 0.779287
vn 0.402784 0.841407 0.360276
vn -0.825909 -0.382836 0.413898
vn -0.825909 -0.382836 0.413898
vn -0.403068 -0.840999 -0.360912
vn -0.403068 -0.840999 -0.360912
vn 0.441560 -0.444152 -0.779586
vn 0.441560 -0.444152 -0.779586
vn 0.825682 0.384796 -0.412531
vn 0.825682 0.384796 -0.412531
vn -0.107497 0.985743 -0.129441
vn -0.728514 0.655178 0.200024
vn -0.728514 0.655178 0.200024
vn -0.107497 0.985743 -0.129441
vn -0.997609 0.032338 -0.061072
vn -0.997609 0.032338 -0.061072
vn -0.702503 -0.281122 -0.653804
vn -0.702503 -0.281122 -0.653804
vn -0.078171 0.010152 -0.996888
vn -0.078171 0.010152 -0.996888
vn 0.235790 0.643935 -0.727840
vn 0.235790 0.643935 -0.727840
vn 0.099355 -0.028898 0.994632
vn 0.099355 -0.028898 0.994632
vn 0.708465 0.252775 0.658925
vn 0.708465 0.252775 0.658925
vn -0.216474 -0.647096 0.731031
vn -0.216474 -0.647096 0.731031
vn 0.117784 -0.983311 0.138659
vn 0.117784 -0.983311 0.138659
vn 0.731208 -0.657040 -0.183393
vn 0.731208 -0.657040 -0.183393
vn 0.995634 -0.048815 0.079559
vn 0.995634 -0.048815 0.079559
vn -0.440114 0.444771 0.780050
vn -0.440114 0.444771 0.780050
vn 0.397691 0.845583 0.356134
vn 0.397691 0.845583 0.356134
vn -0.820772 -0.388074 0.419204
vn -0.820772 -0.388074 0.419204
vn -0.397474 -0.845597 -0.356344
vn -0.397474 -0.845597 -0.356344
vn 0.441942 -0.442880 -0.780092
vn 0.441942 -0.442880 -0.780092
vn 0.820733 0.389816 -0.417661
vn 0.820733 0.389816 -0.417661
vn 0.663122 0.416782 0.621741
vn 0.018371 0.131750 0.991113
vn 0.018371 0.131750 0.991113
vn 0.663122 0.416782 0.621741
vn 0.995893 0.088087 0.020930
vn 0.995893 0.088087 0.020930
vn 0.796291 -0.575783 -0.185458
vn 0.796291 -0.575783 -0.185458
vn 0.214852 -0.948480 0.232860
vn 0.214852 -0.948480 0.232860
vn -0.223053 -0.558349 0.799058
vn -0.223053 -0.558349 0.799058
vn 0.360280 0.876122 0.320325
vn -0.460856 0.458861 0.759644
vn -0.460856 0.458861 0.759644
vn 0.360280 0.876122 0.320325
vn -0.805109 -0.402589 0.435570
vn -0.805109 -0.402589 0.435570
vn -0.360061 -0.876132 -0.320543
vn -0.360061 -0.876132 -0.320543
vn 0.462623 -0.456846 -0.759784
vn 0.462623 -0.456846 -0.759784
vn 0.804974 0.404447 -0.434096
vn 0.804974 0.404447 -0.434096
vn -0.191474 0.958555 -0.210973
vn -0.780379 0.607798 0.146934
vn -0.780379 0.607798 0.146934
vn -0.191474 0.958555 -0.210973
vn -0.996902 -0.049919 -0.060782
vn -0.996902 -0.049919 -0.060782
vn -0.673614 -0.388309 -0.628856
vn -0.673614 -0.388309 -0.628856
vn -0.070673 -0.078477 -0.994408
vn -0.070673 -0.078477 -0.994408
vn 0.184643 0.598191 -0.779791
vn 0.184643 0.598191 -0.779791
vn 0.093028 0.061706 0.993750
vn 0.093028 0.061706 0.993750
vn 0.681766 0.361113 0.636233
vn 0.681766 0.361113 0.636233
vn -0.165634 -0.599449 0.783088
vn -0.165634 -0.599449 0.783088
vn 0.201194 -0.954580 0.219768
vn 0.201194 -0.954580 0.219768
vn 0.783137 -0.608067 -0.130197
vn 0.783137 -0.608067 -0.130197
vn 0.996134 0.034852 0.080633
vn 0.996134 0.034852 0.080633
vn -0.482173 0.471156 0.738594
vn -0.482173 0.471156 0.738594
vn 0.321388 0.903657 0.283043
vn 0.321388 0.903657 0.283043
vn -0.788761 -0.415903 0.452637
vn -0.788761 -0.415903 0.452637
vn -0.321191 -0.903666 -0.283239
vn -0.321191 -0.903666 -0.283239
vn 0.483854 -0.469104 -0.738801
vn 0.483854 -0.469104 -0.738801
vn 0.788551 0.417820 -0.451237
vn 0.788551 0.417820 -0.451237
vn -0.163724 0.969295 -0.183472
vn -0.758457 0.632180 0.158399
vn -0.758457 0.632180 0.158399
vn -0.163724 0.969295 -0.183472
vn -0.997628 -0.004146 -0.068707
vn -0.997628 -0.004146 -0.068707
vn -0.690552 -0.329767 -0.643733
vn -0.690552 -0.329767 -0.643733
vn -0.083133 -0.029108 -0.996113
vn -0.083133 -0.029108 -0.996113
vn 0.193677 0.622740 -0.758079
vn 0.193677 0.622740 -0.758079
s 1
g polySurface24980
f 7/1/1 2/2/2 1/3/3 8/4/4
f 6/5/5 7/6/1 8/7/4 5/8/6
s 2
f 11/9/7 4/10/8 3/11/9 12/12/10
f 12/13/10 3/14/9 2/15/11 7/16/12
f 9/17/13 12/18/10 7/19/12 6/20/14
f 10/21/15 11/22/7 12/23/10 9/24/13
s 3
f 13/25/16 10/26/17 9/27/18 15/28/19
f 15/29/19 9/30/18 6/31/20 14/32/21
s off
f 14/33/22 6/34/23 5/35/24 16/36/25
s 5
f 24/37/26 43/38/27 42/39/28 23/40/29
s 6
f 23/40/30 42/39/31 41/41/32 26/42/33
s 7
f 34/43/34 31/44/35 28/45/36 158/46/37
s off
f 27/47/38 30/48/39 28/49/40
s 9
f 28/45/41 29/50/42 157/51/43 158/46/44
s 10
f 159/52/45 160/53/46 29/54/47 28/49/48
s 11
f 37/55/49 159/52/50 28/49/51 30/48/52
s off
f 27/56/53 28/45/54 31/44/55
s 13
f 36/57/56 31/58/57 34/59/58 35/60/59
f 35/60/59 34/59/58 21/61/60 33/62/61
s off
f 32/63/62 39/64/63 30/65/64 27/66/65
s 15
f 38/67/66 40/68/67 24/69/68 37/70/69
f 39/64/70 38/67/66 37/70/69 30/65/71
f 40/68/67 44/71/72 43/72/73 24/69/68
s 6
f 42/39/31 17/73/74 19/74/75 41/41/32
s 5
f 43/38/27 18/75/76 17/73/77 42/39/28
s 15
f 44/71/72 20/76/78 18/77/79 43/72/73
s 16
f 46/78/80 45/79/81 66/80/82 67/81/83
s 17
f 45/79/84 47/82/85 65/83/86 66/80/87
s 18
f 48/84/88 46/85/89 67/86/90 68/87/91
s 19
f 59/88/92 145/89/93 53/90/94 56/91/95
s off
f 52/92/96 53/93/97 55/94/98
s 21
f 53/90/99 145/89/100 146/95/101 54/96/102
s 22
f 148/97/103 53/93/104 54/98/105 147/99/106
s 23
f 62/100/107 55/94/108 53/93/109 148/97/110
s off
f 52/101/111 56/91/112 53/90/113
f 57/102/114 61/103/115 56/104/116 52/105/117
s 26
f 60/106/118 58/107/119 49/108/120 59/109/121
f 61/103/122 60/106/118 59/109/121 56/104/123
s 27
f 64/110/124 55/111/125 62/112/126 63/113/127
f 63/113/127 62/112/126 46/114/128 48/115/129
s 17
f 66/80/87 65/83/86 19/116/130 17/117/131
s 16
f 67/81/83 66/80/82 17/117/132 18/118/133
s 18
f 68/87/91 67/86/90 18/119/134 20/120/135
s 28
f 73/121/136 74/122/137 95/123/138 94/124/139
s 29
f 74/122/140 78/125/141 96/126/142 95/123/143
s 30
f 77/127/144 76/128/145 99/129/146 98/130/147
s 31
f 76/128/148 75/131/149 100/132/150 99/129/151
s 32
f 86/133/152 83/134/153 80/135/154 150/136/155
s off
f 79/137/156 82/138/157 80/139/158
s 34
f 80/135/159 81/140/160 149/141/161 150/136/162
s 35
f 151/142/163 152/143/164 81/144/165 80/139/166
s 36
f 89/145/167 151/142/168 80/139/169 82/138/170
s off
f 79/146/171 80/135/172 83/134/173
s 38
f 88/147/174 83/148/175 86/149/176 87/150/177
f 87/150/177 86/149/176 73/151/178 85/152/179
s off
f 84/153/180 91/154/181 82/155/182 79/156/183
s 40
f 90/157/184 72/158/185 70/159/186 89/160/187
f 91/154/188 90/157/184 89/160/187 82/155/189
s 41
f 85/161/190 73/162/191 94/163/192 93/164/193
s 42
f 92/165/194 77/166/195 98/167/196 97/168/197
s 41
f 94/163/192 77/169/198 92/170/199 93/164/193
s 28
f 95/123/138 76/171/200 77/172/201 94/124/139
s 29
f 96/126/142 75/173/202 76/171/203 95/123/143
s 42
f 98/167/196 49/174/204 58/175/205 97/168/197
s 30
f 99/129/146 50/176/206 49/177/207 98/130/147
s 31
f 100/132/150 51/178/208 50/176/209 99/129/151
s 43
f 102/179/210 101/180/211 130/181/212 131/182/213
s 44
f 101/180/214 103/183/215 129/184/216 130/181/217
s 45
f 104/185/218 102/186/219 131/187/220 132/188/221
s 46
f 108/189/222 107/190/223 134/191/224 135/192/225
s 47
f 105/193/226 138/194/227 139/195/228 106/196/229
s 48
f 106/196/230 139/195/231 140/197/232 112/198/233
s 49
f 107/190/234 113/199/235 133/200/236 134/191/237
s 50
f 111/201/238 142/202/239 143/203/240 110/204/241
s 51
f 110/204/242 143/203/243 144/205/244 109/206/245
s 52
f 121/207/246 155/208/247 115/209/248 118/210/249
s off
f 114/211/250 115/212/251 117/213/252
s 54
f 115/209/253 155/208/254 156/214/255 116/215/256
s 55
f 154/216/257 115/212/258 116/217/259 153/218/260
s 56
f 124/219/261 117/213/262 115/212/263 154/216/264
s off
f 114/220/265 118/210/266 115/209/267
f 119/221/268 123/222/269 118/223/270 114/224/271
s 59
f 122/225/272 120/226/273 105/227/274 121/228/275
f 123/222/276 122/225/272 121/228/275 118/223/277
s 60
f 126/229/278 117/230/279 124/231/280 125/232/281
f 125/232/281 124/231/280 108/233/282 127/234/283
f 127/234/283 108/233/282 135/235/284 136/236/285
s 61
f 120/237/286 137/238/287 138/239/288 105/240/289
s 62
f 128/241/290 141/242/291 142/243/292 111/244/293
s 44
f 130/181/217 129/184/216 71/245/294 69/246/295
s 43
f 131/182/213 130/181/212 69/246/296 70/247/297
s 45
f 132/188/221 131/187/220 70/248/298 72/249/299
s 49
f 134/191/237 133/200/236 103/250/300 101/251/301
s 46
f 135/192/225 134/191/224 101/251/302 102/252/303
s 60
f 136/236/285 135/235/284 102/253/304 104/254/305
s 61
f 138/239/288 137/238/287 128/255/306 111/256/307
s 47
f 139/195/228 138/194/227 111/257/308 110/258/309
s 48
f 140/197/232 139/195/231 110/258/310 109/259/311
s 62
f 142/243/292 141/242/291 33/260/312 21/261/313
s 50
f 143/203/240 142/202/239 21/262/314 22/263/315
s 51
f 144/205/244 143/203/243 22/263/316 25/264/317
s off
f 57/265/318 52/266/319 55/111/320 64/110/321
s 19
f 49/267/322 50/268/323 145/89/93 59/88/92
s 21
f 146/95/101 145/89/100 50/268/324 51/269/325
s 22
f 45/270/326 148/97/103 147/99/106 47/271/327
s 23
f 46/272/328 62/100/107 148/97/110 45/270/329
s off
f 84/273/330 79/274/331 83/148/332 88/147/333
f 119/275/334 114/276/335 117/230/336 126/229/337
f 32/277/338 27/278/339 31/58/340 36/57/341
s 34
f 150/136/162 149/141/161 78/279/342 74/280/343
s 32
f 73/281/344 86/133/152 150/136/155 74/280/345
s 36
f 70/282/346 69/283/347 151/142/168 89/145/167
s 35
f 69/283/348 71/284/349 152/143/164 151/142/163
s 55
f 107/285/350 154/216/257 153/218/260 113/286/351
s 56
f 108/287/352 124/219/261 154/216/264 107/285/353
s 52
f 105/288/354 106/289/355 155/208/247 121/207/246
s 54
f 156/214/255 155/208/254 106/289/356 112/290/357
s 9
f 158/46/44 157/51/43 25/291/358 22/292/359
s 7
f 21/293/360 34/43/34 158/46/37 22/292/361
s 11
f 24/294/362 23/295/363 159/52/50 37/55/49
s 10
f 23/295/364 26/296/365 160/53/46 159/52/45
s 67
f 180/297/366 167/298/367 166/299/368 179/300/369
s 68
f 169/301/370 168/302/371 177/303/372 178/304/373
s 69
f 166/299/374 169/301/375 178/304/376 179/300/377
s 70
f 168/305/378 170/306/379 176/307/380 177/308/381
s 71
f 170/309/382 57/310/383 64/311/384 176/312/385
f 171/313/386 63/314/387 48/315/388 181/316/389
s 70
f 172/317/390 171/318/391 181/319/392 182/320/393
s 68
f 173/321/394 172/322/395 182/323/396 183/324/397
s 69
f 174/325/398 173/321/399 183/324/400 184/326/401
s 67
f 185/327/402 175/328/403 174/325/404 184/326/405
s 71
f 176/312/385 64/311/384 63/314/387 171/313/386
s 70
f 177/308/381 176/307/380 171/329/391 172/330/390
s 68
f 178/304/373 177/303/372 172/322/395 173/321/394
s 69
f 179/300/377 178/304/376 173/321/399 174/325/398
s 67
f 175/328/403 180/297/366 179/300/369 174/325/404
s 71
f 181/316/389 48/315/388 68/331/406 211/332/407
s 70
f 182/320/393 181/319/392 211/333/408 212/334/409
s 68
f 183/324/397 182/323/396 212/335/410 213/336/411
s 69
f 184/326/401 183/324/400 213/336/412 214/337/413
s 67
f 215/338/414 185/327/402 184/326/405 214/337/415
s 72
f 205/339/416 204/340/417 186/341/418 187/342/419
s 73
f 189/343/420 203/344/421 202/345/422 188/346/423
s 74
f 186/341/424 204/340/425 203/344/426 189/343/427
s 75
f 188/347/428 202/348/429 201/349/430 190/350/431
s 76
f 190/351/432 201/352/433 39/353/434 32/354/435
f 196/355/436 195/356/437 40/357/438 38/358/439
s 75
f 197/359/440 193/360/441 195/361/442 196/362/443
s 73
f 198/363/444 194/364/445 193/365/446 197/366/447
s 74
f 199/367/448 191/368/449 194/364/450 198/363/451
s 72
f 192/369/452 191/368/453 199/367/454 200/370/455
s 76
f 201/352/433 196/355/436 38/358/439 39/353/434
s 75
f 202/348/429 197/371/440 196/372/443 201/349/430
s 73
f 203/344/421 198/363/444 197/366/447 202/345/422
s 74
f 204/340/425 199/367/448 198/363/451 203/344/426
s 72
f 200/370/455 199/367/454 204/340/417 205/339/416
s 76
f 195/373/437 210/374/456 44/375/457 40/376/438
s 75
f 193/377/441 209/378/458 210/379/459 195/380/442
s 73
f 194/381/445 208/382/460 209/383/461 193/384/446
s 74
f 191/385/449 207/386/462 208/382/463 194/381/450
s 72
f 192/387/452 206/388/464 207/386/465 191/385/453
f 206/388/464 165/389/466 164/390/467 207/386/465
s 74
f 208/382/463 207/386/462 164/390/468 163/391/469
s 73
f 209/383/461 208/382/460 163/391/470 162/392/471
s 75
f 210/379/459 209/378/458 162/393/472 161/394/473
s 76
f 44/375/457 210/374/456 161/395/474 20/396/475
s 71
f 211/332/407 68/331/406 20/397/476 161/398/477
s 70
f 212/334/409 211/333/408 161/399/478 162/400/479
s 68
f 213/336/411 212/335/410 162/401/480 163/402/481
s 69
f 214/337/413 213/336/412 163/402/482 164/403/483
s 67
f 165/404/484 215/338/414 214/337/415 164/403/485
s 77
f 235/405/486 222/406/487 221/407/488 234/408/489
s 78
f 224/409/490 223/410/491 232/411/492 233/412/493
s 79
f 221/407/494 224/409/495 233/412/496 234/408/497
s 80
f 223/413/498 225/414/499 231/415/500 232/416/501
s 81
f 225/417/502 84/418/503 88/419/504 231/420/505
f 226/421/506 87/422/507 85/423/508 236/424/509
s 80
f 227/425/510 226/426/511 236/427/512 237/428/513
s 78
f 228/429/514 227/430/515 237/431/516 238/432/517
s 79
f 229/433/518 228/429/519 238/432/520 239/434/521
s 77
f 240/435/522 230/436/523 229/433/524 239/434/525
s 81
f 231/420/505 88/419/504 87/422/507 226/421/506
s 80
f 232/416/501 231/415/500 226/437/511 227/438/510
s 78
f 233/412/493 232/411/492 227/430/515 228/429/514
s 79
f 234/408/497 233/412/496 228/429/519 229/433/518
s 77
f 230/436/523 235/405/486 234/408/489 229/433/524
s 81
f 236/424/509 85/423/508 93/439/526 261/440/527
s 80
f 237/428/513 236/427/512 261/441/528 262/442/529
s 78
f 238/432/517 237/431/516 262/443/530 263/444/531
s 79
f 239/434/521 238/432/520 263/444/532 264/445/533
s 77
f 265/446/534 240/435/522 239/434/525 264/445/535
f 255/447/536 254/448/537 166/449/538 167/450/539
s 78
f 169/451/540 253/452/541 252/453/542 168/454/543
s 79
f 166/449/544 254/448/545 253/452/546 169/451/547
s 80
f 168/455/548 252/456/549 251/457/550 170/458/551
s 81
f 170/459/552 251/460/553 61/461/554 57/462/555
f 246/463/556 245/464/557 58/465/558 60/466/559
s 80
f 247/467/560 243/468/561 245/469/562 246/470/563
s 78
f 248/471/564 244/472/565 243/473/566 247/474/567
s 79
f 249/475/568 241/476/569 244/472/570 248/471/571
s 77
f 242/477/572 241/476/573 249/475/574 250/478/575
s 81
f 251/460/553 246/463/556 60/466/559 61/461/554
s 80
f 252/456/549 247/479/560 246/480/563 251/457/550
s 78
f 253/452/541 248/471/564 247/474/567 252/453/542
s 79
f 254/448/545 249/475/568 248/471/571 253/452/546
s 77
f 250/478/575 249/475/574 254/448/537 255/447/536
s 81
f 245/481/557 260/482/576 97/483/577 58/484/558
s 80
f 243/485/561 259/486/578 260/487/579 245/488/562
s 78
f 244/489/565 258/490/580 259/491/581 243/492/566
s 79
f 241/493/569 257/494/582 258/490/583 244/489/570
s 77
f 242/495/572 256/496/584 257/494/585 241/493/573
f 256/496/584 220/497/586 219/498/587 257/494/585
s 79
f 258/490/583 257/494/582 219/498/588 218/499/589
s 78
f 259/491/581 258/490/580 218/499/590 217/500/591
s 80
f 260/487/579 259/486/578 217/501/592 216/502/593
s 81
f 97/483/577 260/482/576 216/503/594 92/504/595
f 261/440/527 93/439/526 92/505/595 216/506/594
s 80
f 262/442/529 261/441/528 216/507/593 217/508/592
s 78
f 263/444/531 262/443/530 217/509/591 218/510/590
s 79
f 264/445/533 263/444/532 218/510/589 219/511/588
s 77
f 220/512/586 265/446/534 264/445/535 219/511/587
s 82
f 285/513/596 272/514/597 271/515/598 284/516/599
s 83
f 274/517/600 273/518/601 282/519/602 283/520/603
s 84
f 271/515/604 274/517/605 283/520/606 284/516/607
s 85
f 273/521/608 275/522/609 281/523/610 282/524/611
s 86
f 275/525/612 119/526/613 126/527/614 281/528/615
f 276/529/616 125/530/617 127/531/618 286/532/619
s 85
f 277/533/620 276/534/621 286/535/622 287/536/623
s 83
f 278/537/624 277/538/625 287/539/626 288/540/627
s 84
f 279/541/628 278/537/629 288/540/630 289/542/631
s 82
f 290/543/632 280/544/633 279/541/634 289/542/635
s 86
f 281/528/615 126/527/614 125/530/617 276/529/616
s 85
f 282/524/611 281/523/610 276/545/621 277/546/620
s 83
f 283/520/603 282/519/602 277/538/625 278/537/624
s 84
f 284/516/607 283/520/606 278/537/629 279/541/628
s 82
f 280/544/633 285/513/596 284/516/599 279/541/634
s 86
f 286/532/619 127/531/618 136/547/636 311/548/637
s 85
f 287/536/623 286/535/622 311/549/638 312/550/639
s 83
f 288/540/627 287/539/626 312/551/640 313/552/641
s 84
f 289/542/631 288/540/630 313/552/642 314/553/643
s 82
f 315/554/644 290/543/632 289/542/635 314/553/645
s 87
f 305/555/646 304/556/647 221/557/648 222/558/649
s 88
f 224/559/650 303/560/651 302/561/652 223/562/653
s 89
f 221/557/654 304/556/655 303/560/656 224/559/657
s 90
f 223/563/658 302/564/659 301/565/660 225/566/661
s 91
f 225/567/662 301/568/663 91/569/664 84/570/665
f 296/571/666 295/572/667 72/573/668 90/574/669
s 90
f 297/575/670 293/576/671 295/577/672 296/578/673
s 88
f 298/579/674 294/580/675 293/581/676 297/582/677
s 89
f 299/583/678 291/584/679 294/580/680 298/579/681
s 87
f 292/585/682 291/584/683 299/583/684 300/586/685
s 91
f 301/568/663 296/571/666 90/574/669 91/569/664
s 90
f 302/564/659 297/587/670 296/588/673 301/565/660
s 88
f 303/560/651 298/579/674 297/582/677 302/561/652
s 89
f 304/556/655 299/583/678 298/579/681 303/560/656
s 87
f 300/586/685 299/583/684 304/556/647 305/555/646
s 91
f 295/589/667 310/590/686 132/591/687 72/592/668
s 90
f 293/593/671 309/594/688 310/595/689 295/596/672
s 88
f 294/597/675 308/598/690 309/599/691 293/600/676
s 89
f 291/601/679 307/602/692 308/598/693 294/597/680
s 87
f 292/603/682 306/604/694 307/602/695 291/601/683
f 306/604/694 270/605/696 269/606/697 307/602/695
s 89
f 308/598/693 307/602/692 269/606/698 268/607/699
s 88
f 309/599/691 308/598/690 268/607/700 267/608/701
s 90
f 310/595/689 309/594/688 267/609/702 266/610/703
s 91
f 132/591/687 310/590/686 266/611/704 104/612/705
s 86
f 311/548/637 136/547/636 104/613/706 266/614/707
s 85
f 312/550/639 311/549/638 266/615/708 267/616/709
s 83
f 313/552/641 312/551/640 267/617/710 268/618/711
s 84
f 314/553/643 313/552/642 268/618/712 269/619/713
s 82
f 270/620/714 315/554/644 314/553/645 269/619/715
s 92
f 330/621/716 187/622/717 186/623/718 329/624/719
s 93
f 189/625/720 188/626/721 327/627/722 328/628/723
s 94
f 186/623/724 189/625/725 328/628/726 329/624/727
s 95
f 188/629/728 190/630/729 326/631/730 327/632/731
s 96
f 190/633/732 32/634/733 36/635/734 326/636/735
f 321/637/736 35/638/737 33/639/738 331/640/739
s 95
f 322/641/740 321/642/741 331/643/742 332/644/743
s 93
f 323/645/744 322/646/745 332/647/746 333/648/747
s 94
f 324/649/748 323/645/749 333/648/750 334/650/751
s 92
f 335/651/752 325/652/753 324/649/754 334/650/755
s 96
f 326/636/735 36/635/734 35/638/737 321/637/736
s 95
f 327/632/731 326/631/730 321/653/741 322/654/740
s 93
f 328/628/723 327/627/722 322/646/745 323/645/744
s 94
f 329/624/727 328/628/726 323/645/749 324/649/748
s 92
f 325/652/753 330/621/716 329/624/719 324/649/754
s 96
f 331/640/739 33/639/738 141/655/756 356/656/757
s 95
f 332/644/743 331/643/742 356/657/758 357/658/759
s 93
f 333/648/747 332/647/746 357/659/760 358/660/761
s 94
f 334/650/751 333/648/750 358/660/762 359/661/763
s 92
f 360/662/764 335/651/752 334/650/755 359/661/765
f 350/663/766 349/664/767 271/665/768 272/666/769
s 93
f 274/667/770 348/668/771 347/669/772 273/670/773
s 94
f 271/665/774 349/664/775 348/668/776 274/667/777
s 95
f 273/671/778 347/672/779 346/673/780 275/674/781
s 96
f 275/675/782 346/676/783 123/677/784 119/678/785
f 341/679/786 340/680/787 120/681/788 122/682/789
s 95
f 342/683/790 338/684/791 340/685/792 341/686/793
s 93
f 343/687/794 339/688/795 338/689/796 342/690/797
s 94
f 344/691/798 336/692/799 339/688/800 343/687/801
s 92
f 337/693/802 336/692/803 344/691/804 345/694/805
s 96
f 346/676/783 341/679/786 122/682/789 123/677/784
s 95
f 347/672/779 342/695/790 341/696/793 346/673/780
s 93
f 348/668/771 343/687/794 342/690/797 347/669/772
s 94
f 349/664/775 344/691/798 343/687/801 348/668/776
s 92
f 345/694/805 344/691/804 349/664/767 350/663/766
s 96
f 340/697/787 355/698/806 137/699/807 120/700/788
s 95
f 338/701/791 354/702/808 355/703/809 340/704/792
s 93
f 339/705/795 353/706/810 354/707/811 338/708/796
s 94
f 336/709/799 352/710/812 353/706/813 339/705/800
s 92
f 337/711/802 351/712/814 352/710/815 336/709/803
f 351/712/814 320/713/816 319/714/817 352/710/815
s 94
f 353/706/813 352/710/812 319/714/818 318/715/819
s 93
f 354/707/811 353/706/810 318/715/820 317/716/821
s 95
f 355/703/809 354/702/808 317/717/822 316/718/823
s 96
f 137/699/807 355/698/806 316/719/824 128/720/825
f 356/656/757 141/655/756 128/721/825 316/722/824
s 95
f 357/658/759 356/657/758 316/723/823 317/724/822
s 93
f 358/660/761 357/659/760 317/725/821 318/726/820
s 94
f 359/661/763 358/660/762 318/726/819 319/727/818
s 92
f 320/728/816 360/662/764 359/661/765 319/727/817
s 97
f 361/729/826 364/730/827 363/731/828 362/732/829
f 361/729/826 362/732/829 366/733/830 365/734/831
f 365/734/831 366/733/830 368/735/832 367/736/833
f 369/737/834 370/738/835 367/739/833 368/740/832
f 370/738/835 369/737/834 372/741/836 371/742/837
f 371/742/837 372/741/836 363/731/828 364/730/827
s 98
f 373/743/838 375/744/839 374/745/840
f 373/743/838 374/745/840 376/746/841
s 99
f 374/747/842 375/748/843 364/730/844 361/729/845
f 375/748/843 377/749/846 371/742/847 364/730/844
f 378/750/848 370/738/849 371/742/847 377/749/846
f 367/739/850 370/738/849 378/750/848 379/751/851
f 379/752/851 376/753/852 365/734/853 367/736/850
f 374/747/842 361/729/845 365/734/853 376/753/852
s 98
f 378/754/854 377/755/855 373/743/838
f 378/754/854 373/743/838 379/756/856
f 373/743/838 376/746/841 379/756/856
f 377/755/855 375/744/839 373/743/838
s 100
f 380/757/857 383/758/858 382/759/859 381/760/860
f 380/757/857 381/760/860 385/761/861 384/762/862
f 384/762/862 385/761/861 387/763/863 386/764/864
f 388/765/865 386/764/864 387/763/863 389/766/866
f 388/765/865 389/766/866 391/767/867 390/768/868
f 390/769/868 391/770/867 382/759/859 383/758/858
s 101
f 392/771/869 395/772/870 394/773/871 393/774/872
f 396/775/873 397/776/874 394/773/871 395/772/870
f 398/777/875 399/778/876 397/779/874 396/780/873
f 398/777/875 401/781/877 400/782/878 399/778/876
f 402/783/879 403/784/880 400/782/878 401/781/877
f 392/771/869 393/774/872 403/784/880 402/783/879
s 102
f 404/785/881 407/786/882 406/787/883 405/788/884
f 408/789/885 409/790/886 406/787/883 407/786/882
f 410/791/887 411/792/888 409/793/886 408/794/885
f 410/791/887 413/795/889 412/796/890 411/792/888
f 414/797/891 415/798/892 412/796/890 413/795/889
f 404/785/881 405/788/884 415/798/892 414/797/891
s 103
f 394/773/893 407/786/894 404/785/895 393/774/896
f 397/776/897 408/789/898 407/786/894 394/773/893
f 399/778/899 410/791/900 408/794/898 397/779/897
f 400/782/901 413/795/902 410/791/900 399/778/899
f 403/784/903 414/797/904 413/795/902 400/782/901
f 393/774/896 404/785/895 414/797/904 403/784/903
s 104
f 406/787/905 383/758/906 380/757/907 405/788/908
f 409/790/909 390/769/910 383/758/906 406/787/905
f 411/792/911 388/765/912 390/768/910 409/793/909
f 412/796/913 386/764/914 388/765/912 411/792/911
f 415/798/915 384/762/916 386/764/914 412/796/913
f 405/788/908 380/757/907 384/762/916 415/798/915
s 105
f 362/799/917 363/800/918 395/772/919 392/771/920
f 363/800/918 372/801/921 396/775/922 395/772/919
f 372/802/921 369/803/923 398/777/924 396/780/922
f 369/803/923 368/804/925 401/781/926 398/777/924
f 368/804/925 366/805/927 402/783/928 401/781/926
f 366/805/927 362/799/917 392/771/920 402/783/928
s 106
f 416/806/929 419/807/930 418/808/931 417/809/932
f 416/806/929 417/809/932 421/810/933 420/811/934
f 420/811/934 421/810/933 423/812/935 422/813/936
f 424/814/937 422/813/936 423/812/935 425/815/938
f 424/814/937 425/815/938 427/816/939 426/817/940
f 426/818/940 427/819/939 418/808/931 419/807/930
s 107
f 428/820/941 431/821/942 430/822/943 429/823/944
f 432/824/945 433/825/946 430/822/943 431/821/942
f 434/826/947 435/827/948 433/828/946 432/829/945
f 434/826/947 437/830/949 436/831/950 435/827/948
f 438/832/951 439/833/952 436/831/950 437/830/949
f 428/820/941 429/823/944 439/833/952 438/832/951
s 108
f 440/834/953 443/835/954 442/836/955 441/837/956
f 444/838/957 445/839/958 442/836/955 443/835/954
f 446/840/959 447/841/960 445/842/958 444/843/957
f 446/840/959 449/844/961 448/845/962 447/841/960
f 450/846/963 451/847/964 448/845/962 449/844/961
f 440/834/953 441/837/956 451/847/964 450/846/963
s 109
f 430/822/965 443/835/966 440/834/967 429/823/968
f 433/825/969 444/838/970 443/835/966 430/822/965
f 435/827/971 446/840/972 444/843/970 433/828/969
f 436/831/973 449/844/974 446/840/972 435/827/971
f 439/833/975 450/846/976 449/844/974 436/831/973
f 429/823/968 440/834/967 450/846/976 439/833/975
s 110
f 442/836/977 419/807/978 416/806/979 441/837/980
f 445/839/981 426/818/982 419/807/978 442/836/977
f 447/841/983 424/814/984 426/817/982 445/842/981
f 448/845/985 422/813/986 424/814/984 447/841/983
f 451/847/987 420/811/988 422/813/986 448/845/985
f 441/837/980 416/806/979 420/811/988 451/847/987
s 111
f 381/848/989 382/849/990 431/821/991 428/820/992
f 382/849/990 391/850/993 432/824/994 431/821/991
f 391/851/993 389/852/995 434/826/996 432/829/994
f 389/852/995 387/853/997 437/830/998 434/826/996
f 387/853/997 385/854/999 438/832/1000 437/830/998
f 385/854/999 381/848/989 428/820/992 438/832/1000
s 112
f 458/855/1001 459/856/1002 452/857/1003 456/858/1004
f 458/855/1001 456/858/1004 454/859/1005 460/860/1006
f 460/860/1006 454/859/1005 455/861/1007 461/862/1008
f 462/863/1009 461/862/1008 455/861/1007 457/864/1010
f 462/863/1009 457/864/1010 453/865/1011 463/866/1012
f 463/867/1012 453/868/1011 452/857/1003 459/856/1002
s 113
f 464/869/1013 467/870/1014 466/871/1015 465/872/1016
f 468/873/1017 469/874/1018 466/871/1015 467/870/1014
f 470/875/1019 471/876/1020 469/877/1018 468/878/1017
f 470/875/1019 473/879/1021 472/880/1022 471/876/1020
f 474/881/1023 475/882/1024 472/880/1022 473/879/1021
f 464/869/1013 465/872/1016 475/882/1024 474/881/1023
s 114
f 476/883/1025 479/884/1026 478/885/1027 477/886/1028
f 480/887/1029 481/888/1030 478/885/1027 479/884/1026
f 482/889/1031 483/890/1032 481/891/1030 480/892/1029
f 482/889/1031 485/893/1033 484/894/1034 483/890/1032
f 486/895/1035 487/896/1036 484/894/1034 485/893/1033
f 476/883/1025 477/886/1028 487/896/1036 486/895/1035
s 115
f 466/871/1037 479/884/1038 476/883/1039 465/872/1040
f 469/874/1041 480/887/1042 479/884/1038 466/871/1037
f 471/876/1043 482/889/1044 480/892/1042 469/877/1041
f 472/880/1045 485/893/1046 482/889/1044 471/876/1043
f 475/882/1047 486/895/1048 485/893/1046 472/880/1045
f 465/872/1040 476/883/1039 486/895/1048 475/882/1047
s 116
f 478/885/1049 459/856/1050 458/855/1051 477/886/1052
f 481/888/1053 463/867/1054 459/856/1050 478/885/1049
f 483/890/1055 462/863/1056 463/866/1054 481/891/1053
f 484/894/1057 461/862/1058 462/863/1056 483/890/1055
f 487/896/1059 460/860/1060 461/862/1058 484/894/1057
f 477/886/1052 458/855/1051 460/860/1060 487/896/1059
s 117
f 417/897/1061 418/898/1062 467/870/1063 464/869/1064
f 418/898/1062 427/899/1065 468/873/1066 467/870/1063
f 427/900/1065 425/901/1067 470/875/1068 468/878/1066
f 425/901/1067 423/902/1069 473/879/1070 470/875/1068
f 423/902/1069 421/903/1071 474/881/1072 473/879/1070
f 421/903/1071 417/897/1061 464/869/1064 474/881/1072
s 118
f 488/904/1073 491/905/1074 490/906/1075 489/907/1076
f 488/904/1073 489/907/1076 493/908/1077 492/909/1078
f 492/909/1078 493/908/1077 495/910/1079 494/911/1080
f 496/912/1081 494/911/1080 495/910/1079 497/913/1082
f 496/912/1081 497/913/1082 499/914/1083 498/915/1084
f 498/916/1084 499/917/1083 490/906/1075 491/905/1074
s 119
f 500/918/1085 503/919/1086 502/920/1087 501/921/1088
f 504/922/1089 505/923/1090 502/920/1087 503/919/1086
f 506/924/1091 507/925/1092 505/926/1090 504/927/1089
f 506/924/1091 509/928/1093 508/929/1094 507/925/1092
f 510/930/1095 511/931/1096 508/929/1094 509/928/1093
f 500/918/1085 501/921/1088 511/931/1096 510/930/1095
s 120
f 512/932/1097 515/933/1098 514/934/1099 513/935/1100
f 516/936/1101 517/937/1102 514/934/1099 515/933/1098
f 518/938/1103 519/939/1104 517/940/1102 516/941/1101
f 518/938/1103 521/942/1105 520/943/1106 519/939/1104
f 522/944/1107 523/945/1108 520/943/1106 521/942/1105
f 512/932/1097 513/935/1100 523/945/1108 522/944/1107
s 121
f 502/920/1109 515/933/1110 512/932/1111 501/921/1112
f 505/923/1113 516/936/1114 515/933/1110 502/920/1109
f 507/925/1115 518/938/1116 516/941/1114 505/926/1113
f 508/929/1117 521/942/1118 518/938/1116 507/925/1115
f 511/931/1119 522/944/1120 521/942/1118 508/929/1117
f 501/921/1112 512/932/1111 522/944/1120 511/931/1119
s 122
f 514/934/1121 491/905/1122 488/904/1123 513/935/1124
f 517/937/1125 498/916/1126 491/905/1122 514/934/1121
f 519/939/1127 496/912/1128 498/915/1126 517/940/1125
f 520/943/1129 494/911/1130 496/912/1128 519/939/1127
f 523/945/1131 492/909/1132 494/911/1130 520/943/1129
f 513/935/1124 488/904/1123 492/909/1132 523/945/1131
s 123
f 524/946/1133 525/947/1134 454/948/1135 456/858/1136
f 524/946/1133 456/858/1136 452/949/1137 526/950/1138
f 526/950/1138 452/949/1137 453/951/1139 527/952/1140
f 528/953/1141 527/952/1140 453/951/1139 457/864/1142
f 528/953/1141 457/864/1142 455/954/1143 529/955/1144
f 529/956/1144 455/957/1143 454/948/1135 525/947/1134
s 124
f 530/958/1145 533/959/1146 532/960/1147 531/961/1148
f 534/962/1149 535/963/1150 532/960/1147 533/959/1146
f 536/964/1151 537/965/1152 535/966/1150 534/967/1149
f 536/964/1151 539/968/1153 538/969/1154 537/965/1152
f 540/970/1155 541/971/1156 538/969/1154 539/968/1153
f 530/958/1145 531/961/1148 541/971/1156 540/970/1155
s 125
f 542/972/1157 545/973/1158 544/974/1159 543/975/1160
f 546/976/1161 547/977/1162 544/974/1159 545/973/1158
f 548/978/1163 549/979/1164 547/980/1162 546/981/1161
f 548/978/1163 551/982/1165 550/983/1166 549/979/1164
f 552/984/1167 553/985/1168 550/983/1166 551/982/1165
f 542/972/1157 543/975/1160 553/985/1168 552/984/1167
s 126
f 532/960/1169 545/973/1170 542/972/1171 531/961/1172
f 535/963/1173 546/976/1174 545/973/1170 532/960/1169
f 537/965/1175 548/978/1176 546/981/1174 535/966/1173
f 538/969/1177 551/982/1178 548/978/1176 537/965/1175
f 541/971/1179 552/984/1180 551/982/1178 538/969/1177
f 531/961/1172 542/972/1171 552/984/1180 541/971/1179
s 127
f 544/974/1181 525/947/1182 524/946/1183 543/975/1184
f 547/977/1185 529/956/1186 525/947/1182 544/974/1181
f 549/979/1187 528/953/1188 529/955/1186 547/980/1185
f 550/983/1189 527/952/1190 528/953/1188 549/979/1187
f 553/985/1191 526/950/1192 527/952/1190 550/983/1189
f 543/975/1184 524/946/1183 526/950/1192 553/985/1191
s 128
f 489/986/1193 490/987/1194 533/959/1195 530/958/1196
f 490/987/1194 499/988/1197 534/962/1198 533/959/1195
f 499/989/1197 497/990/1199 536/964/1200 534/967/1198
f 497/990/1199 495/991/1201 539/968/1202 536/964/1200
f 495/991/1201 493/992/1203 540/970/1204 539/968/1202
f 493/992/1203 489/986/1193 530/958/1196 540/970/1204
s 129
f 554/993/1205 555/994/1206 556/995/1207 557/996/1208
f 554/993/1205 558/997/1209 559/998/1210 555/994/1206
f 558/997/1209 560/999/1211 561/1000/1212 559/998/1210
f 562/1001/1213 561/1002/1212 560/1003/1211 563/1004/1214
f 563/1004/1214 564/1005/1215 565/1006/1216 562/1001/1213
f 564/1005/1215 557/996/1208 556/995/1207 565/1006/1216
s 130
f 566/1007/1217 567/1008/1218 568/1009/1219
f 566/1007/1217 569/1010/1220 567/1008/1218
s 131
f 567/1011/1221 554/993/1222 557/996/1223 568/1012/1224
f 568/1012/1224 557/996/1223 564/1005/1225 570/1013/1226
f 571/1014/1227 570/1013/1226 564/1005/1225 563/1004/1228
f 560/1003/1229 572/1015/1230 571/1014/1227 563/1004/1228
f 572/1016/1230 560/999/1229 558/997/1231 569/1017/1232
f 567/1011/1221 569/1017/1232 558/997/1231 554/993/1222
s 130
f 571/1018/1233 566/1007/1217 570/1019/1234
f 571/1018/1233 572/1020/1235 566/1007/1217
f 566/1007/1217 572/1020/1235 569/1010/1220
f 570/1019/1234 566/1007/1217 568/1009/1219
s 132
f 573/1021/1236 574/1022/1237 575/1023/1238 576/1024/1239
f 573/1021/1236 577/1025/1240 578/1026/1241 574/1022/1237
f 577/1025/1240 579/1027/1242 580/1028/1243 578/1026/1241
f 581/1029/1244 582/1030/1245 580/1028/1243 579/1027/1242
f 581/1029/1244 583/1031/1246 584/1032/1247 582/1030/1245
f 583/1033/1246 576/1024/1239 575/1023/1238 584/1034/1247
s 133
f 585/1035/1248 586/1036/1249 587/1037/1250 588/1038/1251
f 589/1039/1252 588/1038/1251 587/1037/1250 590/1040/1253
f 591/1041/1254 589/1042/1252 590/1043/1253 592/1044/1255
f 591/1041/1254 592/1044/1255 593/1045/1256 594/1046/1257
f 595/1047/1258 594/1046/1257 593/1045/1256 596/1048/1259
f 585/1035/1248 595/1047/1258 596/1048/1259 586/1036/1249
s 134
f 597/1049/1260 598/1050/1261 599/1051/1262 600/1052/1263
f 601/1053/1264 600/1052/1263 599/1051/1262 602/1054/1265
f 603/1055/1266 601/1056/1264 602/1057/1265 604/1058/1267
f 603/1055/1266 604/1058/1267 605/1059/1268 606/1060/1269
f 607/1061/1270 606/1060/1269 605/1059/1268 608/1062/1271
f 597/1049/1260 607/1061/1270 608/1062/1271 598/1050/1261
s 135
f 587/1037/1272 586/1036/1273 597/1049/1274 600/1052/1275
f 590/1040/1276 587/1037/1272 600/1052/1275 601/1053/1277
f 592/1044/1278 590/1043/1276 601/1056/1277 603/1055/1279
f 593/1045/1280 592/1044/1278 603/1055/1279 606/1060/1281
f 596/1048/1282 593/1045/1280 606/1060/1281 607/1061/1283
f 586/1036/1273 596/1048/1282 607/1061/1283 597/1049/1274
s 136
f 599/1051/1284 598/1050/1285 573/1021/1286 576/1024/1287
f 602/1054/1288 599/1051/1284 576/1024/1287 583/1033/1289
f 604/1058/1290 602/1057/1288 583/1031/1289 581/1029/1291
f 605/1059/1292 604/1058/1290 581/1029/1291 579/1027/1293
f 608/1062/1294 605/1059/1292 579/1027/1293 577/1025/1295
f 598/1050/1285 608/1062/1294 577/1025/1295 573/1021/1286
s 137
f 555/1063/1296 585/1035/1297 588/1038/1298 556/1064/1299
f 556/1064/1299 588/1038/1298 589/1039/1300 565/1065/1301
f 565/1066/1301 589/1042/1300 591/1041/1302 562/1067/1303
f 562/1067/1303 591/1041/1302 594/1046/1304 561/1068/1305
f 561/1068/1305 594/1046/1304 595/1047/1306 559/1069/1307
f 559/1069/1307 595/1047/1306 585/1035/1297 555/1063/1296
s 138
f 609/1070/1308 610/1071/1309 611/1072/1310 612/1073/1311
f 609/1070/1308 613/1074/1312 614/1075/1313 610/1071/1309
f 613/1074/1312 615/1076/1314 616/1077/1315 614/1075/1313
f 617/1078/1316 618/1079/1317 616/1077/1315 615/1076/1314
f 617/1078/1316 619/1080/1318 620/1081/1319 618/1079/1317
f 619/1082/1318 612/1073/1311 611/1072/1310 620/1083/1319
s 139
f 621/1084/1320 622/1085/1321 623/1086/1322 624/1087/1323
f 625/1088/1324 624/1087/1323 623/1086/1322 626/1089/1325
f 627/1090/1326 625/1091/1324 626/1092/1325 628/1093/1327
f 627/1090/1326 628/1093/1327 629/1094/1328 630/1095/1329
f 631/1096/1330 630/1095/1329 629/1094/1328 632/1097/1331
f 621/1084/1320 631/1096/1330 632/1097/1331 622/1085/1321
s 140
f 633/1098/1332 634/1099/1333 635/1100/1334 636/1101/1335
f 637/1102/1336 636/1101/1335 635/1100/1334 638/1103/1337
f 639/1104/1338 637/1105/1336 638/1106/1337 640/1107/1339
f 639/1104/1338 640/1107/1339 641/1108/1340 642/1109/1341
f 643/1110/1342 642/1109/1341 641/1108/1340 644/1111/1343
f 633/1098/1332 643/1110/1342 644/1111/1343 634/1099/1333
s 141
f 623/1086/1344 622/1085/1345 633/1098/1346 636/1101/1347
f 626/1089/1348 623/1086/1344 636/1101/1347 637/1102/1349
f 628/1093/1350 626/1092/1348 637/1105/1349 639/1104/1351
f 629/1094/1352 628/1093/1350 639/1104/1351 642/1109/1353
f 632/1097/1354 629/1094/1352 642/1109/1353 643/1110/1355
f 622/1085/1345 632/1097/1354 643/1110/1355 633/1098/1346
s 142
f 635/1100/1356 634/1099/1357 609/1070/1358 612/1073/1359
f 638/1103/1360 635/1100/1356 612/1073/1359 619/1082/1361
f 640/1107/1362 638/1106/1360 619/1080/1361 617/1078/1363
f 641/1108/1364 640/1107/1362 617/1078/1363 615/1076/1365
f 644/1111/1366 641/1108/1364 615/1076/1365 613/1074/1367
f 634/1099/1357 644/1111/1366 613/1074/1367 609/1070/1358
s 143
f 574/1112/1368 621/1084/1369 624/1087/1370 575/1113/1371
f 575/1113/1371 624/1087/1370 625/1088/1372 584/1114/1373
f 584/1115/1373 625/1091/1372 627/1090/1374 582/1116/1375
f 582/1116/1375 627/1090/1374 630/1095/1376 580/1117/1377
f 580/1117/1377 630/1095/1376 631/1096/1378 578/1118/1379
f 578/1118/1379 631/1096/1378 621/1084/1369 574/1112/1368
s 144
f 651/1119/1380 649/1120/1381 645/1121/1382 652/1122/1383
f 651/1119/1380 653/1123/1384 647/1124/1385 649/1120/1381
f 653/1123/1384 654/1125/1386 648/1126/1387 647/1124/1385
f 655/1127/1388 650/1128/1389 648/1126/1387 654/1125/1386
f 655/1127/1388 656/1129/1390 646/1130/1391 650/1128/1389
f 656/1131/1390 652/1122/1383 645/1121/1382 646/1132/1391
s 145
f 657/1133/1392 658/1134/1393 659/1135/1394 660/1136/1395
f 661/1137/1396 660/1136/1395 659/1135/1394 662/1138/1397
f 663/1139/1398 661/1140/1396 662/1141/1397 664/1142/1399
f 663/1139/1398 664/1142/1399 665/1143/1400 666/1144/1401
f 667/1145/1402 666/1144/1401 665/1143/1400 668/1146/1403
f 657/1133/1392 667/1145/1402 668/1146/1403 658/1134/1393
s 146
f 669/1147/1404 670/1148/1405 671/1149/1406 672/1150/1407
f 673/1151/1408 672/1150/1407 671/1149/1406 674/1152/1409
f 675/1153/1410 673/1154/1408 674/1155/1409 676/1156/1411
f 675/1153/1410 676/1156/1411 677/1157/1412 678/1158/1413
f 679/1159/1414 678/1158/1413 677/1157/1412 680/1160/1415
f 669/1147/1404 679/1159/1414 680/1160/1415 670/1148/1405
s 147
f 659/1135/1416 658/1134/1417 669/1147/1418 672/1150/1419
f 662/1138/1420 659/1135/1416 672/1150/1419 673/1151/1421
f 664/1142/1422 662/1141/1420 673/1154/1421 675/1153/1423
f 665/1143/1424 664/1142/1422 675/1153/1423 678/1158/1425
f 668/1146/1426 665/1143/1424 678/1158/1425 679/1159/1427
f 658/1134/1417 668/1146/1426 679/1159/1427 669/1147/1418
s 148
f 671/1149/1428 670/1148/1429 651/1119/1430 652/1122/1431
f 674/1152/1432 671/1149/1428 652/1122/1431 656/1131/1433
f 676/1156/1434 674/1155/1432 656/1129/1433 655/1127/1435
f 677/1157/1436 676/1156/1434 655/1127/1435 654/1125/1437
f 680/1160/1438 677/1157/1436 654/1125/1437 653/1123/1439
f 670/1148/1429 680/1160/1438 653/1123/1439 651/1119/1430
s 149
f 610/1161/1440 657/1133/1441 660/1136/1442 611/1162/1443
f 611/1162/1443 660/1136/1442 661/1137/1444 620/1163/1445
f 620/1164/1445 661/1140/1444 663/1139/1446 618/1165/1447
f 618/1165/1447 663/1139/1446 666/1144/1448 616/1166/1449
f 616/1166/1449 666/1144/1448 667/1145/1450 614/1167/1451
f 614/1167/1451 667/1145/1450 657/1133/1441 610/1161/1440
s 150
f 681/1168/1452 682/1169/1453 683/1170/1454 684/1171/1455
f 681/1168/1452 685/1172/1456 686/1173/1457 682/1169/1453
f 685/1172/1456 687/1174/1458 688/1175/1459 686/1173/1457
f 689/1176/1460 690/1177/1461 688/1175/1459 687/1174/1458
f 689/1176/1460 691/1178/1462 692/1179/1463 690/1177/1461
f 691/1180/1462 684/1171/1455 683/1170/1454 692/1181/1463
s 151
f 693/1182/1464 694/1183/1465 695/1184/1466 696/1185/1467
f 697/1186/1468 696/1185/1467 695/1184/1466 698/1187/1469
f 699/1188/1470 697/1189/1468 698/1190/1469 700/1191/1471
f 699/1188/1470 700/1191/1471 701/1192/1472 702/1193/1473
f 703/1194/1474 702/1193/1473 701/1192/1472 704/1195/1475
f 693/1182/1464 703/1194/1474 704/1195/1475 694/1183/1465
s 152
f 705/1196/1476 706/1197/1477 707/1198/1478 708/1199/1479
f 709/1200/1480 708/1199/1479 707/1198/1478 710/1201/1481
f 711/1202/1482 709/1203/1480 710/1204/1481 712/1205/1483
f 711/1202/1482 712/1205/1483 713/1206/1484 714/1207/1485
f 715/1208/1486 714/1207/1485 713/1206/1484 716/1209/1487
f 705/1196/1476 715/1208/1486 716/1209/1487 706/1197/1477
s 153
f 695/1184/1488 694/1183/1489 705/1196/1490 708/1199/1491
f 698/1187/1492 695/1184/1488 708/1199/1491 709/1200/1493
f 700/1191/1494 698/1190/1492 709/1203/1493 711/1202/1495
f 701/1192/1496 700/1191/1494 711/1202/1495 714/1207/1497
f 704/1195/1498 701/1192/1496 714/1207/1497 715/1208/1499
f 694/1183/1489 704/1195/1498 715/1208/1499 705/1196/1490
s 154
f 707/1198/1500 706/1197/1501 681/1168/1502 684/1171/1503
f 710/1201/1504 707/1198/1500 684/1171/1503 691/1180/1505
f 712/1205/1506 710/1204/1504 691/1178/1505 689/1176/1507
f 713/1206/1508 712/1205/1506 689/1176/1507 687/1174/1509
f 716/1209/1510 713/1206/1508 687/1174/1509 685/1172/1511
f 706/1197/1501 716/1209/1510 685/1172/1511 681/1168/1502
s 155
f 717/1210/1512 649/1120/1513 647/1211/1514 718/1212/1515
f 717/1210/1512 719/1213/1516 645/1214/1517 649/1120/1513
f 719/1213/1516 720/1215/1518 646/1216/1519 645/1214/1517
f 721/1217/1520 650/1128/1521 646/1216/1519 720/1215/1518
f 721/1217/1520 722/1218/1522 648/1219/1523 650/1128/1521
f 722/1220/1522 718/1212/1515 647/1211/1514 648/1221/1523
s 156
f 723/1222/1524 724/1223/1525 725/1224/1526 726/1225/1527
f 727/1226/1528 726/1225/1527 725/1224/1526 728/1227/1529
f 729/1228/1530 727/1229/1528 728/1230/1529 730/1231/1531
f 729/1228/1530 730/1231/1531 731/1232/1532 732/1233/1533
f 733/1234/1534 732/1233/1533 731/1232/1532 734/1235/1535
f 723/1222/1524 733/1234/1534 734/1235/1535 724/1223/1525
s 157
f 735/1236/1536 736/1237/1537 737/1238/1538 738/1239/1539
f 739/1240/1540 738/1239/1539 737/1238/1538 740/1241/1541
f 741/1242/1542 739/1243/1540 740/1244/1541 742/1245/1543
f 741/1242/1542 742/1245/1543 743/1246/1544 744/1247/1545
f 745/1248/1546 744/1247/1545 743/1246/1544 746/1249/1547
f 735/1236/1536 745/1248/1546 746/1249/1547 736/1237/1537
s 158
f 725/1224/1548 724/1223/1549 735/1236/1550 738/1239/1551
f 728/1227/1552 725/1224/1548 738/1239/1551 739/1240/1553
f 730/1231/1554 728/1230/1552 739/1243/1553 741/1242/1555
f 731/1232/1556 730/1231/1554 741/1242/1555 744/1247/1557
f 734/1235/1558 731/1232/1556 744/1247/1557 745/1248/1559
f 724/1223/1549 734/1235/1558 745/1248/1559 735/1236/1550
s 159
f 737/1238/1560 736/1237/1561 717/1210/1562 718/1212/1563
f 740/1241/1564 737/1238/1560 718/1212/1563 722/1220/1565
f 742/1245/1566 740/1244/1564 722/1218/1565 721/1217/1567
f 743/1246/1568 742/1245/1566 721/1217/1567 720/1215/1569
f 746/1249/1570 743/1246/1568 720/1215/1569 719/1213/1571
f 736/1237/1561 746/1249/1570 719/1213/1571 717/1210/1562
s 160
f 682/1250/1572 723/1222/1573 726/1225/1574 683/1251/1575
f 683/1251/1575 726/1225/1574 727/1226/1576 692/1252/1577
f 692/1253/1577 727/1229/1576 729/1228/1578 690/1254/1579
f 690/1254/1579 729/1228/1578 732/1233/1580 688/1255/1581
f 688/1255/1581 732/1233/1580 733/1234/1582 686/1256/1583
f 686/1256/1583 733/1234/1582 723/1222/1573 682/1250/1572
s 161
f 747/1257/1584 748/1258/1585 749/1259/1586
f 747/1257/1584 750/1260/1587 748/1258/1585
f 752/1261/1588 747/1257/1584 751/1262/1589
f 752/1261/1588 753/1263/1590 747/1257/1584
f 747/1257/1584 753/1263/1590 750/1260/1587
f 751/1262/1589 747/1257/1584 749/1259/1586
s 162
f 748/1264/1591 760/1265/1592 761/1266/1593 749/1267/1594
f 751/1268/1595 749/1267/1594 761/1266/1593 762/1269/1596
f 752/1270/1597 751/1271/1595 762/1272/1596 763/1273/1598
f 752/1270/1597 763/1273/1598 764/1274/1599 753/1275/1600
f 750/1276/1601 753/1275/1600 764/1274/1599 765/1277/1602
f 748/1264/1591 750/1276/1601 765/1277/1602 760/1265/1592
s 163
f 766/1278/1603 767/1279/1604 768/1280/1605 769/1281/1606
f 770/1282/1607 769/1281/1606 768/1280/1605 771/1283/1608
f 772/1284/1609 770/1285/1607 771/1286/1608 773/1287/1610
f 772/1284/1609 773/1287/1610 774/1288/1611 775/1289/1612
f 776/1290/1613 775/1289/1612 774/1288/1611 777/1291/1614
f 766/1278/1603 776/1290/1613 777/1291/1614 767/1279/1604
s 164
f 761/1266/1615 760/1265/1616 766/1278/1617 769/1281/1618
f 762/1269/1619 761/1266/1615 769/1281/1618 770/1282/1620
f 763/1273/1621 762/1272/1619 770/1285/1620 772/1284/1622
f 764/1274/1623 763/1273/1621 772/1284/1622 775/1289/1624
f 765/1277/1625 764/1274/1623 775/1289/1624 776/1290/1626
f 760/1265/1616 765/1277/1625 776/1290/1626 766/1278/1617
s 165
f 768/1280/1627 767/1279/1628 754/1292/1629 755/1293/1630
f 771/1283/1631 768/1280/1627 755/1293/1630 759/1294/1632
f 773/1287/1633 771/1286/1631 759/1295/1632 758/1296/1634
f 774/1288/1635 773/1287/1633 758/1296/1634 757/1297/1636
f 777/1291/1637 774/1288/1635 757/1297/1636 756/1298/1638
f 767/1279/1628 777/1291/1637 756/1298/1638 754/1292/1629
s 166
f 778/1299/1639 754/1300/1640 779/1301/1641
f 778/1299/1639 755/1302/1642 754/1300/1640
f 758/1303/1643 778/1299/1639 757/1304/1644
f 758/1303/1643 759/1305/1645 778/1299/1639
f 778/1299/1639 759/1305/1645 755/1302/1642
f 757/1304/1644 778/1299/1639 779/1301/1641
s 167
f 780/1306/1646 2701/1307/1647 2700/1308/1648 781/1309/1649
f 781/1309/1649 2700/1308/1648 2699/1310/1650 782/1311/1651
f 782/1311/1651 2699/1310/1650 2698/1312/1652 783/1313/1653
f 780/1306/1646 781/1309/1649 784/1314/1654 785/1315/1655
f 785/1315/1655 784/1314/1654 786/1316/1656 787/1317/1657
f 788/1318/1658 787/1317/1657 786/1316/1656 789/1319/1659
f 781/1309/1649 782/1311/1651 790/1320/1660 784/1314/1654
f 784/1314/1654 790/1320/1660 791/1321/1661 786/1316/1656
f 789/1319/1659 786/1316/1656 791/1321/1661 792/1322/1662
f 782/1311/1651 783/1313/1653 793/1323/1663 790/1320/1660
f 790/1320/1660 793/1323/1663 794/1324/1664 791/1321/1661
f 792/1322/1662 791/1321/1661 794/1324/1664 795/1325/1665
f 788/1318/1658 789/1319/1659 796/1326/1666 797/1327/1667
f 797/1327/1667 796/1326/1666 798/1328/1668 799/1329/1669
f 800/1330/1670 799/1331/1669 798/1332/1668 801/1333/1671
f 789/1319/1659 792/1322/1662 802/1334/1672 796/1326/1666
f 796/1326/1666 802/1334/1672 803/1335/1673 798/1328/1668
f 801/1336/1671 798/1337/1668 803/1338/1673 804/1339/1674
f 792/1322/1662 795/1325/1665 805/1340/1675 802/1334/1672
f 802/1334/1672 805/1340/1675 806/1341/1676 803/1335/1673
f 804/1342/1674 803/1343/1673 806/1344/1676 807/1345/1677
f 808/1346/1678 809/1347/1679 810/1348/1680 811/1349/1681
s off
f 808/1350/1682 812/1351/1683 813/1352/1684 814/1353/1685
s 167
f 815/1354/1686 809/1355/1687 808/1356/1688 814/1357/1689
f 816/1358/1690 808/1346/1678 811/1349/1681 817/1359/1691
f 818/1360/1692 788/1318/1658 797/1327/1667 819/1361/1693
f 819/1361/1693 797/1327/1667 799/1329/1669 812/1351/1694
s 169
f 820/1362/1695 821/1363/1696 822/1364/1697
f 820/1362/1695 822/1364/1697 823/1365/1698
s 167
f 812/1351/1699 799/1366/1669 800/1367/1670 813/1352/1700
f 821/1368/1701 818/1360/1692 819/1361/1693 822/1369/1702
f 822/1369/1702 819/1361/1693 812/1351/1694 823/1370/1703
f 816/1358/1690 823/1371/1703 812/1372/1694 808/1346/1678
f 818/1373/1692 821/1374/1701 824/1375/1704 825/1376/1705
s 169
f 823/1365/1698 816/1377/1706 820/1362/1695
f 821/1363/1696 820/1362/1695 824/1378/1707
f 820/1362/1695 816/1377/1706 817/1379/1708
s 167
f 826/1380/1709 827/1381/1710 828/1382/1711 829/1383/1712
s off
f 826/1384/1713 830/1385/1714 818/1360/1715 825/1386/1716
f 831/1387/1717 827/1381/1718 826/1380/1719 825/1376/1720
s 167
f 832/1388/1721 826/1380/1709 829/1383/1712 833/1389/1722
f 834/1390/1723 780/1306/1646 785/1315/1655 835/1391/1724
f 835/1391/1724 785/1315/1655 787/1317/1657 830/1385/1725
s 172
f 836/1392/1726 837/1393/1727 838/1394/1728
s 167
f 830/1385/1729 787/1317/1657 788/1318/1658 818/1360/1730
f 837/1395/1731 834/1390/1723 835/1391/1724 838/1396/1732
f 838/1396/1732 835/1391/1724 830/1385/1725 839/1397/1733
f 832/1388/1721 839/1398/1733 830/1399/1725 826/1380/1709
f 834/1400/1723 837/1401/1731 840/1402/1734 841/1403/1735
s 172
f 839/1404/1736 832/1405/1737 836/1392/1726
f 837/1393/1727 836/1392/1726 840/1406/1738
f 836/1392/1726 832/1405/1737 833/1407/1739
f 836/1392/1726 833/1407/1739 840/1406/1738
s 173
f 842/1408/1740 2704/1409/1741 2703/1410/1742 841/1403/1743
s 167
f 783/1411/1653 2698/1412/1652 2707/1413/1744 843/1414/1745
f 843/1414/1745 2707/1413/1744 2706/1415/1746 844/1416/1747
f 844/1416/1747 2706/1415/1746 2705/1417/1748 845/1418/1749
f 783/1411/1653 843/1414/1745 846/1419/1750 793/1420/1663
f 793/1420/1663 846/1419/1750 847/1421/1751 794/1422/1664
f 795/1423/1665 794/1422/1664 847/1421/1751 848/1424/1752
f 843/1414/1745 844/1416/1747 849/1425/1753 846/1419/1750
f 846/1419/1750 849/1425/1753 850/1426/1754 847/1421/1751
f 848/1424/1752 847/1421/1751 850/1426/1754 851/1427/1755
f 844/1416/1747 845/1418/1749 852/1428/1756 849/1425/1753
f 849/1425/1753 852/1428/1756 853/1429/1757 850/1426/1754
f 851/1427/1755 850/1426/1754 853/1429/1757 854/1430/1758
f 795/1423/1665 848/1424/1752 855/1431/1759 805/1432/1675
f 805/1432/1675 855/1431/1759 856/1433/1760 806/1434/1676
f 807/1435/1677 806/1436/1676 856/1437/1760 857/1438/1761
f 848/1424/1752 851/1427/1755 858/1439/1762 855/1431/1759
f 855/1431/1759 858/1439/1762 859/1440/1763 856/1433/1760
f 857/1441/1761 856/1442/1760 859/1443/1763 860/1444/1764
f 851/1427/1755 854/1430/1758 858/1439/1762
f 860/1445/1764 859/1446/1763 861/1447/1765
f 845/1448/1749 2705/1449/1748 2708/1450/1766 862/1451/1767
f 862/1451/1767 2708/1450/1766 2697/1452/1768 863/1453/1769
f 845/1448/1749 862/1451/1767 864/1454/1770 852/1455/1756
f 852/1455/1756 864/1454/1770 865/1456/1771 853/1457/1757
f 854/1458/1758 853/1457/1757 865/1456/1771
f 800/1459/1670 801/1460/1671 866/1461/1772 867/1462/1773
f 867/1462/1773 866/1461/1772 868/1463/1774 869/1464/1775
f 870/1465/1776 869/1464/1775 868/1463/1774 871/1466/1777
f 801/1460/1671 804/1467/1674 872/1468/1778 866/1461/1772
f 866/1461/1772 872/1468/1778 873/1469/1779 868/1463/1774
f 871/1466/1777 868/1463/1774 873/1469/1779 874/1470/1780
f 804/1467/1674 807/1471/1677 875/1472/1781 872/1468/1778
f 872/1468/1778 875/1472/1781 876/1473/1782 873/1469/1779
f 874/1470/1780 873/1469/1779 876/1473/1782 877/1474/1783
f 870/1465/1776 871/1466/1777 878/1475/1784 879/1476/1785
f 879/1476/1785 878/1475/1784 880/1477/1786 881/1478/1787
f 882/1479/1788 881/1478/1787 880/1477/1786 883/1480/1789
f 871/1466/1777 874/1470/1780 884/1481/1790 878/1475/1784
f 878/1475/1784 884/1481/1790 885/1482/1791 880/1477/1786
f 883/1480/1789 880/1477/1786 885/1482/1791 886/1483/1792
f 874/1470/1780 877/1474/1783 887/1484/1793 884/1481/1790
f 884/1481/1790 887/1484/1793 888/1485/1794 885/1482/1791
f 886/1483/1792 885/1482/1791 888/1485/1794 889/1486/1795
f 882/1479/1788 883/1480/1789 890/1487/1796 891/1488/1797
f 891/1488/1797 890/1487/1796 892/1489/1798 893/1490/1799
f 894/1491/1800 893/1492/1799 892/1493/1798 895/1494/1801
f 883/1480/1789 886/1483/1792 896/1495/1802 890/1487/1796
f 890/1487/1796 896/1495/1802 897/1496/1803 892/1489/1798
f 895/1497/1801 892/1498/1798 897/1499/1803 898/1500/1804
f 898/1501/1804 897/1502/1803 899/1503/1805
f 900/1504/1806 901/1505/1807 902/1506/1808 903/1507/1809
s off
f 900/1508/1810 904/1509/1811 905/1510/1812 906/1511/1813
s 167
f 907/1512/1814 901/1513/1815 900/1514/1816 906/1515/1817
f 908/1516/1818 900/1504/1806 903/1507/1809 909/1517/1819
f 910/1518/1820 882/1479/1788 891/1488/1797 911/1519/1821
f 911/1519/1821 891/1488/1797 893/1490/1799 904/1509/1822
s 175
f 912/1520/1823 913/1521/1824 914/1522/1825
s 167
f 904/1509/1826 893/1523/1799 894/1524/1800 905/1510/1827
f 913/1525/1828 910/1518/1820 911/1519/1821 914/1526/1829
f 914/1526/1829 911/1519/1821 904/1509/1822 915/1527/1830
f 908/1516/1818 915/1528/1830 904/1529/1822 900/1504/1806
f 910/1530/1820 913/1531/1828 916/1532/1831 917/1533/1832
s 175
f 915/1534/1833 908/1535/1834 912/1520/1823
f 913/1521/1824 912/1520/1823 916/1536/1835
f 912/1520/1823 908/1535/1834 909/1537/1836
f 912/1520/1823 909/1537/1836 916/1536/1835
s 167
f 918/1538/1837 919/1539/1838 920/1540/1839 921/1541/1840
s off
f 918/1542/1841 922/1543/1842 910/1518/1843 917/1544/1844
f 923/1545/1845 919/1539/1846 918/1538/1847 917/1533/1848
s 167
f 924/1546/1849 918/1538/1837 921/1541/1840 925/1547/1850
f 926/1548/1851 870/1465/1776 879/1476/1785 927/1549/1852
f 927/1549/1852 879/1476/1785 881/1478/1787 922/1543/1853
s 178
f 928/1550/1854 929/1551/1855 930/1552/1856
f 928/1550/1854 930/1552/1856 931/1553/1857
s 167
f 922/1543/1858 881/1478/1787 882/1479/1788 910/1518/1859
f 929/1554/1860 926/1548/1851 927/1549/1852 930/1555/1861
f 930/1555/1861 927/1549/1852 922/1543/1853 931/1556/1862
f 924/1546/1849 931/1557/1862 922/1558/1853 918/1538/1837
f 926/1559/1851 929/1560/1860 932/1561/1863 933/1562/1864
s 178
f 931/1553/1857 924/1563/1865 928/1550/1854
f 929/1551/1855 928/1550/1854 932/1564/1866
f 928/1550/1854 924/1563/1865 925/1565/1867
s 167
f 934/1566/1868 935/1567/1869 936/1568/1870 937/1569/1871
s off
f 934/1570/1872 938/1571/1873 926/1548/1874 933/1572/1875
f 939/1573/1876 935/1567/1877 934/1566/1878 933/1562/1879
s 167
f 940/1574/1880 934/1566/1868 937/1569/1871 941/1575/1881
f 813/1576/1882 800/1459/1670 867/1462/1773 942/1577/1883
f 942/1577/1883 867/1462/1773 869/1464/1775 938/1571/1884
s 181
f 943/1578/1885 944/1579/1886 945/1580/1887
f 943/1578/1885 945/1580/1887 946/1581/1888
s 167
f 938/1571/1889 869/1464/1775 870/1465/1776 926/1548/1890
f 944/1582/1891 813/1576/1882 942/1577/1883 945/1583/1892
f 945/1583/1892 942/1577/1883 938/1571/1884 946/1584/1893
f 940/1574/1880 946/1585/1893 938/1586/1884 934/1566/1868
f 813/1587/1882 944/1588/1891 947/1589/1894 814/1590/1689
s 181
f 946/1581/1888 940/1591/1895 943/1578/1885
f 944/1579/1886 943/1578/1885 947/1592/1896
f 943/1578/1885 940/1591/1895 941/1593/1897
s 167
f 807/1594/1677 857/1595/1761 948/1596/1898 875/1597/1781
f 875/1597/1781 948/1596/1898 949/1598/1899 876/1599/1782
f 877/1600/1783 876/1599/1782 949/1598/1899 950/1601/1900
f 950/1601/1900 949/1598/1899 951/1602/1901
f 889/1603/1795 888/1604/1794 952/1605/1902
f 894/1606/1800 895/1607/1801 953/1608/1903 954/1609/1904
f 954/1609/1904 953/1608/1903 955/1610/1905 956/1611/1906
f 957/1612/1907 956/1611/1906 955/1610/1905 958/1613/1908
f 958/1613/1908 955/1610/1905 959/1614/1909
f 960/1615/1910 961/1616/1911 962/1617/1912
s 182
f 963/1618/1913 964/1619/1914 965/1620/1915 966/1621/1916
s off
f 967/1622/1917 964/1623/1918 968/1624/1919 969/1625/1920
f 965/1626/1921 964/1627/1922 967/1628/1923
s 182
f 970/1629/1924 964/1619/1914 963/1618/1913 971/1630/1925
s 185
f 972/1631/1926 973/1632/1927 974/1633/1928
f 972/1631/1926 974/1633/1928 975/1634/1929
s 182
f 973/1635/1930 976/1636/1931 977/1637/1932 974/1638/1933
f 974/1638/1933 977/1637/1932 968/1624/1934 975/1639/1935
f 970/1629/1924 975/1640/1935 968/1641/1934 964/1619/1914
f 976/1642/1931 973/1643/1930 978/1644/1936 979/1645/1937
s 185
f 975/1634/1929 970/1646/1938 972/1631/1926
f 973/1632/1927 972/1631/1926 978/1647/1939
f 972/1631/1926 970/1646/1938 971/1648/1940
s 167
f 980/1649/1941 981/1650/1942 982/1651/1943 983/1652/1944
s off
f 980/1653/1945 984/1654/1946 976/1636/1947 979/1655/1948
f 985/1656/1949 981/1650/1950 980/1649/1951 979/1645/1952
s 167
f 986/1657/1953 980/1649/1941 983/1652/1944 987/1658/1954
f 988/1659/1955 957/1612/1907 989/1660/1956 990/1661/1957
f 990/1661/1957 989/1660/1956 961/1616/1911 984/1654/1958
s 188
f 991/1662/1959 992/1663/1960 993/1664/1961
f 991/1662/1959 993/1664/1961 994/1665/1962
s 167
f 976/1636/1963 984/1654/1964 961/1616/1911 960/1615/1910
f 992/1666/1965 988/1659/1955 990/1661/1957 993/1667/1966
f 993/1667/1966 990/1661/1957 984/1654/1958 994/1668/1967
f 986/1657/1953 994/1669/1967 984/1670/1958 980/1649/1941
f 988/1671/1955 992/1672/1965 995/1673/1968 996/1674/1969
s 188
f 994/1665/1962 986/1675/1970 991/1662/1959
f 992/1663/1960 991/1662/1959 995/1676/1971
f 991/1662/1959 986/1675/1970 987/1677/1972
s 167
f 997/1678/1973 998/1679/1974 999/1680/1975 1000/1681/1976
s off
f 997/1682/1977 1001/1683/1978 988/1659/1979 996/1684/1980
f 1002/1685/1981 998/1679/1982 997/1678/1983 996/1674/1984
s 167
f 1003/1686/1985 997/1678/1973 1000/1681/1976 1004/1687/1986
f 905/1688/1987 894/1606/1800 954/1609/1904 1005/1689/1988
f 1005/1689/1988 954/1609/1904 956/1611/1906 1001/1683/1989
s 191
f 1006/1690/1990 1007/1691/1991 1008/1692/1992
f 1006/1690/1990 1008/1692/1992 1009/1693/1993
s 167
f 1001/1683/1994 956/1611/1906 957/1612/1907 988/1659/1995
f 1007/1694/1996 905/1688/1987 1005/1689/1988 1008/1695/1997
f 1008/1695/1997 1005/1689/1988 1001/1683/1989 1009/1696/1998
f 1003/1686/1985 1009/1697/1998 1001/1698/1989 997/1678/1973
f 905/1699/1987 1007/1700/1996 1010/1701/1999 906/1702/1817
s 191
f 1009/1693/1993 1003/1703/2000 1006/1690/1990
f 1007/1691/1991 1006/1690/1990 1010/1704/2001
f 1006/1690/1990 1003/1703/2000 1004/1705/2002
s off
f 969/1625/2003 968/1624/2004 1011/1706/2005
s 182
f 968/1624/1934 977/1637/1932 1012/1707/2006 1011/1708/2007
f 976/1636/1931 1013/1709/2008 1012/1707/2006 977/1637/1932
s 167
f 989/1660/1956 1014/1710/2009 962/1617/1912 961/1616/1911
f 957/1612/1907 1015/1711/2010 1014/1710/2009 989/1660/1956
f 953/1608/1903 1016/1712/2011 959/1614/1909 955/1610/1905
f 895/1607/1801 1017/1713/2012 1016/1712/2011 953/1608/1903
f 896/1495/1802 1018/1714/2013 899/1715/1805 897/1496/1803
f 886/1483/1792 1019/1716/2014 1018/1714/2013 896/1495/1802
f 887/1717/1793 1020/1718/2015 952/1605/1902 888/1604/1794
f 877/1600/1783 1021/1719/2016 1020/1718/2015 887/1717/1793
f 877/1600/1783 950/1601/1900 1021/1719/2016
f 948/1596/1898 1022/1720/2017 951/1602/1901 949/1598/1899
f 857/1595/1761 1023/1721/2018 1022/1720/2017 948/1596/1898
f 858/1439/1762 854/1430/1758 861/1722/1765 859/1440/1763
f 864/1454/1770 862/1451/1767 863/1453/1769
s off
f 967/1622/2019 969/1625/2020 1024/1723/2021 1025/1724/2022
f 965/1725/2023 967/1726/2024 1025/1727/2025
s 195
f 1026/1728/2026 1027/1729/2027 1028/1730/2028 1029/1731/2029
f 1029/1732/2029 1028/1733/2028 1030/1734/2030 1031/1735/2031
f 1031/1736/2031 1030/1737/2030 1032/1738/2032 1033/1739/2033
s 196
f 1034/1740/2034 1035/1741/2035 1036/1742/2036 1037/1743/2037
f 1038/1744/2038 1034/1740/2034 1037/1743/2037 1039/1745/2039
f 1040/1746/2040 1038/1744/2038 1039/1745/2039 1041/1747/2041
f 1042/1748/2042 1041/1747/2041 1039/1745/2039 1043/1749/2043
f 1043/1749/2043 1039/1745/2039 1037/1743/2037 1044/1750/2044
f 1044/1750/2044 1037/1743/2037 1036/1742/2036 1045/1751/2045
f 1046/1752/2046 1047/1753/2047 1048/1754/2048 1049/1755/2049
f 1050/1756/2050 1046/1752/2046 1049/1755/2049 1051/1757/2051
f 1052/1758/2052 1050/1756/2050 1051/1757/2051 1053/1759/2053
f 1054/1760/2054 1055/1761/2055 1056/1762/2056 1057/1763/2057
f 1057/1763/2057 1056/1762/2056 1058/1764/2058 1059/1765/2059
f 1060/1766/2060 1054/1760/2054 1057/1763/2057 1061/1767/2061
f 1061/1767/2061 1057/1763/2057 1059/1765/2059 1062/1768/2062
f 1063/1769/2063 1048/1754/2048 1047/1753/2047 1064/1770/2064
s 197
f 1065/1771/2065 1066/1772/2066 1067/1773/2067
s 196
f 1066/1774/2068 1063/1769/2063 1064/1770/2064 1067/1775/2069
f 1062/1768/2062 1059/1765/2059 1063/1776/2063 1066/1777/2068
f 1068/1778/2070 1054/1760/2054 1060/1766/2060 1069/1779/2071
s 197
f 1066/1772/2066 1065/1771/2065 1062/1780/2072
f 1069/1781/2073 1060/1782/2074 1065/1771/2065
f 1065/1771/2065 1061/1783/2075 1062/1780/2072
f 1065/1771/2065 1060/1782/2074 1061/1783/2075
s 196
f 1070/1784/2076 1071/1785/2077 1072/1786/2078 1073/1787/2079
f 1073/1787/2079 1072/1786/2078 1074/1788/2080 1075/1789/2081
f 1076/1790/2082 1070/1784/2076 1073/1787/2079 1077/1791/2083
f 1077/1791/2083 1073/1787/2079 1075/1789/2081 1078/1792/2084
f 1079/1793/2085 1036/1742/2036 1035/1741/2035 1080/1794/2086
s 198
f 1081/1795/2087 1082/1796/2088 1083/1797/2089
f 1081/1795/2087 1084/1798/2090 1082/1796/2088
s 196
f 1084/1799/2091 1079/1793/2085 1080/1794/2086 1082/1800/2092
f 1078/1792/2084 1075/1789/2081 1079/1801/2085 1084/1802/2091
f 1085/1803/2093 1070/1784/2076 1076/1790/2082 1083/1804/2094
s 198
f 1084/1798/2090 1081/1795/2087 1078/1805/2095
f 1083/1797/2089 1076/1806/2096 1081/1795/2087
f 1081/1795/2087 1076/1806/2096 1077/1807/2097
s 196
f 1068/1808/2098 1045/1751/2045 1036/1742/2036 1079/1793/2099
s off
f 1054/1809/2100 1068/1808/2101 1079/1793/2102 1075/1810/2103
f 1074/1788/2104 1055/1761/2105 1054/1760/2106 1075/1789/2107
s 195
f 1085/1811/2108 1033/1812/2033 1032/1813/2032 1086/1814/2109
s off
f 1070/1815/2110 1085/1811/2111 1086/1814/2112 1087/1816/2113
f 1088/1817/2114 1071/1818/2115 1070/1819/2116 1087/1820/2117
s 195
f 1089/1821/2118 1090/1822/2119 1091/1823/2120 1092/1824/2121
f 1092/1825/2121 1091/1826/2120 1093/1827/2122 1094/1828/2123
f 1094/1829/2123 1093/1830/2122 1027/1831/2027 1026/1832/2026
s 196
f 1095/1833/2124 1040/1834/2040 1041/1835/2041 1096/1836/2125
f 1097/1837/2126 1095/1833/2124 1096/1836/2125 1098/1838/2127
f 1099/1839/2128 1097/1837/2126 1098/1838/2127 1100/1840/2129
f 854/1841/2130 1100/1840/2129 1098/1838/2127 1101/1842/2131
f 1101/1842/2131 1098/1838/2127 1096/1836/2125 1102/1843/2132
f 1102/1843/2132 1096/1836/2125 1041/1835/2041 1042/1844/2042
f 1103/1845/2133 1052/1846/2052 1053/1847/2053 1104/1848/2134
f 1105/1849/2135 1103/1845/2133 1104/1848/2134 1106/1850/2136
f 854/1841/2130 1105/1849/2135 1106/1850/2136 861/1851/2137
s 195
f 1108/1852/2138 1107/1853/2139 1090/1854/2119 1089/1855/2118
s 196
f 864/1856/2140 1099/1857/2128 1100/1858/2129 865/1859/2141
f 864/1856/2140 863/1860/2142 1108/1861/2143
f 1100/1858/2129 854/1862/2130 865/1859/2141
f 1109/1863/2144 1053/1864/2053 1051/1865/2051 1110/1866/2145
f 1110/1867/2145 1051/1868/2051 1049/1869/2049 1111/1870/2146
f 1111/1871/2146 1049/1872/2049 1048/1873/2048 1112/1874/2147
f 1113/1875/2148 1114/1876/2149 1115/1877/2150 1116/1878/2151
f 1117/1879/2152 1113/1875/2148 1116/1878/2151 1118/1880/2153
f 1119/1881/2154 1117/1879/2152 1118/1880/2153 1120/1882/2155
f 1121/1883/2156 1120/1882/2155 1118/1880/2153 1122/1884/2157
f 1122/1884/2157 1118/1880/2153 1116/1878/2151 1123/1885/2158
f 1123/1885/2158 1116/1878/2151 1115/1877/2150 1124/1886/2159
f 1125/1887/2160 1126/1888/2161 1127/1889/2162 1128/1890/2163
f 1129/1891/2164 1125/1887/2160 1128/1890/2163 1130/1892/2165
f 1131/1893/2166 1129/1891/2164 1130/1892/2165 1132/1894/2167
f 1133/1895/2168 1130/1892/2165 1128/1890/2163 1134/1896/2169
f 1134/1896/2169 1128/1890/2163 1127/1889/2162 1135/1897/2170
f 1136/1898/2171 1137/1899/2172 1138/1900/2173 1139/1901/2174
f 1140/1902/2175 1136/1898/2171 1139/1901/2174 1141/1903/2176
f 1018/1904/2177 1140/1902/2175 1141/1903/2176 899/1905/2178
f 1142/1906/2179 1143/1907/2180 1144/1908/2181 1145/1909/2182
f 1145/1909/2182 1144/1908/2181 1146/1910/2183 1147/1911/2184
f 1148/1912/2185 1142/1906/2179 1145/1909/2182 1149/1913/2186
f 1149/1913/2186 1145/1909/2182 1147/1911/2184 1150/1914/2187
f 1151/1915/2188 1138/1900/2173 1137/1899/2172 1152/1916/2189
s 203
f 1153/1917/2190 1154/1918/2191 1155/1919/2192
f 1153/1917/2190 1156/1920/2193 1154/1918/2191
s 196
f 1156/1921/2194 1151/1915/2188 1152/1916/2189 1154/1922/2195
f 1150/1914/2187 1147/1911/2184 1151/1923/2188 1156/1924/2194
f 1157/1925/2196 1142/1906/2179 1148/1912/2185 1155/1926/2197
s 203
f 1156/1920/2193 1153/1917/2190 1150/1927/2198
f 1155/1919/2192 1148/1928/2199 1153/1917/2190
f 1153/1917/2190 1148/1928/2199 1149/1929/2200
s 196
f 1158/1930/2201 1159/1931/2202 1160/1932/2203 1161/1933/2204
f 1161/1933/2204 1160/1932/2203 1162/1934/2205 1163/1935/2206
f 1164/1936/2207 1158/1930/2201 1161/1933/2204 1165/1937/2208
f 1165/1937/2208 1161/1933/2204 1163/1935/2206 1166/1938/2209
f 1167/1939/2210 1127/1889/2162 1126/1888/2161 1168/1940/2211
s 204
f 1169/1941/2212 1170/1942/2213 1171/1943/2214
f 1169/1941/2212 1172/1944/2215 1170/1942/2213
s 196
f 1172/1945/2216 1167/1939/2210 1168/1940/2211 1170/1946/2217
f 1166/1938/2209 1163/1935/2206 1167/1947/2210 1172/1948/2216
f 1173/1949/2218 1158/1930/2201 1164/1936/2207 1171/1950/2219
s 204
f 1172/1944/2215 1169/1941/2212 1166/1951/2220
f 1171/1943/2214 1164/1952/2221 1169/1941/2212
f 1169/1941/2212 1164/1952/2221 1165/1953/2222
s 196
f 1157/1954/2223 1135/1897/2170 1127/1889/2162 1167/1939/2224
s off
f 1142/1955/2225 1157/1954/2226 1167/1939/2227 1163/1956/2228
f 1162/1934/2229 1143/1907/2230 1142/1906/2231 1163/1935/2232
s 196
f 1174/1957/2233 1175/1958/2234 1176/1959/2235 1177/1960/2236
f 1177/1960/2236 1176/1959/2235 1178/1961/2237 1179/1962/2238
f 1180/1963/2239 1174/1957/2233 1177/1960/2236 1181/1964/2240
f 1181/1964/2240 1177/1960/2236 1179/1962/2238 1182/1965/2241
f 1183/1966/2242 1115/1877/2150 1114/1876/2149 1184/1967/2243
s 207
f 1185/1968/2244 1186/1969/2245 1187/1970/2246
f 1185/1968/2244 1188/1971/2247 1186/1969/2245
s 196
f 1188/1972/2248 1183/1966/2242 1184/1967/2243 1186/1973/2249
f 1182/1965/2241 1179/1962/2238 1183/1974/2242 1188/1975/2248
f 1189/1976/2250 1174/1957/2233 1180/1963/2239 1187/1977/2251
s 207
f 1188/1971/2247 1185/1968/2244 1182/1978/2252
f 1187/1970/2246 1180/1979/2253 1185/1968/2244
f 1185/1968/2244 1180/1979/2253 1181/1980/2254
s 196
f 1173/1981/2255 1124/1886/2159 1115/1877/2150 1183/1966/2256
s off
f 1158/1982/2257 1173/1981/2258 1183/1966/2259 1179/1983/2260
f 1178/1961/2261 1159/1931/2262 1158/1930/2263 1179/1962/2264
s 196
f 1063/1769/2265 1189/1984/2266 1112/1985/2147 1048/1986/2048
s off
f 1059/1987/2267 1174/1988/2268 1189/1984/2269 1063/1769/2270
s 196
f 1058/1989/2271 1175/1990/2234 1174/1991/2233 1059/1992/2272
f 1190/1993/2273 1104/1994/2134 1053/1995/2053 1109/1996/2144
f 1191/1997/2274 1119/1998/2154 1120/1999/2155 1192/2000/2275
f 1022/2001/2276 1191/1997/2274 1192/2000/2275 951/2002/2277
f 1020/2003/2278 1131/2004/2166 1132/2005/2167 952/2006/2279
f 1193/2007/2280 1139/2008/2174 1138/2009/2173 1194/2010/2281
f 1195/2011/2282 1196/2012/2283 1197/2013/2284 1198/2014/2285
f 1016/2015/2286 1195/2011/2282 1198/2014/2285 959/2016/2287
f 1014/2017/2288 1199/2018/2289 1200/2019/2290 962/2020/2291
s 211
f 1201/2021/2292 1202/2022/2293 966/2023/2294 1203/2024/2295
f 1025/2025/2296 1203/2024/2295 966/2023/2294 965/2026/2297
f 1204/2027/2298 1201/2021/2292 1203/2024/2295 1205/2028/2299
f 1205/2028/2299 1203/2024/2295 1025/2025/2296 1206/2029/2300
s 212
f 1207/2030/2301 1208/2031/2302 1209/2032/2303
f 1207/2030/2301 1210/2033/2304 1208/2031/2302
s 211
f 1210/2034/2305 1024/1723/2306 1211/2035/2307 1208/2036/2308
f 1206/2029/2300 1025/2025/2296 1024/2037/2306 1210/2038/2305
f 1212/2039/2309 1201/2021/2292 1204/2027/2298 1209/2040/2310
s 212
f 1210/2033/2304 1207/2030/2301 1206/2041/2311
f 1209/2032/2303 1204/2042/2312 1207/2030/2301
f 1207/2030/2301 1204/2042/2312 1205/2043/2313
s 196
f 1213/2044/2314 1214/2045/2315 1215/2046/2316 1216/2047/2317
f 1216/2047/2317 1215/2046/2316 1217/2048/2318 1218/2049/2319
f 1219/2050/2320 1213/2044/2314 1216/2047/2317 1220/2051/2321
f 1220/2051/2321 1216/2047/2317 1218/2049/2319 1221/2052/2322
f 1222/2053/2323 1200/2019/2290 1199/2018/2289 1223/2054/2324
s 213
f 1224/2055/2325 1225/2056/2326 1226/2057/2327
f 1224/2055/2325 1227/2058/2328 1225/2056/2326
s 196
f 1227/2059/2329 1222/2053/2323 1223/2054/2324 1225/2060/2330
f 1221/2052/2322 1218/2049/2319 1222/2061/2323 1227/2062/2329
f 1228/2063/2331 1213/2044/2314 1219/2050/2320 1226/2064/2332
s 213
f 1227/2058/2328 1224/2055/2325 1221/2065/2333
f 1226/2057/2327 1219/2066/2334 1224/2055/2325
f 1224/2055/2325 1219/2066/2334 1220/2067/2335
s off
f 1201/2068/2336 1212/2069/2337 1222/2053/2338 1218/2070/2339
f 985/2071/2340 1201/2021/2341 1218/2049/2342 1217/2048/2343
s 196
f 1229/2072/2344 1230/2073/2345 1231/2074/2346 1232/2075/2347
f 1232/2075/2347 1231/2074/2346 1233/2076/2348 1234/2077/2349
f 1235/2078/2350 1229/2072/2344 1232/2075/2347 1236/2079/2351
f 1236/2079/2351 1232/2075/2347 1234/2077/2349 1237/2080/2352
f 1238/2081/2353 1197/2013/2284 1196/2012/2283 1239/2082/2354
s 216
f 1240/2083/2355 1241/2084/2356 1242/2085/2357
f 1240/2083/2355 1243/2086/2358 1241/2084/2356
s 196
f 1243/2087/2359 1238/2081/2353 1239/2082/2354 1241/2088/2360
f 1237/2080/2352 1234/2077/2349 1238/2089/2353 1243/2090/2359
f 1244/2091/2361 1229/2072/2344 1235/2078/2350 1242/2092/2362
s 216
f 1243/2086/2358 1240/2083/2355 1237/2093/2363
f 1242/2085/2357 1235/2094/2364 1240/2083/2355
f 1240/2083/2355 1235/2094/2364 1236/2095/2365
s 196
f 1228/2096/2366 1245/2097/2367 1197/2013/2284 1238/2081/2368
s off
f 1213/2098/2369 1228/2096/2370 1238/2081/2371 1234/2099/2372
f 1233/2076/2373 1214/2045/2374 1213/2044/2375 1234/2077/2376
s 196
f 1151/1915/2377 1244/2100/2378 1194/2101/2281 1138/2102/2173
s off
f 1147/2103/2379 1229/2104/2380 1244/2100/2381 1151/1915/2382
s 196
f 1146/2105/2383 1230/2106/2345 1229/2107/2344 1147/2108/2384
s off
f 1024/1723/2385 969/1625/2386 1011/2109/2387
s 211
f 1211/2035/2307 1024/1723/2306 1011/2110/2388 1012/2111/2389
s 196
f 960/2112/2390 1200/2019/2290 1222/2053/2391 1212/2069/2392
f 960/2112/2390 962/2020/2291 1200/2019/2290
f 1245/2097/2367 958/2113/2393 1198/2014/2285 1197/2013/2284
f 958/2113/2393 959/2016/2287 1198/2014/2285
f 1193/2114/2280 898/2115/2394 1141/2116/2176 1139/2117/2174
f 898/2118/2394 899/2119/2178 1141/2120/2176
f 1133/1895/2168 889/2121/2395 1132/1894/2167 1130/1892/2165
f 889/2122/2395 952/2006/2279 1132/2005/2167
f 1121/2123/2156 1021/2124/2396 950/2125/2397
f 950/2125/2397 951/2002/2277 1192/2000/2275
f 1190/2126/2273 860/2127/2398 1106/2128/2136 1104/2129/2134
f 860/2130/2398 861/2131/2137 1106/2132/2136
s 195
f 1250/2133/2399 1251/2134/2400 1032/2135/2032 1030/2136/2030
f 1252/2137/2401 1250/2133/2399 1030/2136/2030 1028/2138/2028
f 1253/2139/2402 1252/2137/2401 1028/2138/2028 1027/2140/2027
f 1254/2141/2403 1255/2142/2404 1256/2143/2405 1257/2144/2406
f 1257/2144/2406 1256/2143/2405 1088/2145/2407 1087/2146/2408
f 1258/2147/2409 1254/2141/2403 1257/2144/2406 1259/2148/2410
f 1259/2148/2410 1257/2144/2406 1087/2146/2408 1260/2149/2411
f 1086/1814/2412 1032/2135/2032 1251/2134/2400 1261/2150/2413
s 221
f 1262/2151/2414 1263/2152/2415 1264/2153/2416
f 1262/2151/2414 1265/2154/2417 1263/2152/2415
s 195
f 1265/2155/2418 1086/1814/2412 1261/2150/2413 1263/2156/2419
f 1260/2149/2411 1087/2146/2408 1086/2157/2412 1265/2158/2418
f 1266/2159/2420 1254/2141/2403 1258/2147/2409 1264/2160/2421
s 221
f 1265/2154/2417 1262/2151/2414 1260/2161/2422
f 1264/2153/2416 1258/2162/2423 1262/2151/2414
f 1262/2151/2414 1258/2162/2423 1259/2163/2424
s 195
f 1270/2164/2425 1253/2165/2402 1027/2166/2027 1093/2167/2122
f 1271/2168/2426 1270/2164/2425 1093/2167/2122 1091/2169/2120
f 1272/2170/2427 1271/2168/2426 1091/2169/2120 1090/2171/2119
f 1274/2172/2428 1272/2173/2427 1090/2174/2119 1107/2175/2139
s 222
f 1278/2176/2429 1277/2177/2430 1279/2178/2431 1280/2179/2432
f 1280/2179/2432 1279/2178/2431 1281/2180/2433 1282/2181/2434
f 1283/2182/2435 1282/2183/2434 1281/2184/2433 1284/2185/2436
f 1277/2177/2430 1275/2186/2437 1285/2187/2438 1279/2178/2431
f 1279/2178/2431 1285/2187/2438 1286/2188/2439 1281/2180/2433
f 1284/2189/2436 1281/2190/2433 1286/2191/2439 1287/2192/2440
f 1275/2186/2437 1276/2193/2441 1288/2194/2442 1285/2187/2438
f 1285/2187/2438 1288/2194/2442 1289/2195/2443 1286/2188/2439
f 1287/2196/2440 1286/2197/2439 1289/2198/2443 1290/2199/2444
f 1291/2200/2445 1292/2201/2446 1293/2202/2447 1294/2203/2448
s off
f 1291/2204/2449 1295/2205/2450 1296/2206/2451 1297/2207/2452
f 1298/2208/2453 1292/2209/2454 1291/2210/2455 1297/2211/2456
s 222
f 1299/2212/2457 1291/2200/2445 1294/2203/2448 1300/2213/2458
f 1301/2214/2459 1278/2176/2429 1280/2179/2432 1302/2215/2460
f 1302/2215/2460 1280/2179/2432 1282/2181/2434 1295/2205/2461
s 225
f 1303/2216/2462 1304/2217/2463 1305/2218/2464
f 1303/2216/2462 1305/2218/2464 1306/2219/2465
s 222
f 1295/2205/2466 1282/2220/2434 1283/2221/2435 1296/2206/2467
f 1304/2222/2468 1301/2214/2459 1302/2215/2460 1305/2223/2469
f 1305/2223/2469 1302/2215/2460 1295/2205/2461 1306/2224/2470
f 1299/2212/2457 1306/2225/2470 1295/2226/2461 1291/2200/2445
f 1301/2227/2459 1304/2228/2468 1307/2229/2471 1308/2230/2472
s 225
f 1306/2219/2465 1299/2231/2473 1303/2216/2462
f 1304/2217/2463 1303/2216/2462 1307/2232/2474
f 1303/2216/2462 1299/2231/2473 1300/2233/2475
s 222
f 1276/2234/2441 1312/2235/2476 1313/2236/2477 1288/2237/2442
f 1288/2237/2442 1313/2236/2477 1314/2238/2478 1289/2239/2443
f 1290/2240/2444 1289/2241/2443 1314/2242/2478 1315/2243/2479
f 1312/2235/2476 1310/2244/2480 1316/2245/2481 1313/2236/2477
f 1313/2236/2477 1316/2245/2481 1317/2246/2482 1314/2238/2478
f 1315/2247/2479 1314/2248/2478 1317/2249/2482 1318/2250/2483
f 1310/2244/2480 1311/2251/2484 1319/2252/2485 1316/2245/2481
f 1316/2245/2481 1319/2252/2485 1320/2253/2486 1317/2246/2482
f 1318/2254/2483 1317/2255/2482 1320/2256/2486 1321/2257/2487
f 1311/2258/2484 1322/2259/2488 1323/2260/2489 1319/2261/2485
f 1319/2261/2485 1323/2260/2489 1324/2262/2490 1320/2263/2486
f 1321/2264/2487 1320/2265/2486 1324/2266/2490 1325/2267/2491
f 1322/2259/2488 2694/2268/2492 2695/2269/2493 1323/2260/2489
f 1323/2260/2489 2695/2269/2493 2696/2270/2494 1324/2262/2490
s 226
f 1283/2271/2495 1284/2272/2496 1326/2273/2497 1327/2274/2498
f 1327/2274/2498 1326/2273/2497 1328/2275/2499 1329/2276/2500
f 1330/2277/2501 1329/2276/2500 1328/2275/2499 1331/2278/2502
f 1284/2272/2496 1287/2279/2503 1332/2280/2504 1326/2273/2497
f 1326/2273/2497 1332/2280/2504 1333/2281/2505 1328/2275/2499
f 1331/2278/2502 1328/2275/2499 1333/2281/2505 1334/2282/2506
f 1287/2279/2503 1290/2283/2507 1335/2284/2508 1332/2280/2504
f 1332/2280/2504 1335/2284/2508 1336/2285/2509 1333/2281/2505
f 1334/2282/2506 1333/2281/2505 1336/2285/2509 1337/2286/2510
f 1330/2277/2501 1331/2278/2502 1338/2287/2511 1339/2288/2512
f 1339/2288/2512 1338/2287/2511 1340/2289/2513 1341/2290/2514
f 1342/2291/2515 1341/2292/2514 1340/2293/2513 1343/2294/2516
f 1331/2278/2502 1334/2282/2506 1344/2295/2517 1338/2287/2511
f 1338/2287/2511 1344/2295/2517 1345/2296/2518 1340/2289/2513
f 1343/2297/2516 1340/2298/2513 1345/2299/2518 1346/2300/2519
f 1334/2282/2506 1337/2286/2510 1347/2301/2520 1344/2295/2517
f 1344/2295/2517 1347/2301/2520 1348/2302/2521 1345/2296/2518
f 1346/2303/2519 1345/2304/2518 1348/2305/2521 1349/2306/2522
f 1350/2307/2523 1351/2308/2524 1352/2309/2525 1353/2310/2526
s off
f 1350/2311/2527 1354/2312/2528 1355/2313/2529 1356/2314/2530
s 226
f 1357/2315/2531 1351/2316/2532 1350/2317/2533 1356/2318/2534
f 1358/2319/2535 1350/2307/2523 1353/2310/2526 1359/2320/2536
f 1360/2321/2537 1330/2277/2501 1339/2288/2512 1361/2322/2538
f 1361/2322/2538 1339/2288/2512 1341/2290/2514 1354/2312/2539
s 228
f 1362/2323/2540 1363/2324/2541 1364/2325/2542
f 1362/2323/2540 1364/2325/2542 1365/2326/2543
s 226
f 1354/2312/2544 1341/2327/2514 1342/2328/2515 1355/2313/2545
f 1363/2329/2546 1360/2321/2537 1361/2322/2538 1364/2330/2547
f 1364/2330/2547 1361/2322/2538 1354/2312/2539 1365/2331/2548
f 1358/2319/2535 1365/2332/2548 1354/2333/2539 1350/2307/2523
f 1360/2334/2537 1363/2335/2546 1366/2336/2549 1367/2337/2550
s 228
f 1365/2326/2543 1358/2338/2551 1362/2323/2540
f 1363/2324/2541 1362/2323/2540 1366/2339/2552
f 1362/2323/2540 1358/2338/2551 1359/2340/2553
s 226
f 1368/2341/2554 1369/2342/2555 1370/2343/2556 1371/2344/2557
s off
f 1368/2345/2558 1372/2346/2559 1360/2321/2560 1367/2347/2561
f 1373/2348/2562 1369/2342/2563 1368/2341/2564 1367/2337/2565
s 226
f 1374/2349/2566 1368/2341/2554 1371/2344/2557 1375/2350/2567
f 1296/2351/2568 1283/2271/2495 1327/2274/2498 1376/2352/2569
f 1376/2352/2569 1327/2274/2498 1329/2276/2500 1372/2346/2570
s 231
f 1377/2353/2571 1378/2354/2572 1379/2355/2573
f 1377/2353/2571 1379/2355/2573 1380/2356/2574
s 226
f 1372/2346/2575 1329/2276/2500 1330/2277/2501 1360/2321/2576
f 1378/2357/2577 1296/2351/2568 1376/2352/2569 1379/2358/2578
f 1379/2358/2578 1376/2352/2569 1372/2346/2570 1380/2359/2579
f 1374/2349/2566 1380/2360/2579 1372/2361/2570 1368/2341/2554
f 1296/2362/2568 1378/2363/2577 1381/2364/2580 1297/2365/2581
s 231
f 1380/2356/2574 1374/2366/2582 1377/2353/2571
f 1378/2354/2572 1377/2353/2571 1381/2367/2583
f 1377/2353/2571 1374/2366/2582 1375/2368/2584
f 1377/2353/2571 1375/2368/2584 1381/2367/2583
s 226
f 1290/2369/2507 1315/2370/2585 1382/2371/2586 1335/2372/2508
f 1335/2372/2508 1382/2371/2586 1383/2373/2587 1336/2374/2509
f 1337/2375/2510 1336/2374/2509 1383/2373/2587 1384/2376/2588
f 1315/2370/2585 1318/2377/2589 1385/2378/2590 1382/2371/2586
f 1382/2371/2586 1385/2378/2590 1386/2379/2591 1383/2373/2587
f 1384/2376/2588 1383/2373/2587 1386/2379/2591 1387/2380/2592
f 1318/2377/2589 1321/2381/2593 1388/2382/2594 1385/2378/2590
f 1385/2378/2590 1388/2382/2594 1389/2383/2595 1386/2379/2591
f 1387/2380/2592 1386/2379/2591 1389/2383/2595 1390/2384/2596
f 1337/2375/2510 1384/2376/2588 1391/2385/2597 1347/2386/2520
f 1347/2386/2520 1391/2385/2597 1392/2387/2598 1348/2388/2521
f 1349/2389/2522 1348/2390/2521 1392/2391/2598 1393/2392/2599
f 1384/2376/2588 1387/2380/2592 1394/2393/2600 1391/2385/2597
f 1391/2385/2597 1394/2393/2600 1395/2394/2601 1392/2387/2598
f 1393/2395/2599 1392/2396/2598 1395/2397/2601 1396/2398/2602
f 1387/2380/2592 1390/2384/2596 1394/2393/2600
f 1396/2399/2602 1395/2400/2601 1397/2401/2603
f 1321/2402/2593 1325/2403/2604 1399/2404/2605 1388/2405/2594
f 1388/2405/2594 1399/2404/2605 1400/2406/2606 1389/2407/2595
f 1390/2408/2596 1389/2407/2595 1400/2406/2606
f 1342/2409/2515 1343/2410/2516 1401/2411/2607 1402/2412/2608
f 1402/2412/2608 1401/2411/2607 1403/2413/2609 1404/2414/2610
f 1405/2415/2611 1404/2414/2610 1403/2413/2609 1406/2416/2612
f 1343/2410/2516 1346/2417/2519 1407/2418/2613 1401/2411/2607
f 1401/2411/2607 1407/2418/2613 1408/2419/2614 1403/2413/2609
f 1406/2416/2612 1403/2413/2609 1408/2419/2614 1409/2420/2615
f 1346/2417/2519 1349/2421/2522 1410/2422/2616 1407/2418/2613
f 1407/2418/2613 1410/2422/2616 1411/2423/2617 1408/2419/2614
f 1409/2420/2615 1408/2419/2614 1411/2423/2617 1412/2424/2618
f 1405/2415/2611 1406/2416/2612 1413/2425/2619 1414/2426/2620
f 1414/2426/2620 1413/2425/2619 1415/2427/2621 1416/2428/2622
f 1417/2429/2623 1416/2428/2622 1415/2427/2621 1418/2430/2624
f 1406/2416/2612 1409/2420/2615 1419/2431/2625 1413/2425/2619
f 1413/2425/2619 1419/2431/2625 1420/2432/2626 1415/2427/2621
f 1418/2430/2624 1415/2427/2621 1420/2432/2626 1421/2433/2627
f 1409/2420/2615 1412/2424/2618 1422/2434/2628 1419/2431/2625
f 1419/2431/2625 1422/2434/2628 1423/2435/2629 1420/2432/2626
f 1421/2433/2627 1420/2432/2626 1423/2435/2629 1424/2436/2630
f 1417/2429/2623 1418/2430/2624 1425/2437/2631 1426/2438/2632
f 1426/2438/2632 1425/2437/2631 1427/2439/2633 1428/2440/2634
f 1429/2441/2635 1428/2442/2634 1427/2443/2633 1430/2444/2636
f 1418/2430/2624 1421/2433/2627 1431/2445/2637 1425/2437/2631
f 1425/2437/2631 1431/2445/2637 1432/2446/2638 1427/2439/2633
f 1430/2447/2636 1427/2448/2633 1432/2449/2638 1433/2450/2639
f 1433/2451/2639 1432/2452/2638 1434/2453/2640
f 1435/2454/2641 1436/2455/2642 1437/2456/2643 1438/2457/2644
s off
f 1435/2458/2645 1439/2459/2646 1440/2460/2647 1441/2461/2648
s 226
f 1442/2462/2649 1436/2463/2650 1435/2464/2651 1441/2465/2652
f 1443/2466/2653 1435/2454/2641 1438/2457/2644 1444/2467/2654
f 1445/2468/2655 1417/2429/2623 1426/2438/2632 1446/2469/2656
f 1446/2469/2656 1426/2438/2632 1428/2440/2634 1439/2459/2657
s 233
f 1447/2470/2658 1448/2471/2659 1449/2472/2660
f 1447/2470/2658 1449/2472/2660 1450/2473/2661
s 226
f 1439/2459/2662 1428/2474/2634 1429/2475/2635 1440/2460/2663
f 1448/2476/2664 1445/2468/2655 1446/2469/2656 1449/2477/2665
f 1449/2477/2665 1446/2469/2656 1439/2459/2657 1450/2478/2666
f 1443/2466/2653 1450/2479/2666 1439/2480/2657 1435/2454/2641
f 1445/2481/2655 1448/2482/2664 1451/2483/2667 1452/2484/2668
s 233
f 1450/2473/2661 1443/2485/2669 1447/2470/2658
f 1448/2471/2659 1447/2470/2658 1451/2486/2670
f 1447/2470/2658 1443/2485/2669 1444/2487/2671
s 226
f 1453/2488/2672 1454/2489/2673 1455/2490/2674 1456/2491/2675
s off
f 1453/2492/2676 1457/2493/2677 1445/2468/2678 1452/2494/2679
f 1458/2495/2680 1454/2489/2681 1453/2488/2682 1452/2484/2683
s 226
f 1459/2496/2684 1453/2488/2672 1456/2491/2675 1460/2497/2685
f 1461/2498/2686 1405/2415/2611 1414/2426/2620 1462/2499/2687
f 1462/2499/2687 1414/2426/2620 1416/2428/2622 1457/2493/2688
s 236
f 1463/2500/2689 1464/2501/2690 1465/2502/2691
s 226
f 1457/2493/2692 1416/2428/2622 1417/2429/2623 1445/2468/2693
f 1464/2503/2694 1461/2498/2686 1462/2499/2687 1465/2504/2695
f 1465/2504/2695 1462/2499/2687 1457/2493/2688 1466/2505/2696
f 1459/2496/2684 1466/2506/2696 1457/2507/2688 1453/2488/2672
f 1461/2508/2686 1464/2509/2694 1467/2510/2697 1468/2511/2698
s 236
f 1466/2512/2699 1459/2513/2700 1463/2500/2689
f 1464/2501/2690 1463/2500/2689 1467/2514/2701
f 1463/2500/2689 1459/2513/2700 1460/2515/2702
f 1463/2500/2689 1460/2515/2702 1467/2514/2701
s 226
f 1469/2516/2703 1470/2517/2704 1471/2518/2705 1472/2519/2706
s off
f 1469/2520/2707 1473/2521/2708 1461/2498/2709 1468/2522/2710
f 1474/2523/2711 1470/2517/2712 1469/2516/2713 1468/2511/2714
s 226
f 1475/2524/2715 1469/2516/2703 1472/2519/2706 1476/2525/2716
f 1355/2526/2717 1342/2409/2515 1402/2412/2608 1477/2527/2718
f 1477/2527/2718 1402/2412/2608 1404/2414/2610 1473/2521/2719
s 239
f 1478/2528/2720 1479/2529/2721 1480/2530/2722
f 1478/2528/2720 1480/2530/2722 1481/2531/2723
s 226
f 1473/2521/2724 1404/2414/2610 1405/2415/2611 1461/2498/2725
f 1479/2532/2726 1355/2526/2717 1477/2527/2718 1480/2533/2727
f 1480/2533/2727 1477/2527/2718 1473/2521/2719 1481/2534/2728
f 1475/2524/2715 1481/2535/2728 1473/2536/2719 1469/2516/2703
f 1355/2537/2717 1479/2538/2726 1482/2539/2729 1356/2540/2534
s 239
f 1481/2531/2723 1475/2541/2730 1478/2528/2720
f 1479/2529/2721 1478/2528/2720 1482/2542/2731
f 1478/2528/2720 1475/2541/2730 1476/2543/2732
s 226
f 1349/2544/2522 1393/2545/2599 1483/2546/2733 1410/2547/2616
f 1410/2547/2616 1483/2546/2733 1484/2548/2734 1411/2549/2617
f 1412/2550/2618 1411/2549/2617 1484/2548/2734 1485/2551/2735
f 1485/2551/2735 1484/2548/2734 1486/2552/2736
f 1424/2553/2630 1423/2554/2629 1487/2555/2737
f 1429/2556/2635 1430/2557/2636 1488/2558/2738 1489/2559/2739
f 1489/2559/2739 1488/2558/2738 1490/2560/2740 1491/2561/2741
f 1492/2562/2742 1491/2561/2741 1490/2560/2740 1493/2563/2743
f 1493/2563/2743 1490/2560/2740 1494/2564/2744
f 1495/2565/2745 1496/2566/2746 1497/2567/2747
s 240
f 1498/2568/2748 1499/2569/2749 1500/2570/2750 1501/2571/2751
s off
f 1502/2572/2752 1499/2573/2753 1503/2574/2754 1504/2575/2755
f 1500/2576/2756 1499/2577/2757 1502/2578/2758
s 240
f 1505/2579/2759 1499/2569/2749 1498/2568/2748 1506/2580/2760
s 243
f 1507/2581/2761 1508/2582/2762 1509/2583/2763
f 1507/2581/2761 1509/2583/2763 1510/2584/2764
s 240
f 1508/2585/2765 1511/2586/2766 1512/2587/2767 1509/2588/2768
f 1509/2588/2768 1512/2587/2767 1503/2574/2769 1510/2589/2770
f 1505/2579/2759 1510/2590/2770 1503/2591/2769 1499/2569/2749
f 1511/2592/2766 1508/2593/2765 1513/2594/2771 1514/2595/2772
s 243
f 1510/2584/2764 1505/2596/2773 1507/2581/2761
f 1508/2582/2762 1507/2581/2761 1513/2597/2774
f 1507/2581/2761 1505/2596/2773 1506/2598/2775
s 226
f 1515/2599/2776 1516/2600/2777 1517/2601/2778 1518/2602/2779
s off
f 1515/2603/2780 1519/2604/2781 1511/2586/2782 1514/2605/2783
s 226
f 1520/2606/2784 1515/2599/2776 1518/2602/2779 1521/2607/2785
f 1522/2608/2786 1492/2562/2742 1523/2609/2787 1524/2610/2788
f 1524/2610/2788 1523/2609/2787 1496/2566/2746 1519/2604/2789
s 245
f 1525/2611/2790 1526/2612/2791 1527/2613/2792
f 1525/2611/2790 1527/2613/2792 1528/2614/2793
s 226
f 1511/2586/2794 1519/2604/2795 1496/2566/2746 1495/2565/2745
f 1526/2615/2796 1522/2608/2786 1524/2610/2788 1527/2616/2797
f 1527/2616/2797 1524/2610/2788 1519/2604/2789 1528/2617/2798
f 1520/2606/2784 1528/2618/2798 1519/2619/2789 1515/2599/2776
f 1522/2620/2786 1526/2621/2796 1529/2622/2799 1530/2623/2800
s 245
f 1528/2614/2793 1520/2624/2801 1525/2611/2790
f 1526/2612/2791 1525/2611/2790 1529/2625/2802
f 1525/2611/2790 1520/2624/2801 1521/2626/2803
f 1525/2611/2790 1521/2626/2803 1529/2625/2802
s off
f 1515/2599/2804 1514/2595/2805 1531/2627/2806 1516/2600/2807
s 226
f 1532/2628/2808 1533/2629/2809 1534/2630/2810 1535/2631/2811
s off
f 1532/2632/2812 1536/2633/2813 1522/2608/2814 1530/2634/2815
f 1537/2635/2816 1533/2629/2817 1532/2628/2818 1530/2623/2819
s 226
f 1538/2636/2820 1532/2628/2808 1535/2631/2811 1539/2637/2821
f 1440/2638/2822 1429/2556/2635 1489/2559/2739 1540/2639/2823
f 1540/2639/2823 1489/2559/2739 1491/2561/2741 1536/2633/2824
s 249
f 1541/2640/2825 1542/2641/2826 1543/2642/2827
f 1541/2640/2825 1543/2642/2827 1544/2643/2828
s 226
f 1536/2633/2829 1491/2561/2741 1492/2562/2742 1522/2608/2830
f 1542/2644/2831 1440/2638/2822 1540/2639/2823 1543/2645/2832
f 1543/2645/2832 1540/2639/2823 1536/2633/2824 1544/2646/2833
f 1538/2636/2820 1544/2647/2833 1536/2648/2824 1532/2628/2808
f 1440/2649/2822 1542/2650/2831 1545/2651/2834 1441/2652/2652
s 249
f 1544/2643/2828 1538/2653/2835 1541/2640/2825
f 1542/2641/2826 1541/2640/2825 1545/2654/2836
f 1541/2640/2825 1538/2653/2835 1539/2655/2837
s off
f 1504/2575/2838 1503/2574/2839 1546/2656/2840
s 240
f 1503/2574/2769 1512/2587/2767 1547/2657/2841 1546/2658/2842
f 1511/2586/2766 1548/2659/2843 1547/2657/2841 1512/2587/2767
s off
f 1511/2586/2844 1495/2565/2845 1548/2659/2846
s 226
f 1523/2609/2787 1549/2660/2847 1497/2567/2747 1496/2566/2746
f 1492/2562/2742 1550/2661/2848 1549/2660/2847 1523/2609/2787
f 1488/2558/2738 1551/2662/2849 1494/2564/2744 1490/2560/2740
f 1430/2557/2636 1552/2663/2850 1551/2662/2849 1488/2558/2738
f 1431/2445/2637 1553/2664/2851 1434/2665/2640 1432/2446/2638
f 1421/2433/2627 1554/2666/2852 1553/2664/2851 1431/2445/2637
f 1422/2667/2628 1555/2668/2853 1487/2555/2737 1423/2554/2629
f 1412/2550/2618 1556/2669/2854 1555/2668/2853 1422/2667/2628
f 1483/2546/2733 1557/2670/2855 1486/2552/2736 1484/2548/2734
f 1393/2545/2599 1558/2671/2856 1557/2670/2855 1483/2546/2733
f 1394/2393/2600 1390/2384/2596 1397/2672/2603 1395/2394/2601
f 1399/2404/2605 1325/2403/2604 1398/2673/2857
s off
f 1502/2572/2858 1504/2575/2859 1559/2674/2860 1560/2675/2861
f 1500/2676/2862 1502/2677/2863 1560/2678/2864
s 167
f 1561/2679/2865 2698/2680/1652 2699/2681/1650 1562/2682/2866
f 1562/2682/2866 2699/2681/1650 2700/2683/1648 1563/2684/2867
f 1563/2684/2867 2700/2683/1648 2701/2685/1647 1564/2686/2868
f 1565/2687/2869 1566/2688/2870 1567/2689/2871 1568/2690/2872
f 1569/2691/2873 1565/2687/2869 1568/2690/2872 1570/2692/2874
f 1571/2693/2875 1569/2691/2873 1570/2692/2874 1572/2694/2876
f 1573/2695/2877 1572/2694/2876 1570/2692/2874 1574/2696/2878
f 1574/2696/2878 1570/2692/2874 1568/2690/2872 1575/2697/2879
f 1575/2697/2879 1568/2690/2872 1567/2689/2871 1576/2698/2880
f 1577/2699/2881 1578/2700/2882 1579/2701/2883 1580/2702/2884
f 1581/2703/2885 1577/2699/2881 1580/2702/2884 1582/2704/2886
f 1583/2705/2887 1581/2703/2885 1582/2704/2886 1584/2706/2888
f 1585/2707/2889 1586/2708/2890 1587/2709/2891 1588/2710/2892
f 1588/2710/2892 1587/2709/2891 1589/2711/2893 1590/2712/2894
f 1591/2713/2895 1585/2707/2889 1588/2710/2892 1592/2714/2896
f 1592/2714/2896 1588/2710/2892 1590/2712/2894 1593/2715/2897
f 1594/2716/2898 1579/2701/2883 1578/2700/2882 1595/2717/2899
s 254
f 1596/2718/2900 1597/2719/2901 1598/2720/2902
f 1596/2718/2900 1599/2721/2903 1597/2719/2901
s 167
f 1599/2722/2904 1594/2716/2898 1595/2717/2899 1597/2723/2905
f 1593/2715/2897 1590/2712/2894 1594/2724/2898 1599/2725/2904
f 1600/2726/2906 1585/2707/2889 1591/2713/2895 1598/2727/2907
s 254
f 1599/2721/2903 1596/2718/2900 1593/2728/2908
f 1598/2720/2902 1591/2729/2909 1596/2718/2900
f 1596/2718/2900 1591/2729/2909 1592/2730/2910
s 167
f 1601/2731/2911 1602/2732/2912 1603/2733/2913 1604/2734/2914
f 1604/2734/2914 1603/2733/2913 1605/2735/2915 1606/2736/2916
f 1607/2737/2917 1601/2731/2911 1604/2734/2914 1608/2738/2918
f 1608/2738/2918 1604/2734/2914 1606/2736/2916 1609/2739/2919
f 1610/2740/2920 1567/2689/2871 1566/2688/2870 1611/2741/2921
s 255
f 1612/2742/2922 1613/2743/2923 1614/2744/2924
s 167
f 1613/2745/2925 1610/2740/2920 1611/2741/2921 1614/2746/2926
f 1609/2739/2919 1606/2736/2916 1610/2747/2920 1613/2748/2925
f 1615/2749/2927 1601/2731/2911 1607/2737/2917 1616/2750/2928
s 255
f 1613/2743/2923 1612/2742/2922 1609/2751/2929
f 1616/2752/2930 1607/2753/2931 1612/2742/2922
f 1612/2742/2922 1608/2754/2932 1609/2751/2929
f 1612/2742/2922 1607/2753/2931 1608/2754/2932
s 167
f 1600/2755/2933 1576/2698/2880 1567/2689/2871 1610/2740/2934
s off
f 1585/2756/2935 1600/2755/2936 1610/2740/2937 1606/2757/2938
f 1605/2735/2939 1586/2708/2940 1585/2707/2941 1606/2736/2942
s 167
f 1615/2758/2943 1564/2686/2868 2701/2685/1647 2702/2759/2944
s 258
f 1601/2760/2945 1615/2758/2946 2702/2759/2947 2703/2761/2948
s 167
f 1617/2762/2949 2705/2763/1748 2706/2764/1746 1618/2765/2950
f 1618/2765/2950 2706/2764/1746 2707/2766/1744 1619/2767/2951
f 1619/2767/2951 2707/2766/1744 2698/2768/1652 1561/2769/2865
f 1620/2770/2952 1571/2771/2875 1572/2772/2876 1621/2773/2953
f 1622/2774/2954 1620/2770/2952 1621/2773/2953 1623/2775/2955
f 1624/2776/2956 1622/2774/2954 1623/2775/2955 1625/2777/2957
f 1390/2778/2958 1625/2777/2957 1623/2775/2955 1626/2779/2959
f 1626/2779/2959 1623/2775/2955 1621/2773/2953 1627/2780/2960
f 1627/2780/2960 1621/2773/2953 1572/2772/2876 1573/2781/2877
f 1628/2782/2961 1583/2783/2887 1584/2784/2888 1629/2785/2962
f 1630/2786/2963 1628/2782/2961 1629/2785/2962 1631/2787/2964
f 1390/2778/2958 1630/2786/2963 1631/2787/2964 1397/2788/2965
f 1632/2789/2966 2708/2790/1766 2705/2791/1748 1617/2792/2949
f 1399/2793/2967 1624/2794/2956 1625/2795/2957 1400/2796/2968
f 1399/2793/2967 1398/2797/2969 1632/2789/2966
f 1625/2795/2957 1390/2798/2958 1400/2796/2968
f 1633/2799/2970 1584/2800/2888 1582/2801/2886 1634/2802/2971
f 1634/2803/2971 1582/2804/2886 1580/2805/2884 1635/2806/2972
f 1635/2807/2972 1580/2808/2884 1579/2809/2883 1636/2810/2973
f 1637/2811/2974 1638/2812/2975 1639/2813/2976 1640/2814/2977
f 1641/2815/2978 1637/2811/2974 1640/2814/2977 1642/2816/2979
f 1643/2817/2980 1641/2815/2978 1642/2816/2979 1644/2818/2981
f 1645/2819/2982 1644/2818/2981 1642/2816/2979 1646/2820/2983
f 1646/2820/2983 1642/2816/2979 1640/2814/2977 1647/2821/2984
f 1647/2821/2984 1640/2814/2977 1639/2813/2976 1648/2822/2985
f 1649/2823/2986 1650/2824/2987 1651/2825/2988 1652/2826/2989
f 1653/2827/2990 1649/2823/2986 1652/2826/2989 1654/2828/2991
f 1655/2829/2992 1653/2827/2990 1654/2828/2991 1656/2830/2993
f 1657/2831/2994 1654/2828/2991 1652/2826/2989 1658/2832/2995
f 1658/2832/2995 1652/2826/2989 1651/2825/2988 1659/2833/2996
f 1660/2834/2997 1661/2835/2998 1662/2836/2999 1663/2837/3000
f 1664/2838/3001 1660/2834/2997 1663/2837/3000 1665/2839/3002
f 1553/2840/3003 1664/2838/3001 1665/2839/3002 1434/2841/3004
f 1666/2842/3005 1667/2843/3006 1668/2844/3007 1669/2845/3008
f 1669/2845/3008 1668/2844/3007 1670/2846/3009 1671/2847/3010
f 1672/2848/3011 1666/2842/3005 1669/2845/3008 1673/2849/3012
f 1673/2849/3012 1669/2845/3008 1671/2847/3010 1674/2850/3013
f 1675/2851/3014 1662/2836/2999 1661/2835/2998 1676/2852/3015
s 259
f 1677/2853/3016 1678/2854/3017 1679/2855/3018
f 1677/2853/3016 1680/2856/3019 1678/2854/3017
s 167
f 1680/2857/3020 1675/2851/3014 1676/2852/3015 1678/2858/3021
f 1674/2850/3013 1671/2847/3010 1675/2859/3014 1680/2860/3020
f 1681/2861/3022 1666/2842/3005 1672/2848/3011 1679/2862/3023
s 259
f 1680/2856/3019 1677/2853/3016 1674/2863/3024
f 1679/2855/3018 1672/2864/3025 1677/2853/3016
f 1677/2853/3016 1672/2864/3025 1673/2865/3026
s 167
f 1682/2866/3027 1683/2867/3028 1684/2868/3029 1685/2869/3030
f 1685/2869/3030 1684/2868/3029 1686/2870/3031 1687/2871/3032
f 1688/2872/3033 1682/2866/3027 1685/2869/3030 1689/2873/3034
f 1689/2873/3034 1685/2869/3030 1687/2871/3032 1690/2874/3035
f 1691/2875/3036 1651/2825/2988 1650/2824/2987 1692/2876/3037
s 260
f 1693/2877/3038 1694/2878/3039 1695/2879/3040
f 1693/2877/3038 1696/2880/3041 1694/2878/3039
s 167
f 1696/2881/3042 1691/2875/3036 1692/2876/3037 1694/2882/3043
f 1690/2874/3035 1687/2871/3032 1691/2883/3036 1696/2884/3042
f 1697/2885/3044 1682/2866/3027 1688/2872/3033 1695/2886/3045
s 260
f 1696/2880/3041 1693/2877/3038 1690/2887/3046
f 1695/2879/3040 1688/2888/3047 1693/2877/3038
f 1693/2877/3038 1688/2888/3047 1689/2889/3048
s 167
f 1681/2890/3049 1659/2833/2996 1651/2825/2988 1691/2875/3050
s off
f 1666/2891/3051 1681/2890/3052 1691/2875/3053 1687/2892/3054
f 1686/2870/3055 1667/2843/3056 1666/2842/3057 1687/2871/3058
s 167
f 1698/2893/3059 1699/2894/3060 1700/2895/3061 1701/2896/3062
f 1701/2896/3062 1700/2895/3061 1702/2897/3063 1703/2898/3064
f 1704/2899/3065 1698/2893/3059 1701/2896/3062 1705/2900/3066
f 1705/2900/3066 1701/2896/3062 1703/2898/3064 1706/2901/3067
f 1707/2902/3068 1639/2813/2976 1638/2812/2975 1708/2903/3069
s 263
f 1709/2904/3070 1710/2905/3071 1711/2906/3072
s 167
f 1710/2907/3073 1707/2902/3068 1708/2903/3069 1711/2908/3074
f 1706/2901/3067 1703/2898/3064 1707/2909/3068 1710/2910/3073
f 1712/2911/3075 1698/2893/3059 1704/2899/3065 1713/2912/3076
s 263
f 1710/2905/3071 1709/2904/3070 1706/2913/3077
f 1713/2914/3078 1704/2915/3079 1709/2904/3070
f 1709/2904/3070 1704/2915/3079 1705/2916/3080
s 167
f 1697/2917/3081 1648/2822/2985 1639/2813/2976 1707/2902/3082
s off
f 1682/2918/3083 1697/2917/3084 1707/2902/3085 1703/2919/3086
f 1702/2897/3087 1683/2867/3088 1682/2866/3089 1703/2898/3090
s 167
f 1594/2716/3091 1712/2920/3092 1636/2921/2973 1579/2922/2883
s off
f 1590/2923/3093 1698/2924/3094 1712/2920/3095 1594/2716/3096
s 167
f 1589/2925/3097 1699/2926/3060 1698/2927/3059 1590/2928/3098
f 1714/2929/3099 1629/2930/2962 1584/2931/2888 1633/2932/2970
f 1715/2933/3100 1643/2934/2980 1644/2935/2981 1716/2936/3101
f 1557/2937/3102 1715/2933/3100 1716/2936/3101 1486/2938/3103
f 1555/2939/3104 1655/2940/2992 1656/2941/2993 1487/2942/3105
f 1717/2943/3106 1663/2944/3000 1662/2945/2999 1718/2946/3107
f 1719/2947/3108 1720/2948/3109 1721/2949/3110 1722/2950/3111
f 1551/2951/3112 1719/2947/3108 1722/2950/3111 1494/2952/3113
f 1549/2953/3114 1723/2954/3115 1724/2955/3116 1497/2956/3117
s 267
f 1725/2957/3118 1726/2958/3119 1501/2959/3120 1727/2960/3121
f 1560/2961/3122 1727/2960/3121 1501/2959/3120 1500/2962/3123
f 1728/2963/3124 1725/2957/3118 1727/2960/3121 1729/2964/3125
f 1729/2964/3125 1727/2960/3121 1560/2961/3122 1730/2965/3126
s 268
f 1731/2966/3127 1732/2967/3128 1733/2968/3129
f 1731/2966/3127 1734/2969/3130 1732/2967/3128
s 267
f 1734/2970/3131 1559/2674/3132 1735/2971/3133 1732/2972/3134
f 1730/2965/3126 1560/2961/3122 1559/2973/3132 1734/2974/3131
f 1736/2975/3135 1725/2957/3118 1728/2963/3124 1733/2976/3136
s 268
f 1734/2969/3130 1731/2966/3127 1730/2977/3137
f 1733/2968/3129 1728/2978/3138 1731/2966/3127
f 1731/2966/3127 1728/2978/3138 1729/2979/3139
s 167
f 1737/2980/3140 1738/2981/3141 1739/2982/3142 1740/2983/3143
f 1740/2983/3143 1739/2982/3142 1741/2984/3144 1742/2985/3145
f 1743/2986/3146 1737/2980/3140 1740/2983/3143 1744/2987/3147
f 1744/2987/3147 1740/2983/3143 1742/2985/3145 1745/2988/3148
f 1746/2989/3149 1724/2955/3116 1723/2954/3115 1747/2990/3150
s 269
f 1748/2991/3151 1749/2992/3152 1750/2993/3153
f 1748/2991/3151 1751/2994/3154 1749/2992/3152
s 167
f 1751/2995/3155 1746/2989/3149 1747/2990/3150 1749/2996/3156
f 1745/2988/3148 1742/2985/3145 1746/2997/3149 1751/2998/3155
f 1752/2999/3157 1737/2980/3140 1743/2986/3146 1750/3000/3158
s 269
f 1751/2994/3154 1748/2991/3151 1745/3001/3159
f 1750/2993/3153 1743/3002/3160 1748/2991/3151
f 1748/2991/3151 1743/3002/3160 1744/3003/3161
s off
f 1725/3004/3162 1736/3005/3163 1746/2989/3164 1742/3006/3165
f 1725/2957/3166 1531/3007/3167 1726/2958/3168
s 167
f 1753/3008/3169 1754/3009/3170 1755/3010/3171 1756/3011/3172
f 1756/3011/3172 1755/3010/3171 1757/3012/3173 1758/3013/3174
f 1759/3014/3175 1753/3008/3169 1756/3011/3172 1760/3015/3176
f 1760/3015/3176 1756/3011/3172 1758/3013/3174 1761/3016/3177
f 1762/3017/3178 1721/2949/3110 1720/2948/3109 1763/3018/3179
s 272
f 1764/3019/3180 1765/3020/3181 1766/3021/3182
f 1764/3019/3180 1767/3022/3183 1765/3020/3181
s 167
f 1767/3023/3184 1762/3017/3178 1763/3018/3179 1765/3024/3185
f 1761/3016/3177 1758/3013/3174 1762/3025/3178 1767/3026/3184
f 1768/3027/3186 1753/3008/3169 1759/3014/3175 1766/3028/3187
s 272
f 1767/3022/3183 1764/3019/3180 1761/3029/3188
f 1766/3021/3182 1759/3030/3189 1764/3019/3180
f 1764/3019/3180 1759/3030/3189 1760/3031/3190
s 167
f 1752/3032/3191 1769/3033/3192 1721/2949/3110 1762/3017/3193
s off
f 1737/3034/3194 1752/3032/3195 1762/3017/3196 1758/3035/3197
f 1757/3012/3198 1738/2981/3199 1737/2980/3200 1758/3013/3201
s 167
f 1675/2851/3202 1768/3036/3203 1718/3037/3107 1662/3038/2999
s off
f 1671/3039/3204 1753/3040/3205 1768/3036/3206 1675/2851/3207
s 167
f 1670/3041/3208 1754/3042/3170 1753/3043/3169 1671/3044/3209
s off
f 1559/2674/3210 1504/2575/3211 1546/3045/3212
s 267
f 1735/2971/3133 1559/2674/3132 1546/3046/3213 1547/3047/3214
s 167
f 1746/2989/3215 1736/3005/3216 1495/3048/3217 1724/2955/3116
f 1495/3048/3217 1497/2956/3117 1724/2955/3116
f 1769/3033/3192 1493/3049/3218 1722/2950/3111 1721/2949/3110
f 1493/3049/3218 1494/2952/3113 1722/2950/3111
f 1717/3050/3106 1433/3051/3219 1665/3052/3002 1663/3053/3000
f 1433/3054/3219 1434/3055/3004 1665/3056/3002
f 1657/2831/2994 1424/3057/3220 1656/2830/2993 1654/2828/2991
f 1424/3058/3220 1487/2942/3105 1656/2941/2993
f 1645/3059/2982 1485/3060/3221 1716/2936/3101 1644/2935/2981
f 1485/3060/3221 1486/2938/3103 1716/2936/3101
f 1714/3061/3099 1396/3062/3222 1631/3063/2964 1629/3064/2962
f 1396/3065/3222 1397/3066/2965 1631/3067/2964
f 1632/2789/2966 1398/2797/2969 2697/3068/1768 2708/2790/1766
s off
f 1736/3005/3223 1548/3069/3224 1495/3048/3225
f 1531/2627/3226 1514/2595/3227 1726/3070/3228
f 1531/3007/3229 1725/2957/3230 1742/2985/3231 1741/2984/3232
s 167
f 1769/3033/3192 1550/3071/3233 1493/3049/3218
s 226
f 1492/2562/2742 1493/2563/2743 1550/2661/2848
s 167
f 1717/3072/3106 1552/3073/3234 1433/3074/3219
s 226
f 1430/2557/2636 1433/3075/2639 1552/2663/2850
s 167
f 1657/2831/2994 1554/3076/3235 1424/3057/3220
s 226
f 1421/2433/2627 1424/2436/2630 1554/2666/2852
s 167
f 1645/3059/2982 1556/3077/3236 1485/3060/3221
s 226
f 1412/2550/2618 1485/2551/2735 1556/2669/2854
s 167
f 1714/3078/3099 1558/3079/3237 1396/3080/3222
s 226
f 1393/2545/2599 1396/3081/2602 1558/2671/2856
s 196
f 1190/3082/2273 1023/3083/3238 860/3084/2398
s 167
f 857/1595/1761 860/3085/1764 1023/1721/2018
s 196
f 1121/2123/2156 950/2125/2397 1192/2000/2275 1120/1999/2155
f 1133/1895/2168 1019/3086/3239 889/2121/2395
s 167
f 886/1483/1792 889/1486/1795 1019/1716/2014
s 196
f 1193/3087/2280 1017/3088/3240 898/3089/2394
s 167
f 895/1607/1801 898/3090/1804 1017/1713/2012
s 196
f 1245/2097/2367 1015/3091/3241 958/2113/2393
s 167
f 957/1612/1907 958/1613/1908 1015/1711/2010
s off
f 1212/2069/3242 1013/3092/3243 960/2112/3244
f 976/1636/3245 960/1615/3246 1013/1709/3247
f 1201/2021/3248 985/2071/3249 1202/2022/3250
f 985/1656/3251 979/1645/3252 1202/3093/3253
s 222
f 1308/2230/2472 1294/2203/2448 1293/2202/2447 1309/3094/3254
f 1307/2229/2471 1300/2213/2458 1294/2203/2448 1308/2230/2472
s 226
f 1297/2365/2581 1371/2344/2557 1370/2343/2556 1298/3095/3255
f 1381/2364/2580 1375/2350/2567 1371/2344/2557 1297/2365/2581
s 167
f 1390/2778/2958 1626/2779/2959 1630/2786/2963
f 1626/2779/2959 1627/2780/2960 1628/2782/2961 1630/2786/2963
f 1627/2780/2960 1573/2781/2877 1583/2783/2887 1628/2782/2961
f 1573/2695/2877 1574/2696/2878 1581/2703/2885 1583/2705/2887
f 1574/2696/2878 1575/2697/2879 1577/2699/2881 1581/2703/2885
f 1575/2697/2879 1576/2698/2880 1578/2700/2882 1577/2699/2881
f 1600/2755/2906 1595/2717/2899 1578/2700/2882 1576/2698/2880
f 1598/3096/2907 1597/2723/2905 1595/2717/2899 1600/2755/2906
s 226
f 1367/2337/2550 1353/2310/2526 1352/2309/2525 1373/2348/3256
f 1366/2336/2549 1359/2320/2536 1353/2310/2526 1367/2337/2550
s 167
f 1714/3078/3099 1715/2933/3100 1557/2937/3102 1558/3079/3237
f 1714/3078/3099 1633/3097/2970 1643/2934/2980 1715/2933/3100
f 1633/3098/2970 1634/3099/2971 1641/2815/2978 1643/2817/2980
f 1634/3099/2971 1635/3100/2972 1637/2811/2974 1641/2815/2978
f 1635/3100/2972 1636/3101/2973 1638/2812/2975 1637/2811/2974
f 1712/3102/3075 1708/2903/3069 1638/2812/2975 1636/3101/2973
f 1713/3103/3076 1711/2908/3074 1708/2903/3069 1712/3102/3075
s 226
f 1356/2540/2534 1472/2519/2706 1471/2518/2705 1357/3104/2531
f 1482/2539/2729 1476/2525/2716 1472/2519/2706 1356/2540/2534
s 167
f 1645/3059/2982 1655/2940/2992 1555/2939/3104 1556/3077/3236
f 1645/2819/2982 1646/2820/2983 1653/2827/2990 1655/2829/2992
f 1646/2820/2983 1647/2821/2984 1649/2823/2986 1653/2827/2990
f 1647/2821/2984 1648/2822/2985 1650/2824/2987 1649/2823/2986
f 1697/2917/3044 1692/2876/3037 1650/2824/2987 1648/2822/2985
f 1695/3105/3045 1694/2882/3043 1692/2876/3037 1697/2917/3044
s 226
f 1468/2511/2698 1456/2491/2675 1455/2490/2674 1474/2523/3257
f 1467/2510/2697 1460/2497/2685 1456/2491/2675 1468/2511/2698
s 167
f 1657/2831/2994 1664/2838/3001 1553/2840/3003 1554/3076/3235
f 1657/2831/2994 1658/2832/2995 1660/2834/2997 1664/2838/3001
f 1658/2832/2995 1659/2833/2996 1661/2835/2998 1660/2834/2997
f 1681/2890/3022 1676/2852/3015 1661/2835/2998 1659/2833/2996
f 1679/3106/3023 1678/2858/3021 1676/2852/3015 1681/2890/3022
s 226
f 1452/2484/2668 1438/2457/2644 1437/2456/2643 1458/2495/3258
f 1451/2483/2667 1444/2467/2654 1438/2457/2644 1452/2484/2668
s 167
f 1717/3072/3106 1719/2947/3108 1551/2951/3112 1552/3073/3234
f 1717/3072/3106 1718/3107/3107 1720/2948/3109 1719/2947/3108
f 1768/3108/3186 1763/3018/3179 1720/2948/3109 1718/3107/3107
f 1766/3109/3187 1765/3024/3185 1763/3018/3179 1768/3108/3186
s 226
f 1441/2652/2652 1535/2631/2811 1534/2630/2810 1442/3110/2649
f 1545/2651/2834 1539/2637/2821 1535/2631/2811 1441/2652/2652
s 167
f 1769/3033/3192 1723/2954/3115 1549/2953/3114 1550/3071/3233
f 1752/3032/3157 1747/2990/3150 1723/2954/3115 1769/3033/3192
f 1750/3111/3158 1749/2996/3156 1747/2990/3150 1752/3032/3157
s 226
f 1530/2623/2800 1518/2602/2779 1517/2601/2778 1537/2635/3259
f 1529/2622/2799 1521/2607/2785 1518/2602/2779 1530/2623/2800
s 240
f 1514/2595/2772 1498/2568/2748 1501/2571/2751 1726/3070/3260
f 1513/2594/2771 1506/2580/2760 1498/2568/2748 1514/2595/2772
s 267
f 1736/3005/3135 1735/2971/3133 1547/3047/3214 1548/3069/3261
f 1733/3112/3136 1732/2972/3134 1735/2971/3133 1736/3005/3135
s 167
f 841/1403/1735 829/1383/1712 828/1382/1711 842/1408/3262
f 840/1402/1734 833/1389/1722 829/1383/1712 841/1403/1735
f 825/1376/1705 811/1349/1681 810/1348/1680 831/1387/3263
f 824/1375/1704 817/1359/1691 811/1349/1681 825/1376/1705
s 196
f 854/1841/2130 1101/1842/2131 1105/1849/2135
f 1101/1842/2131 1102/1843/2132 1103/1845/2133 1105/1849/2135
f 1102/1843/2132 1042/1844/2042 1052/1846/2052 1103/1845/2133
f 1042/1748/2042 1043/1749/2043 1050/1756/2050 1052/1758/2052
f 1043/1749/2043 1044/1750/2044 1046/1752/2046 1050/1756/2050
f 1044/1750/2044 1045/1751/2045 1047/1753/2047 1046/1752/2046
f 1068/1808/2070 1064/1770/2064 1047/1753/2047 1045/1751/2045
f 1069/3113/2071 1067/1775/2069 1064/1770/2064 1068/1808/2070
s 167
f 814/1590/1689 937/1569/1871 936/1568/1870 815/3114/1686
f 947/1589/1894 941/1575/1881 937/1569/1871 814/1590/1689
s 196
f 1190/3082/2273 1191/1997/2274 1022/2001/2276 1023/3083/3238
f 1190/3082/2273 1109/3115/2144 1119/1998/2154 1191/1997/2274
f 1109/3116/2144 1110/3117/2145 1117/1879/2152 1119/1881/2154
f 1110/3117/2145 1111/3118/2146 1113/1875/2148 1117/1879/2152
f 1111/3118/2146 1112/3119/2147 1114/1876/2149 1113/1875/2148
f 1189/3120/2250 1184/1967/2243 1114/1876/2149 1112/3119/2147
f 1187/3121/2251 1186/1973/2249 1184/1967/2243 1189/3120/2250
s 167
f 933/1562/1864 921/1541/1840 920/1540/1839 939/1573/3264
f 932/1561/1863 925/1547/1850 921/1541/1840 933/1562/1864
s 196
f 1121/2123/2156 1131/2004/2166 1020/2003/2278 1021/2124/2396
f 1121/1883/2156 1122/1884/2157 1129/1891/2164 1131/1893/2166
f 1122/1884/2157 1123/1885/2158 1125/1887/2160 1129/1891/2164
f 1123/1885/2158 1124/1886/2159 1126/1888/2161 1125/1887/2160
f 1173/1981/2218 1168/1940/2211 1126/1888/2161 1124/1886/2159
f 1171/3122/2219 1170/1946/2217 1168/1940/2211 1173/1981/2218
s 167
f 917/1533/1832 903/1507/1809 902/1506/1808 923/1545/3265
f 916/1532/1831 909/1517/1819 903/1507/1809 917/1533/1832
s 196
f 1133/1895/2168 1140/1902/2175 1018/1904/2177 1019/3086/3239
f 1133/1895/2168 1134/1896/2169 1136/1898/2171 1140/1902/2175
f 1134/1896/2169 1135/1897/2170 1137/1899/2172 1136/1898/2171
f 1157/1954/2196 1152/1916/2189 1137/1899/2172 1135/1897/2170
f 1155/3123/2197 1154/1922/2195 1152/1916/2189 1157/1954/2196
f 1193/3087/2280 1195/2011/2282 1016/2015/2286 1017/3088/3240
f 1193/3087/2280 1194/3124/2281 1196/2012/2283 1195/2011/2282
f 1244/3125/2361 1239/2082/2354 1196/2012/2283 1194/3124/2281
f 1242/3126/2362 1241/2088/2360 1239/2082/2354 1244/3125/2361
s 167
f 906/1702/1817 1000/1681/1976 999/1680/1975 907/3127/1814
f 1010/1701/1999 1004/1687/1986 1000/1681/1976 906/1702/1817
s 196
f 1245/2097/2367 1199/2018/2289 1014/2017/2288 1015/3091/3241
f 1228/2096/2331 1223/2054/2324 1199/2018/2289 1245/2097/2367
f 1226/3128/2332 1225/2060/2330 1223/2054/2324 1228/2096/2331
s 167
f 996/1674/1969 983/1652/1944 982/1651/1943 1002/1685/3266
f 995/1673/1968 987/1658/1954 983/1652/1944 996/1674/1969
s 182
f 979/1645/1937 963/1618/1913 966/1621/1916 1202/3093/3267
f 978/1644/1936 971/1630/1925 963/1618/1913 979/1645/1937
s 211
f 1212/2069/2309 1211/2035/2307 1012/2111/2389 1013/3092/3268
f 1209/3129/2310 1208/2036/2308 1211/2035/2307 1212/2069/2309
s 196
f 1108/1861/2143 1089/3130/3269 1099/1857/2128 864/1856/2140
f 1089/3131/3269 1092/3132/3270 1097/1837/2126 1099/1839/2128
f 1092/3132/3270 1094/3133/3271 1095/1833/2124 1097/1837/2126
f 1094/3133/3271 1026/3134/3272 1040/1834/2040 1095/1833/2124
f 1026/3135/3272 1029/3136/3273 1038/1744/2038 1040/1746/2040
f 1029/3136/3273 1031/3137/3274 1034/1740/2034 1038/1744/2038
f 1031/3137/3274 1033/3138/3275 1035/1741/2035 1034/1740/2034
f 1085/3139/2093 1080/1794/2086 1035/1741/2035 1033/3138/3275
f 1083/3140/2094 1082/1800/2092 1080/1794/2086 1085/3139/2093
s 195
f 1273/3141/3276 1267/3142/3277 1272/2173/2427 1274/2172/2428
f 1267/3143/3277 1268/3144/3278 1271/2168/2426 1272/2170/2427
f 1268/3144/3278 1269/3145/3279 1270/2164/2425 1271/2168/2426
f 1269/3145/3279 1246/3146/3280 1253/2165/2402 1270/2164/2425
f 1246/3147/3280 1247/3148/3281 1252/2137/2401 1253/2139/2402
f 1247/3148/3281 1248/3149/3282 1250/2133/2399 1252/2137/2401
f 1248/3149/3282 1249/3150/3283 1251/2134/2400 1250/2133/2399
f 1266/3151/2420 1261/2150/2413 1251/2134/2400 1249/3150/3283
f 1264/3152/2421 1263/2156/2419 1261/2150/2413 1266/3151/2420
s 225
f 1303/2216/2462 1300/2233/2475 1307/2232/2474
s 228
f 1362/2323/2540 1359/2340/2553 1366/2339/2552
s 239
f 1478/2528/2720 1476/2543/2732 1482/2542/2731
s 236
f 1463/2500/2689 1465/2502/2691 1466/2512/2699
s 233
f 1447/2470/2658 1444/2487/2671 1451/2486/2670
s 249
f 1541/2640/2825 1539/2655/2837 1545/2654/2836
s 243
f 1507/2581/2761 1506/2598/2775 1513/2597/2774
s 268
f 1731/2966/3127 1729/2979/3139 1730/2977/3137
s 269
f 1748/2991/3151 1744/3003/3161 1745/3001/3159
s 272
f 1764/3019/3180 1760/3031/3190 1761/3029/3188
s 259
f 1677/2853/3016 1673/2865/3026 1674/2863/3024
s 260
f 1693/2877/3038 1689/2889/3048 1690/2887/3046
s 263
f 1709/2904/3070 1711/2906/3072 1713/2914/3078
f 1709/2904/3070 1705/2916/3080 1706/2913/3077
s 254
f 1596/2718/2900 1592/2730/2910 1593/2728/2908
s 167
f 1632/2789/2966 1617/2792/2949 1624/2794/2956 1399/2793/2967
f 1617/2762/2949 1618/2765/2950 1622/2774/2954 1624/2776/2956
f 1618/2765/2950 1619/2767/2951 1620/2770/2952 1622/2774/2954
f 1619/2767/2951 1561/2769/2865 1571/2771/2875 1620/2770/2952
f 1561/2679/2865 1562/2682/2866 1569/2691/2873 1571/2693/2875
f 1562/2682/2866 1563/2684/2867 1565/2687/2869 1569/2691/2873
f 1563/2684/2867 1564/2686/2868 1566/2688/2870 1565/2687/2869
f 1615/2758/2927 1611/2741/2921 1566/2688/2870 1564/2686/2868
f 1616/3153/2928 1614/2746/2926 1611/2741/2921 1615/2758/2927
s 255
f 1612/2742/2922 1614/2744/2924 1616/2752/2930
s 172
f 836/1392/1726 838/1394/1728 839/1404/1736
s 169
f 820/1362/1695 817/1379/1708 824/1378/1707
s 181
f 943/1578/1885 941/1593/1897 947/1592/1896
s 178
f 928/1550/1854 925/1565/1867 932/1564/1866
s 175
f 912/1520/1823 914/1522/1825 915/1534/1833
s 191
f 1006/1690/1990 1004/1705/2002 1010/1704/2001
s 188
f 991/1662/1959 987/1677/1972 995/1676/1971
s 185
f 972/1631/1926 971/1648/1940 978/1647/1939
s 212
f 1207/2030/2301 1205/2043/2313 1206/2041/2311
s 213
f 1224/2055/2325 1220/2067/2335 1221/2065/2333
s 216
f 1240/2083/2355 1236/2095/2365 1237/2093/2363
s 203
f 1153/1917/2190 1149/1929/2200 1150/1927/2198
s 204
f 1169/1941/2212 1165/1953/2222 1166/1951/2220
s 207
f 1185/1968/2244 1181/1980/2254 1182/1978/2252
s 197
f 1065/1771/2065 1067/1773/2067 1069/1781/2073
s 198
f 1081/1795/2087 1077/1807/2097 1078/1805/2095
s 221
f 1262/2151/2414 1259/2163/2424 1260/2161/2422
s 284
f 1770/3154/3284 2709/3155/3285 2710/3156/3286 1771/3157/3287
f 1771/3157/3287 2710/3156/3286 2711/3158/3288 1772/3159/3289
f 1772/3159/3289 2711/3158/3288 2712/3160/3290 1773/3161/3291
f 1770/3154/3284 1771/3157/3287 1774/3162/3292 1775/3163/3293
f 1775/3163/3293 1774/3162/3292 1776/3164/3294 1777/3165/3295
f 1778/3166/3296 1777/3165/3295 1776/3164/3294 1779/3167/3297
f 1771/3157/3287 1772/3159/3289 1780/3168/3298 1774/3162/3292
f 1774/3162/3292 1780/3168/3298 1781/3169/3299 1776/3164/3294
f 1779/3167/3297 1776/3164/3294 1781/3169/3299 1782/3170/3300
f 1772/3159/3289 1773/3161/3291 1783/3171/3301 1780/3168/3298
f 1780/3168/3298 1783/3171/3301 1784/3172/3302 1781/3169/3299
f 1782/3170/3300 1781/3169/3299 1784/3172/3302 1785/3173/3303
f 1778/3166/3296 1779/3167/3297 1786/3174/3304 1787/3175/3305
f 1787/3175/3305 1786/3174/3304 1788/3176/3306 1789/3177/3307
f 1790/3178/3308 1789/3179/3307 1788/3180/3306 1791/3181/3309
f 1779/3167/3297 1782/3170/3300 1792/3182/3310 1786/3174/3304
f 1786/3174/3304 1792/3182/3310 1793/3183/3311 1788/3176/3306
f 1791/3184/3309 1788/3185/3306 1793/3186/3311 1794/3187/3312
f 1782/3170/3300 1785/3173/3303 1795/3188/3313 1792/3182/3310
f 1792/3182/3310 1795/3188/3313 1796/3189/3314 1793/3183/3311
f 1794/3190/3312 1793/3191/3311 1796/3192/3314 1797/3193/3315
f 1798/3194/3316 1799/3195/3317 1800/3196/3318 1801/3197/3319
s off
f 1798/3198/3320 1802/3199/3321 1803/3200/3322 1804/3201/3323
s 284
f 1805/3202/3324 1799/3203/3325 1798/3204/3326 1804/3205/3327
f 1806/3206/3328 1798/3194/3316 1801/3197/3319 1807/3207/3329
f 1808/3208/3330 1778/3166/3296 1787/3175/3305 1809/3209/3331
f 1809/3209/3331 1787/3175/3305 1789/3177/3307 1802/3199/3332
s 286
f 1810/3210/3333 1811/3211/3334 1812/3212/3335
f 1810/3210/3333 1812/3212/3335 1813/3213/3336
s 284
f 1802/3199/3337 1789/3214/3307 1790/3215/3308 1803/3200/3338
f 1811/3216/3339 1808/3208/3330 1809/3209/3331 1812/3217/3340
f 1812/3217/3340 1809/3209/3331 1802/3199/3332 1813/3218/3341
f 1806/3206/3328 1813/3219/3341 1802/3220/3332 1798/3194/3316
f 1808/3221/3330 1811/3222/3339 1814/3223/3342 1815/3224/3343
s 286
f 1813/3213/3336 1806/3225/3344 1810/3210/3333
f 1811/3211/3334 1810/3210/3333 1814/3226/3345
f 1810/3210/3333 1806/3225/3344 1807/3227/3346
s 284
f 1816/3228/3347 1817/3229/3348 1818/3230/3349 1819/3231/3350
s off
f 1816/3232/3351 1820/3233/3352 1808/3208/3353 1815/3234/3354
f 1821/3235/3355 1817/3229/3356 1816/3228/3357 1815/3224/3358
s 284
f 1822/3236/3359 1816/3228/3347 1819/3231/3350 1823/3237/3360
f 1824/3238/3361 1770/3154/3284 1775/3163/3293 1825/3239/3362
f 1825/3239/3362 1775/3163/3293 1777/3165/3295 1820/3233/3363
s 289
f 1826/3240/3364 1827/3241/3365 1828/3242/3366
s 284
f 1820/3233/3367 1777/3165/3295 1778/3166/3296 1808/3208/3368
f 1827/3243/3369 1824/3238/3361 1825/3239/3362 1828/3244/3370
f 1828/3244/3370 1825/3239/3362 1820/3233/3363 1829/3245/3371
f 1822/3236/3359 1829/3246/3371 1820/3247/3363 1816/3228/3347
f 1824/3248/3361 1827/3249/3369 1830/3250/3372 1831/3251/3373
s 289
f 1829/3252/3374 1822/3253/3375 1826/3240/3364
f 1827/3241/3365 1826/3240/3364 1830/3254/3376
f 1826/3240/3364 1822/3253/3375 1823/3255/3377
f 1826/3240/3364 1823/3255/3377 1830/3254/3376
s 290
f 1832/3256/3378 2715/3257/3379 2714/3258/3380 1831/3251/3381
s 284
f 1773/3259/3291 2712/3260/3290 2716/3261/3382 1833/3262/3383
f 1833/3262/3383 2716/3261/3382 2717/3263/3384 1834/3264/3385
f 1834/3264/3385 2717/3263/3384 2718/3265/3386 1835/3266/3387
f 1773/3259/3291 1833/3262/3383 1836/3267/3388 1783/3268/3301
f 1783/3268/3301 1836/3267/3388 1837/3269/3389 1784/3270/3302
f 1785/3271/3303 1784/3270/3302 1837/3269/3389 1838/3272/3390
f 1833/3262/3383 1834/3264/3385 1839/3273/3391 1836/3267/3388
f 1836/3267/3388 1839/3273/3391 1840/3274/3392 1837/3269/3389
f 1838/3272/3390 1837/3269/3389 1840/3274/3392 1841/3275/3393
f 1834/3264/3385 1835/3266/3387 1842/3276/3394 1839/3273/3391
f 1839/3273/3391 1842/3276/3394 1843/3277/3395 1840/3274/3392
f 1841/3275/3393 1840/3274/3392 1843/3277/3395 1844/3278/3396
f 1785/3271/3303 1838/3272/3390 1845/3279/3397 1795/3280/3313
f 1795/3280/3313 1845/3279/3397 1846/3281/3398 1796/3282/3314
f 1797/3283/3315 1796/3284/3314 1846/3285/3398 1847/3286/3399
f 1838/3272/3390 1841/3275/3393 1848/3287/3400 1845/3279/3397
f 1845/3279/3397 1848/3287/3400 1849/3288/3401 1846/3281/3398
f 1847/3289/3399 1846/3290/3398 1849/3291/3401 1850/3292/3402
f 1841/3275/3393 1844/3278/3396 1848/3287/3400
f 1850/3293/3402 1849/3294/3401 1851/3295/3403
f 1835/3296/3387 2718/3297/3386 2719/3298/3404 1852/3299/3405
f 1852/3299/3405 2719/3298/3404 2720/3300/3406 1853/3301/3407
f 1835/3296/3387 1852/3299/3405 1854/3302/3408 1842/3303/3394
f 1842/3303/3394 1854/3302/3408 1855/3304/3409 1843/3305/3395
f 1844/3306/3396 1843/3305/3395 1855/3304/3409
f 1790/3307/3308 1791/3308/3309 1856/3309/3410 1857/3310/3411
f 1857/3310/3411 1856/3309/3410 1858/3311/3412 1859/3312/3413
f 1860/3313/3414 1859/3312/3413 1858/3311/3412 1861/3314/3415
f 1791/3308/3309 1794/3315/3312 1862/3316/3416 1856/3309/3410
f 1856/3309/3410 1862/3316/3416 1863/3317/3417 1858/3311/3412
f 1861/3314/3415 1858/3311/3412 1863/3317/3417 1864/3318/3418
f 1794/3315/3312 1797/3319/3315 1865/3320/3419 1862/3316/3416
f 1862/3316/3416 1865/3320/3419 1866/3321/3420 1863/3317/3417
f 1864/3318/3418 1863/3317/3417 1866/3321/3420 1867/3322/3421
f 1860/3313/3414 1861/3314/3415 1868/3323/3422 1869/3324/3423
f 1869/3324/3423 1868/3323/3422 1870/3325/3424 1871/3326/3425
f 1872/3327/3426 1871/3326/3425 1870/3325/3424 1873/3328/3427
f 1861/3314/3415 1864/3318/3418 1874/3329/3428 1868/3323/3422
f 1868/3323/3422 1874/3329/3428 1875/3330/3429 1870/3325/3424
f 1873/3328/3427 1870/3325/3424 1875/3330/3429 1876/3331/3430
f 1864/3318/3418 1867/3322/3421 1877/3332/3431 1874/3329/3428
f 1874/3329/3428 1877/3332/3431 1878/3333/3432 1875/3330/3429
f 1876/3331/3430 1875/3330/3429 1878/3333/3432 1879/3334/3433
f 1872/3327/3426 1873/3328/3427 1880/3335/3434 1881/3336/3435
f 1881/3336/3435 1880/3335/3434 1882/3337/3436 1883/3338/3437
f 1884/3339/3438 1883/3340/3437 1882/3341/3436 1885/3342/3439
f 1873/3328/3427 1876/3331/3430 1886/3343/3440 1880/3335/3434
f 1880/3335/3434 1886/3343/3440 1887/3344/3441 1882/3337/3436
f 1885/3345/3439 1882/3346/3436 1887/3347/3441 1888/3348/3442
f 1888/3349/3442 1887/3350/3441 1889/3351/3443
f 1890/3352/3444 1891/3353/3445 1892/3354/3446 1893/3355/3447
s off
f 1890/3356/3448 1894/3357/3449 1895/3358/3450 1896/3359/3451
s 284
f 1897/3360/3452 1891/3361/3453 1890/3362/3454 1896/3363/3455
f 1898/3364/3456 1890/3352/3444 1893/3355/3447 1899/3365/3457
f 1900/3366/3458 1872/3327/3426 1881/3336/3435 1901/3367/3459
f 1901/3367/3459 1881/3336/3435 1883/3338/3437 1894/3357/3460
s 292
f 1902/3368/3461 1903/3369/3462 1904/3370/3463
s 284
f 1894/3357/3464 1883/3371/3437 1884/3372/3438 1895/3358/3465
f 1903/3373/3466 1900/3366/3458 1901/3367/3459 1904/3374/3467
f 1904/3374/3467 1901/3367/3459 1894/3357/3460 1905/3375/3468
f 1898/3364/3456 1905/3376/3468 1894/3377/3460 1890/3352/3444
f 1900/3378/3458 1903/3379/3466 1906/3380/3469 1907/3381/3470
s 292
f 1905/3382/3471 1898/3383/3472 1902/3368/3461
f 1903/3369/3462 1902/3368/3461 1906/3384/3473
f 1902/3368/3461 1898/3383/3472 1899/3385/3474
f 1902/3368/3461 1899/3385/3474 1906/3384/3473
s 284
f 1908/3386/3475 1909/3387/3476 1910/3388/3477 1911/3389/3478
s off
f 1908/3390/3479 1912/3391/3480 1900/3366/3481 1907/3392/3482
f 1913/3393/3483 1909/3387/3484 1908/3386/3485 1907/3381/3486
s 284
f 1914/3394/3487 1908/3386/3475 1911/3389/3478 1915/3395/3488
f 1916/3396/3489 1860/3313/3414 1869/3324/3423 1917/3397/3490
f 1917/3397/3490 1869/3324/3423 1871/3326/3425 1912/3391/3491
s 295
f 1918/3398/3492 1919/3399/3493 1920/3400/3494
f 1918/3398/3492 1920/3400/3494 1921/3401/3495
s 284
f 1912/3391/3496 1871/3326/3425 1872/3327/3426 1900/3366/3497
f 1919/3402/3498 1916/3396/3489 1917/3397/3490 1920/3403/3499
f 1920/3403/3499 1917/3397/3490 1912/3391/3491 1921/3404/3500
f 1914/3394/3487 1921/3405/3500 1912/3406/3491 1908/3386/3475
f 1916/3407/3489 1919/3408/3498 1922/3409/3501 1923/3410/3502
s 295
f 1921/3401/3495 1914/3411/3503 1918/3398/3492
f 1919/3399/3493 1918/3398/3492 1922/3412/3504
f 1918/3398/3492 1914/3411/3503 1915/3413/3505
s 284
f 1924/3414/3506 1925/3415/3507 1926/3416/3508 1927/3417/3509
s off
f 1924/3418/3510 1928/3419/3511 1916/3396/3512 1923/3420/3513
f 1929/3421/3514 1925/3415/3515 1924/3414/3516 1923/3410/3517
s 284
f 1930/3422/3518 1924/3414/3506 1927/3417/3509 1931/3423/3519
f 1803/3424/3520 1790/3307/3308 1857/3310/3411 1932/3425/3521
f 1932/3425/3521 1857/3310/3411 1859/3312/3413 1928/3419/3522
s 298
f 1933/3426/3523 1934/3427/3524 1935/3428/3525
f 1933/3426/3523 1935/3428/3525 1936/3429/3526
s 284
f 1928/3419/3527 1859/3312/3413 1860/3313/3414 1916/3396/3528
f 1934/3430/3529 1803/3424/3520 1932/3425/3521 1935/3431/3530
f 1935/3431/3530 1932/3425/3521 1928/3419/3522 1936/3432/3531
f 1930/3422/3518 1936/3433/3531 1928/3434/3522 1924/3414/3506
f 1803/3435/3520 1934/3436/3529 1937/3437/3532 1804/3438/3327
s 298
f 1936/3429/3526 1930/3439/3533 1933/3426/3523
f 1934/3427/3524 1933/3426/3523 1937/3440/3534
f 1933/3426/3523 1930/3439/3533 1931/3441/3535
s 284
f 1797/3442/3315 1847/3443/3399 1938/3444/3536 1865/3445/3419
f 1865/3445/3419 1938/3444/3536 1939/3446/3537 1866/3447/3420
f 1867/3448/3421 1866/3447/3420 1939/3446/3537 1940/3449/3538
f 1940/3449/3538 1939/3446/3537 1941/3450/3539
f 1879/3451/3433 1878/3452/3432 1942/3453/3540
f 1884/3454/3438 1885/3455/3439 1943/3456/3541 1944/3457/3542
f 1944/3457/3542 1943/3456/3541 1945/3458/3543 1946/3459/3544
f 1947/3460/3545 1946/3459/3544 1945/3458/3543 1948/3461/3546
f 1948/3461/3546 1945/3458/3543 1949/3462/3547
f 1950/3463/3548 1951/3464/3549 1952/3465/3550
s 299
f 1953/3466/3551 1954/3467/3552 1955/3468/3553 1956/3469/3554
s off
f 1957/3470/3555 1954/3471/3556 1958/3472/3557 1959/3473/3558
f 1955/3474/3559 1954/3475/3560 1957/3476/3561
s 299
f 1960/3477/3562 1954/3467/3552 1953/3466/3551 1961/3478/3563
s 302
f 1962/3479/3564 1963/3480/3565 1964/3481/3566
f 1962/3479/3564 1964/3481/3566 1965/3482/3567
s 299
f 1963/3483/3568 1966/3484/3569 1967/3485/3570 1964/3486/3571
f 1964/3486/3571 1967/3485/3570 1958/3472/3572 1965/3487/3573
f 1960/3477/3562 1965/3488/3573 1958/3489/3572 1954/3467/3552
f 1966/3490/3569 1963/3491/3568 1968/3492/3574 1969/3493/3575
s 302
f 1965/3482/3567 1960/3494/3576 1962/3479/3564
f 1963/3480/3565 1962/3479/3564 1968/3495/3577
f 1962/3479/3564 1960/3494/3576 1961/3496/3578
s 284
f 1970/3497/3579 1971/3498/3580 1972/3499/3581 1973/3500/3582
s off
f 1970/3501/3583 1974/3502/3584 1966/3484/3585 1969/3503/3586
f 1975/3504/3587 1971/3498/3588 1970/3497/3589 1969/3493/3590
s 284
f 1976/3505/3591 1970/3497/3579 1973/3500/3582 1977/3506/3592
f 1978/3507/3593 1947/3460/3545 1979/3508/3594 1980/3509/3595
f 1980/3509/3595 1979/3508/3594 1951/3464/3549 1974/3502/3596
s 305
f 1981/3510/3597 1982/3511/3598 1983/3512/3599
f 1981/3510/3597 1983/3512/3599 1984/3513/3600
s 284
f 1966/3484/3601 1974/3502/3602 1951/3464/3549 1950/3463/3548
f 1982/3514/3603 1978/3507/3593 1980/3509/3595 1983/3515/3604
f 1983/3515/3604 1980/3509/3595 1974/3502/3596 1984/3516/3605
f 1976/3505/3591 1984/3517/3605 1974/3518/3596 1970/3497/3579
f 1978/3519/3593 1982/3520/3603 1985/3521/3606 1986/3522/3607
s 305
f 1984/3513/3600 1976/3523/3608 1981/3510/3597
f 1982/3511/3598 1981/3510/3597 1985/3524/3609
f 1981/3510/3597 1976/3523/3608 1977/3525/3610
s 284
f 1987/3526/3611 1988/3527/3612 1989/3528/3613 1990/3529/3614
s off
f 1987/3530/3615 1991/3531/3616 1978/3507/3617 1986/3532/3618
f 1992/3533/3619 1988/3527/3620 1987/3526/3621 1986/3522/3622
s 284
f 1993/3534/3623 1987/3526/3611 1990/3529/3614 1994/3535/3624
f 1895/3536/3625 1884/3454/3438 1944/3457/3542 1995/3537/3626
f 1995/3537/3626 1944/3457/3542 1946/3459/3544 1991/3531/3627
s 308
f 1996/3538/3628 1997/3539/3629 1998/3540/3630
f 1996/3538/3628 1998/3540/3630 1999/3541/3631
s 284
f 1991/3531/3632 1946/3459/3544 1947/3460/3545 1978/3507/3633
f 1997/3542/3634 1895/3536/3625 1995/3537/3626 1998/3543/3635
f 1998/3543/3635 1995/3537/3626 1991/3531/3627 1999/3544/3636
f 1993/3534/3623 1999/3545/3636 1991/3546/3627 1987/3526/3611
f 1895/3547/3625 1997/3548/3634 2000/3549/3637 1896/3550/3455
s 308
f 1999/3541/3631 1993/3551/3638 1996/3538/3628
f 1997/3539/3629 1996/3538/3628 2000/3552/3639
f 1996/3538/3628 1993/3551/3638 1994/3553/3640
s off
f 1959/3473/3641 1958/3472/3642 2001/3554/3643
s 299
f 1958/3472/3572 1967/3485/3570 2002/3555/3644 2001/3556/3645
f 1966/3484/3569 2003/3557/3646 2002/3555/3644 1967/3485/3570
s 284
f 1979/3508/3594 2004/3558/3647 1952/3465/3550 1951/3464/3549
f 1947/3460/3545 2005/3559/3648 2004/3558/3647 1979/3508/3594
f 1943/3456/3541 2006/3560/3649 1949/3462/3547 1945/3458/3543
f 1885/3455/3439 2007/3561/3650 2006/3560/3649 1943/3456/3541
f 1886/3343/3440 2008/3562/3651 1889/3563/3443 1887/3344/3441
f 1876/3331/3430 2009/3564/3652 2008/3562/3651 1886/3343/3440
f 1877/3565/3431 2010/3566/3653 1942/3453/3540 1878/3452/3432
f 1867/3448/3421 2011/3567/3654 2010/3566/3653 1877/3565/3431
f 1867/3448/3421 1940/3449/3538 2011/3567/3654
f 1938/3444/3536 2012/3568/3655 1941/3450/3539 1939/3446/3537
f 1847/3443/3399 2013/3569/3656 2012/3568/3655 1938/3444/3536
f 1848/3287/3400 1844/3278/3396 1851/3570/3403 1849/3288/3401
f 1854/3302/3408 1852/3299/3405 1853/3301/3407
s off
f 1957/3470/3657 1959/3473/3658 2014/3571/3659 2015/3572/3660
f 1955/3573/3661 1957/3574/3662 2015/3575/3663
s 222
f 2020/3576/3664 2019/3577/3665 2018/3578/3666 2021/3579/3667
f 2021/3579/3667 2018/3578/3666 2017/3580/3668 2022/3581/3669
f 2022/3581/3669 2017/3580/3668 2016/3582/3670 2023/3583/3671
f 2024/3584/3672 2025/3585/3673 2026/3586/3674 2027/3587/3675
f 2028/3588/3676 2024/3584/3672 2027/3587/3675 2029/3589/3677
f 2030/3590/3678 2028/3588/3676 2029/3589/3677 2031/3591/3679
f 2032/3592/3680 2031/3591/3679 2029/3589/3677 2033/3593/3681
f 2033/3593/3681 2029/3589/3677 2027/3587/3675 2034/3594/3682
f 2034/3594/3682 2027/3587/3675 2026/3586/3674 2035/3595/3683
f 2036/3596/3684 2037/3597/3685 2038/3598/3686 2039/3599/3687
f 2040/3600/3688 2036/3596/3684 2039/3599/3687 2041/3601/3689
f 2042/3602/3690 2040/3600/3688 2041/3601/3689 2043/3603/3691
f 2044/3604/3692 2045/3605/3693 2046/3606/3694 2047/3607/3695
f 2047/3607/3695 2046/3606/3694 2048/3608/3696 2049/3609/3697
f 2050/3610/3698 2044/3604/3692 2047/3607/3695 2051/3611/3699
f 2051/3611/3699 2047/3607/3695 2049/3609/3697 2052/3612/3700
f 2053/3613/3701 2038/3598/3686 2037/3597/3685 2054/3614/3702
s 312
f 2055/3615/3703 2056/3616/3704 2057/3617/3705
s 222
f 2056/3618/3706 2053/3613/3701 2054/3614/3702 2057/3619/3707
f 2052/3612/3700 2049/3609/3697 2053/3620/3701 2056/3621/3706
f 2058/3622/3708 2044/3604/3692 2050/3610/3698 2059/3623/3709
s 312
f 2056/3616/3704 2055/3615/3703 2052/3624/3710
f 2059/3625/3711 2050/3626/3712 2055/3615/3703
f 2055/3615/3703 2051/3627/3713 2052/3624/3710
f 2055/3615/3703 2050/3626/3712 2051/3627/3713
s 222
f 2060/3628/3714 2061/3629/3715 2062/3630/3716 2063/3631/3717
f 2063/3631/3717 2062/3630/3716 2064/3632/3718 2065/3633/3719
f 2066/3634/3720 2060/3628/3714 2063/3631/3717 2067/3635/3721
f 2067/3635/3721 2063/3631/3717 2065/3633/3719 2068/3636/3722
f 2069/3637/3723 2026/3586/3674 2025/3585/3673 2070/3638/3724
s 313
f 2071/3639/3725 2072/3640/3726 2073/3641/3727
f 2071/3639/3725 2074/3642/3728 2072/3640/3726
s 222
f 2074/3643/3729 2069/3637/3723 2070/3638/3724 2072/3644/3730
f 2068/3636/3722 2065/3633/3719 2069/3645/3723 2074/3646/3729
f 2075/3647/3731 2060/3628/3714 2066/3634/3720 2073/3648/3732
s 313
f 2074/3642/3728 2071/3639/3725 2068/3649/3733
f 2073/3641/3727 2066/3650/3734 2071/3639/3725
f 2071/3639/3725 2066/3650/3734 2067/3651/3735
s 222
f 2058/3652/3736 2035/3595/3683 2026/3586/3674 2069/3637/3737
s off
f 2044/3653/3738 2058/3652/3739 2069/3637/3740 2065/3654/3741
f 2064/3632/3742 2045/3605/3743 2044/3604/3744 2065/3633/3745
s 222
f 2075/3655/3746 2023/3583/3671 2016/3582/3670 2077/3656/3747
s off
f 2060/3657/3748 2075/3655/3749 2077/3656/3750 1308/3658/3751
f 2076/3659/3752 2061/3629/3753 2060/3628/3754 1308/3660/3755
s 222
f 2079/3661/3756 1311/3662/2484 1310/3663/2480 2080/3664/3757
f 2080/3664/3757 1310/3663/2480 2078/3665/3758 2081/3666/3759
f 2081/3666/3759 2078/3665/3758 2019/3667/3665 2020/3668/3664
f 2082/3669/3760 2030/3670/3678 2031/3671/3679 2083/3672/3761
f 2084/3673/3762 2082/3669/3760 2083/3672/3761 2085/3674/3763
f 2086/3675/3764 2084/3673/3762 2085/3674/3763 2087/3676/3765
f 1844/3677/3766 2087/3676/3765 2085/3674/3763 2088/3678/3767
f 2088/3678/3767 2085/3674/3763 2083/3672/3761 2089/3679/3768
f 2089/3679/3768 2083/3672/3761 2031/3671/3679 2032/3680/3680
f 2090/3681/3769 2042/3682/3690 2043/3683/3691 2091/3684/3770
f 2092/3685/3771 2090/3681/3769 2091/3684/3770 2093/3686/3772
f 1844/3677/3766 2092/3685/3771 2093/3686/3772 1851/3687/3773
f 2094/3688/3774 1322/3689/2488 1311/3690/2484 2079/3691/3756
f 1854/3692/3775 2086/3693/3764 2087/3694/3765 1855/3695/3776
f 1854/3692/3775 1853/3696/3777 2094/3688/3774
f 2087/3694/3765 1844/3697/3766 1855/3695/3776
f 2095/3698/3778 2043/3699/3691 2041/3700/3689 2096/3701/3779
f 2096/3702/3779 2041/3703/3689 2039/3704/3687 2097/3705/3780
f 2097/3706/3780 2039/3707/3687 2038/3708/3686 2098/3709/3781
f 2099/3710/3782 2100/3711/3783 2101/3712/3784 2102/3713/3785
f 2103/3714/3786 2099/3710/3782 2102/3713/3785 2104/3715/3787
f 2105/3716/3788 2103/3714/3786 2104/3715/3787 2106/3717/3789
f 2107/3718/3790 2106/3717/3789 2104/3715/3787 2108/3719/3791
f 2108/3719/3791 2104/3715/3787 2102/3713/3785 2109/3720/3792
f 2109/3720/3792 2102/3713/3785 2101/3712/3784 2110/3721/3793
f 2111/3722/3794 2112/3723/3795 2113/3724/3796 2114/3725/3797
f 2115/3726/3798 2111/3722/3794 2114/3725/3797 2116/3727/3799
f 2117/3728/3800 2115/3726/3798 2116/3727/3799 2118/3729/3801
f 2119/3730/3802 2116/3727/3799 2114/3725/3797 2120/3731/3803
f 2120/3731/3803 2114/3725/3797 2113/3724/3796 2121/3732/3804
f 2122/3733/3805 2123/3734/3806 2124/3735/3807 2125/3736/3808
f 2126/3737/3809 2122/3733/3805 2125/3736/3808 2127/3738/3810
f 2008/3739/3811 2126/3737/3809 2127/3738/3810 1889/3740/3812
f 2128/3741/3813 2129/3742/3814 2130/3743/3815 2131/3744/3816
f 2131/3744/3816 2130/3743/3815 2132/3745/3817 2133/3746/3818
f 2134/3747/3819 2128/3741/3813 2131/3744/3816 2135/3748/3820
f 2135/3748/3820 2131/3744/3816 2133/3746/3818 2136/3749/3821
f 2137/3750/3822 2124/3735/3807 2123/3734/3806 2138/3751/3823
s 318
f 2139/3752/3824 2140/3753/3825 2141/3754/3826
f 2139/3752/3824 2142/3755/3827 2140/3753/3825
s 222
f 2142/3756/3828 2137/3750/3822 2138/3751/3823 2140/3757/3829
f 2136/3749/3821 2133/3746/3818 2137/3758/3822 2142/3759/3828
f 2143/3760/3830 2128/3741/3813 2134/3747/3819 2141/3761/3831
s 318
f 2142/3755/3827 2139/3752/3824 2136/3762/3832
f 2141/3754/3826 2134/3763/3833 2139/3752/3824
f 2139/3752/3824 2134/3763/3833 2135/3764/3834
s 222
f 2144/3765/3835 2145/3766/3836 2146/3767/3837 2147/3768/3838
f 2147/3768/3838 2146/3767/3837 2148/3769/3839 2149/3770/3840
f 2150/3771/3841 2144/3765/3835 2147/3768/3838 2151/3772/3842
f 2151/3772/3842 2147/3768/3838 2149/3770/3840 2152/3773/3843
f 2153/3774/3844 2113/3724/3796 2112/3723/3795 2154/3775/3845
s 319
f 2155/3776/3846 2156/3777/3847 2157/3778/3848
f 2155/3776/3846 2158/3779/3849 2156/3777/3847
s 222
f 2158/3780/3850 2153/3774/3844 2154/3775/3845 2156/3781/3851
f 2152/3773/3843 2149/3770/3840 2153/3782/3844 2158/3783/3850
f 2159/3784/3852 2144/3765/3835 2150/3771/3841 2157/3785/3853
s 319
f 2158/3779/3849 2155/3776/3846 2152/3786/3854
f 2157/3778/3848 2150/3787/3855 2155/3776/3846
f 2155/3776/3846 2150/3787/3855 2151/3788/3856
s 222
f 2143/3789/3857 2121/3732/3804 2113/3724/3796 2153/3774/3858
s off
f 2128/3790/3859 2143/3789/3860 2153/3774/3861 2149/3791/3862
f 2148/3769/3863 2129/3742/3864 2128/3741/3865 2149/3770/3866
s 222
f 2160/3792/3867 2161/3793/3868 2162/3794/3869 2163/3795/3870
f 2163/3795/3870 2162/3794/3869 2164/3796/3871 2165/3797/3872
f 2166/3798/3873 2160/3792/3867 2163/3795/3870 2167/3799/3874
f 2167/3799/3874 2163/3795/3870 2165/3797/3872 2168/3800/3875
f 2169/3801/3876 2101/3712/3784 2100/3711/3783 2170/3802/3877
s 322
f 2171/3803/3878 2172/3804/3879 2173/3805/3880
f 2171/3803/3878 2174/3806/3881 2172/3804/3879
s 222
f 2174/3807/3882 2169/3801/3876 2170/3802/3877 2172/3808/3883
f 2168/3800/3875 2165/3797/3872 2169/3809/3876 2174/3810/3882
f 2175/3811/3884 2160/3792/3867 2166/3798/3873 2173/3812/3885
s 322
f 2174/3806/3881 2171/3803/3878 2168/3813/3886
f 2173/3805/3880 2166/3814/3887 2171/3803/3878
f 2171/3803/3878 2166/3814/3887 2167/3815/3888
s 222
f 2159/3816/3889 2110/3721/3793 2101/3712/3784 2169/3801/3890
s off
f 2144/3817/3891 2159/3816/3892 2169/3801/3893 2165/3818/3894
f 2164/3796/3895 2145/3766/3896 2144/3765/3897 2165/3797/3898
s 222
f 2053/3613/3899 2175/3819/3900 2098/3820/3781 2038/3821/3686
s off
f 2049/3822/3901 2160/3823/3902 2175/3819/3903 2053/3613/3904
s 222
f 2048/3824/3905 2161/3825/3868 2160/3826/3867 2049/3827/3906
f 2176/3828/3907 2091/3829/3770 2043/3830/3691 2095/3831/3778
f 2177/3832/3908 2105/3833/3788 2106/3834/3789 2178/3835/3909
f 2012/3836/3910 2177/3832/3908 2178/3835/3909 1941/3837/3911
f 2010/3838/3912 2117/3839/3800 2118/3840/3801 1942/3841/3913
f 2179/3842/3914 2125/3843/3808 2124/3844/3807 2180/3845/3915
f 2181/3846/3916 2182/3847/3917 2183/3848/3918 2184/3849/3919
f 2006/3850/3920 2181/3846/3916 2184/3849/3919 1949/3851/3921
f 2004/3852/3922 2185/3853/3923 2186/3854/3924 1952/3855/3925
s 326
f 2187/3856/3926 2188/3857/3927 1956/3858/3928 2189/3859/3929
f 2015/3860/3930 2189/3859/3929 1956/3858/3928 1955/3861/3931
f 2190/3862/3932 2187/3856/3926 2189/3859/3929 2191/3863/3933
f 2191/3863/3933 2189/3859/3929 2015/3860/3930 2192/3864/3934
s 327
f 2193/3865/3935 2194/3866/3936 2195/3867/3937
f 2193/3865/3935 2196/3868/3938 2194/3866/3936
s 326
f 2196/3869/3939 2014/3571/3940 2197/3870/3941 2194/3871/3942
f 2192/3864/3934 2015/3860/3930 2014/3872/3940 2196/3873/3939
f 2198/3874/3943 2187/3856/3926 2190/3862/3932 2195/3875/3944
s 327
f 2196/3868/3938 2193/3865/3935 2192/3876/3945
f 2195/3867/3937 2190/3877/3946 2193/3865/3935
f 2193/3865/3935 2190/3877/3946 2191/3878/3947
s 222
f 2199/3879/3948 2200/3880/3949 2201/3881/3950 2202/3882/3951
f 2202/3882/3951 2201/3881/3950 2203/3883/3952 2204/3884/3953
f 2205/3885/3954 2199/3879/3948 2202/3882/3951 2206/3886/3955
f 2206/3886/3955 2202/3882/3951 2204/3884/3953 2207/3887/3956
f 2208/3888/3957 2186/3854/3924 2185/3853/3923 2209/3889/3958
s 328
f 2210/3890/3959 2211/3891/3960 2212/3892/3961
f 2210/3890/3959 2213/3893/3962 2211/3891/3960
s 222
f 2213/3894/3963 2208/3888/3957 2209/3889/3958 2211/3895/3964
f 2207/3887/3956 2204/3884/3953 2208/3896/3957 2213/3897/3963
f 2214/3898/3965 2199/3879/3948 2205/3885/3954 2212/3899/3966
s 328
f 2213/3893/3962 2210/3890/3959 2207/3900/3967
f 2212/3892/3961 2205/3901/3968 2210/3890/3959
f 2210/3890/3959 2205/3901/3968 2206/3902/3969
s off
f 2187/3903/3970 2198/3904/3971 2208/3888/3972 2204/3905/3973
f 1975/3906/3974 2187/3856/3975 2204/3884/3976 2203/3883/3977
s 222
f 2215/3907/3978 2216/3908/3979 2217/3909/3980 2218/3910/3981
f 2218/3910/3981 2217/3909/3980 2219/3911/3982 2220/3912/3983
f 2221/3913/3984 2215/3907/3978 2218/3910/3981 2222/3914/3985
f 2222/3914/3985 2218/3910/3981 2220/3912/3983 2223/3915/3986
f 2224/3916/3987 2183/3848/3918 2182/3847/3917 2225/3917/3988
s 331
f 2226/3918/3989 2227/3919/3990 2228/3920/3991
f 2226/3918/3989 2229/3921/3992 2227/3919/3990
s 222
f 2229/3922/3993 2224/3916/3987 2225/3917/3988 2227/3923/3994
f 2223/3915/3986 2220/3912/3983 2224/3924/3987 2229/3925/3993
f 2230/3926/3995 2215/3907/3978 2221/3913/3984 2228/3927/3996
s 331
f 2229/3921/3992 2226/3918/3989 2223/3928/3997
f 2228/3920/3991 2221/3929/3998 2226/3918/3989
f 2226/3918/3989 2221/3929/3998 2222/3930/3999
s 222
f 2214/3931/4000 2231/3932/4001 2183/3848/3918 2224/3916/4002
s off
f 2199/3933/4003 2214/3931/4004 2224/3916/4005 2220/3934/4006
f 2219/3911/4007 2200/3880/4008 2199/3879/4009 2220/3912/4010
s 222
f 2137/3750/4011 2230/3935/4012 2180/3936/3915 2124/3937/3807
s off
f 2133/3938/4013 2215/3939/4014 2230/3935/4015 2137/3750/4016
s 222
f 2132/3940/4017 2216/3941/3979 2215/3942/3978 2133/3943/4018
s off
f 2014/3571/4019 1959/3473/4020 2001/3944/4021
s 326
f 2197/3870/3941 2014/3571/3940 2001/3945/4022 2002/3946/4023
s 222
f 1950/3947/4024 2186/3854/3924 2208/3888/4025 2198/3904/4026
f 1950/3947/4024 1952/3855/3925 2186/3854/3924
f 2231/3932/4001 1948/3948/4027 2184/3849/3919 2183/3848/3918
f 1948/3948/4027 1949/3851/3921 2184/3849/3919
f 2179/3949/3914 1888/3950/4028 2127/3951/3810 2125/3952/3808
f 1888/3953/4028 1889/3954/3812 2127/3955/3810
f 2119/3730/3802 1879/3956/4029 2118/3729/3801 2116/3727/3799
f 1879/3957/4029 1942/3841/3913 2118/3840/3801
f 2107/3958/3790 2011/3959/4030 1940/3960/4031
f 1940/3960/4031 1941/3837/3911 2178/3835/3909
f 2176/3961/3907 1850/3962/4032 2093/3963/3772 2091/3964/3770
f 1850/3965/4032 1851/3966/3773 2093/3967/3772
f 2094/3688/3774 1853/3696/3777 2720/3968/4033 2694/3969/2492 1322/3689/2488
s 195
f 2234/3970/4034 2233/3971/4035 2232/3972/4036 2235/3973/4037
f 2235/3973/4037 2232/3972/4036 2236/3974/4038 2237/3975/4039
f 2237/3975/4039 2236/3974/4038 2238/3976/4040 2239/3977/4041
f 2234/3970/4034 2235/3973/4037 2240/3978/4042 2241/3979/4043
f 2241/3979/4043 2240/3978/4042 2242/3980/4044 2243/3981/4045
f 2244/3982/4046 2243/3981/4045 2242/3980/4044 2245/3983/4047
f 2235/3973/4037 2237/3975/4039 2246/3984/4048 2240/3978/4042
f 2240/3978/4042 2246/3984/4048 2247/3985/4049 2242/3980/4044
f 2245/3983/4047 2242/3980/4044 2247/3985/4049 2248/3986/4050
f 2237/3975/4039 2239/3977/4041 2249/3987/4051 2246/3984/4048
f 2246/3984/4048 2249/3987/4051 2250/3988/4052 2247/3985/4049
f 2248/3986/4050 2247/3985/4049 2250/3988/4052 2251/3989/4053
f 2244/3982/4046 2245/3983/4047 2252/3990/4054 2253/3991/4055
f 2253/3991/4055 2252/3990/4054 2254/3992/4056 2255/3993/4057
f 2256/3994/4058 2255/3995/4057 2254/3996/4056 2257/3997/4059
f 2245/3983/4047 2248/3986/4050 2258/3998/4060 2252/3990/4054
f 2252/3990/4054 2258/3998/4060 2259/3999/4061 2254/3992/4056
f 2257/4000/4059 2254/4001/4056 2259/4002/4061 2260/4003/4062
f 2248/3986/4050 2251/3989/4053 2261/4004/4063 2258/3998/4060
f 2258/3998/4060 2261/4004/4063 2262/4005/4064 2259/3999/4061
f 2260/4006/4062 2259/4007/4061 2262/4008/4064 2263/4009/4065
f 2264/4010/4066 2265/4011/4067 2266/4012/4068 2267/4013/4069
s off
f 2264/4014/4070 2268/4015/4071 2269/4016/4072 2270/4017/4073
s 195
f 2271/4018/4074 2265/4019/4075 2264/4020/4076 2270/4021/4077
f 2272/4022/4078 2264/4010/4066 2267/4013/4069 2273/4023/4079
f 2274/4024/4080 2244/3982/4046 2253/3991/4055 2275/4025/4081
f 2275/4025/4081 2253/3991/4055 2255/3993/4057 2268/4015/4082
s 337
f 2276/4026/4083 2277/4027/4084 2278/4028/4085
f 2276/4026/4083 2278/4028/4085 2279/4029/4086
s 195
f 2268/4015/4087 2255/4030/4057 2256/4031/4058 2269/4016/4088
f 2277/4032/4089 2274/4024/4080 2275/4025/4081 2278/4033/4090
f 2278/4033/4090 2275/4025/4081 2268/4015/4082 2279/4034/4091
f 2272/4022/4078 2279/4035/4091 2268/4036/4082 2264/4010/4066
f 2274/4037/4080 2277/4038/4089 2280/4039/4092 2281/4040/4093
s 337
f 2279/4029/4086 2272/4041/4094 2276/4026/4083
f 2277/4027/4084 2276/4026/4083 2280/4042/4095
f 2276/4026/4083 2272/4041/4094 2273/4043/4096
s 195
f 2282/4044/4097 2283/4045/4098 2284/4046/4099 2285/4047/4100
s off
f 2282/4048/4101 2286/4049/4102 2274/4024/4103 2281/4050/4104
f 2287/4051/4105 2283/4045/4106 2282/4044/4107 2281/4040/4108
s 195
f 2288/4052/4109 2282/4044/4097 2285/4047/4100 2289/4053/4110
f 2290/4054/4111 2234/3970/4034 2241/3979/4043 2291/4055/4112
f 2291/4055/4112 2241/3979/4043 2243/3981/4045 2286/4049/4113
s 340
f 2292/4056/4114 2293/4057/4115 2294/4058/4116
f 2292/4056/4114 2294/4058/4116 2295/4059/4117
s 195
f 2286/4049/4118 2243/3981/4045 2244/3982/4046 2274/4024/4119
f 2293/4060/4120 2290/4054/4111 2291/4055/4112 2294/4061/4121
f 2294/4061/4121 2291/4055/4112 2286/4049/4113 2295/4062/4122
f 2288/4052/4109 2295/4063/4122 2286/4064/4113 2282/4044/4097
f 2290/4065/4111 2293/4066/4120 2296/4067/4123 2297/4068/4124
s 340
f 2295/4059/4117 2288/4069/4125 2292/4056/4114
f 2293/4057/4115 2292/4056/4114 2296/4070/4126
f 2292/4056/4114 2288/4069/4125 2289/4071/4127
f 2292/4056/4114 2289/4071/4127 2296/4070/4126
s off
f 1254/4072/4128 2299/4073/4129 2290/4054/4130 2297/4074/4131
f 2300/4075/4132 2298/4076/4133 1254/4077/4134 2297/4068/4135
s 195
f 2299/4073/4136 2233/3971/4035 2234/3970/4034 2290/4054/4137
f 2239/4078/4041 2238/4079/4040 2301/4080/4138 2302/4081/4139
f 2302/4081/4139 2301/4080/4138 1268/4082/3278 2303/4083/4140
f 2303/4083/4140 1268/4082/3278 1267/4084/3277 2304/4085/4141
f 2239/4078/4041 2302/4081/4139 2305/4086/4142 2249/4087/4051
f 2249/4087/4051 2305/4086/4142 2306/4088/4143 2250/4089/4052
f 2251/4090/4053 2250/4089/4052 2306/4088/4143 2307/4091/4144
f 2302/4081/4139 2303/4083/4140 2308/4092/4145 2305/4086/4142
f 2305/4086/4142 2308/4092/4145 2309/4093/4146 2306/4088/4143
f 2307/4091/4144 2306/4088/4143 2309/4093/4146 2310/4094/4147
f 2303/4083/4140 2304/4085/4141 2311/4095/4148 2308/4092/4145
f 2308/4092/4145 2311/4095/4148 2312/4096/4149 2309/4093/4146
f 2310/4094/4147 2309/4093/4146 2312/4096/4149 2313/4097/4150
f 2251/4090/4053 2307/4091/4144 2314/4098/4151 2261/4099/4063
f 2261/4099/4063 2314/4098/4151 2315/4100/4152 2262/4101/4064
f 2263/4102/4065 2262/4103/4064 2315/4104/4152 2316/4105/4153
f 2307/4091/4144 2310/4094/4147 2317/4106/4154 2314/4098/4151
f 2314/4098/4151 2317/4106/4154 2318/4107/4155 2315/4100/4152
f 2316/4108/4153 2315/4109/4152 2318/4110/4155 2319/4111/4156
f 2310/4094/4147 2313/4097/4150 2317/4106/4154
f 2319/4112/4156 2318/4113/4155 2320/4114/4157
f 2304/4115/4141 1267/4116/3277 1273/4117/3276 2321/4118/4158
f 2321/4118/4158 1273/4117/3276 2722/4119/4159 2720/4120/4160 2322/4121/4161
f 2304/4115/4141 2321/4118/4158 2323/4122/4162 2311/4123/4148
f 2311/4123/4148 2323/4122/4162 2324/4124/4163 2312/4125/4149
f 2313/4126/4150 2312/4125/4149 2324/4124/4163
f 2256/4127/4058 2257/4128/4059 2325/4129/4164 2326/4130/4165
f 2326/4130/4165 2325/4129/4164 2327/4131/4166 2328/4132/4167
f 2329/4133/4168 2328/4132/4167 2327/4131/4166 2330/4134/4169
f 2257/4128/4059 2260/4135/4062 2331/4136/4170 2325/4129/4164
f 2325/4129/4164 2331/4136/4170 2332/4137/4171 2327/4131/4166
f 2330/4134/4169 2327/4131/4166 2332/4137/4171 2333/4138/4172
f 2260/4135/4062 2263/4139/4065 2334/4140/4173 2331/4136/4170
f 2331/4136/4170 2334/4140/4173 2335/4141/4174 2332/4137/4171
f 2333/4138/4172 2332/4137/4171 2335/4141/4174 2336/4142/4175
f 2329/4133/4168 2330/4134/4169 2337/4143/4176 2338/4144/4177
f 2338/4144/4177 2337/4143/4176 2339/4145/4178 2340/4146/4179
f 2341/4147/4180 2340/4146/4179 2339/4145/4178 2342/4148/4181
f 2330/4134/4169 2333/4138/4172 2343/4149/4182 2337/4143/4176
f 2337/4143/4176 2343/4149/4182 2344/4150/4183 2339/4145/4178
f 2342/4148/4181 2339/4145/4178 2344/4150/4183 2345/4151/4184
f 2333/4138/4172 2336/4142/4175 2346/4152/4185 2343/4149/4182
f 2343/4149/4182 2346/4152/4185 2347/4153/4186 2344/4150/4183
f 2345/4151/4184 2344/4150/4183 2347/4153/4186 2348/4154/4187
f 2341/4147/4180 2342/4148/4181 2349/4155/4188 2350/4156/4189
f 2350/4156/4189 2349/4155/4188 2351/4157/4190 2352/4158/4191
f 2353/4159/4192 2352/4160/4191 2351/4161/4190 2354/4162/4193
f 2342/4148/4181 2345/4151/4184 2355/4163/4194 2349/4155/4188
f 2349/4155/4188 2355/4163/4194 2356/4164/4195 2351/4157/4190
f 2354/4165/4193 2351/4166/4190 2356/4167/4195 2357/4168/4196
f 2357/4169/4196 2356/4170/4195 2358/4171/4197
f 2359/4172/4198 2360/4173/4199 2361/4174/4200 2362/4175/4201
s off
f 2359/4176/4202 2363/4177/4203 2364/4178/4204 2365/4179/4205
s 195
f 2366/4180/4206 2360/4181/4207 2359/4182/4208 2365/4183/4209
f 2367/4184/4210 2359/4172/4198 2362/4175/4201 2368/4185/4211
f 2369/4186/4212 2341/4147/4180 2350/4156/4189 2370/4187/4213
f 2370/4187/4213 2350/4156/4189 2352/4158/4191 2363/4177/4214
s 344
f 2371/4188/4215 2372/4189/4216 2373/4190/4217
f 2371/4188/4215 2373/4190/4217 2374/4191/4218
s 195
f 2363/4177/4219 2352/4192/4191 2353/4193/4192 2364/4178/4220
f 2372/4194/4221 2369/4186/4212 2370/4187/4213 2373/4195/4222
f 2373/4195/4222 2370/4187/4213 2363/4177/4214 2374/4196/4223
f 2367/4184/4210 2374/4197/4223 2363/4198/4214 2359/4172/4198
f 2369/4199/4212 2372/4200/4221 2375/4201/4224 2376/4202/4225
s 344
f 2374/4191/4218 2367/4203/4226 2371/4188/4215
f 2372/4189/4216 2371/4188/4215 2375/4204/4227
f 2371/4188/4215 2367/4203/4226 2368/4205/4228
s 195
f 2377/4206/4229 2378/4207/4230 2379/4208/4231 2380/4209/4232
s off
f 2377/4210/4233 2381/4211/4234 2369/4186/4235 2376/4212/4236
f 2382/4213/4237 2378/4207/4238 2377/4206/4239 2376/4202/4240
s 195
f 2383/4214/4241 2377/4206/4229 2380/4209/4232 2384/4215/4242
f 2385/4216/4243 2329/4133/4168 2338/4144/4177 2386/4217/4244
f 2386/4217/4244 2338/4144/4177 2340/4146/4179 2381/4211/4245
s 347
f 2387/4218/4246 2388/4219/4247 2389/4220/4248
s 195
f 2381/4211/4249 2340/4146/4179 2341/4147/4180 2369/4186/4250
f 2388/4221/4251 2385/4216/4243 2386/4217/4244 2389/4222/4252
f 2389/4222/4252 2386/4217/4244 2381/4211/4245 2390/4223/4253
f 2383/4214/4241 2390/4224/4253 2381/4225/4245 2377/4206/4229
f 2385/4226/4243 2388/4227/4251 2391/4228/4254 2392/4229/4255
s 347
f 2390/4230/4256 2383/4231/4257 2387/4218/4246
f 2388/4219/4247 2387/4218/4246 2391/4232/4258
f 2387/4218/4246 2383/4231/4257 2384/4233/4259
f 2387/4218/4246 2384/4233/4259 2391/4232/4258
s 195
f 2393/4234/4260 2394/4235/4261 2395/4236/4262 2396/4237/4263
s off
f 2393/4238/4264 2397/4239/4265 2385/4216/4266 2392/4240/4267
f 2398/4241/4268 2394/4235/4269 2393/4234/4270 2392/4229/4271
s 195
f 2399/4242/4272 2393/4234/4260 2396/4237/4263 2400/4243/4273
f 2269/4244/4274 2256/4127/4058 2326/4130/4165 2401/4245/4275
f 2401/4245/4275 2326/4130/4165 2328/4132/4167 2397/4239/4276
s 350
f 2402/4246/4277 2403/4247/4278 2404/4248/4279
f 2402/4246/4277 2404/4248/4279 2405/4249/4280
s 195
f 2397/4239/4281 2328/4132/4167 2329/4133/4168 2385/4216/4282
f 2403/4250/4283 2269/4244/4274 2401/4245/4275 2404/4251/4284
f 2404/4251/4284 2401/4245/4275 2397/4239/4276 2405/4252/4285
f 2399/4242/4272 2405/4253/4285 2397/4254/4276 2393/4234/4260
f 2269/4255/4274 2403/4256/4283 2406/4257/4286 2270/4258/4077
s 350
f 2405/4249/4280 2399/4259/4287 2402/4246/4277
f 2403/4247/4278 2402/4246/4277 2406/4260/4288
f 2402/4246/4277 2399/4259/4287 2400/4261/4289
s 195
f 2263/4262/4065 2316/4263/4153 2407/4264/4290 2334/4265/4173
f 2334/4265/4173 2407/4264/4290 2408/4266/4291 2335/4267/4174
f 2336/4268/4175 2335/4267/4174 2408/4266/4291 2409/4269/4292
f 2409/4269/4292 2408/4266/4291 2410/4270/4293
f 2348/4271/4187 2347/4272/4186 2411/4273/4294
f 2353/4274/4192 2354/4275/4193 2412/4276/4295 2413/4277/4296
f 2413/4277/4296 2412/4276/4295 2414/4278/4297 2415/4279/4298
f 2416/4280/4299 2415/4279/4298 2414/4278/4297 2417/4281/4300
f 2417/4281/4300 2414/4278/4297 2418/4282/4301
f 2419/4283/4302 2420/4284/4303 2421/4285/4304
s 351
f 2422/4286/4305 2423/4287/4306 2424/4288/4307 2425/4289/4308
s off
f 2426/4290/4309 2423/4291/4310 2427/4292/4311 2428/4293/4312
f 2424/4294/4313 2423/4295/4314 2426/4296/4315
s 351
f 2429/4297/4316 2423/4287/4306 2422/4286/4305 2430/4298/4317
s 354
f 2431/4299/4318 2432/4300/4319 2433/4301/4320
f 2431/4299/4318 2433/4301/4320 2434/4302/4321
s 351
f 2432/4303/4322 2435/4304/4323 2436/4305/4324 2433/4306/4325
f 2433/4306/4325 2436/4305/4324 2427/4292/4326 2434/4307/4327
f 2429/4297/4316 2434/4308/4327 2427/4309/4326 2423/4287/4306
f 2435/4310/4323 2432/4311/4322 2437/4312/4328 2438/4313/4329
s 354
f 2434/4302/4321 2429/4314/4330 2431/4299/4318
f 2432/4300/4319 2431/4299/4318 2437/4315/4331
f 2431/4299/4318 2429/4314/4330 2430/4316/4332
s 195
f 2439/4317/4333 2440/4318/4334 2441/4319/4335 2442/4320/4336
s off
f 2439/4321/4337 2443/4322/4338 2435/4304/4339 2438/4323/4340
s 195
f 2444/4324/4341 2439/4317/4333 2442/4320/4336 2445/4325/4342
f 2446/4326/4343 2416/4280/4299 2447/4327/4344 2448/4328/4345
f 2448/4328/4345 2447/4327/4344 2420/4284/4303 2443/4322/4346
s 356
f 2449/4329/4347 2450/4330/4348 2451/4331/4349
f 2449/4329/4347 2451/4331/4349 2452/4332/4350
s 195
f 2435/4304/4351 2443/4322/4352 2420/4284/4303 2419/4283/4302
f 2450/4333/4353 2446/4326/4343 2448/4328/4345 2451/4334/4354
f 2451/4334/4354 2448/4328/4345 2443/4322/4346 2452/4335/4355
f 2444/4324/4341 2452/4336/4355 2443/4337/4346 2439/4317/4333
f 2446/4338/4343 2450/4339/4353 2453/4340/4356 2454/4341/4357
s 356
f 2452/4332/4350 2444/4342/4358 2449/4329/4347
f 2450/4330/4348 2449/4329/4347 2453/4343/4359
f 2449/4329/4347 2444/4342/4358 2445/4344/4360
f 2449/4329/4347 2445/4344/4360 2453/4343/4359
s off
f 2439/4317/4361 2438/4313/4362 2455/4345/4363 2440/4318/4364
s 195
f 2456/4346/4365 2457/4347/4366 2458/4348/4367 2459/4349/4368
s off
f 2456/4350/4369 2460/4351/4370 2446/4326/4371 2454/4352/4372
f 2461/4353/4373 2457/4347/4374 2456/4346/4375 2454/4341/4376
s 195
f 2462/4354/4377 2456/4346/4365 2459/4349/4368 2463/4355/4378
f 2364/4356/4379 2353/4274/4192 2413/4277/4296 2464/4357/4380
f 2464/4357/4380 2413/4277/4296 2415/4279/4298 2460/4351/4381
s 360
f 2465/4358/4382 2466/4359/4383 2467/4360/4384
f 2465/4358/4382 2467/4360/4384 2468/4361/4385
s 195
f 2460/4351/4386 2415/4279/4298 2416/4280/4299 2446/4326/4387
f 2466/4362/4388 2364/4356/4379 2464/4357/4380 2467/4363/4389
f 2467/4363/4389 2464/4357/4380 2460/4351/4381 2468/4364/4390
f 2462/4354/4377 2468/4365/4390 2460/4366/4381 2456/4346/4365
f 2364/4367/4379 2466/4368/4388 2469/4369/4391 2365/4370/4209
s 360
f 2468/4361/4385 2462/4371/4392 2465/4358/4382
f 2466/4359/4383 2465/4358/4382 2469/4372/4393
f 2465/4358/4382 2462/4371/4392 2463/4373/4394
s off
f 2428/4293/4395 2427/4292/4396 2470/4374/4397
s 351
f 2427/4292/4326 2436/4305/4324 2471/4375/4398 2470/4376/4399
f 2435/4304/4323 2472/4377/4400 2471/4375/4398 2436/4305/4324
s off
f 2435/4304/4401 2419/4283/4402 2472/4377/4403
s 195
f 2447/4327/4344 2473/4378/4404 2421/4285/4304 2420/4284/4303
f 2416/4280/4299 2474/4379/4405 2473/4378/4404 2447/4327/4344
f 2412/4276/4295 2475/4380/4406 2418/4282/4301 2414/4278/4297
f 2354/4275/4193 2476/4381/4407 2475/4380/4406 2412/4276/4295
f 2355/4163/4194 2477/4382/4408 2358/4383/4197 2356/4164/4195
f 2345/4151/4184 2478/4384/4409 2477/4382/4408 2355/4163/4194
f 2346/4385/4185 2479/4386/4410 2411/4273/4294 2347/4272/4186
f 2336/4268/4175 2480/4387/4411 2479/4386/4410 2346/4385/4185
f 2407/4264/4290 2481/4388/4412 2410/4270/4293 2408/4266/4291
f 2316/4263/4153 2482/4389/4413 2481/4388/4412 2407/4264/4290
f 2317/4106/4154 2313/4097/4150 2320/4390/4157 2318/4107/4155
f 2323/4122/4162 2321/4118/4158 2322/4121/4161
s off
f 2426/4290/4414 2428/4293/4415 2483/4391/4416 2484/4392/4417
f 2424/4393/4418 2426/4394/4419 2484/4395/4420
s 284
f 2485/4396/4421 2712/4397/3290 2711/4398/3288 2486/4399/4422
f 2486/4399/4422 2711/4398/3288 2710/4400/3286 2487/4401/4423
f 2487/4401/4423 2710/4400/3286 2709/4402/3285 2488/4403/4424
f 2489/4404/4425 2490/4405/4426 2491/4406/4427 2492/4407/4428
f 2493/4408/4429 2489/4404/4425 2492/4407/4428 2494/4409/4430
f 2495/4410/4431 2493/4408/4429 2494/4409/4430 2496/4411/4432
f 2497/4412/4433 2496/4411/4432 2494/4409/4430 2498/4413/4434
f 2498/4413/4434 2494/4409/4430 2492/4407/4428 2499/4414/4435
f 2499/4414/4435 2492/4407/4428 2491/4406/4427 2500/4415/4436
f 2501/4416/4437 2502/4417/4438 2503/4418/4439 2504/4419/4440
f 2505/4420/4441 2501/4416/4437 2504/4419/4440 2506/4421/4442
f 2507/4422/4443 2505/4420/4441 2506/4421/4442 2508/4423/4444
f 2509/4424/4445 2510/4425/4446 2511/4426/4447 2512/4427/4448
f 2512/4427/4448 2511/4426/4447 2513/4428/4449 2514/4429/4450
f 2515/4430/4451 2509/4424/4445 2512/4427/4448 2516/4431/4452
f 2516/4431/4452 2512/4427/4448 2514/4429/4450 2517/4432/4453
f 2518/4433/4454 2503/4418/4439 2502/4417/4438 2519/4434/4455
s 365
f 2520/4435/4456 2521/4436/4457 2522/4437/4458
f 2520/4435/4456 2523/4438/4459 2521/4436/4457
s 284
f 2523/4439/4460 2518/4433/4454 2519/4434/4455 2521/4440/4461
f 2517/4432/4453 2514/4429/4450 2518/4441/4454 2523/4442/4460
f 2524/4443/4462 2509/4424/4445 2515/4430/4451 2522/4444/4463
s 365
f 2523/4438/4459 2520/4435/4456 2517/4445/4464
f 2522/4437/4458 2515/4446/4465 2520/4435/4456
f 2520/4435/4456 2515/4446/4465 2516/4447/4466
s 284
f 2525/4448/4467 2526/4449/4468 2527/4450/4469 2528/4451/4470
f 2528/4451/4470 2527/4450/4469 2529/4452/4471 2530/4453/4472
f 2531/4454/4473 2525/4448/4467 2528/4451/4470 2532/4455/4474
f 2532/4455/4474 2528/4451/4470 2530/4453/4472 2533/4456/4475
f 2534/4457/4476 2491/4406/4427 2490/4405/4426 2535/4458/4477
s 366
f 2536/4459/4478 2537/4460/4479 2538/4461/4480
s 284
f 2537/4462/4481 2534/4457/4476 2535/4458/4477 2538/4463/4482
f 2533/4456/4475 2530/4453/4472 2534/4464/4476 2537/4465/4481
f 2539/4466/4483 2525/4448/4467 2531/4454/4473 2540/4467/4484
s 366
f 2537/4460/4479 2536/4459/4478 2533/4468/4485
f 2540/4469/4486 2531/4470/4487 2536/4459/4478
f 2536/4459/4478 2532/4471/4488 2533/4468/4485
f 2536/4459/4478 2531/4470/4487 2532/4471/4488
s 284
f 2524/4472/4489 2500/4415/4436 2491/4406/4427 2534/4457/4490
s off
f 2509/4473/4491 2524/4472/4492 2534/4457/4493 2530/4474/4494
f 2529/4452/4495 2510/4425/4496 2509/4424/4497 2530/4453/4498
s 284
f 2539/4475/4499 2488/4403/4424 2709/4402/3285 2713/4476/4500
s 369
f 2525/4477/4501 2539/4475/4502 2713/4476/4503 2714/4478/4504
s 284
f 2541/4479/4505 2718/4480/3386 2717/4481/3384 2542/4482/4506
f 2542/4482/4506 2717/4481/3384 2716/4483/3382 2543/4484/4507
f 2543/4484/4507 2716/4483/3382 2712/4485/3290 2485/4486/4421
f 2544/4487/4508 2495/4488/4431 2496/4489/4432 2545/4490/4509
f 2546/4491/4510 2544/4487/4508 2545/4490/4509 2547/4492/4511
f 2548/4493/4512 2546/4491/4510 2547/4492/4511 2549/4494/4513
f 2313/4495/4514 2549/4494/4513 2547/4492/4511 2550/4496/4515
f 2550/4496/4515 2547/4492/4511 2545/4490/4509 2551/4497/4516
f 2551/4497/4516 2545/4490/4509 2496/4489/4432 2497/4498/4433
f 2552/4499/4517 2507/4500/4443 2508/4501/4444 2553/4502/4518
f 2554/4503/4519 2552/4499/4517 2553/4502/4518 2555/4504/4520
f 2313/4495/4514 2554/4503/4519 2555/4504/4520 2320/4505/4521
f 2556/4506/4522 2719/4507/3404 2718/4508/3386 2541/4509/4505
f 2323/4510/4523 2548/4511/4512 2549/4512/4513 2324/4513/4524
f 2323/4510/4523 2322/4514/4525 2556/4506/4522
f 2549/4512/4513 2313/4515/4514 2324/4513/4524
f 2557/4516/4526 2508/4517/4444 2506/4518/4442 2558/4519/4527
f 2558/4520/4527 2506/4521/4442 2504/4522/4440 2559/4523/4528
f 2559/4524/4528 2504/4525/4440 2503/4526/4439 2560/4527/4529
f 2561/4528/4530 2562/4529/4531 2563/4530/4532 2564/4531/4533
f 2565/4532/4534 2561/4528/4530 2564/4531/4533 2566/4533/4535
f 2567/4534/4536 2565/4532/4534 2566/4533/4535 2568/4535/4537
f 2569/4536/4538 2568/4535/4537 2566/4533/4535 2570/4537/4539
f 2570/4537/4539 2566/4533/4535 2564/4531/4533 2571/4538/4540
f 2571/4538/4540 2564/4531/4533 2563/4530/4532 2572/4539/4541
f 2573/4540/4542 2574/4541/4543 2575/4542/4544 2576/4543/4545
f 2577/4544/4546 2573/4540/4542 2576/4543/4545 2578/4545/4547
f 2579/4546/4548 2577/4544/4546 2578/4545/4547 2580/4547/4549
f 2581/4548/4550 2578/4545/4547 2576/4543/4545 2582/4549/4551
f 2582/4549/4551 2576/4543/4545 2575/4542/4544 2583/4550/4552
f 2584/4551/4553 2585/4552/4554 2586/4553/4555 2587/4554/4556
f 2588/4555/4557 2584/4551/4553 2587/4554/4556 2589/4556/4558
f 2477/4557/4559 2588/4555/4557 2589/4556/4558 2358/4558/4560
f 2590/4559/4561 2591/4560/4562 2592/4561/4563 2593/4562/4564
f 2593/4562/4564 2592/4561/4563 2594/4563/4565 2595/4564/4566
f 2596/4565/4567 2590/4559/4561 2593/4562/4564 2597/4566/4568
f 2597/4566/4568 2593/4562/4564 2595/4564/4566 2598/4567/4569
f 2599/4568/4570 2586/4553/4555 2585/4552/4554 2600/4569/4571
s 370
f 2601/4570/4572 2602/4571/4573 2603/4572/4574
f 2601/4570/4572 2604/4573/4575 2602/4571/4573
s 284
f 2604/4574/4576 2599/4568/4570 2600/4569/4571 2602/4575/4577
f 2598/4567/4569 2595/4564/4566 2599/4576/4570 2604/4577/4576
f 2605/4578/4578 2590/4559/4561 2596/4565/4567 2603/4579/4579
s 370
f 2604/4573/4575 2601/4570/4572 2598/4580/4580
f 2603/4572/4574 2596/4581/4581 2601/4570/4572
f 2601/4570/4572 2596/4581/4581 2597/4582/4582
s 284
f 2606/4583/4583 2607/4584/4584 2608/4585/4585 2609/4586/4586
f 2609/4586/4586 2608/4585/4585 2610/4587/4587 2611/4588/4588
f 2612/4589/4589 2606/4583/4583 2609/4586/4586 2613/4590/4590
f 2613/4590/4590 2609/4586/4586 2611/4588/4588 2614/4591/4591
f 2615/4592/4592 2575/4542/4544 2574/4541/4543 2616/4593/4593
s 371
f 2617/4594/4594 2618/4595/4595 2619/4596/4596
f 2617/4594/4594 2620/4597/4597 2618/4595/4595
s 284
f 2620/4598/4598 2615/4592/4592 2616/4593/4593 2618/4599/4599
f 2614/4591/4591 2611/4588/4588 2615/4600/4592 2620/4601/4598
f 2621/4602/4600 2606/4583/4583 2612/4589/4589 2619/4603/4601
s 371
f 2620/4597/4597 2617/4594/4594 2614/4604/4602
f 2619/4596/4596 2612/4605/4603 2617/4594/4594
f 2617/4594/4594 2612/4605/4603 2613/4606/4604
s 284
f 2605/4607/4605 2583/4550/4552 2575/4542/4544 2615/4592/4606
s off
f 2590/4608/4607 2605/4607/4608 2615/4592/4609 2611/4609/4610
f 2610/4587/4611 2591/4560/4612 2590/4559/4613 2611/4588/4614
s 284
f 2622/4610/4615 2623/4611/4616 2624/4612/4617 2625/4613/4618
f 2625/4613/4618 2624/4612/4617 2626/4614/4619 2627/4615/4620
f 2628/4616/4621 2622/4610/4615 2625/4613/4618 2629/4617/4622
f 2629/4617/4622 2625/4613/4618 2627/4615/4620 2630/4618/4623
f 2631/4619/4624 2563/4530/4532 2562/4529/4531 2632/4620/4625
s 374
f 2633/4621/4626 2634/4622/4627 2635/4623/4628
s 284
f 2634/4624/4629 2631/4619/4624 2632/4620/4625 2635/4625/4630
f 2630/4618/4623 2627/4615/4620 2631/4626/4624 2634/4627/4629
f 2636/4628/4631 2622/4610/4615 2628/4616/4621 2637/4629/4632
s 374
f 2634/4622/4627 2633/4621/4626 2630/4630/4633
f 2637/4631/4634 2628/4632/4635 2633/4621/4626
f 2633/4621/4626 2628/4632/4635 2629/4633/4636
s 284
f 2621/4634/4637 2572/4539/4541 2563/4530/4532 2631/4619/4638
s off
f 2606/4635/4639 2621/4634/4640 2631/4619/4641 2627/4636/4642
f 2626/4614/4643 2607/4584/4644 2606/4583/4645 2627/4615/4646
s 284
f 2518/4433/4647 2636/4637/4648 2560/4638/4529 2503/4639/4439
s off
f 2514/4640/4649 2622/4641/4650 2636/4637/4651 2518/4433/4652
s 284
f 2513/4642/4653 2623/4643/4616 2622/4644/4615 2514/4645/4654
f 2638/4646/4655 2553/4647/4518 2508/4648/4444 2557/4649/4526
f 2639/4650/4656 2567/4651/4536 2568/4652/4537 2640/4653/4657
f 2481/4654/4658 2639/4650/4656 2640/4653/4657 2410/4655/4659
f 2479/4656/4660 2579/4657/4548 2580/4658/4549 2411/4659/4661
f 2641/4660/4662 2587/4661/4556 2586/4662/4555 2642/4663/4663
f 2643/4664/4664 2644/4665/4665 2645/4666/4666 2646/4667/4667
f 2475/4668/4668 2643/4664/4664 2646/4667/4667 2418/4669/4669
f 2473/4670/4670 2647/4671/4671 2648/4672/4672 2421/4673/4673
s 378
f 2649/4674/4674 2650/4675/4675 2425/4676/4676 2651/4677/4677
f 2484/4678/4678 2651/4677/4677 2425/4676/4676 2424/4679/4679
f 2652/4680/4680 2649/4674/4674 2651/4677/4677 2653/4681/4681
f 2653/4681/4681 2651/4677/4677 2484/4678/4678 2654/4682/4682
s 379
f 2655/4683/4683 2656/4684/4684 2657/4685/4685
f 2655/4683/4683 2658/4686/4686 2656/4684/4684
s 378
f 2658/4687/4687 2483/4391/4688 2659/4688/4689 2656/4689/4690
f 2654/4682/4682 2484/4678/4678 2483/4690/4688 2658/4691/4687
f 2660/4692/4691 2649/4674/4674 2652/4680/4680 2657/4693/4692
s 379
f 2658/4686/4686 2655/4683/4683 2654/4694/4693
f 2657/4685/4685 2652/4695/4694 2655/4683/4683
f 2655/4683/4683 2652/4695/4694 2653/4696/4695
s 284
f 2661/4697/4696 2662/4698/4697 2663/4699/4698 2664/4700/4699
f 2664/4700/4699 2663/4699/4698 2665/4701/4700 2666/4702/4701
f 2667/4703/4702 2661/4697/4696 2664/4700/4699 2668/4704/4703
f 2668/4704/4703 2664/4700/4699 2666/4702/4701 2669/4705/4704
f 2670/4706/4705 2648/4672/4672 2647/4671/4671 2671/4707/4706
s 380
f 2672/4708/4707 2673/4709/4708 2674/4710/4709
f 2672/4708/4707 2675/4711/4710 2673/4709/4708
s 284
f 2675/4712/4711 2670/4706/4705 2671/4707/4706 2673/4713/4712
f 2669/4705/4704 2666/4702/4701 2670/4714/4705 2675/4715/4711
f 2676/4716/4713 2661/4697/4696 2667/4703/4702 2674/4717/4714
s 380
f 2675/4711/4710 2672/4708/4707 2669/4718/4715
f 2674/4710/4709 2667/4719/4716 2672/4708/4707
f 2672/4708/4707 2667/4719/4716 2668/4720/4717
s off
f 2649/4721/4718 2660/4722/4719 2670/4706/4720 2666/4723/4721
f 2649/4674/4722 2455/4724/4723 2650/4675/4724
s 284
f 2677/4725/4725 2678/4726/4726 2679/4727/4727 2680/4728/4728
f 2680/4728/4728 2679/4727/4727 2681/4729/4729 2682/4730/4730
f 2683/4731/4731 2677/4725/4725 2680/4728/4728 2684/4732/4732
f 2684/4732/4732 2680/4728/4728 2682/4730/4730 2685/4733/4733
f 2686/4734/4734 2645/4666/4666 2644/4665/4665 2687/4735/4735
s 383
f 2688/4736/4736 2689/4737/4737 2690/4738/4738
f 2688/4736/4736 2691/4739/4739 2689/4737/4737
s 284
f 2691/4740/4740 2686/4734/4734 2687/4735/4735 2689/4741/4741
f 2685/4733/4733 2682/4730/4730 2686/4742/4734 2691/4743/4740
f 2692/4744/4742 2677/4725/4725 2683/4731/4731 2690/4745/4743
s 383
f 2691/4739/4739 2688/4736/4736 2685/4746/4744
f 2690/4738/4738 2683/4747/4745 2688/4736/4736
f 2688/4736/4736 2683/4747/4745 2684/4748/4746
s 284
f 2676/4749/4747 2693/4750/4748 2645/4666/4666 2686/4734/4749
s off
f 2661/4751/4750 2676/4749/4751 2686/4734/4752 2682/4752/4753
f 2681/4729/4754 2662/4698/4755 2661/4697/4756 2682/4730/4757
s 284
f 2599/4568/4758 2692/4753/4759 2642/4754/4663 2586/4755/4555
s off
f 2595/4756/4760 2677/4757/4761 2692/4753/4762 2599/4568/4763
s 284
f 2594/4758/4764 2678/4759/4726 2677/4760/4725 2595/4761/4765
s off
f 2483/4391/4766 2428/4293/4767 2470/4762/4768
s 378
f 2659/4688/4689 2483/4391/4688 2470/4763/4769 2471/4764/4770
s 284
f 2670/4706/4771 2660/4722/4772 2419/4765/4773 2648/4672/4672
f 2419/4765/4773 2421/4673/4673 2648/4672/4672
f 2693/4750/4748 2417/4766/4774 2646/4667/4667 2645/4666/4666
f 2417/4766/4774 2418/4669/4669 2646/4667/4667
f 2641/4767/4662 2357/4768/4775 2589/4769/4558 2587/4770/4556
f 2357/4771/4775 2358/4772/4560 2589/4773/4558
f 2581/4548/4550 2348/4774/4776 2580/4547/4549 2578/4545/4547
f 2348/4775/4776 2411/4659/4661 2580/4658/4549
f 2569/4776/4538 2409/4777/4777 2640/4653/4657 2568/4652/4537
f 2409/4777/4777 2410/4655/4659 2640/4653/4657
f 2638/4778/4655 2319/4779/4778 2555/4780/4520 2553/4781/4518
f 2319/4782/4778 2320/4783/4521 2555/4784/4520
f 2556/4506/4522 2322/4514/4525 2720/4785/3406 2719/4507/3404
s off
f 2660/4722/4779 2472/4786/4780 2419/4765/4781
f 2455/4345/4782 2438/4313/4783 2650/4787/4784
f 2455/4724/4785 2649/4674/4786 2666/4702/4787 2665/4701/4788
s 284
f 2693/4750/4748 2474/4788/4789 2417/4766/4774
s 195
f 2416/4280/4299 2417/4281/4300 2474/4379/4405
s 284
f 2641/4789/4662 2476/4790/4790 2357/4791/4775
s 195
f 2354/4275/4193 2357/4792/4196 2476/4381/4407
s 284
f 2581/4548/4550 2478/4793/4791 2348/4774/4776
s 195
f 2345/4151/4184 2348/4154/4187 2478/4384/4409
s 284
f 2569/4776/4538 2480/4794/4792 2409/4777/4777
s 195
f 2336/4268/4175 2409/4269/4292 2480/4387/4411
s 284
f 2638/4795/4655 2482/4796/4793 2319/4797/4778
s 195
f 2316/4263/4153 2319/4798/4156 2482/4389/4413
s 222
f 2176/4799/3907 2013/4800/4794 1850/4801/4032
s 284
f 1847/3443/3399 1850/4802/3402 2013/3569/3656
s 222
f 2107/3958/3790 1940/3960/4031 2178/3835/3909 2106/3834/3789
f 2119/3730/3802 2009/4803/4795 1879/3956/4029
s 284
f 1876/3331/3430 1879/3334/3433 2009/3564/3652
s 222
f 2179/4804/3914 2007/4805/4796 1888/4806/4028
s 284
f 1885/3455/3439 1888/4807/3442 2007/3561/3650
s 222
f 2231/3932/4001 2005/4808/4797 1948/3948/4027
s 284
f 1947/3460/3545 1948/3461/3546 2005/3559/3648
s off
f 2198/3904/4798 2003/4809/4799 1950/3947/4800
f 1966/3484/4801 1950/3463/4802 2003/3557/4803
f 2187/3856/4804 1975/3906/4805 2188/3857/4806
f 1975/3504/4807 1969/3493/4808 2188/4810/4809
s 195
f 2297/4068/4124 2285/4047/4100 2284/4046/4099 2300/4075/4810
f 2296/4067/4123 2289/4053/4110 2285/4047/4100 2297/4068/4124
s 284
f 2313/4495/4514 2550/4496/4515 2554/4503/4519
f 2550/4496/4515 2551/4497/4516 2552/4499/4517 2554/4503/4519
f 2551/4497/4516 2497/4498/4433 2507/4500/4443 2552/4499/4517
f 2497/4412/4433 2498/4413/4434 2505/4420/4441 2507/4422/4443
f 2498/4413/4434 2499/4414/4435 2501/4416/4437 2505/4420/4441
f 2499/4414/4435 2500/4415/4436 2502/4417/4438 2501/4416/4437
f 2524/4472/4462 2519/4434/4455 2502/4417/4438 2500/4415/4436
f 2522/4811/4463 2521/4440/4461 2519/4434/4455 2524/4472/4462
s 195
f 2281/4040/4093 2267/4013/4069 2266/4012/4068 2287/4051/4811
f 2280/4039/4092 2273/4023/4079 2267/4013/4069 2281/4040/4093
s 284
f 2638/4795/4655 2639/4650/4656 2481/4654/4658 2482/4796/4793
f 2638/4795/4655 2557/4812/4526 2567/4651/4536 2639/4650/4656
f 2557/4813/4526 2558/4814/4527 2565/4532/4534 2567/4534/4536
f 2558/4814/4527 2559/4815/4528 2561/4528/4530 2565/4532/4534
f 2559/4815/4528 2560/4816/4529 2562/4529/4531 2561/4528/4530
f 2636/4817/4631 2632/4620/4625 2562/4529/4531 2560/4816/4529
f 2637/4818/4632 2635/4625/4630 2632/4620/4625 2636/4817/4631
s 195
f 2270/4258/4077 2396/4237/4263 2395/4236/4262 2271/4819/4074
f 2406/4257/4286 2400/4243/4273 2396/4237/4263 2270/4258/4077
s 284
f 2569/4776/4538 2579/4657/4548 2479/4656/4660 2480/4794/4792
f 2569/4536/4538 2570/4537/4539 2577/4544/4546 2579/4546/4548
f 2570/4537/4539 2571/4538/4540 2573/4540/4542 2577/4544/4546
f 2571/4538/4540 2572/4539/4541 2574/4541/4543 2573/4540/4542
f 2621/4634/4600 2616/4593/4593 2574/4541/4543 2572/4539/4541
f 2619/4820/4601 2618/4599/4599 2616/4593/4593 2621/4634/4600
s 195
f 2392/4229/4255 2380/4209/4232 2379/4208/4231 2398/4241/4812
f 2391/4228/4254 2384/4215/4242 2380/4209/4232 2392/4229/4255
s 284
f 2581/4548/4550 2588/4555/4557 2477/4557/4559 2478/4793/4791
f 2581/4548/4550 2582/4549/4551 2584/4551/4553 2588/4555/4557
f 2582/4549/4551 2583/4550/4552 2585/4552/4554 2584/4551/4553
f 2605/4607/4578 2600/4569/4571 2585/4552/4554 2583/4550/4552
f 2603/4821/4579 2602/4575/4577 2600/4569/4571 2605/4607/4578
s 195
f 2376/4202/4225 2362/4175/4201 2361/4174/4200 2382/4213/4813
f 2375/4201/4224 2368/4185/4211 2362/4175/4201 2376/4202/4225
s 284
f 2641/4789/4662 2643/4664/4664 2475/4668/4668 2476/4790/4790
f 2641/4789/4662 2642/4822/4663 2644/4665/4665 2643/4664/4664
f 2692/4823/4742 2687/4735/4735 2644/4665/4665 2642/4822/4663
f 2690/4824/4743 2689/4741/4741 2687/4735/4735 2692/4823/4742
s 195
f 2365/4370/4209 2459/4349/4368 2458/4348/4367 2366/4825/4206
f 2469/4369/4391 2463/4355/4378 2459/4349/4368 2365/4370/4209
s 284
f 2693/4750/4748 2647/4671/4671 2473/4670/4670 2474/4788/4789
f 2676/4749/4713 2671/4707/4706 2647/4671/4671 2693/4750/4748
f 2674/4826/4714 2673/4713/4712 2671/4707/4706 2676/4749/4713
s 195
f 2454/4341/4357 2442/4320/4336 2441/4319/4335 2461/4353/4814
f 2453/4340/4356 2445/4325/4342 2442/4320/4336 2454/4341/4357
s 351
f 2438/4313/4329 2422/4286/4305 2425/4289/4308 2650/4787/4815
f 2437/4312/4328 2430/4298/4317 2422/4286/4305 2438/4313/4329
s 378
f 2660/4722/4691 2659/4688/4689 2471/4764/4770 2472/4786/4816
f 2657/4827/4692 2656/4689/4690 2659/4688/4689 2660/4722/4691
s 284
f 1831/3251/3373 1819/3231/3350 1818/3230/3349 1832/3256/4817
f 1830/3250/3372 1823/3237/3360 1819/3231/3350 1831/3251/3373
f 1815/3224/3343 1801/3197/3319 1800/3196/3318 1821/3235/4818
f 1814/3223/3342 1807/3207/3329 1801/3197/3319 1815/3224/3343
s 222
f 1844/3677/3766 2088/3678/3767 2092/3685/3771
f 2088/3678/3767 2089/3679/3768 2090/3681/3769 2092/3685/3771
f 2089/3679/3768 2032/3680/3680 2042/3682/3690 2090/3681/3769
f 2032/3592/3680 2033/3593/3681 2040/3600/3688 2042/3602/3690
f 2033/3593/3681 2034/3594/3682 2036/3596/3684 2040/3600/3688
f 2034/3594/3682 2035/3595/3683 2037/3597/3685 2036/3596/3684
f 2058/3652/3708 2054/3614/3702 2037/3597/3685 2035/3595/3683
f 2059/4828/3709 2057/3619/3707 2054/3614/3702 2058/3652/3708
s 284
f 1804/3438/3327 1927/3417/3509 1926/3416/3508 1805/4829/3324
f 1937/3437/3532 1931/3423/3519 1927/3417/3509 1804/3438/3327
s 222
f 2176/4799/3907 2177/3832/3908 2012/3836/3910 2013/4800/4794
f 2176/4799/3907 2095/4830/3778 2105/3833/3788 2177/3832/3908
f 2095/4831/3778 2096/4832/3779 2103/3714/3786 2105/3716/3788
f 2096/4832/3779 2097/4833/3780 2099/3710/3782 2103/3714/3786
f 2097/4833/3780 2098/4834/3781 2100/3711/3783 2099/3710/3782
f 2175/4835/3884 2170/3802/3877 2100/3711/3783 2098/4834/3781
f 2173/4836/3885 2172/3808/3883 2170/3802/3877 2175/4835/3884
s 284
f 1923/3410/3502 1911/3389/3478 1910/3388/3477 1929/3421/4819
f 1922/3409/3501 1915/3395/3488 1911/3389/3478 1923/3410/3502
s 222
f 2107/3958/3790 2117/3839/3800 2010/3838/3912 2011/3959/4030
f 2107/3718/3790 2108/3719/3791 2115/3726/3798 2117/3728/3800
f 2108/3719/3791 2109/3720/3792 2111/3722/3794 2115/3726/3798
f 2109/3720/3792 2110/3721/3793 2112/3723/3795 2111/3722/3794
f 2159/3816/3852 2154/3775/3845 2112/3723/3795 2110/3721/3793
f 2157/4837/3853 2156/3781/3851 2154/3775/3845 2159/3816/3852
s 284
f 1907/3381/3470 1893/3355/3447 1892/3354/3446 1913/3393/4820
f 1906/3380/3469 1899/3365/3457 1893/3355/3447 1907/3381/3470
s 222
f 2119/3730/3802 2126/3737/3809 2008/3739/3811 2009/4803/4795
f 2119/3730/3802 2120/3731/3803 2122/3733/3805 2126/3737/3809
f 2120/3731/3803 2121/3732/3804 2123/3734/3806 2122/3733/3805
f 2143/3789/3830 2138/3751/3823 2123/3734/3806 2121/3732/3804
f 2141/4838/3831 2140/3757/3829 2138/3751/3823 2143/3789/3830
f 2179/4804/3914 2181/3846/3916 2006/3850/3920 2007/4805/4796
f 2179/4804/3914 2180/4839/3915 2182/3847/3917 2181/3846/3916
f 2230/4840/3995 2225/3917/3988 2182/3847/3917 2180/4839/3915
f 2228/4841/3996 2227/3923/3994 2225/3917/3988 2230/4840/3995
s 284
f 1896/3550/3455 1990/3529/3614 1989/3528/3613 1897/4842/3452
f 2000/3549/3637 1994/3535/3624 1990/3529/3614 1896/3550/3455
s 222
f 2231/3932/4001 2185/3853/3923 2004/3852/3922 2005/4808/4797
f 2214/3931/3965 2209/3889/3958 2185/3853/3923 2231/3932/4001
f 2212/4843/3966 2211/3895/3964 2209/3889/3958 2214/3931/3965
s 284
f 1986/3522/3607 1973/3500/3582 1972/3499/3581 1992/3533/4821
f 1985/3521/3606 1977/3506/3592 1973/3500/3582 1986/3522/3607
s 299
f 1969/3493/3575 1953/3466/3551 1956/3469/3554 2188/4810/4822
f 1968/3492/3574 1961/3478/3563 1953/3466/3551 1969/3493/3575
s 326
f 2198/3904/3943 2197/3870/3941 2002/3946/4023 2003/4809/4823
f 2195/4844/3944 2194/3871/3942 2197/3870/3941 2198/3904/3943
s 222
f 2094/3688/3774 2079/3691/3756 2086/3693/3764 1854/3692/3775
f 2079/3661/3756 2080/3664/3757 2084/3673/3762 2086/3675/3764
f 2080/3664/3757 2081/3666/3759 2082/3669/3760 2084/3673/3762
f 2081/3666/3759 2020/3668/3664 2030/3670/3678 2082/3669/3760
f 2020/3576/3664 2021/3579/3667 2028/3588/3676 2030/3590/3678
f 2021/3579/3667 2022/3581/3669 2024/3584/3672 2028/3588/3676
f 2022/3581/3669 2023/3583/3671 2025/3585/3673 2024/3584/3672
f 2075/3655/3731 2070/3638/3724 2025/3585/3673 2023/3583/3671
f 2073/4845/3732 2072/3644/3730 2070/3638/3724 2075/3655/3731
s 337
f 2276/4026/4083 2273/4043/4096 2280/4042/4095
s 350
f 2402/4246/4277 2400/4261/4289 2406/4260/4288
s 347
f 2387/4218/4246 2389/4220/4248 2390/4230/4256
s 344
f 2371/4188/4215 2368/4205/4228 2375/4204/4227
s 360
f 2465/4358/4382 2463/4373/4394 2469/4372/4393
s 354
f 2431/4299/4318 2430/4316/4332 2437/4315/4331
s 379
f 2655/4683/4683 2653/4696/4695 2654/4694/4693
s 380
f 2672/4708/4707 2668/4720/4717 2669/4718/4715
s 383
f 2688/4736/4736 2684/4748/4746 2685/4746/4744
s 370
f 2601/4570/4572 2597/4582/4582 2598/4580/4580
s 371
f 2617/4594/4594 2613/4606/4604 2614/4604/4602
s 374
f 2633/4621/4626 2635/4623/4628 2637/4631/4634
f 2633/4621/4626 2629/4633/4636 2630/4630/4633
s 365
f 2520/4435/4456 2516/4447/4466 2517/4445/4464
s 284
f 2556/4506/4522 2541/4509/4505 2548/4511/4512 2323/4510/4523
f 2541/4479/4505 2542/4482/4506 2546/4491/4510 2548/4493/4512
f 2542/4482/4506 2543/4484/4507 2544/4487/4508 2546/4491/4510
f 2543/4484/4507 2485/4486/4421 2495/4488/4431 2544/4487/4508
f 2485/4396/4421 2486/4399/4422 2493/4408/4429 2495/4410/4431
f 2486/4399/4422 2487/4401/4423 2489/4404/4425 2493/4408/4429
f 2487/4401/4423 2488/4403/4424 2490/4405/4426 2489/4404/4425
f 2539/4475/4483 2535/4458/4477 2490/4405/4426 2488/4403/4424
f 2540/4846/4484 2538/4463/4482 2535/4458/4477 2539/4475/4483
s 366
f 2536/4459/4478 2538/4461/4480 2540/4469/4486
s 289
f 1826/3240/3364 1828/3242/3366 1829/3252/3374
s 286
f 1810/3210/3333 1807/3227/3346 1814/3226/3345
s 298
f 1933/3426/3523 1931/3441/3535 1937/3440/3534
s 295
f 1918/3398/3492 1915/3413/3505 1922/3412/3504
s 292
f 1902/3368/3461 1904/3370/3463 1905/3382/3471
s 308
f 1996/3538/3628 1994/3553/3640 2000/3552/3639
s 305
f 1981/3510/3597 1977/3525/3610 1985/3524/3609
s 302
f 1962/3479/3564 1961/3496/3578 1968/3495/3577
s 327
f 2193/3865/3935 2191/3878/3947 2192/3876/3945
s 328
f 2210/3890/3959 2206/3902/3969 2207/3900/3967
s 331
f 2226/3918/3989 2222/3930/3999 2223/3928/3997
s 318
f 2139/3752/3824 2135/3764/3834 2136/3762/3832
s 319
f 2155/3776/3846 2151/3788/3856 2152/3786/3854
s 322
f 2171/3803/3878 2167/3815/3888 2168/3813/3886
s 312
f 2055/3615/3703 2057/3617/3705 2059/3625/3711
s 313
f 2071/3639/3725 2067/3651/3735 2068/3649/3733
s 173
f 2703/4847/1742 2704/4848/1741 1602/2732/4824 1601/2731/4825
s 369
f 2714/4849/4504 2713/4850/4503 1824/3238/4826 1831/4851/4827
s 284
f 2713/4850/4500 2709/3155/3285 1770/3154/3284 1824/3238/4828
s 258
f 2703/4852/2948 2702/4853/2947 834/1390/4829 841/4854/4830
s 167
f 2702/4853/2944 2701/1307/1647 780/1306/1646 834/1390/4831
s 195
f 2721/4855/4832 2723/4856/4833 1274/2172/2428 1107/2175/2139
f 2723/4856/4833 2722/4857/4159 1273/3141/3276 1274/2172/2428
s 290
f 2714/4858/3380 2715/4859/3379 2526/4449/4834 2525/4448/4835
s 222
f 1325/4860/2491 1324/4861/2490 2696/4862/2494 2697/4863/4836 1398/4864/4837
s 195
f 2697/4865/4838 2721/4866/4832 1107/4867/2139 1108/4868/2138 863/4869/4839
s 395
f 2724/4870/4840 2725/4871/4841 2726/4872/4842 2727/4873/4843
f 2724/4870/4840 2728/4874/4844 2729/4875/4845 2725/4871/4841
f 2728/4874/4844 2730/4876/4846 2731/4877/4847 2729/4875/4845
f 2732/4878/4848 2731/4879/4847 2730/4880/4846 2733/4881/4849
f 2733/4881/4849 2734/4882/4850 2735/4883/4851 2732/4878/4848
f 2734/4882/4850 2727/4873/4843 2726/4872/4842 2735/4883/4851
s 396
f 2736/4884/4852 2737/4885/4853 2738/4886/4854
f 2736/4884/4852 2739/4887/4855 2737/4885/4853
s 397
f 2737/4888/4856 2724/4870/4857 2727/4873/4858 2738/4889/4859
f 2738/4889/4859 2727/4873/4858 2734/4882/4860 2740/4890/4861
f 2741/4891/4862 2740/4890/4861 2734/4882/4860 2733/4881/4863
f 2730/4880/4864 2742/4892/4865 2741/4891/4862 2733/4881/4863
f 2742/4893/4865 2730/4876/4864 2728/4874/4866 2739/4894/4867
f 2737/4888/4856 2739/4894/4867 2728/4874/4866 2724/4870/4857
s 396
f 2741/4895/4868 2736/4884/4852 2740/4896/4869
f 2741/4895/4868 2742/4897/4870 2736/4884/4852
f 2736/4884/4852 2742/4897/4870 2739/4887/4855
f 2740/4896/4869 2736/4884/4852 2738/4886/4854
s 398
f 2743/4898/4871 2744/4899/4872 2745/4900/4873 2746/4901/4874
f 2743/4898/4871 2747/4902/4875 2748/4903/4876 2744/4899/4872
f 2747/4902/4875 2749/4904/4877 2750/4905/4878 2748/4903/4876
f 2751/4906/4879 2752/4907/4880 2750/4905/4878 2749/4904/4877
f 2751/4906/4879 2753/4908/4881 2754/4909/4882 2752/4907/4880
f 2753/4910/4881 2746/4901/4874 2745/4900/4873 2754/4911/4882
s 399
f 2755/4912/4883 2756/4913/4884 2757/4914/4885 2758/4915/4886
f 2759/4916/4887 2758/4915/4886 2757/4914/4885 2760/4917/4888
f 2761/4918/4889 2759/4919/4887 2760/4920/4888 2762/4921/4890
f 2761/4918/4889 2762/4921/4890 2763/4922/4891 2764/4923/4892
f 2765/4924/4893 2764/4923/4892 2763/4922/4891 2766/4925/4894
f 2755/4912/4883 2765/4924/4893 2766/4925/4894 2756/4913/4884
s 400
f 2767/4926/4895 2768/4927/4896 2769/4928/4897 2770/4929/4898
f 2771/4930/4899 2770/4929/4898 2769/4928/4897 2772/4931/4900
f 2773/4932/4901 2771/4933/4899 2772/4934/4900 2774/4935/4902
f 2773/4932/4901 2774/4935/4902 2775/4936/4903 2776/4937/4904
f 2777/4938/4905 2776/4937/4904 2775/4936/4903 2778/4939/4906
f 2767/4926/4895 2777/4938/4905 2778/4939/4906 2768/4927/4896
s 401
f 2757/4914/4907 2756/4913/4908 2767/4926/4909 2770/4929/4910
f 2760/4917/4911 2757/4914/4907 2770/4929/4910 2771/4930/4912
f 2762/4921/4913 2760/4920/4911 2771/4933/4912 2773/4932/4914
f 2763/4922/4915 2762/4921/4913 2773/4932/4914 2776/4937/4916
f 2766/4925/4917 2763/4922/4915 2776/4937/4916 2777/4938/4918
f 2756/4913/4908 2766/4925/4917 2777/4938/4918 2767/4926/4909
s 402
f 2769/4928/4919 2768/4927/4920 2743/4898/4921 2746/4901/4922
f 2772/4931/4923 2769/4928/4919 2746/4901/4922 2753/4910/4924
f 2774/4935/4925 2772/4934/4923 2753/4908/4924 2751/4906/4926
f 2775/4936/4927 2774/4935/4925 2751/4906/4926 2749/4904/4928
f 2778/4939/4929 2775/4936/4927 2749/4904/4928 2747/4902/4930
f 2768/4927/4920 2778/4939/4929 2747/4902/4930 2743/4898/4921
s 403
f 2725/4940/4931 2755/4912/4932 2758/4915/4933 2726/4941/4934
f 2726/4941/4934 2758/4915/4933 2759/4916/4935 2735/4942/4936
f 2735/4943/4936 2759/4919/4935 2761/4918/4937 2732/4944/4938
f 2732/4944/4938 2761/4918/4937 2764/4923/4939 2731/4945/4940
f 2731/4945/4940 2764/4923/4939 2765/4924/4941 2729/4946/4942
f 2729/4946/4942 2765/4924/4941 2755/4912/4932 2725/4940/4931
s 404
f 2779/4947/4943 2780/4948/4944 2781/4949/4945 2782/4950/4946
f 2779/4947/4943 2783/4951/4947 2784/4952/4948 2780/4948/4944
f 2783/4951/4947 2785/4953/4949 2786/4954/4950 2784/4952/4948
f 2787/4955/4951 2788/4956/4952 2786/4954/4950 2785/4953/4949
f 2787/4955/4951 2789/4957/4953 2790/4958/4954 2788/4956/4952
f 2789/4959/4953 2782/4950/4946 2781/4949/4945 2790/4960/4954
s 405
f 2791/4961/4955 2792/4962/4956 2793/4963/4957 2794/4964/4958
f 2795/4965/4959 2794/4964/4958 2793/4963/4957 2796/4966/4960
f 2797/4967/4961 2795/4968/4959 2796/4969/4960 2798/4970/4962
f 2797/4967/4961 2798/4970/4962 2799/4971/4963 2800/4972/4964
f 2801/4973/4965 2800/4972/4964 2799/4971/4963 2802/4974/4966
f 2791/4961/4955 2801/4973/4965 2802/4974/4966 2792/4962/4956
s 406
f 2803/4975/4967 2804/4976/4968 2805/4977/4969 2806/4978/4970
f 2807/4979/4971 2806/4978/4970 2805/4977/4969 2808/4980/4972
f 2809/4981/4973 2807/4982/4971 2808/4983/4972 2810/4984/4974
f 2809/4981/4973 2810/4984/4974 2811/4985/4975 2812/4986/4976
f 2813/4987/4977 2812/4986/4976 2811/4985/4975 2814/4988/4978
f 2803/4975/4967 2813/4987/4977 2814/4988/4978 2804/4976/4968
s 407
f 2793/4963/4979 2792/4962/4980 2803/4975/4981 2806/4978/4982
f 2796/4966/4983 2793/4963/4979 2806/4978/4982 2807/4979/4984
f 2798/4970/4985 2796/4969/4983 2807/4982/4984 2809/4981/4986
f 2799/4971/4987 2798/4970/4985 2809/4981/4986 2812/4986/4988
f 2802/4974/4989 2799/4971/4987 2812/4986/4988 2813/4987/4990
f 2792/4962/4980 2802/4974/4989 2813/4987/4990 2803/4975/4981
s 408
f 2805/4977/4991 2804/4976/4992 2779/4947/4993 2782/4950/4994
f 2808/4980/4995 2805/4977/4991 2782/4950/4994 2789/4959/4996
f 2810/4984/4997 2808/4983/4995 2789/4957/4996 2787/4955/4998
f 2811/4985/4999 2810/4984/4997 2787/4955/4998 2785/4953/5000
f 2814/4988/5001 2811/4985/4999 2785/4953/5000 2783/4951/5002
f 2804/4976/4992 2814/4988/5001 2783/4951/5002 2779/4947/4993
s 409
f 2744/4989/5003 2791/4961/5004 2794/4964/5005 2745/4990/5006
f 2745/4990/5006 2794/4964/5005 2795/4965/5007 2754/4991/5008
f 2754/4992/5008 2795/4968/5007 2797/4967/5009 2752/4993/5010
f 2752/4993/5010 2797/4967/5009 2800/4972/5011 2750/4994/5012
f 2750/4994/5012 2800/4972/5011 2801/4973/5013 2748/4995/5014
f 2748/4995/5014 2801/4973/5013 2791/4961/5004 2744/4989/5003
s 410
f 2821/4996/5015 2819/4997/5016 2815/4998/5017 2822/4999/5018
f 2821/4996/5015 2823/5000/5019 2817/5001/5020 2819/4997/5016
f 2823/5000/5019 2824/5002/5021 2818/5003/5022 2817/5001/5020
f 2825/5004/5023 2820/5005/5024 2818/5003/5022 2824/5002/5021
f 2825/5004/5023 2826/5006/5025 2816/5007/5026 2820/5005/5024
f 2826/5008/5025 2822/4999/5018 2815/4998/5017 2816/5009/5026
s 411
f 2827/5010/5027 2828/5011/5028 2829/5012/5029 2830/5013/5030
f 2831/5014/5031 2830/5013/5030 2829/5012/5029 2832/5015/5032
f 2833/5016/5033 2831/5017/5031 2832/5018/5032 2834/5019/5034
f 2833/5016/5033 2834/5019/5034 2835/5020/5035 2836/5021/5036
f 2837/5022/5037 2836/5021/5036 2835/5020/5035 2838/5023/5038
f 2827/5010/5027 2837/5022/5037 2838/5023/5038 2828/5011/5028
s 412
f 2839/5024/5039 2840/5025/5040 2841/5026/5041 2842/5027/5042
f 2843/5028/5043 2842/5027/5042 2841/5026/5041 2844/5029/5044
f 2845/5030/5045 2843/5031/5043 2844/5032/5044 2846/5033/5046
f 2845/5030/5045 2846/5033/5046 2847/5034/5047 2848/5035/5048
f 2849/5036/5049 2848/5035/5048 2847/5034/5047 2850/5037/5050
f 2839/5024/5039 2849/5036/5049 2850/5037/5050 2840/5025/5040
s 413
f 2829/5012/5051 2828/5011/5052 2839/5024/5053 2842/5027/5054
f 2832/5015/5055 2829/5012/5051 2842/5027/5054 2843/5028/5056
f 2834/5019/5057 2832/5018/5055 2843/5031/5056 2845/5030/5058
f 2835/5020/5059 2834/5019/5057 2845/5030/5058 2848/5035/5060
f 2838/5023/5061 2835/5020/5059 2848/5035/5060 2849/5036/5062
f 2828/5011/5052 2838/5023/5061 2849/5036/5062 2839/5024/5053
s 414
f 2841/5026/5063 2840/5025/5064 2821/4996/5065 2822/4999/5066
f 2844/5029/5067 2841/5026/5063 2822/4999/5066 2826/5008/5068
f 2846/5033/5069 2844/5032/5067 2826/5006/5068 2825/5004/5070
f 2847/5034/5071 2846/5033/5069 2825/5004/5070 2824/5002/5072
f 2850/5037/5073 2847/5034/5071 2824/5002/5072 2823/5000/5074
f 2840/5025/5064 2850/5037/5073 2823/5000/5074 2821/4996/5065
s 415
f 2780/5038/5075 2827/5010/5076 2830/5013/5077 2781/5039/5078
f 2781/5039/5078 2830/5013/5077 2831/5014/5079 2790/5040/5080
f 2790/5041/5080 2831/5017/5079 2833/5016/5081 2788/5042/5082
f 2788/5042/5082 2833/5016/5081 2836/5021/5083 2786/5043/5084
f 2786/5043/5084 2836/5021/5083 2837/5022/5085 2784/5044/5086
f 2784/5044/5086 2837/5022/5085 2827/5010/5076 2780/5038/5075
s 416
f 2851/5045/5087 2852/5046/5088 2853/5047/5089 2854/5048/5090
f 2851/5045/5087 2855/5049/5091 2856/5050/5092 2852/5046/5088
f 2855/5049/5091 2857/5051/5093 2858/5052/5094 2856/5050/5092
f 2859/5053/5095 2860/5054/5096 2858/5052/5094 2857/5051/5093
f 2859/5053/5095 2861/5055/5097 2862/5056/5098 2860/5054/5096
f 2861/5057/5097 2854/5048/5090 2853/5047/5089 2862/5058/5098
s 417
f 2863/5059/5099 2864/5060/5100 2865/5061/5101 2866/5062/5102
f 2867/5063/5103 2866/5062/5102 2865/5061/5101 2868/5064/5104
f 2869/5065/5105 2867/5066/5103 2868/5067/5104 2870/5068/5106
f 2869/5065/5105 2870/5068/5106 2871/5069/5107 2872/5070/5108
f 2873/5071/5109 2872/5070/5108 2871/5069/5107 2874/5072/5110
f 2863/5059/5099 2873/5071/5109 2874/5072/5110 2864/5060/5100
s 418
f 2875/5073/5111 2876/5074/5112 2877/5075/5113 2878/5076/5114
f 2879/5077/5115 2878/5076/5114 2877/5075/5113 2880/5078/5116
f 2881/5079/5117 2879/5080/5115 2880/5081/5116 2882/5082/5118
f 2881/5079/5117 2882/5082/5118 2883/5083/5119 2884/5084/5120
f 2885/5085/5121 2884/5084/5120 2883/5083/5119 2886/5086/5122
f 2875/5073/5111 2885/5085/5121 2886/5086/5122 2876/5074/5112
s 419
f 2865/5061/5123 2864/5060/5124 2875/5073/5125 2878/5076/5126
f 2868/5064/5127 2865/5061/5123 2878/5076/5126 2879/5077/5128
f 2870/5068/5129 2868/5067/5127 2879/5080/5128 2881/5079/5130
f 2871/5069/5131 2870/5068/5129 2881/5079/5130 2884/5084/5132
f 2874/5072/5133 2871/5069/5131 2884/5084/5132 2885/5085/5134
f 2864/5060/5124 2874/5072/5133 2885/5085/5134 2875/5073/5125
s 420
f 2877/5075/5135 2876/5074/5136 2851/5045/5137 2854/5048/5138
f 2880/5078/5139 2877/5075/5135 2854/5048/5138 2861/5057/5140
f 2882/5082/5141 2880/5081/5139 2861/5055/5140 2859/5053/5142
f 2883/5083/5143 2882/5082/5141 2859/5053/5142 2857/5051/5144
f 2886/5086/5145 2883/5083/5143 2857/5051/5144 2855/5049/5146
f 2876/5074/5136 2886/5086/5145 2855/5049/5146 2851/5045/5137
s 421
f 2887/5087/5147 2819/4997/5148 2817/5088/5149 2888/5089/5150
f 2887/5087/5147 2889/5090/5151 2815/5091/5152 2819/4997/5148
f 2889/5090/5151 2890/5092/5153 2816/5093/5154 2815/5091/5152
f 2891/5094/5155 2820/5005/5156 2816/5093/5154 2890/5092/5153
f 2891/5094/5155 2892/5095/5157 2818/5096/5158 2820/5005/5156
f 2892/5097/5157 2888/5089/5150 2817/5088/5149 2818/5098/5158
s 422
f 2893/5099/5159 2894/5100/5160 2895/5101/5161 2896/5102/5162
f 2897/5103/5163 2896/5102/5162 2895/5101/5161 2898/5104/5164
f 2899/5105/5165 2897/5106/5163 2898/5107/5164 2900/5108/5166
f 2899/5105/5165 2900/5108/5166 2901/5109/5167 2902/5110/5168
f 2903/5111/5169 2902/5110/5168 2901/5109/5167 2904/5112/5170
f 2893/5099/5159 2903/5111/5169 2904/5112/5170 2894/5100/5160
s 423
f 2905/5113/5171 2906/5114/5172 2907/5115/5173 2908/5116/5174
f 2909/5117/5175 2908/5116/5174 2907/5115/5173 2910/5118/5176
f 2911/5119/5177 2909/5120/5175 2910/5121/5176 2912/5122/5178
f 2911/5119/5177 2912/5122/5178 2913/5123/5179 2914/5124/5180
f 2915/5125/5181 2914/5124/5180 2913/5123/5179 2916/5126/5182
f 2905/5113/5171 2915/5125/5181 2916/5126/5182 2906/5114/5172
s 424
f 2895/5101/5183 2894/5100/5184 2905/5113/5185 2908/5116/5186
f 2898/5104/5187 2895/5101/5183 2908/5116/5186 2909/5117/5188
f 2900/5108/5189 2898/5107/5187 2909/5120/5188 2911/5119/5190
f 2901/5109/5191 2900/5108/5189 2911/5119/5190 2914/5124/5192
f 2904/5112/5193 2901/5109/5191 2914/5124/5192 2915/5125/5194
f 2894/5100/5184 2904/5112/5193 2915/5125/5194 2905/5113/5185
s 425
f 2907/5115/5195 2906/5114/5196 2887/5087/5197 2888/5089/5198
f 2910/5118/5199 2907/5115/5195 2888/5089/5198 2892/5097/5200
f 2912/5122/5201 2910/5121/5199 2892/5095/5200 2891/5094/5202
f 2913/5123/5203 2912/5122/5201 2891/5094/5202 2890/5092/5204
f 2916/5126/5205 2913/5123/5203 2890/5092/5204 2889/5090/5206
f 2906/5114/5196 2916/5126/5205 2889/5090/5206 2887/5087/5197
s 426
f 2852/5127/5207 2893/5099/5208 2896/5102/5209 2853/5128/5210
f 2853/5128/5210 2896/5102/5209 2897/5103/5211 2862/5129/5212
f 2862/5130/5212 2897/5106/5211 2899/5105/5213 2860/5131/5214
f 2860/5131/5214 2899/5105/5213 2902/5110/5215 2858/5132/5216
f 2858/5132/5216 2902/5110/5215 2903/5111/5217 2856/5133/5218
f 2856/5133/5218 2903/5111/5217 2893/5099/5208 2852/5127/5207
s 427
f 2917/5134/5219 2920/5135/5220 2919/5136/5221 2918/5137/5222
f 2917/5134/5219 2918/5137/5222 2922/5138/5223 2921/5139/5224
f 2921/5139/5224 2922/5138/5223 2924/5140/5225 2923/5141/5226
f 2925/5142/5227 2926/5143/5228 2923/5144/5226 2924/5145/5225
f 2926/5143/5228 2925/5142/5227 2928/5146/5229 2927/5147/5230
f 2927/5147/5230 2928/5146/5229 2919/5136/5221 2920/5135/5220
s 428
f 2929/5148/5231 2931/5149/5232 2930/5150/5233
f 2929/5148/5231 2930/5150/5233 2932/5151/5234
s 429
f 2930/5152/5235 2931/5153/5236 2920/5135/5237 2917/5134/5238
f 2931/5153/5236 2933/5154/5239 2927/5147/5240 2920/5135/5237
f 2934/5155/5241 2926/5143/5242 2927/5147/5240 2933/5154/5239
f 2923/5144/5243 2926/5143/5242 2934/5155/5241 2935/5156/5244
f 2935/5157/5244 2932/5158/5245 2921/5139/5246 2923/5141/5243
f 2930/5152/5235 2917/5134/5238 2921/5139/5246 2932/5158/5245
s 428
f 2934/5159/5247 2933/5160/5248 2929/5148/5231
f 2934/5159/5247 2929/5148/5231 2935/5161/5249
f 2929/5148/5231 2932/5151/5234 2935/5161/5249
f 2933/5160/5248 2931/5149/5232 2929/5148/5231
s 430
f 2936/5162/5250 2939/5163/5251 2938/5164/5252 2937/5165/5253
f 2936/5162/5250 2937/5165/5253 2941/5166/5254 2940/5167/5255
f 2940/5167/5255 2941/5166/5254 2943/5168/5256 2942/5169/5257
f 2944/5170/5258 2942/5169/5257 2943/5168/5256 2945/5171/5259
f 2944/5170/5258 2945/5171/5259 2947/5172/5260 2946/5173/5261
f 2946/5174/5261 2947/5175/5260 2938/5164/5252 2939/5163/5251
s 431
f 2948/5176/5262 2951/5177/5263 2950/5178/5264 2949/5179/5265
f 2952/5180/5266 2953/5181/5267 2950/5178/5264 2951/5177/5263
f 2954/5182/5268 2955/5183/5269 2953/5184/5267 2952/5185/5266
f 2954/5182/5268 2957/5186/5270 2956/5187/5271 2955/5183/5269
f 2958/5188/5272 2959/5189/5273 2956/5187/5271 2957/5186/5270
f 2948/5176/5262 2949/5179/5265 2959/5189/5273 2958/5188/5272
s 432
f 2960/5190/5274 2963/5191/5275 2962/5192/5276 2961/5193/5277
f 2964/5194/5278 2965/5195/5279 2962/5192/5276 2963/5191/5275
f 2966/5196/5280 2967/5197/5281 2965/5198/5279 2964/5199/5278
f 2966/5196/5280 2969/5200/5282 2968/5201/5283 2967/5197/5281
f 2970/5202/5284 2971/5203/5285 2968/5201/5283 2969/5200/5282
f 2960/5190/5274 2961/5193/5277 2971/5203/5285 2970/5202/5284
s 433
f 2950/5178/5286 2963/5191/5287 2960/5190/5288 2949/5179/5289
f 2953/5181/5290 2964/5194/5291 2963/5191/5287 2950/5178/5286
f 2955/5183/5292 2966/5196/5293 2964/5199/5291 2953/5184/5290
f 2956/5187/5294 2969/5200/5295 2966/5196/5293 2955/5183/5292
f 2959/5189/5296 2970/5202/5297 2969/5200/5295 2956/5187/5294
f 2949/5179/5289 2960/5190/5288 2970/5202/5297 2959/5189/5296
s 434
f 2962/5192/5298 2939/5163/5299 2936/5162/5300 2961/5193/5301
f 2965/5195/5302 2946/5174/5303 2939/5163/5299 2962/5192/5298
f 2967/5197/5304 2944/5170/5305 2946/5173/5303 2965/5198/5302
f 2968/5201/5306 2942/5169/5307 2944/5170/5305 2967/5197/5304
f 2971/5203/5308 2940/5167/5309 2942/5169/5307 2968/5201/5306
f 2961/5193/5301 2936/5162/5300 2940/5167/5309 2971/5203/5308
s 435
f 2918/5204/5310 2919/5205/5311 2951/5177/5312 2948/5176/5313
f 2919/5205/5311 2928/5206/5314 2952/5180/5315 2951/5177/5312
f 2928/5207/5314 2925/5208/5316 2954/5182/5317 2952/5185/5315
f 2925/5208/5316 2924/5209/5318 2957/5186/5319 2954/5182/5317
f 2924/5209/5318 2922/5210/5320 2958/5188/5321 2957/5186/5319
f 2922/5210/5320 2918/5204/5310 2948/5176/5313 2958/5188/5321
s 436
f 2972/5211/5322 2975/5212/5323 2974/5213/5324 2973/5214/5325
f 2972/5211/5322 2973/5214/5325 2977/5215/5326 2976/5216/5327
f 2976/5216/5327 2977/5215/5326 2979/5217/5328 2978/5218/5329
f 2980/5219/5330 2978/5218/5329 2979/5217/5328 2981/5220/5331
f 2980/5219/5330 2981/5220/5331 2983/5221/5332 2982/5222/5333
f 2982/5223/5333 2983/5224/5332 2974/5213/5324 2975/5212/5323
s 437
f 2984/5225/5334 2987/5226/5335 2986/5227/5336 2985/5228/5337
f 2988/5229/5338 2989/5230/5339 2986/5227/5336 2987/5226/5335
f 2990/5231/5340 2991/5232/5341 2989/5233/5339 2988/5234/5338
f 2990/5231/5340 2993/5235/5342 2992/5236/5343 2991/5232/5341
f 2994/5237/5344 2995/5238/5345 2992/5236/5343 2993/5235/5342
f 2984/5225/5334 2985/5228/5337 2995/5238/5345 2994/5237/5344
s 438
f 2996/5239/5346 2999/5240/5347 2998/5241/5348 2997/5242/5349
f 3000/5243/5350 3001/5244/5351 2998/5241/5348 2999/5240/5347
f 3002/5245/5352 3003/5246/5353 3001/5247/5351 3000/5248/5350
f 3002/5245/5352 3005/5249/5354 3004/5250/5355 3003/5246/5353
f 3006/5251/5356 3007/5252/5357 3004/5250/5355 3005/5249/5354
f 2996/5239/5346 2997/5242/5349 3007/5252/5357 3006/5251/5356
s 439
f 2986/5227/5358 2999/5240/5359 2996/5239/5360 2985/5228/5361
f 2989/5230/5362 3000/5243/5363 2999/5240/5359 2986/5227/5358
f 2991/5232/5364 3002/5245/5365 3000/5248/5363 2989/5233/5362
f 2992/5236/5366 3005/5249/5367 3002/5245/5365 2991/5232/5364
f 2995/5238/5368 3006/5251/5369 3005/5249/5367 2992/5236/5366
f 2985/5228/5361 2996/5239/5360 3006/5251/5369 2995/5238/5368
s 440
f 2998/5241/5370 2975/5212/5371 2972/5211/5372 2997/5242/5373
f 3001/5244/5374 2982/5223/5375 2975/5212/5371 2998/5241/5370
f 3003/5246/5376 2980/5219/5377 2982/5222/5375 3001/5247/5374
f 3004/5250/5378 2978/5218/5379 2980/5219/5377 3003/5246/5376
f 3007/5252/5380 2976/5216/5381 2978/5218/5379 3004/5250/5378
f 2997/5242/5373 2972/5211/5372 2976/5216/5381 3007/5252/5380
s 441
f 2937/5253/5382 2938/5254/5383 2987/5226/5384 2984/5225/5385
f 2938/5254/5383 2947/5255/5386 2988/5229/5387 2987/5226/5384
f 2947/5256/5386 2945/5257/5388 2990/5231/5389 2988/5234/5387
f 2945/5257/5388 2943/5258/5390 2993/5235/5391 2990/5231/5389
f 2943/5258/5390 2941/5259/5392 2994/5237/5393 2993/5235/5391
f 2941/5259/5392 2937/5253/5382 2984/5225/5385 2994/5237/5393
s 442
f 3014/5260/5394 3015/5261/5395 3008/5262/5396 3012/5263/5397
f 3014/5260/5394 3012/5263/5397 3010/5264/5398 3016/5265/5399
f 3016/5265/5399 3010/5264/5398 3011/5266/5400 3017/5267/5401
f 3018/5268/5402 3017/5267/5401 3011/5266/5400 3013/5269/5403
f 3018/5268/5402 3013/5269/5403 3009/5270/5404 3019/5271/5405
f 3019/5272/5405 3009/5273/5404 3008/5262/5396 3015/5261/5395
s 443
f 3020/5274/5406 3023/5275/5407 3022/5276/5408 3021/5277/5409
f 3024/5278/5410 3025/5279/5411 3022/5276/5408 3023/5275/5407
f 3026/5280/5412 3027/5281/5413 3025/5282/5411 3024/5283/5410
f 3026/5280/5412 3029/5284/5414 3028/5285/5415 3027/5281/5413
f 3030/5286/5416 3031/5287/5417 3028/5285/5415 3029/5284/5414
f 3020/5274/5406 3021/5277/5409 3031/5287/5417 3030/5286/5416
s 444
f 3032/5288/5418 3035/5289/5419 3034/5290/5420 3033/5291/5421
f 3036/5292/5422 3037/5293/5423 3034/5290/5420 3035/5289/5419
f 3038/5294/5424 3039/5295/5425 3037/5296/5423 3036/5297/5422
f 3038/5294/5424 3041/5298/5426 3040/5299/5427 3039/5295/5425
f 3042/5300/5428 3043/5301/5429 3040/5299/5427 3041/5298/5426
f 3032/5288/5418 3033/5291/5421 3043/5301/5429 3042/5300/5428
s 445
f 3022/5276/5430 3035/5289/5431 3032/5288/5432 3021/5277/5433
f 3025/5279/5434 3036/5292/5435 3035/5289/5431 3022/5276/5430
f 3027/5281/5436 3038/5294/5437 3036/5297/5435 3025/5282/5434
f 3028/5285/5438 3041/5298/5439 3038/5294/5437 3027/5281/5436
f 3031/5287/5440 3042/5300/5441 3041/5298/5439 3028/5285/5438
f 3021/5277/5433 3032/5288/5432 3042/5300/5441 3031/5287/5440
s 446
f 3034/5290/5442 3015/5261/5443 3014/5260/5444 3033/5291/5445
f 3037/5293/5446 3019/5272/5447 3015/5261/5443 3034/5290/5442
f 3039/5295/5448 3018/5268/5449 3019/5271/5447 3037/5296/5446
f 3040/5299/5450 3017/5267/5451 3018/5268/5449 3039/5295/5448
f 3043/5301/5452 3016/5265/5453 3017/5267/5451 3040/5299/5450
f 3033/5291/5445 3014/5260/5444 3016/5265/5453 3043/5301/5452
s 447
f 2973/5302/5454 2974/5303/5455 3023/5275/5456 3020/5274/5457
f 2974/5303/5455 2983/5304/5458 3024/5278/5459 3023/5275/5456
f 2983/5305/5458 2981/5306/5460 3026/5280/5461 3024/5283/5459
f 2981/5306/5460 2979/5307/5462 3029/5284/5463 3026/5280/5461
f 2979/5307/5462 2977/5308/5464 3030/5286/5465 3029/5284/5463
f 2977/5308/5464 2973/5302/5454 3020/5274/5457 3030/5286/5465
s 448
f 3044/5309/5466 3047/5310/5467 3046/5311/5468 3045/5312/5469
f 3044/5309/5466 3045/5312/5469 3049/5313/5470 3048/5314/5471
f 3048/5314/5471 3049/5313/5470 3051/5315/5472 3050/5316/5473
f 3052/5317/5474 3050/5316/5473 3051/5315/5472 3053/5318/5475
f 3052/5317/5474 3053/5318/5475 3055/5319/5476 3054/5320/5477
f 3054/5321/5477 3055/5322/5476 3046/5311/5468 3047/5310/5467
s 449
f 3056/5323/5478 3059/5324/5479 3058/5325/5480 3057/5326/5481
f 3060/5327/5482 3061/5328/5483 3058/5325/5480 3059/5324/5479
f 3062/5329/5484 3063/5330/5485 3061/5331/5483 3060/5332/5482
f 3062/5329/5484 3065/5333/5486 3064/5334/5487 3063/5330/5485
f 3066/5335/5488 3067/5336/5489 3064/5334/5487 3065/5333/5486
f 3056/5323/5478 3057/5326/5481 3067/5336/5489 3066/5335/5488
s 450
f 3068/5337/5490 3071/5338/5491 3070/5339/5492 3069/5340/5493
f 3072/5341/5494 3073/5342/5495 3070/5339/5492 3071/5338/5491
f 3074/5343/5496 3075/5344/5497 3073/5345/5495 3072/5346/5494
f 3074/5343/5496 3077/5347/5498 3076/5348/5499 3075/5344/5497
f 3078/5349/5500 3079/5350/5501 3076/5348/5499 3077/5347/5498
f 3068/5337/5490 3069/5340/5493 3079/5350/5501 3078/5349/5500
s 451
f 3058/5325/5502 3071/5338/5503 3068/5337/5504 3057/5326/5505
f 3061/5328/5506 3072/5341/5507 3071/5338/5503 3058/5325/5502
f 3063/5330/5508 3074/5343/5509 3072/5346/5507 3061/5331/5506
f 3064/5334/5510 3077/5347/5511 3074/5343/5509 3063/5330/5508
f 3067/5336/5512 3078/5349/5513 3077/5347/5511 3064/5334/5510
f 3057/5326/5505 3068/5337/5504 3078/5349/5513 3067/5336/5512
s 452
f 3070/5339/5514 3047/5310/5515 3044/5309/5516 3069/5340/5517
f 3073/5342/5518 3054/5321/5519 3047/5310/5515 3070/5339/5514
f 3075/5344/5520 3052/5317/5521 3054/5320/5519 3073/5345/5518
f 3076/5348/5522 3050/5316/5523 3052/5317/5521 3075/5344/5520
f 3079/5350/5524 3048/5314/5525 3050/5316/5523 3076/5348/5522
f 3069/5340/5517 3044/5309/5516 3048/5314/5525 3079/5350/5524
s 453
f 3080/5351/5526 3081/5352/5527 3010/5353/5528 3012/5263/5529
f 3080/5351/5526 3012/5263/5529 3008/5354/5530 3082/5355/5531
f 3082/5355/5531 3008/5354/5530 3009/5356/5532 3083/5357/5533
f 3084/5358/5534 3083/5357/5533 3009/5356/5532 3013/5269/5535
f 3084/5358/5534 3013/5269/5535 3011/5359/5536 3085/5360/5537
f 3085/5361/5537 3011/5362/5536 3010/5353/5528 3081/5352/5527
s 454
f 3086/5363/5538 3089/5364/5539 3088/5365/5540 3087/5366/5541
f 3090/5367/5542 3091/5368/5543 3088/5365/5540 3089/5364/5539
f 3092/5369/5544 3093/5370/5545 3091/5371/5543 3090/5372/5542
f 3092/5369/5544 3095/5373/5546 3094/5374/5547 3093/5370/5545
f 3096/5375/5548 3097/5376/5549 3094/5374/5547 3095/5373/5546
f 3086/5363/5538 3087/5366/5541 3097/5376/5549 3096/5375/5548
s 455
f 3098/5377/5550 3101/5378/5551 3100/5379/5552 3099/5380/5553
f 3102/5381/5554 3103/5382/5555 3100/5379/5552 3101/5378/5551
f 3104/5383/5556 3105/5384/5557 3103/5385/5555 3102/5386/5554
f 3104/5383/5556 3107/5387/5558 3106/5388/5559 3105/5384/5557
f 3108/5389/5560 3109/5390/5561 3106/5388/5559 3107/5387/5558
f 3098/5377/5550 3099/5380/5553 3109/5390/5561 3108/5389/5560
s 456
f 3088/5365/5562 3101/5378/5563 3098/5377/5564 3087/5366/5565
f 3091/5368/5566 3102/5381/5567 3101/5378/5563 3088/5365/5562
f 3093/5370/5568 3104/5383/5569 3102/5386/5567 3091/5371/5566
f 3094/5374/5570 3107/5387/5571 3104/5383/5569 3093/5370/5568
f 3097/5376/5572 3108/5389/5573 3107/5387/5571 3094/5374/5570
f 3087/5366/5565 3098/5377/5564 3108/5389/5573 3097/5376/5572
s 457
f 3100/5379/5574 3081/5352/5575 3080/5351/5576 3099/5380/5577
f 3103/5382/5578 3085/5361/5579 3081/5352/5575 3100/5379/5574
f 3105/5384/5580 3084/5358/5581 3085/5360/5579 3103/5385/5578
f 3106/5388/5582 3083/5357/5583 3084/5358/5581 3105/5384/5580
f 3109/5390/5584 3082/5355/5585 3083/5357/5583 3106/5388/5582
f 3099/5380/5577 3080/5351/5576 3082/5355/5585 3109/5390/5584
s 458
f 3045/5391/5586 3046/5392/5587 3089/5364/5588 3086/5363/5589
f 3046/5392/5587 3055/5393/5590 3090/5367/5591 3089/5364/5588
f 3055/5394/5590 3053/5395/5592 3092/5369/5593 3090/5372/5591
f 3053/5395/5592 3051/5396/5594 3095/5373/5595 3092/5369/5593
f 3051/5396/5594 3049/5397/5596 3096/5375/5597 3095/5373/5595
f 3049/5397/5596 3045/5391/5586 3086/5363/5589 3096/5375/5597
