# This file uses centimeters as units for non-parametric coordinates.

g default
v -91.870102 0.737942 -3.604746
v -91.879105 0.991053 -2.875246
v -91.871017 0.764530 -3.608599
v -91.888611 1.270886 -2.166777
v -91.900650 1.617798 -1.468699
v -91.866623 0.637797 -4.355162
v -91.864639 0.580720 -4.347940
v -91.918411 2.129100 -0.743479
v -91.938995 2.721455 -0.075258
v -91.871017 0.764530 3.602266
v -91.878723 0.985960 2.872732
v -91.888611 1.270909 2.160448
v -91.901031 1.628280 1.453150
v -91.866623 0.637797 4.348829
v -91.864639 0.580720 4.341604
v -91.870117 0.737941 3.597715
v -91.918854 2.141488 0.734850
v -91.938919 2.719594 0.072882
v -88.176453 0.777496 0.240191
v -88.923889 1.009407 0.240191
v -89.653427 1.300846 0.240191
v -88.905289 1.103576 0.334826
v -88.161636 0.872670 0.334826
v -88.924286 1.015717 0.429903
v -88.176697 0.784386 0.429903
v -88.930939 1.032060 0.919291
v -88.182861 0.802200 0.919291
v -89.630386 1.392894 0.334826
v -89.653824 1.306226 0.429903
v -89.660187 1.319943 0.919291
v -87.433136 0.598345 0.464678
v -88.180161 0.729047 0.429903
v -88.191193 0.690129 0.340448
v -87.445709 0.488857 0.342470
v -87.426254 0.654952 0.464678
v -87.431870 0.670830 0.884523
v -87.438736 0.614599 0.884523
v -88.186340 0.747290 0.919291
v -87.313934 0.577950 0.470896
v -87.326447 0.463330 0.342806
v -87.426193 0.645165 0.205423
v -87.413452 0.754722 0.334467
v -87.298889 0.601081 0.336679
v -87.307007 0.627732 0.199877
v -87.294312 0.742395 0.334383
v -87.307022 0.638010 0.470896
v -87.313919 0.567411 0.199877
v -87.433075 0.588320 0.205423
v -88.179733 0.721947 0.240191
v -89.747543 0.820728 3.590631
v -89.845917 2.236462 0.741884
v -89.887512 2.835163 0.083040
v -89.808929 1.704046 1.432154
v -89.649536 2.847574 0.097818
v -89.605469 2.247973 0.754961
v -89.565887 1.709532 1.443682
v -89.500839 1.626509 1.407770
v -89.541000 2.165805 0.713434
v -89.469254 2.169061 0.713434
v -89.428329 1.628317 1.407770
v -89.422134 2.231635 0.742685
v -89.380630 1.689372 1.433069
v -89.516632 2.338449 0.796869
v -89.476089 1.798313 1.479914
v -89.382538 1.714433 1.443682
v -89.424072 2.256893 0.754961
v -89.586456 2.776459 0.050928
v -89.515610 2.781625 0.050928
v -89.468613 2.838832 0.083963
v -89.561142 2.930929 0.145136
v -89.470337 2.861259 0.097818
v -89.740662 0.721026 4.342096
v -89.749420 0.847198 3.595530
v -89.736694 0.664201 4.334871
v -89.764725 1.067649 2.865992
v -89.784363 1.350267 2.153711
v -89.540054 1.358068 2.163179
v -89.521637 1.083845 2.871843
v -89.505722 0.872698 3.600161
v -89.434204 1.181776 2.893427
v -89.419235 0.980209 3.614954
v -89.324234 0.903961 3.597780
v -89.309753 1.131239 2.875536
v -89.364014 0.967246 2.836306
v -89.466858 0.958776 2.837351
v -89.474457 1.272601 2.133104
v -89.401505 1.273869 2.133104
v -89.304443 1.075635 2.861551
v -89.353577 1.335951 2.154284
v -89.355545 1.361609 2.163179
v -89.449707 1.447264 2.193514
v -89.524658 0.690451 4.339838
v -89.501083 0.817958 3.595469
v -89.405548 0.798098 3.582956
v -89.385788 0.617129 4.331087
v -89.321365 0.877154 3.593309
v -89.269150 0.753284 4.354059
v -89.529114 0.669459 4.459352
v -89.382874 0.594332 4.452166
v -89.262802 0.739889 4.463083
v -89.278870 0.811512 4.346598
v -89.409149 0.886286 4.356379
v -89.398087 0.736718 4.452044
v -89.407974 0.877552 4.475092
v -89.534149 0.729865 4.465708
v -89.270950 0.800826 4.466669
v -89.529465 0.747261 4.346422
v -88.646713 1.005737 3.588999
v -88.215179 1.057980 3.575914
v -88.637466 1.097385 3.162966
v -88.763016 1.203109 3.045870
v -88.758423 1.083688 3.599718
v -88.845612 1.112820 2.959505
v -88.853836 0.990350 3.593439
v -88.958359 1.110792 2.848719
v -89.334610 1.253855 2.493349
v -88.843964 0.854681 4.346430
v -88.826385 0.923448 3.590471
v -88.727600 0.900777 3.580629
v -88.693787 0.778462 4.349039
v -88.854645 0.912032 4.346788
v -89.314240 0.849604 3.594027
v -88.846512 0.843103 4.468691
v -88.687790 0.765101 4.474077
v -88.596039 0.971414 4.346964
v -88.752060 1.046560 4.345308
v -88.717133 0.905798 4.481424
v -88.751328 1.046820 4.464762
v -88.858215 0.904049 4.468042
v -88.586594 0.969975 4.469011
v -88.572662 0.909116 4.472414
v -88.583496 0.914120 4.348955
v -87.988373 0.934361 4.367136
v -88.152527 1.010407 4.353098
v -88.212921 1.009750 3.576204
v -88.024109 0.981859 3.761019
v -88.168121 1.067609 4.347246
v -88.152878 1.008136 4.478083
v -87.978714 0.930390 4.496157
v -87.906174 1.125253 4.347422
v -87.944473 1.109251 3.843264
v -88.078857 1.184346 3.714228
v -88.072464 1.201243 4.334192
v -88.151840 1.074952 3.638750
v -88.024246 1.070653 4.487574
v -88.071198 1.210585 4.454378
v -88.170212 1.068876 4.470476
v -87.894897 1.132866 4.471437
v -87.875305 1.072198 4.481813
v -87.888702 1.068098 4.355623
v -87.417633 1.167979 4.359430
v -87.432388 1.226602 4.345827
v -88.637924 0.950762 3.589312
v -87.929138 1.053913 3.856630
v -88.939575 1.094850 2.471292
v -88.197083 0.978478 2.941133
v -88.189240 0.888477 2.472452
v -88.919022 1.175672 2.373064
v -88.173737 0.961911 2.373079
v -88.185577 0.858360 2.285898
v -88.931564 1.092369 2.268534
v -89.446686 1.383214 2.385889
v -89.531265 1.308139 2.290804
v -89.661957 1.344630 1.791964
v -89.675949 1.337011 2.145044
v -88.932831 1.061089 1.791964
v -88.183990 0.833896 1.791964
v -88.913696 1.146911 1.695520
v -88.168869 0.920132 1.695520
v -88.183731 0.827031 1.602938
v -88.932419 1.054801 1.602938
v -89.638397 1.429743 1.695520
v -89.661560 1.339283 1.602938
v -89.660568 1.325292 1.108316
v -88.931335 1.038348 1.108316
v -88.183105 0.809065 1.108316
v -88.912277 1.125039 1.007540
v -88.168030 0.896160 1.007540
v -89.637054 1.411058 1.007540
v -87.438812 0.624595 1.143084
v -88.186447 0.754281 1.108316
v -88.197678 0.715392 1.008280
v -87.451401 0.515638 1.006083
v -87.319458 0.604354 1.149324
v -87.331970 0.490280 1.005701
v -87.319443 0.593812 0.878298
v -87.419098 0.778952 1.005014
v -87.304382 0.627073 1.012522
v -87.299866 0.766675 1.004580
v -87.312531 0.663766 1.149324
v -87.312515 0.653486 0.878298
v -87.431915 0.680595 1.143084
v -87.438980 0.651031 1.826731
v -88.187378 0.779718 1.791964
v -88.198608 0.741621 1.702448
v -87.451584 0.543825 1.704676
v -88.187119 0.772685 1.602938
v -87.438919 0.641034 1.568171
v -87.319504 0.630944 1.832972
v -87.332016 0.518711 1.705095
v -87.319473 0.620402 1.561945
v -87.432007 0.696644 1.568171
v -87.419235 0.803842 1.694834
v -87.304398 0.653345 1.696169
v -87.299881 0.791640 1.694727
v -87.312561 0.689696 1.832972
v -87.312546 0.679416 1.561945
v -87.432068 0.706409 1.826731
v -87.436646 0.732695 2.513140
v -88.191132 0.834536 2.473879
v -88.200745 0.785526 2.384745
v -87.447754 0.601511 2.391283
v -88.188660 0.804543 2.286211
v -87.438919 0.671081 2.252001
v -87.315536 0.717492 2.520594
v -87.326965 0.578567 2.392557
v -87.319351 0.649507 2.245760
v -87.432175 0.726100 2.251833
v -87.421951 0.857170 2.372171
v -87.303101 0.710886 2.381159
v -87.302185 0.846699 2.372026
v -87.311615 0.776083 2.517641
v -87.312531 0.707882 2.245638
v -87.432373 0.787930 2.510576
v -87.432678 0.889284 2.934740
v -87.432922 0.833690 2.941248
v -88.197800 0.912863 2.963739
v -88.202438 0.997224 3.145960
v -88.194138 1.072296 3.040895
v -87.430618 0.895287 3.202394
v -88.200150 0.942834 3.151415
v -88.207031 0.891579 3.056795
v -87.430176 0.760340 3.080256
v -87.305847 0.888629 3.212610
v -87.304611 0.745697 3.084848
v -87.309723 0.820670 2.937777
v -87.434708 1.021868 3.044901
v -87.296738 0.883148 3.069872
v -87.310196 0.879604 2.930544
v -87.313354 1.019938 3.045588
v -87.432877 0.951113 3.193483
v -87.309250 0.947799 3.202555
v -87.424469 1.058120 3.892862
v -87.411819 0.923889 3.790262
v -87.426804 0.996538 3.631708
v -87.296005 1.060001 3.905870
v -87.281219 0.918021 3.799334
v -87.299927 0.992070 3.631029
v -87.447601 1.186722 3.717920
v -87.433167 1.052753 3.618853
v -87.290298 1.055671 3.759798
v -87.324707 1.193329 3.719431
v -87.306839 1.119804 3.888689
v -87.307800 1.051616 3.616671
v -87.433365 1.114583 3.877611
v -90.040817 1.341897 2.163187
v -90.063995 1.697229 1.443689
v -90.022369 1.058939 2.873583
v -90.007980 0.838529 3.601473
v -90.130142 1.157794 2.897837
v -90.116272 0.939377 3.619501
v -90.216675 1.050062 2.873583
v -90.203033 0.829859 3.601473
v -90.725510 1.027080 2.873583
v -90.713730 0.807455 3.601473
v -90.148026 1.438985 2.193529
v -90.234222 1.332927 2.163187
v -90.740692 1.309660 2.163202
v -90.170563 1.793652 1.479921
v -90.256348 1.689301 1.443689
v -90.759949 1.668664 1.443689
v -90.833344 1.125608 2.897837
v -90.822037 0.907983 3.619501
v -90.920044 1.018393 2.873583
v -90.908981 0.798997 3.601473
v -91.429581 0.999318 2.873583
v -91.420319 0.779204 3.601473
v -90.847916 1.406118 2.193529
v -90.934311 1.300848 2.163187
v -91.441528 1.283139 2.163187
v -90.866486 1.763383 1.479921
v -90.952484 1.660816 1.443689
v -91.456879 1.647766 1.443689
v -91.532196 1.099730 2.897837
v -91.523346 0.881162 3.619501
v -91.624435 0.993095 2.873583
v -91.615845 0.772308 3.601473
v -91.543610 1.381782 2.193529
v -91.635529 1.277963 2.163187
v -91.558319 1.744748 1.479921
v -91.649796 1.645039 1.443689
v -91.644791 0.587623 4.339159
v -91.613708 0.717425 3.596033
v -91.521118 0.677160 3.583605
v -91.515976 0.478870 4.325830
v -91.646973 0.644700 4.346376
v -91.650452 0.566930 4.458483
v -91.515427 0.453279 4.445749
v -91.378998 0.654668 4.346376
v -91.519119 0.769424 4.359713
v -91.512314 0.600849 4.473589
v -91.518677 0.757812 4.478228
v -91.652771 0.627645 4.465479
v -91.371796 0.638168 4.465479
v -91.369202 0.577723 4.458483
v -91.376556 0.597832 4.339159
v -90.935837 0.615330 4.339159
v -90.906235 0.744424 3.596193
v -90.812836 0.705019 3.583620
v -90.805252 0.507604 4.325830
v -90.938660 0.672004 4.346376
v -91.418015 0.724453 3.596193
v -90.941269 0.594760 4.458483
v -90.804382 0.482127 4.445742
v -90.670975 0.683394 4.346376
v -90.818344 0.796644 4.359713
v -90.803604 0.629050 4.473581
v -90.818100 0.785065 4.478220
v -90.944260 0.655037 4.465479
v -90.663620 0.666950 4.465479
v -90.660355 0.606584 4.458483
v -90.667892 0.626639 4.339159
v -90.227676 0.645485 4.339159
v -90.199631 0.775089 3.596209
v -90.104446 0.735688 3.583605
v -90.093979 0.537575 4.325830
v -90.231171 0.702366 4.346376
v -90.710800 0.752825 3.596209
v -90.232895 0.624832 4.458483
v -90.092712 0.512011 4.445749
v -89.963791 0.714060 4.346384
v -90.110764 0.827655 4.359713
v -90.095718 0.659388 4.473589
v -90.110291 0.816040 4.478228
v -90.236588 0.685329 4.465487
v -89.956253 0.697565 4.465479
v -89.952255 0.636981 4.458483
v -89.960037 0.657102 4.339167
v -90.004410 0.783704 3.596209
v -90.136810 2.813565 0.097841
v -90.098114 2.220220 0.754976
v -90.203156 2.306188 0.796869
v -90.288651 2.209954 0.754976
v -90.787552 2.183164 0.754969
v -90.240494 2.893962 0.145136
v -90.325180 2.799136 0.097841
v -90.818588 2.761369 0.097841
v -90.892639 2.266444 0.796869
v -90.978333 2.172955 0.754969
v -91.478363 2.158094 0.754969
v -90.922394 2.838953 0.145136
v -91.007294 2.746940 0.097841
v -91.502289 2.726134 0.097841
v -91.578522 2.244132 0.796869
v -91.669693 2.156025 0.754969
v -91.601364 2.808234 0.145136
v -91.691742 2.723356 0.097826
v -88.176682 0.784122 -0.444143
v -88.924271 1.015474 -0.444143
v -88.905273 1.103335 -0.348806
v -88.161621 0.872407 -0.348806
v -88.923874 1.009187 -0.255125
v -88.176453 0.777256 -0.255125
v -89.653809 1.306019 -0.444143
v -89.630371 1.392687 -0.348806
v -89.653427 1.300657 -0.255125
v -87.433075 0.588067 -0.220358
v -88.179718 0.721702 -0.255125
v -88.191177 0.689577 -0.347372
v -87.445709 0.488153 -0.346540
v -87.426193 0.644915 -0.220358
v -87.313919 0.567128 -0.214132
v -87.326447 0.462601 -0.346411
v -87.426239 0.654678 -0.478918
v -87.413452 0.754455 -0.348600
v -87.298889 0.600703 -0.348356
v -87.294312 0.742130 -0.348577
v -87.307007 0.627456 -0.214132
v -87.307022 0.637735 -0.485151
v -87.313934 0.577668 -0.485151
v -87.433121 0.598062 -0.478918
v -89.305740 1.131610 -2.897001
v -89.329681 1.259835 -2.514723
v -88.958359 1.110800 -2.870344
v -88.853836 0.990359 -3.615072
v -89.320190 0.904663 -3.619253
v -89.274811 0.812563 -4.368139
v -88.854645 0.912041 -4.368414
v -89.267349 0.755249 -4.363928
v -88.843964 0.854690 -4.368063
v -88.826385 0.923458 -3.612097
v -89.314240 0.849608 -3.615667
v -88.637466 1.097398 -3.184599
v -88.215179 1.057996 -3.597540
v -88.646713 1.005749 -3.610640
v -88.761261 1.203014 -3.069235
v -88.756821 1.083935 -3.621313
v -88.845612 1.112829 -2.981138
v -88.583496 0.914132 -4.370581
v -88.637924 0.950775 -3.610952
v -88.728836 0.900608 -3.602255
v -88.695587 0.778064 -4.370619
v -88.572662 0.909128 -4.494040
v -88.689697 0.764658 -4.495642
v -88.846512 0.843112 -4.490316
v -88.749741 1.047109 -4.366903
v -88.717133 0.905809 -4.503065
v -88.748886 1.047430 -4.486349
v -88.586594 0.969988 -4.490637
v -88.858215 0.904058 -4.489676
v -88.596039 0.971426 -4.368589
v -87.888702 1.068118 -4.377256
v -87.929138 1.053935 -3.878271
v -88.027283 0.981656 -3.779531
v -87.992386 0.933514 -4.388670
v -88.152527 1.010424 -4.374731
v -88.212921 1.009768 -3.597853
v -87.875305 1.072218 -4.503439
v -87.982910 0.929442 -4.517660
v -88.152863 1.008152 -4.499716
v -88.075226 1.200645 -4.355871
v -88.168121 1.067626 -4.368879
v -88.151840 1.074971 -3.660383
v -88.080917 1.183985 -3.733831
v -88.024246 1.070673 -4.509214
v -88.074112 1.209916 -4.476049
v -87.894882 1.132886 -4.493071
v -88.170212 1.068892 -4.492109
v -87.906174 1.125273 -4.369055
v -87.944473 1.109274 -3.864904
v -87.432388 1.226628 -4.367453
v -87.417633 1.168005 -4.381071
v -88.189240 0.888494 -2.494078
v -88.939575 1.094858 -2.492926
v -88.919022 1.175672 -2.394583
v -88.173767 0.961911 -2.394606
v -88.931564 1.092378 -2.290174
v -88.185577 0.858377 -2.307524
v -88.183990 0.833900 -1.813589
v -88.932831 1.061092 -1.813589
v -89.446671 1.383103 -2.407866
v -89.531265 1.308140 -2.312429
v -89.675949 1.337013 -2.166677
v -89.661957 1.344633 -1.813589
v -88.913696 1.147035 -1.720945
v -88.168884 0.920268 -1.720945
v -88.932419 1.054805 -1.624571
v -88.183731 0.827034 -1.624571
v -88.183105 0.809069 -1.129942
v -88.931335 1.038351 -1.129942
v -89.638412 1.429850 -1.720945
v -89.661560 1.339286 -1.624571
v -89.660568 1.325295 -1.129942
v -88.912292 1.125243 -1.035490
v -88.168045 0.896384 -1.035490
v -88.930939 1.032064 -0.940924
v -88.182861 0.802204 -0.940924
v -89.637070 1.411232 -1.035490
v -89.660187 1.319946 -0.940924
v -87.438751 0.614603 -0.906157
v -88.186340 0.747293 -0.940924
v -88.197678 0.715475 -1.032011
v -87.451401 0.515762 -1.030684
v -87.431870 0.670835 -0.906157
v -88.179977 0.728734 -0.444143
v -87.319443 0.593816 -0.899939
v -87.331970 0.490412 -1.030478
v -87.431915 0.680599 -1.164724
v -87.419098 0.779280 -1.035627
v -87.304382 0.627077 -1.034155
v -87.299866 0.767021 -1.035681
v -87.312515 0.653490 -0.899939
v -87.312531 0.663770 -1.170958
v -87.319458 0.604358 -1.170958
v -87.438812 0.624599 -1.164724
v -87.438919 0.641038 -1.589804
v -88.187119 0.772689 -1.624571
v -88.198593 0.741459 -1.719702
v -87.451584 0.543579 -1.720091
v -87.432007 0.696648 -1.589804
v -88.186447 0.754284 -1.129942
v -87.319473 0.620407 -1.583586
v -87.332016 0.518449 -1.720175
v -87.432068 0.706413 -1.848379
v -87.419235 0.804040 -1.721869
v -87.304398 0.653349 -1.717802
v -87.299881 0.791850 -1.722044
v -87.312546 0.679421 -1.583586
v -87.312561 0.689700 -1.854612
v -87.319504 0.630948 -1.854612
v -87.438980 0.651036 -1.848379
v -87.438919 0.671108 -2.273634
v -88.188660 0.804559 -2.307844
v -88.200668 0.784240 -2.398123
v -87.448059 0.598744 -2.400808
v -87.432175 0.726127 -2.273466
v -88.187378 0.779722 -1.813589
v -87.319351 0.649533 -2.267393
v -87.327377 0.575496 -2.401373
v -87.432373 0.787958 -2.532225
v -87.421951 0.857160 -2.393660
v -87.303085 0.710914 -2.402800
v -87.302170 0.846683 -2.393492
v -87.312531 0.707909 -2.267263
v -87.311600 0.776113 -2.539289
v -87.315521 0.717521 -2.542234
v -87.436646 0.732724 -2.534788
v -88.202438 0.997241 -3.167585
v -88.194199 1.072578 -3.064123
v -88.197083 0.978495 -2.962767
v -87.432922 0.833716 -2.962873
v -88.197800 0.912882 -2.985380
v -88.207047 0.891769 -3.079519
v -87.430130 0.760736 -3.103498
v -87.432678 0.889309 -2.956373
v -88.191132 0.834553 -2.495512
v -87.309723 0.820698 -2.959410
v -87.304550 0.746135 -3.108183
v -87.432877 0.951138 -3.215117
v -87.434769 1.022456 -3.068823
v -87.296738 0.883175 -3.091497
v -87.313400 1.020591 -3.069654
v -87.310196 0.879632 -2.952177
v -87.309250 0.947826 -3.224188
v -87.305847 0.888656 -3.234243
v -87.430618 0.895311 -3.224028
v -87.411926 0.922999 -3.807920
v -87.426788 0.996567 -3.653349
v -87.433167 1.052781 -3.640493
v -87.299927 0.992098 -3.652670
v -87.281342 0.917035 -3.816771
v -87.433365 1.114609 -3.899237
v -87.447586 1.186082 -3.736853
v -87.290298 1.055697 -3.781431
v -87.324661 1.192622 -3.738211
v -87.307800 1.051644 -3.638311
v -87.306839 1.119830 -3.910315
v -87.296005 1.060027 -3.927496
v -87.424469 1.058145 -3.914503
v -89.844070 2.209818 -0.736448
v -89.887756 2.838782 -0.065100
v -89.807480 1.683103 -1.483267
v -89.649811 2.851212 -0.079870
v -89.603500 2.221046 -0.749548
v -89.564362 1.688561 -1.494795
v -89.518356 2.311270 -0.791441
v -89.478210 1.776308 -1.531034
v -89.421997 2.229753 -0.749548
v -89.380936 1.693381 -1.494795
v -89.420059 2.204479 -0.737272
v -89.379013 1.668329 -1.484190
v -89.467194 2.141926 -0.708006
v -89.426727 1.607316 -1.458883
v -89.538971 2.138755 -0.708006
v -89.499283 1.605540 -1.458883
v -89.565109 2.934332 -0.127180
v -89.470612 2.864927 -0.079870
v -89.468903 2.842486 -0.066015
v -89.515884 2.785239 -0.032972
v -89.586731 2.780062 -0.032972
v -89.740662 0.721026 -4.361898
v -89.736694 0.664201 -4.354681
v -89.747559 0.820727 -3.611837
v -89.749420 0.847198 -3.615332
v -89.765884 1.077806 -2.878164
v -89.784348 1.350221 -2.173521
v -89.540054 1.358019 -2.182997
v -89.521637 1.083825 -2.891661
v -89.505722 0.872678 -3.619970
v -89.437912 1.181384 -2.913328
v -89.422897 0.979511 -3.634863
v -89.363998 0.967196 -2.856131
v -89.401505 1.273817 -2.152922
v -89.474457 1.272550 -2.152922
v -89.466858 0.958748 -2.857168
v -89.304428 1.075571 -2.881376
v -89.353577 1.335901 -2.174101
v -89.453506 1.447137 -2.213331
v -89.355545 1.361560 -2.182997
v -89.406525 0.797896 -3.602774
v -89.387238 0.616742 -4.350859
v -89.262817 0.739823 -4.482885
v -89.384430 0.593903 -4.471922
v -89.529465 0.747247 -4.366240
v -89.414383 0.884856 -4.376280
v -89.398071 0.736680 -4.471853
v -89.534149 0.729852 -4.485518
v -89.413467 0.875976 -4.495001
v -89.270950 0.800761 -4.486479
v -89.529114 0.669447 -4.479162
v -89.524673 0.690437 -4.359648
v -89.501083 0.817938 -3.615286
v -88.200150 0.942851 -3.173048
v -90.062637 1.676268 -1.494787
v -90.040817 1.341858 -2.182997
v -90.022369 1.058941 -2.893385
v -90.007980 0.838529 -3.621283
v -90.203033 0.829861 -3.621283
v -90.216675 1.050063 -2.893385
v -90.130066 1.157798 -2.917646
v -90.116180 0.939382 -3.639303
v -90.234222 1.332895 -2.182997
v -90.147934 1.438956 -2.213324
v -90.255035 1.668323 -1.494787
v -90.169113 1.772143 -1.531019
v -90.740692 1.309637 -2.182981
v -90.758820 1.647649 -1.494787
v -90.725510 1.027081 -2.893385
v -90.713730 0.807454 -3.621283
v -90.908981 0.798997 -3.621283
v -90.920044 1.018392 -2.893385
v -90.833252 1.125612 -2.917631
v -90.821945 0.907985 -3.639303
v -90.934311 1.300831 -2.182981
v -90.847839 1.406105 -2.213324
v -90.951416 1.639795 -1.494787
v -90.865311 1.742189 -1.531019
v -91.441528 1.283128 -2.182981
v -91.455994 1.626584 -1.494787
v -91.429581 0.999316 -2.893385
v -91.420319 0.779206 -3.621283
v -91.615845 0.772306 -3.621283
v -91.624435 0.993095 -2.893385
v -91.531815 1.099741 -2.917631
v -91.522980 0.881176 -3.639303
v -91.635529 1.277956 -2.182997
v -91.543243 1.381783 -2.213324
v -91.648972 1.623756 -1.494787
v -91.557083 1.723608 -1.531019
v -91.376556 0.597832 -4.358969
v -91.418015 0.724456 -3.615995
v -91.509201 0.677601 -3.603415
v -91.498947 0.479548 -4.345640
v -91.613708 0.717427 -3.615835
v -91.644791 0.587623 -4.358953
v -91.646973 0.644700 -4.366186
v -91.369202 0.577723 -4.478292
v -91.497513 0.453999 -4.465544
v -91.650452 0.566932 -4.478292
v -91.518585 0.769443 -4.379522
v -91.512314 0.600851 -4.493383
v -91.518112 0.757832 -4.498030
v -91.371796 0.638168 -4.485296
v -91.652771 0.627645 -4.485296
v -91.378998 0.654668 -4.366186
v -90.667892 0.626641 -4.358969
v -90.710800 0.752825 -3.615995
v -90.802780 0.705452 -3.603407
v -90.790909 0.508201 -4.345640
v -90.906235 0.744427 -3.615988
v -90.935837 0.615330 -4.358953
v -90.660355 0.606585 -4.478292
v -90.789261 0.482754 -4.465551
v -90.941254 0.594759 -4.478292
v -90.938660 0.672001 -4.366186
v -90.818192 0.796649 -4.379507
v -90.803604 0.629050 -4.493383
v -90.817947 0.785073 -4.498030
v -90.663620 0.666949 -4.485296
v -90.944260 0.655035 -4.485296
v -90.670975 0.683392 -4.366186
v -89.960052 0.657103 -4.358969
v -90.004410 0.783704 -3.616011
v -90.098190 0.735962 -3.603415
v -90.085022 0.537959 -4.345640
v -90.199631 0.775087 -3.615995
v -90.227676 0.645485 -4.358969
v -89.952255 0.636983 -4.478292
v -90.083267 0.512413 -4.465551
v -90.232895 0.624832 -4.478292
v -90.231171 0.702366 -4.366186
v -90.110641 0.827661 -4.379522
v -90.095718 0.659388 -4.493391
v -90.110168 0.816046 -4.498030
v -89.956253 0.697563 -4.485296
v -90.236588 0.685329 -4.485296
v -89.963791 0.714058 -4.366194
v -90.137054 2.817161 -0.079870
v -90.096390 2.193886 -0.749533
v -90.287018 2.183851 -0.749525
v -90.201385 2.280023 -0.791426
v -90.325409 2.802712 -0.079870
v -90.240646 2.897594 -0.127180
v -90.818787 2.764915 -0.079870
v -90.786179 2.157663 -0.749533
v -90.977051 2.147685 -0.749533
v -90.891235 2.241099 -0.791426
v -91.007477 2.750470 -0.079870
v -90.922501 2.842520 -0.127172
v -91.502426 2.729654 -0.079870
v -91.477310 2.133203 -0.749533
v -91.668701 2.131212 -0.749533
v -91.577148 2.219293 -0.791426
v -91.691895 2.726879 -0.079870
v -91.601151 2.811769 -0.127172
v -89.494308 2.127654 0.792612
v -89.458984 1.658039 1.463831
v -89.434601 1.333758 2.155436
v -89.418823 1.079380 2.869257
v -89.541000 2.748530 0.184206
v -89.553177 2.910395 0.004999
v -89.540985 2.748231 -0.160360
v -89.494339 2.128077 -0.839636
v -89.459030 1.658632 -1.513227
v -89.434662 1.334658 -2.207838
v -89.418640 1.078752 -2.864744
v -93.999313 0.736066 3.601259
v -92.147781 1.274675 2.177523
v -92.158646 1.630998 1.458025
v -92.139145 0.990930 2.887911
v -92.132401 0.769906 3.615808
v -92.243729 1.094369 2.912172
v -92.237427 0.875191 3.633837
v -92.334229 0.990159 2.887911
v -92.328201 0.769049 3.615808
v -92.844757 0.988313 2.887911
v -92.840561 0.767004 3.615808
v -92.251862 1.376540 2.207865
v -92.341980 1.274191 2.177523
v -92.850128 1.273062 2.177538
v -92.262085 1.731459 1.494257
v -92.351730 1.632034 1.458025
v -92.856979 1.634821 1.458025
v -92.949310 1.091947 2.912172
v -92.945541 0.872495 3.633837
v -93.039871 0.987672 2.887911
v -93.036377 0.766291 3.615808
v -93.550400 0.986163 2.887911
v -93.548782 0.764613 3.615808
v -92.954178 1.374814 2.207865
v -93.044342 1.272684 2.177523
v -93.552505 1.271838 2.177523
v -92.960373 1.734673 1.494257
v -93.050049 1.635911 1.458025
v -93.555206 1.638845 1.458025
v -93.649567 1.089980 2.912172
v -93.648315 0.870299 3.633837
v -93.745560 0.985647 2.887911
v -93.744644 0.764046 3.615808
v -93.999283 0.984505 2.876101
v -93.999298 0.762699 3.605639
v -93.651184 1.373469 2.207865
v -93.746750 1.271564 2.177523
v -93.999283 1.270473 2.163813
v -93.653275 1.738080 1.494257
v -93.748276 1.639993 1.458025
v -93.999283 1.629458 1.457212
v -93.779984 0.579949 4.353495
v -93.744415 0.708961 3.610361
v -93.653183 0.665463 3.597940
v -93.654922 0.466285 4.340166
v -93.999298 0.635752 4.352198
v -93.999298 0.578578 4.344973
v -93.780182 0.637207 4.360712
v -93.786392 0.559421 4.472818
v -93.655258 0.440585 4.460077
v -93.511780 0.638030 4.360712
v -93.647980 0.758003 4.374041
v -93.647018 0.588571 4.487917
v -93.647934 0.746332 4.492556
v -93.786606 0.620321 4.479815
v -93.505157 0.621190 4.479815
v -93.504669 0.560312 4.472818
v -93.511322 0.580793 4.353495
v -93.069611 0.582352 4.353495
v -93.035522 0.711225 3.610521
v -92.943344 0.667880 3.597956
v -92.942596 0.468905 4.340166
v -93.070465 0.639553 4.360712
v -93.548370 0.709504 3.610521
v -93.075790 0.561839 4.472818
v -92.942627 0.443231 4.460077
v -92.802063 0.640582 4.360712
v -92.945694 0.760305 4.374041
v -92.936752 0.591069 4.487909
v -92.945847 0.748643 4.492556
v -93.076675 0.622679 4.479815
v -92.795273 0.623765 4.479815
v -92.794067 0.562953 4.472818
v -92.800949 0.583405 4.353495
v -92.359299 0.585310 4.353495
v -92.326706 0.714053 3.610537
v -92.232697 0.670839 3.597940
v -92.229065 0.472114 4.340166
v -92.360809 0.642439 4.360712
v -92.839523 0.711954 3.610537
v -92.365234 0.564816 4.472818
v -92.228683 0.446474 4.460077
v -92.092453 0.643676 4.360720
v -92.235809 0.763145 4.374041
v -92.226578 0.594121 4.487917
v -92.235733 0.751500 4.492556
v -92.366852 0.625581 4.479822
v -92.085464 0.626885 4.479815
v -92.083572 0.566151 4.472818
v -92.090683 0.586572 4.353502
v -92.130737 0.714927 3.610537
v -92.191483 2.708795 0.082338
v -92.174072 2.137201 0.739473
v -92.276306 2.225499 0.781366
v -92.365524 2.137572 0.739473
v -92.866486 2.138523 0.739466
v -92.292664 2.792599 0.129625
v -92.381042 2.706845 0.082338
v -92.877136 2.701711 0.082338
v -92.968826 2.225213 0.781366
v -93.057938 2.138879 0.739466
v -93.558899 2.142799 0.739466
v -92.978455 2.783785 0.129625
v -93.066757 2.699742 0.082338
v -93.563004 2.701615 0.082338
v -93.656097 2.229233 0.781366
v -93.750366 2.144322 0.739466
v -93.999268 2.135762 0.731333
v -93.659271 2.784137 0.129625
v -93.752670 2.702368 0.082323
v -93.999268 2.706074 0.067804
v -92.158005 1.609979 -1.480452
v -92.147781 1.274637 -2.168661
v -92.139145 0.990932 -2.879049
v -92.132401 0.769906 -3.606947
v -92.328201 0.769050 -3.606947
v -92.334229 0.990160 -2.879049
v -92.243637 1.094369 -2.903311
v -92.237335 0.875193 -3.624975
v -92.341980 1.274158 -2.168661
v -92.251770 1.376506 -2.198996
v -92.351166 1.610970 -1.480452
v -92.261398 1.710455 -1.516684
v -92.850128 1.273039 -2.168646
v -92.856567 1.613645 -1.480452
v -92.844757 0.988315 -2.879049
v -92.840561 0.767002 -3.606947
v -93.036377 0.766291 -3.606947
v -93.039871 0.987671 -2.879049
v -92.949203 1.091947 -2.903296
v -92.945435 0.872494 -3.624975
v -93.044342 1.272667 -2.168646
v -92.954071 1.374796 -2.198996
v -93.049713 1.614700 -1.480452
v -92.959915 1.713655 -1.516684
v -93.552505 1.271827 -2.168646
v -93.555054 1.617525 -1.480452
v -93.550400 0.986161 -2.879049
v -93.548782 0.764614 -3.606947
v -93.744644 0.764044 -3.606947
v -93.745560 0.985647 -2.879049
v -93.649200 1.089981 -2.903296
v -93.647949 0.870302 -3.624975
v -93.999374 0.762699 -3.605230
v -93.999481 0.987052 -2.873785
v -93.746750 1.271558 -2.168661
v -93.650833 1.373461 -2.198996
v -93.999359 1.270462 -2.163408
v -93.748184 1.618632 -1.480452
v -93.652802 1.717030 -1.516684
v -93.999359 1.624218 -1.467848
v -93.511322 0.580793 -4.344641
v -93.548370 0.709507 -3.601660
v -93.641235 0.665502 -3.589079
v -93.637878 0.466343 -4.331305
v -93.744415 0.708962 -3.601500
v -93.779984 0.579949 -4.344625
v -93.999374 0.635752 -4.351793
v -93.780182 0.637207 -4.351858
v -93.999374 0.578578 -4.344572
v -93.999374 0.736066 -3.601202
v -93.504669 0.560312 -4.463957
v -93.637329 0.440646 -4.451216
v -93.786392 0.559422 -4.463957
v -93.647446 0.758004 -4.365187
v -93.647018 0.588573 -4.479048
v -93.647385 0.746334 -4.483694
v -93.505157 0.621190 -4.470961
v -93.786606 0.620321 -4.470961
v -93.511780 0.638030 -4.351858
v -92.800949 0.583407 -4.344641
v -92.839523 0.711954 -3.601660
v -92.933289 0.667921 -3.589071
v -92.928207 0.468966 -4.331305
v -93.035522 0.711227 -3.601652
v -93.069611 0.582352 -4.344625
v -92.794067 0.562954 -4.463957
v -92.927460 0.443295 -4.451216
v -93.075760 0.561837 -4.463957
v -93.070465 0.639551 -4.351858
v -92.945557 0.760304 -4.365171
v -92.936752 0.591069 -4.479048
v -92.945694 0.748644 -4.483694
v -92.795273 0.623763 -4.470961
v -93.076675 0.622677 -4.470961
v -92.802063 0.640580 -4.351858
v -92.090698 0.586574 -4.344641
v -92.130737 0.714927 -3.601675
v -92.226425 0.670867 -3.589079
v -92.220093 0.472159 -4.331305
v -92.326706 0.714050 -3.601660
v -92.359299 0.585310 -4.344641
v -92.083572 0.566153 -4.463957
v -92.219223 0.446521 -4.451216
v -92.365234 0.564816 -4.463957
v -92.360809 0.642439 -4.351858
v -92.235672 0.763145 -4.365187
v -92.226578 0.594121 -4.479055
v -92.235596 0.751500 -4.483694
v -92.085464 0.626884 -4.470961
v -92.366852 0.625581 -4.470961
v -92.092453 0.643673 -4.351866
v -92.191605 2.712479 -0.095373
v -92.173309 2.112526 -0.765043
v -92.364853 2.112968 -0.765028
v -92.275513 2.200838 -0.806929
v -92.381149 2.710496 -0.095373
v -92.292679 2.796243 -0.142683
v -92.877197 2.705299 -0.095373
v -92.866028 2.114106 -0.765043
v -93.057571 2.114536 -0.765043
v -92.968307 2.200824 -0.806929
v -93.066818 2.703304 -0.095373
v -92.978409 2.787345 -0.142675
v -93.563034 2.705128 -0.095373
v -93.558716 2.118473 -0.765043
v -93.750259 2.120006 -0.765043
v -93.655594 2.204904 -0.806929
v -93.999344 2.129671 -0.746992
v -93.752686 2.705865 -0.095373
v -93.658936 2.787636 -0.142675
v -93.999344 2.706989 -0.080336
v -96.128647 0.734191 3.604799
v -94.259232 1.274675 2.177523
v -94.257706 1.630998 1.458025
v -94.260452 0.990930 2.887911
v -94.261398 0.769906 3.615808
v -94.361450 1.094369 2.912172
v -94.362762 0.875191 3.633837
v -94.455551 0.990159 2.887911
v -94.457214 0.769049 3.615808
v -94.966141 0.988313 2.887911
v -94.969650 0.767004 3.615808
v -94.359756 1.376540 2.207865
v -94.453430 1.274191 2.177523
v -94.961624 1.273062 2.177538
v -94.357635 1.731410 1.494257
v -94.450745 1.632034 1.458025
v -94.955902 1.634821 1.458025
v -95.067108 1.091947 2.912172
v -95.070953 0.872495 3.633837
v -95.161285 0.987672 2.887911
v -95.165497 0.766291 3.615808
v -95.671875 0.986163 2.887911
v -95.677948 0.764613 3.615808
v -95.062134 1.374814 2.207865
v -95.155853 1.272684 2.177523
v -95.664047 1.271838 2.177523
v -95.055832 1.734675 1.494257
v -95.148926 1.635911 1.458025
v -95.653992 1.638845 1.458025
v -95.767441 1.089980 2.912172
v -95.773804 0.870299 3.633837
v -95.867050 0.985647 2.887911
v -95.873825 0.764046 3.615808
v -96.119980 0.983051 2.879473
v -96.127716 0.760869 3.609011
v -95.759216 1.373469 2.207865
v -95.858292 1.271564 2.177523
v -96.110001 1.270038 2.167177
v -95.748611 1.738209 1.494257
v -95.847015 1.639993 1.458025
v -96.097473 1.630637 1.461275
v -95.915588 0.579949 4.353495
v -95.875534 0.708961 3.610361
v -95.785797 0.665463 3.597940
v -95.794449 0.466285 4.340166
v -96.132126 0.633706 4.355570
v -96.134109 0.576435 4.348345
v -95.913788 0.637207 4.360712
v -95.922714 0.559421 4.472818
v -95.795700 0.440585 4.460077
v -95.645355 0.638030 4.360712
v -95.777374 0.758003 4.374041
v -95.782318 0.588571 4.487917
v -95.777740 0.746332 4.492556
v -95.920807 0.620321 4.479815
v -95.639313 0.621190 4.479815
v -95.640930 0.560312 4.472818
v -95.646896 0.580793 4.353495
v -95.205124 0.582352 4.353495
v -95.166550 0.711225 3.610521
v -95.075882 0.667880 3.597956
v -95.082062 0.468905 4.340166
v -95.203995 0.639553 4.360712
v -95.679474 0.709504 3.610521
v -95.212021 0.561839 4.472818
v -95.082977 0.443231 4.460077
v -94.935547 0.640582 4.360712
v -95.075012 0.760305 4.374041
v -95.071960 0.591069 4.487909
v -95.075577 0.748643 4.492556
v -95.210785 0.622679 4.479815
v -94.929321 0.623765 4.479815
v -94.930252 0.562953 4.472818
v -94.936417 0.583405 4.353495
v -94.494690 0.585310 4.353495
v -94.457626 0.714053 3.610537
v -94.365112 0.670839 3.597940
v -94.368408 0.472114 4.340166
v -94.494247 0.642439 4.360712
v -94.970520 0.711954 3.610537
v -94.501343 0.564816 4.472818
v -94.368927 0.446474 4.460077
v -94.225830 0.643676 4.360720
v -94.365036 0.763145 4.374041
v -94.361679 0.594121 4.487917
v -94.365356 0.751500 4.492556
v -94.500839 0.625581 4.479822
v -94.219421 0.626885 4.479815
v -94.219635 0.566151 4.472818
v -94.226028 0.586572 4.353502
v -94.261642 0.714927 3.610537
v -94.253128 2.696154 0.082338
v -94.255554 2.131921 0.739473
v -94.354736 2.219792 0.781366
v -94.447006 2.133411 0.739473
v -94.947922 2.137427 0.739466
v -94.351410 2.780397 0.129625
v -94.442780 2.696912 0.082338
v -94.939011 2.699116 0.082338
v -95.047226 2.225353 0.781366
v -95.139313 2.140086 0.739466
v -95.640045 2.147111 0.739466
v -95.037415 2.784082 0.129625
v -95.128601 2.702595 0.082338
v -95.624557 2.711723 0.082338
v -95.734192 2.235152 0.781366
v -95.831390 2.149819 0.739466
v -96.079636 2.143761 0.727816
v -95.717880 2.796598 0.129625
v -95.814087 2.715218 0.082323
v -96.059418 2.725435 0.062723
v -94.257782 1.609979 -1.480452
v -94.259232 1.274637 -2.168661
v -94.260452 0.990932 -2.879049
v -94.261398 0.769906 -3.606947
v -94.457214 0.769050 -3.606947
v -94.455551 0.990160 -2.879049
v -94.361359 1.094369 -2.903311
v -94.362671 0.875193 -3.624975
v -94.453430 1.274158 -2.168661
v -94.359665 1.376506 -2.198996
v -94.450912 1.610970 -1.480452
v -94.357681 1.710455 -1.516684
v -94.961624 1.273039 -2.168646
v -94.956223 1.613645 -1.480452
v -94.966141 0.988315 -2.879049
v -94.969650 0.767002 -3.606947
v -95.165497 0.766291 -3.606947
v -95.161285 0.987671 -2.879049
v -95.067001 1.091947 -2.903296
v -95.070847 0.872494 -3.624975
v -95.155853 1.272667 -2.168646
v -95.062027 1.374796 -2.198996
v -95.149338 1.614700 -1.480452
v -95.056091 1.713655 -1.516684
v -95.664047 1.271827 -2.168646
v -95.654572 1.617525 -1.480452
v -95.671875 0.986161 -2.879049
v -95.677948 0.764614 -3.606947
v -95.873825 0.764044 -3.606947
v -95.867050 0.985647 -2.879049
v -95.767059 1.089981 -2.903296
v -95.773438 0.870302 -3.624975
v -96.127869 0.760869 -3.601866
v -96.120148 0.983051 -2.872328
v -95.858292 1.271558 -2.168661
v -95.758835 1.373461 -2.198996
v -96.110168 1.270038 -2.160040
v -95.847672 1.618632 -1.480452
v -95.748871 1.717030 -1.516684
v -96.097641 1.630637 -1.467001
v -95.646896 0.580793 -4.344641
v -95.679474 0.709507 -3.601660
v -95.773849 0.665502 -3.589079
v -95.777420 0.466343 -4.331305
v -95.875519 0.708962 -3.601500
v -95.915588 0.579949 -4.344625
v -96.132278 0.633706 -4.348425
v -95.913788 0.637207 -4.351858
v -96.134277 0.576435 -4.341200
v -96.128769 0.734190 -3.597662
v -95.640930 0.560312 -4.463957
v -95.777771 0.440646 -4.451216
v -95.922714 0.559422 -4.463957
v -95.776840 0.758004 -4.365187
v -95.782318 0.588573 -4.479048
v -95.777191 0.746334 -4.483694
v -95.639313 0.621190 -4.470961
v -95.920807 0.620321 -4.470961
v -95.645355 0.638030 -4.351858
v -94.936417 0.583407 -4.344641
v -94.970520 0.711954 -3.601660
v -95.065811 0.667921 -3.589071
v -95.067657 0.468966 -4.331305
v -95.166550 0.711227 -3.601652
v -95.205124 0.582352 -4.344625
v -94.930252 0.562954 -4.463957
v -95.067810 0.443295 -4.451216
v -95.211990 0.561837 -4.463957
v -95.203995 0.639551 -4.351858
v -95.074875 0.760304 -4.365171
v -95.071960 0.591069 -4.479048
v -95.075424 0.748644 -4.483694
v -94.929321 0.623763 -4.470961
v -95.210785 0.622677 -4.470961
v -94.935547 0.640580 -4.351858
v -94.226044 0.586574 -4.344641
v -94.261642 0.714927 -3.601675
v -94.358856 0.670867 -3.589079
v -94.359436 0.472159 -4.331305
v -94.457626 0.714050 -3.601660
v -94.494690 0.585310 -4.344641
v -94.219635 0.566153 -4.463957
v -94.359467 0.446521 -4.451216
v -94.501343 0.564816 -4.463957
v -94.494247 0.642439 -4.351858
v -94.364899 0.763145 -4.365187
v -94.361679 0.594121 -4.479055
v -94.365219 0.751500 -4.483694
v -94.219421 0.626884 -4.470961
v -94.500839 0.625581 -4.470961
v -94.225830 0.643673 -4.351866
v -94.253113 2.699792 -0.095373
v -94.255661 2.107564 -0.765043
v -94.447189 2.109057 -0.765028
v -94.354797 2.195413 -0.806929
v -94.442749 2.700526 -0.095373
v -94.351303 2.783998 -0.142683
v -94.938950 2.702693 -0.095373
v -94.948303 2.113075 -0.765043
v -95.139786 2.115672 -0.765043
v -95.047562 2.200956 -0.806929
v -95.128540 2.706167 -0.095373
v -95.037262 2.787639 -0.142675
v -95.624466 2.715274 -0.095373
v -95.640732 2.122533 -0.765043
v -95.832169 2.125182 -0.765043
v -95.734528 2.210534 -0.806929
v -96.079788 2.143762 -0.750509
v -95.813980 2.718760 -0.095373
v -95.717422 2.800133 -0.142675
v -96.059570 2.725438 -0.085417
v -99.820435 0.777494 -0.247381
v -99.072998 1.009405 -0.247381
v -98.343430 1.300844 -0.247381
v -99.091583 1.103574 -0.342016
v -99.835236 0.872668 -0.342016
v -99.072586 1.015715 -0.437094
v -99.820175 0.784384 -0.437094
v -99.065933 1.032059 -0.926481
v -99.813995 0.802198 -0.926481
v -98.366486 1.392891 -0.342016
v -98.343048 1.306223 -0.437094
v -98.336700 1.319941 -0.926481
v -100.563721 0.598343 -0.471869
v -99.816711 0.729045 -0.437094
v -99.805664 0.690127 -0.347639
v -100.551147 0.488855 -0.349661
v -100.570618 0.654950 -0.471869
v -100.565002 0.670828 -0.891714
v -100.558121 0.614597 -0.891714
v -99.810547 0.747288 -0.926481
v -100.682938 0.577948 -0.478086
v -100.670425 0.463328 -0.349997
v -100.570679 0.645164 -0.212614
v -100.583420 0.754720 -0.341658
v -100.697983 0.601079 -0.343870
v -100.689865 0.627730 -0.207067
v -100.702545 0.742393 -0.341574
v -100.689850 0.638009 -0.478086
v -100.682938 0.567409 -0.207067
v -100.563782 0.588318 -0.212614
v -99.817139 0.721945 -0.247381
v -98.249329 0.820725 -3.597822
v -98.150955 2.236460 -0.749075
v -98.109360 2.835161 -0.090231
v -98.187943 1.704044 -1.439344
v -98.347321 2.847571 -0.105009
v -98.391403 2.247970 -0.762152
v -98.430969 1.709529 -1.450872
v -98.496017 1.626507 -1.414961
v -98.455887 2.165802 -0.720625
v -98.527603 2.169058 -0.720625
v -98.568542 1.628315 -1.414961
v -98.574753 2.231633 -0.749876
v -98.616241 1.689370 -1.440260
v -98.480225 2.338446 -0.804060
v -98.520798 1.798311 -1.487104
v -98.614334 1.714431 -1.450872
v -98.572800 2.256891 -0.762152
v -98.410400 2.776455 -0.058119
v -98.481247 2.781622 -0.058119
v -98.528275 2.838830 -0.091154
v -98.435730 2.930926 -0.152327
v -98.526535 2.861257 -0.105009
v -98.256226 0.721024 -4.349287
v -98.247452 0.847196 -3.602720
v -98.260178 0.664199 -4.342062
v -98.232147 1.067647 -2.873182
v -98.212509 1.350265 -2.160902
v -98.456802 1.358065 -2.170370
v -98.475220 1.083843 -2.879034
v -98.491150 0.872696 -3.607351
v -98.562653 1.181774 -2.900618
v -98.577637 0.980206 -3.622145
v -98.672653 0.903959 -3.604971
v -98.687119 1.131238 -2.882727
v -98.632843 0.967244 -2.843496
v -98.530014 0.958774 -2.844542
v -98.522400 1.272599 -2.140295
v -98.595367 1.273866 -2.140295
v -98.692413 1.075633 -2.868742
v -98.643311 1.335949 -2.161474
v -98.641342 1.361607 -2.170370
v -98.547150 1.447262 -2.200705
v -98.472198 0.690449 -4.347029
v -98.495773 0.817956 -3.602659
v -98.591324 0.798096 -3.590147
v -98.611084 0.617127 -4.338278
v -98.675507 0.877152 -3.600500
v -98.727707 0.753283 -4.361250
v -98.467743 0.669457 -4.466543
v -98.613983 0.594330 -4.459356
v -98.734085 0.739887 -4.470274
v -98.717987 0.811509 -4.353788
v -98.587723 0.886283 -4.363569
v -98.598770 0.736716 -4.459234
v -98.588913 0.877550 -4.482283
v -98.462708 0.729862 -4.472898
v -98.725922 0.800824 -4.473860
v -98.467407 0.747259 -4.353613
v -99.350159 1.005735 -3.596189
v -99.781693 1.057978 -3.583105
v -99.359406 1.097383 -3.170156
v -99.233856 1.203108 -3.053061
v -99.238434 1.083687 -3.606909
v -99.151260 1.112818 -2.966696
v -99.143036 0.990348 -3.600630
v -99.038513 1.110790 -2.855909
v -98.662262 1.253853 -2.500540
v -99.152908 0.854679 -4.353621
v -99.170471 0.923446 -3.597662
v -99.269272 0.900775 -3.587820
v -99.303070 0.778460 -4.356230
v -99.142227 0.912030 -4.353979
v -98.682632 0.849602 -3.601217
v -99.150360 0.843101 -4.475882
v -99.309097 0.765099 -4.481268
v -99.400818 0.971412 -4.354155
v -99.244812 1.046558 -4.352499
v -99.279755 0.905796 -4.488615
v -99.245529 1.046818 -4.471952
v -99.138641 0.904047 -4.475233
v -99.410263 0.969974 -4.476202
v -99.424210 0.909114 -4.479605
v -99.413361 0.914118 -4.356146
v -100.008484 0.934359 -4.374327
v -99.844360 1.010405 -4.360289
v -99.783936 1.009748 -3.583395
v -99.972748 0.981857 -3.768209
v -99.828751 1.067607 -4.354437
v -99.843994 1.008134 -4.485273
v -100.018188 0.930388 -4.503347
v -100.090698 1.125251 -4.354612
v -100.052399 1.109250 -3.850454
v -99.918015 1.184344 -3.721418
v -99.924408 1.201241 -4.341383
v -99.845016 1.074951 -3.645941
v -99.972610 1.070651 -4.494764
v -99.925690 1.210583 -4.461569
v -99.826660 1.068874 -4.477667
v -100.101974 1.132864 -4.478628
v -100.121567 1.072196 -4.489004
v -100.108170 1.068096 -4.362814
v -100.579224 1.167978 -4.366621
v -100.564484 1.226601 -4.353018
v -99.358932 0.950760 -3.596502
v -100.067734 1.053911 -3.863821
v -99.057312 1.094848 -2.478483
v -99.799789 0.978476 -2.948324
v -99.807632 0.888475 -2.479643
v -99.077835 1.175670 -2.380255
v -99.823120 0.961910 -2.380270
v -99.811295 0.858359 -2.293089
v -99.065292 1.092367 -2.275724
v -98.550186 1.383212 -2.393080
v -98.465607 1.308137 -2.297995
v -98.334915 1.344628 -1.799154
v -98.320908 1.337008 -2.152235
v -99.064026 1.061087 -1.799154
v -99.812866 0.833894 -1.799154
v -99.083176 1.146909 -1.702711
v -99.828018 0.920130 -1.702711
v -99.813126 0.827029 -1.610128
v -99.064438 1.054800 -1.610128
v -98.358475 1.429741 -1.702711
v -98.335312 1.339281 -1.610128
v -98.336304 1.325290 -1.115507
v -99.065521 1.038346 -1.115507
v -99.813751 0.809063 -1.115507
v -99.084595 1.125037 -1.014730
v -99.828857 0.896158 -1.014730
v -98.359802 1.411056 -1.014730
v -100.558060 0.624593 -1.150274
v -99.810425 0.754279 -1.115507
v -99.799194 0.715390 -1.015471
v -100.545486 0.515636 -1.013273
v -100.677414 0.604352 -1.156515
v -100.664917 0.490278 -1.012892
v -100.677429 0.593810 -0.885489
v -100.577774 0.778950 -1.012205
v -100.692474 0.627071 -1.019712
v -100.697021 0.766673 -1.011770
v -100.684326 0.663764 -1.156515
v -100.684341 0.653484 -0.885489
v -100.564941 0.680593 -1.150274
v -100.557892 0.651029 -1.833921
v -99.809494 0.779716 -1.799154
v -99.798264 0.741619 -1.709639
v -100.545288 0.543823 -1.711866
v -99.809738 0.772683 -1.610128
v -100.557953 0.641032 -1.575361
v -100.677368 0.630942 -1.840162
v -100.664856 0.518709 -1.712286
v -100.677399 0.620400 -1.569136
v -100.564850 0.696642 -1.575361
v -100.577637 0.803840 -1.702024
v -100.692459 0.653343 -1.703360
v -100.697006 0.791638 -1.701918
v -100.684296 0.689694 -1.840162
v -100.684311 0.679414 -1.569136
v -100.564789 0.706407 -1.833921
v -100.560226 0.732693 -2.520330
v -99.805725 0.834534 -2.481070
v -99.796127 0.785524 -2.391935
v -100.549118 0.601509 -2.398474
v -99.808212 0.804541 -2.293402
v -100.557953 0.671079 -2.259192
v -100.681320 0.717490 -2.527784
v -100.669891 0.578565 -2.399748
v -100.677521 0.649505 -2.252951
v -100.564682 0.726098 -2.259024
v -100.574905 0.857168 -2.379362
v -100.693771 0.710884 -2.388350
v -100.694687 0.846697 -2.379217
v -100.685257 0.776081 -2.524832
v -100.684326 0.707880 -2.252829
v -100.564499 0.787928 -2.517767
v -100.564194 0.889283 -2.941931
v -100.563950 0.833688 -2.948439
v -99.799072 0.912862 -2.970930
v -99.794418 0.997222 -3.153151
v -99.802719 1.072295 -3.048086
v -100.566269 0.895285 -3.209585
v -99.796722 0.942832 -3.158606
v -99.789841 0.891577 -3.063986
v -100.566696 0.760338 -3.087446
v -100.691025 0.888627 -3.219801
v -100.692245 0.745696 -3.092039
v -100.687149 0.820668 -2.944967
v -100.562164 1.021866 -3.052092
v -100.700134 0.883147 -3.077063
v -100.686691 0.879602 -2.937735
v -100.683517 1.019936 -3.052778
v -100.564011 0.951112 -3.200674
v -100.687622 0.947798 -3.209745
v -100.572403 1.058118 -3.900053
v -100.585052 0.923887 -3.797453
v -100.570053 0.996536 -3.638899
v -100.700851 1.059999 -3.913061
v -100.715668 0.918019 -3.806524
v -100.696945 0.992068 -3.638220
v -100.549255 1.186720 -3.725111
v -100.563705 1.052751 -3.626043
v -100.706573 1.055669 -3.766989
v -100.672165 1.193327 -3.726622
v -100.690033 1.119802 -3.895880
v -100.689072 1.051614 -3.623861
v -100.563492 1.114582 -3.884802
v -97.956055 1.341895 -2.170378
v -97.932892 1.697227 -1.450880
v -97.974518 1.058938 -2.880774
v -97.988892 0.838527 -3.608664
v -97.866730 1.157792 -2.905027
v -97.880615 0.939374 -3.626692
v -97.780182 1.050060 -2.880774
v -97.793839 0.829857 -3.608664
v -97.271362 1.027078 -2.880774
v -97.283157 0.807453 -3.608664
v -97.848846 1.438983 -2.200720
v -97.762634 1.332925 -2.170378
v -97.256195 1.309658 -2.170393
v -97.826309 1.793650 -1.487112
v -97.740524 1.689298 -1.450880
v -97.236938 1.668662 -1.450880
v -97.163528 1.125606 -2.905027
v -97.174835 0.907981 -3.626692
v -97.076813 1.018391 -2.880774
v -97.087875 0.798995 -3.608664
v -96.567307 0.999316 -2.880774
v -96.576569 0.779202 -3.608664
v -97.148941 1.406116 -2.200720
v -97.062561 1.300845 -2.170378
v -96.555344 1.283137 -2.170378
v -97.130371 1.763381 -1.487112
v -97.044388 1.660814 -1.450880
v -96.539993 1.647764 -1.450880
v -96.464676 1.099728 -2.905027
v -96.473541 0.881160 -3.626692
v -96.372421 0.993093 -2.880774
v -96.381027 0.772306 -3.608664
v -96.453278 1.381780 -2.200720
v -96.361343 1.277961 -2.170378
v -96.438568 1.744746 -1.487112
v -96.347076 1.645037 -1.450880
v -96.352097 0.587621 -4.346350
v -96.383163 0.717423 -3.603224
v -96.475769 0.677158 -3.590796
v -96.480896 0.478868 -4.333021
v -96.349915 0.644698 -4.353567
v -96.346405 0.566928 -4.465673
v -96.481445 0.453277 -4.452940
v -96.617874 0.654666 -4.353567
v -96.477753 0.769423 -4.366903
v -96.484543 0.600847 -4.480780
v -96.478180 0.757810 -4.485418
v -96.344101 0.627643 -4.472670
v -96.625076 0.638166 -4.472670
v -96.627655 0.577721 -4.465673
v -96.620300 0.597830 -4.346350
v -97.061035 0.615329 -4.346350
v -97.090637 0.744422 -3.603384
v -97.184036 0.705017 -3.590811
v -97.191635 0.507602 -4.333021
v -97.058212 0.672002 -4.353567
v -96.578873 0.724452 -3.603384
v -97.055603 0.594758 -4.465673
v -97.192490 0.482126 -4.452932
v -97.325882 0.683392 -4.353567
v -97.178513 0.796643 -4.366903
v -97.193253 0.629049 -4.480772
v -97.178757 0.785064 -4.485411
v -97.052612 0.655035 -4.472670
v -97.333252 0.666948 -4.472670
v -97.336533 0.606582 -4.465673
v -97.328964 0.626637 -4.346350
v -97.769196 0.645483 -4.346350
v -97.797241 0.775087 -3.603399
v -97.892426 0.735686 -3.590796
v -97.902893 0.537573 -4.333021
v -97.765686 0.702363 -4.353567
v -97.286087 0.752823 -3.603399
v -97.763992 0.624830 -4.465673
v -97.904160 0.512009 -4.452940
v -98.033081 0.714058 -4.353575
v -97.886093 0.827653 -4.366903
v -97.901154 0.659386 -4.480780
v -97.886597 0.816038 -4.485418
v -97.760284 0.685328 -4.472677
v -98.040619 0.697563 -4.472670
v -98.044617 0.636979 -4.465673
v -98.036835 0.657100 -4.346357
v -97.992477 0.783702 -3.603399
v -97.860077 2.813563 -0.105032
v -97.898773 2.220217 -0.762167
v -97.793732 2.306186 -0.804060
v -97.708221 2.209952 -0.762167
v -97.209320 2.183162 -0.762159
v -97.756378 2.893960 -0.152327
v -97.671677 2.799134 -0.105032
v -97.178299 2.761368 -0.105032
v -97.104218 2.266442 -0.804060
v -97.018539 2.172952 -0.762159
v -96.518509 2.158092 -0.762159
v -97.074463 2.838949 -0.152327
v -96.989578 2.746937 -0.105032
v -96.494583 2.726132 -0.105032
v -96.418350 2.244130 -0.804060
v -96.327194 2.156023 -0.762159
v -96.395523 2.808232 -0.152327
v -96.305115 2.723354 -0.105017
v -99.820190 0.784119 0.436953
v -99.072601 1.015472 0.436953
v -99.091599 1.103333 0.341616
v -99.835251 0.872406 0.341616
v -99.073013 1.009185 0.247934
v -99.820435 0.777253 0.247934
v -98.343063 1.306017 0.436953
v -98.366501 1.392685 0.341616
v -98.343430 1.300654 0.247934
v -100.563782 0.588065 0.213167
v -99.817154 0.721700 0.247934
v -99.805679 0.689575 0.340181
v -100.551147 0.488151 0.339350
v -100.570679 0.644913 0.213167
v -100.682938 0.567126 0.206942
v -100.670425 0.462599 0.339220
v -100.570648 0.654676 0.471727
v -100.583420 0.754453 0.341410
v -100.697983 0.600702 0.341166
v -100.702545 0.742129 0.341387
v -100.689865 0.627454 0.206942
v -100.689850 0.637733 0.477961
v -100.682938 0.577666 0.477961
v -100.563736 0.598060 0.471727
v -98.691147 1.131608 2.889811
v -98.667206 1.259833 2.507532
v -99.038513 1.110798 2.863153
v -99.143036 0.990357 3.607882
v -98.676697 0.904661 3.612062
v -98.722061 0.812561 4.360949
v -99.142227 0.912039 4.361223
v -98.729523 0.755247 4.356737
v -99.152908 0.854688 4.360872
v -99.170471 0.923456 3.604906
v -98.682632 0.849606 3.608477
v -99.359406 1.097396 3.177408
v -99.781693 1.057994 3.590349
v -99.350159 1.005747 3.603449
v -99.235626 1.203012 3.062044
v -99.240051 1.083933 3.614122
v -99.151260 1.112828 2.973948
v -99.413361 0.914130 4.363390
v -99.358932 0.950773 3.603762
v -99.268021 0.900607 3.595064
v -99.301270 0.778062 4.363428
v -99.424210 0.909126 4.486849
v -99.307175 0.764656 4.488451
v -99.150360 0.843110 4.483126
v -99.247131 1.047107 4.359713
v -99.279755 0.905807 4.495874
v -99.247986 1.047428 4.479158
v -99.410263 0.969986 4.483446
v -99.138641 0.904056 4.482485
v -99.400818 0.971425 4.361399
v -100.108170 1.068116 4.370066
v -100.067734 1.053933 3.871080
v -99.969589 0.981654 3.772341
v -100.004471 0.933512 4.381479
v -99.844360 1.010422 4.367540
v -99.783936 1.009767 3.590662
v -100.121567 1.072216 4.496248
v -100.013947 0.929440 4.510469
v -99.844009 1.008150 4.492525
v -99.921646 1.200644 4.348680
v -99.828751 1.067624 4.361689
v -99.845016 1.074969 3.653193
v -99.915939 1.183983 3.726641
v -99.972610 1.070671 4.502024
v -99.922760 1.209914 4.468859
v -100.101990 1.132884 4.485880
v -99.826660 1.068890 4.484919
v -100.090698 1.125271 4.361864
v -100.052399 1.109272 3.857714
v -100.564484 1.226626 4.360262
v -100.579224 1.168004 4.373880
v -99.807632 0.888492 2.486887
v -99.057312 1.094856 2.485735
v -99.077835 1.175670 2.387392
v -99.823090 0.961909 2.387415
v -99.065292 1.092377 2.282984
v -99.811295 0.858376 2.300333
v -99.812866 0.833898 1.806398
v -99.064026 1.061090 1.806398
v -98.550201 1.383101 2.400675
v -98.465607 1.308138 2.305239
v -98.320908 1.337011 2.159487
v -98.334915 1.344631 1.806398
v -99.083176 1.147033 1.713755
v -99.828003 0.920266 1.713755
v -99.064438 1.054803 1.617380
v -99.813126 0.827033 1.617380
v -99.813751 0.809067 1.122751
v -99.065521 1.038350 1.122751
v -98.358459 1.429847 1.713755
v -98.335312 1.339283 1.617380
v -98.336304 1.325293 1.122751
v -99.084579 1.125242 1.028299
v -99.828842 0.896382 1.028299
v -99.065933 1.032062 0.933733
v -99.813995 0.802202 0.933733
v -98.359787 1.411230 1.028299
v -98.336700 1.319944 0.933733
v -100.558121 0.614601 0.898966
v -99.810547 0.747292 0.933733
v -99.799194 0.715473 1.024820
v -100.545486 0.515760 1.023493
v -100.565002 0.670833 0.898966
v -99.816895 0.728732 0.436953
v -100.677429 0.593814 0.892748
v -100.664917 0.490410 1.023287
v -100.564941 0.680597 1.157534
v -100.577774 0.779278 1.028437
v -100.692474 0.627075 1.026964
v -100.697021 0.767019 1.028490
v -100.684341 0.653488 0.892748
v -100.684326 0.663768 1.163767
v -100.677414 0.604356 1.163767
v -100.558060 0.624598 1.157534
v -100.557953 0.641037 1.582613
v -99.809738 0.772687 1.617380
v -99.798279 0.741457 1.712511
v -100.545288 0.543577 1.712900
v -100.564850 0.696647 1.582613
v -99.810425 0.754283 1.122751
v -100.677399 0.620405 1.576395
v -100.664856 0.518447 1.712984
v -100.564789 0.706411 1.841188
v -100.577621 0.804038 1.714678
v -100.692459 0.653347 1.710611
v -100.697006 0.791848 1.714853
v -100.684311 0.679419 1.576395
v -100.684296 0.689698 1.847422
v -100.677368 0.630946 1.847422
v -100.557892 0.651034 1.841188
v -100.557953 0.671106 2.266443
v -99.808212 0.804557 2.300653
v -99.796219 0.784238 2.390932
v -100.548813 0.598742 2.393618
v -100.564682 0.726125 2.266275
v -99.809494 0.779720 1.806398
v -100.677521 0.649531 2.260202
v -100.669495 0.575495 2.394182
v -100.564499 0.787956 2.525034
v -100.574905 0.857158 2.386469
v -100.693787 0.710912 2.395609
v -100.694702 0.846681 2.386301
v -100.684326 0.707907 2.260073
v -100.685272 0.776111 2.532099
v -100.681335 0.717520 2.535044
v -100.560226 0.732722 2.527597
v -99.794418 0.997240 3.160395
v -99.802658 1.072576 3.056932
v -99.799789 0.978493 2.955576
v -100.563950 0.833714 2.955683
v -99.799072 0.912880 2.978189
v -99.789825 0.891767 3.072329
v -100.566727 0.760734 3.096308
v -100.564194 0.889307 2.949183
v -99.805725 0.834551 2.488321
v -100.687149 0.820696 2.952219
v -100.692307 0.746133 3.100992
v -100.564011 0.951136 3.207926
v -100.562103 1.022454 3.061632
v -100.700134 0.883173 3.084307
v -100.683472 1.020589 3.062464
v -100.686691 0.879630 2.944986
v -100.687622 0.947824 3.216997
v -100.691025 0.888654 3.227053
v -100.566269 0.895309 3.216837
v -100.584946 0.922997 3.800730
v -100.570068 0.996565 3.646158
v -100.563705 1.052779 3.633303
v -100.696945 0.992096 3.645479
v -100.715530 0.917033 3.809580
v -100.563492 1.114607 3.892046
v -100.549271 1.186080 3.729662
v -100.706573 1.055696 3.774240
v -100.672211 1.192621 3.731020
v -100.689072 1.051642 3.631121
v -100.690033 1.119829 3.903124
v -100.700851 1.060025 3.920305
v -100.572403 1.058143 3.907312
v -98.152802 2.209816 0.729258
v -98.109131 2.838779 0.057909
v -98.189407 1.683101 1.476076
v -98.347061 2.851209 0.072680
v -98.393387 2.221044 0.742357
v -98.432510 1.688559 1.487604
v -98.478500 2.311267 0.784250
v -98.518646 1.776306 1.523844
v -98.574875 2.229750 0.742357
v -98.615952 1.693379 1.487604
v -98.576828 2.204477 0.730082
v -98.617874 1.668327 1.476999
v -98.529663 2.141923 0.700815
v -98.570129 1.607314 1.451693
v -98.457901 2.138752 0.700815
v -98.497589 1.605537 1.451693
v -98.431747 2.934329 0.119989
v -98.526276 2.864925 0.072680
v -98.527985 2.842484 0.058825
v -98.480988 2.785236 0.025782
v -98.410126 2.780059 0.025782
v -98.256226 0.721024 4.354708
v -98.260178 0.664199 4.347490
v -98.249313 0.820725 3.604647
v -98.247452 0.847196 3.608141
v -98.230988 1.077804 2.870974
v -98.212524 1.350219 2.166330
v -98.456802 1.358016 2.175806
v -98.475220 1.083823 2.884470
v -98.491150 0.872676 3.612780
v -98.558975 1.181381 2.906137
v -98.573959 0.979509 3.627672
v -98.632858 0.967194 2.848940
v -98.595367 1.273815 2.145731
v -98.522400 1.272548 2.145731
v -98.530014 0.958745 2.849977
v -98.692429 1.075569 2.874186
v -98.643311 1.335899 2.166910
v -98.543350 1.447135 2.206141
v -98.641342 1.361558 2.175806
v -98.590332 0.797894 3.595583
v -98.609650 0.616740 4.343668
v -98.734070 0.739821 4.475695
v -98.612457 0.593901 4.464731
v -98.467407 0.747246 4.359049
v -98.582474 0.884855 4.369089
v -98.598785 0.736678 4.464663
v -98.462708 0.729850 4.478327
v -98.583405 0.875974 4.487810
v -98.725922 0.800759 4.479288
v -98.467743 0.669445 4.471972
v -98.472183 0.690435 4.352457
v -98.495773 0.817935 3.608095
v -99.796722 0.942849 3.165857
v -97.934250 1.676266 1.487597
v -97.956055 1.341856 2.175806
v -97.974503 1.058939 2.886194
v -97.988892 0.838527 3.614092
v -97.793839 0.829859 3.614092
v -97.780182 1.050061 2.886194
v -97.866806 1.157795 2.910456
v -97.880692 0.939380 3.632113
v -97.762634 1.332892 2.175806
v -97.848923 1.438954 2.206133
v -97.741821 1.668321 1.487597
v -97.827759 1.772141 1.523829
v -97.256195 1.309635 2.175791
v -97.238068 1.647647 1.487597
v -97.271362 1.027080 2.886194
v -97.283157 0.807452 3.614092
v -97.087875 0.798995 3.614092
v -97.076813 1.018390 2.886194
v -97.163635 1.125610 2.910440
v -97.174942 0.907984 3.632113
v -97.062561 1.300829 2.175791
v -97.149048 1.406103 2.206133
v -97.045456 1.639793 1.487597
v -97.131577 1.742188 1.523829
v -96.555344 1.283126 2.175791
v -96.540894 1.626582 1.487597
v -96.567307 0.999314 2.886194
v -96.576569 0.779204 3.614092
v -96.381027 0.772304 3.614092
v -96.372421 0.993093 2.886194
v -96.465057 1.099739 2.910440
v -96.473907 0.881174 3.632113
v -96.361343 1.277955 2.175806
v -96.453629 1.381781 2.206133
v -96.347900 1.623755 1.487597
v -96.439804 1.723607 1.523829
v -96.620300 0.597830 4.351778
v -96.578873 0.724454 3.608805
v -96.487671 0.677599 3.596224
v -96.497910 0.479546 4.338449
v -96.383163 0.717425 3.608644
v -96.352097 0.587621 4.351763
v -96.349915 0.644698 4.358995
v -96.627655 0.577721 4.471102
v -96.499359 0.453997 4.458353
v -96.346405 0.566930 4.471102
v -96.478271 0.769441 4.372332
v -96.484543 0.600849 4.486193
v -96.478760 0.757830 4.490839
v -96.625076 0.638166 4.478106
v -96.344101 0.627643 4.478106
v -96.617874 0.654666 4.358995
v -97.328964 0.626639 4.351778
v -97.286087 0.752823 3.608805
v -97.194092 0.705450 3.596216
v -97.205963 0.508199 4.338449
v -97.090637 0.744425 3.608797
v -97.061035 0.615329 4.351763
v -97.336533 0.606583 4.471102
v -97.207596 0.482753 4.458361
v -97.055618 0.594757 4.471102
v -97.058212 0.671999 4.358995
v -97.178665 0.796647 4.372316
v -97.193253 0.629049 4.486193
v -97.178925 0.785070 4.490839
v -97.333252 0.666947 4.478106
v -97.052612 0.655034 4.478106
v -97.325882 0.683390 4.358995
v -98.036819 0.657101 4.351778
v -97.992477 0.783702 3.608820
v -97.898666 0.735960 3.596224
v -97.911835 0.537957 4.338449
v -97.797241 0.775085 3.608805
v -97.769196 0.645483 4.351778
v -98.044617 0.636981 4.471102
v -97.913605 0.512411 4.458361
v -97.763992 0.624830 4.471102
v -97.765686 0.702363 4.358995
v -97.886230 0.827659 4.372332
v -97.901154 0.659386 4.486200
v -97.886719 0.816044 4.490839
v -98.040619 0.697561 4.478106
v -97.760284 0.685328 4.478106
v -98.033081 0.714056 4.359003
v -97.859833 2.817159 0.072680
v -97.900482 2.193884 0.742342
v -97.709839 2.183849 0.742334
v -97.795471 2.280020 0.784235
v -97.671463 2.802709 0.072680
v -97.756210 2.897590 0.119989
v -97.178101 2.764913 0.072680
v -97.210693 2.157661 0.742342
v -97.019806 2.147682 0.742342
v -97.105637 2.241097 0.784235
v -96.989395 2.750468 0.072680
v -97.074371 2.842518 0.119982
v -96.494461 2.729652 0.072680
v -96.519562 2.133201 0.742342
v -96.328156 2.131209 0.742342
v -96.419724 2.219291 0.784235
v -96.304993 2.726877 0.072680
v -96.395721 2.811767 0.119982
v -98.502563 2.127651 -0.799803
v -98.537872 1.658037 -1.471022
v -98.562271 1.333756 -2.162626
v -98.578033 1.079377 -2.876448
v -98.455872 2.748527 -0.191397
v -98.443695 2.910392 -0.012190
v -98.455887 2.748228 0.153170
v -98.502533 2.128074 0.832445
v -98.537827 1.658630 1.506037
v -98.562210 1.334655 2.200647
v -98.578232 1.078750 2.857553
v -89.410645 0.313448 -2.463900
v -91.682419 0.312696 -2.463900
v -94.031448 0.311851 -2.463900
v -96.375351 0.312826 -2.463900
v -89.410645 0.313448 2.450029
v -91.682419 0.312696 2.450029
v -91.682419 0.312740 -0.002371
v -89.410645 0.313463 -0.002371
v -94.031448 0.311851 2.450029
v -96.375351 0.312826 2.450029
v -96.375366 0.312806 -0.002371
v -94.031448 0.311866 -0.002371
v -98.645447 0.313723 -2.463900
v -98.645447 0.313723 2.450029
v -98.645447 0.313767 -0.002371
v -99.142700 0.297167 1.878183
v -99.326355 0.297313 1.878183
v -99.327255 0.329754 1.878183
v -100.064651 0.485568 1.884638
v -100.065445 0.455303 1.884752
v -100.230270 0.515176 1.884912
v -100.231339 0.685738 1.884279
v -99.142136 0.326571 1.878183
v -100.279388 0.872476 -4.034998
v -100.274033 1.024175 -4.031736
v -100.109787 0.796086 -3.876242
v -100.115158 0.760696 -3.881208
v -99.324265 0.327020 -3.118452
v -99.325699 0.298399 -3.119642
v -99.144226 0.294714 -2.946051
v -98.105896 0.592677 -4.008986
v -98.102371 0.729196 -4.009966
v -98.105331 0.560485 -3.849752
v -98.106232 0.529019 -3.850611
v -98.090973 0.329917 -3.123144
v -98.091370 0.296967 -3.122213
v -98.091293 0.296835 -2.943022
v -98.575150 0.296829 -2.942438
v -98.575150 0.296961 -3.121717
v -98.575150 0.328769 -3.122763
v -98.602997 0.602760 -3.856939
v -98.603561 0.570118 -3.857664
v -98.604401 0.634737 -4.016447
v -98.601700 0.786627 -4.016615
v -98.822220 0.296817 -2.942068
v -98.917313 0.296994 -3.121435
v -98.917725 0.328974 -3.122595
v -99.320038 0.676581 -3.866743
v -99.321045 0.644104 -3.867323
v -99.411545 0.749089 -4.026960
v -99.406433 0.901684 -4.026148
v -99.143982 0.296826 -2.391966
v -99.327789 0.296964 -2.392092
v -99.328781 0.328678 -2.392397
v -100.077011 0.570012 -2.408751
v -100.077911 0.537337 -2.409254
v -100.246002 0.598284 -2.409575
v -100.245468 0.771776 -2.407408
v -99.143951 0.296818 -2.667105
v -99.327576 0.297000 -2.752546
v -99.328674 0.328879 -2.753004
v -100.093460 0.659248 -3.103117
v -100.094360 0.626734 -3.103842
v -100.263931 0.729685 -3.184446
v -100.261887 0.885705 -3.180838
v -99.143997 0.296818 -1.870337
v -99.328033 0.296969 -1.870436
v -99.328918 0.328544 -1.870543
v -100.063507 0.475608 -1.877802
v -100.064346 0.450111 -1.877996
v -100.232040 0.509989 -1.878187
v -100.233017 0.679499 -1.877302
v -94.904861 0.326032 -2.943472
v -94.903687 0.296712 -2.944616
v -94.902267 0.522074 -3.998037
v -94.903625 0.330030 -3.124739
v -94.903763 0.296832 -3.123846
v -94.902939 0.496434 -3.839483
v -94.903076 0.465792 -3.840014
v -98.089249 0.326511 -2.941961
v -98.575134 0.325921 -2.942251
v -98.823044 0.325757 -2.941633
v -99.144104 0.326050 -2.944029
v -99.143982 0.325867 -2.667002
v -99.143982 0.325941 -2.394747
v -99.143951 0.325653 -1.869719
v -94.901855 0.648610 -3.999372
v -98.574493 0.296912 1.878183
v -98.758011 0.297180 1.878183
v -98.757965 0.328257 1.878183
v -98.572739 0.326198 1.878183
v -98.087296 0.328250 -2.567091
v -98.087784 0.297111 -2.567183
v -98.087646 0.296775 -2.388166
v -98.575134 0.327084 -2.565504
v -98.758804 0.327178 -2.395460
v -98.575104 0.296843 -1.868013
v -98.760300 0.297141 -1.868223
v -98.760239 0.327686 -1.868216
v -94.906097 0.326191 -2.385008
v -94.906158 0.296207 -2.388350
v -94.906082 0.328609 -2.567602
v -94.906219 0.296363 -2.567617
v -98.086914 0.326214 -2.384748
v -98.575089 0.325656 -1.867842
v -98.756561 0.326211 -2.563543
v -98.759537 0.299136 -2.566442
v -98.575134 0.295366 -2.392805
v -98.575104 0.325899 -2.388197
v -98.760422 0.298472 -2.395700
v -98.575134 0.298535 -2.567205
v -94.696457 0.297012 3.001833
v -94.696411 0.297148 3.178904
v -94.696365 0.328556 3.179766
v -94.696152 0.481186 3.891085
v -94.696228 0.443243 3.891642
v -94.696564 0.499191 4.052546
v -94.696335 0.634219 4.054094
v -94.695770 0.325198 3.000780
v -100.277679 0.899748 4.090891
v -100.271347 1.075175 4.086847
v -100.113831 0.823176 3.926470
v -100.119385 0.787780 3.931276
v -99.320831 0.327709 3.175104
v -99.322052 0.299088 3.176500
v -99.144501 0.295403 3.007082
v -99.140793 0.297518 2.457933
v -99.324173 0.297651 2.458010
v -99.325241 0.329458 2.458277
v -100.081558 0.572531 2.475367
v -100.082413 0.539910 2.475924
v -100.244797 0.600968 2.476244
v -100.244446 0.796270 2.474245
v -99.140427 0.297506 2.684267
v -99.323883 0.297683 2.777231
v -99.325073 0.329663 2.777643
v -100.097778 0.661147 3.156946
v -100.098602 0.628682 3.157648
v -100.262497 0.732049 3.245424
v -100.260437 0.914579 3.241884
v -98.577759 0.297515 3.003542
v -98.577896 0.297654 3.178545
v -98.578201 0.329368 3.179514
v -98.606949 0.615654 3.906954
v -98.607697 0.582960 3.907755
v -98.608536 0.647682 4.072130
v -98.604965 0.821369 4.072046
v -98.859177 0.297507 3.003122
v -98.946579 0.297689 3.178339
v -98.947037 0.329568 3.179407
v -99.320282 0.689355 3.916681
v -99.321320 0.656825 3.917353
v -99.404495 0.761770 4.082582
v -99.398911 0.927371 4.081537
v -98.123825 0.297506 3.003794
v -98.123932 0.297657 3.178789
v -98.123657 0.329221 3.179651
v -98.139542 0.567389 3.900080
v -98.140182 0.541881 3.900942
v -98.140137 0.605687 4.065042
v -98.137024 0.737278 4.066042
v -99.140610 0.326610 2.457415
v -99.139984 0.326446 2.685068
v -99.142426 0.326739 3.005259
v -98.859085 0.326556 3.003572
v -98.580612 0.326631 3.003580
v -98.122833 0.326331 3.003115
v -94.695267 0.296550 2.445536
v -94.695221 0.296722 2.622644
v -94.695175 0.327224 2.622637
v -94.695175 0.325041 2.442049
v -98.755264 0.327774 2.454645
v -98.581345 0.327868 2.622263
v -98.121384 0.297531 2.448862
v -98.121613 0.297829 2.623720
v -98.121216 0.328363 2.623667
v -98.120850 0.326334 2.445452
v -98.753250 0.326900 2.620073
v -98.756226 0.299826 2.622980
v -98.578629 0.296055 2.453524
v -98.573914 0.326589 2.448908
v -98.581573 0.299161 2.623842
v -98.757004 0.299224 2.454866
v -93.311676 0.644344 -3.999338
v -93.311539 0.518459 -3.997793
v -93.311905 0.462579 -3.836889
v -93.311935 0.491433 -3.836336
v -93.311813 0.328537 -3.125010
v -93.311783 0.297147 -3.124151
v -93.311737 0.297010 -2.947081
v -93.312408 0.325181 -2.946028
v -93.313004 0.327206 -2.567884
v -93.312973 0.296721 -2.567888
v -93.312927 0.296548 -2.390779
v -93.313004 0.325024 -2.387300
v -88.863693 0.297167 -1.823427
v -88.680038 0.297313 -1.823427
v -88.679138 0.329754 -1.823427
v -87.942551 0.501662 -1.829336
v -87.941788 0.471401 -1.829443
v -87.776978 0.531217 -1.829592
v -87.775833 0.688236 -1.829012
v -88.864273 0.326571 -1.823431
v -87.727295 0.897779 4.089556
v -87.733688 1.075210 4.085611
v -87.896896 0.821422 3.930811
v -87.891525 0.786032 3.935770
v -88.682129 0.327020 3.173204
v -88.680710 0.298399 3.174395
v -88.862183 0.294714 3.000803
v -89.901886 0.598038 4.063173
v -89.905823 0.734524 4.064196
v -89.902283 0.565932 3.903971
v -89.901306 0.534472 3.904818
v -89.914963 0.329913 3.177896
v -89.914459 0.296966 3.176966
v -89.914520 0.296835 2.997774
v -89.431244 0.296829 2.997187
v -89.431244 0.296961 3.176470
v -89.431244 0.328769 3.177515
v -89.404068 0.613760 3.911242
v -89.403519 0.581122 3.911959
v -89.402725 0.645654 4.070719
v -89.405655 0.815415 4.070719
v -89.184174 0.296817 2.996820
v -89.089081 0.296994 3.176188
v -89.088669 0.328974 3.177347
v -88.686844 0.687580 3.921175
v -88.685852 0.655105 3.921747
v -88.595352 0.760029 4.081377
v -88.600677 0.921788 4.080423
v -88.862411 0.296826 2.446718
v -88.678619 0.296964 2.446848
v -88.677628 0.328678 2.447153
v -87.929092 0.570845 2.463694
v -87.928192 0.538168 2.464205
v -87.760071 0.599169 2.464540
v -87.760773 0.781042 2.462267
v -88.862442 0.296818 2.721857
v -88.678818 0.297000 2.807299
v -88.677734 0.328879 2.807756
v -87.912933 0.659740 3.157877
v -87.912033 0.627226 3.158594
v -87.742462 0.730188 3.239206
v -87.744995 0.904586 3.235254
v -88.862396 0.296818 1.925089
v -88.678360 0.296969 1.925188
v -88.677475 0.328544 1.925295
v -87.942398 0.504187 1.932894
v -87.941544 0.478687 1.933092
v -87.773819 0.538620 1.933298
v -87.772903 0.708145 1.932375
v -93.103317 0.326015 2.998224
v -93.104507 0.296711 2.999369
v -93.105728 0.501385 4.052790
v -93.104553 0.330011 3.179491
v -93.104431 0.296831 3.178598
v -93.105103 0.484888 3.894236
v -93.104965 0.445170 3.894770
v -89.916672 0.326508 2.996714
v -89.431259 0.325921 2.997004
v -89.183350 0.325757 2.996386
v -88.862305 0.326050 2.998781
v -88.862411 0.325867 2.721758
v -88.862411 0.325941 2.449503
v -88.862442 0.325653 1.924471
v -93.106094 0.636943 4.054125
v -89.431900 0.296912 -1.823431
v -89.248383 0.297180 -1.823431
v -89.248428 0.328257 -1.823431
v -89.433670 0.326198 -1.823431
v -89.918640 0.328247 2.621843
v -89.918045 0.297111 2.621935
v -89.918182 0.296774 2.442919
v -89.431259 0.327084 2.620256
v -89.247589 0.327178 2.450212
v -89.431290 0.296843 1.922770
v -89.246109 0.297141 1.922976
v -89.246155 0.327686 1.922968
v -93.102081 0.326173 2.439760
v -93.102036 0.296206 2.443102
v -93.102097 0.328590 2.622355
v -93.101974 0.296362 2.622370
v -89.919022 0.326211 2.439501
v -89.431305 0.325656 1.922594
v -89.249832 0.326211 2.618296
v -89.246872 0.299136 2.621195
v -89.431274 0.295366 2.447557
v -89.431290 0.325899 2.442949
v -89.245987 0.298472 2.450457
v -89.431259 0.298535 2.621958
v -87.730225 0.871858 -4.035131
v -87.736359 1.046885 -4.031218
v -87.894043 0.795434 -3.870726
v -87.888535 0.760043 -3.875509
v -88.685562 0.327709 -3.120352
v -88.684341 0.299088 -3.121748
v -88.861893 0.295403 -2.952330
v -88.865601 0.297518 -2.403181
v -88.682220 0.297651 -2.403257
v -88.681152 0.329458 -2.403524
v -87.925873 0.570772 -2.419920
v -87.925034 0.538156 -2.420458
v -87.762665 0.599156 -2.420774
v -87.763336 0.778726 -2.418562
v -88.865967 0.297506 -2.629515
v -88.682510 0.297683 -2.722479
v -88.681320 0.329663 -2.722891
v -87.909897 0.659042 -3.101339
v -87.909088 0.626583 -3.102026
v -87.745193 0.729839 -3.189802
v -87.747665 0.902689 -3.185980
v -89.428635 0.297515 -2.948790
v -89.428513 0.297654 -3.123793
v -89.428192 0.329368 -3.124762
v -89.400711 0.602294 -3.851358
v -89.399979 0.569606 -3.852133
v -89.399170 0.634234 -4.016500
v -89.402603 0.807884 -4.016508
v -89.147217 0.297507 -2.948370
v -89.059830 0.297689 -3.123587
v -89.059357 0.329568 -3.124655
v -88.687500 0.675982 -3.861002
v -88.686478 0.643458 -3.861654
v -88.603302 0.748275 -4.026880
v -88.608841 0.916868 -4.025877
v -89.882004 0.297506 -2.949041
v -89.881897 0.297657 -3.124037
v -89.882278 0.329218 -3.124899
v -89.868286 0.559529 -3.844542
v -89.867554 0.534029 -3.845392
v -89.867874 0.597736 -4.009474
v -89.871872 0.750388 -4.010382
v -88.865784 0.326610 -2.402662
v -88.866425 0.326446 -2.630316
v -88.863968 0.326739 -2.950506
v -89.147324 0.326556 -2.948820
v -89.425797 0.326631 -2.948828
v -89.883102 0.326328 -2.948362
v -89.251129 0.327774 -2.399889
v -89.425064 0.327868 -2.567511
v -89.884445 0.297531 -2.394106
v -89.884216 0.297828 -2.568968
v -89.884720 0.328360 -2.568914
v -89.885071 0.326331 -2.390696
v -89.253143 0.326900 -2.565321
v -89.250168 0.299826 -2.568224
v -89.427780 0.296055 -2.398771
v -89.432495 0.326589 -2.394156
v -89.424820 0.299161 -2.569086
v -89.249390 0.299224 -2.400110
v -91.418594 0.675396 4.053820
v -91.408981 0.533395 4.052141
v -91.404678 0.473329 3.894121
v -91.407501 0.514085 3.893534
v -91.395309 0.330261 3.178644
v -91.393112 0.296919 3.177736
v -91.393173 0.296792 2.998529
v -91.395432 0.326536 2.997423
v -91.396042 0.328699 2.622087
v -91.393875 0.296763 2.622141
v -91.393967 0.296513 2.443003
v -91.396103 0.326459 2.439623
v -96.438950 0.325853 2.443750
v -96.440750 0.297038 2.447199
v -96.440811 0.297272 2.623178
v -96.439026 0.327974 2.623148
v -96.440201 0.325934 3.001947
v -96.442490 0.297266 3.002810
v -96.442505 0.297411 3.178850
v -96.440720 0.329085 3.179705
v -96.430389 0.510271 3.889482
v -96.432571 0.473465 3.890093
v -96.429306 0.533107 4.052401
v -96.421127 0.671799 4.054171
v -96.481262 0.684529 -3.999083
v -96.489578 0.552405 -3.997435
v -96.493607 0.492557 -3.839411
v -96.491577 0.523793 -3.838827
v -96.503525 0.330246 -3.123949
v -96.505569 0.296913 -3.123037
v -96.505508 0.296787 -2.943827
v -96.503479 0.326503 -2.942724
v -96.502991 0.328694 -2.567350
v -96.505005 0.296736 -2.567404
v -96.504913 0.296492 -2.388258
v -96.502930 0.326442 -2.384878
v -91.616241 0.325749 -2.388945
v -91.614655 0.297017 -2.392393
v -91.614578 0.297249 -2.568411
v -91.616165 0.327868 -2.568380
v -91.615021 0.325833 -2.947157
v -91.612930 0.297252 -2.948027
v -91.612915 0.297396 -3.124098
v -91.614487 0.328983 -3.124960
v -91.624130 0.519313 -3.834776
v -91.622665 0.491957 -3.835386
v -91.625534 0.551296 -3.997648
v -91.632797 0.690023 -3.999418
v -87.775101 0.638923 -0.901945
v -87.776199 0.478822 -0.902151
v -87.941727 0.418978 -0.902090
v -87.942520 0.448065 -0.902060
v -88.678726 0.329456 -0.899481
v -88.679626 0.297229 -0.899511
v -88.863373 0.297081 -0.899534
v -88.863815 0.326345 -0.899687
v -89.247864 0.328116 -0.900061
v -89.247818 0.297171 -0.900061
v -89.431763 0.296895 -0.900106
v -89.433090 0.326064 -0.900152
v -87.773666 0.648723 0.949495
v -87.774643 0.482466 0.950022
v -87.941605 0.422564 0.949907
v -87.942444 0.449308 0.949793
v -88.677917 0.328860 0.945719
v -88.678802 0.297059 0.945642
v -88.862732 0.296909 0.945566
v -88.862915 0.325893 0.945108
v -89.246750 0.327835 0.944002
v -89.246689 0.297151 0.944002
v -89.431458 0.296861 0.943850
v -89.431915 0.325797 0.943727
v -100.231750 0.639895 0.936022
v -100.230713 0.479711 0.936274
v -100.065170 0.419837 0.936205
v -100.064362 0.448900 0.936167
v -99.327682 0.329449 0.933168
v -99.326782 0.297227 0.933191
v -99.143036 0.297079 0.933222
v -99.142593 0.326340 0.933374
v -98.758545 0.328113 0.933756
v -98.758591 0.297170 0.933756
v -98.574646 0.296895 0.933809
v -98.573334 0.326061 0.933855
v -100.232590 0.648382 -0.918898
v -100.231598 0.482049 -0.919394
v -100.064621 0.422172 -0.919294
v -100.063797 0.448884 -0.919180
v -99.328491 0.328852 -0.915411
v -99.327606 0.297057 -0.915335
v -99.143677 0.296907 -0.915258
v -99.143494 0.325887 -0.914801
v -98.759659 0.327832 -0.913679
v -98.759720 0.297151 -0.913687
v -98.574951 0.296861 -0.913527
v -98.574493 0.325794 -0.913397
v -97.951187 3.100705 0.001040
v -97.917450 3.064144 0.001493
v -97.925415 2.962003 -0.152747
v -97.960342 2.983726 -0.176256
v -97.960175 2.985869 0.177443
v -97.925186 2.964946 0.154503
v -97.977219 2.768006 0.174160
v -97.939636 2.779119 0.153293
v -97.947083 2.683442 0.001489
v -97.985504 2.661863 0.001040
v -97.976990 2.771120 -0.173369
v -97.939499 2.781150 -0.151140
v -98.658676 2.926517 0.001040
v -98.638763 3.156834 0.001040
v -98.648895 3.039932 -0.176129
v -98.648727 3.042078 0.177308
v -98.667267 2.827466 -0.173238
v -98.676697 2.718282 0.001040
v -98.667557 2.824359 0.174033
v -95.340652 2.969520 0.001031
v -95.302780 2.938215 0.001031
v -95.307220 2.843121 -0.150417
v -95.345810 2.859912 -0.173537
v -95.345657 2.863076 0.174287
v -95.307083 2.845862 0.151347
v -95.356110 2.641384 0.176437
v -95.316071 2.653572 0.153162
v -95.361328 2.530570 0.001031
v -95.320541 2.557475 0.001031
v -95.356262 2.638044 -0.172989
v -95.316193 2.650674 -0.149881
v -97.879471 3.095610 0.001031
v -96.638000 3.024721 0.001031
v -96.644882 2.915206 -0.173378
v -97.887955 2.986209 -0.173185
v -97.905090 2.764750 -0.172637
v -96.658752 2.693522 -0.172833
v -97.913376 2.657474 0.001031
v -96.665451 2.586136 0.001031
v -96.658524 2.696858 0.176282
v -97.904831 2.768084 0.176077
v -97.887711 2.989361 0.173935
v -96.644684 2.918364 0.174128
v -96.603683 2.992530 0.001031
v -96.563919 3.020159 0.001031
v -96.570679 2.910638 -0.173389
v -96.609573 2.897949 -0.149599
v -96.621460 2.706540 -0.149064
v -96.584366 2.688941 -0.172842
v -96.627213 2.613847 0.001031
v -96.590958 2.581552 0.001031
v -96.584152 2.692279 0.176294
v -96.621246 2.709417 0.152328
v -96.609390 2.900675 0.150525
v -96.570480 2.913793 0.174136
v -95.265472 2.966049 0.001031
v -94.035599 2.941111 0.001031
v -94.040665 2.831436 -0.173651
v -95.270538 2.856438 -0.173545
v -95.280792 2.634557 -0.172997
v -94.044556 2.609432 -0.173103
v -95.285751 2.527078 0.001031
v -94.035690 2.501891 0.001031
v -94.032211 2.612774 0.176560
v -95.280640 2.637895 0.176445
v -95.270401 2.859594 0.174295
v -94.035294 2.834601 0.174401
v -93.992706 2.909992 0.001031
v -93.992737 2.816642 -0.149261
v -93.992767 2.625033 -0.149899
v -93.992691 2.530765 0.001031
v -93.992645 2.625033 0.151962
v -93.992615 2.816642 0.151328
v -90.034225 3.100705 0.001027
v -90.067947 3.064144 0.000569
v -90.059998 2.962003 0.154809
v -90.025055 2.983726 0.178322
v -90.025223 2.985869 -0.175376
v -90.060226 2.964946 -0.152441
v -90.008179 2.768006 -0.172098
v -90.045746 2.779119 -0.151230
v -90.038315 2.683442 0.000573
v -89.999908 2.661863 0.001027
v -90.008423 2.771120 0.175432
v -90.045914 2.781150 0.153203
v -89.326721 2.926517 0.001027
v -89.346619 3.156834 0.001027
v -89.336502 3.039932 0.178195
v -89.336655 3.042078 -0.175246
v -89.318146 2.827466 0.175305
v -89.308716 2.718282 0.001027
v -89.317841 2.824359 -0.171971
v -92.644760 2.969520 0.001031
v -92.682617 2.938215 0.001031
v -92.678177 2.843121 0.152483
v -92.639603 2.859912 0.175599
v -92.639740 2.863076 -0.172225
v -92.678314 2.845862 -0.149280
v -92.629303 2.641384 -0.174371
v -92.669342 2.653572 -0.151095
v -92.624084 2.530570 0.001031
v -92.664871 2.557475 0.001031
v -92.629135 2.638044 0.175056
v -92.669220 2.650674 0.151947
v -90.105927 3.095610 0.001031
v -91.347382 3.024721 0.001031
v -91.340530 2.915206 0.175444
v -90.097458 2.986209 0.175248
v -90.080322 2.764750 0.174700
v -91.326645 2.693522 0.174896
v -90.072037 2.657474 0.001031
v -91.319962 2.586136 0.001031
v -91.326874 2.696858 -0.174220
v -90.080566 2.768084 -0.174015
v -90.097687 2.989361 -0.171873
v -91.340729 2.918364 -0.172065
v -91.381714 2.992530 0.001031
v -91.421478 3.020159 0.001031
v -91.414734 2.910638 0.175452
v -91.375839 2.897949 0.151666
v -91.363953 2.706540 0.151126
v -91.401047 2.688941 0.174904
v -91.358185 2.613847 0.001031
v -91.394440 2.581552 0.001031
v -91.401245 2.692279 -0.174232
v -91.364166 2.709417 -0.150261
v -91.376007 2.900675 -0.148458
v -91.414917 2.913793 -0.172073
v -92.719925 2.966049 0.001031
v -93.949783 2.941111 0.001031
v -93.949966 2.831436 0.175718
v -92.714859 2.856438 0.175607
v -92.704605 2.634557 0.175059
v -93.953094 2.609432 0.175166
v -92.699661 2.527078 0.001031
v -93.949722 2.501891 0.001031
v -93.940948 2.612774 -0.174498
v -92.704773 2.637895 -0.174379
v -92.714996 2.859594 -0.172228
v -93.944855 2.834601 -0.172335
v -100.287460 1.291195 4.080238
v -100.270493 1.263076 4.065336
v -100.350739 1.182899 3.995424
v -100.379791 1.199360 3.999897
v -100.204498 1.209079 4.176746
v -100.198441 1.192151 4.148965
v -100.214478 1.045541 4.190708
v -100.206055 1.052693 4.161596
v -100.284866 0.977424 4.092439
v -100.304306 0.961934 4.111714
v -100.386520 1.039909 4.016592
v -100.356796 1.047237 4.009114
v -100.639221 1.175632 4.429763
v -100.628616 1.348267 4.411533
v -100.721771 1.256580 4.332125
v -100.546585 1.266293 4.508854
v -100.730148 1.097393 4.350458
v -100.648849 1.019553 4.446307
v -100.558273 1.103029 4.524476
v -98.989349 1.279581 2.816443
v -98.970016 1.259304 2.798581
v -99.045807 1.183860 2.726815
v -99.076706 1.192618 2.733713
v -98.904388 1.203060 2.907658
v -98.896271 1.192919 2.877724
v -98.905197 1.035391 2.918194
v -98.896957 1.047494 2.886717
v -98.993042 0.947490 2.835093
v -98.973083 0.971279 2.814657
v -99.078339 1.024775 2.743411
v -99.047089 1.038289 2.735210
v -100.251862 1.286007 4.045624
v -99.634918 1.241193 3.445551
v -99.723831 1.154494 3.364502
v -100.342300 1.199920 3.966204
v -100.350296 1.033758 3.982134
v -99.728760 0.987139 3.377413
v -100.268295 0.957246 4.076693
v -99.645157 0.910070 3.470571
v -99.555740 0.997699 3.551914
v -100.177429 1.044255 4.156429
v -100.170227 1.210245 4.139695
v -99.551636 1.164883 3.538210
v -99.617599 1.218135 3.429702
v -99.598038 1.240310 3.409673
v -99.686935 1.153607 3.328550
v -99.694321 1.143261 3.359677
v -99.698486 0.998764 3.370791
v -99.691620 0.986249 3.341279
v -99.626266 0.932241 3.451162
v -99.607880 0.909181 3.434297
v -99.518616 0.996812 3.515801
v -99.549088 1.007880 3.521429
v -99.545639 1.152232 3.509759
v -99.514725 1.163996 3.502268
v -98.951920 1.283486 2.779912
v -99.039200 1.196534 2.697117
v -99.040634 1.028709 2.706666
v -98.955276 0.951439 2.798251
v -98.867523 1.039322 2.881384
v -98.866898 1.206972 2.871063
v -98.549530 1.363302 2.383831
v -98.548096 1.036175 2.398696
v -98.725266 1.259990 2.390519
v -98.724228 1.092447 2.397615
v -98.545959 1.104110 2.567430
v -98.547531 1.271542 2.559272
v -100.287460 1.291195 -4.080238
v -100.270493 1.263076 -4.065336
v -100.350739 1.182899 -3.995424
v -100.379791 1.199360 -3.999897
v -100.204498 1.209079 -4.176746
v -100.198441 1.192151 -4.148965
v -100.214478 1.045541 -4.190708
v -100.206055 1.052693 -4.161596
v -100.284866 0.977424 -4.092439
v -100.304306 0.961934 -4.111714
v -100.386520 1.039909 -4.016592
v -100.356796 1.047237 -4.009114
v -100.639221 1.175632 -4.429763
v -100.628616 1.348267 -4.411533
v -100.721771 1.256580 -4.332125
v -100.546585 1.266293 -4.508855
v -100.730148 1.097393 -4.350458
v -100.648849 1.019553 -4.446307
v -100.558273 1.103029 -4.524476
v -98.989349 1.279581 -2.816443
v -98.970016 1.259304 -2.798582
v -99.045807 1.183860 -2.726815
v -99.076706 1.192618 -2.733713
v -98.904388 1.203060 -2.907658
v -98.896271 1.192919 -2.877724
v -98.905197 1.035391 -2.918194
v -98.896957 1.047494 -2.886717
v -98.993042 0.947490 -2.835093
v -98.973083 0.971279 -2.814657
v -99.078339 1.024775 -2.743411
v -99.047089 1.038289 -2.735210
v -100.251862 1.286007 -4.045624
v -99.634918 1.241193 -3.445551
v -99.723831 1.154494 -3.364502
v -100.342300 1.199920 -3.966204
v -100.350296 1.033758 -3.982134
v -99.728760 0.987139 -3.377413
v -100.268295 0.957246 -4.076693
v -99.645157 0.910070 -3.470571
v -99.555740 0.997699 -3.551914
v -100.177429 1.044255 -4.156429
v -100.170227 1.210245 -4.139695
v -99.551636 1.164883 -3.538210
v -99.617599 1.218135 -3.429702
v -99.598038 1.240310 -3.409674
v -99.686935 1.153607 -3.328550
v -99.694321 1.143261 -3.359677
v -99.698486 0.998764 -3.370791
v -99.691620 0.986249 -3.341279
v -99.626266 0.932241 -3.451162
v -99.607880 0.909181 -3.434297
v -99.518616 0.996812 -3.515801
v -99.549088 1.007880 -3.521429
v -99.545639 1.152232 -3.509759
v -99.514725 1.163996 -3.502268
v -98.951920 1.283486 -2.779912
v -99.039200 1.196534 -2.697117
v -99.040634 1.028709 -2.706666
v -98.955276 0.951439 -2.798251
v -98.867523 1.039322 -2.881384
v -98.866898 1.206972 -2.871063
v -98.549530 1.363302 -2.383831
v -98.548096 1.036175 -2.398696
v -98.725266 1.259990 -2.390519
v -98.724228 1.092447 -2.397615
v -98.545959 1.104110 -2.567430
v -98.547531 1.271542 -2.559272
v -87.705124 1.291195 -4.080238
v -87.722092 1.263076 -4.065336
v -87.641846 1.182899 -3.995424
v -87.612793 1.199360 -3.999897
v -87.788086 1.209079 -4.176746
v -87.794144 1.192151 -4.148965
v -87.778107 1.045541 -4.190708
v -87.786530 1.052693 -4.161596
v -87.707718 0.977424 -4.092439
v -87.688278 0.961934 -4.111714
v -87.606064 1.039909 -4.016592
v -87.635788 1.047237 -4.009114
v -87.353363 1.175632 -4.429763
v -87.363968 1.348267 -4.411533
v -87.270813 1.256580 -4.332125
v -87.445999 1.266293 -4.508855
v -87.262436 1.097393 -4.350458
v -87.343735 1.019553 -4.446307
v -87.434311 1.103029 -4.524476
v -89.003235 1.279581 -2.816443
v -89.022568 1.259304 -2.798582
v -88.946777 1.183860 -2.726815
v -88.915878 1.192618 -2.733713
v -89.088196 1.203060 -2.907658
v -89.096313 1.192919 -2.877724
v -89.087387 1.035391 -2.918194
v -89.095627 1.047494 -2.886717
v -88.999542 0.947490 -2.835093
v -89.019501 0.971279 -2.814657
v -88.914246 1.024775 -2.743411
v -88.945496 1.038289 -2.735210
v -87.740723 1.286007 -4.045624
v -88.357666 1.241193 -3.445551
v -88.268753 1.154494 -3.364502
v -87.650284 1.199920 -3.966204
v -87.642288 1.033758 -3.982134
v -88.263824 0.987139 -3.377413
v -87.724289 0.957246 -4.076693
v -88.347427 0.910070 -3.470571
v -88.436844 0.997699 -3.551914
v -87.815155 1.044255 -4.156429
v -87.822357 1.210245 -4.139695
v -88.440948 1.164883 -3.538210
v -88.374985 1.218135 -3.429702
v -88.394547 1.240310 -3.409674
v -88.305649 1.153607 -3.328550
v -88.298264 1.143261 -3.359677
v -88.294098 0.998764 -3.370791
v -88.300964 0.986249 -3.341279
v -88.366318 0.932241 -3.451162
v -88.384705 0.909181 -3.434297
v -88.473969 0.996812 -3.515801
v -88.443497 1.007880 -3.521429
v -88.446945 1.152232 -3.509759
v -88.477859 1.163996 -3.502268
v -89.040665 1.283486 -2.779912
v -88.953384 1.196534 -2.697117
v -88.951950 1.028709 -2.706666
v -89.037308 0.951439 -2.798251
v -89.125061 1.039322 -2.881384
v -89.125687 1.206972 -2.871063
v -89.443054 1.363302 -2.383831
v -89.444489 1.036175 -2.398696
v -89.267319 1.259990 -2.390519
v -89.268356 1.092447 -2.397615
v -89.446625 1.104110 -2.567430
v -89.445053 1.271542 -2.559272
v -87.705124 1.291195 4.080238
v -87.722092 1.263076 4.065336
v -87.641846 1.182899 3.995424
v -87.612793 1.199360 3.999897
v -87.788086 1.209079 4.176746
v -87.794144 1.192151 4.148965
v -87.778107 1.045541 4.190708
v -87.786530 1.052693 4.161596
v -87.707718 0.977424 4.092439
v -87.688278 0.961934 4.111714
v -87.606064 1.039909 4.016592
v -87.635788 1.047237 4.009114
v -87.353363 1.175632 4.429763
v -87.363968 1.348267 4.411533
v -87.270813 1.256580 4.332125
v -87.445999 1.266293 4.508854
v -87.262436 1.097393 4.350458
v -87.343735 1.019553 4.446307
v -87.434311 1.103029 4.524476
v -89.003235 1.279581 2.816443
v -89.022568 1.259304 2.798581
v -88.946777 1.183860 2.726815
v -88.915878 1.192618 2.733713
v -89.088196 1.203060 2.907658
v -89.096313 1.192919 2.877724
v -89.087387 1.035391 2.918194
v -89.095627 1.047494 2.886717
v -88.999542 0.947490 2.835093
v -89.019501 0.971279 2.814657
v -88.914246 1.024775 2.743411
v -88.945496 1.038289 2.735210
v -87.740723 1.286007 4.045624
v -88.357666 1.241193 3.445551
v -88.268753 1.154494 3.364502
v -87.650284 1.199920 3.966204
v -87.642288 1.033758 3.982134
v -88.263824 0.987139 3.377413
v -87.724289 0.957246 4.076693
v -88.347427 0.910070 3.470571
v -88.436844 0.997699 3.551914
v -87.815155 1.044255 4.156429
v -87.822357 1.210245 4.139695
v -88.440948 1.164883 3.538210
v -88.374985 1.218135 3.429702
v -88.394547 1.240310 3.409673
v -88.305649 1.153607 3.328550
v -88.298264 1.143261 3.359677
v -88.294098 0.998764 3.370791
v -88.300964 0.986249 3.341279
v -88.366318 0.932241 3.451162
v -88.384705 0.909181 3.434297
v -88.473969 0.996812 3.515801
v -88.443497 1.007880 3.521429
v -88.446945 1.152232 3.509759
v -88.477859 1.163996 3.502268
v -89.040665 1.283486 2.779912
v -88.953384 1.196534 2.697117
v -88.951950 1.028709 2.706666
v -89.037308 0.951439 2.798251
v -89.125061 1.039322 2.881384
v -89.125687 1.206972 2.871063
v -89.443054 1.363302 2.383831
v -89.444489 1.036175 2.398696
v -89.267319 1.259990 2.390519
v -89.268356 1.092447 2.397615
v -89.446625 1.104110 2.567430
v -89.445053 1.271542 2.559272
vt 0.100963 0.827587
vt 0.100963 0.878740
vt 0.091495 0.878740
vt 0.091504 0.827587
vt 0.080438 0.878740
vt 0.080438 0.827587
vt 0.043731 0.827587
vt 0.043731 0.878740
vt 0.080438 0.878740
vt 0.080438 0.827587
vt 0.100963 0.929538
vt 0.091502 0.929538
vt 0.080438 0.929538
vt 0.043731 0.878740
vt 0.043731 0.929538
vt 0.080438 0.929538
vt 0.080438 0.878740
vt 0.040651 0.755283
vt 0.044119 0.702713
vt 0.051984 0.702713
vt 0.051692 0.755571
vt 0.047894 0.772767
vt 0.046523 0.776312
vt 0.077978 0.776312
vt 0.076680 0.772767
vt 0.044119 0.702713
vt 0.010702 0.702713
vt 0.012293 0.755283
vt 0.040651 0.755283
vt 0.040134 0.761565
vt 0.051608 0.761565
vt 0.102714 0.776489
vt 0.091705 0.776171
vt 0.077978 0.776312
vt 0.233279 0.697740
vt 0.235805 0.681735
vt 0.247968 0.696924
vt 0.046523 0.776312
vt 0.043731 0.827587
vt 0.080438 0.827587
vt 0.077978 0.776312
vt 0.103488 0.767129
vt 0.091827 0.767129
vt 0.077677 0.767129
vt 0.036624 0.761565
vt 0.037337 0.755835
vt 0.067862 0.755792
vt 0.068409 0.761565
vt 0.064945 0.761565
vt 0.064858 0.755259
vt 0.236892 0.713372
vt 0.230735 0.713465
vt 0.229627 0.681836
vt 0.218603 0.698921
vt 0.043731 0.929538
vt 0.062560 0.929538
vt 0.062551 0.878740
vt 0.043731 0.878740
vt 0.062594 0.827587
vt 0.043731 0.827587
vt 0.007971 0.827587
vt 0.008361 0.878740
vt 0.013676 0.878740
vt 0.013412 0.827587
vt 0.019817 0.878740
vt 0.019628 0.827587
vt 0.032853 0.878740
vt 0.032837 0.827587
vt 0.021573 0.827587
vt 0.021685 0.878740
vt 0.008328 0.929538
vt 0.013651 0.929538
vt 0.019800 0.929538
vt 0.032842 0.929538
vt 0.021670 0.929538
vt 0.043731 0.981102
vt 0.062740 0.981421
vt 0.062560 0.929538
vt 0.043731 0.929538
vt 0.062551 0.878740
vt 0.043731 0.878740
vt 0.062594 0.827587
vt 0.043731 0.827587
vt 0.032853 0.878740
vt 0.032837 0.827587
vt 0.021573 0.827587
vt 0.021883 0.878740
vt 0.012968 0.878740
vt 0.006277 0.878740
vt 0.008328 0.929538
vt 0.013651 0.929538
vt 0.020032 0.878740
vt 0.019800 0.929538
vt 0.021670 0.929538
vt 0.032842 0.929538
vt 0.007876 0.980264
vt 0.013218 0.980575
vt 0.019299 0.980863
vt 0.032375 0.981087
vt 0.021297 0.980880
vt 0.012293 0.755492
vt 0.009837 0.702713
vt 0.004906 0.702713
vt 0.004547 0.755446
vt 0.006364 0.776739
vt 0.010501 0.827587
vt 0.019628 0.827587
vt 0.018500 0.776112
vt 0.012578 0.761565
vt 0.012293 0.755492
vt 0.004547 0.755446
vt 0.004547 0.761565
vt 0.005498 0.768492
vt 0.018181 0.767129
vt 0.022072 0.776012
vt 0.034072 0.775893
vt 0.215327 0.671725
vt 0.230166 0.672355
vt 0.218432 0.655702
vt 0.021897 0.767129
vt 0.033902 0.767129
vt 0.015681 0.755992
vt 0.012293 0.755492
vt 0.012578 0.761565
vt 0.016159 0.761565
vt 0.218390 0.687609
vt 0.212220 0.687489
vt 0.212273 0.655568
vt 0.200479 0.671640
vt 0.063150 0.776030
vt 0.046523 0.776137
vt 0.063171 0.772363
vt 0.047894 0.772586
vt 0.027172 0.702713
vt 0.009837 0.702713
vt 0.012293 0.755492
vt 0.026751 0.755194
vt 0.100963 0.827587
vt 0.132531 0.827587
vt 0.100963 0.857106
vt 0.091176 0.866362
vt 0.091171 0.827587
vt 0.080438 0.870920
vt 0.080438 0.827587
vt 0.043731 0.878740
vt 0.043731 0.827587
vt 0.080438 0.827587
vt 0.071808 0.878740
vt 0.043731 0.878740
vt 0.071808 0.878740
vt 0.043731 0.905394
vt 0.040651 0.755283
vt 0.044119 0.702713
vt 0.052277 0.702713
vt 0.052086 0.755570
vt 0.047894 0.773053
vt 0.076680 0.772767
vt 0.077978 0.776312
vt 0.046523 0.776575
vt 0.010948 0.702713
vt 0.044119 0.702713
vt 0.040651 0.755283
vt 0.012293 0.754715
vt 0.040134 0.761565
vt 0.052019 0.761565
vt 0.102714 0.776489
vt 0.091281 0.776168
vt 0.077978 0.776312
vt 0.233279 0.697740
vt 0.247989 0.697633
vt 0.236892 0.713372
vt 0.046523 0.776575
vt 0.077978 0.776312
vt 0.080438 0.827587
vt 0.043731 0.827587
vt 0.103488 0.767129
vt 0.091397 0.767129
vt 0.077677 0.767129
vt 0.036624 0.761565
vt 0.037337 0.755835
vt 0.067862 0.755792
vt 0.068409 0.761565
vt 0.064945 0.761565
vt 0.064858 0.755259
vt 0.230735 0.713465
vt 0.235805 0.681735
vt 0.229627 0.681836
vt 0.218576 0.698192
vt 0.102587 0.755533
vt 0.092872 0.755256
vt 0.095532 0.702713
vt 0.103272 0.717160
vt 0.104084 0.772981
vt 0.132359 0.773011
vt 0.133765 0.776519
vt 0.092100 0.761565
vt 0.102401 0.761565
vt 0.158432 0.776512
vt 0.158555 0.809176
vt 0.147503 0.817822
vt 0.147365 0.776251
vt 0.135524 0.822831
vt 0.214270 0.725986
vt 0.229065 0.726368
vt 0.217431 0.741710
vt 0.159279 0.767129
vt 0.147352 0.767129
vt 0.133499 0.767129
vt 0.087048 0.761565
vt 0.087817 0.755794
vt 0.118354 0.755687
vt 0.118780 0.761565
vt 0.115313 0.761565
vt 0.115533 0.755173
vt 0.211061 0.741700
vt 0.217479 0.709975
vt 0.211110 0.709965
vt 0.199475 0.725537
vt 0.159653 0.772999
vt 0.187586 0.773009
vt 0.189996 0.776518
vt 0.060932 0.702713
vt 0.142332 0.754952
vt 0.112282 0.722937
vt 0.043731 0.905394
vt 0.071808 0.878740
vt 0.043731 0.878740
vt 0.043731 0.878740
vt 0.071808 0.878740
vt 0.080438 0.827587
vt 0.043731 0.827587
vt 0.202867 0.878740
vt 0.202902 0.827587
vt 0.192920 0.827587
vt 0.192920 0.878740
vt 0.202882 0.915493
vt 0.192920 0.919745
vt 0.156810 0.929538
vt 0.182179 0.929538
vt 0.156810 0.878740
vt 0.156810 0.827587
vt 0.147579 0.878740
vt 0.147564 0.827587
vt 0.135524 0.827587
vt 0.135524 0.878740
vt 0.147583 0.929538
vt 0.135524 0.929538
vt 0.100963 0.929538
vt 0.100963 0.878740
vt 0.100963 0.827587
vt 0.090942 0.878740
vt 0.090951 0.827587
vt 0.080438 0.827587
vt 0.080438 0.878740
vt 0.090950 0.929538
vt 0.080438 0.929538
vt 0.064858 0.755259
vt 0.060932 0.702713
vt 0.051953 0.702713
vt 0.051650 0.755571
vt 0.044119 0.702713
vt 0.040651 0.755283
vt 0.064945 0.761565
vt 0.051563 0.761565
vt 0.040134 0.761565
vt 0.077978 0.776312
vt 0.091002 0.776166
vt 0.233279 0.697740
vt 0.248004 0.698101
vt 0.235805 0.681735
vt 0.077677 0.767129
vt 0.091113 0.767129
vt 0.037337 0.755835
vt 0.036624 0.761565
vt 0.067862 0.755792
vt 0.068409 0.761565
vt 0.236892 0.713372
vt 0.230735 0.713465
vt 0.229627 0.681836
vt 0.218606 0.699000
vt 0.115533 0.755173
vt 0.111395 0.702713
vt 0.103682 0.702713
vt 0.102912 0.755532
vt 0.095532 0.702713
vt 0.092872 0.755256
vt 0.115313 0.761565
vt 0.102739 0.761565
vt 0.092100 0.761565
vt 0.133765 0.776519
vt 0.147476 0.776251
vt 0.214270 0.725986
vt 0.229065 0.726177
vt 0.217479 0.709975
vt 0.133499 0.767129
vt 0.147466 0.767129
vt 0.087817 0.755794
vt 0.087048 0.761565
vt 0.118354 0.755687
vt 0.118780 0.761565
vt 0.217431 0.741710
vt 0.211061 0.741700
vt 0.211110 0.709965
vt 0.199476 0.724919
vt 0.102714 0.776489
vt 0.104084 0.772981
vt 0.132359 0.773011
vt 0.165809 0.754715
vt 0.162812 0.702713
vt 0.154477 0.702713
vt 0.153655 0.755138
vt 0.146035 0.702713
vt 0.142332 0.754952
vt 0.165483 0.761565
vt 0.153384 0.761565
vt 0.141850 0.761565
vt 0.189996 0.776524
vt 0.202976 0.776269
vt 0.233030 0.752843
vt 0.247860 0.753469
vt 0.236135 0.736808
vt 0.188979 0.767129
vt 0.202995 0.767129
vt 0.138290 0.755518
vt 0.137352 0.761565
vt 0.168549 0.755223
vt 0.168609 0.761565
vt 0.236093 0.768739
vt 0.229922 0.768619
vt 0.229975 0.736674
vt 0.218187 0.751898
vt 0.158432 0.776512
vt 0.159653 0.772999
vt 0.187881 0.773014
vt 0.046523 0.776575
vt 0.043731 0.827587
vt 0.080438 0.827587
vt 0.077978 0.776312
vt 0.047894 0.773053
vt 0.046523 0.776575
vt 0.077978 0.776312
vt 0.076680 0.772767
vt 0.044119 0.702713
vt 0.010948 0.702713
vt 0.012293 0.754715
vt 0.040651 0.755283
vt 0.100963 0.857106
vt 0.132531 0.827587
vt 0.100963 0.827587
vt 0.091176 0.866362
vt 0.091171 0.827587
vt 0.080438 0.827587
vt 0.080438 0.870920
vt 0.064858 0.755259
vt 0.060932 0.702713
vt 0.052061 0.702713
vt 0.051795 0.755571
vt 0.044119 0.702713
vt 0.040651 0.755283
vt 0.064945 0.761565
vt 0.051715 0.761565
vt 0.040134 0.761565
vt 0.077978 0.776312
vt 0.091281 0.776168
vt 0.233279 0.697740
vt 0.236892 0.713372
vt 0.247989 0.697633
vt 0.077677 0.767129
vt 0.091397 0.767129
vt 0.037337 0.755835
vt 0.036624 0.761565
vt 0.067862 0.755792
vt 0.068409 0.761565
vt 0.230735 0.713465
vt 0.235805 0.681735
vt 0.229627 0.681836
vt 0.218596 0.698731
vt 0.115533 0.755173
vt 0.112282 0.722937
vt 0.103272 0.717160
vt 0.102587 0.755533
vt 0.092872 0.755256
vt 0.095532 0.702713
vt 0.115313 0.761565
vt 0.102401 0.761565
vt 0.092100 0.761565
vt 0.147365 0.776251
vt 0.133765 0.776519
vt 0.135524 0.822831
vt 0.147503 0.817822
vt 0.214270 0.725986
vt 0.229065 0.726368
vt 0.217479 0.709975
vt 0.133499 0.767129
vt 0.147352 0.767129
vt 0.087817 0.755794
vt 0.087048 0.761565
vt 0.118354 0.755687
vt 0.118780 0.761565
vt 0.217431 0.741710
vt 0.211061 0.741700
vt 0.211110 0.709965
vt 0.199475 0.725537
vt 0.102714 0.776489
vt 0.132359 0.773011
vt 0.104084 0.772981
vt 0.159653 0.772999
vt 0.158432 0.776512
vt 0.189996 0.776518
vt 0.187586 0.773009
vt 0.158555 0.809176
vt 0.142332 0.754952
vt 0.071808 0.878740
vt 0.071808 0.878740
vt 0.046894 0.767129
vt 0.103488 0.767129
vt 0.159279 0.767129
vt 0.212862 0.905394
vt 0.212862 0.878740
vt 0.212862 0.827587
vt 0.215677 0.776575
vt 0.216029 0.767129
vt 0.159279 0.767129
vt 0.103488 0.767129
vt 0.060932 0.702713
vt 0.212862 0.929554
vt 0.232174 0.929824
vt 0.232174 0.981866
vt 0.212862 0.981687
vt 0.212862 0.878179
vt 0.232174 0.878512
vt 0.212862 0.826605
vt 0.232174 0.827030
vt 0.203055 0.878322
vt 0.203104 0.826849
vt 0.192920 0.878182
vt 0.192920 0.826564
vt 0.156810 0.878191
vt 0.156810 0.826565
vt 0.203120 0.930124
vt 0.192920 0.929580
vt 0.156810 0.929592
vt 0.203344 0.981979
vt 0.192920 0.981704
vt 0.156810 0.981748
vt 0.147527 0.878330
vt 0.147497 0.826843
vt 0.135524 0.878191
vt 0.135524 0.826566
vt 0.100963 0.878196
vt 0.100963 0.826567
vt 0.147537 0.930149
vt 0.135524 0.929591
vt 0.100963 0.929597
vt 0.147613 0.982021
vt 0.135524 0.981732
vt 0.100963 0.981745
vt 0.091266 0.878336
vt 0.091303 0.826816
vt 0.080438 0.878198
vt 0.080438 0.826562
vt 0.062504 0.878507
vt 0.062546 0.826865
vt 0.091320 0.930165
vt 0.080438 0.929604
vt 0.062513 0.929932
vt 0.091484 0.982053
vt 0.080438 0.981832
vt 0.062692 0.982242
vt 0.040651 0.754244
vt 0.044119 0.702713
vt 0.051820 0.702713
vt 0.051520 0.754577
vt 0.063101 0.775162
vt 0.063123 0.771464
vt 0.076609 0.771872
vt 0.077978 0.775446
vt 0.026759 0.754154
vt 0.027179 0.702713
vt 0.040121 0.761565
vt 0.051431 0.761565
vt 0.102714 0.775624
vt 0.091513 0.775458
vt 0.233014 0.698035
vt 0.248516 0.697427
vt 0.236622 0.713796
vt 0.103376 0.767129
vt 0.091609 0.767129
vt 0.077604 0.767129
vt 0.036616 0.761565
vt 0.037328 0.754800
vt 0.067808 0.754757
vt 0.068354 0.761565
vt 0.064895 0.761565
vt 0.064858 0.754219
vt 0.230475 0.713889
vt 0.235537 0.681898
vt 0.229367 0.682000
vt 0.217528 0.699557
vt 0.092872 0.754216
vt 0.095532 0.702713
vt 0.102759 0.702713
vt 0.101763 0.754595
vt 0.132603 0.772117
vt 0.133765 0.775654
vt 0.103970 0.772087
vt 0.060932 0.702713
vt 0.092010 0.761565
vt 0.101559 0.761565
vt 0.158432 0.775647
vt 0.147414 0.775521
vt 0.213317 0.725792
vt 0.229591 0.726542
vt 0.216473 0.741645
vt 0.159279 0.767129
vt 0.147399 0.767129
vt 0.133742 0.767129
vt 0.086963 0.761565
vt 0.087731 0.754759
vt 0.118223 0.754650
vt 0.118648 0.761565
vt 0.115187 0.761565
vt 0.115533 0.754133
vt 0.210113 0.741635
vt 0.216522 0.709649
vt 0.210162 0.709638
vt 0.197703 0.726722
vt 0.142332 0.753910
vt 0.146035 0.702713
vt 0.153992 0.702713
vt 0.152948 0.754239
vt 0.188040 0.772121
vt 0.189996 0.775659
vt 0.159855 0.772105
vt 0.111395 0.702713
vt 0.142083 0.761565
vt 0.152696 0.761565
vt 0.215677 0.775710
vt 0.203227 0.775531
vt 0.233123 0.751790
vt 0.248516 0.752288
vt 0.236182 0.767816
vt 0.216146 0.767129
vt 0.203250 0.767129
vt 0.189136 0.767129
vt 0.137591 0.761565
vt 0.138527 0.754481
vt 0.168740 0.754183
vt 0.168799 0.761565
vt 0.165679 0.761565
vt 0.165809 0.753670
vt 0.230019 0.767695
vt 0.236223 0.735622
vt 0.230073 0.735487
vt 0.217453 0.752454
vt 0.232174 0.775707
vt 0.217072 0.772160
vt 0.232174 0.772074
vt 0.178999 0.702713
vt 0.179643 0.753384
vt 0.162812 0.702713
vt 0.212862 0.878179
vt 0.232174 0.878512
vt 0.232174 0.929824
vt 0.212862 0.929554
vt 0.212862 0.826605
vt 0.232174 0.827030
vt 0.203051 0.878511
vt 0.203143 0.827053
vt 0.192920 0.826564
vt 0.192920 0.878182
vt 0.156810 0.826565
vt 0.156810 0.878191
vt 0.203115 0.930314
vt 0.192920 0.929580
vt 0.156810 0.929592
vt 0.147524 0.878519
vt 0.147578 0.827044
vt 0.135524 0.826566
vt 0.135524 0.878191
vt 0.100963 0.826567
vt 0.100963 0.878196
vt 0.147533 0.930339
vt 0.135524 0.929591
vt 0.100963 0.929597
vt 0.091263 0.878525
vt 0.091318 0.827046
vt 0.080438 0.826562
vt 0.080438 0.878198
vt 0.062504 0.878507
vt 0.062546 0.826865
vt 0.091316 0.930355
vt 0.080438 0.929604
vt 0.062513 0.929932
vt 0.212862 0.827587
vt 0.212862 0.878740
vt 0.203167 0.878740
vt 0.203204 0.827587
vt 0.192920 0.878740
vt 0.192920 0.827587
vt 0.156810 0.827587
vt 0.156810 0.878740
vt 0.212862 0.929538
vt 0.203180 0.929538
vt 0.192920 0.929538
vt 0.156810 0.929538
vt 0.142332 0.754952
vt 0.146035 0.702713
vt 0.154039 0.702713
vt 0.153046 0.755145
vt 0.187881 0.773014
vt 0.189996 0.776524
vt 0.158432 0.776512
vt 0.159653 0.772999
vt 0.111395 0.702713
vt 0.115533 0.755173
vt 0.141850 0.761565
vt 0.152746 0.761565
vt 0.215677 0.776575
vt 0.203371 0.776270
vt 0.233030 0.752843
vt 0.247863 0.752791
vt 0.236093 0.768739
vt 0.216029 0.767129
vt 0.203399 0.767129
vt 0.188979 0.767129
vt 0.137352 0.761565
vt 0.138290 0.755518
vt 0.168549 0.755223
vt 0.168609 0.761565
vt 0.165483 0.761565
vt 0.165809 0.754715
vt 0.229922 0.768619
vt 0.236135 0.736808
vt 0.229975 0.736674
vt 0.218192 0.753016
vt 0.043731 0.878740
vt 0.043731 0.905394
vt 0.071808 0.878740
vt 0.043731 0.878740
vt 0.071808 0.878740
vt 0.080438 0.827587
vt 0.043731 0.827587
vt 0.046523 0.776575
vt 0.043731 0.827587
vt 0.080438 0.827587
vt 0.077978 0.776312
vt 0.047894 0.773053
vt 0.046523 0.776575
vt 0.077978 0.776312
vt 0.076680 0.772767
vt 0.044119 0.702713
vt 0.010948 0.702713
vt 0.012293 0.754715
vt 0.040651 0.755283
vt 0.100963 0.857106
vt 0.132531 0.827587
vt 0.100963 0.827587
vt 0.091314 0.866244
vt 0.091304 0.827587
vt 0.080438 0.827587
vt 0.080438 0.870920
vt 0.064858 0.755259
vt 0.060932 0.702713
vt 0.052190 0.702713
vt 0.051969 0.755571
vt 0.044119 0.702713
vt 0.040651 0.755283
vt 0.064945 0.761565
vt 0.051897 0.761565
vt 0.040134 0.761565
vt 0.077978 0.776312
vt 0.091450 0.776169
vt 0.233279 0.697740
vt 0.247981 0.697350
vt 0.235805 0.681735
vt 0.077677 0.767129
vt 0.091568 0.767129
vt 0.037337 0.755835
vt 0.036624 0.761565
vt 0.067862 0.755792
vt 0.068409 0.761565
vt 0.236892 0.713372
vt 0.230735 0.713465
vt 0.229627 0.681836
vt 0.218584 0.698409
vt 0.115533 0.755173
vt 0.112282 0.722937
vt 0.103072 0.716957
vt 0.102336 0.755534
vt 0.092872 0.755256
vt 0.095532 0.702713
vt 0.115313 0.761565
vt 0.102140 0.761565
vt 0.092100 0.761565
vt 0.147168 0.776251
vt 0.133765 0.776519
vt 0.135524 0.822831
vt 0.147342 0.817962
vt 0.214270 0.725986
vt 0.229064 0.726708
vt 0.217479 0.709975
vt 0.133499 0.767129
vt 0.147151 0.767129
vt 0.087817 0.755794
vt 0.087048 0.761565
vt 0.118354 0.755687
vt 0.118780 0.761565
vt 0.217431 0.741710
vt 0.211061 0.741700
vt 0.211110 0.709965
vt 0.199475 0.726014
vt 0.102714 0.776489
vt 0.104084 0.772981
vt 0.132359 0.773011
vt 0.071808 0.878740
vt 0.158432 0.776512
vt 0.158555 0.809176
vt 0.189996 0.776518
vt 0.142332 0.754952
vt 0.212862 0.827587
vt 0.212862 0.878740
vt 0.202858 0.878740
vt 0.202893 0.827587
vt 0.192920 0.878740
vt 0.192920 0.827587
vt 0.156810 0.827587
vt 0.156810 0.878740
vt 0.212862 0.905394
vt 0.202873 0.915502
vt 0.192920 0.919745
vt 0.182179 0.929538
vt 0.156810 0.929538
vt 0.147879 0.878740
vt 0.147864 0.827587
vt 0.135524 0.878740
vt 0.135524 0.827587
vt 0.100963 0.827587
vt 0.100963 0.878740
vt 0.147882 0.929538
vt 0.135524 0.929538
vt 0.100963 0.929538
vt 0.091453 0.878740
vt 0.091462 0.827587
vt 0.080438 0.878740
vt 0.080438 0.827587
vt 0.043731 0.827587
vt 0.080438 0.827587
vt 0.080438 0.878740
vt 0.043731 0.878740
vt 0.091460 0.929538
vt 0.080438 0.929538
vt 0.043731 0.878740
vt 0.080438 0.878740
vt 0.080438 0.929538
vt 0.043731 0.929538
vt 0.040651 0.755283
vt 0.044119 0.702713
vt 0.052097 0.702713
vt 0.051844 0.755571
vt 0.047894 0.773053
vt 0.076680 0.772767
vt 0.077978 0.776312
vt 0.046523 0.776575
vt 0.010948 0.702713
vt 0.044119 0.702713
vt 0.040651 0.755283
vt 0.012293 0.754715
vt 0.040134 0.761565
vt 0.051766 0.761565
vt 0.102714 0.776489
vt 0.091652 0.776171
vt 0.077978 0.776312
vt 0.233279 0.697740
vt 0.247971 0.697013
vt 0.236892 0.713372
vt 0.046523 0.776575
vt 0.077978 0.776312
vt 0.080438 0.827587
vt 0.043731 0.827587
vt 0.103488 0.767129
vt 0.091773 0.767129
vt 0.077677 0.767129
vt 0.036624 0.761565
vt 0.037337 0.755835
vt 0.067862 0.755792
vt 0.068409 0.761565
vt 0.064945 0.761565
vt 0.064858 0.755259
vt 0.230735 0.713465
vt 0.235805 0.681735
vt 0.229627 0.681836
vt 0.218593 0.698640
vt 0.092872 0.755256
vt 0.095532 0.702713
vt 0.103377 0.702713
vt 0.102509 0.755534
vt 0.132359 0.773011
vt 0.133765 0.776519
vt 0.104084 0.772981
vt 0.060932 0.702713
vt 0.092100 0.761565
vt 0.102319 0.761565
vt 0.158432 0.776512
vt 0.147862 0.776252
vt 0.214270 0.725986
vt 0.229067 0.725512
vt 0.217431 0.741710
vt 0.159279 0.767129
vt 0.147861 0.767129
vt 0.133499 0.767129
vt 0.087048 0.761565
vt 0.087817 0.755794
vt 0.118354 0.755687
vt 0.118780 0.761565
vt 0.115313 0.761565
vt 0.115533 0.755173
vt 0.211061 0.741700
vt 0.217479 0.709975
vt 0.211110 0.709965
vt 0.199475 0.725686
vt 0.142332 0.754952
vt 0.146035 0.702713
vt 0.153912 0.702713
vt 0.152869 0.755147
vt 0.187881 0.773014
vt 0.189996 0.776524
vt 0.159653 0.772999
vt 0.111395 0.702713
vt 0.141850 0.761565
vt 0.152562 0.761565
vt 0.215677 0.776575
vt 0.202965 0.776269
vt 0.233030 0.752843
vt 0.247860 0.753488
vt 0.236093 0.768739
vt 0.216029 0.767129
vt 0.202983 0.767129
vt 0.188979 0.767129
vt 0.137352 0.761565
vt 0.138290 0.755518
vt 0.168549 0.755223
vt 0.168609 0.761565
vt 0.165483 0.761565
vt 0.165809 0.754715
vt 0.229922 0.768619
vt 0.236135 0.736808
vt 0.229975 0.736674
vt 0.218193 0.753340
vt 0.100963 0.827587
vt 0.132531 0.827587
vt 0.100963 0.857106
vt 0.091314 0.866244
vt 0.091304 0.827587
vt 0.080438 0.870920
vt 0.080438 0.827587
vt 0.043731 0.827587
vt 0.080438 0.827587
vt 0.071808 0.878740
vt 0.043731 0.878740
vt 0.043731 0.878740
vt 0.071808 0.878740
vt 0.043731 0.905394
vt 0.040651 0.755283
vt 0.044119 0.702713
vt 0.052136 0.702713
vt 0.051896 0.755571
vt 0.047894 0.773053
vt 0.076680 0.772767
vt 0.077978 0.776312
vt 0.046523 0.776575
vt 0.010948 0.702713
vt 0.044119 0.702713
vt 0.040651 0.755283
vt 0.012293 0.754715
vt 0.040134 0.761565
vt 0.051821 0.761565
vt 0.102714 0.776489
vt 0.091450 0.776169
vt 0.077978 0.776312
vt 0.233279 0.697740
vt 0.247981 0.697350
vt 0.236892 0.713372
vt 0.046523 0.776575
vt 0.077978 0.776312
vt 0.080438 0.827587
vt 0.043731 0.827587
vt 0.103488 0.767129
vt 0.091568 0.767129
vt 0.077677 0.767129
vt 0.036624 0.761565
vt 0.037337 0.755835
vt 0.067862 0.755792
vt 0.068409 0.761565
vt 0.064945 0.761565
vt 0.064858 0.755259
vt 0.230735 0.713465
vt 0.235805 0.681735
vt 0.229627 0.681836
vt 0.218589 0.698543
vt 0.102336 0.755534
vt 0.092872 0.755256
vt 0.095532 0.702713
vt 0.103072 0.716957
vt 0.132359 0.773011
vt 0.133765 0.776519
vt 0.104084 0.772981
vt 0.092100 0.761565
vt 0.102140 0.761565
vt 0.158432 0.776512
vt 0.158555 0.809176
vt 0.147342 0.817962
vt 0.147168 0.776251
vt 0.135524 0.822831
vt 0.214270 0.725986
vt 0.229064 0.726708
vt 0.217431 0.741710
vt 0.159279 0.767129
vt 0.147151 0.767129
vt 0.133499 0.767129
vt 0.087048 0.761565
vt 0.087817 0.755794
vt 0.118354 0.755687
vt 0.118780 0.761565
vt 0.115313 0.761565
vt 0.115533 0.755173
vt 0.211061 0.741700
vt 0.217479 0.709975
vt 0.211110 0.709965
vt 0.199475 0.726014
vt 0.159653 0.772999
vt 0.187586 0.773009
vt 0.189996 0.776518
vt 0.112282 0.722937
vt 0.142332 0.754952
vt 0.043731 0.878740
vt 0.062551 0.878740
vt 0.062560 0.929538
vt 0.043731 0.929538
vt 0.043731 0.827587
vt 0.062594 0.827587
vt 0.033175 0.878740
vt 0.033161 0.827587
vt 0.021685 0.878740
vt 0.021573 0.827587
vt 0.019817 0.878740
vt 0.019628 0.827587
vt 0.013676 0.878740
vt 0.013412 0.827587
vt 0.008361 0.878740
vt 0.007971 0.827587
vt 0.033164 0.929538
vt 0.021670 0.929538
vt 0.019800 0.929538
vt 0.013651 0.929538
vt 0.008328 0.929538
vt 0.043731 0.929538
vt 0.062560 0.929538
vt 0.062740 0.981421
vt 0.043731 0.981102
vt 0.043731 0.878740
vt 0.062551 0.878740
vt 0.043731 0.827587
vt 0.062594 0.827587
vt 0.033175 0.878740
vt 0.033161 0.827587
vt 0.021864 0.878740
vt 0.021573 0.827587
vt 0.012968 0.878740
vt 0.013651 0.929538
vt 0.008328 0.929538
vt 0.006277 0.878740
vt 0.020032 0.878740
vt 0.019800 0.929538
vt 0.033164 0.929538
vt 0.021670 0.929538
vt 0.032697 0.981090
vt 0.021297 0.980880
vt 0.019299 0.980863
vt 0.013218 0.980575
vt 0.007876 0.980264
vt 0.018500 0.776112
vt 0.019628 0.827587
vt 0.010427 0.827587
vt 0.006264 0.776746
vt 0.018181 0.767129
vt 0.005390 0.768501
vt 0.046523 0.776137
vt 0.034466 0.775895
vt 0.022072 0.776012
vt 0.215327 0.671725
vt 0.218432 0.655702
vt 0.230170 0.671679
vt 0.046894 0.767129
vt 0.034300 0.767129
vt 0.021897 0.767129
vt 0.015681 0.755992
vt 0.016159 0.761565
vt 0.012578 0.761565
vt 0.012293 0.755492
vt 0.218390 0.687609
vt 0.212220 0.687489
vt 0.212273 0.655568
vt 0.200479 0.671462
vt 0.063150 0.776030
vt 0.047894 0.772586
vt 0.063171 0.772363
vt 0.027172 0.702713
vt 0.026751 0.755194
vt 0.012293 0.755492
vt 0.009837 0.702713
vt 0.060932 0.702713
vt 0.071808 0.878740
vt 0.103488 0.767129
vt 0.159279 0.767129
vt 0.012293 0.755492
vt 0.004547 0.755438
vt 0.004831 0.702713
vt 0.009837 0.702713
vt 0.012578 0.761565
vt 0.004547 0.761565
vt 0.004547 0.755438
vt 0.012293 0.755492
vt 0.162812 0.702713
vt 0.162812 0.702713
vt 0.187586 0.773009
vt 0.159653 0.772999
vt 0.212862 0.981687
vt 0.232174 0.981866
vt 0.232174 0.929824
vt 0.212862 0.929554
vt 0.232174 0.878512
vt 0.212862 0.878179
vt 0.232174 0.827030
vt 0.212862 0.826605
vt 0.192920 0.826564
vt 0.192920 0.878182
vt 0.203062 0.878322
vt 0.203111 0.826849
vt 0.192920 0.929580
vt 0.203126 0.930124
vt 0.192920 0.981704
vt 0.203351 0.981979
vt 0.156810 0.929592
vt 0.156810 0.981748
vt 0.156810 0.878191
vt 0.156810 0.826565
vt 0.135524 0.826566
vt 0.135524 0.878191
vt 0.147535 0.878330
vt 0.147505 0.826843
vt 0.135524 0.929591
vt 0.147546 0.930149
vt 0.135524 0.981732
vt 0.147620 0.982021
vt 0.100963 0.929597
vt 0.100963 0.981745
vt 0.100963 0.878196
vt 0.100963 0.826567
vt 0.080438 0.826562
vt 0.080438 0.878198
vt 0.091297 0.878336
vt 0.091332 0.826816
vt 0.062546 0.826865
vt 0.062504 0.878507
vt 0.080438 0.929604
vt 0.091350 0.930165
vt 0.062513 0.929932
vt 0.080438 0.981832
vt 0.091512 0.982053
vt 0.062692 0.982242
vt 0.064858 0.754219
vt 0.060932 0.702713
vt 0.052639 0.702713
vt 0.052544 0.754576
vt 0.044119 0.702713
vt 0.040651 0.754244
vt 0.063101 0.775162
vt 0.077978 0.775446
vt 0.076609 0.771872
vt 0.063123 0.771464
vt 0.027179 0.702713
vt 0.026759 0.754154
vt 0.064895 0.761565
vt 0.052519 0.761565
vt 0.040121 0.761565
vt 0.091550 0.775458
vt 0.233014 0.698035
vt 0.248516 0.697363
vt 0.235537 0.681898
vt 0.077604 0.767129
vt 0.091646 0.767129
vt 0.037328 0.754800
vt 0.036616 0.761565
vt 0.067808 0.754757
vt 0.068354 0.761565
vt 0.236622 0.713796
vt 0.230475 0.713889
vt 0.229367 0.682000
vt 0.217454 0.697565
vt 0.115533 0.754133
vt 0.111395 0.702713
vt 0.103450 0.702713
vt 0.102620 0.754592
vt 0.095532 0.702713
vt 0.092872 0.754216
vt 0.115187 0.761565
vt 0.102468 0.761565
vt 0.092010 0.761565
vt 0.133765 0.775654
vt 0.147423 0.775521
vt 0.213317 0.725792
vt 0.229591 0.726524
vt 0.216522 0.709649
vt 0.133742 0.767129
vt 0.147410 0.767129
vt 0.087731 0.754759
vt 0.086963 0.761565
vt 0.118223 0.754650
vt 0.118648 0.761565
vt 0.216473 0.741645
vt 0.210113 0.741635
vt 0.210162 0.709638
vt 0.197705 0.725003
vt 0.102714 0.775624
vt 0.103970 0.772087
vt 0.132603 0.772117
vt 0.165809 0.753670
vt 0.162812 0.702713
vt 0.154426 0.702713
vt 0.153497 0.754233
vt 0.146035 0.702713
vt 0.142332 0.753910
vt 0.165679 0.761565
vt 0.153281 0.761565
vt 0.142083 0.761565
vt 0.189996 0.775659
vt 0.203236 0.775531
vt 0.233123 0.751790
vt 0.248516 0.752273
vt 0.236223 0.735622
vt 0.189136 0.767129
vt 0.203258 0.767129
vt 0.138527 0.754481
vt 0.137591 0.761565
vt 0.168740 0.754183
vt 0.168799 0.761565
vt 0.236182 0.767816
vt 0.230019 0.767695
vt 0.230073 0.735487
vt 0.217448 0.751393
vt 0.158432 0.775647
vt 0.159855 0.772105
vt 0.188040 0.772121
vt 0.232174 0.775707
vt 0.215677 0.775710
vt 0.232174 0.772074
vt 0.217072 0.772160
vt 0.178999 0.702713
vt 0.179643 0.753384
vt 0.212862 0.929554
vt 0.232174 0.929824
vt 0.232174 0.878512
vt 0.212862 0.878179
vt 0.232174 0.827030
vt 0.212862 0.826605
vt 0.203150 0.827053
vt 0.192920 0.826564
vt 0.192920 0.878182
vt 0.203058 0.878511
vt 0.192920 0.929580
vt 0.203122 0.930314
vt 0.156810 0.878191
vt 0.156810 0.929592
vt 0.156810 0.826565
vt 0.147585 0.827044
vt 0.135524 0.826566
vt 0.135524 0.878191
vt 0.147532 0.878519
vt 0.135524 0.929591
vt 0.147541 0.930339
vt 0.100963 0.878196
vt 0.100963 0.929597
vt 0.100963 0.826567
vt 0.091346 0.827046
vt 0.080438 0.826562
vt 0.080438 0.878198
vt 0.091294 0.878525
vt 0.062546 0.826865
vt 0.062504 0.878507
vt 0.080438 0.929604
vt 0.091346 0.930355
vt 0.062513 0.929932
vt 0.216146 0.767129
vt 0.159279 0.767129
vt 0.103376 0.767129
vt 0.366653 0.659106
vt 0.373375 0.652513
vt 0.380642 0.659112
vt 0.405308 0.684422
vt 0.339043 0.684317
vt 0.432533 0.703576
vt 0.311671 0.703392
vt 0.460592 0.716815
vt 0.283455 0.716545
vt 0.489558 0.727200
vt 0.256772 0.727200
vt 0.212862 0.929554
vt 0.232174 0.929824
vt 0.232174 0.981866
vt 0.212862 0.981687
vt 0.212862 0.878179
vt 0.232174 0.878512
vt 0.212862 0.826605
vt 0.232174 0.827030
vt 0.203055 0.878322
vt 0.203104 0.826849
vt 0.192920 0.878182
vt 0.192920 0.826564
vt 0.156810 0.878191
vt 0.156810 0.826565
vt 0.203120 0.930124
vt 0.192920 0.929580
vt 0.156810 0.929592
vt 0.203344 0.981979
vt 0.192920 0.981704
vt 0.156810 0.981748
vt 0.147527 0.878330
vt 0.147497 0.826843
vt 0.135524 0.878191
vt 0.135524 0.826566
vt 0.100963 0.878196
vt 0.100963 0.826567
vt 0.147537 0.930149
vt 0.135524 0.929591
vt 0.100963 0.929597
vt 0.147613 0.982021
vt 0.135524 0.981732
vt 0.100963 0.981745
vt 0.091266 0.878336
vt 0.091303 0.826816
vt 0.080438 0.878198
vt 0.080438 0.826562
vt 0.062504 0.878507
vt 0.062546 0.826865
vt 0.091320 0.930165
vt 0.080438 0.929604
vt 0.062513 0.929932
vt 0.091484 0.982053
vt 0.080438 0.981832
vt 0.062692 0.982242
vt 0.040651 0.754244
vt 0.044119 0.702713
vt 0.051820 0.702713
vt 0.051520 0.754577
vt 0.063101 0.775162
vt 0.063123 0.771464
vt 0.076609 0.771872
vt 0.077978 0.775446
vt 0.026759 0.754154
vt 0.027179 0.702713
vt 0.040121 0.761565
vt 0.051431 0.761565
vt 0.102714 0.775624
vt 0.091513 0.775458
vt 0.233014 0.698035
vt 0.248516 0.697427
vt 0.236622 0.713796
vt 0.103376 0.767129
vt 0.091609 0.767129
vt 0.077604 0.767129
vt 0.036616 0.761565
vt 0.037328 0.754800
vt 0.067808 0.754757
vt 0.068354 0.761565
vt 0.064895 0.761565
vt 0.064858 0.754219
vt 0.230475 0.713889
vt 0.235537 0.681898
vt 0.229367 0.682000
vt 0.217528 0.699557
vt 0.092872 0.754216
vt 0.095532 0.702713
vt 0.102759 0.702713
vt 0.101763 0.754595
vt 0.132603 0.772117
vt 0.133765 0.775654
vt 0.103970 0.772087
vt 0.060932 0.702713
vt 0.092010 0.761565
vt 0.101559 0.761565
vt 0.158432 0.775647
vt 0.147414 0.775521
vt 0.213317 0.725792
vt 0.229591 0.726542
vt 0.216473 0.741645
vt 0.159279 0.767129
vt 0.147399 0.767129
vt 0.133742 0.767129
vt 0.086963 0.761565
vt 0.087731 0.754759
vt 0.118223 0.754650
vt 0.118648 0.761565
vt 0.115187 0.761565
vt 0.115533 0.754133
vt 0.210113 0.741635
vt 0.216522 0.709649
vt 0.210162 0.709638
vt 0.197703 0.726722
vt 0.142332 0.753910
vt 0.146035 0.702713
vt 0.153992 0.702713
vt 0.152948 0.754239
vt 0.188040 0.772121
vt 0.189996 0.775659
vt 0.159855 0.772105
vt 0.111395 0.702713
vt 0.142083 0.761565
vt 0.152696 0.761565
vt 0.215677 0.775710
vt 0.203227 0.775531
vt 0.233123 0.751790
vt 0.248516 0.752288
vt 0.236182 0.767816
vt 0.216146 0.767129
vt 0.203250 0.767129
vt 0.189136 0.767129
vt 0.137591 0.761565
vt 0.138527 0.754481
vt 0.168740 0.754183
vt 0.168799 0.761565
vt 0.165679 0.761565
vt 0.165809 0.753670
vt 0.230019 0.767695
vt 0.236223 0.735622
vt 0.230073 0.735487
vt 0.217453 0.752454
vt 0.232174 0.775707
vt 0.217072 0.772160
vt 0.232174 0.772074
vt 0.178999 0.702713
vt 0.179643 0.753384
vt 0.162812 0.702713
vt 0.212862 0.878179
vt 0.232174 0.878512
vt 0.232174 0.929824
vt 0.212862 0.929554
vt 0.212862 0.826605
vt 0.232174 0.827030
vt 0.203051 0.878511
vt 0.203143 0.827053
vt 0.192920 0.826564
vt 0.192920 0.878182
vt 0.156810 0.826565
vt 0.156810 0.878191
vt 0.203115 0.930314
vt 0.192920 0.929580
vt 0.156810 0.929592
vt 0.147524 0.878519
vt 0.147578 0.827044
vt 0.135524 0.826566
vt 0.135524 0.878191
vt 0.100963 0.826567
vt 0.100963 0.878196
vt 0.147533 0.930339
vt 0.135524 0.929591
vt 0.100963 0.929597
vt 0.091263 0.878525
vt 0.091318 0.827046
vt 0.080438 0.826562
vt 0.080438 0.878198
vt 0.062504 0.878507
vt 0.062546 0.826865
vt 0.091316 0.930355
vt 0.080438 0.929604
vt 0.062513 0.929932
vt 0.212862 0.981687
vt 0.232174 0.981866
vt 0.232174 0.929824
vt 0.212862 0.929554
vt 0.232174 0.878512
vt 0.212862 0.878179
vt 0.232174 0.827030
vt 0.212862 0.826605
vt 0.192920 0.826564
vt 0.192920 0.878182
vt 0.203062 0.878322
vt 0.203111 0.826849
vt 0.192920 0.929580
vt 0.203126 0.930124
vt 0.192920 0.981704
vt 0.203351 0.981979
vt 0.156810 0.929592
vt 0.156810 0.981748
vt 0.156810 0.878191
vt 0.156810 0.826565
vt 0.135524 0.826566
vt 0.135524 0.878191
vt 0.147535 0.878330
vt 0.147505 0.826843
vt 0.135524 0.929591
vt 0.147546 0.930149
vt 0.135524 0.981732
vt 0.147620 0.982021
vt 0.100963 0.929597
vt 0.100963 0.981745
vt 0.100963 0.878196
vt 0.100963 0.826567
vt 0.080438 0.826562
vt 0.080438 0.878198
vt 0.091297 0.878336
vt 0.091332 0.826816
vt 0.062546 0.826865
vt 0.062504 0.878507
vt 0.080438 0.929604
vt 0.091350 0.930165
vt 0.062513 0.929932
vt 0.080438 0.981832
vt 0.091512 0.982053
vt 0.062692 0.982242
vt 0.064858 0.754219
vt 0.060932 0.702713
vt 0.052639 0.702713
vt 0.052544 0.754576
vt 0.044119 0.702713
vt 0.040651 0.754244
vt 0.063101 0.775162
vt 0.077978 0.775446
vt 0.076609 0.771872
vt 0.063123 0.771464
vt 0.027179 0.702713
vt 0.026759 0.754154
vt 0.064895 0.761565
vt 0.052519 0.761565
vt 0.040121 0.761565
vt 0.091550 0.775458
vt 0.233014 0.698035
vt 0.248516 0.697363
vt 0.235537 0.681898
vt 0.077604 0.767129
vt 0.091646 0.767129
vt 0.037328 0.754800
vt 0.036616 0.761565
vt 0.067808 0.754757
vt 0.068354 0.761565
vt 0.236622 0.713796
vt 0.230475 0.713889
vt 0.229367 0.682000
vt 0.217454 0.697565
vt 0.115533 0.754133
vt 0.111395 0.702713
vt 0.103450 0.702713
vt 0.102620 0.754592
vt 0.095532 0.702713
vt 0.092872 0.754216
vt 0.115187 0.761565
vt 0.102468 0.761565
vt 0.092010 0.761565
vt 0.133765 0.775654
vt 0.147423 0.775521
vt 0.213317 0.725792
vt 0.229591 0.726524
vt 0.216522 0.709649
vt 0.133742 0.767129
vt 0.147410 0.767129
vt 0.087731 0.754759
vt 0.086963 0.761565
vt 0.118223 0.754650
vt 0.118648 0.761565
vt 0.216473 0.741645
vt 0.210113 0.741635
vt 0.210162 0.709638
vt 0.197705 0.725003
vt 0.102714 0.775624
vt 0.103970 0.772087
vt 0.132603 0.772117
vt 0.165809 0.753670
vt 0.162812 0.702713
vt 0.154426 0.702713
vt 0.153497 0.754233
vt 0.146035 0.702713
vt 0.142332 0.753910
vt 0.165679 0.761565
vt 0.153281 0.761565
vt 0.142083 0.761565
vt 0.189996 0.775659
vt 0.203236 0.775531
vt 0.233123 0.751790
vt 0.248516 0.752273
vt 0.236223 0.735622
vt 0.189136 0.767129
vt 0.203258 0.767129
vt 0.138527 0.754481
vt 0.137591 0.761565
vt 0.168740 0.754183
vt 0.168799 0.761565
vt 0.236182 0.767816
vt 0.230019 0.767695
vt 0.230073 0.735487
vt 0.217448 0.751393
vt 0.158432 0.775647
vt 0.159855 0.772105
vt 0.188040 0.772121
vt 0.232174 0.775707
vt 0.215677 0.775710
vt 0.232174 0.772074
vt 0.217072 0.772160
vt 0.178999 0.702713
vt 0.179643 0.753384
vt 0.212862 0.929554
vt 0.232174 0.929824
vt 0.232174 0.878512
vt 0.212862 0.878179
vt 0.232174 0.827030
vt 0.212862 0.826605
vt 0.203150 0.827053
vt 0.192920 0.826564
vt 0.192920 0.878182
vt 0.203058 0.878511
vt 0.192920 0.929580
vt 0.203122 0.930314
vt 0.156810 0.878191
vt 0.156810 0.929592
vt 0.156810 0.826565
vt 0.147585 0.827044
vt 0.135524 0.826566
vt 0.135524 0.878191
vt 0.147532 0.878519
vt 0.135524 0.929591
vt 0.147541 0.930339
vt 0.100963 0.878196
vt 0.100963 0.929597
vt 0.100963 0.826567
vt 0.091346 0.827046
vt 0.080438 0.826562
vt 0.080438 0.878198
vt 0.091294 0.878525
vt 0.062546 0.826865
vt 0.062504 0.878507
vt 0.080438 0.929604
vt 0.091346 0.930355
vt 0.062513 0.929932
vt 0.216146 0.767129
vt 0.159279 0.767129
vt 0.103376 0.767129
vt 0.212862 0.929554
vt 0.232174 0.929824
vt 0.232174 0.981866
vt 0.212862 0.981687
vt 0.212862 0.878179
vt 0.232174 0.878512
vt 0.212862 0.826605
vt 0.232174 0.827030
vt 0.203055 0.878322
vt 0.203104 0.826849
vt 0.192920 0.878182
vt 0.192920 0.826564
vt 0.156810 0.878191
vt 0.156810 0.826565
vt 0.203120 0.930124
vt 0.192920 0.929580
vt 0.156810 0.929592
vt 0.203344 0.981979
vt 0.192920 0.981704
vt 0.156810 0.981748
vt 0.147527 0.878330
vt 0.147497 0.826843
vt 0.135524 0.878191
vt 0.135524 0.826566
vt 0.100963 0.878196
vt 0.100963 0.826567
vt 0.147537 0.930149
vt 0.135524 0.929591
vt 0.100963 0.929597
vt 0.147613 0.982021
vt 0.135524 0.981732
vt 0.100963 0.981745
vt 0.091266 0.878336
vt 0.091303 0.826816
vt 0.080438 0.878198
vt 0.080438 0.826562
vt 0.062504 0.878507
vt 0.062546 0.826865
vt 0.091320 0.930165
vt 0.080438 0.929604
vt 0.062513 0.929932
vt 0.091484 0.982053
vt 0.080438 0.981832
vt 0.062692 0.982242
vt 0.040651 0.754244
vt 0.044119 0.702713
vt 0.051820 0.702713
vt 0.051520 0.754577
vt 0.063101 0.775162
vt 0.063123 0.771464
vt 0.076609 0.771872
vt 0.077978 0.775446
vt 0.026759 0.754154
vt 0.027179 0.702713
vt 0.040121 0.761565
vt 0.051431 0.761565
vt 0.102714 0.775624
vt 0.091513 0.775458
vt 0.233014 0.698035
vt 0.248516 0.697427
vt 0.236622 0.713796
vt 0.103376 0.767129
vt 0.091609 0.767129
vt 0.077604 0.767129
vt 0.036616 0.761565
vt 0.037328 0.754800
vt 0.067808 0.754757
vt 0.068354 0.761565
vt 0.064895 0.761565
vt 0.064858 0.754219
vt 0.230475 0.713889
vt 0.235537 0.681898
vt 0.229367 0.682000
vt 0.217528 0.699557
vt 0.092872 0.754216
vt 0.095532 0.702713
vt 0.102759 0.702713
vt 0.101763 0.754595
vt 0.132603 0.772117
vt 0.133765 0.775654
vt 0.103970 0.772087
vt 0.060932 0.702713
vt 0.092010 0.761565
vt 0.101559 0.761565
vt 0.158432 0.775647
vt 0.147414 0.775521
vt 0.213317 0.725792
vt 0.229591 0.726542
vt 0.216473 0.741645
vt 0.159279 0.767129
vt 0.147399 0.767129
vt 0.133742 0.767129
vt 0.086963 0.761565
vt 0.087731 0.754759
vt 0.118223 0.754650
vt 0.118648 0.761565
vt 0.115187 0.761565
vt 0.115533 0.754133
vt 0.210113 0.741635
vt 0.216522 0.709649
vt 0.210162 0.709638
vt 0.197703 0.726722
vt 0.142332 0.753910
vt 0.146035 0.702713
vt 0.153992 0.702713
vt 0.152948 0.754239
vt 0.188040 0.772121
vt 0.189996 0.775659
vt 0.159855 0.772105
vt 0.111395 0.702713
vt 0.142083 0.761565
vt 0.152696 0.761565
vt 0.215677 0.775710
vt 0.203227 0.775531
vt 0.233123 0.751790
vt 0.248516 0.752288
vt 0.236182 0.767816
vt 0.216146 0.767129
vt 0.203250 0.767129
vt 0.189136 0.767129
vt 0.137591 0.761565
vt 0.138527 0.754481
vt 0.168740 0.754183
vt 0.168799 0.761565
vt 0.165679 0.761565
vt 0.165809 0.753670
vt 0.230019 0.767695
vt 0.236223 0.735622
vt 0.230073 0.735487
vt 0.217453 0.752454
vt 0.232174 0.775707
vt 0.217072 0.772160
vt 0.232174 0.772074
vt 0.178999 0.702713
vt 0.179643 0.753384
vt 0.162812 0.702713
vt 0.212862 0.878179
vt 0.232174 0.878512
vt 0.232174 0.929824
vt 0.212862 0.929554
vt 0.212862 0.826605
vt 0.232174 0.827030
vt 0.203051 0.878511
vt 0.203143 0.827053
vt 0.192920 0.826564
vt 0.192920 0.878182
vt 0.156810 0.826565
vt 0.156810 0.878191
vt 0.203115 0.930314
vt 0.192920 0.929580
vt 0.156810 0.929592
vt 0.147524 0.878519
vt 0.147578 0.827044
vt 0.135524 0.826566
vt 0.135524 0.878191
vt 0.100963 0.826567
vt 0.100963 0.878196
vt 0.147533 0.930339
vt 0.135524 0.929591
vt 0.100963 0.929597
vt 0.091263 0.878525
vt 0.091318 0.827046
vt 0.080438 0.826562
vt 0.080438 0.878198
vt 0.062504 0.878507
vt 0.062546 0.826865
vt 0.091316 0.930355
vt 0.080438 0.929604
vt 0.062513 0.929932
vt 0.212862 0.981687
vt 0.232174 0.981866
vt 0.232174 0.929824
vt 0.212862 0.929554
vt 0.232174 0.878512
vt 0.212862 0.878179
vt 0.232174 0.827030
vt 0.212862 0.826605
vt 0.192920 0.826564
vt 0.192920 0.878182
vt 0.203062 0.878322
vt 0.203111 0.826849
vt 0.192920 0.929580
vt 0.203126 0.930124
vt 0.192920 0.981704
vt 0.203351 0.981979
vt 0.156810 0.929592
vt 0.156810 0.981748
vt 0.156810 0.878191
vt 0.156810 0.826565
vt 0.135524 0.826566
vt 0.135524 0.878191
vt 0.147535 0.878330
vt 0.147505 0.826843
vt 0.135524 0.929591
vt 0.147546 0.930149
vt 0.135524 0.981732
vt 0.147620 0.982021
vt 0.100963 0.929597
vt 0.100963 0.981745
vt 0.100963 0.878196
vt 0.100963 0.826567
vt 0.080438 0.826562
vt 0.080438 0.878198
vt 0.091297 0.878336
vt 0.091332 0.826816
vt 0.062546 0.826865
vt 0.062504 0.878507
vt 0.080438 0.929604
vt 0.091350 0.930165
vt 0.062513 0.929932
vt 0.080438 0.981832
vt 0.091512 0.982053
vt 0.062692 0.982242
vt 0.064858 0.754219
vt 0.060932 0.702713
vt 0.052639 0.702713
vt 0.052544 0.754576
vt 0.044119 0.702713
vt 0.040651 0.754244
vt 0.063101 0.775162
vt 0.077978 0.775446
vt 0.076609 0.771872
vt 0.063123 0.771464
vt 0.027179 0.702713
vt 0.026759 0.754154
vt 0.064895 0.761565
vt 0.052519 0.761565
vt 0.040121 0.761565
vt 0.091550 0.775458
vt 0.233014 0.698035
vt 0.248516 0.697363
vt 0.235537 0.681898
vt 0.077604 0.767129
vt 0.091646 0.767129
vt 0.037328 0.754800
vt 0.036616 0.761565
vt 0.067808 0.754757
vt 0.068354 0.761565
vt 0.236622 0.713796
vt 0.230475 0.713889
vt 0.229367 0.682000
vt 0.217454 0.697565
vt 0.115533 0.754133
vt 0.111395 0.702713
vt 0.103450 0.702713
vt 0.102620 0.754592
vt 0.095532 0.702713
vt 0.092872 0.754216
vt 0.115187 0.761565
vt 0.102468 0.761565
vt 0.092010 0.761565
vt 0.133765 0.775654
vt 0.147423 0.775521
vt 0.213317 0.725792
vt 0.229591 0.726524
vt 0.216522 0.709649
vt 0.133742 0.767129
vt 0.147410 0.767129
vt 0.087731 0.754759
vt 0.086963 0.761565
vt 0.118223 0.754650
vt 0.118648 0.761565
vt 0.216473 0.741645
vt 0.210113 0.741635
vt 0.210162 0.709638
vt 0.197705 0.725003
vt 0.102714 0.775624
vt 0.103970 0.772087
vt 0.132603 0.772117
vt 0.165809 0.753670
vt 0.162812 0.702713
vt 0.154426 0.702713
vt 0.153497 0.754233
vt 0.146035 0.702713
vt 0.142332 0.753910
vt 0.165679 0.761565
vt 0.153281 0.761565
vt 0.142083 0.761565
vt 0.189996 0.775659
vt 0.203236 0.775531
vt 0.233123 0.751790
vt 0.248516 0.752273
vt 0.236223 0.735622
vt 0.189136 0.767129
vt 0.203258 0.767129
vt 0.138527 0.754481
vt 0.137591 0.761565
vt 0.168740 0.754183
vt 0.168799 0.761565
vt 0.236182 0.767816
vt 0.230019 0.767695
vt 0.230073 0.735487
vt 0.217448 0.751393
vt 0.158432 0.775647
vt 0.159855 0.772105
vt 0.188040 0.772121
vt 0.232174 0.775707
vt 0.215677 0.775710
vt 0.232174 0.772074
vt 0.217072 0.772160
vt 0.178999 0.702713
vt 0.179643 0.753384
vt 0.212862 0.929554
vt 0.232174 0.929824
vt 0.232174 0.878512
vt 0.212862 0.878179
vt 0.232174 0.827030
vt 0.212862 0.826605
vt 0.203150 0.827053
vt 0.192920 0.826564
vt 0.192920 0.878182
vt 0.203058 0.878511
vt 0.192920 0.929580
vt 0.203122 0.930314
vt 0.156810 0.878191
vt 0.156810 0.929592
vt 0.156810 0.826565
vt 0.147585 0.827044
vt 0.135524 0.826566
vt 0.135524 0.878191
vt 0.147532 0.878519
vt 0.135524 0.929591
vt 0.147541 0.930339
vt 0.100963 0.878196
vt 0.100963 0.929597
vt 0.100963 0.826567
vt 0.091346 0.827046
vt 0.080438 0.826562
vt 0.080438 0.878198
vt 0.091294 0.878525
vt 0.062546 0.826865
vt 0.062504 0.878507
vt 0.080438 0.929604
vt 0.091346 0.930355
vt 0.062513 0.929932
vt 0.216146 0.767129
vt 0.159279 0.767129
vt 0.103376 0.767129
vt 0.100963 0.827587
vt 0.100963 0.878740
vt 0.091495 0.878740
vt 0.091504 0.827587
vt 0.080438 0.878740
vt 0.080438 0.827587
vt 0.043731 0.827587
vt 0.043731 0.878740
vt 0.080438 0.878740
vt 0.080438 0.827587
vt 0.100963 0.929538
vt 0.091502 0.929538
vt 0.080438 0.929538
vt 0.043731 0.878740
vt 0.043731 0.929538
vt 0.080438 0.929538
vt 0.080438 0.878740
vt 0.040651 0.755283
vt 0.044119 0.702713
vt 0.051984 0.702713
vt 0.051692 0.755571
vt 0.047894 0.772767
vt 0.046523 0.776312
vt 0.077978 0.776312
vt 0.076680 0.772767
vt 0.044119 0.702713
vt 0.010702 0.702713
vt 0.012293 0.755283
vt 0.040651 0.755283
vt 0.040134 0.761565
vt 0.051608 0.761565
vt 0.102714 0.776489
vt 0.091705 0.776171
vt 0.077978 0.776312
vt 0.233279 0.697740
vt 0.235805 0.681735
vt 0.247968 0.696924
vt 0.046523 0.776312
vt 0.043731 0.827587
vt 0.080438 0.827587
vt 0.077978 0.776312
vt 0.103488 0.767129
vt 0.091827 0.767129
vt 0.077677 0.767129
vt 0.036624 0.761565
vt 0.037337 0.755835
vt 0.067862 0.755792
vt 0.068409 0.761565
vt 0.064945 0.761565
vt 0.064858 0.755259
vt 0.236892 0.713372
vt 0.230735 0.713465
vt 0.229627 0.681836
vt 0.218603 0.698921
vt 0.043731 0.929538
vt 0.062560 0.929538
vt 0.062551 0.878740
vt 0.043731 0.878740
vt 0.062594 0.827587
vt 0.043731 0.827587
vt 0.007971 0.827587
vt 0.008361 0.878740
vt 0.013676 0.878740
vt 0.013412 0.827587
vt 0.019817 0.878740
vt 0.019628 0.827587
vt 0.032853 0.878740
vt 0.032837 0.827587
vt 0.021573 0.827587
vt 0.021685 0.878740
vt 0.008328 0.929538
vt 0.013651 0.929538
vt 0.019800 0.929538
vt 0.032842 0.929538
vt 0.021670 0.929538
vt 0.043731 0.981102
vt 0.062740 0.981421
vt 0.062560 0.929538
vt 0.043731 0.929538
vt 0.062551 0.878740
vt 0.043731 0.878740
vt 0.062594 0.827587
vt 0.043731 0.827587
vt 0.032853 0.878740
vt 0.032837 0.827587
vt 0.021573 0.827587
vt 0.021883 0.878740
vt 0.012968 0.878740
vt 0.006277 0.878740
vt 0.008328 0.929538
vt 0.013651 0.929538
vt 0.020032 0.878740
vt 0.019800 0.929538
vt 0.021670 0.929538
vt 0.032842 0.929538
vt 0.007876 0.980264
vt 0.013218 0.980575
vt 0.019299 0.980863
vt 0.032375 0.981087
vt 0.021297 0.980880
vt 0.012293 0.755492
vt 0.009837 0.702713
vt 0.004906 0.702713
vt 0.004547 0.755446
vt 0.006364 0.776739
vt 0.010501 0.827587
vt 0.019628 0.827587
vt 0.018500 0.776112
vt 0.012578 0.761565
vt 0.012293 0.755492
vt 0.004547 0.755446
vt 0.004547 0.761565
vt 0.005498 0.768492
vt 0.018181 0.767129
vt 0.022072 0.776012
vt 0.034072 0.775893
vt 0.215327 0.671725
vt 0.230166 0.672355
vt 0.218432 0.655702
vt 0.021897 0.767129
vt 0.033902 0.767129
vt 0.015681 0.755992
vt 0.012293 0.755492
vt 0.012578 0.761565
vt 0.016159 0.761565
vt 0.218390 0.687609
vt 0.212220 0.687489
vt 0.212273 0.655568
vt 0.200479 0.671640
vt 0.063150 0.776030
vt 0.046523 0.776137
vt 0.063171 0.772363
vt 0.047894 0.772586
vt 0.027172 0.702713
vt 0.009837 0.702713
vt 0.012293 0.755492
vt 0.026751 0.755194
vt 0.100963 0.827587
vt 0.132531 0.827587
vt 0.100963 0.857106
vt 0.091176 0.866362
vt 0.091171 0.827587
vt 0.080438 0.870920
vt 0.080438 0.827587
vt 0.043731 0.878740
vt 0.043731 0.827587
vt 0.080438 0.827587
vt 0.071808 0.878740
vt 0.043731 0.878740
vt 0.071808 0.878740
vt 0.043731 0.905394
vt 0.040651 0.755283
vt 0.044119 0.702713
vt 0.052277 0.702713
vt 0.052086 0.755570
vt 0.047894 0.773053
vt 0.076680 0.772767
vt 0.077978 0.776312
vt 0.046523 0.776575
vt 0.010948 0.702713
vt 0.044119 0.702713
vt 0.040651 0.755283
vt 0.012293 0.754715
vt 0.040134 0.761565
vt 0.052019 0.761565
vt 0.102714 0.776489
vt 0.091281 0.776168
vt 0.077978 0.776312
vt 0.233279 0.697740
vt 0.247989 0.697633
vt 0.236892 0.713372
vt 0.046523 0.776575
vt 0.077978 0.776312
vt 0.080438 0.827587
vt 0.043731 0.827587
vt 0.103488 0.767129
vt 0.091397 0.767129
vt 0.077677 0.767129
vt 0.036624 0.761565
vt 0.037337 0.755835
vt 0.067862 0.755792
vt 0.068409 0.761565
vt 0.064945 0.761565
vt 0.064858 0.755259
vt 0.230735 0.713465
vt 0.235805 0.681735
vt 0.229627 0.681836
vt 0.218576 0.698192
vt 0.102587 0.755533
vt 0.092872 0.755256
vt 0.095532 0.702713
vt 0.103272 0.717160
vt 0.104084 0.772981
vt 0.132359 0.773011
vt 0.133765 0.776519
vt 0.092100 0.761565
vt 0.102401 0.761565
vt 0.158432 0.776512
vt 0.158555 0.809176
vt 0.147503 0.817822
vt 0.147365 0.776251
vt 0.135524 0.822831
vt 0.214270 0.725986
vt 0.229065 0.726368
vt 0.217431 0.741710
vt 0.159279 0.767129
vt 0.147352 0.767129
vt 0.133499 0.767129
vt 0.087048 0.761565
vt 0.087817 0.755794
vt 0.118354 0.755687
vt 0.118780 0.761565
vt 0.115313 0.761565
vt 0.115533 0.755173
vt 0.211061 0.741700
vt 0.217479 0.709975
vt 0.211110 0.709965
vt 0.199475 0.725537
vt 0.159653 0.772999
vt 0.187586 0.773009
vt 0.189996 0.776518
vt 0.060932 0.702713
vt 0.142332 0.754952
vt 0.112282 0.722937
vt 0.043731 0.905394
vt 0.071808 0.878740
vt 0.043731 0.878740
vt 0.043731 0.878740
vt 0.071808 0.878740
vt 0.080438 0.827587
vt 0.043731 0.827587
vt 0.202867 0.878740
vt 0.202902 0.827587
vt 0.192920 0.827587
vt 0.192920 0.878740
vt 0.202882 0.915493
vt 0.192920 0.919745
vt 0.156810 0.929538
vt 0.182179 0.929538
vt 0.156810 0.878740
vt 0.156810 0.827587
vt 0.147579 0.878740
vt 0.147564 0.827587
vt 0.135524 0.827587
vt 0.135524 0.878740
vt 0.147583 0.929538
vt 0.135524 0.929538
vt 0.100963 0.929538
vt 0.100963 0.878740
vt 0.100963 0.827587
vt 0.090942 0.878740
vt 0.090951 0.827587
vt 0.080438 0.827587
vt 0.080438 0.878740
vt 0.090950 0.929538
vt 0.080438 0.929538
vt 0.064858 0.755259
vt 0.060932 0.702713
vt 0.051953 0.702713
vt 0.051650 0.755571
vt 0.044119 0.702713
vt 0.040651 0.755283
vt 0.064945 0.761565
vt 0.051563 0.761565
vt 0.040134 0.761565
vt 0.077978 0.776312
vt 0.091002 0.776166
vt 0.233279 0.697740
vt 0.248004 0.698101
vt 0.235805 0.681735
vt 0.077677 0.767129
vt 0.091113 0.767129
vt 0.037337 0.755835
vt 0.036624 0.761565
vt 0.067862 0.755792
vt 0.068409 0.761565
vt 0.236892 0.713372
vt 0.230735 0.713465
vt 0.229627 0.681836
vt 0.218606 0.699000
vt 0.115533 0.755173
vt 0.111395 0.702713
vt 0.103682 0.702713
vt 0.102912 0.755532
vt 0.095532 0.702713
vt 0.092872 0.755256
vt 0.115313 0.761565
vt 0.102739 0.761565
vt 0.092100 0.761565
vt 0.133765 0.776519
vt 0.147476 0.776251
vt 0.214270 0.725986
vt 0.229065 0.726177
vt 0.217479 0.709975
vt 0.133499 0.767129
vt 0.147466 0.767129
vt 0.087817 0.755794
vt 0.087048 0.761565
vt 0.118354 0.755687
vt 0.118780 0.761565
vt 0.217431 0.741710
vt 0.211061 0.741700
vt 0.211110 0.709965
vt 0.199476 0.724919
vt 0.102714 0.776489
vt 0.104084 0.772981
vt 0.132359 0.773011
vt 0.165809 0.754715
vt 0.162812 0.702713
vt 0.154477 0.702713
vt 0.153655 0.755138
vt 0.146035 0.702713
vt 0.142332 0.754952
vt 0.165483 0.761565
vt 0.153384 0.761565
vt 0.141850 0.761565
vt 0.189996 0.776524
vt 0.202976 0.776269
vt 0.233030 0.752843
vt 0.247860 0.753469
vt 0.236135 0.736808
vt 0.188979 0.767129
vt 0.202995 0.767129
vt 0.138290 0.755518
vt 0.137352 0.761565
vt 0.168549 0.755223
vt 0.168609 0.761565
vt 0.236093 0.768739
vt 0.229922 0.768619
vt 0.229975 0.736674
vt 0.218187 0.751898
vt 0.158432 0.776512
vt 0.159653 0.772999
vt 0.187881 0.773014
vt 0.046523 0.776575
vt 0.043731 0.827587
vt 0.080438 0.827587
vt 0.077978 0.776312
vt 0.047894 0.773053
vt 0.046523 0.776575
vt 0.077978 0.776312
vt 0.076680 0.772767
vt 0.044119 0.702713
vt 0.010948 0.702713
vt 0.012293 0.754715
vt 0.040651 0.755283
vt 0.100963 0.857106
vt 0.132531 0.827587
vt 0.100963 0.827587
vt 0.091176 0.866362
vt 0.091171 0.827587
vt 0.080438 0.827587
vt 0.080438 0.870920
vt 0.064858 0.755259
vt 0.060932 0.702713
vt 0.052061 0.702713
vt 0.051795 0.755571
vt 0.044119 0.702713
vt 0.040651 0.755283
vt 0.064945 0.761565
vt 0.051715 0.761565
vt 0.040134 0.761565
vt 0.077978 0.776312
vt 0.091281 0.776168
vt 0.233279 0.697740
vt 0.236892 0.713372
vt 0.247989 0.697633
vt 0.077677 0.767129
vt 0.091397 0.767129
vt 0.037337 0.755835
vt 0.036624 0.761565
vt 0.067862 0.755792
vt 0.068409 0.761565
vt 0.230735 0.713465
vt 0.235805 0.681735
vt 0.229627 0.681836
vt 0.218596 0.698731
vt 0.115533 0.755173
vt 0.112282 0.722937
vt 0.103272 0.717160
vt 0.102587 0.755533
vt 0.092872 0.755256
vt 0.095532 0.702713
vt 0.115313 0.761565
vt 0.102401 0.761565
vt 0.092100 0.761565
vt 0.147365 0.776251
vt 0.133765 0.776519
vt 0.135524 0.822831
vt 0.147503 0.817822
vt 0.214270 0.725986
vt 0.229065 0.726368
vt 0.217479 0.709975
vt 0.133499 0.767129
vt 0.147352 0.767129
vt 0.087817 0.755794
vt 0.087048 0.761565
vt 0.118354 0.755687
vt 0.118780 0.761565
vt 0.217431 0.741710
vt 0.211061 0.741700
vt 0.211110 0.709965
vt 0.199475 0.725537
vt 0.102714 0.776489
vt 0.132359 0.773011
vt 0.104084 0.772981
vt 0.159653 0.772999
vt 0.158432 0.776512
vt 0.189996 0.776518
vt 0.187586 0.773009
vt 0.158555 0.809176
vt 0.142332 0.754952
vt 0.071808 0.878740
vt 0.071808 0.878740
vt 0.046894 0.767129
vt 0.103488 0.767129
vt 0.159279 0.767129
vt 0.212862 0.905394
vt 0.212862 0.878740
vt 0.212862 0.827587
vt 0.215677 0.776575
vt 0.216029 0.767129
vt 0.159279 0.767129
vt 0.103488 0.767129
vt 0.060932 0.702713
vt 0.212862 0.929554
vt 0.232174 0.929824
vt 0.232174 0.981866
vt 0.212862 0.981687
vt 0.212862 0.878179
vt 0.232174 0.878512
vt 0.212862 0.826605
vt 0.232174 0.827030
vt 0.203055 0.878322
vt 0.203104 0.826849
vt 0.192920 0.878182
vt 0.192920 0.826564
vt 0.156810 0.878191
vt 0.156810 0.826565
vt 0.203120 0.930124
vt 0.192920 0.929580
vt 0.156810 0.929592
vt 0.203344 0.981979
vt 0.192920 0.981704
vt 0.156810 0.981748
vt 0.147527 0.878330
vt 0.147497 0.826843
vt 0.135524 0.878191
vt 0.135524 0.826566
vt 0.100963 0.878196
vt 0.100963 0.826567
vt 0.147537 0.930149
vt 0.135524 0.929591
vt 0.100963 0.929597
vt 0.147613 0.982021
vt 0.135524 0.981732
vt 0.100963 0.981745
vt 0.091266 0.878336
vt 0.091303 0.826816
vt 0.080438 0.878198
vt 0.080438 0.826562
vt 0.062504 0.878507
vt 0.062546 0.826865
vt 0.091320 0.930165
vt 0.080438 0.929604
vt 0.062513 0.929932
vt 0.091484 0.982053
vt 0.080438 0.981832
vt 0.062692 0.982242
vt 0.040651 0.754244
vt 0.044119 0.702713
vt 0.051820 0.702713
vt 0.051520 0.754577
vt 0.063101 0.775162
vt 0.063123 0.771464
vt 0.076609 0.771872
vt 0.077978 0.775446
vt 0.026759 0.754154
vt 0.027179 0.702713
vt 0.040121 0.761565
vt 0.051431 0.761565
vt 0.102714 0.775624
vt 0.091513 0.775458
vt 0.233014 0.698035
vt 0.248516 0.697427
vt 0.236622 0.713796
vt 0.103376 0.767129
vt 0.091609 0.767129
vt 0.077604 0.767129
vt 0.036616 0.761565
vt 0.037328 0.754800
vt 0.067808 0.754757
vt 0.068354 0.761565
vt 0.064895 0.761565
vt 0.064858 0.754219
vt 0.230475 0.713889
vt 0.235537 0.681898
vt 0.229367 0.682000
vt 0.217528 0.699557
vt 0.092872 0.754216
vt 0.095532 0.702713
vt 0.102759 0.702713
vt 0.101763 0.754595
vt 0.132603 0.772117
vt 0.133765 0.775654
vt 0.103970 0.772087
vt 0.060932 0.702713
vt 0.092010 0.761565
vt 0.101559 0.761565
vt 0.158432 0.775647
vt 0.147414 0.775521
vt 0.213317 0.725792
vt 0.229591 0.726542
vt 0.216473 0.741645
vt 0.159279 0.767129
vt 0.147399 0.767129
vt 0.133742 0.767129
vt 0.086963 0.761565
vt 0.087731 0.754759
vt 0.118223 0.754650
vt 0.118648 0.761565
vt 0.115187 0.761565
vt 0.115533 0.754133
vt 0.210113 0.741635
vt 0.216522 0.709649
vt 0.210162 0.709638
vt 0.197703 0.726722
vt 0.142332 0.753910
vt 0.146035 0.702713
vt 0.153992 0.702713
vt 0.152948 0.754239
vt 0.188040 0.772121
vt 0.189996 0.775659
vt 0.159855 0.772105
vt 0.111395 0.702713
vt 0.142083 0.761565
vt 0.152696 0.761565
vt 0.215677 0.775710
vt 0.203227 0.775531
vt 0.233123 0.751790
vt 0.248516 0.752288
vt 0.236182 0.767816
vt 0.216146 0.767129
vt 0.203250 0.767129
vt 0.189136 0.767129
vt 0.137591 0.761565
vt 0.138527 0.754481
vt 0.168740 0.754183
vt 0.168799 0.761565
vt 0.165679 0.761565
vt 0.165809 0.753670
vt 0.230019 0.767695
vt 0.236223 0.735622
vt 0.230073 0.735487
vt 0.217453 0.752454
vt 0.232174 0.775707
vt 0.217072 0.772160
vt 0.232174 0.772074
vt 0.178999 0.702713
vt 0.179643 0.753384
vt 0.162812 0.702713
vt 0.212862 0.878179
vt 0.232174 0.878512
vt 0.232174 0.929824
vt 0.212862 0.929554
vt 0.212862 0.826605
vt 0.232174 0.827030
vt 0.203051 0.878511
vt 0.203143 0.827053
vt 0.192920 0.826564
vt 0.192920 0.878182
vt 0.156810 0.826565
vt 0.156810 0.878191
vt 0.203115 0.930314
vt 0.192920 0.929580
vt 0.156810 0.929592
vt 0.147524 0.878519
vt 0.147578 0.827044
vt 0.135524 0.826566
vt 0.135524 0.878191
vt 0.100963 0.826567
vt 0.100963 0.878196
vt 0.147533 0.930339
vt 0.135524 0.929591
vt 0.100963 0.929597
vt 0.091263 0.878525
vt 0.091318 0.827046
vt 0.080438 0.826562
vt 0.080438 0.878198
vt 0.062504 0.878507
vt 0.062546 0.826865
vt 0.091316 0.930355
vt 0.080438 0.929604
vt 0.062513 0.929932
vt 0.212862 0.827587
vt 0.212862 0.878740
vt 0.203167 0.878740
vt 0.203204 0.827587
vt 0.192920 0.878740
vt 0.192920 0.827587
vt 0.156810 0.827587
vt 0.156810 0.878740
vt 0.212862 0.929538
vt 0.203180 0.929538
vt 0.192920 0.929538
vt 0.156810 0.929538
vt 0.142332 0.754952
vt 0.146035 0.702713
vt 0.154039 0.702713
vt 0.153046 0.755145
vt 0.187881 0.773014
vt 0.189996 0.776524
vt 0.158432 0.776512
vt 0.159653 0.772999
vt 0.111395 0.702713
vt 0.115533 0.755173
vt 0.141850 0.761565
vt 0.152746 0.761565
vt 0.215677 0.776575
vt 0.203371 0.776270
vt 0.233030 0.752843
vt 0.247863 0.752791
vt 0.236093 0.768739
vt 0.216029 0.767129
vt 0.203399 0.767129
vt 0.188979 0.767129
vt 0.137352 0.761565
vt 0.138290 0.755518
vt 0.168549 0.755223
vt 0.168609 0.761565
vt 0.165483 0.761565
vt 0.165809 0.754715
vt 0.229922 0.768619
vt 0.236135 0.736808
vt 0.229975 0.736674
vt 0.218192 0.753016
vt 0.043731 0.878740
vt 0.043731 0.905394
vt 0.071808 0.878740
vt 0.043731 0.878740
vt 0.071808 0.878740
vt 0.080438 0.827587
vt 0.043731 0.827587
vt 0.046523 0.776575
vt 0.043731 0.827587
vt 0.080438 0.827587
vt 0.077978 0.776312
vt 0.047894 0.773053
vt 0.046523 0.776575
vt 0.077978 0.776312
vt 0.076680 0.772767
vt 0.044119 0.702713
vt 0.010948 0.702713
vt 0.012293 0.754715
vt 0.040651 0.755283
vt 0.100963 0.857106
vt 0.132531 0.827587
vt 0.100963 0.827587
vt 0.091314 0.866244
vt 0.091304 0.827587
vt 0.080438 0.827587
vt 0.080438 0.870920
vt 0.064858 0.755259
vt 0.060932 0.702713
vt 0.052190 0.702713
vt 0.051969 0.755571
vt 0.044119 0.702713
vt 0.040651 0.755283
vt 0.064945 0.761565
vt 0.051897 0.761565
vt 0.040134 0.761565
vt 0.077978 0.776312
vt 0.091450 0.776169
vt 0.233279 0.697740
vt 0.247981 0.697350
vt 0.235805 0.681735
vt 0.077677 0.767129
vt 0.091568 0.767129
vt 0.037337 0.755835
vt 0.036624 0.761565
vt 0.067862 0.755792
vt 0.068409 0.761565
vt 0.236892 0.713372
vt 0.230735 0.713465
vt 0.229627 0.681836
vt 0.218584 0.698409
vt 0.115533 0.755173
vt 0.112282 0.722937
vt 0.103072 0.716957
vt 0.102336 0.755534
vt 0.092872 0.755256
vt 0.095532 0.702713
vt 0.115313 0.761565
vt 0.102140 0.761565
vt 0.092100 0.761565
vt 0.147168 0.776251
vt 0.133765 0.776519
vt 0.135524 0.822831
vt 0.147342 0.817962
vt 0.214270 0.725986
vt 0.229064 0.726708
vt 0.217479 0.709975
vt 0.133499 0.767129
vt 0.147151 0.767129
vt 0.087817 0.755794
vt 0.087048 0.761565
vt 0.118354 0.755687
vt 0.118780 0.761565
vt 0.217431 0.741710
vt 0.211061 0.741700
vt 0.211110 0.709965
vt 0.199475 0.726014
vt 0.102714 0.776489
vt 0.104084 0.772981
vt 0.132359 0.773011
vt 0.071808 0.878740
vt 0.158432 0.776512
vt 0.158555 0.809176
vt 0.189996 0.776518
vt 0.142332 0.754952
vt 0.212862 0.827587
vt 0.212862 0.878740
vt 0.202858 0.878740
vt 0.202893 0.827587
vt 0.192920 0.878740
vt 0.192920 0.827587
vt 0.156810 0.827587
vt 0.156810 0.878740
vt 0.212862 0.905394
vt 0.202873 0.915502
vt 0.192920 0.919745
vt 0.182179 0.929538
vt 0.156810 0.929538
vt 0.147879 0.878740
vt 0.147864 0.827587
vt 0.135524 0.878740
vt 0.135524 0.827587
vt 0.100963 0.827587
vt 0.100963 0.878740
vt 0.147882 0.929538
vt 0.135524 0.929538
vt 0.100963 0.929538
vt 0.091453 0.878740
vt 0.091462 0.827587
vt 0.080438 0.878740
vt 0.080438 0.827587
vt 0.043731 0.827587
vt 0.080438 0.827587
vt 0.080438 0.878740
vt 0.043731 0.878740
vt 0.091460 0.929538
vt 0.080438 0.929538
vt 0.043731 0.878740
vt 0.080438 0.878740
vt 0.080438 0.929538
vt 0.043731 0.929538
vt 0.040651 0.755283
vt 0.044119 0.702713
vt 0.052097 0.702713
vt 0.051844 0.755571
vt 0.047894 0.773053
vt 0.076680 0.772767
vt 0.077978 0.776312
vt 0.046523 0.776575
vt 0.010948 0.702713
vt 0.044119 0.702713
vt 0.040651 0.755283
vt 0.012293 0.754715
vt 0.040134 0.761565
vt 0.051766 0.761565
vt 0.102714 0.776489
vt 0.091652 0.776171
vt 0.077978 0.776312
vt 0.233279 0.697740
vt 0.247971 0.697013
vt 0.236892 0.713372
vt 0.046523 0.776575
vt 0.077978 0.776312
vt 0.080438 0.827587
vt 0.043731 0.827587
vt 0.103488 0.767129
vt 0.091773 0.767129
vt 0.077677 0.767129
vt 0.036624 0.761565
vt 0.037337 0.755835
vt 0.067862 0.755792
vt 0.068409 0.761565
vt 0.064945 0.761565
vt 0.064858 0.755259
vt 0.230735 0.713465
vt 0.235805 0.681735
vt 0.229627 0.681836
vt 0.218593 0.698640
vt 0.092872 0.755256
vt 0.095532 0.702713
vt 0.103377 0.702713
vt 0.102509 0.755534
vt 0.132359 0.773011
vt 0.133765 0.776519
vt 0.104084 0.772981
vt 0.060932 0.702713
vt 0.092100 0.761565
vt 0.102319 0.761565
vt 0.158432 0.776512
vt 0.147862 0.776252
vt 0.214270 0.725986
vt 0.229067 0.725512
vt 0.217431 0.741710
vt 0.159279 0.767129
vt 0.147861 0.767129
vt 0.133499 0.767129
vt 0.087048 0.761565
vt 0.087817 0.755794
vt 0.118354 0.755687
vt 0.118780 0.761565
vt 0.115313 0.761565
vt 0.115533 0.755173
vt 0.211061 0.741700
vt 0.217479 0.709975
vt 0.211110 0.709965
vt 0.199475 0.725686
vt 0.142332 0.754952
vt 0.146035 0.702713
vt 0.153912 0.702713
vt 0.152869 0.755147
vt 0.187881 0.773014
vt 0.189996 0.776524
vt 0.159653 0.772999
vt 0.111395 0.702713
vt 0.141850 0.761565
vt 0.152562 0.761565
vt 0.215677 0.776575
vt 0.202965 0.776269
vt 0.233030 0.752843
vt 0.247860 0.753488
vt 0.236093 0.768739
vt 0.216029 0.767129
vt 0.202983 0.767129
vt 0.188979 0.767129
vt 0.137352 0.761565
vt 0.138290 0.755518
vt 0.168549 0.755223
vt 0.168609 0.761565
vt 0.165483 0.761565
vt 0.165809 0.754715
vt 0.229922 0.768619
vt 0.236135 0.736808
vt 0.229975 0.736674
vt 0.218193 0.753340
vt 0.100963 0.827587
vt 0.132531 0.827587
vt 0.100963 0.857106
vt 0.091314 0.866244
vt 0.091304 0.827587
vt 0.080438 0.870920
vt 0.080438 0.827587
vt 0.043731 0.827587
vt 0.080438 0.827587
vt 0.071808 0.878740
vt 0.043731 0.878740
vt 0.043731 0.878740
vt 0.071808 0.878740
vt 0.043731 0.905394
vt 0.040651 0.755283
vt 0.044119 0.702713
vt 0.052136 0.702713
vt 0.051896 0.755571
vt 0.047894 0.773053
vt 0.076680 0.772767
vt 0.077978 0.776312
vt 0.046523 0.776575
vt 0.010948 0.702713
vt 0.044119 0.702713
vt 0.040651 0.755283
vt 0.012293 0.754715
vt 0.040134 0.761565
vt 0.051821 0.761565
vt 0.102714 0.776489
vt 0.091450 0.776169
vt 0.077978 0.776312
vt 0.233279 0.697740
vt 0.247981 0.697350
vt 0.236892 0.713372
vt 0.046523 0.776575
vt 0.077978 0.776312
vt 0.080438 0.827587
vt 0.043731 0.827587
vt 0.103488 0.767129
vt 0.091568 0.767129
vt 0.077677 0.767129
vt 0.036624 0.761565
vt 0.037337 0.755835
vt 0.067862 0.755792
vt 0.068409 0.761565
vt 0.064945 0.761565
vt 0.064858 0.755259
vt 0.230735 0.713465
vt 0.235805 0.681735
vt 0.229627 0.681836
vt 0.218589 0.698543
vt 0.102336 0.755534
vt 0.092872 0.755256
vt 0.095532 0.702713
vt 0.103072 0.716957
vt 0.132359 0.773011
vt 0.133765 0.776519
vt 0.104084 0.772981
vt 0.092100 0.761565
vt 0.102140 0.761565
vt 0.158432 0.776512
vt 0.158555 0.809176
vt 0.147342 0.817962
vt 0.147168 0.776251
vt 0.135524 0.822831
vt 0.214270 0.725986
vt 0.229064 0.726708
vt 0.217431 0.741710
vt 0.159279 0.767129
vt 0.147151 0.767129
vt 0.133499 0.767129
vt 0.087048 0.761565
vt 0.087817 0.755794
vt 0.118354 0.755687
vt 0.118780 0.761565
vt 0.115313 0.761565
vt 0.115533 0.755173
vt 0.211061 0.741700
vt 0.217479 0.709975
vt 0.211110 0.709965
vt 0.199475 0.726014
vt 0.159653 0.772999
vt 0.187586 0.773009
vt 0.189996 0.776518
vt 0.112282 0.722937
vt 0.142332 0.754952
vt 0.043731 0.878740
vt 0.062551 0.878740
vt 0.062560 0.929538
vt 0.043731 0.929538
vt 0.043731 0.827587
vt 0.062594 0.827587
vt 0.033175 0.878740
vt 0.033161 0.827587
vt 0.021685 0.878740
vt 0.021573 0.827587
vt 0.019817 0.878740
vt 0.019628 0.827587
vt 0.013676 0.878740
vt 0.013412 0.827587
vt 0.008361 0.878740
vt 0.007971 0.827587
vt 0.033164 0.929538
vt 0.021670 0.929538
vt 0.019800 0.929538
vt 0.013651 0.929538
vt 0.008328 0.929538
vt 0.043731 0.929538
vt 0.062560 0.929538
vt 0.062740 0.981421
vt 0.043731 0.981102
vt 0.043731 0.878740
vt 0.062551 0.878740
vt 0.043731 0.827587
vt 0.062594 0.827587
vt 0.033175 0.878740
vt 0.033161 0.827587
vt 0.021864 0.878740
vt 0.021573 0.827587
vt 0.012968 0.878740
vt 0.013651 0.929538
vt 0.008328 0.929538
vt 0.006277 0.878740
vt 0.020032 0.878740
vt 0.019800 0.929538
vt 0.033164 0.929538
vt 0.021670 0.929538
vt 0.032697 0.981090
vt 0.021297 0.980880
vt 0.019299 0.980863
vt 0.013218 0.980575
vt 0.007876 0.980264
vt 0.018500 0.776112
vt 0.019628 0.827587
vt 0.010427 0.827587
vt 0.006264 0.776746
vt 0.018181 0.767129
vt 0.005390 0.768501
vt 0.046523 0.776137
vt 0.034466 0.775895
vt 0.022072 0.776012
vt 0.215327 0.671725
vt 0.218432 0.655702
vt 0.230170 0.671679
vt 0.046894 0.767129
vt 0.034300 0.767129
vt 0.021897 0.767129
vt 0.015681 0.755992
vt 0.016159 0.761565
vt 0.012578 0.761565
vt 0.012293 0.755492
vt 0.218390 0.687609
vt 0.212220 0.687489
vt 0.212273 0.655568
vt 0.200479 0.671462
vt 0.063150 0.776030
vt 0.047894 0.772586
vt 0.063171 0.772363
vt 0.027172 0.702713
vt 0.026751 0.755194
vt 0.012293 0.755492
vt 0.009837 0.702713
vt 0.060932 0.702713
vt 0.071808 0.878740
vt 0.103488 0.767129
vt 0.159279 0.767129
vt 0.012293 0.755492
vt 0.004547 0.755438
vt 0.004831 0.702713
vt 0.009837 0.702713
vt 0.012578 0.761565
vt 0.004547 0.761565
vt 0.004547 0.755438
vt 0.012293 0.755492
vt 0.162812 0.702713
vt 0.162812 0.702713
vt 0.187586 0.773009
vt 0.159653 0.772999
vt 0.212862 0.981687
vt 0.232174 0.981866
vt 0.232174 0.929824
vt 0.212862 0.929554
vt 0.232174 0.878512
vt 0.212862 0.878179
vt 0.232174 0.827030
vt 0.212862 0.826605
vt 0.192920 0.826564
vt 0.192920 0.878182
vt 0.203062 0.878322
vt 0.203111 0.826849
vt 0.192920 0.929580
vt 0.203126 0.930124
vt 0.192920 0.981704
vt 0.203351 0.981979
vt 0.156810 0.929592
vt 0.156810 0.981748
vt 0.156810 0.878191
vt 0.156810 0.826565
vt 0.135524 0.826566
vt 0.135524 0.878191
vt 0.147535 0.878330
vt 0.147505 0.826843
vt 0.135524 0.929591
vt 0.147546 0.930149
vt 0.135524 0.981732
vt 0.147620 0.982021
vt 0.100963 0.929597
vt 0.100963 0.981745
vt 0.100963 0.878196
vt 0.100963 0.826567
vt 0.080438 0.826562
vt 0.080438 0.878198
vt 0.091297 0.878336
vt 0.091332 0.826816
vt 0.062546 0.826865
vt 0.062504 0.878507
vt 0.080438 0.929604
vt 0.091350 0.930165
vt 0.062513 0.929932
vt 0.080438 0.981832
vt 0.091512 0.982053
vt 0.062692 0.982242
vt 0.064858 0.754219
vt 0.060932 0.702713
vt 0.052639 0.702713
vt 0.052544 0.754576
vt 0.044119 0.702713
vt 0.040651 0.754244
vt 0.063101 0.775162
vt 0.077978 0.775446
vt 0.076609 0.771872
vt 0.063123 0.771464
vt 0.027179 0.702713
vt 0.026759 0.754154
vt 0.064895 0.761565
vt 0.052519 0.761565
vt 0.040121 0.761565
vt 0.091550 0.775458
vt 0.233014 0.698035
vt 0.248516 0.697363
vt 0.235537 0.681898
vt 0.077604 0.767129
vt 0.091646 0.767129
vt 0.037328 0.754800
vt 0.036616 0.761565
vt 0.067808 0.754757
vt 0.068354 0.761565
vt 0.236622 0.713796
vt 0.230475 0.713889
vt 0.229367 0.682000
vt 0.217454 0.697565
vt 0.115533 0.754133
vt 0.111395 0.702713
vt 0.103450 0.702713
vt 0.102620 0.754592
vt 0.095532 0.702713
vt 0.092872 0.754216
vt 0.115187 0.761565
vt 0.102468 0.761565
vt 0.092010 0.761565
vt 0.133765 0.775654
vt 0.147423 0.775521
vt 0.213317 0.725792
vt 0.229591 0.726524
vt 0.216522 0.709649
vt 0.133742 0.767129
vt 0.147410 0.767129
vt 0.087731 0.754759
vt 0.086963 0.761565
vt 0.118223 0.754650
vt 0.118648 0.761565
vt 0.216473 0.741645
vt 0.210113 0.741635
vt 0.210162 0.709638
vt 0.197705 0.725003
vt 0.102714 0.775624
vt 0.103970 0.772087
vt 0.132603 0.772117
vt 0.165809 0.753670
vt 0.162812 0.702713
vt 0.154426 0.702713
vt 0.153497 0.754233
vt 0.146035 0.702713
vt 0.142332 0.753910
vt 0.165679 0.761565
vt 0.153281 0.761565
vt 0.142083 0.761565
vt 0.189996 0.775659
vt 0.203236 0.775531
vt 0.233123 0.751790
vt 0.248516 0.752273
vt 0.236223 0.735622
vt 0.189136 0.767129
vt 0.203258 0.767129
vt 0.138527 0.754481
vt 0.137591 0.761565
vt 0.168740 0.754183
vt 0.168799 0.761565
vt 0.236182 0.767816
vt 0.230019 0.767695
vt 0.230073 0.735487
vt 0.217448 0.751393
vt 0.158432 0.775647
vt 0.159855 0.772105
vt 0.188040 0.772121
vt 0.232174 0.775707
vt 0.215677 0.775710
vt 0.232174 0.772074
vt 0.217072 0.772160
vt 0.178999 0.702713
vt 0.179643 0.753384
vt 0.212862 0.929554
vt 0.232174 0.929824
vt 0.232174 0.878512
vt 0.212862 0.878179
vt 0.232174 0.827030
vt 0.212862 0.826605
vt 0.203150 0.827053
vt 0.192920 0.826564
vt 0.192920 0.878182
vt 0.203058 0.878511
vt 0.192920 0.929580
vt 0.203122 0.930314
vt 0.156810 0.878191
vt 0.156810 0.929592
vt 0.156810 0.826565
vt 0.147585 0.827044
vt 0.135524 0.826566
vt 0.135524 0.878191
vt 0.147532 0.878519
vt 0.135524 0.929591
vt 0.147541 0.930339
vt 0.100963 0.878196
vt 0.100963 0.929597
vt 0.100963 0.826567
vt 0.091346 0.827046
vt 0.080438 0.826562
vt 0.080438 0.878198
vt 0.091294 0.878525
vt 0.062546 0.826865
vt 0.062504 0.878507
vt 0.080438 0.929604
vt 0.091346 0.930355
vt 0.062513 0.929932
vt 0.216146 0.767129
vt 0.159279 0.767129
vt 0.103376 0.767129
vt 0.366653 0.659106
vt 0.373375 0.652513
vt 0.380642 0.659113
vt 0.405308 0.684422
vt 0.339043 0.684317
vt 0.432533 0.703576
vt 0.311671 0.703392
vt 0.460593 0.716815
vt 0.283454 0.716545
vt 0.489559 0.727200
vt 0.256771 0.727200
vt 0.002515 0.386780
vt 0.002515 0.609366
vt 0.222627 0.609366
vt 0.222627 0.386780
vt 0.002515 0.386780
vt 0.002515 0.609366
vt 0.222627 0.609366
vt 0.222627 0.386780
vt 0.002515 0.386780
vt 0.002515 0.609366
vt 0.222627 0.609366
vt 0.222627 0.386780
vt 0.002515 0.386780
vt 0.002515 0.609366
vt 0.222627 0.609366
vt 0.222627 0.386780
vt 0.002515 0.386780
vt 0.002515 0.609366
vt 0.222627 0.609366
vt 0.222627 0.386780
vt 0.002515 0.386780
vt 0.002515 0.609366
vt 0.222627 0.609366
vt 0.222627 0.386780
vt 0.002515 0.386780
vt 0.002515 0.609366
vt 0.222627 0.609366
vt 0.222627 0.386780
vt 0.002515 0.386780
vt 0.002515 0.609366
vt 0.222627 0.609366
vt 0.222627 0.386780
vt 0.903508 0.117977
vt 0.903493 0.135305
vt 0.998652 0.136157
vt 0.998374 0.118761
vt 0.980408 0.152311
vt 0.895773 0.152297
vt 0.895784 0.157478
vt 0.981011 0.156691
vt 0.989257 0.161689
vt 0.935286 0.161818
vt 0.961354 0.232903
vt 0.989257 0.232979
vt 0.524863 0.157300
vt 0.567234 0.157398
vt 0.567232 0.152325
vt 0.524856 0.152373
vt 0.575635 0.135309
vt 0.543595 0.135315
vt 0.601655 0.152286
vt 0.643025 0.152338
vt 0.642993 0.135291
vt 0.601661 0.135305
vt 0.601653 0.157478
vt 0.642937 0.157356
vt 0.862024 0.161835
vt 0.821986 0.162052
vt 0.821716 0.232845
vt 0.861938 0.232841
vt 0.830505 0.152286
vt 0.789514 0.151777
vt 0.791204 0.155046
vt 0.830503 0.157478
vt 0.830515 0.135305
vt 0.790171 0.137302
vt 0.788412 0.117977
vt 0.830530 0.117977
vt 0.891444 0.161835
vt 0.938687 0.232841
vt 0.903508 0.117977
vt 0.998374 0.118761
vt 0.998652 0.136157
vt 0.903493 0.135305
vt 0.980408 0.152311
vt 0.981011 0.156691
vt 0.895784 0.157478
vt 0.895773 0.152297
vt 0.989257 0.161689
vt 0.989257 0.232979
vt 0.961354 0.232903
vt 0.935286 0.161818
vt 0.524863 0.157300
vt 0.524856 0.152373
vt 0.567232 0.152325
vt 0.567234 0.157398
vt 0.543595 0.135315
vt 0.575635 0.135309
vt 0.601655 0.152286
vt 0.601661 0.135305
vt 0.642993 0.135291
vt 0.643025 0.152338
vt 0.601653 0.157478
vt 0.642937 0.157356
vt 0.862024 0.161835
vt 0.861938 0.232841
vt 0.821716 0.232845
vt 0.821986 0.162052
vt 0.830505 0.152286
vt 0.830503 0.157478
vt 0.791204 0.155046
vt 0.789514 0.151777
vt 0.830515 0.135305
vt 0.790171 0.137302
vt 0.788412 0.117977
vt 0.830530 0.117977
vt 0.938687 0.232841
vt 0.891444 0.161835
vt 0.859908 0.152378
vt 0.859901 0.135239
vt 0.933012 0.135221
vt 0.933011 0.152392
vt 0.859981 0.157134
vt 0.933138 0.157059
vt 0.611554 0.161988
vt 0.611110 0.232725
vt 0.540123 0.232684
vt 0.540626 0.161967
vt 0.579061 0.151982
vt 0.580220 0.155935
vt 0.509106 0.156235
vt 0.508127 0.152051
vt 0.579801 0.135638
vt 0.508894 0.135077
vt 0.507884 0.118052
vt 0.578602 0.118033
vt 0.704105 0.156741
vt 0.833665 0.156668
vt 0.833848 0.151563
vt 0.704103 0.151434
vt 0.776215 0.162059
vt 0.649476 0.162083
vt 0.649463 0.232852
vt 0.776187 0.232892
vt 0.791276 0.151745
vt 0.663757 0.151721
vt 0.663072 0.156770
vt 0.791275 0.156931
vt 0.791278 0.135462
vt 0.665712 0.135282
vt 0.791278 0.117406
vt 0.665713 0.118100
vt 0.834296 0.135133
vt 0.704098 0.135104
vt 0.834471 0.130600
vt 0.704098 0.130170
vt 0.643403 0.130142
vt 0.601664 0.130152
vt 0.575644 0.130173
vt 0.543611 0.130199
vt 0.543611 0.130199
vt 0.575644 0.130173
vt 0.601664 0.130152
vt 0.643403 0.130142
vt 0.860104 0.130321
vt 0.933145 0.130381
vt 0.633260 0.156204
vt 0.763826 0.156488
vt 0.763685 0.151310
vt 0.633043 0.151137
vt 0.901815 0.162097
vt 0.774234 0.162092
vt 0.774235 0.232880
vt 0.901817 0.232914
vt 0.877222 0.151871
vt 0.747903 0.151779
vt 0.747910 0.156928
vt 0.877231 0.156905
vt 0.877502 0.135817
vt 0.748122 0.135563
vt 0.877379 0.118100
vt 0.748043 0.118342
vt 0.765697 0.135293
vt 0.634895 0.135316
vt 0.765543 0.130839
vt 0.634678 0.130892
vt 0.861984 0.194216
vt 0.821863 0.194335
vt 0.821716 0.232845
vt 0.861938 0.232841
vt 0.861984 0.194216
vt 0.861938 0.232841
vt 0.821716 0.232845
vt 0.821863 0.194335
vt 0.859908 0.152378
vt 0.859901 0.135239
vt 0.933012 0.135221
vt 0.933011 0.152392
vt 0.859981 0.157134
vt 0.933138 0.157059
vt 0.611351 0.194246
vt 0.611110 0.232725
vt 0.540123 0.232684
vt 0.540397 0.194216
vt 0.704105 0.156741
vt 0.833665 0.156668
vt 0.833848 0.151563
vt 0.704103 0.151434
vt 0.776202 0.194361
vt 0.649470 0.194356
vt 0.649463 0.232852
vt 0.776187 0.232892
vt 0.834296 0.135133
vt 0.704098 0.135104
vt 0.834471 0.130600
vt 0.704098 0.130170
vt 0.860104 0.130321
vt 0.933145 0.130381
vt 0.633260 0.156204
vt 0.763826 0.156488
vt 0.763685 0.151310
vt 0.633043 0.151137
vt 0.901816 0.194392
vt 0.774235 0.194373
vt 0.774235 0.232880
vt 0.901817 0.232914
vt 0.765697 0.135293
vt 0.634895 0.135316
vt 0.765543 0.130839
vt 0.634678 0.130892
vt 0.595324 0.152294
vt 0.595427 0.135306
vt 0.543595 0.135315
vt 0.542697 0.152353
vt 0.542546 0.157341
vt 0.595307 0.157463
vt 0.989257 0.194199
vt 0.989257 0.232979
vt 0.966161 0.194218
vt 0.524863 0.157300
vt 0.524856 0.152373
vt 0.544564 0.152351
vt 0.544416 0.157345
vt 0.543595 0.135315
vt 0.595431 0.130157
vt 0.543611 0.130199
vt 0.597260 0.135306
vt 0.543611 0.130199
vt 0.597264 0.130156
vt 0.597328 0.152291
vt 0.597315 0.157468
vt 0.524856 0.152373
vt 0.524863 0.157300
vt 0.966527 0.194218
vt 0.950269 0.194232
vt 0.977612 0.232947
vt 0.989257 0.232979
vt 0.976381 0.232944
vt 0.949043 0.194233
vt 0.989257 0.194199
vt 0.903508 0.117977
vt 0.903493 0.135305
vt 0.998652 0.136157
vt 0.998374 0.118761
vt 0.980408 0.152311
vt 0.895773 0.152297
vt 0.895784 0.157478
vt 0.981011 0.156691
vt 0.989257 0.161689
vt 0.935286 0.161818
vt 0.961354 0.232903
vt 0.989257 0.232979
vt 0.524863 0.157300
vt 0.567234 0.157398
vt 0.567232 0.152325
vt 0.524856 0.152373
vt 0.575635 0.135309
vt 0.543595 0.135315
vt 0.601655 0.152286
vt 0.643025 0.152338
vt 0.642993 0.135291
vt 0.601661 0.135305
vt 0.601653 0.157478
vt 0.642937 0.157356
vt 0.862024 0.161835
vt 0.821986 0.162052
vt 0.821716 0.232845
vt 0.861938 0.232841
vt 0.830505 0.152286
vt 0.789514 0.151777
vt 0.791204 0.155046
vt 0.830503 0.157478
vt 0.830515 0.135305
vt 0.790171 0.137302
vt 0.788412 0.117977
vt 0.830530 0.117977
vt 0.891444 0.161835
vt 0.938687 0.232841
vt 0.903508 0.117977
vt 0.998374 0.118761
vt 0.998652 0.136157
vt 0.903493 0.135305
vt 0.980408 0.152311
vt 0.981011 0.156691
vt 0.895784 0.157478
vt 0.895773 0.152297
vt 0.989257 0.161689
vt 0.989257 0.232979
vt 0.961354 0.232903
vt 0.935286 0.161818
vt 0.524863 0.157300
vt 0.524856 0.152373
vt 0.567232 0.152325
vt 0.567234 0.157398
vt 0.543595 0.135315
vt 0.575635 0.135309
vt 0.601655 0.152286
vt 0.601661 0.135305
vt 0.642993 0.135291
vt 0.643025 0.152338
vt 0.601653 0.157478
vt 0.642937 0.157356
vt 0.862024 0.161835
vt 0.861938 0.232841
vt 0.821716 0.232845
vt 0.821986 0.162052
vt 0.830505 0.152286
vt 0.830503 0.157478
vt 0.791204 0.155046
vt 0.789514 0.151777
vt 0.830515 0.135305
vt 0.790171 0.137302
vt 0.788412 0.117977
vt 0.830530 0.117977
vt 0.938687 0.232841
vt 0.891444 0.161835
vt 0.788022 0.135256
vt 0.788038 0.152365
vt 0.788057 0.157207
vt 0.680900 0.232764
vt 0.681286 0.162009
vt 0.650135 0.155641
vt 0.648801 0.151914
vt 0.649513 0.136189
vt 0.648129 0.118015
vt 0.643403 0.130142
vt 0.601664 0.130152
vt 0.575644 0.130173
vt 0.543611 0.130199
vt 0.543611 0.130199
vt 0.575644 0.130173
vt 0.601664 0.130152
vt 0.643403 0.130142
vt 0.788294 0.130262
vt 0.861984 0.194216
vt 0.821863 0.194335
vt 0.821716 0.232845
vt 0.861938 0.232841
vt 0.861984 0.194216
vt 0.861938 0.232841
vt 0.821716 0.232845
vt 0.821863 0.194335
vt 0.643025 0.152338
vt 0.642993 0.135291
vt 0.788022 0.135256
vt 0.788038 0.152365
vt 0.642937 0.157356
vt 0.788057 0.157207
vt 0.680900 0.232764
vt 0.681110 0.194276
vt 0.643403 0.130142
vt 0.788294 0.130262
vt 0.595324 0.152294
vt 0.595427 0.135306
vt 0.543595 0.135315
vt 0.542697 0.152353
vt 0.542546 0.157341
vt 0.595307 0.157463
vt 0.989257 0.194199
vt 0.989257 0.232979
vt 0.966161 0.194218
vt 0.524863 0.157300
vt 0.524856 0.152373
vt 0.544564 0.152351
vt 0.544416 0.157345
vt 0.543595 0.135315
vt 0.595431 0.130157
vt 0.543611 0.130199
vt 0.597260 0.135306
vt 0.543611 0.130199
vt 0.597264 0.130156
vt 0.597328 0.152291
vt 0.597315 0.157468
vt 0.524856 0.152373
vt 0.524863 0.157300
vt 0.966527 0.194218
vt 0.950269 0.194232
vt 0.977612 0.232947
vt 0.989257 0.232979
vt 0.976381 0.232944
vt 0.949043 0.194233
vt 0.989257 0.194199
vt 0.903508 0.117977
vt 0.903493 0.135305
vt 0.998652 0.136157
vt 0.998374 0.118761
vt 0.980408 0.152311
vt 0.895773 0.152297
vt 0.895784 0.157478
vt 0.981011 0.156691
vt 0.989257 0.161689
vt 0.935286 0.161818
vt 0.961354 0.232903
vt 0.989257 0.232979
vt 0.524863 0.157300
vt 0.567234 0.157398
vt 0.567232 0.152325
vt 0.524856 0.152373
vt 0.575635 0.135309
vt 0.543595 0.135315
vt 0.601655 0.152286
vt 0.643025 0.152338
vt 0.642993 0.135291
vt 0.601661 0.135305
vt 0.601653 0.157478
vt 0.642937 0.157356
vt 0.862024 0.161835
vt 0.821986 0.162052
vt 0.821716 0.232845
vt 0.861938 0.232841
vt 0.830505 0.152286
vt 0.789514 0.151777
vt 0.791204 0.155046
vt 0.830503 0.157478
vt 0.830515 0.135305
vt 0.790171 0.137302
vt 0.788412 0.117977
vt 0.830530 0.117977
vt 0.891444 0.161835
vt 0.938687 0.232841
vt 0.903508 0.117977
vt 0.998374 0.118761
vt 0.998652 0.136157
vt 0.903493 0.135305
vt 0.980408 0.152311
vt 0.981011 0.156691
vt 0.895784 0.157478
vt 0.895773 0.152297
vt 0.989257 0.161689
vt 0.989257 0.232979
vt 0.961354 0.232903
vt 0.935286 0.161818
vt 0.524863 0.157300
vt 0.524856 0.152373
vt 0.567232 0.152325
vt 0.567234 0.157398
vt 0.543595 0.135315
vt 0.575635 0.135309
vt 0.601655 0.152286
vt 0.601661 0.135305
vt 0.642993 0.135291
vt 0.643025 0.152338
vt 0.601653 0.157478
vt 0.642937 0.157356
vt 0.862024 0.161835
vt 0.861938 0.232841
vt 0.821716 0.232845
vt 0.821986 0.162052
vt 0.830505 0.152286
vt 0.830503 0.157478
vt 0.791204 0.155046
vt 0.789514 0.151777
vt 0.830515 0.135305
vt 0.790171 0.137302
vt 0.788412 0.117977
vt 0.830530 0.117977
vt 0.938687 0.232841
vt 0.891444 0.161835
vt 0.861538 0.152379
vt 0.861531 0.135238
vt 0.933012 0.135221
vt 0.933011 0.152392
vt 0.861612 0.157132
vt 0.933138 0.157059
vt 0.609973 0.161988
vt 0.609527 0.232724
vt 0.540123 0.232684
vt 0.540626 0.161967
vt 0.577480 0.151984
vt 0.578634 0.155942
vt 0.509106 0.156235
vt 0.508127 0.152051
vt 0.578220 0.135625
vt 0.508894 0.135077
vt 0.507884 0.118052
vt 0.577026 0.118034
vt 0.704105 0.156741
vt 0.824874 0.156673
vt 0.825044 0.151555
vt 0.704103 0.151434
vt 0.776215 0.162059
vt 0.658076 0.162081
vt 0.658062 0.232855
vt 0.776187 0.232892
vt 0.791276 0.151745
vt 0.672410 0.151722
vt 0.671771 0.156781
vt 0.791275 0.156931
vt 0.791278 0.135462
vt 0.674233 0.135295
vt 0.791278 0.117406
vt 0.674234 0.118052
vt 0.825461 0.135131
vt 0.704098 0.135104
vt 0.825624 0.130570
vt 0.704098 0.130170
vt 0.643403 0.130142
vt 0.601664 0.130152
vt 0.575644 0.130173
vt 0.543611 0.130199
vt 0.543611 0.130199
vt 0.575644 0.130173
vt 0.601664 0.130152
vt 0.643403 0.130142
vt 0.861733 0.130322
vt 0.933145 0.130381
vt 0.633260 0.156204
vt 0.763826 0.156488
vt 0.763685 0.151310
vt 0.633043 0.151137
vt 0.901815 0.162097
vt 0.774234 0.162092
vt 0.774235 0.232880
vt 0.901817 0.232914
vt 0.517574 0.151871
vt 0.646893 0.151779
vt 0.646886 0.156928
vt 0.517564 0.156905
vt 0.517293 0.135817
vt 0.646674 0.135563
vt 0.517416 0.118100
vt 0.646752 0.118342
vt 0.765697 0.135293
vt 0.634895 0.135316
vt 0.765543 0.130839
vt 0.634678 0.130892
vt 0.861984 0.194216
vt 0.821863 0.194335
vt 0.821716 0.232845
vt 0.861938 0.232841
vt 0.861984 0.194216
vt 0.861938 0.232841
vt 0.821716 0.232845
vt 0.821863 0.194335
vt 0.861538 0.152379
vt 0.861531 0.135238
vt 0.933012 0.135221
vt 0.933011 0.152392
vt 0.861612 0.157132
vt 0.933138 0.157059
vt 0.609770 0.194245
vt 0.609527 0.232724
vt 0.540123 0.232684
vt 0.540397 0.194216
vt 0.704105 0.156741
vt 0.824874 0.156673
vt 0.825044 0.151555
vt 0.704103 0.151434
vt 0.776202 0.194361
vt 0.658070 0.194356
vt 0.658062 0.232855
vt 0.776187 0.232892
vt 0.825461 0.135131
vt 0.704098 0.135104
vt 0.825624 0.130570
vt 0.704098 0.130170
vt 0.861733 0.130322
vt 0.933145 0.130381
vt 0.633260 0.156204
vt 0.763826 0.156488
vt 0.763685 0.151310
vt 0.633043 0.151137
vt 0.901816 0.194392
vt 0.774235 0.194373
vt 0.774235 0.232880
vt 0.901817 0.232914
vt 0.765697 0.135293
vt 0.634895 0.135316
vt 0.765543 0.130839
vt 0.634678 0.130892
vt 0.595324 0.152294
vt 0.595427 0.135306
vt 0.543595 0.135315
vt 0.542697 0.152353
vt 0.542546 0.157341
vt 0.595307 0.157463
vt 0.989257 0.194199
vt 0.989257 0.232979
vt 0.966161 0.194218
vt 0.524863 0.157300
vt 0.524856 0.152373
vt 0.544564 0.152351
vt 0.544416 0.157345
vt 0.543595 0.135315
vt 0.595431 0.130157
vt 0.543611 0.130199
vt 0.597260 0.135306
vt 0.543611 0.130199
vt 0.597264 0.130156
vt 0.597328 0.152291
vt 0.597315 0.157468
vt 0.524856 0.152373
vt 0.524863 0.157300
vt 0.966527 0.194218
vt 0.950269 0.194232
vt 0.977612 0.232947
vt 0.989257 0.232979
vt 0.976381 0.232944
vt 0.949043 0.194233
vt 0.989257 0.194199
vt 0.903508 0.117977
vt 0.903493 0.135305
vt 0.998652 0.136157
vt 0.998374 0.118761
vt 0.980408 0.152311
vt 0.895773 0.152297
vt 0.895784 0.157478
vt 0.981011 0.156691
vt 0.989257 0.161689
vt 0.935286 0.161818
vt 0.961354 0.232903
vt 0.989257 0.232979
vt 0.524863 0.157300
vt 0.567234 0.157398
vt 0.567232 0.152325
vt 0.524856 0.152373
vt 0.575635 0.135309
vt 0.543595 0.135315
vt 0.601655 0.152286
vt 0.643025 0.152338
vt 0.642993 0.135291
vt 0.601661 0.135305
vt 0.601653 0.157478
vt 0.642937 0.157356
vt 0.862024 0.161835
vt 0.821986 0.162052
vt 0.821716 0.232845
vt 0.861938 0.232841
vt 0.830505 0.152286
vt 0.789514 0.151777
vt 0.791204 0.155046
vt 0.830503 0.157478
vt 0.830515 0.135305
vt 0.790171 0.137302
vt 0.788412 0.117977
vt 0.830530 0.117977
vt 0.891444 0.161835
vt 0.938687 0.232841
vt 0.903508 0.117977
vt 0.998374 0.118761
vt 0.998652 0.136157
vt 0.903493 0.135305
vt 0.980408 0.152311
vt 0.981011 0.156691
vt 0.895784 0.157478
vt 0.895773 0.152297
vt 0.989257 0.161689
vt 0.989257 0.232979
vt 0.961354 0.232903
vt 0.935286 0.161818
vt 0.524863 0.157300
vt 0.524856 0.152373
vt 0.567232 0.152325
vt 0.567234 0.157398
vt 0.543595 0.135315
vt 0.575635 0.135309
vt 0.601655 0.152286
vt 0.601661 0.135305
vt 0.642993 0.135291
vt 0.643025 0.152338
vt 0.601653 0.157478
vt 0.642937 0.157356
vt 0.862024 0.161835
vt 0.861938 0.232841
vt 0.821716 0.232845
vt 0.821986 0.162052
vt 0.830505 0.152286
vt 0.830503 0.157478
vt 0.791204 0.155046
vt 0.789514 0.151777
vt 0.830515 0.135305
vt 0.790171 0.137302
vt 0.788412 0.117977
vt 0.830530 0.117977
vt 0.938687 0.232841
vt 0.891444 0.161835
vt 0.792400 0.135255
vt 0.792416 0.152366
vt 0.792438 0.157203
vt 0.676649 0.232762
vt 0.677039 0.162008
vt 0.645877 0.155659
vt 0.644553 0.151918
vt 0.645267 0.136156
vt 0.643894 0.118016
vt 0.643403 0.130142
vt 0.601664 0.130152
vt 0.575644 0.130173
vt 0.543611 0.130199
vt 0.543611 0.130199
vt 0.575644 0.130173
vt 0.601664 0.130152
vt 0.643403 0.130142
vt 0.792668 0.130265
vt 0.861984 0.194216
vt 0.821863 0.194335
vt 0.821716 0.232845
vt 0.861938 0.232841
vt 0.861984 0.194216
vt 0.861938 0.232841
vt 0.821716 0.232845
vt 0.821863 0.194335
vt 0.643025 0.152338
vt 0.642993 0.135291
vt 0.792400 0.135255
vt 0.792416 0.152366
vt 0.642937 0.157356
vt 0.792438 0.157203
vt 0.676649 0.232762
vt 0.676861 0.194274
vt 0.643403 0.130142
vt 0.792668 0.130265
vt 0.595324 0.152294
vt 0.595427 0.135306
vt 0.543595 0.135315
vt 0.542697 0.152353
vt 0.542546 0.157341
vt 0.595307 0.157463
vt 0.989257 0.194199
vt 0.989257 0.232979
vt 0.966161 0.194218
vt 0.524863 0.157300
vt 0.524856 0.152373
vt 0.544564 0.152351
vt 0.544416 0.157345
vt 0.543595 0.135315
vt 0.595431 0.130157
vt 0.543611 0.130199
vt 0.597260 0.135306
vt 0.543611 0.130199
vt 0.597264 0.130156
vt 0.597328 0.152291
vt 0.597315 0.157468
vt 0.524856 0.152373
vt 0.524863 0.157300
vt 0.966527 0.194218
vt 0.950269 0.194232
vt 0.977612 0.232947
vt 0.989257 0.232979
vt 0.976381 0.232944
vt 0.949043 0.194233
vt 0.989257 0.194199
vt 0.542966 0.118778
vt 0.542964 0.135107
vt 0.539098 0.151697
vt 0.537745 0.156612
vt 0.525580 0.162106
vt 0.525583 0.232813
vt 0.960318 0.156596
vt 0.960683 0.151690
vt 0.961572 0.135162
vt 0.961919 0.131019
vt 0.525581 0.194350
vt 0.525583 0.232813
vt 0.960318 0.156596
vt 0.960683 0.151690
vt 0.961572 0.135162
vt 0.961919 0.131019
vt 0.933145 0.130381
vt 0.933012 0.135221
vt 0.933011 0.152392
vt 0.933138 0.157059
vt 0.540123 0.232684
vt 0.540397 0.194216
vt 0.933145 0.130381
vt 0.933012 0.135221
vt 0.933011 0.152392
vt 0.933138 0.157059
vt 0.540123 0.232684
vt 0.540626 0.161967
vt 0.509106 0.156235
vt 0.508127 0.152051
vt 0.508894 0.135077
vt 0.507884 0.118052
vt 0.542966 0.118778
vt 0.542964 0.135107
vt 0.539098 0.151697
vt 0.537745 0.156612
vt 0.525580 0.162106
vt 0.525583 0.232813
vt 0.960318 0.156596
vt 0.960683 0.151690
vt 0.961572 0.135162
vt 0.961919 0.131019
vt 0.525581 0.194350
vt 0.525583 0.232813
vt 0.960318 0.156596
vt 0.960683 0.151690
vt 0.961572 0.135162
vt 0.961919 0.131019
vt 0.933145 0.130381
vt 0.933012 0.135221
vt 0.933011 0.152392
vt 0.933138 0.157059
vt 0.540123 0.232684
vt 0.540397 0.194216
vt 0.933145 0.130381
vt 0.933012 0.135221
vt 0.933011 0.152392
vt 0.933138 0.157059
vt 0.540123 0.232684
vt 0.540626 0.161967
vt 0.509106 0.156235
vt 0.508127 0.152051
vt 0.508894 0.135077
vt 0.507884 0.118052
vt 0.715107 0.117997
vt 0.716671 0.136720
vt 0.715985 0.151849
vt 0.717489 0.155357
vt 0.748464 0.162030
vt 0.748133 0.232803
vt 0.718769 0.157278
vt 0.718801 0.152352
vt 0.718777 0.135273
vt 0.719115 0.130205
vt 0.748313 0.194304
vt 0.748133 0.232803
vt 0.718769 0.157278
vt 0.718801 0.152352
vt 0.718777 0.135273
vt 0.719115 0.130205
vt 0.642937 0.157356
vt 0.643025 0.152338
vt 0.642993 0.135291
vt 0.643403 0.130142
vt 0.716937 0.117996
vt 0.718505 0.136735
vt 0.717820 0.151847
vt 0.719329 0.155349
vt 0.750299 0.162030
vt 0.749969 0.232804
vt 0.716877 0.157280
vt 0.716910 0.152352
vt 0.716886 0.135273
vt 0.717226 0.130203
vt 0.750149 0.194305
vt 0.749969 0.232804
vt 0.716877 0.157280
vt 0.716910 0.152352
vt 0.716886 0.135273
vt 0.717226 0.130203
vt 0.642937 0.157356
vt 0.643025 0.152338
vt 0.642993 0.135291
vt 0.643403 0.130142
vt 0.154978 0.642229
vt 0.152053 0.642228
vt 0.152053 0.656081
vt 0.154978 0.656109
vt 0.154978 0.628469
vt 0.152053 0.628512
vt 0.154978 0.613810
vt 0.152053 0.614416
vt 0.152053 0.683528
vt 0.152053 0.698466
vt 0.154978 0.697860
vt 0.154978 0.683575
vt 0.154978 0.670264
vt 0.152053 0.670237
vt 0.223791 0.633613
vt 0.223791 0.652983
vt 0.207475 0.643134
vt 0.240025 0.643315
vt 0.194533 0.642234
vt 0.194509 0.656074
vt 0.194610 0.670254
vt 0.194740 0.683715
vt 0.194769 0.697706
vt 0.194769 0.613655
vt 0.194669 0.628426
vt 0.223791 0.616101
vt 0.207785 0.625267
vt 0.239679 0.625006
vt 0.149373 0.642418
vt 0.152269 0.642424
vt 0.152269 0.628948
vt 0.149373 0.628932
vt 0.149373 0.655654
vt 0.152269 0.655681
vt 0.149373 0.670548
vt 0.152269 0.670560
vt 0.149373 0.684170
vt 0.152269 0.684064
vt 0.149373 0.698193
vt 0.152269 0.698845
vt 0.149373 0.613814
vt 0.152269 0.614466
vt 0.006490 0.642530
vt 0.075359 0.642479
vt 0.075359 0.629028
vt 0.006490 0.629087
vt 0.006490 0.613889
vt 0.075359 0.613987
vt 0.006490 0.683995
vt 0.006490 0.698269
vt 0.075359 0.698366
vt 0.075359 0.684052
vt 0.075359 0.670506
vt 0.006490 0.670389
vt 0.006490 0.655632
vt 0.075359 0.655677
vt 0.078361 0.642475
vt 0.081223 0.642463
vt 0.081223 0.628985
vt 0.078361 0.629040
vt 0.078361 0.614590
vt 0.081223 0.613878
vt 0.078361 0.684000
vt 0.078361 0.698970
vt 0.081223 0.698257
vt 0.081223 0.684119
vt 0.081223 0.670537
vt 0.078361 0.670511
vt 0.078361 0.655678
vt 0.081223 0.655682
vt 0.003731 0.642580
vt 0.003731 0.629220
vt 0.003731 0.614657
vt 0.003731 0.699037
vt 0.003731 0.683782
vt 0.003731 0.670298
vt 0.003731 0.655614
vt 0.006490 0.642530
vt 0.075359 0.642479
vt 0.075359 0.629028
vt 0.006490 0.629087
vt 0.006490 0.613889
vt 0.075359 0.613987
vt 0.006490 0.683995
vt 0.006490 0.698269
vt 0.075359 0.698366
vt 0.075359 0.684052
vt 0.075359 0.670506
vt 0.006490 0.670389
vt 0.006490 0.655632
vt 0.075359 0.655677
vt 0.078361 0.642475
vt 0.078361 0.629040
vt 0.078361 0.614590
vt 0.078361 0.698970
vt 0.078361 0.684000
vt 0.078361 0.670511
vt 0.078361 0.655678
vt 0.003731 0.642580
vt 0.003731 0.629220
vt 0.003731 0.614657
vt 0.003731 0.699037
vt 0.003731 0.683782
vt 0.003731 0.670298
vt 0.003731 0.655614
vt 0.154978 0.642229
vt 0.152053 0.642228
vt 0.152053 0.656081
vt 0.154978 0.656109
vt 0.154978 0.628469
vt 0.152053 0.628512
vt 0.154978 0.613810
vt 0.152053 0.614416
vt 0.152053 0.683528
vt 0.152053 0.698795
vt 0.154978 0.698189
vt 0.154978 0.683575
vt 0.154978 0.670264
vt 0.152053 0.670237
vt 0.223791 0.633613
vt 0.223791 0.652983
vt 0.207475 0.643134
vt 0.240025 0.643315
vt 0.194533 0.642234
vt 0.194509 0.656074
vt 0.194610 0.670254
vt 0.194740 0.683715
vt 0.194769 0.698034
vt 0.194769 0.613655
vt 0.194669 0.628426
vt 0.223791 0.616101
vt 0.207785 0.625267
vt 0.239679 0.625006
vt 0.149373 0.642418
vt 0.152269 0.642424
vt 0.152269 0.628948
vt 0.149373 0.628932
vt 0.149373 0.655654
vt 0.152269 0.655681
vt 0.149373 0.670548
vt 0.152269 0.670560
vt 0.149373 0.684170
vt 0.152269 0.684064
vt 0.149373 0.697864
vt 0.152269 0.698517
vt 0.149373 0.613814
vt 0.152269 0.614466
vt 0.006490 0.642530
vt 0.075359 0.642479
vt 0.075359 0.629028
vt 0.006490 0.629087
vt 0.006490 0.613889
vt 0.075359 0.613987
vt 0.006490 0.683995
vt 0.006490 0.697940
vt 0.075359 0.698038
vt 0.075359 0.684052
vt 0.075359 0.670506
vt 0.006490 0.670389
vt 0.006490 0.655632
vt 0.075359 0.655677
vt 0.078361 0.642475
vt 0.081223 0.642463
vt 0.081223 0.628985
vt 0.078361 0.629040
vt 0.078361 0.614590
vt 0.081223 0.613878
vt 0.078361 0.684000
vt 0.078361 0.698641
vt 0.081223 0.697929
vt 0.081223 0.684119
vt 0.081223 0.670537
vt 0.078361 0.670511
vt 0.078361 0.655678
vt 0.081223 0.655682
vt 0.003731 0.642580
vt 0.003731 0.629220
vt 0.003731 0.614657
vt 0.003731 0.698708
vt 0.003731 0.683782
vt 0.003731 0.670298
vt 0.003731 0.655614
vt 0.006490 0.642530
vt 0.075359 0.642479
vt 0.075359 0.629028
vt 0.006490 0.629087
vt 0.006490 0.613889
vt 0.075359 0.613987
vt 0.006490 0.683995
vt 0.006490 0.697940
vt 0.075359 0.698038
vt 0.075359 0.684052
vt 0.075359 0.670506
vt 0.006490 0.670389
vt 0.006490 0.655632
vt 0.075359 0.655677
vt 0.078361 0.642475
vt 0.078361 0.629040
vt 0.078361 0.614590
vt 0.078361 0.698641
vt 0.078361 0.684000
vt 0.078361 0.670511
vt 0.078361 0.655678
vt 0.003731 0.642580
vt 0.003731 0.629220
vt 0.003731 0.614657
vt 0.003731 0.698708
vt 0.003731 0.683782
vt 0.003731 0.670298
vt 0.003731 0.655614
vt 0.154978 0.642229
vt 0.152053 0.642228
vt 0.152053 0.656081
vt 0.154978 0.656109
vt 0.154978 0.628469
vt 0.152053 0.628512
vt 0.154978 0.613810
vt 0.152053 0.614416
vt 0.152053 0.683528
vt 0.152053 0.698466
vt 0.154978 0.697860
vt 0.154978 0.683575
vt 0.154978 0.670264
vt 0.152053 0.670237
vt 0.223791 0.633613
vt 0.223791 0.652983
vt 0.207475 0.643134
vt 0.240025 0.643315
vt 0.194533 0.642234
vt 0.194509 0.656074
vt 0.194610 0.670254
vt 0.194740 0.683715
vt 0.194769 0.697706
vt 0.194769 0.613655
vt 0.194669 0.628426
vt 0.223791 0.616101
vt 0.207785 0.625267
vt 0.239679 0.625006
vt 0.149373 0.642418
vt 0.152269 0.642424
vt 0.152269 0.628948
vt 0.149373 0.628932
vt 0.149373 0.655654
vt 0.152269 0.655681
vt 0.149373 0.670548
vt 0.152269 0.670560
vt 0.149373 0.684170
vt 0.152269 0.684064
vt 0.149373 0.698193
vt 0.152269 0.698845
vt 0.149373 0.613814
vt 0.152269 0.614466
vt 0.006490 0.642530
vt 0.075359 0.642479
vt 0.075359 0.629028
vt 0.006490 0.629087
vt 0.006490 0.613889
vt 0.075359 0.613987
vt 0.006490 0.683995
vt 0.006490 0.698269
vt 0.075359 0.698366
vt 0.075359 0.684052
vt 0.075359 0.670506
vt 0.006490 0.670389
vt 0.006490 0.655632
vt 0.075359 0.655677
vt 0.078361 0.642475
vt 0.081223 0.642463
vt 0.081223 0.628985
vt 0.078361 0.629040
vt 0.078361 0.614590
vt 0.081223 0.613878
vt 0.078361 0.684000
vt 0.078361 0.698970
vt 0.081223 0.698257
vt 0.081223 0.684119
vt 0.081223 0.670537
vt 0.078361 0.670511
vt 0.078361 0.655678
vt 0.081223 0.655682
vt 0.003731 0.642580
vt 0.003731 0.629220
vt 0.003731 0.614657
vt 0.003731 0.699037
vt 0.003731 0.683782
vt 0.003731 0.670298
vt 0.003731 0.655614
vt 0.006490 0.642530
vt 0.051431 0.642242
vt 0.041326 0.629057
vt 0.006490 0.629087
vt 0.006490 0.613889
vt 0.041426 0.613939
vt 0.006490 0.683995
vt 0.006490 0.698269
vt 0.041426 0.698318
vt 0.051431 0.684196
vt 0.041989 0.670449
vt 0.006490 0.670389
vt 0.006490 0.655632
vt 0.041926 0.655655
vt 0.003731 0.642580
vt 0.003731 0.629220
vt 0.003731 0.614657
vt 0.003731 0.699037
vt 0.003731 0.683782
vt 0.003731 0.670298
vt 0.003731 0.655614
vt 0.154978 0.642229
vt 0.152053 0.642228
vt 0.152053 0.656081
vt 0.154978 0.656109
vt 0.154978 0.628469
vt 0.152053 0.628512
vt 0.154978 0.613810
vt 0.152053 0.614416
vt 0.152053 0.683528
vt 0.152053 0.698466
vt 0.154978 0.697860
vt 0.154978 0.683575
vt 0.154978 0.670264
vt 0.152053 0.670237
vt 0.223791 0.633613
vt 0.223791 0.652983
vt 0.207475 0.643134
vt 0.240025 0.643315
vt 0.194533 0.642234
vt 0.194509 0.656074
vt 0.194610 0.670254
vt 0.194740 0.683715
vt 0.194769 0.697706
vt 0.194769 0.613655
vt 0.194669 0.628426
vt 0.223791 0.616101
vt 0.207785 0.625267
vt 0.239679 0.625006
vt 0.149373 0.642418
vt 0.152269 0.642424
vt 0.152269 0.628948
vt 0.149373 0.628932
vt 0.149373 0.655654
vt 0.152269 0.655681
vt 0.149373 0.670548
vt 0.152269 0.670560
vt 0.149373 0.684170
vt 0.152269 0.684064
vt 0.149373 0.698193
vt 0.152269 0.698845
vt 0.149373 0.613814
vt 0.152269 0.614466
vt 0.006490 0.642530
vt 0.075359 0.642479
vt 0.075359 0.629028
vt 0.006490 0.629087
vt 0.006490 0.613889
vt 0.075359 0.613987
vt 0.006490 0.683995
vt 0.006490 0.698269
vt 0.075359 0.698366
vt 0.075359 0.684052
vt 0.075359 0.670506
vt 0.006490 0.670389
vt 0.006490 0.655632
vt 0.075359 0.655677
vt 0.078361 0.642475
vt 0.081223 0.642463
vt 0.081223 0.628985
vt 0.078361 0.629040
vt 0.078361 0.614590
vt 0.081223 0.613878
vt 0.078361 0.684000
vt 0.078361 0.698970
vt 0.081223 0.698257
vt 0.081223 0.684119
vt 0.081223 0.670537
vt 0.078361 0.670511
vt 0.078361 0.655678
vt 0.081223 0.655682
vt 0.003731 0.642580
vt 0.003731 0.629220
vt 0.003731 0.614657
vt 0.003731 0.699037
vt 0.003731 0.683782
vt 0.003731 0.670298
vt 0.003731 0.655614
vt 0.006490 0.642530
vt 0.051431 0.642242
vt 0.041326 0.629057
vt 0.006490 0.629087
vt 0.006490 0.613889
vt 0.041426 0.613939
vt 0.006490 0.683995
vt 0.006490 0.698269
vt 0.041426 0.698318
vt 0.051431 0.684196
vt 0.041989 0.670449
vt 0.006490 0.670389
vt 0.006490 0.655632
vt 0.041926 0.655655
vt 0.003731 0.642580
vt 0.003731 0.629220
vt 0.003731 0.614657
vt 0.003731 0.699037
vt 0.003731 0.683782
vt 0.003731 0.670298
vt 0.003731 0.655614
vt 0.154978 0.642229
vt 0.154978 0.656109
vt 0.152053 0.656081
vt 0.152053 0.642228
vt 0.152053 0.628512
vt 0.154978 0.628469
vt 0.152053 0.614416
vt 0.154978 0.613810
vt 0.152053 0.683528
vt 0.154978 0.683575
vt 0.154978 0.697860
vt 0.152053 0.698466
vt 0.152053 0.670237
vt 0.154978 0.670264
vt 0.223791 0.633613
vt 0.207475 0.643134
vt 0.223791 0.652983
vt 0.240025 0.643315
vt 0.194533 0.642234
vt 0.194509 0.656074
vt 0.194610 0.670254
vt 0.194740 0.683715
vt 0.194769 0.697706
vt 0.194769 0.613655
vt 0.194669 0.628426
vt 0.223791 0.616101
vt 0.207785 0.625267
vt 0.239679 0.625006
vt 0.149373 0.642418
vt 0.149373 0.628932
vt 0.152269 0.628948
vt 0.152269 0.642424
vt 0.152269 0.655681
vt 0.149373 0.655654
vt 0.152269 0.670560
vt 0.149373 0.670548
vt 0.149373 0.684170
vt 0.152269 0.684064
vt 0.152269 0.698845
vt 0.149373 0.698193
vt 0.149373 0.613814
vt 0.152269 0.614466
vt 0.006490 0.642530
vt 0.006490 0.629087
vt 0.075359 0.629028
vt 0.075359 0.642479
vt 0.006490 0.613889
vt 0.075359 0.613987
vt 0.006490 0.683995
vt 0.075359 0.684052
vt 0.075359 0.698366
vt 0.006490 0.698269
vt 0.006490 0.670389
vt 0.075359 0.670506
vt 0.006490 0.655632
vt 0.075359 0.655677
vt 0.078361 0.642475
vt 0.078361 0.629040
vt 0.081223 0.628985
vt 0.081223 0.642463
vt 0.078361 0.614590
vt 0.081223 0.613878
vt 0.078361 0.684000
vt 0.081223 0.684119
vt 0.081223 0.698257
vt 0.078361 0.698970
vt 0.078361 0.670511
vt 0.081223 0.670537
vt 0.078361 0.655678
vt 0.081223 0.655682
vt 0.003731 0.642580
vt 0.003731 0.629220
vt 0.003731 0.614657
vt 0.003731 0.699037
vt 0.003731 0.683782
vt 0.003731 0.670298
vt 0.003731 0.655614
vt 0.006490 0.642530
vt 0.006490 0.629087
vt 0.041326 0.629057
vt 0.051431 0.642242
vt 0.006490 0.613889
vt 0.041426 0.613939
vt 0.006490 0.683995
vt 0.051431 0.684196
vt 0.041426 0.698318
vt 0.006490 0.698269
vt 0.006490 0.670389
vt 0.041989 0.670449
vt 0.006490 0.655632
vt 0.041926 0.655655
vt 0.003731 0.642580
vt 0.003731 0.629220
vt 0.003731 0.614657
vt 0.003731 0.699037
vt 0.003731 0.683782
vt 0.003731 0.670298
vt 0.003731 0.655614
vt 0.154978 0.642229
vt 0.152053 0.642228
vt 0.152053 0.656081
vt 0.154978 0.656109
vt 0.154978 0.628469
vt 0.152053 0.628512
vt 0.154978 0.613810
vt 0.152053 0.614416
vt 0.152053 0.683528
vt 0.152053 0.698466
vt 0.154978 0.697860
vt 0.154978 0.683575
vt 0.154978 0.670264
vt 0.152053 0.670237
vt 0.223791 0.633613
vt 0.223791 0.652983
vt 0.207475 0.643134
vt 0.240025 0.643315
vt 0.194533 0.642234
vt 0.194509 0.656074
vt 0.194610 0.670254
vt 0.194740 0.683715
vt 0.194769 0.697706
vt 0.194769 0.613655
vt 0.194669 0.628426
vt 0.223791 0.616101
vt 0.207785 0.625267
vt 0.239679 0.625006
vt 0.149373 0.642418
vt 0.152269 0.642424
vt 0.152269 0.628948
vt 0.149373 0.628932
vt 0.149373 0.655654
vt 0.152269 0.655681
vt 0.149373 0.670548
vt 0.152269 0.670560
vt 0.149373 0.684170
vt 0.152269 0.684064
vt 0.149373 0.698193
vt 0.152269 0.698845
vt 0.149373 0.613814
vt 0.152269 0.614466
vt 0.006490 0.642530
vt 0.075359 0.642479
vt 0.075359 0.629028
vt 0.006490 0.629087
vt 0.006490 0.613889
vt 0.075359 0.613987
vt 0.006490 0.683995
vt 0.006490 0.698269
vt 0.075359 0.698366
vt 0.075359 0.684052
vt 0.075359 0.670506
vt 0.006490 0.670389
vt 0.006490 0.655632
vt 0.075359 0.655677
vt 0.078361 0.642475
vt 0.081223 0.642463
vt 0.081223 0.628985
vt 0.078361 0.629040
vt 0.078361 0.614590
vt 0.081223 0.613878
vt 0.078361 0.684000
vt 0.078361 0.698970
vt 0.081223 0.698257
vt 0.081223 0.684119
vt 0.081223 0.670537
vt 0.078361 0.670511
vt 0.078361 0.655678
vt 0.081223 0.655682
vt 0.003731 0.642580
vt 0.003731 0.629220
vt 0.003731 0.614657
vt 0.003731 0.699037
vt 0.003731 0.683782
vt 0.003731 0.670298
vt 0.003731 0.655614
vt 0.006490 0.642530
vt 0.051431 0.642242
vt 0.041326 0.629057
vt 0.006490 0.629087
vt 0.006490 0.613889
vt 0.041426 0.613939
vt 0.006490 0.683995
vt 0.006490 0.698269
vt 0.041426 0.698318
vt 0.051431 0.684196
vt 0.041989 0.670449
vt 0.006490 0.670389
vt 0.006490 0.655632
vt 0.041926 0.655655
vt 0.003731 0.642580
vt 0.003731 0.629220
vt 0.003731 0.614657
vt 0.003731 0.699037
vt 0.003731 0.683782
vt 0.003731 0.670298
vt 0.003731 0.655614
vn 0.157454 0.701151 -0.695410
vn 0.235894 0.665739 -0.707917
vn 0.333670 0.942541 -0.016776
vn 0.218964 0.975522 -0.020282
vn 0.310839 0.881537 0.355348
vn 0.213556 0.915358 0.341341
vn 0.302450 0.860918 -0.409077
vn 0.206948 0.891470 -0.403056
vn 0.262800 0.658248 -0.705440
vn 0.370481 0.928710 -0.015554
vn 0.345078 0.868377 0.356150
vn 0.336245 0.849622 -0.406302
vn -0.167260 -0.728547 0.664262
vn -0.190145 -0.928163 0.319934
vn -0.231851 -0.971358 0.052048
vn -0.221048 -0.973923 0.051112
vn 0.992511 -0.120837 0.017884
vn 0.992511 -0.120837 0.017884
vn 0.992511 -0.120837 0.017884
vn 0.992511 -0.120837 0.017884
vn -0.193519 -0.945755 -0.260955
vn -0.173023 -0.756918 -0.630189
vn -0.114686 -0.394812 0.911576
vn -0.209269 -0.976575 0.050088
vn 0.050205 0.537895 -0.841516
vn 0.123104 0.992104 -0.023996
vn 0.051071 0.565843 0.822930
vn 0.993433 -0.114294 0.005290
vn 0.994596 -0.073494 -0.073333
vn 0.999476 -0.032317 0.001665
vn 0.171040 0.984668 -0.034271
vn 0.171040 0.984668 -0.034271
vn 0.018355 0.418824 -0.907882
vn 0.103083 0.994344 -0.025561
vn 0.016641 0.442266 0.896730
vn -0.119045 -0.439860 -0.890141
vn -0.154591 -0.610486 -0.776794
vn 0.994136 -0.072522 0.080212
vn 0.984629 -0.153151 0.083968
vn 0.985278 -0.156044 -0.069838
vn 0.980618 -0.195723 0.008945
vn -0.428159 0.653611 0.624077
vn -0.047262 0.737935 0.673214
vn -0.040045 0.764957 0.642836
vn -0.424258 0.678954 0.599188
vn -0.029509 0.848167 0.528907
vn -0.418325 0.761235 0.495505
vn 0.023458 -0.847774 -0.529839
vn 0.035506 -0.761149 -0.647605
vn 0.467021 -0.659067 -0.589510
vn 0.464012 -0.741315 -0.484918
vn 0.957752 -0.185481 -0.219789
vn 0.959635 -0.215567 -0.180641
vn -0.022527 0.761992 0.647195
vn -0.019288 0.846015 0.532810
vn 0.907838 0.372954 0.191663
vn 0.906944 0.348097 0.237238
vn 0.043271 -0.732577 -0.679308
vn 0.469955 -0.631883 -0.616333
vn 0.957253 -0.175787 -0.229707
vn -0.025664 0.737908 0.674414
vn 0.905942 0.342013 0.249593
vn -0.031964 0.913858 0.404774
vn -0.420495 0.826264 0.374796
vn -0.047141 0.943545 0.327873
vn -0.444971 0.844805 0.297162
vn -0.064077 0.971815 0.226872
vn -0.469331 0.860908 0.196382
vn -0.143139 0.939353 0.311652
vn -0.152834 0.967426 0.201814
vn 0.215131 0.959659 0.181032
vn 0.481074 0.845252 0.232630
vn 0.506814 -0.781249 -0.364403
vn 0.048188 -0.913398 -0.404206
vn 0.033599 -0.906032 -0.421872
vn 0.483711 -0.786358 -0.384272
vn 0.970085 -0.195502 -0.143927
vn 0.965278 -0.215551 -0.147571
vn 0.884991 0.443576 0.141531
vn -0.072114 0.918874 0.387904
vn -0.523854 -0.834123 -0.172670
vn -0.165664 -0.967272 -0.192198
vn 0.216546 -0.951908 -0.216749
vn 0.206113 -0.957389 -0.202298
vn 0.733564 -0.658522 -0.168027
vn 0.901970 -0.413416 -0.124649
vn -0.831878 -0.541594 -0.121058
vn 0.195026 -0.962812 -0.186973
vn 0.959811 -0.263650 -0.096187
vn 0.743491 0.667986 0.031855
vn -0.155330 0.983503 0.092706
vn 0.011956 -0.080902 0.996650
vn 0.037798 -0.158808 0.986586
vn 0.105346 -0.124448 0.986618
vn 0.825523 0.564360 0.003092
vn -0.171066 0.982596 0.072397
vn -0.901707 0.430985 0.034306
vn -0.951001 0.309147 0.005068
vn -0.055323 -0.116510 0.991648
vn -0.080374 -0.038490 0.996021
vn 0.078435 -0.044588 0.995922
vn -0.014412 -0.000680 0.999896
vn -0.071623 0.983611 0.165467
vn -0.114662 0.979776 0.163989
vn -0.006770 -0.121148 0.992611
vn 0.008109 -0.122761 0.992403
vn 0.008109 -0.122761 0.992403
vn -0.006770 -0.121148 0.992611
vn 0.070112 -0.979648 -0.188078
vn 0.070112 -0.979648 -0.188078
vn 0.204759 0.971927 0.115893
vn -0.005177 0.999764 -0.021121
vn 0.227992 0.949541 0.215386
vn 0.046659 0.997856 0.045892
vn -0.147660 0.980955 0.126190
vn -0.183164 0.965339 -0.185933
vn -0.418063 0.895499 0.152658
vn 0.103852 0.992537 0.063906
vn 0.267074 0.912464 0.309970
vn -0.472949 -0.875239 -0.101371
vn -0.095603 -0.988721 -0.115284
vn 0.182549 -0.974052 -0.133788
vn 0.196598 -0.972407 -0.125591
vn -0.005606 0.060353 0.998161
vn -0.005606 0.060353 0.998161
vn -0.005606 0.060353 0.998161
vn -0.005606 0.060353 0.998161
vn 0.186058 -0.976395 -0.109703
vn 0.186058 -0.976395 -0.109703
vn -0.795553 -0.601955 -0.068894
vn 0.211741 -0.970335 -0.116684
vn 0.690944 0.722509 -0.024038
vn -0.202674 0.978971 0.023231
vn -0.921037 0.389380 0.008552
vn -0.016622 0.029551 0.999425
vn -0.031261 0.109803 0.993462
vn -0.094872 0.043302 0.994547
vn -0.202594 0.972304 0.116539
vn -0.202594 0.972304 0.116539
vn 0.780881 0.622735 -0.049255
vn -0.238186 0.971217 -0.002391
vn -0.973510 0.228067 -0.016228
vn 0.969058 -0.227344 -0.096133
vn 0.772128 -0.628149 -0.096168
vn -0.080268 -0.036668 0.996099
vn 0.046665 0.097363 0.994154
vn 0.061891 0.015320 0.997965
vn -0.001516 -0.052463 0.998622
vn 0.261111 -0.963998 -0.050294
vn -0.426396 -0.904325 -0.019542
vn -0.046751 -0.998431 -0.030808
vn 0.107124 -0.987368 0.116746
vn -0.019389 0.063585 0.997788
vn -0.019389 0.063585 0.997788
vn -0.019389 0.063585 0.997788
vn -0.019389 0.063585 0.997788
vn -0.758918 -0.651112 -0.009816
vn 0.248103 -0.967399 -0.050835
vn 0.659851 0.746584 -0.084910
vn 0.237053 0.945433 0.223524
vn -0.126852 0.982587 -0.135764
vn -0.249655 0.966781 -0.054840
vn -0.947425 0.319489 -0.017710
vn -0.501302 0.704741 -0.502033
vn -0.040135 0.134226 0.990138
vn -0.053899 0.213326 0.975493
vn -0.116867 0.141474 0.983019
vn 0.750326 0.652667 -0.105058
vn -0.262087 0.962297 -0.072771
vn -0.985406 0.168891 -0.021251
vn 0.979463 -0.175006 -0.100123
vn 0.806899 -0.586342 -0.071538
vn -0.103038 0.061287 0.992787
vn 0.022545 0.206823 0.978119
vn 0.037021 0.126717 0.991248
vn -0.025676 0.052752 0.998278
vn -0.039430 0.174323 0.983899
vn -0.039430 0.174323 0.983899
vn -0.039430 0.174323 0.983899
vn -0.039430 0.174323 0.983899
vn 0.446681 -0.891222 -0.078743
vn -0.169748 0.985124 0.026755
vn -0.169748 0.985124 0.026755
vn 0.100678 -0.987461 0.121596
vn 0.244661 -0.935152 0.256188
vn -0.209208 0.977754 -0.015140
vn -0.103069 0.986740 -0.125384
vn -0.103069 0.986740 -0.125384
vn 0.300757 0.907033 0.294680
vn 0.154826 0.894361 -0.419698
vn 0.179410 0.958118 0.223208
vn 0.322942 0.945356 -0.044846
vn 0.203041 0.974089 -0.099623
vn 0.206316 0.884911 -0.417572
vn 0.300811 0.892412 -0.336324
vn 0.361411 0.931429 -0.042683
vn 0.299130 0.853581 -0.426522
vn 0.327207 0.877846 0.349746
vn 0.335281 0.938497 -0.082529
vn 0.302111 0.889811 0.342001
vn 0.213392 0.921691 0.323960
vn 0.327278 0.944569 -0.026065
vn 0.215153 0.976142 -0.029269
vn 0.206632 0.896828 -0.391156
vn 0.301120 0.866517 -0.398089
vn 0.363143 0.931404 -0.024798
vn 0.334547 0.855278 -0.395699
vn 0.344044 0.875914 0.338243
vn 0.310055 0.888842 0.337382
vn 0.213555 0.921832 0.323451
vn 0.330157 0.942662 -0.048834
vn 0.216799 0.974817 -0.052243
vn 0.366450 0.929221 -0.047573
vn -0.168756 -0.749639 0.639970
vn -0.189172 -0.936464 0.295379
vn -0.230251 -0.973131 -0.000292
vn -0.220053 -0.975483 -0.003091
vn -0.117979 -0.421138 0.899291
vn -0.208942 -0.977909 -0.006132
vn -0.118877 -0.415282 -0.901892
vn 0.043832 0.522566 -0.851471
vn 0.121408 0.991074 -0.055069
vn 0.993292 -0.115585 0.003252
vn 0.999479 -0.032261 -0.000242
vn 0.994313 -0.071939 0.078528
vn 0.011973 0.407548 -0.913105
vn 0.101082 0.993300 -0.056022
vn 0.054180 0.585687 0.808725
vn 0.018633 0.457731 0.888896
vn 0.994305 -0.075590 -0.075118
vn 0.985295 -0.154854 -0.072201
vn 0.983978 -0.158231 0.082166
vn 0.980171 -0.198052 0.006330
vn -0.165603 -0.730579 0.662443
vn -0.187775 -0.928051 0.321654
vn -0.227800 -0.972370 0.051021
vn -0.217688 -0.974699 0.050737
vn -0.192255 -0.953580 -0.231782
vn -0.174489 -0.779639 -0.601429
vn -0.114289 -0.399198 0.909714
vn -0.206695 -0.977105 0.050423
vn -0.122257 -0.443926 -0.887684
vn 0.046533 0.539408 -0.840758
vn 0.120752 0.992169 -0.031940
vn 0.993130 -0.116945 0.004149
vn 0.999467 -0.032657 0.000487
vn 0.994082 -0.074455 0.079100
vn 0.013828 0.420683 -0.907102
vn 0.100649 0.994380 -0.032849
vn 0.051452 0.576049 0.815794
vn 0.016844 0.450143 0.892797
vn 0.994387 -0.074743 -0.074893
vn 0.984475 -0.160441 -0.071192
vn 0.984209 -0.156300 0.083080
vn 0.979674 -0.200429 0.008204
vn 0.169627 0.984840 -0.036292
vn 0.169627 0.984840 -0.036292
vn 0.992409 -0.122882 0.004924
vn 0.992409 -0.122882 0.004924
vn 0.992409 -0.122882 0.004924
vn 0.992409 -0.122882 0.004924
vn -0.132646 -0.666050 0.734018
vn -0.144305 -0.888879 0.434823
vn -0.209395 -0.962894 0.170259
vn -0.199796 -0.963966 0.175647
vn -0.189844 -0.968983 -0.158214
vn -0.178532 -0.832016 -0.525238
vn -0.100611 -0.333220 0.937466
vn -0.189478 -0.964983 0.181398
vn -0.131359 -0.515258 -0.846908
vn 0.033761 0.471192 -0.881384
vn 0.102049 0.980540 -0.167712
vn 0.995802 -0.090578 0.013193
vn 0.999972 -0.006930 -0.002869
vn 0.996470 -0.032164 0.077547
vn 0.005103 0.361871 -0.932214
vn 0.081975 0.979435 -0.184359
vn 0.044581 0.674002 0.737383
vn 0.009306 0.548229 0.836277
vn 0.995656 -0.063750 -0.067868
vn 0.987614 -0.148274 -0.051324
vn 0.988890 -0.115424 0.093668
vn 0.984134 -0.174923 0.029712
vn 0.169872 0.984346 -0.046981
vn 0.169872 0.984346 -0.046981
vn 0.992421 -0.122745 0.005790
vn 0.992421 -0.122745 0.005790
vn 0.992421 -0.122745 0.005790
vn 0.992421 -0.122745 0.005790
vn 0.125337 0.970319 -0.206815
vn 0.125337 0.970319 -0.206815
vn 0.999169 -0.040375 0.005553
vn 0.999169 -0.040375 0.005553
vn 0.999169 -0.040375 0.005553
vn 0.999169 -0.040375 0.005553
vn -0.126869 -0.987078 -0.097881
vn -0.113951 -0.865042 -0.488588
vn 0.133211 0.971232 0.197390
vn 0.139376 0.981415 -0.131908
vn -0.099377 -0.654100 0.749852
vn -0.087746 -0.895939 0.435423
vn -0.142311 -0.976986 0.158891
vn -0.133426 -0.976658 0.168333
vn -0.094425 -0.280667 0.955149
vn -0.123844 -0.976123 0.178458
vn -0.078244 -0.567974 -0.819319
vn 0.013830 0.432208 -0.901668
vn 0.038373 0.982039 -0.184735
vn 0.999403 0.029903 -0.017288
vn 0.994023 0.049556 -0.097278
vn 0.992844 0.114722 -0.033166
vn -0.012382 0.281611 -0.959449
vn 0.013744 0.975467 -0.219716
vn -0.010943 0.711392 0.702710
vn -0.038238 0.602653 0.797087
vn 0.996066 -0.034127 -0.081783
vn 0.994201 0.096957 0.046524
vn 0.997952 0.008889 0.063349
vn 0.998358 -0.057283 -0.000954
vn -0.076379 -0.591661 0.802561
vn -0.063677 -0.963306 0.260744
vn -0.036365 -0.904521 -0.424875
vn -0.097180 -0.197322 0.975510
vn -0.063759 -0.967579 0.244389
vn -0.022050 -0.637882 -0.769818
vn -0.033159 0.969172 -0.244145
vn -0.011791 0.341387 -0.939849
vn 0.988721 0.142837 -0.045040
vn 0.972405 0.225260 -0.060721
vn 0.976350 0.215439 0.018087
vn -0.017252 0.197542 -0.980143
vn -0.050841 0.965241 -0.256368
vn -0.066460 0.743188 0.665773
vn -0.089611 0.643726 0.759991
vn 0.980287 0.153641 -0.124224
vn 0.991633 0.069763 -0.108616
vn 0.990645 0.131958 0.034791
vn 0.997932 0.057615 -0.028496
vn 0.043308 0.981648 -0.185718
vn 0.043308 0.981648 -0.185718
vn 0.997143 0.072458 -0.021342
vn 0.997143 0.072458 -0.021342
vn 0.997143 0.072458 -0.021342
vn 0.997143 0.072458 -0.021342
vn 0.980694 0.188261 -0.052886
vn 0.980694 0.188261 -0.052886
vn 0.980694 0.188261 -0.052886
vn 0.980694 0.188261 -0.052886
vn 0.005491 0.972537 -0.232682
vn -0.122840 0.982288 -0.141497
vn -0.122840 0.982288 -0.141497
vn -0.262499 0.964924 0.003970
vn 0.021851 0.959410 -0.281166
vn -0.201152 -0.848346 -0.489741
vn 0.364169 0.854758 0.369824
vn 0.365038 0.797732 0.479970
vn 0.359239 0.883441 0.300797
vn 0.345127 0.916293 0.203213
vn -0.072874 0.940938 0.330645
vn -0.073994 0.974686 0.210979
vn -0.455058 0.837437 0.302691
vn -0.444943 0.872100 0.203635
vn 0.348482 0.886865 0.303365
vn 0.336533 0.919173 0.204613
vn -0.070925 0.910269 0.407896
vn -0.453619 0.808951 0.373936
vn 0.349645 0.858296 0.375601
vn -0.067702 0.847372 0.526666
vn -0.447817 0.752841 0.482379
vn 0.346942 0.803304 0.484081
vn -0.072415 0.941332 0.329620
vn -0.073626 0.974907 0.210082
vn -0.450367 0.840373 0.301569
vn -0.441307 0.874216 0.202473
vn 0.367451 0.879476 0.302493
vn 0.354081 0.912767 0.203676
vn -0.070645 0.909822 0.408942
vn -0.447002 0.812078 0.375124
vn 0.370236 0.849314 0.376287
vn -0.068137 0.848841 0.524239
vn -0.438561 0.758920 0.481357
vn 0.369227 0.795075 0.481173
vn -0.039317 0.942777 0.331099
vn -0.042028 0.976596 0.210935
vn -0.432518 0.848778 0.304144
vn -0.423286 0.882595 0.204587
vn -0.028332 0.943000 0.331586
vn -0.028734 0.972890 0.229478
vn -0.035345 0.910079 0.412926
vn -0.431359 0.818704 0.379015
vn -0.032335 0.910196 0.412913
vn -0.029786 0.850078 0.525814
vn -0.430581 0.764054 0.480438
vn -0.049650 0.851234 0.522432
vn -0.647607 -0.742655 -0.170494
vn -0.309001 -0.930502 -0.196681
vn 0.003237 -0.973023 -0.230686
vn 0.002621 -0.975215 -0.221245
vn 0.014982 -0.124963 0.992048
vn 0.014982 -0.124963 0.992048
vn 0.014982 -0.124963 0.992048
vn 0.014982 -0.124963 0.992048
vn -0.029695 -0.981349 -0.189930
vn -0.029695 -0.981349 -0.189930
vn -0.897608 -0.425417 -0.115419
vn 0.001955 -0.977481 -0.211014
vn 0.827799 0.559525 0.040999
vn -0.043119 0.992515 0.114254
vn -0.872356 0.487188 0.040542
vn 0.003217 -0.110020 0.993924
vn 0.000498 -0.029524 0.999564
vn -0.071673 -0.074656 0.994630
vn -0.029323 0.985433 0.167520
vn -0.029323 0.985433 0.167520
vn 0.893815 0.448336 0.009465
vn -0.043254 0.994586 0.094486
vn -0.928299 0.371718 0.009339
vn 0.914682 -0.385802 -0.120475
vn 0.662846 -0.729105 -0.170415
vn -0.070872 -0.150519 0.986063
vn 0.075714 -0.068933 0.994744
vn 0.080000 -0.148741 0.985635
vn 0.005582 -0.185494 0.982630
vn -0.629411 -0.759165 -0.165862
vn -0.271085 -0.944152 -0.187325
vn 0.012520 -0.973152 -0.229825
vn 0.011905 -0.975344 -0.220370
vn 0.004978 -0.125922 0.992028
vn 0.004978 -0.125922 0.992028
vn 0.004978 -0.125922 0.992028
vn 0.004978 -0.125922 0.992028
vn 0.316476 -0.929607 -0.188874
vn -0.892745 -0.435673 -0.114874
vn 0.011239 -0.977609 -0.210128
vn 0.813475 0.579976 0.043437
vn -0.073806 0.990764 0.113750
vn -0.884045 0.465872 0.037791
vn 0.003516 -0.110469 0.993873
vn 0.000065 -0.029709 0.999559
vn -0.071559 -0.077272 0.994439
vn -0.038439 0.985267 0.166646
vn -0.038439 0.985267 0.166646
vn 0.884204 0.466965 0.011249
vn -0.073655 0.992835 0.094098
vn -0.935771 0.352528 0.007487
vn 0.918298 -0.377122 -0.120447
vn 0.668316 -0.724038 -0.170652
vn -0.070201 -0.152254 0.985845
vn 0.075703 -0.066947 0.994880
vn 0.080652 -0.148159 0.985669
vn 0.006379 -0.186202 0.982491
vn -0.622478 -0.764885 -0.165749
vn -0.264744 -0.945961 -0.187266
vn 0.023487 -0.972739 -0.230711
vn 0.023588 -0.974930 -0.221259
vn 0.005402 -0.125705 0.992053
vn 0.005402 -0.125705 0.992053
vn 0.005402 -0.125705 0.992053
vn 0.005402 -0.125705 0.992053
vn 0.321924 -0.927694 -0.189074
vn -0.887778 -0.445675 -0.115000
vn 0.023695 -0.977195 -0.211017
vn 0.812391 0.581562 0.042514
vn -0.073708 0.990713 0.114257
vn -0.886484 0.461123 0.038881
vn 0.003764 -0.110034 0.993921
vn 0.000282 -0.029574 0.999563
vn -0.071470 -0.077505 0.994427
vn -0.042880 0.985067 0.166748
vn -0.042880 0.985067 0.166748
vn 0.882078 0.470981 0.010689
vn -0.073283 0.992824 0.094500
vn -0.938178 0.346058 0.008139
vn 0.923192 -0.364879 -0.120745
vn 0.682826 -0.709116 -0.175790
vn -0.070003 -0.153036 0.985738
vn 0.075958 -0.066134 0.994915
vn 0.080978 -0.146213 0.985933
vn 0.006776 -0.185482 0.982624
vn -0.028450 0.985608 0.166635
vn 0.022986 -0.124346 0.991973
vn 0.022986 -0.124346 0.991973
vn 0.348299 -0.916057 -0.198815
vn 0.353151 0.728908 0.586496
vn 0.345934 0.705795 0.618210
vn -0.067049 0.768108 0.636800
vn -0.440241 0.683052 0.582776
vn 0.333892 0.737990 0.586418
vn -0.068572 0.739629 0.669513
vn -0.439804 0.657646 0.611617
vn 0.326425 0.715499 0.617663
vn -0.068611 0.775082 0.628124
vn -0.428616 0.695226 0.577017
vn 0.359835 0.733684 0.576392
vn -0.070576 0.748480 0.659392
vn -0.426773 0.672193 0.604997
vn 0.354863 0.712506 0.605316
vn -0.025862 0.780871 0.624157
vn -0.429489 0.699562 0.571097
vn -0.075112 0.779229 0.622223
vn -0.025072 0.756083 0.653995
vn -0.430421 0.674773 0.599515
vn -0.087126 0.750820 0.654735
vn 0.213606 0.915539 -0.340824
vn 0.310944 0.881764 -0.354691
vn 0.333682 0.942475 0.019942
vn 0.218922 0.975471 0.023014
vn 0.308169 0.869771 0.385397
vn 0.211772 0.901699 0.376951
vn 0.235498 0.971875 -0.000483
vn 0.333933 0.942597 -0.000409
vn 0.345198 0.868601 -0.355487
vn 0.370497 0.928645 0.018726
vn 0.342523 0.857574 0.383724
vn 0.370988 0.928638 -0.000378
vn -0.174029 -0.756511 0.630400
vn -0.194778 -0.942360 0.272065
vn -0.232203 -0.972545 -0.015434
vn -0.221916 -0.974974 -0.013386
vn 0.992754 -0.120162 0.000071
vn 0.992754 -0.120162 0.000071
vn 0.992754 -0.120162 0.000071
vn 0.992754 -0.120162 0.000071
vn -0.176176 -0.984359 0.000529
vn -0.176176 -0.984359 0.000529
vn -0.120407 -0.421318 0.898885
vn -0.210699 -0.977487 -0.011158
vn 0.050983 0.566161 -0.822717
vn 0.122469 0.992142 0.025609
vn 0.047384 0.536636 0.842483
vn 0.993435 -0.114339 -0.003687
vn 0.999477 -0.032339 -0.000664
vn 0.994538 -0.072929 0.074672
vn 0.173704 0.984798 -0.000525
vn 0.173704 0.984798 -0.000525
vn 0.016478 0.442406 -0.896663
vn 0.101905 0.994441 0.026498
vn 0.014320 0.418557 0.908078
vn -0.117292 -0.411698 -0.903741
vn -0.169101 -0.742261 -0.648424
vn 0.985433 -0.154169 0.071796
vn 0.994189 -0.073213 -0.078920
vn 0.984471 -0.155137 -0.082150
vn 0.980634 -0.195732 -0.006781
vn 0.473038 0.848980 -0.235516
vn 0.276636 0.910702 -0.306749
vn 0.107299 0.992013 -0.066306
vn -0.415111 0.896858 -0.152736
vn 0.194415 0.963816 -0.182380
vn -0.202583 0.972333 -0.116314
vn -0.202583 0.972333 -0.116314
vn 0.004003 -0.039126 -0.999226
vn 0.004003 -0.039126 -0.999226
vn 0.004003 -0.039126 -0.999226
vn 0.004003 -0.039126 -0.999226
vn -0.098880 -0.988403 0.115246
vn 0.444707 -0.884396 0.141700
vn 0.757976 -0.640916 0.121238
vn -0.476451 -0.873352 0.101246
vn 0.229897 0.948621 -0.217406
vn -0.005184 0.999764 0.021121
vn 0.208813 0.971097 -0.115623
vn 0.050816 0.997450 -0.050114
vn -0.139540 0.982136 -0.126245
vn -0.180728 0.966249 0.183575
vn 0.769836 -0.630955 0.096166
vn 0.444047 -0.892541 0.078693
vn 0.176566 -0.975155 0.133778
vn 0.190334 -0.973658 0.125549
vn 0.968318 -0.230439 0.096217
vn 0.205178 -0.971754 0.116607
vn -0.797689 -0.599138 0.068748
vn -0.918721 0.394806 -0.009005
vn -0.194295 0.980672 -0.023074
vn -0.016591 0.029569 -0.999425
vn -0.031076 0.110288 -0.993414
vn 0.046928 0.097065 -0.994171
vn -0.972490 0.232395 0.015967
vn -0.229623 0.973276 0.002562
vn 0.695271 0.718326 0.024612
vn 0.783575 0.619314 0.049593
vn -0.094931 0.044021 -0.994510
vn -0.080471 -0.036495 -0.996089
vn 0.062006 0.014714 -0.997967
vn -0.001631 -0.052832 -0.998602
vn 0.801493 -0.593770 0.071035
vn 0.240789 -0.937170 -0.252455
vn 0.101297 -0.988645 -0.110992
vn 0.248369 -0.967393 0.049643
vn -0.432204 -0.901565 0.019513
vn -0.048876 -0.998259 0.033007
vn 0.978078 -0.182715 0.099895
vn 0.233891 -0.970972 0.050082
vn -0.763397 -0.645855 0.009775
vn -0.259789 0.964126 0.054511
vn -0.950000 0.311747 0.017739
vn -0.507487 0.696043 0.507918
vn -0.131977 0.981189 0.140892
vn -0.040298 0.133866 -0.990180
vn -0.054145 0.212966 -0.975558
vn 0.022388 0.207249 -0.978032
vn -0.986382 0.163105 0.021135
vn -0.272219 0.959509 0.072380
vn 0.655015 0.750868 0.084575
vn 0.747275 0.656174 0.104955
vn -0.116924 0.140611 -0.983136
vn -0.103396 0.061892 -0.992713
vn 0.037144 0.125401 -0.991411
vn -0.025942 0.052106 -0.998305
vn -0.169753 0.985123 -0.026755
vn -0.169753 0.985123 -0.026755
vn -0.019408 0.063580 -0.997788
vn -0.019408 0.063580 -0.997788
vn -0.019408 0.063580 -0.997788
vn -0.019408 0.063580 -0.997788
vn -0.122868 0.982284 0.141496
vn -0.262543 0.964912 -0.003971
vn -0.122868 0.982284 0.141496
vn -0.209217 0.977752 0.015134
vn -0.103080 0.986739 0.125383
vn -0.103080 0.986739 0.125383
vn 0.100689 -0.987460 -0.121596
vn 0.179428 0.958188 -0.222893
vn 0.307345 0.906750 -0.288692
vn 0.324649 0.944435 0.051433
vn 0.203024 0.974036 0.100179
vn 0.300763 0.892458 0.336244
vn 0.206285 0.884811 0.417800
vn 0.212313 0.918413 -0.333826
vn 0.300911 0.886436 -0.351688
vn 0.364313 0.929645 0.055107
vn 0.299051 0.853819 0.426101
vn 0.335274 0.938500 0.082525
vn 0.325819 0.874464 -0.359381
vn 0.327379 0.944874 0.005987
vn 0.215213 0.976526 0.009005
vn 0.302371 0.870142 0.389134
vn 0.207771 0.900453 0.382121
vn 0.211791 0.916517 -0.339326
vn 0.308147 0.883423 -0.353000
vn 0.363244 0.931682 0.004739
vn 0.335929 0.858836 0.386721
vn 0.341926 0.870579 -0.353808
vn 0.330506 0.943678 0.015407
vn 0.217076 0.975979 0.018505
vn 0.304675 0.867272 0.393717
vn 0.208965 0.897859 0.387534
vn 0.366818 0.930185 0.014172
vn 0.338702 0.855851 0.390897
vn -0.173518 -0.761304 0.624746
vn -0.193587 -0.947240 0.255462
vn -0.230184 -0.973096 -0.009957
vn -0.219961 -0.975479 -0.007638
vn 0.992484 -0.121089 -0.017712
vn 0.992484 -0.121089 -0.017712
vn 0.992484 -0.121089 -0.017712
vn 0.992484 -0.121089 -0.017712
vn -0.190572 -0.933600 -0.303435
vn -0.119594 -0.420827 0.899223
vn -0.208827 -0.977939 -0.005119
vn 0.050333 0.566667 -0.822408
vn 0.121634 0.992350 0.021140
vn 0.047868 0.542288 0.838828
vn 0.993296 -0.115539 -0.003715
vn 0.999481 -0.032207 -0.000802
vn 0.994518 -0.073186 0.074680
vn 0.171045 0.984666 0.034300
vn 0.171045 0.984666 0.034300
vn 0.016075 0.442801 -0.896476
vn 0.101304 0.994611 0.022041
vn 0.014719 0.422946 0.906035
vn -0.117320 -0.416607 -0.901485
vn -0.168310 -0.746044 -0.644274
vn 0.985203 -0.155533 0.072000
vn 0.994102 -0.074177 -0.079113
vn 0.984088 -0.157471 -0.082299
vn 0.980163 -0.198082 -0.006675
vn -0.173547 -0.771697 0.611853
vn -0.192197 -0.951056 0.241979
vn -0.227967 -0.973211 -0.029848
vn -0.217842 -0.975568 -0.028497
vn 0.992409 -0.122885 -0.004924
vn 0.992409 -0.122885 -0.004924
vn 0.992409 -0.122885 -0.004924
vn 0.992409 -0.122885 -0.004924
vn -0.189089 -0.935086 -0.299764
vn -0.120763 -0.433557 0.892998
vn -0.206832 -0.978003 -0.027028
vn 0.049086 0.564151 -0.824211
vn 0.120778 0.992612 0.011586
vn 0.048841 0.550697 0.833275
vn 0.993126 -0.116981 -0.004115
vn 0.999467 -0.032641 -0.001114
vn 0.994500 -0.073485 0.074635
vn 0.169624 0.984840 0.036291
vn 0.169624 0.984840 0.036291
vn 0.015291 0.440812 -0.897469
vn 0.100680 0.994841 0.012482
vn 0.015396 0.429494 0.902938
vn -0.115713 -0.409757 -0.904826
vn -0.166614 -0.739099 -0.652666
vn 0.984697 -0.158879 0.071613
vn 0.993951 -0.075816 -0.079454
vn 0.983966 -0.157982 -0.082786
vn 0.979679 -0.200433 -0.007480
vn -0.177206 -0.815829 0.550474
vn -0.190304 -0.964861 0.181183
vn -0.211049 -0.968753 -0.130289
vn -0.201559 -0.970360 -0.133325
vn 0.992421 -0.122749 -0.005797
vn 0.992421 -0.122749 -0.005797
vn 0.992421 -0.122749 -0.005797
vn 0.992421 -0.122749 -0.005797
vn -0.188009 -0.931458 -0.311511
vn -0.128590 -0.492119 0.860978
vn -0.191334 -0.971977 -0.136573
vn 0.044661 0.674345 -0.737065
vn 0.102024 0.980445 0.168283
vn 0.033668 0.470899 0.881544
vn 0.995750 -0.091194 -0.012834
vn 0.999972 -0.006920 0.002940
vn 0.995649 -0.063749 0.067970
vn 0.169868 0.984345 0.047020
vn 0.169868 0.984345 0.047020
vn 0.009384 0.548499 -0.836098
vn 0.081946 0.979326 0.184948
vn 0.005008 0.361626 0.932310
vn -0.102507 -0.350259 -0.931027
vn -0.134114 -0.680684 -0.720196
vn 0.987886 -0.146048 0.052454
vn 0.996471 -0.032179 -0.077527
vn 0.988392 -0.119498 -0.093817
vn 0.983837 -0.176744 -0.028759
vn 0.132955 0.970373 -0.201742
vn 0.139489 0.982456 0.123789
vn 0.155032 0.895567 0.417044
vn -0.114000 -0.866900 0.485271
vn -0.126781 -0.987382 0.094890
vn -0.142247 -0.976121 -0.164178
vn -0.133373 -0.975689 -0.173902
vn 0.999175 -0.040218 -0.005553
vn 0.999175 -0.040218 -0.005553
vn 0.999175 -0.040218 -0.005553
vn 0.999175 -0.040218 -0.005553
vn -0.144965 -0.896191 -0.419316
vn -0.078383 -0.570730 0.817388
vn -0.123805 -0.975037 -0.184325
vn -0.011616 0.706834 -0.707284
vn 0.038220 0.983573 0.176418
vn 0.014348 0.437045 0.899325
vn 0.999398 0.030130 0.017196
vn 0.992800 0.115153 0.032996
vn 0.993983 0.050309 0.097299
vn 0.125328 0.970320 0.206815
vn 0.125328 0.970320 0.206815
vn -0.038666 0.598948 -0.799854
vn 0.013577 0.977334 0.211268
vn -0.012029 0.285504 0.958302
vn -0.094328 -0.278195 -0.955882
vn -0.099340 -0.651935 -0.751740
vn 0.996066 -0.034410 0.081656
vn 0.994228 0.096585 -0.046706
vn 0.997949 0.009421 -0.063324
vn 0.998375 -0.056982 0.000844
vn -0.063153 -0.966670 -0.248115
vn -0.036331 -0.901614 0.431014
vn 0.997132 0.072599 0.021390
vn 0.997132 0.072599 0.021390
vn 0.997132 0.072599 0.021390
vn 0.997132 0.072599 0.021390
vn -0.021992 -0.632277 0.774431
vn -0.063087 -0.971101 -0.230182
vn -0.066011 0.747766 -0.660673
vn 0.232480 0.947683 -0.218745
vn -0.032887 0.966611 0.254131
vn -0.012002 0.334252 0.942407
vn 0.988754 0.142549 0.045224
vn 0.972489 0.224835 0.060948
vn 0.980425 0.152761 0.124220
vn -0.089371 0.647518 -0.756792
vn -0.050483 0.962559 0.266331
vn -0.017298 0.192197 0.981204
vn -0.096908 -0.204546 -0.974048
vn -0.075969 -0.598600 -0.797438
vn 0.991540 0.070519 0.108978
vn 0.976245 0.215932 -0.017862
vn 0.990800 0.130773 -0.034836
vn 0.997951 0.057133 0.028818
vn 0.980709 0.188184 0.052884
vn 0.980709 0.188184 0.052884
vn 0.980709 0.188184 0.052884
vn 0.980709 0.188184 0.052884
vn 0.043299 0.981648 0.185720
vn 0.043299 0.981648 0.185720
vn 0.005479 0.972537 0.232684
vn -0.433903 0.683531 -0.586952
vn -0.039852 0.773766 -0.632217
vn -0.046255 0.727633 -0.684405
vn -0.435814 0.640749 -0.632066
vn -0.427192 0.769965 -0.473983
vn -0.029739 0.860946 -0.507826
vn -0.043306 0.769524 -0.637148
vn -0.040429 0.858267 -0.511608
vn 0.902701 0.357725 -0.239090
vn 0.903058 0.385765 -0.188873
vn 0.958291 -0.187627 0.215581
vn 0.960150 -0.219434 0.173089
vn 0.468290 -0.666849 0.579669
vn 0.464818 -0.753145 0.465529
vn 0.035183 -0.770129 0.636917
vn 0.023459 -0.860664 0.508633
vn -0.045317 0.726148 -0.686043
vn 0.901445 0.345380 -0.260979
vn 0.956689 -0.172979 0.234145
vn 0.468381 -0.622851 0.626638
vn 0.042282 -0.722288 0.690299
vn -0.426147 0.825563 -0.369926
vn -0.031809 0.916071 -0.399752
vn -0.447140 0.843684 -0.297090
vn -0.046635 0.943493 -0.328094
vn -0.473999 0.858183 -0.197096
vn -0.063756 0.971269 -0.229285
vn -0.169381 0.935467 -0.310180
vn -0.182796 0.962348 -0.201175
vn 0.506778 -0.781266 0.364417
vn 0.483716 -0.787693 0.381523
vn 0.033476 -0.907442 0.418842
vn 0.048090 -0.913415 0.404180
vn 0.964322 -0.216598 0.152211
vn 0.962290 -0.226490 0.150667
vn -0.094339 0.918475 -0.384062
vn 0.884621 0.444781 -0.140059
vn 0.169646 -0.963374 0.207679
vn 0.178389 -0.964223 0.196092
vn 0.958031 -0.275554 0.079038
vn 0.187829 -0.964912 0.183479
vn -0.906743 0.420422 -0.032591
vn -0.183239 0.978249 -0.097222
vn 0.727542 0.684267 -0.049611
vn 0.012316 -0.081268 -0.996616
vn 0.105282 -0.123578 -0.986734
vn 0.038630 -0.159651 -0.986417
vn -0.953535 0.301255 -0.004008
vn -0.195911 0.977283 -0.080856
vn 0.820283 0.571327 -0.026871
vn -0.833714 -0.538846 0.120693
vn -0.527019 -0.832163 0.172500
vn -0.054437 -0.118289 -0.991486
vn -0.080355 -0.038266 -0.996032
vn 0.078654 -0.045053 -0.995884
vn -0.014168 -0.000871 -0.999899
vn -0.114598 0.979783 -0.163987
vn -0.071591 0.983613 -0.165469
vn -0.006814 -0.121145 -0.992611
vn -0.006814 -0.121145 -0.992611
vn 0.008087 -0.122763 -0.992403
vn 0.008087 -0.122763 -0.992403
vn 0.070066 -0.979617 0.188257
vn 0.070066 -0.979617 0.188257
vn -0.168756 -0.966719 0.192291
vn 0.021841 0.959411 0.281165
vn -0.087756 -0.894903 -0.437546
vn -0.039458 0.174442 -0.983877
vn -0.039458 0.174442 -0.983877
vn -0.039458 0.174442 -0.983877
vn -0.039458 0.174442 -0.983877
vn 0.364583 0.809224 -0.460691
vn 0.360975 0.857516 -0.366557
vn 0.352965 0.885614 -0.301832
vn 0.341996 0.917112 -0.204806
vn -0.444722 0.872206 -0.203663
vn -0.454855 0.837542 -0.302707
vn -0.072445 0.940978 -0.330623
vn -0.073531 0.974721 -0.210979
vn -0.453264 0.810365 -0.371295
vn -0.070560 0.911667 -0.404826
vn -0.448272 0.764463 -0.463303
vn -0.067826 0.860215 -0.505401
vn 0.349719 0.859445 -0.372894
vn 0.347236 0.814482 -0.464808
vn 0.348686 0.886800 -0.303323
vn 0.336761 0.919095 -0.204589
vn -0.441057 0.874334 -0.202505
vn -0.450157 0.840475 -0.301598
vn -0.071962 0.941368 -0.329619
vn -0.073106 0.974945 -0.210091
vn -0.446857 0.813340 -0.372555
vn -0.070317 0.911147 -0.406038
vn -0.439244 0.770100 -0.462613
vn -0.068214 0.861314 -0.503473
vn 0.371086 0.850158 -0.373531
vn 0.370484 0.805665 -0.462217
vn 0.368308 0.879166 -0.302351
vn 0.354970 0.912447 -0.203561
vn -0.426390 0.881025 -0.204906
vn -0.436407 0.846966 -0.303641
vn -0.037432 0.942857 -0.331089
vn -0.040086 0.976679 -0.210929
vn -0.037535 0.972330 -0.230575
vn -0.038933 0.942575 -0.331718
vn -0.439097 0.816706 -0.374412
vn -0.033542 0.911418 -0.410113
vn -0.051149 0.911142 -0.408907
vn -0.433231 0.771845 -0.465367
vn -0.028303 0.862414 -0.505412
vn -0.055256 0.858610 -0.509643
vn 0.688544 -0.705526 0.167750
vn 0.343556 -0.920028 0.188461
vn 0.061317 -0.971089 0.230708
vn 0.062808 -0.973191 0.221256
vn -0.275814 -0.940699 0.197514
vn -0.618439 -0.766408 0.173641
vn -0.045689 -0.127123 -0.990834
vn -0.045689 -0.127123 -0.990834
vn -0.045689 -0.127123 -0.990834
vn -0.045689 -0.127123 -0.990834
vn -0.019242 -0.981616 0.189896
vn -0.019242 -0.981616 0.189896
vn 0.926611 -0.357498 0.116568
vn 0.064414 -0.975358 0.211014
vn -0.883311 -0.453320 0.119427
vn -0.871653 0.488425 -0.040778
vn -0.041155 0.992599 -0.114256
vn 0.003832 -0.110094 -0.993914
vn 0.000555 -0.029569 -0.999563
vn 0.075610 -0.069134 -0.994738
vn -0.038807 0.985143 -0.167293
vn -0.038807 0.985143 -0.167293
vn -0.927897 0.372715 -0.009503
vn -0.041291 0.994669 -0.094488
vn 0.828552 0.558425 -0.040769
vn 0.894250 0.447471 -0.009308
vn -0.071504 -0.074627 -0.994645
vn -0.069701 -0.154607 -0.985514
vn 0.080584 -0.144833 -0.986169
vn 0.007356 -0.185544 -0.982608
vn 0.689967 -0.703966 0.168456
vn 0.344741 -0.919522 0.188767
vn 0.061440 -0.971264 0.229936
vn 0.062616 -0.973383 0.220463
vn -0.247131 -0.950616 0.187764
vn -0.605792 -0.777650 0.168155
vn 0.928218 -0.353092 0.117205
vn 0.063879 -0.975569 0.210202
vn -0.880466 -0.459156 0.118137
vn -0.883877 0.466184 -0.037866
vn -0.073247 0.990806 -0.113745
vn 0.004024 -0.110508 -0.993867
vn 0.000085 -0.029757 -0.999557
vn 0.075631 -0.067067 -0.994878
vn -0.935696 0.352727 -0.007538
vn -0.073083 0.992879 -0.094080
vn 0.813691 0.579677 -0.043379
vn 0.884337 0.466714 -0.011213
vn -0.071462 -0.077323 -0.994442
vn -0.069248 -0.155681 -0.985377
vn 0.081179 -0.144800 -0.986125
vn 0.007876 -0.186147 -0.982490
vn -0.038435 0.985267 -0.166649
vn -0.038435 0.985267 -0.166649
vn 0.005001 -0.126057 -0.992010
vn 0.005001 -0.126057 -0.992010
vn 0.005001 -0.126057 -0.992010
vn 0.005001 -0.126057 -0.992010
vn 0.696198 -0.696329 0.174457
vn 0.362729 -0.910464 0.198703
vn 0.054094 -0.971489 0.230833
vn 0.055321 -0.973614 0.221397
vn -0.249779 -0.949964 0.187557
vn -0.607741 -0.776330 0.167217
vn 0.929259 -0.349819 0.118761
vn 0.056642 -0.975807 0.211170
vn -0.880054 -0.460215 0.117081
vn -0.886325 0.461424 -0.038930
vn -0.073246 0.990747 -0.114257
vn 0.004068 -0.110056 -0.993917
vn 0.000264 -0.029578 -0.999563
vn 0.075874 -0.066230 -0.994915
vn -0.938097 0.346277 -0.008166
vn -0.072846 0.992856 -0.094497
vn 0.812606 0.581266 -0.042443
vn 0.882227 0.470705 -0.010620
vn -0.071413 -0.077486 -0.994433
vn -0.069385 -0.155141 -0.985453
vn 0.081274 -0.144171 -0.986210
vn 0.007712 -0.185473 -0.982619
vn -0.042885 0.985066 -0.166749
vn -0.042885 0.985066 -0.166749
vn 0.005402 -0.125709 -0.992052
vn 0.005402 -0.125709 -0.992052
vn 0.005402 -0.125709 -0.992052
vn 0.005402 -0.125709 -0.992052
vn -0.028450 0.985607 -0.166641
vn 0.022986 -0.124353 -0.991972
vn 0.022986 -0.124353 -0.991972
vn 0.346391 0.696419 -0.628501
vn 0.354082 0.736316 -0.576597
vn -0.441015 0.690613 -0.573201
vn -0.066842 0.776421 -0.626659
vn -0.437753 0.648953 -0.622280
vn -0.067235 0.729530 -0.680636
vn 0.335128 0.745184 -0.576533
vn 0.326595 0.706242 -0.628138
vn -0.429482 0.702424 -0.567579
vn -0.068394 0.783055 -0.618181
vn -0.425070 0.663550 -0.615644
vn -0.069382 0.738576 -0.670590
vn 0.361697 0.740375 -0.566587
vn 0.355294 0.703428 -0.615593
vn -0.412656 0.710994 -0.569388
vn -0.024178 0.788667 -0.614346
vn -0.037728 0.785202 -0.618090
vn -0.400483 0.677718 -0.616695
vn -0.022824 0.746366 -0.665144
vn -0.025593 0.747082 -0.664239
vn 0.997182 0.075016 -0.000012
vn 0.997182 0.075020 -0.000021
vn 1.000000 0.000007 0.000000
vn 1.000000 0.000007 0.000000
vn 0.997182 0.075015 -0.000001
vn 1.000000 0.000000 0.000000
vn 0.997183 0.075011 0.000000
vn 1.000000 -0.000012 0.000000
vn 0.997644 0.068598 0.000007
vn 1.000000 -0.000025 0.000000
vn 0.998064 0.062188 0.000014
vn 0.402198 0.837431 0.370064
vn 0.034429 0.911895 0.408978
vn 0.019265 0.857470 0.514172
vn 0.391403 0.792920 0.466992
vn 0.402675 0.864985 0.299422
vn 0.036796 0.943077 0.330533
vn 0.389746 0.898472 0.202106
vn 0.033251 0.972959 0.228574
vn -0.037060 0.942830 0.331208
vn -0.037582 0.976684 0.211367
vn -0.421140 0.854411 0.304339
vn -0.410717 0.888491 0.204683
vn 0.384515 0.871613 0.304039
vn 0.372943 0.904876 0.205215
vn -0.035351 0.912154 0.408321
vn -0.419024 0.826416 0.376106
vn 0.385610 0.842521 0.376117
vn -0.032913 0.859064 0.510809
vn -0.411655 0.779835 0.471591
vn 0.381804 0.795547 0.470457
vn -0.036779 0.942654 0.331738
vn -0.037411 0.976657 0.211524
vn -0.420814 0.854875 0.303489
vn -0.410578 0.888752 0.203828
vn 0.397134 0.865870 0.304226
vn 0.385969 0.899490 0.204808
vn -0.035292 0.910811 0.411311
vn -0.418304 0.826217 0.377342
vn 0.397472 0.835898 0.378538
vn -0.033398 0.858381 0.511924
vn -0.409680 0.780897 0.471553
vn 0.393419 0.788989 0.471929
vn -0.008992 0.943108 0.332366
vn -0.009257 0.977269 0.211800
vn -0.415703 0.857540 0.303012
vn -0.402759 0.892288 0.203976
vn -0.020096 0.942968 0.332276
vn -0.014880 0.973146 0.229707
vn -0.007775 0.910084 0.414350
vn -0.417576 0.826596 0.377320
vn -0.028299 0.909867 0.413933
vn -0.005717 0.857402 0.514616
vn -0.414164 0.779616 0.469752
vn -0.037676 0.856530 0.514720
vn -0.670670 -0.721682 -0.171396
vn -0.333364 -0.921868 -0.197554
vn -0.030245 -0.972341 -0.231600
vn -0.031178 -0.974514 -0.222147
vn -0.037717 -0.125194 0.991415
vn -0.037717 -0.125194 0.991415
vn -0.037717 -0.125194 0.991415
vn -0.037717 -0.125194 0.991415
vn -0.046153 -0.980685 -0.190070
vn -0.046153 -0.980685 -0.190070
vn -0.912173 -0.393131 -0.115712
vn -0.032184 -0.976761 -0.211901
vn 0.847154 0.529743 0.041262
vn -0.009128 0.993355 0.114726
vn -0.855666 0.515944 0.040461
vn -0.000624 -0.109611 0.993974
vn -0.000509 -0.029394 0.999568
vn -0.074095 -0.071932 0.994654
vn -0.012433 0.985803 0.167448
vn -0.012433 0.985803 0.167448
vn 0.909137 0.416385 0.009636
vn -0.009021 0.995451 0.094847
vn -0.915217 0.402857 0.009181
vn 0.900990 -0.416691 -0.120773
vn 0.637604 -0.751121 -0.171110
vn -0.075984 -0.147478 0.986142
vn 0.073167 -0.071108 0.994782
vn 0.074639 -0.150695 0.985759
vn -0.000939 -0.184824 0.982771
vn -0.657567 -0.734755 -0.166557
vn -0.306506 -0.933054 -0.188321
vn -0.023884 -0.972579 -0.231343
vn -0.024273 -0.974769 -0.221894
vn 0.000437 -0.125140 0.992139
vn 0.000437 -0.125140 0.992139
vn 0.000437 -0.125140 0.992139
vn 0.000437 -0.125140 0.992139
vn 0.284300 -0.939754 -0.189833
vn -0.908221 -0.402310 -0.115247
vn -0.024692 -0.977033 -0.211654
vn 0.834961 0.548590 0.043460
vn -0.037253 0.992719 0.114546
vn -0.867554 0.495881 0.038098
vn -0.000710 -0.109744 0.993960
vn -0.001077 -0.029539 0.999563
vn -0.074287 -0.074173 0.994475
vn -0.003309 0.985844 0.167634
vn -0.003309 0.985844 0.167634
vn 0.900903 0.433876 0.011228
vn -0.037051 0.994813 0.094738
vn -0.923087 0.384516 0.007601
vn 0.904735 -0.408394 -0.121117
vn 0.642028 -0.747196 -0.171748
vn -0.075782 -0.148585 0.985992
vn 0.072896 -0.069106 0.994943
vn 0.074747 -0.149842 0.985880
vn -0.000724 -0.184982 0.982742
vn -0.650210 -0.741420 -0.165901
vn -0.300522 -0.935142 -0.187605
vn -0.013188 -0.972845 -0.231080
vn -0.012826 -0.975047 -0.221628
vn 0.000534 -0.125277 0.992122
vn 0.000534 -0.125277 0.992122
vn 0.000534 -0.125277 0.992122
vn 0.000534 -0.125277 0.992122
vn 0.287284 -0.938765 -0.190233
vn -0.903038 -0.413853 -0.115103
vn -0.012432 -0.977324 -0.211386
vn 0.832895 0.551808 0.042362
vn -0.036959 0.992743 0.114440
vn -0.869045 0.493185 0.039113
vn -0.000490 -0.109913 0.993941
vn -0.000870 -0.029512 0.999564
vn -0.074161 -0.074808 0.994437
vn -0.004035 0.985871 0.167456
vn -0.004035 0.985871 0.167456
vn 0.898378 0.439098 0.010504
vn -0.036498 0.994845 0.094613
vn -0.925115 0.379599 0.008204
vn 0.909327 -0.398006 -0.121307
vn 0.651701 -0.737506 -0.177120
vn -0.075596 -0.150199 0.985761
vn 0.073073 -0.068678 0.994959
vn 0.075008 -0.148757 0.986025
vn -0.000374 -0.185279 0.982686
vn 0.031444 0.985586 0.166229
vn 0.031444 0.985586 0.166229
vn 0.048963 -0.123752 0.991105
vn 0.048963 -0.123752 0.991105
vn 0.048963 -0.123752 0.991105
vn 0.048963 -0.123752 0.991105
vn 0.025000 -0.981601 -0.189300
vn 0.025000 -0.981601 -0.189300
vn 0.301789 -0.932203 -0.199803
vn 0.372512 0.734147 0.567682
vn 0.002025 0.785718 0.618582
vn -0.004174 0.753791 0.657101
vn 0.363942 0.707022 0.606355
vn -0.032470 0.787572 0.615367
vn -0.401531 0.718014 0.568532
vn 0.368612 0.736649 0.566987
vn -0.033249 0.754285 0.655705
vn -0.398089 0.689223 0.605390
vn 0.360971 0.709923 0.604739
vn -0.033746 0.790809 0.611133
vn -0.397465 0.723527 0.564385
vn 0.382351 0.732184 0.563662
vn -0.034882 0.759235 0.649881
vn -0.392710 0.696849 0.600150
vn 0.376431 0.706404 0.599411
vn -0.004782 0.792254 0.610172
vn -0.402555 0.723607 0.560662
vn -0.039365 0.790106 0.611705
vn -0.004901 0.762017 0.647538
vn -0.396034 0.697920 0.596711
vn -0.037120 0.759740 0.649167
vn 0.383542 0.797825 -0.465158
vn 0.001546 0.860132 -0.510070
vn 0.007572 0.914029 -0.405579
vn 0.390102 0.843553 -0.369106
vn 0.010700 0.943521 -0.331140
vn 0.390868 0.869739 -0.301291
vn 0.015993 0.973026 -0.230141
vn 0.382001 0.901457 -0.203597
vn -0.410497 0.888584 -0.204719
vn -0.420917 0.854516 -0.304353
vn -0.036608 0.942857 -0.331179
vn -0.037124 0.976701 -0.211370
vn -0.418901 0.827682 -0.373449
vn -0.034943 0.913481 -0.405378
vn -0.411615 0.781640 -0.468628
vn -0.032504 0.861023 -0.507526
vn 0.385940 0.843575 -0.373406
vn 0.382296 0.797084 -0.467446
vn 0.384755 0.871525 -0.303988
vn 0.373162 0.904792 -0.205186
vn -0.410316 0.888865 -0.203863
vn -0.420549 0.854994 -0.303519
vn -0.036227 0.942677 -0.331734
vn -0.036887 0.976676 -0.211526
vn -0.418201 0.827444 -0.374758
vn -0.034776 0.912111 -0.408467
vn -0.409748 0.782541 -0.468760
vn -0.032894 0.860220 -0.508861
vn 0.398456 0.836675 -0.375778
vn 0.394610 0.790176 -0.468940
vn 0.397969 0.865535 -0.304089
vn 0.386833 0.899145 -0.204692
vn -0.397439 0.894463 -0.204886
vn -0.408206 0.860723 -0.304178
vn -0.007147 0.943126 -0.332360
vn -0.007353 0.977286 -0.211796
vn -0.005186 0.973084 -0.230394
vn -0.005532 0.943121 -0.332403
vn -0.407526 0.831650 -0.377202
vn -0.005973 0.911352 -0.411584
vn -0.007618 0.911027 -0.412275
vn -0.400698 0.785705 -0.471284
vn -0.003900 0.859156 -0.511699
vn -0.009162 0.857619 -0.514205
vn 0.664137 -0.728392 0.168424
vn 0.311775 -0.931082 0.189425
vn 0.027970 -0.972399 0.231640
vn 0.029067 -0.974573 0.222178
vn -0.308704 -0.930324 0.197988
vn -0.645277 -0.743852 0.174076
vn 0.000540 -0.125315 -0.992117
vn 0.000540 -0.125315 -0.992117
vn 0.000540 -0.125315 -0.992117
vn 0.000540 -0.125315 -0.992117
vn -0.053040 -0.980308 0.190217
vn -0.053040 -0.980308 0.190217
vn 0.913877 -0.388815 0.116839
vn 0.030249 -0.976818 0.211923
vn -0.898905 -0.421465 0.119742
vn -0.854929 0.517148 -0.040680
vn -0.007177 0.993372 -0.114723
vn -0.000018 -0.109681 -0.993967
vn -0.000458 -0.029442 -0.999566
vn 0.073106 -0.071303 -0.994772
vn -0.006453 0.985835 -0.167594
vn -0.006453 0.985835 -0.167594
vn -0.914786 0.403832 -0.009318
vn -0.007059 0.995467 -0.094847
vn 0.847863 0.528624 -0.041046
vn 0.909546 0.415494 -0.009502
vn -0.073981 -0.071911 -0.994664
vn -0.075024 -0.151540 -0.985600
vn 0.075417 -0.146796 -0.986288
vn 0.000822 -0.184861 -0.982764
vn 0.664498 -0.727807 0.169527
vn 0.310488 -0.931409 0.189931
vn 0.025119 -0.972514 0.231486
vn 0.026528 -0.974686 0.222001
vn -0.282867 -0.940399 0.188774
vn -0.634713 -0.754076 0.168849
vn 0.915529 -0.384607 0.117831
vn 0.028048 -0.976928 0.211720
vn -0.896839 -0.426193 0.118489
vn -0.867381 0.496176 -0.038199
vn -0.036721 0.992739 -0.114544
vn -0.000208 -0.109809 -0.993953
vn -0.001061 -0.029534 -0.999563
vn 0.072865 -0.069192 -0.994939
vn -0.923008 0.384704 -0.007699
vn -0.036505 0.994834 -0.094730
vn 0.835143 0.548319 -0.043393
vn 0.901007 0.433661 -0.011173
vn -0.074244 -0.074221 -0.994474
vn -0.075011 -0.152077 -0.985518
vn 0.075441 -0.146549 -0.986322
vn 0.000766 -0.185044 -0.982730
vn -0.003305 0.985843 -0.167637
vn -0.003305 0.985843 -0.167637
vn 0.000454 -0.125273 -0.992122
vn 0.000454 -0.125273 -0.992122
vn 0.000454 -0.125273 -0.992122
vn 0.000454 -0.125273 -0.992122
vn 0.667628 -0.723522 0.175470
vn 0.321946 -0.925505 0.199478
vn 0.017347 -0.972747 0.231221
vn 0.018852 -0.974915 0.221779
vn -0.285813 -0.939682 0.187906
vn -0.635999 -0.753321 0.167369
vn 0.915958 -0.383124 0.119318
vn 0.020477 -0.977153 0.211548
vn -0.895875 -0.428576 0.117177
vn -0.868860 0.493505 -0.039169
vn -0.036470 0.992760 -0.114443
vn -0.000188 -0.109950 -0.993937
vn -0.000885 -0.029517 -0.999564
vn 0.073041 -0.068772 -0.994955
vn -0.925007 0.379861 -0.008235
vn -0.036000 0.994863 -0.094617
vn 0.833091 0.551517 -0.042284
vn 0.898507 0.438835 -0.010433
vn -0.074156 -0.074782 -0.994439
vn -0.075117 -0.152324 -0.985472
vn 0.075437 -0.146736 -0.986295
vn 0.000559 -0.185320 -0.982678
vn -0.004040 0.985871 -0.167457
vn -0.004040 0.985871 -0.167457
vn 0.000534 -0.125281 -0.992121
vn 0.000534 -0.125281 -0.992121
vn 0.000534 -0.125281 -0.992121
vn 0.000534 -0.125281 -0.992121
vn 0.021076 0.985803 -0.166577
vn 0.021076 0.985803 -0.166577
vn -0.017749 -0.126076 -0.991862
vn -0.017749 -0.126076 -0.991862
vn -0.017749 -0.126076 -0.991862
vn -0.017749 -0.126076 -0.991862
vn 0.037076 -0.981148 0.189667
vn 0.037076 -0.981148 0.189667
vn 0.373157 0.696826 -0.612526
vn 0.017019 0.746692 -0.664952
vn 0.007768 0.783551 -0.621280
vn 0.375083 0.730587 -0.570574
vn -0.400870 0.714349 -0.573593
vn -0.031895 0.783396 -0.620704
vn -0.396765 0.680634 -0.615885
vn -0.032559 0.744610 -0.666705
vn 0.368687 0.732738 -0.571983
vn 0.360479 0.701151 -0.615177
vn -0.396935 0.719745 -0.569570
vn -0.033114 0.786543 -0.616648
vn -0.391525 0.688291 -0.610708
vn -0.034156 0.749608 -0.661000
vn 0.382995 0.728018 -0.568599
vn 0.376433 0.697529 -0.609714
vn -0.392054 0.723884 -0.567702
vn -0.002901 0.787934 -0.615753
vn -0.018832 0.787494 -0.616035
vn -0.389851 0.692983 -0.606457
vn -0.002997 0.752400 -0.658699
vn -0.027398 0.753974 -0.656332
vn 0.407579 0.832738 0.374737
vn 0.029811 0.911479 0.410264
vn 0.014406 0.859187 0.511458
vn 0.395953 0.789177 0.469490
vn 0.410538 0.860077 0.302864
vn 0.037147 0.942779 0.331343
vn 0.399121 0.893881 0.204155
vn 0.037069 0.972737 0.228930
vn -0.019341 0.943435 0.330992
vn -0.020096 0.977227 0.211244
vn -0.412678 0.859681 0.301074
vn -0.402283 0.892834 0.202525
vn 0.392291 0.867036 0.307175
vn 0.380630 0.901195 0.207288
vn -0.018145 0.912771 0.408069
vn -0.410807 0.832278 0.372226
vn 0.393124 0.837342 0.379883
vn -0.016404 0.860928 0.508463
vn -0.402780 0.787737 0.466088
vn 0.389897 0.789540 0.473927
vn -0.018989 0.943231 0.331594
vn -0.019831 0.977190 0.211441
vn -0.412293 0.860153 0.300252
vn -0.402066 0.893120 0.201692
vn 0.405241 0.860968 0.307432
vn 0.394043 0.895495 0.206926
vn -0.018167 0.911385 0.411153
vn -0.410126 0.832052 0.373479
vn 0.405309 0.830357 0.382404
vn -0.016443 0.858964 0.511772
vn -0.401074 0.787439 0.468060
vn 0.401987 0.781286 0.477491
vn 0.008711 0.943091 0.332421
vn 0.008273 0.977269 0.211842
vn -0.407842 0.862376 0.299955
vn -0.396566 0.895569 0.201720
vn -0.020577 0.942898 0.332444
vn -0.018947 0.973086 0.229660
vn 0.009171 0.910026 0.414449
vn -0.407785 0.832862 0.374235
vn -0.023618 0.909763 0.414456
vn 0.010440 0.856003 0.516866
vn -0.404023 0.786118 0.467743
vn -0.030410 0.855905 0.516238
vn -0.680472 -0.711667 -0.174606
vn -0.336495 -0.920225 -0.199894
vn -0.041047 -0.971882 -0.231863
vn -0.043631 -0.973973 -0.222427
vn -0.021373 -0.124387 0.992004
vn -0.021373 -0.124387 0.992004
vn -0.021373 -0.124387 0.992004
vn -0.021373 -0.124387 0.992004
vn -0.040836 -0.980849 -0.190443
vn -0.040836 -0.980849 -0.190443
vn -0.921787 -0.369396 -0.117711
vn -0.046422 -0.976124 -0.212194
vn 0.858593 0.510901 0.042416
vn 0.007076 0.993371 0.114735
vn -0.844034 0.534847 0.039299
vn -0.000646 -0.109586 0.993977
vn -0.000514 -0.029374 0.999568
vn -0.074106 -0.069372 0.994835
vn -0.018171 0.985731 0.167343
vn -0.018171 0.985731 0.167343
vn 0.919334 0.393344 0.010287
vn 0.006471 0.995471 0.094841
vn -0.904719 0.425923 0.008477
vn 0.890774 -0.438657 -0.118749
vn 0.627582 -0.760152 -0.168255
vn -0.076008 -0.144899 0.986523
vn 0.073146 -0.073626 0.994600
vn 0.074600 -0.153221 0.985372
vn -0.000971 -0.184794 0.982777
vn -0.668419 -0.724227 -0.169443
vn -0.312171 -0.930771 -0.190301
vn -0.034804 -0.972202 -0.231544
vn -0.036803 -0.974332 -0.222086
vn 0.000437 -0.125154 0.992137
vn 0.000437 -0.125154 0.992137
vn 0.000437 -0.125154 0.992137
vn 0.000437 -0.125154 0.992137
vn 0.279630 -0.941519 -0.188011
vn -0.918023 -0.378819 -0.117176
vn -0.038962 -0.976529 -0.211832
vn 0.846472 0.530557 0.044664
vn -0.021021 0.993199 0.114516
vn -0.855999 0.515651 0.037017
vn -0.000732 -0.109720 0.993962
vn -0.001086 -0.029496 0.999564
vn -0.074301 -0.071605 0.994662
vn -0.003309 0.985847 0.167617
vn -0.003309 0.985847 0.167617
vn 0.911369 0.411419 0.011908
vn -0.021562 0.995272 0.094706
vn -0.912870 0.408192 0.006965
vn 0.894641 -0.430628 -0.119071
vn 0.631929 -0.756408 -0.168855
vn -0.075808 -0.146019 0.986373
vn 0.072873 -0.071627 0.994766
vn 0.074714 -0.152379 0.985494
vn -0.000752 -0.184959 0.982746
vn -0.660948 -0.731214 -0.168740
vn -0.306004 -0.932972 -0.189538
vn -0.024054 -0.972615 -0.231174
vn -0.025338 -0.974782 -0.221715
vn 0.000534 -0.125294 0.992119
vn 0.000534 -0.125294 0.992119
vn 0.000534 -0.125294 0.992119
vn 0.000534 -0.125294 0.992119
vn 0.282471 -0.940597 -0.188383
vn -0.913019 -0.390774 -0.117017
vn -0.026722 -0.977020 -0.211465
vn 0.844407 0.533928 0.043573
vn -0.020779 0.993214 0.114428
vn -0.857639 0.512841 0.038076
vn -0.000517 -0.109892 0.993944
vn -0.000879 -0.029483 0.999565
vn -0.074185 -0.072241 0.994624
vn -0.004034 0.985875 0.167433
vn -0.004034 0.985875 0.167433
vn 0.908875 0.416917 0.011223
vn -0.021037 0.995289 0.094647
vn -0.915090 0.403177 0.007657
vn 0.899511 -0.420325 -0.119195
vn 0.640699 -0.747741 -0.174324
vn -0.075633 -0.147619 0.986148
vn 0.073055 -0.071193 0.994784
vn 0.074974 -0.151303 0.985640
vn -0.000410 -0.185268 0.982688
vn 0.036876 0.985371 0.166384
vn 0.036876 0.985371 0.166384
vn 0.032899 -0.125371 0.991564
vn 0.032899 -0.125371 0.991564
vn 0.032899 -0.125371 0.991564
vn 0.032899 -0.125371 0.991564
vn 0.019496 -0.981740 -0.189226
vn 0.019496 -0.981740 -0.189226
vn 0.294236 -0.934987 -0.198050
vn 0.381202 0.730328 0.566839
vn 0.007401 0.790374 0.612580
vn 0.008503 0.758497 0.651621
vn 0.375891 0.702049 0.604841
vn -0.015994 0.791506 0.610952
vn -0.390149 0.729202 0.562182
vn 0.379685 0.729345 0.569118
vn -0.016340 0.758790 0.651131
vn -0.384883 0.701817 0.599431
vn 0.374295 0.701786 0.606135
vn -0.014705 0.791453 0.611053
vn -0.386163 0.731253 0.562269
vn 0.393537 0.721196 0.570093
vn -0.013965 0.759927 0.649859
vn -0.379344 0.705400 0.598756
vn 0.389490 0.694066 0.605451
vn 0.011529 0.788825 0.614510
vn -0.394378 0.728466 0.560181
vn -0.035049 0.787381 0.615469
vn 0.011947 0.758085 0.652047
vn -0.388976 0.701792 0.596813
vn -0.035061 0.755394 0.654332
vn 0.383725 0.794663 -0.470388
vn -0.012941 0.859787 -0.510489
vn 0.009920 0.912664 -0.408591
vn 0.398783 0.837210 -0.374235
vn 0.023024 0.943164 -0.331529
vn 0.404294 0.862697 -0.303810
vn 0.027705 0.972876 -0.229664
vn 0.395046 0.895519 -0.204899
vn -0.402048 0.892933 -0.202555
vn -0.412449 0.859787 -0.301084
vn -0.018854 0.943451 -0.330975
vn -0.019601 0.977237 -0.211244
vn -0.410710 0.833497 -0.369594
vn -0.017709 0.914071 -0.405167
vn -0.402845 0.789404 -0.463203
vn -0.016040 0.862790 -0.505307
vn 0.393473 0.838413 -0.377151
vn 0.390357 0.791090 -0.470955
vn 0.392527 0.866948 -0.307120
vn 0.380863 0.901103 -0.207261
vn -0.401815 0.893225 -0.201727
vn -0.412047 0.860259 -0.300286
vn -0.018462 0.943242 -0.331592
vn -0.019304 0.977198 -0.211449
vn -0.410008 0.833252 -0.370923
vn -0.017613 0.912670 -0.408318
vn -0.401164 0.789066 -0.465234
vn -0.015927 0.860786 -0.508718
vn 0.406321 0.831137 -0.379624
vn 0.403076 0.782581 -0.474444
vn 0.406149 0.860588 -0.307299
vn 0.394950 0.895122 -0.206813
vn -0.394957 0.896235 -0.201921
vn -0.405937 0.863168 -0.300258
vn 0.010649 0.943067 -0.332433
vn 0.010206 0.977250 -0.211845
vn -0.017336 0.973109 -0.229694
vn -0.018298 0.942930 -0.332488
vn -0.400925 0.835957 -0.374746
vn 0.011134 0.911267 -0.411666
vn -0.010191 0.909738 -0.415059
vn -0.385818 0.792509 -0.472306
vn 0.012343 0.857782 -0.513866
vn 0.007999 0.854428 -0.519508
vn 0.653380 -0.738694 0.165605
vn 0.306256 -0.933310 0.187456
vn 0.017132 -0.972680 0.231517
vn 0.016606 -0.974886 0.222086
vn -0.308375 -0.929945 0.200270
vn -0.653329 -0.735987 0.177438
vn -0.013563 -0.124787 -0.992091
vn -0.013563 -0.124787 -0.992091
vn -0.013563 -0.124787 -0.992091
vn -0.013563 -0.124787 -0.992091
vn -0.042196 -0.980783 0.190484
vn -0.042196 -0.980783 0.190484
vn 0.903909 -0.411979 0.114989
vn 0.016036 -0.977167 0.211865
vn -0.908790 -0.399059 0.121870
vn -0.843311 0.535972 -0.039512
vn 0.009044 0.993355 -0.114736
vn -0.000040 -0.109677 -0.993967
vn -0.000462 -0.029424 -0.999567
vn 0.073085 -0.073825 -0.994590
vn -0.016942 0.985747 -0.167377
vn -0.016942 0.985747 -0.167377
vn -0.904296 0.426819 -0.008611
vn 0.008459 0.995456 -0.094846
vn 0.859302 0.509725 -0.042195
vn 0.919730 0.392422 -0.010152
vn -0.073992 -0.069347 -0.994845
vn -0.075048 -0.148992 -0.985986
vn 0.075378 -0.149350 -0.985907
vn 0.000789 -0.184888 -0.982759
vn 0.653808 -0.738082 0.166642
vn 0.305022 -0.933611 0.187968
vn 0.014331 -0.972764 0.231356
vn 0.014081 -0.974973 0.221876
vn -0.287754 -0.938541 0.190626
vn -0.644882 -0.744731 0.171764
vn 0.905654 -0.407875 0.115885
vn 0.013808 -0.977258 0.211602
vn -0.906838 -0.403867 0.120569
vn -0.855862 0.515870 -0.037118
vn -0.020504 0.993210 -0.114515
vn -0.000230 -0.109806 -0.993953
vn -0.001070 -0.029500 -0.999564
vn 0.072842 -0.071724 -0.994761
vn -0.912832 0.408275 -0.007063
vn -0.021048 0.995284 -0.094698
vn 0.846646 0.530285 -0.044594
vn 0.911456 0.411226 -0.011851
vn -0.074258 -0.071651 -0.994662
vn -0.075038 -0.149522 -0.985907
vn 0.075409 -0.149131 -0.985938
vn 0.000738 -0.185074 -0.982724
vn -0.003305 0.985847 -0.167616
vn -0.003305 0.985847 -0.167616
vn 0.000454 -0.125288 -0.992120
vn 0.000454 -0.125288 -0.992120
vn 0.000454 -0.125288 -0.992120
vn 0.000454 -0.125288 -0.992120
vn 0.655396 -0.735247 0.172823
vn 0.311427 -0.929471 0.197731
vn 0.006473 -0.972902 0.231127
vn 0.006350 -0.975099 0.221679
vn -0.290871 -0.937754 0.189766
vn -0.646346 -0.743816 0.170221
vn 0.906280 -0.406079 0.117287
vn 0.006215 -0.977371 0.211442
vn -0.905983 -0.406195 0.119169
vn -0.857452 0.513150 -0.038129
vn -0.020271 0.993224 -0.114431
vn -0.000214 -0.109939 -0.993938
vn -0.000894 -0.029483 -0.999565
vn 0.073024 -0.071291 -0.994779
vn -0.914986 0.403412 -0.007687
vn -0.020538 0.995299 -0.094653
vn 0.844607 0.533618 -0.043494
vn 0.908998 0.416650 -0.011151
vn -0.074181 -0.072208 -0.994627
vn -0.075154 -0.149773 -0.985860
vn 0.075402 -0.149289 -0.985915
vn 0.000524 -0.185343 -0.982674
vn -0.004039 0.985875 -0.167434
vn -0.004039 0.985875 -0.167434
vn 0.000534 -0.125299 -0.992119
vn 0.000534 -0.125299 -0.992119
vn 0.000534 -0.125299 -0.992119
vn 0.000534 -0.125299 -0.992119
vn 0.031132 0.985541 -0.166555
vn 0.031132 0.985541 -0.166555
vn -0.004097 -0.125412 -0.992096
vn -0.004097 -0.125412 -0.992096
vn -0.004097 -0.125412 -0.992096
vn -0.004097 -0.125412 -0.992096
vn 0.026174 -0.981553 0.189392
vn 0.026174 -0.981553 0.189392
vn 0.370993 0.696523 -0.614182
vn -0.000509 0.752515 -0.658575
vn -0.012167 0.787313 -0.616433
vn 0.371986 0.729998 -0.573349
vn -0.389714 0.725478 -0.567277
vn -0.015633 0.787274 -0.616405
vn -0.383860 0.693299 -0.609908
vn -0.015973 0.749174 -0.662181
vn 0.379544 0.725428 -0.574195
vn 0.373493 0.693013 -0.616633
vn -0.385843 0.727470 -0.567374
vn -0.014355 0.787168 -0.616571
vn -0.378477 0.696822 -0.609257
vn -0.013708 0.750273 -0.660986
vn 0.393981 0.717049 -0.574995
vn 0.389251 0.685084 -0.615746
vn -0.371740 0.731894 -0.571086
vn 0.013294 0.784467 -0.620028
vn 0.011529 0.783400 -0.621410
vn -0.368484 0.701582 -0.609920
vn 0.013627 0.748344 -0.663171
vn 0.005612 0.750445 -0.660909
vn -0.157456 0.701163 0.695398
vn -0.235894 0.665748 0.707908
vn -0.333668 0.942542 0.016769
vn -0.218965 0.975522 0.020272
vn -0.310840 0.881536 -0.355349
vn -0.213556 0.915356 -0.341345
vn -0.302451 0.860919 0.409076
vn -0.206948 0.891466 0.403064
vn -0.262795 0.658247 0.705443
vn -0.370476 0.928712 0.015559
vn -0.345078 0.868379 -0.356145
vn -0.336248 0.849626 0.406291
vn 0.167255 -0.728544 -0.664266
vn 0.190148 -0.928161 -0.319940
vn 0.231854 -0.971357 -0.052048
vn 0.221040 -0.973924 -0.051116
vn -0.992473 -0.121152 -0.017893
vn -0.992473 -0.121152 -0.017893
vn -0.992473 -0.121152 -0.017893
vn -0.992473 -0.121152 -0.017893
vn 0.193523 -0.945756 0.260948
vn 0.173024 -0.756923 0.630182
vn 0.114673 -0.394810 -0.911578
vn 0.209248 -0.976579 -0.050094
vn -0.050208 0.537903 0.841510
vn -0.123108 0.992103 0.023995
vn -0.051074 0.565847 -0.822927
vn -0.993430 -0.114325 -0.005263
vn -0.994588 -0.073581 0.073347
vn -0.999479 -0.032240 -0.001661
vn -0.171040 0.984668 0.034269
vn -0.171040 0.984668 0.034269
vn -0.018359 0.418836 0.907876
vn -0.103088 0.994344 0.025561
vn -0.016646 0.442272 -0.896726
vn 0.119039 -0.439857 0.890144
vn 0.154587 -0.610482 0.776797
vn -0.994141 -0.072472 -0.080198
vn -0.984620 -0.153207 -0.083968
vn -0.985255 -0.156156 0.069915
vn -0.980608 -0.195778 -0.008891
vn 0.428158 0.653609 -0.624080
vn 0.047263 0.737935 -0.673215
vn 0.040046 0.764957 -0.642835
vn 0.424255 0.678950 -0.599196
vn 0.029509 0.848170 -0.528902
vn 0.418302 0.761243 -0.495513
vn -0.023455 -0.847786 0.529819
vn -0.035510 -0.761162 0.647590
vn -0.466897 -0.659153 0.589512
vn -0.463957 -0.741349 0.484918
vn -0.957807 -0.185275 0.219726
vn -0.959658 -0.215470 0.180635
vn 0.022525 0.761973 -0.647217
vn 0.019277 0.846016 -0.532810
vn -0.907768 0.373108 -0.191699
vn -0.906791 0.348405 -0.237370
vn -0.043279 -0.732594 0.679289
vn -0.469804 -0.631981 0.616347
vn -0.957310 -0.175590 0.229621
vn 0.025673 0.737890 -0.674433
vn -0.905769 0.342327 -0.249788
vn 0.031965 0.913860 -0.404770
vn 0.420476 0.826272 -0.374800
vn 0.047143 0.943545 -0.327874
vn 0.444971 0.844803 -0.297168
vn 0.064078 0.971814 -0.226875
vn 0.469319 0.860914 -0.196383
vn 0.143173 0.939346 -0.311656
vn 0.152834 0.967425 -0.201817
vn -0.215116 0.959663 -0.181034
vn -0.481072 0.845250 -0.232643
vn -0.506814 -0.781249 0.364404
vn -0.048188 -0.913398 0.404206
vn -0.033596 -0.906039 0.421858
vn -0.483707 -0.786358 0.384277
vn -0.970059 -0.195618 0.143939
vn -0.965259 -0.215618 0.147592
vn -0.885006 0.443545 -0.141536
vn 0.072132 0.918875 -0.387899
vn 0.523834 -0.834132 0.172691
vn 0.165642 -0.967276 0.192197
vn -0.216582 -0.951901 0.216743
vn -0.206130 -0.957381 0.202317
vn -0.733585 -0.658502 0.168014
vn -0.901983 -0.413363 0.124733
vn 0.831866 -0.541603 0.121099
vn -0.195025 -0.962803 0.187020
vn -0.959818 -0.263574 0.096320
vn -0.743472 0.668012 -0.031767
vn 0.155269 0.983515 -0.092685
vn -0.011965 -0.080907 -0.996650
vn -0.037799 -0.158814 -0.986585
vn -0.105352 -0.124452 -0.986617
vn -0.825491 0.564408 -0.002953
vn 0.170968 0.982616 -0.072354
vn 0.901681 0.431041 -0.034291
vn 0.950981 0.309209 -0.005047
vn 0.055314 -0.116521 -0.991647
vn 0.080354 -0.038513 -0.996022
vn -0.078439 -0.044575 -0.995922
vn 0.014401 -0.000681 -0.999896
vn 0.071623 0.983611 -0.165470
vn 0.114660 0.979777 -0.163984
vn 0.006772 -0.121151 -0.992611
vn -0.008108 -0.122764 -0.992403
vn -0.008108 -0.122764 -0.992403
vn 0.006772 -0.121151 -0.992611
vn -0.070112 -0.979650 0.188072
vn -0.070112 -0.979650 0.188072
vn -0.204753 0.971928 -0.115897
vn 0.005177 0.999764 0.021120
vn -0.227983 0.949543 -0.215388
vn -0.046636 0.997857 -0.045889
vn 0.147690 0.980950 -0.126193
vn 0.183179 0.965335 0.185941
vn 0.418082 0.895490 -0.152656
vn -0.103850 0.992537 -0.063910
vn -0.267069 0.912466 -0.309967
vn 0.472904 -0.875264 0.101368
vn 0.095602 -0.988721 0.115283
vn -0.182575 -0.974047 0.133786
vn -0.196626 -0.972398 0.125618
vn 0.005605 0.060351 -0.998161
vn 0.005605 0.060351 -0.998161
vn 0.005605 0.060351 -0.998161
vn 0.005605 0.060351 -0.998161
vn -0.186058 -0.976395 0.109703
vn -0.186058 -0.976395 0.109703
vn 0.795471 -0.602063 0.068896
vn -0.211770 -0.970322 0.116743
vn -0.690916 0.722535 0.024047
vn 0.202668 0.978972 -0.023209
vn 0.921071 0.389302 -0.008492
vn 0.016610 0.029551 -0.999425
vn 0.031246 0.109800 -0.993463
vn 0.094851 0.043285 -0.994550
vn 0.202599 0.972303 -0.116537
vn 0.202599 0.972303 -0.116537
vn -0.780835 0.622791 0.049268
vn 0.238165 0.971222 0.002440
vn 0.973537 0.227947 0.016322
vn -0.969076 -0.227218 0.096246
vn -0.772164 -0.628094 0.096230
vn 0.080251 -0.036677 -0.996100
vn -0.046673 0.097374 -0.994153
vn -0.061895 0.015331 -0.997965
vn 0.001508 -0.052458 -0.998622
vn -0.261097 -0.964000 0.050322
vn 0.426409 -0.904319 0.019544
vn 0.046764 -0.998431 0.030808
vn -0.107104 -0.987370 -0.116745
vn 0.019387 0.063582 -0.997788
vn 0.019387 0.063582 -0.997788
vn 0.019387 0.063582 -0.997788
vn 0.019387 0.063582 -0.997788
vn 0.758918 -0.651112 0.009822
vn -0.248116 -0.967392 0.050898
vn -0.659862 0.746573 0.084920
vn -0.237034 0.945437 -0.223524
vn 0.126855 0.982587 0.135759
vn 0.249666 0.966779 0.054826
vn 0.947423 0.319492 0.017710
vn 0.501289 0.704754 0.502027
vn 0.040140 0.134228 -0.990137
vn 0.053906 0.213340 -0.975490
vn 0.116878 0.141470 -0.983019
vn -0.750356 0.652630 0.105074
vn 0.262108 0.962292 0.072753
vn 0.985407 0.168880 0.021257
vn -0.979449 -0.175039 0.100203
vn -0.806886 -0.586354 0.071581
vn 0.103040 0.061266 -0.992789
vn -0.022540 0.206836 -0.978116
vn -0.037016 0.126727 -0.991247
vn 0.025675 0.052748 -0.998278
vn 0.039433 0.174329 -0.983898
vn 0.039433 0.174329 -0.983898
vn 0.039433 0.174329 -0.983898
vn 0.039433 0.174329 -0.983898
vn -0.446699 -0.891212 0.078742
vn 0.169744 0.985125 -0.026753
vn 0.169744 0.985125 -0.026753
vn -0.100685 -0.987460 -0.121593
vn -0.244656 -0.935155 -0.256182
vn 0.209208 0.977754 0.015140
vn 0.103069 0.986740 0.125384
vn 0.103069 0.986740 0.125384
vn -0.300752 0.907039 -0.294667
vn -0.154828 0.894361 0.419698
vn -0.179412 0.958120 -0.223198
vn -0.322940 0.945356 0.044860
vn -0.203040 0.974089 0.099628
vn -0.206315 0.884913 0.417568
vn -0.300809 0.892411 0.336327
vn -0.361410 0.931429 0.042702
vn -0.299128 0.853574 0.426538
vn -0.327209 0.877841 -0.349757
vn -0.335281 0.938495 0.082544
vn -0.302110 0.889807 -0.342014
vn -0.213390 0.921687 -0.323972
vn -0.327278 0.944569 0.026065
vn -0.215152 0.976142 0.029267
vn -0.206630 0.896823 0.391168
vn -0.301121 0.866511 0.398101
vn -0.363146 0.931402 0.024797
vn -0.334553 0.855273 0.395706
vn -0.344048 0.875914 -0.338240
vn -0.310055 0.888839 -0.337389
vn -0.213553 0.921828 -0.323464
vn -0.330156 0.942663 0.048825
vn -0.216798 0.974818 0.052241
vn -0.366448 0.929222 0.047561
vn 0.168755 -0.749651 -0.639957
vn 0.189171 -0.936466 -0.295373
vn 0.230251 -0.973131 0.000291
vn 0.220047 -0.975484 0.003095
vn 0.117979 -0.421164 -0.899279
vn 0.208931 -0.977911 0.006141
vn 0.118874 -0.415288 0.901890
vn -0.043830 0.522570 0.851469
vn -0.121405 0.991075 0.055063
vn -0.993304 -0.115481 -0.003249
vn -0.999470 -0.032559 0.000235
vn -0.994311 -0.071971 -0.078522
vn -0.011971 0.407563 0.913099
vn -0.101075 0.993301 0.056010
vn -0.054177 0.585678 -0.808731
vn -0.018628 0.457723 -0.888900
vn -0.994312 -0.075507 0.075116
vn -0.985351 -0.154524 0.072151
vn -0.984027 -0.157960 -0.082099
vn -0.980223 -0.197796 -0.006325
vn 0.165606 -0.730567 -0.662455
vn 0.187775 -0.928051 -0.321654
vn 0.227797 -0.972371 -0.051030
vn 0.217690 -0.974697 -0.050762
vn 0.192252 -0.953583 0.231774
vn 0.174487 -0.779648 0.601417
vn 0.114294 -0.399172 -0.909724
vn 0.206702 -0.977102 -0.050466
vn 0.122255 -0.443941 0.887677
vn -0.046530 0.539406 0.840759
vn -0.120746 0.992169 0.031943
vn -0.993134 -0.116911 -0.004146
vn -0.999458 -0.032924 -0.000495
vn -0.994080 -0.074489 -0.079095
vn -0.013823 0.420687 0.907100
vn -0.100637 0.994381 0.032855
vn -0.051448 0.576050 -0.815794
vn -0.016838 0.450153 -0.892793
vn -0.994387 -0.074741 0.074890
vn -0.984514 -0.160227 0.071129
vn -0.984239 -0.156152 -0.083002
vn -0.979701 -0.200297 -0.008199
vn -0.169625 0.984840 0.036292
vn -0.169625 0.984840 0.036292
vn -0.992448 -0.122568 -0.004914
vn -0.992448 -0.122568 -0.004914
vn -0.992448 -0.122568 -0.004914
vn -0.992448 -0.122568 -0.004914
vn 0.132652 -0.666045 -0.734021
vn 0.144303 -0.888881 -0.434819
vn 0.209396 -0.962895 -0.170253
vn 0.199807 -0.963965 -0.175637
vn 0.189845 -0.968982 0.158215
vn 0.178539 -0.832012 0.525244
vn 0.100622 -0.333201 -0.937471
vn 0.189501 -0.964981 -0.181385
vn 0.131371 -0.515251 0.846911
vn -0.033758 0.471181 0.881390
vn -0.102049 0.980538 0.167722
vn -0.995798 -0.090618 -0.013201
vn -0.999972 -0.006883 0.002925
vn -0.996463 -0.032230 -0.077606
vn -0.005098 0.361848 0.932223
vn -0.081973 0.979431 0.184378
vn -0.044579 0.674014 -0.737372
vn -0.009304 0.548246 -0.836266
vn -0.995652 -0.063682 0.067982
vn -0.987615 -0.148253 0.051359
vn -0.988858 -0.115611 -0.093781
vn -0.984110 -0.175045 -0.029792
vn -0.169874 0.984345 0.046983
vn -0.169874 0.984345 0.046983
vn -0.992441 -0.122586 -0.005778
vn -0.992441 -0.122586 -0.005778
vn -0.992441 -0.122586 -0.005778
vn -0.992441 -0.122586 -0.005778
vn -0.125336 0.970319 0.206816
vn -0.125336 0.970319 0.206816
vn -0.999176 -0.040216 -0.005553
vn -0.999176 -0.040216 -0.005553
vn -0.999176 -0.040216 -0.005553
vn -0.999176 -0.040216 -0.005553
vn 0.126869 -0.987078 0.097883
vn 0.113953 -0.865038 0.488595
vn -0.133212 0.971233 -0.197386
vn -0.139378 0.981414 0.131909
vn 0.099382 -0.654100 -0.749851
vn 0.087744 -0.895941 -0.435420
vn 0.142310 -0.976987 -0.158886
vn 0.133432 -0.976659 -0.168326
vn 0.094438 -0.280662 -0.955149
vn 0.123858 -0.976123 -0.178448
vn 0.078247 -0.567964 0.819325
vn -0.013830 0.432221 0.901662
vn -0.038372 0.982042 0.184720
vn -0.999406 0.029834 0.017242
vn -0.994038 0.049460 0.097168
vn -0.992843 0.114745 0.033113
vn 0.012382 0.281630 0.959443
vn -0.013744 0.975474 0.219687
vn 0.010947 0.711388 -0.702714
vn 0.038244 0.602646 -0.797092
vn -0.996067 -0.034298 0.081700
vn -0.994196 0.097004 -0.046524
vn -0.997952 0.008829 -0.063351
vn -0.998348 -0.057442 0.000927
vn 0.076379 -0.591650 -0.802568
vn 0.063678 -0.963305 -0.260748
vn 0.036365 -0.904516 0.424887
vn 0.097180 -0.197295 -0.975516
vn 0.063764 -0.967575 -0.244401
vn 0.022051 -0.637866 0.769831
vn 0.033155 0.969171 0.244148
vn 0.011790 0.341388 0.939849
vn -0.988723 0.142834 0.045013
vn -0.972410 0.225238 0.060721
vn -0.976371 0.215338 -0.018142
vn 0.017250 0.197544 0.980142
vn 0.050832 0.965241 0.256372
vn 0.066457 0.743189 -0.665773
vn 0.089605 0.643727 -0.759991
vn -0.980293 0.153605 0.124225
vn -0.991628 0.069796 0.108639
vn -0.990644 0.131935 -0.034896
vn -0.997926 0.057743 0.028470
vn -0.043308 0.981648 0.185719
vn -0.043308 0.981648 0.185719
vn -0.997150 0.072392 0.021260
vn -0.997150 0.072392 0.021260
vn -0.997150 0.072392 0.021260
vn -0.997150 0.072392 0.021260
vn -0.980670 0.188388 0.052885
vn -0.980670 0.188388 0.052885
vn -0.980670 0.188388 0.052885
vn -0.980670 0.188388 0.052885
vn -0.005491 0.972537 0.232682
vn 0.122882 0.982282 0.141497
vn 0.122882 0.982282 0.141497
vn 0.262580 0.964902 -0.003974
vn -0.021852 0.959409 0.281169
vn 0.201153 -0.848341 0.489750
vn -0.364156 0.854766 -0.369819
vn -0.365023 0.797737 -0.479973
vn -0.359231 0.883445 -0.300795
vn -0.345129 0.916290 -0.203220
vn 0.072832 0.940941 -0.330645
vn 0.073952 0.974689 -0.210979
vn 0.455014 0.837457 -0.302701
vn 0.444908 0.872118 -0.203634
vn -0.348451 0.886877 -0.303367
vn -0.336520 0.919176 -0.204620
vn 0.070911 0.910270 -0.407897
vn 0.453593 0.808963 -0.373940
vn -0.349590 0.858315 -0.375609
vn 0.067703 0.847368 -0.526672
vn 0.447803 0.752847 -0.482383
vn -0.346889 0.803318 -0.484096
vn 0.072426 0.941334 -0.329613
vn 0.073626 0.974905 -0.210093
vn 0.450349 0.840381 -0.301572
vn 0.441295 0.874221 -0.202476
vn -0.367431 0.879485 -0.302489
vn -0.354087 0.912763 -0.203682
vn 0.070731 0.909814 -0.408944
vn 0.447028 0.812064 -0.375124
vn -0.370246 0.849312 -0.376281
vn 0.068245 0.848826 -0.524250
vn 0.438607 0.758896 -0.481353
vn -0.369256 0.795065 -0.481167
vn 0.039327 0.942773 -0.331109
vn 0.041984 0.976596 -0.210946
vn 0.441465 0.844480 -0.303255
vn 0.433039 0.878056 -0.203703
vn 0.048229 0.941918 -0.332362
vn 0.050366 0.971986 -0.229578
vn 0.035328 0.910072 -0.412942
vn 0.435140 0.816205 -0.380082
vn 0.040694 0.908397 -0.416125
vn 0.029736 0.850081 -0.525811
vn 0.424446 0.765656 -0.483339
vn 0.036266 0.850168 -0.525260
vn 0.643762 -0.745807 0.171296
vn 0.298315 -0.933835 0.197384
vn -0.003287 -0.973024 0.230683
vn -0.002658 -0.975210 0.221265
vn 0.017032 -0.125906 -0.991896
vn 0.017032 -0.125906 -0.991896
vn 0.017032 -0.125906 -0.991896
vn 0.017032 -0.125906 -0.991896
vn 0.007293 -0.981753 0.190023
vn 0.007293 -0.981753 0.190023
vn 0.897621 -0.425351 0.115557
vn -0.001978 -0.977471 0.211060
vn -0.827857 0.559439 -0.041009
vn 0.043115 0.992517 -0.114242
vn 0.872338 0.487228 -0.040445
vn -0.003215 -0.110019 -0.993924
vn -0.000492 -0.029518 -0.999564
vn 0.071680 -0.074652 -0.994630
vn 0.051149 0.984583 -0.167272
vn 0.051149 0.984583 -0.167272
vn -0.893876 0.448215 -0.009467
vn 0.043306 0.994587 -0.094453
vn 0.928287 0.371752 -0.009195
vn -0.914628 -0.385928 0.120482
vn -0.662828 -0.729122 0.170409
vn 0.070875 -0.150514 -0.986064
vn -0.075715 -0.068939 -0.994744
vn -0.080002 -0.148748 -0.985634
vn -0.005584 -0.185488 -0.982631
vn 0.629390 -0.759180 0.165872
vn 0.271074 -0.944155 0.187324
vn -0.012532 -0.973154 0.229814
vn -0.011912 -0.975338 0.220393
vn -0.004978 -0.125925 -0.992027
vn -0.004978 -0.125925 -0.992027
vn -0.004978 -0.125925 -0.992027
vn -0.004978 -0.125925 -0.992027
vn -0.316513 -0.929595 0.188872
vn 0.892718 -0.435720 0.114898
vn -0.011241 -0.977596 0.210189
vn -0.813452 0.580013 -0.043372
vn 0.073826 0.990763 -0.113746
vn 0.884074 0.465817 -0.037789
vn -0.003508 -0.110463 -0.993874
vn -0.000061 -0.029720 -0.999558
vn 0.071568 -0.077279 -0.994438
vn 0.038439 0.985268 -0.166644
vn 0.038439 0.985268 -0.166644
vn -0.884178 0.467017 -0.011138
vn 0.073672 0.992836 -0.094071
vn 0.935801 0.352450 -0.007483
vn -0.918310 -0.377056 0.120563
vn -0.668328 -0.724014 0.170710
vn 0.070210 -0.152250 -0.985845
vn -0.075698 -0.066927 -0.994882
vn -0.080643 -0.148135 -0.985674
vn -0.006371 -0.186197 -0.982492
vn 0.622465 -0.764904 0.165707
vn 0.264752 -0.945958 0.187269
vn -0.023458 -0.972740 0.230709
vn -0.023574 -0.974934 0.221242
vn -0.005401 -0.125705 -0.992053
vn -0.005401 -0.125705 -0.992053
vn -0.005401 -0.125705 -0.992053
vn -0.005401 -0.125705 -0.992053
vn -0.321925 -0.927695 0.189065
vn 0.887753 -0.445743 0.114924
vn -0.023697 -0.977202 0.210984
vn -0.812420 0.581523 -0.042491
vn 0.073705 0.990711 -0.114276
vn 0.886498 0.461089 -0.038957
vn -0.003763 -0.110039 -0.993920
vn -0.000285 -0.029574 -0.999563
vn 0.071469 -0.077521 -0.994426
vn 0.042880 0.985067 -0.166748
vn 0.042880 0.985067 -0.166748
vn -0.882112 0.470920 -0.010645
vn 0.073295 0.992819 -0.094540
vn 0.938203 0.345988 -0.008263
vn -0.923161 -0.364960 0.120740
vn -0.682795 -0.709149 0.175780
vn 0.070009 -0.153040 -0.985737
vn -0.075958 -0.066135 -0.994915
vn -0.080977 -0.146224 -0.985932
vn -0.006771 -0.185481 -0.982625
vn 0.028451 0.985606 -0.166648
vn -0.022986 -0.124349 -0.991972
vn -0.022986 -0.124349 -0.991972
vn -0.348279 -0.916066 0.198807
vn -0.353128 0.728918 -0.586497
vn -0.345907 0.705816 -0.618201
vn 0.067045 0.768110 -0.636799
vn 0.440216 0.683059 -0.582787
vn -0.333843 0.738000 -0.586433
vn 0.068551 0.739646 -0.669495
vn 0.439760 0.657664 -0.611629
vn -0.326373 0.715509 -0.617679
vn 0.068705 0.775073 -0.628126
vn 0.428653 0.695211 -0.577008
vn -0.359846 0.733684 -0.576384
vn 0.070669 0.748474 -0.659388
vn 0.426807 0.672183 -0.604985
vn -0.354873 0.712507 -0.605309
vn 0.025832 0.780887 -0.624139
vn 0.416986 0.704151 -0.574712
vn 0.047608 0.780646 -0.623157
vn 0.025035 0.756097 -0.653980
vn 0.416769 0.679683 -0.603602
vn 0.057118 0.752686 -0.655897
vn -0.213606 0.915539 0.340824
vn -0.310945 0.881765 0.354689
vn -0.333679 0.942476 -0.019937
vn -0.218922 0.975471 -0.023010
vn -0.308165 0.869775 -0.385391
vn -0.211774 0.901701 -0.376944
vn -0.235500 0.971874 0.000483
vn -0.333926 0.942599 0.000409
vn -0.345198 0.868602 0.355484
vn -0.370494 0.928646 -0.018728
vn -0.342515 0.857577 -0.383726
vn -0.370978 0.928642 0.000378
vn 0.174026 -0.756514 -0.630398
vn 0.194781 -0.942358 -0.272070
vn 0.232208 -0.972544 0.015438
vn 0.221905 -0.974976 0.013395
vn -0.992717 -0.120470 -0.000071
vn -0.992717 -0.120470 -0.000071
vn -0.992717 -0.120470 -0.000071
vn -0.992717 -0.120470 -0.000071
vn 0.176179 -0.984358 -0.000529
vn 0.176179 -0.984358 -0.000529
vn 0.120399 -0.421328 -0.898881
vn 0.210672 -0.977493 0.011171
vn -0.050986 0.566178 0.822705
vn -0.122472 0.992141 -0.025620
vn -0.047387 0.536641 -0.842479
vn -0.993436 -0.114333 0.003660
vn -0.999480 -0.032253 0.000660
vn -0.994532 -0.072994 -0.074686
vn -0.173710 0.984797 0.000525
vn -0.173710 0.984797 0.000525
vn -0.016483 0.442431 0.896651
vn -0.101910 0.994440 -0.026515
vn -0.014324 0.418567 -0.908073
vn 0.117279 -0.411696 0.903743
vn 0.169095 -0.742257 0.648430
vn -0.985406 -0.154301 -0.071875
vn -0.994201 -0.073064 0.078906
vn -0.984482 -0.155072 0.082151
vn -0.980621 -0.195798 0.006725
vn -0.473061 0.848967 0.235519
vn -0.276643 0.910704 0.306737
vn -0.107297 0.992013 0.066311
vn 0.415108 0.896860 0.152737
vn -0.194390 0.963818 0.182394
vn 0.202591 0.972331 0.116315
vn 0.202591 0.972331 0.116315
vn -0.004003 -0.039125 0.999226
vn -0.004003 -0.039125 0.999226
vn -0.004003 -0.039125 0.999226
vn -0.004003 -0.039125 0.999226
vn 0.098877 -0.988404 -0.115242
vn -0.444701 -0.884398 -0.141706
vn -0.758001 -0.640880 -0.121273
vn 0.476429 -0.873364 -0.101252
vn -0.229902 0.948619 0.217409
vn 0.005183 0.999763 -0.021123
vn -0.208832 0.971092 0.115624
vn -0.050830 0.997449 0.050116
vn 0.139508 0.982140 0.126246
vn 0.180724 0.966250 -0.183574
vn -0.769856 -0.630923 -0.096216
vn -0.444066 -0.892531 -0.078699
vn -0.176591 -0.975151 -0.133777
vn -0.190343 -0.973654 -0.125569
vn -0.968326 -0.230370 -0.096302
vn -0.205170 -0.971750 -0.116649
vn 0.797648 -0.599190 -0.068767
vn 0.918730 0.394786 0.008962
vn 0.194256 0.980680 0.023060
vn 0.016579 0.029573 0.999425
vn 0.031060 0.110288 0.993414
vn -0.046937 0.097080 0.994169
vn 0.972501 0.232346 -0.016033
vn 0.229585 0.973285 -0.002594
vn -0.695269 0.718327 -0.024629
vn -0.783547 0.619348 -0.049622
vn 0.094910 0.044022 0.994512
vn 0.080457 -0.036495 0.996090
vn -0.062013 0.014726 0.997967
vn 0.001624 -0.052836 0.998602
vn -0.801459 -0.593816 -0.071029
vn -0.240780 -0.937173 0.252452
vn -0.101280 -0.988647 0.110994
vn -0.248321 -0.967405 -0.049643
vn 0.432204 -0.901564 -0.019536
vn 0.048882 -0.998259 -0.033007
vn -0.978060 -0.182811 -0.099894
vn -0.233829 -0.970987 -0.050093
vn 0.763377 -0.645878 -0.009819
vn 0.259805 0.964122 -0.054506
vn 0.950013 0.311704 -0.017755
vn 0.507476 0.696061 -0.507904
vn 0.131975 0.981190 -0.140883
vn 0.040305 0.133867 0.990179
vn 0.054152 0.212969 0.975557
vn -0.022386 0.207246 0.978033
vn 0.986396 0.163018 -0.021169
vn 0.272257 0.959498 -0.072381
vn -0.655033 0.750852 -0.084580
vn -0.747308 0.656136 -0.104959
vn 0.116936 0.140618 0.983134
vn 0.103408 0.061889 0.992712
vn -0.037140 0.125403 0.991410
vn 0.025950 0.052104 0.998305
vn 0.169749 0.985124 0.026753
vn 0.169749 0.985124 0.026753
vn 0.019407 0.063577 0.997788
vn 0.019407 0.063577 0.997788
vn 0.019407 0.063577 0.997788
vn 0.019407 0.063577 0.997788
vn 0.122922 0.982278 -0.141490
vn 0.262647 0.964884 0.003975
vn 0.122922 0.982278 -0.141490
vn 0.209219 0.977752 -0.015134
vn 0.103082 0.986739 -0.125383
vn 0.103082 0.986739 -0.125383
vn -0.100696 -0.987459 0.121592
vn -0.179429 0.958190 0.222883
vn -0.307349 0.906754 0.288675
vn -0.324653 0.944432 -0.051457
vn -0.203025 0.974034 -0.100190
vn -0.300763 0.892455 -0.336251
vn -0.206285 0.884811 -0.417800
vn -0.212311 0.918410 0.333837
vn -0.300909 0.886431 0.351703
vn -0.364321 0.929640 -0.055137
vn -0.299052 0.853809 -0.426120
vn -0.335274 0.938498 -0.082541
vn -0.325819 0.874460 0.359392
vn -0.327380 0.944874 -0.005984
vn -0.215213 0.976526 -0.009006
vn -0.302370 0.870137 -0.389146
vn -0.207771 0.900447 -0.382133
vn -0.211790 0.916513 0.339337
vn -0.308146 0.883420 0.353009
vn -0.363245 0.931682 -0.004735
vn -0.335930 0.858833 -0.386726
vn -0.341927 0.870578 0.353808
vn -0.330506 0.943678 -0.015397
vn -0.217072 0.975980 -0.018497
vn -0.304677 0.867271 -0.393716
vn -0.208964 0.897859 -0.387536
vn -0.366820 0.930184 -0.014161
vn -0.338705 0.855853 -0.390889
vn 0.173519 -0.761313 -0.624735
vn 0.193588 -0.947240 -0.255460
vn 0.230183 -0.973096 0.009952
vn 0.219962 -0.975479 0.007653
vn -0.992465 -0.121244 0.017722
vn -0.992465 -0.121244 0.017722
vn -0.992465 -0.121244 0.017722
vn -0.992465 -0.121244 0.017722
vn 0.190575 -0.933596 0.303447
vn 0.119596 -0.420846 -0.899214
vn 0.208830 -0.977938 0.005155
vn -0.050330 0.566659 0.822414
vn -0.121634 0.992350 -0.021142
vn -0.047866 0.542277 -0.838835
vn -0.993300 -0.115503 0.003712
vn -0.999473 -0.032458 0.000809
vn -0.994511 -0.073287 -0.074676
vn -0.171042 0.984667 -0.034295
vn -0.171042 0.984667 -0.034295
vn -0.016072 0.442795 0.896479
vn -0.101305 0.994611 -0.022052
vn -0.014718 0.422929 -0.906043
vn 0.117326 -0.416593 0.901491
vn 0.168313 -0.746041 0.644278
vn -0.985230 -0.155388 -0.071948
vn -0.994100 -0.074211 0.079108
vn -0.984127 -0.157262 0.082232
vn -0.980211 -0.197841 0.006667
vn 0.173543 -0.771711 -0.611838
vn 0.192194 -0.951056 -0.241978
vn 0.227966 -0.973211 0.029850
vn 0.217838 -0.975568 0.028515
vn -0.992467 -0.122414 0.004914
vn -0.992467 -0.122414 0.004914
vn -0.992467 -0.122414 0.004914
vn -0.992467 -0.122414 0.004914
vn 0.189086 -0.935089 0.299759
vn 0.120759 -0.433590 -0.892982
vn 0.206824 -0.978004 0.027064
vn -0.049082 0.564141 0.824218
vn -0.120772 0.992613 -0.011580
vn -0.048837 0.550694 -0.833278
vn -0.993132 -0.116925 0.004113
vn -0.999460 -0.032847 0.001122
vn -0.994501 -0.073468 -0.074632
vn -0.169628 0.984840 -0.036292
vn -0.169628 0.984840 -0.036292
vn -0.015286 0.440800 0.897475
vn -0.100667 0.994842 -0.012469
vn -0.015389 0.429494 -0.902939
vn 0.115714 -0.409757 0.904826
vn 0.166614 -0.739098 0.652667
vn -0.984727 -0.158723 -0.071549
vn -0.993953 -0.075804 0.079449
vn -0.984006 -0.157769 0.082709
vn -0.979707 -0.200296 0.007477
vn 0.177209 -0.815828 -0.550474
vn 0.190304 -0.964863 -0.181175
vn 0.211048 -0.968753 0.130290
vn 0.201562 -0.970362 0.133308
vn -0.992440 -0.122590 0.005784
vn -0.992440 -0.122590 0.005784
vn -0.992440 -0.122590 0.005784
vn -0.992440 -0.122590 0.005784
vn 0.188010 -0.931458 0.311510
vn 0.128594 -0.492114 -0.860980
vn 0.191340 -0.971981 0.136537
vn -0.044658 0.674350 0.737061
vn -0.102023 0.980444 -0.168286
vn -0.033667 0.470894 -0.881547
vn -0.995751 -0.091186 0.012833
vn -0.999971 -0.006948 -0.002996
vn -0.995648 -0.063631 -0.068085
vn -0.169869 0.984344 -0.047022
vn -0.169869 0.984344 -0.047022
vn -0.009379 0.548502 0.836096
vn -0.081942 0.979326 -0.184950
vn -0.005005 0.361617 -0.932313
vn 0.102513 -0.350278 0.931019
vn 0.134117 -0.680696 0.720185
vn -0.987903 -0.145914 -0.052513
vn -0.996464 -0.032243 0.077587
vn -0.988371 -0.119581 0.093929
vn -0.983829 -0.176776 0.028812
vn -0.132958 0.970372 0.201744
vn -0.139494 0.982455 -0.123788
vn -0.155033 0.895566 -0.417044
vn 0.113997 -0.866902 -0.485268
vn 0.126780 -0.987381 -0.094894
vn 0.142249 -0.976119 0.164184
vn 0.133374 -0.975687 0.173914
vn -0.999175 -0.040234 0.005553
vn -0.999175 -0.040234 0.005553
vn -0.999175 -0.040234 0.005553
vn -0.999175 -0.040234 0.005553
vn 0.144964 -0.896195 0.419310
vn 0.078379 -0.570740 -0.817381
vn 0.123805 -0.975033 0.184344
vn 0.011619 0.706830 0.707288
vn -0.038219 0.983575 -0.176407
vn -0.014348 0.437052 -0.899322
vn -0.999400 0.030079 -0.017150
vn -0.992806 0.115117 -0.032942
vn -0.993994 0.050309 -0.097188
vn -0.125327 0.970320 -0.206814
vn -0.125327 0.970320 -0.206814
vn 0.038671 0.598939 0.799860
vn -0.013576 0.977339 -0.211243
vn 0.012029 0.285516 -0.958298
vn 0.094334 -0.278185 0.955884
vn 0.099343 -0.651925 0.751748
vn -0.996071 -0.034472 -0.081574
vn -0.994232 0.096542 0.046706
vn -0.997949 0.009365 0.063326
vn -0.998369 -0.057092 -0.000817
vn 0.063154 -0.966670 0.248115
vn 0.036331 -0.901614 -0.431014
vn -0.997134 0.072599 -0.021308
vn -0.997134 0.072599 -0.021308
vn -0.997134 0.072599 -0.021308
vn -0.997134 0.072599 -0.021308
vn 0.021991 -0.632277 -0.774431
vn 0.063091 -0.971100 0.230185
vn 0.066008 0.747767 0.660672
vn -0.232472 0.947686 0.218744
vn 0.032882 0.966608 -0.254141
vn 0.012001 0.334243 -0.942411
vn -0.988760 0.142518 -0.045188
vn -0.972499 0.224792 -0.060948
vn -0.980425 0.152762 -0.124221
vn 0.089366 0.647521 0.756790
vn 0.050474 0.962552 -0.266356
vn 0.017296 0.192181 -0.981207
vn 0.096912 -0.204548 0.974047
vn 0.075970 -0.598603 0.797435
vn -0.991540 0.070519 -0.108979
vn -0.976265 0.215838 0.017916
vn -0.990803 0.130721 0.034942
vn -0.997952 0.057133 -0.028767
vn -0.980698 0.188243 -0.052883
vn -0.980698 0.188243 -0.052883
vn -0.980698 0.188243 -0.052883
vn -0.980698 0.188243 -0.052883
vn -0.043298 0.981648 -0.185721
vn -0.043298 0.981648 -0.185721
vn -0.005479 0.972536 -0.232686
vn 0.433954 0.683523 0.586924
vn 0.039851 0.773772 0.632210
vn 0.046253 0.727646 0.684392
vn 0.435874 0.640732 0.632041
vn 0.427232 0.769953 0.473967
vn 0.029739 0.860949 0.507821
vn 0.043422 0.769521 0.637144
vn 0.040540 0.858265 0.511603
vn -0.902585 0.357941 0.239205
vn -0.902992 0.385884 0.188941
vn -0.958301 -0.187590 -0.215568
vn -0.960126 -0.219527 -0.173109
vn -0.468144 -0.666931 -0.579694
vn -0.464663 -0.753228 -0.465550
vn -0.035187 -0.770106 -0.636945
vn -0.023463 -0.860648 -0.508660
vn 0.045446 0.726125 0.686059
vn -0.901311 0.345633 0.261108
vn -0.956719 -0.172848 -0.234121
vn -0.468273 -0.622897 -0.626674
vn -0.042283 -0.722261 -0.690327
vn 0.426153 0.825555 0.369935
vn 0.031809 0.916074 0.399747
vn 0.447094 0.843707 0.297095
vn 0.046637 0.943491 0.328101
vn 0.473975 0.858198 0.197088
vn 0.063756 0.971268 0.229291
vn 0.169345 0.935472 0.310184
vn 0.182792 0.962349 0.201176
vn -0.506750 -0.781279 -0.364427
vn -0.483641 -0.787729 -0.381542
vn -0.033478 -0.907427 -0.418874
vn -0.048095 -0.913397 -0.404218
vn -0.964271 -0.216798 -0.152252
vn -0.962245 -0.226653 -0.150710
vn 0.094400 0.918464 0.384073
vn -0.884635 0.444754 0.140055
vn -0.169653 -0.963372 -0.207684
vn -0.178430 -0.964211 -0.196110
vn -0.958055 -0.275454 -0.079092
vn -0.187906 -0.964891 -0.183512
vn 0.906725 0.420463 0.032571
vn 0.183278 0.978243 0.097211
vn -0.727486 0.684329 0.049587
vn -0.012322 -0.081272 0.996616
vn -0.105282 -0.123564 0.986736
vn -0.038629 -0.159653 0.986417
vn 0.953506 0.301346 0.003985
vn 0.195919 0.977283 0.080836
vn -0.820238 0.571393 0.026827
vn 0.833734 -0.538806 -0.120730
vn 0.527012 -0.832162 -0.172525
vn 0.054425 -0.118311 0.991484
vn 0.080333 -0.038297 0.996032
vn -0.078652 -0.045033 0.995885
vn 0.014160 -0.000875 0.999899
vn 0.114593 0.979786 0.163976
vn 0.071588 0.983614 0.165468
vn 0.006814 -0.121143 0.992612
vn 0.006814 -0.121143 0.992612
vn -0.008087 -0.122767 0.992403
vn -0.008087 -0.122767 0.992403
vn -0.070068 -0.979617 -0.188257
vn -0.070068 -0.979617 -0.188257
vn 0.168738 -0.966721 -0.192296
vn -0.021841 0.959413 -0.281157
vn 0.087756 -0.894899 0.437555
vn 0.039460 0.174451 0.983875
vn 0.039460 0.174451 0.983875
vn 0.039460 0.174451 0.983875
vn 0.039460 0.174451 0.983875
vn -0.364553 0.809234 0.460697
vn -0.360950 0.857525 0.366559
vn -0.352948 0.885621 0.301831
vn -0.341986 0.917114 0.204809
vn 0.444706 0.872214 0.203666
vn 0.454836 0.837549 0.302714
vn 0.072441 0.940980 0.330620
vn 0.073523 0.974722 0.210976
vn 0.453256 0.810367 0.371301
vn 0.070577 0.911660 0.404839
vn 0.448258 0.764468 0.463307
vn 0.067842 0.860208 0.505410
vn -0.349739 0.859435 0.372899
vn -0.347237 0.814484 0.464803
vn -0.348697 0.886796 0.303320
vn -0.336750 0.919099 0.204588
vn 0.441032 0.874345 0.202514
vn 0.450088 0.840510 0.301602
vn 0.071872 0.941377 0.329611
vn 0.073089 0.974945 0.210096
vn 0.446810 0.813363 0.372561
vn 0.070242 0.911147 0.406051
vn 0.439209 0.770111 0.462627
vn 0.068175 0.861314 0.503478
vn -0.371080 0.850160 0.373534
vn -0.370471 0.805676 0.462210
vn -0.368296 0.879171 0.302352
vn -0.354957 0.912451 0.203567
vn 0.431426 0.878805 0.203896
vn 0.439545 0.845379 0.303536
vn 0.037412 0.942858 0.331089
vn 0.040085 0.976677 0.210939
vn 0.048732 0.972065 0.229597
vn 0.045932 0.942029 0.332374
vn 0.433574 0.818154 0.377675
vn 0.033541 0.911414 0.410121
vn 0.038908 0.909862 0.413083
vn 0.419017 0.777203 0.469447
vn 0.028304 0.862411 0.505417
vn 0.023960 0.859004 0.511408
vn -0.688502 -0.705565 -0.167759
vn -0.343547 -0.920033 -0.188456
vn -0.061280 -0.971093 -0.230700
vn -0.062778 -0.973188 -0.221277
vn 0.270755 -0.942093 -0.197871
vn 0.616530 -0.767849 -0.174065
vn 0.009179 -0.125756 0.992019
vn 0.009179 -0.125756 0.992019
vn 0.009179 -0.125756 0.992019
vn 0.009179 -0.125756 0.992019
vn 0.008673 -0.981737 -0.190044
vn 0.008673 -0.981737 -0.190044
vn -0.926560 -0.357618 -0.116602
vn -0.064391 -0.975349 -0.211066
vn 0.883310 -0.453292 -0.119539
vn 0.871665 0.488409 0.040711
vn 0.041185 0.992599 0.114245
vn -0.003828 -0.110091 0.993914
vn -0.000549 -0.029565 0.999563
vn -0.075604 -0.069147 0.994738
vn 0.049895 0.984643 0.167299
vn 0.049895 0.984643 0.167299
vn 0.927904 0.372700 0.009407
vn 0.041336 0.994671 0.094456
vn -0.828588 0.558374 0.040752
vn -0.894297 0.447378 0.009265
vn 0.071510 -0.074611 0.994645
vn 0.069703 -0.154600 0.985515
vn -0.080581 -0.144834 0.986169
vn -0.007357 -0.185538 0.982610
vn -0.689955 -0.703964 -0.168515
vn -0.344733 -0.919527 -0.188759
vn -0.061440 -0.971268 -0.229920
vn -0.062604 -0.973379 -0.220484
vn 0.247122 -0.950619 -0.187762
vn 0.605797 -0.777644 -0.168165
vn -0.928206 -0.353085 -0.117324
vn -0.063855 -0.975557 -0.210263
vn 0.880473 -0.459135 -0.118157
vn 0.883889 0.466161 0.037882
vn 0.073263 0.990805 0.113745
vn -0.004017 -0.110505 0.993868
vn -0.000082 -0.029756 0.999557
vn -0.075625 -0.067055 0.994879
vn 0.935705 0.352704 0.007562
vn 0.073100 0.992879 0.094059
vn -0.813692 0.579682 0.043301
vn -0.884336 0.466719 0.011079
vn 0.071466 -0.077331 0.994441
vn 0.069252 -0.155688 0.985376
vn -0.081165 -0.144788 0.986128
vn -0.007866 -0.186144 0.982491
vn 0.038435 0.985267 0.166647
vn 0.038435 0.985267 0.166647
vn -0.005000 -0.126057 0.992010
vn -0.005000 -0.126057 0.992010
vn -0.005000 -0.126057 0.992010
vn -0.005000 -0.126057 0.992010
vn -0.696168 -0.696355 -0.174469
vn -0.362677 -0.910486 -0.198697
vn -0.054011 -0.971495 -0.230826
vn -0.055264 -0.973621 -0.221380
vn 0.249806 -0.949957 -0.187557
vn 0.607743 -0.776341 -0.167161
vn -0.929253 -0.349828 -0.118785
vn -0.056613 -0.975815 -0.211142
vn 0.880034 -0.460277 -0.116983
vn 0.886337 0.461396 0.038997
vn 0.073237 0.990746 0.114274
vn -0.004069 -0.110053 0.993918
vn -0.000270 -0.029570 0.999563
vn -0.075874 -0.066228 0.994916
vn 0.938118 0.346218 0.008267
vn 0.072819 0.992855 0.094537
vn -0.812603 0.581271 0.042427
vn -0.882232 0.470696 0.010598
vn 0.071408 -0.077483 0.994433
vn 0.069389 -0.155148 0.985451
vn -0.081274 -0.144160 0.986211
vn -0.007710 -0.185467 0.982620
vn 0.042885 0.985066 0.166749
vn 0.042885 0.985066 0.166749
vn -0.005401 -0.125709 0.992053
vn -0.005401 -0.125709 0.992053
vn -0.005401 -0.125709 0.992053
vn -0.005401 -0.125709 0.992053
vn 0.028451 0.985606 0.166650
vn -0.022987 -0.124362 0.991971
vn -0.022987 -0.124362 0.991971
vn -0.346351 0.696413 0.628530
vn -0.354041 0.736324 0.576612
vn 0.441020 0.690610 0.573201
vn 0.066891 0.776409 0.626670
vn 0.437787 0.648933 0.622278
vn 0.067315 0.729487 0.680675
vn -0.335117 0.745192 0.576529
vn -0.326572 0.706255 0.628136
vn 0.429441 0.702450 0.567578
vn 0.068361 0.783072 0.618162
vn 0.425039 0.663580 0.615632
vn 0.069373 0.738601 0.670564
vn -0.361686 0.740381 0.566586
vn -0.355285 0.703423 0.615605
vn 0.402354 0.715620 0.570964
vn 0.024176 0.788666 0.614346
vn 0.015228 0.787562 0.616048
vn 0.396063 0.680437 0.616554
vn 0.022837 0.746355 0.665157
vn 0.015932 0.749596 0.661704
vn -0.997185 0.074975 0.000012
vn -0.997187 0.074953 0.000021
vn -1.000000 0.000007 -0.000000
vn -1.000000 0.000007 -0.000000
vn -0.997185 0.074986 0.000001
vn -1.000000 0.000000 -0.000000
vn -0.997183 0.075003 -0.000000
vn -1.000000 -0.000012 -0.000000
vn -0.997644 0.068611 -0.000008
vn -1.000000 -0.000025 -0.000000
vn -0.998064 0.062188 -0.000015
vn 0.000325 -1.000000 -0.000000
vn 0.000325 -1.000000 0.000012
vn 0.000325 -1.000000 0.000012
vn 0.000325 -1.000000 -0.000000
vn 0.000325 -1.000000 -0.000012
vn 0.000325 -1.000000 -0.000012
vn -0.000409 -1.000000 0.000000
vn -0.000409 -1.000000 -0.000001
vn -0.000021 -1.000000 0.000005
vn -0.000021 -1.000000 -0.000000
vn 0.000366 -1.000000 0.000012
vn 0.000366 -1.000000 -0.000000
vn -0.000021 -1.000000 -0.000005
vn 0.000366 -1.000000 -0.000012
vn -0.000409 -1.000000 0.000001
vn -0.000409 -1.000000 -0.000000
vn -0.000409 -1.000000 0.000005
vn -0.000409 -1.000000 0.000005
vn -0.000409 -1.000000 -0.000000
vn -0.000409 -1.000000 -0.000005
vn -0.000409 -1.000000 -0.000005
vn 0.011195 0.007423 -0.999910
vn 0.011195 0.007423 -0.999910
vn 0.009700 0.013054 -0.999868
vn 0.009700 0.013054 -0.999868
vn -0.026481 -0.078955 0.996526
vn -0.021044 -0.049327 0.998561
vn -0.021044 -0.049327 0.998561
vn -0.026481 -0.078955 0.996526
vn -0.117440 -0.858873 -0.498543
vn -0.110803 -0.874832 -0.471584
vn -0.110803 -0.874832 -0.471584
vn -0.117440 -0.858873 -0.498543
vn -0.086784 -0.902412 -0.422045
vn -0.074095 -0.914806 -0.397039
vn -0.074095 -0.914806 -0.397039
vn -0.086784 -0.902412 -0.422045
vn -0.007284 0.000629 -0.999973
vn -0.003977 -0.016963 -0.999848
vn -0.003977 -0.016963 -0.999848
vn -0.007284 0.000629 -0.999973
vn -0.005177 -0.999972 -0.005328
vn 0.000477 -0.999980 -0.006286
vn 0.000477 -0.999980 -0.006286
vn -0.005177 -0.999972 -0.005328
vn -0.000013 -1.000000 -0.000795
vn -0.000011 -1.000000 -0.000728
vn -0.000011 -1.000000 -0.000728
vn -0.000013 -1.000000 -0.000795
vn -0.000769 -0.032522 -0.999471
vn -0.000690 -0.029131 -0.999575
vn -0.000690 -0.029131 -0.999575
vn -0.000769 -0.032522 -0.999471
vn -0.049349 -0.935968 -0.348609
vn -0.023672 -0.952421 -0.303864
vn -0.023672 -0.952421 -0.303864
vn -0.049349 -0.935968 -0.348609
vn -0.015965 -0.021984 0.999631
vn -0.011856 -0.023480 0.999654
vn -0.011856 -0.023480 0.999654
vn -0.015965 -0.021984 0.999631
vn -0.087990 -0.908111 -0.409381
vn -0.045685 -0.928318 -0.368971
vn -0.045685 -0.928318 -0.368971
vn -0.087990 -0.908111 -0.409381
vn 0.010189 -0.007177 -0.999922
vn 0.010189 -0.007177 -0.999922
vn 0.013202 -0.001243 -0.999912
vn 0.013202 -0.001243 -0.999912
vn -0.999643 0.015514 0.021734
vn -0.999518 0.023645 0.020115
vn -0.999518 0.023645 0.020115
vn -0.999643 0.015514 0.021734
vn 0.995282 -0.088709 -0.039309
vn 0.995282 -0.088709 -0.039309
vn 0.997763 -0.057990 -0.033247
vn 0.997763 -0.057990 -0.033247
vn -0.465296 -0.874291 -0.138259
vn -0.465296 -0.874291 -0.138259
vn -0.437147 -0.889600 -0.132338
vn -0.437147 -0.889600 -0.132338
vn -0.396110 -0.912293 -0.104009
vn -0.396110 -0.912293 -0.104009
vn -0.366629 -0.926077 -0.089243
vn -0.366629 -0.926077 -0.089243
vn -0.999946 0.005853 -0.008585
vn -0.999946 0.005853 -0.008585
vn -0.999898 -0.013539 -0.004521
vn -0.999898 -0.013539 -0.004521
vn -0.006102 -0.999981 0.000509
vn -0.006102 -0.999981 0.000509
vn -0.000825 -1.000000 -0.000024
vn -0.000825 -1.000000 -0.000024
vn -0.000804 -1.000000 0.000045
vn -0.000804 -1.000000 0.000045
vn -0.999512 -0.031243 -0.000412
vn -0.999512 -0.031243 -0.000412
vn -0.999590 -0.028641 0.000042
vn -0.999590 -0.028641 0.000042
vn -0.294264 -0.952457 -0.078962
vn -0.294264 -0.952457 -0.078962
vn -0.215246 -0.975352 -0.048548
vn -0.215246 -0.975352 -0.048548
vn 0.999181 -0.028380 -0.028829
vn 0.999181 -0.028380 -0.028829
vn 0.999410 -0.030618 -0.015562
vn 0.999410 -0.030618 -0.015562
vn -0.371974 -0.918255 -0.135807
vn -0.371974 -0.918255 -0.135807
vn -0.336374 -0.937756 -0.086408
vn -0.336374 -0.937756 -0.086408
vn -0.999916 -0.003691 0.012447
vn -0.999708 0.002937 0.023986
vn -0.999708 0.002937 0.023986
vn -0.999916 -0.003691 0.012447
vn -0.000806 -1.000000 0.000093
vn -0.000806 -1.000000 0.000093
vn -0.000780 -1.000000 0.000345
vn -0.000780 -1.000000 0.000345
vn -0.999611 -0.027898 0.000452
vn -0.999611 -0.027898 0.000452
vn -0.999567 -0.029355 0.002037
vn -0.999567 -0.029355 0.002037
vn -0.172016 -0.985047 0.009690
vn -0.172016 -0.985047 0.009690
vn -0.220128 -0.974492 0.043701
vn -0.220128 -0.974492 0.043701
vn 0.999604 -0.028143 0.000803
vn 0.999604 -0.028143 0.000803
vn 0.999508 -0.026461 0.016858
vn 0.999508 -0.026461 0.016858
vn -0.339743 -0.940365 0.017006
vn -0.339743 -0.940365 0.017006
vn -0.342520 -0.936086 0.080141
vn -0.342520 -0.936086 0.080141
vn -0.999929 -0.004247 -0.011156
vn -0.999980 -0.006308 0.000585
vn -0.999980 -0.006308 0.000585
vn -0.999929 -0.004247 -0.011156
vn -0.000506 -0.027431 -0.999624
vn -0.000506 -0.027431 -0.999624
vn -0.009252 -0.964676 -0.263275
vn -0.009252 -0.964676 -0.263275
vn -0.003640 -0.020324 0.999787
vn -0.003640 -0.020324 0.999787
vn -0.018281 -0.934895 -0.354452
vn -0.018281 -0.934895 -0.354452
vn 0.003071 -0.010796 -0.999937
vn 0.003071 -0.010796 -0.999937
vn -0.000041 -1.000000 -0.000703
vn -0.000041 -1.000000 -0.000703
vn 0.000405 -0.028830 0.999584
vn 0.000483 -0.037233 0.999307
vn 0.000483 -0.037233 0.999307
vn 0.000405 -0.028830 0.999584
vn 0.001158 -0.015959 0.999872
vn 0.001158 -0.015959 0.999872
vn -0.003898 -0.025764 0.999661
vn -0.003898 -0.025764 0.999661
vn -0.009795 -0.040834 0.999118
vn -0.009795 -0.040834 0.999118
vn 0.999999 -0.001591 -0.000708
vn 0.999999 -0.001591 -0.000708
vn 1.000000 -0.000436 -0.000326
vn 1.000000 -0.000436 -0.000326
vn 1.000000 0.000108 0.000020
vn 1.000000 0.000108 0.000020
vn 0.999998 -0.002186 -0.000211
vn 0.999998 -0.002186 -0.000211
vn 0.999905 -0.013777 -0.000416
vn 0.999905 -0.013777 -0.000416
vn 0.999887 -0.014931 -0.001687
vn 0.999887 -0.014931 -0.001687
vn -0.000346 -0.027096 -0.999633
vn -0.000078 -0.027203 -0.999630
vn -0.000078 -0.027203 -0.999630
vn -0.000346 -0.027096 -0.999633
vn -0.005141 -0.972073 -0.234621
vn 0.003225 -0.972439 -0.233137
vn 0.003225 -0.972439 -0.233137
vn -0.005141 -0.972073 -0.234621
vn -0.000964 -0.018102 0.999836
vn -0.001287 -0.019456 0.999810
vn -0.001287 -0.019456 0.999810
vn -0.000964 -0.018102 0.999836
vn -0.009333 -0.940941 -0.338441
vn 0.007925 -0.942593 -0.333849
vn 0.007925 -0.942593 -0.333849
vn -0.009333 -0.940941 -0.338441
vn -0.000232 -0.011462 -0.999934
vn 0.000185 -0.011964 -0.999928
vn 0.000185 -0.011964 -0.999928
vn -0.000232 -0.011462 -0.999934
vn 0.000072 -1.000000 -0.000703
vn 0.000168 -1.000000 -0.000757
vn 0.000168 -1.000000 -0.000757
vn 0.000072 -1.000000 -0.000703
vn 0.001021 -0.038090 0.999274
vn 0.001094 -0.035985 0.999352
vn 0.001094 -0.035985 0.999352
vn 0.001021 -0.038090 0.999274
vn 0.002118 -0.999994 0.002892
vn 0.000974 -0.999989 0.004547
vn 0.000974 -0.999989 0.004547
vn 0.002118 -0.999994 0.002892
vn 0.002992 -0.999995 0.001295
vn 0.002992 -0.999995 0.001295
vn 0.004717 -0.999989 0.000205
vn 0.004717 -0.999989 0.000205
vn -0.001507 -0.999999 0.000015
vn -0.001507 -0.999999 0.000015
vn -0.005486 -0.999985 0.000510
vn -0.005486 -0.999985 0.000510
vn -0.999998 0.001720 0.000610
vn -0.999998 0.001720 0.000610
vn -0.999876 0.015661 0.001894
vn -0.999876 0.015661 0.001894
vn 0.004671 -0.999989 0.000196
vn 0.004671 -0.999989 0.000196
vn 0.004101 -0.999992 -0.000101
vn 0.004101 -0.999992 -0.000101
vn -0.000874 0.016172 -0.999869
vn -0.000149 0.001689 -0.999999
vn -0.000149 0.001689 -0.999999
vn -0.000874 0.016172 -0.999869
vn -0.000016 -0.999983 0.005792
vn -0.000016 -0.999983 0.005792
vn -0.000088 -0.999983 -0.005770
vn -0.000207 -0.999999 -0.001368
vn -0.000207 -0.999999 -0.001368
vn -0.000088 -0.999983 -0.005770
vn -0.003957 -0.123140 0.992382
vn 0.000059 -0.112588 0.993642
vn 0.000059 -0.112588 0.993642
vn -0.003957 -0.123140 0.992382
vn 0.999141 -0.041433 -0.000392
vn 0.999141 -0.041433 -0.000392
vn 0.996802 -0.079887 0.002087
vn 0.996802 -0.079887 0.002087
vn -0.000159 0.000689 -1.000000
vn -0.000237 0.000429 -1.000000
vn -0.000237 0.000429 -1.000000
vn -0.000159 0.000689 -1.000000
vn -0.000437 -0.999981 0.006223
vn -0.000156 -0.999984 0.005733
vn -0.000156 -0.999984 0.005733
vn -0.000437 -0.999981 0.006223
vn 0.000006 -0.999999 -0.001018
vn 0.000256 -1.000000 -0.001034
vn 0.000256 -1.000000 -0.001034
vn 0.000006 -0.999999 -0.001018
vn 0.000746 -0.113670 0.993518
vn 0.001218 -0.118036 0.993009
vn 0.001218 -0.118036 0.993009
vn 0.000746 -0.113670 0.993518
vn -0.007297 -0.999942 -0.007981
vn -0.001652 -0.999900 -0.014042
vn -0.004540 0.056449 -0.998395
vn -0.004540 0.056449 -0.998395
vn 0.000071 -1.000000 0.000351
vn 0.001075 -0.999999 0.001252
vn 0.001398 -0.999999 0.000857
vn -0.996517 0.082871 -0.009274
vn -0.996517 0.082871 -0.009274
vn -0.998442 0.055554 -0.005250
vn -0.998442 0.055554 -0.005250
vn -0.010017 -0.999889 -0.011073
vn -0.012942 -0.999914 -0.001920
vn -0.007981 -0.132544 0.991145
vn -0.007981 -0.132544 0.991145
vn 0.999990 -0.004507 -0.000217
vn 1.000000 -0.000708 -0.000043
vn 1.000000 -0.000708 -0.000043
vn 0.999990 -0.004507 -0.000217
vn -0.005388 -0.999985 0.000078
vn -0.005388 -0.999985 0.000078
vn -0.999885 0.015143 -0.000307
vn -0.999885 0.015143 -0.000307
vn -0.007482 0.082821 -0.996536
vn -0.007482 0.082821 -0.996536
vn 0.000753 -0.999998 0.001646
vn -0.999666 0.014511 -0.021398
vn -0.999666 0.014511 -0.021398
vn -0.999538 0.022993 -0.019898
vn -0.999538 0.022993 -0.019898
vn 0.995037 -0.089977 0.042495
vn 0.997738 -0.057529 0.034788
vn 0.997738 -0.057529 0.034788
vn 0.995037 -0.089977 0.042495
vn -0.456509 -0.874042 0.166281
vn -0.437938 -0.886999 0.146436
vn -0.437938 -0.886999 0.146436
vn -0.456509 -0.874042 0.166281
vn -0.393871 -0.911167 0.121000
vn -0.363666 -0.926189 0.099604
vn -0.363666 -0.926189 0.099604
vn -0.393871 -0.911167 0.121000
vn -0.999971 0.000743 0.007623
vn -0.999843 -0.017218 0.004177
vn -0.999843 -0.017218 0.004177
vn -0.999971 0.000743 0.007623
vn -0.005161 -0.999971 0.005533
vn -0.006130 -0.999981 -0.000481
vn -0.006130 -0.999981 -0.000481
vn -0.005161 -0.999971 0.005533
vn -0.000797 -1.000000 0.000318
vn -0.000797 -1.000000 0.000318
vn -0.999454 -0.032964 0.002173
vn -0.999454 -0.032964 0.002173
vn -0.294881 -0.952731 0.073139
vn -0.294881 -0.952731 0.073139
vn 0.999235 -0.025414 0.029715
vn 0.999235 -0.025414 0.029715
vn -0.381698 -0.915684 0.125814
vn -0.381698 -0.915684 0.125814
vn -0.999734 0.001956 -0.022965
vn -0.999734 0.001956 -0.022965
vn 0.011570 0.008771 0.999895
vn 0.010184 0.014564 0.999842
vn 0.010184 0.014564 0.999842
vn 0.011570 0.008771 0.999895
vn -0.027771 -0.077672 -0.996592
vn -0.027771 -0.077672 -0.996592
vn -0.021807 -0.049924 -0.998515
vn -0.021807 -0.049924 -0.998515
vn -0.133144 -0.867094 0.480022
vn -0.133144 -0.867094 0.480022
vn -0.119454 -0.881373 0.457070
vn -0.119454 -0.881373 0.457070
vn -0.099054 -0.894366 0.436230
vn -0.099054 -0.894366 0.436230
vn -0.079229 -0.907305 0.412940
vn -0.079229 -0.907305 0.412940
vn -0.008200 0.005528 0.999951
vn -0.008200 0.005528 0.999951
vn -0.004318 -0.013249 0.999903
vn -0.004318 -0.013249 0.999903
vn 0.000531 -0.999979 0.006486
vn 0.000531 -0.999979 0.006486
vn -0.000025 -1.000000 0.000867
vn -0.000025 -1.000000 0.000867
vn -0.000075 -1.000000 0.000836
vn -0.000075 -1.000000 0.000836
vn -0.000429 -0.030473 0.999536
vn -0.000429 -0.030473 0.999536
vn -0.000231 -0.028029 0.999607
vn -0.000231 -0.028029 0.999607
vn -0.053111 -0.929806 0.364199
vn -0.053111 -0.929806 0.364199
vn -0.031111 -0.950135 0.310283
vn -0.031111 -0.950135 0.310283
vn -0.016574 -0.025141 -0.999547
vn -0.016574 -0.025141 -0.999547
vn -0.012226 -0.025724 -0.999594
vn -0.012226 -0.025724 -0.999594
vn -0.091419 -0.912485 0.398766
vn -0.091419 -0.912485 0.398766
vn -0.056584 -0.931786 0.358570
vn -0.056584 -0.931786 0.358570
vn 0.010133 -0.006911 0.999925
vn 0.013246 -0.000158 0.999912
vn 0.013246 -0.000158 0.999912
vn 0.010133 -0.006911 0.999925
vn -0.000146 -1.000000 0.000820
vn -0.000146 -1.000000 0.000820
vn -0.000038 -0.027168 0.999631
vn -0.000038 -0.027168 0.999631
vn -0.011863 -0.966842 0.255099
vn -0.011863 -0.966842 0.255099
vn -0.003245 -0.019467 -0.999805
vn -0.003245 -0.019467 -0.999805
vn -0.026846 -0.938085 0.345363
vn -0.026846 -0.938085 0.345363
vn 0.003229 -0.011321 0.999931
vn 0.003229 -0.011321 0.999931
vn 0.999928 -0.011739 -0.002573
vn 0.999928 -0.011739 -0.002573
vn 0.999650 -0.026178 0.003909
vn 0.999650 -0.026178 0.003909
vn 0.999082 -0.041667 0.010007
vn 0.999082 -0.041667 0.010007
vn -0.009849 -0.022381 -0.999701
vn -0.009849 -0.022381 -0.999701
vn -0.004544 -0.006976 -0.999965
vn -0.004544 -0.006976 -0.999965
vn 0.000262 -0.001319 -0.999999
vn 0.000262 -0.001319 -0.999999
vn -0.000441 -0.018914 -0.999821
vn -0.000441 -0.018914 -0.999821
vn -0.000634 -0.030195 -0.999544
vn -0.000634 -0.030195 -0.999544
vn 0.002781 -0.999995 -0.001525
vn 0.002781 -0.999995 -0.001525
vn 0.001270 -0.999995 -0.003023
vn 0.001270 -0.999995 -0.003023
vn -0.000009 -0.999988 -0.004834
vn -0.000009 -0.999988 -0.004834
vn -0.000052 -0.999984 0.005689
vn -0.000052 -0.999984 0.005689
vn -0.000304 -0.999999 0.001335
vn -0.000304 -0.999999 0.001335
vn -0.000526 0.014463 0.999895
vn -0.000526 0.014463 0.999895
vn 0.000308 0.000987 1.000000
vn 0.000308 0.000987 1.000000
vn -0.000332 -0.999986 -0.005372
vn -0.000332 -0.999986 -0.005372
vn -0.004844 -0.125730 -0.992053
vn -0.004844 -0.125730 -0.992053
vn -0.001015 -0.119137 -0.992877
vn -0.001015 -0.119137 -0.992877
vn -0.007729 -0.999937 0.008173
vn -0.013614 -0.999905 0.002332
vn -0.998331 0.057468 0.005794
vn -0.998331 0.057468 0.005794
vn 0.000339 -1.000000 -0.000076
vn 0.001215 -0.999999 -0.001138
vn 0.000835 -0.999999 -0.001413
vn -0.008849 0.080668 0.996702
vn -0.008849 0.080668 0.996702
vn -0.005110 0.054135 0.998521
vn -0.005110 0.054135 0.998521
vn -0.010816 -0.999882 0.010913
vn -0.001844 -0.999900 0.014013
vn 0.994220 -0.107263 0.004563
vn 0.994220 -0.107263 0.004563
vn -0.008659 -0.133286 -0.991040
vn -0.008659 -0.133286 -0.991040
vn -0.996334 0.085135 0.008410
vn -0.996334 0.085135 0.008410
vn 0.001596 -0.999998 -0.000863
vn -0.011523 0.008322 0.999899
vn -0.011523 0.008322 0.999899
vn -0.010067 0.014090 0.999850
vn -0.010067 0.014090 0.999850
vn 0.028018 -0.078592 -0.996513
vn 0.021889 -0.049028 -0.998558
vn 0.021889 -0.049028 -0.998558
vn 0.028018 -0.078592 -0.996513
vn 0.132880 -0.862514 0.488275
vn 0.118481 -0.876662 0.466289
vn 0.118481 -0.876662 0.466289
vn 0.132880 -0.862514 0.488275
vn 0.096815 -0.896333 0.432683
vn 0.078863 -0.909382 0.408417
vn 0.078863 -0.909382 0.408417
vn 0.096815 -0.896333 0.432683
vn 0.007284 0.000626 0.999973
vn 0.003977 -0.016965 0.999848
vn 0.003977 -0.016965 0.999848
vn 0.007284 0.000626 0.999973
vn 0.005177 -0.999972 0.005329
vn -0.000477 -0.999980 0.006286
vn -0.000477 -0.999980 0.006286
vn 0.005177 -0.999972 0.005329
vn 0.000013 -1.000000 0.000795
vn 0.000010 -1.000000 0.000729
vn 0.000010 -1.000000 0.000729
vn 0.000013 -1.000000 0.000795
vn 0.000770 -0.032522 0.999471
vn 0.000690 -0.029100 0.999576
vn 0.000690 -0.029100 0.999576
vn 0.000770 -0.032522 0.999471
vn 0.051635 -0.931755 0.359398
vn 0.029042 -0.951135 0.307407
vn 0.029042 -0.951135 0.307407
vn 0.051635 -0.931755 0.359398
vn 0.016240 -0.021706 -0.999633
vn 0.012246 -0.021721 -0.999689
vn 0.012246 -0.021721 -0.999689
vn 0.016240 -0.021706 -0.999633
vn 0.093006 -0.907826 0.408904
vn 0.059084 -0.927617 0.368831
vn 0.059084 -0.927617 0.368831
vn 0.093006 -0.907826 0.408904
vn -0.010143 -0.006833 0.999925
vn -0.010143 -0.006833 0.999925
vn -0.013293 -0.000545 0.999912
vn -0.013293 -0.000545 0.999912
vn 0.999622 0.016820 -0.021752
vn 0.999478 0.024956 -0.020510
vn 0.999478 0.024956 -0.020510
vn 0.999622 0.016820 -0.021752
vn -0.995227 -0.088213 0.041745
vn -0.995227 -0.088213 0.041745
vn -0.997744 -0.057746 0.034255
vn -0.997744 -0.057746 0.034255
vn 0.448170 -0.878339 0.166324
vn 0.448170 -0.878339 0.166324
vn 0.428626 -0.891568 0.146241
vn 0.428626 -0.891568 0.146241
vn 0.396030 -0.909869 0.123690
vn 0.396030 -0.909869 0.123690
vn 0.367013 -0.924933 0.098995
vn 0.367013 -0.924933 0.098995
vn 0.999948 0.005508 0.008585
vn 0.999948 0.005508 0.008585
vn 0.999898 -0.013545 0.004510
vn 0.999898 -0.013545 0.004510
vn 0.006103 -0.999981 -0.000509
vn 0.006103 -0.999981 -0.000509
vn 0.000825 -1.000000 0.000024
vn 0.000825 -1.000000 0.000024
vn 0.000804 -1.000000 -0.000045
vn 0.000804 -1.000000 -0.000045
vn 0.999517 -0.031077 0.000416
vn 0.999517 -0.031077 0.000416
vn 0.999589 -0.028662 -0.000030
vn 0.999589 -0.028662 -0.000030
vn 0.303770 -0.950462 0.065920
vn 0.303770 -0.950462 0.065920
vn 0.233621 -0.971401 0.042442
vn 0.233621 -0.971401 0.042442
vn -0.999214 -0.028396 0.027675
vn -0.999214 -0.028396 0.027675
vn -0.999404 -0.030965 0.015253
vn -0.999404 -0.030965 0.015253
vn 0.373183 -0.921008 0.111710
vn 0.373183 -0.921008 0.111710
vn 0.336886 -0.938523 0.075384
vn 0.336886 -0.938523 0.075384
vn 0.999918 -0.003217 -0.012377
vn 0.999713 0.003930 -0.023635
vn 0.999713 0.003930 -0.023635
vn 0.999918 -0.003217 -0.012377
vn 0.000804 -1.000000 -0.000093
vn 0.000804 -1.000000 -0.000093
vn 0.000780 -1.000000 -0.000345
vn 0.000780 -1.000000 -0.000345
vn 0.999612 -0.027856 -0.000450
vn 0.999612 -0.027856 -0.000450
vn 0.999571 -0.029234 -0.002034
vn 0.999571 -0.029234 -0.002034
vn 0.176857 -0.984134 -0.014235
vn 0.176857 -0.984134 -0.014235
vn 0.229730 -0.972392 -0.040956
vn 0.229730 -0.972392 -0.040956
vn -0.999618 -0.027629 -0.000679
vn -0.999618 -0.027629 -0.000679
vn -0.999537 -0.025684 -0.016307
vn -0.999537 -0.025684 -0.016307
vn 0.339591 -0.940220 -0.025775
vn 0.339591 -0.940220 -0.025775
vn 0.342444 -0.936517 -0.075288
vn 0.342444 -0.936517 -0.075288
vn 0.999934 -0.004340 0.010643
vn 0.999977 -0.006736 -0.000993
vn 0.999977 -0.006736 -0.000993
vn 0.999934 -0.004340 0.010643
vn 0.000506 -0.027373 0.999625
vn 0.000506 -0.027373 0.999625
vn 0.012087 -0.966805 0.255228
vn 0.012087 -0.966805 0.255228
vn 0.003796 -0.016696 -0.999853
vn 0.003796 -0.016696 -0.999853
vn 0.026505 -0.934533 0.354888
vn 0.026505 -0.934533 0.354888
vn -0.003085 -0.010431 0.999941
vn -0.003085 -0.010431 0.999941
vn 0.000040 -1.000000 0.000704
vn 0.000040 -1.000000 0.000704
vn -0.000408 -0.028825 -0.999584
vn -0.000484 -0.037288 -0.999304
vn -0.000484 -0.037288 -0.999304
vn -0.000408 -0.028825 -0.999584
vn -0.001156 -0.015895 -0.999873
vn -0.001156 -0.015895 -0.999873
vn 0.003902 -0.025730 -0.999661
vn 0.003902 -0.025730 -0.999661
vn 0.009795 -0.040833 -0.999118
vn 0.009795 -0.040833 -0.999118
vn -0.999999 -0.001591 0.000654
vn -0.999999 -0.001591 0.000654
vn -1.000000 -0.000556 0.000299
vn -1.000000 -0.000556 0.000299
vn -1.000000 -0.000012 -0.000020
vn -1.000000 -0.000012 -0.000020
vn -0.999998 -0.002138 0.000213
vn -0.999998 -0.002138 0.000213
vn -0.999902 -0.013980 0.000417
vn -0.999902 -0.013980 0.000417
vn -0.999881 -0.015335 0.001681
vn -0.999881 -0.015335 0.001681
vn 0.000347 -0.027099 0.999633
vn 0.000076 -0.027180 0.999631
vn 0.000076 -0.027180 0.999631
vn 0.000347 -0.027099 0.999633
vn 0.004954 -0.975328 0.220706
vn -0.003502 -0.975545 0.219771
vn -0.003502 -0.975545 0.219771
vn 0.004954 -0.975328 0.220706
vn 0.000918 -0.013993 -0.999902
vn 0.001319 -0.014839 -0.999889
vn 0.001319 -0.014839 -0.999889
vn 0.000918 -0.013993 -0.999902
vn 0.008811 -0.940871 0.338650
vn -0.008350 -0.942423 0.334318
vn -0.008350 -0.942423 0.334318
vn 0.008811 -0.940871 0.338650
vn 0.000219 -0.010748 0.999942
vn -0.000170 -0.011387 0.999935
vn -0.000170 -0.011387 0.999935
vn 0.000219 -0.010748 0.999942
vn -0.000072 -1.000000 0.000704
vn -0.000171 -1.000000 0.000759
vn -0.000171 -1.000000 0.000759
vn -0.000072 -1.000000 0.000704
vn -0.001021 -0.038119 -0.999273
vn -0.001096 -0.035886 -0.999355
vn -0.001096 -0.035886 -0.999355
vn -0.001021 -0.038119 -0.999273
vn -0.002116 -0.999994 -0.002892
vn -0.000984 -0.999989 -0.004528
vn -0.000984 -0.999989 -0.004528
vn -0.002116 -0.999994 -0.002892
vn -0.002992 -0.999995 -0.001295
vn -0.002992 -0.999995 -0.001295
vn -0.004715 -0.999989 -0.000205
vn -0.004715 -0.999989 -0.000205
vn 0.001506 -0.999999 -0.000015
vn 0.001506 -0.999999 -0.000015
vn 0.005486 -0.999985 -0.000510
vn 0.005486 -0.999985 -0.000510
vn 0.999999 0.001605 -0.000610
vn 0.999999 0.001605 -0.000610
vn 0.999875 0.015720 -0.001893
vn 0.999875 0.015720 -0.001893
vn -0.004667 -0.999989 -0.000196
vn -0.004667 -0.999989 -0.000196
vn -0.004100 -0.999992 0.000101
vn -0.004100 -0.999992 0.000101
vn 0.000875 0.016175 0.999869
vn 0.000149 0.001690 0.999999
vn 0.000149 0.001690 0.999999
vn 0.000875 0.016175 0.999869
vn 0.000009 -0.999983 -0.005753
vn 0.000009 -0.999983 -0.005753
vn 0.000088 -0.999983 0.005779
vn 0.000207 -0.999999 0.001386
vn 0.000207 -0.999999 0.001386
vn 0.000088 -0.999983 0.005779
vn 0.003961 -0.123140 -0.992381
vn -0.000059 -0.112612 -0.993639
vn -0.000059 -0.112612 -0.993639
vn 0.003961 -0.123140 -0.992381
vn -0.999127 -0.041772 0.000391
vn -0.999127 -0.041772 0.000391
vn -0.996770 -0.080283 -0.002084
vn -0.996770 -0.080283 -0.002084
vn 0.000160 0.000720 1.000000
vn 0.000237 0.000490 1.000000
vn 0.000237 0.000490 1.000000
vn 0.000160 0.000720 1.000000
vn 0.000431 -0.999981 -0.006204
vn 0.000126 -0.999984 -0.005737
vn 0.000126 -0.999984 -0.005737
vn 0.000431 -0.999981 -0.006204
vn -0.000006 -0.999999 0.001027
vn -0.000258 -0.999999 0.001037
vn -0.000258 -0.999999 0.001037
vn -0.000006 -0.999999 0.001027
vn -0.000746 -0.113753 -0.993509
vn -0.001223 -0.118062 -0.993006
vn -0.001223 -0.118062 -0.993006
vn -0.000746 -0.113753 -0.993509
vn 0.007298 -0.999942 0.007981
vn 0.001653 -0.999900 0.014042
vn 0.004540 0.056447 0.998395
vn 0.004540 0.056447 0.998395
vn -0.000071 -1.000000 -0.000351
vn -0.001075 -0.999999 -0.001251
vn -0.001398 -0.999999 -0.000857
vn 0.996583 0.082073 0.009274
vn 0.996583 0.082073 0.009274
vn 0.998478 0.054909 0.005250
vn 0.998478 0.054909 0.005250
vn 0.010017 -0.999889 0.011073
vn 0.012942 -0.999914 0.001920
vn 0.007990 -0.132534 -0.991146
vn 0.007990 -0.132534 -0.991146
vn -0.999991 -0.004314 0.000213
vn -1.000000 -0.000531 0.000029
vn -1.000000 -0.000531 0.000029
vn -0.999991 -0.004314 0.000213
vn 0.005389 -0.999985 -0.000077
vn 0.005389 -0.999985 -0.000077
vn 0.999891 0.014744 0.000311
vn 0.999891 0.014744 0.000311
vn 0.007481 0.082813 0.996537
vn 0.007481 0.082813 0.996537
vn -0.000753 -0.999998 -0.001646
vn 0.999638 0.016413 0.021313
vn 0.999638 0.016413 0.021313
vn 0.999512 0.024285 0.019647
vn 0.999512 0.024285 0.019647
vn -0.995217 -0.089502 -0.039139
vn -0.997816 -0.057277 -0.032898
vn -0.997816 -0.057277 -0.032898
vn -0.995217 -0.089502 -0.039139
vn 0.474679 -0.869349 -0.137520
vn 0.446926 -0.884789 -0.131930
vn 0.446926 -0.884789 -0.131930
vn 0.474679 -0.869349 -0.137520
vn 0.392904 -0.913973 -0.101395
vn 0.362350 -0.927716 -0.089701
vn 0.362350 -0.927716 -0.089701
vn 0.392904 -0.913973 -0.101395
vn 0.999971 0.000851 -0.007623
vn 0.999842 -0.017294 -0.004177
vn 0.999842 -0.017294 -0.004177
vn 0.999971 0.000851 -0.007623
vn 0.005161 -0.999971 -0.005533
vn 0.006130 -0.999981 0.000481
vn 0.006130 -0.999981 0.000481
vn 0.005161 -0.999971 -0.005533
vn 0.000797 -1.000000 -0.000318
vn 0.000797 -1.000000 -0.000318
vn 0.999452 -0.033037 -0.002173
vn 0.999452 -0.033037 -0.002173
vn 0.298779 -0.952064 -0.065616
vn 0.298779 -0.952064 -0.065616
vn -0.999266 -0.025151 -0.028891
vn -0.999266 -0.025151 -0.028891
vn 0.382036 -0.917352 -0.111869
vn 0.382036 -0.917352 -0.111869
vn 0.999736 0.003484 0.022732
vn 0.999736 0.003484 0.022732
vn -0.011300 0.008274 -0.999902
vn -0.009815 0.013974 -0.999854
vn -0.009815 0.013974 -0.999854
vn -0.011300 0.008274 -0.999902
vn 0.026225 -0.077253 0.996667
vn 0.026225 -0.077253 0.996667
vn 0.020944 -0.049371 0.998561
vn 0.020944 -0.049371 0.998561
vn 0.117765 -0.864367 -0.488878
vn 0.117765 -0.864367 -0.488878
vn 0.111796 -0.880178 -0.461290
vn 0.111796 -0.880178 -0.461290
vn 0.088830 -0.901277 -0.424040
vn 0.088830 -0.901277 -0.424040
vn 0.074378 -0.913563 -0.399838
vn 0.074378 -0.913563 -0.399838
vn 0.008200 0.005525 -0.999951
vn 0.008200 0.005525 -0.999951
vn 0.004318 -0.013251 -0.999903
vn 0.004318 -0.013251 -0.999903
vn -0.000531 -0.999979 -0.006486
vn -0.000531 -0.999979 -0.006486
vn 0.000025 -1.000000 -0.000866
vn 0.000025 -1.000000 -0.000866
vn 0.000078 -1.000000 -0.000835
vn 0.000078 -1.000000 -0.000835
vn 0.000430 -0.030474 -0.999535
vn 0.000430 -0.030474 -0.999535
vn 0.000232 -0.028109 -0.999605
vn 0.000232 -0.028109 -0.999605
vn 0.050738 -0.934849 -0.351402
vn 0.050738 -0.934849 -0.351402
vn 0.025972 -0.952033 -0.304891
vn 0.025972 -0.952033 -0.304891
vn 0.016220 -0.024470 0.999569
vn 0.016220 -0.024470 0.999569
vn 0.011532 -0.027431 0.999557
vn 0.011532 -0.027431 0.999557
vn 0.086042 -0.913116 -0.398516
vn 0.086042 -0.913116 -0.398516
vn 0.043804 -0.932666 -0.358072
vn 0.043804 -0.932666 -0.358072
vn -0.009950 -0.006273 -0.999931
vn -0.013246 -0.000272 -0.999912
vn -0.013246 -0.000272 -0.999912
vn -0.009950 -0.006273 -0.999931
vn 0.000146 -1.000000 -0.000818
vn 0.000146 -1.000000 -0.000818
vn 0.000038 -0.027300 -0.999627
vn 0.000038 -0.027300 -0.999627
vn 0.009289 -0.965074 -0.261814
vn 0.009289 -0.965074 -0.261814
vn 0.002858 -0.024040 0.999707
vn 0.002858 -0.024040 0.999707
vn 0.019450 -0.938617 -0.344414
vn 0.019450 -0.938617 -0.344414
vn -0.002939 -0.010974 -0.999936
vn -0.002939 -0.010974 -0.999936
vn -0.999921 -0.012284 0.002583
vn -0.999921 -0.012284 0.002583
vn -0.999638 -0.026621 -0.003904
vn -0.999638 -0.026621 -0.003904
vn -0.999072 -0.041884 -0.010030
vn -0.999072 -0.041884 -0.010030
vn 0.009849 -0.022380 0.999701
vn 0.009849 -0.022380 0.999701
vn 0.004544 -0.006976 0.999965
vn 0.004544 -0.006976 0.999965
vn -0.000262 -0.001319 0.999999
vn -0.000262 -0.001319 0.999999
vn 0.000442 -0.019002 0.999819
vn 0.000442 -0.019002 0.999819
vn 0.000633 -0.030381 0.999538
vn 0.000633 -0.030381 0.999538
vn -0.002781 -0.999995 0.001525
vn -0.002781 -0.999995 0.001525
vn -0.001267 -0.999995 0.003022
vn -0.001267 -0.999995 0.003022
vn 0.000038 -0.999988 0.004831
vn 0.000038 -0.999988 0.004831
vn 0.000054 -0.999984 -0.005685
vn 0.000054 -0.999984 -0.005685
vn 0.000304 -0.999999 -0.001327
vn 0.000304 -0.999999 -0.001327
vn 0.000529 0.014434 -0.999896
vn 0.000529 0.014434 -0.999896
vn -0.000308 0.000958 -1.000000
vn -0.000308 0.000958 -1.000000
vn 0.000339 -0.999986 0.005364
vn 0.000339 -0.999986 0.005364
vn 0.004854 -0.125815 0.992042
vn 0.004854 -0.125815 0.992042
vn 0.001013 -0.119262 0.992862
vn 0.001013 -0.119262 0.992862
vn 0.007728 -0.999937 -0.008173
vn 0.013613 -0.999905 -0.002332
vn 0.998331 0.057455 -0.005794
vn 0.998331 0.057455 -0.005794
vn -0.000339 -1.000000 0.000076
vn -0.001215 -0.999999 0.001138
vn -0.000835 -0.999999 0.001413
vn 0.008847 0.080533 -0.996713
vn 0.008847 0.080533 -0.996713
vn 0.005112 0.054038 -0.998526
vn 0.005112 0.054038 -0.998526
vn 0.010814 -0.999882 -0.010912
vn 0.001844 -0.999900 -0.014012
vn -0.994202 -0.107429 -0.004549
vn -0.994202 -0.107429 -0.004549
vn 0.008677 -0.133281 0.991040
vn 0.008677 -0.133281 0.991040
vn 0.996343 0.085026 -0.008410
vn 0.996343 0.085026 -0.008410
vn -0.001596 -0.999998 0.000863
vn 0.999982 -0.005987 -0.000630
vn 0.999982 -0.005987 -0.000630
vn 0.337825 -0.940804 0.027614
vn 0.337825 -0.940804 0.027614
vn -0.999526 -0.030781 0.000987
vn -0.999526 -0.030781 0.000987
vn 0.178769 -0.983796 0.013669
vn 0.178769 -0.983796 0.013669
vn 0.999613 -0.027825 -0.000453
vn 0.999613 -0.027825 -0.000453
vn 0.000814 -1.000000 -0.000093
vn 0.000814 -1.000000 -0.000093
vn -0.999974 -0.007139 0.000414
vn -0.999974 -0.007139 0.000414
vn -0.005007 -0.999987 -0.000196
vn -0.005007 -0.999987 -0.000196
vn 0.999998 0.001697 -0.000604
vn 0.999998 0.001697 -0.000604
vn 0.001562 -0.999999 -0.000015
vn 0.001562 -0.999999 -0.000015
vn -0.999814 -0.019281 0.000398
vn -0.999814 -0.019281 0.000398
vn -0.999982 -0.006055 0.000360
vn -0.999982 -0.006055 0.000360
vn -0.337822 -0.941102 -0.014277
vn -0.337822 -0.941102 -0.014277
vn 0.999537 -0.030433 -0.000166
vn 0.999537 -0.030433 -0.000166
vn -0.169636 -0.985484 -0.006697
vn -0.169636 -0.985484 -0.006697
vn -0.999614 -0.027780 0.000450
vn -0.999614 -0.027780 0.000450
vn -0.000815 -1.000000 0.000093
vn -0.000815 -1.000000 0.000093
vn 0.999974 -0.007179 -0.000411
vn 0.999974 -0.007179 -0.000411
vn 0.005011 -0.999987 0.000196
vn 0.005011 -0.999987 0.000196
vn -0.999998 0.001983 0.000607
vn -0.999998 0.001983 0.000607
vn -0.001562 -0.999999 0.000015
vn -0.001562 -0.999999 0.000015
vn 0.999813 -0.019359 -0.000392
vn 0.999813 -0.019359 -0.000392
vn 0.734631 0.678467 -0.000643
vn 0.734631 0.678467 -0.000643
vn 0.649323 0.301979 -0.697988
vn 0.649323 0.301979 -0.697988
vn 0.637934 0.309465 0.705175
vn 0.637934 0.309465 0.705175
vn 0.528898 -0.448302 0.720620
vn 0.528898 -0.448302 0.720620
vn 0.510072 -0.860126 -0.003012
vn 0.510072 -0.860126 -0.003012
vn 0.537677 -0.445185 -0.716040
vn 0.537677 -0.445185 -0.716040
vn -0.996280 0.086179 -0.000056
vn -0.996283 0.086139 -0.000050
vn -0.996284 0.086126 0.000143
vn -0.996280 0.086170 -0.000250
vn 0.081300 0.996685 -0.003084
vn 0.081300 0.996685 -0.003084
vn 0.037885 0.465751 -0.884105
vn 0.037885 0.465751 -0.884105
vn -0.039963 -0.487927 -0.871969
vn -0.039963 -0.487927 -0.871969
vn -0.081413 -0.996669 -0.004818
vn -0.081413 -0.996669 -0.004818
vn -0.040357 -0.492741 0.869240
vn -0.040357 -0.492741 0.869240
vn 0.038051 0.467825 0.883002
vn 0.038051 0.467825 0.883002
vn -0.996274 0.086243 -0.000061
vn -0.996278 0.086195 0.000127
vn -0.996277 0.086204 -0.000245
vn 0.636925 0.770914 -0.004360
vn 0.022302 0.999736 -0.005478
vn -0.000777 0.477169 -0.878811
vn 0.590241 0.364045 -0.720477
vn 0.591495 0.371269 0.715746
vn -0.000401 0.486378 0.873748
vn 0.548196 -0.417419 0.724736
vn -0.044651 -0.473389 0.879721
vn 0.550746 -0.834661 0.004581
vn -0.069882 -0.997539 0.005673
vn 0.548864 -0.424869 -0.719885
vn -0.045154 -0.482699 -0.874621
vn 0.056968 0.998364 -0.004866
vn 0.056968 0.998364 -0.004866
vn 0.027387 0.481523 -0.876005
vn 0.027387 0.481523 -0.876005
vn -0.027942 -0.486890 -0.873016
vn -0.027942 -0.486890 -0.873016
vn -0.057114 -0.998355 0.005104
vn -0.057114 -0.998355 0.005104
vn -0.027388 -0.477122 0.878411
vn -0.027388 -0.477122 0.878411
vn 0.027929 0.491058 0.870679
vn 0.027929 0.491058 0.870679
vn 0.074290 0.997222 -0.005473
vn -0.570357 0.821385 -0.004314
vn -0.569550 0.419908 -0.706605
vn 0.041422 0.475476 -0.878753
vn -0.017736 -0.482695 -0.875609
vn -0.617419 -0.350903 -0.704032
vn -0.049067 -0.998779 0.005692
vn -0.665459 -0.746421 0.004463
vn -0.616130 -0.343802 0.708650
vn -0.017343 -0.473426 0.880663
vn 0.041913 0.484639 0.873710
vn -0.570177 0.427023 0.701819
vn 0.634020 0.338685 -0.695206
vn 0.683804 0.729654 -0.004198
vn 0.587454 -0.418827 -0.692446
vn 0.586791 -0.809727 0.004407
vn 0.586808 -0.411837 0.697170
vn 0.635351 0.345463 0.690641
vn 0.019874 0.482095 -0.875893
vn 0.041329 0.999134 -0.004867
vn 0.041329 0.999134 -0.004867
vn 0.019874 0.482095 -0.875893
vn -0.020294 -0.487481 -0.872898
vn -0.020294 -0.487481 -0.872898
vn -0.041454 -0.999127 0.005095
vn -0.041454 -0.999127 0.005095
vn -0.019889 -0.477697 0.878299
vn -0.019889 -0.477697 0.878299
vn 0.020268 0.491654 0.870555
vn 0.020268 0.491654 0.870555
vn -0.667262 0.744820 -0.002290
vn -0.667262 0.744820 -0.002290
vn -0.609952 0.388383 -0.690737
vn -0.609952 0.388383 -0.690737
vn -0.591734 -0.355499 -0.723513
vn -0.591734 -0.355499 -0.723513
vn -0.623288 -0.781954 0.007789
vn -0.623288 -0.781954 0.007789
vn -0.574632 -0.364765 0.732629
vn -0.574632 -0.364765 0.732629
vn -0.609097 0.395765 0.687292
vn -0.609097 0.395765 0.687292
vn 0.020248 0.999783 -0.004975
vn 0.020248 0.999783 -0.004975
vn 0.009735 0.482548 -0.875815
vn 0.009735 0.482548 -0.875815
vn -0.009942 -0.488192 -0.872679
vn -0.009942 -0.488192 -0.872679
vn -0.020210 -0.999782 0.005344
vn -0.020210 -0.999782 0.005344
vn -0.009693 -0.478186 0.878205
vn -0.009693 -0.478186 0.878205
vn 0.009906 0.492209 0.870421
vn 0.009906 0.492209 0.870421
vn 0.512958 0.403712 -0.757556
vn 0.577666 0.816183 -0.012142
vn 0.000114 0.999960 -0.008991
vn -0.004837 0.471792 -0.881697
vn 0.496383 -0.414808 -0.762587
vn 0.004643 -0.476456 -0.879186
vn 0.547365 -0.836822 -0.010983
vn 0.547365 -0.836822 -0.010983
vn 0.554414 -0.400422 0.729581
vn -0.005194 -0.482257 0.876014
vn 0.568206 0.400716 0.718727
vn 0.005159 0.485511 0.874215
vn -0.597777 0.801651 -0.004257
vn -0.588474 0.406497 -0.698898
vn -0.619133 -0.358242 -0.698811
vn -0.658131 -0.752891 0.004446
vn -0.617749 -0.351297 0.703546
vn -0.589106 0.413479 0.694255
vn -0.734709 0.678382 0.000615
vn -0.734709 0.678382 0.000615
vn -0.649333 0.301934 0.698000
vn -0.649333 0.301934 0.698000
vn -0.637927 0.309396 -0.705212
vn -0.637927 0.309396 -0.705212
vn -0.528921 -0.448302 -0.720602
vn -0.528921 -0.448302 -0.720602
vn -0.510188 -0.860057 0.003037
vn -0.510188 -0.860057 0.003037
vn -0.537720 -0.445131 0.716041
vn -0.537720 -0.445131 0.716041
vn 0.996287 0.086097 0.000099
vn 0.996287 0.086092 0.000093
vn 0.996288 0.086083 -0.000099
vn 0.996289 0.086070 0.000292
vn -0.081298 0.996685 0.003088
vn -0.081298 0.996685 0.003088
vn -0.037885 0.465747 0.884107
vn -0.037885 0.465747 0.884107
vn 0.039960 -0.487930 0.871968
vn 0.039960 -0.487930 0.871968
vn 0.081412 -0.996669 0.004828
vn 0.081412 -0.996669 0.004828
vn 0.040356 -0.492744 -0.869238
vn 0.040356 -0.492744 -0.869238
vn -0.038053 0.467832 -0.882998
vn -0.038053 0.467832 -0.882998
vn 0.996283 0.086137 0.000105
vn 0.996287 0.086097 -0.000081
vn 0.996286 0.086102 0.000287
vn -0.637013 0.770841 0.004336
vn -0.022362 0.999735 0.005476
vn 0.000764 0.477146 0.878824
vn -0.590287 0.364029 0.720448
vn -0.591550 0.371242 -0.715715
vn 0.000363 0.486354 -0.873762
vn -0.548238 -0.417355 -0.724742
vn 0.044628 -0.473358 -0.879739
vn -0.550801 -0.834625 -0.004577
vn 0.069903 -0.997538 -0.005702
vn -0.548833 -0.424830 0.719932
vn 0.045196 -0.482678 0.874631
vn -0.056967 0.998364 0.004863
vn -0.056967 0.998364 0.004863
vn -0.027386 0.481524 0.876005
vn -0.027386 0.481524 0.876005
vn 0.027944 -0.486894 0.873014
vn 0.027944 -0.486894 0.873014
vn 0.057114 -0.998355 -0.005100
vn 0.057114 -0.998355 -0.005100
vn 0.027388 -0.477124 -0.878409
vn 0.027388 -0.477124 -0.878409
vn -0.027930 0.491060 -0.870678
vn -0.027930 0.491060 -0.870678
vn -0.074273 0.997223 0.005488
vn 0.570358 0.821385 0.004295
vn 0.569512 0.419926 0.706624
vn -0.041415 0.475472 0.878756
vn 0.017720 -0.482690 0.875612
vn 0.617379 -0.350944 0.704046
vn 0.049076 -0.998779 -0.005673
vn 0.665496 -0.746388 -0.004464
vn 0.616248 -0.343741 -0.708577
vn 0.017413 -0.473428 -0.880660
vn -0.041861 0.484663 -0.873699
vn 0.570272 0.426971 -0.701773
vn -0.633972 0.338691 0.695247
vn -0.683764 0.729691 0.004240
vn -0.587426 -0.418803 0.692485
vn -0.586815 -0.809710 -0.004375
vn -0.586840 -0.411847 -0.697137
vn -0.635382 0.345508 -0.690590
vn -0.019873 0.482100 0.875891
vn -0.041329 0.999134 0.004866
vn -0.041329 0.999134 0.004866
vn -0.019873 0.482100 0.875891
vn 0.020295 -0.487479 0.872899
vn 0.020295 -0.487479 0.872899
vn 0.041453 -0.999127 -0.005098
vn 0.041453 -0.999127 -0.005098
vn 0.019887 -0.477702 -0.878297
vn 0.019887 -0.477702 -0.878297
vn -0.020269 0.491648 -0.870558
vn -0.020269 0.491648 -0.870558
vn 0.667317 0.744770 0.002307
vn 0.667317 0.744770 0.002307
vn 0.609941 0.388375 0.690751
vn 0.609941 0.388375 0.690751
vn 0.591691 -0.355510 0.723543
vn 0.591691 -0.355510 0.723543
vn 0.623157 -0.782059 -0.007762
vn 0.623157 -0.782059 -0.007762
vn 0.574554 -0.364828 -0.732658
vn 0.574554 -0.364828 -0.732658
vn 0.609137 0.395727 -0.687279
vn 0.609137 0.395727 -0.687279
vn -0.020248 0.999784 0.004747
vn -0.020248 0.999784 0.004747
vn -0.009715 0.482641 0.875764
vn -0.009715 0.482641 0.875764
vn 0.009889 -0.487976 0.872801
vn 0.009889 -0.487976 0.872801
vn 0.020210 -0.999784 -0.004837
vn 0.020210 -0.999784 -0.004837
vn 0.009747 -0.478402 -0.878087
vn 0.009747 -0.478402 -0.878087
vn -0.009925 0.492110 -0.870477
vn -0.009925 0.492110 -0.870477
vn -0.560345 0.400942 0.724748
vn -0.577447 0.816424 -0.002537
vn -0.562308 -0.399734 0.723894
vn -0.548142 -0.836133 -0.020534
vn -0.548142 -0.836133 -0.020534
vn -0.488896 -0.414444 -0.767605
vn -0.520719 0.404070 -0.752050
vn 0.597797 0.801636 0.004278
vn 0.588492 0.406453 0.698908
vn 0.619172 -0.358244 0.698775
vn 0.658183 -0.752844 -0.004496
vn 0.617751 -0.351296 -0.703545
vn 0.589113 0.413445 -0.694268
vn 0.540243 0.625631 -0.562782
vn 0.540243 0.625631 -0.562782
vn -0.018718 0.242799 -0.969896
vn -0.018718 0.242799 -0.969896
vn 0.954194 0.297099 0.035291
vn 0.954194 0.297099 0.035291
vn 0.891824 -0.424067 0.157534
vn 0.891824 -0.424067 0.157534
vn 0.383134 -0.857530 -0.343295
vn 0.383134 -0.857530 -0.343295
vn -0.111404 -0.466397 -0.877532
vn -0.111404 -0.466397 -0.877532
vn -0.708487 0.117282 0.695910
vn -0.708530 0.116996 0.695915
vn -0.708342 0.117222 0.696068
vn -0.708671 0.117161 0.695743
vn 0.060047 0.992226 -0.109002
vn 0.060047 0.992226 -0.109002
vn -0.594633 0.421425 -0.684699
vn -0.594633 0.421425 -0.684699
vn -0.644616 -0.501260 -0.577243
vn -0.644616 -0.501260 -0.577243
vn -0.065719 -0.992474 0.103329
vn -0.065719 -0.992474 0.103329
vn 0.582820 -0.448592 0.677558
vn 0.582820 -0.448592 0.677558
vn 0.650517 0.481927 0.587004
vn 0.650517 0.481927 0.587004
vn -0.708448 0.117462 0.695920
vn -0.708234 0.117446 0.696140
vn -0.708697 0.117403 0.695676
vn 0.413537 0.791274 -0.450414
vn -0.069196 0.997499 0.014392
vn -0.657588 0.430798 -0.618055
vn -0.112181 0.339350 -0.933947
vn 0.911106 0.396602 0.112215
vn 0.577560 0.497173 0.647491
vn 0.926886 -0.360490 0.104543
vn 0.626755 -0.428312 0.650943
vn 0.476917 -0.767430 -0.428486
vn 0.035068 -0.999188 0.019843
vn -0.061546 -0.410838 -0.909629
vn -0.611138 -0.495171 -0.617508
vn 0.011008 0.997919 -0.063527
vn 0.011008 0.997919 -0.063527
vn -0.609841 0.439053 -0.659792
vn -0.609841 0.439053 -0.659792
vn -0.622215 -0.502011 -0.600694
vn -0.622215 -0.502011 -0.600694
vn -0.012014 -0.997813 0.064993
vn -0.012014 -0.997813 0.064993
vn 0.610827 -0.434598 0.661827
vn 0.610827 -0.434598 0.661827
vn 0.620027 0.505993 0.599615
vn 0.620027 0.505993 0.599615
vn 0.008758 0.997999 -0.062617
vn -0.462848 0.783390 0.414815
vn -0.920639 0.379029 -0.093603
vn -0.611325 0.428976 -0.665027
vn -0.611929 -0.494426 -0.617321
vn -0.931570 -0.357766 -0.064660
vn 0.010105 -0.998966 0.044333
vn -0.464122 -0.732516 0.498007
vn 0.066645 -0.302776 0.950729
vn 0.628903 -0.427549 0.649371
vn 0.628465 0.495431 0.599649
vn 0.054250 0.429189 0.901584
vn -0.042803 0.296880 -0.953955
vn 0.479413 0.712700 -0.512076
vn -0.036408 -0.421702 -0.906003
vn 0.472116 -0.772838 -0.424060
vn 0.924871 -0.372419 0.076923
vn 0.935601 0.350588 0.041690
vn -0.641157 0.440001 -0.628743
vn -0.059043 0.998241 0.005286
vn -0.059043 0.998241 0.005286
vn -0.641157 0.440001 -0.628743
vn -0.587099 -0.502640 -0.634562
vn -0.587099 -0.502640 -0.634562
vn 0.058318 -0.998289 -0.004186
vn 0.058318 -0.998289 -0.004186
vn 0.641984 -0.435604 0.630957
vn 0.641984 -0.435604 0.630957
vn 0.584749 0.506614 0.633570
vn 0.584749 0.506614 0.633570
vn -0.499008 0.736830 0.456151
vn -0.499008 0.736830 0.456151
vn -0.927873 0.365853 -0.072130
vn -0.927873 0.365853 -0.072130
vn -0.935113 -0.345390 -0.079176
vn -0.935113 -0.345390 -0.079176
vn -0.456784 -0.737776 0.497027
vn -0.456784 -0.737776 0.497027
vn 0.097261 -0.306926 0.946751
vn 0.097261 -0.306926 0.946751
vn 0.037342 0.416349 0.908438
vn 0.037342 0.416349 0.908438
vn -0.129629 0.989117 0.069603
vn -0.129629 0.989117 0.069603
vn -0.671624 0.438733 -0.597022
vn -0.671624 0.438733 -0.597022
vn -0.549728 -0.502128 -0.667583
vn -0.549728 -0.502128 -0.667583
vn 0.128205 -0.988814 -0.076230
vn 0.128205 -0.988814 -0.076230
vn 0.672723 -0.437879 0.596411
vn 0.672723 -0.437879 0.596411
vn 0.548193 0.507921 0.664456
vn 0.548193 0.507921 0.664456
vn -0.504419 0.732102 0.457809
vn -0.935154 0.349374 -0.058516
vn -0.920175 -0.383364 -0.079434
vn -0.430896 -0.772188 0.466964
vn 0.079790 -0.327599 0.941442
vn 0.017388 0.397801 0.917307
vn 0.540244 0.625648 0.562762
vn -0.018722 0.242831 0.969888
vn -0.018722 0.242831 0.969888
vn 0.540244 0.625648 0.562762
vn 0.954194 0.297101 -0.035290
vn 0.954194 0.297101 -0.035290
vn 0.891842 -0.424029 -0.157535
vn 0.891842 -0.424029 -0.157535
vn 0.383164 -0.857512 0.343305
vn 0.383164 -0.857512 0.343305
vn -0.111403 -0.466389 0.877537
vn -0.111403 -0.466389 0.877537
vn -0.708487 0.117289 -0.695909
vn -0.708344 0.117216 -0.696067
vn -0.708531 0.117006 -0.695912
vn -0.708671 0.117177 -0.695741
vn 0.060057 0.992227 0.108993
vn -0.594625 0.421450 0.684690
vn -0.594625 0.421450 0.684690
vn 0.060057 0.992227 0.108993
vn -0.644624 -0.501241 0.577250
vn -0.644624 -0.501241 0.577250
vn -0.065715 -0.992473 -0.103336
vn -0.065715 -0.992473 -0.103336
vn 0.582823 -0.448580 -0.677564
vn 0.582823 -0.448580 -0.677564
vn 0.650519 0.481925 -0.587004
vn 0.650519 0.481925 -0.587004
vn -0.708448 0.117474 -0.695918
vn -0.708233 0.117465 -0.696138
vn -0.708698 0.117397 -0.695676
vn 0.413453 0.791367 0.450327
vn -0.112183 0.339427 0.933919
vn -0.657573 0.430859 0.618027
vn -0.069204 0.997498 -0.014427
vn 0.577520 0.497216 -0.647492
vn 0.911074 0.396673 -0.112222
vn 0.626783 -0.428261 -0.650950
vn 0.926914 -0.360420 -0.104534
vn 0.476981 -0.767384 0.428499
vn 0.035073 -0.999188 -0.019854
vn -0.611163 -0.495146 0.617503
vn -0.061542 -0.410838 0.909629
vn 0.011012 0.997920 0.063523
vn -0.609840 0.439058 0.659791
vn -0.609840 0.439058 0.659791
vn 0.011012 0.997920 0.063523
vn -0.622215 -0.502011 0.600694
vn -0.622215 -0.502011 0.600694
vn -0.012016 -0.997814 -0.064991
vn -0.012016 -0.997814 -0.064991
vn 0.610827 -0.434599 -0.661826
vn 0.610827 -0.434599 -0.661826
vn 0.620026 0.505995 -0.599614
vn 0.620026 0.505995 -0.599614
vn 0.008733 0.998000 0.062605
vn -0.611337 0.428960 0.665026
vn -0.920656 0.378986 0.093604
vn -0.462854 0.783386 -0.414816
vn -0.611920 -0.494461 0.617302
vn -0.931552 -0.357812 0.064661
vn 0.010091 -0.998966 -0.044342
vn -0.464110 -0.732532 -0.497996
vn 0.628887 -0.427579 -0.649367
vn 0.066648 -0.302780 -0.950727
vn 0.628448 0.495450 -0.599652
vn 0.054253 0.429195 -0.901581
vn -0.042807 0.296899 0.953949
vn 0.479374 0.712741 0.512056
vn -0.036412 -0.421722 0.905994
vn 0.472077 -0.772880 0.424028
vn 0.924852 -0.372467 -0.076925
vn 0.935590 0.350617 -0.041696
vn -0.641162 0.439989 0.628746
vn -0.641162 0.439989 0.628746
vn -0.059046 0.998241 -0.005284
vn -0.059046 0.998241 -0.005284
vn -0.587098 -0.502640 0.634561
vn -0.587098 -0.502640 0.634561
vn 0.058306 -0.998290 0.004198
vn 0.058306 -0.998290 0.004198
vn 0.641982 -0.435608 -0.630956
vn 0.641982 -0.435608 -0.630956
vn 0.584747 0.506617 -0.633569
vn 0.584747 0.506617 -0.633569
vn -0.498966 0.736871 -0.456129
vn -0.927860 0.365884 0.072137
vn -0.927860 0.365884 0.072137
vn -0.498966 0.736871 -0.456129
vn -0.935101 -0.345424 0.079179
vn -0.935101 -0.345424 0.079179
vn -0.456762 -0.737799 -0.497012
vn -0.456762 -0.737799 -0.497012
vn 0.097259 -0.306950 -0.946743
vn 0.097259 -0.306950 -0.946743
vn 0.037343 0.416350 -0.908437
vn 0.037343 0.416350 -0.908437
vn -0.129624 0.989117 -0.069604
vn -0.671619 0.438744 0.597019
vn -0.671619 0.438744 0.597019
vn -0.129624 0.989117 -0.069604
vn -0.549726 -0.502135 0.667579
vn -0.549726 -0.502135 0.667579
vn 0.128211 -0.988814 0.076218
vn 0.128211 -0.988814 0.076218
vn 0.672724 -0.437876 -0.596411
vn 0.672724 -0.437876 -0.596411
vn 0.548192 0.507925 -0.664453
vn 0.548192 0.507925 -0.664453
vn -0.935141 0.349408 0.058522
vn -0.504376 0.732139 -0.457795
vn -0.920196 -0.383316 0.079426
vn -0.430958 -0.772135 -0.466994
vn 0.079779 -0.327573 -0.941452
vn 0.017383 0.397812 -0.917302
vn -0.540181 0.625725 0.562736
vn -0.540181 0.625725 0.562736
vn 0.018724 0.242841 0.969886
vn 0.018724 0.242841 0.969886
vn -0.954172 0.297170 -0.035302
vn -0.954172 0.297170 -0.035302
vn -0.891829 -0.424058 -0.157533
vn -0.891829 -0.424058 -0.157533
vn -0.383142 -0.857529 0.343286
vn -0.383142 -0.857529 0.343286
vn 0.111404 -0.466405 0.877528
vn 0.111404 -0.466405 0.877528
vn 0.708487 0.117288 -0.695909
vn 0.708530 0.117006 -0.695912
vn 0.708340 0.117245 -0.696066
vn 0.708673 0.117149 -0.695743
vn -0.060053 0.992226 0.109000
vn -0.060053 0.992226 0.109000
vn 0.594627 0.421443 0.684693
vn 0.594627 0.421443 0.684693
vn 0.644630 -0.501228 0.577254
vn 0.644630 -0.501228 0.577254
vn 0.065736 -0.992474 -0.103315
vn 0.065736 -0.992474 -0.103315
vn -0.582821 -0.448593 -0.677558
vn -0.582821 -0.448593 -0.677558
vn -0.650518 0.481926 -0.587004
vn -0.650518 0.481926 -0.587004
vn 0.708447 0.117469 -0.695919
vn 0.708232 0.117470 -0.696138
vn 0.708698 0.117386 -0.695678
vn -0.413512 0.791290 0.450409
vn 0.069213 0.997498 -0.014412
vn 0.657587 0.430798 0.618056
vn 0.112176 0.339356 0.933946
vn -0.911095 0.396628 -0.112217
vn -0.577540 0.497171 -0.647510
vn -0.926900 -0.360455 -0.104538
vn -0.626772 -0.428314 -0.650926
vn -0.476949 -0.767407 0.428493
vn -0.035086 -0.999188 -0.019820
vn 0.061543 -0.410833 0.909631
vn 0.611137 -0.495172 0.617509
vn -0.011005 0.997919 0.063532
vn -0.011005 0.997919 0.063532
vn 0.609839 0.439060 0.659790
vn 0.609839 0.439060 0.659790
vn 0.622216 -0.502007 0.600696
vn 0.622216 -0.502007 0.600696
vn 0.012005 -0.997813 -0.065001
vn 0.012005 -0.997813 -0.065001
vn -0.610832 -0.434583 -0.661832
vn -0.610832 -0.434583 -0.661832
vn -0.620022 0.506004 -0.599610
vn -0.620022 0.506004 -0.599610
vn -0.008808 0.997999 0.062616
vn 0.462816 0.783408 -0.414817
vn 0.920633 0.379041 0.093609
vn 0.611310 0.428996 0.665028
vn 0.611935 -0.494447 0.617298
vn 0.931564 -0.357782 0.064659
vn -0.010079 -0.998966 -0.044338
vn 0.464121 -0.732539 -0.497974
vn -0.066650 -0.302805 -0.950719
vn -0.628887 -0.427600 -0.649353
vn -0.628498 0.495387 -0.599651
vn -0.054249 0.429192 -0.901583
vn 0.042804 0.296906 0.953947
vn -0.479464 0.712660 0.512084
vn 0.036415 -0.421728 0.905991
vn -0.472071 -0.772892 0.424012
vn -0.924847 -0.372479 -0.076925
vn -0.935634 0.350502 -0.041680
vn 0.641154 0.440009 0.628740
vn 0.059036 0.998242 -0.005292
vn 0.059036 0.998242 -0.005292
vn 0.641154 0.440009 0.628740
vn 0.587101 -0.502633 0.634565
vn 0.587101 -0.502633 0.634565
vn -0.058306 -0.998290 0.004198
vn -0.058306 -0.998290 0.004198
vn -0.641985 -0.435599 -0.630959
vn -0.641985 -0.435599 -0.630959
vn -0.584744 0.506626 -0.633566
vn -0.584744 0.506626 -0.633566
vn 0.499017 0.736805 -0.456181
vn 0.499017 0.736805 -0.456181
vn 0.927883 0.365828 0.072131
vn 0.927883 0.365828 0.072131
vn 0.935120 -0.345374 0.079170
vn 0.935120 -0.345374 0.079170
vn 0.456821 -0.737746 -0.497037
vn 0.456821 -0.737746 -0.497037
vn -0.097261 -0.306926 -0.946751
vn -0.097261 -0.306926 -0.946751
vn -0.037335 0.416315 -0.908454
vn -0.037335 0.416315 -0.908454
vn 0.129642 0.989116 -0.069587
vn 0.129642 0.989116 -0.069587
vn 0.671627 0.438726 0.597023
vn 0.671627 0.438726 0.597023
vn 0.549728 -0.502128 0.667583
vn 0.549728 -0.502128 0.667583
vn -0.128205 -0.988814 0.076230
vn -0.128205 -0.988814 0.076230
vn -0.672724 -0.437879 -0.596410
vn -0.672724 -0.437879 -0.596410
vn -0.548190 0.507932 -0.664449
vn -0.548190 0.507932 -0.664449
vn 0.504428 0.732075 -0.457841
vn 0.935157 0.349367 0.058515
vn 0.920173 -0.383369 0.079432
vn 0.430890 -0.772214 -0.466925
vn -0.079785 -0.327634 -0.941430
vn -0.017376 0.397771 -0.917320
vn -0.540192 0.625690 -0.562765
vn 0.018718 0.242812 -0.969893
vn 0.018718 0.242812 -0.969893
vn -0.540192 0.625690 -0.562765
vn -0.954172 0.297170 0.035303
vn -0.954172 0.297170 0.035303
vn -0.891837 -0.424041 0.157534
vn -0.891837 -0.424041 0.157534
vn -0.383164 -0.857512 -0.343305
vn -0.383164 -0.857512 -0.343305
vn 0.111404 -0.466377 -0.877543
vn 0.111404 -0.466377 -0.877543
vn 0.708488 0.117284 0.695909
vn 0.708342 0.117229 0.696066
vn 0.708533 0.116974 0.695915
vn 0.708672 0.117156 0.695743
vn -0.060057 0.992227 -0.108988
vn 0.594627 0.421447 -0.684691
vn 0.594627 0.421447 -0.684691
vn -0.060057 0.992227 -0.108988
vn 0.644627 -0.501236 -0.577251
vn 0.644627 -0.501236 -0.577251
vn 0.065739 -0.992474 0.103313
vn 0.065739 -0.992474 0.103313
vn -0.582820 -0.448595 0.677557
vn -0.582820 -0.448595 0.677557
vn -0.650517 0.481928 0.587004
vn -0.650517 0.481928 0.587004
vn 0.708448 0.117469 0.695919
vn 0.708233 0.117458 0.696139
vn 0.708696 0.117422 0.695674
vn -0.413461 0.791326 -0.450391
vn 0.112183 0.339366 -0.933941
vn 0.657586 0.430804 -0.618052
vn 0.069234 0.997496 0.014415
vn -0.577522 0.497187 0.647513
vn -0.911079 0.396663 0.112224
vn -0.626772 -0.428329 0.650916
vn -0.926896 -0.360466 0.104538
vn -0.476949 -0.767407 -0.428493
vn -0.035108 -0.999187 0.019811
vn 0.611117 -0.495195 -0.617510
vn 0.061546 -0.410833 -0.909631
vn -0.010995 0.997919 -0.063542
vn 0.609841 0.439054 -0.659792
vn 0.609841 0.439054 -0.659792
vn -0.010995 0.997919 -0.063542
vn 0.622220 -0.502000 -0.600699
vn 0.622220 -0.502000 -0.600699
vn 0.012011 -0.997813 0.064997
vn 0.012011 -0.997813 0.064997
vn -0.610834 -0.434579 0.661834
vn -0.610834 -0.434579 0.661834
vn -0.620018 0.506014 0.599606
vn -0.620018 0.506014 0.599606
vn -0.008780 0.998002 -0.062577
vn 0.611326 0.429005 -0.665007
vn 0.920641 0.379022 -0.093605
vn 0.462842 0.783379 0.414843
vn 0.611905 -0.494474 -0.617306
vn 0.931542 -0.357837 -0.064666
vn -0.010110 -0.998966 0.044332
vn 0.464075 -0.732565 0.497978
vn -0.628882 -0.427599 0.649359
vn -0.066649 -0.302790 0.950724
vn -0.628489 0.495375 0.599671
vn -0.054244 0.429162 0.901597
vn 0.042812 0.296942 -0.953936
vn -0.479435 0.712711 -0.512040
vn 0.036412 -0.421722 -0.905994
vn -0.472077 -0.772880 -0.424028
vn -0.924842 -0.372491 0.076926
vn -0.935631 0.350511 0.041685
vn 0.641155 0.440005 -0.628741
vn 0.641155 0.440005 -0.628741
vn 0.059032 0.998242 0.005297
vn 0.059032 0.998242 0.005297
vn 0.587100 -0.502636 -0.634564
vn 0.587100 -0.502636 -0.634564
vn -0.058303 -0.998290 -0.004201
vn -0.058303 -0.998290 -0.004201
vn -0.641984 -0.435601 0.630958
vn -0.641984 -0.435601 0.630958
vn -0.584745 0.506623 0.633567
vn -0.584745 0.506623 0.633567
vn 0.498951 0.736881 0.456129
vn 0.927853 0.365903 -0.072139
vn 0.927853 0.365903 -0.072139
vn 0.498951 0.736881 0.456129
vn 0.935125 -0.345361 -0.079170
vn 0.935125 -0.345361 -0.079170
vn 0.456818 -0.737754 0.497027
vn 0.456818 -0.737754 0.497027
vn -0.097260 -0.306940 0.946746
vn -0.097260 -0.306940 0.946746
vn -0.037342 0.416355 0.908435
vn -0.037342 0.416355 0.908435
vn 0.129642 0.989116 0.069587
vn 0.671625 0.438731 -0.597022
vn 0.671625 0.438731 -0.597022
vn 0.129642 0.989116 0.069587
vn 0.549730 -0.502123 -0.667585
vn 0.549730 -0.502123 -0.667585
vn -0.128205 -0.988814 -0.076230
vn -0.128205 -0.988814 -0.076230
vn -0.672720 -0.437887 0.596408
vn -0.672720 -0.437887 0.596408
vn -0.548193 0.507924 0.664453
vn -0.548193 0.507924 0.664453
vn 0.935155 0.349372 -0.058518
vn 0.504419 0.732085 0.457835
vn 0.920154 -0.383414 -0.079439
vn 0.430850 -0.772248 0.466906
vn -0.079792 -0.327651 0.941423
vn -0.017381 0.397769 0.917321
s 1
g polySurface26794
f 19/1/1 20/2/2 22/3/3 23/4/4
f 23/4/4 22/3/3 24/5/5 25/6/6
f 25/7/6 24/8/5 26/9/7 27/10/8
f 20/2/2 21/11/9 28/12/10 22/3/3
f 22/3/3 28/12/10 29/13/11 24/5/5
f 24/14/5 29/15/11 30/16/12 26/17/7
f 31/18/13 32/19/14 33/20/15 34/21/16
s off
f 31/22/17 35/23/18 36/24/19 37/25/20
s 1
f 38/26/21 32/27/14 31/28/13 37/29/22
f 39/30/23 31/18/13 34/21/16 40/31/24
f 41/32/25 19/1/1 23/4/4 42/33/26
f 42/33/26 23/4/4 25/6/6 35/34/27
s 3
f 43/35/28 44/36/29 45/37/30
s 1
f 35/38/31 25/39/6 27/40/8 36/41/32
f 44/42/33 41/32/25 42/33/26 45/43/34
f 45/43/34 42/33/26 35/34/27 46/44/35
f 39/30/23 46/45/35 35/46/27 31/18/13
f 41/47/25 44/48/33 47/49/36 48/50/37
s 3
f 46/51/38 39/52/39 43/35/28
f 44/36/29 43/35/28 47/53/40
f 43/35/28 40/54/41 47/53/40
s 1
f 54/55/42 52/56/43 51/57/44 55/58/45
f 55/58/45 51/57/44 53/59/46 56/60/47
f 57/61/48 58/62/49 59/63/50 60/64/51
f 59/63/50 61/65/52 62/66/53 60/64/51
f 63/67/54 64/68/55 65/69/56 66/70/57
f 66/70/57 65/69/56 62/66/53 61/65/52
f 58/62/49 67/71/58 68/72/59 59/63/50
f 68/72/59 69/73/60 61/65/52 59/63/50
f 70/74/61 63/67/54 66/70/57 71/75/62
f 71/75/62 66/70/57 61/65/52 69/73/60
f 56/76/47 53/77/46 76/78/63 77/79/64
f 77/79/64 76/78/63 75/80/65 78/81/66
f 78/81/66 75/80/65 73/82/67 79/83/68
f 80/84/69 81/85/70 82/86/71 83/87/72
f 84/88/73 85/89/74 86/90/75 87/91/76
f 88/92/77 84/88/73 87/91/76 89/93/78
f 83/87/72 88/92/77 89/93/78 90/94/79
f 91/95/80 80/84/69 83/87/72 90/94/79
f 86/90/75 57/96/48 60/97/51 87/91/76
f 60/97/51 62/98/53 89/93/78 87/91/76
f 64/99/55 91/95/80 90/94/79 65/100/56
f 65/100/56 90/94/79 89/93/78 62/98/53
f 92/101/81 93/102/82 94/103/83 95/104/84
f 95/105/84 94/106/83 96/107/85 97/108/86
f 98/109/87 92/110/81 95/111/84 99/112/88
f 99/113/88 95/105/84 97/108/86 100/114/89
f 101/115/90 82/86/71 81/85/70 102/116/91
s 4
f 103/117/92 104/118/93 105/119/94
s 1
f 106/120/95 101/115/90 102/116/91 104/121/96
f 100/114/89 97/108/86 101/115/90 106/120/95
f 107/122/97 92/123/81 98/124/87 105/125/98
s 4
f 106/126/99 103/117/92 100/127/100
f 105/119/94 98/128/101 103/117/92
f 103/117/92 98/128/101 99/129/102
s 1
f 73/82/67 72/130/103 107/131/104 79/83/68
s 5
f 107/131/105 72/130/106 74/132/107 92/133/108
s 1
f 50/134/109 93/135/82 92/136/81 74/137/110
f 108/138/111 109/139/112 110/140/113
f 108/138/111 110/140/113 111/141/114 112/142/115
f 112/142/115 111/141/114 113/143/116 114/144/117
f 83/145/72 82/146/71 114/147/117 115/148/118
f 83/149/72 115/150/118 116/151/119
f 117/152/120 118/153/121 119/154/122 120/155/123
s off
f 97/156/124 117/157/125 121/158/126 101/159/127
s 1
f 122/160/128 118/161/121 117/162/120 97/163/129
f 123/164/130 117/152/120 120/155/123 124/165/131
f 125/166/132 108/138/111 112/142/115 126/167/133
f 126/167/133 112/142/115 114/144/117 121/168/134
s 7
f 127/169/135 128/170/136 129/171/137
s 1
f 101/172/138 121/173/139 114/174/117 82/175/71
f 130/176/140 125/166/132 126/167/133 128/177/141
f 128/177/141 126/167/133 121/168/134 129/178/142
f 123/164/130 129/179/142 121/180/134 117/152/120
f 125/181/132 130/182/140 131/183/143 132/184/144
s 7
f 129/171/137 123/185/145 127/169/135
f 130/186/146 127/169/135 131/187/147
f 127/169/135 123/185/145 124/188/148
s 1
f 133/189/149 134/190/150 135/191/151 136/192/152
s off
f 132/193/153 134/194/154 137/195/155 125/166/156
s 1
f 138/196/157 134/190/150 133/189/149 139/197/158
f 140/198/159 141/199/160 142/200/161 143/201/162
f 137/195/163 143/201/162 142/200/161 144/202/164
s 9
f 145/203/165 146/204/166 147/205/167
s 1
f 148/206/168 140/198/159 143/201/162 146/207/169
f 146/207/169 143/201/162 137/195/163 147/208/170
f 138/196/157 147/209/170 137/210/163 134/190/150
f 140/211/159 148/212/168 149/213/171 150/214/172
s 9
f 147/205/167 138/215/173 145/203/165
f 148/216/174 145/203/165 149/217/175
f 145/203/165 138/215/173 139/218/176
s off
f 150/219/177 151/220/178 152/221/179 140/198/180
s 1
f 135/191/151 134/190/150 132/184/144 153/222/181
f 109/139/112 108/138/111 125/166/182 137/195/183
f 151/223/184 150/214/172 154/224/185
s 11
f 140/198/186 152/221/187 141/199/188
s 1
f 116/225/119 115/226/118 155/227/189
f 155/228/189 115/229/118 156/230/190 157/231/191
f 158/232/192 159/233/193 160/234/194 161/235/195
f 162/236/196 158/232/192 161/235/195 163/237/197
f 164/238/198 165/239/199 161/235/195 166/240/200
f 166/240/200 161/235/195 160/234/194 167/241/201
f 168/242/202 169/243/203 170/244/204 171/245/205
f 172/246/206 168/242/202 171/245/205 173/247/207
f 174/248/208 173/247/207 171/245/205 175/249/209
f 175/249/209 171/245/205 170/244/204 176/250/210
f 177/251/211 178/252/212 27/253/8 26/254/7
f 179/255/213 177/251/211 26/254/7 30/256/12
f 180/257/214 181/258/215 182/259/216 183/260/217
f 183/260/217 182/259/216 38/261/21 37/262/22
f 184/263/218 180/257/214 183/260/217 185/264/219
f 185/264/219 183/260/217 37/262/22 186/265/220
f 36/266/221 27/253/8 178/252/212 187/267/222
s 12
f 188/268/223 189/269/224 190/270/225
s 1
f 191/271/226 36/266/221 187/267/222 189/272/227
f 186/265/220 37/262/22 36/273/221 191/274/226
f 192/275/228 180/257/214 184/263/218 190/276/229
s 12
f 191/277/230 188/268/223 186/278/231
f 190/270/225 184/279/232 188/268/223
f 188/268/223 184/279/232 185/280/233
s 1
f 193/281/234 194/282/235 195/283/236 196/284/237
f 196/284/237 195/283/236 197/285/238 198/286/239
f 199/287/240 193/281/234 196/284/237 200/288/241
f 200/288/241 196/284/237 198/286/239 201/289/242
f 202/290/243 170/244/204 169/243/203 203/291/244
s 13
f 204/292/245 205/293/246 206/294/247
s 1
f 207/295/248 202/290/243 203/291/244 205/296/249
f 201/289/242 198/286/239 202/297/243 207/298/248
f 208/299/250 193/281/234 199/287/240 206/300/251
s 13
f 207/301/252 204/292/245 201/302/253
f 206/294/247 199/303/254 204/292/245
f 204/292/245 199/303/254 200/304/255
s 1
f 192/305/256 176/250/210 170/244/204 202/290/257
s off
f 180/306/258 192/305/259 202/290/260 198/307/261
s 1
f 197/285/238 181/258/215 180/257/214 198/286/239
f 209/308/262 210/309/263 211/310/264 212/311/265
f 212/311/265 211/310/264 213/312/266 214/313/267
f 215/314/268 209/308/262 212/311/265 216/315/269
f 216/315/269 212/311/265 214/313/267 217/316/270
f 218/317/271 160/234/194 159/233/193 219/318/272
s 15
f 220/319/273 221/320/274 222/321/275
s 1
f 223/322/276 218/317/271 219/318/272 221/323/277
f 217/316/270 214/313/267 218/324/271 223/325/276
f 224/326/278 209/308/262 215/314/268 222/327/279
s 15
f 223/328/280 220/319/273 217/329/281
f 222/321/275 215/330/282 220/319/273
f 220/319/273 215/330/282 216/331/283
s 1
f 208/332/284 167/241/201 160/234/194 218/317/285
s off
f 193/333/286 208/332/287 218/317/288 214/334/289
s 1
f 213/312/266 194/282/235 193/281/234 214/313/267
f 224/335/290 157/336/191 156/337/190 225/338/291
s off
f 209/339/292 224/340/293 225/341/294 226/342/295
s 1
f 227/343/296 210/344/263 209/345/262 226/346/297
f 110/347/113 109/348/112 228/349/298
f 111/350/114 229/351/299 156/352/190 113/353/116
f 230/354/300 231/355/301 232/356/302 233/357/303
f 233/357/303 232/356/302 227/358/296 226/359/297
f 234/360/304 230/354/300 233/357/303 235/361/305
f 235/361/305 233/357/303 226/359/297 236/362/306
f 225/363/307 156/352/190 229/351/299 237/364/308
s 18
f 238/365/309 239/366/310 240/367/311
s 1
f 239/368/312 225/363/307 237/364/308 240/369/313
f 236/362/306 226/359/297 225/370/307 239/371/312
f 241/372/314 230/354/300 234/360/304 242/373/315
s 18
f 239/366/310 238/365/309 236/374/316
f 242/375/317 234/376/318 238/365/309
f 238/365/309 235/377/319 236/374/316
s 1
f 243/378/320 154/379/185 136/380/152 244/381/321
f 245/382/322 244/381/321 136/380/152 135/383/151
f 246/384/323 243/378/320 244/381/321 247/385/324
f 247/385/324 244/381/321 245/382/322 248/386/325
f 249/387/326 250/388/327 144/389/164 142/390/161
s 19
f 251/391/328 252/392/329 253/393/330
s 1
f 254/394/331 250/388/327 249/387/326 252/395/332
f 248/386/325 245/382/322 250/396/327 254/397/331
f 255/398/333 243/378/320 246/384/323 253/399/334
s 19
f 254/400/335 251/391/328 248/401/336
f 253/393/330 246/402/337 251/391/328
f 251/391/328 246/402/337 247/403/338
s 1
f 241/404/339 228/349/298 109/348/112 250/388/340
s off
f 245/405/341 230/406/342 241/404/343 250/388/344
f 243/407/345 255/408/346 152/409/347 151/410/348
s 1
f 163/237/197 161/235/195 165/239/199
f 245/382/322 135/383/151 231/355/301 230/354/300
s 11
f 152/409/187 255/408/349 141/411/188
s 1
f 151/412/184 154/379/185 243/378/320
s 22
f 144/202/350 109/139/351 137/195/352
f 144/389/350 250/388/353 109/348/351
s 1
f 113/143/116 115/413/118 114/144/117
f 113/353/116 156/352/190 115/414/118
f 54/55/42 55/58/45 63/67/54 70/74/61
f 55/58/45 56/60/47 64/68/55 63/67/54
f 56/76/47 77/79/64 91/95/80 64/99/55
f 77/79/64 78/81/66 80/84/69 91/95/80
f 78/81/66 79/83/68 81/85/70 80/84/69
f 107/131/97 102/116/91 81/85/70 79/83/68
f 105/415/98 104/121/96 102/116/91 107/131/97
f 110/347/113 228/349/298 229/351/299 111/350/114
f 241/404/314 237/364/308 229/351/299 228/349/298
f 242/416/315 240/369/313 237/364/308 241/404/314
f 132/184/144 120/155/123 119/154/122 153/222/181
f 131/183/143 124/165/131 120/155/123 132/184/144
f 150/214/172 133/189/149 136/192/152 154/224/185
f 149/213/171 139/197/158 133/189/149 150/214/172
f 255/408/333 249/387/326 142/390/161 141/411/160
f 253/417/334 252/395/332 249/387/326 255/408/333
f 116/418/119 155/419/189 158/232/192 162/236/196
f 155/419/189 157/420/191 159/233/193 158/232/192
f 224/421/278 219/318/272 159/233/193 157/420/191
f 222/422/279 221/323/277 219/318/272 224/421/278
f 164/238/198 166/240/200 168/242/202 172/246/206
f 166/240/200 167/241/201 169/243/203 168/242/202
f 208/332/250 203/291/244 169/243/203 167/241/201
f 206/423/251 205/296/249 203/291/244 208/332/250
f 174/248/208 175/249/209 177/251/211 179/255/213
f 175/249/209 176/250/210 178/252/212 177/251/211
f 192/305/228 187/267/222 178/252/212 176/250/210
f 190/424/229 189/272/227 187/267/222 192/305/228
f 48/50/37 34/21/16 33/20/15 49/425/354
f 47/49/36 40/31/24 34/21/16 48/50/37
s 3
f 43/35/28 45/37/30 46/51/38
f 43/35/28 39/52/39 40/54/41
s 12
f 188/268/223 185/280/233 186/278/231
f 188/268/223 191/277/230 189/269/224
s 13
f 204/292/245 200/304/255 201/302/253
f 204/292/245 207/301/252 205/293/246
s 15
f 220/319/273 216/331/283 217/329/281
f 220/319/273 223/328/280 221/320/274
s 19
f 251/391/328 247/403/338 248/401/336
f 251/391/328 254/400/335 252/392/329
s 18
f 238/365/309 240/367/311 242/375/317
f 238/365/309 234/376/318 235/377/319
s 9
f 145/203/165 139/218/176 149/217/175
f 145/203/165 148/216/174 146/204/166
s 7
f 127/169/135 124/188/148 131/187/147
f 127/169/135 130/186/146 128/170/136
s 4
f 103/117/92 99/129/102 100/127/100
f 103/117/92 106/126/99 104/118/93
s 1
f 256/426/355 76/427/63 53/428/46 257/429/356
f 258/430/357 75/431/65 76/427/63 256/426/355
f 259/432/358 73/433/67 75/431/65 258/430/357
f 259/432/358 258/430/357 260/434/359 261/435/360
f 261/435/360 260/434/359 262/436/361 263/437/362
f 263/437/362 262/436/361 264/438/363 265/439/364
f 258/430/357 256/426/355 266/440/365 260/434/359
f 262/436/361 260/434/359 266/440/365 267/441/366
f 262/436/361 267/441/366 268/442/367 264/438/363
f 256/426/355 257/429/356 269/443/368 266/440/365
f 267/441/366 266/440/365 269/443/368 270/444/369
f 267/441/366 270/444/369 271/445/370 268/442/367
f 265/439/364 264/438/363 272/446/371 273/447/372
f 273/447/372 272/446/371 274/448/373 275/449/374
f 275/449/374 274/448/373 276/450/375 277/451/376
f 264/438/363 268/442/367 278/452/377 272/446/371
f 274/448/373 272/446/371 278/452/377 279/453/378
f 274/448/373 279/453/378 280/454/379 276/450/375
f 268/442/367 271/445/370 281/455/380 278/452/377
f 279/453/378 278/452/377 281/455/380 282/456/381
f 279/453/378 282/456/381 283/457/382 280/454/379
f 277/451/376 276/450/375 284/458/383 285/459/384
f 285/459/384 284/458/383 286/460/385 287/461/386
f 11/462/387 10/463/388 287/461/386 286/460/385
f 276/450/375 280/454/379 288/464/389 284/458/383
f 286/460/385 284/458/383 288/464/389 289/465/390
f 12/466/391 11/462/387 286/460/385 289/465/390
f 280/454/379 283/457/382 290/467/392 288/464/389
f 289/465/390 288/464/389 290/467/392 291/468/393
f 13/469/394 12/466/391 289/465/390 291/468/393
f 292/470/395 293/471/396 294/472/397 295/473/398
s off
f 14/474/399 15/475/400 292/476/401 296/477/402
s 1
f 293/471/396 292/470/395 15/478/403 16/479/404
f 297/480/405 292/470/395 295/473/398 298/481/406
f 299/482/407 277/451/376 285/459/384 300/483/408
f 300/483/408 285/459/384 287/461/386 296/477/409
s 24
f 301/484/410 302/485/411 303/486/412
s 1
f 287/461/386 10/463/388 14/474/413 296/477/414
f 304/487/415 299/482/407 300/483/408 302/488/416
f 302/488/416 300/483/408 296/477/409 303/489/417
f 297/480/405 303/490/417 296/491/409 292/470/395
f 299/492/407 304/493/415 305/494/418 306/495/419
s 24
f 303/486/412 297/496/420 301/484/410
f 304/497/421 301/484/410 305/498/422
f 301/484/410 297/496/420 298/499/423
s 1
f 307/500/424 308/501/425 309/502/426 310/503/427
s off
f 307/504/428 311/505/429 299/482/430 306/506/431
s 1
f 312/507/432 308/501/425 307/500/424 306/495/419
f 313/508/433 307/500/424 310/503/427 314/509/434
f 315/510/435 265/439/364 273/447/372 316/511/436
f 316/511/436 273/447/372 275/449/374 311/505/437
s 26
f 317/512/438 318/513/439 319/514/440
s 1
f 311/505/441 275/449/374 277/451/376 299/482/442
f 320/515/443 315/510/435 316/511/436 318/516/444
f 318/516/444 316/511/436 311/505/437 319/517/445
f 313/508/433 319/518/445 311/519/437 307/500/424
f 315/520/435 320/521/443 321/522/446 322/523/447
s 26
f 319/514/440 313/524/448 317/512/438
f 320/525/449 317/512/438 321/526/450
f 317/512/438 313/524/448 314/527/451
s 1
f 323/528/452 324/529/453 325/530/454 326/531/455
s off
f 323/532/456 327/533/457 315/510/458 322/534/459
s 1
f 328/535/460 324/529/453 323/528/452 322/523/447
f 329/536/461 323/528/452 326/531/455 330/537/462
f 331/538/463 259/432/358 261/435/360 332/539/464
f 332/539/464 261/435/360 263/437/362 327/533/465
s 28
f 333/540/466 334/541/467 335/542/468
s 1
f 327/533/469 263/437/362 265/439/364 315/510/470
f 336/543/471 331/538/463 332/539/464 334/544/472
f 334/544/472 332/539/464 327/533/465 335/545/473
f 329/536/461 335/546/473 327/547/465 323/528/452
f 331/548/463 336/549/471 337/550/474 338/551/475
s 28
f 335/542/468 329/552/476 333/540/466
f 336/553/477 333/540/466 337/554/478
f 333/540/466 329/552/476 330/555/479
s 1
f 73/433/67 259/432/358 331/538/480 72/556/103
s 5
f 331/538/481 338/557/482 74/558/107 72/556/106
s 1
f 50/559/109 74/560/110 338/551/475 339/561/483
f 341/562/484 51/563/44 52/564/43 340/565/485
f 257/566/356 53/567/46 51/563/44 341/562/484
f 257/566/356 341/562/484 342/568/486 269/569/368
f 270/570/369 269/569/368 342/568/486 343/571/487
f 271/572/370 270/570/369 343/571/487 344/573/488
f 341/562/484 340/565/485 345/574/489 342/568/486
f 343/571/487 342/568/486 345/574/489 346/575/490
f 343/571/487 346/575/490 347/576/491 344/573/488
f 271/572/370 344/573/488 348/577/492 281/578/380
f 282/579/381 281/578/380 348/577/492 349/580/493
f 283/581/382 282/579/381 349/580/493 350/582/494
f 344/573/488 347/576/491 351/583/495 348/577/492
f 349/580/493 348/577/492 351/583/495 352/584/496
f 349/580/493 352/584/496 353/585/497 350/582/494
f 283/581/382 350/582/494 354/586/498 290/587/392
f 291/588/393 290/587/392 354/586/498 355/589/499
f 17/590/500 13/591/394 291/588/393 355/589/499
f 350/582/494 353/585/497 356/592/501 354/586/498
f 355/589/499 354/586/498 356/592/501 357/593/502
f 18/594/503 17/590/500 355/589/499 357/593/502
f 306/495/419 295/473/398 294/472/397 312/507/432
f 305/494/418 298/481/406 295/473/398 306/495/419
f 322/523/447 310/503/427 309/502/426 328/535/460
f 321/522/446 314/509/434 310/503/427 322/523/447
f 338/551/475 326/531/455 325/530/454 339/561/483
f 337/550/474 330/537/462 326/531/455 338/551/475
s 28
f 333/540/466 330/555/479 337/554/478
f 333/540/466 336/553/477 334/541/467
s 26
f 317/512/438 320/525/449 318/513/439
f 317/512/438 314/527/451 321/526/450
s 24
f 301/484/410 298/499/423 305/498/422
f 301/484/410 304/497/421 302/485/411
s 29
f 358/595/504 359/596/505 360/597/506 361/598/507
f 361/598/507 360/597/506 362/599/508 363/600/509
f 19/601/510 363/600/509 362/599/508 20/602/511
f 359/596/505 364/603/512 365/604/513 360/597/506
f 360/597/506 365/604/513 366/605/514 362/599/508
f 20/602/511 362/599/508 366/605/514 21/606/515
f 367/607/516 368/608/517 369/609/518 370/610/519
s off
f 367/611/520 371/612/521 41/613/522 48/614/523
s 29
f 49/615/524 368/608/517 367/607/516 48/616/525
f 372/617/526 367/607/516 370/610/519 373/618/527
f 374/619/528 358/595/504 361/598/507 375/620/529
f 375/620/529 361/598/507 363/600/509 371/612/530
s 31
f 376/621/531 377/622/532 378/623/533
s 29
f 371/612/534 363/600/509 19/601/510 41/613/535
f 379/624/536 374/619/528 375/620/529 377/625/537
f 377/625/537 375/620/529 371/612/530 378/626/538
f 372/617/526 378/627/538 371/628/530 367/607/516
f 374/629/528 379/630/536 380/631/539 381/632/540
s 31
f 378/623/533 372/633/541 376/621/531
f 379/634/542 376/621/531 380/635/543
f 376/621/531 372/633/541 373/636/544
s 29
f 382/637/545 383/638/546 384/639/547
f 382/640/545 384/641/547 385/642/548 386/643/549
f 387/644/550 386/645/549 385/646/548 388/647/551
s off
f 389/648/552 387/649/553 388/650/554 390/651/555
s 29
f 391/652/556 392/653/557 389/654/558 390/655/559
f 393/656/560 394/657/561 395/658/562
f 396/659/563 397/660/564 385/661/548 398/662/565
f 399/663/566 400/664/567 401/665/568 402/666/569
f 402/666/569 401/665/568 391/667/556 390/668/559
f 403/669/570 399/663/566 402/666/569 404/670/571
f 404/670/571 402/666/569 390/668/559 405/671/572
f 388/672/573 385/661/548 397/660/564 406/673/574
s 33
f 407/674/575 408/675/576 409/676/577
s 29
f 410/677/578 388/672/573 406/673/574 408/678/579
f 405/671/572 390/668/559 388/679/573 410/680/578
f 411/681/580 399/663/566 403/669/570 409/682/581
s 33
f 410/683/582 407/674/575 405/684/583
f 409/676/577 403/685/584 407/674/575
f 407/674/575 403/685/584 404/686/585
s 29
f 412/687/586 413/688/587 414/689/588 415/690/589
f 416/691/590 415/690/589 414/689/588 417/692/591
f 418/693/592 412/687/586 415/690/589 419/694/593
f 419/694/593 415/690/589 416/691/590 420/695/594
f 421/696/595 422/697/596 423/698/597 424/699/598
s 34
f 425/700/599 426/701/600 427/702/601
s 29
f 428/703/602 422/697/596 421/696/595 426/704/603
f 420/695/594 416/691/590 422/705/596 428/706/602
f 429/707/604 412/687/586 418/693/592 427/708/605
s 34
f 428/709/606 425/700/599 420/710/607
f 427/702/601 418/711/608 425/700/599
f 425/700/599 418/711/608 419/712/609
s 29
f 422/697/610 411/713/611 395/658/562 394/657/561
s off
f 399/714/612 411/713/613 422/697/614 416/715/615
s 29
f 398/662/565 385/661/548 384/716/547
f 399/663/566 416/691/590 417/692/591 400/664/567
s 36
f 423/698/616 422/697/617 394/657/618
s 37
f 429/717/619 430/718/620 431/719/621
s 29
f 413/688/587 412/687/586 432/720/622
f 433/721/623 434/722/624 435/723/625 436/724/626
f 436/724/626 435/723/625 437/725/627 438/726/628
f 439/727/629 438/726/628 437/725/627 440/728/630
f 434/722/624 383/729/546 441/730/631 435/723/625
f 435/723/625 441/730/631 442/731/632 437/725/627
f 440/728/630 437/725/627 443/732/633 444/733/634
f 439/727/629 440/728/630 445/734/635 446/735/636
f 446/735/636 445/734/635 447/736/637 448/737/638
f 449/738/639 448/737/638 447/736/637 450/739/640
f 440/728/630 444/733/634 451/740/641 445/734/635
f 445/734/635 451/740/641 452/741/642 447/736/637
f 450/739/640 447/736/637 452/741/642 453/742/643
f 449/738/639 450/739/640 454/743/644 455/744/645
f 455/744/645 454/743/644 456/745/646 457/746/647
f 358/747/504 457/748/647 456/749/646 359/750/505
f 450/739/640 453/742/643 458/751/648 454/743/644
f 454/743/644 458/751/648 459/752/649 456/745/646
f 359/753/505 456/754/646 459/755/649 364/756/512
f 460/757/650 461/758/651 462/759/652 463/760/653
s off
f 381/761/654 460/762/655 464/763/656 374/764/657
s 29
f 465/765/658 461/766/651 460/767/650 381/768/540
f 466/769/659 460/757/650 463/760/653 467/770/660
f 468/771/661 449/738/639 455/744/645 469/772/662
f 469/772/662 455/744/645 457/746/647 464/773/663
s 39
f 470/774/664 471/775/665 472/776/666
s 29
f 374/777/667 464/778/668 457/779/647 358/780/504
f 473/781/669 468/771/661 469/772/662 471/782/670
f 471/782/670 469/772/662 464/773/663 472/783/671
f 466/769/659 472/784/671 464/785/663 460/757/650
f 468/786/661 473/787/669 474/788/672 475/789/673
s 39
f 472/776/666 466/790/674 470/774/664
f 473/791/675 470/774/664 474/792/676
f 470/774/664 466/790/674 467/793/677
s 29
f 476/794/678 477/795/679 478/796/680 479/797/681
s off
f 476/798/682 480/799/683 468/771/684 475/800/685
s 29
f 481/801/686 477/795/679 476/794/678 475/789/673
f 482/802/687 476/794/678 479/797/681 483/803/688
f 484/804/689 439/727/629 446/735/636 485/805/690
f 485/805/690 446/735/636 448/737/638 480/799/691
s 41
f 486/806/692 487/807/693 488/808/694
s 29
f 480/799/695 448/737/638 449/738/639 468/771/696
f 489/809/697 484/804/689 485/805/690 487/810/698
f 487/810/698 485/805/690 480/799/691 488/811/699
f 482/802/687 488/812/699 480/813/691 476/794/678
f 484/814/689 489/815/697 490/816/700 491/817/701
s 41
f 488/808/694 482/818/702 486/806/692
f 489/819/703 486/806/692 490/820/704
f 486/806/692 482/818/702 483/821/705
s 29
f 492/822/706 493/823/707 494/824/708 495/825/709
s off
f 492/826/710 496/827/711 484/804/712 491/828/713
s 29
f 497/829/714 493/823/707 492/822/706 491/817/701
f 498/830/715 492/822/706 495/825/709 499/831/716
f 500/832/717 433/721/623 436/724/626 501/833/718
f 501/833/718 436/724/626 438/726/628 496/827/719
s 43
f 502/834/720 503/835/721 504/836/722
s 29
f 496/827/723 438/726/628 439/727/629 484/804/724
f 505/837/725 500/832/717 501/833/718 503/838/726
f 503/838/726 501/833/718 496/827/719 504/839/727
f 498/830/715 504/840/727 496/841/719 492/822/706
f 500/842/717 505/843/725 506/844/728 507/845/729
s 43
f 504/836/722 498/846/730 502/834/720
f 505/847/731 502/834/720 506/848/732
f 502/834/720 498/846/730 499/849/733
s 29
f 508/850/734 394/851/561 393/852/560
f 508/850/734 393/852/560 396/853/563 509/854/735
f 509/854/735 396/853/563 398/855/565 510/856/736
f 433/857/623 510/858/736 384/859/547 434/860/624
f 434/861/624 384/862/547 383/863/546
f 511/864/737 512/865/738 513/866/739 514/867/740
s off
f 507/868/741 511/869/742 515/870/743 500/871/744
s 29
f 516/872/745 512/873/738 511/874/737 507/875/729
f 517/876/746 511/864/737 514/867/740 518/877/747
f 519/878/748 508/850/734 509/854/735 520/879/749
f 520/879/749 509/854/735 510/856/736 515/880/750
s 45
f 521/881/751 522/882/752 523/883/753
s 29
f 500/884/754 515/885/755 510/886/736 433/887/623
f 524/888/756 519/878/748 520/879/749 522/889/757
f 522/889/757 520/879/749 515/880/750 523/890/758
f 517/876/746 523/891/758 515/892/750 511/864/737
f 519/893/748 524/894/756 525/895/759 526/896/760
s 45
f 523/883/753 517/897/761 521/881/751
f 524/898/762 521/881/751 525/899/763
f 521/881/751 517/897/761 518/900/764
s 29
f 527/901/765 528/902/766 417/903/591 414/904/588
s off
f 528/905/767 529/906/768 519/878/769 526/907/770
s 29
f 530/908/771 528/902/766 527/901/765 531/909/772
f 532/910/773 430/911/774 424/912/598 533/913/775
f 529/906/776 533/913/775 424/912/598 423/914/597
s 47
f 534/915/777 535/916/778 536/917/779
s 29
f 537/918/780 532/910/773 533/913/775 535/919/781
f 535/919/781 533/913/775 529/906/776 536/920/782
f 530/908/771 536/921/782 529/922/776 528/902/766
f 532/923/773 537/924/780 538/925/783 539/926/784
s 47
f 536/917/779 530/927/785 534/915/777
f 537/928/786 534/915/777 538/929/787
f 534/915/777 530/927/785 531/930/788
s off
f 539/931/789 432/932/790 431/933/791 532/910/792
s 29
f 394/851/561 508/850/734 519/878/793 529/906/794
f 413/934/587 432/935/622 539/926/784
s 37
f 532/910/795 431/933/621 430/911/620
s 29
f 544/936/796 540/937/797 541/938/798 543/939/799
f 545/940/800 542/941/801 540/937/797 544/936/796
f 545/940/800 544/936/796 546/942/802 547/943/803
f 547/943/803 546/942/802 548/944/804 549/945/805
f 548/944/804 550/946/806 551/947/807 549/945/805
f 552/948/808 553/949/809 551/947/807 550/946/806
f 554/950/810 555/951/811 553/949/809 552/948/808
f 544/936/796 543/939/799 556/952/812 546/942/802
f 546/942/802 556/952/812 557/953/813 548/944/804
f 557/953/813 558/954/814 550/946/806 548/944/804
f 559/955/815 552/948/808 550/946/806 558/954/814
f 560/956/816 554/950/810 552/948/808 559/955/815
f 567/957/817 566/958/818 542/959/801 545/960/800
f 568/961/819 565/962/820 566/958/818 567/957/817
f 569/963/821 564/964/822 565/962/820 568/961/819
f 569/963/821 568/961/819 570/965/823 571/966/824
f 571/966/824 570/965/823 382/967/545 386/968/549
f 572/969/825 573/970/826 574/971/827 575/972/828
f 576/973/829 577/974/830 573/970/826 572/969/825
f 568/961/819 567/957/817 578/975/831 570/965/823
f 570/965/823 578/975/831 579/976/832 382/967/545
f 382/967/545 579/976/832 577/974/830 576/973/829
f 567/957/817 545/960/800 547/977/803 578/975/831
f 578/975/831 547/977/803 549/978/805 579/976/832
f 549/978/805 551/979/807 577/974/830 579/976/832
f 553/980/809 573/970/826 577/974/830 551/979/807
f 555/981/811 574/971/827 573/970/826 553/980/809
f 389/982/558 392/983/557 580/984/833 581/985/834
f 582/986/835 389/982/558 581/985/834 583/987/836
f 584/988/837 569/963/821 571/966/824 585/989/838
f 585/989/838 571/966/824 386/968/549 387/990/839
s 49
f 586/991/840 587/992/841 588/993/842
s 29
f 587/994/843 584/988/837 585/989/838 588/995/844
f 588/995/844 585/989/838 387/990/839 589/996/845
f 582/986/835 589/996/845 387/990/839 389/982/558
f 584/997/837 587/998/843 590/999/846 591/1000/847
s 49
f 589/1001/848 582/1002/849 586/991/840
f 587/992/841 586/991/840 590/1003/850
f 586/991/840 583/1004/851 590/1003/850
s 29
f 564/964/822 569/963/821 584/988/852 561/1005/853
s 50
f 584/988/854 591/1006/855 562/1007/856 561/1005/857
s 29
f 563/1008/858 562/1009/859 591/1010/847 592/1011/860
s 36
f 423/914/616 394/851/618 529/906/861
s 29
f 417/903/591 528/902/766 526/896/760 593/1012/862
f 398/855/565 384/1013/547 510/856/736
f 442/731/632 443/732/633 437/725/627
f 393/656/560 395/658/562 397/660/564 396/659/563
f 411/713/580 406/673/574 397/660/564 395/658/562
f 409/1014/581 408/678/579 406/673/574 411/713/580
f 429/717/604 421/696/595 424/699/598 430/718/774
f 427/1015/605 426/704/603 421/696/595 429/717/604
f 591/1016/847 581/1017/834 580/1018/833 592/1019/860
f 590/1020/846 583/1021/836 581/1022/834 591/1023/847
f 539/926/784 527/901/765 414/904/588 413/934/587
f 538/925/783 531/909/772 527/901/765 539/926/784
f 526/896/760 514/867/740 513/866/739 593/1012/862
f 525/895/759 518/877/747 514/867/740 526/896/760
f 507/845/729 495/825/709 494/824/708 516/1024/745
f 506/844/728 499/831/716 495/825/709 507/845/729
f 491/817/701 479/797/681 478/796/680 497/829/714
f 490/816/700 483/803/688 479/797/681 491/817/701
f 475/789/673 463/760/653 462/759/652 481/801/686
f 474/788/672 467/770/660 463/760/653 475/789/673
f 381/632/540 370/610/519 369/609/518 465/1025/658
f 380/631/539 373/618/527 370/610/519 381/632/540
s off
f 429/717/863 431/719/864 432/1026/865 412/1027/866
s 49
f 586/991/840 588/993/842 589/1001/848
f 586/991/840 582/1002/849 583/1004/851
s 33
f 407/674/575 404/686/585 405/684/583
f 407/674/575 410/683/582 408/675/576
s 34
f 425/700/599 419/712/609 420/710/607
f 425/700/599 428/709/606 426/701/600
s 47
f 534/915/777 531/930/788 538/929/787
f 534/915/777 537/928/786 535/916/778
s 45
f 521/881/751 518/900/764 525/899/763
f 521/881/751 524/898/762 522/882/752
s 43
f 502/834/720 499/849/733 506/848/732
f 502/834/720 505/847/731 503/835/721
s 41
f 486/806/692 483/821/705 490/820/704
f 486/806/692 489/819/703 487/807/693
s 39
f 470/774/664 467/793/677 474/792/676
f 470/774/664 473/791/675 471/775/665
s 31
f 376/621/531 373/636/544 380/635/543
f 376/621/531 379/634/542 377/622/532
s 29
f 594/1028/867 542/1029/801 566/1030/818 595/1031/868
f 595/1031/868 566/1030/818 565/1032/820 596/1033/869
f 596/1033/869 565/1032/820 564/1034/822 597/1035/870
f 598/1036/871 599/1037/872 600/1038/873 601/1039/874
f 600/1038/873 599/1037/872 602/1040/875 603/1041/876
f 603/1041/876 602/1040/875 604/1042/877 605/1043/878
f 606/1044/879 607/1045/880 604/1042/877 602/1040/875
f 608/1046/881 606/1044/879 602/1040/875 599/1037/872
f 609/1047/882 608/1046/881 599/1037/872 598/1036/871
f 610/1048/883 611/1049/884 612/1050/885 613/1051/886
f 612/1050/885 611/1049/884 614/1052/887 615/1053/888
f 615/1053/888 614/1052/887 616/1054/889 617/1055/890
f 618/1056/891 619/1057/892 616/1054/889 614/1052/887
f 620/1058/893 618/1056/891 614/1052/887 611/1049/884
f 621/1059/894 620/1058/893 611/1049/884 610/1048/883
f 622/1060/895 623/1061/896 624/1062/897 625/1063/898
f 3/1064/899 2/1065/900 623/1061/896 622/1060/895
f 624/1062/897 623/1061/896 626/1066/901 627/1067/902
f 2/1065/900 4/1068/903 626/1066/901 623/1061/896
f 627/1067/902 626/1066/901 628/1069/904 629/1070/905
f 4/1068/903 5/1071/906 628/1069/904 626/1066/901
f 630/1072/907 631/1073/908 632/1074/909 633/1075/910
f 633/1075/910 632/1074/909 634/1076/911 635/1077/912
s off
f 6/1078/913 636/1079/914 635/1080/915 7/1081/916
s 29
f 634/1076/911 1/1082/917 7/1083/918 635/1077/912
f 637/1084/919 630/1072/907 633/1075/910 638/1085/920
f 638/1085/920 633/1075/910 635/1077/912 639/1086/921
f 636/1079/922 622/1060/895 625/1063/898 640/1087/923
s 53
f 641/1088/924 642/1089/925 643/1090/926
s 29
f 622/1060/895 636/1079/927 6/1078/928 3/1064/899
f 644/1091/929 636/1079/922 640/1087/923 642/1092/930
f 639/1086/921 635/1077/912 636/1093/922 644/1094/929
f 645/1095/931 630/1072/907 637/1084/919 643/1096/932
s 53
f 644/1097/933 641/1088/924 639/1098/934
f 643/1090/926 637/1099/935 641/1088/924
f 641/1088/924 637/1099/935 638/1100/936
s 29
f 646/1101/937 647/1102/938 648/1103/939 649/1104/940
f 649/1104/940 648/1103/939 650/1105/941 651/1106/942
f 652/1107/943 646/1101/937 649/1104/940 653/1108/944
f 653/1108/944 649/1104/940 651/1106/942 654/1109/945
f 655/1110/946 610/1048/883 613/1051/886 656/1111/947
s 54
f 657/1112/948 658/1113/949 659/1114/950
s 29
f 660/1115/951 655/1110/946 656/1111/947 658/1116/952
f 654/1109/945 651/1106/942 655/1117/946 660/1118/951
f 661/1119/953 646/1101/937 652/1107/943 659/1120/954
s 54
f 660/1121/955 657/1112/948 654/1122/956
f 659/1114/950 652/1123/957 657/1112/948
f 657/1112/948 652/1123/957 653/1124/958
s 29
f 645/1125/959 621/1059/894 610/1048/883 655/1110/960
s off
f 630/1126/961 645/1125/962 655/1110/963 651/1127/964
s 29
f 650/1105/941 631/1073/908 630/1072/907 651/1106/942
f 662/1128/965 663/1129/966 664/1130/967 665/1131/968
f 665/1131/968 664/1130/967 666/1132/969 667/1133/970
f 668/1134/971 662/1128/965 665/1131/968 669/1135/972
f 669/1135/972 665/1131/968 667/1133/970 670/1136/973
f 671/1137/974 598/1036/871 601/1039/874 672/1138/975
s 56
f 673/1139/976 674/1140/977 675/1141/978
s 29
f 676/1142/979 671/1137/974 672/1138/975 674/1143/980
f 670/1136/973 667/1133/970 671/1144/974 676/1145/979
f 677/1146/981 662/1128/965 668/1134/971 675/1147/982
s 56
f 676/1148/983 673/1139/976 670/1149/984
f 675/1141/978 668/1150/985 673/1139/976
f 673/1139/976 668/1150/985 669/1151/986
s 29
f 661/1152/987 609/1047/882 598/1036/871 671/1137/988
s off
f 646/1153/989 661/1152/990 671/1137/991 667/1154/992
s 29
f 666/1132/969 647/1102/938 646/1101/937 667/1133/970
f 564/1034/822 561/1155/853 677/1156/993 597/1035/870
s 50
f 677/1156/994 561/1155/857 562/1157/856 662/1158/995
s 29
f 563/1159/858 663/1129/966 662/1128/965 562/1160/859
f 678/1161/996 541/1162/798 540/1163/797 679/1164/997
f 679/1164/997 540/1163/797 542/1165/801 594/1166/867
f 605/1167/878 604/1168/877 680/1169/998 681/1170/999
f 681/1170/999 680/1169/998 682/1171/1000 683/1172/1001
f 685/1173/1002 684/1174/1003 682/1171/1000 680/1169/998
f 604/1168/877 607/1175/880 685/1173/1002 680/1169/998
f 617/1176/890 616/1177/889 686/1178/1004 687/1179/1005
f 687/1179/1005 686/1178/1004 688/1180/1006 689/1181/1007
f 691/1182/1008 690/1183/1009 688/1180/1006 686/1178/1004
f 616/1177/889 619/1184/892 691/1182/1008 686/1178/1004
f 629/1185/905 628/1186/904 692/1187/1010 693/1188/1011
f 5/1189/906 8/1190/1012 692/1187/1010 628/1186/904
f 693/1188/1011 692/1187/1010 694/1191/1013 695/1192/1014
f 8/1190/1012 9/1193/1015 694/1191/1013 692/1187/1010
f 679/1164/997 681/1170/999 683/1172/1001 678/1161/996
f 594/1166/867 605/1167/878 681/1170/999 679/1164/997
f 595/1031/868 603/1041/876 605/1043/878 594/1028/867
f 596/1033/869 600/1038/873 603/1041/876 595/1031/868
f 597/1035/870 601/1039/874 600/1038/873 596/1033/869
f 677/1156/981 672/1138/975 601/1039/874 597/1035/870
f 675/1194/982 674/1143/980 672/1138/975 677/1156/981
f 685/1173/1002 687/1179/1005 689/1181/1007 684/1174/1003
f 607/1175/880 617/1176/890 687/1179/1005 685/1173/1002
f 606/1044/879 615/1053/888 617/1055/890 607/1045/880
f 608/1046/881 612/1050/885 615/1053/888 606/1044/879
f 609/1047/882 613/1051/886 612/1050/885 608/1046/881
f 661/1152/953 656/1111/947 613/1051/886 609/1047/882
f 659/1195/954 658/1116/952 656/1111/947 661/1152/953
f 691/1182/1008 693/1188/1011 695/1192/1014 690/1183/1009
f 619/1184/892 629/1185/905 693/1188/1011 691/1182/1008
f 618/1056/891 627/1067/902 629/1070/905 619/1057/892
f 620/1058/893 624/1062/897 627/1067/902 618/1056/891
f 621/1059/894 625/1063/898 624/1062/897 620/1058/893
f 645/1125/931 640/1087/923 625/1063/898 621/1059/894
f 643/1196/932 642/1092/930 640/1087/923 645/1125/931
s 56
f 673/1139/976 669/1151/986 670/1149/984
f 673/1139/976 676/1148/983 674/1140/977
s 54
f 657/1112/948 653/1124/958 654/1122/956
f 657/1112/948 660/1121/955 658/1113/949
s 53
f 641/1088/924 638/1100/936 639/1098/934
f 641/1088/924 644/1097/933 642/1089/925
s 58
f 702/1197/1016 701/1198/1017 700/1199/1018
f 700/1199/1018 696/1200/1019 703/1201/1020 702/1197/1016
f 696/1200/1019 697/1202/1021 704/1203/1022 703/1201/1020
f 697/1202/1021 698/1204/1023 705/1205/1024 704/1203/1022
f 698/1204/1023 699/1206/1025 706/1207/1026 705/1205/1024
s 59
f 708/1208/1027 12/1209/1028 13/1210/1029 709/1211/1030
f 710/1212/1031 11/1213/1032 12/1209/1028 708/1208/1027
f 711/1214/1033 10/1215/1034 11/1213/1032 710/1212/1031
f 711/1214/1033 710/1212/1031 712/1216/1035 713/1217/1036
f 713/1217/1036 712/1216/1035 714/1218/1037 715/1219/1038
f 715/1219/1038 714/1218/1037 716/1220/1039 717/1221/1040
f 710/1212/1031 708/1208/1027 718/1222/1041 712/1216/1035
f 714/1218/1037 712/1216/1035 718/1222/1041 719/1223/1042
f 714/1218/1037 719/1223/1042 720/1224/1043 716/1220/1039
f 708/1208/1027 709/1211/1030 721/1225/1044 718/1222/1041
f 719/1223/1042 718/1222/1041 721/1225/1044 722/1226/1045
f 719/1223/1042 722/1226/1045 723/1227/1046 720/1224/1043
f 717/1221/1040 716/1220/1039 724/1228/1047 725/1229/1048
f 725/1229/1048 724/1228/1047 726/1230/1049 727/1231/1050
f 727/1231/1050 726/1230/1049 728/1232/1051 729/1233/1052
f 716/1220/1039 720/1224/1043 730/1234/1053 724/1228/1047
f 726/1230/1049 724/1228/1047 730/1234/1053 731/1235/1054
f 726/1230/1049 731/1235/1054 732/1236/1055 728/1232/1051
f 720/1224/1043 723/1227/1046 733/1237/1056 730/1234/1053
f 731/1235/1054 730/1234/1053 733/1237/1056 734/1238/1057
f 731/1235/1054 734/1238/1057 735/1239/1058 732/1236/1055
f 729/1233/1052 728/1232/1051 736/1240/1059 737/1241/1060
f 737/1241/1060 736/1240/1059 738/1242/1061 739/1243/1062
f 740/1244/1063 741/1245/1064 739/1243/1062 738/1242/1061
f 728/1232/1051 732/1236/1055 742/1246/1065 736/1240/1059
f 738/1242/1061 736/1240/1059 742/1246/1065 743/1247/1066
f 744/1248/1067 740/1244/1063 738/1242/1061 743/1247/1066
f 732/1236/1055 735/1239/1058 745/1249/1068 742/1246/1065
f 743/1247/1066 742/1246/1065 745/1249/1068 746/1250/1069
f 747/1251/1070 744/1248/1067 743/1247/1066 746/1250/1069
f 748/1252/1071 749/1253/1072 750/1254/1073 751/1255/1074
s off
f 752/1256/1075 753/1257/1076 748/1258/1077 754/1259/1078
s 59
f 749/1253/1072 748/1252/1071 753/1260/1079 707/1261/1080
f 755/1262/1081 748/1252/1071 751/1255/1074 756/1263/1082
f 757/1264/1083 729/1233/1052 737/1241/1060 758/1265/1084
f 758/1265/1084 737/1241/1060 739/1243/1062 754/1259/1085
s 61
f 759/1266/1086 760/1267/1087 761/1268/1088
s 59
f 739/1243/1062 741/1245/1064 752/1256/1089 754/1259/1090
f 762/1269/1091 757/1264/1083 758/1265/1084 760/1270/1092
f 760/1270/1092 758/1265/1084 754/1259/1085 761/1271/1093
f 755/1262/1081 761/1272/1093 754/1273/1085 748/1252/1071
f 757/1274/1083 762/1275/1091 763/1276/1094 764/1277/1095
s 61
f 761/1268/1088 755/1278/1096 759/1266/1086
f 762/1279/1097 759/1266/1086 763/1280/1098
f 759/1266/1086 755/1278/1096 756/1281/1099
s 59
f 765/1282/1100 766/1283/1101 767/1284/1102 768/1285/1103
s off
f 765/1286/1104 769/1287/1105 757/1264/1106 764/1288/1107
s 59
f 770/1289/1108 766/1283/1101 765/1282/1100 764/1277/1095
f 771/1290/1109 765/1282/1100 768/1285/1103 772/1291/1110
f 773/1292/1111 717/1221/1040 725/1229/1048 774/1293/1112
f 774/1293/1112 725/1229/1048 727/1231/1050 769/1287/1113
s 63
f 775/1294/1114 776/1295/1115 777/1296/1116
s 59
f 769/1287/1117 727/1231/1050 729/1233/1052 757/1264/1118
f 778/1297/1119 773/1292/1111 774/1293/1112 776/1298/1120
f 776/1298/1120 774/1293/1112 769/1287/1113 777/1299/1121
f 771/1290/1109 777/1300/1121 769/1301/1113 765/1282/1100
f 773/1302/1111 778/1303/1119 779/1304/1122 780/1305/1123
s 63
f 777/1296/1116 771/1306/1124 775/1294/1114
f 778/1307/1125 775/1294/1114 779/1308/1126
f 775/1294/1114 771/1306/1124 772/1309/1127
s 59
f 781/1310/1128 782/1311/1129 783/1312/1130 784/1313/1131
s off
f 781/1314/1132 785/1315/1133 773/1292/1134 780/1316/1135
s 59
f 786/1317/1136 782/1311/1129 781/1310/1128 780/1305/1123
f 787/1318/1137 781/1310/1128 784/1313/1131 788/1319/1138
f 789/1320/1139 711/1214/1033 713/1217/1036 790/1321/1140
f 790/1321/1140 713/1217/1036 715/1219/1038 785/1315/1141
s 65
f 791/1322/1142 792/1323/1143 793/1324/1144
s 59
f 785/1315/1145 715/1219/1038 717/1221/1040 773/1292/1146
f 794/1325/1147 789/1320/1139 790/1321/1140 792/1326/1148
f 792/1326/1148 790/1321/1140 785/1315/1141 793/1327/1149
f 787/1318/1137 793/1328/1149 785/1329/1141 781/1310/1128
f 789/1330/1139 794/1331/1147 795/1332/1150 796/1333/1151
s 65
f 793/1324/1144 787/1334/1152 791/1322/1142
f 794/1335/1153 791/1322/1142 795/1336/1154
f 791/1322/1142 787/1334/1152 788/1337/1155
s 59
f 10/1215/1034 711/1214/1033 789/1320/1156 14/1338/1157
s off
f 789/1320/1158 796/1339/1159 15/1340/1160 14/1338/1161
s 59
f 16/1341/1162 15/1342/1163 796/1333/1151 797/1343/1164
f 799/1344/1165 17/1345/1166 18/1346/1167 798/1347/1168
f 709/1348/1030 13/1349/1029 17/1345/1166 799/1344/1165
f 709/1348/1030 799/1344/1165 800/1350/1169 721/1351/1044
f 722/1352/1045 721/1351/1044 800/1350/1169 801/1353/1170
f 723/1354/1046 722/1352/1045 801/1353/1170 802/1355/1171
f 799/1344/1165 798/1347/1168 803/1356/1172 800/1350/1169
f 801/1353/1170 800/1350/1169 803/1356/1172 804/1357/1173
f 801/1353/1170 804/1357/1173 805/1358/1174 802/1355/1171
f 723/1354/1046 802/1355/1171 806/1359/1175 733/1360/1056
f 734/1361/1057 733/1360/1056 806/1359/1175 807/1362/1176
f 735/1363/1058 734/1361/1057 807/1362/1176 808/1364/1177
f 802/1355/1171 805/1358/1174 809/1365/1178 806/1359/1175
f 807/1362/1176 806/1359/1175 809/1365/1178 810/1366/1179
f 807/1362/1176 810/1366/1179 811/1367/1180 808/1364/1177
f 735/1363/1058 808/1364/1177 812/1368/1181 745/1369/1068
f 746/1370/1069 745/1369/1068 812/1368/1181 813/1371/1182
f 814/1372/1183 747/1373/1070 746/1370/1069 813/1371/1182
f 808/1364/1177 811/1367/1180 815/1374/1184 812/1368/1181
f 813/1371/1182 812/1368/1181 815/1374/1184 816/1375/1185
f 817/1376/1186 814/1372/1183 813/1371/1182 816/1375/1185
f 764/1277/1095 751/1255/1074 750/1254/1073 770/1289/1108
f 763/1276/1094 756/1263/1082 751/1255/1074 764/1277/1095
f 780/1305/1123 768/1285/1103 767/1284/1102 786/1317/1136
f 779/1304/1122 772/1291/1110 768/1285/1103 780/1305/1123
f 796/1333/1151 784/1313/1131 783/1312/1130 797/1343/1164
f 795/1332/1150 788/1319/1138 784/1313/1131 796/1333/1151
s 65
f 791/1322/1142 788/1337/1155 795/1336/1154
f 791/1322/1142 794/1335/1153 792/1323/1143
s 63
f 775/1294/1114 778/1307/1125 776/1295/1115
f 775/1294/1114 772/1309/1127 779/1308/1126
s 61
f 759/1266/1086 756/1281/1099 763/1280/1098
f 759/1266/1086 762/1279/1097 760/1267/1087
s 67
f 818/1377/1187 5/1378/1188 4/1379/1189 819/1380/1190
f 819/1380/1190 4/1379/1189 2/1381/1191 820/1382/1192
f 820/1382/1192 2/1381/1191 3/1383/1193 821/1384/1194
f 822/1385/1195 823/1386/1196 824/1387/1197 825/1388/1198
f 824/1387/1197 823/1386/1196 826/1389/1199 827/1390/1200
f 827/1390/1200 826/1389/1199 828/1391/1201 829/1392/1202
f 830/1393/1203 831/1394/1204 828/1391/1201 826/1389/1199
f 832/1395/1205 830/1393/1203 826/1389/1199 823/1386/1196
f 833/1396/1206 832/1395/1205 823/1386/1196 822/1385/1195
f 834/1397/1207 835/1398/1208 836/1399/1209 837/1400/1210
f 836/1399/1209 835/1398/1208 838/1401/1211 839/1402/1212
f 839/1402/1212 838/1401/1211 840/1403/1213 841/1404/1214
f 842/1405/1215 843/1406/1216 840/1403/1213 838/1401/1211
f 844/1407/1217 842/1405/1215 838/1401/1211 835/1398/1208
f 845/1408/1218 844/1407/1217 835/1398/1208 834/1397/1207
f 846/1409/1219 847/1410/1220 848/1411/1221 849/1412/1222
f 850/1413/1223 851/1414/1224 847/1410/1220 846/1409/1219
f 848/1411/1221 847/1410/1220 852/1415/1225 853/1416/1226
f 851/1414/1224 854/1417/1227 852/1415/1225 847/1410/1220
f 853/1416/1226 852/1415/1225 855/1418/1228 856/1419/1229
f 854/1417/1227 857/1420/1230 855/1418/1228 852/1415/1225
f 858/1421/1231 859/1422/1232 860/1423/1233 861/1424/1234
f 861/1424/1234 860/1423/1233 862/1425/1235 863/1426/1236
s off
f 864/1427/1237 865/1428/1238 863/1429/1239 866/1430/1240
s 67
f 862/1425/1235 867/1431/1241 866/1432/1242 863/1426/1236
f 868/1433/1243 858/1421/1231 861/1424/1234 869/1434/1244
f 869/1434/1244 861/1424/1234 863/1426/1236 870/1435/1245
f 865/1428/1246 846/1409/1219 849/1412/1222 871/1436/1247
s 69
f 872/1437/1248 873/1438/1249 874/1439/1250
s 67
f 846/1409/1219 865/1428/1251 864/1427/1252 850/1413/1223
f 875/1440/1253 865/1428/1246 871/1436/1247 873/1441/1254
f 870/1435/1245 863/1426/1236 865/1442/1246 875/1443/1253
f 876/1444/1255 858/1421/1231 868/1433/1243 874/1445/1256
s 69
f 875/1446/1257 872/1437/1248 870/1447/1258
f 874/1439/1250 868/1448/1259 872/1437/1248
f 872/1437/1248 868/1448/1259 869/1449/1260
s 67
f 877/1450/1261 878/1451/1262 879/1452/1263 880/1453/1264
f 880/1453/1264 879/1452/1263 881/1454/1265 882/1455/1266
f 883/1456/1267 877/1450/1261 880/1453/1264 884/1457/1268
f 884/1457/1268 880/1453/1264 882/1455/1266 885/1458/1269
f 886/1459/1270 834/1397/1207 837/1400/1210 887/1460/1271
s 70
f 888/1461/1272 889/1462/1273 890/1463/1274
s 67
f 891/1464/1275 886/1459/1270 887/1460/1271 889/1465/1276
f 885/1458/1269 882/1455/1266 886/1466/1270 891/1467/1275
f 892/1468/1277 877/1450/1261 883/1456/1267 890/1469/1278
s 70
f 891/1470/1279 888/1461/1272 885/1471/1280
f 890/1463/1274 883/1472/1281 888/1461/1272
f 888/1461/1272 883/1472/1281 884/1473/1282
s 67
f 876/1474/1283 845/1408/1218 834/1397/1207 886/1459/1284
s off
f 858/1475/1285 876/1474/1286 886/1459/1287 882/1476/1288
s 67
f 881/1454/1265 859/1422/1232 858/1421/1231 882/1455/1266
f 893/1477/1289 894/1478/1290 895/1479/1291 896/1480/1292
f 896/1480/1292 895/1479/1291 897/1481/1293 898/1482/1294
f 899/1483/1295 893/1477/1289 896/1480/1292 900/1484/1296
f 900/1484/1296 896/1480/1292 898/1482/1294 901/1485/1297
f 902/1486/1298 822/1385/1195 825/1388/1198 903/1487/1299
s 72
f 904/1488/1300 905/1489/1301 906/1490/1302
s 67
f 907/1491/1303 902/1486/1298 903/1487/1299 905/1492/1304
f 901/1485/1297 898/1482/1294 902/1493/1298 907/1494/1303
f 908/1495/1305 893/1477/1289 899/1483/1295 906/1496/1306
s 72
f 907/1497/1307 904/1488/1300 901/1498/1308
f 906/1490/1302 899/1499/1309 904/1488/1300
f 904/1488/1300 899/1499/1309 900/1500/1310
s 67
f 892/1501/1311 833/1396/1206 822/1385/1195 902/1486/1312
s off
f 877/1502/1313 892/1501/1314 902/1486/1315 898/1503/1316
s 67
f 897/1481/1293 878/1451/1262 877/1450/1261 898/1482/1294
f 3/1383/1193 6/1504/1317 908/1505/1318 821/1384/1194
s off
f 908/1505/1319 6/1504/1320 7/1506/1321 893/1507/1322
s 67
f 1/1508/1323 894/1478/1290 893/1477/1289 7/1509/1324
f 909/1510/1325 9/1511/1326 8/1512/1327 910/1513/1328
f 910/1513/1328 8/1512/1327 5/1514/1188 818/1515/1187
f 829/1516/1202 828/1517/1201 911/1518/1329 912/1519/1330
f 912/1519/1330 911/1518/1329 913/1520/1331 914/1521/1332
f 916/1522/1333 915/1523/1334 913/1520/1331 911/1518/1329
f 828/1517/1201 831/1524/1204 916/1522/1333 911/1518/1329
f 841/1525/1214 840/1526/1213 917/1527/1335 918/1528/1336
f 918/1528/1336 917/1527/1335 919/1529/1337 920/1530/1338
f 922/1531/1339 921/1532/1340 919/1529/1337 917/1527/1335
f 840/1526/1213 843/1533/1216 922/1531/1339 917/1527/1335
f 856/1534/1229 855/1535/1228 923/1536/1341 924/1537/1342
f 857/1538/1230 925/1539/1343 923/1536/1341 855/1535/1228
f 924/1537/1342 923/1536/1341 926/1540/1344 927/1541/1345
f 925/1539/1343 928/1542/1346 926/1540/1344 923/1536/1341
f 910/1513/1328 912/1519/1330 914/1521/1332 909/1510/1325
f 818/1515/1187 829/1516/1202 912/1519/1330 910/1513/1328
f 819/1380/1190 827/1390/1200 829/1392/1202 818/1377/1187
f 820/1382/1192 824/1387/1197 827/1390/1200 819/1380/1190
f 821/1384/1194 825/1388/1198 824/1387/1197 820/1382/1192
f 908/1505/1305 903/1487/1299 825/1388/1198 821/1384/1194
f 906/1543/1306 905/1492/1304 903/1487/1299 908/1505/1305
f 916/1522/1333 918/1528/1336 920/1530/1338 915/1523/1334
f 831/1524/1204 841/1525/1214 918/1528/1336 916/1522/1333
f 830/1393/1203 839/1402/1212 841/1404/1214 831/1394/1204
f 832/1395/1205 836/1399/1209 839/1402/1212 830/1393/1203
f 833/1396/1206 837/1400/1210 836/1399/1209 832/1395/1205
f 892/1501/1277 887/1460/1271 837/1400/1210 833/1396/1206
f 890/1544/1278 889/1465/1276 887/1460/1271 892/1501/1277
f 922/1531/1339 924/1537/1342 927/1541/1345 921/1532/1340
f 843/1533/1216 856/1534/1229 924/1537/1342 922/1531/1339
f 842/1405/1215 853/1416/1226 856/1419/1229 843/1406/1216
f 844/1407/1217 848/1411/1221 853/1416/1226 842/1405/1215
f 845/1408/1218 849/1412/1222 848/1411/1221 844/1407/1217
f 876/1474/1255 871/1436/1247 849/1412/1222 845/1408/1218
f 874/1545/1256 873/1441/1254 871/1436/1247 876/1474/1255
s 72
f 904/1488/1300 900/1500/1310 901/1498/1308
f 904/1488/1300 907/1497/1307 905/1489/1301
s 70
f 888/1461/1272 884/1473/1282 885/1471/1280
f 888/1461/1272 891/1470/1279 889/1462/1273
s 69
f 872/1437/1248 869/1449/1260 870/1447/1258
f 872/1437/1248 875/1446/1257 873/1438/1249
s 75
f 930/1546/1347 744/1547/1348 747/1548/1349 931/1549/1350
f 932/1550/1351 740/1551/1352 744/1547/1348 930/1546/1347
f 933/1552/1353 741/1553/1354 740/1551/1352 932/1550/1351
f 933/1552/1353 932/1550/1351 934/1554/1355 935/1555/1356
f 935/1555/1356 934/1554/1355 936/1556/1357 937/1557/1358
f 937/1557/1358 936/1556/1357 938/1558/1359 939/1559/1360
f 932/1550/1351 930/1546/1347 940/1560/1361 934/1554/1355
f 936/1556/1357 934/1554/1355 940/1560/1361 941/1561/1362
f 936/1556/1357 941/1561/1362 942/1562/1363 938/1558/1359
f 930/1546/1347 931/1549/1350 943/1563/1364 940/1560/1361
f 941/1561/1362 940/1560/1361 943/1563/1364 944/1564/1365
f 941/1561/1362 944/1564/1365 945/1565/1366 942/1562/1363
f 939/1559/1360 938/1558/1359 946/1566/1367 947/1567/1368
f 947/1567/1368 946/1566/1367 948/1568/1369 949/1569/1370
f 949/1569/1370 948/1568/1369 950/1570/1371 951/1571/1372
f 938/1558/1359 942/1562/1363 952/1572/1373 946/1566/1367
f 948/1568/1369 946/1566/1367 952/1572/1373 953/1573/1374
f 948/1568/1369 953/1573/1374 954/1574/1375 950/1570/1371
f 942/1562/1363 945/1565/1366 955/1575/1376 952/1572/1373
f 953/1573/1374 952/1572/1373 955/1575/1376 956/1576/1377
f 953/1573/1374 956/1576/1377 957/1577/1378 954/1574/1375
f 951/1571/1372 950/1570/1371 958/1578/1379 959/1579/1380
f 959/1579/1380 958/1578/1379 960/1580/1381 961/1581/1382
f 962/1582/1383 963/1583/1384 961/1581/1382 960/1580/1381
f 950/1570/1371 954/1574/1375 964/1584/1385 958/1578/1379
f 960/1580/1381 958/1578/1379 964/1584/1385 965/1585/1386
f 966/1586/1387 962/1582/1383 960/1580/1381 965/1585/1386
f 954/1574/1375 957/1577/1378 967/1587/1388 964/1584/1385
f 965/1585/1386 964/1584/1385 967/1587/1388 968/1588/1389
f 969/1589/1390 966/1586/1387 965/1585/1386 968/1588/1389
f 970/1590/1391 971/1591/1392 972/1592/1393 973/1593/1394
s off
f 974/1594/1395 975/1595/1396 970/1596/1397 976/1597/1398
s 75
f 971/1591/1392 970/1590/1391 975/1598/1399 929/1599/1400
f 977/1600/1401 970/1590/1391 973/1593/1394 978/1601/1402
f 979/1602/1403 951/1571/1372 959/1579/1380 980/1603/1404
f 980/1603/1404 959/1579/1380 961/1581/1382 976/1597/1405
s 77
f 981/1604/1406 982/1605/1407 983/1606/1408
s 75
f 961/1581/1382 963/1583/1384 974/1594/1409 976/1597/1410
f 984/1607/1411 979/1602/1403 980/1603/1404 982/1608/1412
f 982/1608/1412 980/1603/1404 976/1597/1405 983/1609/1413
f 977/1600/1401 983/1610/1413 976/1611/1405 970/1590/1391
f 979/1612/1403 984/1613/1411 985/1614/1414 986/1615/1415
s 77
f 983/1606/1408 977/1616/1416 981/1604/1406
f 984/1617/1417 981/1604/1406 985/1618/1418
f 981/1604/1406 977/1616/1416 978/1619/1419
s 75
f 987/1620/1420 988/1621/1421 989/1622/1422 990/1623/1423
s off
f 987/1624/1424 991/1625/1425 979/1602/1426 986/1626/1427
s 75
f 992/1627/1428 988/1621/1421 987/1620/1420 986/1615/1415
f 993/1628/1429 987/1620/1420 990/1623/1423 994/1629/1430
f 995/1630/1431 939/1559/1360 947/1567/1368 996/1631/1432
f 996/1631/1432 947/1567/1368 949/1569/1370 991/1625/1433
s 79
f 997/1632/1434 998/1633/1435 999/1634/1436
s 75
f 991/1625/1437 949/1569/1370 951/1571/1372 979/1602/1438
f 1000/1635/1439 995/1630/1431 996/1631/1432 998/1636/1440
f 998/1636/1440 996/1631/1432 991/1625/1433 999/1637/1441
f 993/1628/1429 999/1638/1441 991/1639/1433 987/1620/1420
f 995/1640/1431 1000/1641/1439 1001/1642/1442 1002/1643/1443
s 79
f 999/1634/1436 993/1644/1444 997/1632/1434
f 1000/1645/1445 997/1632/1434 1001/1646/1446
f 997/1632/1434 993/1644/1444 994/1647/1447
s 75
f 1003/1648/1448 1004/1649/1449 1005/1650/1450 1006/1651/1451
s off
f 1003/1652/1452 1007/1653/1453 995/1630/1454 1002/1654/1455
s 75
f 1008/1655/1456 1004/1649/1449 1003/1648/1448 1002/1643/1443
f 1009/1656/1457 1003/1648/1448 1006/1651/1451 1010/1657/1458
f 1011/1658/1459 933/1552/1353 935/1555/1356 1012/1659/1460
f 1012/1659/1460 935/1555/1356 937/1557/1358 1007/1653/1461
s 81
f 1013/1660/1462 1014/1661/1463 1015/1662/1464
s 75
f 1007/1653/1465 937/1557/1358 939/1559/1360 995/1630/1466
f 1016/1663/1467 1011/1658/1459 1012/1659/1460 1014/1664/1468
f 1014/1664/1468 1012/1659/1460 1007/1653/1461 1015/1665/1469
f 1009/1656/1457 1015/1666/1469 1007/1667/1461 1003/1648/1448
f 1011/1668/1459 1016/1669/1467 1017/1670/1470 1018/1671/1471
s 81
f 1015/1662/1464 1009/1672/1472 1013/1660/1462
f 1016/1673/1473 1013/1660/1462 1017/1674/1474
f 1013/1660/1462 1009/1672/1472 1010/1675/1475
s 75
f 741/1553/1354 933/1552/1353 1011/1658/1476 752/1676/1477
s off
f 1011/1658/1478 1018/1677/1479 753/1678/1480 752/1676/1481
s 75
f 707/1679/1482 753/1680/1483 1018/1671/1471 1019/1681/1484
f 1021/1682/1485 814/1683/1486 817/1684/1487 1020/1685/1488
f 931/1686/1350 747/1687/1349 814/1683/1486 1021/1682/1485
f 931/1686/1350 1021/1682/1485 1022/1688/1489 943/1689/1364
f 944/1690/1365 943/1689/1364 1022/1688/1489 1023/1691/1490
f 945/1692/1366 944/1690/1365 1023/1691/1490 1024/1693/1491
f 1021/1682/1485 1020/1685/1488 1025/1694/1492 1022/1688/1489
f 1023/1691/1490 1022/1688/1489 1025/1694/1492 1026/1695/1493
f 1023/1691/1490 1026/1695/1493 1027/1696/1494 1024/1693/1491
f 945/1692/1366 1024/1693/1491 1028/1697/1495 955/1698/1376
f 956/1699/1377 955/1698/1376 1028/1697/1495 1029/1700/1496
f 957/1701/1378 956/1699/1377 1029/1700/1496 1030/1702/1497
f 1024/1693/1491 1027/1696/1494 1031/1703/1498 1028/1697/1495
f 1029/1700/1496 1028/1697/1495 1031/1703/1498 1032/1704/1499
f 1029/1700/1496 1032/1704/1499 1033/1705/1500 1030/1702/1497
f 957/1701/1378 1030/1702/1497 1034/1706/1501 967/1707/1388
f 968/1708/1389 967/1707/1388 1034/1706/1501 1035/1709/1502
f 1036/1710/1503 969/1711/1390 968/1708/1389 1035/1709/1502
f 1030/1702/1497 1033/1705/1500 1037/1712/1504 1034/1706/1501
f 1035/1709/1502 1034/1706/1501 1037/1712/1504 1038/1713/1505
f 1039/1714/1506 1036/1710/1503 1035/1709/1502 1038/1713/1505
f 986/1615/1415 973/1593/1394 972/1592/1393 992/1627/1428
f 985/1614/1414 978/1601/1402 973/1593/1394 986/1615/1415
f 1002/1643/1443 990/1623/1423 989/1622/1422 1008/1655/1456
f 1001/1642/1442 994/1629/1430 990/1623/1423 1002/1643/1443
f 1018/1671/1471 1006/1651/1451 1005/1650/1450 1019/1681/1484
f 1017/1670/1470 1010/1657/1458 1006/1651/1451 1018/1671/1471
s 81
f 1013/1660/1462 1010/1675/1475 1017/1674/1474
f 1013/1660/1462 1016/1673/1473 1014/1661/1463
s 79
f 997/1632/1434 1000/1645/1445 998/1633/1435
f 997/1632/1434 994/1647/1447 1001/1646/1446
s 77
f 981/1604/1406 978/1619/1419 985/1618/1418
f 981/1604/1406 984/1617/1417 982/1605/1407
s 83
f 1040/1715/1507 857/1716/1508 854/1717/1509 1041/1718/1510
f 1041/1718/1510 854/1717/1509 851/1719/1511 1042/1720/1512
f 1042/1720/1512 851/1719/1511 850/1721/1513 1043/1722/1514
f 1044/1723/1515 1045/1724/1516 1046/1725/1517 1047/1726/1518
f 1046/1725/1517 1045/1724/1516 1048/1727/1519 1049/1728/1520
f 1049/1728/1520 1048/1727/1519 1050/1729/1521 1051/1730/1522
f 1052/1731/1523 1053/1732/1524 1050/1729/1521 1048/1727/1519
f 1054/1733/1525 1052/1731/1523 1048/1727/1519 1045/1724/1516
f 1055/1734/1526 1054/1733/1525 1045/1724/1516 1044/1723/1515
f 1056/1735/1527 1057/1736/1528 1058/1737/1529 1059/1738/1530
f 1058/1737/1529 1057/1736/1528 1060/1739/1531 1061/1740/1532
f 1061/1740/1532 1060/1739/1531 1062/1741/1533 1063/1742/1534
f 1064/1743/1535 1065/1744/1536 1062/1741/1533 1060/1739/1531
f 1066/1745/1537 1064/1743/1535 1060/1739/1531 1057/1736/1528
f 1067/1746/1538 1066/1745/1537 1057/1736/1528 1056/1735/1527
f 1068/1747/1539 1069/1748/1540 1070/1749/1541 1071/1750/1542
f 1072/1751/1543 1073/1752/1544 1069/1748/1540 1068/1747/1539
f 1070/1749/1541 1069/1748/1540 1074/1753/1545 1075/1754/1546
f 1073/1752/1544 1076/1755/1547 1074/1753/1545 1069/1748/1540
f 1075/1754/1546 1074/1753/1545 1077/1756/1548 1078/1757/1549
f 1076/1755/1547 1079/1758/1550 1077/1756/1548 1074/1753/1545
f 1080/1759/1551 1081/1760/1552 1082/1761/1553 1083/1762/1554
f 1083/1762/1554 1082/1761/1553 1084/1763/1555 1085/1764/1556
s off
f 1086/1765/1557 1087/1766/1558 1085/1767/1559 1088/1768/1560
s 83
f 1084/1763/1555 1089/1769/1561 1088/1770/1562 1085/1764/1556
f 1090/1771/1563 1080/1759/1551 1083/1762/1554 1091/1772/1564
f 1091/1772/1564 1083/1762/1554 1085/1764/1556 1092/1773/1565
f 1087/1766/1566 1068/1747/1539 1071/1750/1542 1093/1774/1567
s 85
f 1094/1775/1568 1095/1776/1569 1096/1777/1570
s 83
f 1068/1747/1539 1087/1766/1571 1086/1765/1572 1072/1751/1543
f 1097/1778/1573 1087/1766/1566 1093/1774/1567 1095/1779/1574
f 1092/1773/1565 1085/1764/1556 1087/1780/1566 1097/1781/1573
f 1098/1782/1575 1080/1759/1551 1090/1771/1563 1096/1783/1576
s 85
f 1097/1784/1577 1094/1775/1568 1092/1785/1578
f 1096/1777/1570 1090/1786/1579 1094/1775/1568
f 1094/1775/1568 1090/1786/1579 1091/1787/1580
s 83
f 1099/1788/1581 1100/1789/1582 1101/1790/1583 1102/1791/1584
f 1102/1791/1584 1101/1790/1583 1103/1792/1585 1104/1793/1586
f 1105/1794/1587 1099/1788/1581 1102/1791/1584 1106/1795/1588
f 1106/1795/1588 1102/1791/1584 1104/1793/1586 1107/1796/1589
f 1108/1797/1590 1056/1735/1527 1059/1738/1530 1109/1798/1591
s 86
f 1110/1799/1592 1111/1800/1593 1112/1801/1594
s 83
f 1113/1802/1595 1108/1797/1590 1109/1798/1591 1111/1803/1596
f 1107/1796/1589 1104/1793/1586 1108/1804/1590 1113/1805/1595
f 1114/1806/1597 1099/1788/1581 1105/1794/1587 1112/1807/1598
s 86
f 1113/1808/1599 1110/1799/1592 1107/1809/1600
f 1112/1801/1594 1105/1810/1601 1110/1799/1592
f 1110/1799/1592 1105/1810/1601 1106/1811/1602
s 83
f 1098/1812/1603 1067/1746/1538 1056/1735/1527 1108/1797/1604
s off
f 1080/1813/1605 1098/1812/1606 1108/1797/1607 1104/1814/1608
s 83
f 1103/1792/1585 1081/1760/1552 1080/1759/1551 1104/1793/1586
f 1115/1815/1609 1116/1816/1610 1117/1817/1611 1118/1818/1612
f 1118/1818/1612 1117/1817/1611 1119/1819/1613 1120/1820/1614
f 1121/1821/1615 1115/1815/1609 1118/1818/1612 1122/1822/1616
f 1122/1822/1616 1118/1818/1612 1120/1820/1614 1123/1823/1617
f 1124/1824/1618 1044/1723/1515 1047/1726/1518 1125/1825/1619
s 88
f 1126/1826/1620 1127/1827/1621 1128/1828/1622
s 83
f 1129/1829/1623 1124/1824/1618 1125/1825/1619 1127/1830/1624
f 1123/1823/1617 1120/1820/1614 1124/1831/1618 1129/1832/1623
f 1130/1833/1625 1115/1815/1609 1121/1821/1615 1128/1834/1626
s 88
f 1129/1835/1627 1126/1826/1620 1123/1836/1628
f 1128/1828/1622 1121/1837/1629 1126/1826/1620
f 1126/1826/1620 1121/1837/1629 1122/1838/1630
s 83
f 1114/1839/1631 1055/1734/1526 1044/1723/1515 1124/1824/1632
s off
f 1099/1840/1633 1114/1839/1634 1124/1824/1635 1120/1841/1636
s 83
f 1119/1819/1613 1100/1789/1582 1099/1788/1581 1120/1820/1614
f 850/1721/1513 864/1842/1637 1130/1843/1638 1043/1722/1514
s off
f 1130/1843/1639 864/1842/1640 866/1844/1641 1115/1845/1642
s 83
f 867/1846/1643 1116/1816/1610 1115/1815/1609 866/1847/1644
f 1131/1848/1645 928/1849/1646 925/1850/1647 1132/1851/1648
f 1132/1851/1648 925/1850/1647 857/1852/1508 1040/1853/1507
f 1051/1854/1522 1050/1855/1521 1133/1856/1649 1134/1857/1650
f 1134/1857/1650 1133/1856/1649 1135/1858/1651 1136/1859/1652
f 1138/1860/1653 1137/1861/1654 1135/1858/1651 1133/1856/1649
f 1050/1855/1521 1053/1862/1524 1138/1860/1653 1133/1856/1649
f 1063/1863/1534 1062/1864/1533 1139/1865/1655 1140/1866/1656
f 1140/1866/1656 1139/1865/1655 1141/1867/1657 1142/1868/1658
f 1144/1869/1659 1143/1870/1660 1141/1867/1657 1139/1865/1655
f 1062/1864/1533 1065/1871/1536 1144/1869/1659 1139/1865/1655
f 1078/1872/1549 1077/1873/1548 1145/1874/1661 1146/1875/1662
f 1079/1876/1550 1147/1877/1663 1145/1874/1661 1077/1873/1548
f 1146/1875/1662 1145/1874/1661 1148/1878/1664 1149/1879/1665
f 1147/1877/1663 1150/1880/1666 1148/1878/1664 1145/1874/1661
f 1132/1851/1648 1134/1857/1650 1136/1859/1652 1131/1848/1645
f 1040/1853/1507 1051/1854/1522 1134/1857/1650 1132/1851/1648
f 1041/1718/1510 1049/1728/1520 1051/1730/1522 1040/1715/1507
f 1042/1720/1512 1046/1725/1517 1049/1728/1520 1041/1718/1510
f 1043/1722/1514 1047/1726/1518 1046/1725/1517 1042/1720/1512
f 1130/1843/1625 1125/1825/1619 1047/1726/1518 1043/1722/1514
f 1128/1881/1626 1127/1830/1624 1125/1825/1619 1130/1843/1625
f 1138/1860/1653 1140/1866/1656 1142/1868/1658 1137/1861/1654
f 1053/1862/1524 1063/1863/1534 1140/1866/1656 1138/1860/1653
f 1052/1731/1523 1061/1740/1532 1063/1742/1534 1053/1732/1524
f 1054/1733/1525 1058/1737/1529 1061/1740/1532 1052/1731/1523
f 1055/1734/1526 1059/1738/1530 1058/1737/1529 1054/1733/1525
f 1114/1839/1597 1109/1798/1591 1059/1738/1530 1055/1734/1526
f 1112/1882/1598 1111/1803/1596 1109/1798/1591 1114/1839/1597
f 1144/1869/1659 1146/1875/1662 1149/1879/1665 1143/1870/1660
f 1065/1871/1536 1078/1872/1549 1146/1875/1662 1144/1869/1659
f 1064/1743/1535 1075/1754/1546 1078/1757/1549 1065/1744/1536
f 1066/1745/1537 1070/1749/1541 1075/1754/1546 1064/1743/1535
f 1067/1746/1538 1071/1750/1542 1070/1749/1541 1066/1745/1537
f 1098/1812/1575 1093/1774/1567 1071/1750/1542 1067/1746/1538
f 1096/1883/1576 1095/1779/1574 1093/1774/1567 1098/1812/1575
s 88
f 1126/1826/1620 1122/1838/1630 1123/1836/1628
f 1126/1826/1620 1129/1835/1627 1127/1827/1621
s 86
f 1110/1799/1592 1106/1811/1602 1107/1809/1600
f 1110/1799/1592 1113/1808/1599 1111/1800/1593
s 85
f 1094/1775/1568 1091/1787/1580 1092/1785/1578
f 1094/1775/1568 1097/1784/1577 1095/1776/1569
s 91
f 1151/1884/1667 1152/1885/1668 1154/1886/1669 1155/1887/1670
f 1155/1887/1670 1154/1886/1669 1156/1888/1671 1157/1889/1672
f 1157/1890/1672 1156/1891/1671 1158/1892/1673 1159/1893/1674
f 1152/1885/1668 1153/1894/1675 1160/1895/1676 1154/1886/1669
f 1154/1886/1669 1160/1895/1676 1161/1896/1677 1156/1888/1671
f 1156/1897/1671 1161/1898/1677 1162/1899/1678 1158/1900/1673
f 1163/1901/1679 1164/1902/1680 1165/1903/1681 1166/1904/1682
s off
f 1163/1905/1683 1167/1906/1684 1168/1907/1685 1169/1908/1686
s 91
f 1170/1909/1687 1164/1910/1680 1163/1911/1679 1169/1912/1688
f 1171/1913/1689 1163/1901/1679 1166/1904/1682 1172/1914/1690
f 1173/1915/1691 1151/1884/1667 1155/1887/1670 1174/1916/1692
f 1174/1916/1692 1155/1887/1670 1157/1889/1672 1167/1917/1693
s 93
f 1175/1918/1694 1176/1919/1695 1177/1920/1696
s 91
f 1167/1921/1697 1157/1922/1672 1159/1923/1674 1168/1924/1698
f 1176/1925/1699 1173/1915/1691 1174/1916/1692 1177/1926/1700
f 1177/1926/1700 1174/1916/1692 1167/1917/1693 1178/1927/1701
f 1171/1913/1689 1178/1928/1701 1167/1929/1693 1163/1901/1679
f 1173/1930/1691 1176/1931/1699 1179/1932/1702 1180/1933/1703
s 93
f 1178/1934/1704 1171/1935/1705 1175/1918/1694
f 1176/1919/1695 1175/1918/1694 1179/1936/1706
f 1175/1918/1694 1172/1937/1707 1179/1936/1706
s 91
f 1186/1938/1708 1184/1939/1709 1183/1940/1710 1187/1941/1711
f 1187/1941/1711 1183/1940/1710 1185/1942/1712 1188/1943/1713
f 1189/1944/1714 1190/1945/1715 1191/1946/1716 1192/1947/1717
f 1191/1946/1716 1193/1948/1718 1194/1949/1719 1192/1947/1717
f 1195/1950/1720 1196/1951/1721 1197/1952/1722 1198/1953/1723
f 1198/1953/1723 1197/1952/1722 1194/1949/1719 1193/1948/1718
f 1190/1945/1715 1199/1954/1724 1200/1955/1725 1191/1946/1716
f 1200/1955/1725 1201/1956/1726 1193/1948/1718 1191/1946/1716
f 1202/1957/1727 1195/1950/1720 1198/1953/1723 1203/1958/1728
f 1203/1958/1728 1198/1953/1723 1193/1948/1718 1201/1956/1726
f 1188/1959/1713 1185/1960/1712 1208/1961/1729 1209/1962/1730
f 1209/1962/1730 1208/1961/1729 1207/1963/1731 1210/1964/1732
f 1210/1964/1732 1207/1963/1731 1205/1965/1733 1211/1966/1734
f 1212/1967/1735 1213/1968/1736 1214/1969/1737 1215/1970/1738
f 1216/1971/1739 1217/1972/1740 1218/1973/1741 1219/1974/1742
f 1220/1975/1743 1216/1971/1739 1219/1974/1742 1221/1976/1744
f 1215/1970/1738 1220/1975/1743 1221/1976/1744 1222/1977/1745
f 1223/1978/1746 1212/1967/1735 1215/1970/1738 1222/1977/1745
f 1218/1973/1741 1189/1979/1714 1192/1980/1717 1219/1974/1742
f 1192/1980/1717 1194/1981/1719 1221/1976/1744 1219/1974/1742
f 1196/1982/1721 1223/1978/1746 1222/1977/1745 1197/1983/1722
f 1197/1983/1722 1222/1977/1745 1221/1976/1744 1194/1981/1719
f 1224/1984/1747 1225/1985/1748 1226/1986/1749 1227/1987/1750
f 1227/1988/1750 1226/1989/1749 1228/1990/1751 1229/1991/1752
f 1230/1992/1753 1224/1993/1747 1227/1994/1750 1231/1995/1754
f 1231/1996/1754 1227/1988/1750 1229/1991/1752 1232/1997/1755
f 1233/1998/1756 1214/1969/1737 1213/1968/1736 1234/1999/1757
s 94
f 1235/2000/1758 1236/2001/1759 1237/2002/1760
s 91
f 1238/2003/1761 1233/1998/1756 1234/1999/1757 1236/2004/1762
f 1232/1997/1755 1229/1991/1752 1233/1998/1756 1238/2003/1761
f 1239/2005/1763 1224/2006/1747 1230/2007/1753 1237/2008/1764
s 94
f 1238/2009/1765 1235/2000/1758 1232/2010/1766
f 1237/2002/1760 1230/2011/1767 1235/2000/1758
f 1235/2000/1758 1230/2011/1767 1231/2012/1768
s 91
f 1205/1965/1733 1204/2013/1769 1239/2014/1770 1211/1966/1734
s 95
f 1239/2014/1771 1204/2013/1772 1206/2015/1773 1224/2016/1774
s 91
f 1182/2017/1775 1225/2018/1748 1224/2019/1747 1206/2020/1776
f 1240/2021/1777 1241/2022/1778 1242/2023/1779
f 1240/2021/1777 1242/2023/1779 1243/2024/1780 1244/2025/1781
f 1244/2025/1781 1243/2024/1780 1245/2026/1782 1246/2027/1783
f 1215/2028/1738 1214/2029/1737 1246/2030/1783 1247/2031/1784
f 1215/2032/1738 1247/2033/1784 1248/2034/1785
f 1249/2035/1786 1250/2036/1787 1251/2037/1788 1252/2038/1789
s off
f 1229/2039/1790 1249/2040/1791 1253/2041/1792 1233/2042/1793
s 91
f 1254/2043/1794 1250/2044/1787 1249/2045/1786 1229/2046/1795
f 1255/2047/1796 1249/2035/1786 1252/2038/1789 1256/2048/1797
f 1257/2049/1798 1240/2021/1777 1244/2025/1781 1258/2050/1799
f 1258/2050/1799 1244/2025/1781 1246/2027/1783 1253/2051/1800
s 97
f 1259/2052/1801 1260/2053/1802 1261/2054/1803
s 91
f 1233/2055/1804 1253/2056/1805 1246/2057/1783 1214/2058/1737
f 1262/2059/1806 1257/2049/1798 1258/2050/1799 1260/2060/1807
f 1260/2060/1807 1258/2050/1799 1253/2051/1800 1261/2061/1808
f 1255/2047/1796 1261/2062/1808 1253/2063/1800 1249/2035/1786
f 1257/2064/1798 1262/2065/1806 1263/2066/1809 1264/2067/1810
s 97
f 1261/2054/1803 1255/2068/1811 1259/2052/1801
f 1262/2069/1812 1259/2052/1801 1263/2070/1813
f 1259/2052/1801 1255/2068/1811 1256/2071/1814
s 91
f 1265/2072/1815 1266/2073/1816 1267/2074/1817 1268/2075/1818
s off
f 1264/2076/1819 1266/2077/1820 1269/2078/1821 1257/2049/1822
s 91
f 1270/2079/1823 1266/2073/1816 1265/2072/1815 1271/2080/1824
f 1272/2081/1825 1273/2082/1826 1274/2083/1827 1275/2084/1828
f 1269/2078/1829 1275/2084/1828 1274/2083/1827 1276/2085/1830
s 99
f 1277/2086/1831 1278/2087/1832 1279/2088/1833
s 91
f 1280/2089/1834 1272/2081/1825 1275/2084/1828 1278/2090/1835
f 1278/2090/1835 1275/2084/1828 1269/2078/1829 1279/2091/1836
f 1270/2079/1823 1279/2092/1836 1269/2093/1829 1266/2073/1816
f 1272/2094/1825 1280/2095/1834 1281/2096/1837 1282/2097/1838
s 99
f 1279/2088/1833 1270/2098/1839 1277/2086/1831
f 1280/2099/1840 1277/2086/1831 1281/2100/1841
f 1277/2086/1831 1270/2098/1839 1271/2101/1842
s off
f 1282/2102/1843 1283/2103/1844 1284/2104/1845 1272/2081/1846
s 91
f 1267/2074/1817 1266/2073/1816 1264/2067/1810 1285/2105/1847
f 1241/2022/1778 1240/2021/1777 1257/2049/1848 1269/2078/1849
f 1283/2106/1850 1282/2097/1838 1286/2107/1851
s 101
f 1272/2081/1852 1284/2104/1853 1273/2082/1854
s 91
f 1248/2108/1785 1247/2109/1784 1287/2110/1855
f 1287/2111/1855 1247/2112/1784 1288/2113/1856 1289/2114/1857
f 1290/2115/1858 1291/2116/1859 1292/2117/1860 1293/2118/1861
f 1294/2119/1862 1290/2115/1858 1293/2118/1861 1295/2120/1863
f 1296/2121/1864 1297/2122/1865 1293/2118/1861 1298/2123/1866
f 1298/2123/1866 1293/2118/1861 1292/2117/1860 1299/2124/1867
f 1300/2125/1868 1301/2126/1869 1302/2127/1870 1303/2128/1871
f 1304/2129/1872 1300/2125/1868 1303/2128/1871 1305/2130/1873
f 1306/2131/1874 1305/2130/1873 1303/2128/1871 1307/2132/1875
f 1307/2132/1875 1303/2128/1871 1302/2127/1870 1308/2133/1876
f 1309/2134/1877 1310/2135/1878 1159/2136/1674 1158/2137/1673
f 1311/2138/1879 1309/2134/1877 1158/2137/1673 1162/2139/1678
f 1312/2140/1880 1313/2141/1881 1314/2142/1882 1315/2143/1883
f 1315/2143/1883 1314/2142/1882 1170/2144/1687 1169/2145/1688
f 1316/2146/1884 1312/2140/1880 1315/2143/1883 1317/2147/1885
f 1317/2147/1885 1315/2143/1883 1169/2145/1688 1318/2148/1886
f 1168/2149/1887 1159/2136/1674 1310/2135/1878 1319/2150/1888
s 102
f 1320/2151/1889 1321/2152/1890 1322/2153/1891
s 91
f 1323/2154/1892 1168/2149/1887 1319/2150/1888 1321/2155/1893
f 1318/2148/1886 1169/2145/1688 1168/2156/1887 1323/2157/1892
f 1324/2158/1894 1312/2140/1880 1316/2146/1884 1322/2159/1895
s 102
f 1323/2160/1896 1320/2151/1889 1318/2161/1897
f 1322/2153/1891 1316/2162/1898 1320/2151/1889
f 1320/2151/1889 1316/2162/1898 1317/2163/1899
s 91
f 1325/2164/1900 1326/2165/1901 1327/2166/1902 1328/2167/1903
f 1328/2167/1903 1327/2166/1902 1329/2168/1904 1330/2169/1905
f 1331/2170/1906 1325/2164/1900 1328/2167/1903 1332/2171/1907
f 1332/2171/1907 1328/2167/1903 1330/2169/1905 1333/2172/1908
f 1334/2173/1909 1302/2127/1870 1301/2126/1869 1335/2174/1910
s 103
f 1336/2175/1911 1337/2176/1912 1338/2177/1913
s 91
f 1339/2178/1914 1334/2173/1909 1335/2174/1910 1337/2179/1915
f 1333/2172/1908 1330/2169/1905 1334/2180/1909 1339/2181/1914
f 1340/2182/1916 1325/2164/1900 1331/2170/1906 1338/2183/1917
s 103
f 1339/2184/1918 1336/2175/1911 1333/2185/1919
f 1338/2177/1913 1331/2186/1920 1336/2175/1911
f 1336/2175/1911 1331/2186/1920 1332/2187/1921
s 91
f 1324/2188/1922 1308/2133/1876 1302/2127/1870 1334/2173/1923
s off
f 1312/2189/1924 1324/2188/1925 1334/2173/1926 1330/2190/1927
s 91
f 1329/2168/1904 1313/2141/1881 1312/2140/1880 1330/2169/1905
f 1341/2191/1928 1342/2192/1929 1343/2193/1930 1344/2194/1931
f 1344/2194/1931 1343/2193/1930 1345/2195/1932 1346/2196/1933
f 1347/2197/1934 1341/2191/1928 1344/2194/1931 1348/2198/1935
f 1348/2198/1935 1344/2194/1931 1346/2196/1933 1349/2199/1936
f 1350/2200/1937 1292/2117/1860 1291/2116/1859 1351/2201/1938
s 105
f 1352/2202/1939 1353/2203/1940 1354/2204/1941
s 91
f 1355/2205/1942 1350/2200/1937 1351/2201/1938 1353/2206/1943
f 1349/2199/1936 1346/2196/1933 1350/2207/1937 1355/2208/1942
f 1356/2209/1944 1341/2191/1928 1347/2197/1934 1354/2210/1945
s 105
f 1355/2211/1946 1352/2202/1939 1349/2212/1947
f 1354/2204/1941 1347/2213/1948 1352/2202/1939
f 1352/2202/1939 1347/2213/1948 1348/2214/1949
s 91
f 1340/2215/1950 1299/2124/1867 1292/2117/1860 1350/2200/1951
s off
f 1325/2216/1952 1340/2215/1953 1350/2200/1954 1346/2217/1955
s 91
f 1345/2195/1932 1326/2165/1901 1325/2164/1900 1346/2196/1933
f 1356/2218/1956 1289/2219/1857 1288/2220/1856 1357/2221/1957
s off
f 1341/2222/1958 1356/2223/1959 1357/2224/1960 1358/2225/1961
s 91
f 1359/2226/1962 1342/2227/1929 1341/2228/1928 1358/2229/1963
f 1242/2230/1779 1241/2231/1778 1360/2232/1964
f 1243/2233/1780 1361/2234/1965 1288/2235/1856 1245/2236/1782
f 1362/2237/1966 1363/2238/1967 1364/2239/1968 1365/2240/1969
f 1365/2240/1969 1364/2239/1968 1359/2241/1962 1358/2242/1963
f 1366/2243/1970 1362/2237/1966 1365/2240/1969 1367/2244/1971
f 1367/2244/1971 1365/2240/1969 1358/2242/1963 1368/2245/1972
f 1357/2246/1973 1288/2235/1856 1361/2234/1965 1369/2247/1974
s 108
f 1370/2248/1975 1371/2249/1976 1372/2250/1977
s 91
f 1371/2251/1978 1357/2246/1973 1369/2247/1974 1372/2252/1979
f 1368/2245/1972 1358/2242/1963 1357/2253/1973 1371/2254/1978
f 1373/2255/1980 1362/2237/1966 1366/2243/1970 1374/2256/1981
s 108
f 1371/2249/1976 1370/2248/1975 1368/2257/1982
f 1374/2258/1983 1366/2259/1984 1370/2248/1975
f 1370/2248/1975 1367/2260/1985 1368/2257/1982
s 91
f 1375/2261/1986 1286/2262/1851 1268/2263/1818 1376/2264/1987
f 1377/2265/1988 1376/2264/1987 1268/2263/1818 1267/2266/1817
f 1378/2267/1989 1375/2261/1986 1376/2264/1987 1379/2268/1990
f 1379/2268/1990 1376/2264/1987 1377/2265/1988 1380/2269/1991
f 1381/2270/1992 1382/2271/1993 1276/2272/1830 1274/2273/1827
s 109
f 1383/2274/1994 1384/2275/1995 1385/2276/1996
s 91
f 1386/2277/1997 1382/2271/1993 1381/2270/1992 1384/2278/1998
f 1380/2269/1991 1377/2265/1988 1382/2279/1993 1386/2280/1997
f 1387/2281/1999 1375/2261/1986 1378/2267/1989 1385/2282/2000
s 109
f 1386/2283/2001 1383/2274/1994 1380/2284/2002
f 1385/2276/1996 1378/2285/2003 1383/2274/1994
f 1383/2274/1994 1378/2285/2003 1379/2286/2004
s 91
f 1373/2287/2005 1360/2232/1964 1241/2231/1778 1382/2271/2006
s off
f 1377/2288/2007 1362/2289/2008 1373/2287/2009 1382/2271/2010
f 1375/2290/2011 1387/2291/2012 1284/2292/2013 1283/2293/2014
s 91
f 1295/2120/1863 1293/2118/1861 1297/2122/1865
f 1377/2265/1988 1267/2266/1817 1363/2238/1967 1362/2237/1966
s 101
f 1284/2292/1853 1387/2291/2015 1273/2294/1854
s 91
f 1283/2295/1850 1286/2262/1851 1375/2261/1986
s 112
f 1276/2085/2016 1241/2022/2017 1269/2078/2018
f 1276/2272/2016 1382/2271/2019 1241/2231/2017
s 91
f 1245/2026/1782 1247/2296/1784 1246/2027/1783
f 1245/2236/1782 1288/2235/1856 1247/2297/1784
f 1186/1938/1708 1187/1941/1711 1195/1950/1720 1202/1957/1727
f 1187/1941/1711 1188/1943/1713 1196/1951/1721 1195/1950/1720
f 1188/1959/1713 1209/1962/1730 1223/1978/1746 1196/1982/1721
f 1209/1962/1730 1210/1964/1732 1212/1967/1735 1223/1978/1746
f 1210/1964/1732 1211/1966/1734 1213/1968/1736 1212/1967/1735
f 1239/2014/1763 1234/1999/1757 1213/1968/1736 1211/1966/1734
f 1237/2298/1764 1236/2004/1762 1234/1999/1757 1239/2014/1763
f 1242/2230/1779 1360/2232/1964 1361/2234/1965 1243/2233/1780
f 1373/2287/1980 1369/2247/1974 1361/2234/1965 1360/2232/1964
f 1374/2299/1981 1372/2252/1979 1369/2247/1974 1373/2287/1980
f 1264/2067/1810 1252/2038/1789 1251/2037/1788 1285/2105/1847
f 1263/2066/1809 1256/2048/1797 1252/2038/1789 1264/2067/1810
f 1282/2097/1838 1265/2072/1815 1268/2075/1818 1286/2107/1851
f 1281/2096/1837 1271/2080/1824 1265/2072/1815 1282/2097/1838
f 1387/2291/1999 1381/2270/1992 1274/2273/1827 1273/2294/1826
f 1385/2300/2000 1384/2278/1998 1381/2270/1992 1387/2291/1999
f 1248/2301/1785 1287/2302/1855 1290/2115/1858 1294/2119/1862
f 1287/2302/1855 1289/2303/1857 1291/2116/1859 1290/2115/1858
f 1356/2304/1944 1351/2201/1938 1291/2116/1859 1289/2303/1857
f 1354/2305/1945 1353/2206/1943 1351/2201/1938 1356/2304/1944
f 1296/2121/1864 1298/2123/1866 1300/2125/1868 1304/2129/1872
f 1298/2123/1866 1299/2124/1867 1301/2126/1869 1300/2125/1868
f 1340/2215/1916 1335/2174/1910 1301/2126/1869 1299/2124/1867
f 1338/2306/1917 1337/2179/1915 1335/2174/1910 1340/2215/1916
f 1306/2131/1874 1307/2132/1875 1309/2134/1877 1311/2138/1879
f 1307/2132/1875 1308/2133/1876 1310/2135/1878 1309/2134/1877
f 1324/2188/1894 1319/2150/1888 1310/2135/1878 1308/2133/1876
f 1322/2307/1895 1321/2155/1893 1319/2150/1888 1324/2188/1894
f 1180/1933/1703 1166/1904/1682 1165/1903/1681 1181/2308/2020
f 1179/1932/1702 1172/1914/1690 1166/1904/1682 1180/1933/1703
s 93
f 1175/1918/1694 1177/1920/1696 1178/1934/1704
f 1175/1918/1694 1171/1935/1705 1172/1937/1707
s 102
f 1320/2151/1889 1317/2163/1899 1318/2161/1897
f 1320/2151/1889 1323/2160/1896 1321/2152/1890
s 103
f 1336/2175/1911 1332/2187/1921 1333/2185/1919
f 1336/2175/1911 1339/2184/1918 1337/2176/1912
s 105
f 1352/2202/1939 1348/2214/1949 1349/2212/1947
f 1352/2202/1939 1355/2211/1946 1353/2203/1940
s 109
f 1383/2274/1994 1379/2286/2004 1380/2284/2002
f 1383/2274/1994 1386/2283/2001 1384/2275/1995
s 108
f 1370/2248/1975 1372/2250/1977 1374/2258/1983
f 1370/2248/1975 1366/2259/1984 1367/2260/1985
s 99
f 1277/2086/1831 1271/2101/1842 1281/2100/1841
f 1277/2086/1831 1280/2099/1840 1278/2087/1832
s 97
f 1259/2052/1801 1256/2071/1814 1263/2070/1813
f 1259/2052/1801 1262/2069/1812 1260/2053/1802
s 94
f 1235/2000/1758 1231/2012/1768 1232/2010/1766
f 1235/2000/1758 1238/2009/1765 1236/2001/1759
s 91
f 1388/2309/2021 1208/2310/1729 1185/2311/1712 1389/2312/2022
f 1390/2313/2023 1207/2314/1731 1208/2310/1729 1388/2309/2021
f 1391/2315/2024 1205/2316/1733 1207/2314/1731 1390/2313/2023
f 1391/2315/2024 1390/2313/2023 1392/2317/2025 1393/2318/2026
f 1393/2318/2026 1392/2317/2025 1394/2319/2027 1395/2320/2028
f 1395/2320/2028 1394/2319/2027 1396/2321/2029 1397/2322/2030
f 1390/2313/2023 1388/2309/2021 1398/2323/2031 1392/2317/2025
f 1394/2319/2027 1392/2317/2025 1398/2323/2031 1399/2324/2032
f 1394/2319/2027 1399/2324/2032 1400/2325/2033 1396/2321/2029
f 1388/2309/2021 1389/2312/2022 1401/2326/2034 1398/2323/2031
f 1399/2324/2032 1398/2323/2031 1401/2326/2034 1402/2327/2035
f 1399/2324/2032 1402/2327/2035 1403/2328/2036 1400/2325/2033
f 1397/2322/2030 1396/2321/2029 1404/2329/2037 1405/2330/2038
f 1405/2330/2038 1404/2329/2037 1406/2331/2039 1407/2332/2040
f 1407/2332/2040 1406/2331/2039 1408/2333/2041 1409/2334/2042
f 1396/2321/2029 1400/2325/2033 1410/2335/2043 1404/2329/2037
f 1406/2331/2039 1404/2329/2037 1410/2335/2043 1411/2336/2044
f 1406/2331/2039 1411/2336/2044 1412/2337/2045 1408/2333/2041
f 1400/2325/2033 1403/2328/2036 1413/2338/2046 1410/2335/2043
f 1411/2336/2044 1410/2335/2043 1413/2338/2046 1414/2339/2047
f 1411/2336/2044 1414/2339/2047 1415/2340/2048 1412/2337/2045
f 1409/2334/2042 1408/2333/2041 1416/2341/2049 1417/2342/2050
f 1417/2342/2050 1416/2341/2049 1418/2343/2051 1419/2344/2052
f 1073/2345/2053 1072/2346/2054 1419/2344/2052 1418/2343/2051
f 1408/2333/2041 1412/2337/2045 1420/2347/2055 1416/2341/2049
f 1418/2343/2051 1416/2341/2049 1420/2347/2055 1421/2348/2056
f 1076/2349/2057 1073/2345/2053 1418/2343/2051 1421/2348/2056
f 1412/2337/2045 1415/2340/2048 1422/2350/2058 1420/2347/2055
f 1421/2348/2056 1420/2347/2055 1422/2350/2058 1423/2351/2059
f 1079/2352/2060 1076/2349/2057 1421/2348/2056 1423/2351/2059
f 1424/2353/2061 1425/2354/2062 1426/2355/2063 1427/2356/2064
s off
f 1086/2357/2065 1088/2358/2066 1424/2359/2067 1428/2360/2068
s 91
f 1425/2354/2062 1424/2353/2061 1088/2361/2069 1089/2362/2070
f 1429/2363/2071 1424/2353/2061 1427/2356/2064 1430/2364/2072
f 1431/2365/2073 1409/2334/2042 1417/2342/2050 1432/2366/2074
f 1432/2366/2074 1417/2342/2050 1419/2344/2052 1428/2360/2075
s 114
f 1433/2367/2076 1434/2368/2077 1435/2369/2078
s 91
f 1419/2344/2052 1072/2346/2054 1086/2357/2079 1428/2360/2080
f 1436/2370/2081 1431/2365/2073 1432/2366/2074 1434/2371/2082
f 1434/2371/2082 1432/2366/2074 1428/2360/2075 1435/2372/2083
f 1429/2363/2071 1435/2373/2083 1428/2374/2075 1424/2353/2061
f 1431/2375/2073 1436/2376/2081 1437/2377/2084 1438/2378/2085
s 114
f 1435/2369/2078 1429/2379/2086 1433/2367/2076
f 1436/2380/2087 1433/2367/2076 1437/2381/2088
f 1433/2367/2076 1429/2379/2086 1430/2382/2089
s 91
f 1439/2383/2090 1440/2384/2091 1441/2385/2092 1442/2386/2093
s off
f 1439/2387/2094 1443/2388/2095 1431/2365/2096 1438/2389/2097
s 91
f 1444/2390/2098 1440/2384/2091 1439/2383/2090 1438/2378/2085
f 1445/2391/2099 1439/2383/2090 1442/2386/2093 1446/2392/2100
f 1447/2393/2101 1397/2322/2030 1405/2330/2038 1448/2394/2102
f 1448/2394/2102 1405/2330/2038 1407/2332/2040 1443/2388/2103
s 116
f 1449/2395/2104 1450/2396/2105 1451/2397/2106
s 91
f 1443/2388/2107 1407/2332/2040 1409/2334/2042 1431/2365/2108
f 1452/2398/2109 1447/2393/2101 1448/2394/2102 1450/2399/2110
f 1450/2399/2110 1448/2394/2102 1443/2388/2103 1451/2400/2111
f 1445/2391/2099 1451/2401/2111 1443/2402/2103 1439/2383/2090
f 1447/2403/2101 1452/2404/2109 1453/2405/2112 1454/2406/2113
s 116
f 1451/2397/2106 1445/2407/2114 1449/2395/2104
f 1452/2408/2115 1449/2395/2104 1453/2409/2116
f 1449/2395/2104 1445/2407/2114 1446/2410/2117
s 91
f 1455/2411/2118 1456/2412/2119 1457/2413/2120 1458/2414/2121
s off
f 1455/2415/2122 1459/2416/2123 1447/2393/2124 1454/2417/2125
s 91
f 1460/2418/2126 1456/2412/2119 1455/2411/2118 1454/2406/2113
f 1461/2419/2127 1455/2411/2118 1458/2414/2121 1462/2420/2128
f 1463/2421/2129 1391/2315/2024 1393/2318/2026 1464/2422/2130
f 1464/2422/2130 1393/2318/2026 1395/2320/2028 1459/2416/2131
s 118
f 1465/2423/2132 1466/2424/2133 1467/2425/2134
s 91
f 1459/2416/2135 1395/2320/2028 1397/2322/2030 1447/2393/2136
f 1468/2426/2137 1463/2421/2129 1464/2422/2130 1466/2427/2138
f 1466/2427/2138 1464/2422/2130 1459/2416/2131 1467/2428/2139
f 1461/2419/2127 1467/2429/2139 1459/2430/2131 1455/2411/2118
f 1463/2431/2129 1468/2432/2137 1469/2433/2140 1470/2434/2141
s 118
f 1467/2425/2134 1461/2435/2142 1465/2423/2132
f 1468/2436/2143 1465/2423/2132 1469/2437/2144
f 1465/2423/2132 1461/2435/2142 1462/2438/2145
s 91
f 1205/2316/1733 1391/2315/2024 1463/2421/2146 1204/2439/1769
s 95
f 1463/2421/2147 1470/2440/2148 1206/2441/1773 1204/2439/1772
s 91
f 1182/2442/1775 1206/2443/1776 1470/2434/2141 1471/2444/2149
f 1473/2445/2150 1183/2446/1710 1184/2447/1709 1472/2448/2151
f 1389/2449/2022 1185/2450/1712 1183/2446/1710 1473/2445/2150
f 1389/2449/2022 1473/2445/2150 1474/2451/2152 1401/2452/2034
f 1402/2453/2035 1401/2452/2034 1474/2451/2152 1475/2454/2153
f 1403/2455/2036 1402/2453/2035 1475/2454/2153 1476/2456/2154
f 1473/2445/2150 1472/2448/2151 1477/2457/2155 1474/2451/2152
f 1475/2454/2153 1474/2451/2152 1477/2457/2155 1478/2458/2156
f 1475/2454/2153 1478/2458/2156 1479/2459/2157 1476/2456/2154
f 1403/2455/2036 1476/2456/2154 1480/2460/2158 1413/2461/2046
f 1414/2462/2047 1413/2461/2046 1480/2460/2158 1481/2463/2159
f 1415/2464/2048 1414/2462/2047 1481/2463/2159 1482/2465/2160
f 1476/2456/2154 1479/2459/2157 1483/2466/2161 1480/2460/2158
f 1481/2463/2159 1480/2460/2158 1483/2466/2161 1484/2467/2162
f 1481/2463/2159 1484/2467/2162 1485/2468/2163 1482/2465/2160
f 1415/2464/2048 1482/2465/2160 1486/2469/2164 1422/2470/2058
f 1423/2471/2059 1422/2470/2058 1486/2469/2164 1487/2472/2165
f 1147/2473/2166 1079/2474/2060 1423/2471/2059 1487/2472/2165
f 1482/2465/2160 1485/2468/2163 1488/2475/2167 1486/2469/2164
f 1487/2472/2165 1486/2469/2164 1488/2475/2167 1489/2476/2168
f 1150/2477/2169 1147/2473/2166 1487/2472/2165 1489/2476/2168
f 1438/2378/2085 1427/2356/2064 1426/2355/2063 1444/2390/2098
f 1437/2377/2084 1430/2364/2072 1427/2356/2064 1438/2378/2085
f 1454/2406/2113 1442/2386/2093 1441/2385/2092 1460/2418/2126
f 1453/2405/2112 1446/2392/2100 1442/2386/2093 1454/2406/2113
f 1470/2434/2141 1458/2414/2121 1457/2413/2120 1471/2444/2149
f 1469/2433/2140 1462/2420/2128 1458/2414/2121 1470/2434/2141
s 118
f 1465/2423/2132 1462/2438/2145 1469/2437/2144
f 1465/2423/2132 1468/2436/2143 1466/2424/2133
s 116
f 1449/2395/2104 1452/2408/2115 1450/2396/2105
f 1449/2395/2104 1446/2410/2117 1453/2409/2116
s 114
f 1433/2367/2076 1430/2382/2089 1437/2381/2088
f 1433/2367/2076 1436/2380/2087 1434/2368/2077
s 119
f 1490/2478/2170 1491/2479/2171 1492/2480/2172 1493/2481/2173
f 1493/2481/2173 1492/2480/2172 1494/2482/2174 1495/2483/2175
f 1151/2484/2176 1495/2483/2175 1494/2482/2174 1152/2485/2177
f 1491/2479/2171 1496/2486/2178 1497/2487/2179 1492/2480/2172
f 1492/2480/2172 1497/2487/2179 1498/2488/2180 1494/2482/2174
f 1152/2485/2177 1494/2482/2174 1498/2488/2180 1153/2489/2181
f 1499/2490/2182 1500/2491/2183 1501/2492/2184 1502/2493/2185
s off
f 1499/2494/2186 1503/2495/2187 1173/2496/2188 1180/2497/2189
s 119
f 1181/2498/2190 1500/2491/2183 1499/2490/2182 1180/2499/2191
f 1504/2500/2192 1499/2490/2182 1502/2493/2185 1505/2501/2193
f 1506/2502/2194 1490/2478/2170 1493/2481/2173 1507/2503/2195
f 1507/2503/2195 1493/2481/2173 1495/2483/2175 1503/2495/2196
s 121
f 1508/2504/2197 1509/2505/2198 1510/2506/2199
s 119
f 1503/2495/2200 1495/2483/2175 1151/2484/2176 1173/2496/2201
f 1511/2507/2202 1506/2502/2194 1507/2503/2195 1509/2508/2203
f 1509/2508/2203 1507/2503/2195 1503/2495/2196 1510/2509/2204
f 1504/2500/2192 1510/2510/2204 1503/2511/2196 1499/2490/2182
f 1506/2512/2194 1511/2513/2202 1512/2514/2205 1513/2515/2206
s 121
f 1510/2506/2199 1504/2516/2207 1508/2504/2197
f 1511/2517/2208 1508/2504/2197 1512/2518/2209
f 1508/2504/2197 1504/2516/2207 1505/2519/2210
s 119
f 1514/2520/2211 1515/2521/2212 1516/2522/2213
f 1514/2523/2211 1516/2524/2213 1517/2525/2214 1518/2526/2215
f 1519/2527/2216 1518/2528/2215 1517/2529/2214 1520/2530/2217
s off
f 1521/2531/2218 1519/2532/2219 1520/2533/2220 1522/2534/2221
s 119
f 1523/2535/2222 1524/2536/2223 1521/2537/2224 1522/2538/2225
f 1525/2539/2226 1526/2540/2227 1527/2541/2228
f 1528/2542/2229 1529/2543/2230 1517/2544/2214 1530/2545/2231
f 1531/2546/2232 1532/2547/2233 1533/2548/2234 1534/2549/2235
f 1534/2549/2235 1533/2548/2234 1523/2550/2222 1522/2551/2225
f 1535/2552/2236 1531/2546/2232 1534/2549/2235 1536/2553/2237
f 1536/2553/2237 1534/2549/2235 1522/2551/2225 1537/2554/2238
f 1520/2555/2239 1517/2544/2214 1529/2543/2230 1538/2556/2240
s 123
f 1539/2557/2241 1540/2558/2242 1541/2559/2243
s 119
f 1542/2560/2244 1520/2555/2239 1538/2556/2240 1540/2561/2245
f 1537/2554/2238 1522/2551/2225 1520/2562/2239 1542/2563/2244
f 1543/2564/2246 1531/2546/2232 1535/2552/2236 1541/2565/2247
s 123
f 1542/2566/2248 1539/2557/2241 1537/2567/2249
f 1541/2559/2243 1535/2568/2250 1539/2557/2241
f 1539/2557/2241 1535/2568/2250 1536/2569/2251
s 119
f 1544/2570/2252 1545/2571/2253 1546/2572/2254 1547/2573/2255
f 1548/2574/2256 1547/2573/2255 1546/2572/2254 1549/2575/2257
f 1550/2576/2258 1544/2570/2252 1547/2573/2255 1551/2577/2259
f 1551/2577/2259 1547/2573/2255 1548/2574/2256 1552/2578/2260
f 1553/2579/2261 1554/2580/2262 1555/2581/2263 1556/2582/2264
s 124
f 1557/2583/2265 1558/2584/2266 1559/2585/2267
s 119
f 1560/2586/2268 1554/2580/2262 1553/2579/2261 1558/2587/2269
f 1552/2578/2260 1548/2574/2256 1554/2588/2262 1560/2589/2268
f 1561/2590/2270 1544/2570/2252 1550/2576/2258 1559/2591/2271
s 124
f 1560/2592/2272 1557/2583/2265 1552/2593/2273
f 1559/2585/2267 1550/2594/2274 1557/2583/2265
f 1557/2583/2265 1550/2594/2274 1551/2595/2275
s 119
f 1554/2580/2276 1543/2596/2277 1527/2541/2228 1526/2540/2227
s off
f 1531/2597/2278 1543/2596/2279 1554/2580/2280 1548/2598/2281
s 119
f 1530/2545/2231 1517/2544/2214 1516/2599/2213
f 1531/2546/2232 1548/2574/2256 1549/2575/2257 1532/2547/2233
s 126
f 1555/2581/2282 1554/2580/2283 1526/2540/2284
s 127
f 1561/2600/2285 1562/2601/2286 1563/2602/2287
s 119
f 1545/2571/2253 1544/2570/2252 1564/2603/2288
f 1565/2604/2289 1566/2605/2290 1567/2606/2291 1568/2607/2292
f 1568/2607/2292 1567/2606/2291 1569/2608/2293 1570/2609/2294
f 1571/2610/2295 1570/2609/2294 1569/2608/2293 1572/2611/2296
f 1566/2605/2290 1515/2612/2212 1573/2613/2297 1567/2606/2291
f 1567/2606/2291 1573/2613/2297 1574/2614/2298 1569/2608/2293
f 1572/2611/2296 1569/2608/2293 1575/2615/2299 1576/2616/2300
f 1571/2610/2295 1572/2611/2296 1577/2617/2301 1578/2618/2302
f 1578/2618/2302 1577/2617/2301 1579/2619/2303 1580/2620/2304
f 1581/2621/2305 1580/2620/2304 1579/2619/2303 1582/2622/2306
f 1572/2611/2296 1576/2616/2300 1583/2623/2307 1577/2617/2301
f 1577/2617/2301 1583/2623/2307 1584/2624/2308 1579/2619/2303
f 1582/2622/2306 1579/2619/2303 1584/2624/2308 1585/2625/2309
f 1581/2621/2305 1582/2622/2306 1586/2626/2310 1587/2627/2311
f 1587/2627/2311 1586/2626/2310 1588/2628/2312 1589/2629/2313
f 1490/2630/2170 1589/2631/2313 1588/2632/2312 1491/2633/2171
f 1582/2622/2306 1585/2625/2309 1590/2634/2314 1586/2626/2310
f 1586/2626/2310 1590/2634/2314 1591/2635/2315 1588/2628/2312
f 1491/2636/2171 1588/2637/2312 1591/2638/2315 1496/2639/2178
f 1592/2640/2316 1593/2641/2317 1594/2642/2318 1595/2643/2319
s off
f 1513/2644/2320 1592/2645/2321 1596/2646/2322 1506/2647/2323
s 119
f 1597/2648/2324 1593/2649/2317 1592/2650/2316 1513/2651/2206
f 1598/2652/2325 1592/2640/2316 1595/2643/2319 1599/2653/2326
f 1600/2654/2327 1581/2621/2305 1587/2627/2311 1601/2655/2328
f 1601/2655/2328 1587/2627/2311 1589/2629/2313 1596/2656/2329
s 129
f 1602/2657/2330 1603/2658/2331 1604/2659/2332
s 119
f 1506/2660/2333 1596/2661/2334 1589/2662/2313 1490/2663/2170
f 1605/2664/2335 1600/2654/2327 1601/2655/2328 1603/2665/2336
f 1603/2665/2336 1601/2655/2328 1596/2656/2329 1604/2666/2337
f 1598/2652/2325 1604/2667/2337 1596/2668/2329 1592/2640/2316
f 1600/2669/2327 1605/2670/2335 1606/2671/2338 1607/2672/2339
s 129
f 1604/2659/2332 1598/2673/2340 1602/2657/2330
f 1605/2674/2341 1602/2657/2330 1606/2675/2342
f 1602/2657/2330 1598/2673/2340 1599/2676/2343
s 119
f 1608/2677/2344 1609/2678/2345 1610/2679/2346 1611/2680/2347
s off
f 1608/2681/2348 1612/2682/2349 1600/2654/2350 1607/2683/2351
s 119
f 1613/2684/2352 1609/2678/2345 1608/2677/2344 1607/2672/2339
f 1614/2685/2353 1608/2677/2344 1611/2680/2347 1615/2686/2354
f 1616/2687/2355 1571/2610/2295 1578/2618/2302 1617/2688/2356
f 1617/2688/2356 1578/2618/2302 1580/2620/2304 1612/2682/2357
s 131
f 1618/2689/2358 1619/2690/2359 1620/2691/2360
s 119
f 1612/2682/2361 1580/2620/2304 1581/2621/2305 1600/2654/2362
f 1621/2692/2363 1616/2687/2355 1617/2688/2356 1619/2693/2364
f 1619/2693/2364 1617/2688/2356 1612/2682/2357 1620/2694/2365
f 1614/2685/2353 1620/2695/2365 1612/2696/2357 1608/2677/2344
f 1616/2697/2355 1621/2698/2363 1622/2699/2366 1623/2700/2367
s 131
f 1620/2691/2360 1614/2701/2368 1618/2689/2358
f 1621/2702/2369 1618/2689/2358 1622/2703/2370
f 1618/2689/2358 1614/2701/2368 1615/2704/2371
s 119
f 1624/2705/2372 1625/2706/2373 1626/2707/2374 1627/2708/2375
s off
f 1624/2709/2376 1628/2710/2377 1616/2687/2378 1623/2711/2379
s 119
f 1629/2712/2380 1625/2706/2373 1624/2705/2372 1623/2700/2367
f 1630/2713/2381 1624/2705/2372 1627/2708/2375 1631/2714/2382
f 1632/2715/2383 1565/2604/2289 1568/2607/2292 1633/2716/2384
f 1633/2716/2384 1568/2607/2292 1570/2609/2294 1628/2710/2385
s 133
f 1634/2717/2386 1635/2718/2387 1636/2719/2388
s 119
f 1628/2710/2389 1570/2609/2294 1571/2610/2295 1616/2687/2390
f 1637/2720/2391 1632/2715/2383 1633/2716/2384 1635/2721/2392
f 1635/2721/2392 1633/2716/2384 1628/2710/2385 1636/2722/2393
f 1630/2713/2381 1636/2723/2393 1628/2724/2385 1624/2705/2372
f 1632/2725/2383 1637/2726/2391 1638/2727/2394 1639/2728/2395
s 133
f 1636/2719/2388 1630/2729/2396 1634/2717/2386
f 1637/2730/2397 1634/2717/2386 1638/2731/2398
f 1634/2717/2386 1630/2729/2396 1631/2732/2399
s 119
f 1640/2733/2400 1526/2734/2227 1525/2735/2226
f 1640/2733/2400 1525/2735/2226 1528/2736/2229 1641/2737/2401
f 1641/2737/2401 1528/2736/2229 1530/2738/2231 1642/2739/2402
f 1565/2740/2289 1642/2741/2402 1516/2742/2213 1566/2743/2290
f 1566/2744/2290 1516/2745/2213 1515/2746/2212
f 1643/2747/2403 1644/2748/2404 1645/2749/2405 1646/2750/2406
s off
f 1639/2751/2407 1643/2752/2408 1647/2753/2409 1632/2754/2410
s 119
f 1648/2755/2411 1644/2756/2404 1643/2757/2403 1639/2758/2395
f 1649/2759/2412 1643/2747/2403 1646/2750/2406 1650/2760/2413
f 1651/2761/2414 1640/2733/2400 1641/2737/2401 1652/2762/2415
f 1652/2762/2415 1641/2737/2401 1642/2739/2402 1647/2763/2416
s 135
f 1653/2764/2417 1654/2765/2418 1655/2766/2419
s 119
f 1632/2767/2420 1647/2768/2421 1642/2769/2402 1565/2770/2289
f 1656/2771/2422 1651/2761/2414 1652/2762/2415 1654/2772/2423
f 1654/2772/2423 1652/2762/2415 1647/2763/2416 1655/2773/2424
f 1649/2759/2412 1655/2774/2424 1647/2775/2416 1643/2747/2403
f 1651/2776/2414 1656/2777/2422 1657/2778/2425 1658/2779/2426
s 135
f 1655/2766/2419 1649/2780/2427 1653/2764/2417
f 1656/2781/2428 1653/2764/2417 1657/2782/2429
f 1653/2764/2417 1649/2780/2427 1650/2783/2430
s 119
f 1659/2784/2431 1660/2785/2432 1549/2786/2257 1546/2787/2254
s off
f 1660/2788/2433 1661/2789/2434 1651/2761/2435 1658/2790/2436
s 119
f 1662/2791/2437 1660/2785/2432 1659/2784/2431 1663/2792/2438
f 1664/2793/2439 1562/2794/2440 1556/2795/2264 1665/2796/2441
f 1661/2789/2442 1665/2796/2441 1556/2795/2264 1555/2797/2263
s 137
f 1666/2798/2443 1667/2799/2444 1668/2800/2445
s 119
f 1669/2801/2446 1664/2793/2439 1665/2796/2441 1667/2802/2447
f 1667/2802/2447 1665/2796/2441 1661/2789/2442 1668/2803/2448
f 1662/2791/2437 1668/2804/2448 1661/2805/2442 1660/2785/2432
f 1664/2806/2439 1669/2807/2446 1670/2808/2449 1671/2809/2450
s 137
f 1668/2800/2445 1662/2810/2451 1666/2798/2443
f 1669/2811/2452 1666/2798/2443 1670/2812/2453
f 1666/2798/2443 1662/2810/2451 1663/2813/2454
s off
f 1671/2814/2455 1564/2815/2456 1563/2816/2457 1664/2793/2458
s 119
f 1526/2734/2227 1640/2733/2400 1651/2761/2459 1661/2789/2460
f 1545/2817/2253 1564/2818/2288 1671/2809/2450
s 127
f 1664/2793/2461 1563/2816/2287 1562/2794/2286
s 119
f 1676/2819/2462 1672/2820/2463 1673/2821/2464 1675/2822/2465
f 1677/2823/2466 1674/2824/2467 1672/2820/2463 1676/2819/2462
f 1677/2823/2466 1676/2819/2462 1678/2825/2468 1679/2826/2469
f 1679/2826/2469 1678/2825/2468 1680/2827/2470 1681/2828/2471
f 1680/2827/2470 1682/2829/2472 1683/2830/2473 1681/2828/2471
f 1684/2831/2474 1685/2832/2475 1683/2830/2473 1682/2829/2472
f 1686/2833/2476 1687/2834/2477 1685/2832/2475 1684/2831/2474
f 1676/2819/2462 1675/2822/2465 1688/2835/2478 1678/2825/2468
f 1678/2825/2468 1688/2835/2478 1689/2836/2479 1680/2827/2470
f 1689/2836/2479 1690/2837/2480 1682/2829/2472 1680/2827/2470
f 1691/2838/2481 1684/2831/2474 1682/2829/2472 1690/2837/2480
f 1692/2839/2482 1686/2833/2476 1684/2831/2474 1691/2838/2481
f 1699/2840/2483 1698/2841/2484 1674/2842/2467 1677/2843/2466
f 1700/2844/2485 1697/2845/2486 1698/2841/2484 1699/2840/2483
f 1701/2846/2487 1696/2847/2488 1697/2845/2486 1700/2844/2485
f 1701/2846/2487 1700/2844/2485 1702/2848/2489 1703/2849/2490
f 1703/2849/2490 1702/2848/2489 1514/2850/2211 1518/2851/2215
f 1704/2852/2491 1705/2853/2492 1706/2854/2493 1707/2855/2494
f 1708/2856/2495 1709/2857/2496 1705/2853/2492 1704/2852/2491
f 1700/2844/2485 1699/2840/2483 1710/2858/2497 1702/2848/2489
f 1702/2848/2489 1710/2858/2497 1711/2859/2498 1514/2850/2211
f 1514/2850/2211 1711/2859/2498 1709/2857/2496 1708/2856/2495
f 1699/2840/2483 1677/2843/2466 1679/2860/2469 1710/2858/2497
f 1710/2858/2497 1679/2860/2469 1681/2861/2471 1711/2859/2498
f 1681/2861/2471 1683/2862/2473 1709/2857/2496 1711/2859/2498
f 1685/2863/2475 1705/2853/2492 1709/2857/2496 1683/2862/2473
f 1687/2864/2477 1706/2854/2493 1705/2853/2492 1685/2863/2475
f 1521/2865/2224 1524/2866/2223 1712/2867/2499 1713/2868/2500
f 1714/2869/2501 1521/2865/2224 1713/2868/2500 1715/2870/2502
f 1716/2871/2503 1701/2846/2487 1703/2849/2490 1717/2872/2504
f 1717/2872/2504 1703/2849/2490 1518/2851/2215 1519/2873/2505
s 139
f 1718/2874/2506 1719/2875/2507 1720/2876/2508
s 119
f 1719/2877/2509 1716/2871/2503 1717/2872/2504 1720/2878/2510
f 1720/2878/2510 1717/2872/2504 1519/2873/2505 1721/2879/2511
f 1714/2869/2501 1721/2879/2511 1519/2873/2505 1521/2865/2224
f 1716/2880/2503 1719/2881/2509 1722/2882/2512 1723/2883/2513
s 139
f 1721/2884/2514 1714/2885/2515 1718/2874/2506
f 1719/2875/2507 1718/2874/2506 1722/2886/2516
f 1718/2874/2506 1715/2887/2517 1722/2886/2516
s 119
f 1696/2847/2488 1701/2846/2487 1716/2871/2518 1693/2888/2519
s 140
f 1716/2871/2520 1723/2889/2521 1694/2890/2522 1693/2888/2523
s 119
f 1695/2891/2524 1694/2892/2525 1723/2893/2513 1724/2894/2526
s 126
f 1555/2797/2282 1526/2734/2284 1661/2789/2527
s 119
f 1549/2786/2257 1660/2785/2432 1658/2779/2426 1725/2895/2528
f 1530/2738/2231 1516/2896/2213 1642/2739/2402
f 1574/2614/2298 1575/2615/2299 1569/2608/2293
f 1525/2539/2226 1527/2541/2228 1529/2543/2230 1528/2542/2229
f 1543/2596/2246 1538/2556/2240 1529/2543/2230 1527/2541/2228
f 1541/2897/2247 1540/2561/2245 1538/2556/2240 1543/2596/2246
f 1561/2600/2270 1553/2579/2261 1556/2582/2264 1562/2601/2440
f 1559/2898/2271 1558/2587/2269 1553/2579/2261 1561/2600/2270
f 1723/2899/2513 1713/2900/2500 1712/2901/2499 1724/2902/2526
f 1722/2903/2512 1715/2904/2502 1713/2905/2500 1723/2906/2513
f 1671/2809/2450 1659/2784/2431 1546/2787/2254 1545/2817/2253
f 1670/2808/2449 1663/2792/2438 1659/2784/2431 1671/2809/2450
f 1658/2779/2426 1646/2750/2406 1645/2749/2405 1725/2895/2528
f 1657/2778/2425 1650/2760/2413 1646/2750/2406 1658/2779/2426
f 1639/2728/2395 1627/2708/2375 1626/2707/2374 1648/2907/2411
f 1638/2727/2394 1631/2714/2382 1627/2708/2375 1639/2728/2395
f 1623/2700/2367 1611/2680/2347 1610/2679/2346 1629/2712/2380
f 1622/2699/2366 1615/2686/2354 1611/2680/2347 1623/2700/2367
f 1607/2672/2339 1595/2643/2319 1594/2642/2318 1613/2684/2352
f 1606/2671/2338 1599/2653/2326 1595/2643/2319 1607/2672/2339
f 1513/2515/2206 1502/2493/2185 1501/2492/2184 1597/2908/2324
f 1512/2514/2205 1505/2501/2193 1502/2493/2185 1513/2515/2206
s off
f 1561/2600/2529 1563/2602/2530 1564/2909/2531 1544/2910/2532
s 139
f 1718/2874/2506 1720/2876/2508 1721/2884/2514
f 1718/2874/2506 1714/2885/2515 1715/2887/2517
s 123
f 1539/2557/2241 1536/2569/2251 1537/2567/2249
f 1539/2557/2241 1542/2566/2248 1540/2558/2242
s 124
f 1557/2583/2265 1551/2595/2275 1552/2593/2273
f 1557/2583/2265 1560/2592/2272 1558/2584/2266
s 137
f 1666/2798/2443 1663/2813/2454 1670/2812/2453
f 1666/2798/2443 1669/2811/2452 1667/2799/2444
s 135
f 1653/2764/2417 1650/2783/2430 1657/2782/2429
f 1653/2764/2417 1656/2781/2428 1654/2765/2418
s 133
f 1634/2717/2386 1631/2732/2399 1638/2731/2398
f 1634/2717/2386 1637/2730/2397 1635/2718/2387
s 131
f 1618/2689/2358 1615/2704/2371 1622/2703/2370
f 1618/2689/2358 1621/2702/2369 1619/2690/2359
s 129
f 1602/2657/2330 1599/2676/2343 1606/2675/2342
f 1602/2657/2330 1605/2674/2341 1603/2658/2331
s 121
f 1508/2504/2197 1505/2519/2210 1512/2518/2209
f 1508/2504/2197 1511/2517/2208 1509/2505/2198
s 119
f 1726/2911/2533 1674/2912/2467 1698/2913/2484 1727/2914/2534
f 1727/2914/2534 1698/2913/2484 1697/2915/2486 1728/2916/2535
f 1728/2916/2535 1697/2915/2486 1696/2917/2488 1729/2918/2536
f 1730/2919/2537 1731/2920/2538 1732/2921/2539 1733/2922/2540
f 1732/2921/2539 1731/2920/2538 1734/2923/2541 1735/2924/2542
f 1735/2924/2542 1734/2923/2541 1736/2925/2543 1737/2926/2544
f 1738/2927/2545 1739/2928/2546 1736/2925/2543 1734/2923/2541
f 1740/2929/2547 1738/2927/2545 1734/2923/2541 1731/2920/2538
f 1741/2930/2548 1740/2929/2547 1731/2920/2538 1730/2919/2537
f 1742/2931/2549 1743/2932/2550 1744/2933/2551 1745/2934/2552
f 1744/2933/2551 1743/2932/2550 1746/2935/2553 1747/2936/2554
f 1747/2936/2554 1746/2935/2553 1748/2937/2555 1749/2938/2556
f 1750/2939/2557 1751/2940/2558 1748/2937/2555 1746/2935/2553
f 1752/2941/2559 1750/2939/2557 1746/2935/2553 1743/2932/2550
f 1753/2942/2560 1752/2941/2559 1743/2932/2550 1742/2931/2549
f 1754/2943/2561 1755/2944/2562 1756/2945/2563 1757/2946/2564
f 963/2947/2565 962/2948/2566 1755/2944/2562 1754/2943/2561
f 1756/2945/2563 1755/2944/2562 1758/2949/2567 1759/2950/2568
f 962/2948/2566 966/2951/2569 1758/2949/2567 1755/2944/2562
f 1759/2950/2568 1758/2949/2567 1760/2952/2570 1761/2953/2571
f 966/2951/2569 969/2954/2572 1760/2952/2570 1758/2949/2567
f 1762/2955/2573 1763/2956/2574 1764/2957/2575 1765/2958/2576
f 1765/2958/2576 1764/2957/2575 1766/2959/2577 1767/2960/2578
s off
f 974/2961/2579 1768/2962/2580 1767/2963/2581 975/2964/2582
s 119
f 1766/2959/2577 929/2965/2583 975/2966/2584 1767/2960/2578
f 1769/2967/2585 1762/2955/2573 1765/2958/2576 1770/2968/2586
f 1770/2968/2586 1765/2958/2576 1767/2960/2578 1771/2969/2587
f 1768/2962/2588 1754/2943/2561 1757/2946/2564 1772/2970/2589
s 143
f 1773/2971/2590 1774/2972/2591 1775/2973/2592
s 119
f 1754/2943/2561 1768/2962/2593 974/2961/2594 963/2947/2565
f 1776/2974/2595 1768/2962/2588 1772/2970/2589 1774/2975/2596
f 1771/2969/2587 1767/2960/2578 1768/2976/2588 1776/2977/2595
f 1777/2978/2597 1762/2955/2573 1769/2967/2585 1775/2979/2598
s 143
f 1776/2980/2599 1773/2971/2590 1771/2981/2600
f 1775/2973/2592 1769/2982/2601 1773/2971/2590
f 1773/2971/2590 1769/2982/2601 1770/2983/2602
s 119
f 1778/2984/2603 1779/2985/2604 1780/2986/2605 1781/2987/2606
f 1781/2987/2606 1780/2986/2605 1782/2988/2607 1783/2989/2608
f 1784/2990/2609 1778/2984/2603 1781/2987/2606 1785/2991/2610
f 1785/2991/2610 1781/2987/2606 1783/2989/2608 1786/2992/2611
f 1787/2993/2612 1742/2931/2549 1745/2934/2552 1788/2994/2613
s 144
f 1789/2995/2614 1790/2996/2615 1791/2997/2616
s 119
f 1792/2998/2617 1787/2993/2612 1788/2994/2613 1790/2999/2618
f 1786/2992/2611 1783/2989/2608 1787/3000/2612 1792/3001/2617
f 1793/3002/2619 1778/2984/2603 1784/2990/2609 1791/3003/2620
s 144
f 1792/3004/2621 1789/2995/2614 1786/3005/2622
f 1791/2997/2616 1784/3006/2623 1789/2995/2614
f 1789/2995/2614 1784/3006/2623 1785/3007/2624
s 119
f 1777/3008/2625 1753/2942/2560 1742/2931/2549 1787/2993/2626
s off
f 1762/3009/2627 1777/3008/2628 1787/2993/2629 1783/3010/2630
s 119
f 1782/2988/2607 1763/2956/2574 1762/2955/2573 1783/2989/2608
f 1794/3011/2631 1795/3012/2632 1796/3013/2633 1797/3014/2634
f 1797/3014/2634 1796/3013/2633 1798/3015/2635 1799/3016/2636
f 1800/3017/2637 1794/3011/2631 1797/3014/2634 1801/3018/2638
f 1801/3018/2638 1797/3014/2634 1799/3016/2636 1802/3019/2639
f 1803/3020/2640 1730/2919/2537 1733/2922/2540 1804/3021/2641
s 146
f 1805/3022/2642 1806/3023/2643 1807/3024/2644
s 119
f 1808/3025/2645 1803/3020/2640 1804/3021/2641 1806/3026/2646
f 1802/3019/2639 1799/3016/2636 1803/3027/2640 1808/3028/2645
f 1809/3029/2647 1794/3011/2631 1800/3017/2637 1807/3030/2648
s 146
f 1808/3031/2649 1805/3022/2642 1802/3032/2650
f 1807/3024/2644 1800/3033/2651 1805/3022/2642
f 1805/3022/2642 1800/3033/2651 1801/3034/2652
s 119
f 1793/3035/2653 1741/2930/2548 1730/2919/2537 1803/3020/2654
s off
f 1778/3036/2655 1793/3035/2656 1803/3020/2657 1799/3037/2658
s 119
f 1798/3015/2635 1779/2985/2604 1778/2984/2603 1799/3016/2636
f 1696/2917/2488 1693/3038/2519 1809/3039/2659 1729/2918/2536
s 140
f 1809/3039/2660 1693/3038/2523 1694/3040/2522 1794/3041/2661
s 119
f 1695/3042/2524 1795/3012/2632 1794/3011/2631 1694/3043/2525
f 1810/3044/2662 1673/3045/2464 1672/3046/2463 1811/3047/2663
f 1811/3047/2663 1672/3046/2463 1674/3048/2467 1726/3049/2533
f 1737/3050/2544 1736/3051/2543 1812/3052/2664 1813/3053/2665
f 1813/3053/2665 1812/3052/2664 1814/3054/2666 1815/3055/2667
f 1817/3056/2668 1816/3057/2669 1814/3054/2666 1812/3052/2664
f 1736/3051/2543 1739/3058/2546 1817/3056/2668 1812/3052/2664
f 1749/3059/2556 1748/3060/2555 1818/3061/2670 1819/3062/2671
f 1819/3062/2671 1818/3061/2670 1820/3063/2672 1821/3064/2673
f 1823/3065/2674 1822/3066/2675 1820/3063/2672 1818/3061/2670
f 1748/3060/2555 1751/3067/2558 1823/3065/2674 1818/3061/2670
f 1761/3068/2571 1760/3069/2570 1824/3070/2676 1825/3071/2677
f 969/3072/2572 1036/3073/2678 1824/3070/2676 1760/3069/2570
f 1825/3071/2677 1824/3070/2676 1826/3074/2679 1827/3075/2680
f 1036/3073/2678 1039/3076/2681 1826/3074/2679 1824/3070/2676
f 1811/3047/2663 1813/3053/2665 1815/3055/2667 1810/3044/2662
f 1726/3049/2533 1737/3050/2544 1813/3053/2665 1811/3047/2663
f 1727/2914/2534 1735/2924/2542 1737/2926/2544 1726/2911/2533
f 1728/2916/2535 1732/2921/2539 1735/2924/2542 1727/2914/2534
f 1729/2918/2536 1733/2922/2540 1732/2921/2539 1728/2916/2535
f 1809/3039/2647 1804/3021/2641 1733/2922/2540 1729/2918/2536
f 1807/3077/2648 1806/3026/2646 1804/3021/2641 1809/3039/2647
f 1817/3056/2668 1819/3062/2671 1821/3064/2673 1816/3057/2669
f 1739/3058/2546 1749/3059/2556 1819/3062/2671 1817/3056/2668
f 1738/2927/2545 1747/2936/2554 1749/2938/2556 1739/2928/2546
f 1740/2929/2547 1744/2933/2551 1747/2936/2554 1738/2927/2545
f 1741/2930/2548 1745/2934/2552 1744/2933/2551 1740/2929/2547
f 1793/3035/2619 1788/2994/2613 1745/2934/2552 1741/2930/2548
f 1791/3078/2620 1790/2999/2618 1788/2994/2613 1793/3035/2619
f 1823/3065/2674 1825/3071/2677 1827/3075/2680 1822/3066/2675
f 1751/3067/2558 1761/3068/2571 1825/3071/2677 1823/3065/2674
f 1750/2939/2557 1759/2950/2568 1761/2953/2571 1751/2940/2558
f 1752/2941/2559 1756/2945/2563 1759/2950/2568 1750/2939/2557
f 1753/2942/2560 1757/2946/2564 1756/2945/2563 1752/2941/2559
f 1777/3008/2597 1772/2970/2589 1757/2946/2564 1753/2942/2560
f 1775/3079/2598 1774/2975/2596 1772/2970/2589 1777/3008/2597
s 146
f 1805/3022/2642 1801/3034/2652 1802/3032/2650
f 1805/3022/2642 1808/3031/2649 1806/3023/2643
s 144
f 1789/2995/2614 1785/3007/2624 1786/3005/2622
f 1789/2995/2614 1792/3004/2621 1790/2996/2615
s 143
f 1773/2971/2590 1770/2983/2602 1771/2981/2600
f 1773/2971/2590 1776/2980/2599 1774/2972/2591
s 148
f 1834/3080/2682 1833/3081/2683 1832/3082/2684
f 1832/3082/2684 1828/3083/2685 1835/3084/2686 1834/3080/2682
f 1828/3083/2685 1829/3085/2687 1836/3086/2688 1835/3084/2686
f 1829/3085/2687 1830/3087/2689 1837/3088/2690 1836/3086/2688
f 1830/3087/2689 1831/3089/2691 1838/3090/2692 1837/3088/2690
s 149
f 1845/3091/2693 1840/3092/2694 1839/3093/2695 1846/3094/2696
f 1844/3095/2697 1845/3096/2693 1846/3097/2696 1843/3098/2698
s 150
f 1849/3099/2699 1842/3100/2700 1841/3101/2701 1850/3102/2702
f 1850/3103/2702 1841/3104/2701 1840/3105/2703 1845/3106/2704
f 1847/3107/2705 1850/3108/2702 1845/3109/2704 1844/3110/2706
f 1848/3111/2707 1849/3112/2699 1850/3113/2702 1847/3114/2705
s 151
f 1853/3115/2708 1851/3116/2709 1842/3117/2710 1849/3118/2711
f 1852/3119/2712 1853/3120/2708 1849/3121/2711 1848/3122/2713
s 152
f 1889/3123/2714 1888/3124/2715 1862/3125/2716 1863/3126/2717
s 153
f 1865/3127/2718 1887/3128/2719 1886/3129/2720 1864/3130/2721
s 154
f 1862/3125/2722 1888/3124/2723 1887/3128/2724 1865/3127/2725
s 155
f 1864/3131/2726 1886/3132/2727 1885/3133/2728 1866/3134/2729
s 156
f 1866/3135/2730 1885/3136/2731 1884/3137/2732 1867/3138/2733
s 157
f 1867/3138/2734 1884/3137/2735 1883/3139/2736 1868/3140/2737
f 1877/3141/2738 1874/3142/2739 1875/3143/2740 1876/3144/2741
s 156
f 1878/3145/2742 1873/3146/2743 1874/3142/2744 1877/3141/2745
s 155
f 1879/3147/2746 1871/3148/2747 1873/3149/2748 1878/3150/2749
s 153
f 1880/3151/2750 1872/3152/2751 1871/3153/2752 1879/3154/2753
s 154
f 1881/3155/2754 1869/3156/2755 1872/3152/2756 1880/3151/2757
s 152
f 1870/3157/2758 1869/3156/2759 1881/3155/2760 1882/3158/2761
s 157
f 1884/3137/2735 1877/3141/2738 1876/3144/2741 1883/3139/2736
s 156
f 1885/3136/2731 1878/3145/2742 1877/3141/2745 1884/3137/2732
s 155
f 1886/3132/2727 1879/3159/2746 1878/3160/2749 1885/3133/2728
s 153
f 1887/3128/2719 1880/3151/2750 1879/3154/2753 1886/3129/2720
s 154
f 1888/3124/2723 1881/3155/2754 1880/3151/2757 1887/3128/2724
s 152
f 1882/3158/2761 1881/3155/2760 1888/3124/2715 1889/3123/2714
s 158
f 1903/3161/2762 1863/3162/2763 1862/3163/2764 1902/3164/2765
s 159
f 1865/3165/2766 1864/3166/2767 1900/3167/2768 1901/3168/2769
s 160
f 1862/3163/2770 1865/3165/2771 1901/3168/2772 1902/3164/2773
s 161
f 1864/3169/2774 1866/3170/2775 1899/3171/2776 1900/3172/2777
s 162
f 1866/3173/2778 1867/3174/2779 1898/3175/2780 1899/3176/2781
s 157
f 1867/3174/2734 1868/3177/2737 1897/3178/2782 1898/3175/2783
f 1891/3179/2784 1890/3180/2785 1904/3181/2786 1905/3182/2787
s 162
f 1892/3183/2788 1891/3179/2789 1905/3182/2790 1906/3184/2791
s 161
f 1893/3185/2792 1892/3186/2793 1906/3187/2794 1907/3188/2795
s 159
f 1894/3189/2796 1893/3190/2797 1907/3191/2798 1908/3192/2799
s 160
f 1895/3193/2800 1894/3189/2801 1908/3192/2802 1909/3194/2803
s 158
f 1910/3195/2804 1896/3196/2805 1895/3193/2806 1909/3194/2807
s 157
f 1898/3175/2783 1897/3178/2782 1890/3180/2785 1891/3179/2784
s 162
f 1899/3176/2781 1898/3175/2780 1891/3179/2789 1892/3183/2788
s 161
f 1900/3172/2777 1899/3171/2776 1892/3197/2793 1893/3198/2792
s 159
f 1901/3168/2769 1900/3167/2768 1893/3190/2797 1894/3189/2796
s 160
f 1902/3164/2773 1901/3168/2772 1894/3189/2801 1895/3193/2800
s 158
f 1896/3196/2805 1903/3161/2762 1902/3164/2765 1895/3193/2806
s 157
f 2267/3199/2808 2268/3200/2809 1854/3201/2810 1855/3202/2811
s 162
f 2266/3203/2812 2267/3199/2813 1855/3202/2814 1856/3204/2815
s 161
f 2265/3205/2816 2266/3206/2817 1856/3207/2818 1857/3208/2819
s 159
f 2264/3209/2820 2265/3210/2821 1857/3211/2822 1858/3212/2823
s 160
f 2263/3213/2824 2264/3209/2825 1858/3212/2826 1859/3214/2827
s 158
f 1860/3215/2828 2262/3216/2829 2263/3213/2830 1859/3214/2831
s 156
f 1873/3217/2743 2218/3218/2832 2219/3219/2833 1874/3220/2744
s 155
f 1871/3221/2747 2217/3222/2834 2218/3223/2835 1873/3224/2748
s 153
f 1872/3225/2751 2216/3226/2836 2217/3227/2837 1871/3228/2752
s 154
f 1869/3229/2755 2215/3230/2838 2216/3226/2839 1872/3225/2756
s 152
f 1870/3231/2758 2214/3232/2840 2215/3230/2841 1869/3229/2759
s 157
f 1874/3220/2739 2219/3219/2842 2220/3233/2843 1875/3234/2740
s 163
f 1875/3234/2844 2220/3233/2845 2221/3235/2846 1918/3236/2847
f 1876/3144/2848 1875/3143/2844 1918/3237/2847 1919/3238/2849
f 1883/3139/2850 1876/3144/2848 1919/3238/2849 1920/3239/2851
f 1868/3140/2852 1883/3139/2850 1920/3239/2851 1921/3240/2853
s 164
f 1868/3177/2854 1921/3241/2855 1922/3242/2856 1897/3178/2857
f 1897/3178/2857 1922/3242/2856 1923/3243/2858 1890/3180/2859
f 1890/3180/2859 1923/3243/2858 1924/3244/2860 1904/3181/2861
f 2268/3200/2862 2269/3245/2863 1861/3246/2864 1854/3201/2865
s 156
f 1914/3247/2866 2026/3248/2867 2027/3249/2868 1915/3250/2869
s 155
f 1916/3251/2870 2025/3252/2871 2026/3253/2872 1914/3254/2873
s 153
f 1917/3255/2874 2024/3256/2875 2025/3257/2876 1916/3258/2877
s 154
f 1913/3259/2878 2023/3260/2879 2024/3256/2880 1917/3255/2881
s 152
f 1925/3261/2882 2022/3262/2883 2023/3260/2884 1913/3259/2885
s 157
f 1915/3250/2886 2027/3249/2887 2028/3263/2888 1912/3264/2889
s 163
f 1912/3264/2890 2028/3263/2891 2029/3265/2892 1911/3266/2893
s 165
f 1919/3267/2894 1918/3268/2895 1930/3269/2896 1933/3270/2897
f 1923/3271/2898 1934/3272/2899 1937/3273/2900 1924/3274/2901
s 166
f 2271/3275/2902 2272/3276/2903 1926/3277/2904 1927/3278/2905
s 167
f 2270/3279/2906 2271/3275/2907 1927/3278/2908 1928/3280/2909
s 165
f 2269/3281/2910 2270/3282/2911 1928/3283/2912 1861/3284/2913
s 168
f 1930/3285/2914 2222/3286/2915 2223/3287/2916 1931/3288/2917
s 165
f 1918/3289/2895 2221/3290/2918 2222/3291/2919 1930/3292/2896
s 166
f 1931/3288/2920 2223/3287/2921 2224/3293/2922 1932/3294/2923
s 169
f 1932/3294/2924 2224/3293/2925 2225/3295/2926 1942/3296/2927
s 170
f 2272/3276/2928 2273/3297/2929 1929/3298/2930 1926/3277/2931
s 168
f 1940/3299/2932 2030/3300/2933 2031/3301/2934 1941/3302/2935
s 165
f 1911/3303/2936 2029/3304/2937 2030/3305/2938 1940/3306/2939
s 166
f 1941/3302/2940 2031/3301/2941 2032/3307/2942 1939/3308/2943
s 169
f 1939/3308/2944 2032/3307/2945 2033/3309/2946 1938/3310/2947
s 166
f 1931/3311/2920 1932/3312/2923 1946/3313/2948 1949/3314/2949
s 168
f 1933/3315/2950 1930/3316/2914 1931/3311/2917 1949/3314/2951
s 165
f 1921/3317/2952 1944/3318/2953 1922/3319/2954
s 167
f 1944/3320/2955 1945/3321/2956 1948/3322/2957 1934/3323/2958
s 166
f 1945/3321/2959 1946/3324/2948 1948/3322/2960
s 169
f 1946/3313/2961 1932/3312/2924 1942/3325/2927 1947/3326/2962
s 170
f 1935/3327/2963 1946/3324/2964 1947/3328/2965 1943/3329/2966
s 166
f 1936/3330/2967 1948/3322/2960 1946/3324/2948 1935/3327/2968
s 167
f 1937/3331/2969 1934/3323/2958 1948/3322/2957 1936/3330/2970
s 166
f 1945/3332/2959 1949/3314/2949 1946/3313/2948
s 168
f 1944/3333/2971 1933/3315/2950 1949/3314/2951 1945/3332/2972
s 165
f 1920/3334/2973 1919/3335/2894 1933/3336/2897 1944/3337/2953
f 1922/3319/2954 1944/3318/2953 1934/3338/2899 1923/3339/2898
f 1921/3340/2952 1920/3334/2973 1944/3337/2953
s 158
f 1978/3341/2974 1977/3342/2975 1958/3343/2976 1959/3344/2977
s 159
f 1961/3345/2978 1976/3346/2979 1975/3347/2980 1960/3348/2981
s 160
f 1958/3343/2982 1977/3342/2983 1976/3346/2984 1961/3345/2985
s 161
f 1960/3349/2986 1975/3350/2987 1974/3351/2988 1962/3352/2989
s 162
f 1962/3353/2990 1974/3354/2991 1973/3355/2992 1963/3356/2993
s 157
f 1963/3356/2994 1973/3355/2995 1972/3357/2996 1964/3358/2997
f 1966/3359/2998 1855/3360/2811 1854/3361/2810 1965/3362/2999
s 162
f 1967/3363/3000 1856/3364/2815 1855/3360/2814 1966/3359/3001
s 161
f 1968/3365/3002 1857/3366/2819 1856/3367/2818 1967/3368/3003
s 159
f 1969/3369/3004 1858/3370/2823 1857/3371/2822 1968/3372/3005
s 160
f 1970/3373/3006 1859/3374/2827 1858/3370/2826 1969/3369/3007
s 158
f 1860/3375/2828 1859/3374/2831 1970/3373/3008 1971/3376/3009
s 157
f 1973/3355/2995 1966/3359/2998 1965/3362/2999 1972/3357/2996
s 162
f 1974/3354/2991 1967/3363/3000 1966/3359/3001 1973/3355/2992
s 161
f 1975/3350/2987 1968/3377/3002 1967/3378/3003 1974/3351/2988
s 159
f 1976/3346/2979 1969/3369/3004 1968/3372/3005 1975/3347/2980
s 160
f 1977/3342/2983 1970/3373/3006 1969/3369/3007 1976/3346/2984
s 158
f 1971/3376/3009 1970/3373/3008 1977/3342/2975 1978/3341/2974
s 171
f 1992/3379/3010 1959/3380/3011 1958/3381/3012 1991/3382/3013
s 172
f 1961/3383/3014 1960/3384/3015 1989/3385/3016 1990/3386/3017
s 173
f 1958/3381/3018 1961/3383/3019 1990/3386/3020 1991/3382/3021
s 174
f 1960/3387/3022 1962/3388/3023 1988/3389/3024 1989/3390/3025
s 175
f 1962/3391/3026 1963/3392/3027 1987/3393/3028 1988/3394/3029
s 157
f 1963/3392/2994 1964/3395/2997 1986/3396/3030 1987/3393/3031
f 1980/3397/3032 1979/3398/3033 1993/3399/3034 1994/3400/3035
s 175
f 1981/3401/3036 1980/3397/3037 1994/3400/3038 1995/3402/3039
s 174
f 1982/3403/3040 1981/3404/3041 1995/3405/3042 1996/3406/3043
s 172
f 1983/3407/3044 1982/3408/3045 1996/3409/3046 1997/3410/3047
s 173
f 1984/3411/3048 1983/3407/3049 1997/3410/3050 1998/3412/3051
s 171
f 1999/3413/3052 1985/3414/3053 1984/3411/3054 1998/3412/3055
s 157
f 1987/3393/3031 1986/3396/3030 1979/3398/3033 1980/3397/3032
s 175
f 1988/3394/3029 1987/3393/3028 1980/3397/3037 1981/3401/3036
s 174
f 1989/3390/3025 1988/3389/3024 1981/3415/3041 1982/3416/3040
s 172
f 1990/3386/3017 1989/3385/3016 1982/3408/3045 1983/3407/3044
s 173
f 1991/3382/3021 1990/3386/3020 1983/3407/3049 1984/3411/3048
s 171
f 1985/3414/3053 1992/3379/3010 1991/3382/3013 1984/3411/3054
s 157
f 1994/3400/3035 1993/3399/3034 2207/3417/3056 2208/3418/3057
s 175
f 1995/3402/3039 1994/3400/3038 2208/3418/3058 2209/3419/3059
s 174
f 1996/3406/3043 1995/3405/3042 2209/3420/3060 2210/3421/3061
s 172
f 1997/3410/3047 1996/3409/3046 2210/3422/3062 2211/3423/3063
s 173
f 1998/3412/3051 1997/3410/3050 2211/3423/3064 2212/3424/3065
s 171
f 2213/3425/3066 1999/3413/3052 1998/3412/3055 2212/3424/3067
s 164
f 1965/3362/3068 1854/3361/2865 1861/3426/2864 2000/3427/3069
f 1972/3357/3070 1965/3362/3068 2000/3427/3069 2001/3428/3071
f 1964/3358/3072 1972/3357/3070 2001/3428/3071 2002/3429/3073
s 176
f 1964/3395/3074 2002/3430/3075 2003/3431/3076 1986/3396/3077
f 1986/3396/3077 2003/3431/3076 2004/3432/3078 1979/3398/3079
f 1979/3398/3079 2004/3432/3078 2005/3433/3080 1993/3399/3081
f 1993/3399/3081 2005/3433/3080 2206/3434/3082 2207/3417/3083
s 165
f 2000/3435/3084 1861/3436/2913 1928/3437/2912 2010/3438/3085
f 2004/3439/3086 2011/3440/3087 2014/3441/3088 2005/3442/3089
s 166
f 2013/3443/3090 2012/3444/3091 2203/3445/3092 2204/3446/3093
s 177
f 2014/3447/3094 2013/3443/3095 2204/3446/3096 2205/3448/3097
s 165
f 2005/3442/3089 2014/3441/3088 2205/3449/3098 2206/3450/3099
s 178
f 2012/3444/3100 2015/3451/3101 2202/3452/3102 2203/3445/3103
s 166
f 1927/3453/2905 1926/3454/2904 2018/3455/3104 2021/3456/3105
s 167
f 2010/3457/3106 1928/3458/2909 1927/3453/2908 2021/3456/3107
s 165
f 2002/3459/3108 2016/3460/3109 2003/3461/3110
s 177
f 2016/3462/3111 2017/3463/3112 2020/3464/3113 2011/3465/3114
s 166
f 2017/3463/3115 2018/3466/3104 2020/3464/3116
s 170
f 2018/3455/3117 1926/3454/2931 1929/3467/2930 2019/3468/3118
s 178
f 2012/3469/3100 2018/3466/3119 2019/3470/3120 2015/3471/3101
s 166
f 2013/3472/3090 2020/3464/3116 2018/3466/3104 2012/3469/3091
s 177
f 2014/3473/3094 2011/3465/3114 2020/3464/3113 2013/3472/3095
s 166
f 2017/3474/3115 2021/3456/3105 2018/3455/3104
s 167
f 2016/3475/3121 2010/3457/3106 2021/3456/3107 2017/3474/3122
s 165
f 2001/3476/3123 2000/3477/3084 2010/3478/3085 2016/3479/3109
f 2003/3461/3110 2016/3460/3109 2011/3480/3087 2004/3481/3086
f 2002/3482/3108 2001/3476/3123 2016/3479/3109
s 171
f 2069/3483/3124 2068/3484/3125 2042/3485/3126 2043/3486/3127
s 172
f 2045/3487/3128 2067/3488/3129 2066/3489/3130 2044/3490/3131
s 173
f 2042/3485/3132 2068/3484/3133 2067/3488/3134 2045/3487/3135
s 174
f 2044/3491/3136 2066/3492/3137 2065/3493/3138 2046/3494/3139
s 175
f 2046/3495/3140 2065/3496/3141 2064/3497/3142 2047/3498/3143
s 157
f 2047/3498/3144 2064/3497/3145 2063/3499/3146 2048/3500/3147
f 2057/3501/3148 2054/3502/3149 2055/3503/3150 2056/3504/3151
s 175
f 2058/3505/3152 2053/3506/3153 2054/3502/3154 2057/3501/3155
s 174
f 2059/3507/3156 2051/3508/3157 2053/3509/3158 2058/3510/3159
s 172
f 2060/3511/3160 2052/3512/3161 2051/3513/3162 2059/3514/3163
s 173
f 2061/3515/3164 2049/3516/3165 2052/3512/3166 2060/3511/3167
s 171
f 2050/3517/3168 2049/3516/3169 2061/3515/3170 2062/3518/3171
s 157
f 2064/3497/3145 2057/3501/3148 2056/3504/3151 2063/3499/3146
s 175
f 2065/3496/3141 2058/3505/3152 2057/3501/3155 2064/3497/3142
s 174
f 2066/3492/3137 2059/3519/3156 2058/3520/3159 2065/3493/3138
s 172
f 2067/3488/3129 2060/3511/3160 2059/3514/3163 2066/3489/3130
s 173
f 2068/3484/3133 2061/3515/3164 2060/3511/3167 2067/3488/3134
s 171
f 2062/3518/3171 2061/3515/3170 2068/3484/3125 2069/3483/3124
s 179
f 2083/3521/3172 2043/3522/3173 2042/3523/3174 2082/3524/3175
s 180
f 2045/3525/3176 2044/3526/3177 2080/3527/3178 2081/3528/3179
s 181
f 2042/3523/3180 2045/3525/3181 2081/3528/3182 2082/3524/3183
s 182
f 2044/3529/3184 2046/3530/3185 2079/3531/3186 2080/3532/3187
s 183
f 2046/3533/3188 2047/3534/3189 2078/3535/3190 2079/3536/3191
s 157
f 2047/3534/3144 2048/3537/3147 2077/3538/3192 2078/3535/3193
f 2071/3539/3194 2070/3540/3195 2084/3541/3196 2085/3542/3197
s 183
f 2072/3543/3198 2071/3539/3199 2085/3542/3200 2086/3544/3201
s 182
f 2073/3545/3202 2072/3546/3203 2086/3547/3204 2087/3548/3205
s 180
f 2074/3549/3206 2073/3550/3207 2087/3551/3208 2088/3552/3209
s 181
f 2075/3553/3210 2074/3549/3211 2088/3552/3212 2089/3554/3213
s 179
f 2090/3555/3214 2076/3556/3215 2075/3553/3216 2089/3554/3217
s 157
f 2078/3535/3193 2077/3538/3192 2070/3540/3195 2071/3539/3194
s 183
f 2079/3536/3191 2078/3535/3190 2071/3539/3199 2072/3543/3198
s 182
f 2080/3532/3187 2079/3531/3186 2072/3557/3203 2073/3558/3202
s 180
f 2081/3528/3179 2080/3527/3178 2073/3550/3207 2074/3549/3206
s 181
f 2082/3524/3183 2081/3528/3182 2074/3549/3211 2075/3553/3210
s 179
f 2076/3556/3215 2083/3521/3172 2082/3524/3175 2075/3553/3216
s 157
f 2243/3559/3218 2244/3560/3219 2034/3561/3220 2035/3562/3221
s 183
f 2242/3563/3222 2243/3559/3223 2035/3562/3224 2036/3564/3225
s 182
f 2241/3565/3226 2242/3566/3227 2036/3567/3228 2037/3568/3229
s 180
f 2240/3569/3230 2241/3570/3231 2037/3571/3232 2038/3572/3233
s 181
f 2239/3573/3234 2240/3569/3235 2038/3572/3236 2039/3574/3237
s 179
f 2040/3575/3238 2238/3576/3239 2239/3573/3240 2039/3574/3241
s 175
f 2053/3577/3153 2194/3578/3242 2195/3579/3243 2054/3580/3154
s 174
f 2051/3581/3157 2193/3582/3244 2194/3583/3245 2053/3584/3158
s 172
f 2052/3585/3161 2192/3586/3246 2193/3587/3247 2051/3588/3162
s 173
f 2049/3589/3165 2191/3590/3248 2192/3586/3249 2052/3585/3166
s 171
f 2050/3591/3168 2190/3592/3250 2191/3590/3251 2049/3589/3169
s 157
f 2054/3580/3149 2195/3579/3252 2196/3593/3253 2055/3594/3150
s 176
f 2055/3594/3254 2196/3593/3255 2197/3595/3256 2098/3596/3257
f 2056/3504/3258 2055/3503/3254 2098/3597/3257 2099/3598/3259
f 2063/3499/3260 2056/3504/3258 2099/3598/3259 2100/3599/3261
f 2048/3500/3262 2063/3499/3260 2100/3599/3261 2101/3600/3263
s 184
f 2048/3537/3264 2101/3601/3265 2102/3602/3266 2077/3538/3267
f 2077/3538/3267 2102/3602/3266 2103/3603/3268 2070/3540/3269
f 2070/3540/3269 2103/3603/3268 2104/3604/3270 2084/3541/3271
f 2244/3560/3272 2245/3605/3273 2041/3606/3274 2034/3561/3275
s 175
f 2094/3607/3276 1952/3608/3277 1951/3609/3278 2095/3610/3279
s 174
f 2096/3611/3280 1953/3612/3281 1952/3613/3282 2094/3614/3283
s 172
f 2097/3615/3284 1954/3616/3285 1953/3617/3286 2096/3618/3287
s 173
f 2093/3619/3288 1955/3620/3289 1954/3616/3290 2097/3615/3291
s 171
f 2105/3621/3292 1956/3622/3293 1955/3620/3294 2093/3619/3295
s 157
f 2095/3610/3296 1951/3609/3297 1950/3623/3298 2092/3624/3299
s 176
f 2092/3624/3300 1950/3623/3301 1957/3625/3302 2091/3626/3303
s 165
f 2099/3627/3304 2098/3628/3305 2110/3629/3306 2113/3630/3307
f 2103/3631/3308 2114/3632/3309 2117/3633/3310 2104/3634/3311
s 166
f 2247/3635/3312 2248/3636/3313 2106/3637/3314 2107/3638/3315
s 185
f 2246/3639/3316 2247/3635/3317 2107/3638/3318 2108/3640/3319
s 165
f 2245/3641/3320 2246/3642/3321 2108/3643/3322 2041/3644/3323
s 177
f 2110/3645/3324 2198/3646/3325 2199/3647/3326 2111/3648/3327
s 165
f 2098/3649/3305 2197/3650/3328 2198/3651/3329 2110/3652/3306
s 166
f 2111/3648/3330 2199/3647/3331 2200/3653/3332 2112/3654/3333
s 178
f 2112/3654/3334 2200/3653/3335 2201/3655/3336 2122/3656/3337
s 186
f 2248/3636/3338 2249/3657/3339 2109/3658/3340 2106/3637/3341
s 177
f 2120/3659/3342 2008/3660/3343 2007/3661/3344 2121/3662/3345
s 165
f 2091/3663/3346 1957/3664/3347 2008/3665/3348 2120/3666/3349
s 166
f 2121/3662/3350 2007/3661/3351 2006/3667/3352 2119/3668/3353
s 178
f 2119/3668/3354 2006/3667/3355 2009/3669/3356 2118/3670/3357
s 166
f 2111/3671/3330 2112/3672/3333 2126/3673/3358 2129/3674/3359
s 177
f 2113/3675/3360 2110/3676/3324 2111/3671/3327 2129/3674/3361
s 165
f 2101/3677/3362 2124/3678/3363 2102/3679/3364
s 185
f 2124/3680/3365 2125/3681/3366 2128/3682/3367 2114/3683/3368
s 166
f 2125/3681/3369 2126/3684/3358 2128/3682/3370
s 178
f 2126/3673/3371 2112/3672/3334 2122/3685/3337 2127/3686/3372
s 186
f 2115/3687/3373 2126/3684/3374 2127/3688/3375 2123/3689/3376
s 166
f 2116/3690/3377 2128/3682/3370 2126/3684/3358 2115/3687/3378
s 185
f 2117/3691/3379 2114/3683/3368 2128/3682/3367 2116/3690/3380
s 166
f 2125/3692/3369 2129/3674/3359 2126/3673/3358
s 177
f 2124/3693/3381 2113/3675/3360 2129/3674/3361 2125/3692/3382
s 165
f 2100/3694/3383 2099/3695/3304 2113/3696/3307 2124/3697/3363
f 2102/3679/3364 2124/3678/3363 2114/3698/3309 2103/3699/3308
f 2101/3700/3362 2100/3694/3383 2124/3697/3363
s 179
f 2150/3701/3384 2149/3702/3385 2130/3703/3386 2131/3704/3387
s 180
f 2133/3705/3388 2148/3706/3389 2147/3707/3390 2132/3708/3391
s 181
f 2130/3703/3392 2149/3702/3393 2148/3706/3394 2133/3705/3395
s 182
f 2132/3709/3396 2147/3710/3397 2146/3711/3398 2134/3712/3399
s 183
f 2134/3713/3400 2146/3714/3401 2145/3715/3402 2135/3716/3403
s 157
f 2135/3716/3404 2145/3715/3405 2144/3717/3406 2136/3718/3407
f 2138/3719/3408 2035/3720/3221 2034/3721/3220 2137/3722/3409
s 183
f 2139/3723/3410 2036/3724/3225 2035/3720/3224 2138/3719/3411
s 182
f 2140/3725/3412 2037/3726/3229 2036/3727/3228 2139/3728/3413
s 180
f 2141/3729/3414 2038/3730/3233 2037/3731/3232 2140/3732/3415
s 181
f 2142/3733/3416 2039/3734/3237 2038/3730/3236 2141/3729/3417
s 179
f 2040/3735/3238 2039/3734/3241 2142/3733/3418 2143/3736/3419
s 157
f 2145/3715/3405 2138/3719/3408 2137/3722/3409 2144/3717/3406
s 183
f 2146/3714/3401 2139/3723/3410 2138/3719/3411 2145/3715/3402
s 182
f 2147/3710/3397 2140/3737/3412 2139/3738/3413 2146/3711/3398
s 180
f 2148/3706/3389 2141/3729/3414 2140/3732/3415 2147/3707/3390
s 181
f 2149/3702/3393 2142/3733/3416 2141/3729/3417 2148/3706/3394
s 179
f 2143/3736/3419 2142/3733/3418 2149/3702/3385 2150/3701/3384
s 152
f 2164/3739/3420 2131/3740/3421 2130/3741/3422 2163/3742/3423
s 153
f 2133/3743/3424 2132/3744/3425 2161/3745/3426 2162/3746/3427
s 154
f 2130/3741/3428 2133/3743/3429 2162/3746/3430 2163/3742/3431
s 155
f 2132/3747/3432 2134/3748/3433 2160/3749/3434 2161/3750/3435
s 156
f 2134/3751/3436 2135/3752/3437 2159/3753/3438 2160/3754/3439
s 157
f 2135/3752/3404 2136/3755/3407 2158/3756/3440 2159/3753/3441
f 2152/3757/3442 2151/3758/3443 2165/3759/3444 2166/3760/3445
s 156
f 2153/3761/3446 2152/3757/3447 2166/3760/3448 2167/3762/3449
s 155
f 2154/3763/3450 2153/3764/3451 2167/3765/3452 2168/3766/3453
s 153
f 2155/3767/3454 2154/3768/3455 2168/3769/3456 2169/3770/3457
s 154
f 2156/3771/3458 2155/3767/3459 2169/3770/3460 2170/3772/3461
s 152
f 2171/3773/3462 2157/3774/3463 2156/3771/3464 2170/3772/3465
s 157
f 2159/3753/3441 2158/3756/3440 2151/3758/3443 2152/3757/3442
s 156
f 2160/3754/3439 2159/3753/3438 2152/3757/3447 2153/3761/3446
s 155
f 2161/3750/3435 2160/3749/3434 2153/3775/3451 2154/3776/3450
s 153
f 2162/3746/3427 2161/3745/3426 2154/3768/3455 2155/3767/3454
s 154
f 2163/3742/3431 2162/3746/3430 2155/3767/3459 2156/3771/3458
s 152
f 2157/3774/3463 2164/3739/3420 2163/3742/3423 2156/3771/3464
s 157
f 2166/3760/3445 2165/3759/3444 2231/3777/3466 2232/3778/3467
s 156
f 2167/3762/3449 2166/3760/3448 2232/3778/3468 2233/3779/3469
s 155
f 2168/3766/3453 2167/3765/3452 2233/3780/3470 2234/3781/3471
s 153
f 2169/3770/3457 2168/3769/3456 2234/3782/3472 2235/3783/3473
s 154
f 2170/3772/3461 2169/3770/3460 2235/3783/3474 2236/3784/3475
s 152
f 2237/3785/3476 2171/3773/3462 2170/3772/3465 2236/3784/3477
s 184
f 2137/3722/3478 2034/3721/3275 2041/3786/3274 2172/3787/3479
f 2144/3717/3480 2137/3722/3478 2172/3787/3479 2173/3788/3481
f 2136/3718/3482 2144/3717/3480 2173/3788/3481 2174/3789/3483
s 163
f 2136/3755/3484 2174/3790/3485 2175/3791/3486 2158/3756/3487
f 2158/3756/3487 2175/3791/3486 2176/3792/3488 2151/3758/3489
f 2151/3758/3489 2176/3792/3488 2177/3793/3490 2165/3759/3491
f 2165/3759/3491 2177/3793/3490 2230/3794/3492 2231/3777/3493
s 165
f 2172/3795/3494 2041/3796/3323 2108/3797/3322 2178/3798/3495
f 2176/3799/3496 2179/3800/3497 2182/3801/3498 2177/3802/3499
s 166
f 2181/3803/3500 2180/3804/3501 2227/3805/3502 2228/3806/3503
s 168
f 2182/3807/3504 2181/3803/3505 2228/3806/3506 2229/3808/3507
s 165
f 2177/3802/3499 2182/3801/3498 2229/3809/3508 2230/3810/3509
s 169
f 2180/3804/3510 2183/3811/3511 2226/3812/3512 2227/3805/3513
s 166
f 2107/3813/3315 2106/3814/3314 2186/3815/3514 2189/3816/3515
s 185
f 2178/3817/3516 2108/3818/3319 2107/3813/3318 2189/3816/3517
s 165
f 2174/3819/3518 2184/3820/3519 2175/3821/3520
s 168
f 2184/3822/3521 2185/3823/3522 2188/3824/3523 2179/3825/3524
s 166
f 2185/3823/3525 2186/3826/3514 2188/3824/3526
s 186
f 2186/3815/3527 2106/3814/3341 2109/3827/3340 2187/3828/3528
s 169
f 2180/3829/3510 2186/3826/3529 2187/3830/3530 2183/3831/3511
s 166
f 2181/3832/3500 2188/3824/3526 2186/3826/3514 2180/3829/3501
s 168
f 2182/3833/3504 2179/3825/3524 2188/3824/3523 2181/3832/3505
s 166
f 2185/3834/3525 2189/3816/3515 2186/3815/3514
s 185
f 2184/3835/3531 2178/3817/3516 2189/3816/3517 2185/3834/3532
s 165
f 2173/3836/3533 2172/3837/3494 2178/3838/3495 2184/3839/3519
f 2175/3821/3520 2184/3820/3519 2179/3840/3497 2176/3841/3496
f 2174/3842/3518 2173/3836/3533 2184/3839/3519
s 171
f 2190/3592/3250 2105/3843/3292 2093/3844/3295 2191/3590/3251
s 173
f 2192/3586/3249 2191/3590/3248 2093/3844/3288 2097/3845/3291
s 172
f 2193/3587/3247 2192/3586/3246 2097/3845/3284 2096/3846/3287
s 174
f 2194/3583/3245 2193/3582/3244 2096/3847/3280 2094/3848/3283
s 175
f 2195/3579/3243 2194/3578/3242 2094/3849/3276 2095/3850/3279
s 157
f 2196/3593/3253 2195/3579/3252 2095/3850/3296 2092/3851/3299
s 176
f 2197/3595/3256 2196/3593/3255 2092/3851/3300 2091/3852/3303
s 165
f 2198/3651/3329 2197/3650/3328 2091/3853/3346 2120/3854/3349
s 177
f 2199/3647/3326 2198/3646/3325 2120/3855/3342 2121/3856/3345
s 166
f 2200/3653/3332 2199/3647/3331 2121/3856/3350 2119/3857/3353
s 178
f 2201/3655/3336 2200/3653/3335 2119/3857/3354 2118/3858/3357
f 2203/3445/3103 2202/3452/3102 2009/3859/3356 2006/3860/3355
s 166
f 2204/3446/3093 2203/3445/3092 2006/3860/3352 2007/3861/3351
s 177
f 2205/3448/3097 2204/3446/3096 2007/3861/3344 2008/3862/3343
s 165
f 2206/3450/3099 2205/3449/3098 2008/3863/3348 1957/3864/3347
s 176
f 2207/3417/3083 2206/3434/3082 1957/3865/3302 1950/3866/3301
s 157
f 2208/3418/3057 2207/3417/3056 1950/3866/3298 1951/3867/3297
s 175
f 2209/3419/3059 2208/3418/3058 1951/3867/3278 1952/3868/3277
s 174
f 2210/3421/3061 2209/3420/3060 1952/3869/3282 1953/3870/3281
s 172
f 2211/3423/3063 2210/3422/3062 1953/3871/3286 1954/3872/3285
s 173
f 2212/3424/3065 2211/3423/3064 1954/3872/3290 1955/3873/3289
s 171
f 1956/3874/3293 2213/3425/3066 2212/3424/3067 1955/3873/3294
s 152
f 2214/3232/2840 1925/3875/2882 1913/3876/2885 2215/3230/2841
s 154
f 2216/3226/2839 2215/3230/2838 1913/3876/2878 1917/3877/2881
s 153
f 2217/3227/2837 2216/3226/2836 1917/3877/2874 1916/3878/2877
s 155
f 2218/3223/2835 2217/3222/2834 1916/3879/2870 1914/3880/2873
s 156
f 2219/3219/2833 2218/3218/2832 1914/3881/2866 1915/3882/2869
s 157
f 2220/3233/2843 2219/3219/2842 1915/3882/2886 1912/3883/2889
s 163
f 2221/3235/2846 2220/3233/2845 1912/3883/2890 1911/3884/2893
s 165
f 2222/3291/2919 2221/3290/2918 1911/3885/2936 1940/3886/2939
s 168
f 2223/3287/2916 2222/3286/2915 1940/3887/2932 1941/3888/2935
s 166
f 2224/3293/2922 2223/3287/2921 1941/3888/2940 1939/3889/2943
s 169
f 2225/3295/2926 2224/3293/2925 1939/3889/2944 1938/3890/2947
f 2227/3805/3513 2226/3812/3512 2033/3891/2946 2032/3892/2945
s 166
f 2228/3806/3503 2227/3805/3502 2032/3892/2942 2031/3893/2941
s 168
f 2229/3808/3507 2228/3806/3506 2031/3893/2934 2030/3894/2933
s 165
f 2230/3810/3509 2229/3809/3508 2030/3895/2938 2029/3896/2937
s 163
f 2231/3777/3493 2230/3794/3492 2029/3897/2892 2028/3898/2891
s 157
f 2232/3778/3467 2231/3777/3466 2028/3898/2888 2027/3899/2887
s 156
f 2233/3779/3469 2232/3778/3468 2027/3899/2868 2026/3900/2867
s 155
f 2234/3781/3471 2233/3780/3470 2026/3901/2872 2025/3902/2871
s 153
f 2235/3783/3473 2234/3782/3472 2025/3903/2876 2024/3904/2875
s 154
f 2236/3784/3475 2235/3783/3474 2024/3904/2880 2023/3905/2879
s 152
f 2022/3906/2883 2237/3785/3476 2236/3784/3477 2023/3905/2884
s 179
f 2238/3576/3239 2250/3907/3534 2251/3908/3535 2239/3573/3240
s 181
f 2251/3908/3536 2252/3909/3537 2240/3569/3235 2239/3573/3234
s 180
f 2252/3909/3538 2253/3910/3539 2241/3570/3231 2240/3569/3230
s 182
f 2253/3911/3540 2254/3912/3541 2242/3566/3227 2241/3565/3226
s 183
f 2254/3913/3542 2255/3914/3543 2243/3559/3223 2242/3563/3222
s 157
f 2255/3914/3544 2256/3915/3545 2244/3560/3219 2243/3559/3218
s 184
f 2256/3915/3546 2257/3916/3547 2245/3605/3273 2244/3560/3272
s 165
f 2257/3917/3548 2258/3918/3549 2246/3642/3321 2245/3641/3320
s 185
f 2258/3919/3550 2259/3920/3551 2247/3635/3317 2246/3639/3316
s 166
f 2259/3920/3552 2260/3921/3553 2248/3636/3313 2247/3635/3312
s 186
f 2260/3921/3554 2261/3922/3555 2249/3657/3339 2248/3636/3338
s 179
f 2250/3907/3534 2090/3555/3214 2089/3554/3217 2251/3908/3535
s 181
f 2089/3554/3213 2088/3552/3212 2252/3909/3537 2251/3908/3536
s 180
f 2088/3552/3209 2087/3551/3208 2253/3910/3539 2252/3909/3538
s 182
f 2087/3548/3205 2086/3547/3204 2254/3912/3541 2253/3911/3540
s 183
f 2086/3544/3201 2085/3542/3200 2255/3914/3543 2254/3913/3542
s 157
f 2085/3542/3197 2084/3541/3196 2256/3915/3545 2255/3914/3544
s 184
f 2084/3541/3271 2104/3604/3270 2257/3916/3547 2256/3915/3546
s 165
f 2104/3634/3311 2117/3633/3310 2258/3918/3549 2257/3917/3548
s 185
f 2117/3923/3379 2116/3924/3380 2259/3920/3551 2258/3919/3550
s 166
f 2116/3924/3377 2115/3925/3378 2260/3921/3553 2259/3920/3552
s 186
f 2115/3925/3373 2123/3926/3376 2261/3922/3555 2260/3921/3554
s 158
f 2262/3216/2829 2274/3927/3556 2275/3928/3557 2263/3213/2830
s 160
f 2275/3928/3558 2276/3929/3559 2264/3209/2825 2263/3213/2824
s 159
f 2276/3929/3560 2277/3930/3561 2265/3210/2821 2264/3209/2820
s 161
f 2277/3931/3562 2278/3932/3563 2266/3206/2817 2265/3205/2816
s 162
f 2278/3933/3564 2279/3934/3565 2267/3199/2813 2266/3203/2812
s 157
f 2279/3934/3566 2280/3935/3567 2268/3200/2809 2267/3199/2808
s 164
f 2280/3935/3568 2281/3936/3569 2269/3245/2863 2268/3200/2862
s 165
f 2281/3937/3570 2282/3938/3571 2270/3282/2911 2269/3281/2910
s 167
f 2282/3939/3572 2283/3940/3573 2271/3275/2907 2270/3279/2906
s 166
f 2283/3940/3574 2284/3941/3575 2272/3276/2903 2271/3275/2902
s 170
f 2284/3941/3576 2285/3942/3577 2273/3297/2929 2272/3276/2928
s 158
f 2274/3927/3556 1910/3195/2804 1909/3194/2807 2275/3928/3557
s 160
f 1909/3194/2803 1908/3192/2802 2276/3929/3559 2275/3928/3558
s 159
f 1908/3192/2799 1907/3191/2798 2277/3930/3561 2276/3929/3560
s 161
f 1907/3188/2795 1906/3187/2794 2278/3932/3563 2277/3931/3562
s 162
f 1906/3184/2791 1905/3182/2790 2279/3934/3565 2278/3933/3564
s 157
f 1905/3182/2787 1904/3181/2786 2280/3935/3567 2279/3934/3566
s 164
f 1904/3181/2861 1924/3244/2860 2281/3936/3569 2280/3935/3568
s 165
f 1924/3274/2901 1937/3273/2900 2282/3938/3571 2281/3937/3570
s 167
f 1937/3943/2969 1936/3944/2970 2283/3940/3573 2282/3939/3572
s 166
f 1936/3944/2967 1935/3945/2968 2284/3941/3575 2283/3940/3574
s 170
f 1935/3945/2963 1943/3946/2966 2285/3942/3577 2284/3941/3576
s 187
f 2286/3947/3578 2287/3948/3579 2288/3949/3580 2289/3950/3581
f 2286/3947/3578 2290/3951/3582 2291/3952/3583 2287/3948/3579
f 2290/3951/3582 2292/3953/3584 2293/3954/3585 2291/3952/3583
f 2294/3955/3586 2293/3956/3585 2292/3957/3584 2295/3958/3587
f 2295/3958/3587 2296/3959/3588 2297/3960/3589 2294/3955/3586
f 2296/3959/3588 2289/3950/3581 2288/3949/3580 2297/3960/3589
s 188
f 2298/3961/3590 2299/3962/3591 2300/3963/3592
f 2298/3961/3590 2301/3964/3593 2299/3962/3591
s 189
f 2299/3965/3594 2286/3947/3595 2289/3950/3596 2300/3966/3597
f 2300/3966/3597 2289/3950/3596 2296/3959/3598 2302/3967/3599
f 2303/3968/3600 2302/3967/3599 2296/3959/3598 2295/3958/3601
f 2292/3957/3602 2304/3969/3603 2303/3968/3600 2295/3958/3601
f 2304/3970/3603 2292/3953/3602 2290/3951/3604 2301/3971/3605
f 2299/3965/3594 2301/3971/3605 2290/3951/3604 2286/3947/3595
s 188
f 2303/3972/3606 2298/3961/3590 2302/3973/3607
f 2303/3972/3606 2304/3974/3608 2298/3961/3590
f 2298/3961/3590 2304/3974/3608 2301/3964/3593
f 2302/3973/3607 2298/3961/3590 2300/3963/3592
s 190
f 2305/3975/3609 2306/3976/3610 2307/3977/3611 2308/3978/3612
f 2305/3975/3609 2309/3979/3613 2310/3980/3614 2306/3976/3610
f 2309/3979/3613 2311/3981/3615 2312/3982/3616 2310/3980/3614
f 2313/3983/3617 2314/3984/3618 2312/3982/3616 2311/3981/3615
f 2313/3983/3617 2315/3985/3619 2316/3986/3620 2314/3984/3618
f 2315/3987/3619 2308/3978/3612 2307/3977/3611 2316/3988/3620
s 191
f 2317/3989/3621 2318/3990/3622 2319/3991/3623 2320/3992/3624
f 2321/3993/3625 2320/3992/3624 2319/3991/3623 2322/3994/3626
f 2323/3995/3627 2321/3996/3625 2322/3997/3626 2324/3998/3628
f 2323/3995/3627 2324/3998/3628 2325/3999/3629 2326/4000/3630
f 2327/4001/3631 2326/4000/3630 2325/3999/3629 2328/4002/3632
f 2317/3989/3621 2327/4001/3631 2328/4002/3632 2318/3990/3622
s 192
f 2329/4003/3633 2330/4004/3634 2331/4005/3635 2332/4006/3636
f 2333/4007/3637 2332/4006/3636 2331/4005/3635 2334/4008/3638
f 2335/4009/3639 2333/4010/3637 2334/4011/3638 2336/4012/3640
f 2335/4009/3639 2336/4012/3640 2337/4013/3641 2338/4014/3642
f 2339/4015/3643 2338/4014/3642 2337/4013/3641 2340/4016/3644
f 2329/4003/3633 2339/4015/3643 2340/4016/3644 2330/4004/3634
f 2319/3991/3645 2318/3990/3646 2329/4003/3633 2332/4006/3636
f 2322/3994/3647 2319/3991/3645 2332/4006/3636 2333/4007/3637
f 2324/3998/3648 2322/3997/3647 2333/4010/3637 2335/4009/3639
f 2325/3999/3649 2324/3998/3648 2335/4009/3639 2338/4014/3642
f 2328/4002/3650 2325/3999/3649 2338/4014/3642 2339/4015/3643
f 2318/3990/3646 2328/4002/3650 2339/4015/3643 2329/4003/3633
s 193
f 2331/4005/3651 2330/4004/3652 2305/3975/3653 2308/3978/3654
f 2334/4008/3655 2331/4005/3651 2308/3978/3654 2315/3987/3656
f 2336/4012/3657 2334/4011/3655 2315/3985/3656 2313/3983/3658
f 2337/4013/3659 2336/4012/3657 2313/3983/3658 2311/3981/3660
f 2340/4016/3661 2337/4013/3659 2311/3981/3660 2309/3979/3662
f 2330/4004/3652 2340/4016/3661 2309/3979/3662 2305/3975/3653
s 194
f 2287/4017/3663 2317/3989/3664 2320/3992/3665 2288/4018/3666
f 2288/4018/3666 2320/3992/3665 2321/3993/3667 2297/4019/3668
f 2297/4020/3668 2321/3996/3667 2323/3995/3669 2294/4021/3670
f 2294/4021/3670 2323/3995/3669 2326/4000/3671 2293/4022/3672
f 2293/4022/3672 2326/4000/3671 2327/4001/3673 2291/4023/3674
f 2291/4023/3674 2327/4001/3673 2317/3989/3664 2287/4017/3663
s 195
f 2341/4024/3675 2342/4025/3676 2343/4026/3677 2344/4027/3678
f 2345/4028/3679 2344/4027/3678 2343/4026/3677 2346/4029/3680
f 2347/4030/3681 2345/4031/3679 2346/4032/3680 2348/4033/3682
f 2347/4030/3681 2348/4033/3682 2349/4034/3683 2350/4035/3684
f 2351/4036/3685 2350/4035/3684 2349/4034/3683 2352/4037/3686
f 2341/4024/3675 2351/4036/3685 2352/4037/3686 2342/4025/3676
s 196
f 2343/4026/3687 2342/4025/3688 2353/4038/3689 2354/4039/3690
f 2346/4029/3691 2343/4026/3687 2354/4039/3690 2355/4040/3692
f 2348/4033/3693 2346/4032/3691 2355/4041/3692 2356/4042/3694
f 2349/4034/3695 2348/4033/3693 2356/4042/3694 2357/4043/3696
f 2352/4037/3697 2349/4034/3695 2357/4043/3696 2358/4044/3698
f 2342/4025/3688 2352/4037/3697 2358/4044/3698 2353/4038/3689
s 190
f 2306/4045/3610 2341/4024/3699 2344/4027/3700 2307/4046/3611
f 2307/4046/3611 2344/4027/3700 2345/4028/3701 2316/4047/3620
f 2316/4048/3620 2345/4031/3701 2347/4030/3702 2314/4049/3618
f 2314/4049/3618 2347/4030/3702 2350/4035/3703 2312/4050/3616
f 2312/4050/3616 2350/4035/3703 2351/4036/3704 2310/4051/3614
f 2310/4051/3614 2351/4036/3704 2341/4024/3699 2306/4045/3610
s 197
f 2359/4052/3705 2360/4053/3706 2361/4054/3707 2362/4055/3708
f 2359/4052/3705 2363/4056/3709 2364/4057/3710 2360/4053/3706
f 2363/4056/3709 2365/4058/3711 2366/4059/3712 2364/4057/3710
f 2367/4060/3713 2366/4061/3712 2365/4062/3711 2368/4063/3714
f 2368/4063/3714 2369/4064/3715 2370/4065/3716 2367/4060/3713
f 2369/4064/3715 2362/4055/3708 2361/4054/3707 2370/4065/3716
s 198
f 2371/4066/3717 2372/4067/3718 2373/4068/3719
f 2371/4066/3717 2374/4069/3720 2372/4067/3718
s 199
f 2372/4070/3721 2359/4052/3722 2362/4055/3723 2373/4071/3724
f 2373/4071/3724 2362/4055/3723 2369/4064/3725 2375/4072/3726
f 2376/4073/3727 2375/4072/3726 2369/4064/3725 2368/4063/3728
f 2365/4062/3729 2377/4074/3730 2376/4073/3727 2368/4063/3728
f 2377/4075/3730 2365/4058/3729 2363/4056/3731 2374/4076/3732
f 2372/4070/3721 2374/4076/3732 2363/4056/3731 2359/4052/3722
s 198
f 2376/4077/3733 2371/4066/3717 2375/4078/3734
f 2376/4077/3733 2377/4079/3735 2371/4066/3717
f 2371/4066/3717 2377/4079/3735 2374/4069/3720
f 2375/4078/3734 2371/4066/3717 2373/4068/3719
s 200
f 2378/4080/3736 2379/4081/3737 2380/4082/3738 2381/4083/3739
f 2378/4080/3736 2382/4084/3740 2383/4085/3741 2379/4081/3737
f 2382/4084/3740 2384/4086/3742 2385/4087/3743 2383/4085/3741
f 2386/4088/3744 2387/4089/3745 2385/4087/3743 2384/4086/3742
f 2386/4088/3744 2388/4090/3746 2389/4091/3747 2387/4089/3745
f 2388/4092/3746 2381/4083/3739 2380/4082/3738 2389/4093/3747
s 201
f 2390/4094/3748 2391/4095/3749 2392/4096/3750 2393/4097/3751
f 2394/4098/3752 2393/4097/3751 2392/4096/3750 2395/4099/3753
f 2396/4100/3754 2394/4101/3752 2395/4102/3753 2397/4103/3755
f 2396/4100/3754 2397/4103/3755 2398/4104/3756 2399/4105/3757
f 2400/4106/3758 2399/4105/3757 2398/4104/3756 2401/4107/3759
f 2390/4094/3748 2400/4106/3758 2401/4107/3759 2391/4095/3749
s 202
f 2402/4108/3760 2403/4109/3761 2404/4110/3762 2405/4111/3763
f 2406/4112/3764 2405/4111/3763 2404/4110/3762 2407/4113/3765
f 2408/4114/3766 2406/4115/3764 2407/4116/3765 2409/4117/3767
f 2408/4114/3766 2409/4117/3767 2410/4118/3768 2411/4119/3769
f 2412/4120/3770 2411/4119/3769 2410/4118/3768 2413/4121/3771
f 2402/4108/3760 2412/4120/3770 2413/4121/3771 2403/4109/3761
f 2392/4096/3772 2391/4095/3773 2402/4108/3760 2405/4111/3763
f 2395/4099/3774 2392/4096/3772 2405/4111/3763 2406/4112/3764
f 2397/4103/3775 2395/4102/3774 2406/4115/3764 2408/4114/3766
f 2398/4104/3776 2397/4103/3775 2408/4114/3766 2411/4119/3769
f 2401/4107/3777 2398/4104/3776 2411/4119/3769 2412/4120/3770
f 2391/4095/3773 2401/4107/3777 2412/4120/3770 2402/4108/3760
s 203
f 2404/4110/3778 2403/4109/3779 2378/4080/3780 2381/4083/3781
f 2407/4113/3782 2404/4110/3778 2381/4083/3781 2388/4092/3783
f 2409/4117/3784 2407/4116/3782 2388/4090/3783 2386/4088/3785
f 2410/4118/3786 2409/4117/3784 2386/4088/3785 2384/4086/3787
f 2413/4121/3788 2410/4118/3786 2384/4086/3787 2382/4084/3789
f 2403/4109/3779 2413/4121/3788 2382/4084/3789 2378/4080/3780
s 204
f 2360/4122/3790 2390/4094/3791 2393/4097/3792 2361/4123/3793
f 2361/4123/3793 2393/4097/3792 2394/4098/3794 2370/4124/3795
f 2370/4125/3795 2394/4101/3794 2396/4100/3796 2367/4126/3797
f 2367/4126/3797 2396/4100/3796 2399/4105/3798 2366/4127/3799
f 2366/4127/3799 2399/4105/3798 2400/4106/3800 2364/4128/3801
f 2364/4128/3801 2400/4106/3800 2390/4094/3791 2360/4122/3790
s 205
f 2414/4129/3802 2415/4130/3803 2416/4131/3804 2417/4132/3805
f 2418/4133/3806 2417/4132/3805 2416/4131/3804 2419/4134/3807
f 2420/4135/3808 2418/4136/3806 2419/4137/3807 2421/4138/3809
f 2420/4135/3808 2421/4138/3809 2422/4139/3810 2423/4140/3811
f 2424/4141/3812 2423/4140/3811 2422/4139/3810 2425/4142/3813
f 2414/4129/3802 2424/4141/3812 2425/4142/3813 2415/4130/3803
s 196
f 2416/4131/3814 2415/4130/3815 2353/4143/3689 2358/4144/3698
f 2419/4134/3816 2416/4131/3814 2358/4144/3698 2357/4145/3696
f 2421/4138/3817 2419/4137/3816 2357/4146/3696 2356/4147/3818
f 2422/4139/3819 2421/4138/3817 2356/4147/3818 2355/4148/3692
f 2425/4142/3820 2422/4139/3819 2355/4148/3692 2354/4149/3690
f 2415/4130/3815 2425/4142/3820 2354/4149/3690 2353/4143/3689
s 200
f 2379/4150/3737 2414/4129/3821 2417/4132/3822 2380/4151/3738
f 2380/4151/3738 2417/4132/3822 2418/4133/3823 2389/4152/3747
f 2389/4153/3747 2418/4136/3823 2420/4135/3824 2387/4154/3745
f 2387/4154/3745 2420/4135/3824 2423/4140/3825 2385/4155/3743
f 2385/4155/3743 2423/4140/3825 2424/4141/3826 2383/4156/3741
f 2383/4156/3741 2424/4141/3826 2414/4129/3821 2379/4150/3737
s 206
f 2426/4157/3827 2427/4158/3828 2428/4159/3829 2429/4160/3830
f 2426/4157/3827 2430/4161/3831 2431/4162/3832 2427/4158/3828
f 2430/4161/3831 2432/4163/3833 2433/4164/3834 2431/4162/3832
f 2434/4165/3835 2433/4166/3834 2432/4167/3833 2435/4168/3836
f 2435/4168/3836 2436/4169/3837 2437/4170/3838 2434/4165/3835
f 2436/4169/3837 2429/4160/3830 2428/4159/3829 2437/4170/3838
s 207
f 2438/4171/3839 2439/4172/3840 2440/4173/3841
f 2438/4171/3839 2441/4174/3842 2439/4172/3840
s 208
f 2439/4175/3843 2426/4157/3844 2429/4160/3845 2440/4176/3846
f 2440/4176/3846 2429/4160/3845 2436/4169/3847 2442/4177/3848
f 2443/4178/3849 2442/4177/3848 2436/4169/3847 2435/4168/3850
f 2432/4167/3851 2444/4179/3852 2443/4178/3849 2435/4168/3850
f 2444/4180/3852 2432/4163/3851 2430/4161/3853 2441/4181/3854
f 2439/4175/3843 2441/4181/3854 2430/4161/3853 2426/4157/3844
s 207
f 2443/4182/3855 2438/4171/3839 2442/4183/3856
f 2443/4182/3855 2444/4184/3857 2438/4171/3839
f 2438/4171/3839 2444/4184/3857 2441/4174/3842
f 2442/4183/3856 2438/4171/3839 2440/4173/3841
s 209
f 2445/4185/3858 2446/4186/3859 2447/4187/3860 2448/4188/3861
f 2445/4185/3858 2449/4189/3862 2450/4190/3863 2446/4186/3859
f 2449/4189/3862 2451/4191/3864 2452/4192/3865 2450/4190/3863
f 2453/4193/3866 2454/4194/3867 2452/4192/3865 2451/4191/3864
f 2453/4193/3866 2455/4195/3868 2456/4196/3869 2454/4194/3867
f 2455/4197/3868 2448/4188/3861 2447/4187/3860 2456/4198/3869
s 210
f 2457/4199/3870 2458/4200/3871 2459/4201/3872 2460/4202/3873
f 2461/4203/3874 2460/4202/3873 2459/4201/3872 2462/4204/3875
f 2463/4205/3876 2461/4206/3874 2462/4207/3875 2464/4208/3877
f 2463/4205/3876 2464/4208/3877 2465/4209/3878 2466/4210/3879
f 2467/4211/3880 2466/4210/3879 2465/4209/3878 2468/4212/3881
f 2457/4199/3870 2467/4211/3880 2468/4212/3881 2458/4200/3871
s 211
f 2469/4213/3882 2470/4214/3883 2471/4215/3884 2472/4216/3885
f 2473/4217/3886 2472/4216/3885 2471/4215/3884 2474/4218/3887
f 2475/4219/3888 2473/4220/3886 2474/4221/3887 2476/4222/3889
f 2475/4219/3888 2476/4222/3889 2477/4223/3890 2478/4224/3891
f 2479/4225/3892 2478/4224/3891 2477/4223/3890 2480/4226/3893
f 2469/4213/3882 2479/4225/3892 2480/4226/3893 2470/4214/3883
f 2459/4201/3894 2458/4200/3895 2469/4213/3882 2472/4216/3885
f 2462/4204/3896 2459/4201/3894 2472/4216/3885 2473/4217/3886
f 2464/4208/3897 2462/4207/3896 2473/4220/3886 2475/4219/3888
f 2465/4209/3898 2464/4208/3897 2475/4219/3888 2478/4224/3891
f 2468/4212/3899 2465/4209/3898 2478/4224/3891 2479/4225/3892
f 2458/4200/3895 2468/4212/3899 2479/4225/3892 2469/4213/3882
s 212
f 2471/4215/3900 2470/4214/3901 2445/4185/3902 2448/4188/3903
f 2474/4218/3904 2471/4215/3900 2448/4188/3903 2455/4197/3905
f 2476/4222/3906 2474/4221/3904 2455/4195/3905 2453/4193/3907
f 2477/4223/3908 2476/4222/3906 2453/4193/3907 2451/4191/3909
f 2480/4226/3910 2477/4223/3908 2451/4191/3909 2449/4189/3911
f 2470/4214/3901 2480/4226/3910 2449/4189/3911 2445/4185/3902
s 213
f 2427/4227/3912 2457/4199/3913 2460/4202/3914 2428/4228/3915
f 2428/4228/3915 2460/4202/3914 2461/4203/3916 2437/4229/3917
f 2437/4230/3917 2461/4206/3916 2463/4205/3918 2434/4231/3919
f 2434/4231/3919 2463/4205/3918 2466/4210/3920 2433/4232/3921
f 2433/4232/3921 2466/4210/3920 2467/4211/3922 2431/4233/3923
f 2431/4233/3923 2467/4211/3922 2457/4199/3913 2427/4227/3912
s 214
f 2481/4234/3924 2487/4235/3925 2489/4236/3926 2482/4237/3927
f 2483/4238/3928 2482/4237/3927 2489/4236/3926 2490/4239/3929
f 2484/4240/3930 2483/4241/3928 2490/4242/3929 2488/4243/3931
f 2484/4240/3930 2488/4243/3931 2491/4244/3932 2485/4245/3933
f 2486/4246/3934 2485/4245/3933 2491/4244/3932 2492/4247/3935
f 2481/4234/3924 2486/4246/3934 2492/4247/3935 2487/4235/3925
s 209
f 2446/4248/3859 2481/4234/3936 2482/4237/3937 2447/4249/3860
f 2447/4249/3860 2482/4237/3937 2483/4238/3938 2456/4250/3869
f 2456/4251/3869 2483/4241/3938 2484/4240/3939 2454/4252/3867
f 2454/4252/3867 2484/4240/3939 2485/4245/3940 2452/4253/3865
f 2452/4253/3865 2485/4245/3940 2486/4246/3941 2450/4254/3863
f 2450/4254/3863 2486/4246/3941 2481/4234/3936 2446/4248/3859
s 215
f 2493/4255/3942 2496/4258/3943 2495/4257/3944 2494/4256/3945
f 2493/4255/3942 2494/4256/3945 2498/4260/3946 2497/4259/3947
f 2497/4259/3947 2498/4260/3946 2500/4262/3948 2499/4261/3949
f 2501/4263/3950 2502/4266/3951 2499/4265/3949 2500/4264/3948
f 2502/4266/3951 2501/4263/3950 2504/4268/3952 2503/4267/3953
f 2503/4267/3953 2504/4268/3952 2495/4257/3944 2496/4258/3943
s 216
f 2505/4269/3954 2507/4271/3955 2506/4270/3956
f 2505/4269/3954 2506/4270/3956 2508/4272/3957
s 217
f 2506/4273/3958 2507/4274/3959 2496/4258/3960 2493/4255/3961
f 2507/4274/3959 2509/4275/3962 2503/4267/3963 2496/4258/3960
f 2510/4276/3964 2502/4266/3965 2503/4267/3963 2509/4275/3962
f 2499/4265/3966 2502/4266/3965 2510/4276/3964 2511/4277/3967
f 2511/4278/3967 2508/4279/3968 2497/4259/3969 2499/4261/3966
f 2506/4273/3958 2493/4255/3961 2497/4259/3969 2508/4279/3968
s 216
f 2510/4280/3970 2509/4281/3971 2505/4269/3954
f 2510/4280/3970 2505/4269/3954 2511/4282/3972
f 2505/4269/3954 2508/4272/3957 2511/4282/3972
f 2509/4281/3971 2507/4271/3955 2505/4269/3954
s 218
f 2512/4283/3973 2515/4286/3974 2514/4285/3975 2513/4284/3976
f 2512/4283/3973 2513/4284/3976 2517/4288/3977 2516/4287/3978
f 2516/4287/3978 2517/4288/3977 2519/4290/3979 2518/4289/3980
f 2520/4291/3981 2518/4289/3980 2519/4290/3979 2521/4292/3982
f 2520/4291/3981 2521/4292/3982 2523/4294/3983 2522/4293/3984
f 2522/4295/3984 2523/4296/3983 2514/4285/3975 2515/4286/3974
s 219
f 2524/4297/3985 2527/4300/3986 2526/4299/3987 2525/4298/3988
f 2528/4301/3989 2529/4302/3990 2526/4299/3987 2527/4300/3986
f 2530/4303/3991 2531/4306/3992 2529/4305/3990 2528/4304/3989
f 2530/4303/3991 2533/4308/3993 2532/4307/3994 2531/4306/3992
f 2534/4309/3995 2535/4310/3996 2532/4307/3994 2533/4308/3993
f 2524/4297/3985 2525/4298/3988 2535/4310/3996 2534/4309/3995
s 220
f 2536/4311/3997 2539/4314/3998 2538/4313/3999 2537/4312/4000
f 2540/4315/4001 2541/4316/4002 2538/4313/3999 2539/4314/3998
f 2542/4317/4003 2543/4320/4004 2541/4319/4002 2540/4318/4001
f 2542/4317/4003 2545/4322/4005 2544/4321/4006 2543/4320/4004
f 2546/4323/4007 2547/4324/4008 2544/4321/4006 2545/4322/4005
f 2536/4311/3997 2537/4312/4000 2547/4324/4008 2546/4323/4007
f 2526/4299/4009 2539/4314/3998 2536/4311/3997 2525/4298/4010
f 2529/4302/4011 2540/4315/4001 2539/4314/3998 2526/4299/4009
f 2531/4306/4012 2542/4317/4003 2540/4318/4001 2529/4305/4011
f 2532/4307/4013 2545/4322/4005 2542/4317/4003 2531/4306/4012
f 2535/4310/4014 2546/4323/4007 2545/4322/4005 2532/4307/4013
f 2525/4298/4010 2536/4311/3997 2546/4323/4007 2535/4310/4014
s 221
f 2538/4313/4015 2515/4286/4016 2512/4283/4017 2537/4312/4018
f 2541/4316/4019 2522/4295/4020 2515/4286/4016 2538/4313/4015
f 2543/4320/4021 2520/4291/4022 2522/4293/4020 2541/4319/4019
f 2544/4321/4023 2518/4289/4024 2520/4291/4022 2543/4320/4021
f 2547/4324/4025 2516/4287/4026 2518/4289/4024 2544/4321/4023
f 2537/4312/4018 2512/4283/4017 2516/4287/4026 2547/4324/4025
s 222
f 2494/4325/4027 2495/4326/4028 2527/4300/4029 2524/4297/4030
f 2495/4326/4028 2504/4327/4031 2528/4301/4032 2527/4300/4029
f 2504/4328/4031 2501/4329/4033 2530/4303/4034 2528/4304/4032
f 2501/4329/4033 2500/4330/4035 2533/4308/4036 2530/4303/4034
f 2500/4330/4035 2498/4331/4037 2534/4309/4038 2533/4308/4036
f 2498/4331/4037 2494/4325/4027 2524/4297/4030 2534/4309/4038
s 223
f 2548/4332/4039 2549/4335/4040 2556/4334/4041 2554/4333/4042
f 2550/4336/4043 2557/4337/4044 2556/4334/4041 2549/4335/4040
f 2551/4338/4045 2555/4341/4046 2557/4340/4044 2550/4339/4043
f 2551/4338/4045 2552/4343/4047 2558/4342/4048 2555/4341/4046
f 2553/4344/4049 2559/4345/4050 2558/4342/4048 2552/4343/4047
f 2548/4332/4039 2554/4333/4042 2559/4345/4050 2553/4344/4049
s 218
f 2513/4346/3976 2514/4347/3975 2549/4335/4051 2548/4332/4052
f 2514/4347/3975 2523/4348/3983 2550/4336/4053 2549/4335/4051
f 2523/4349/3983 2521/4350/3982 2551/4338/4054 2550/4339/4053
f 2521/4350/3982 2519/4351/3979 2552/4343/4055 2551/4338/4054
f 2519/4351/3979 2517/4352/3977 2553/4344/4056 2552/4343/4055
f 2517/4352/3977 2513/4346/3976 2548/4332/4052 2553/4344/4056
s 224
f 2560/4353/4057 2561/4356/4058 2562/4355/4059 2563/4354/4060
f 2560/4353/4057 2564/4358/4061 2565/4357/4062 2561/4356/4058
f 2564/4358/4061 2566/4360/4063 2567/4359/4064 2565/4357/4062
f 2568/4361/4065 2567/4364/4064 2566/4363/4063 2569/4362/4066
f 2569/4362/4066 2570/4366/4067 2571/4365/4068 2568/4361/4065
f 2570/4366/4067 2563/4354/4060 2562/4355/4059 2571/4365/4068
s 225
f 2572/4367/4069 2573/4369/4070 2574/4368/4071
f 2572/4367/4069 2575/4370/4072 2573/4369/4070
s 226
f 2573/4371/4073 2560/4353/4074 2563/4354/4075 2574/4372/4076
f 2574/4372/4076 2563/4354/4075 2570/4366/4077 2576/4373/4078
f 2577/4374/4079 2576/4373/4078 2570/4366/4077 2569/4362/4080
f 2566/4363/4081 2578/4375/4082 2577/4374/4079 2569/4362/4080
f 2578/4376/4082 2566/4360/4081 2564/4358/4083 2575/4377/4084
f 2573/4371/4073 2575/4377/4084 2564/4358/4083 2560/4353/4074
s 225
f 2577/4378/4085 2572/4367/4069 2576/4379/4086
f 2577/4378/4085 2578/4380/4087 2572/4367/4069
f 2572/4367/4069 2578/4380/4087 2575/4370/4072
f 2576/4379/4086 2572/4367/4069 2574/4368/4071
s 227
f 2579/4381/4088 2580/4384/4089 2581/4383/4090 2582/4382/4091
f 2579/4381/4088 2583/4386/4092 2584/4385/4093 2580/4384/4089
f 2583/4386/4092 2585/4388/4094 2586/4387/4095 2584/4385/4093
f 2587/4389/4096 2588/4390/4097 2586/4387/4095 2585/4388/4094
f 2587/4389/4096 2589/4392/4098 2590/4391/4099 2588/4390/4097
f 2589/4393/4098 2582/4382/4091 2581/4383/4090 2590/4394/4099
s 228
f 2591/4395/4100 2592/4398/4101 2593/4397/4102 2594/4396/4103
f 2595/4399/4104 2594/4396/4103 2593/4397/4102 2596/4400/4105
f 2597/4401/4106 2595/4404/4104 2596/4403/4105 2598/4402/4107
f 2597/4401/4106 2598/4402/4107 2599/4406/4108 2600/4405/4109
f 2601/4407/4110 2600/4405/4109 2599/4406/4108 2602/4408/4111
f 2591/4395/4100 2601/4407/4110 2602/4408/4111 2592/4398/4101
s 229
f 2603/4409/4112 2604/4412/4113 2605/4411/4114 2606/4410/4115
f 2607/4413/4116 2606/4410/4115 2605/4411/4114 2608/4414/4117
f 2609/4415/4118 2607/4418/4116 2608/4417/4117 2610/4416/4119
f 2609/4415/4118 2610/4416/4119 2611/4420/4120 2612/4419/4121
f 2613/4421/4122 2612/4419/4121 2611/4420/4120 2614/4422/4123
f 2603/4409/4112 2613/4421/4122 2614/4422/4123 2604/4412/4113
f 2593/4397/4124 2592/4398/4125 2603/4409/4112 2606/4410/4115
f 2596/4400/4126 2593/4397/4124 2606/4410/4115 2607/4413/4116
f 2598/4402/4127 2596/4403/4126 2607/4418/4116 2609/4415/4118
f 2599/4406/4128 2598/4402/4127 2609/4415/4118 2612/4419/4121
f 2602/4408/4129 2599/4406/4128 2612/4419/4121 2613/4421/4122
f 2592/4398/4125 2602/4408/4129 2613/4421/4122 2603/4409/4112
s 230
f 2605/4411/4130 2604/4412/4131 2579/4381/4132 2582/4382/4133
f 2608/4414/4134 2605/4411/4130 2582/4382/4133 2589/4393/4135
f 2610/4416/4136 2608/4417/4134 2589/4392/4135 2587/4389/4137
f 2611/4420/4138 2610/4416/4136 2587/4389/4137 2585/4388/4139
f 2614/4422/4140 2611/4420/4138 2585/4388/4139 2583/4386/4141
f 2604/4412/4131 2614/4422/4140 2583/4386/4141 2579/4381/4132
s 231
f 2561/4423/4142 2591/4395/4143 2594/4396/4144 2562/4424/4145
f 2562/4424/4145 2594/4396/4144 2595/4399/4146 2571/4425/4147
f 2571/4426/4147 2595/4404/4146 2597/4401/4148 2568/4427/4149
f 2568/4427/4149 2597/4401/4148 2600/4405/4150 2567/4428/4151
f 2567/4428/4151 2600/4405/4150 2601/4407/4152 2565/4429/4153
f 2565/4429/4153 2601/4407/4152 2591/4395/4143 2561/4423/4142
s 232
f 2615/4430/4154 2621/4433/4155 2623/4432/4156 2616/4431/4157
f 2617/4434/4158 2616/4431/4157 2623/4432/4156 2624/4435/4159
f 2618/4436/4160 2617/4439/4158 2624/4438/4159 2622/4437/4161
f 2618/4436/4160 2622/4437/4161 2625/4441/4162 2619/4440/4163
f 2620/4442/4164 2619/4440/4163 2625/4441/4162 2626/4443/4165
f 2615/4430/4154 2620/4442/4164 2626/4443/4165 2621/4433/4155
s 227
f 2580/4444/4089 2615/4430/4166 2616/4431/4167 2581/4445/4090
f 2581/4445/4090 2616/4431/4167 2617/4434/4168 2590/4446/4099
f 2590/4447/4099 2617/4439/4168 2618/4436/4169 2588/4448/4097
f 2588/4448/4097 2618/4436/4169 2619/4440/4170 2586/4449/4095
f 2586/4449/4095 2619/4440/4170 2620/4442/4171 2584/4450/4093
f 2584/4450/4093 2620/4442/4171 2615/4430/4166 2580/4444/4089
s 233
f 2627/4451/4172 2630/4454/4173 2629/4453/4174 2628/4452/4175
f 2627/4451/4172 2628/4452/4175 2632/4456/4176 2631/4455/4177
f 2631/4455/4177 2632/4456/4176 2634/4458/4178 2633/4457/4179
f 2635/4459/4180 2636/4462/4181 2633/4461/4179 2634/4460/4178
f 2636/4462/4181 2635/4459/4180 2638/4464/4182 2637/4463/4183
f 2637/4463/4183 2638/4464/4182 2629/4453/4174 2630/4454/4173
s 234
f 2639/4465/4184 2641/4467/4185 2640/4466/4186
f 2639/4465/4184 2640/4466/4186 2642/4468/4187
s 235
f 2640/4469/4188 2641/4470/4189 2630/4454/4190 2627/4451/4191
f 2641/4470/4189 2643/4471/4192 2637/4463/4193 2630/4454/4190
f 2644/4472/4194 2636/4462/4195 2637/4463/4193 2643/4471/4192
f 2633/4461/4196 2636/4462/4195 2644/4472/4194 2645/4473/4197
f 2645/4474/4197 2642/4475/4198 2631/4455/4199 2633/4457/4196
f 2640/4469/4188 2627/4451/4191 2631/4455/4199 2642/4475/4198
s 234
f 2644/4476/4200 2643/4477/4201 2639/4465/4184
f 2644/4476/4200 2639/4465/4184 2645/4478/4202
f 2639/4465/4184 2642/4468/4187 2645/4478/4202
f 2643/4477/4201 2641/4467/4185 2639/4465/4184
s 236
f 2646/4479/4203 2649/4482/4204 2648/4481/4205 2647/4480/4206
f 2646/4479/4203 2647/4480/4206 2651/4484/4207 2650/4483/4208
f 2650/4483/4208 2651/4484/4207 2653/4486/4209 2652/4485/4210
f 2654/4487/4211 2652/4485/4210 2653/4486/4209 2655/4488/4212
f 2654/4487/4211 2655/4488/4212 2657/4490/4213 2656/4489/4214
f 2656/4491/4214 2657/4492/4213 2648/4481/4205 2649/4482/4204
s 237
f 2658/4493/4215 2661/4496/4216 2660/4495/4217 2659/4494/4218
f 2662/4497/4219 2663/4498/4220 2660/4495/4217 2661/4496/4216
f 2664/4499/4221 2665/4502/4222 2663/4501/4220 2662/4500/4219
f 2664/4499/4221 2667/4504/4223 2666/4503/4224 2665/4502/4222
f 2668/4505/4225 2669/4506/4226 2666/4503/4224 2667/4504/4223
f 2658/4493/4215 2659/4494/4218 2669/4506/4226 2668/4505/4225
s 238
f 2670/4507/4227 2673/4510/4228 2672/4509/4229 2671/4508/4230
f 2674/4511/4231 2675/4512/4232 2672/4509/4229 2673/4510/4228
f 2676/4513/4233 2677/4516/4234 2675/4515/4232 2674/4514/4231
f 2676/4513/4233 2679/4518/4235 2678/4517/4236 2677/4516/4234
f 2680/4519/4237 2681/4520/4238 2678/4517/4236 2679/4518/4235
f 2670/4507/4227 2671/4508/4230 2681/4520/4238 2680/4519/4237
f 2660/4495/4239 2673/4510/4228 2670/4507/4227 2659/4494/4240
f 2663/4498/4241 2674/4511/4231 2673/4510/4228 2660/4495/4239
f 2665/4502/4242 2676/4513/4233 2674/4514/4231 2663/4501/4241
f 2666/4503/4243 2679/4518/4235 2676/4513/4233 2665/4502/4242
f 2669/4506/4244 2680/4519/4237 2679/4518/4235 2666/4503/4243
f 2659/4494/4240 2670/4507/4227 2680/4519/4237 2669/4506/4244
s 239
f 2672/4509/4245 2649/4482/4246 2646/4479/4247 2671/4508/4248
f 2675/4512/4249 2656/4491/4250 2649/4482/4246 2672/4509/4245
f 2677/4516/4251 2654/4487/4252 2656/4489/4250 2675/4515/4249
f 2678/4517/4253 2652/4485/4254 2654/4487/4252 2677/4516/4251
f 2681/4520/4255 2650/4483/4256 2652/4485/4254 2678/4517/4253
f 2671/4508/4248 2646/4479/4247 2650/4483/4256 2681/4520/4255
s 240
f 2628/4521/4257 2629/4522/4258 2661/4496/4259 2658/4493/4260
f 2629/4522/4258 2638/4523/4261 2662/4497/4262 2661/4496/4259
f 2638/4524/4261 2635/4525/4263 2664/4499/4264 2662/4500/4262
f 2635/4525/4263 2634/4526/4265 2667/4504/4266 2664/4499/4264
f 2634/4526/4265 2632/4527/4267 2668/4505/4268 2667/4504/4266
f 2632/4527/4267 2628/4521/4257 2658/4493/4260 2668/4505/4268
s 241
f 2682/4528/4269 2683/4531/4270 2690/4530/4271 2688/4529/4272
f 2684/4532/4273 2691/4533/4274 2690/4530/4271 2683/4531/4270
f 2685/4534/4275 2689/4537/4276 2691/4536/4274 2684/4535/4273
f 2685/4534/4275 2686/4539/4277 2692/4538/4278 2689/4537/4276
f 2687/4540/4279 2693/4541/4280 2692/4538/4278 2686/4539/4277
f 2682/4528/4269 2688/4529/4272 2693/4541/4280 2687/4540/4279
s 236
f 2647/4542/4206 2648/4543/4205 2683/4531/4281 2682/4528/4282
f 2648/4543/4205 2657/4544/4213 2684/4532/4283 2683/4531/4281
f 2657/4545/4213 2655/4546/4212 2685/4534/4284 2684/4535/4283
f 2655/4546/4212 2653/4547/4209 2686/4539/4285 2685/4534/4284
f 2653/4547/4209 2651/4548/4207 2687/4540/4286 2686/4539/4285
f 2651/4548/4207 2647/4542/4206 2682/4528/4282 2687/4540/4286
