# Blender 4.0.2
# www.blender.org
o Emitter_cell.003
v 2.434759 0.112274 0.216990
v 3.246345 0.542695 0.072164
v 3.246345 0.531959 0.085054
v 2.434759 0.298096 -0.006133
v 3.246345 0.197217 0.488243
v 2.744332 0.005396 0.488243
v 2.434759 0.005396 0.345725
v 2.434759 0.035903 0.488243
v 2.517641 0.005396 0.488243
v 2.434759 0.005396 0.452883
v 2.434759 0.863588 0.488243
v 3.246345 1.018302 0.488243
v 3.246345 0.542695 0.072164
v 3.246345 0.531959 0.085054
v 3.246345 0.197217 0.488243
v 2.744332 0.005396 0.488243
v 2.434759 0.005396 0.345725
v 2.434759 0.035903 0.488243
v 2.434759 0.005396 0.452883
v 2.434759 0.298096 -0.006133
v 2.434759 0.863588 0.488243
v 3.246345 1.018302 0.488243
v 2.434759 0.112274 0.216990
v 2.517641 0.005396 0.488243
v -1.490834 2.446611 -0.488243
v -1.874819 2.446611 -0.393308
v -1.782120 2.763757 -0.488243
v -1.915072 2.446611 -0.383458
v -1.894433 2.884399 -0.488243
v -1.998222 2.446611 -0.488243
v -1.490834 2.446611 -0.488243
v -1.874819 2.446611 -0.393308
v -1.782120 2.763757 -0.488243
v -1.915072 2.446611 -0.383458
v -1.894433 2.884399 -0.488243
v -1.998222 2.446611 -0.488243
v 3.246345 0.005396 0.488243
v 3.246345 0.005396 -0.488243
v 2.787733 0.453709 -0.488243
v 3.246345 0.522217 -0.488243
v 3.246345 0.589311 -0.424282
v 2.434759 0.005396 -0.286063
v 2.526486 0.005396 -0.449161
v 2.434759 0.083605 -0.308728
v 2.434759 0.333770 -0.380659
v 2.548491 0.005396 -0.488243
v 2.490794 0.361798 -0.488243
v 2.434759 0.296826 -0.007874
v 3.246345 0.540635 0.069990
v 2.434759 0.228853 0.074100
v 3.246345 0.193821 0.488243
v 3.202786 0.177270 0.488243
v 2.434759 0.005396 0.343028
v 2.751662 0.005396 0.488243
v 2.787733 0.453709 -0.488243
v 3.246345 0.522217 -0.488243
v 2.434759 0.005396 -0.286063
v 2.526486 0.005396 -0.449161
v 2.434759 0.083605 -0.308728
v 2.434759 0.333770 -0.380659
v 2.548491 0.005396 -0.488243
v 2.434759 0.296826 -0.007874
v 3.246345 0.540635 0.069990
v 3.246345 0.193821 0.488243
v 3.202786 0.177270 0.488243
v 2.434759 0.005396 0.343028
v 2.751662 0.005396 0.488243
v 2.434759 0.228853 0.074100
v 2.490794 0.361798 -0.488243
v 3.246345 0.589311 -0.424282
v -2.179011 3.234488 0.024420
v -2.282717 3.386430 0.014823
v -1.896260 2.912895 -0.488243
v -1.942066 2.978742 -0.488243
v -1.355555 3.110607 -0.488243
v -1.244468 3.423097 -0.160656
v -1.046560 3.423097 -0.247986
v -1.114403 3.423097 -0.488243
v -2.305871 3.423097 -0.006160
v -2.304255 3.423097 -0.022276
v -1.584166 3.423097 -0.011400
v -1.921397 3.423097 -0.000258
v -2.249902 3.423097 -0.488243
v -2.294981 3.423097 0.011940
v -1.046560 3.423097 -0.247986
v -1.244468 3.423097 -0.160656
v -1.355555 3.110607 -0.488243
v -1.114403 3.423097 -0.488243
v -2.305871 3.423097 -0.006160
v -2.304255 3.423097 -0.022276
v -2.249902 3.423097 -0.488243
v -1.584166 3.423097 -0.011400
v -1.896260 2.912895 -0.488243
v -1.921397 3.423097 -0.000258
v -2.294981 3.423097 0.011940
v -1.942066 2.978742 -0.488243
v -3.246345 3.423097 -0.488243
v -2.746704 2.517767 0.285009
v -3.037095 3.350146 -0.098831
v -2.736737 2.553782 0.323048
v -3.085569 3.423097 -0.188670
v -3.153960 3.423097 -0.358654
v -3.206311 3.423097 -0.488243
v -3.086009 2.680918 -0.488243
v -3.246345 2.668291 -0.462472
v -3.246345 2.673954 -0.488243
v -3.204396 2.461208 0.488243
v -3.246345 2.460100 0.488243
v -3.213964 3.423097 -0.159322
v -3.246345 3.423097 -0.152007
v -3.246345 3.406102 -0.128410
v -3.246345 3.316110 -0.003840
v -3.246345 3.065961 0.161337
v -3.199470 2.546286 0.488243
v -3.116646 2.502847 0.488243
v -3.130577 2.496022 0.488243
v -3.246345 2.756061 0.365934
v -3.205837 2.549615 0.488243
v -3.246345 2.570543 0.488243
v -3.085569 3.423097 -0.188670
v -3.153960 3.423097 -0.358654
v -3.206311 3.423097 -0.488243
v -3.246345 2.668291 -0.462472
v -3.246345 2.673954 -0.488243
v -3.086009 2.680918 -0.488243
v -3.213964 3.423097 -0.159322
v -3.246345 3.423097 -0.152007
v -3.246345 3.406102 -0.128410
v -3.116646 2.502847 0.488243
v -3.130577 2.496022 0.488243
v -3.204396 2.461208 0.488243
v -3.205837 2.549615 0.488243
v -3.246345 2.570543 0.488243
v -3.246345 3.316110 -0.003840
v -3.246345 2.460100 0.488243
v -3.246345 2.756061 0.365934
v -3.246345 3.065961 0.161337
v -3.199470 2.546286 0.488243
v -3.246345 0.005396 0.488243
v -2.434759 0.005396 0.488243
v -3.246345 0.372519 0.294013
v -3.246345 0.703087 0.488243
v -3.202641 0.005396 0.087265
v -2.434759 0.250584 0.388780
v -2.434759 0.005396 0.244716
v -3.048129 0.633915 0.488243
v -2.434759 0.419177 0.488243
v -3.246345 0.005396 0.092396
v -3.222810 0.005396 0.083203
v -3.246345 0.050204 0.104770
v -3.246345 0.372519 0.294013
v -3.246345 0.703087 0.488243
v -2.434759 0.250584 0.388780
v -2.434759 0.005396 0.244716
v -3.048129 0.633915 0.488243
v -2.434759 0.419177 0.488243
v -3.246345 0.005396 0.092396
v -3.222810 0.005396 0.083203
v -3.246345 0.050204 0.104770
v -3.202641 0.005396 0.087265
v 0.007928 2.761476 -0.333036
v 0.485611 2.650819 0.488243
v 0.611671 2.446611 0.382184
v 0.660764 2.446611 0.488243
v 0.408345 2.740811 0.488243
v 0.207407 2.446611 -0.488243
v 0.049087 2.630879 -0.488243
v -0.347693 2.446611 -0.257224
v 0.402744 2.747260 0.488243
v 0.026860 2.446611 0.488243
v 0.024976 2.658638 -0.488243
v -0.214805 2.446611 -0.436748
v -0.176458 2.446611 -0.488243
v -0.090908 2.536804 -0.488243
v 0.611671 2.446611 0.382184
v 0.660764 2.446611 0.488243
v 0.485611 2.650819 0.488243
v 0.408345 2.740811 0.488243
v 0.207407 2.446611 -0.488243
v 0.049087 2.630879 -0.488243
v -0.347693 2.446611 -0.257224
v 0.026860 2.446611 0.488243
v 0.024976 2.658638 -0.488243
v -0.214805 2.446611 -0.436748
v -0.176458 2.446611 -0.488243
v 0.402744 2.747260 0.488243
v -0.090908 2.536804 -0.488243
v -2.434758 2.446611 0.488243
v -2.745032 2.516541 0.285226
v -2.429777 2.603505 0.352940
v -2.734437 2.552473 0.324167
v -2.952690 1.004492 -0.111078
v -2.337926 2.446611 0.441566
v -2.340912 2.446611 0.488243
v -3.246345 0.826854 0.421016
v -2.434758 0.749199 0.488243
v -3.232342 0.801099 0.488243
v -3.246345 0.932065 0.136362
v -2.434758 0.802758 0.343403
v -2.434758 0.991581 -0.165525
v -2.434758 1.014825 -0.181651
v -2.434758 1.467295 -0.488243
v -2.422828 2.579361 0.488243
v -2.328704 2.446611 0.295543
v -2.442609 2.611144 0.488243
v -2.514682 2.599559 0.488243
v -3.078213 2.507883 0.488243
v -2.321149 2.446611 0.169006
v -3.246345 0.802099 0.488243
v -3.246345 1.067999 -0.117827
v -3.246345 1.108375 -0.145163
v -2.591801 1.495792 -0.488243
v -2.651797 1.506904 -0.488243
v -3.246345 1.332511 -0.296342
v -3.246345 2.380558 0.454668
v -2.510900 1.611670 -0.488243
v -2.434758 1.668075 -0.488243
v -2.434758 2.130464 -0.156574
v -2.434758 2.166263 -0.130703
v -2.434758 2.296516 0.012879
v -2.434758 2.446611 0.179366
v -3.113633 2.502083 0.488243
v -3.246345 2.427226 0.488243
v -3.202460 2.459747 0.488243
v -2.337926 2.446611 0.441566
v -2.340912 2.446611 0.488243
v -2.434758 0.802758 0.343403
v -2.434758 0.749199 0.488243
v -3.232342 0.801099 0.488243
v -3.246345 0.826854 0.421016
v -3.246345 0.932065 0.136362
v -2.422828 2.579361 0.488243
v -2.442609 2.611144 0.488243
v -2.514682 2.599559 0.488243
v -3.246345 0.802099 0.488243
v -3.246345 1.067999 -0.117827
v -3.246345 1.108375 -0.145163
v -2.591801 1.495792 -0.488243
v -2.651797 1.506904 -0.488243
v -3.246345 1.332511 -0.296342
v -3.246345 2.380558 0.454668
v -2.510900 1.611670 -0.488243
v -2.434758 1.668075 -0.488243
v -2.434758 2.130464 -0.156574
v -2.434758 0.991581 -0.165525
v -2.321149 2.446611 0.169006
v -2.434758 2.446611 0.179366
v -3.246345 2.427226 0.488243
v -2.434758 1.014825 -0.181651
v -3.202460 2.459747 0.488243
v -2.434758 1.467295 -0.488243
v -3.078213 2.507883 0.488243
v -3.113633 2.502083 0.488243
v -2.434758 2.166263 -0.130703
v -2.328704 2.446611 0.295543
v -2.434758 2.296516 0.012879
v -2.951257 1.003335 -0.110478
v -2.434759 0.005396 -0.488243
v -2.434759 0.388603 -0.488243
v -2.434759 0.791919 -0.271854
v -2.533647 0.371493 -0.488243
v -2.434759 0.962928 -0.179837
v -2.434759 0.989928 -0.165255
v -3.246345 0.054260 0.104674
v -3.246345 0.138244 0.107611
v -3.220782 0.005396 0.081247
v -2.699904 0.005396 -0.361283
v -2.550370 0.005396 -0.488243
v -3.246345 0.930015 0.137119
v -2.547202 0.076889 -0.488243
v -3.246345 0.837746 0.385914
v -3.221422 0.798233 0.488243
v -3.189545 0.796234 0.488243
v -2.434759 0.747113 0.488243
v -2.434759 0.423525 0.488243
v -3.246345 0.377434 0.294791
v -3.246345 0.706479 0.488243
v -3.200726 0.005396 0.085421
v -2.434759 0.005396 0.242541
v -3.246345 0.799705 0.488243
v -3.246345 0.054260 0.104674
v -3.246345 0.138244 0.107611
v -3.246345 0.930015 0.137119
v -3.246345 0.837746 0.385914
v -3.221422 0.798233 0.488243
v -3.189545 0.796234 0.488243
v -3.246345 0.377434 0.294791
v -2.434759 0.423525 0.488243
v -2.434759 0.005396 0.242541
v -3.246345 0.799705 0.488243
v -2.434759 0.989928 -0.165255
v -2.434759 0.747113 0.488243
v -2.699904 0.005396 -0.361283
v -3.220782 0.005396 0.081247
v -2.550370 0.005396 -0.488243
v -3.246345 0.706479 0.488243
v -3.200726 0.005396 0.085421
v -2.434759 0.388603 -0.488243
v -2.434759 0.791919 -0.271854
v -2.533647 0.371493 -0.488243
v -2.434759 0.962928 -0.179837
v -2.547202 0.076889 -0.488243
v -2.273355 2.840037 0.270687
v -2.427627 2.605422 0.353019
v -1.094025 2.446611 0.488243
v -1.076722 2.664301 0.488243
v -1.146766 2.446611 0.170611
v -2.211874 2.985276 0.488243
v -2.413967 2.657361 0.488243
v -1.678842 2.446611 -0.030629
v -2.441338 2.612540 0.488243
v -2.421866 2.580569 0.488243
v -2.318012 2.446611 0.167142
v -2.326798 2.446611 0.293861
v -2.339098 2.446611 0.488243
v -1.884404 2.446611 -0.108081
v -2.026471 2.446611 -0.161241
v -2.149033 2.446611 -0.023599
v -1.076722 2.664301 0.488243
v -2.211874 2.985276 0.488243
v -2.318012 2.446611 0.167142
v -2.326798 2.446611 0.293861
v -2.339098 2.446611 0.488243
v -1.678842 2.446611 -0.030629
v -1.884404 2.446611 -0.108081
v -2.026471 2.446611 -0.161241
v -1.094025 2.446611 0.488243
v -2.413967 2.657361 0.488243
v -2.421866 2.580569 0.488243
v -2.441338 2.612540 0.488243
v -1.146766 2.446611 0.170611
v -2.149033 2.446611 -0.023599
v 0.009606 2.763841 -0.333195
v 1.387598 3.241877 0.109442
v 1.293147 3.382525 0.060156
v 1.327850 3.340547 0.083237
v 0.247668 3.317588 -0.337792
v 1.301045 3.383525 0.236365
v 1.350841 3.316709 0.159903
v 1.177068 2.446611 -0.488243
v 1.537309 2.446611 -0.065856
v 0.836702 3.352678 -0.488243
v 1.553149 2.446611 -0.047146
v 1.561099 2.446611 -0.036967
v 1.522901 2.446611 0.032746
v 1.509974 2.446611 0.056191
v 1.269775 2.446611 0.488243
v 1.260446 2.526971 0.488243
v 0.308535 3.320696 -0.488243
v 1.161579 3.375630 0.488243
v 1.083935 3.370878 0.488243
v 0.409036 2.742242 0.488243
v 0.662873 2.446611 0.488243
v 0.049870 2.632230 -0.488243
v 0.077886 2.599602 -0.488243
v 0.342365 2.446611 -0.201690
v 0.209456 2.446611 -0.488243
v 0.085652 2.800113 -0.488243
v 0.025980 2.660258 -0.488243
v 0.403453 2.748792 0.488243
v 0.689016 3.346155 0.488243
v 0.648701 3.312872 0.488243
v 0.662788 3.344378 0.488243
v 1.177068 2.446611 -0.488243
v 0.836702 3.352678 -0.488243
v 1.561099 2.446611 -0.036967
v 1.522901 2.446611 0.032746
v 1.509974 2.446611 0.056191
v 1.269775 2.446611 0.488243
v 1.260446 2.526971 0.488243
v 1.161579 3.375630 0.488243
v 1.083935 3.370878 0.488243
v 0.409036 2.742242 0.488243
v 0.662873 2.446611 0.488243
v 0.049870 2.632230 -0.488243
v 0.077886 2.599602 -0.488243
v 0.085652 2.800113 -0.488243
v 0.025980 2.660258 -0.488243
v 0.403453 2.748792 0.488243
v 0.648701 3.312872 0.488243
v 0.662788 3.344378 0.488243
v 0.689016 3.346155 0.488243
v 0.342365 2.446611 -0.201690
v 1.537309 2.446611 -0.065856
v 0.209456 2.446611 -0.488243
v 1.553149 2.446611 -0.047146
v 0.308535 3.320696 -0.488243
v -3.035871 3.352372 -0.097821
v -3.246345 3.423097 -0.148471
v -2.856992 3.423097 -0.100361
v -3.082841 3.423097 -0.185264
v -3.246345 3.317868 -0.002680
v -3.246345 3.423097 0.197744
v -3.188674 3.423097 0.153667
v -2.856992 3.423097 -0.100361
v -3.082841 3.423097 -0.185264
v -3.188674 3.423097 0.153667
v -3.246345 3.317868 -0.002680
v -3.246345 3.423097 0.197744
v -3.246345 3.423097 -0.148471
v 2.451635 1.688369 0.336046
v 2.434759 0.399198 -0.475718
v 2.434759 0.407768 -0.488243
v 2.439919 0.403541 -0.488243
v 2.434759 0.335711 -0.382325
v 2.489815 0.363206 -0.488243
v 2.434759 0.298893 -0.007720
v 3.246345 0.546419 0.036328
v 3.246345 0.543115 0.069945
v 2.559963 0.384975 -0.488243
v 2.434759 0.392727 0.074399
v 3.246345 1.021086 0.488243
v 3.203403 1.012859 0.488243
v 2.434759 0.866654 0.488243
v 2.434759 1.491950 0.488243
v 2.521624 1.671850 0.488243
v 2.434759 1.640967 0.347781
v 2.434759 1.683421 0.307681
v 2.803749 0.497411 -0.488243
v 3.246345 1.436280 -0.488243
v 2.782852 0.454417 -0.488243
v 3.246345 0.592314 -0.423123
v 2.434759 1.583958 -0.488243
v 3.246345 1.651439 -0.488243
v 2.605738 1.720119 0.488243
v 3.246345 1.773130 0.488243
v 2.434759 0.399198 -0.475718
v 2.434759 0.407768 -0.488243
v 2.439919 0.403541 -0.488243
v 2.434759 0.335711 -0.382325
v 2.489815 0.363206 -0.488243
v 2.434759 0.298893 -0.007720
v 3.246345 0.546419 0.036328
v 3.246345 0.543115 0.069945
v 2.559963 0.384975 -0.488243
v 3.246345 1.021086 0.488243
v 3.203403 1.012859 0.488243
v 2.434759 1.491950 0.488243
v 2.521624 1.671850 0.488243
v 2.803749 0.497411 -0.488243
v 3.246345 1.436280 -0.488243
v 2.782852 0.454417 -0.488243
v 2.434759 1.683421 0.307681
v 2.434759 1.583958 -0.488243
v 3.246345 0.592314 -0.423123
v 2.434759 1.640967 0.347781
v 3.246345 1.773130 0.488243
v 3.246345 1.651439 -0.488243
v 2.434759 0.866654 0.488243
v 2.605738 1.720119 0.488243
v 2.434759 0.392727 0.074399
v 2.434759 0.005396 0.488243
v 2.434759 0.033517 0.488243
v 2.510940 0.005396 0.488243
v 2.434759 0.005396 0.455911
v 2.434759 0.033517 0.488243
v 2.510940 0.005396 0.488243
v 2.434759 0.005396 0.455911
v -2.744296 2.517284 0.284254
v -3.035046 3.350709 -0.099084
v -2.734089 2.553928 0.323320
v -2.434759 2.446611 -0.488243
v -2.283090 3.382020 0.015896
v -2.429240 2.605646 0.350979
v -2.218391 3.220971 0.101249
v -2.274347 2.840725 0.268405
v -2.180560 3.233099 0.025609
v -2.026866 2.446611 -0.164516
v -1.895920 2.890992 -0.488243
v -1.916673 2.446611 -0.382719
v -2.000734 2.446611 -0.488243
v -1.899091 2.913193 -0.488243
v -2.300043 3.423097 -0.077160
v -2.252848 3.423097 -0.488243
v -2.306295 3.423097 -0.023674
v -2.319326 2.446611 0.165006
v -2.308483 3.423097 -0.007772
v -2.483905 3.423097 -0.037608
v -2.727025 3.423097 -0.079281
v -2.852097 3.423097 -0.100978
v -2.434759 2.446611 0.176240
v -2.434759 2.298059 0.012517
v -2.434759 2.167750 -0.131465
v -3.083848 2.678285 -0.488243
v -2.434759 2.103155 -0.488243
v -3.204804 3.423097 -0.488243
v -3.096927 3.423097 -0.222372
v -3.083086 3.423097 -0.188366
v -1.895920 2.890992 -0.488243
v -2.000734 2.446611 -0.488243
v -1.899091 2.913193 -0.488243
v -2.252848 3.423097 -0.488243
v -2.300043 3.423097 -0.077160
v -2.306295 3.423097 -0.023674
v -2.308483 3.423097 -0.007772
v -2.483905 3.423097 -0.037608
v -2.727025 3.423097 -0.079281
v -2.319326 2.446611 0.165006
v -2.434759 2.446611 0.176240
v -3.083848 2.678285 -0.488243
v -2.434759 2.103155 -0.488243
v -3.204804 3.423097 -0.488243
v -3.096927 3.423097 -0.222372
v -3.083086 3.423097 -0.188366
v -2.852097 3.423097 -0.100978
v -2.434759 2.298059 0.012517
v -2.026866 2.446611 -0.164516
v -1.916673 2.446611 -0.382719
v -2.434759 2.167750 -0.131465
v 3.198077 3.423097 0.056177
v 3.246345 3.358109 0.013903
v 3.246345 3.362510 0.022718
v 3.204099 3.423097 0.067142
v 3.246345 3.423097 0.137425
v 3.246345 3.423097 0.014698
v 3.246345 3.358109 0.013903
v 3.246345 3.362510 0.022718
v 3.204099 3.423097 0.067142
v 3.246345 3.423097 0.137425
v 3.246345 3.423097 0.014698
v 3.198077 3.423097 0.056177
v 2.434759 0.005396 -0.488243
v 2.434759 0.081723 -0.312170
v 2.434759 0.334532 -0.384578
v 2.545887 0.005396 -0.488243
v 2.523620 0.005396 -0.448582
v 2.488649 0.361340 -0.488243
v 2.434759 0.005396 -0.290768
v 2.434759 0.391611 -0.467375
v 2.434759 0.405904 -0.488243
v 2.443572 0.398694 -0.488243
v 2.434759 0.081723 -0.312170
v 2.434759 0.334532 -0.384578
v 2.434759 0.005396 -0.290768
v 2.434759 0.391611 -0.467375
v 2.434759 0.405904 -0.488243
v 2.545887 0.005396 -0.488243
v 2.523620 0.005396 -0.448582
v 2.443572 0.398694 -0.488243
v 2.488649 0.361340 -0.488243
v 2.918455 2.957921 -0.318537
v 2.946986 3.128063 0.208463
v 3.188808 2.927748 0.488243
v 3.246345 3.187093 0.340412
v 3.246345 2.974636 0.488243
v 3.246345 3.423097 0.175943
v 3.169414 2.911833 0.488243
v 3.171245 3.423097 0.132995
v 3.141652 3.423097 0.115821
v 3.135185 2.883329 0.488243
v 3.026141 2.674653 -0.488243
v 3.246345 2.248164 -0.488243
v 3.246345 2.667881 0.488243
v 3.202360 3.423097 0.068466
v 3.246345 3.423097 0.142152
v 3.246345 3.359017 0.021296
v 3.144513 3.423097 0.094963
v 3.194995 3.423097 0.057670
v 3.246345 3.353748 0.012116
v 3.150615 3.423097 0.052621
v 3.006006 2.714015 -0.488243
v 3.210113 2.682325 -0.488243
v 3.246345 3.243661 -0.069470
v 3.246345 2.676634 -0.488243
v 3.188808 2.927748 0.488243
v 3.246345 2.974636 0.488243
v 3.246345 3.187093 0.340412
v 3.246345 3.423097 0.175943
v 3.169414 2.911833 0.488243
v 3.171245 3.423097 0.132995
v 3.141652 3.423097 0.115821
v 3.026141 2.674653 -0.488243
v 3.006006 2.714015 -0.488243
v 3.135185 2.883329 0.488243
v 3.202360 3.423097 0.068466
v 3.246345 3.423097 0.142152
v 3.144513 3.423097 0.094963
v 3.246345 2.667881 0.488243
v 3.246345 2.248164 -0.488243
v 3.246345 3.359017 0.021296
v 3.246345 3.353748 0.012116
v 3.246345 3.243661 -0.069470
v 3.210113 2.682325 -0.488243
v 3.246345 2.676634 -0.488243
v 3.194995 3.423097 0.057670
v 3.150615 3.423097 0.052621
v 2.806976 2.918871 0.463727
v 2.061764 2.509730 -0.221773
v 2.748980 3.061376 0.297826
v 2.102323 2.598374 -0.228070
v 2.389861 3.365276 0.452144
v 1.352544 3.317031 0.161103
v 1.389824 3.240642 0.109807
v 1.301783 3.384441 0.239163
v 1.958360 2.446611 -0.188480
v 1.959801 2.446611 -0.173999
v 1.991343 2.446611 0.194707
v 2.739675 2.877059 0.488243
v 2.672024 2.836794 0.488243
v 2.015157 2.446611 0.488243
v 1.165503 3.367277 0.488243
v 1.272063 2.446611 0.488243
v 1.563382 2.446611 -0.036960
v 2.800376 2.913527 0.488243
v 2.629346 3.094395 0.488243
v 1.273562 3.423097 0.369248
v 1.164481 3.376515 0.488243
v 1.211815 3.423097 0.488243
v 1.883476 3.423097 0.416909
v 1.336443 3.423097 0.297391
v 2.208452 3.423097 0.488243
v 2.283453 3.410558 0.488243
v 1.313629 3.423097 0.292573
v 2.338914 3.401227 0.488243
v 2.739675 2.877059 0.488243
v 2.800376 2.913527 0.488243
v 1.958360 2.446611 -0.188480
v 1.959801 2.446611 -0.173999
v 2.672024 2.836794 0.488243
v 1.991343 2.446611 0.194707
v 2.015157 2.446611 0.488243
v 1.272063 2.446611 0.488243
v 1.165503 3.367277 0.488243
v 1.164481 3.376515 0.488243
v 1.211815 3.423097 0.488243
v 1.883476 3.423097 0.416909
v 1.336443 3.423097 0.297391
v 2.208452 3.423097 0.488243
v 2.283453 3.410558 0.488243
v 1.313629 3.423097 0.292573
v 1.563382 2.446611 -0.036960
v 2.629346 3.094395 0.488243
v 1.273562 3.423097 0.369248
v 2.338914 3.401227 0.488243
v -2.179965 3.235009 0.026973
v -2.281199 3.382593 0.017043
v -2.216936 3.222474 0.102272
v -2.086954 3.261091 0.488243
v -1.581112 3.423097 0.100357
v -1.575324 3.423097 0.488243
v -1.582975 3.423097 0.005542
v -2.159350 3.238249 0.488243
v -1.583526 3.423097 -0.008907
v -2.294343 3.423097 0.013870
v -2.164279 3.253892 0.488243
v -2.255845 3.423097 0.251130
v -2.217305 3.423097 0.488243
v -1.581112 3.423097 0.100357
v -1.575324 3.423097 0.488243
v -2.164279 3.253892 0.488243
v -2.217305 3.423097 0.488243
v -2.294343 3.423097 0.013870
v -2.255845 3.423097 0.251130
v -1.583526 3.423097 -0.008907
v -1.582975 3.423097 0.005542
v -2.086954 3.261091 0.488243
v -2.159350 3.238249 0.488243
v -2.953428 1.003442 -0.110842
v -3.246345 0.005396 -0.488243
v -3.246345 0.548728 -0.488243
v -2.537361 0.373175 -0.488243
v -2.549915 0.077308 -0.488243
v -3.246345 1.066162 -0.117643
v -3.246345 0.930737 0.134928
v -3.246345 0.269590 0.110648
v -3.246345 0.133717 0.105578
v -2.553073 0.005396 -0.488243
v -2.706266 0.005396 -0.358084
v -3.246345 0.049816 0.102052
v -3.223346 0.005396 0.080670
v -3.246345 0.005396 0.089768
v -3.246345 0.548728 -0.488243
v -3.246345 1.066162 -0.117643
v -3.246345 0.269590 0.110648
v -3.246345 0.133717 0.105578
v -2.549915 0.077308 -0.488243
v -2.553073 0.005396 -0.488243
v -3.246345 0.049816 0.102052
v -3.223346 0.005396 0.080670
v -3.246345 0.005396 0.089768
v -3.246345 0.930737 0.134928
v -2.706266 0.005396 -0.358084
v -2.537361 0.373175 -0.488243
v 3.246345 3.423097 0.488243
v 2.809007 2.919095 0.465189
v 2.392278 3.366701 0.452598
v 2.750267 3.063218 0.298263
v 2.945937 3.128881 0.209739
v 3.182491 3.423097 0.141216
v 3.246345 3.156499 0.364151
v 3.246345 2.978652 0.488243
v 2.827496 2.898798 0.488243
v 3.133314 2.884991 0.488243
v 3.140648 3.423097 0.117024
v 3.246345 3.423097 0.178594
v 3.123256 3.423097 0.124774
v 2.742283 3.423097 0.294845
v 2.802780 2.914137 0.488243
v 2.781102 2.936734 0.488243
v 2.370752 3.370807 0.488243
v 2.341796 3.402050 0.488243
v 2.576359 3.423097 0.369110
v 2.351650 3.423097 0.488243
v 2.345945 3.411004 0.488243
v 3.246345 3.156499 0.364151
v 3.246345 2.978652 0.488243
v 3.182491 3.423097 0.141216
v 3.246345 3.423097 0.178594
v 3.140648 3.423097 0.117024
v 3.123256 3.423097 0.124774
v 2.742283 3.423097 0.294845
v 2.802780 2.914137 0.488243
v 2.781102 2.936734 0.488243
v 3.133314 2.884991 0.488243
v 2.576359 3.423097 0.369110
v 2.351650 3.423097 0.488243
v 2.345945 3.411004 0.488243
v 2.827496 2.898798 0.488243
v 2.370752 3.370807 0.488243
v 2.341796 3.402050 0.488243
v 3.246345 3.423097 -0.488243
v 2.917393 2.956997 -0.321773
v 3.148791 3.423097 0.041698
v 2.892176 2.969731 -0.488243
v 2.869366 2.906124 -0.488243
v 3.090377 3.423097 -0.287490
v 3.150301 3.423097 0.050106
v 2.860244 2.880529 -0.488243
v 3.003634 2.718370 -0.488243
v 3.246345 2.940743 -0.295520
v 3.246345 2.680202 -0.488243
v 3.174317 3.423097 0.052901
v 3.196155 3.423097 0.055280
v 3.246345 3.355224 0.010618
v 3.246345 3.362746 0.010860
v 3.206219 3.423097 0.046763
v 3.246345 3.423097 0.012121
v 3.088232 3.423097 -0.488243
v 3.018625 3.320929 -0.488243
v 3.081427 3.423097 -0.338876
v 2.860244 2.880529 -0.488243
v 3.003634 2.718370 -0.488243
v 2.892176 2.969731 -0.488243
v 2.869366 2.906124 -0.488243
v 3.148791 3.423097 0.041698
v 3.090377 3.423097 -0.287490
v 3.174317 3.423097 0.052901
v 3.196155 3.423097 0.055280
v 3.246345 3.355224 0.010618
v 3.246345 3.362746 0.010860
v 3.206219 3.423097 0.046763
v 3.246345 3.423097 0.012121
v 3.088232 3.423097 -0.488243
v 3.018625 3.320929 -0.488243
v 3.246345 2.680202 -0.488243
v 3.246345 2.940743 -0.295520
v 3.150301 3.423097 0.050106
v 3.081427 3.423097 -0.338876
v -2.272018 2.841614 0.269253
v -2.178778 3.232581 0.026013
v -2.216879 3.220465 0.102926
v -0.809968 2.666821 -0.075031
v -1.707708 2.446611 -0.433185
v -1.914935 2.446611 -0.381585
v -1.880695 2.875673 -0.488243
v -1.894307 2.890493 -0.488243
v -1.484954 2.446611 -0.488243
v -1.982805 2.446611 -0.148969
v -2.024076 2.446611 -0.164794
v -2.210938 2.987614 0.488243
v -2.181306 2.979132 0.488243
v -1.973396 2.446611 -0.265592
v -1.895764 2.910038 -0.488243
v -0.724393 3.423097 -0.001414
v -0.972122 2.446611 -0.201318
v -1.356086 3.082530 -0.488243
v -0.800134 3.423097 -0.059345
v -1.347143 2.446611 -0.488243
v -1.085341 2.446611 0.039457
v -0.840183 2.898898 0.488243
v -0.850064 2.889126 0.488243
v -1.027392 2.446611 -0.083092
v -1.146477 2.446611 0.167663
v -1.075990 2.666605 0.488243
v -2.158805 3.235955 0.488243
v -2.199237 3.044050 0.488243
v -1.567091 3.423097 0.488243
v -1.577526 3.423097 0.004486
v -1.577553 3.423097 -0.010282
v -1.419932 3.423097 -0.080071
v -1.421340 3.084342 -0.488243
v -1.044199 3.423097 -0.245571
v -1.356546 3.107992 -0.488243
v -0.803899 3.071601 0.488243
v -0.751503 3.423097 0.355309
v -0.822586 2.916417 0.488243
v -0.756149 3.423097 0.412529
v -0.768198 3.373240 0.488243
v -0.797469 3.423097 0.488243
v -1.707708 2.446611 -0.433185
v -1.914935 2.446611 -0.381585
v -1.484954 2.446611 -0.488243
v -1.894307 2.890493 -0.488243
v -1.895764 2.910038 -0.488243
v -0.724393 3.423097 -0.001414
v -0.800134 3.423097 -0.059345
v -0.840183 2.898898 0.488243
v -0.850064 2.889126 0.488243
v -1.085341 2.446611 0.039457
v -1.027392 2.446611 -0.083092
v -1.146477 2.446611 0.167663
v -1.075990 2.666605 0.488243
v -2.158805 3.235955 0.488243
v -2.199237 3.044050 0.488243
v -1.577526 3.423097 0.004486
v -1.577553 3.423097 -0.010282
v -1.419932 3.423097 -0.080071
v -1.044199 3.423097 -0.245571
v -2.181306 2.979132 0.488243
v -0.751503 3.423097 0.355309
v -0.756149 3.423097 0.412529
v -0.797469 3.423097 0.488243
v -0.768198 3.373240 0.488243
v -1.567091 3.423097 0.488243
v -0.822586 2.916417 0.488243
v -1.347143 2.446611 -0.488243
v -0.972122 2.446611 -0.201318
v -0.803899 3.071601 0.488243
v -1.880695 2.875673 -0.488243
v -1.356086 3.082530 -0.488243
v -1.356546 3.107992 -0.488243
v -1.973396 2.446611 -0.265592
v -1.982805 2.446611 -0.148969
v -2.024076 2.446611 -0.164794
v -1.421340 3.084342 -0.488243
v -2.210938 2.987614 0.488243
v -2.951751 1.004407 -0.112417
v -2.434758 0.393764 -0.488243
v -2.434758 0.951713 -0.188097
v -2.536836 0.376391 -0.488243
v -3.246345 0.551458 -0.488243
v -3.246345 0.568214 -0.476263
v -3.246345 1.108302 -0.146315
v -2.434758 1.464573 -0.488243
v -2.596308 1.493919 -0.488243
v -2.434758 1.019890 -0.186742
v -3.246345 1.075517 -0.124080
v -2.434758 0.991114 -0.167296
v -3.246345 1.068187 -0.119127
v -3.246345 1.331875 -0.298883
v -2.656878 1.504676 -0.488243
v -3.246345 1.393008 -0.488243
v -2.434758 0.951713 -0.188097
v -2.434758 0.991114 -0.167296
v -2.434758 0.393764 -0.488243
v -2.536836 0.376391 -0.488243
v -2.434758 1.464573 -0.488243
v -2.596308 1.493919 -0.488243
v -3.246345 1.108302 -0.146315
v -3.246345 1.075517 -0.124080
v -3.246345 1.331875 -0.298883
v -3.246345 1.393008 -0.488243
v -3.246345 0.568214 -0.476263
v -3.246345 1.068187 -0.119127
v -2.434758 1.019890 -0.186742
v -3.246345 0.551458 -0.488243
v -2.656878 1.504676 -0.488243
v -3.246345 3.423097 0.488243
v -3.035365 3.350919 -0.097167
v -2.734723 2.554472 0.324494
v -2.284388 3.385805 0.015596
v -2.217925 3.221525 0.103603
v -2.429817 2.605695 0.353400
v -2.274420 2.841040 0.270676
v -3.181690 2.539763 0.488243
v -3.112228 2.504414 0.488243
v -3.078600 2.509629 0.488243
v -2.979838 2.525605 0.488243
v -2.443175 2.613291 0.488243
v -3.246345 3.316940 -0.001990
v -3.246345 2.573551 0.488243
v -2.261675 2.907950 0.488243
v -2.213076 2.987042 0.488243
v -3.246345 3.423097 0.201775
v -2.896946 3.423097 -0.066242
v -3.246345 3.319949 0.003640
v -2.853437 3.423097 -0.098984
v -2.622502 3.423097 -0.059616
v -2.307937 3.423097 -0.005643
v -2.296379 3.423097 0.012950
v -2.293662 3.423097 0.028163
v -2.201081 3.044073 0.488243
v -2.160822 3.237392 0.488243
v -2.219324 3.423097 0.488243
v -3.181690 2.539763 0.488243
v -3.112228 2.504414 0.488243
v -3.078600 2.509629 0.488243
v -3.246345 2.573551 0.488243
v -2.853437 3.423097 -0.098984
v -2.622502 3.423097 -0.059616
v -2.307937 3.423097 -0.005643
v -2.296379 3.423097 0.012950
v -2.293662 3.423097 0.028163
v -3.246345 3.316940 -0.001990
v -2.160822 3.237392 0.488243
v -2.219324 3.423097 0.488243
v -2.261675 2.907950 0.488243
v -2.213076 2.987042 0.488243
v -3.246345 3.423097 0.201775
v -3.246345 3.319949 0.003640
v -2.896946 3.423097 -0.066242
v -2.201081 3.044073 0.488243
v -2.443175 2.613291 0.488243
v -2.979838 2.525605 0.488243
v 1.328048 3.341202 0.080791
v 1.389186 3.240149 0.107569
v 1.293729 3.382850 0.058430
v 2.101687 2.598158 -0.229648
v 2.061433 2.508026 -0.223786
v 2.264006 2.597906 -0.488243
v 1.693774 3.332002 -0.488243
v 2.202821 2.446611 -0.488243
v 2.070010 2.446611 -0.276791
v 1.152604 3.423097 -0.207875
v 0.941290 3.423097 -0.488243
v 1.300272 3.423097 -0.012370
v 1.506089 3.423097 -0.302851
v 1.392928 3.423097 -0.124416
v 1.622911 3.423097 -0.488243
v 1.897539 2.446611 -0.166642
v 1.562988 2.446611 -0.038507
v 1.960577 2.446611 -0.191194
v 2.050557 2.446611 -0.245891
v 2.041774 2.446611 -0.232042
v 0.840138 3.350468 -0.488243
v 1.179839 2.446611 -0.488243
v 1.355796 3.423097 -0.079185
v 1.555469 2.446611 -0.047254
v 2.264006 2.597906 -0.488243
v 1.693774 3.332002 -0.488243
v 2.202821 2.446611 -0.488243
v 1.152604 3.423097 -0.207875
v 0.941290 3.423097 -0.488243
v 1.506089 3.423097 -0.302851
v 1.392928 3.423097 -0.124416
v 1.622911 3.423097 -0.488243
v 2.070010 2.446611 -0.276791
v 1.897539 2.446611 -0.166642
v 1.562988 2.446611 -0.038507
v 1.960577 2.446611 -0.191194
v 0.840138 3.350468 -0.488243
v 1.300272 3.423097 -0.012370
v 1.355796 3.423097 -0.079185
v 2.041774 2.446611 -0.232042
v 1.179839 2.446611 -0.488243
v 1.555469 2.446611 -0.047254
v 2.050557 2.446611 -0.245891
v 0.641289 3.376292 0.488243
v 0.612861 3.423097 0.488243
v 0.515115 3.423097 0.400657
v 0.491630 3.423097 0.379722
v 0.657933 3.348392 0.488243
v 0.472553 3.423097 0.380093
v 0.609189 3.349027 0.488243
v 0.318037 3.354376 0.488243
v -0.298443 3.423097 0.401500
v -0.766320 3.374682 0.488243
v -0.754636 3.423097 0.414461
v -0.794836 3.423097 0.488243
v 0.641289 3.376292 0.488243
v 0.612861 3.423097 0.488243
v 0.515115 3.423097 0.400657
v 0.491630 3.423097 0.379722
v 0.657933 3.348392 0.488243
v 0.472553 3.423097 0.380093
v 0.609189 3.349027 0.488243
v 0.318037 3.354376 0.488243
v -0.766320 3.374682 0.488243
v -0.754636 3.423097 0.414461
v -0.794836 3.423097 0.488243
v -0.298443 3.423097 0.401500
v 1.328849 3.342279 0.081904
v 2.390015 3.367322 0.451179
v 1.352069 3.318422 0.160037
v 1.294237 3.383776 0.059868
v 1.302374 3.384352 0.236043
v 1.392601 3.423097 -0.119865
v 2.200804 3.423097 0.214211
v 1.355027 3.423097 -0.074357
v 1.300934 3.423097 -0.008753
v 2.573152 3.423097 0.368747
v 2.347555 3.423097 0.488243
v 2.342251 3.412344 0.488243
v 1.309615 3.423097 0.191489
v 1.314068 3.423097 0.289550
v 2.337769 3.404316 0.488243
v 1.829917 3.423097 0.402208
v 2.224870 3.423097 0.488243
v 1.392601 3.423097 -0.119865
v 1.355027 3.423097 -0.074357
v 1.300934 3.423097 -0.008753
v 1.309615 3.423097 0.191489
v 1.314068 3.423097 0.289550
v 2.342251 3.412344 0.488243
v 2.337769 3.404316 0.488243
v 1.829917 3.423097 0.402208
v 2.224870 3.423097 0.488243
v 2.347555 3.423097 0.488243
v 2.573152 3.423097 0.368747
v 2.200804 3.423097 0.214211
v -2.746424 2.516175 0.283651
v -3.246345 1.340494 -0.293549
v -2.434759 1.721277 -0.452261
v -2.434759 1.686097 -0.477633
v -2.434759 2.158992 -0.166876
v -2.434759 2.164575 -0.134335
v -3.219588 2.449720 0.488243
v -3.207842 2.458459 0.488243
v -2.434759 2.007586 -0.246794
v -3.246345 2.177166 0.306889
v -3.230985 2.441267 0.488243
v -3.246345 1.333892 -0.298331
v -2.657723 1.506665 -0.488243
v -3.246345 1.394787 -0.488243
v -2.434759 1.671447 -0.488243
v -3.246345 2.429957 0.488243
v -3.084993 2.676541 -0.488243
v -2.434759 2.100989 -0.488243
v -3.228973 2.457876 0.488243
v -3.113036 2.675767 -0.488243
v -3.246345 2.457378 0.488243
v -3.246345 2.671874 -0.488243
v -3.246345 1.340494 -0.293549
v -3.246345 1.333892 -0.298331
v -3.219588 2.449720 0.488243
v -3.230985 2.441267 0.488243
v -2.434759 2.164575 -0.134335
v -2.434759 2.007586 -0.246794
v -3.246345 1.394787 -0.488243
v -2.657723 1.506665 -0.488243
v -3.207842 2.458459 0.488243
v -2.434759 1.671447 -0.488243
v -3.246345 2.429957 0.488243
v -2.434759 2.158992 -0.166876
v -2.434759 2.100989 -0.488243
v -3.228973 2.457876 0.488243
v -3.246345 2.457378 0.488243
v -3.246345 2.177166 0.306889
v -3.246345 2.671874 -0.488243
v -3.113036 2.675767 -0.488243
v -2.434759 1.686097 -0.477633
v -3.084993 2.676541 -0.488243
v -2.434759 1.721277 -0.452261
v 2.796231 0.458086 -0.488243
v 3.246345 1.409369 -0.488243
v 3.246345 0.591094 -0.426105
v 2.841058 0.464615 -0.488243
v 3.246345 0.525724 -0.488243
v 2.796231 0.458086 -0.488243
v 3.246345 1.409369 -0.488243
v 2.841058 0.464615 -0.488243
v 3.246345 0.591094 -0.426105
v 3.246345 0.525724 -0.488243
v 2.807708 2.917198 0.465450
v 2.061174 2.506777 -0.221230
v 2.451416 1.689519 0.338221
v 2.434759 2.446611 0.488243
v 2.603772 1.720680 0.488243
v 2.520910 1.673865 0.488243
v 2.434759 1.729754 0.488243
v 2.434759 1.701163 0.342491
v 2.434759 1.696792 0.319701
v 2.608216 1.743659 0.488243
v 2.434759 1.790219 0.301179
v 2.434759 2.446611 0.173815
v 2.453448 2.705273 0.488243
v 2.801565 2.912252 0.488243
v 1.985593 2.446611 0.093817
v 2.018724 2.446611 0.488243
v 1.987055 2.446611 -0.201902
v 2.041898 2.446611 -0.229346
v 2.813512 2.829598 0.488243
v 2.826148 2.897000 0.488243
v 1.962518 2.446611 -0.189494
v 2.434759 1.696792 0.319701
v 2.434759 1.790219 0.301179
v 2.520910 1.673865 0.488243
v 2.434759 1.729754 0.488243
v 2.434759 1.701163 0.342491
v 2.603772 1.720680 0.488243
v 2.608216 1.743659 0.488243
v 2.434759 2.446611 0.173815
v 2.453448 2.705273 0.488243
v 2.801565 2.912252 0.488243
v 2.018724 2.446611 0.488243
v 1.987055 2.446611 -0.201902
v 2.041898 2.446611 -0.229346
v 2.826148 2.897000 0.488243
v 1.962518 2.446611 -0.189494
v 2.813512 2.829598 0.488243
v 1.985593 2.446611 0.093817
v -0.808526 2.665219 -0.074698
v -0.197258 2.446611 0.404150
v -0.561844 2.446611 -0.186049
v -0.821656 2.914568 0.488243
v -0.145390 2.446611 0.488243
v -0.969404 2.446611 -0.200273
v -0.992739 2.446611 -0.151272
v -1.144518 2.446611 0.170214
v -1.043154 2.696117 0.488243
v -1.074864 2.664660 0.488243
v -1.081995 2.574868 0.488243
v -1.100672 2.446611 0.436651
v -1.092119 2.446611 0.488243
v -0.197258 2.446611 0.404150
v -0.561844 2.446611 -0.186049
v -0.145390 2.446611 0.488243
v -0.969404 2.446611 -0.200273
v -0.992739 2.446611 -0.151272
v -1.043154 2.696117 0.488243
v -1.074864 2.664660 0.488243
v -1.081995 2.574868 0.488243
v -1.144518 2.446611 0.170214
v -1.100672 2.446611 0.436651
v -1.092119 2.446611 0.488243
v -0.821656 2.914568 0.488243
v 0.247478 3.319308 -0.336978
v 1.292581 3.384390 0.059131
v 1.300290 3.385183 0.238326
v 0.662874 3.346465 0.488243
v 0.308229 3.322638 -0.488243
v 0.208364 3.423097 -0.473174
v 0.214724 3.423097 -0.488243
v 0.492389 3.423097 0.377336
v 0.517258 3.423097 0.399903
v 0.643861 3.376628 0.488243
v 1.162473 3.377464 0.488243
v 0.128786 3.423097 -0.283522
v 1.298708 3.423097 -0.008002
v 1.153989 3.423097 -0.201140
v 0.837114 3.355137 -0.488243
v 0.937831 3.423097 -0.488243
v 0.615900 3.423097 0.488243
v 1.307510 3.423097 0.189548
v 1.311738 3.423097 0.290357
v 1.188703 3.403290 0.488243
v 1.227670 3.423097 0.452000
v 1.208786 3.423097 0.488243
v 0.208364 3.423097 -0.473174
v 0.214724 3.423097 -0.488243
v 0.492389 3.423097 0.377336
v 0.517258 3.423097 0.399903
v 0.662874 3.346465 0.488243
v 1.162473 3.377464 0.488243
v 0.643861 3.376628 0.488243
v 0.615900 3.423097 0.488243
v 1.188703 3.403290 0.488243
v 1.311738 3.423097 0.290357
v 1.227670 3.423097 0.452000
v 1.208786 3.423097 0.488243
v 0.128786 3.423097 -0.283522
v 1.153989 3.423097 -0.201140
v 0.937831 3.423097 -0.488243
v 0.837114 3.355137 -0.488243
v 1.298708 3.423097 -0.008002
v 1.307510 3.423097 0.189548
v 0.308229 3.322638 -0.488243
v -0.807113 2.667005 -0.073776
v 0.008518 2.763337 -0.331648
v 0.246132 3.317791 -0.335645
v -0.411258 2.446610 -0.235764
v 0.045328 3.423097 -0.255562
v -0.475810 2.446610 -0.214331
v -0.704529 3.423097 -0.006596
v -0.350115 2.446610 -0.255897
v 0.401489 2.748619 0.488243
v 0.023282 2.446610 0.488243
v -0.141147 2.446610 0.488243
v -0.558164 2.446610 -0.186750
v -0.821231 2.916828 0.488243
v -0.721942 3.423097 -0.000764
v -0.738104 3.423097 0.204143
v -0.769084 3.351807 0.488243
v -0.754143 3.423097 0.411280
v -0.766505 3.372281 0.488243
v 0.489058 3.423097 0.376510
v 0.125810 3.423097 -0.282026
v 0.660525 3.345494 0.488243
v -0.187280 3.423097 0.395694
v -0.411258 2.446610 -0.235764
v -0.475810 2.446610 -0.214331
v 0.401489 2.748619 0.488243
v 0.023282 2.446610 0.488243
v -0.738104 3.423097 0.204143
v -0.754143 3.423097 0.411280
v -0.769084 3.351807 0.488243
v -0.766505 3.372281 0.488243
v -0.141147 2.446610 0.488243
v -0.821231 2.916828 0.488243
v 0.660525 3.345494 0.488243
v -0.187280 3.423097 0.395694
v 0.489058 3.423097 0.376510
v -0.721942 3.423097 -0.000764
v 0.045328 3.423097 -0.255562
v -0.704529 3.423097 -0.006596
v -0.350115 2.446610 -0.255897
v 0.125810 3.423097 -0.282026
v -0.558164 2.446610 -0.186750
v 1.329624 3.340842 0.083415
v 2.392062 3.365810 0.450536
v 1.352991 3.317059 0.158667
v 2.102444 2.599251 -0.229069
v 1.389052 3.243880 0.109622
v 2.750079 3.062809 0.296502
v 2.916641 2.958743 -0.319204
v 2.945072 3.129197 0.208522
v 2.265264 2.599718 -0.488243
v 1.395726 3.423097 -0.123370
v 1.625373 3.423097 -0.488243
v 2.721512 2.816013 -0.488243
v 2.858298 2.880902 -0.488243
v 2.210209 3.423097 0.213379
v 2.579438 3.423097 0.365535
v 3.124478 3.423097 -0.087903
v 3.016661 3.320676 -0.488243
v 3.009943 3.301825 -0.488243
v 3.079940 3.423097 -0.337907
v 3.146982 3.423097 0.039051
v 2.977693 3.212063 -0.488243
v 2.775939 3.423097 -0.488243
v 2.823440 3.423097 0.256740
v 3.139950 3.423097 0.115418
v 3.148636 3.423097 0.050566
v 3.147589 3.423097 0.062891
v 2.265264 2.599718 -0.488243
v 2.721512 2.816013 -0.488243
v 2.858298 2.880902 -0.488243
v 3.146982 3.423097 0.039051
v 3.148636 3.423097 0.050566
v 3.147589 3.423097 0.062891
v 2.210209 3.423097 0.213379
v 1.395726 3.423097 -0.123370
v 2.579438 3.423097 0.365535
v 2.823440 3.423097 0.256740
v 3.139950 3.423097 0.115418
v 2.977693 3.212063 -0.488243
v 3.124478 3.423097 -0.087903
v 3.079940 3.423097 -0.337907
v 3.016661 3.320676 -0.488243
v 3.009943 3.301825 -0.488243
v 1.625373 3.423097 -0.488243
v 2.775939 3.423097 -0.488243
v 2.915915 2.955512 -0.320491
v 2.945264 3.127461 0.209147
v 2.808633 2.918297 0.462886
v 2.063195 2.508016 -0.222662
v 2.434759 2.446611 -0.488243
v 2.449945 1.689567 0.332926
v 2.750264 3.061547 0.297197
v 2.103557 2.597618 -0.228656
v 2.687846 1.728381 0.488243
v 3.246345 1.661972 -0.415626
v 3.246345 1.775353 0.488243
v 3.246345 1.652897 -0.488243
v 2.434759 1.672542 0.207858
v 2.434759 1.585764 -0.488243
v 2.623810 1.723088 0.488243
v 3.246345 2.242468 -0.488243
v 3.023022 2.675814 -0.488243
v 3.133626 2.882796 0.488243
v 3.173474 2.805533 0.488243
v 3.246345 2.401005 -0.121140
v 3.246345 2.663557 0.488243
v 2.815741 2.829238 0.488243
v 2.434759 2.446611 0.170931
v 2.043588 2.446611 -0.230941
v 2.607085 1.721753 0.488243
v 2.434759 1.696187 0.316042
v 2.434759 1.687224 0.309040
v 2.051826 2.446611 -0.244124
v 2.205510 2.446611 -0.488243
v 2.260772 2.582991 -0.488243
v 3.002641 2.715250 -0.488243
v 2.858906 2.878458 -0.488243
v 2.836425 2.867822 -0.488243
v 3.080721 2.885140 0.488243
v 2.844114 2.895345 0.488243
v 2.828835 2.895937 0.488243
v 2.266569 2.597185 -0.488243
v 2.722648 2.813835 -0.488243
v 2.836425 2.867822 -0.488243
v 2.722648 2.813835 -0.488243
v 2.687846 1.728381 0.488243
v 3.246345 1.775353 0.488243
v 3.246345 1.661972 -0.415626
v 3.246345 1.652897 -0.488243
v 2.434759 1.672542 0.207858
v 2.434759 1.585764 -0.488243
v 2.623810 1.723088 0.488243
v 3.246345 2.242468 -0.488243
v 3.023022 2.675814 -0.488243
v 3.133626 2.882796 0.488243
v 3.173474 2.805533 0.488243
v 3.246345 2.401005 -0.121140
v 2.607085 1.721753 0.488243
v 2.815741 2.829238 0.488243
v 3.080721 2.885140 0.488243
v 2.844114 2.895345 0.488243
v 2.434759 2.446611 0.170931
v 2.434759 1.696187 0.316042
v 2.828835 2.895937 0.488243
v 2.043588 2.446611 -0.230941
v 2.051826 2.446611 -0.244124
v 2.266569 2.597185 -0.488243
v 2.434759 1.687224 0.309040
v 2.205510 2.446611 -0.488243
v 2.260772 2.582991 -0.488243
v 3.246345 2.663557 0.488243
v 3.002641 2.715250 -0.488243
v 2.858906 2.878458 -0.488243
v 2.449145 1.688368 0.334320
v 2.434759 1.710932 0.402215
v 2.434759 1.694652 0.318350
v 2.519693 1.672233 0.488243
v 2.502983 1.683133 0.488243
v 2.434759 1.727444 0.488243
v 2.434759 1.496077 0.488243
v 2.434759 1.647881 0.344409
v 2.434759 1.661064 0.331946
v 2.434759 1.684152 0.310152
v 2.519693 1.672233 0.488243
v 2.502983 1.683133 0.488243
v 2.434759 1.727444 0.488243
v 2.434759 1.496077 0.488243
v 2.434759 1.647881 0.344409
v 2.434759 1.661064 0.331946
v 2.434759 1.710932 0.402215
v 2.434759 1.694652 0.318350
v 2.434759 1.684152 0.310152
vn 0.2815 -0.7373 -0.6141
vn -0.0000 -0.0000 1.0000
vn -0.2685 -0.7294 0.6293
vn 1.0000 -0.0000 -0.0000
vn 0.2821 -0.7382 -0.6128
vn -0.1245 0.6533 -0.7468
vn -0.0000 -1.0000 -0.0000
vn -1.0000 -0.0000 -0.0000
vn 0.2821 -0.7381 -0.6128
vn -0.1248 0.6530 -0.7470
vn 0.2344 0.2153 0.9480
vn 0.2321 0.2161 0.9484
vn -0.7702 0.1826 0.6112
vn -0.0000 -0.0000 -1.0000
vn -0.1025 0.6864 -0.7200
vn -0.8629 -0.1407 -0.4853
vn -0.8628 -0.1397 -0.4858
vn -0.2807 0.7388 0.6126
vn -0.2944 0.9510 0.0942
vn -0.2810 0.7381 0.6133
vn -0.2947 0.9510 0.0940
vn -0.2943 0.9511 0.0937
vn -0.2944 0.9510 0.0944
vn -0.2812 0.7380 0.6134
vn -0.8173 -0.5685 -0.0941
vn 0.7726 -0.5962 -0.2182
vn -0.8207 -0.5654 -0.0823
vn 0.2713 -0.7384 0.6174
vn 0.0329 0.0854 0.9958
vn -0.8320 -0.2389 0.5006
vn 0.0325 0.0891 0.9955
vn -0.0000 1.0000 -0.0000
vn 0.2712 -0.7409 0.6144
vn -0.8182 -0.5670 -0.0954
vn -0.8207 -0.5654 -0.0824
vn 0.2709 -0.7407 0.6148
vn 0.2712 -0.7407 0.6146
vn -0.8183 -0.5669 -0.0954
vn 0.9165 0.1549 -0.3688
vn 0.9168 0.1496 -0.3704
vn 0.9165 0.1486 -0.3713
vn 0.9172 0.1400 -0.3729
vn 0.0424 -0.9758 -0.2145
vn 0.1309 0.8045 0.5794
vn 0.3545 -0.7236 0.5922
vn 0.3480 -0.7379 0.5783
vn 0.2769 0.5294 0.8019
vn 0.2735 0.5294 0.8030
vn 0.0257 -0.9765 -0.2138
vn 0.1327 0.8033 0.5806
vn 0.2776 0.5294 0.8017
vn 0.0408 -0.9739 -0.2234
vn 0.0258 -0.9765 -0.2138
vn 0.1328 0.8034 0.5804
vn 0.2777 0.5294 0.8016
vn 0.2778 0.5293 0.8016
vn 0.1741 0.4989 -0.8490
vn 0.1751 0.5003 -0.8480
vn -0.3524 0.2491 -0.9021
vn 0.1711 0.4988 -0.8496
vn 0.7161 0.6142 -0.3315
vn 0.7122 0.6186 -0.3317
vn -0.6383 0.6055 -0.4753
vn 0.7154 0.6146 -0.3324
vn -0.6386 0.6074 -0.4726
vn -0.5959 0.7451 0.2994
vn 0.7122 0.6187 -0.3317
vn 0.7156 0.6144 -0.3324
vn -0.6385 0.6074 -0.4727
vn -0.5960 0.7451 0.2994
vn -0.0609 0.7413 -0.6684
vn -0.1017 -0.5577 -0.8238
vn -0.0598 -0.9359 -0.3472
vn -0.1001 -0.5672 -0.8175
vn -0.3495 0.7341 -0.5822
vn -0.1583 0.9849 -0.0706
vn -0.1602 0.9847 -0.0680
vn 0.8479 0.5277 0.0506
vn -0.0668 -0.9363 -0.3448
vn -0.1770 -0.8679 -0.4641
vn -0.1030 -0.5562 -0.8246
vn -0.3964 0.5351 -0.7460
vn -0.3913 0.5390 -0.7459
vn -0.0644 0.7391 -0.6705
vn 0.8497 0.5246 0.0537
vn -0.1612 0.9844 -0.0702
vn -0.3972 0.5360 -0.7450
vn -0.0609 -0.9363 -0.3460
vn -0.3975 0.5346 -0.7458
vn -0.0607 0.7418 -0.6679
vn -0.0611 0.7413 -0.6683
vn -0.1013 -0.5581 -0.8236
vn -0.1011 -0.5580 -0.8236
vn -0.3497 0.7337 -0.5826
vn 0.8498 0.5244 0.0544
vn -0.0607 -0.9363 -0.3460
vn -0.0609 -0.9362 -0.3462
vn -0.3971 0.5346 -0.7460
vn -0.0815 0.4712 -0.8782
vn -0.0809 0.4723 -0.8777
vn -0.0807 0.4736 -0.8770
vn -0.6472 0.0266 -0.7618
vn -0.6455 0.0297 -0.7632
vn -0.1740 -0.4991 0.8489
vn 0.0587 0.9360 0.3471
vn -0.6469 0.0286 -0.7620
vn -0.1765 -0.4991 0.8484
vn 0.0553 0.9359 0.3479
vn 0.0609 0.9356 0.3479
vn -0.0815 0.4712 -0.8783
vn -0.1741 -0.4991 0.8489
vn -0.1740 -0.4989 0.8490
vn -0.6466 0.0284 -0.7623
vn -0.6470 0.0287 -0.7620
vn 0.0612 0.9356 0.3476
vn -0.8462 0.5215 -0.1090
vn -0.8479 0.5178 -0.1132
vn -0.8526 -0.5193 -0.0591
vn 0.2203 0.7807 -0.5847
vn 0.2191 0.7804 -0.5856
vn -0.7225 0.2529 -0.6434
vn -0.7245 0.2512 -0.6419
vn 0.9835 -0.0782 -0.1633
vn 0.2209 0.7811 -0.5840
vn -0.8495 -0.5249 -0.0538
vn -0.8480 0.5178 -0.1132
vn 0.2210 0.7811 -0.5839
vn -0.0604 0.9982 -0.0038
vn 0.7338 0.2751 -0.6212
vn 0.7579 0.2743 -0.5920
vn 0.8724 0.1023 0.4780
vn 0.8711 0.1019 0.4803
vn 0.8695 0.1009 0.4834
vn -0.8374 0.3634 0.4082
vn 0.7805 0.6240 -0.0385
vn 0.7528 0.3003 -0.5857
vn 0.8628 0.4946 -0.1050
vn 0.8743 0.1108 0.4726
vn 0.8690 0.1012 0.4843
vn 0.7792 0.6255 -0.0392
vn -0.7156 -0.6144 0.3324
vn -0.8639 0.3699 -0.3419
vn -0.8656 0.3693 -0.3381
vn -0.7176 -0.6117 0.3329
vn -0.0625 0.9980 -0.0011
vn -0.8339 0.3728 0.4070
vn -0.0676 0.9977 0.0016
vn 0.7316 0.2748 -0.6239
vn -0.7153 -0.6151 0.3317
vn -0.0610 0.9981 -0.0026
vn -0.0605 0.9982 -0.0040
vn -0.8371 0.3639 0.4085
vn 0.7316 0.2749 -0.6239
vn -0.0611 0.9981 -0.0025
vn -0.0615 0.9981 -0.0029
vn 0.2585 -0.6785 -0.6876
vn 0.3348 -0.8343 0.4380
vn 0.3358 -0.8336 0.4385
vn -0.1305 -0.8040 -0.5801
vn -0.1305 -0.8039 -0.5802
vn -0.5600 -0.6837 -0.4678
vn -0.5558 -0.6875 -0.4674
vn 0.2951 -0.9509 -0.0935
vn 0.1252 -0.6534 0.7466
vn 0.1241 -0.6527 0.7474
vn -0.8177 0.3948 0.4189
vn -0.8182 0.3948 0.4180
vn 0.1611 -0.0759 -0.9840
vn 0.1616 -0.0785 -0.9837
vn 0.2961 -0.9504 -0.0949
vn -0.4736 0.8253 0.3074
vn -0.0822 0.9889 -0.1236
vn -0.0809 0.9889 -0.1244
vn -0.0818 0.9890 -0.1235
vn -0.0819 0.9890 -0.1232
vn 0.2683 0.7269 -0.6322
vn 0.7238 -0.2512 0.6426
vn 0.7692 -0.1814 -0.6127
vn 0.8180 0.5675 0.0939
vn 0.8185 0.5665 0.0957
vn -0.1523 0.4158 0.8966
vn 0.8877 0.0694 0.4551
vn -0.1477 0.4162 0.8972
vn -0.1521 0.4212 0.8941
vn 0.8150 0.5685 0.1121
vn 0.7232 0.5271 0.4462
vn 0.0637 -0.7361 0.6738
vn -0.1536 0.4163 0.8961
vn -0.1554 0.4162 0.8959
vn -0.9149 -0.1462 0.3762
vn 0.0653 -0.7390 0.6705
vn 0.0638 -0.7399 0.6697
vn -0.6572 -0.7417 0.1343
vn -0.9160 -0.1481 0.3728
vn -0.2606 0.6766 0.6887
vn 0.8908 0.0654 0.4497
vn -0.9163 -0.1488 0.3718
vn 0.7239 -0.2512 0.6425
vn -0.1518 0.4151 0.8970
vn 0.8150 0.5685 0.1122
vn 0.8907 0.0652 0.4498
vn 0.9013 0.1287 0.4136
vn 0.8907 0.0653 0.4499
vn -0.6310 -0.6941 0.3465
vn -0.6136 -0.6982 0.3688
vn -0.6517 0.0093 -0.7584
vn 0.8635 0.1389 0.4848
vn 0.8632 0.1363 0.4861
vn 0.5595 0.6838 0.4684
vn 0.5636 0.6801 0.4689
vn -0.4220 0.5178 0.7442
vn -0.4248 0.5176 0.7427
vn -0.4299 0.5162 0.7407
vn 0.6174 0.6950 -0.3685
vn -0.8454 0.5214 -0.1159
vn 0.5894 0.7006 -0.4021
vn -0.8458 0.5194 -0.1219
vn -0.8738 -0.4470 0.1916
vn 0.0917 0.5907 -0.8017
vn 0.0910 0.5929 -0.8001
vn 0.0929 0.5915 -0.8009
vn -0.8720 -0.4496 0.1935
vn -0.8718 -0.4501 0.1935
vn -0.8720 -0.4499 0.1930
vn 0.5084 -0.8596 -0.0506
vn 0.5110 -0.8585 -0.0437
vn 0.5103 -0.8590 -0.0414
vn -0.8703 -0.1010 -0.4821
vn -0.3566 0.0939 -0.9295
vn 0.7307 -0.3749 -0.5706
vn 0.5144 -0.8562 -0.0482
vn -0.3544 0.0961 -0.9301
vn 0.6868 0.6494 0.3265
vn -0.6591 0.6698 -0.3420
vn -0.8704 -0.0963 -0.4829
vn 0.1309 0.7898 -0.5992
vn 0.1318 0.7886 -0.6006
vn 0.1810 0.6076 -0.7733
vn 0.1267 0.7900 -0.5999
vn 0.1329 0.7897 -0.5989
vn 0.7311 -0.3699 -0.5733
vn 0.6884 0.6515 0.3190
vn 0.6875 0.6508 0.3222
vn -0.6550 0.6736 -0.3423
vn 0.1872 0.6116 -0.7687
vn -0.8700 -0.1010 -0.4826
vn -0.8703 -0.1007 -0.4822
vn 0.3019 -0.9533 -0.0045
vn 0.3009 -0.9536 -0.0059
vn 0.3001 -0.9538 -0.0114
vn -0.9430 -0.2955 0.1533
vn -0.9426 -0.2970 0.1528
vn -0.7248 -0.5271 -0.4436
vn -0.9434 -0.2942 0.1531
vn -0.0319 -0.0888 -0.9955
vn 0.3001 -0.9538 -0.0115
vn -0.0319 -0.0883 -0.9956
vn 0.6484 -0.0275 0.7608
vn 0.1750 0.8677 0.4653
vn 0.6466 -0.0280 0.7623
vn 0.6472 -0.0284 0.7618
vn 0.6467 -0.0320 0.7621
vn 0.3563 -0.2491 0.9006
vn 0.1421 0.5764 -0.8047
vn 0.1426 0.5761 -0.8048
vn 0.4331 -0.5149 -0.7398
vn -0.4070 -0.0185 -0.9133
vn -0.4076 -0.0177 -0.9130
vn -0.5015 -0.8080 -0.3092
vn -0.6824 -0.6547 -0.3251
vn -0.0362 -0.7627 -0.6458
vn -0.6881 -0.6505 -0.3214
vn -0.6891 -0.6386 -0.3426
vn -0.4085 -0.0177 -0.9126
vn -0.4574 0.2158 -0.8627
vn -0.4596 0.2130 -0.8622
vn -0.0345 -0.7637 -0.6447
vn 0.4284 -0.5170 -0.7410
vn -0.0344 -0.7632 -0.6452
vn -0.9284 0.3329 0.1647
vn -0.9288 0.3310 0.1668
vn -0.0873 -0.5918 0.8013
vn 0.6458 -0.0246 0.7631
vn 0.6534 -0.0158 0.7568
vn -0.8258 0.5626 -0.0376
vn -0.9285 0.3343 0.1617
vn -0.6532 -0.5776 0.4896
vn -0.0931 -0.5921 0.8005
vn -0.2359 -0.2167 -0.9473
vn -0.2343 -0.2161 -0.9479
vn -0.2236 -0.7810 0.5831
vn -0.8914 -0.0670 -0.4482
vn -0.8910 -0.0665 -0.4491
vn -0.8904 -0.0624 -0.4509
vn 0.6074 0.0083 -0.7944
vn -0.3015 0.9534 0.0065
vn 0.6673 -0.6747 0.3155
vn 0.6655 -0.6756 0.3173
vn -0.9692 0.2042 0.1379
vn -0.9700 0.2011 0.1365
vn -0.2211 -0.7811 0.5839
vn -0.3020 0.9533 0.0006
vn -0.2706 0.7413 -0.6143
vn 0.6066 0.0110 -0.7950
vn 0.6700 -0.6730 0.3132
vn 0.9899 -0.1172 0.0804
vn 0.7803 0.4581 0.4258
vn 0.9900 -0.1193 0.0751
vn -0.2718 0.7408 -0.6142
vn -0.8910 -0.0664 -0.4491
vn 0.6076 0.0085 -0.7942
vn 0.6075 0.0086 -0.7943
vn -0.3011 0.9536 0.0071
vn 0.6672 -0.6747 0.3155
vn -0.2208 -0.7809 0.5844
vn 0.9900 -0.1191 0.0752
vn 0.9900 -0.1192 0.0750
vn -0.2719 0.7410 -0.6140
vn -0.2722 0.7409 -0.6140
vn 0.0804 -0.4722 0.8778
vn -0.1421 -0.5757 0.8052
vn 0.0816 -0.4653 0.8814
vn -0.1429 -0.5753 0.8054
vn 0.1018 0.5570 0.8243
vn -0.1774 0.9365 0.3024
vn 0.0996 0.5609 0.8219
vn 0.1018 0.5584 0.8233
vn 0.1018 0.5570 0.8242
vn -1.0000 -0.0000 0.0001
vn 0.1014 0.5583 0.8234
vn -0.2741 -0.5387 -0.7967
vn 0.1531 -0.9869 0.0512
vn 0.1593 -0.9851 0.0649
vn 0.1608 -0.9844 0.0714
vn 0.1539 -0.4163 -0.8961
vn 0.8468 -0.5203 0.1104
vn 0.8460 -0.5211 0.1132
vn -0.3339 0.8361 -0.4353
vn -0.3342 0.8313 -0.4441
vn 0.1533 -0.4091 -0.8995
vn 0.1540 -0.4138 -0.8973
vn 0.8266 0.2294 -0.5139
vn 0.9418 0.2909 -0.1683
vn 0.1564 -0.4165 -0.8956
vn 0.9694 -0.2039 -0.1365
vn 0.9699 -0.2020 -0.1357
vn 0.9427 0.2970 -0.1522
vn -0.2765 -0.5291 -0.8023
vn 0.1546 -0.4166 -0.8958
vn -0.3343 0.8313 -0.4442
vn 0.1539 -0.4138 -0.8973
vn 0.9418 0.2909 -0.1682
vn 0.9426 0.2972 -0.1523
vn -0.2767 -0.5291 -0.8022
vn -0.2765 -0.5291 -0.8022
vn 0.1550 -0.4171 -0.8955
vn 0.7077 0.5498 0.4437
vn 0.8011 -0.3240 0.5032
vn -0.5280 0.7525 0.3936
vn -0.5134 0.7656 0.3877
vn 0.7006 0.5583 0.4443
vn 0.7067 0.5498 0.4453
vn 0.7058 0.5465 0.4508
vn 0.3561 -0.0932 0.9298
vn 0.3611 -0.1010 0.9271
vn 0.7990 -0.3239 0.5067
vn 0.8006 -0.3241 0.5040
vn -0.7333 -0.2690 0.6244
vn -0.7321 -0.2751 0.6232
vn 0.5440 0.7069 0.4521
vn 0.5527 0.6990 0.4537
vn -0.7291 -0.2751 0.6267
vn 0.4345 -0.2552 0.8637
vn -0.5339 0.7436 0.4024
vn -0.7319 -0.2753 0.6234
vn 0.6185 0.3756 -0.6902
vn 0.6185 0.3690 -0.6938
vn -0.0108 -0.8313 -0.5557
vn -0.0153 -0.8339 -0.5517
vn -0.0156 -0.8348 -0.5503
vn -0.7800 -0.4594 -0.4250
vn 0.6185 0.3689 -0.6938
vn 0.1367 -0.9337 -0.3308
vn -0.5504 -0.7004 -0.4544
vn -0.5514 -0.6995 -0.4546
vn 0.1365 -0.9344 -0.3289
vn 0.4561 -0.2250 0.8610
vn -0.7776 -0.6276 0.0395
vn 0.1355 -0.9356 -0.3259
vn -0.9716 0.2323 0.0441
vn -0.9702 0.2386 0.0421
vn -0.7765 -0.6290 0.0379
vn 0.4394 -0.2453 0.8642
vn -0.1311 -0.7879 0.6017
vn -0.1310 -0.7895 0.5996
vn -0.1297 -0.7894 0.6000
vn -0.1310 -0.7894 0.5998
vn 0.3974 -0.5368 0.7443
vn 0.6628 0.7380 -0.1266
vn 0.3976 -0.5343 0.7459
vn 0.3969 -0.5351 0.7457
vn 0.1781 -0.9370 -0.3005
vn 0.3977 -0.5382 0.7431
vn 0.3944 -0.5357 0.7467
vn 0.6568 0.7421 -0.1339
vn -0.0270 0.9763 0.2147
vn 1.0000 -0.0000 0.0001
vn -0.0280 0.9763 0.2145
vn 0.3976 -0.5344 0.7459
vn 0.3969 -0.5352 0.7457
vn 0.3977 -0.5381 0.7431
vn -0.0269 0.9763 0.2146
vn -0.0269 0.9763 0.2147
vn -0.0285 0.9763 0.2145
vn -0.1580 0.0748 0.9846
vn 0.0982 -0.6743 0.7319
vn 0.1033 -0.6853 0.7209
vn 0.4687 -0.8295 -0.3037
vn -0.5370 -0.8278 0.1624
vn 0.7097 -0.1341 -0.6916
vn 0.7091 -0.1371 -0.6916
vn -0.5104 0.8585 0.0487
vn -0.5109 0.8586 0.0429
vn -0.4327 0.2553 -0.8647
vn 0.5012 0.8078 0.3104
vn 0.7096 -0.1330 -0.6919
vn -0.5104 0.8589 0.0416
vn -0.4357 0.2600 -0.8617
vn -0.5380 -0.8279 0.1588
vn 0.7098 -0.1342 -0.6915
vn 0.5373 0.7753 -0.3319
vn 0.5369 0.7759 -0.3312
vn 0.0306 0.4808 -0.8763
vn -0.6673 0.6736 -0.3178
vn -0.6683 0.6737 -0.3155
vn -0.6665 0.6758 -0.3149
vn -0.9837 0.0781 0.1619
vn -0.9836 0.0776 0.1631
vn -0.6994 -0.6510 -0.2952
vn -0.6188 -0.3898 0.6820
vn 0.0619 -0.9981 0.0033
vn -0.7008 -0.6500 -0.2940
vn 0.5208 -0.7593 -0.3902
vn 0.5155 -0.7640 -0.3881
vn 0.0612 -0.9981 0.0021
vn -0.6191 -0.3725 0.6913
vn 0.9706 -0.2372 -0.0407
vn 0.6591 -0.6694 0.3428
vn 0.6594 -0.6686 0.3436
vn 0.9724 -0.2291 -0.0433
vn -0.5473 -0.7809 0.3011
vn -0.6189 -0.3901 0.6817
vn 0.0613 -0.9981 0.0027
vn 0.0616 -0.9981 0.0021
vn 0.0613 -0.9981 0.0018
vn -0.5470 -0.7812 0.3010
vn -0.3126 0.1271 -0.9414
vn 0.5496 0.7787 -0.3026
vn -0.3150 0.1263 -0.9406
vn 0.5955 -0.7457 -0.2988
vn -0.9892 0.1246 -0.0766
vn -0.9899 0.1187 -0.0782
vn 0.8376 -0.3619 -0.4091
vn 0.8375 -0.3635 -0.4080
vn 0.0156 0.8320 0.5546
vn 0.0157 0.8324 0.5540
vn -0.3103 0.1260 -0.9423
vn -0.5366 -0.7760 0.3315
vn -0.3125 0.1271 -0.9414
vn 0.5480 0.7800 -0.3023
vn -0.9898 0.1190 -0.0781
vn -0.9899 0.1189 -0.0777
vn 0.0152 0.8333 0.5526
vn -0.3099 0.1258 -0.9424
vn -0.3098 0.1260 -0.9424
vn -0.7072 -0.5496 -0.4447
vn 0.4138 -0.8729 0.2584
vn -0.7081 -0.5528 -0.4394
vn -0.8604 -0.4976 0.1099
vn -0.1384 0.9312 0.3373
vn -0.1359 0.9342 0.3299
vn -0.1358 0.9347 0.3284
vn 0.9290 -0.3310 -0.1655
vn 0.9283 -0.3335 -0.1645
vn 0.9276 -0.3344 -0.1662
vn 0.3070 0.7215 -0.6207
vn 0.4067 0.0161 0.9134
vn 0.4076 0.0189 0.9130
vn 0.4071 0.0232 0.9131
vn -0.1879 -0.6090 0.7706
vn 0.9249 -0.3563 -0.1328
vn 0.8674 -0.4921 0.0737
vn 0.8446 -0.5211 0.1228
vn -0.1865 -0.6114 0.7691
vn 0.4136 -0.8727 0.2594
vn -0.7071 -0.5495 -0.4450
vn -0.7070 -0.5495 -0.4452
vn -0.1360 0.9342 0.3299
vn -0.1871 -0.6111 0.7691
vn 0.4141 -0.8725 0.2595
vn 0.4141 -0.8725 0.2593
vn 0.4140 -0.8727 0.2590
vn 0.0832 -0.9888 0.1240
vn 0.0818 -0.9890 0.1236
vn 0.8729 0.4480 -0.1930
vn 0.0790 -0.9890 0.1250
vn -0.7530 -0.4050 0.5185
vn -0.8024 0.3238 -0.5014
vn -0.8005 0.3244 -0.5040
vn 0.6552 0.5770 -0.4877
vn 0.8714 0.4503 -0.1945
vn -0.7101 0.1338 0.6913
vn 0.0338 0.7627 0.6458
vn 0.0329 0.7620 0.6468
vn 0.0295 0.7613 0.6478
vn -0.7108 0.1396 0.6894
vn -0.8001 0.3268 -0.5030
vn 0.8720 0.4494 -0.1941
vn -0.4141 0.8718 -0.2615
vn -0.4139 0.8723 -0.2605
vn -0.7311 0.3673 0.5751
vn -0.4127 0.8728 -0.2605
vn 0.0817 -0.9890 0.1232
vn 0.0818 -0.9890 0.1233
vn -0.0730 -0.9870 0.1432
vn -0.7104 0.1331 0.6911
vn -0.7101 0.1338 0.6912
vn -0.7102 0.1336 0.6913
vn -0.7104 0.1336 0.6910
vn 0.8720 0.4495 -0.1939
vn 0.8718 0.4496 -0.1942
vn -0.7310 0.3677 0.5748
vn -0.4129 0.8727 -0.2605
vn 0.5392 0.8267 -0.1605
vn 0.5378 0.8280 -0.1589
vn 0.8188 -0.3948 -0.4167
vn 0.7528 0.4051 -0.5188
vn 0.8183 -0.3949 -0.4177
vn 0.8181 -0.3947 -0.4182
vt 0.177698 0.000000
vt 1.000000 0.042749
vt 1.000000 0.739962
vt 0.375000 0.781250
vt 0.375000 0.781250
vt 0.375000 0.769330
vt 0.404404 0.266511
vt 0.272139 0.137845
vt 0.335250 0.104554
vt 0.375000 0.750000
vt 0.375000 0.646776
vt 0.375000 0.643475
vt 0.042749 0.042749
vt 0.797348 0.184473
vt 0.739962 0.739962
vt 1.000000 0.047506
vt 0.242267 0.109303
vt 0.955859 0.109310
vt 0.343750 0.713513
vt 0.346941 0.750000
vt 0.343750 0.740947
vt 0.343750 0.750000
vt 0.343750 0.680554
vt 0.952494 0.000000
vt 0.375000 0.778059
vt 0.915808 0.042580
vt 0.775460 0.708099
vt 1.000000 0.822302
vt 0.355670 0.750000
vt 0.343750 0.623430
vt 0.850977 0.723145
vt 0.256477 0.000000
vt 0.746365 0.000000
vt 1.000000 0.743523
vt 0.737555 0.000000
vt 1.000000 0.253635
vt 0.737555 0.737555
vt 0.037823 0.037823
vt 0.466956 0.073995
vt 0.456196 0.306380
vt 0.375000 0.298059
vt 0.487083 0.302055
vt 0.177810 0.524305
vt 0.173059 0.500000
vt 0.192596 0.500000
vt 0.037823 0.000000
vt 0.375000 0.317596
vt 0.176260 0.526827
vt 0.352307 0.000000
vt 0.935959 0.000000
vt 0.936346 0.530139
vt 1.000000 0.552220
vt 1.000000 0.826139
vt 0.797020 0.622985
vt 0.922973 0.000000
vt 0.826139 0.826139
vt 0.708336 0.000000
vt 0.952304 0.952304
vt 0.176722 0.000000
vt 0.910688 0.000000
vt 0.375000 0.500000
vt 0.375000 0.516375
vt 0.375000 0.642919
vt 0.176720 0.000000
vt 0.352307 0.352307
vt 0.708336 0.708336
vt 0.375000 0.751677
vt 0.375000 0.769048
vt 0.816507 0.211032
vt 0.176722 0.176722
vt 0.285760 0.229604
vt 0.343750 0.622984
vt 0.343750 0.527544
vt 0.343750 0.545959
vt 0.355952 0.750000
vt 0.343750 0.551762
vt 0.375000 0.482341
vt 0.903555 0.850434
vt 0.552220 0.552220
vt 0.952314 0.050636
vt 0.176720 0.176720
vt 0.952304 0.000000
vt 0.935959 0.935959
vt 0.922973 0.922973
vt 0.910688 0.910688
vt 0.343750 0.643971
vt 0.343750 0.712822
vt 0.343750 0.712822
vt 0.347282 0.510006
vt 0.348129 0.500000
vt 0.375000 0.473129
vt 0.375000 0.470908
vt 0.000000 0.000000
vt 0.911496 0.000000
vt 0.991028 0.991028
vt 1.000000 0.847627
vt 0.267664 0.116319
vt 1.000000 0.116715
vt 1.000000 0.208336
vt 1.000000 1.000000
vt 0.209216 0.209216
vt 1.000000 0.210643
vt 0.578532 0.000000
vt 1.000000 0.000000
vt 1.000000 0.575132
vt 0.576994 0.576994
vt 1.000000 0.576994
vt 0.578532 0.578532
vt 0.544996 0.322805
vt 0.494378 0.301985
vt 0.511236 0.300221
vt 0.823983 0.624934
vt 0.810998 0.622081
vt 0.836632 0.500000
vt 0.209216 0.000000
vt 1.000000 0.991028
vt 0.900276 0.096792
vt 0.208336 0.208336
vt 0.424869 0.000000
vt 0.210643 0.210643
vt 0.625000 0.288368
vt 0.625000 0.332090
vt 0.790298 0.561511
vt 0.792910 0.500000
vt 0.797918 0.583869
vt 0.838725 0.619297
vt 0.838787 0.623423
vt 0.838368 0.628057
vt 0.847627 0.847627
vt 0.116715 0.116715
vt 1.000000 0.088504
vt 0.406488 0.000000
vt 1.000000 0.590968
vt 0.590968 0.590968
vt 0.990890 0.937218
vt 0.941679 0.941679
vt 0.942157 0.000000
vt 0.942157 0.942157
vt 0.939484 0.939484
vt 0.908317 0.000000
vt 0.939618 0.090944
vt 0.464391 0.000000
vt 0.464410 0.182014
vt 0.282203 0.000000
vt 0.170272 0.170272
vt 0.142959 0.142959
vt 1.000000 0.050146
vt 1.000000 0.065713
vt 0.490289 0.000000
vt 0.889383 0.000000
vt 0.889383 0.889383
vt 0.490289 0.490289
vt 0.950337 0.489980
vt 0.624193 0.251561
vt 0.433205 0.250000
vt 0.625000 0.250000
vt 0.949854 0.000000
vt 0.908317 0.908317
vt 0.875000 0.586083
vt 0.873753 0.584210
vt 0.871443 0.533177
vt 0.378454 1.000000
vt 0.378737 0.998385
vt 0.401371 0.998440
vt 1.000000 0.593512
vt 0.464391 0.464391
vt 0.620649 0.157876
vt 0.431755 0.243402
vt 0.300612 0.000000
vt 0.934287 0.000000
vt 0.142959 0.000000
vt 1.000000 0.699388
vt 0.434337 0.256189
vt 0.260653 0.003254
vt 0.868809 0.576697
vt 0.873459 0.500000
vt 0.875000 0.500000
vt 0.387650 0.995542
vt 0.400519 0.998195
vt 0.389398 0.995006
vt 0.406729 1.000000
vt 0.282203 0.282203
vt 1.000000 0.096063
vt 0.406729 0.000000
vt 0.454225 0.031314
vt 0.378454 0.000000
vt 0.533566 0.083694
vt 0.597609 0.125983
vt 0.625000 0.163917
vt 0.170272 0.000000
vt 0.096062 0.096062
vt 1.000000 0.185701
vt 1.000000 0.645424
vt 0.500320 0.000000
vt 0.645424 0.645424
vt 0.185701 0.185701
vt 0.649351 0.206790
vt 1.000000 0.738452
vt 0.764707 0.503205
vt 1.000000 0.502411
vt 1.000000 0.940397
vt 0.502411 0.502411
vt 1.000000 0.499680
vt 0.375000 0.992368
vt 0.375000 1.000000
vt 0.156250 0.750000
vt 0.156250 0.724535
vt 0.375000 0.000000
vt 0.375000 0.049727
vt 0.375000 0.098177
vt 0.125000 0.750000
vt 0.125000 0.648655
vt 0.126683 0.647342
vt 0.682003 0.621789
vt 0.059603 0.000000
vt 0.929051 0.031865
vt 0.738452 0.738452
vt 0.375000 0.968750
vt 0.156250 0.687652
vt 0.375000 0.101345
vt 0.125906 0.646302
vt 0.252865 0.252865
vt 0.080620 0.080620
vt 0.373806 0.080762
vt 0.241729 0.513184
vt 0.243206 0.500000
vt 0.257986 0.500000
vt 0.046878 0.046878
vt 0.953891 0.953891
vt 1.000000 0.556656
vt 1.000000 0.780561
vt 0.734172 0.515221
vt 0.280600 0.233721
vt 0.046878 0.000000
vt 0.953890 0.000000
vt 1.000000 0.754622
vt 0.780561 0.780561
vt 0.450321 0.859277
vt 0.451972 0.859492
vt 0.375000 0.873966
vt 0.935318 0.175501
vt 0.769452 0.000000
vt 0.375000 0.382986
vt 0.398091 0.371500
vt 0.422176 0.376890
vt 0.273552 0.722847
vt 0.251034 0.750000
vt 0.275443 0.750000
vt 0.236612 0.559146
vt 0.245378 0.000000
vt 1.000000 0.943001
vt 1.000000 0.080620
vt 1.000000 0.252865
vt 0.556656 0.556656
vt 0.230548 0.000000
vt 0.375000 0.849557
vt 0.427281 0.856302
vt 0.943001 0.943001
vt 0.375000 0.368206
vt 0.429283 0.375962
vt 0.375000 0.008596
vt 1.000000 0.257189
vt 0.697417 0.214054
vt 0.145400 0.145400
vt 0.062400 0.000000
vt 0.435613 0.000000
vt 0.699647 0.699647
vt 1.000000 0.422117
vt 0.564387 0.000000
vt 1.000000 0.174723
vt 1.000000 0.765531
vt 0.729174 0.729174
vt 0.765481 0.000000
vt 0.765531 0.765531
vt 0.730271 0.730271
vt 0.944208 0.944208
vt 1.000000 0.862040
vt 0.805474 0.672614
vt 1.000000 0.674724
vt 1.000000 0.853417
vt 0.145399 0.000000
vt 0.062400 0.062400
vt 1.000000 0.804951
vt 0.879903 0.879903
vt 0.938824 0.938824
vt 0.536610 0.000000
vt 0.938979 0.707539
vt 0.526143 0.000000
vt 0.536610 0.536610
vt 1.000000 0.420640
vt 0.473857 0.000000
vt 0.944208 0.000000
vt 1.000000 0.138228
vt 0.730271 0.000000
vt 0.174723 0.174723
vt 1.000000 0.234519
vt 1.000000 0.909915
vt 0.051804 0.000000
vt 0.325276 0.000000
vt 1.000000 0.699647
vt 0.137960 0.000000
vt 0.375000 0.275203
vt 0.375000 0.272893
vt 0.375000 0.278318
vt 0.156250 0.712918
vt 0.156250 0.584914
vt 0.375000 0.999461
vt 0.804951 0.804951
vt 0.062305 0.062305
vt 0.160334 0.700665
vt 0.159979 0.738050
vt 0.375000 0.200869
vt 0.375000 0.090089
vt 0.375000 0.162165
vt 0.375000 0.155166
vt 0.375000 0.017211
vt 0.420640 0.420640
vt 0.879903 0.000000
vt 0.948790 0.109477
vt 0.422117 0.422117
vt 0.051804 0.051804
vt 0.742811 0.000000
vt 1.000000 0.729174
vt 1.000000 0.062305
vt 0.160137 0.071661
vt 0.342349 0.334061
vt 0.146583 0.000000
vt 0.929728 0.790111
vt 0.375000 0.281250
vt 0.156250 0.582622
vt 0.156250 0.578494
vt 0.156250 0.500000
vt 0.156250 0.591537
vt 0.156250 0.628297
vt 0.156250 0.670921
vt 0.417124 0.969052
vt 0.414158 0.971827
vt 0.408987 0.968291
vt 0.390687 0.993526
vt 0.389202 0.994890
vt 0.378363 0.998310
vt 0.375000 0.965136
vt 0.090086 0.000000
vt 1.000000 0.938824
vt 0.159864 0.750000
vt 0.160625 0.668269
vt 1.000000 0.376899
vt 0.115974 0.000000
vt 0.398080 0.000000
vt 0.376899 0.376899
vt 0.434698 0.000000
vt 0.398080 0.398080
vt 0.256581 0.000000
vt 1.000000 0.062730
vt 1.000000 0.743677
vt 0.884026 0.000000
vt 0.884059 0.884059
vt 0.551054 0.200354
vt 0.098542 0.032705
vt 0.493422 0.000000
vt 0.145668 0.145668
vt 0.576080 0.000000
vt 0.743677 0.743677
vt 0.062730 0.062730
vt 0.939905 0.939905
vt 1.000000 0.493043
vt 1.000000 0.743419
vt 1.000000 0.138560
vt 1.000000 0.423920
vt 0.705319 0.128898
vt 0.375000 0.999040
vt 0.834001 0.077219
vt 0.076629 0.076629
vt 0.375000 0.276798
vt 0.375000 0.276920
vt 0.156250 0.687095
vt 0.126757 0.646869
vt 0.146041 0.532504
vt 0.375000 0.097449
vt 0.375000 0.098201
vt 0.375000 0.049528
vt 0.156250 0.555400
vt 0.226428 0.110236
vt 0.506957 0.000000
vt 0.939905 0.000000
vt 0.940051 0.620874
vt 0.861440 0.000000
vt 1.000000 0.076629
vt 0.145668 0.000000
vt 1.000000 0.884059
vt 0.977411 0.930016
vt 0.493422 0.493422
vt 0.375000 0.968750
vt 0.375000 0.997813
vt 1.000000 0.565302
vt 0.375000 0.277442
vt 0.125984 0.645801
vt 0.151798 0.500000
vt 0.375000 0.026198
vt 0.375000 0.089895
vt 0.156250 0.578958
vt 0.156250 0.582691
vt 0.812428 0.000000
vt 0.813486 0.813486
vt 0.812427 0.812427
vt 1.000000 0.729155
vt 1.000000 0.728158
vt 1.000000 0.944179
vt 0.409296 0.968253
vt 0.375000 0.965067
vt 0.428956 0.967949
vt 0.430872 0.000000
vt 1.000000 0.575419
vt 1.000000 0.295182
vt 0.430872 0.430872
vt 0.295182 0.295182
vt 1.000000 0.534389
vt 0.739805 0.000000
vt 1.000000 0.936880
vt 0.856025 0.768465
vt 1.000000 0.535393
vt 0.185356 0.617159
vt 0.160407 0.700234
vt 0.167252 0.618958
vt 0.936880 0.936880
vt 0.535393 0.535393
vt 0.424581 0.000000
vt 0.728158 0.728158
vt 0.928454 0.838464
vt 0.944179 0.944179
vt 0.729155 0.729155
vt 0.260195 0.000000
vt 0.375000 0.917125
vt 0.512909 0.960168
vt 0.430733 0.916459
vt 0.417481 0.969003
vt 0.534389 0.534389
vt 0.171971 0.583719
vt 0.177441 0.597329
vt 0.205844 0.668680
vt 0.207875 0.750000
vt 0.159933 0.750000
vt 0.160745 0.667792
vt 1.000000 0.813486
vt 1.000000 0.917135
vt 0.248799 0.000000
vt 0.756955 0.756955
vt 0.787284 0.000000
vt 0.725759 0.725759
vt 0.787284 0.787284
vt 0.764803 0.000000
vt 1.000000 0.793001
vt 0.834866 0.000000
vt 0.793001 0.793001
vt 0.942614 0.000000
vt 1.000000 0.165134
vt 0.164464 0.164464
vt 0.953143 0.000000
vt 1.000000 0.046851
vt 1.000000 0.312890
vt 0.465504 0.378298
vt 0.606971 0.407217
vt 0.375000 0.383065
vt 1.000000 0.751201
vt 0.251169 0.000000
vt 1.000000 0.748831
vt 0.754449 0.754449
vt 0.953142 0.953142
vt 0.046435 0.046435
vt 0.057191 0.057191
vt 1.000000 0.056622
vt 1.000000 0.002497
vt 0.057301 0.057301
vt 0.002497 0.002497
vt 1.000000 0.057191
vt 0.547770 0.114904
vt 0.082865 0.000000
vt 0.295323 0.500000
vt 0.308141 0.639386
vt 0.275524 0.750000
vt 0.046851 0.046851
vt 0.189421 0.110032
vt 0.312890 0.312890
vt 0.943379 0.000000
vt 0.596780 0.850022
vt 0.395574 0.826467
vt 0.611631 0.833263
vt 1.000000 0.725759
vt 0.764803 0.764803
vt 0.906958 0.041123
vt 1.000000 0.057301
vt 0.470996 0.424502
vt 0.046435 0.000000
vt 0.598783 0.386880
vt 0.375000 0.420323
vt 0.414169 0.377999
vt 0.422522 0.376920
vt 0.429698 0.376000
vt 0.057386 0.000000
vt 1.000000 0.754449
vt 1.000000 0.756955
vt 0.258065 0.500000
vt 0.263183 0.573363
vt 0.309194 0.608140
vt 0.309804 0.612930
vt 0.308639 0.633384
vt 0.310110 0.615536
vt 0.298892 0.750000
vt 1.000000 0.164464
vt 0.450687 0.859250
vt 0.375000 0.849476
vt 0.375000 0.826108
vt 0.612848 0.830274
vt 0.605301 0.848470
vt 0.604847 0.849479
vt 0.452364 0.859465
vt 0.872779 0.664342
vt 0.860008 0.599306
vt 0.868704 0.577569
vt 1.000000 0.584343
vt 0.412245 0.000000
vt 0.902603 0.902603
vt 0.587458 0.000000
vt 0.828082 0.182633
vt 0.587755 0.000000
vt 0.587458 0.587458
vt 0.769741 0.454017
vt 0.584343 0.584343
vt 0.625000 0.074374
vt 0.625000 0.163012
vt 0.598059 0.125686
vt 0.875000 0.586988
vt 0.875000 0.675626
vt 0.902603 0.000000
vt 1.000000 0.097959
vt 1.000000 0.122374
vt 0.992958 0.097953
vt 0.122374 0.122374
vt 1.000000 0.076564
vt 1.000000 0.287917
vt 0.063803 0.000000
vt 0.936098 0.000000
vt 1.000000 0.822896
vt 0.048009 0.048009
vt 0.950137 0.047985
vt 1.000000 0.088985
vt 0.765771 0.088731
vt 0.822891 0.822891
vt 0.088985 0.088985
vt 1.000000 0.058050
vt 0.246927 0.000000
vt 0.032459 0.000000
vt 0.058050 0.058050
vt 1.000000 0.589187
vt 0.197708 0.059978
vt 1.000000 0.059283
vt 0.062988 0.000000
vt 0.652598 0.000000
vt 0.589187 0.589187
vt 0.652598 0.652598
vt 1.000000 0.063902
vt 1.000000 0.936197
vt 0.751385 0.751385
vt 0.753073 0.000000
vt 0.375000 0.634301
vt 0.343750 0.527117
vt 0.343750 0.623023
vt 0.343750 0.644048
vt 0.375000 0.482958
vt 0.375000 0.473571
vt 0.375000 0.468750
vt 0.988205 0.029506
vt 0.959840 0.606565
vt 0.032459 0.032459
vt 0.375000 0.751653
vt 0.375000 0.774666
vt 0.097959 0.097959
vt 1.000000 0.048009
vt 0.287917 0.287917
vt 0.076564 0.076564
vt 1.000000 0.822891
vt 0.822896 0.822896
vt 0.473387 0.226391
vt 0.062988 0.062988
vt 0.375000 0.516596
vt 0.375000 0.642907
vt 0.343750 0.500000
vt 0.343750 0.714039
vt 0.343750 0.703773
vt 0.343750 0.503207
vt 0.375000 0.470870
vt 0.375000 0.468949
vt 0.375000 0.468750
vt 0.375000 0.482153
vt 1.000000 0.751385
vt 0.095655 0.058931
vt 0.375000 0.781250
vt 0.375000 0.777905
vt 0.858866 0.133928
vt 0.855972 0.252902
vt 0.769202 0.101771
vt 0.375000 0.778317
vt 0.343750 0.741722
vt 0.346683 0.750000
vt 0.260646 0.000000
vt 0.972554 0.972554
vt 0.261391 0.261391
vt 0.860350 0.500649
vt 0.179981 0.088661
vt 1.000000 0.088815
vt 1.000000 0.991062
vt 0.088815 0.088815
vt 0.208975 0.000000
vt 1.000000 0.450050
vt 0.547238 0.000000
vt 1.000000 0.791025
vt 0.452762 0.000000
vt 1.000000 0.054034
vt 0.054034 0.054034
vt 0.406827 0.000000
vt 0.420136 0.000000
vt 0.693100 0.476898
vt 0.526172 0.000000
vt 0.420136 0.420136
vt 1.000000 0.939278
vt 0.473828 0.000000
vt 0.947242 0.947242
vt 0.593173 0.000000
vt 0.589296 0.589296
vt 0.434313 0.256257
vt 0.625000 0.288254
vt 0.838563 0.605246
vt 0.836746 0.500000
vt 0.845642 0.615372
vt 0.160695 0.667245
vt 0.156250 0.670121
vt 0.156250 0.591342
vt 0.156250 0.628205
vt 0.706997 0.000000
vt 0.947242 0.000000
vt 0.939278 0.939278
vt 1.000000 0.293003
vt 0.991062 0.991062
vt 0.450050 0.450050
vt 1.000000 0.739354
vt 0.306205 0.272777
vt 1.000000 0.589296
vt 0.625000 0.251600
vt 0.493815 0.301942
vt 0.488770 0.301998
vt 0.375000 0.297962
vt 0.873400 0.500000
vt 0.859820 0.599148
vt 0.869247 0.568068
vt 0.868714 0.576775
vt 0.855004 0.604703
vt 0.838888 0.623010
vt 0.838804 0.618939
vt 0.172962 0.500000
vt 0.171956 0.582881
vt 0.176199 0.527016
vt 1.000000 0.261391
vt 1.000000 0.972554
vt 0.992137 0.992137
vt 0.947819 0.922863
vt 0.224260 0.000000
vt 1.000000 0.402364
vt 1.000000 0.741220
vt 0.741220 0.741220
vt 0.402364 0.402364
vt 0.881517 0.403576
vt 0.395341 0.000000
vt 0.775739 0.000000
vt 0.751288 0.355140
vt 0.609488 0.630816
vt 0.625000 0.628763
vt 0.625000 0.660184
vt 0.626627 0.642190
vt 0.626859 0.639382
vt 0.604659 0.000000
vt 0.608362 0.628559
vt 1.000000 0.824319
vt 0.945894 0.848776
vt 0.078051 0.000000
vt 0.558191 0.558191
vt 0.824862 0.628478
vt 0.824319 0.824319
vt 0.902537 0.000000
vt 0.902526 0.011948
vt 0.861787 0.000000
vt 0.861787 0.861787
vt 0.921949 0.000000
vt 0.902537 0.902537
vt 0.343750 0.526540
vt 0.343750 0.545078
vt 0.375000 0.469089
vt 0.375000 0.470825
vt 0.347172 0.510154
vt 0.343750 0.550557
vt 0.284834 0.000000
vt 1.000000 0.558191
vt 0.715166 0.000000
vt 0.343750 0.505343
vt 0.375000 0.473029
vt 0.348029 0.500000
vt 0.547400 0.394806
vt 1.000000 0.395376
vt 1.000000 0.846052
vt 0.395377 0.395377
vt 1.000000 0.071689
vt 1.000000 0.884464
vt 0.884464 0.884464
vt 0.071689 0.071689
vt 0.751343 0.000000
vt 0.897934 0.496213
vt 0.398002 0.000000
vt 1.000000 0.867418
vt 0.108222 0.000000
vt 0.398003 0.398003
vt 0.791915 0.000000
vt 0.751343 0.751343
vt 0.071468 0.000000
vt 1.000000 0.067024
vt 0.771629 0.000000
vt 0.772243 0.772243
vt 0.868733 0.868733
vt 0.928532 0.000000
vt 0.228371 0.000000
vt 1.000000 0.868733
vt 0.174092 0.041638
vt 0.494106 0.752962
vt 0.431649 0.750000
vt 0.498181 0.752215
vt 0.626694 0.642529
vt 0.626977 0.639765
vt 0.628921 0.649312
vt 0.564578 0.712152
vt 0.579061 0.607214
vt 0.608594 0.630452
vt 0.435347 0.498605
vt 0.433890 0.500000
vt 0.953599 0.391869
vt 0.932976 0.000000
vt 0.846052 0.846052
vt 0.402106 0.020766
vt 0.132582 0.000000
vt 1.000000 0.847103
vt 0.388872 0.000000
vt 0.108222 0.108222
vt 0.772244 0.000000
vt 1.000000 0.208085
vt 1.000000 0.611128
vt 0.486809 0.754280
vt 0.510185 0.750000
vt 0.628686 0.638472
vt 0.629031 0.654653
vt 0.627892 0.659049
vt 0.625000 0.670045
vt 0.625000 0.661394
vt 0.431649 0.750000
vt 0.607245 0.628102
vt 0.510185 0.750000
vt 0.433383 0.491521
vt 0.443461 0.490746
vt 0.832309 0.046493
vt 0.847103 0.847103
vt 0.771173 0.000000
vt 1.000000 0.205314
vt 1.000000 0.094119
vt 1.000000 0.651195
vt 0.651195 0.651195
vt 0.094119 0.094119
vt 0.680866 0.094154
vt 0.132184 0.000000
vt 1.000000 0.228827
vt 0.788708 0.788708
vt 1.000000 0.065288
vt 0.329973 0.000000
vt 0.330807 0.330807
vt 1.000000 0.833297
vt 0.564416 0.000000
vt 1.000000 0.867816
vt 0.833297 0.833297
vt 1.000000 0.321993
vt 0.319455 0.319455
vt 0.321993 0.321993
vt 1.000000 0.319455
vt 0.437062 0.000000
vt 1.000000 0.418535
vt 0.579660 0.000000
vt 1.000000 0.670027
vt 0.562938 0.000000
vt 1.000000 0.435584
vt 0.703339 0.750000
vt 0.664964 0.750000
vt 0.677477 0.731737
vt 0.625000 0.828339
vt 0.610709 0.830123
vt 0.375000 0.797407
vt 0.310198 0.615537
vt 0.326676 0.674849
vt 0.298981 0.750000
vt 0.205314 0.205314
vt 0.934712 0.000000
vt 1.000000 0.788709
vt 0.904260 0.881176
vt 0.330807 0.000000
vt 0.525874 0.359590
vt 0.447928 0.039574
vt 0.581465 0.000000
vt 0.420340 0.000000
vt 0.698540 0.701138
vt 0.700962 0.719535
vt 0.699419 0.699905
vt 0.474895 0.772114
vt 0.540846 0.773757
vt 0.485203 0.769509
vt 0.494540 0.767172
vt 0.619401 0.784940
vt 0.621790 0.787076
vt 0.625000 0.789964
vt 0.613074 0.830162
vt 0.375000 0.826019
vt 0.325406 0.576745
vt 0.325462 0.580453
vt 0.327593 0.750000
vt 0.304507 0.089698
vt 1.000000 0.089527
vt 1.000000 0.786632
vt 0.089527 0.089527
vt 0.786632 0.786632
vt 0.801821 0.801821
vt 1.000000 0.904389
vt 0.550527 0.000000
vt 0.904389 0.904389
vt 1.000000 0.885689
vt 0.550527 0.550527
vt 1.000000 0.552800
vt 0.791369 0.791369
vt 0.583523 0.955358
vt 0.625000 0.960377
vt 0.581680 0.958335
vt 0.810880 0.650693
vt 0.810952 0.626419
vt 0.838343 0.628551
vt 0.114311 0.000000
vt 1.000000 0.801821
vt 1.000000 0.791369
vt 0.271811 0.176493
vt 0.447200 0.000000
vt 0.577675 0.958145
vt 0.625000 0.935658
vt 0.810973 0.622720
vt 0.836861 0.689294
vt 0.835377 0.750000
vt 0.810658 0.750000
vt 0.883894 0.000000
vt 0.882949 0.882949
vt 0.145854 0.145854
vt 1.000000 0.145351
vt 0.145351 0.145351
vt 1.000000 0.144650
vt 0.144650 0.144650
vt 0.737968 0.000000
vt 0.062000 0.062000
vt 0.737982 0.000000
vt 0.737968 0.737968
vt 0.262018 0.000000
vt 0.496016 0.000000
vt 0.494558 0.232679
vt 0.128968 0.011567
vt 0.145854 0.000000
vt 0.125886 0.645653
vt 0.125000 0.500000
vt 0.145796 0.533323
vt 0.375000 0.097970
vt 0.375000 0.096672
vt 0.375000 0.250000
vt 0.375000 0.276816
vt 0.375000 0.277299
vt 0.062000 0.000000
vt 0.951847 0.038749
vt 1.000000 0.116106
vt 0.503984 0.000000
vt 1.000000 0.882949
vt 0.125000 0.647982
vt 0.151694 0.500000
vt 0.375000 0.090456
vt 0.375000 0.155119
vt 0.375000 0.102018
vt 0.375000 0.098873
vt 0.375000 0.276694
vt 0.511213 0.750000
vt 0.625000 0.750000
vt 0.500481 0.767914
vt 1.000000 0.910977
vt 0.431105 0.399859
vt 1.000000 0.399757
vt 1.000000 0.885739
vt 0.863714 0.863714
vt 0.885739 0.885739
vt 0.876965 0.000000
vt 1.000000 0.315216
vt 0.684999 0.000000
vt 0.208788 0.000000
vt 0.684999 0.684999
vt 1.000000 0.207700
vt 0.208789 0.208789
vt 0.207700 0.207700
vt 0.582848 0.000000
vt 0.527627 0.000000
vt 1.000000 0.123035
vt 0.530648 0.039837
vt 0.527627 0.527627
vt 0.417056 0.417056
vt 0.417152 0.000000
vt 0.556746 0.718230
vt 0.625000 0.670724
vt 0.627459 0.661154
vt 0.629740 0.656945
vt 1.000000 0.847748
vt 0.684784 0.000000
vt 0.600243 0.000000
vt 0.884939 0.274997
vt 0.847748 0.847748
vt 0.625000 0.784450
vt 0.621904 0.784670
vt 0.611613 0.783715
vt 0.619612 0.784829
vt 0.494696 0.767079
vt 0.490769 0.766128
vt 0.487234 0.754352
vt 0.417056 0.000000
vt 0.650798 0.719500
vt 0.659450 0.750000
vt 0.629070 0.654960
vt 0.644409 0.700486
vt 0.863714 0.000000
vt 0.089023 0.000000
vt 1.000000 0.938568
vt 0.818147 0.000000
vt 1.000000 0.080304
vt 0.080304 0.080304
vt 0.938567 0.938567
vt 0.956770 0.956770
vt 1.000000 0.389954
vt 1.000000 0.784756
vt 0.403503 0.000000
vt 0.784756 0.784756
vt 0.389954 0.389954
vt 0.730104 0.730104
vt 0.403503 0.403503
vt 0.730479 0.405103
vt 1.000000 0.729764
vt 0.451598 0.182565
vt 1.000000 0.182163
vt 0.182163 0.182163
vt 1.000000 0.918120
vt 0.729764 0.729764
vt 1.000000 0.770500
vt 0.232442 0.000000
vt 0.627773 0.638544
vt 0.626545 0.636972
vt 0.628756 0.635675
vt 0.434804 0.500000
vt 0.444576 0.490654
vt 0.508929 0.486363
vt 0.607623 0.627718
vt 0.625000 0.500000
vt 0.609549 0.627780
vt 0.767558 0.000000
vt 1.000000 0.393255
vt 0.081880 0.000000
vt 0.229500 0.000000
vt 1.000000 0.926449
vt 0.393255 0.393255
vt 0.730105 0.000000
vt 1.000000 0.181853
vt 0.625000 0.628103
vt 0.631005 0.551397
vt 0.631088 0.500000
vt 0.631350 0.538241
vt 0.628698 0.637828
vt 0.626933 0.639153
vt 0.486092 0.485133
vt 0.492645 0.485485
vt 0.598843 0.491232
vt 0.625000 0.493912
vt 0.501508 0.549341
vt 0.850703 0.081553
vt 1.000000 0.956770
vt 0.926449 0.926449
vt 0.259956 0.000000
vt 1.000000 0.042053
vt 1.000000 0.609356
vt 0.609356 0.609356
vt 0.042053 0.042053
vt 0.819312 0.112276
vt 0.056958 0.056958
vt 0.780146 0.780146
vt 0.709298 0.709298
vt 1.000000 0.027274
vt 1.000000 0.740044
vt 0.826994 0.826994
vt 0.993144 0.993144
vt 0.562306 0.000000
vt 0.093102 0.000000
vt 1.000000 0.197956
vt 0.114197 0.114197
vt 0.911256 0.113998
vt 1.000000 0.063426
vt 0.258346 0.000000
vt 0.940026 0.000000
vt 1.000000 0.063251
vt 0.629704 0.629704
vt 0.063426 0.063426
vt 0.114197 0.000000
vt 1.000000 0.884762
vt 0.884762 0.884762
vt 1.000000 0.813555
vt 0.467834 0.467834
vt 1.000000 0.056958
vt 1.000000 0.780146
vt 0.197956 0.197956
vt 0.207928 0.000000
vt 0.116130 0.116130
vt 1.000000 0.847710
vt 0.902727 0.902727
vt 1.000000 0.906898
vt 0.115548 0.115548
vt 1.000000 0.115803
vt 0.625000 0.935341
vt 0.488293 0.907732
vt 0.535010 0.905954
vt 0.059974 0.000000
vt 0.741654 0.000000
vt 0.750780 0.000000
vt 0.093857 0.093857
vt 0.376578 0.000000
vt 0.376578 0.376578
vt 0.750964 0.375230
vt 0.750780 0.750780
vt 0.493647 0.302004
vt 0.538272 0.320271
vt 0.484849 0.302584
vt 0.208209 0.635102
vt 0.205855 0.667925
vt 0.192822 0.500000
vt 0.810742 0.626149
vt 0.810341 0.750000
vt 0.804674 0.604500
vt 1.000000 0.938158
vt 0.751374 0.000000
vt 0.992126 0.992126
vt 0.792072 0.000000
vt 0.972726 0.000000
vt 0.186445 0.000000
vt 1.000000 0.709298
vt 1.000000 0.826994
vt 0.993144 0.000000
vt 0.944978 0.913828
vt 0.884197 0.000000
vt 0.061842 0.000000
vt 1.000000 0.629704
vt 1.000000 0.467834
vt 0.063251 0.063251
vt 1.000000 0.115549
vt 0.847710 0.847710
vt 0.511336 0.958991
vt 0.431323 0.916431
vt 0.490795 0.907351
vt 0.495280 0.906674
vt 0.612236 0.904579
vt 0.625000 0.905706
vt 0.577088 0.958124
vt 0.527956 0.959681
vt 0.513508 0.960132
vt 1.000000 0.437694
vt 0.081928 0.081928
vt 0.751374 0.751374
vt 0.544327 0.322766
vt 0.537808 0.322784
vt 0.375000 0.323128
vt 0.375000 0.317822
vt 0.488643 0.302060
vt 0.173652 0.586861
vt 0.184245 0.514096
vt 0.172063 0.582809
vt 0.174015 0.557003
vt 0.176266 0.527307
vt 0.198128 0.500000
vt 0.212569 0.573459
vt 0.210440 0.603727
vt 0.780706 0.750000
vt 0.779115 0.730616
vt 0.778937 0.715966
vt 0.777893 0.624638
vt 0.780809 0.609807
vt 0.790207 0.562129
vt 0.810743 0.622367
vt 0.093857 0.000000
vt 0.081928 0.000000
vt 1.000000 0.116130
vt 1.000000 0.902727
vt 0.607020 0.000000
vt 1.000000 0.881894
vt 0.907451 0.840071
vt 0.881894 0.881894
vt 0.855286 0.000000
vt 0.883427 0.011894
vt 1.000000 0.392980
vt 0.565139 0.000000
vt 0.143958 0.143958
vt 1.000000 0.144714
vt 0.565139 0.565139
vt 0.438274 0.000000
vt 0.805269 0.742223
vt 0.062983 0.000000
vt 0.804322 0.000000
vt 1.000000 0.062347
vt 0.804322 0.804322
vt 0.062983 0.062983
vt 0.375000 0.277320
vt 0.375000 0.162460
vt 0.375000 0.246933
vt 0.937653 0.000000
vt 0.561726 0.000000
vt 0.119583 0.000000
vt 0.156250 0.577190
vt 0.156250 0.582169
vt 0.156250 0.576843
vt 0.967684 0.000000
vt 1.000000 0.143958
vt 1.000000 0.880417
vt 0.375000 0.272697
vt 0.375000 0.275030
vt 0.375000 0.201520
vt 0.375000 0.155499
vt 0.375000 0.156767
vt 0.032316 0.000000
vt 0.430341 0.310679
vt 0.156234 0.000000
vt 1.000000 0.822943
vt 0.822943 0.822943
vt 0.766414 0.000000
vt 1.000000 0.729868
vt 0.729868 0.729868
vt 0.730884 0.000000
vt 1.000000 0.271927
vt 0.271927 0.271927
vt 1.000000 0.269116
vt 0.384910 0.312742
vt 1.000000 0.313791
vt 1.000000 0.958623
vt 0.313791 0.313791
vt 0.958623 0.958623
vt 1.000000 0.406937
vt 0.410178 0.410178
vt 0.406937 0.406937
vt 0.570459 0.000000
vt 1.000000 0.573584
vt 0.570459 0.570459
vt 0.199266 0.000000
vt 0.573584 0.573584
vt 0.884225 0.000000
vt 1.000000 0.187969
vt 0.885500 0.000000
vt 0.884225 0.884225
vt 0.911851 0.796535
vt 0.114500 0.000000
vt 0.493112 0.962085
vt 0.527962 0.959752
vt 0.625000 1.000000
vt 0.407499 0.000000
vt 0.625000 0.073342
vt 0.598592 0.124068
vt 0.096059 0.000000
vt 0.955459 0.940542
vt 0.838867 0.623555
vt 0.850979 0.609737
vt 0.838317 0.632210
vt 0.766414 0.766414
vt 0.812031 0.000000
vt 0.410178 0.000000
vt 1.000000 0.903941
vt 0.800734 0.000000
vt 0.625000 0.960455
vt 0.407499 1.000000
vt 0.395224 0.989738
vt 0.398849 0.997510
vt 0.389799 0.994836
vt 0.391134 0.993541
vt 0.417674 0.969074
vt 0.513361 0.960214
vt 0.577456 0.958202
vt 0.597822 0.125510
vt 0.625000 0.000000
vt 1.000000 0.843766
vt 0.859871 0.599658
vt 0.861546 0.608041
vt 0.875000 0.676659
vt 0.875000 0.750000
vt 0.835455 0.750000
vt 0.838422 0.628315
vt 0.161457 0.000000
vt 1.000000 0.837806
vt 0.837788 0.685279
vt 0.152718 0.000000
vt 1.000000 0.446343
vt 0.083698 0.000000
vt 0.448349 0.000000
vt 0.446343 0.446343
vt 0.376784 0.000000
vt 1.000000 0.619953
vt 1.000000 0.838543
vt 0.943908 0.895009
vt 0.619953 0.619953
vt 1.000000 0.584991
vt 0.787899 0.000000
vt 0.776700 0.000000
vt 0.584991 0.584991
vt 1.000000 0.770286
vt 0.770286 0.770286
vt 1.000000 0.847282
vt 0.919326 0.919326
vt 0.480094 0.421004
vt 1.000000 0.919326
vt 1.000000 0.551651
vt 0.551614 0.551614
vt 1.000000 0.551614
vt 0.192760 0.192760
vt 0.212101 0.000000
vt 1.000000 0.223300
vt 0.892176 0.000000
vt 0.601678 0.440218
vt 0.375000 0.420430
vt 0.625000 0.411244
vt 0.334819 0.500000
vt 0.329705 0.554136
vt 0.323064 0.582336
vt 0.696365 0.593147
vt 0.692008 0.547464
vt 0.705619 0.571780
vt 0.837806 0.837806
vt 0.651931 0.568205
vt 0.107824 0.000000
vt 1.000000 0.192760
vt 0.623216 0.000000
vt 0.625000 0.437490
vt 0.413735 0.462175
vt 0.375000 0.459819
vt 0.607290 0.407301
vt 0.328618 0.565593
vt 0.325492 0.576051
vt 0.328956 0.562047
vt 0.310183 0.615141
vt 0.309893 0.612902
vt 0.295430 0.500000
vt 0.687510 0.500000
vt 0.713756 0.500000
vt 0.699933 0.621833
vt 0.697795 0.604727
vt 0.621979 0.216409
vt 1.000000 0.215157
vt 1.000000 0.594583
vt 0.594583 0.594583
vt 1.000000 0.016351
vt 1.000000 0.605557
vt 0.605557 0.605557
vt 1.000000 0.215695
vt 1.000000 0.683886
vt 0.250280 0.000000
vt 0.683886 0.683886
vt 0.215694 0.215694
vt 0.686009 0.686009
vt 1.000000 0.250186
vt 1.000000 0.620857
vt 0.620858 0.620858
vt 0.250186 0.250186
vt 0.619148 0.249938
vt 0.613017 0.850307
vt 0.625000 0.851402
vt 0.606037 0.851543
vt 0.780605 0.750000
vt 0.726402 0.750000
vt 0.761492 0.727792
vt 0.215157 0.215157
vt 0.016351 0.016351
vt 0.686009 0.000000
vt 0.250280 0.250280
vt 0.625000 0.905605
vt 0.607406 0.862754
vt 0.612605 0.904507
vt 0.605874 0.849666
vt 0.731070 0.722216
vt 0.731804 0.722311
vt 0.730166 0.727576
vt 0.779057 0.731110
vt 0.380360 0.000000
vt 1.000000 0.619572
vt 1.000000 0.442080
vt 0.619572 0.619572
vt 0.442080 0.442080
vt 0.440138 0.000000
vt 1.000000 0.619640
vt 0.529250 0.529250
vt 0.511012 0.036502
vt 0.576043 0.000000
vt 1.000000 0.559139
vt 0.437227 0.000000
vt 1.000000 0.559862
vt 0.559139 0.559139
vt 0.576043 0.576043
vt 1.000000 0.572395
vt 0.471006 0.376264
vt 1.000000 0.472053
vt 0.472053 0.472053
vt 0.562774 0.000000
vt 0.625000 0.789332
vt 0.622247 0.784812
vt 0.625000 0.784608
vt 0.664332 0.750000
vt 0.659608 0.750000
vt 0.665258 0.679842
vt 1.000000 0.529250
vt 0.572395 0.572395
vt 0.620192 0.784985
vt 0.650921 0.719407
vt 0.696378 0.594312
vt 0.679539 0.727973
vt 0.699573 0.674025
vt 0.697825 0.605963
vt 0.699908 0.622759
vt 0.699402 0.699131
vt 0.763827 0.000000
vt 0.756054 0.756054
vt 0.044241 0.000000
vt 1.000000 0.528579
vt 0.451512 0.000000
vt 1.000000 0.009838
vt 1.000000 0.741033
vt 0.528579 0.528579
vt 0.741033 0.741033
vt 0.009838 0.009838
vt 0.245070 0.000000
vt 1.000000 0.196556
vt 1.000000 0.937215
vt 0.258522 0.195374
vt 1.000000 0.955759
vt 0.937215 0.937215
vt 0.196556 0.196556
vt 0.012674 0.012674
vt 0.244147 0.004506
vt 0.245070 0.245070
vt 0.061195 0.000000
vt 1.000000 0.548488
vt 0.760804 0.700300
vt 0.061195 0.061195
vt 0.048534 0.000000
vt 0.433669 0.255133
vt 0.156250 0.502716
vt 0.375796 0.998970
vt 0.378034 0.998518
vt 0.377884 0.999331
vt 0.990460 0.990460
vt 0.310925 0.262044
vt 0.995281 0.708701
vt 0.375000 0.046430
vt 0.375000 0.199778
vt 0.953889 0.000000
vt 0.012674 0.000000
vt 1.000000 0.043791
vt 1.000000 0.756054
vt 0.860675 0.195022
vt 1.000000 0.236173
vt 0.990460 0.000000
vt 1.000000 0.046111
vt 0.433867 0.256213
vt 0.375000 0.272665
vt 0.432672 0.250000
vt 0.156250 0.590608
vt 0.156250 0.561816
vt 0.156250 0.582277
vt 0.156250 0.509212
vt 0.377757 1.000000
vt 0.375000 0.999409
vt 0.048534 0.048534
vt 0.377757 0.000000
vt 0.375000 0.201379
vt 0.364200 0.000000
vt 0.936960 0.000000
vt 0.936226 0.780008
vt 0.415877 0.000000
vt 1.000000 0.063040
vt 1.000000 0.635800
vt 0.936287 0.415814
vt 0.936376 0.936376
vt 0.415877 0.415877
vt 0.375000 0.484394
vt 0.375000 0.482668
vt 0.375000 0.515909
vt 0.748805 0.000000
vt 0.751665 0.751665
vt 0.901535 0.652763
vt 0.978700 0.000000
vt 0.563919 0.006814
vt 0.933848 0.000000
vt 0.970880 0.970880
vt 0.716159 0.000000
vt 0.687849 0.000000
vt 1.000000 0.311200
vt 0.311200 0.311200
vt 0.686312 0.000000
vt 0.690719 0.645501
vt 0.832913 0.000000
vt 1.000000 0.106024
vt 0.312019 0.312019
vt 0.312152 0.000000
vt 0.933848 0.933848
vt 0.686312 0.686312
vt 0.218585 0.218585
vt 0.167087 0.000000
vt 1.000000 0.970880
vt 0.978700 0.978700
vt 0.473052 0.766666
vt 0.441223 0.780530
vt 0.343750 0.669500
vt 0.343750 0.702108
vt 0.327731 0.750000
vt 0.326455 0.649019
vt 0.343750 0.669500
vt 1.000000 0.751665
vt 0.106024 0.106024
vt 0.939826 0.939826
vt 0.716159 0.716159
vt 0.939826 0.000000
vt 1.000000 0.251195
vt 1.000000 0.312019
vt 1.000000 0.218585
vt 0.375000 0.774571
vt 0.490309 0.766180
vt 0.494214 0.767126
vt 0.375000 0.797269
vt 0.375000 0.777933
vt 0.375000 0.774742
vt 0.343750 0.706850
vt 0.343750 0.712685
vt 0.325566 0.576486
vt 0.326511 0.573309
vt 0.328623 0.566283
vt 0.300839 0.000000
vt 1.000000 0.781222
vt 0.781222 0.781222
vt 0.918147 0.000000
vt 0.918397 0.848783
vt 1.000000 0.699161
vt 0.440637 0.000000
vt 0.440637 0.440637
vt 1.000000 0.570258
vt 0.570258 0.570258
vt 0.534890 0.000000
vt 1.000000 0.081853
vt 0.081384 0.081384
vt 1.000000 0.465110
vt 0.898767 0.000000
vt 1.000000 0.063051
vt 0.794047 0.794047
vt 0.898817 0.773568
vt 0.898767 0.898767
vt 0.438879 0.915166
vt 0.430825 0.916387
vt 0.407836 0.916662
vt 0.205931 0.668578
vt 0.211775 0.586271
vt 0.228366 0.577368
vt 0.936949 0.000000
vt 1.000000 0.081384
vt 0.794047 0.000000
vt 0.375000 0.917052
vt 0.375000 0.880598
vt 0.494806 0.906638
vt 0.212673 0.573726
vt 0.242405 0.728471
vt 0.207619 0.736792
vt 0.207948 0.750000
vt 0.244402 0.750000
vt 0.676503 0.000000
vt 0.750765 0.750765
vt 0.699655 0.673528
vt 0.705566 0.573504
vt 0.726285 0.750000
vt 1.000000 0.999748
vt 0.594004 0.000000
vt 1.000000 0.393883
vt 0.833050 0.000000
vt 0.999815 0.999815
vt 0.324884 0.324884
vt 1.000000 0.323497
vt 0.565068 0.000000
vt 1.000000 0.435570
vt 0.435570 0.435570
vt 0.916625 0.000000
vt 0.916270 0.562589
vt 0.000056 0.000000
vt 0.916625 0.916625
vt 0.621161 0.405850
vt 1.000000 0.405996
vt 1.000000 0.784847
vt 0.433997 0.000000
vt 1.000000 0.571080
vt 0.571079 0.571079
vt 0.516897 0.000000
vt 0.719714 0.719714
vt 0.516897 0.516897
vt 0.720048 0.516009
vt 0.433997 0.433997
vt 0.434932 0.000000
vt 0.625000 0.851285
vt 0.613103 0.850208
vt 0.613317 0.830239
vt 0.607601 0.407233
vt 0.625000 0.383268
vt 0.625000 0.411111
vt 0.393882 0.393882
vt 1.000000 0.324884
vt 0.751292 0.077015
vt 0.699993 0.622951
vt 0.713889 0.500000
vt 0.731041 0.721605
vt 0.741732 0.500000
vt 0.741977 0.503858
vt 0.745041 0.552413
vt 0.730083 0.727383
vt 0.703456 0.750000
vt 0.702729 0.740721
vt 0.699492 0.699337
vt 0.215153 0.000000
vt 1.000000 0.750765
vt 0.719714 0.000000
vt 1.000000 0.166950
vt 0.605383 0.849471
vt 0.619929 0.829229
vt 0.625000 0.828456
vt 0.599280 0.386868
vt 0.999748 0.999748
vt 1.000000 0.917761
vt 0.044876 0.044876
vt 1.000000 0.044690
vt 0.394033 0.000000
vt 0.000670 0.000000
vt 1.000000 0.044876
vt 1.000000 0.917777
vt 0.830703 0.064423
vt 0.942729 0.000000
vt 0.093636 0.093636
vt 0.624182 0.000000
vt 0.625481 0.625481
vt 1.000000 0.917875
vt 1.000000 0.093636
vt 1.000000 0.625481
vt 1.000000 0.000673
vt 1.000000 0.057271
vt 0.000673 0.000673
vt 0.604667 0.000000
vt 1.000000 0.754133
vt 0.003588 0.000000
vt 0.002982 0.000000
vt 0.605967 0.000000
vt 0.604667 0.604667
vt 0.917761 0.917761
vt 0.044690 0.044690
vt 0.174997 0.064483
vt 0.082125 0.000000
vt 0.606749 0.904613
vt 0.452320 0.859541
vt 0.611990 0.904514
vt 0.777128 0.623311
vt 0.778421 0.677265
vt 0.757211 0.726306
vt 0.236519 0.559485
vt 0.250896 0.750000
vt 0.244565 0.750000
vt 0.917777 0.917777
vt 1.000000 0.678127
vt 0.705545 0.705545
vt 0.937738 0.000000
vt 0.774947 0.774947
vt 0.245867 0.000000
vt 0.937738 0.937738
vt 1.000000 0.375818
vt 0.678127 0.678127
vt 1.000000 0.774948
vt 1.000000 0.705545
vt 0.495385 0.906621
vt 0.375000 0.880435
vt 0.375000 0.874104
vt 0.605350 0.849743
vt 0.745156 0.552796
vt 0.748255 0.559571
vt 0.731169 0.721394
vt 0.777798 0.624804
vt 0.779038 0.730296
vt 0.228508 0.577188
vt 0.231679 0.570127
vt 0.234165 0.564640
vt 0.624224 0.000000
vt 0.161817 0.000000
vt 1.000000 0.837182
vt 0.629692 0.602495
vt 0.643113 0.500000
vt 0.641284 0.690730
vt 0.469574 0.479791
vt 0.414198 0.462224
vt 0.625000 0.481887
vt 1.000000 0.376468
vt 0.535644 0.000000
vt 1.000000 0.375776
vt 0.376468 0.376468
vt 1.000000 0.919093
vt 0.267893 0.267893
vt 1.000000 0.269020
vt 0.269020 0.269020
vt 0.097536 0.000000
vt 0.772346 0.772346
vt 0.771606 0.000000
vt 1.000000 0.267893
vt 1.000000 0.817759
vt 0.451475 0.269535
vt 1.000000 0.445851
vt 0.864434 0.000000
vt 1.000000 0.464356
vt 0.445851 0.445851
vt 0.097536 0.097536
vt 1.000000 0.076702
vt 0.076702 0.076702
vt 1.000000 0.090296
vt 0.090296 0.090296
vt 0.135566 0.000000
vt 0.161817 0.161817
vt 0.827467 0.056753
vt 0.837182 0.837182
vt 0.687415 0.500000
vt 0.664896 0.679629
vt 0.696258 0.593415
vt 0.650679 0.718584
vt 0.629097 0.654549
vt 0.628803 0.641101
vt 0.628826 0.634998
vt 0.628762 0.637946
vt 0.631407 0.538489
vt 0.625000 0.437585
vt 0.598778 0.491156
vt 0.593952 0.490897
vt 0.570971 0.489656
vt 0.486187 0.485058
vt 0.817759 0.817759
vt 1.000000 0.772346
vt 0.919093 0.919093
vt 0.228395 0.000000
vt 1.000000 0.047879
vt 1.000000 0.921141
vt 0.126233 0.048372
vt 0.953325 0.425179
vt 0.985058 0.828680
vt 0.921141 0.921141
vt 0.612639 0.612639
vt 0.046589 0.046589
vt 0.613682 0.046614
vt 1.000000 0.953952
vt 1.000000 0.693423
vt 0.026695 0.000000
vt 0.027407 0.027407
vt 1.000000 0.067932
vt 0.892358 0.000000
vt 0.841443 0.137325
vt 0.067932 0.067932
vt 1.000000 0.769456
vt 0.229646 0.000000
vt 1.000000 0.932774
vt 1.000000 0.758108
vt 0.065726 0.000000
vt 0.696302 0.213691
vt 0.792060 0.000000
vt 0.792060 0.792060
vt 0.792530 0.000000
vt 0.792530 0.792530
vt 1.000000 0.934274
vt 0.336432 0.336432
vt 1.000000 0.158394
vt 1.000000 0.612639
vt 0.901297 0.834461
vt 0.067226 0.000000
vt 0.838539 0.838539
vt 0.838474 0.000000
vt 0.838474 0.838474
vt 1.000000 0.940143
vt 0.375000 0.593986
vt 0.375000 0.518592
vt 0.343750 0.668762
vt 0.328688 0.565874
vt 0.329005 0.562499
vt 0.343750 0.678216
vt 0.343750 0.705913
vt 0.469017 0.479835
vt 0.433681 0.491401
vt 0.375000 0.771505
vt 0.430543 0.750000
vt 0.472960 0.766580
vt 0.047879 0.047879
vt 0.306577 0.000000
vt 0.046048 0.000000
vt 0.758108 0.758108
vt 0.029298 0.000000
vt 0.841606 0.000000
vt 0.769456 0.769456
vt 0.973305 0.000000
vt 0.107642 0.000000
vt 1.000000 0.152332
vt 1.000000 0.336431
vt 0.838539 0.000000
vt 0.847668 0.000000
vt 1.000000 0.046589
vt 0.430543 0.750000
vt 0.334923 0.500000
vt 0.343750 0.704121
vt 0.770354 0.000000
vt 0.059857 0.000000
vt 0.375000 0.459923
vt 0.409916 0.462051
vt 0.413550 0.462274
vt 0.482838 0.484216
vt 0.443777 0.490616
vt 0.485561 0.485082
vt 0.375000 0.773971
vt 0.466891 0.752806
vt 0.486672 0.754340
vt 0.487272 0.756377
vt 0.489885 0.765488
vt 0.490037 0.766076
vt 0.375000 0.774615
vt 0.025242 0.000000
vt 1.000000 0.837474
vt 0.940318 0.940318
vt 0.837474 0.837474
vt 0.940278 0.862399
vt 1.000000 0.755092
vt 0.950541 0.000000
vt 1.000000 0.974758
vt 0.974066 0.974066
vt 0.375000 0.778623
vt 0.375000 0.777980
vt 0.343750 0.727975
vt 0.343750 0.706504
vt 0.343750 0.709985
vt 0.978067 0.978067
vt 0.950541 0.950541
vt 1.000000 0.940318
vt 0.755092 0.755092
vt 0.779034 0.533962
vt 0.343750 0.704405
vt 0.343750 0.713176
vt 1.000000 0.972299
s 0
f 20/1/1 14/2/1 23/3/1
f 11/4/2 8/5/2 6/6/2
f 19/7/3 24/8/3 18/9/3
f 22/10/4 3/11/4 2/12/4
f 14/13/5 16/14/5 23/15/5
f 13/16/6 21/17/6 12/18/6
f 7/19/7 9/20/7 10/21/7
f 8/22/8 11/22/8 1/23/8
f 20/1/1 13/24/1 14/2/1
f 9/25/2 6/6/2 8/5/2
f 6/6/2 15/10/2 11/4/2
f 15/10/2 22/10/2 11/4/2
f 22/10/4 15/10/4 3/11/4
f 5/26/5 16/14/5 14/13/5
f 16/14/9 17/27/9 23/15/9
f 13/16/10 20/28/10 21/17/10
f 7/19/7 6/29/7 9/20/7
f 11/22/8 4/30/8 1/23/8
f 1/23/8 7/19/8 8/22/8
f 7/19/8 10/21/8 8/22/8
f 31/31/11 33/32/11 32/33/11
f 33/34/12 34/35/12 32/36/12
f 34/37/13 35/38/13 36/39/13
f 27/40/14 30/41/14 29/42/14
f 26/43/7 30/44/7 25/45/7
f 33/34/12 35/46/12 34/35/12
f 27/40/14 25/47/14 30/41/14
f 26/43/7 28/48/7 30/44/7
f 55/49/15 70/50/15 56/51/15
f 59/52/16 58/53/16 57/54/16
f 69/55/17 58/56/17 60/57/17
f 63/58/18 68/59/18 65/60/18
f 40/61/4 41/62/4 49/63/4
f 62/64/19 55/65/19 60/66/19
f 37/10/2 52/67/2 54/68/2
f 67/69/20 68/70/20 66/71/20
f 48/72/8 45/73/8 44/74/8
f 38/61/7 54/75/7 42/76/7
f 39/77/14 40/61/14 38/61/14
f 61/78/17 58/56/17 69/55/17
f 58/56/17 59/79/17 60/57/17
f 65/60/18 64/80/18 63/58/18
f 63/58/18 62/81/18 68/59/18
f 51/10/4 37/10/4 49/63/4
f 37/10/4 38/61/4 49/63/4
f 38/61/4 40/61/4 49/63/4
f 62/64/21 63/82/21 55/65/21
f 63/82/22 70/83/22 55/65/22
f 55/65/23 69/84/23 60/66/23
f 37/10/2 51/10/2 52/67/2
f 67/69/24 65/85/24 68/70/24
f 44/74/8 42/76/8 50/86/8
f 42/76/8 53/87/8 50/86/8
f 50/86/8 48/72/8 44/74/8
f 38/61/7 37/10/7 54/75/7
f 54/75/7 53/88/7 42/76/7
f 42/76/7 43/89/7 38/61/7
f 43/89/7 46/90/7 38/61/7
f 38/61/14 46/91/14 39/77/14
f 46/91/14 47/92/14 39/77/14
f 71/93/25 96/94/25 93/95/25
f 87/96/26 88/97/26 77/98/26
f 72/93/27 90/99/27 71/100/27
f 71/100/28 76/101/28 92/102/28
f 71/100/29 94/103/29 72/104/29
f 89/105/30 72/100/30 95/106/30
f 95/107/31 72/100/31 94/108/31
f 75/109/14 73/110/14 74/111/14
f 82/112/32 81/113/32 91/114/32
f 76/115/33 71/104/33 93/116/33
f 83/117/34 71/100/34 90/118/34
f 72/93/35 89/119/35 90/99/35
f 71/100/29 92/120/29 94/103/29
f 74/111/14 91/121/14 75/109/14
f 91/121/14 78/122/14 75/109/14
f 85/123/32 78/124/32 86/125/32
f 78/124/32 91/114/32 81/113/32
f 86/125/32 78/124/32 81/113/32
f 91/114/32 80/126/32 82/112/32
f 80/126/32 79/127/32 84/128/32
f 82/112/32 80/126/32 84/128/32
f 93/116/36 87/129/36 76/115/36
f 87/129/37 77/130/37 76/115/37
f 83/117/38 96/131/38 71/100/38
f 120/132/39 99/104/39 121/133/39
f 121/134/40 100/104/40 122/135/40
f 122/136/41 100/93/41 125/137/41
f 100/93/42 98/104/42 125/138/42
f 125/139/43 123/140/43 124/141/43
f 109/142/44 127/143/44 128/144/44
f 129/145/45 98/104/45 100/100/45
f 130/146/46 131/147/46 98/100/46
f 138/148/47 136/149/47 132/150/47
f 132/151/48 136/152/48 133/153/48
f 103/154/14 106/155/14 97/156/14
f 131/157/49 123/158/49 98/93/49
f 110/159/32 126/160/32 102/161/32
f 108/162/2 107/163/2 118/164/2
f 99/104/50 120/165/50 109/166/50
f 111/167/8 97/156/8 105/168/8
f 137/169/51 138/170/51 100/104/51
f 121/134/40 99/93/40 100/104/40
f 125/139/52 98/93/52 123/140/52
f 129/145/45 130/171/45 98/104/45
f 138/148/47 137/172/47 136/149/47
f 103/154/14 104/173/14 106/155/14
f 131/157/53 135/174/53 123/158/53
f 101/175/32 102/161/32 126/160/32
f 102/161/32 103/176/32 97/177/32
f 110/159/32 102/161/32 97/177/32
f 107/163/2 116/178/2 114/179/2
f 116/178/2 115/180/2 114/179/2
f 107/163/2 114/179/2 118/164/2
f 118/164/2 119/181/2 108/162/2
f 109/166/50 128/182/50 99/104/50
f 128/182/54 134/183/54 99/104/54
f 119/184/8 117/185/8 108/186/8
f 117/185/8 113/187/8 105/168/8
f 113/187/8 112/188/8 105/168/8
f 112/188/8 111/167/8 105/168/8
f 111/167/8 110/189/8 97/156/8
f 97/156/8 106/155/8 105/168/8
f 105/168/8 108/186/8 117/185/8
f 138/170/51 129/190/51 100/104/51
f 100/104/55 99/100/55 137/169/55
f 99/100/56 134/191/56 137/169/56
f 155/192/57 153/193/57 151/194/57
f 153/195/58 155/196/58 147/197/58
f 158/198/59 148/199/59 159/200/59
f 160/201/60 159/202/60 151/203/60
f 146/204/2 142/205/2 139/205/2
f 140/206/4 144/207/4 156/206/4
f 139/208/8 141/209/8 150/210/8
f 139/211/7 157/212/7 143/213/7
f 154/214/57 160/215/57 153/193/57
f 160/215/57 151/194/57 153/193/57
f 151/194/57 152/216/57 155/192/57
f 160/201/60 158/217/60 159/202/60
f 139/205/2 140/218/2 156/218/2
f 156/218/2 146/204/2 139/205/2
f 140/206/4 145/219/4 144/207/4
f 150/210/8 157/220/8 139/208/8
f 139/208/8 142/208/8 141/209/8
f 149/221/7 143/213/7 157/212/7
f 143/213/7 145/219/7 139/211/7
f 145/219/7 140/206/7 139/211/7
f 175/222/61 177/223/61 176/224/61
f 184/225/7 185/226/7 179/227/7
f 180/228/62 161/104/62 178/229/62
f 172/230/63 187/231/63 173/232/63
f 166/233/64 180/234/64 178/235/64
f 161/104/65 183/236/65 187/237/65
f 165/238/2 169/239/2 182/240/2
f 170/241/66 161/93/66 181/242/66
f 179/243/14 174/244/14 167/245/14
f 179/227/7 163/246/7 182/247/7
f 163/246/7 164/248/7 182/247/7
f 182/247/7 168/249/7 179/227/7
f 168/249/7 184/225/7 179/227/7
f 183/250/67 161/104/67 180/228/67
f 161/104/67 186/251/67 178/229/67
f 177/252/68 175/253/68 178/235/68
f 175/253/68 166/233/68 178/235/68
f 187/237/65 172/254/65 161/104/65
f 172/254/69 181/255/69 161/104/69
f 182/240/2 164/256/2 162/257/2
f 162/257/2 165/238/2 182/240/2
f 170/241/70 186/258/70 161/93/70
f 185/259/14 174/244/14 179/243/14
f 174/244/14 171/260/14 167/245/14
f 209/208/8 248/208/8 241/261/8
f 190/104/71 246/262/71 247/263/71
f 192/100/72 210/264/72 211/265/72
f 192/93/73 245/266/73 227/267/73
f 192/104/74 249/268/74 245/269/74
f 189/100/75 253/270/75 191/100/75
f 190/93/76 234/271/76 233/272/76
f 191/93/77 252/273/77 234/274/77
f 255/275/78 190/104/78 232/276/78
f 229/277/79 235/278/79 230/279/79
f 192/104/80 198/280/80 210/281/80
f 211/282/81 239/283/81 238/284/81
f 242/285/82 244/286/82 243/287/82
f 189/93/83 254/288/83 244/289/83
f 189/104/84 256/290/84 254/291/84
f 232/292/85 225/293/85 255/294/85
f 253/295/86 252/296/86 191/100/86
f 215/297/87 250/298/87 189/104/87
f 230/299/88 227/300/88 229/301/88
f 212/302/14 213/303/14 216/304/14
f 199/305/4 218/306/4 188/206/4
f 197/307/2 188/218/2 248/205/2
f 189/104/89 239/308/89 214/309/89
f 204/310/7 193/311/7 188/206/7
f 241/261/8 240/312/8 231/313/8
f 240/312/8 237/314/8 231/313/8
f 237/314/8 236/315/8 231/313/8
f 231/313/8 195/316/8 241/261/8
f 195/316/8 209/208/8 241/261/8
f 256/317/71 189/93/71 247/263/71
f 189/93/90 191/104/90 247/263/90
f 191/104/91 190/104/91 247/263/91
f 211/265/72 238/318/72 192/100/72
f 238/318/92 251/319/92 249/320/92
f 192/100/93 238/318/93 249/320/93
f 189/100/94 250/321/94 253/270/94
f 190/93/76 191/104/76 234/271/76
f 246/322/78 190/104/78 255/275/78
f 190/104/78 233/323/78 232/276/78
f 211/282/81 214/324/81 239/283/81
f 242/285/82 189/93/82 244/286/82
f 232/292/95 226/325/95 225/293/95
f 215/297/87 223/326/87 250/298/87
f 230/299/96 198/327/96 192/104/96
f 192/104/97 227/300/97 230/299/97
f 227/300/97 228/328/97 229/301/97
f 217/329/14 202/329/14 216/304/14
f 202/329/14 212/302/14 216/304/14
f 199/305/4 200/330/4 201/331/4
f 201/331/4 202/332/4 218/306/4
f 202/332/4 217/332/4 218/306/4
f 218/306/4 219/333/4 220/334/4
f 201/331/4 218/306/4 199/305/4
f 220/334/4 221/335/4 188/206/4
f 188/206/4 196/206/4 199/305/4
f 188/206/4 218/306/4 220/334/4
f 205/336/2 206/337/2 203/338/2
f 206/337/2 207/339/2 188/218/2
f 203/338/2 206/337/2 188/218/2
f 207/339/2 222/340/2 224/341/2
f 224/341/2 248/205/2 207/339/2
f 248/205/2 209/205/2 197/307/2
f 207/339/2 248/205/2 188/218/2
f 197/307/2 196/218/2 188/218/2
f 188/218/2 194/342/2 203/338/2
f 214/309/98 215/343/98 189/104/98
f 189/104/89 242/344/89 239/308/89
f 194/345/7 188/206/7 193/311/7
f 188/206/7 221/335/7 204/310/7
f 221/335/7 208/346/7 204/310/7
f 299/347/99 300/348/99 257/104/99
f 257/93/100 301/349/100 299/350/100
f 257/93/101 291/351/101 301/352/101
f 294/353/102 282/354/102 293/355/102
f 257/93/103 300/356/103 302/357/103
f 288/358/104 296/359/104 287/360/104
f 257/100/105 283/361/105 284/362/105
f 293/363/106 282/364/106 257/104/106
f 297/365/107 281/366/107 294/367/107
f 285/368/108 284/369/108 290/370/108
f 272/371/2 280/205/2 277/205/2
f 292/372/109 257/100/109 286/373/109
f 258/329/14 268/374/14 270/375/14
f 279/376/7 278/377/7 267/378/7
f 265/379/8 264/380/8 276/381/8
f 274/206/4 275/206/4 260/382/4
f 299/347/110 259/383/110 300/348/110
f 294/353/102 281/384/102 282/354/102
f 297/385/111 289/386/111 287/360/111
f 289/386/112 288/358/112 287/360/112
f 285/387/105 286/388/105 284/362/105
f 286/388/105 257/100/105 284/362/105
f 282/364/113 283/389/113 257/104/113
f 257/104/106 302/390/106 293/363/106
f 302/390/114 295/391/114 293/363/114
f 297/365/107 287/392/107 281/366/107
f 277/205/2 275/393/2 273/394/2
f 275/393/2 274/218/2 273/394/2
f 273/394/2 272/371/2 277/205/2
f 292/372/115 291/395/115 257/100/115
f 270/375/14 261/396/14 298/329/14
f 298/329/14 258/329/14 270/375/14
f 278/377/7 266/397/7 267/378/7
f 267/378/7 268/398/7 258/332/7
f 258/332/7 279/376/7 267/378/7
f 280/208/8 271/399/8 277/208/8
f 271/399/8 269/400/8 276/381/8
f 277/208/8 271/399/8 276/381/8
f 269/400/8 265/379/8 276/381/8
f 279/376/4 258/332/4 298/332/4
f 298/332/4 260/382/4 279/376/4
f 260/382/4 262/401/4 274/206/4
f 279/376/4 260/382/4 275/206/4
f 262/401/4 263/402/4 274/206/4
f 303/93/116 328/403/116 308/404/116
f 328/405/117 304/104/117 330/406/117
f 304/93/118 322/407/118 329/408/118
f 312/409/2 323/410/2 309/411/2
f 325/412/119 303/104/119 324/413/119
f 326/414/120 303/100/120 325/415/120
f 303/100/121 326/416/121 332/417/121
f 303/100/122 321/418/122 304/104/122
f 319/419/123 305/420/123 331/421/123
f 310/422/7 314/423/7 318/424/7
f 319/425/124 331/426/124 324/427/124
f 322/428/125 315/429/125 329/430/125
f 328/405/126 303/93/126 304/104/126
f 329/408/118 330/431/118 304/93/118
f 304/93/118 321/432/118 322/407/118
f 323/410/2 327/433/2 320/434/2
f 327/433/2 306/435/2 320/434/2
f 320/434/2 309/411/2 323/410/2
f 309/411/2 311/436/2 312/409/2
f 303/100/122 332/437/122 321/418/122
f 317/438/7 316/439/7 318/424/7
f 316/439/7 310/422/7 318/424/7
f 310/422/7 307/440/7 327/441/7
f 327/441/7 323/442/7 310/422/7
f 323/442/7 314/423/7 310/422/7
f 314/423/7 313/443/7 318/424/7
f 324/427/127 303/104/127 308/444/127
f 308/444/124 319/425/124 324/427/124
f 337/104/128 342/445/128 387/446/128
f 334/104/129 384/447/129 335/93/129
f 334/93/130 366/448/130 386/449/130
f 366/450/131 334/93/131 367/451/131
f 368/452/132 334/93/132 338/104/132
f 370/453/133 368/454/133 338/93/133
f 379/455/134 337/100/134 333/93/134
f 338/93/135 336/104/135 335/100/135
f 336/93/136 334/104/136 335/100/136
f 336/93/137 339/104/137 334/100/137
f 339/93/138 338/104/138 334/100/138
f 370/456/139 338/100/139 371/457/139
f 339/93/140 336/104/140 338/100/140
f 375/458/141 376/459/141 383/460/141
f 358/461/14 365/462/14 385/463/14
f 337/104/142 387/464/142 377/465/142
f 333/93/143 377/466/143 359/467/143
f 333/104/144 375/468/144 373/469/144
f 337/100/145 382/470/145 372/471/145
f 381/472/146 337/100/146 380/473/146
f 337/100/147 381/474/147 382/475/147
f 335/104/148 340/476/148 342/477/148
f 364/478/7 346/479/7 353/480/7
f 376/481/149 357/482/149 383/483/149
f 335/100/150 337/93/150 372/484/150
f 362/485/2 348/486/2 351/487/2
f 337/104/151 335/104/151 342/445/151
f 334/104/129 386/488/129 384/447/129
f 368/452/132 367/489/132 334/93/132
f 370/453/133 369/490/133 368/454/133
f 379/455/152 380/491/152 337/100/152
f 374/492/141 373/493/141 383/460/141
f 373/493/141 375/458/141 383/460/141
f 358/461/14 349/494/14 365/462/14
f 365/462/14 364/495/14 385/463/14
f 385/463/14 355/496/14 358/461/14
f 355/496/14 354/497/14 358/461/14
f 354/497/14 378/498/14 358/461/14
f 333/93/143 337/104/143 377/466/143
f 373/469/144 379/499/144 333/104/144
f 333/104/144 359/500/144 375/468/144
f 335/104/153 384/501/153 340/476/153
f 385/502/7 364/478/7 356/503/7
f 364/478/7 341/504/7 346/479/7
f 356/503/7 364/478/7 353/480/7
f 341/504/7 343/505/7 345/506/7
f 343/505/7 344/507/7 345/506/7
f 345/506/7 346/479/7 341/504/7
f 346/479/7 347/508/7 353/480/7
f 372/484/154 371/509/154 338/104/154
f 338/104/155 335/100/155 372/484/155
f 352/510/2 353/511/2 362/485/2
f 353/511/2 347/512/2 348/486/2
f 348/486/2 350/513/2 351/487/2
f 351/487/2 361/514/2 362/485/2
f 361/514/2 363/515/2 362/485/2
f 362/485/2 360/516/2 352/510/2
f 353/511/2 348/486/2 362/485/2
f 394/517/32 390/518/32 391/519/32
f 388/104/156 396/520/156 395/521/156
f 398/522/157 397/523/157 393/524/157
f 388/93/158 395/525/158 397/526/158
f 388/93/159 389/527/159 396/528/159
f 399/529/8 400/530/8 392/531/8
f 391/519/32 400/532/32 394/517/32
f 400/532/32 399/533/32 394/517/32
f 398/522/157 388/93/157 397/523/157
f 388/93/160 398/534/160 389/527/160
f 429/535/161 427/536/161 428/537/161
f 427/538/162 431/539/162 430/540/162
f 435/541/163 433/542/163 432/543/163
f 434/544/164 436/545/164 437/546/164
f 414/547/165 451/548/165 437/549/165
f 446/550/166 439/551/166 401/104/166
f 443/552/167 446/553/167 401/93/167
f 440/554/168 441/555/168 445/556/168
f 445/557/169 442/558/169 440/559/169
f 442/560/170 433/561/170 435/562/170
f 450/563/171 401/93/171 439/564/171
f 420/61/4 412/10/4 408/565/4
f 405/566/8 407/567/8 411/568/8
f 419/569/14 410/570/14 403/571/14
f 424/572/172 423/573/172 443/574/172
f 413/575/2 425/576/2 438/5/2
f 427/538/162 429/577/162 431/539/162
f 433/542/163 434/578/163 432/543/163
f 432/543/163 430/579/163 435/541/163
f 430/579/163 431/580/163 435/541/163
f 437/546/164 451/581/164 434/544/164
f 451/581/164 432/582/164 434/544/164
f 446/550/166 415/583/166 439/551/166
f 442/560/170 445/584/170 433/561/170
f 408/565/4 422/585/4 420/61/4
f 420/61/4 448/61/4 447/10/4
f 447/10/4 412/10/4 420/61/4
f 412/10/4 409/586/4 408/565/4
f 411/568/8 449/22/8 444/587/8
f 449/22/8 438/22/8 417/588/8
f 444/587/8 417/588/8 418/589/8
f 449/22/8 417/588/8 444/587/8
f 444/587/8 403/587/8 411/568/8
f 403/587/8 402/590/8 411/568/8
f 402/590/8 405/566/8 411/568/8
f 410/570/14 406/591/14 404/592/14
f 404/592/14 403/571/14 410/570/14
f 403/571/14 444/593/14 419/569/14
f 444/593/14 448/61/14 420/61/14
f 420/61/14 419/569/14 444/593/14
f 419/569/14 421/594/14 410/570/14
f 443/574/173 401/104/173 450/595/173
f 450/595/174 426/596/174 443/574/174
f 426/596/175 424/572/175 443/574/175
f 438/5/2 449/597/2 413/575/2
f 413/575/2 412/10/2 447/10/2
f 447/10/2 425/576/2 413/575/2
f 425/576/2 416/598/2 438/5/2
f 457/599/176 455/600/176 453/601/176
f 456/5/2 452/5/2 454/602/2
f 456/22/8 458/603/8 452/22/8
f 458/603/7 454/604/7 452/22/7
f 498/605/177 466/100/177 464/93/177
f 489/606/178 508/607/178 490/608/178
f 492/609/179 493/610/179 491/611/179
f 467/104/180 493/612/180 494/613/180
f 461/93/181 466/100/181 463/93/181
f 467/93/182 465/104/182 466/100/182
f 465/93/183 463/104/183 466/100/183
f 495/614/184 496/615/184 463/104/184
f 494/616/185 463/93/185 467/104/185
f 463/93/186 465/104/186 467/100/186
f 459/93/187 464/104/187 461/100/187
f 461/100/188 496/617/188 497/618/188
f 460/104/189 497/619/189 505/620/189
f 460/93/190 459/104/190 461/100/190
f 459/93/191 506/621/191 499/622/191
f 459/93/192 509/623/192 506/624/192
f 500/625/193 509/626/193 459/104/193
f 460/104/194 503/627/194 459/93/194
f 460/93/195 505/628/195 504/629/195
f 462/329/14 484/630/14 474/631/14
f 473/632/32 474/633/32 478/634/32
f 476/635/7 481/636/7 462/332/7
f 483/637/4 462/332/4 482/638/4
f 467/93/196 466/93/196 507/639/196
f 503/640/197 500/641/197 459/93/197
f 498/605/198 507/642/198 466/100/198
f 467/104/180 491/643/180 493/612/180
f 461/93/199 464/104/199 466/100/199
f 494/616/200 495/644/200 463/93/200
f 461/100/188 463/93/188 496/617/188
f 460/104/189 461/100/189 497/619/189
f 498/645/191 464/100/191 499/622/191
f 464/100/191 459/93/191 499/622/191
f 500/625/193 501/646/193 509/626/193
f 460/104/194 504/647/194 503/627/194
f 462/329/14 485/329/14 484/630/14
f 484/630/14 502/648/14 474/631/14
f 474/631/14 472/649/14 462/329/14
f 472/649/14 469/650/14 462/329/14
f 469/650/14 471/651/14 462/329/14
f 474/633/32 502/652/32 480/653/32
f 502/652/32 487/654/32 480/653/32
f 487/654/32 488/655/32 480/653/32
f 480/653/32 479/656/32 474/633/32
f 479/656/32 478/634/32 474/633/32
f 478/634/32 477/657/32 475/658/32
f 475/658/32 473/632/32 478/634/32
f 462/332/7 471/659/7 468/660/7
f 471/659/7 470/661/7 468/660/7
f 468/660/7 476/635/7 462/332/7
f 485/332/4 462/332/4 483/637/4
f 462/332/4 481/636/4 482/638/4
f 508/662/201 489/663/201 507/639/201
f 489/663/202 491/664/202 467/93/202
f 507/639/203 489/663/203 467/93/203
f 503/640/197 486/665/197 500/641/197
f 521/666/204 517/667/204 518/668/204
f 518/669/205 517/670/205 519/671/205
f 516/672/206 521/673/206 520/674/206
f 512/675/4 515/676/4 514/677/4
f 513/678/32 515/676/32 510/679/32
f 521/666/204 516/680/204 517/667/204
f 512/675/4 511/681/4 515/676/4
f 513/678/32 514/677/32 515/676/32
f 538/682/207 525/683/207 540/684/207
f 532/685/208 534/686/208 538/687/208
f 539/688/209 536/689/209 535/690/209
f 535/691/210 540/692/210 539/693/210
f 524/694/8 522/587/8 523/695/8
f 522/593/14 531/696/14 527/697/14
f 522/587/7 526/698/7 528/699/7
f 540/684/207 533/700/207 538/682/207
f 533/700/207 532/701/207 538/682/207
f 535/691/210 533/702/210 540/692/210
f 524/694/8 529/703/8 522/587/8
f 529/703/8 530/587/8 522/587/8
f 522/587/8 528/699/8 523/695/8
f 527/697/14 537/704/14 522/593/14
f 522/593/14 530/593/14 531/696/14
f 522/587/7 537/705/7 526/698/7
f 566/706/211 567/707/211 565/708/211
f 567/709/212 570/710/212 569/711/212
f 542/104/213 569/712/213 570/713/213
f 575/714/214 576/715/214 580/716/214
f 571/717/215 577/718/215 542/104/215
f 580/719/216 585/720/216 575/721/216
f 542/100/217 586/722/217 541/104/217
f 541/93/218 572/723/218 542/100/218
f 541/93/219 583/724/219 573/725/219
f 582/726/220 541/93/220 586/727/220
f 583/728/221 582/729/221 584/730/221
f 547/731/2 578/732/2 543/733/2
f 554/734/32 558/735/32 557/736/32
f 544/737/4 563/738/4 556/739/4
f 579/61/14 562/740/14 564/741/14
f 553/742/222 542/93/222 572/743/222
f 569/711/212 565/744/212 567/709/212
f 567/709/212 568/745/212 570/710/212
f 570/713/213 571/746/213 542/104/213
f 542/104/213 574/747/213 569/712/213
f 580/719/216 581/748/216 585/720/216
f 542/100/217 577/749/217 586/722/217
f 541/93/218 573/750/218 572/723/218
f 586/727/220 585/751/220 581/752/220
f 581/752/220 582/726/220 586/727/220
f 583/728/221 541/104/221 582/729/221
f 550/753/2 578/732/2 547/731/2
f 578/732/2 545/754/2 543/733/2
f 560/755/32 557/736/32 558/735/32
f 557/736/32 549/756/32 548/757/32
f 554/734/32 557/736/32 548/757/32
f 548/757/32 546/758/32 555/759/32
f 554/734/32 548/757/32 555/759/32
f 578/760/4 579/61/4 564/741/4
f 564/741/4 563/738/4 578/760/4
f 563/738/4 559/761/4 556/739/4
f 578/760/4 563/738/4 545/762/4
f 556/739/4 555/759/4 546/758/4
f 544/737/4 556/739/4 546/758/4
f 544/737/4 545/762/4 563/738/4
f 579/61/14 551/763/14 562/740/14
f 551/763/14 561/764/14 562/740/14
f 572/743/223 552/765/223 553/742/223
f 553/742/224 574/766/224 542/93/224
f 617/767/225 588/104/225 618/768/225
f 588/93/226 619/769/226 620/770/226
f 620/771/227 619/772/227 621/773/227
f 623/774/228 592/93/228 593/104/228
f 593/93/229 617/775/229 631/776/229
f 590/93/230 587/104/230 588/100/230
f 587/93/231 615/777/231 588/100/231
f 593/93/232 590/104/232 588/100/232
f 587/93/233 632/778/233 616/779/233
f 624/780/234 633/781/234 594/104/234
f 594/93/235 623/782/235 624/783/235
f 626/784/236 592/100/236 627/785/236
f 591/104/237 592/100/237 626/786/237
f 590/93/238 593/104/238 592/100/238
f 627/787/239 594/93/239 630/788/239
f 629/789/240 634/790/240 591/104/240
f 589/93/241 587/104/241 590/100/241
f 589/93/242 591/104/242 587/100/242
f 591/93/243 632/791/243 587/100/243
f 630/792/244 594/104/244 633/793/244
f 590/104/245 591/93/245 589/93/245
f 608/794/32 611/795/32 609/796/32
f 608/797/2 601/798/2 600/799/2
f 603/800/7 597/801/7 602/802/7
f 620/770/226 618/803/226 588/93/226
f 588/93/226 615/804/226 619/769/226
f 631/805/246 622/806/246 593/104/246
f 622/806/247 623/774/247 593/104/247
f 593/93/229 588/104/229 617/775/229
f 587/93/231 616/807/231 615/777/231
f 624/780/234 625/808/234 633/781/234
f 594/93/235 592/104/235 623/782/235
f 626/786/237 628/809/237 591/104/237
f 628/809/237 629/810/237 591/104/237
f 627/787/239 592/100/239 594/93/239
f 591/93/243 634/811/243 632/791/243
f 590/104/245 592/100/245 591/93/245
f 609/796/32 610/812/32 606/813/32
f 610/812/32 613/814/32 606/813/32
f 609/796/32 606/813/32 608/794/32
f 600/799/2 599/815/2 605/816/2
f 599/815/2 598/817/2 605/816/2
f 598/817/2 604/818/2 605/816/2
f 605/816/2 614/819/2 612/820/2
f 612/820/2 611/821/2 605/816/2
f 611/821/2 608/797/2 600/799/2
f 608/797/2 607/822/2 601/798/2
f 601/798/2 602/823/2 600/799/2
f 611/821/2 600/799/2 605/816/2
f 603/800/7 595/824/7 596/825/7
f 596/825/7 597/801/7 603/800/7
f 597/801/7 600/826/7 602/802/7
f 649/827/248 656/828/248 648/829/248
f 656/830/249 637/104/249 648/831/249
f 635/104/250 655/832/250 637/93/250
f 650/833/251 653/834/251 636/104/251
f 650/835/252 637/104/252 657/836/252
f 636/93/253 635/104/253 637/100/253
f 636/100/254 653/837/254 652/838/254
f 636/93/255 654/839/255 635/93/255
f 638/840/2 647/841/2 645/842/2
f 639/843/32 641/844/32 644/845/32
f 657/846/249 637/104/249 656/830/249
f 637/104/249 655/847/249 648/831/249
f 635/104/256 654/848/256 655/832/256
f 650/833/251 651/849/251 653/834/251
f 650/835/252 636/93/252 637/104/252
f 636/93/257 652/850/257 654/839/257
f 645/842/2 642/851/2 638/840/2
f 638/840/2 640/852/2 647/841/2
f 641/844/32 643/853/32 644/845/32
f 644/845/32 646/854/32 639/843/32
f 646/854/32 647/855/32 640/856/32
f 639/843/32 646/854/32 640/856/32
f 658/93/258 676/857/258 683/858/258
f 658/100/259 673/859/259 681/860/259
f 658/100/260 681/861/260 674/862/260
f 658/100/261 674/863/261 682/864/261
f 675/865/262 679/866/262 682/867/262
f 679/868/263 678/869/263 680/870/263
f 658/104/264 660/871/264 673/872/264
f 670/873/7 659/874/7 668/875/7
f 666/876/8 665/877/8 659/878/8
f 662/879/14 659/878/14 661/880/14
f 675/881/261 682/864/261 674/863/261
f 682/864/261 677/882/261 676/883/261
f 658/100/261 682/864/261 676/883/261
f 675/865/262 678/884/262 679/866/262
f 658/104/265 683/885/265 660/871/265
f 671/886/7 659/874/7 670/873/7
f 659/874/7 667/887/7 668/875/7
f 665/877/8 664/888/8 672/878/8
f 664/888/8 663/889/8 672/878/8
f 672/878/8 659/878/8 665/877/8
f 659/878/8 671/890/8 666/876/8
f 671/890/8 669/891/8 666/876/8
f 667/892/14 659/878/14 662/879/14
f 659/878/14 672/878/14 661/880/14
f 706/893/2 684/894/2 713/895/2
f 707/896/266 708/897/266 705/898/266
f 688/93/267 710/899/267 709/900/267
f 710/901/268 687/93/268 711/902/268
f 718/903/269 698/904/269 685/104/269
f 699/905/270 685/100/270 698/906/270
f 687/93/271 688/104/271 685/100/271
f 719/907/272 687/100/272 699/908/272
f 686/104/273 719/909/273 720/910/273
f 687/100/274 715/911/274 711/912/274
f 686/93/275 703/913/275 715/914/275
f 717/915/276 686/93/276 720/916/276
f 684/894/4 690/917/4 695/918/4
f 684/894/32 689/919/32 696/920/32
f 685/93/277 714/921/277 718/922/277
f 705/923/278 691/924/278 714/925/278
f 716/926/2 704/927/2 700/928/2
f 704/927/2 701/929/2 700/928/2
f 700/928/2 713/895/2 684/894/2
f 716/926/2 700/928/2 684/894/2
f 713/895/2 712/930/2 692/931/2
f 692/931/2 693/932/2 713/895/2
f 693/932/2 706/893/2 713/895/2
f 688/93/267 687/104/267 710/899/267
f 699/905/270 687/104/270 685/100/270
f 686/104/273 687/100/273 719/909/273
f 687/100/274 686/93/274 715/911/274
f 686/93/275 717/933/275 703/913/275
f 684/894/4 706/893/4 690/917/4
f 702/934/32 716/935/32 684/894/32
f 684/894/32 695/918/32 689/919/32
f 689/919/32 694/936/32 696/920/32
f 696/920/32 697/937/32 684/894/32
f 697/937/32 702/934/32 684/894/32
f 685/93/279 688/104/279 714/921/279
f 714/925/278 688/93/278 705/923/278
f 688/93/278 709/938/278 707/939/278
f 705/923/278 688/93/278 707/939/278
f 745/940/280 743/941/280 744/942/280
f 744/943/281 722/104/281 745/944/281
f 747/945/282 749/946/282 748/947/282
f 750/948/283 748/949/283 749/950/283
f 751/951/284 750/952/284 752/953/284
f 758/954/285 738/955/285 754/956/285
f 754/957/286 746/958/286 758/959/286
f 722/104/287 741/960/287 742/961/287
f 732/962/32 736/963/32 723/964/32
f 755/965/14 729/966/14 724/967/14
f 734/968/4 721/969/4 735/970/4
f 722/93/288 742/971/288 756/972/288
f 745/940/280 746/973/280 743/941/280
f 741/974/281 722/104/281 744/943/281
f 722/104/281 757/975/281 745/944/281
f 747/945/282 756/976/282 749/946/282
f 750/948/283 751/977/283 748/949/283
f 754/957/286 743/978/286 746/958/286
f 737/979/32 721/969/32 726/980/32
f 721/969/32 753/981/32 740/982/32
f 726/980/32 721/969/32 740/982/32
f 726/980/32 723/964/32 737/979/32
f 723/964/32 727/983/32 732/962/32
f 737/979/32 723/964/32 736/963/32
f 732/962/32 733/984/32 736/963/32
f 728/985/14 725/986/14 729/966/14
f 725/986/14 724/967/14 729/966/14
f 724/967/14 739/987/14 755/965/14
f 739/987/14 753/988/14 721/969/14
f 755/965/14 739/987/14 721/969/14
f 734/968/4 730/989/4 721/969/4
f 730/989/4 755/965/4 721/969/4
f 721/969/4 737/979/4 735/970/4
f 731/990/288 756/972/288 742/971/288
f 756/972/288 747/991/288 757/992/288
f 722/93/288 756/972/288 757/992/288
f 801/993/289 829/994/289 800/995/289
f 800/996/290 829/997/290 802/998/290
f 819/999/291 759/104/291 833/1000/291
f 761/104/292 834/1001/292 759/93/292
f 803/1002/293 801/1003/293 832/1004/293
f 760/104/294 804/1005/294 761/93/294
f 762/93/295 827/1006/295 830/1007/295
f 815/1008/296 813/1009/296 824/1010/296
f 808/1011/297 810/1012/297 807/1013/297
f 812/1014/298 809/1015/298 808/1016/298
f 813/1017/299 761/104/299 814/1018/299
f 814/1019/300 759/104/300 836/1020/300
f 811/1021/301 819/1022/301 833/1023/301
f 760/104/302 815/1024/302 816/1025/302
f 790/1026/303 831/1027/303 835/1028/303
f 830/1029/304 818/1030/304 806/1031/304
f 787/1032/2 781/1033/2 828/1034/2
f 762/100/305 807/1035/305 810/1036/305
f 823/1037/306 820/1038/306 821/1039/306
f 821/1040/307 822/1041/307 823/1042/307
f 773/1043/14 791/1044/14 765/1045/14
f 779/1046/7 783/1047/7 767/1048/7
f 788/1049/32 787/1050/32 817/1051/32
f 805/1052/308 794/1053/308 762/104/308
f 804/1054/309 760/93/309 816/1055/309
f 801/993/289 803/1056/289 829/994/289
f 836/1057/291 759/104/291 819/999/291
f 759/104/291 834/1058/291 833/1000/291
f 761/104/292 832/1059/292 834/1001/292
f 832/1004/293 761/93/293 803/1002/293
f 761/93/310 804/1060/310 803/1002/310
f 827/1006/311 778/1061/311 830/1007/311
f 830/1007/312 806/1062/312 762/93/312
f 806/1062/312 805/1063/312 762/93/312
f 815/1008/313 761/100/313 813/1009/313
f 808/1011/314 809/1064/314 810/1012/314
f 812/1014/298 811/1065/298 809/1015/298
f 814/1019/300 761/93/300 759/104/300
f 811/1021/315 812/1066/315 819/1022/315
f 760/104/302 761/100/302 815/1024/302
f 790/1026/303 818/1067/303 831/1027/303
f 830/1029/304 831/1068/304 818/1030/304
f 771/1069/2 784/1070/2 787/1032/2
f 784/1070/2 781/1033/2 787/1032/2
f 781/1033/2 780/1071/2 828/1034/2
f 780/1071/2 796/1072/2 828/1034/2
f 828/1034/2 798/1073/2 799/1074/2
f 787/1032/2 828/1034/2 799/1074/2
f 787/1032/2 785/1075/2 771/1069/2
f 785/1075/2 786/1076/2 771/1069/2
f 786/1076/2 770/1077/2 771/1069/2
f 810/1036/305 827/1078/305 762/100/305
f 762/100/305 825/1079/305 807/1035/305
f 823/1037/306 794/1080/306 820/1038/306
f 793/1081/14 776/1082/14 791/1044/14
f 776/1082/14 826/1083/14 791/1044/14
f 791/1044/14 826/1083/14 767/1084/14
f 767/1084/14 765/1045/14 791/1044/14
f 765/1045/14 766/1085/14 773/1043/14
f 783/1047/7 768/1086/7 763/1087/7
f 768/1086/7 769/1088/7 772/1089/7
f 763/1087/7 768/1086/7 772/1089/7
f 772/1089/7 764/1090/7 763/1087/7
f 763/1087/7 767/1048/7 783/1047/7
f 767/1048/7 826/1091/7 779/1046/7
f 826/1091/7 775/1092/7 782/1093/7
f 782/1093/7 779/1046/7 826/1091/7
f 787/1050/32 799/1094/32 817/1051/32
f 799/1094/32 797/1095/32 795/1096/32
f 817/1051/32 799/1094/32 795/1096/32
f 795/1096/32 774/1097/32 777/1098/32
f 777/1098/32 792/1099/32 817/1051/32
f 817/1051/32 789/1100/32 788/1049/32
f 817/1051/32 795/1096/32 777/1098/32
f 820/1101/316 794/1053/316 805/1052/316
f 794/1053/317 825/1102/317 762/104/317
f 816/1055/318 790/1103/318 835/1104/318
f 835/1104/319 804/1054/319 816/1055/319
f 853/1105/320 856/1106/320 855/1107/320
f 856/1108/321 863/1109/321 866/1110/321
f 837/104/322 853/1111/322 854/1112/322
f 864/1113/323 863/1114/323 837/100/323
f 837/100/324 854/1115/324 865/1116/324
f 862/1117/325 861/1118/325 867/1119/325
f 843/1120/326 867/1121/326 861/1122/326
f 857/329/14 838/329/14 840/1123/14
f 859/1124/8 852/878/8 842/1125/8
f 843/1126/327 865/1127/327 845/1128/327
f 846/1129/4 848/1130/4 839/1131/4
f 853/1105/320 837/104/320 856/1106/320
f 856/1108/321 837/93/321 863/1109/321
f 865/1116/324 847/1132/324 837/100/324
f 847/1132/328 864/1133/328 837/100/328
f 843/1120/326 845/1134/326 867/1121/326
f 840/1123/14 841/878/14 851/1135/14
f 841/878/14 852/878/14 851/1135/14
f 840/1123/14 851/1135/14 858/1136/14
f 858/1136/14 857/329/14 840/1123/14
f 859/1124/8 850/1137/8 852/878/8
f 852/878/8 841/878/8 842/1125/8
f 842/1125/329 849/1138/329 860/1139/329
f 860/1139/8 859/1124/8 842/1125/8
f 847/1140/327 865/1127/327 843/1126/327
f 865/1127/330 844/1141/330 845/1128/330
f 838/332/4 857/332/4 839/1131/4
f 857/332/4 846/1129/4 839/1131/4
f 895/1142/331 870/104/331 896/1143/331
f 896/1144/332 870/93/332 897/1145/332
f 914/1146/333 870/93/333 873/104/333
f 914/1147/334 873/93/334 913/1148/334
f 869/93/335 871/104/335 870/100/335
f 874/93/336 907/1149/336 873/100/336
f 873/100/337 907/1150/337 913/1151/337
f 884/1152/338 911/1153/338 910/1154/338
f 911/1155/339 869/104/339 910/1156/339
f 900/1157/340 869/100/340 899/1158/340
f 871/104/341 900/1159/341 901/1160/341
f 902/1161/342 871/100/342 901/1162/342
f 903/1163/343 871/100/343 902/1164/343
f 872/93/344 874/104/344 871/100/344
f 874/100/345 912/1165/345 908/1166/345
f 905/1167/346 912/1168/346 872/93/346
f 872/93/347 906/1169/347 905/1170/347
f 882/1171/2 892/1172/2 868/1173/2
f 898/1174/8 909/1175/8 886/1176/8
f 904/1177/348 870/104/348 881/1178/348
f 889/1179/32 888/1180/32 891/1181/32
f 874/93/349 870/100/349 871/93/349
f 914/1146/333 897/1182/333 870/93/333
f 874/93/336 908/1183/336 907/1149/336
f 899/1184/339 869/104/339 911/1155/339
f 869/104/350 904/1185/350 910/1156/350
f 871/104/351 869/100/351 900/1159/351
f 903/1163/352 872/104/352 871/100/352
f 874/100/345 872/93/345 912/1165/345
f 872/93/353 903/1186/353 906/1169/353
f 894/1187/2 868/1173/2 892/1172/2
f 868/1173/2 898/1188/2 878/1189/2
f 878/1189/2 898/1188/2 875/1190/2
f 875/1190/2 876/1191/2 877/1192/2
f 878/1189/2 875/1190/2 877/1192/2
f 878/1189/2 879/1193/2 882/1171/2
f 882/1171/2 883/1194/2 892/1172/2
f 892/1172/2 893/1195/2 894/1187/2
f 882/1171/2 868/1173/2 878/1189/2
f 886/1176/8 880/1196/8 898/1174/8
f 898/1174/8 868/1197/8 909/1175/8
f 869/93/354 870/104/354 904/1177/354
f 870/104/355 895/1198/355 881/1178/355
f 888/1180/32 887/1199/32 885/1200/32
f 885/1200/32 909/1201/32 868/1202/32
f 868/1202/32 894/1203/32 888/1180/32
f 894/1203/32 891/1181/32 888/1180/32
f 868/1202/32 888/1180/32 885/1200/32
f 891/1181/32 890/1204/32 889/1179/32
f 874/93/356 873/104/356 870/100/356
f 940/1205/357 918/104/357 939/1206/357
f 941/1207/358 918/93/358 947/1208/358
f 942/1209/359 951/1210/359 917/104/359
f 952/1211/360 942/1212/360 917/93/360
f 945/1213/361 915/104/361 944/1214/361
f 940/1215/362 946/1216/362 944/1217/362
f 915/93/363 916/104/363 918/100/363
f 948/1218/364 916/93/364 949/1219/364
f 950/1220/365 918/100/365 948/1221/365
f 919/93/366 957/1222/366 918/100/366
f 918/100/367 957/1223/367 947/1224/367
f 917/104/368 951/1225/368 915/93/368
f 955/1226/369 915/104/369 951/1227/369
f 952/1228/370 917/100/370 953/1229/370
f 915/93/371 953/1230/371 917/100/371
f 916/104/372 956/1231/372 949/1232/372
f 950/1233/373 954/1234/373 919/104/373
f 921/1235/14 936/1236/14 925/1237/14
f 922/1238/7 923/1239/7 930/1240/7
f 928/1241/32 927/1242/32 924/1243/32
f 941/1207/358 939/1244/358 918/93/358
f 942/1209/374 943/1245/374 951/1210/374
f 944/1217/362 915/93/362 918/104/362
f 918/104/362 940/1215/362 944/1217/362
f 948/1218/364 918/100/364 916/93/364
f 950/1220/365 919/104/365 918/100/365
f 919/93/366 954/1246/366 957/1222/366
f 955/1226/375 956/1247/375 915/104/375
f 915/93/371 945/1248/371 953/1230/371
f 916/104/372 915/100/372 956/1231/372
f 925/1237/14 929/1249/14 921/1235/14
f 921/1235/14 920/1250/14 936/1236/14
f 920/1250/14 922/1251/14 936/1236/14
f 936/1236/14 935/1252/14 925/1237/14
f 934/1253/7 932/1254/7 933/1255/7
f 932/1254/7 930/1240/7 923/1239/7
f 933/1255/7 932/1254/7 923/1239/7
f 930/1240/7 931/1256/7 938/1257/7
f 938/1257/7 936/1258/7 930/1240/7
f 936/1258/7 922/1238/7 930/1240/7
f 927/1242/32 929/1259/32 925/1260/32
f 925/1260/32 924/1243/32 927/1242/32
f 924/1243/32 926/1261/32 937/1262/32
f 928/1241/32 924/1243/32 937/1262/32
f 971/1263/376 970/1264/376 972/1265/376
f 972/1266/377 974/1267/377 973/1268/377
f 973/1269/378 976/1270/378 975/1271/378
f 977/1272/379 975/1273/379 976/1274/379
f 981/1275/380 978/1276/380 979/1277/380
f 979/1278/381 978/1279/381 980/1280/381
f 958/1281/2 959/1282/2 964/1283/2
f 969/1284/32 959/1285/32 966/1286/32
f 972/1266/382 970/1287/382 974/1267/382
f 973/1269/378 974/1288/378 976/1270/378
f 977/1272/379 981/1289/379 975/1273/379
f 981/1275/380 977/1290/380 978/1276/380
f 959/1282/2 969/1291/2 965/1292/2
f 969/1291/2 967/1293/2 965/1292/2
f 965/1292/2 964/1283/2 959/1282/2
f 964/1283/2 962/1294/2 958/1281/2
f 961/1295/32 963/1296/32 960/1297/32
f 963/1296/32 966/1286/32 959/1285/32
f 960/1297/32 963/1296/32 959/1285/32
f 966/1286/32 968/1298/32 969/1284/32
f 1010/1299/383 982/104/383 999/1300/383
f 982/93/384 1000/1301/384 999/1302/384
f 1000/1303/385 985/93/385 1001/1304/385
f 983/93/386 1010/1305/386 1009/1306/386
f 983/104/387 1008/1307/387 1004/1308/387
f 984/93/388 985/104/388 982/100/388
f 983/93/389 984/104/389 982/100/389
f 1002/1309/390 986/93/390 1003/1310/390
f 1001/1311/391 985/100/391 1002/1312/391
f 984/93/392 986/104/392 985/100/392
f 1004/1313/393 1005/1314/393 983/100/393
f 983/100/394 1007/1315/394 1006/1316/394
f 984/104/395 1006/1317/395 1003/1318/395
f 998/1319/2 993/1320/2 992/1321/2
f 998/1322/32 992/1323/32 988/1324/32
f 982/93/384 985/104/384 1000/1301/384
f 983/93/386 982/104/386 1010/1305/386
f 983/104/387 1009/1325/387 1008/1307/387
f 1002/1309/390 985/100/390 986/93/390
f 983/100/394 1005/1326/394 1007/1315/394
f 1003/1318/396 986/93/396 984/104/396
f 984/104/397 983/100/397 1006/1317/397
f 998/1319/2 996/1327/2 993/1320/2
f 991/1328/32 988/1324/32 992/1323/32
f 988/1324/32 987/1329/32 997/1330/32
f 997/1330/32 987/1329/32 994/1331/32
f 987/1329/32 989/1332/32 994/1331/32
f 989/1332/32 990/1333/32 994/1331/32
f 994/1331/32 995/1334/32 997/1330/32
f 997/1330/32 998/1322/32 988/1324/32
f 1051/1335/398 1053/1336/398 1033/1337/398
f 1011/104/399 1037/1338/399 1044/1339/399
f 1035/1340/400 1038/1341/400 1037/1342/400
f 1038/1343/401 1035/1344/401 1048/1345/401
f 1040/1346/402 1034/1347/402 1039/1348/402
f 1033/1349/403 1034/1350/403 1040/1351/403
f 1036/1352/404 1043/1353/404 1048/1354/404
f 1052/1355/405 1044/1356/405 1045/1357/405
f 1011/100/406 1052/1358/406 1050/1359/406
f 1028/329/14 1024/878/14 1030/1360/14
f 1014/1361/407 1025/332/407 1028/332/407
f 1017/1362/2 1018/1363/2 1029/1364/2
f 1046/1365/408 1049/1366/408 1031/1367/408
f 1020/1368/8 1024/878/8 1012/1369/8
f 1037/1342/400 1011/93/400 1035/1340/400
f 1011/93/409 1041/1370/409 1035/1340/409
f 1035/1344/410 1036/1371/410 1048/1345/410
f 1048/1345/410 1033/1372/410 1038/1343/410
f 1033/1372/401 1053/1373/401 1038/1343/401
f 1040/1351/411 1042/1374/411 1051/1375/411
f 1051/1375/411 1033/1349/411 1040/1351/411
f 1052/1355/405 1011/104/405 1044/1356/405
f 1050/1359/412 1046/1376/412 1041/1377/412
f 1041/1377/413 1011/100/413 1050/1359/413
f 1030/1360/14 1027/1378/14 1028/329/14
f 1028/329/14 1025/329/14 1023/1379/14
f 1023/1379/14 1024/878/14 1028/329/14
f 1024/878/14 1032/1380/14 1030/1360/14
f 1016/1381/4 1019/1382/4 1015/1383/4
f 1019/1382/4 1013/1384/4 1028/332/4
f 1015/1383/4 1019/1382/4 1028/332/4
f 1013/1384/4 1014/1361/4 1028/332/4
f 1029/1364/2 1047/1385/2 1021/1386/2
f 1047/1385/2 1026/205/2 1021/1386/2
f 1021/1386/2 1017/1362/2 1029/1364/2
f 1046/1365/414 1050/1387/414 1049/1366/414
f 1026/208/8 1047/1388/8 1020/1368/8
f 1047/1388/8 1032/1380/8 1020/1368/8
f 1032/1380/8 1024/878/8 1020/1368/8
f 1024/878/8 1022/1389/8 1012/1369/8
f 1059/1390/415 1062/1391/415 1060/1392/415
f 1061/1393/416 1062/1394/416 1059/1395/416
f 1058/1396/417 1062/1397/417 1061/1398/417
f 1055/61/14 1057/1399/14 1054/1400/14
f 1063/61/4 1055/61/4 1056/1401/4
f 1055/61/14 1063/61/14 1057/1399/14
f 1066/93/418 1090/1402/418 1087/1403/418
f 1066/104/419 1088/1404/419 1089/1405/419
f 1092/1406/420 1065/93/420 1100/1407/420
f 1066/100/421 1085/1408/421 1086/1409/421
f 1094/1410/422 1064/104/422 1093/1411/422
f 1093/1412/423 1101/1413/423 1095/1414/423
f 1096/1415/424 1065/104/424 1097/1416/424
f 1098/1417/425 1064/93/425 1094/1418/425
f 1064/104/426 1100/1419/426 1065/93/426
f 1065/104/427 1101/1420/427 1064/93/427
f 1099/1421/428 1065/93/428 1096/1422/428
f 1085/1423/429 1066/100/429 1089/1424/429
f 1082/1425/2 1076/1426/2 1067/5/2
f 1067/22/8 1075/1427/8 1074/1428/8
f 1079/1429/7 1078/1430/7 1075/1431/7
f 1066/104/419 1087/1432/419 1088/1404/419
f 1092/1406/420 1097/1433/420 1065/93/420
f 1100/1407/430 1091/1434/430 1092/1406/430
f 1091/1434/430 1086/1435/430 1092/1406/430
f 1086/1409/421 1091/1436/421 1066/100/421
f 1091/1436/421 1090/1437/421 1066/100/421
f 1093/1412/423 1064/93/423 1101/1413/423
f 1064/104/426 1098/1438/426 1100/1419/426
f 1065/104/427 1099/1439/427 1101/1420/427
f 1073/1440/2 1082/1425/2 1067/5/2
f 1082/1425/2 1083/1441/2 1077/1442/2
f 1076/1426/2 1082/1425/2 1077/1442/2
f 1076/1426/2 1079/1443/2 1067/5/2
f 1067/5/2 1070/5/2 1073/1440/2
f 1070/5/2 1069/1444/2 1073/1440/2
f 1069/1444/2 1068/1445/2 1073/1440/2
f 1072/1446/8 1071/1447/8 1074/1428/8
f 1071/1447/8 1070/22/8 1074/1428/8
f 1070/22/8 1067/22/8 1074/1428/8
f 1078/1430/7 1084/1448/7 1080/1449/7
f 1080/1449/7 1081/1450/7 1078/1430/7
f 1081/1450/7 1075/1431/7 1078/1430/7
f 1075/1431/7 1067/22/7 1079/1429/7
f 1116/1451/431 1102/104/431 1115/1452/431
f 1115/1453/432 1126/1454/432 1117/1455/432
f 1116/1456/433 1118/1457/433 1102/104/433
f 1118/1458/434 1119/1459/434 1102/100/434
f 1102/100/435 1119/1460/435 1123/1461/435
f 1126/1462/436 1102/100/436 1120/1463/436
f 1123/1464/437 1122/1465/437 1121/1466/437
f 1124/1467/438 1125/1468/438 1122/1469/438
f 1110/1470/2 1111/1471/2 1112/1472/2
f 1109/1473/7 1108/1474/7 1104/1475/7
f 1115/1453/432 1102/93/432 1126/1454/432
f 1121/1476/435 1120/1477/435 1123/1461/435
f 1120/1477/435 1102/100/435 1123/1461/435
f 1123/1464/437 1124/1478/437 1122/1465/437
f 1114/1479/2 1106/1480/2 1112/1472/2
f 1106/1480/2 1105/1481/2 1112/1472/2
f 1105/1481/2 1110/1470/2 1112/1472/2
f 1107/1482/7 1104/1475/7 1108/1474/7
f 1104/1475/7 1103/1483/7 1113/1484/7
f 1113/1484/7 1103/1483/7 1114/1485/7
f 1103/1483/7 1106/1486/7 1114/1485/7
f 1113/1484/7 1109/1473/7 1104/1475/7
f 1149/1487/439 1167/1488/439 1127/93/439
f 1144/1489/32 1140/1490/32 1143/1491/32
f 1153/1492/440 1135/1493/440 1134/1494/440
f 1154/1495/441 1153/1496/441 1129/93/441
f 1127/100/442 1161/1497/442 1149/1498/442
f 1165/1499/443 1128/104/443 1162/1500/443
f 1162/1501/444 1164/1502/444 1142/1503/444
f 1153/1504/445 1127/104/445 1164/1505/445
f 1156/1506/446 1135/1507/446 1155/1508/446
f 1129/100/447 1166/1509/447 1158/1510/447
f 1129/100/448 1158/1511/448 1159/1512/448
f 1157/1513/449 1159/1514/449 1160/1515/449
f 1166/1516/450 1128/93/450 1165/1517/450
f 1143/1518/2 1136/1519/2 1137/1520/2
f 1141/1521/14 1133/1522/14 1163/1523/14
f 1127/104/451 1134/1524/451 1161/1525/451
f 1149/1487/439 1150/1526/439 1167/1488/439
f 1144/1489/32 1139/1527/32 1140/1490/32
f 1140/1490/32 1163/1528/32 1151/1529/32
f 1163/1528/32 1133/1530/32 1132/1531/32
f 1138/1532/32 1163/1528/32 1132/1531/32
f 1138/1532/32 1151/1529/32 1163/1528/32
f 1151/1529/32 1152/1533/32 1140/1490/32
f 1152/1533/32 1143/1491/32 1140/1490/32
f 1143/1491/32 1148/1534/32 1147/1535/32
f 1144/1489/32 1143/1491/32 1147/1535/32
f 1147/1535/32 1145/1536/32 1144/1489/32
f 1153/1492/452 1155/1537/452 1135/1493/452
f 1162/1501/444 1128/93/444 1164/1502/444
f 1167/1538/453 1164/1505/453 1127/104/453
f 1164/1505/454 1128/93/454 1153/1504/454
f 1128/93/455 1129/104/455 1153/1504/455
f 1129/100/447 1128/93/447 1166/1509/447
f 1157/1539/448 1154/1540/448 1159/1512/448
f 1154/1540/448 1129/100/448 1159/1512/448
f 1136/1519/2 1130/1541/2 1137/1520/2
f 1137/1520/2 1146/1542/2 1143/1518/2
f 1146/1542/2 1148/1543/2 1143/1518/2
f 1141/1521/14 1131/1544/14 1133/1522/14
f 1127/104/456 1153/1545/456 1134/1524/456
f 1190/1546/457 1205/1547/457 1204/1548/457
f 1170/104/458 1202/1549/458 1200/1550/458
f 1168/93/459 1205/1551/459 1191/1552/459
f 1193/1553/460 1169/93/460 1192/1554/460
f 1196/1555/461 1195/1556/461 1194/1557/461
f 1199/1558/462 1196/1559/462 1194/1560/462
f 1169/100/463 1170/93/463 1200/1561/463
f 1192/1562/464 1169/100/464 1200/1563/464
f 1201/1564/465 1197/1565/465 1200/1566/465
f 1200/1567/466 1202/1568/466 1201/1569/466
f 1190/1570/467 1204/1571/467 1169/104/467
f 1168/104/468 1198/1572/468 1199/1573/468
f 1183/1574/2 1176/1575/2 1185/1576/2
f 1174/1577/32 1182/1578/32 1189/1579/32
f 1175/1580/7 1177/1581/7 1178/1582/7
f 1190/1546/469 1191/1583/469 1205/1547/469
f 1170/104/470 1207/1584/470 1202/1549/470
f 1191/1552/459 1208/1585/459 1168/93/459
f 1168/93/459 1203/1586/459 1205/1551/459
f 1193/1553/460 1206/1587/460 1169/93/460
f 1196/1555/461 1197/1588/461 1195/1556/461
f 1203/1589/471 1168/104/471 1194/1560/471
f 1168/104/472 1199/1558/472 1194/1560/472
f 1201/1564/473 1195/1590/473 1197/1565/473
f 1207/1591/474 1170/93/474 1204/1571/474
f 1170/93/475 1169/104/475 1204/1571/475
f 1169/104/467 1206/1592/467 1190/1570/467
f 1168/104/468 1208/1593/468 1198/1572/468
f 1180/1594/2 1178/1595/2 1183/1574/2
f 1178/1595/2 1177/1596/2 1176/1575/2
f 1183/1574/2 1178/1595/2 1176/1575/2
f 1176/1575/2 1188/1597/2 1185/1576/2
f 1187/1598/32 1172/1599/32 1186/1600/32
f 1172/1599/32 1174/1577/32 1189/1579/32
f 1174/1577/32 1181/1601/32 1182/1578/32
f 1182/1578/32 1184/1602/32 1189/1579/32
f 1189/1579/32 1186/1600/32 1172/1599/32
f 1179/1603/7 1173/1604/7 1178/1582/7
f 1173/1604/7 1171/1605/7 1178/1582/7
f 1171/1605/7 1175/1580/7 1178/1582/7
f 1212/93/476 1209/93/476 1242/1606/476
f 1236/1607/477 1212/104/477 1235/1608/477
f 1224/1609/32 1252/1610/32 1231/1611/32
f 1213/93/478 1209/104/478 1212/100/478
f 1220/1612/14 1217/1613/14 1252/1614/14
f 1213/93/479 1211/104/479 1209/100/479
f 1211/93/480 1210/104/480 1209/100/480
f 1222/1615/481 1210/93/481 1243/1616/481
f 1242/1617/482 1209/100/482 1222/1618/482
f 1250/1619/483 1248/1620/483 1247/1621/483
f 1247/1622/484 1238/1623/484 1215/104/484
f 1229/1624/485 1215/93/485 1237/1625/485
f 1248/1626/486 1249/1627/486 1230/1628/486
f 1214/93/487 1216/104/487 1210/100/487
f 1244/1629/488 1216/93/488 1245/1630/488
f 1243/1631/489 1210/100/489 1244/1632/489
f 1211/93/490 1213/104/490 1210/100/490
f 1238/1633/491 1233/1634/491 1215/100/491
f 1233/1635/492 1240/1636/492 1215/100/492
f 1216/104/493 1240/1637/493 1245/1638/493
f 1210/93/494 1212/100/494 1214/93/494
f 1214/104/495 1236/1639/495 1215/93/495
f 1242/1606/496 1251/1640/496 1212/93/496
f 1251/1640/497 1235/1641/497 1212/93/497
f 1252/1610/32 1219/1642/32 1241/1643/32
f 1219/1642/32 1218/1644/32 1241/1643/32
f 1241/1643/32 1223/1645/32 1231/1611/32
f 1252/1610/32 1241/1643/32 1231/1611/32
f 1231/1611/32 1232/1646/32 1234/1647/32
f 1231/1611/32 1234/1647/32 1228/1648/32
f 1234/1647/32 1239/1649/32 1228/1648/32
f 1228/1648/32 1224/1609/32 1231/1611/32
f 1224/1609/32 1227/1650/32 1252/1610/32
f 1217/1613/14 1219/1651/14 1252/1614/14
f 1252/1614/14 1225/1652/14 1226/1653/14
f 1226/1653/14 1246/1654/14 1252/1614/14
f 1246/1654/14 1221/1655/14 1252/1614/14
f 1221/1655/14 1220/1612/14 1252/1614/14
f 1222/1615/498 1209/100/498 1210/93/498
f 1250/1619/483 1249/1656/483 1248/1620/483
f 1215/104/484 1229/1657/484 1247/1622/484
f 1229/1657/484 1250/1658/484 1247/1622/484
f 1244/1629/488 1210/100/488 1216/93/488
f 1216/104/493 1215/100/493 1240/1637/493
f 1210/93/499 1213/104/499 1212/100/499
f 1215/93/500 1216/93/500 1214/104/500
f 1214/104/501 1212/100/501 1236/1639/501
f 1236/1639/502 1237/1659/502 1215/93/502
f 1293/1660/503 1295/1661/503 1294/1662/503
f 1298/1663/504 1296/1664/504 1295/1665/504
f 1304/1666/505 1303/1667/505 1318/1668/505
f 1299/1669/506 1258/93/506 1297/1670/506
f 1310/1671/507 1315/1672/507 1258/93/507
f 1256/104/508 1313/1673/508 1312/1674/508
f 1256/93/509 1316/1675/509 1313/1676/509
f 1253/104/510 1319/1677/510 1320/1678/510
f 1301/1679/511 1253/93/511 1254/104/511
f 1305/1680/512 1306/1681/512 1275/1682/512
f 1307/1683/513 1254/100/513 1259/93/513
f 1307/1684/514 1259/93/514 1308/1685/514
f 1255/104/515 1308/1686/515 1259/93/515
f 1255/93/516 1306/1687/516 1311/1688/516
f 1260/93/517 1317/1689/517 1256/100/517
f 1304/1690/518 1268/1691/518 1301/1692/518
f 1314/1693/519 1260/93/519 1292/1694/519
f 1292/1695/520 1259/104/520 1291/1696/520
f 1300/61/4 1272/1697/4 1262/1698/4
f 1309/1699/7 1276/1700/7 1280/1701/7
f 1260/104/521 1255/93/521 1259/93/521
f 1309/1699/8 1265/1702/8 1278/1703/8
f 1259/104/522 1254/100/522 1253/93/522
f 1257/593/14 1290/1704/14 1269/1705/14
f 1261/1706/2 1273/1707/2 1274/1708/2
f 1295/1665/523 1293/1709/523 1297/1710/523
f 1293/1709/523 1299/1711/523 1297/1710/523
f 1297/1710/524 1298/1663/524 1295/1665/524
f 1305/1712/506 1258/93/506 1299/1669/506
f 1258/93/525 1315/1713/525 1297/1670/525
f 1256/93/509 1317/1714/509 1316/1675/509
f 1301/1679/511 1319/1715/511 1253/93/511
f 1310/1716/526 1258/104/526 1305/1680/526
f 1306/1681/527 1256/93/527 1275/1682/527
f 1256/93/528 1312/1717/528 1275/1682/528
f 1275/1682/529 1310/1716/529 1305/1680/529
f 1307/1683/513 1302/1718/513 1254/100/513
f 1255/104/515 1311/1719/515 1308/1686/515
f 1255/93/516 1256/104/516 1306/1687/516
f 1260/93/517 1314/1720/517 1317/1689/517
f 1301/1692/530 1254/93/530 1304/1690/530
f 1254/93/531 1302/1721/531 1303/1722/531
f 1304/1690/531 1254/93/531 1303/1722/531
f 1292/1695/520 1260/93/520 1259/104/520
f 1273/1723/4 1263/10/4 1272/1697/4
f 1263/10/4 1262/1698/4 1272/1697/4
f 1262/1698/4 1264/61/4 1300/61/4
f 1280/1701/7 1281/1724/7 1257/587/7
f 1257/587/7 1309/1699/7 1280/1701/7
f 1260/104/532 1256/100/532 1255/93/532
f 1309/1699/8 1257/587/8 1265/1702/8
f 1257/587/8 1266/587/8 1265/1702/8
f 1265/1702/8 1279/1725/8 1278/1703/8
f 1320/1726/533 1291/1727/533 1253/93/533
f 1291/1727/533 1259/104/533 1253/93/533
f 1257/593/14 1281/1728/14 1282/1729/14
f 1282/1729/14 1289/1730/14 1257/593/14
f 1289/1730/14 1290/1704/14 1257/593/14
f 1290/1704/14 1285/1731/14 1283/1732/14
f 1285/1731/14 1284/1733/14 1283/1732/14
f 1283/1732/14 1269/1705/14 1290/1704/14
f 1269/1705/14 1300/61/14 1257/593/14
f 1300/61/14 1264/61/14 1266/593/14
f 1257/593/14 1300/61/14 1266/593/14
f 1267/1734/2 1261/1706/2 1274/1708/2
f 1261/1706/2 1263/10/2 1273/1707/2
f 1273/1707/2 1271/1735/2 1274/1708/2
f 1271/1735/2 1270/1736/2 1286/1737/2
f 1286/1737/2 1287/1738/2 1274/1708/2
f 1287/1738/2 1288/1739/2 1274/1708/2
f 1274/1708/2 1277/1740/2 1267/1734/2
f 1286/1737/2 1274/1708/2 1271/1735/2
f 1321/93/534 1338/1741/534 1337/1742/534
f 1332/1743/535 1337/1744/535 1333/1745/535
f 1331/1746/536 1335/1747/536 1321/104/536
f 1338/1748/537 1321/100/537 1339/1749/537
f 1325/1750/2 1327/5/2 1324/1751/2
f 1322/1752/8 1323/1753/8 1336/1754/8
f 1329/1755/538 1321/100/538 1335/1756/538
f 1332/1757/534 1331/1758/534 1337/1742/534
f 1331/1758/534 1321/93/534 1337/1742/534
f 1331/1746/536 1334/1759/536 1335/1747/536
f 1325/1750/2 1326/5/2 1327/5/2
f 1323/1753/8 1330/1760/8 1336/1754/8
f 1336/1754/8 1328/1761/8 1322/1752/8
f 1328/1761/8 1327/22/8 1322/1752/8
f 1327/22/8 1326/22/8 1322/1752/8
f 1329/1755/539 1339/1762/539 1321/100/539
